t_rel_s,phase,mv,ma,watt,temp_max_c
0.000,warmup,4976.0,1152.0,5.7324,60.16
0.100,warmup,4976.0,1120.0,5.5731,60.00
0.200,warmup,4976.0,1072.0,5.3343,60.06
0.301,warmup,4984.0,1040.0,5.1834,59.97
0.401,warmup,4976.0,1120.0,5.5731,59.94
0.501,warmup,4968.0,1272.0,6.3193,59.91
0.601,warmup,4968.0,1320.0,6.5578,59.91
0.701,warmup,4968.0,1416.0,7.0347,59.88
0.801,warmup,4960.0,1456.0,7.2218,60.12
0.901,warmup,4960.0,1504.0,7.4598,60.16
1.002,warmup,4960.0,1544.0,7.6582,60.06
1.102,warmup,4960.0,1560.0,7.7376,59.94
1.202,warmup,4952.0,1616.0,8.0024,59.97
1.302,warmup,4952.0,1656.0,8.2005,59.91
1.402,warmup,4952.0,1672.0,8.2797,60.09
1.502,warmup,4952.0,1688.0,8.3590,59.94
1.602,warmup,4952.0,1696.0,8.3986,59.91
1.702,warmup,4952.0,1728.0,8.5571,60.22
1.803,warmup,4952.0,1744.0,8.6363,60.16
1.903,warmup,4952.0,1744.0,8.6363,60.16
2.003,warmup,4952.0,1736.0,8.5967,60.03
2.103,warmup,4952.0,1744.0,8.6363,60.03
2.203,warmup,4952.0,1760.0,8.7155,60.00
2.303,warmup,4952.0,1760.0,8.7155,60.06
2.403,warmup,4952.0,1760.0,8.7155,60.06
2.504,warmup,4952.0,1744.0,8.6363,60.03
2.604,warmup,4952.0,1760.0,8.7155,60.03
2.704,warmup,4952.0,1768.0,8.7551,60.22
2.804,warmup,4952.0,1768.0,8.7551,60.28
2.904,warmup,4952.0,1760.0,8.7155,60.12
3.004,warmup,4952.0,1752.0,8.6759,60.19
3.104,warmup,4952.0,1768.0,8.7551,60.25
3.205,warmup,4952.0,1776.0,8.7948,60.28
3.305,warmup,4952.0,1768.0,8.7551,60.06
3.405,warmup,4952.0,1752.0,8.6759,60.06
3.505,warmup,4952.0,1760.0,8.7155,60.19
3.605,warmup,4944.0,1776.0,8.7805,60.31
3.705,warmup,4952.0,1776.0,8.7948,60.31
3.805,warmup,4952.0,1768.0,8.7551,60.25
3.905,warmup,4952.0,1752.0,8.6759,60.12
4.006,warmup,4952.0,1768.0,8.7551,60.19
4.106,warmup,4952.0,1784.0,8.8344,60.19
4.206,warmup,4952.0,1776.0,8.7948,60.38
4.306,warmup,4952.0,1768.0,8.7551,60.16
4.406,warmup,4952.0,1752.0,8.6759,60.06
4.506,warmup,4952.0,1776.0,8.7948,60.38
4.606,warmup,4952.0,1776.0,8.7948,60.41
4.706,warmup,4952.0,1776.0,8.7948,60.19
4.807,warmup,4952.0,1760.0,8.7155,60.38
4.907,warmup,4952.0,1760.0,8.7155,60.31
5.007,warmup,4944.0,1776.0,8.7805,60.28
5.107,warmup,4952.0,1768.0,8.7551,60.19
5.207,warmup,4952.0,1768.0,8.7551,60.41
5.307,warmup,4952.0,1744.0,8.6363,60.25
5.407,warmup,4952.0,1768.0,8.7551,60.19
5.508,warmup,4944.0,1776.0,8.7805,60.34
5.608,warmup,4952.0,1768.0,8.7551,60.34
5.708,warmup,4952.0,1760.0,8.7155,60.38
5.808,warmup,4952.0,1752.0,8.6759,60.25
5.908,warmup,4944.0,1768.0,8.7410,60.44
6.008,warmup,4944.0,1776.0,8.7805,60.38
6.108,warmup,4952.0,1776.0,8.7948,60.34
6.208,warmup,4952.0,1760.0,8.7155,60.44
6.309,warmup,4952.0,1760.0,8.7155,60.34
6.409,warmup,4952.0,1776.0,8.7948,60.44
6.509,warmup,4952.0,1768.0,8.7551,60.62
6.609,warmup,4952.0,1768.0,8.7551,60.44
6.709,warmup,4952.0,1744.0,8.6363,60.34
6.809,warmup,4952.0,1768.0,8.7551,60.31
6.909,warmup,4944.0,1776.0,8.7805,60.72
7.009,warmup,4952.0,1776.0,8.7948,60.38
7.110,warmup,4952.0,1768.0,8.7551,60.38
7.210,warmup,4952.0,1752.0,8.6759,60.31
7.310,warmup,4952.0,1776.0,8.7948,60.41
7.410,warmup,4952.0,1784.0,8.8344,60.41
7.510,warmup,4952.0,1776.0,8.7948,60.44
7.610,warmup,4952.0,1768.0,8.7551,60.38
7.710,warmup,4952.0,1752.0,8.6759,60.44
7.810,warmup,4944.0,1776.0,8.7805,60.44
7.911,warmup,4944.0,1776.0,8.7805,60.44
8.011,warmup,4944.0,1776.0,8.7805,60.62
8.111,warmup,4944.0,1768.0,8.7410,60.44
8.211,warmup,4944.0,1760.0,8.7014,60.50
8.312,warmup,4944.0,1776.0,8.7805,60.66
8.412,warmup,4944.0,1776.0,8.7805,60.44
8.512,warmup,4944.0,1776.0,8.7805,60.38
8.612,warmup,4944.0,1760.0,8.7014,60.66
8.713,warmup,4944.0,1768.0,8.7410,60.34
8.813,warmup,4944.0,1776.0,8.7805,60.44
8.913,warmup,4944.0,1776.0,8.7805,60.50
9.013,warmup,4944.0,1768.0,8.7410,60.44
9.113,warmup,4952.0,1752.0,8.6759,60.44
9.213,warmup,4944.0,1768.0,8.7410,60.56
9.313,warmup,4944.0,1768.0,8.7410,60.56
9.413,warmup,4952.0,1760.0,8.7155,60.62
9.514,warmup,4952.0,1736.0,8.5967,60.47
9.614,warmup,4952.0,1752.0,8.6759,60.75
9.714,warmup,4952.0,1760.0,8.7155,60.75
9.814,warmup,4952.0,1752.0,8.6759,60.69
9.914,warmup,4952.0,1736.0,8.5967,60.38
10.014,warmup,4952.0,1752.0,8.6759,60.75
10.114,warmup,4952.0,1760.0,8.7155,60.75
10.214,warmup,4952.0,1752.0,8.6759,60.59
10.315,warmup,4952.0,1744.0,8.6363,60.75
10.415,warmup,4952.0,1752.0,8.6759,60.47
10.515,warmup,4952.0,1760.0,8.7155,60.50
10.615,warmup,4952.0,1752.0,8.6759,60.53
10.715,warmup,4952.0,1744.0,8.6363,60.44
10.815,warmup,4952.0,1752.0,8.6759,60.44
10.915,warmup,4952.0,1768.0,8.7551,60.69
11.015,warmup,4952.0,1760.0,8.7155,60.66
11.116,warmup,4952.0,1744.0,8.6363,60.69
11.216,warmup,4952.0,1744.0,8.6363,60.56
11.316,warmup,4952.0,1768.0,8.7551,60.62
11.416,warmup,4952.0,1760.0,8.7155,60.81
11.516,warmup,4952.0,1744.0,8.6363,60.56
11.616,warmup,4952.0,1744.0,8.6363,60.62
11.716,warmup,4952.0,1760.0,8.7155,60.91
11.816,warmup,4952.0,1760.0,8.7155,60.81
11.917,warmup,4952.0,1760.0,8.7155,60.66
12.017,warmup,4952.0,1744.0,8.6363,60.69
12.117,warmup,4952.0,1752.0,8.6759,60.59
12.217,warmup,4944.0,1776.0,8.7805,60.78
12.317,warmup,4944.0,1768.0,8.7410,60.72
12.417,warmup,4952.0,1768.0,8.7551,60.69
12.518,warmup,4952.0,1752.0,8.6759,60.69
12.618,warmup,4952.0,1760.0,8.7155,60.66
12.718,warmup,4944.0,1784.0,8.8201,61.00
12.818,warmup,4952.0,1776.0,8.7948,60.91
12.918,warmup,4952.0,1768.0,8.7551,60.78
13.018,warmup,4952.0,1752.0,8.6759,60.72
13.118,warmup,4952.0,1768.0,8.7551,60.91
13.218,warmup,4952.0,1776.0,8.7948,60.81
13.319,warmup,4952.0,1768.0,8.7551,60.62
13.419,warmup,4952.0,1744.0,8.6363,60.88
13.519,warmup,4952.0,1760.0,8.7155,60.84
13.619,warmup,4952.0,1768.0,8.7551,60.69
13.719,warmup,4952.0,1760.0,8.7155,60.75
13.819,warmup,4952.0,1744.0,8.6363,60.84
13.919,warmup,4952.0,1752.0,8.6759,60.66
14.020,warmup,4952.0,1768.0,8.7551,60.69
14.120,warmup,4952.0,1760.0,8.7155,60.72
14.220,warmup,4952.0,1752.0,8.6759,60.66
14.320,warmup,4952.0,1752.0,8.6759,60.72
14.420,warmup,4952.0,1768.0,8.7551,60.72
14.520,warmup,4944.0,1776.0,8.7805,61.09
14.620,warmup,4952.0,1776.0,8.7948,60.97
14.721,warmup,4952.0,1768.0,8.7551,60.84
14.821,warmup,4952.0,1752.0,8.6759,60.91
14.921,warmup,4952.0,1776.0,8.7948,60.94
15.021,warmup,4944.0,1784.0,8.8201,60.94
15.121,warmup,4952.0,1784.0,8.8344,60.81
15.221,warmup,4952.0,1776.0,8.7948,60.97
15.322,warmup,4952.0,1760.0,8.7155,60.72
15.422,warmup,4952.0,1776.0,8.7948,60.72
15.522,warmup,4944.0,1792.0,8.8596,61.00
15.622,warmup,4944.0,1784.0,8.8201,60.91
15.722,warmup,4952.0,1784.0,8.8344,60.91
15.822,warmup,4952.0,1768.0,8.7551,60.81
15.922,warmup,4952.0,1768.0,8.7551,60.81
16.023,warmup,4944.0,1784.0,8.8201,60.91
16.123,warmup,4944.0,1784.0,8.8201,60.97
16.223,warmup,4944.0,1784.0,8.8201,61.12
16.323,warmup,4952.0,1768.0,8.7551,60.97
16.424,warmup,4952.0,1768.0,8.7551,60.84
16.524,warmup,4952.0,1776.0,8.7948,61.22
16.624,warmup,4952.0,1784.0,8.8344,61.16
16.724,warmup,4952.0,1776.0,8.7948,60.94
16.824,warmup,4952.0,1760.0,8.7155,60.88
16.924,warmup,4952.0,1760.0,8.7155,61.06
17.024,warmup,4944.0,1776.0,8.7805,60.91
17.124,warmup,4944.0,1792.0,8.8596,60.91
17.225,warmup,4944.0,1784.0,8.8201,61.03
17.325,warmup,4944.0,1776.0,8.7805,60.88
17.425,warmup,4952.0,1768.0,8.7551,61.09
17.525,warmup,4952.0,1776.0,8.7948,60.97
17.625,warmup,4944.0,1792.0,8.8596,61.28
17.725,warmup,4944.0,1784.0,8.8201,61.12
17.825,warmup,4944.0,1776.0,8.7805,60.94
17.926,warmup,4952.0,1760.0,8.7155,61.16
18.026,warmup,4944.0,1776.0,8.7805,61.09
18.126,warmup,4944.0,1792.0,8.8596,61.12
18.226,warmup,4944.0,1792.0,8.8596,60.97
18.326,warmup,4944.0,1784.0,8.8201,61.25
18.426,warmup,4952.0,1768.0,8.7551,61.06
18.527,warmup,4952.0,1776.0,8.7948,61.03
18.628,warmup,4944.0,1792.0,8.8596,61.06
18.728,warmup,4944.0,1800.0,8.8992,61.00
18.828,warmup,4944.0,1792.0,8.8596,61.09
18.928,warmup,4944.0,1824.0,9.0179,61.03
19.028,warmup,4944.0,1864.0,9.2156,61.03
19.128,warmup,4944.0,1920.0,9.4925,61.22
19.228,warmup,4944.0,1960.0,9.6902,61.16
19.329,warmup,4936.0,2000.0,9.8720,61.44
19.429,warmup,4936.0,2024.0,9.9905,61.44
19.529,warmup,4936.0,2064.0,10.1879,61.47
19.629,warmup,4936.0,2064.0,10.1879,61.72
19.729,warmup,4936.0,2032.0,10.0300,61.44
19.829,warmup,4936.0,2024.0,9.9905,61.28
19.930,warmup,4936.0,2016.0,9.9510,61.09
20.030,warmup,4936.0,2024.0,9.9905,61.47
20.130,warmup,4936.0,2032.0,10.0300,61.47
20.230,warmup,4944.0,1976.0,9.7693,61.31
20.330,warmup,4944.0,1928.0,9.5320,61.28
20.430,warmup,4944.0,1880.0,9.2947,61.12
20.531,warmup,4944.0,1872.0,9.2552,61.19
20.631,warmup,4944.0,1864.0,9.2156,61.31
20.731,warmup,4944.0,1840.0,9.0970,61.22
20.831,warmup,4944.0,1816.0,8.9783,61.34
20.931,warmup,4944.0,1800.0,8.8992,61.19
21.032,warmup,4944.0,1808.0,8.9388,61.41
21.132,warmup,4944.0,1808.0,8.9388,61.44
21.232,warmup,4944.0,1792.0,8.8596,61.34
21.332,warmup,4944.0,1784.0,8.8201,61.25
21.432,warmup,4944.0,1776.0,8.7805,61.28
21.533,warmup,4944.0,1792.0,8.8596,61.25
21.633,warmup,4944.0,1792.0,8.8596,61.25
21.733,warmup,4952.0,1784.0,8.8344,61.41
21.833,warmup,4952.0,1768.0,8.7551,61.12
21.933,warmup,4952.0,1776.0,8.7948,61.12
22.033,warmup,4944.0,1784.0,8.8201,61.34
22.133,warmup,4952.0,1784.0,8.8344,61.34
22.234,warmup,4952.0,1776.0,8.7948,61.34
22.334,warmup,4952.0,1768.0,8.7551,61.28
22.434,warmup,4952.0,1776.0,8.7948,61.19
22.534,warmup,4944.0,1792.0,8.8596,61.44
22.634,warmup,4944.0,1784.0,8.8201,61.38
22.734,warmup,4952.0,1776.0,8.7948,61.53
22.834,warmup,4952.0,1760.0,8.7155,61.34
22.934,warmup,4952.0,1776.0,8.7948,61.41
23.035,warmup,4944.0,1792.0,8.8596,61.31
23.135,warmup,4944.0,1784.0,8.8201,61.53
23.235,warmup,4944.0,1776.0,8.7805,61.41
23.335,warmup,4952.0,1760.0,8.7155,61.25
23.435,warmup,4952.0,1776.0,8.7948,61.56
23.535,warmup,4944.0,1784.0,8.8201,61.34
23.635,warmup,4952.0,1784.0,8.8344,61.25
23.736,warmup,4952.0,1776.0,8.7948,61.34
23.836,warmup,4952.0,1760.0,8.7155,61.19
23.936,warmup,4952.0,1784.0,8.8344,61.38
24.036,warmup,4944.0,1792.0,8.8596,61.44
24.136,warmup,4944.0,1784.0,8.8201,61.34
24.236,warmup,4952.0,1776.0,8.7948,61.41
24.336,warmup,4952.0,1768.0,8.7551,61.28
24.436,warmup,4944.0,1784.0,8.8201,61.56
24.537,warmup,4944.0,1784.0,8.8201,61.56
24.637,warmup,4944.0,1784.0,8.8201,61.50
24.737,warmup,4944.0,1776.0,8.7805,61.31
24.837,warmup,4952.0,1760.0,8.7155,61.44
24.938,warmup,4944.0,1776.0,8.7805,61.38
25.038,warmup,4944.0,1784.0,8.8201,61.41
25.138,warmup,4952.0,1784.0,8.8344,61.38
25.238,warmup,4952.0,1768.0,8.7551,61.34
25.338,warmup,4952.0,1760.0,8.7155,61.31
25.438,warmup,4944.0,1776.0,8.7805,61.41
25.539,warmup,4944.0,1784.0,8.8201,61.41
25.639,warmup,4944.0,1776.0,8.7805,61.53
25.739,warmup,4944.0,1768.0,8.7410,61.38
25.839,warmup,4952.0,1768.0,8.7551,61.41
25.939,warmup,4944.0,1784.0,8.8201,61.56
26.039,warmup,4944.0,1784.0,8.8201,61.53
26.139,warmup,4944.0,1776.0,8.7805,61.47
26.240,warmup,4952.0,1768.0,8.7551,61.59
26.340,warmup,4952.0,1768.0,8.7551,61.47
26.440,warmup,4944.0,1784.0,8.8201,61.34
26.540,warmup,4944.0,1784.0,8.8201,61.78
26.640,warmup,4944.0,1784.0,8.8201,61.53
26.740,warmup,4952.0,1776.0,8.7948,61.56
26.841,warmup,4952.0,1768.0,8.7551,61.41
26.941,warmup,4944.0,1784.0,8.8201,61.53
27.041,warmup,4944.0,1792.0,8.8596,61.44
27.141,warmup,4944.0,1784.0,8.8201,61.53
27.241,warmup,4952.0,1776.0,8.7948,61.38
27.342,warmup,4952.0,1768.0,8.7551,61.47
27.442,warmup,4944.0,1784.0,8.8201,61.53
27.542,warmup,4944.0,1792.0,8.8596,61.50
27.642,warmup,4944.0,1784.0,8.8201,61.75
27.742,warmup,4952.0,1776.0,8.7948,61.53
27.842,warmup,4952.0,1768.0,8.7551,61.44
27.942,warmup,4952.0,1784.0,8.8344,61.78
28.043,warmup,4952.0,1784.0,8.8344,61.72
28.143,warmup,4952.0,1784.0,8.8344,61.47
28.243,warmup,4952.0,1768.0,8.7551,61.75
28.343,warmup,4952.0,1768.0,8.7551,61.41
28.443,warmup,4944.0,1784.0,8.8201,61.66
28.543,warmup,4944.0,1784.0,8.8201,61.44
28.643,warmup,4952.0,1776.0,8.7948,61.56
28.744,warmup,4952.0,1768.0,8.7551,61.47
28.844,warmup,4952.0,1768.0,8.7551,61.59
28.944,warmup,4944.0,1792.0,8.8596,61.56
29.044,warmup,4944.0,1784.0,8.8201,61.66
29.144,warmup,4952.0,1776.0,8.7948,61.62
29.244,warmup,4952.0,1768.0,8.7551,61.50
29.344,warmup,4952.0,1776.0,8.7948,61.72
29.444,warmup,4944.0,1784.0,8.8201,61.75
29.545,warmup,4944.0,1784.0,8.8201,61.62
29.645,warmup,4944.0,1776.0,8.7805,61.81
29.745,warmup,4952.0,1768.0,8.7551,61.62
29.845,warmup,4952.0,1776.0,8.7948,61.47
29.945,warmup,4944.0,1792.0,8.8596,61.56
30.045,warmup,4944.0,1792.0,8.8596,61.84
30.145,warmup,4952.0,1784.0,8.8344,61.50
30.246,warmup,4952.0,1760.0,8.7155,61.41
30.346,warmup,4952.0,1776.0,8.7948,61.62
30.446,warmup,4944.0,1792.0,8.8596,61.69
30.546,warmup,4944.0,1784.0,8.8201,61.72
30.646,warmup,4952.0,1776.0,8.7948,61.62
30.746,warmup,4952.0,1760.0,8.7155,61.59
30.846,warmup,4952.0,1776.0,8.7948,61.72
30.947,warmup,4944.0,1792.0,8.8596,61.72
31.047,warmup,4952.0,1784.0,8.8344,61.91
31.147,warmup,4952.0,1776.0,8.7948,61.81
31.247,warmup,4952.0,1760.0,8.7155,61.62
31.347,warmup,4952.0,1784.0,8.8344,61.88
31.447,warmup,4944.0,1784.0,8.8201,61.94
31.547,warmup,4944.0,1776.0,8.7805,61.81
31.647,warmup,4952.0,1776.0,8.7948,61.62
31.748,warmup,4952.0,1760.0,8.7155,61.62
31.848,warmup,4952.0,1784.0,8.8344,61.62
31.948,warmup,4952.0,1792.0,8.8740,61.66
32.048,warmup,4944.0,1784.0,8.8201,61.75
32.148,warmup,4952.0,1776.0,8.7948,61.66
32.248,warmup,4952.0,1760.0,8.7155,61.72
32.348,warmup,4952.0,1784.0,8.8344,61.72
32.448,warmup,4944.0,1792.0,8.8596,61.75
32.549,warmup,4944.0,1784.0,8.8201,61.88
32.649,warmup,4944.0,1784.0,8.8201,61.78
32.749,warmup,4952.0,1768.0,8.7551,61.88
32.849,warmup,4944.0,1784.0,8.8201,61.78
32.949,warmup,4944.0,1792.0,8.8596,61.88
33.049,warmup,4944.0,1784.0,8.8201,61.69
33.149,warmup,4944.0,1784.0,8.8201,61.97
33.249,warmup,4952.0,1768.0,8.7551,61.75
33.350,warmup,4944.0,1776.0,8.7805,61.72
33.450,warmup,4944.0,1792.0,8.8596,62.09
33.550,warmup,4944.0,1792.0,8.8596,61.88
33.650,warmup,4944.0,1784.0,8.8201,61.69
33.750,warmup,4952.0,1768.0,8.7551,61.72
33.850,warmup,4944.0,1776.0,8.7805,61.62
33.950,warmup,4944.0,1792.0,8.8596,61.88
34.050,warmup,4944.0,1792.0,8.8596,61.91
34.151,warmup,4944.0,1784.0,8.8201,61.75
34.251,warmup,4944.0,1768.0,8.7410,61.84
34.351,warmup,4944.0,1776.0,8.7805,61.72
34.451,warmup,4944.0,1792.0,8.8596,62.16
34.551,warmup,4944.0,1784.0,8.8201,62.03
34.651,warmup,4944.0,1784.0,8.8201,61.91
34.751,warmup,4952.0,1768.0,8.7551,61.66
34.852,warmup,4944.0,1776.0,8.7805,61.97
34.952,warmup,4944.0,1800.0,8.8992,62.03
35.052,warmup,4944.0,1792.0,8.8596,61.84
35.152,warmup,4952.0,1784.0,8.8344,62.16
35.252,warmup,4952.0,1768.0,8.7551,61.75
35.352,warmup,4952.0,1776.0,8.7948,61.75
35.452,warmup,4944.0,1792.0,8.8596,61.88
35.553,warmup,4944.0,1792.0,8.8596,61.81
35.653,warmup,4944.0,1784.0,8.8201,61.84
35.753,warmup,4952.0,1768.0,8.7551,61.84
35.853,warmup,4952.0,1776.0,8.7948,61.91
35.953,warmup,4952.0,1792.0,8.8740,62.09
36.053,warmup,4944.0,1784.0,8.8201,61.97
36.153,warmup,4944.0,1784.0,8.8201,61.88
36.253,warmup,4952.0,1768.0,8.7551,62.00
36.354,warmup,4952.0,1768.0,8.7551,61.94
36.454,warmup,4944.0,1784.0,8.8201,61.81
36.554,warmup,4944.0,1784.0,8.8201,62.19
36.655,warmup,4944.0,1784.0,8.8201,62.09
36.755,warmup,4952.0,1776.0,8.7948,61.97
36.855,warmup,4952.0,1768.0,8.7551,61.97
36.955,warmup,4952.0,1792.0,8.8740,61.91
37.055,warmup,4944.0,1792.0,8.8596,61.97
37.155,warmup,4952.0,1784.0,8.8344,62.03
37.255,warmup,4952.0,1768.0,8.7551,61.84
37.356,warmup,4952.0,1768.0,8.7551,61.88
37.456,warmup,4944.0,1784.0,8.8201,62.06
37.556,warmup,4944.0,1792.0,8.8596,61.97
37.656,warmup,4944.0,1784.0,8.8201,62.16
37.756,warmup,4952.0,1776.0,8.7948,61.97
37.857,warmup,4952.0,1768.0,8.7551,61.97
37.957,warmup,4944.0,1792.0,8.8596,62.22
38.057,warmup,4944.0,1792.0,8.8596,62.19
38.157,warmup,4944.0,1784.0,8.8201,61.88
38.257,warmup,4952.0,1768.0,8.7551,62.16
38.357,warmup,4952.0,1768.0,8.7551,61.88
38.457,warmup,4944.0,1784.0,8.8201,62.00
38.558,warmup,4944.0,1776.0,8.7805,61.91
38.658,warmup,4944.0,1776.0,8.7805,62.03
38.758,warmup,4944.0,1760.0,8.7014,62.06
38.858,warmup,4944.0,1768.0,8.7410,62.03
38.958,warmup,4944.0,1784.0,8.8201,62.03
39.058,warmup,4944.0,1784.0,8.8201,62.03
39.158,warmup,4952.0,1776.0,8.7948,62.06
39.259,warmup,4952.0,1760.0,8.7155,61.88
39.359,warmup,4944.0,1768.0,8.7410,62.16
39.459,warmup,4944.0,1784.0,8.8201,62.25
39.559,warmup,4944.0,1776.0,8.7805,62.06
39.659,warmup,4944.0,1776.0,8.7805,62.28
39.759,warmup,4944.0,1752.0,8.6619,62.06
39.859,warmup,4944.0,1776.0,8.7805,62.06
39.959,warmup,4944.0,1784.0,8.8201,62.09
40.060,warmup,4944.0,1784.0,8.8201,62.31
40.160,warmup,4944.0,1776.0,8.7805,62.03
40.260,warmup,4952.0,1760.0,8.7155,61.88
40.360,warmup,4944.0,1776.0,8.7805,62.09
40.460,warmup,4944.0,1784.0,8.8201,62.12
40.560,warmup,4944.0,1776.0,8.7805,62.09
40.660,warmup,4944.0,1768.0,8.7410,62.09
40.760,warmup,4952.0,1768.0,8.7551,62.00
40.861,warmup,4944.0,1784.0,8.8201,62.06
40.961,warmup,4944.0,1784.0,8.8201,62.16
41.061,warmup,4952.0,1784.0,8.8344,62.06
41.161,warmup,4952.0,1768.0,8.7551,62.16
41.261,warmup,4952.0,1768.0,8.7551,62.06
41.361,warmup,4944.0,1784.0,8.8201,62.44
41.461,warmup,4944.0,1784.0,8.8201,62.38
41.561,warmup,4944.0,1776.0,8.7805,62.22
41.662,warmup,4952.0,1768.0,8.7551,62.06
41.762,warmup,4944.0,1776.0,8.7805,62.19
41.862,warmup,4944.0,1792.0,8.8596,62.25
41.962,warmup,4944.0,1784.0,8.8201,62.09
42.062,warmup,4944.0,1776.0,8.7805,62.31
42.162,warmup,4952.0,1768.0,8.7551,62.03
42.262,warmup,4952.0,1776.0,8.7948,62.03
42.363,warmup,4944.0,1792.0,8.8596,62.25
42.463,warmup,4944.0,1784.0,8.8201,62.19
42.563,warmup,4944.0,1776.0,8.7805,62.25
42.663,warmup,4952.0,1760.0,8.7155,62.09
42.763,warmup,4944.0,1776.0,8.7805,62.06
42.863,warmup,4944.0,1792.0,8.8596,62.38
42.963,warmup,4944.0,1784.0,8.8201,62.25
43.063,warmup,4944.0,1784.0,8.8201,62.41
43.164,warmup,4952.0,1768.0,8.7551,62.25
43.264,warmup,4944.0,1784.0,8.8201,62.34
43.364,warmup,4944.0,1800.0,8.8992,62.16
43.464,warmup,4952.0,1792.0,8.8740,62.44
43.564,warmup,4952.0,1784.0,8.8344,62.34
43.664,warmup,4952.0,1768.0,8.7551,62.06
43.764,warmup,4944.0,1784.0,8.8201,62.12
43.865,warmup,4944.0,1800.0,8.8992,62.25
43.965,warmup,4944.0,1792.0,8.8596,62.19
44.065,warmup,4952.0,1784.0,8.8344,62.22
44.165,warmup,4952.0,1768.0,8.7551,62.28
44.265,warmup,4944.0,1784.0,8.8201,62.25
44.365,warmup,4944.0,1792.0,8.8596,62.34
44.465,warmup,4944.0,1792.0,8.8596,62.31
44.565,warmup,4944.0,1784.0,8.8201,62.38
44.666,warmup,4952.0,1768.0,8.7551,62.22
44.766,warmup,4944.0,1776.0,8.7805,62.25
44.866,warmup,4944.0,1792.0,8.8596,62.50
44.966,warmup,4944.0,1784.0,8.8201,62.38
45.066,warmup,4944.0,1776.0,8.7805,62.09
45.166,warmup,4952.0,1768.0,8.7551,62.38
45.266,warmup,4944.0,1776.0,8.7805,62.38
45.367,warmup,4944.0,1792.0,8.8596,62.28
45.467,warmup,4944.0,1784.0,8.8201,62.16
45.567,warmup,4944.0,1784.0,8.8201,62.22
45.667,warmup,4952.0,1760.0,8.7155,62.12
45.767,warmup,4944.0,1776.0,8.7805,62.28
45.867,warmup,4944.0,1792.0,8.8596,62.34
45.967,warmup,4944.0,1792.0,8.8596,62.31
46.068,warmup,4952.0,1784.0,8.8344,62.34
46.168,warmup,4952.0,1768.0,8.7551,62.22
46.268,warmup,4952.0,1784.0,8.8344,62.41
46.368,warmup,4944.0,1792.0,8.8596,62.47
46.468,warmup,4944.0,1792.0,8.8596,62.34
46.568,warmup,4944.0,1784.0,8.8201,62.50
46.668,warmup,4952.0,1760.0,8.7155,62.34
46.768,warmup,4944.0,1776.0,8.7805,62.38
46.869,warmup,4944.0,1792.0,8.8596,62.62
46.969,warmup,4944.0,1784.0,8.8201,62.50
47.069,warmup,4944.0,1776.0,8.7805,62.31
47.169,warmup,4952.0,1760.0,8.7155,62.16
47.269,warmup,4944.0,1776.0,8.7805,62.25
47.369,warmup,4944.0,1792.0,8.8596,62.41
47.469,warmup,4944.0,1784.0,8.8201,62.41
47.570,warmup,4944.0,1784.0,8.8201,62.31
47.670,warmup,4952.0,1768.0,8.7551,62.16
47.770,warmup,4944.0,1784.0,8.8201,62.31
47.870,warmup,4944.0,1792.0,8.8596,62.41
47.970,warmup,4944.0,1792.0,8.8596,62.72
48.070,warmup,4944.0,1784.0,8.8201,62.50
48.170,warmup,4944.0,1768.0,8.7410,62.31
48.271,warmup,4944.0,1784.0,8.8201,62.47
48.371,warmup,4944.0,1800.0,8.8992,62.56
48.471,warmup,4944.0,1792.0,8.8596,62.31
48.571,warmup,4944.0,1784.0,8.8201,62.22
48.671,warmup,4944.0,1768.0,8.7410,62.41
48.771,warmup,4944.0,1784.0,8.8201,62.34
48.871,warmup,4944.0,1792.0,8.8596,62.38
48.972,warmup,4944.0,1792.0,8.8596,62.69
49.072,warmup,4944.0,1784.0,8.8201,62.31
49.172,warmup,4952.0,1768.0,8.7551,62.25
49.272,warmup,4944.0,1784.0,8.8201,62.38
49.372,warmup,4944.0,1800.0,8.8992,62.38
49.472,warmup,4944.0,1792.0,8.8596,62.59
49.572,warmup,4944.0,1784.0,8.8201,62.47
49.672,warmup,4944.0,1768.0,8.7410,62.44
49.773,warmup,4944.0,1784.0,8.8201,62.47
49.873,warmup,4944.0,1792.0,8.8596,62.53
49.973,warmup,4944.0,1784.0,8.8201,62.78
50.073,warmup,4944.0,1784.0,8.8201,62.56
50.173,warmup,4952.0,1768.0,8.7551,62.34
50.273,warmup,4944.0,1776.0,8.7805,62.31
50.373,warmup,4944.0,1792.0,8.8596,62.75
50.474,warmup,4944.0,1784.0,8.8201,62.50
50.574,warmup,4944.0,1784.0,8.8201,62.38
50.674,warmup,4944.0,1760.0,8.7014,62.66
50.774,warmup,4944.0,1776.0,8.7805,62.38
50.874,warmup,4944.0,1792.0,8.8596,62.44
50.974,warmup,4944.0,1784.0,8.8201,62.53
51.074,warmup,4944.0,1784.0,8.8201,62.38
51.175,warmup,4944.0,1760.0,8.7014,62.44
51.275,warmup,4944.0,1784.0,8.8201,62.44
51.375,warmup,4944.0,1792.0,8.8596,62.53
51.475,warmup,4944.0,1784.0,8.8201,62.69
51.575,warmup,4944.0,1776.0,8.7805,62.50
51.675,warmup,4952.0,1760.0,8.7155,62.41
51.775,warmup,4944.0,1784.0,8.8201,62.78
51.875,warmup,4944.0,1784.0,8.8201,62.66
51.976,warmup,4944.0,1784.0,8.8201,62.41
52.076,warmup,4944.0,1768.0,8.7410,62.66
52.176,warmup,4944.0,1768.0,8.7410,62.56
52.276,warmup,4944.0,1784.0,8.8201,62.47
52.376,warmup,4944.0,1784.0,8.8201,62.53
52.476,warmup,4944.0,1776.0,8.7805,62.50
52.576,warmup,4944.0,1768.0,8.7410,62.38
52.677,warmup,4944.0,1768.0,8.7410,62.41
52.777,warmup,4944.0,1784.0,8.8201,62.47
52.877,warmup,4944.0,1784.0,8.8201,62.47
52.977,warmup,4944.0,1776.0,8.7805,62.53
53.077,warmup,4952.0,1760.0,8.7155,62.38
53.177,warmup,4944.0,1768.0,8.7410,62.66
53.277,warmup,4944.0,1784.0,8.8201,62.69
53.377,warmup,4944.0,1784.0,8.8201,62.59
53.478,warmup,4944.0,1776.0,8.7805,62.75
53.578,warmup,4944.0,1768.0,8.7410,62.56
53.678,warmup,4944.0,1776.0,8.7805,62.34
53.778,warmup,4944.0,1792.0,8.8596,62.91
53.878,warmup,4944.0,1784.0,8.8201,62.75
53.978,warmup,4944.0,1784.0,8.8201,62.38
54.078,warmup,4952.0,1768.0,8.7551,62.50
54.179,warmup,4944.0,1776.0,8.7805,62.56
54.279,warmup,4944.0,1792.0,8.8596,62.53
54.379,warmup,4944.0,1784.0,8.8201,62.69
54.479,warmup,4944.0,1784.0,8.8201,62.59
54.579,warmup,4944.0,1776.0,8.7805,62.38
54.679,warmup,4944.0,1776.0,8.7805,62.50
54.779,warmup,4944.0,1792.0,8.8596,62.66
54.879,warmup,4944.0,1792.0,8.8596,62.81
54.980,warmup,4944.0,1784.0,8.8201,62.69
55.080,warmup,4944.0,1776.0,8.7805,62.62
55.180,warmup,4944.0,1776.0,8.7805,62.75
55.280,warmup,4944.0,1792.0,8.8596,62.56
55.380,warmup,4944.0,1792.0,8.8596,62.75
55.480,warmup,4944.0,1784.0,8.8201,62.50
55.580,warmup,4944.0,1768.0,8.7410,62.69
55.681,warmup,4944.0,1776.0,8.7805,62.47
55.781,warmup,4944.0,1800.0,8.8992,62.66
55.881,warmup,4944.0,1792.0,8.8596,62.84
55.981,warmup,4944.0,1784.0,8.8201,62.59
56.081,warmup,4944.0,1768.0,8.7410,62.69
56.181,warmup,4944.0,1776.0,8.7805,62.53
56.281,warmup,4944.0,1800.0,8.8992,62.84
56.381,warmup,4944.0,1792.0,8.8596,62.72
56.482,warmup,4944.0,1784.0,8.8201,62.66
56.582,warmup,4944.0,1776.0,8.7805,62.53
56.682,warmup,4944.0,1784.0,8.8201,62.69
56.782,warmup,4944.0,1800.0,8.8992,62.78
56.882,warmup,4944.0,1792.0,8.8596,62.97
56.982,warmup,4944.0,1792.0,8.8596,62.84
57.082,warmup,4944.0,1776.0,8.7805,62.56
57.183,warmup,4944.0,1776.0,8.7805,62.50
57.283,warmup,4944.0,1800.0,8.8992,62.97
57.383,warmup,4944.0,1792.0,8.8596,62.69
57.483,warmup,4944.0,1784.0,8.8201,62.59
57.583,warmup,4944.0,1768.0,8.7410,62.81
57.683,warmup,4944.0,1776.0,8.7805,62.47
57.783,warmup,4944.0,1792.0,8.8596,62.75
57.883,warmup,4944.0,1792.0,8.8596,62.75
57.984,warmup,4944.0,1784.0,8.8201,62.69
58.084,warmup,4944.0,1768.0,8.7410,62.72
58.184,warmup,4944.0,1784.0,8.8201,62.66
58.284,warmup,4944.0,1792.0,8.8596,62.75
58.384,warmup,4944.0,1792.0,8.8596,62.88
58.484,warmup,4944.0,1784.0,8.8201,62.75
58.584,warmup,4944.0,1768.0,8.7410,62.53
58.685,warmup,4944.0,1776.0,8.7805,62.84
58.785,warmup,4944.0,1792.0,8.8596,62.88
58.885,warmup,4944.0,1784.0,8.8201,62.69
58.985,warmup,4944.0,1776.0,8.7805,62.88
59.085,warmup,4944.0,1768.0,8.7410,62.62
59.185,warmup,4944.0,1784.0,8.8201,62.59
59.285,warmup,4944.0,1792.0,8.8596,62.69
59.385,warmup,4944.0,1792.0,8.8596,62.69
59.486,warmup,4944.0,1784.0,8.8201,62.66
59.586,warmup,4944.0,1768.0,8.7410,62.62
59.686,warmup,4944.0,1784.0,8.8201,62.72
59.786,warmup,4944.0,1800.0,8.8992,62.75
59.886,warmup,4944.0,1792.0,8.8596,62.84
59.986,warmup,4944.0,1792.0,8.8596,62.75
60.086,warmup,4944.0,1776.0,8.7805,62.84
60.187,warmup,4944.0,1784.0,8.8201,62.81
60.287,warmup,4944.0,1800.0,8.8992,62.91
60.387,measure,4944.0,1784.0,8.8201,63.03
60.487,measure,4944.0,1784.0,8.8201,62.84
60.587,measure,4952.0,1768.0,8.7551,62.53
60.687,measure,4944.0,1784.0,8.8201,63.03
60.787,measure,4944.0,1792.0,8.8596,63.03
60.888,measure,4944.0,1792.0,8.8596,62.69
60.988,measure,4944.0,1776.0,8.7805,62.66
61.088,measure,4952.0,1768.0,8.7551,62.66
61.188,measure,4944.0,1784.0,8.8201,62.78
61.288,measure,4944.0,1792.0,8.8596,62.88
61.388,measure,4944.0,1784.0,8.8201,62.84
61.488,measure,4952.0,1776.0,8.7948,62.78
61.588,measure,4944.0,1768.0,8.7410,62.78
61.689,measure,4944.0,1784.0,8.8201,62.88
61.789,measure,4944.0,1792.0,8.8596,63.03
61.889,measure,4944.0,1784.0,8.8201,63.00
61.989,measure,4944.0,1776.0,8.7805,62.78
62.089,measure,4944.0,1768.0,8.7410,62.94
62.189,measure,4944.0,1784.0,8.8201,62.97
62.289,measure,4944.0,1792.0,8.8596,62.94
62.389,measure,4944.0,1784.0,8.8201,62.88
62.490,measure,4944.0,1776.0,8.7805,62.88
62.590,measure,4944.0,1776.0,8.7805,62.75
62.690,measure,4944.0,1784.0,8.8201,62.75
62.790,measure,4944.0,1792.0,8.8596,63.03
62.890,measure,4944.0,1784.0,8.8201,62.84
62.990,measure,4944.0,1776.0,8.7805,62.66
63.090,measure,4944.0,1768.0,8.7410,62.78
63.191,measure,4944.0,1792.0,8.8596,62.88
63.291,measure,4944.0,1792.0,8.8596,63.03
63.391,measure,4944.0,1784.0,8.8201,62.91
63.491,measure,4944.0,1776.0,8.7805,63.06
63.591,measure,4944.0,1768.0,8.7410,62.88
63.691,measure,4944.0,1792.0,8.8596,62.97
63.791,measure,4944.0,1792.0,8.8596,63.19
63.891,measure,4944.0,1792.0,8.8596,63.09
63.992,measure,4944.0,1784.0,8.8201,62.91
64.092,measure,4944.0,1768.0,8.7410,62.62
64.192,measure,4944.0,1784.0,8.8201,63.06
64.292,measure,4944.0,1792.0,8.8596,62.94
64.392,measure,4944.0,1792.0,8.8596,62.88
64.492,measure,4944.0,1784.0,8.8201,63.06
64.592,measure,4944.0,1768.0,8.7410,62.81
64.693,measure,4944.0,1784.0,8.8201,62.81
64.793,measure,4944.0,1792.0,8.8596,62.91
64.893,measure,4944.0,1784.0,8.8201,62.97
64.993,measure,4944.0,1776.0,8.7805,63.00
65.093,measure,4944.0,1768.0,8.7410,62.84
65.193,measure,4944.0,1784.0,8.8201,63.12
65.294,measure,4944.0,1792.0,8.8596,63.12
65.394,measure,4944.0,1784.0,8.8201,62.97
65.494,measure,4944.0,1776.0,8.7805,62.75
65.594,measure,4944.0,1768.0,8.7410,63.00
65.694,measure,4944.0,1784.0,8.8201,63.03
65.794,measure,4944.0,1792.0,8.8596,62.94
65.894,measure,4944.0,1792.0,8.8596,63.25
65.995,measure,4944.0,1784.0,8.8201,62.91
66.095,measure,4944.0,1768.0,8.7410,62.88
66.195,measure,4944.0,1784.0,8.8201,62.88
66.295,measure,4944.0,1792.0,8.8596,62.91
66.395,measure,4944.0,1792.0,8.8596,62.97
66.495,measure,4944.0,1784.0,8.8201,62.97
66.595,measure,4944.0,1768.0,8.7410,62.84
66.695,measure,4944.0,1784.0,8.8201,63.03
66.796,measure,4944.0,1792.0,8.8596,63.06
66.896,measure,4944.0,1792.0,8.8596,63.00
66.996,measure,4944.0,1784.0,8.8201,63.16
67.096,measure,4944.0,1768.0,8.7410,62.97
67.196,measure,4944.0,1784.0,8.8201,62.97
67.296,measure,4944.0,1800.0,8.8992,63.28
67.396,measure,4944.0,1792.0,8.8596,63.12
67.497,measure,4944.0,1792.0,8.8596,62.91
67.597,measure,4944.0,1776.0,8.7805,63.12
67.697,measure,4944.0,1784.0,8.8201,63.06
67.797,measure,4944.0,1800.0,8.8992,63.03
67.897,measure,4944.0,1792.0,8.8596,63.00
67.997,measure,4944.0,1792.0,8.8596,62.97
68.097,measure,4944.0,1776.0,8.7805,62.88
68.197,measure,4944.0,1792.0,8.8596,62.94
68.298,measure,4944.0,1800.0,8.8992,63.09
68.398,measure,4944.0,1792.0,8.8596,63.00
68.498,measure,4944.0,1792.0,8.8596,63.09
68.598,measure,4944.0,1776.0,8.7805,62.84
68.698,measure,4944.0,1784.0,8.8201,63.16
68.798,measure,4944.0,1800.0,8.8992,63.12
68.898,measure,4944.0,1792.0,8.8596,63.09
68.999,measure,4944.0,1792.0,8.8596,63.25
69.099,measure,4944.0,1776.0,8.7805,63.03
69.199,measure,4944.0,1784.0,8.8201,62.91
69.299,measure,4944.0,1800.0,8.8992,63.34
69.399,measure,4944.0,1800.0,8.8992,63.25
69.499,measure,4944.0,1792.0,8.8596,62.97
69.599,measure,4944.0,1776.0,8.7805,62.84
69.700,measure,4944.0,1776.0,8.7805,62.91
69.800,measure,4944.0,1792.0,8.8596,63.22
69.900,measure,4944.0,1784.0,8.8201,63.16
70.000,measure,4944.0,1784.0,8.8201,63.00
70.100,measure,4944.0,1768.0,8.7410,62.91
70.200,measure,4944.0,1776.0,8.7805,63.06
70.300,measure,4944.0,1792.0,8.8596,63.22
70.400,measure,4944.0,1792.0,8.8596,63.34
70.501,measure,4944.0,1784.0,8.8201,63.19
70.601,measure,4944.0,1776.0,8.7805,62.97
70.701,measure,4944.0,1776.0,8.7805,63.25
70.801,measure,4944.0,1792.0,8.8596,63.28
70.901,measure,4944.0,1784.0,8.8201,63.19
71.001,measure,4944.0,1776.0,8.7805,63.00
71.101,measure,4952.0,1760.0,8.7155,63.16
71.202,measure,4944.0,1784.0,8.8201,62.91
71.302,measure,4944.0,1792.0,8.8596,63.00
71.402,measure,4944.0,1792.0,8.8596,63.22
71.502,measure,4944.0,1784.0,8.8201,63.06
71.602,measure,4952.0,1768.0,8.7551,63.12
71.702,measure,4944.0,1784.0,8.8201,63.03
71.802,measure,4944.0,1800.0,8.8992,63.16
71.903,measure,4944.0,1792.0,8.8596,63.22
72.003,measure,4944.0,1784.0,8.8201,63.06
72.103,measure,4944.0,1768.0,8.7410,63.16
72.203,measure,4944.0,1792.0,8.8596,63.22
72.303,measure,4944.0,1800.0,8.8992,63.25
72.403,measure,4944.0,1792.0,8.8596,63.53
72.503,measure,4944.0,1784.0,8.8201,63.12
72.604,measure,4944.0,1768.0,8.7410,63.06
72.704,measure,4944.0,1792.0,8.8596,63.06
72.804,measure,4944.0,1792.0,8.8596,63.38
72.904,measure,4944.0,1784.0,8.8201,63.03
73.004,measure,4944.0,1776.0,8.7805,63.00
73.104,measure,4944.0,1776.0,8.7805,63.34
73.204,measure,4944.0,1792.0,8.8596,63.25
73.304,measure,4944.0,1792.0,8.8596,63.16
73.405,measure,4944.0,1792.0,8.8596,63.31
73.505,measure,4944.0,1784.0,8.8201,63.03
73.605,measure,4944.0,1776.0,8.7805,63.12
73.705,measure,4944.0,1792.0,8.8596,63.28
73.805,measure,4944.0,1792.0,8.8596,63.19
73.905,measure,4944.0,1792.0,8.8596,63.31
74.005,measure,4944.0,1776.0,8.7805,63.06
74.106,measure,4944.0,1776.0,8.7805,62.91
74.206,measure,4944.0,1792.0,8.8596,63.38
74.306,measure,4944.0,1792.0,8.8596,63.31
74.406,measure,4944.0,1784.0,8.8201,63.09
74.506,measure,4944.0,1776.0,8.7805,63.34
74.606,measure,4944.0,1776.0,8.7805,63.06
74.706,measure,4944.0,1800.0,8.8992,63.25
74.807,measure,4944.0,1792.0,8.8596,63.22
74.907,measure,4944.0,1792.0,8.8596,63.09
75.007,measure,4944.0,1776.0,8.7805,63.03
75.107,measure,4944.0,1784.0,8.8201,63.12
75.207,measure,4944.0,1800.0,8.8992,63.38
75.307,measure,4944.0,1792.0,8.8596,63.34
75.407,measure,4944.0,1784.0,8.8201,63.31
75.507,measure,4944.0,1776.0,8.7805,63.16
75.608,measure,4944.0,1792.0,8.8596,63.31
75.708,measure,4944.0,1808.0,8.9388,63.34
75.808,measure,4944.0,1800.0,8.8992,63.19
75.908,measure,4944.0,1784.0,8.8201,63.31
76.008,measure,4944.0,1768.0,8.7410,63.22
76.108,measure,4944.0,1792.0,8.8596,63.06
76.208,measure,4944.0,1800.0,8.8992,63.50
76.309,measure,4944.0,1792.0,8.8596,63.34
76.409,measure,4944.0,1784.0,8.8201,63.09
76.509,measure,4944.0,1768.0,8.7410,63.09
76.609,measure,4944.0,1784.0,8.8201,63.12
76.709,measure,4944.0,1792.0,8.8596,63.22
76.809,measure,4944.0,1792.0,8.8596,63.28
76.909,measure,4944.0,1784.0,8.8201,63.22
77.010,measure,4944.0,1768.0,8.7410,63.22
77.110,measure,4944.0,1784.0,8.8201,63.34
77.210,measure,4944.0,1800.0,8.8992,63.34
77.310,measure,4944.0,1792.0,8.8596,63.47
77.410,measure,4944.0,1784.0,8.8201,63.28
77.510,measure,4944.0,1776.0,8.7805,63.12
77.611,measure,4944.0,1792.0,8.8596,63.41
77.711,measure,4944.0,1800.0,8.8992,63.44
77.811,measure,4944.0,1800.0,8.8992,63.22
77.911,measure,4944.0,1792.0,8.8596,63.06
78.011,measure,4944.0,1768.0,8.7410,63.09
78.111,measure,4944.0,1784.0,8.8201,63.16
78.211,measure,4944.0,1800.0,8.8992,63.28
78.311,measure,4944.0,1792.0,8.8596,63.31
78.412,measure,4944.0,1784.0,8.8201,63.19
78.512,measure,4944.0,1768.0,8.7410,63.19
78.612,measure,4944.0,1784.0,8.8201,63.25
78.712,measure,4944.0,1800.0,8.8992,63.28
78.812,measure,4944.0,1792.0,8.8596,63.41
78.912,measure,4944.0,1784.0,8.8201,63.25
79.012,measure,4944.0,1776.0,8.7805,63.31
79.113,measure,4944.0,1792.0,8.8596,63.31
79.213,measure,4944.0,1800.0,8.8992,63.34
79.313,measure,4944.0,1792.0,8.8596,63.62
79.413,measure,4944.0,1784.0,8.8201,63.34
79.513,measure,4944.0,1768.0,8.7410,63.09
79.613,measure,4944.0,1784.0,8.8201,63.12
79.713,measure,4944.0,1800.0,8.8992,63.56
79.813,measure,4944.0,1792.0,8.8596,63.28
79.914,measure,4944.0,1784.0,8.8201,63.25
80.014,measure,4944.0,1768.0,8.7410,63.22
80.114,measure,4944.0,1784.0,8.8201,63.25
80.214,measure,4944.0,1792.0,8.8596,63.44
80.314,measure,4944.0,1792.0,8.8596,63.41
80.414,measure,4944.0,1784.0,8.8201,63.25
80.514,measure,4944.0,1768.0,8.7410,63.22
80.615,measure,4944.0,1784.0,8.8201,63.38
80.715,measure,4944.0,1792.0,8.8596,63.66
80.815,measure,4944.0,1792.0,8.8596,63.44
80.915,measure,4944.0,1784.0,8.8201,63.34
81.015,measure,4944.0,1776.0,8.7805,63.22
81.115,measure,4944.0,1784.0,8.8201,63.47
81.215,measure,4944.0,1800.0,8.8992,63.50
81.315,measure,4944.0,1792.0,8.8596,63.31
81.416,measure,4944.0,1792.0,8.8596,63.56
81.516,measure,4944.0,1768.0,8.7410,63.19
81.616,measure,4944.0,1784.0,8.8201,63.31
81.716,measure,4944.0,1800.0,8.8992,63.34
81.816,measure,4944.0,1792.0,8.8596,63.31
81.916,measure,4944.0,1784.0,8.8201,63.41
82.016,measure,4944.0,1768.0,8.7410,63.25
82.117,measure,4944.0,1784.0,8.8201,63.31
82.217,measure,4944.0,1792.0,8.8596,63.59
82.317,measure,4944.0,1792.0,8.8596,63.34
82.417,measure,4944.0,1776.0,8.7805,63.31
82.517,measure,4944.0,1768.0,8.7410,63.34
82.617,measure,4944.0,1784.0,8.8201,63.44
82.717,measure,4944.0,1792.0,8.8596,63.38
82.818,measure,4944.0,1792.0,8.8596,63.62
82.918,measure,4944.0,1784.0,8.8201,63.44
83.018,measure,4944.0,1768.0,8.7410,63.12
83.118,measure,4944.0,1792.0,8.8596,63.62
83.218,measure,4944.0,1800.0,8.8992,63.44
83.318,measure,4944.0,1792.0,8.8596,63.34
83.418,measure,4944.0,1784.0,8.8201,63.34
83.519,measure,4944.0,1768.0,8.7410,63.31
83.619,measure,4944.0,1792.0,8.8596,63.28
83.719,measure,4944.0,1800.0,8.8992,63.44
83.819,measure,4944.0,1792.0,8.8596,63.38
83.919,measure,4944.0,1792.0,8.8596,63.59
84.019,measure,4944.0,1776.0,8.7805,63.38
84.120,measure,4944.0,1792.0,8.8596,63.38
84.220,measure,4944.0,1800.0,8.8992,63.66
84.320,measure,4944.0,1800.0,8.8992,63.66
84.420,measure,4944.0,1784.0,8.8201,63.38
84.520,measure,4944.0,1776.0,8.7805,63.44
84.620,measure,4944.0,1792.0,8.8596,63.53
84.720,measure,4944.0,1800.0,8.8992,63.38
84.820,measure,4944.0,1792.0,8.8596,63.34
84.921,measure,4944.0,1792.0,8.8596,63.34
85.021,measure,4944.0,1768.0,8.7410,63.22
85.121,measure,4944.0,1784.0,8.8201,63.34
85.221,measure,4944.0,1800.0,8.8992,63.41
85.321,measure,4944.0,1792.0,8.8596,63.44
85.421,measure,4944.0,1784.0,8.8201,63.47
85.521,measure,4944.0,1768.0,8.7410,63.34
85.622,measure,4944.0,1784.0,8.8201,63.50
85.722,measure,4944.0,1800.0,8.8992,63.59
85.822,measure,4944.0,1792.0,8.8596,63.47
85.922,measure,4944.0,1784.0,8.8201,63.59
86.022,measure,4944.0,1768.0,8.7410,63.41
86.122,measure,4944.0,1792.0,8.8596,63.47
86.222,measure,4944.0,1800.0,8.8992,63.78
86.322,measure,4944.0,1800.0,8.8992,63.59
86.423,measure,4944.0,1784.0,8.8201,63.41
86.523,measure,4944.0,1768.0,8.7410,63.28
86.623,measure,4944.0,1784.0,8.8201,63.72
86.723,measure,4944.0,1800.0,8.8992,63.50
86.823,measure,4944.0,1792.0,8.8596,63.44
86.923,measure,4944.0,1784.0,8.8201,63.44
87.023,measure,4944.0,1776.0,8.7805,63.31
87.123,measure,4944.0,1784.0,8.8201,63.47
87.224,measure,4944.0,1808.0,8.9388,63.53
87.324,measure,4944.0,1800.0,8.8992,63.72
87.424,measure,4944.0,1792.0,8.8596,63.50
87.524,measure,4944.0,1776.0,8.7805,63.41
87.624,measure,4944.0,1784.0,8.8201,63.66
87.724,measure,4944.0,1800.0,8.8992,63.72
87.825,measure,4944.0,1792.0,8.8596,63.50
87.925,measure,4944.0,1784.0,8.8201,63.31
88.025,measure,4944.0,1776.0,8.7805,63.59
88.125,measure,4944.0,1784.0,8.8201,63.38
88.225,measure,4944.0,1800.0,8.8992,63.53
88.325,measure,4944.0,1792.0,8.8596,63.59
88.425,measure,4944.0,1792.0,8.8596,63.38
88.526,measure,4944.0,1776.0,8.7805,63.34
88.626,measure,4944.0,1784.0,8.8201,63.44
88.726,measure,4944.0,1800.0,8.8992,63.62
88.826,measure,4944.0,1800.0,8.8992,63.69
88.927,measure,4944.0,1792.0,8.8596,63.59
89.027,measure,4944.0,1784.0,8.8201,63.78
89.127,measure,4944.0,1776.0,8.7805,63.53
89.227,measure,4944.0,1792.0,8.8596,63.59
89.327,measure,4944.0,1808.0,8.9388,63.84
89.427,measure,4944.0,1800.0,8.8992,63.81
89.527,measure,4944.0,1792.0,8.8596,63.53
89.628,measure,4944.0,1776.0,8.7805,63.34
89.728,measure,4944.0,1784.0,8.8201,63.66
89.828,measure,4944.0,1800.0,8.8992,63.53
89.928,measure,4944.0,1800.0,8.8992,63.41
90.028,measure,4944.0,1792.0,8.8596,63.53
90.128,measure,4944.0,1776.0,8.7805,63.38
90.229,measure,4944.0,1784.0,8.8201,63.44
90.329,measure,4944.0,1800.0,8.8992,63.66
90.429,measure,4944.0,1792.0,8.8596,63.50
90.529,measure,4944.0,1792.0,8.8596,63.66
90.629,measure,4944.0,1776.0,8.7805,63.44
90.729,measure,4944.0,1776.0,8.7805,63.66
90.829,measure,4944.0,1800.0,8.8992,63.78
90.930,measure,4944.0,1800.0,8.8992,63.66
91.030,measure,4944.0,1800.0,8.8992,63.88
91.130,measure,4944.0,1792.0,8.8596,63.59
91.230,measure,4944.0,1784.0,8.8201,63.41
91.330,measure,4944.0,1800.0,8.8992,63.47
91.430,measure,4944.0,1808.0,8.9388,63.81
91.530,measure,4944.0,1800.0,8.8992,63.53
91.631,measure,4944.0,1792.0,8.8596,63.38
91.731,measure,4944.0,1776.0,8.7805,63.41
91.831,measure,4944.0,1792.0,8.8596,63.53
91.931,measure,4944.0,1800.0,8.8992,63.75
92.031,measure,4944.0,1792.0,8.8596,63.62
92.132,measure,4944.0,1784.0,8.8201,63.50
92.232,measure,4944.0,1768.0,8.7410,63.56
92.332,measure,4944.0,1784.0,8.8201,63.62
92.432,measure,4944.0,1800.0,8.8992,63.97
92.532,measure,4944.0,1792.0,8.8596,63.84
92.632,measure,4944.0,1784.0,8.8201,63.66
92.732,measure,4944.0,1768.0,8.7410,63.50
92.832,measure,4944.0,1784.0,8.8201,63.72
92.933,measure,4944.0,1800.0,8.8992,63.78
93.033,measure,4944.0,1800.0,8.8992,63.56
93.133,measure,4944.0,1792.0,8.8596,63.81
93.233,measure,4944.0,1784.0,8.8201,63.47
93.333,measure,4944.0,1784.0,8.8201,63.50
93.433,measure,4944.0,1800.0,8.8992,63.72
93.534,measure,4944.0,1800.0,8.8992,63.66
93.634,measure,4944.0,1792.0,8.8596,63.69
93.734,measure,4944.0,1784.0,8.8201,63.59
93.834,measure,4944.0,1784.0,8.8201,63.50
93.934,measure,4944.0,1800.0,8.8992,63.75
94.034,measure,4944.0,1792.0,8.8596,63.78
94.134,measure,4944.0,1792.0,8.8596,63.94
94.235,measure,4944.0,1784.0,8.8201,63.62
94.335,measure,4944.0,1784.0,8.8201,63.59
94.435,measure,4944.0,1800.0,8.8992,63.53
94.535,measure,4944.0,1800.0,8.8992,63.88
94.635,measure,4944.0,1792.0,8.8596,63.81
94.735,measure,4944.0,1784.0,8.8201,63.50
94.835,measure,4944.0,1784.0,8.8201,63.81
94.936,measure,4944.0,1792.0,8.8596,63.59
95.036,measure,4944.0,1792.0,8.8596,63.62
95.136,measure,4944.0,1792.0,8.8596,63.69
95.236,measure,4944.0,1776.0,8.7805,63.53
95.336,measure,4944.0,1776.0,8.7805,63.50
95.436,measure,4944.0,1800.0,8.8992,63.78
95.536,measure,4944.0,1792.0,8.8596,63.69
95.637,measure,4944.0,1792.0,8.8596,63.81
95.737,measure,4944.0,1776.0,8.7805,63.69
95.837,measure,4944.0,1784.0,8.8201,63.66
95.937,measure,4944.0,1800.0,8.8992,63.94
96.037,measure,4944.0,1792.0,8.8596,63.78
96.137,measure,4944.0,1784.0,8.8201,63.56
96.237,measure,4944.0,1776.0,8.7805,63.78
96.338,measure,4944.0,1784.0,8.8201,63.81
96.438,measure,4944.0,1808.0,8.9388,63.69
96.538,measure,4944.0,1800.0,8.8992,63.59
96.638,measure,4944.0,1792.0,8.8596,63.66
96.738,measure,4944.0,1776.0,8.7805,63.56
96.838,measure,4944.0,1784.0,8.8201,63.59
96.939,measure,4944.0,1800.0,8.8992,63.69
97.039,measure,4944.0,1800.0,8.8992,63.66
97.139,measure,4944.0,1792.0,8.8596,63.78
97.239,measure,4944.0,1784.0,8.8201,63.59
97.339,measure,4944.0,1784.0,8.8201,63.72
97.439,measure,4944.0,1800.0,8.8992,63.81
97.539,measure,4944.0,1800.0,8.8992,63.75
97.640,measure,4944.0,1792.0,8.8596,63.84
97.740,measure,4944.0,1776.0,8.7805,63.72
97.840,measure,4944.0,1784.0,8.8201,63.50
97.940,measure,4944.0,1800.0,8.8992,64.09
98.040,measure,4944.0,1792.0,8.8596,63.91
98.140,measure,4944.0,1784.0,8.8201,63.47
98.240,measure,4944.0,1768.0,8.7410,63.66
98.340,measure,4944.0,1784.0,8.8201,63.69
98.441,measure,4944.0,1800.0,8.8992,63.66
98.541,measure,4944.0,1792.0,8.8596,63.81
98.641,measure,4944.0,1792.0,8.8596,63.78
98.741,measure,4944.0,1776.0,8.7805,63.81
98.841,measure,4944.0,1784.0,8.8201,63.72
98.941,measure,4944.0,1800.0,8.8992,63.81
99.042,measure,4944.0,1800.0,8.8992,64.00
99.142,measure,4944.0,1792.0,8.8596,63.81
99.242,measure,4944.0,1784.0,8.8201,63.78
99.342,measure,4944.0,1784.0,8.8201,63.91
99.442,measure,4944.0,1800.0,8.8992,63.84
99.542,measure,4944.0,1800.0,8.8992,63.88
99.642,measure,4944.0,1792.0,8.8596,63.59
99.743,measure,4944.0,1776.0,8.7805,63.81
99.843,measure,4944.0,1776.0,8.7805,63.56
99.943,measure,4944.0,1800.0,8.8992,63.75
100.043,measure,4944.0,1792.0,8.8596,63.84
100.143,measure,4944.0,1792.0,8.8596,63.69
100.243,measure,4944.0,1776.0,8.7805,63.75
100.343,measure,4944.0,1784.0,8.8201,63.62
100.444,measure,4944.0,1792.0,8.8596,63.88
100.544,measure,4944.0,1800.0,8.8992,63.91
100.644,measure,4944.0,1792.0,8.8596,63.81
100.744,measure,4944.0,1784.0,8.8201,63.91
100.844,measure,4944.0,1776.0,8.7805,63.75
100.945,measure,4944.0,1792.0,8.8596,63.84
101.045,measure,4944.0,1792.0,8.8596,64.09
101.145,measure,4944.0,1784.0,8.8201,63.91
101.245,measure,4952.0,1776.0,8.7948,63.69
101.345,measure,4944.0,1776.0,8.7805,63.59
101.445,measure,4944.0,1800.0,8.8992,64.03
101.545,measure,4944.0,1792.0,8.8596,63.78
101.646,measure,4944.0,1792.0,8.8596,63.75
101.746,measure,4944.0,1784.0,8.8201,63.69
101.846,measure,4944.0,1784.0,8.8201,63.78
101.947,measure,4944.0,1800.0,8.8992,63.88
102.047,measure,4944.0,1800.0,8.8992,63.81
102.147,measure,4944.0,1792.0,8.8596,64.06
102.247,measure,4944.0,1776.0,8.7805,63.84
102.347,measure,4944.0,1776.0,8.7805,63.72
102.448,measure,4944.0,1800.0,8.8992,64.03
102.548,measure,4944.0,1800.0,8.8992,64.03
102.648,measure,4944.0,1792.0,8.8596,63.81
102.748,measure,4944.0,1776.0,8.7805,63.66
102.848,measure,4944.0,1776.0,8.7805,63.88
102.948,measure,4944.0,1792.0,8.8596,63.78
103.048,measure,4944.0,1792.0,8.8596,63.75
103.149,measure,4944.0,1784.0,8.8201,63.75
103.249,measure,4944.0,1768.0,8.7410,63.72
103.349,measure,4944.0,1776.0,8.7805,63.81
103.449,measure,4944.0,1792.0,8.8596,63.81
103.549,measure,4944.0,1792.0,8.8596,63.81
103.649,measure,4944.0,1792.0,8.8596,63.91
103.750,measure,4944.0,1776.0,8.7805,63.78
103.850,measure,4944.0,1784.0,8.8201,63.88
103.950,measure,4944.0,1800.0,8.8992,63.97
104.050,measure,4944.0,1800.0,8.8992,63.91
104.150,measure,4944.0,1792.0,8.8596,64.06
104.251,measure,4944.0,1784.0,8.8201,63.97
104.351,measure,4944.0,1776.0,8.7805,63.62
104.451,measure,4944.0,1792.0,8.8596,63.75
104.551,measure,4944.0,1808.0,8.9388,64.12
104.651,measure,4944.0,1808.0,8.9388,63.75
104.751,measure,4944.0,1800.0,8.8992,63.78
104.852,measure,4944.0,1776.0,8.7805,63.75
104.952,measure,4944.0,1792.0,8.8596,63.75
105.052,measure,4944.0,1808.0,8.9388,64.00
105.152,measure,4944.0,1800.0,8.8992,63.81
105.252,measure,4944.0,1792.0,8.8596,63.78
105.352,measure,4944.0,1776.0,8.7805,63.81
105.453,measure,4944.0,1792.0,8.8596,63.88
105.553,measure,4944.0,1800.0,8.8992,64.16
105.653,measure,4944.0,1792.0,8.8596,63.97
105.753,measure,4944.0,1784.0,8.8201,63.84
105.853,measure,4944.0,1768.0,8.7410,63.75
105.953,measure,4944.0,1784.0,8.8201,63.94
106.053,measure,4944.0,1800.0,8.8992,64.03
106.154,measure,4944.0,1792.0,8.8596,63.81
106.254,measure,4944.0,1784.0,8.8201,64.00
106.354,measure,4944.0,1768.0,8.7410,63.69
106.454,measure,4944.0,1784.0,8.8201,63.78
106.554,measure,4944.0,1800.0,8.8992,63.91
106.654,measure,4944.0,1792.0,8.8596,63.84
106.754,measure,4944.0,1784.0,8.8201,63.91
106.855,measure,4944.0,1768.0,8.7410,63.75
106.955,measure,4944.0,1784.0,8.8201,63.81
107.055,measure,4944.0,1800.0,8.8992,64.00
107.155,measure,4944.0,1792.0,8.8596,63.94
107.255,measure,4944.0,1784.0,8.8201,64.00
107.356,measure,4944.0,1768.0,8.7410,63.91
107.456,measure,4944.0,1784.0,8.8201,63.94
107.556,measure,4944.0,1800.0,8.8992,63.91
107.656,measure,4944.0,1792.0,8.8596,64.09
107.756,measure,4944.0,1784.0,8.8201,63.81
107.856,measure,4944.0,1768.0,8.7410,63.78
107.956,measure,4944.0,1784.0,8.8201,64.09
108.057,measure,4944.0,1800.0,8.8992,63.97
108.157,measure,4944.0,1792.0,8.8596,63.81
108.257,measure,4944.0,1784.0,8.8201,63.94
108.357,measure,4944.0,1768.0,8.7410,63.72
108.457,measure,4944.0,1784.0,8.8201,63.91
108.557,measure,4944.0,1800.0,8.8992,64.06
108.657,measure,4944.0,1792.0,8.8596,63.84
108.758,measure,4944.0,1784.0,8.8201,64.00
108.858,measure,4944.0,1768.0,8.7410,63.78
108.958,measure,4944.0,1784.0,8.8201,64.12
109.058,measure,4944.0,1800.0,8.8992,64.19
109.158,measure,4944.0,1792.0,8.8596,64.03
109.258,measure,4944.0,1784.0,8.8201,63.72
109.358,measure,4944.0,1768.0,8.7410,63.97
109.459,measure,4944.0,1784.0,8.8201,64.03
109.559,measure,4944.0,1800.0,8.8992,63.84
109.659,measure,4944.0,1800.0,8.8992,64.25
109.759,measure,4944.0,1792.0,8.8596,63.91
109.859,measure,4944.0,1776.0,8.7805,63.69
109.959,measure,4944.0,1784.0,8.8201,63.84
110.059,measure,4944.0,1800.0,8.8992,63.91
110.160,measure,4944.0,1800.0,8.8992,64.06
110.260,measure,4944.0,1792.0,8.8596,63.97
110.360,measure,4944.0,1784.0,8.8201,64.16
110.460,measure,4944.0,1784.0,8.8201,63.94
110.560,measure,4944.0,1800.0,8.8992,63.94
110.660,measure,4944.0,1792.0,8.8596,63.94
110.761,measure,4944.0,1792.0,8.8596,64.09
110.861,measure,4944.0,1776.0,8.7805,63.91
110.961,measure,4944.0,1776.0,8.7805,63.72
111.061,measure,4944.0,1792.0,8.8596,64.19
111.161,measure,4944.0,1792.0,8.8596,64.06
111.261,measure,4944.0,1784.0,8.8201,63.91
111.361,measure,4944.0,1776.0,8.7805,63.78
111.462,measure,4944.0,1784.0,8.8201,63.81
111.562,measure,4944.0,1808.0,8.9388,63.94
111.662,measure,4944.0,1808.0,8.9388,64.03
111.762,measure,4944.0,1800.0,8.8992,63.91
111.862,measure,4944.0,1792.0,8.8596,64.00
111.962,measure,4944.0,1784.0,8.8201,63.81
112.062,measure,4944.0,1800.0,8.8992,64.03
112.163,measure,4944.0,1800.0,8.8992,64.12
112.263,measure,4944.0,1792.0,8.8596,64.09
112.363,measure,4944.0,1784.0,8.8201,63.84
112.463,measure,4944.0,1784.0,8.8201,64.06
112.563,measure,4944.0,1800.0,8.8992,64.09
112.663,measure,4944.0,1800.0,8.8992,63.84
112.764,measure,4944.0,1792.0,8.8596,64.22
112.864,measure,4944.0,1784.0,8.8201,64.00
112.964,measure,4944.0,1776.0,8.7805,63.72
113.064,measure,4944.0,1792.0,8.8596,63.94
113.164,measure,4944.0,1792.0,8.8596,64.03
113.264,measure,4944.0,1784.0,8.8201,63.91
113.364,measure,4944.0,1776.0,8.7805,63.94
113.465,measure,4944.0,1776.0,8.7805,63.81
113.565,measure,4944.0,1792.0,8.8596,64.06
113.665,measure,4944.0,1792.0,8.8596,64.06
113.765,measure,4944.0,1784.0,8.8201,64.00
113.865,measure,4944.0,1768.0,8.7410,64.06
113.965,measure,4944.0,1776.0,8.7805,63.91
114.065,measure,4944.0,1792.0,8.8596,64.06
114.166,measure,4944.0,1800.0,8.8992,64.28
114.266,measure,4944.0,1792.0,8.8596,64.12
114.366,measure,4944.0,1784.0,8.8201,63.78
114.466,measure,4944.0,1784.0,8.8201,63.81
114.566,measure,4944.0,1800.0,8.8992,64.25
114.666,measure,4944.0,1800.0,8.8992,63.88
114.766,measure,4944.0,1792.0,8.8596,63.91
114.866,measure,4944.0,1776.0,8.7805,63.94
114.967,measure,4944.0,1776.0,8.7805,63.84
115.067,measure,4944.0,1800.0,8.8992,64.03
115.167,measure,4944.0,1792.0,8.8596,64.03
115.267,measure,4944.0,1784.0,8.8201,63.91
115.367,measure,4944.0,1776.0,8.7805,63.91
115.467,measure,4944.0,1784.0,8.8201,63.84
115.567,measure,4944.0,1792.0,8.8596,64.19
115.668,measure,4944.0,1792.0,8.8596,64.16
115.768,measure,4944.0,1784.0,8.8201,63.97
115.868,measure,4944.0,1784.0,8.8201,64.12
115.968,measure,4944.0,1792.0,8.8596,64.00
116.068,measure,4944.0,1808.0,8.9388,64.09
116.168,measure,4944.0,1800.0,8.8992,63.84
116.268,measure,4944.0,1792.0,8.8596,64.22
116.369,measure,4944.0,1776.0,8.7805,63.81
116.469,measure,4944.0,1784.0,8.8201,63.81
116.569,measure,4944.0,1800.0,8.8992,64.31
116.669,measure,4944.0,1792.0,8.8596,64.00
116.769,measure,4944.0,1792.0,8.8596,63.91
116.869,measure,4944.0,1776.0,8.7805,63.94
116.969,measure,4944.0,1784.0,8.8201,63.88
117.070,measure,4944.0,1800.0,8.8992,64.16
117.170,measure,4944.0,1792.0,8.8596,64.12
117.270,measure,4944.0,1792.0,8.8596,64.22
117.370,measure,4944.0,1776.0,8.7805,64.00
117.470,measure,4944.0,1792.0,8.8596,64.03
117.570,measure,4944.0,1800.0,8.8992,63.91
117.670,measure,4944.0,1800.0,8.8992,64.16
117.770,measure,4944.0,1792.0,8.8596,64.06
117.871,measure,4944.0,1768.0,8.7410,63.91
117.971,measure,4944.0,1792.0,8.8596,64.25
118.071,measure,4944.0,1800.0,8.8992,64.03
118.171,measure,4944.0,1792.0,8.8596,63.94
118.271,measure,4944.0,1792.0,8.8596,64.00
118.371,measure,4944.0,1776.0,8.7805,63.81
118.471,measure,4944.0,1784.0,8.8201,64.03
118.571,measure,4944.0,1800.0,8.8992,64.09
118.672,measure,4944.0,1792.0,8.8596,64.00
118.772,measure,4944.0,1792.0,8.8596,64.09
118.872,measure,4944.0,1768.0,8.7410,63.97
118.972,measure,4944.0,1784.0,8.8201,63.97
119.072,measure,4944.0,1792.0,8.8596,64.19
119.172,measure,4944.0,1792.0,8.8596,64.16
119.272,measure,4944.0,1784.0,8.8201,64.00
119.373,measure,4944.0,1768.0,8.7410,64.03
119.473,measure,4944.0,1784.0,8.8201,64.12
119.573,measure,4944.0,1800.0,8.8992,64.09
119.673,measure,4944.0,1800.0,8.8992,64.28
119.773,measure,4944.0,1792.0,8.8596,63.97
119.873,measure,4944.0,1776.0,8.7805,63.81
119.973,measure,4944.0,1792.0,8.8596,63.91
120.073,measure,4944.0,1800.0,8.8992,64.03
120.174,measure,4944.0,1792.0,8.8596,64.00
120.274,measure,4944.0,1784.0,8.8201,64.12
120.374,measure,4944.0,1768.0,8.7410,64.00
120.474,measure,4944.0,1784.0,8.8201,64.03
120.574,measure,4944.0,1792.0,8.8596,64.09
120.674,measure,4944.0,1792.0,8.8596,64.19
120.774,measure,4944.0,1784.0,8.8201,64.16
120.875,measure,4944.0,1776.0,8.7805,63.97
120.975,measure,4944.0,1792.0,8.8596,64.09
121.075,measure,4944.0,1800.0,8.8992,64.34
121.175,measure,4944.0,1792.0,8.8596,64.25
121.275,measure,4944.0,1784.0,8.8201,64.06
121.375,measure,4944.0,1776.0,8.7805,64.06
121.475,measure,4944.0,1792.0,8.8596,64.22
121.575,measure,4944.0,1800.0,8.8992,63.97
121.676,measure,4944.0,1792.0,8.8596,63.97
121.776,measure,4944.0,1784.0,8.8201,63.94
121.876,measure,4944.0,1776.0,8.7805,63.88
121.976,measure,4944.0,1792.0,8.8596,64.09
122.076,measure,4944.0,1800.0,8.8992,64.06
122.176,measure,4944.0,1792.0,8.8596,64.06
122.276,measure,4944.0,1776.0,8.7805,64.09
122.377,measure,4944.0,1776.0,8.7805,63.97
122.477,measure,4944.0,1792.0,8.8596,64.31
122.577,measure,4944.0,1800.0,8.8992,64.22
122.677,measure,4944.0,1792.0,8.8596,64.12
122.777,measure,4944.0,1784.0,8.8201,64.28
122.877,measure,4944.0,1776.0,8.7805,64.09
122.977,measure,4944.0,1792.0,8.8596,63.97
123.077,measure,4944.0,1800.0,8.8992,64.03
123.178,measure,4944.0,1792.0,8.8596,64.28
123.278,measure,4944.0,1784.0,8.8201,63.97
123.378,measure,4944.0,1776.0,8.7805,63.84
123.478,measure,4944.0,1792.0,8.8596,64.00
123.578,measure,4944.0,1800.0,8.8992,64.06
123.679,measure,4944.0,1792.0,8.8596,64.19
123.779,measure,4944.0,1784.0,8.8201,64.00
123.879,measure,4944.0,1776.0,8.7805,64.00
123.979,measure,4944.0,1792.0,8.8596,64.22
124.079,measure,4944.0,1792.0,8.8596,64.19
124.179,measure,4944.0,1784.0,8.8201,64.44
124.279,measure,4944.0,1768.0,8.7410,64.16
124.380,measure,4944.0,1776.0,8.7805,64.09
124.480,measure,4944.0,1792.0,8.8596,64.03
124.580,measure,4944.0,1792.0,8.8596,64.31
124.680,measure,4944.0,1784.0,8.8201,64.19
124.780,measure,4944.0,1768.0,8.7410,63.94
124.880,measure,4944.0,1776.0,8.7805,64.22
124.980,measure,4944.0,1792.0,8.8596,64.19
125.080,measure,4944.0,1792.0,8.8596,64.03
125.181,measure,4944.0,1792.0,8.8596,64.12
125.281,measure,4944.0,1776.0,8.7805,63.97
125.381,measure,4944.0,1784.0,8.8201,64.00
125.481,measure,4944.0,1800.0,8.8992,64.16
125.581,measure,4944.0,1792.0,8.8596,64.06
125.681,measure,4944.0,1784.0,8.8201,64.28
125.781,measure,4944.0,1776.0,8.7805,64.00
125.881,measure,4944.0,1784.0,8.8201,64.00
125.982,measure,4944.0,1800.0,8.8992,64.31
126.082,measure,4944.0,1792.0,8.8596,64.22
126.182,measure,4944.0,1792.0,8.8596,64.16
126.282,measure,4944.0,1776.0,8.7805,64.12
126.382,measure,4944.0,1784.0,8.8201,64.16
126.482,measure,4944.0,1800.0,8.8992,64.12
126.582,measure,4944.0,1800.0,8.8992,64.47
126.682,measure,4944.0,1792.0,8.8596,64.06
126.783,measure,4944.0,1776.0,8.7805,64.03
126.883,measure,4944.0,1784.0,8.8201,64.03
126.983,measure,4944.0,1808.0,8.9388,64.16
127.083,measure,4944.0,1800.0,8.8992,64.12
127.183,measure,4944.0,1792.0,8.8596,64.12
127.283,measure,4944.0,1776.0,8.7805,63.94
127.383,measure,4944.0,1784.0,8.8201,64.03
127.484,measure,4944.0,1800.0,8.8992,64.22
127.584,measure,4944.0,1792.0,8.8596,64.22
127.684,measure,4944.0,1792.0,8.8596,64.25
127.784,measure,4944.0,1776.0,8.7805,64.06
127.884,measure,4944.0,1784.0,8.8201,64.16
127.984,measure,4944.0,1800.0,8.8992,64.38
128.084,measure,4944.0,1800.0,8.8992,64.28
128.184,measure,4944.0,1792.0,8.8596,64.06
128.285,measure,4944.0,1776.0,8.7805,63.97
128.385,measure,4944.0,1784.0,8.8201,64.28
128.485,measure,4944.0,1800.0,8.8992,64.16
128.585,measure,4944.0,1792.0,8.8596,64.09
128.685,measure,4944.0,1784.0,8.8201,64.12
128.785,measure,4944.0,1768.0,8.7410,64.03
128.885,measure,4944.0,1784.0,8.8201,64.06
128.985,measure,4944.0,1800.0,8.8992,64.22
129.086,measure,4944.0,1792.0,8.8596,64.06
129.186,measure,4944.0,1792.0,8.8596,64.16
129.286,measure,4944.0,1776.0,8.7805,64.06
129.386,measure,4944.0,1792.0,8.8596,64.28
129.486,measure,4944.0,1800.0,8.8992,64.31
129.586,measure,4944.0,1800.0,8.8992,64.19
129.686,measure,4944.0,1792.0,8.8596,64.31
129.787,measure,4944.0,1776.0,8.7805,64.19
129.887,measure,4944.0,1792.0,8.8596,64.28
129.987,measure,4944.0,1800.0,8.8992,64.12
130.087,measure,4944.0,1792.0,8.8596,64.34
130.187,measure,4944.0,1784.0,8.8201,64.00
130.287,measure,4944.0,1768.0,8.7410,64.00
130.387,measure,4944.0,1784.0,8.8201,64.56
130.487,measure,4944.0,1800.0,8.8992,64.22
130.588,measure,4944.0,1792.0,8.8596,64.16
130.688,measure,4944.0,1784.0,8.8201,64.16
130.788,measure,4944.0,1768.0,8.7410,63.97
130.888,measure,4944.0,1792.0,8.8596,64.16
130.988,measure,4944.0,1800.0,8.8992,64.31
131.088,measure,4944.0,1792.0,8.8596,64.50
131.188,measure,4944.0,1792.0,8.8596,64.19
131.288,measure,4944.0,1776.0,8.7805,64.16
131.389,measure,4944.0,1792.0,8.8596,64.38
131.489,measure,4944.0,1800.0,8.8992,64.38
131.589,measure,4944.0,1800.0,8.8992,64.31
131.689,measure,4944.0,1792.0,8.8596,64.03
131.789,measure,4944.0,1768.0,8.7410,64.25
131.889,measure,4944.0,1792.0,8.8596,64.00
131.989,measure,4944.0,1800.0,8.8992,64.22
132.090,measure,4944.0,1792.0,8.8596,64.28
132.190,measure,4944.0,1784.0,8.8201,64.09
132.290,measure,4944.0,1768.0,8.7410,64.12
132.390,measure,4944.0,1784.0,8.8201,64.16
132.490,measure,4944.0,1792.0,8.8596,64.25
132.590,measure,4944.0,1792.0,8.8596,64.38
132.690,measure,4944.0,1776.0,8.7805,64.19
132.790,measure,4944.0,1776.0,8.7805,64.06
132.891,measure,4944.0,1792.0,8.8596,64.34
132.991,measure,4944.0,1800.0,8.8992,64.25
133.091,measure,4944.0,1792.0,8.8596,64.25
133.191,measure,4944.0,1792.0,8.8596,64.31
133.291,measure,4944.0,1776.0,8.7805,64.12
133.391,measure,4944.0,1792.0,8.8596,64.16
133.492,measure,4944.0,1800.0,8.8992,64.47
133.592,measure,4944.0,1792.0,8.8596,64.16
133.692,measure,4944.0,1784.0,8.8201,64.06
133.792,measure,4944.0,1776.0,8.7805,63.97
133.892,measure,4944.0,1792.0,8.8596,64.16
133.992,measure,4944.0,1800.0,8.8992,64.19
134.092,measure,4944.0,1800.0,8.8992,64.31
134.192,measure,4944.0,1792.0,8.8596,64.16
134.293,measure,4944.0,1776.0,8.7805,64.25
134.393,measure,4944.0,1792.0,8.8596,64.22
134.493,measure,4944.0,1800.0,8.8992,64.28
134.593,measure,4944.0,1800.0,8.8992,64.38
134.693,measure,4944.0,1792.0,8.8596,64.31
134.793,measure,4944.0,1776.0,8.7805,64.09
134.893,measure,4944.0,1792.0,8.8596,64.38
134.993,measure,4944.0,1800.0,8.8992,64.44
135.094,measure,4944.0,1792.0,8.8596,64.19
135.194,measure,4944.0,1784.0,8.8201,64.44
135.294,measure,4944.0,1776.0,8.7805,64.31
135.394,measure,4944.0,1792.0,8.8596,64.16
135.494,measure,4944.0,1800.0,8.8992,64.16
135.594,measure,4944.0,1800.0,8.8992,64.12
135.694,measure,4944.0,1784.0,8.8201,64.31
135.795,measure,4944.0,1768.0,8.7410,64.16
135.895,measure,4944.0,1792.0,8.8596,64.19
135.995,measure,4944.0,1800.0,8.8992,64.25
136.095,measure,4944.0,1800.0,8.8992,64.31
136.195,measure,4944.0,1792.0,8.8596,64.12
136.295,measure,4944.0,1776.0,8.7805,64.31
136.395,measure,4944.0,1792.0,8.8596,64.31
136.495,measure,4944.0,1808.0,8.9388,64.34
136.596,measure,4944.0,1800.0,8.8992,64.50
136.696,measure,4944.0,1792.0,8.8596,64.34
136.796,measure,4944.0,1776.0,8.7805,64.12
136.896,measure,4944.0,1792.0,8.8596,64.19
136.996,measure,4944.0,1800.0,8.8992,64.50
137.096,measure,4944.0,1800.0,8.8992,64.22
137.196,measure,4944.0,1792.0,8.8596,64.09
137.297,measure,4944.0,1776.0,8.7805,64.16
137.397,measure,4944.0,1800.0,8.8992,64.22
137.497,measure,4944.0,1800.0,8.8992,64.41
137.597,measure,4944.0,1800.0,8.8992,64.25
137.697,measure,4944.0,1792.0,8.8596,64.12
137.797,measure,4944.0,1776.0,8.7805,64.19
137.897,measure,4944.0,1792.0,8.8596,64.22
137.998,measure,4944.0,1800.0,8.8992,64.59
138.098,measure,4944.0,1800.0,8.8992,64.31
138.198,measure,4944.0,1792.0,8.8596,64.28
138.298,measure,4944.0,1776.0,8.7805,64.34
138.398,measure,4944.0,1792.0,8.8596,64.44
138.498,measure,4944.0,1800.0,8.8992,64.34
138.598,measure,4944.0,1800.0,8.8992,64.25
138.699,measure,4944.0,1792.0,8.8596,64.38
138.799,measure,4944.0,1776.0,8.7805,64.16
138.899,measure,4944.0,1792.0,8.8596,64.19
138.999,measure,4944.0,1808.0,8.9388,64.69
139.099,measure,4944.0,1800.0,8.8992,64.31
139.199,measure,4944.0,1800.0,8.8992,64.38
139.299,measure,4944.0,1784.0,8.8201,64.19
139.399,measure,4944.0,1792.0,8.8596,64.22
139.500,measure,4944.0,1808.0,8.9388,64.38
139.600,measure,4944.0,1800.0,8.8992,64.41
139.700,measure,4944.0,1800.0,8.8992,64.28
139.800,measure,4944.0,1784.0,8.8201,64.31
139.900,measure,4944.0,1784.0,8.8201,64.31
140.000,measure,4944.0,1808.0,8.9388,64.25
140.100,measure,4944.0,1808.0,8.9388,64.56
140.201,measure,4944.0,1808.0,8.9388,64.38
140.301,measure,4944.0,1840.0,9.0970,64.16
140.401,measure,4944.0,1880.0,9.2947,64.59
140.501,measure,4944.0,1936.0,9.5716,64.47
140.601,measure,4944.0,1912.0,9.4529,64.47
140.701,measure,4944.0,1912.0,9.4529,64.28
140.801,measure,4944.0,1912.0,9.4529,64.19
140.902,measure,4936.0,1960.0,9.6746,64.38
141.002,measure,4936.0,1960.0,9.6746,64.50
141.102,measure,4936.0,1984.0,9.7930,64.75
141.202,measure,4936.0,2000.0,9.8720,64.66
141.302,measure,4936.0,2008.0,9.9115,64.44
141.402,measure,4936.0,2024.0,9.9905,64.66
141.503,measure,4936.0,2040.0,10.0694,64.78
141.603,measure,4936.0,2000.0,9.8720,64.66
141.703,measure,4936.0,1952.0,9.6351,64.41
141.803,measure,4944.0,1904.0,9.4134,64.56
141.903,measure,4944.0,1888.0,9.3343,64.47
142.003,measure,4944.0,1880.0,9.2947,64.34
142.103,measure,4944.0,1856.0,9.1761,64.69
142.204,measure,4944.0,1832.0,9.0574,64.28
142.304,measure,4944.0,1808.0,8.9388,64.09
142.404,measure,4944.0,1824.0,9.0179,64.34
142.504,measure,4944.0,1824.0,9.0179,64.47
142.604,measure,4944.0,1816.0,8.9783,64.34
142.704,measure,4944.0,1808.0,8.9388,64.34
142.804,measure,4944.0,1784.0,8.8201,64.25
142.905,measure,4944.0,1800.0,8.8992,64.38
143.005,measure,4944.0,1816.0,8.9783,64.44
143.105,measure,4944.0,1808.0,8.9388,64.38
143.205,measure,4944.0,1800.0,8.8992,64.56
143.305,measure,4944.0,1784.0,8.8201,64.34
143.405,measure,4944.0,1792.0,8.8596,64.25
143.505,measure,4944.0,1808.0,8.9388,64.66
143.606,measure,4944.0,1808.0,8.9388,64.56
143.706,measure,4944.0,1800.0,8.8992,64.28
143.806,measure,4944.0,1784.0,8.8201,64.25
143.906,measure,4944.0,1784.0,8.8201,64.25
144.006,measure,4944.0,1800.0,8.8992,64.28
144.106,measure,4944.0,1800.0,8.8992,64.47
144.206,measure,4944.0,1792.0,8.8596,64.31
144.307,measure,4944.0,1784.0,8.8201,64.44
144.407,measure,4944.0,1784.0,8.8201,64.31
144.507,measure,4944.0,1800.0,8.8992,64.66
144.607,measure,4944.0,1792.0,8.8596,64.56
144.707,measure,4944.0,1784.0,8.8201,64.38
144.807,measure,4944.0,1768.0,8.7410,64.31
144.908,measure,4944.0,1784.0,8.8201,64.50
145.008,measure,4944.0,1800.0,8.8992,64.62
145.108,measure,4944.0,1800.0,8.8992,64.31
145.208,measure,4944.0,1792.0,8.8596,64.66
145.308,measure,4944.0,1776.0,8.7805,64.38
145.408,measure,4944.0,1792.0,8.8596,64.28
145.508,measure,4944.0,1800.0,8.8992,64.25
145.609,measure,4944.0,1792.0,8.8596,64.38
145.709,measure,4944.0,1792.0,8.8596,64.25
145.809,measure,4944.0,1768.0,8.7410,64.25
145.909,measure,4944.0,1784.0,8.8201,64.34
146.009,measure,4944.0,1800.0,8.8992,64.62
146.109,measure,4944.0,1792.0,8.8596,64.53
146.210,measure,4944.0,1784.0,8.8201,64.34
146.310,measure,4944.0,1768.0,8.7410,64.34
146.410,measure,4944.0,1792.0,8.8596,64.44
146.510,measure,4944.0,1800.0,8.8992,64.44
146.610,measure,4944.0,1792.0,8.8596,64.75
146.710,measure,4944.0,1784.0,8.8201,64.50
146.810,measure,4944.0,1776.0,8.7805,64.19
146.911,measure,4944.0,1792.0,8.8596,64.28
147.011,measure,4944.0,1808.0,8.9388,64.66
147.111,measure,4944.0,1800.0,8.8992,64.41
147.211,measure,4944.0,1800.0,8.8992,64.31
147.311,measure,4944.0,1784.0,8.8201,64.28
147.411,measure,4944.0,1792.0,8.8596,64.31
147.511,measure,4944.0,1808.0,8.9388,64.47
147.612,measure,4944.0,1800.0,8.8992,64.44
147.712,measure,4944.0,1792.0,8.8596,64.28
147.812,measure,4944.0,1776.0,8.7805,64.41
147.912,measure,4944.0,1784.0,8.8201,64.34
148.012,measure,4944.0,1800.0,8.8992,64.66
148.112,measure,4944.0,1792.0,8.8596,64.50
148.212,measure,4944.0,1784.0,8.8201,64.34
148.313,measure,4944.0,1768.0,8.7410,64.50
148.413,measure,4944.0,1784.0,8.8201,64.59
148.513,measure,4944.0,1800.0,8.8992,64.38
148.613,measure,4944.0,1792.0,8.8596,64.38
148.714,measure,4944.0,1792.0,8.8596,64.59
148.814,measure,4944.0,1768.0,8.7410,64.41
148.914,measure,4944.0,1792.0,8.8596,64.31
149.014,measure,4944.0,1800.0,8.8992,64.44
149.114,measure,4944.0,1800.0,8.8992,64.31
149.214,measure,4944.0,1792.0,8.8596,64.41
149.314,measure,4944.0,1776.0,8.7805,64.31
149.415,measure,4944.0,1792.0,8.8596,64.41
149.515,measure,4944.0,1800.0,8.8992,64.56
149.615,measure,4944.0,1792.0,8.8596,64.44
149.715,measure,4944.0,1784.0,8.8201,64.56
149.815,measure,4944.0,1776.0,8.7805,64.41
149.915,measure,4944.0,1792.0,8.8596,64.50
150.016,measure,4944.0,1800.0,8.8992,64.78
150.116,measure,4944.0,1792.0,8.8596,64.66
150.216,measure,4944.0,1784.0,8.8201,64.38
150.316,measure,4944.0,1776.0,8.7805,64.22
150.416,measure,4944.0,1800.0,8.8992,64.72
150.516,measure,4944.0,1800.0,8.8992,64.41
150.616,measure,4944.0,1800.0,8.8992,64.38
150.717,measure,4944.0,1792.0,8.8596,64.38
150.817,measure,4944.0,1776.0,8.7805,64.25
150.917,measure,4944.0,1792.0,8.8596,64.38
151.017,measure,4944.0,1800.0,8.8992,64.50
151.117,measure,4944.0,1792.0,8.8596,64.41
151.217,measure,4944.0,1792.0,8.8596,64.47
151.317,measure,4944.0,1776.0,8.7805,64.31
151.417,measure,4944.0,1792.0,8.8596,64.50
151.518,measure,4944.0,1800.0,8.8992,64.62
151.618,measure,4944.0,1800.0,8.8992,64.56
151.718,measure,4944.0,1792.0,8.8596,64.31
151.818,measure,4944.0,1776.0,8.7805,64.50
151.918,measure,4944.0,1800.0,8.8992,64.53
152.018,measure,4944.0,1808.0,8.9388,64.41
152.118,measure,4944.0,1800.0,8.8992,64.75
152.219,measure,4944.0,1792.0,8.8596,64.31
152.319,measure,4944.0,1776.0,8.7805,64.25
152.419,measure,4944.0,1800.0,8.8992,64.41
152.519,measure,4944.0,1808.0,8.9388,64.47
152.619,measure,4944.0,1800.0,8.8992,64.38
152.719,measure,4944.0,1792.0,8.8596,64.47
152.819,measure,4944.0,1784.0,8.8201,64.31
152.919,measure,4944.0,1792.0,8.8596,64.53
153.020,measure,4944.0,1808.0,8.9388,64.56
153.120,measure,4944.0,1800.0,8.8992,64.41
153.220,measure,4944.0,1792.0,8.8596,64.69
153.320,measure,4944.0,1776.0,8.7805,64.47
153.420,measure,4944.0,1792.0,8.8596,64.44
153.520,measure,4944.0,1808.0,8.9388,64.69
153.620,measure,4944.0,1800.0,8.8992,64.69
153.720,measure,4944.0,1792.0,8.8596,64.38
153.821,measure,4944.0,1784.0,8.8201,64.69
153.921,measure,4944.0,1784.0,8.8201,64.59
154.021,measure,4944.0,1800.0,8.8992,64.38
154.121,measure,4944.0,1800.0,8.8992,64.38
154.221,measure,4944.0,1792.0,8.8596,64.41
154.321,measure,4944.0,1776.0,8.7805,64.41
154.421,measure,4944.0,1784.0,8.8201,64.41
154.521,measure,4944.0,1800.0,8.8992,64.75
154.622,measure,4944.0,1800.0,8.8992,64.78
154.722,measure,4944.0,1792.0,8.8596,64.56
154.822,measure,4944.0,1776.0,8.7805,64.31
154.922,measure,4944.0,1784.0,8.8201,64.59
155.022,measure,4944.0,1800.0,8.8992,64.69
155.122,measure,4944.0,1800.0,8.8992,64.59
155.222,measure,4944.0,1792.0,8.8596,64.72
155.322,measure,4944.0,1768.0,8.7410,64.53
155.423,measure,4944.0,1784.0,8.8201,64.47
155.523,measure,4944.0,1800.0,8.8992,64.41
155.623,measure,4944.0,1792.0,8.8596,64.75
155.723,measure,4944.0,1784.0,8.8201,64.38
155.823,measure,4944.0,1768.0,8.7410,64.25
155.923,measure,4944.0,1792.0,8.8596,64.44
156.023,measure,4944.0,1800.0,8.8992,64.47
156.124,measure,4944.0,1792.0,8.8596,64.59
156.224,measure,4944.0,1792.0,8.8596,64.44
156.324,measure,4944.0,1776.0,8.7805,64.38
156.424,measure,4944.0,1792.0,8.8596,64.56
156.524,measure,4944.0,1800.0,8.8992,64.50
156.624,measure,4944.0,1792.0,8.8596,64.72
156.724,measure,4944.0,1784.0,8.8201,64.59
156.824,measure,4944.0,1776.0,8.7805,64.41
156.925,measure,4944.0,1792.0,8.8596,64.75
157.025,measure,4944.0,1800.0,8.8992,64.69
157.125,measure,4944.0,1792.0,8.8596,64.59
157.225,measure,4944.0,1776.0,8.7805,64.38
157.325,measure,4944.0,1776.0,8.7805,64.66
157.426,measure,4944.0,1792.0,8.8596,64.53
157.526,measure,4944.0,1792.0,8.8596,64.50
157.626,measure,4944.0,1792.0,8.8596,64.50
157.726,measure,4944.0,1776.0,8.7805,64.38
157.826,measure,4944.0,1768.0,8.7410,64.44
157.927,measure,4944.0,1792.0,8.8596,64.53
158.027,measure,4944.0,1800.0,8.8992,64.53
158.127,measure,4944.0,1792.0,8.8596,64.59
158.227,measure,4944.0,1784.0,8.8201,64.44
158.327,measure,4944.0,1784.0,8.8201,64.69
158.427,measure,4944.0,1800.0,8.8992,64.69
158.527,measure,4944.0,1792.0,8.8596,64.66
158.628,measure,4944.0,1792.0,8.8596,64.38
158.728,measure,4944.0,1784.0,8.8201,64.62
158.828,measure,4944.0,1784.0,8.8201,64.50
158.928,measure,4944.0,1800.0,8.8992,64.44
159.028,measure,4944.0,1800.0,8.8992,64.78
159.128,measure,4944.0,1792.0,8.8596,64.44
159.228,measure,4944.0,1776.0,8.7805,64.31
159.328,measure,4944.0,1784.0,8.8201,64.50
159.429,measure,4944.0,1800.0,8.8992,64.53
159.529,measure,4944.0,1792.0,8.8596,64.47
159.629,measure,4944.0,1792.0,8.8596,64.59
159.729,measure,4944.0,1776.0,8.7805,64.34
159.829,measure,4944.0,1784.0,8.8201,64.62
159.929,measure,4944.0,1800.0,8.8992,64.62
160.029,measure,4944.0,1792.0,8.8596,64.81
160.130,measure,4944.0,1792.0,8.8596,64.66
160.230,measure,4944.0,1776.0,8.7805,64.50
160.330,measure,4944.0,1792.0,8.8596,64.34
160.430,measure,4944.0,1808.0,8.9388,64.91
160.530,measure,4944.0,1800.0,8.8992,64.72
160.630,measure,4944.0,1792.0,8.8596,64.44
160.730,measure,4944.0,1776.0,8.7805,64.72
160.831,measure,4944.0,1784.0,8.8201,64.47
160.931,measure,4944.0,1800.0,8.8992,64.50
161.031,measure,4944.0,1792.0,8.8596,64.59
161.131,measure,4944.0,1784.0,8.8201,64.44
161.231,measure,4944.0,1768.0,8.7410,64.50
161.332,measure,4944.0,1792.0,8.8596,64.59
161.432,measure,4944.0,1792.0,8.8596,64.56
161.532,measure,4944.0,1784.0,8.8201,64.72
161.632,measure,4944.0,1776.0,8.7805,64.47
161.732,measure,4944.0,1776.0,8.7805,64.47
161.832,measure,4944.0,1800.0,8.8992,64.78
161.932,measure,4944.0,1792.0,8.8596,64.66
162.033,measure,4944.0,1784.0,8.8201,64.41
162.133,measure,4944.0,1776.0,8.7805,64.66
162.233,measure,4944.0,1784.0,8.8201,64.72
162.333,measure,4944.0,1800.0,8.8992,64.56
162.433,measure,4944.0,1792.0,8.8596,64.44
162.533,measure,4944.0,1792.0,8.8596,64.53
162.633,measure,4944.0,1768.0,8.7410,64.41
162.734,measure,4944.0,1784.0,8.8201,64.53
162.834,measure,4944.0,1800.0,8.8992,64.53
162.934,measure,4944.0,1792.0,8.8596,64.72
163.034,measure,4944.0,1784.0,8.8201,64.56
163.134,measure,4944.0,1776.0,8.7805,64.50
163.235,measure,4944.0,1792.0,8.8596,64.69
163.335,measure,4944.0,1800.0,8.8992,64.69
163.435,measure,4944.0,1792.0,8.8596,64.69
163.535,measure,4944.0,1784.0,8.8201,64.78
163.635,measure,4944.0,1776.0,8.7805,64.56
163.735,measure,4944.0,1792.0,8.8596,64.50
163.835,measure,4944.0,1800.0,8.8992,64.84
163.936,measure,4944.0,1800.0,8.8992,64.75
164.036,measure,4944.0,1784.0,8.8201,64.50
164.136,measure,4944.0,1784.0,8.8201,64.34
164.236,measure,4944.0,1800.0,8.8992,64.50
164.336,measure,4944.0,1800.0,8.8992,64.56
164.436,measure,4944.0,1792.0,8.8596,64.59
164.536,measure,4944.0,1784.0,8.8201,64.47
164.636,measure,4944.0,1784.0,8.8201,64.41
164.737,measure,4944.0,1800.0,8.8992,64.78
164.837,measure,4944.0,1800.0,8.8992,64.62
164.937,measure,4944.0,1792.0,8.8596,64.72
165.037,measure,4944.0,1776.0,8.7805,64.56
165.137,measure,4944.0,1792.0,8.8596,64.62
165.237,measure,4944.0,1808.0,8.9388,64.78
165.337,measure,4944.0,1800.0,8.8992,64.72
165.437,measure,4944.0,1792.0,8.8596,64.50
165.538,measure,4944.0,1776.0,8.7805,64.38
165.638,measure,4944.0,1784.0,8.8201,64.78
165.738,measure,4944.0,1800.0,8.8992,64.59
165.838,measure,4944.0,1800.0,8.8992,64.53
165.938,measure,4944.0,1792.0,8.8596,64.56
166.038,measure,4944.0,1776.0,8.7805,64.47
166.139,measure,4944.0,1784.0,8.8201,64.53
166.239,measure,4944.0,1800.0,8.8992,64.75
166.339,measure,4944.0,1792.0,8.8596,64.56
166.439,measure,4944.0,1792.0,8.8596,64.69
166.539,measure,4944.0,1776.0,8.7805,64.50
166.639,measure,4944.0,1784.0,8.8201,64.72
166.739,measure,4944.0,1800.0,8.8992,64.78
166.840,measure,4944.0,1800.0,8.8992,64.75
166.940,measure,4944.0,1800.0,8.8992,64.84
167.040,measure,4944.0,1784.0,8.8201,64.78
167.140,measure,4944.0,1784.0,8.8201,64.50
167.240,measure,4944.0,1800.0,8.8992,64.66
167.340,measure,4944.0,1808.0,8.9388,64.81
167.440,measure,4944.0,1800.0,8.8992,64.56
167.541,measure,4944.0,1784.0,8.8201,64.41
167.641,measure,4944.0,1776.0,8.7805,64.47
167.741,measure,4944.0,1792.0,8.8596,64.78
167.841,measure,4944.0,1792.0,8.8596,64.72
167.941,measure,4944.0,1792.0,8.8596,64.62
168.041,measure,4944.0,1776.0,8.7805,64.56
168.141,measure,4944.0,1776.0,8.7805,64.59
168.242,measure,4944.0,1792.0,8.8596,64.78
168.342,measure,4944.0,1792.0,8.8596,64.91
168.442,measure,4944.0,1792.0,8.8596,64.72
168.543,measure,4944.0,1776.0,8.7805,64.56
168.643,measure,4944.0,1776.0,8.7805,64.34
168.743,measure,4944.0,1800.0,8.8992,64.84
168.843,measure,4944.0,1792.0,8.8596,64.56
168.943,measure,4944.0,1792.0,8.8596,64.47
169.044,measure,4944.0,1776.0,8.7805,64.78
169.144,measure,4944.0,1776.0,8.7805,64.53
169.244,measure,4944.0,1800.0,8.8992,64.66
169.344,measure,4944.0,1792.0,8.8596,64.66
169.444,measure,4944.0,1784.0,8.8201,64.50
169.544,measure,4944.0,1776.0,8.7805,64.62
169.644,measure,4944.0,1784.0,8.8201,64.50
169.744,measure,4944.0,1800.0,8.8992,64.81
169.845,measure,4944.0,1800.0,8.8992,64.78
169.945,measure,4944.0,1792.0,8.8596,64.69
170.045,measure,4944.0,1776.0,8.7805,64.78
170.145,measure,4944.0,1784.0,8.8201,64.69
170.245,measure,4944.0,1800.0,8.8992,64.81
170.345,measure,4944.0,1792.0,8.8596,64.56
170.445,measure,4944.0,1784.0,8.8201,64.81
170.545,measure,4944.0,1768.0,8.7410,64.44
170.646,measure,4944.0,1784.0,8.8201,64.50
170.746,measure,4944.0,1800.0,8.8992,65.00
170.846,measure,4944.0,1792.0,8.8596,64.66
170.946,measure,4944.0,1792.0,8.8596,64.72
171.046,measure,4944.0,1776.0,8.7805,64.56
171.146,measure,4944.0,1792.0,8.8596,64.53
171.246,measure,4944.0,1808.0,8.9388,64.78
171.347,measure,4944.0,1800.0,8.8992,64.75
171.447,measure,4944.0,1800.0,8.8992,64.59
171.547,measure,4944.0,1784.0,8.8201,64.69
171.647,measure,4944.0,1792.0,8.8596,64.72
171.747,measure,4944.0,1808.0,8.9388,64.97
171.847,measure,4944.0,1792.0,8.8596,64.84
171.947,measure,4944.0,1792.0,8.8596,64.72
172.047,measure,4944.0,1776.0,8.7805,64.47
172.148,measure,4944.0,1792.0,8.8596,64.75
172.248,measure,4944.0,1808.0,8.9388,64.88
172.348,measure,4944.0,1800.0,8.8992,64.62
172.448,measure,4944.0,1792.0,8.8596,64.47
172.548,measure,4944.0,1784.0,8.8201,64.53
172.648,measure,4944.0,1784.0,8.8201,64.44
172.748,measure,4944.0,1808.0,8.9388,64.78
172.849,measure,4944.0,1800.0,8.8992,64.66
172.949,measure,4944.0,1800.0,8.8992,64.69
173.049,measure,4944.0,1784.0,8.8201,64.66
173.149,measure,4944.0,1784.0,8.8201,64.66
173.249,measure,4944.0,1800.0,8.8992,64.84
173.349,measure,4944.0,1800.0,8.8992,64.81
173.449,measure,4944.0,1800.0,8.8992,64.69
173.550,measure,4944.0,1792.0,8.8596,64.91
173.650,measure,4944.0,1784.0,8.8201,64.72
173.750,measure,4944.0,1800.0,8.8992,64.56
173.850,measure,4944.0,1800.0,8.8992,65.00
173.950,measure,4944.0,1800.0,8.8992,64.72
174.051,measure,4944.0,1792.0,8.8596,64.59
174.151,measure,4944.0,1784.0,8.8201,64.41
174.251,measure,4944.0,1800.0,8.8992,64.56
174.351,measure,4944.0,1808.0,8.9388,64.69
174.451,measure,4944.0,1800.0,8.8992,64.81
174.551,measure,4944.0,1792.0,8.8596,64.59
174.651,measure,4944.0,1776.0,8.7805,64.53
174.752,measure,4944.0,1792.0,8.8596,64.72
174.852,measure,4944.0,1808.0,8.9388,64.75
174.952,measure,4944.0,1800.0,8.8992,64.84
175.052,measure,4944.0,1800.0,8.8992,64.78
175.152,measure,4944.0,1784.0,8.8201,64.62
175.252,measure,4944.0,1792.0,8.8596,64.81
175.352,measure,4944.0,1808.0,8.9388,64.91
175.452,measure,4944.0,1800.0,8.8992,64.69
175.553,measure,4944.0,1800.0,8.8992,64.94
175.653,measure,4944.0,1784.0,8.8201,64.78
175.753,measure,4944.0,1784.0,8.8201,64.53
175.853,measure,4944.0,1800.0,8.8992,64.75
175.953,measure,4944.0,1800.0,8.8992,64.69
176.053,measure,4944.0,1800.0,8.8992,64.62
176.153,measure,4944.0,1784.0,8.8201,64.66
176.254,measure,4944.0,1784.0,8.8201,64.56
176.354,measure,4944.0,1800.0,8.8992,64.88
176.454,measure,4944.0,1800.0,8.8992,64.84
176.554,measure,4944.0,1800.0,8.8992,64.72
176.655,measure,4944.0,1784.0,8.8201,64.81
176.755,measure,4944.0,1776.0,8.7805,64.72
176.855,measure,4944.0,1792.0,8.8596,64.72
176.955,measure,4944.0,1800.0,8.8992,65.00
177.055,measure,4944.0,1792.0,8.8596,64.78
177.155,measure,4944.0,1784.0,8.8201,64.59
177.255,measure,4944.0,1784.0,8.8201,64.53
177.356,measure,4944.0,1800.0,8.8992,64.66
177.456,measure,4944.0,1800.0,8.8992,64.69
177.556,measure,4944.0,1800.0,8.8992,64.75
177.656,measure,4944.0,1792.0,8.8596,64.69
177.756,measure,4944.0,1776.0,8.7805,64.56
177.856,measure,4944.0,1792.0,8.8596,64.78
177.956,measure,4944.0,1800.0,8.8992,64.78
178.056,measure,4944.0,1800.0,8.8992,64.75
178.157,measure,4944.0,1792.0,8.8596,64.78
178.257,measure,4944.0,1776.0,8.7805,64.69
178.357,measure,4944.0,1800.0,8.8992,64.94
178.457,measure,4944.0,1808.0,8.9388,64.94
178.557,measure,4944.0,1800.0,8.8992,64.78
178.657,measure,4944.0,1792.0,8.8596,64.97
178.757,measure,4944.0,1776.0,8.7805,64.78
178.858,measure,4944.0,1792.0,8.8596,64.81
178.958,measure,4944.0,1808.0,8.9388,64.72
179.058,measure,4944.0,1800.0,8.8992,64.94
179.158,measure,4944.0,1800.0,8.8992,64.72
179.258,measure,4944.0,1784.0,8.8201,64.66
179.358,measure,4944.0,1792.0,8.8596,64.66
179.458,measure,4944.0,1808.0,8.9388,64.78
179.558,measure,4944.0,1800.0,8.8992,64.91
179.659,measure,4944.0,1800.0,8.8992,64.78
179.759,measure,4944.0,1784.0,8.8201,64.56
179.859,measure,4944.0,1792.0,8.8596,64.78
179.959,measure,4944.0,1808.0,8.9388,64.88
180.059,measure,4944.0,1800.0,8.8992,65.09
180.159,measure,4944.0,1800.0,8.8992,64.84
180.259,measure,4944.0,1784.0,8.8201,64.78
180.360,measure,4944.0,1784.0,8.8201,64.53
180.460,measure,4944.0,1800.0,8.8992,64.94
180.560,measure,4944.0,1800.0,8.8992,64.91
180.660,measure,4944.0,1800.0,8.8992,64.69
180.760,measure,4944.0,1784.0,8.8201,64.94
180.860,measure,4944.0,1776.0,8.7805,64.59
180.961,measure,4944.0,1800.0,8.8992,64.69
181.061,measure,4944.0,1800.0,8.8992,64.78
181.161,measure,4944.0,1800.0,8.8992,64.78
181.261,measure,4944.0,1792.0,8.8596,64.78
181.361,measure,4944.0,1776.0,8.7805,64.72
181.462,measure,4944.0,1800.0,8.8992,64.78
181.562,measure,4944.0,1808.0,8.9388,64.94
181.662,measure,4944.0,1800.0,8.8992,64.88
181.762,measure,4944.0,1784.0,8.8201,65.00
181.862,measure,4944.0,1776.0,8.7805,64.88
181.962,measure,4944.0,1792.0,8.8596,64.88
182.063,measure,4944.0,1808.0,8.9388,64.75
182.163,measure,4944.0,1800.0,8.8992,64.97
182.263,measure,4944.0,1800.0,8.8992,64.75
182.363,measure,4944.0,1784.0,8.8201,64.56
182.463,measure,4944.0,1784.0,8.8201,65.03
182.563,measure,4944.0,1800.0,8.8992,64.78
182.663,measure,4944.0,1808.0,8.9388,64.84
182.764,measure,4944.0,1800.0,8.8992,64.81
182.864,measure,4944.0,1784.0,8.8201,64.75
182.964,measure,4944.0,1776.0,8.7805,64.78
183.064,measure,4944.0,1800.0,8.8992,64.88
183.164,measure,4944.0,1800.0,8.8992,64.88
183.264,measure,4944.0,1800.0,8.8992,64.97
183.365,measure,4944.0,1792.0,8.8596,64.84
183.465,measure,4944.0,1776.0,8.7805,64.53
183.565,measure,4944.0,1792.0,8.8596,65.03
183.665,measure,4944.0,1808.0,8.9388,64.97
183.765,measure,4944.0,1800.0,8.8992,64.78
183.865,measure,4944.0,1792.0,8.8596,64.94
183.965,measure,4944.0,1776.0,8.7805,64.75
184.066,measure,4944.0,1792.0,8.8596,64.69
184.166,measure,4944.0,1808.0,8.9388,64.88
184.266,measure,4944.0,1808.0,8.9388,64.88
184.366,measure,4944.0,1800.0,8.8992,64.78
184.466,measure,4944.0,1784.0,8.8201,64.75
184.566,measure,4944.0,1792.0,8.8596,64.75
184.667,measure,4944.0,1808.0,8.9388,65.00
184.767,measure,4944.0,1808.0,8.9388,64.91
184.867,measure,4944.0,1800.0,8.8992,65.03
184.967,measure,4944.0,1784.0,8.8201,64.94
185.067,measure,4944.0,1776.0,8.7805,64.81
185.167,measure,4944.0,1792.0,8.8596,64.69
185.267,measure,4944.0,1800.0,8.8992,65.09
185.368,measure,4944.0,1792.0,8.8596,64.88
185.468,measure,4944.0,1784.0,8.8201,64.62
185.568,measure,4944.0,1784.0,8.8201,65.03
185.668,measure,4944.0,1800.0,8.8992,64.78
185.768,measure,4944.0,1800.0,8.8992,64.78
185.868,measure,4944.0,1792.0,8.8596,64.91
185.969,measure,4944.0,1784.0,8.8201,64.75
186.069,measure,4944.0,1776.0,8.7805,64.69
186.169,measure,4944.0,1800.0,8.8992,64.88
186.269,measure,4944.0,1800.0,8.8992,64.78
186.369,measure,4944.0,1792.0,8.8596,64.97
186.469,measure,4944.0,1784.0,8.8201,64.78
186.570,measure,4944.0,1784.0,8.8201,64.75
186.670,measure,4944.0,1800.0,8.8992,65.00
186.770,measure,4944.0,1792.0,8.8596,64.97
186.870,measure,4944.0,1784.0,8.8201,64.78
186.970,measure,4944.0,1776.0,8.7805,64.88
187.070,measure,4944.0,1784.0,8.8201,64.94
187.170,measure,4944.0,1808.0,8.9388,64.78
187.271,measure,4944.0,1800.0,8.8992,64.78
187.371,measure,4944.0,1800.0,8.8992,64.75
187.471,measure,4944.0,1784.0,8.8201,64.75
187.571,measure,4944.0,1784.0,8.8201,64.78
187.671,measure,4944.0,1800.0,8.8992,64.78
187.771,measure,4944.0,1800.0,8.8992,64.78
187.871,measure,4944.0,1800.0,8.8992,64.91
187.972,measure,4944.0,1784.0,8.8201,64.78
188.072,measure,4944.0,1784.0,8.8201,64.81
188.172,measure,4944.0,1800.0,8.8992,64.94
188.272,measure,4944.0,1800.0,8.8992,64.81
188.372,measure,4944.0,1800.0,8.8992,65.06
188.472,measure,4944.0,1792.0,8.8596,64.88
188.573,measure,4944.0,1784.0,8.8201,64.72
188.673,measure,4944.0,1800.0,8.8992,65.16
188.773,measure,4944.0,1816.0,8.9783,65.03
188.873,measure,4944.0,1808.0,8.9388,64.78
188.973,measure,4944.0,1800.0,8.8992,64.62
189.073,measure,4944.0,1784.0,8.8201,64.75
189.173,measure,4944.0,1800.0,8.8992,64.75
189.274,measure,4944.0,1816.0,8.9783,64.94
189.374,measure,4944.0,1808.0,8.9388,64.84
189.474,measure,4944.0,1800.0,8.8992,64.78
189.574,measure,4944.0,1792.0,8.8596,64.84
189.674,measure,4944.0,1784.0,8.8201,65.03
189.775,measure,4944.0,1800.0,8.8992,65.00
189.875,measure,4944.0,1800.0,8.8992,64.97
189.975,measure,4944.0,1792.0,8.8596,64.91
190.075,measure,4944.0,1784.0,8.8201,65.00
190.176,measure,4944.0,1784.0,8.8201,64.91
190.276,measure,4944.0,1800.0,8.8992,64.78
190.376,measure,4944.0,1800.0,8.8992,65.19
190.476,measure,4944.0,1792.0,8.8596,64.97
190.576,measure,4944.0,1784.0,8.8201,64.75
190.676,measure,4944.0,1776.0,8.7805,64.78
190.776,measure,4944.0,1792.0,8.8596,64.81
190.877,measure,4944.0,1792.0,8.8596,64.78
190.977,measure,4944.0,1792.0,8.8596,64.97
191.077,measure,4944.0,1776.0,8.7805,64.78
191.177,measure,4944.0,1784.0,8.8201,64.94
191.277,measure,4944.0,1800.0,8.8992,64.97
191.377,measure,4944.0,1808.0,8.9388,64.94
191.478,measure,4944.0,1800.0,8.8992,65.12
191.578,measure,4944.0,1792.0,8.8596,64.88
191.678,measure,4944.0,1784.0,8.8201,64.81
191.778,measure,4944.0,1800.0,8.8992,65.06
191.878,measure,4944.0,1808.0,8.9388,65.19
191.979,measure,4944.0,1808.0,8.9388,64.78
192.079,measure,4944.0,1792.0,8.8596,64.84
192.179,measure,4944.0,1776.0,8.7805,64.88
192.279,measure,4944.0,1792.0,8.8596,64.78
192.379,measure,4944.0,1808.0,8.9388,64.81
192.479,measure,4944.0,1800.0,8.8992,64.97
192.579,measure,4944.0,1792.0,8.8596,64.81
192.680,measure,4944.0,1784.0,8.8201,64.81
192.780,measure,4944.0,1792.0,8.8596,64.88
192.880,measure,4944.0,1808.0,8.9388,65.00
192.980,measure,4944.0,1800.0,8.8992,65.03
193.080,measure,4944.0,1800.0,8.8992,64.94
193.180,measure,4944.0,1784.0,8.8201,65.03
193.281,measure,4944.0,1784.0,8.8201,64.91
193.381,measure,4944.0,1800.0,8.8992,64.97
193.481,measure,4944.0,1800.0,8.8992,65.12
193.581,measure,4944.0,1800.0,8.8992,65.09
193.681,measure,4944.0,1784.0,8.8201,64.75
193.781,measure,4944.0,1784.0,8.8201,64.75
193.881,measure,4944.0,1800.0,8.8992,64.91
193.982,measure,4944.0,1800.0,8.8992,64.94
194.082,measure,4944.0,1792.0,8.8596,64.91
194.182,measure,4944.0,1784.0,8.8201,64.84
194.282,measure,4944.0,1776.0,8.7805,64.78
194.382,measure,4944.0,1800.0,8.8992,65.03
194.482,measure,4944.0,1800.0,8.8992,64.94
194.582,measure,4944.0,1792.0,8.8596,65.16
194.683,measure,4944.0,1784.0,8.8201,65.00
194.783,measure,4944.0,1784.0,8.8201,64.78
194.883,measure,4944.0,1800.0,8.8992,65.12
194.983,measure,4944.0,1800.0,8.8992,65.12
195.083,measure,4944.0,1800.0,8.8992,65.00
195.183,measure,4944.0,1792.0,8.8596,64.75
195.284,measure,4944.0,1784.0,8.8201,64.97
195.384,measure,4944.0,1800.0,8.8992,64.78
195.484,measure,4944.0,1808.0,8.9388,64.94
195.584,measure,4944.0,1800.0,8.8992,65.12
195.684,measure,4944.0,1784.0,8.8201,64.81
195.784,measure,4944.0,1784.0,8.8201,64.78
195.884,measure,4944.0,1800.0,8.8992,65.03
195.984,measure,4944.0,1792.0,8.8596,64.94
196.085,measure,4944.0,1784.0,8.8201,64.91
196.185,measure,4944.0,1768.0,8.7410,64.78
196.285,measure,4944.0,1784.0,8.8201,64.91
196.385,measure,4944.0,1800.0,8.8992,65.16
196.485,measure,4944.0,1792.0,8.8596,65.00
196.585,measure,4944.0,1784.0,8.8201,65.19
196.685,measure,4944.0,1768.0,8.7410,64.94
196.786,measure,4944.0,1784.0,8.8201,65.00
196.886,measure,4944.0,1800.0,8.8992,64.88
196.986,measure,4944.0,1792.0,8.8596,65.09
197.086,measure,4944.0,1784.0,8.8201,64.97
197.186,measure,4944.0,1776.0,8.7805,64.69
197.286,measure,4944.0,1792.0,8.8596,65.19
197.386,measure,4944.0,1800.0,8.8992,64.94
197.486,measure,4944.0,1800.0,8.8992,64.94
197.587,measure,4944.0,1784.0,8.8201,64.84
197.687,measure,4944.0,1776.0,8.7805,64.81
197.787,measure,4944.0,1792.0,8.8596,65.06
197.887,measure,4944.0,1800.0,8.8992,64.97
197.987,measure,4944.0,1792.0,8.8596,64.97
198.087,measure,4944.0,1776.0,8.7805,64.97
198.187,measure,4944.0,1776.0,8.7805,64.88
198.288,measure,4944.0,1792.0,8.8596,64.91
198.388,measure,4944.0,1792.0,8.8596,65.16
198.488,measure,4944.0,1784.0,8.8201,64.97
198.588,measure,4944.0,1768.0,8.7410,64.72
198.688,measure,4944.0,1784.0,8.8201,65.16
198.788,measure,4944.0,1800.0,8.8992,65.09
198.889,measure,4944.0,1792.0,8.8596,64.94
198.989,measure,4944.0,1784.0,8.8201,64.81
199.089,measure,4944.0,1768.0,8.7410,64.78
199.189,measure,4944.0,1792.0,8.8596,64.81
199.289,measure,4944.0,1800.0,8.8992,65.06
199.389,measure,4944.0,1800.0,8.8992,64.97
199.489,measure,4944.0,1784.0,8.8201,64.84
199.590,measure,4944.0,1776.0,8.7805,64.84
199.690,measure,4944.0,1792.0,8.8596,64.88
199.790,measure,4944.0,1800.0,8.8992,65.16
199.890,measure,4944.0,1792.0,8.8596,65.03
199.990,measure,4944.0,1784.0,8.8201,64.94
200.090,measure,4944.0,1776.0,8.7805,64.97
200.191,measure,4944.0,1792.0,8.8596,65.00
200.291,measure,4944.0,1800.0,8.8992,65.00
200.391,measure,4944.0,1792.0,8.8596,65.25
200.491,measure,4944.0,1784.0,8.8201,65.03
200.591,measure,4944.0,1776.0,8.7805,64.84
200.691,measure,4944.0,1792.0,8.8596,64.88
200.791,measure,4944.0,1800.0,8.8992,64.97
200.892,measure,4944.0,1800.0,8.8992,64.91
200.992,measure,4944.0,1784.0,8.8201,64.94
201.092,measure,4944.0,1784.0,8.8201,64.88
201.192,measure,4944.0,1800.0,8.8992,65.00
201.292,measure,4944.0,1816.0,8.9783,65.09
201.392,measure,4944.0,1808.0,8.9388,65.00
201.492,measure,4944.0,1792.0,8.8596,65.09
201.593,measure,4944.0,1776.0,8.7805,64.91
201.693,measure,4944.0,1792.0,8.8596,65.00
201.793,measure,4944.0,1800.0,8.8992,65.25
201.893,measure,4944.0,1800.0,8.8992,65.12
201.993,measure,4944.0,1792.0,8.8596,64.84
202.093,measure,4944.0,1776.0,8.7805,64.75
202.194,measure,4944.0,1792.0,8.8596,65.16
202.294,measure,4944.0,1808.0,8.9388,64.97
202.394,measure,4944.0,1800.0,8.8992,64.94
202.494,measure,4944.0,1800.0,8.8992,64.97
202.594,measure,4944.0,1784.0,8.8201,64.84
202.694,measure,4944.0,1792.0,8.8596,64.91
202.794,measure,4944.0,1808.0,8.9388,65.00
202.895,measure,4944.0,1808.0,8.9388,64.97
202.995,measure,4944.0,1800.0,8.8992,65.00
203.095,measure,4944.0,1784.0,8.8201,64.97
203.195,measure,4944.0,1784.0,8.8201,65.06
203.295,measure,4944.0,1800.0,8.8992,65.09
203.395,measure,4944.0,1800.0,8.8992,65.12
203.495,measure,4944.0,1800.0,8.8992,65.28
203.596,measure,4944.0,1784.0,8.8201,65.00
203.696,measure,4944.0,1784.0,8.8201,64.78
203.796,measure,4944.0,1800.0,8.8992,64.94
203.897,measure,4944.0,1800.0,8.8992,65.03
203.997,measure,4944.0,1792.0,8.8596,64.88
204.097,measure,4944.0,1784.0,8.8201,64.97
204.197,measure,4944.0,1776.0,8.7805,64.91
204.297,measure,4944.0,1792.0,8.8596,65.09
204.397,measure,4944.0,1800.0,8.8992,65.16
204.497,measure,4944.0,1800.0,8.8992,65.03
204.598,measure,4944.0,1792.0,8.8596,65.12
204.698,measure,4944.0,1784.0,8.8201,64.88
204.798,measure,4944.0,1800.0,8.8992,64.94
204.898,measure,4944.0,1816.0,8.9783,65.31
204.998,measure,4944.0,1808.0,8.9388,65.25
205.098,measure,4944.0,1808.0,8.9388,65.06
205.199,measure,4944.0,1784.0,8.8201,64.91
205.299,measure,4944.0,1792.0,8.8596,65.00
205.399,measure,4944.0,1808.0,8.9388,65.00
205.499,measure,4944.0,1808.0,8.9388,65.00
205.599,measure,4944.0,1800.0,8.8992,64.97
205.699,measure,4944.0,1784.0,8.8201,64.81
205.799,measure,4944.0,1784.0,8.8201,64.91
205.900,measure,4944.0,1800.0,8.8992,65.03
206.000,measure,4944.0,1800.0,8.8992,65.03
206.100,measure,4944.0,1792.0,8.8596,65.06
206.200,measure,4944.0,1784.0,8.8201,64.94
206.300,measure,4944.0,1776.0,8.7805,65.03
206.400,measure,4944.0,1800.0,8.8992,65.16
206.500,measure,4944.0,1800.0,8.8992,65.06
206.601,measure,4944.0,1792.0,8.8596,65.28
206.701,measure,4944.0,1784.0,8.8201,65.03
206.801,measure,4944.0,1776.0,8.7805,64.94
206.901,measure,4944.0,1792.0,8.8596,64.94
207.001,measure,4944.0,1808.0,8.9388,65.25
207.101,measure,4944.0,1800.0,8.8992,65.00
207.202,measure,4944.0,1800.0,8.8992,64.84
207.302,measure,4944.0,1784.0,8.8201,64.91
207.402,measure,4944.0,1792.0,8.8596,64.88
207.502,measure,4944.0,1808.0,8.9388,65.09
207.602,measure,4944.0,1800.0,8.8992,65.09
207.702,measure,4944.0,1792.0,8.8596,64.97
207.802,measure,4944.0,1784.0,8.8201,65.03
207.903,measure,4944.0,1792.0,8.8596,64.97
208.003,measure,4944.0,1808.0,8.9388,65.22
208.103,measure,4944.0,1808.0,8.9388,65.19
208.203,measure,4944.0,1800.0,8.8992,65.00
208.303,measure,4944.0,1800.0,8.8992,65.25
208.403,measure,4944.0,1784.0,8.8201,65.00
208.504,measure,4944.0,1800.0,8.8992,65.12
208.604,measure,4944.0,1808.0,8.9388,65.00
208.704,measure,4944.0,1800.0,8.8992,65.28
208.804,measure,4944.0,1800.0,8.8992,64.97
208.904,measure,4944.0,1776.0,8.7805,64.88
209.004,measure,4944.0,1800.0,8.8992,65.00
209.104,measure,4944.0,1808.0,8.9388,65.00
209.204,measure,4944.0,1800.0,8.8992,64.91
209.305,measure,4944.0,1792.0,8.8596,65.00
209.405,measure,4944.0,1776.0,8.7805,64.94
209.505,measure,4944.0,1784.0,8.8201,65.03
209.605,measure,4944.0,1800.0,8.8992,65.09
209.705,measure,4944.0,1800.0,8.8992,65.06
209.805,measure,4944.0,1792.0,8.8596,65.16
209.905,measure,4944.0,1784.0,8.8201,64.97
210.006,measure,4944.0,1784.0,8.8201,64.84
210.106,measure,4944.0,1800.0,8.8992,65.28
210.206,measure,4944.0,1800.0,8.8992,65.16
210.306,measure,4944.0,1792.0,8.8596,64.97
210.406,measure,4944.0,1776.0,8.7805,65.12
210.506,measure,4944.0,1792.0,8.8596,64.84
210.606,measure,4944.0,1808.0,8.9388,64.97
210.707,measure,4944.0,1800.0,8.8992,65.09
210.807,measure,4944.0,1792.0,8.8596,65.00
210.907,measure,4944.0,1784.0,8.8201,64.88
211.007,measure,4944.0,1784.0,8.8201,64.97
211.107,measure,4944.0,1800.0,8.8992,65.06
211.207,measure,4944.0,1808.0,8.9388,65.19
211.307,measure,4944.0,1800.0,8.8992,65.09
211.408,measure,4944.0,1792.0,8.8596,64.94
211.508,measure,4944.0,1784.0,8.8201,65.09
211.608,measure,4944.0,1800.0,8.8992,65.16
211.708,measure,4944.0,1800.0,8.8992,65.09
211.808,measure,4944.0,1800.0,8.8992,65.19
211.908,measure,4944.0,1784.0,8.8201,65.12
212.009,measure,4944.0,1784.0,8.8201,64.81
212.109,measure,4944.0,1800.0,8.8992,65.38
212.209,measure,4944.0,1800.0,8.8992,65.09
212.309,measure,4944.0,1800.0,8.8992,65.00
212.409,measure,4944.0,1784.0,8.8201,65.00
212.509,measure,4944.0,1776.0,8.7805,64.91
212.610,measure,4944.0,1792.0,8.8596,65.12
212.710,measure,4944.0,1792.0,8.8596,65.09
212.810,measure,4944.0,1792.0,8.8596,65.06
212.910,measure,4944.0,1784.0,8.8201,65.12
213.010,measure,4944.0,1784.0,8.8201,65.03
213.110,measure,4944.0,1800.0,8.8992,65.06
213.210,measure,4944.0,1800.0,8.8992,65.28
213.311,measure,4944.0,1800.0,8.8992,65.06
213.411,measure,4944.0,1784.0,8.8201,64.94
213.511,measure,4944.0,1784.0,8.8201,65.12
213.611,measure,4944.0,1800.0,8.8992,65.22
213.711,measure,4944.0,1800.0,8.8992,65.06
213.811,measure,4944.0,1792.0,8.8596,64.88
213.911,measure,4944.0,1784.0,8.8201,65.00
214.012,measure,4944.0,1792.0,8.8596,64.94
214.112,measure,4944.0,1800.0,8.8992,65.12
214.212,measure,4944.0,1808.0,8.9388,65.06
214.312,measure,4944.0,1800.0,8.8992,65.25
214.412,measure,4944.0,1784.0,8.8201,64.97
214.512,measure,4944.0,1784.0,8.8201,64.94
214.612,measure,4944.0,1800.0,8.8992,65.16
214.713,measure,4944.0,1800.0,8.8992,65.19
214.813,measure,4944.0,1792.0,8.8596,65.12
214.913,measure,4944.0,1776.0,8.7805,65.16
215.013,measure,4944.0,1784.0,8.8201,65.03
215.113,measure,4944.0,1800.0,8.8992,64.97
215.214,measure,4944.0,1800.0,8.8992,65.41
215.314,measure,4944.0,1792.0,8.8596,65.22
215.414,measure,4944.0,1776.0,8.7805,64.97
215.514,measure,4944.0,1784.0,8.8201,64.97
215.614,measure,4944.0,1800.0,8.8992,65.12
215.714,measure,4944.0,1808.0,8.9388,65.03
215.814,measure,4944.0,1800.0,8.8992,65.09
215.915,measure,4944.0,1792.0,8.8596,64.94
216.015,measure,4944.0,1792.0,8.8596,64.94
216.115,measure,4944.0,1808.0,8.9388,65.19
216.215,measure,4944.0,1808.0,8.9388,65.12
216.315,measure,4944.0,1800.0,8.8992,65.22
216.415,measure,4944.0,1784.0,8.8201,65.09
216.515,measure,4944.0,1784.0,8.8201,65.06
216.616,measure,4944.0,1800.0,8.8992,65.31
216.716,measure,4944.0,1800.0,8.8992,65.28
216.816,measure,4944.0,1800.0,8.8992,65.12
216.916,measure,4944.0,1784.0,8.8201,64.91
217.016,measure,4944.0,1784.0,8.8201,65.16
217.116,measure,4944.0,1800.0,8.8992,65.00
217.216,measure,4944.0,1808.0,8.9388,65.03
217.316,measure,4944.0,1800.0,8.8992,65.31
217.417,measure,4944.0,1784.0,8.8201,64.94
217.517,measure,4944.0,1784.0,8.8201,64.91
217.617,measure,4944.0,1800.0,8.8992,65.09
217.717,measure,4944.0,1800.0,8.8992,65.06
217.817,measure,4944.0,1800.0,8.8992,65.22
217.917,measure,4944.0,1792.0,8.8596,65.12
218.017,measure,4944.0,1784.0,8.8201,65.25
218.118,measure,4944.0,1800.0,8.8992,65.19
218.218,measure,4944.0,1808.0,8.9388,65.28
218.318,measure,4944.0,1808.0,8.9388,65.34
218.418,measure,4944.0,1792.0,8.8596,65.28
218.518,measure,4944.0,1776.0,8.7805,65.06
218.618,measure,4944.0,1792.0,8.8596,64.97
218.718,measure,4944.0,1808.0,8.9388,65.31
218.819,measure,4944.0,1800.0,8.8992,65.00
218.919,measure,4944.0,1800.0,8.8992,65.00
219.019,measure,4944.0,1784.0,8.8201,65.19
219.119,measure,4944.0,1792.0,8.8596,65.00
219.219,measure,4944.0,1808.0,8.9388,65.12
219.319,measure,4944.0,1808.0,8.9388,65.16
219.419,measure,4944.0,1800.0,8.8992,65.12
219.520,measure,4944.0,1784.0,8.8201,65.09
219.620,measure,4944.0,1784.0,8.8201,65.06
219.720,measure,4944.0,1800.0,8.8992,65.28
219.820,measure,4944.0,1792.0,8.8596,65.28
219.920,measure,4944.0,1792.0,8.8596,65.16
220.020,measure,4944.0,1784.0,8.8201,64.97
220.121,measure,4944.0,1784.0,8.8201,65.19
220.221,measure,4944.0,1800.0,8.8992,65.22
220.321,measure,4944.0,1800.0,8.8992,65.06
220.421,measure,4944.0,1792.0,8.8596,65.34
220.521,measure,4944.0,1784.0,8.8201,64.94
220.621,measure,4944.0,1784.0,8.8201,64.91
220.721,measure,4944.0,1800.0,8.8992,65.09
220.822,measure,4944.0,1800.0,8.8992,65.06
220.922,measure,4944.0,1792.0,8.8596,65.00
221.022,measure,4944.0,1784.0,8.8201,65.03
221.122,measure,4944.0,1784.0,8.8201,65.00
221.222,measure,4944.0,1800.0,8.8992,65.25
221.322,measure,4944.0,1800.0,8.8992,65.19
221.422,measure,4944.0,1792.0,8.8596,65.03
221.523,measure,4944.0,1776.0,8.7805,65.16
221.623,measure,4944.0,1784.0,8.8201,65.16
221.723,measure,4944.0,1800.0,8.8992,65.16
221.823,measure,4944.0,1800.0,8.8992,65.34
221.923,measure,4944.0,1800.0,8.8992,65.19
222.024,measure,4944.0,1784.0,8.8201,64.97
222.124,measure,4944.0,1784.0,8.8201,65.31
222.224,measure,4944.0,1800.0,8.8992,64.97
222.324,measure,4944.0,1800.0,8.8992,65.06
222.424,measure,4944.0,1800.0,8.8992,65.12
222.524,measure,4944.0,1784.0,8.8201,64.97
222.624,measure,4944.0,1784.0,8.8201,65.03
222.725,measure,4944.0,1800.0,8.8992,65.16
222.825,measure,4944.0,1808.0,8.9388,65.16
222.925,measure,4944.0,1800.0,8.8992,65.28
223.025,measure,4944.0,1792.0,8.8596,65.06
223.125,measure,4944.0,1792.0,8.8596,65.03
223.225,measure,4944.0,1808.0,8.9388,65.28
223.325,measure,4944.0,1816.0,8.9783,65.28
223.426,measure,4944.0,1808.0,8.9388,65.06
223.526,measure,4944.0,1800.0,8.8992,65.28
223.626,measure,4944.0,1784.0,8.8201,65.09
223.726,measure,4944.0,1800.0,8.8992,64.97
223.826,measure,4944.0,1816.0,8.9783,65.09
223.926,measure,4944.0,1816.0,8.9783,65.28
224.026,measure,4944.0,1808.0,8.9388,65.09
224.127,measure,4944.0,1800.0,8.8992,65.12
224.227,measure,4944.0,1792.0,8.8596,64.97
224.327,measure,4944.0,1808.0,8.9388,65.12
224.427,measure,4944.0,1808.0,8.9388,65.16
224.527,measure,4944.0,1800.0,8.8992,65.09
224.627,measure,4944.0,1792.0,8.8596,65.22
224.728,measure,4944.0,1784.0,8.8201,64.97
224.828,measure,4944.0,1800.0,8.8992,65.12
224.928,measure,4944.0,1816.0,8.9783,65.38
225.028,measure,4944.0,1808.0,8.9388,65.22
225.128,measure,4944.0,1800.0,8.8992,65.16
225.228,measure,4944.0,1784.0,8.8201,65.22
225.328,measure,4944.0,1792.0,8.8596,65.25
225.429,measure,4944.0,1816.0,8.9783,65.16
225.529,measure,4944.0,1816.0,8.9783,65.09
225.629,measure,4944.0,1808.0,8.9388,65.06
225.729,measure,4944.0,1792.0,8.8596,65.03
225.829,measure,4944.0,1784.0,8.8201,65.00
225.929,measure,4944.0,1800.0,8.8992,65.09
226.029,measure,4944.0,1816.0,8.9783,65.22
226.130,measure,4944.0,1808.0,8.9388,65.22
226.230,measure,4944.0,1800.0,8.8992,65.06
226.330,measure,4944.0,1784.0,8.8201,65.22
226.430,measure,4944.0,1800.0,8.8992,65.12
226.530,measure,4944.0,1816.0,8.9783,65.28
226.630,measure,4944.0,1824.0,9.0179,65.38
226.730,measure,4944.0,1808.0,8.9388,65.28
226.831,measure,4944.0,1800.0,8.8992,65.12
226.931,measure,4944.0,1792.0,8.8596,64.94
227.031,measure,4944.0,1800.0,8.8992,65.28
227.131,measure,4944.0,1816.0,8.9783,65.16
227.231,measure,4944.0,1808.0,8.9388,65.09
227.331,measure,4944.0,1800.0,8.8992,65.25
227.431,measure,4944.0,1784.0,8.8201,65.00
227.532,measure,4944.0,1800.0,8.8992,65.00
227.632,measure,4944.0,1816.0,8.9783,65.16
227.732,measure,4944.0,1808.0,8.9388,65.22
227.832,measure,4944.0,1800.0,8.8992,65.16
227.932,measure,4944.0,1792.0,8.8596,65.03
228.032,measure,4944.0,1792.0,8.8596,65.09
228.132,measure,4944.0,1808.0,8.9388,65.28
228.233,measure,4944.0,1808.0,8.9388,65.22
228.333,measure,4944.0,1800.0,8.8992,65.41
228.433,measure,4944.0,1792.0,8.8596,65.19
228.533,measure,4944.0,1792.0,8.8596,65.06
228.634,measure,4944.0,1808.0,8.9388,65.03
228.734,measure,4944.0,1808.0,8.9388,65.44
228.834,measure,4944.0,1808.0,8.9388,65.12
228.934,measure,4944.0,1792.0,8.8596,64.97
229.035,measure,4944.0,1784.0,8.8201,65.03
229.135,measure,4944.0,1800.0,8.8992,65.16
229.235,measure,4944.0,1816.0,8.9783,65.25
229.335,measure,4944.0,1808.0,8.9388,65.25
229.435,measure,4944.0,1800.0,8.8992,65.31
229.536,measure,4944.0,1784.0,8.8201,65.19
229.636,measure,4944.0,1792.0,8.8596,65.16
229.736,measure,4944.0,1808.0,8.9388,65.41
229.836,measure,4944.0,1808.0,8.9388,65.31
229.936,measure,4944.0,1800.0,8.8992,65.22
230.036,measure,4944.0,1784.0,8.8201,65.31
230.136,measure,4944.0,1784.0,8.8201,65.25
230.237,measure,4944.0,1800.0,8.8992,65.09
230.337,measure,4944.0,1800.0,8.8992,65.06
230.437,measure,4944.0,1800.0,8.8992,65.44
230.538,measure,4944.0,1792.0,8.8596,65.00
230.638,measure,4944.0,1784.0,8.8201,65.12
230.738,measure,4944.0,1800.0,8.8992,65.16
230.838,measure,4944.0,1808.0,8.9388,65.31
230.938,measure,4944.0,1800.0,8.8992,65.31
231.038,measure,4944.0,1784.0,8.8201,65.09
231.138,measure,4944.0,1784.0,8.8201,65.28
231.239,measure,4944.0,1800.0,8.8992,65.28
231.339,measure,4944.0,1800.0,8.8992,65.19
231.439,measure,4944.0,1800.0,8.8992,65.38
231.539,measure,4944.0,1784.0,8.8201,65.16
231.639,measure,4944.0,1784.0,8.8201,65.19
231.739,measure,4944.0,1808.0,8.9388,65.09
231.839,measure,4944.0,1808.0,8.9388,65.47
231.940,measure,4944.0,1800.0,8.8992,65.12
232.040,measure,4944.0,1784.0,8.8201,65.09
232.140,measure,4944.0,1784.0,8.8201,65.09
232.241,measure,4944.0,1800.0,8.8992,65.28
232.341,measure,4944.0,1808.0,8.9388,65.28
232.441,measure,4944.0,1800.0,8.8992,65.16
232.541,measure,4944.0,1784.0,8.8201,65.34
232.641,measure,4944.0,1784.0,8.8201,65.22
232.742,measure,4944.0,1800.0,8.8992,65.22
232.842,measure,4944.0,1792.0,8.8596,65.41
232.942,measure,4944.0,1792.0,8.8596,65.31
233.042,measure,4944.0,1784.0,8.8201,65.09
233.142,measure,4944.0,1784.0,8.8201,65.28
233.243,measure,4944.0,1800.0,8.8992,65.44
233.343,measure,4944.0,1808.0,8.9388,65.19
233.443,measure,4944.0,1800.0,8.8992,65.09
233.543,measure,4944.0,1784.0,8.8201,65.03
233.643,measure,4944.0,1784.0,8.8201,65.03
233.744,measure,4944.0,1800.0,8.8992,65.22
233.844,measure,4944.0,1800.0,8.8992,65.22
233.944,measure,4944.0,1800.0,8.8992,65.22
234.044,measure,4944.0,1792.0,8.8596,65.19
234.144,measure,4944.0,1784.0,8.8201,65.00
234.245,measure,4944.0,1800.0,8.8992,65.31
234.345,measure,4944.0,1808.0,8.9388,65.38
234.445,measure,4944.0,1808.0,8.9388,65.19
234.545,measure,4944.0,1800.0,8.8992,65.38
234.645,measure,4944.0,1784.0,8.8201,65.25
234.745,measure,4944.0,1800.0,8.8992,65.19
234.846,measure,4944.0,1816.0,8.9783,65.12
234.946,measure,4944.0,1808.0,8.9388,65.38
235.046,measure,4944.0,1792.0,8.8596,65.09
235.146,measure,4944.0,1776.0,8.7805,65.00
235.246,measure,4944.0,1792.0,8.8596,65.09
235.347,measure,4944.0,1800.0,8.8992,65.12
235.447,measure,4944.0,1800.0,8.8992,65.25
235.547,measure,4944.0,1792.0,8.8596,65.16
235.647,measure,4944.0,1776.0,8.7805,65.16
235.747,measure,4944.0,1800.0,8.8992,65.22
235.847,measure,4944.0,1800.0,8.8992,65.22
235.947,measure,4944.0,1792.0,8.8596,65.44
236.047,measure,4944.0,1784.0,8.8201,65.25
236.148,measure,4944.0,1768.0,8.7410,65.09
236.248,measure,4944.0,1792.0,8.8596,65.34
236.348,measure,4944.0,1800.0,8.8992,65.41
236.448,measure,4944.0,1792.0,8.8596,65.31
236.548,measure,4944.0,1784.0,8.8201,65.16
236.648,measure,4944.0,1776.0,8.7805,65.28
236.749,measure,4944.0,1792.0,8.8596,65.12
236.849,measure,4944.0,1800.0,8.8992,65.12
236.949,measure,4944.0,1792.0,8.8596,65.22
237.049,measure,4944.0,1792.0,8.8596,65.06
237.149,measure,4944.0,1776.0,8.7805,65.16
237.249,measure,4944.0,1792.0,8.8596,65.22
237.350,measure,4944.0,1800.0,8.8992,65.28
237.450,measure,4944.0,1792.0,8.8596,65.31
237.550,measure,4944.0,1784.0,8.8201,65.19
237.650,measure,4944.0,1776.0,8.7805,65.34
237.750,measure,4944.0,1792.0,8.8596,65.31
237.850,measure,4944.0,1800.0,8.8992,65.31
237.950,measure,4944.0,1792.0,8.8596,65.12
238.051,measure,4944.0,1784.0,8.8201,65.31
238.151,measure,4944.0,1776.0,8.7805,65.00
238.251,measure,4944.0,1792.0,8.8596,65.16
238.351,measure,4944.0,1800.0,8.8992,65.47
238.451,measure,4944.0,1800.0,8.8992,65.19
238.551,measure,4944.0,1784.0,8.8201,65.09
238.651,measure,4944.0,1776.0,8.7805,65.03
238.752,measure,4944.0,1800.0,8.8992,65.19
238.852,measure,4944.0,1800.0,8.8992,65.38
238.952,measure,4944.0,1792.0,8.8596,65.16
239.052,measure,4944.0,1784.0,8.8201,65.12
239.152,measure,4944.0,1784.0,8.8201,65.12
239.252,measure,4944.0,1800.0,8.8992,65.28
239.353,measure,4944.0,1800.0,8.8992,65.53
239.453,measure,4944.0,1792.0,8.8596,65.34
239.553,measure,4944.0,1784.0,8.8201,65.12
239.653,measure,4944.0,1784.0,8.8201,65.00
239.753,measure,4944.0,1808.0,8.9388,65.50
239.853,measure,4944.0,1800.0,8.8992,65.22
239.953,measure,4944.0,1792.0,8.8596,65.12
240.054,measure,4944.0,1776.0,8.7805,65.28
240.154,measure,4944.0,1784.0,8.8201,65.16
240.254,measure,4944.0,1800.0,8.8992,65.28
240.354,measure,4944.0,1800.0,8.8992,65.25
240.454,measure,4944.0,1792.0,8.8596,65.19
240.554,measure,4944.0,1784.0,8.8201,65.28
240.655,measure,4944.0,1784.0,8.8201,65.22
240.755,measure,4944.0,1800.0,8.8992,65.41
240.855,measure,4944.0,1800.0,8.8992,65.31
240.955,measure,4944.0,1800.0,8.8992,65.31
241.055,measure,4944.0,1784.0,8.8201,65.12
241.155,measure,4944.0,1784.0,8.8201,65.34
241.255,measure,4944.0,1800.0,8.8992,65.22
241.356,measure,4944.0,1800.0,8.8992,65.25
241.456,measure,4944.0,1800.0,8.8992,65.41
241.556,measure,4944.0,1784.0,8.8201,65.09
241.656,measure,4944.0,1784.0,8.8201,65.12
241.757,measure,4944.0,1800.0,8.8992,65.22
241.857,measure,4944.0,1800.0,8.8992,65.28
241.957,measure,4944.0,1800.0,8.8992,65.16
242.057,measure,4944.0,1792.0,8.8596,65.25
242.157,measure,4944.0,1784.0,8.8201,65.28
242.257,measure,4944.0,1800.0,8.8992,65.31
242.358,measure,4944.0,1800.0,8.8992,65.25
242.458,measure,4944.0,1800.0,8.8992,65.53
242.558,measure,4944.0,1792.0,8.8596,65.28
242.658,measure,4944.0,1784.0,8.8201,65.19
242.759,measure,4944.0,1800.0,8.8992,65.09
242.859,measure,4944.0,1816.0,8.9783,65.50
242.959,measure,4944.0,1808.0,8.9388,65.41
243.059,measure,4944.0,1800.0,8.8992,65.22
243.159,measure,4944.0,1784.0,8.8201,65.41
243.259,measure,4944.0,1800.0,8.8992,65.25
243.359,measure,4944.0,1808.0,8.9388,65.19
243.460,measure,4944.0,1808.0,8.9388,65.25
243.560,measure,4944.0,1792.0,8.8596,65.28
243.660,measure,4944.0,1784.0,8.8201,65.19
243.760,measure,4944.0,1800.0,8.8992,65.19
243.860,measure,4944.0,1808.0,8.9388,65.28
243.960,measure,4944.0,1808.0,8.9388,65.38
244.060,measure,4944.0,1800.0,8.8992,65.22
244.161,measure,4944.0,1784.0,8.8201,65.44
244.261,measure,4944.0,1792.0,8.8596,65.34
244.361,measure,4944.0,1808.0,8.9388,65.41
244.461,measure,4944.0,1808.0,8.9388,65.22
244.561,measure,4944.0,1800.0,8.8992,65.50
244.661,measure,4944.0,1792.0,8.8596,65.28
244.761,measure,4944.0,1784.0,8.8201,65.03
244.862,measure,4944.0,1808.0,8.9388,65.62
244.962,measure,4944.0,1800.0,8.8992,65.28
245.062,measure,4944.0,1800.0,8.8992,65.22
245.162,measure,4944.0,1784.0,8.8201,65.28
245.262,measure,4944.0,1784.0,8.8201,65.12
245.362,measure,4944.0,1800.0,8.8992,65.44
245.462,measure,4944.0,1800.0,8.8992,65.28
245.563,measure,4944.0,1800.0,8.8992,65.28
245.663,measure,4944.0,1784.0,8.8201,65.31
245.763,measure,4944.0,1784.0,8.8201,65.25
245.863,measure,4944.0,1800.0,8.8992,65.34
245.963,measure,4944.0,1800.0,8.8992,65.50
246.064,measure,4944.0,1800.0,8.8992,65.38
246.164,measure,4944.0,1784.0,8.8201,65.12
246.264,measure,4944.0,1784.0,8.8201,65.38
246.364,measure,4944.0,1800.0,8.8992,65.19
246.464,measure,4944.0,1800.0,8.8992,65.19
246.564,measure,4944.0,1800.0,8.8992,65.19
246.664,measure,4944.0,1784.0,8.8201,65.09
246.765,measure,4944.0,1784.0,8.8201,65.12
246.866,measure,4944.0,1800.0,8.8992,65.28
246.966,measure,4944.0,1800.0,8.8992,65.28
247.066,measure,4944.0,1792.0,8.8596,65.41
247.166,measure,4944.0,1776.0,8.7805,65.22
247.266,measure,4944.0,1776.0,8.7805,65.41
247.366,measure,4944.0,1800.0,8.8992,65.38
247.467,measure,4944.0,1808.0,8.9388,65.47
247.567,measure,4944.0,1808.0,8.9388,65.25
247.667,measure,4944.0,1800.0,8.8992,65.50
247.767,measure,4944.0,1784.0,8.8201,65.28
247.867,measure,4944.0,1792.0,8.8596,65.22
247.967,measure,4944.0,1808.0,8.9388,65.59
248.067,measure,4944.0,1800.0,8.8992,65.28
248.168,measure,4944.0,1800.0,8.8992,65.19
248.268,measure,4944.0,1784.0,8.8201,65.16
248.368,measure,4944.0,1792.0,8.8596,65.16
248.468,measure,4944.0,1808.0,8.9388,65.41
248.568,measure,4944.0,1800.0,8.8992,65.31
248.668,measure,4944.0,1800.0,8.8992,65.28
248.768,measure,4944.0,1784.0,8.8201,65.34
248.869,measure,4944.0,1792.0,8.8596,65.28
248.969,measure,4944.0,1808.0,8.9388,65.31
249.069,measure,4944.0,1800.0,8.8992,65.53
249.169,measure,4944.0,1792.0,8.8596,65.34
249.269,measure,4944.0,1784.0,8.8201,65.16
249.369,measure,4944.0,1792.0,8.8596,65.44
249.469,measure,4944.0,1808.0,8.9388,65.50
249.570,measure,4944.0,1808.0,8.9388,65.25
249.670,measure,4944.0,1800.0,8.8992,65.22
249.770,measure,4944.0,1784.0,8.8201,65.22
249.870,measure,4944.0,1792.0,8.8596,65.16
249.970,measure,4944.0,1808.0,8.9388,65.28
250.070,measure,4944.0,1808.0,8.9388,65.31
250.171,measure,4944.0,1808.0,8.9388,65.25
250.271,measure,4944.0,1792.0,8.8596,65.22
250.371,measure,4944.0,1784.0,8.8201,65.19
250.471,measure,4944.0,1800.0,8.8992,65.44
250.571,measure,4944.0,1808.0,8.9388,65.41
250.671,measure,4944.0,1800.0,8.8992,65.28
250.772,measure,4944.0,1792.0,8.8596,65.47
250.872,measure,4944.0,1784.0,8.8201,65.28
250.972,measure,4944.0,1800.0,8.8992,65.09
251.072,measure,4944.0,1808.0,8.9388,65.62
251.172,measure,4944.0,1800.0,8.8992,65.38
251.272,measure,4944.0,1792.0,8.8596,65.09
251.372,measure,4944.0,1784.0,8.8201,65.09
251.472,measure,4944.0,1800.0,8.8992,65.19
251.573,measure,4944.0,1808.0,8.9388,65.31
251.673,measure,4944.0,1808.0,8.9388,65.34
251.773,measure,4944.0,1800.0,8.8992,65.25
251.873,measure,4944.0,1784.0,8.8201,65.12
251.973,measure,4944.0,1800.0,8.8992,65.28
252.073,measure,4944.0,1808.0,8.9388,65.34
252.173,measure,4944.0,1808.0,8.9388,65.50
252.273,measure,4944.0,1800.0,8.8992,65.34
252.374,measure,4944.0,1784.0,8.8201,65.16
252.474,measure,4944.0,1800.0,8.8992,65.44
252.574,measure,4944.0,1808.0,8.9388,65.50
252.674,measure,4944.0,1816.0,8.9783,65.47
252.774,measure,4944.0,1808.0,8.9388,65.16
252.874,measure,4944.0,1800.0,8.8992,65.38
252.974,measure,4944.0,1792.0,8.8596,65.09
253.075,measure,4944.0,1800.0,8.8992,65.28
253.175,measure,4944.0,1808.0,8.9388,65.59
253.275,measure,4944.0,1800.0,8.8992,65.22
253.375,measure,4944.0,1784.0,8.8201,65.16
253.475,measure,4944.0,1784.0,8.8201,65.25
253.576,measure,4944.0,1800.0,8.8992,65.47
253.676,measure,4944.0,1808.0,8.9388,65.50
253.776,measure,4944.0,1800.0,8.8992,65.31
253.876,measure,4944.0,1792.0,8.8596,65.44
253.976,measure,4944.0,1792.0,8.8596,65.28
254.076,measure,4944.0,1808.0,8.9388,65.19
254.177,measure,4944.0,1800.0,8.8992,65.56
254.277,measure,4944.0,1792.0,8.8596,65.47
254.377,measure,4944.0,1784.0,8.8201,65.19
254.477,measure,4944.0,1784.0,8.8201,65.16
254.577,measure,4944.0,1800.0,8.8992,65.59
254.677,measure,4944.0,1792.0,8.8596,65.28
254.777,measure,4944.0,1792.0,8.8596,65.16
254.878,measure,4944.0,1776.0,8.7805,65.44
254.978,measure,4944.0,1792.0,8.8596,65.25
255.078,measure,4944.0,1800.0,8.8992,65.25
255.178,measure,4944.0,1800.0,8.8992,65.38
255.278,measure,4944.0,1792.0,8.8596,65.25
255.378,measure,4944.0,1776.0,8.7805,65.28
255.478,measure,4944.0,1792.0,8.8596,65.28
255.578,measure,4944.0,1808.0,8.9388,65.56
255.679,measure,4944.0,1800.0,8.8992,65.53
255.779,measure,4944.0,1800.0,8.8992,65.38
255.879,measure,4944.0,1784.0,8.8201,65.16
255.979,measure,4944.0,1792.0,8.8596,65.44
256.079,measure,4944.0,1808.0,8.9388,65.44
256.179,measure,4944.0,1800.0,8.8992,65.28
256.279,measure,4944.0,1792.0,8.8596,65.50
256.380,measure,4944.0,1784.0,8.8201,65.16
256.480,measure,4944.0,1800.0,8.8992,65.22
256.580,measure,4944.0,1808.0,8.9388,65.25
256.680,measure,4944.0,1808.0,8.9388,65.34
256.780,measure,4944.0,1800.0,8.8992,65.16
256.880,measure,4944.0,1784.0,8.8201,65.19
256.980,measure,4944.0,1800.0,8.8992,65.34
257.081,measure,4944.0,1808.0,8.9388,65.50
257.181,measure,4944.0,1808.0,8.9388,65.34
257.281,measure,4944.0,1800.0,8.8992,65.25
257.381,measure,4944.0,1784.0,8.8201,65.38
257.481,measure,4944.0,1800.0,8.8992,65.41
257.581,measure,4944.0,1816.0,8.9783,65.34
257.681,measure,4944.0,1808.0,8.9388,65.50
257.781,measure,4944.0,1792.0,8.8596,65.38
257.882,measure,4944.0,1784.0,8.8201,65.22
257.982,measure,4944.0,1800.0,8.8992,65.53
258.082,measure,4944.0,1808.0,8.9388,65.53
258.182,measure,4944.0,1800.0,8.8992,65.28
258.282,measure,4944.0,1792.0,8.8596,65.16
258.382,measure,4944.0,1784.0,8.8201,65.12
258.482,measure,4944.0,1800.0,8.8992,65.28
258.582,measure,4944.0,1808.0,8.9388,65.44
258.683,measure,4944.0,1800.0,8.8992,65.28
258.783,measure,4944.0,1792.0,8.8596,65.28
258.883,measure,4944.0,1784.0,8.8201,65.25
258.983,measure,4944.0,1800.0,8.8992,65.34
259.083,measure,4944.0,1800.0,8.8992,65.59
259.183,measure,4944.0,1792.0,8.8596,65.34
259.283,measure,4944.0,1784.0,8.8201,65.22
259.384,measure,4944.0,1784.0,8.8201,65.50
259.484,measure,4944.0,1800.0,8.8992,65.53
259.584,measure,4944.0,1800.0,8.8992,65.28
259.684,measure,4944.0,1792.0,8.8596,65.28
259.784,measure,4944.0,1784.0,8.8201,65.44
259.884,measure,4944.0,1784.0,8.8201,65.22
259.985,measure,4944.0,1800.0,8.8992,65.38
260.085,measure,4944.0,1808.0,8.9388,65.38
260.185,measure,4944.0,1800.0,8.8992,65.28
260.285,measure,4944.0,1792.0,8.8596,65.34
260.385,measure,4944.0,1784.0,8.8201,65.19
260.485,measure,4944.0,1800.0,8.8992,65.41
260.585,measure,4944.0,1800.0,8.8992,65.41
260.686,measure,4944.0,1800.0,8.8992,65.31
260.786,measure,4944.0,1784.0,8.8201,65.44
260.886,measure,4944.0,1784.0,8.8201,65.34
260.986,measure,4944.0,1800.0,8.8992,65.28
261.086,measure,4944.0,1800.0,8.8992,65.59
261.187,measure,4944.0,1800.0,8.8992,65.44
261.287,measure,4944.0,1784.0,8.8201,65.22
261.387,measure,4944.0,1784.0,8.8201,65.06
261.487,measure,4944.0,1816.0,8.9783,65.38
261.587,measure,4944.0,1816.0,8.9783,65.31
261.687,measure,4944.0,1808.0,8.9388,65.41
261.787,measure,4944.0,1848.0,9.1365,65.31
261.888,measure,4944.0,1888.0,9.3343,65.28
261.988,measure,4936.0,1936.0,9.5561,65.44
262.088,measure,4936.0,1976.0,9.7535,65.41
262.188,measure,4936.0,2024.0,9.9905,65.78
262.288,measure,4936.0,2048.0,10.1089,65.75
262.388,measure,4936.0,2032.0,10.0300,65.53
262.489,measure,4936.0,2032.0,10.0300,65.75
262.589,measure,4936.0,2040.0,10.0694,65.62
262.689,measure,4936.0,2016.0,9.9510,65.47
262.789,measure,4936.0,1976.0,9.7535,65.75
262.889,measure,4936.0,1960.0,9.6746,65.72
262.989,measure,4944.0,1920.0,9.4925,65.53
263.089,measure,4944.0,1888.0,9.3343,65.31
263.190,measure,4944.0,1856.0,9.1761,65.44
263.290,measure,4944.0,1848.0,9.1365,65.28
263.390,measure,4944.0,1848.0,9.1365,65.44
263.490,measure,4944.0,1832.0,9.0574,65.44
263.590,measure,4944.0,1816.0,8.9783,65.66
263.690,measure,4944.0,1792.0,8.8596,65.31
263.790,measure,4944.0,1808.0,8.9388,65.38
263.890,measure,4944.0,1816.0,8.9783,65.38
263.991,measure,4944.0,1808.0,8.9388,65.53
264.091,measure,4944.0,1800.0,8.8992,65.41
264.191,measure,4944.0,1784.0,8.8201,65.59
264.291,measure,4944.0,1800.0,8.8992,65.53
264.391,measure,4944.0,1808.0,8.9388,65.50
264.491,measure,4944.0,1800.0,8.8992,65.28
264.591,measure,4944.0,1784.0,8.8201,65.50
264.692,measure,4944.0,1776.0,8.7805,65.50
264.792,measure,4944.0,1792.0,8.8596,65.28
264.892,measure,4944.0,1800.0,8.8992,65.69
264.992,measure,4944.0,1800.0,8.8992,65.34
265.092,measure,4944.0,1792.0,8.8596,65.31
265.193,measure,4944.0,1776.0,8.7805,65.22
265.293,measure,4944.0,1792.0,8.8596,65.34
265.393,measure,4944.0,1800.0,8.8992,65.53
265.493,measure,4944.0,1800.0,8.8992,65.38
265.593,measure,4944.0,1792.0,8.8596,65.28
265.693,measure,4944.0,1776.0,8.7805,65.31
265.793,measure,4944.0,1792.0,8.8596,65.41
265.893,measure,4944.0,1800.0,8.8992,65.75
265.994,measure,4944.0,1800.0,8.8992,65.56
266.094,measure,4944.0,1792.0,8.8596,65.47
266.194,measure,4944.0,1776.0,8.7805,65.38
266.294,measure,4944.0,1792.0,8.8596,65.62
266.394,measure,4944.0,1808.0,8.9388,65.62
266.494,measure,4944.0,1800.0,8.8992,65.34
266.594,measure,4944.0,1792.0,8.8596,65.66
266.695,measure,4944.0,1776.0,8.7805,65.25
266.795,measure,4944.0,1792.0,8.8596,65.25
266.895,measure,4944.0,1800.0,8.8992,65.44
266.995,measure,4944.0,1800.0,8.8992,65.34
267.095,measure,4944.0,1792.0,8.8596,65.53
267.195,measure,4944.0,1784.0,8.8201,65.38
267.295,measure,4944.0,1800.0,8.8992,65.34
267.396,measure,4944.0,1808.0,8.9388,65.56
267.496,measure,4944.0,1800.0,8.8992,65.50
267.596,measure,4944.0,1784.0,8.8201,65.28
267.696,measure,4944.0,1776.0,8.7805,65.41
267.796,measure,4944.0,1792.0,8.8596,65.62
267.896,measure,4944.0,1800.0,8.8992,65.44
267.996,measure,4944.0,1792.0,8.8596,65.69
268.096,measure,4944.0,1776.0,8.7805,65.53
268.197,measure,4944.0,1784.0,8.8201,65.28
268.297,measure,4944.0,1800.0,8.8992,65.41
268.397,measure,4944.0,1800.0,8.8992,65.44
268.497,measure,4944.0,1792.0,8.8596,65.28
268.597,measure,4944.0,1776.0,8.7805,65.34
268.697,measure,4944.0,1784.0,8.8201,65.28
268.797,measure,4944.0,1800.0,8.8992,65.38
268.897,measure,4944.0,1792.0,8.8596,65.44
268.998,measure,4944.0,1784.0,8.8201,65.41
269.098,measure,4944.0,1768.0,8.7410,65.41
269.198,measure,4944.0,1792.0,8.8596,65.47
269.298,measure,4944.0,1800.0,8.8992,65.47
269.398,measure,4944.0,1800.0,8.8992,65.66
269.498,measure,4944.0,1792.0,8.8596,65.38
269.598,measure,4944.0,1784.0,8.8201,65.41
269.699,measure,4944.0,1800.0,8.8992,65.69
269.799,measure,4944.0,1800.0,8.8992,65.62
269.899,measure,4944.0,1792.0,8.8596,65.28
269.999,measure,4944.0,1784.0,8.8201,65.25
270.099,measure,4944.0,1784.0,8.8201,65.56
270.199,measure,4944.0,1800.0,8.8992,65.41
270.299,measure,4944.0,1800.0,8.8992,65.53
270.399,measure,4944.0,1792.0,8.8596,65.38
270.500,measure,4944.0,1776.0,8.7805,65.25
270.600,measure,4944.0,1792.0,8.8596,65.44
270.700,measure,4944.0,1808.0,8.9388,65.50
270.800,measure,4944.0,1800.0,8.8992,65.34
270.900,measure,4944.0,1800.0,8.8992,65.44
271.000,measure,4944.0,1784.0,8.8201,65.34
271.100,measure,4944.0,1792.0,8.8596,65.53
271.200,measure,4944.0,1808.0,8.9388,65.69
271.301,measure,4944.0,1808.0,8.9388,65.56
271.401,measure,4944.0,1800.0,8.8992,65.31
271.501,measure,4944.0,1784.0,8.8201,65.47
271.601,measure,4944.0,1784.0,8.8201,65.31
271.701,measure,4944.0,1808.0,8.9388,65.44
271.801,measure,4944.0,1808.0,8.9388,65.72
271.901,measure,4944.0,1800.0,8.8992,65.34
272.002,measure,4944.0,1792.0,8.8596,65.25
272.102,measure,4944.0,1792.0,8.8596,65.28
272.202,measure,4944.0,1808.0,8.9388,65.41
272.302,measure,4944.0,1808.0,8.9388,65.53
272.402,measure,4944.0,1800.0,8.8992,65.41
272.502,measure,4944.0,1792.0,8.8596,65.28
272.602,measure,4944.0,1792.0,8.8596,65.47
272.702,measure,4944.0,1808.0,8.9388,65.56
272.803,measure,4944.0,1808.0,8.9388,65.72
272.903,measure,4944.0,1808.0,8.9388,65.59
273.003,measure,4944.0,1800.0,8.8992,65.38
273.103,measure,4944.0,1792.0,8.8596,65.12
273.203,measure,4944.0,1808.0,8.9388,65.69
273.303,measure,4944.0,1808.0,8.9388,65.62
273.403,measure,4944.0,1800.0,8.8992,65.31
273.504,measure,4944.0,1792.0,8.8596,65.59
273.604,measure,4944.0,1792.0,8.8596,65.31
273.704,measure,4944.0,1808.0,8.9388,65.31
273.804,measure,4944.0,1808.0,8.9388,65.56
273.904,measure,4944.0,1800.0,8.8992,65.41
274.004,measure,4944.0,1792.0,8.8596,65.28
274.104,measure,4944.0,1784.0,8.8201,65.28
274.205,measure,4944.0,1808.0,8.9388,65.44
274.305,measure,4944.0,1808.0,8.9388,65.62
274.405,measure,4944.0,1808.0,8.9388,65.56
274.505,measure,4944.0,1792.0,8.8596,65.34
274.605,measure,4944.0,1784.0,8.8201,65.50
274.705,measure,4944.0,1808.0,8.9388,65.59
274.805,measure,4944.0,1808.0,8.9388,65.47
274.906,measure,4944.0,1800.0,8.8992,65.66
275.006,measure,4944.0,1792.0,8.8596,65.56
275.106,measure,4944.0,1784.0,8.8201,65.31
275.206,measure,4944.0,1800.0,8.8992,65.34
275.306,measure,4944.0,1808.0,8.9388,65.47
275.406,measure,4944.0,1800.0,8.8992,65.41
275.506,measure,4944.0,1800.0,8.8992,65.44
275.607,measure,4944.0,1784.0,8.8201,65.22
275.707,measure,4944.0,1800.0,8.8992,65.31
275.807,measure,4944.0,1816.0,8.9783,65.53
275.907,measure,4944.0,1808.0,8.9388,65.50
276.007,measure,4944.0,1800.0,8.8992,65.59
276.107,measure,4944.0,1784.0,8.8201,65.38
276.207,measure,4944.0,1800.0,8.8992,65.44
276.308,measure,4944.0,1808.0,8.9388,65.66
276.408,measure,4944.0,1800.0,8.8992,65.59
276.508,measure,4944.0,1800.0,8.8992,65.34
276.608,measure,4944.0,1784.0,8.8201,65.56
276.708,measure,4944.0,1800.0,8.8992,65.59
276.808,measure,4944.0,1816.0,8.9783,65.50
276.908,measure,4944.0,1808.0,8.9388,65.34
277.008,measure,4944.0,1800.0,8.8992,65.38
277.109,measure,4944.0,1784.0,8.8201,65.38
277.209,measure,4944.0,1800.0,8.8992,65.41
277.309,measure,4944.0,1808.0,8.9388,65.56
277.409,measure,4944.0,1808.0,8.9388,65.44
277.509,measure,4944.0,1800.0,8.8992,65.47
277.609,measure,4944.0,1784.0,8.8201,65.28
277.709,measure,4944.0,1800.0,8.8992,65.62
277.809,measure,4944.0,1816.0,8.9783,65.66
277.910,measure,4944.0,1808.0,8.9388,65.47
278.010,measure,4944.0,1800.0,8.8992,65.75
278.110,measure,4944.0,1784.0,8.8201,65.53
278.210,measure,4944.0,1800.0,8.8992,65.50
278.310,measure,4944.0,1816.0,8.9783,65.44
278.410,measure,4944.0,1800.0,8.8992,65.69
278.510,measure,4944.0,1792.0,8.8596,65.31
278.611,measure,4944.0,1776.0,8.7805,65.22
278.711,measure,4944.0,1792.0,8.8596,65.72
278.811,measure,4944.0,1808.0,8.9388,65.53
278.911,measure,4944.0,1808.0,8.9388,65.50
279.011,measure,4944.0,1792.0,8.8596,65.44
279.111,measure,4944.0,1784.0,8.8201,65.34
279.211,measure,4944.0,1800.0,8.8992,65.50
279.311,measure,4944.0,1808.0,8.9388,65.59
279.412,measure,4944.0,1800.0,8.8992,65.47
279.512,measure,4944.0,1800.0,8.8992,65.50
279.612,measure,4944.0,1784.0,8.8201,65.34
279.712,measure,4944.0,1800.0,8.8992,65.69
279.812,measure,4944.0,1816.0,8.9783,65.78
279.912,measure,4944.0,1808.0,8.9388,65.53
280.012,measure,4944.0,1800.0,8.8992,65.34
280.113,measure,4944.0,1784.0,8.8201,65.59
280.213,measure,4944.0,1792.0,8.8596,65.31
280.313,measure,4944.0,1808.0,8.9388,65.38
280.413,measure,4944.0,1800.0,8.8992,65.75
280.513,measure,4944.0,1800.0,8.8992,65.44
280.613,measure,4944.0,1784.0,8.8201,65.28
280.713,measure,4944.0,1792.0,8.8596,65.44
280.814,measure,4944.0,1808.0,8.9388,65.69
280.914,measure,4944.0,1808.0,8.9388,65.69
281.014,measure,4944.0,1800.0,8.8992,65.50
281.114,measure,4944.0,1784.0,8.8201,65.34
281.214,measure,4944.0,1792.0,8.8596,65.59
281.315,measure,4944.0,1808.0,8.9388,65.53
281.415,measure,4944.0,1808.0,8.9388,65.50
281.515,measure,4944.0,1800.0,8.8992,65.59
281.615,measure,4944.0,1784.0,8.8201,65.47
281.715,measure,4944.0,1792.0,8.8596,65.25
281.815,measure,4944.0,1808.0,8.9388,65.44
281.916,measure,4944.0,1792.0,8.8596,65.44
282.016,measure,4944.0,1792.0,8.8596,65.34
282.116,measure,4944.0,1776.0,8.7805,65.38
282.216,measure,4944.0,1784.0,8.8201,65.41
282.316,measure,4944.0,1800.0,8.8992,65.47
282.416,measure,4944.0,1792.0,8.8596,65.59
282.516,measure,4944.0,1792.0,8.8596,65.34
282.616,measure,4944.0,1776.0,8.7805,65.50
282.717,measure,4944.0,1792.0,8.8596,65.56
282.817,measure,4944.0,1808.0,8.9388,65.53
282.917,measure,4944.0,1800.0,8.8992,65.75
283.017,measure,4944.0,1792.0,8.8596,65.47
283.117,measure,4944.0,1776.0,8.7805,65.22
283.217,measure,4944.0,1792.0,8.8596,65.66
283.318,measure,4944.0,1808.0,8.9388,65.44
283.418,measure,4944.0,1800.0,8.8992,65.44
283.518,measure,4944.0,1800.0,8.8992,65.72
283.618,measure,4944.0,1784.0,8.8201,65.34
283.718,measure,4944.0,1784.0,8.8201,65.44
283.818,measure,4944.0,1800.0,8.8992,65.47
283.918,measure,4944.0,1800.0,8.8992,65.53
284.019,measure,4944.0,1800.0,8.8992,65.69
284.119,measure,4944.0,1784.0,8.8201,65.47
284.219,measure,4944.0,1784.0,8.8201,65.31
284.319,measure,4944.0,1800.0,8.8992,65.66
284.419,measure,4944.0,1808.0,8.9388,65.66
284.519,measure,4944.0,1808.0,8.9388,65.78
284.619,measure,4944.0,1792.0,8.8596,65.62
284.720,measure,4944.0,1776.0,8.7805,65.44
284.820,measure,4944.0,1792.0,8.8596,65.34
284.920,measure,4944.0,1808.0,8.9388,65.69
285.020,measure,4944.0,1808.0,8.9388,65.66
285.120,measure,4944.0,1800.0,8.8992,65.34
285.220,measure,4944.0,1784.0,8.8201,65.66
285.320,measure,4944.0,1792.0,8.8596,65.34
285.421,measure,4944.0,1808.0,8.9388,65.53
285.521,measure,4944.0,1800.0,8.8992,65.62
285.621,measure,4944.0,1800.0,8.8992,65.50
285.721,measure,4944.0,1784.0,8.8201,65.53
285.821,measure,4944.0,1792.0,8.8596,65.44
285.921,measure,4944.0,1808.0,8.9388,65.78
286.022,measure,4944.0,1808.0,8.9388,65.75
286.122,measure,4944.0,1800.0,8.8992,65.69
286.222,measure,4944.0,1792.0,8.8596,65.41
286.322,measure,4944.0,1792.0,8.8596,65.59
286.423,measure,4944.0,1808.0,8.9388,65.66
286.523,measure,4944.0,1816.0,8.9783,65.47
286.623,measure,4944.0,1808.0,8.9388,65.78
286.723,measure,4944.0,1800.0,8.8992,65.59
286.823,measure,4944.0,1784.0,8.8201,65.28
286.924,measure,4944.0,1800.0,8.8992,65.41
287.024,measure,4944.0,1816.0,8.9783,65.53
287.124,measure,4944.0,1808.0,8.9388,65.50
287.224,measure,4944.0,1800.0,8.8992,65.44
287.324,measure,4944.0,1784.0,8.8201,65.34
287.424,measure,4944.0,1800.0,8.8992,65.38
287.524,measure,4944.0,1816.0,8.9783,65.72
287.625,measure,4944.0,1808.0,8.9388,65.81
287.725,measure,4944.0,1808.0,8.9388,65.69
287.825,measure,4944.0,1792.0,8.8596,65.53
287.925,measure,4944.0,1792.0,8.8596,65.44
288.025,measure,4944.0,1808.0,8.9388,65.75
288.125,measure,4944.0,1808.0,8.9388,65.69
288.225,measure,4944.0,1800.0,8.8992,65.41
288.326,measure,4944.0,1784.0,8.8201,65.69
288.426,measure,4944.0,1784.0,8.8201,65.62
288.526,measure,4944.0,1808.0,8.9388,65.53
288.626,measure,4944.0,1800.0,8.8992,65.44
288.726,measure,4944.0,1800.0,8.8992,65.41
288.826,measure,4944.0,1792.0,8.8596,65.34
288.926,measure,4944.0,1784.0,8.8201,65.47
289.027,measure,4944.0,1800.0,8.8992,65.47
289.127,measure,4944.0,1800.0,8.8992,65.56
289.227,measure,4944.0,1792.0,8.8596,65.62
289.327,measure,4944.0,1784.0,8.8201,65.38
289.427,measure,4944.0,1784.0,8.8201,65.53
289.527,measure,4944.0,1800.0,8.8992,65.66
289.627,measure,4944.0,1808.0,8.9388,65.50
289.728,measure,4944.0,1800.0,8.8992,65.78
289.828,measure,4944.0,1784.0,8.8201,65.53
289.928,measure,4944.0,1784.0,8.8201,65.28
290.028,measure,4944.0,1808.0,8.9388,65.50
290.128,measure,4944.0,1808.0,8.9388,65.75
290.228,measure,4944.0,1800.0,8.8992,65.56
290.329,measure,4944.0,1792.0,8.8596,65.41
290.429,measure,4944.0,1792.0,8.8596,65.38
290.529,measure,4944.0,1808.0,8.9388,65.50
290.629,measure,4944.0,1808.0,8.9388,65.59
290.729,measure,4944.0,1808.0,8.9388,65.62
290.829,measure,4944.0,1792.0,8.8596,65.69
290.929,measure,4944.0,1784.0,8.8201,65.50
291.030,measure,4944.0,1800.0,8.8992,65.66
291.130,measure,4944.0,1800.0,8.8992,65.72
291.230,measure,4944.0,1800.0,8.8992,65.62
291.330,measure,4944.0,1784.0,8.8201,65.47
291.430,measure,4944.0,1792.0,8.8596,65.69
291.530,measure,4944.0,1800.0,8.8992,65.75
291.630,measure,4944.0,1800.0,8.8992,65.53
291.731,measure,4944.0,1800.0,8.8992,65.44
291.831,measure,4944.0,1784.0,8.8201,65.69
291.931,measure,4944.0,1784.0,8.8201,65.38
292.031,measure,4944.0,1800.0,8.8992,65.59
292.132,measure,4944.0,1808.0,8.9388,65.62
292.232,measure,4944.0,1800.0,8.8992,65.53
292.332,measure,4944.0,1792.0,8.8596,65.62
292.432,measure,4944.0,1784.0,8.8201,65.38
292.532,measure,4944.0,1800.0,8.8992,65.69
292.632,measure,4944.0,1816.0,8.9783,65.72
292.733,measure,4944.0,1808.0,8.9388,65.66
292.833,measure,4944.0,1808.0,8.9388,65.75
292.933,measure,4944.0,1784.0,8.8201,65.50
293.033,measure,4944.0,1800.0,8.8992,65.56
293.133,measure,4944.0,1816.0,8.9783,65.41
293.233,measure,4944.0,1808.0,8.9388,65.78
293.334,measure,4944.0,1800.0,8.8992,65.47
293.434,measure,4944.0,1792.0,8.8596,65.34
293.534,measure,4944.0,1792.0,8.8596,65.41
293.635,measure,4944.0,1808.0,8.9388,65.56
293.735,measure,4944.0,1808.0,8.9388,65.66
293.835,measure,4944.0,1800.0,8.8992,65.50
293.935,measure,4944.0,1784.0,8.8201,65.69
294.035,measure,4944.0,1784.0,8.8201,65.62
294.135,measure,4944.0,1808.0,8.9388,65.62
294.236,measure,4944.0,1808.0,8.9388,65.78
294.336,measure,4944.0,1800.0,8.8992,65.69
294.436,measure,4944.0,1792.0,8.8596,65.50
294.536,measure,4944.0,1792.0,8.8596,65.75
294.636,measure,4944.0,1800.0,8.8992,65.75
294.736,measure,4944.0,1800.0,8.8992,65.47
294.837,measure,4944.0,1800.0,8.8992,65.50
294.937,measure,4944.0,1792.0,8.8596,65.75
295.037,measure,4944.0,1784.0,8.8201,65.38
295.137,measure,4944.0,1800.0,8.8992,65.50
295.237,measure,4944.0,1816.0,8.9783,65.59
295.337,measure,4944.0,1808.0,8.9388,65.56
295.437,measure,4944.0,1800.0,8.8992,65.62
295.538,measure,4944.0,1792.0,8.8596,65.44
295.638,measure,4944.0,1800.0,8.8992,65.66
295.738,measure,4944.0,1816.0,8.9783,65.72
295.838,measure,4944.0,1808.0,8.9388,65.72
295.938,measure,4944.0,1800.0,8.8992,65.81
296.038,measure,4944.0,1792.0,8.8596,65.59
296.138,measure,4944.0,1792.0,8.8596,65.47
296.239,measure,4944.0,1808.0,8.9388,65.50
296.339,measure,4944.0,1808.0,8.9388,65.75
296.439,measure,4944.0,1800.0,8.8992,65.50
296.539,measure,4944.0,1792.0,8.8596,65.34
296.639,measure,4944.0,1792.0,8.8596,65.69
296.739,measure,4944.0,1808.0,8.9388,65.56
296.840,measure,4944.0,1816.0,8.9783,65.72
296.940,measure,4944.0,1808.0,8.9388,65.53
297.040,measure,4944.0,1792.0,8.8596,65.47
297.140,measure,4944.0,1784.0,8.8201,65.53
297.240,measure,4944.0,1808.0,8.9388,65.56
297.340,measure,4944.0,1808.0,8.9388,65.94
297.440,measure,4944.0,1808.0,8.9388,65.69
297.541,measure,4944.0,1792.0,8.8596,65.56
297.641,measure,4944.0,1784.0,8.8201,65.66
297.741,measure,4944.0,1800.0,8.8992,65.75
297.841,measure,4944.0,1816.0,8.9783,65.75
297.941,measure,4944.0,1808.0,8.9388,65.50
298.041,measure,4944.0,1808.0,8.9388,65.75
298.142,measure,4944.0,1784.0,8.8201,65.44
298.242,measure,4944.0,1800.0,8.8992,65.44
298.342,measure,4944.0,1816.0,8.9783,65.91
298.442,measure,4944.0,1816.0,8.9783,65.53
298.542,measure,4944.0,1808.0,8.9388,65.53
298.642,measure,4944.0,1800.0,8.8992,65.50
298.742,measure,4944.0,1792.0,8.8596,65.41
298.843,measure,4944.0,1808.0,8.9388,65.59
298.943,measure,4944.0,1816.0,8.9783,65.66
299.043,measure,4944.0,1808.0,8.9388,65.75
299.143,measure,4944.0,1800.0,8.8992,65.72
299.244,measure,4944.0,1784.0,8.8201,65.56
299.344,measure,4944.0,1792.0,8.8596,65.78
299.444,measure,4944.0,1808.0,8.9388,65.88
299.544,measure,4944.0,1800.0,8.8992,65.75
299.644,measure,4944.0,1800.0,8.8992,65.50
299.744,measure,4944.0,1784.0,8.8201,65.69
299.844,measure,4944.0,1792.0,8.8596,65.47
299.944,measure,4944.0,1816.0,8.9783,65.62
300.045,measure,4944.0,1808.0,8.9388,65.66
300.145,measure,4944.0,1800.0,8.8992,65.56
300.245,measure,4944.0,1792.0,8.8596,65.59
300.345,measure,4944.0,1792.0,8.8596,65.53
300.445,measure,4944.0,1808.0,8.9388,65.72
300.545,measure,4944.0,1816.0,8.9783,65.78
300.646,measure,4944.0,1808.0,8.9388,65.62
300.746,measure,4944.0,1800.0,8.8992,65.47
300.846,measure,4944.0,1784.0,8.8201,65.66
300.946,measure,4944.0,1800.0,8.8992,65.66
301.046,measure,4944.0,1816.0,8.9783,65.50
301.146,measure,4944.0,1808.0,8.9388,65.84
301.246,measure,4944.0,1808.0,8.9388,65.66
301.347,measure,4944.0,1792.0,8.8596,65.47
301.447,measure,4944.0,1800.0,8.8992,65.78
301.547,measure,4944.0,1816.0,8.9783,65.56
301.647,measure,4944.0,1808.0,8.9388,65.53
301.747,measure,4944.0,1808.0,8.9388,65.66
301.847,measure,4944.0,1792.0,8.8596,65.44
301.947,measure,4944.0,1792.0,8.8596,65.50
302.048,measure,4944.0,1808.0,8.9388,65.62
302.148,measure,4944.0,1808.0,8.9388,65.62
302.248,measure,4944.0,1800.0,8.8992,65.75
302.348,measure,4944.0,1792.0,8.8596,65.66
302.448,measure,4944.0,1784.0,8.8201,65.75
302.548,measure,4944.0,1808.0,8.9388,65.75
302.649,measure,4944.0,1808.0,8.9388,65.75
302.749,measure,4944.0,1800.0,8.8992,65.62
302.849,measure,4944.0,1792.0,8.8596,65.75
302.949,measure,4944.0,1784.0,8.8201,65.66
303.049,measure,4944.0,1800.0,8.8992,65.50
303.149,measure,4944.0,1808.0,8.9388,65.84
303.250,measure,4944.0,1808.0,8.9388,65.59
303.350,measure,4944.0,1792.0,8.8596,65.50
303.450,measure,4944.0,1784.0,8.8201,65.47
303.550,measure,4944.0,1800.0,8.8992,65.66
303.650,measure,4944.0,1816.0,8.9783,65.62
303.750,measure,4944.0,1808.0,8.9388,65.69
303.850,measure,4944.0,1800.0,8.8992,65.59
303.951,measure,4944.0,1784.0,8.8201,65.66
304.051,measure,4944.0,1800.0,8.8992,65.66
304.151,measure,4944.0,1816.0,8.9783,65.72
304.251,measure,4944.0,1808.0,8.9388,65.84
304.351,measure,4944.0,1808.0,8.9388,65.75
304.451,measure,4944.0,1792.0,8.8596,65.47
304.551,measure,4944.0,1792.0,8.8596,65.75
304.652,measure,4944.0,1808.0,8.9388,65.78
304.752,measure,4944.0,1808.0,8.9388,65.62
304.852,measure,4944.0,1800.0,8.8992,65.47
304.952,measure,4944.0,1792.0,8.8596,65.53
305.052,measure,4944.0,1792.0,8.8596,65.47
305.153,measure,4944.0,1808.0,8.9388,65.56
305.253,measure,4944.0,1808.0,8.9388,65.56
305.353,measure,4944.0,1800.0,8.8992,65.75
305.453,measure,4944.0,1792.0,8.8596,65.59
305.554,measure,4944.0,1792.0,8.8596,65.75
305.654,measure,4944.0,1808.0,8.9388,65.78
305.754,measure,4944.0,1808.0,8.9388,65.78
305.854,measure,4944.0,1808.0,8.9388,65.59
305.954,measure,4944.0,1792.0,8.8596,65.72
306.054,measure,4944.0,1792.0,8.8596,65.62
306.154,measure,4944.0,1800.0,8.8992,65.50
306.255,measure,4944.0,1808.0,8.9388,65.84
306.355,measure,4944.0,1800.0,8.8992,65.81
306.455,measure,4944.0,1800.0,8.8992,65.44
306.555,measure,4944.0,1792.0,8.8596,65.41
306.656,measure,4944.0,1808.0,8.9388,65.53
306.756,measure,4944.0,1816.0,8.9783,65.56
306.856,measure,4944.0,1808.0,8.9388,65.75
306.956,measure,4944.0,1800.0,8.8992,65.56
307.056,measure,4944.0,1784.0,8.8201,65.66
307.156,measure,4944.0,1800.0,8.8992,65.62
307.256,measure,4944.0,1816.0,8.9783,65.69
307.356,measure,4944.0,1808.0,8.9388,65.84
307.457,measure,4944.0,1800.0,8.8992,65.72
307.557,measure,4944.0,1792.0,8.8596,65.44
307.657,measure,4944.0,1792.0,8.8596,65.75
307.757,measure,4944.0,1808.0,8.9388,65.81
307.857,measure,4944.0,1800.0,8.8992,65.66
307.957,measure,4944.0,1800.0,8.8992,65.53
308.058,measure,4944.0,1784.0,8.8201,65.66
308.158,measure,4944.0,1792.0,8.8596,65.50
308.258,measure,4944.0,1808.0,8.9388,65.72
308.358,measure,4944.0,1800.0,8.8992,65.66
308.458,measure,4944.0,1800.0,8.8992,65.56
308.558,measure,4944.0,1784.0,8.8201,65.53
308.658,measure,4944.0,1792.0,8.8596,65.56
308.759,measure,4944.0,1816.0,8.9783,65.75
308.859,measure,4944.0,1808.0,8.9388,65.75
308.959,measure,4944.0,1808.0,8.9388,65.59
309.059,measure,4944.0,1792.0,8.8596,65.75
309.159,measure,4944.0,1792.0,8.8596,65.62
309.259,measure,4944.0,1816.0,8.9783,65.56
309.359,measure,4944.0,1808.0,8.9388,65.94
309.460,measure,4944.0,1800.0,8.8992,65.72
309.560,measure,4944.0,1784.0,8.8201,65.47
309.660,measure,4944.0,1792.0,8.8596,65.56
309.761,measure,4944.0,1808.0,8.9388,65.59
309.861,measure,4944.0,1808.0,8.9388,65.59
309.961,measure,4944.0,1800.0,8.8992,65.69
310.061,measure,4944.0,1792.0,8.8596,65.53
310.161,measure,4944.0,1784.0,8.8201,65.56
310.261,measure,4944.0,1808.0,8.9388,65.62
310.361,measure,4944.0,1808.0,8.9388,65.59
310.462,measure,4944.0,1800.0,8.8992,65.78
310.562,measure,4944.0,1792.0,8.8596,65.66
310.662,measure,4944.0,1792.0,8.8596,65.56
310.762,measure,4944.0,1808.0,8.9388,65.81
310.862,measure,4944.0,1816.0,8.9783,65.75
310.962,measure,4944.0,1808.0,8.9388,65.69
311.062,measure,4944.0,1800.0,8.8992,65.50
311.163,measure,4944.0,1792.0,8.8596,65.75
311.263,measure,4944.0,1808.0,8.9388,65.59
311.363,measure,4944.0,1800.0,8.8992,65.53
311.463,measure,4944.0,1800.0,8.8992,65.62
311.563,measure,4944.0,1784.0,8.8201,65.53
311.663,measure,4944.0,1784.0,8.8201,65.50
311.764,measure,4944.0,1808.0,8.9388,65.66
311.864,measure,4944.0,1808.0,8.9388,65.59
311.964,measure,4944.0,1800.0,8.8992,65.72
312.064,measure,4944.0,1792.0,8.8596,65.66
312.165,measure,4944.0,1784.0,8.8201,65.72
312.265,measure,4944.0,1808.0,8.9388,65.75
312.365,measure,4944.0,1808.0,8.9388,65.69
312.465,measure,4944.0,1808.0,8.9388,65.97
312.565,measure,4944.0,1792.0,8.8596,65.66
312.665,measure,4944.0,1792.0,8.8596,65.41
312.766,measure,4944.0,1816.0,8.9783,65.56
312.866,measure,4944.0,1808.0,8.9388,65.91
312.966,measure,4944.0,1808.0,8.9388,65.62
313.066,measure,4944.0,1800.0,8.8992,65.44
313.166,measure,4944.0,1784.0,8.8201,65.47
313.266,measure,4944.0,1808.0,8.9388,65.69
313.366,measure,4944.0,1816.0,8.9783,65.78
313.467,measure,4944.0,1808.0,8.9388,65.59
313.567,measure,4944.0,1800.0,8.8992,65.78
313.667,measure,4944.0,1784.0,8.8201,65.56
313.767,measure,4944.0,1800.0,8.8992,65.66
313.867,measure,4944.0,1816.0,8.9783,65.88
313.967,measure,4944.0,1808.0,8.9388,65.81
314.067,measure,4944.0,1808.0,8.9388,65.66
314.168,measure,4944.0,1792.0,8.8596,65.41
314.268,measure,4944.0,1800.0,8.8992,65.75
314.368,measure,4944.0,1816.0,8.9783,65.56
314.468,measure,4944.0,1816.0,8.9783,65.62
314.568,measure,4944.0,1808.0,8.9388,65.81
314.668,measure,4944.0,1800.0,8.8992,65.50
314.768,measure,4944.0,1792.0,8.8596,65.41
314.869,measure,4944.0,1808.0,8.9388,65.56
314.969,measure,4944.0,1816.0,8.9783,65.72
315.069,measure,4944.0,1808.0,8.9388,65.62
315.169,measure,4944.0,1800.0,8.8992,65.69
315.269,measure,4944.0,1784.0,8.8201,65.53
315.369,measure,4944.0,1800.0,8.8992,65.75
315.469,measure,4944.0,1808.0,8.9388,65.75
315.570,measure,4944.0,1808.0,8.9388,65.88
315.670,measure,4944.0,1792.0,8.8596,65.75
315.770,measure,4944.0,1784.0,8.8201,65.69
315.870,measure,4944.0,1808.0,8.9388,65.56
315.970,measure,4944.0,1808.0,8.9388,65.81
316.070,measure,4944.0,1800.0,8.8992,65.56
316.170,measure,4944.0,1784.0,8.8201,65.50
316.270,measure,4944.0,1784.0,8.8201,65.78
316.371,measure,4944.0,1800.0,8.8992,65.69
316.471,measure,4944.0,1792.0,8.8596,65.59
316.571,measure,4944.0,1792.0,8.8596,65.53
316.671,measure,4944.0,1784.0,8.8201,65.44
316.771,measure,4944.0,1792.0,8.8596,65.56
316.871,measure,4944.0,1808.0,8.9388,65.72
316.971,measure,4944.0,1808.0,8.9388,65.69
317.072,measure,4944.0,1800.0,8.8992,65.78
317.172,measure,4944.0,1784.0,8.8201,65.62
317.272,measure,4944.0,1792.0,8.8596,65.75
317.372,measure,4944.0,1808.0,8.9388,65.88
317.472,measure,4944.0,1808.0,8.9388,65.84
317.572,measure,4944.0,1800.0,8.8992,65.59
317.672,measure,4944.0,1792.0,8.8596,65.78
317.773,measure,4944.0,1792.0,8.8596,65.69
317.873,measure,4944.0,1808.0,8.9388,65.50
317.973,measure,4944.0,1808.0,8.9388,65.56
318.073,measure,4944.0,1800.0,8.8992,65.59
318.173,measure,4944.0,1784.0,8.8201,65.53
318.273,measure,4944.0,1792.0,8.8596,65.56
318.373,measure,4944.0,1808.0,8.9388,65.78
318.474,measure,4944.0,1808.0,8.9388,65.69
318.574,measure,4944.0,1808.0,8.9388,65.69
318.674,measure,4944.0,1792.0,8.8596,65.50
318.774,measure,4944.0,1792.0,8.8596,65.69
318.875,measure,4944.0,1800.0,8.8992,65.78
318.975,measure,4944.0,1808.0,8.9388,65.62
319.075,measure,4944.0,1800.0,8.8992,65.81
319.175,measure,4944.0,1792.0,8.8596,65.62
319.276,measure,4944.0,1792.0,8.8596,65.53
319.376,measure,4944.0,1808.0,8.9388,65.91
319.476,measure,4944.0,1808.0,8.9388,65.66
319.576,measure,4944.0,1800.0,8.8992,65.53
319.676,measure,4944.0,1792.0,8.8596,65.62
319.776,measure,4944.0,1792.0,8.8596,65.47
319.877,measure,4944.0,1808.0,8.9388,65.75
319.977,measure,4944.0,1808.0,8.9388,65.72
320.077,measure,4944.0,1800.0,8.8992,65.62
320.177,measure,4944.0,1800.0,8.8992,65.81
320.278,measure,4944.0,1792.0,8.8596,65.53
320.378,measure,4944.0,1808.0,8.9388,65.81
320.478,measure,4944.0,1816.0,8.9783,65.94
320.578,measure,4944.0,1808.0,8.9388,65.78
320.678,measure,4944.0,1800.0,8.8992,65.53
320.778,measure,4944.0,1784.0,8.8201,65.69
320.878,measure,4944.0,1800.0,8.8992,65.75
320.979,measure,4944.0,1816.0,8.9783,65.62
321.079,measure,4944.0,1808.0,8.9388,65.88
321.179,measure,4944.0,1800.0,8.8992,65.56
321.279,measure,4944.0,1792.0,8.8596,65.47
321.379,measure,4944.0,1792.0,8.8596,65.62
321.479,measure,4944.0,1808.0,8.9388,65.69
321.580,measure,4944.0,1808.0,8.9388,65.59
321.680,measure,4944.0,1800.0,8.8992,65.69
321.780,measure,4944.0,1784.0,8.8201,65.56
321.880,measure,4944.0,1792.0,8.8596,65.72
321.980,measure,4944.0,1808.0,8.9388,65.75
322.080,measure,4944.0,1808.0,8.9388,65.66
322.180,measure,4944.0,1800.0,8.8992,65.78
322.281,measure,4944.0,1792.0,8.8596,65.69
322.381,measure,4944.0,1792.0,8.8596,65.41
322.481,measure,4944.0,1808.0,8.9388,66.00
322.581,measure,4944.0,1800.0,8.8992,65.84
322.681,measure,4944.0,1792.0,8.8596,65.59
322.781,measure,4944.0,1784.0,8.8201,65.59
322.881,measure,4944.0,1792.0,8.8596,65.53
322.982,measure,4944.0,1808.0,8.9388,65.59
323.082,measure,4944.0,1808.0,8.9388,65.66
323.182,measure,4944.0,1800.0,8.8992,65.66
323.282,measure,4944.0,1784.0,8.8201,65.53
323.382,measure,4944.0,1792.0,8.8596,65.59
323.482,measure,4944.0,1808.0,8.9388,65.75
323.582,measure,4944.0,1800.0,8.8992,65.84
323.683,measure,4944.0,1800.0,8.8992,65.75
323.783,measure,4944.0,1784.0,8.8201,65.62
323.883,measure,4944.0,1784.0,8.8201,65.75
323.984,measure,4944.0,1808.0,8.9388,65.81
324.084,measure,4944.0,1808.0,8.9388,65.62
324.184,measure,4944.0,1808.0,8.9388,65.94
324.284,measure,4944.0,1792.0,8.8596,65.53
324.384,measure,4944.0,1792.0,8.8596,65.44
324.485,measure,4944.0,1808.0,8.9388,65.69
324.585,measure,4944.0,1808.0,8.9388,65.69
324.685,measure,4944.0,1800.0,8.8992,65.56
324.786,measure,4944.0,1792.0,8.8596,65.62
324.886,measure,4944.0,1784.0,8.8201,65.72
324.986,measure,4944.0,1800.0,8.8992,65.78
325.086,measure,4944.0,1808.0,8.9388,65.75
325.186,measure,4944.0,1800.0,8.8992,65.56
325.286,measure,4944.0,1800.0,8.8992,65.75
325.387,measure,4944.0,1792.0,8.8596,65.62
325.487,measure,4944.0,1808.0,8.9388,65.59
325.587,measure,4944.0,1816.0,8.9783,65.88
325.687,measure,4944.0,1808.0,8.9388,65.84
325.787,measure,4944.0,1800.0,8.8992,65.56
325.887,measure,4944.0,1784.0,8.8201,65.56
325.987,measure,4944.0,1792.0,8.8596,65.56
326.088,measure,4944.0,1808.0,8.9388,65.69
326.188,measure,4944.0,1808.0,8.9388,65.69
326.288,measure,4944.0,1800.0,8.8992,65.62
326.388,measure,4944.0,1776.0,8.7805,65.44
326.488,measure,4944.0,1792.0,8.8596,65.69
326.588,measure,4944.0,1808.0,8.9388,65.91
326.688,measure,4944.0,1808.0,8.9388,65.78
326.789,measure,4944.0,1800.0,8.8992,65.72
326.889,measure,4944.0,1792.0,8.8596,65.56
326.989,measure,4944.0,1800.0,8.8992,65.75
327.089,measure,4944.0,1816.0,8.9783,65.81
327.189,measure,4944.0,1808.0,8.9388,65.56
327.289,measure,4944.0,1800.0,8.8992,65.81
327.390,measure,4944.0,1784.0,8.8201,65.66
327.490,measure,4944.0,1792.0,8.8596,65.53
327.590,measure,4944.0,1808.0,8.9388,65.75
327.690,measure,4944.0,1808.0,8.9388,65.62
327.790,measure,4944.0,1800.0,8.8992,65.56
327.890,measure,4944.0,1784.0,8.8201,65.53
327.990,measure,4944.0,1800.0,8.8992,65.59
328.091,measure,4944.0,1816.0,8.9783,65.75
328.191,measure,4944.0,1808.0,8.9388,65.78
328.291,measure,4944.0,1808.0,8.9388,65.66
328.391,measure,4944.0,1792.0,8.8596,65.75
328.491,measure,4944.0,1792.0,8.8596,65.75
328.592,measure,4944.0,1808.0,8.9388,65.78
328.692,measure,4944.0,1808.0,8.9388,65.91
328.792,measure,4944.0,1808.0,8.9388,65.75
328.892,measure,4944.0,1792.0,8.8596,65.53
328.992,measure,4944.0,1784.0,8.8201,65.47
329.092,measure,4944.0,1800.0,8.8992,65.62
329.192,measure,4944.0,1816.0,8.9783,65.66
329.293,measure,4944.0,1808.0,8.9388,65.59
329.393,measure,4944.0,1800.0,8.8992,65.62
329.493,measure,4944.0,1784.0,8.8201,65.47
329.593,measure,4944.0,1800.0,8.8992,65.66
329.693,measure,4944.0,1816.0,8.9783,65.75
329.793,measure,4944.0,1808.0,8.9388,65.59
329.894,measure,4944.0,1800.0,8.8992,65.72
329.994,measure,4944.0,1784.0,8.8201,65.47
330.094,measure,4944.0,1800.0,8.8992,65.78
330.194,measure,4944.0,1816.0,8.9783,65.81
330.294,measure,4944.0,1816.0,8.9783,65.75
330.394,measure,4944.0,1808.0,8.9388,65.88
330.494,measure,4944.0,1792.0,8.8596,65.72
330.595,measure,4944.0,1792.0,8.8596,65.47
330.695,measure,4944.0,1808.0,8.9388,65.62
330.795,measure,4944.0,1808.0,8.9388,65.91
330.895,measure,4944.0,1808.0,8.9388,65.62
330.995,measure,4944.0,1792.0,8.8596,65.62
331.095,measure,4944.0,1792.0,8.8596,65.59
331.195,measure,4944.0,1808.0,8.9388,65.75
331.296,measure,4944.0,1808.0,8.9388,65.75
331.396,measure,4944.0,1800.0,8.8992,65.69
331.496,measure,4944.0,1792.0,8.8596,65.72
331.596,measure,4944.0,1792.0,8.8596,65.69
331.696,measure,4944.0,1808.0,8.9388,65.75
331.796,measure,4944.0,1816.0,8.9783,65.84
331.897,measure,4944.0,1808.0,8.9388,65.69
331.997,measure,4944.0,1800.0,8.8992,65.72
332.097,measure,4944.0,1784.0,8.8201,65.50
332.197,measure,4944.0,1800.0,8.8992,65.84
332.297,measure,4944.0,1816.0,8.9783,65.66
332.397,measure,4944.0,1808.0,8.9388,65.59
332.497,measure,4944.0,1800.0,8.8992,65.81
332.598,measure,4944.0,1784.0,8.8201,65.47
332.698,measure,4944.0,1800.0,8.8992,65.66
332.798,measure,4944.0,1816.0,8.9783,65.78
332.898,measure,4944.0,1808.0,8.9388,65.69
332.998,measure,4944.0,1808.0,8.9388,65.72
333.098,measure,4944.0,1792.0,8.8596,65.53
333.199,measure,4944.0,1800.0,8.8992,65.78
333.299,measure,4944.0,1808.0,8.9388,65.84
333.399,measure,4944.0,1808.0,8.9388,65.69
333.499,measure,4944.0,1808.0,8.9388,65.91
333.599,measure,4944.0,1792.0,8.8596,65.75
333.699,measure,4944.0,1792.0,8.8596,65.66
333.799,measure,4944.0,1808.0,8.9388,65.56
333.900,measure,4944.0,1800.0,8.8992,65.84
334.000,measure,4944.0,1800.0,8.8992,65.59
334.100,measure,4944.0,1784.0,8.8201,65.69
334.200,measure,4944.0,1784.0,8.8201,65.88
334.301,measure,4944.0,1800.0,8.8992,65.62
334.401,measure,4944.0,1808.0,8.9388,65.78
334.502,measure,4944.0,1800.0,8.8992,65.69
334.602,measure,4944.0,1784.0,8.8201,65.59
334.702,measure,4944.0,1784.0,8.8201,65.66
334.802,measure,4944.0,1808.0,8.9388,65.72
334.903,measure,4944.0,1816.0,8.9783,65.97
335.003,measure,4944.0,1816.0,8.9783,65.81
335.103,measure,4944.0,1808.0,8.9388,65.56
335.203,measure,4944.0,1792.0,8.8596,65.88
335.303,measure,4944.0,1792.0,8.8596,65.72
335.404,measure,4944.0,1808.0,8.9388,65.62
335.504,measure,4944.0,1808.0,8.9388,65.62
335.604,measure,4944.0,1808.0,8.9388,65.62
335.704,measure,4944.0,1800.0,8.8992,65.53
335.805,measure,4944.0,1792.0,8.8596,65.53
335.905,measure,4944.0,1816.0,8.9783,65.69
336.005,measure,4944.0,1824.0,9.0179,65.72
336.105,measure,4944.0,1816.0,8.9783,65.72
336.205,measure,4944.0,1808.0,8.9388,65.69
336.305,measure,4944.0,1792.0,8.8596,65.72
336.405,measure,4944.0,1808.0,8.9388,65.72
336.506,measure,4944.0,1808.0,8.9388,65.78
336.606,measure,4944.0,1808.0,8.9388,65.88
336.706,measure,4944.0,1800.0,8.8992,65.75
336.806,measure,4944.0,1784.0,8.8201,65.59
336.906,measure,4944.0,1800.0,8.8992,65.47
337.006,measure,4944.0,1808.0,8.9388,65.88
337.106,measure,4944.0,1808.0,8.9388,65.56
337.207,measure,4944.0,1800.0,8.8992,65.47
337.307,measure,4944.0,1784.0,8.8201,65.53
337.407,measure,4944.0,1800.0,8.8992,65.53
337.507,measure,4944.0,1808.0,8.9388,65.66
337.607,measure,4944.0,1800.0,8.8992,65.62
337.707,measure,4944.0,1792.0,8.8596,65.59
337.807,measure,4944.0,1776.0,8.7805,65.56
337.907,measure,4944.0,1800.0,8.8992,65.66
338.008,measure,4944.0,1808.0,8.9388,65.91
338.108,measure,4944.0,1800.0,8.8992,65.78
338.208,measure,4944.0,1792.0,8.8596,65.66
338.308,measure,4944.0,1784.0,8.8201,65.75
338.408,measure,4944.0,1800.0,8.8992,65.78
338.508,measure,4944.0,1808.0,8.9388,65.75
338.608,measure,4944.0,1800.0,8.8992,65.59
338.708,measure,4944.0,1784.0,8.8201,65.75
338.809,measure,4944.0,1784.0,8.8201,65.47
338.909,measure,4944.0,1800.0,8.8992,65.59
339.009,measure,4944.0,1800.0,8.8992,65.91
339.109,measure,4944.0,1792.0,8.8596,65.69
339.209,measure,4944.0,1776.0,8.7805,65.66
339.309,measure,4944.0,1792.0,8.8596,65.66
339.409,measure,4944.0,1808.0,8.9388,65.72
339.510,measure,4944.0,1800.0,8.8992,65.75
339.610,measure,4944.0,1800.0,8.8992,65.72
339.710,measure,4944.0,1784.0,8.8201,65.81
339.810,measure,4944.0,1792.0,8.8596,65.72
339.911,measure,4944.0,1808.0,8.9388,65.75
340.011,measure,4944.0,1808.0,8.9388,65.56
340.111,measure,4944.0,1808.0,8.9388,65.81
340.211,measure,4944.0,1792.0,8.8596,65.56
340.312,measure,4944.0,1784.0,8.8201,65.53
340.412,measure,4944.0,1808.0,8.9388,65.59
340.512,measure,4944.0,1808.0,8.9388,65.59
340.612,measure,4944.0,1800.0,8.8992,65.59
340.712,measure,4944.0,1792.0,8.8596,65.62
340.812,measure,4944.0,1784.0,8.8201,65.53
340.912,measure,4944.0,1800.0,8.8992,65.62
341.013,measure,4944.0,1816.0,8.9783,65.69
341.113,measure,4944.0,1808.0,8.9388,65.72
341.213,measure,4944.0,1800.0,8.8992,65.75
341.313,measure,4944.0,1792.0,8.8596,65.59
341.413,measure,4944.0,1800.0,8.8992,65.75
341.513,measure,4944.0,1816.0,8.9783,65.91
341.614,measure,4944.0,1808.0,8.9388,65.75
341.714,measure,4944.0,1800.0,8.8992,65.53
341.814,measure,4944.0,1784.0,8.8201,65.72
341.914,measure,4944.0,1792.0,8.8596,65.44
342.014,measure,4944.0,1808.0,8.9388,65.66
342.114,measure,4944.0,1808.0,8.9388,65.94
342.214,measure,4944.0,1800.0,8.8992,65.69
342.315,measure,4944.0,1784.0,8.8201,65.56
342.415,measure,4944.0,1792.0,8.8596,65.56
342.515,measure,4944.0,1808.0,8.9388,65.84
342.615,measure,4944.0,1800.0,8.8992,65.78
342.715,measure,4944.0,1800.0,8.8992,65.72
342.815,measure,4944.0,1784.0,8.8201,65.53
342.915,measure,4944.0,1792.0,8.8596,65.72
343.016,measure,4944.0,1808.0,8.9388,65.81
343.116,measure,4944.0,1808.0,8.9388,65.59
343.216,measure,4944.0,1808.0,8.9388,65.84
343.316,measure,4944.0,1792.0,8.8596,65.66
343.416,measure,4944.0,1784.0,8.8201,65.47
343.516,measure,4944.0,1800.0,8.8992,65.94
343.617,measure,4944.0,1808.0,8.9388,65.69
343.717,measure,4944.0,1800.0,8.8992,65.53
343.817,measure,4944.0,1800.0,8.8992,65.69
343.917,measure,4944.0,1784.0,8.8201,65.53
344.017,measure,4944.0,1800.0,8.8992,65.59
344.118,measure,4944.0,1816.0,8.9783,65.69
344.218,measure,4944.0,1808.0,8.9388,65.66
344.318,measure,4944.0,1800.0,8.8992,65.78
344.418,measure,4944.0,1784.0,8.8201,65.59
344.518,measure,4944.0,1800.0,8.8992,65.81
344.618,measure,4944.0,1816.0,8.9783,65.84
344.719,measure,4944.0,1808.0,8.9388,65.75
344.819,measure,4944.0,1800.0,8.8992,65.50
344.919,measure,4944.0,1784.0,8.8201,65.69
345.019,measure,4944.0,1800.0,8.8992,65.75
345.119,measure,4944.0,1816.0,8.9783,65.66
345.219,measure,4944.0,1816.0,8.9783,66.00
345.319,measure,4944.0,1808.0,8.9388,65.66
345.420,measure,4944.0,1800.0,8.8992,65.59
345.520,measure,4944.0,1792.0,8.8596,65.53
345.620,measure,4944.0,1808.0,8.9388,65.75
345.720,measure,4944.0,1800.0,8.8992,65.62
345.820,measure,4944.0,1792.0,8.8596,65.69
345.920,measure,4944.0,1784.0,8.8201,65.56
346.020,measure,4944.0,1792.0,8.8596,65.66
346.121,measure,4944.0,1808.0,8.9388,65.75
346.221,measure,4944.0,1808.0,8.9388,65.75
346.321,measure,4944.0,1800.0,8.8992,65.84
346.421,measure,4944.0,1792.0,8.8596,65.75
346.521,measure,4944.0,1792.0,8.8596,65.47
346.621,measure,4944.0,1808.0,8.9388,65.91
346.722,measure,4944.0,1808.0,8.9388,65.78
346.822,measure,4944.0,1808.0,8.9388,65.56
346.922,measure,4944.0,1792.0,8.8596,65.66
347.022,measure,4944.0,1792.0,8.8596,65.56
347.122,measure,4944.0,1808.0,8.9388,65.75
347.222,measure,4944.0,1808.0,8.9388,65.78
347.322,measure,4944.0,1808.0,8.9388,65.66
347.423,measure,4944.0,1800.0,8.8992,65.59
347.523,measure,4944.0,1784.0,8.8201,65.66
347.623,measure,4944.0,1800.0,8.8992,65.75
347.723,measure,4944.0,1816.0,8.9783,65.94
347.823,measure,4944.0,1808.0,8.9388,65.75
347.923,measure,4944.0,1800.0,8.8992,65.72
348.023,measure,4944.0,1784.0,8.8201,65.69
348.124,measure,4944.0,1800.0,8.8992,65.72
348.224,measure,4944.0,1808.0,8.9388,65.69
348.324,measure,4944.0,1800.0,8.8992,65.88
348.424,measure,4944.0,1776.0,8.7805,65.69
348.524,measure,4944.0,1784.0,8.8201,65.53
348.624,measure,4944.0,1792.0,8.8596,65.62
348.724,measure,4944.0,1776.0,8.7805,65.84
348.825,measure,4944.0,1760.0,8.7014,65.56
348.925,measure,4944.0,1776.0,8.7805,65.66
349.025,measure,4944.0,1784.0,8.8201,65.72
349.125,measure,4944.0,1784.0,8.8201,65.78
349.225,measure,4944.0,1768.0,8.7410,65.62
349.325,measure,4944.0,1776.0,8.7805,65.53
349.426,measure,4944.0,1792.0,8.8596,65.81
349.526,measure,4944.0,1792.0,8.8596,65.81
349.626,measure,4944.0,1784.0,8.8201,65.72
349.726,measure,4944.0,1776.0,8.7805,65.75
349.826,measure,4944.0,1776.0,8.7805,65.69
349.927,measure,4944.0,1792.0,8.8596,65.56
350.027,measure,4944.0,1800.0,8.8992,65.69
350.127,measure,4944.0,1792.0,8.8596,65.81
350.227,measure,4944.0,1784.0,8.8201,65.53
350.327,measure,4944.0,1784.0,8.8201,65.59
350.427,measure,4944.0,1800.0,8.8992,65.69
350.527,measure,4944.0,1792.0,8.8596,65.59
350.628,measure,4944.0,1792.0,8.8596,65.75
350.728,measure,4944.0,1784.0,8.8201,65.56
350.828,measure,4944.0,1792.0,8.8596,65.53
350.928,measure,4944.0,1808.0,8.9388,65.75
351.028,measure,4944.0,1808.0,8.9388,65.72
351.128,measure,4944.0,1800.0,8.8992,65.84
351.228,measure,4944.0,1792.0,8.8596,65.69
351.329,measure,4944.0,1792.0,8.8596,65.59
351.429,measure,4944.0,1808.0,8.9388,65.97
351.529,measure,4944.0,1800.0,8.8992,65.91
351.629,measure,4944.0,1792.0,8.8596,65.69
351.729,measure,4944.0,1776.0,8.7805,65.50
351.829,measure,4944.0,1784.0,8.8201,65.84
351.929,measure,4944.0,1800.0,8.8992,65.72
352.030,measure,4944.0,1800.0,8.8992,65.56
352.130,measure,4944.0,1800.0,8.8992,65.72
352.230,measure,4944.0,1784.0,8.8201,65.53
352.330,measure,4944.0,1800.0,8.8992,65.66
352.430,measure,4944.0,1816.0,8.9783,65.75
352.530,measure,4944.0,1808.0,8.9388,65.75
352.630,measure,4944.0,1800.0,8.8992,65.75
352.731,measure,4944.0,1784.0,8.8201,65.62
352.831,measure,4944.0,1792.0,8.8596,65.78
352.931,measure,4944.0,1808.0,8.9388,65.88
353.031,measure,4944.0,1808.0,8.9388,65.75
353.131,measure,4944.0,1800.0,8.8992,65.88
353.231,measure,4944.0,1784.0,8.8201,65.78
353.331,measure,4944.0,1784.0,8.8201,65.69
353.432,measure,4944.0,1800.0,8.8992,65.66
353.532,measure,4944.0,1800.0,8.8992,65.84
353.632,measure,4944.0,1792.0,8.8596,65.59
353.732,measure,4944.0,1776.0,8.7805,65.47
353.832,measure,4944.0,1776.0,8.7805,65.59
353.932,measure,4944.0,1792.0,8.8596,65.69
354.033,measure,4944.0,1792.0,8.8596,65.81
354.133,measure,4944.0,1792.0,8.8596,65.69
354.233,measure,4944.0,1776.0,8.7805,65.59
354.333,measure,4944.0,1784.0,8.8201,65.72
354.433,measure,4944.0,1800.0,8.8992,65.72
354.533,measure,4944.0,1800.0,8.8992,65.97
354.633,measure,4944.0,1800.0,8.8992,65.84
354.734,measure,4944.0,1784.0,8.8201,65.72
354.834,measure,4944.0,1792.0,8.8596,65.47
354.934,measure,4944.0,1800.0,8.8992,65.94
355.034,measure,4944.0,1808.0,8.9388,65.84
355.134,measure,4944.0,1800.0,8.8992,65.59
355.234,measure,4944.0,1784.0,8.8201,65.75
355.334,measure,4944.0,1784.0,8.8201,65.50
355.435,measure,4944.0,1800.0,8.8992,65.75
355.535,measure,4944.0,1800.0,8.8992,65.72
355.635,measure,4944.0,1792.0,8.8596,65.59
355.735,measure,4944.0,1784.0,8.8201,65.72
355.835,measure,4944.0,1784.0,8.8201,65.59
355.935,measure,4944.0,1800.0,8.8992,65.88
356.036,measure,4944.0,1800.0,8.8992,65.75
356.136,measure,4944.0,1800.0,8.8992,65.72
356.236,measure,4944.0,1784.0,8.8201,65.81
356.336,measure,4944.0,1784.0,8.8201,65.75
356.436,measure,4944.0,1800.0,8.8992,65.81
356.536,measure,4944.0,1808.0,8.9388,65.66
356.636,measure,4944.0,1800.0,8.8992,65.84
356.736,measure,4944.0,1784.0,8.8201,65.69
356.837,measure,4944.0,1784.0,8.8201,65.56
356.937,measure,4944.0,1800.0,8.8992,65.97
357.037,measure,4944.0,1800.0,8.8992,65.69
357.137,measure,4944.0,1800.0,8.8992,65.56
357.237,measure,4944.0,1784.0,8.8201,65.69
357.337,measure,4944.0,1784.0,8.8201,65.59
357.438,measure,4944.0,1800.0,8.8992,65.75
357.538,measure,4944.0,1800.0,8.8992,65.75
357.638,measure,4944.0,1800.0,8.8992,65.66
357.738,measure,4944.0,1784.0,8.8201,65.75
357.839,measure,4944.0,1784.0,8.8201,65.59
357.939,measure,4944.0,1800.0,8.8992,65.59
358.039,measure,4944.0,1808.0,8.9388,65.88
358.139,measure,4944.0,1800.0,8.8992,65.72
358.239,measure,4944.0,1792.0,8.8596,65.53
358.339,measure,4944.0,1784.0,8.8201,65.75
358.439,measure,4944.0,1800.0,8.8992,65.59
358.540,measure,4944.0,1800.0,8.8992,65.62
358.640,measure,4944.0,1792.0,8.8596,65.53
358.740,measure,4944.0,1784.0,8.8201,65.59
358.840,measure,4944.0,1784.0,8.8201,65.56
358.940,measure,4944.0,1800.0,8.8992,65.75
359.040,measure,4944.0,1800.0,8.8992,65.75
359.140,measure,4944.0,1792.0,8.8596,65.62
359.241,measure,4944.0,1784.0,8.8201,65.59
359.341,measure,4944.0,1784.0,8.8201,65.59
359.441,measure,4944.0,1808.0,8.9388,65.84
359.541,measure,4944.0,1800.0,8.8992,65.75
359.641,measure,4944.0,1792.0,8.8596,65.66
359.741,measure,4944.0,1784.0,8.8201,65.66
359.842,measure,4944.0,1792.0,8.8596,65.75
359.942,measure,4944.0,1808.0,8.9388,65.66
360.042,measure,4944.0,1808.0,8.9388,65.88
360.142,measure,4944.0,1800.0,8.8992,65.75
360.242,measure,4944.0,1784.0,8.8201,65.47
360.342,measure,4944.0,1792.0,8.8596,65.53
