t_rel_s,phase,mv,ma,watt,temp_max_c
0.000,warmup,4968.0,1264.0,6.2796,59.94
0.100,warmup,4968.0,1208.0,6.0013,59.91
0.200,warmup,4976.0,1144.0,5.6925,59.84
0.300,warmup,4976.0,1088.0,5.4139,59.81
0.401,warmup,4968.0,1272.0,6.3193,59.91
0.501,warmup,4968.0,1424.0,7.0744,60.00
0.601,warmup,4960.0,1568.0,7.7773,60.03
0.701,warmup,4952.0,1688.0,8.3590,60.03
0.801,warmup,4952.0,1760.0,8.7155,60.03
0.902,warmup,4944.0,1848.0,9.1365,60.16
1.002,warmup,4944.0,1928.0,9.5320,60.16
1.102,warmup,4936.0,2008.0,9.9115,60.19
1.202,warmup,4936.0,2040.0,10.0694,60.44
1.302,warmup,4936.0,2064.0,10.1879,60.44
1.402,warmup,4936.0,2088.0,10.3064,60.53
1.502,warmup,4936.0,2128.0,10.5038,60.56
1.602,warmup,4936.0,2152.0,10.6223,60.44
1.703,warmup,4936.0,2152.0,10.6223,60.41
1.803,warmup,4936.0,2152.0,10.6223,60.72
1.903,warmup,4936.0,2152.0,10.6223,60.31
2.003,warmup,4928.0,2192.0,10.8022,60.44
2.103,warmup,4928.0,2192.0,10.8022,60.81
2.203,warmup,4928.0,2184.0,10.7628,60.47
2.303,warmup,4928.0,2176.0,10.7233,60.47
2.404,warmup,4936.0,2176.0,10.7407,60.44
2.504,warmup,4928.0,2208.0,10.8810,60.62
2.604,warmup,4928.0,2208.0,10.8810,60.75
2.704,warmup,4928.0,2192.0,10.8022,60.62
2.804,warmup,4928.0,2184.0,10.7628,60.62
2.904,warmup,4928.0,2184.0,10.7628,60.66
3.004,warmup,4928.0,2216.0,10.9204,60.78
3.105,warmup,4928.0,2200.0,10.8416,60.72
3.205,warmup,4928.0,2192.0,10.8022,60.84
3.305,warmup,4928.0,2184.0,10.7628,60.78
3.405,warmup,4928.0,2200.0,10.8416,60.56
3.505,warmup,4928.0,2216.0,10.9204,61.03
3.605,warmup,4928.0,2200.0,10.8416,60.72
3.705,warmup,4928.0,2192.0,10.8022,60.72
3.805,warmup,4928.0,2184.0,10.7628,60.62
3.906,warmup,4928.0,2216.0,10.9204,60.84
4.006,warmup,4928.0,2216.0,10.9204,60.75
4.106,warmup,4928.0,2200.0,10.8416,60.81
4.206,warmup,4928.0,2192.0,10.8022,60.81
4.306,warmup,4928.0,2192.0,10.8022,60.72
4.406,warmup,4928.0,2216.0,10.9204,60.91
4.506,warmup,4928.0,2208.0,10.8810,60.91
4.606,warmup,4928.0,2200.0,10.8416,61.06
4.707,warmup,4928.0,2192.0,10.8022,60.94
4.807,warmup,4928.0,2184.0,10.7628,60.78
4.907,warmup,4928.0,2216.0,10.9204,61.22
5.007,warmup,4928.0,2208.0,10.8810,61.03
5.107,warmup,4928.0,2192.0,10.8022,60.88
5.207,warmup,4928.0,2192.0,10.8022,61.12
5.307,warmup,4928.0,2200.0,10.8416,61.16
5.408,warmup,4928.0,2224.0,10.9599,60.94
5.508,warmup,4928.0,2208.0,10.8810,60.88
5.608,warmup,4928.0,2200.0,10.8416,60.91
5.708,warmup,4928.0,2192.0,10.8022,60.84
5.808,warmup,4928.0,2208.0,10.8810,61.06
5.908,warmup,4928.0,2216.0,10.9204,61.06
6.008,warmup,4928.0,2200.0,10.8416,61.06
6.109,warmup,4928.0,2192.0,10.8022,61.09
6.209,warmup,4928.0,2184.0,10.7628,61.03
6.309,warmup,4928.0,2216.0,10.9204,61.16
6.409,warmup,4928.0,2208.0,10.8810,61.22
6.509,warmup,4928.0,2192.0,10.8022,61.12
6.609,warmup,4928.0,2184.0,10.7628,61.25
6.709,warmup,4928.0,2176.0,10.7233,61.06
6.809,warmup,4928.0,2208.0,10.8810,61.19
6.910,warmup,4928.0,2200.0,10.8416,61.03
7.010,warmup,4928.0,2200.0,10.8416,61.28
7.110,warmup,4928.0,2192.0,10.8022,61.03
7.210,warmup,4928.0,2192.0,10.8022,60.94
7.310,warmup,4928.0,2216.0,10.9204,61.44
7.410,warmup,4928.0,2208.0,10.8810,61.19
7.510,warmup,4928.0,2200.0,10.8416,61.09
7.611,warmup,4928.0,2192.0,10.8022,61.12
7.711,warmup,4928.0,2208.0,10.8810,61.16
7.811,warmup,4928.0,2216.0,10.9204,61.28
7.911,warmup,4928.0,2208.0,10.8810,61.31
8.011,warmup,4928.0,2200.0,10.8416,61.19
8.111,warmup,4928.0,2192.0,10.8022,61.28
8.211,warmup,4928.0,2224.0,10.9599,61.34
8.311,warmup,4928.0,2216.0,10.9204,61.59
8.412,warmup,4928.0,2200.0,10.8416,61.50
8.512,warmup,4928.0,2192.0,10.8022,61.41
8.612,warmup,4928.0,2184.0,10.7628,61.06
8.712,warmup,4928.0,2216.0,10.9204,61.56
8.812,warmup,4928.0,2208.0,10.8810,61.31
8.912,warmup,4928.0,2200.0,10.8416,61.25
9.012,warmup,4928.0,2192.0,10.8022,61.56
9.112,warmup,4928.0,2192.0,10.8022,61.09
9.213,warmup,4928.0,2216.0,10.9204,61.25
9.313,warmup,4928.0,2208.0,10.8810,61.41
9.413,warmup,4928.0,2200.0,10.8416,61.31
9.513,warmup,4928.0,2192.0,10.8022,61.28
9.613,warmup,4928.0,2208.0,10.8810,61.41
9.713,warmup,4928.0,2216.0,10.9204,61.41
9.814,warmup,4928.0,2200.0,10.8416,61.53
9.914,warmup,4928.0,2192.0,10.8022,61.44
10.014,warmup,4928.0,2184.0,10.7628,61.34
10.114,warmup,4928.0,2216.0,10.9204,61.66
10.214,warmup,4928.0,2208.0,10.8810,61.56
10.314,warmup,4928.0,2192.0,10.8022,61.25
10.414,warmup,4928.0,2184.0,10.7628,61.66
10.515,warmup,4928.0,2184.0,10.7628,61.47
10.615,warmup,4928.0,2216.0,10.9204,61.44
10.715,warmup,4928.0,2200.0,10.8416,61.41
10.815,warmup,4928.0,2192.0,10.8022,61.47
10.915,warmup,4928.0,2184.0,10.7628,61.44
11.015,warmup,4928.0,2184.0,10.7628,61.38
11.115,warmup,4928.0,2216.0,10.9204,61.56
11.215,warmup,4928.0,2208.0,10.8810,61.47
11.316,warmup,4928.0,2200.0,10.8416,61.53
11.416,warmup,4928.0,2192.0,10.8022,61.50
11.516,warmup,4928.0,2208.0,10.8810,61.69
11.616,warmup,4928.0,2216.0,10.9204,61.69
11.716,warmup,4928.0,2200.0,10.8416,61.62
11.816,warmup,4928.0,2192.0,10.8022,61.81
11.916,warmup,4928.0,2184.0,10.7628,61.62
12.017,warmup,4928.0,2216.0,10.9204,61.53
12.117,warmup,4928.0,2208.0,10.8810,61.88
12.217,warmup,4928.0,2200.0,10.8416,61.69
12.317,warmup,4928.0,2192.0,10.8022,61.50
12.417,warmup,4928.0,2184.0,10.7628,61.41
12.517,warmup,4928.0,2216.0,10.9204,61.72
12.618,warmup,4928.0,2208.0,10.8810,61.88
12.718,warmup,4928.0,2192.0,10.8022,61.75
12.818,warmup,4928.0,2192.0,10.8022,61.53
12.918,warmup,4928.0,2192.0,10.8022,61.53
13.018,warmup,4928.0,2216.0,10.9204,61.88
13.118,warmup,4928.0,2208.0,10.8810,61.75
13.218,warmup,4928.0,2200.0,10.8416,61.84
13.319,warmup,4928.0,2192.0,10.8022,61.72
13.419,warmup,4928.0,2208.0,10.8810,61.78
13.519,warmup,4928.0,2224.0,10.9599,62.00
13.619,warmup,4928.0,2208.0,10.8810,61.88
13.720,warmup,4928.0,2200.0,10.8416,61.69
13.820,warmup,4928.0,2192.0,10.8022,61.50
13.920,warmup,4928.0,2216.0,10.9204,61.97
14.020,warmup,4928.0,2216.0,10.9204,61.66
14.120,warmup,4928.0,2200.0,10.8416,61.81
14.220,warmup,4928.0,2192.0,10.8022,61.78
14.320,warmup,4928.0,2184.0,10.7628,61.66
14.421,warmup,4928.0,2216.0,10.9204,61.88
14.521,warmup,4928.0,2208.0,10.8810,61.84
14.621,warmup,4928.0,2192.0,10.8022,62.00
14.721,warmup,4928.0,2192.0,10.8022,61.88
14.821,warmup,4928.0,2184.0,10.7628,61.75
14.921,warmup,4928.0,2216.0,10.9204,62.12
15.021,warmup,4928.0,2208.0,10.8810,62.00
15.122,warmup,4928.0,2192.0,10.8022,61.88
15.222,warmup,4928.0,2192.0,10.8022,62.00
15.322,warmup,4928.0,2200.0,10.8416,62.00
15.422,warmup,4928.0,2216.0,10.9204,61.91
15.522,warmup,4928.0,2208.0,10.8810,61.84
15.622,warmup,4928.0,2192.0,10.8022,62.06
15.722,warmup,4928.0,2192.0,10.8022,61.78
15.823,warmup,4928.0,2216.0,10.9204,61.88
15.923,warmup,4928.0,2208.0,10.8810,62.00
16.023,warmup,4928.0,2200.0,10.8416,61.88
16.123,warmup,4928.0,2192.0,10.8022,62.03
16.223,warmup,4928.0,2184.0,10.7628,61.84
16.323,warmup,4928.0,2216.0,10.9204,61.94
16.423,warmup,4928.0,2208.0,10.8810,62.06
16.523,warmup,4928.0,2200.0,10.8416,62.00
16.624,warmup,4928.0,2192.0,10.8022,62.19
16.724,warmup,4928.0,2192.0,10.8022,62.03
16.824,warmup,4928.0,2216.0,10.9204,62.22
16.924,warmup,4928.0,2208.0,10.8810,62.41
17.024,warmup,4928.0,2200.0,10.8416,62.22
17.124,warmup,4928.0,2192.0,10.8022,62.16
17.224,warmup,4928.0,2208.0,10.8810,61.97
17.325,warmup,4928.0,2216.0,10.9204,62.38
17.425,warmup,4928.0,2208.0,10.8810,62.09
17.525,warmup,4928.0,2200.0,10.8416,62.00
17.625,warmup,4928.0,2192.0,10.8022,62.00
17.725,warmup,4928.0,2224.0,10.9599,62.09
17.825,warmup,4928.0,2216.0,10.9204,62.22
17.925,warmup,4928.0,2200.0,10.8416,62.12
18.025,warmup,4928.0,2192.0,10.8022,62.03
18.126,warmup,4928.0,2184.0,10.7628,62.09
18.226,warmup,4928.0,2224.0,10.9599,62.22
18.326,warmup,4928.0,2208.0,10.8810,62.12
18.426,warmup,4928.0,2200.0,10.8416,62.38
18.526,warmup,4928.0,2192.0,10.8022,62.16
18.626,warmup,4928.0,2208.0,10.8810,62.03
18.726,warmup,4928.0,2224.0,10.9599,62.47
18.827,warmup,4928.0,2208.0,10.8810,62.31
18.927,warmup,4928.0,2200.0,10.8416,62.12
19.027,warmup,4928.0,2200.0,10.8416,62.44
19.127,warmup,4928.0,2216.0,10.9204,62.16
19.227,warmup,4928.0,2224.0,10.9599,62.19
19.327,warmup,4928.0,2208.0,10.8810,62.31
19.428,warmup,4928.0,2200.0,10.8416,62.19
19.528,warmup,4928.0,2200.0,10.8416,62.25
19.628,warmup,4928.0,2224.0,10.9599,62.34
19.728,warmup,4928.0,2224.0,10.9599,62.31
19.829,warmup,4928.0,2208.0,10.8810,62.47
19.929,warmup,4928.0,2200.0,10.8416,62.28
20.029,warmup,4928.0,2192.0,10.8022,62.47
20.129,warmup,4928.0,2224.0,10.9599,62.50
20.229,warmup,4928.0,2216.0,10.9204,62.38
20.329,warmup,4928.0,2208.0,10.8810,62.25
20.429,warmup,4928.0,2200.0,10.8416,62.44
20.530,warmup,4928.0,2192.0,10.8022,62.12
20.630,warmup,4928.0,2224.0,10.9599,62.25
20.730,warmup,4928.0,2208.0,10.8810,62.62
20.830,warmup,4928.0,2200.0,10.8416,62.31
20.930,warmup,4928.0,2192.0,10.8022,62.28
21.030,warmup,4928.0,2208.0,10.8810,62.44
21.130,warmup,4928.0,2216.0,10.9204,62.41
21.231,warmup,4928.0,2208.0,10.8810,62.53
21.331,warmup,4928.0,2200.0,10.8416,62.44
21.431,warmup,4928.0,2192.0,10.8022,62.31
21.531,warmup,4928.0,2224.0,10.9599,62.66
21.632,warmup,4928.0,2216.0,10.9204,62.44
21.732,warmup,4928.0,2200.0,10.8416,62.38
21.832,warmup,4928.0,2200.0,10.8416,62.56
21.932,warmup,4928.0,2184.0,10.7628,62.44
22.032,warmup,4928.0,2216.0,10.9204,62.44
22.133,warmup,4928.0,2208.0,10.8810,62.69
22.233,warmup,4928.0,2200.0,10.8416,62.50
22.333,warmup,4928.0,2192.0,10.8022,62.44
22.433,warmup,4928.0,2192.0,10.8022,62.38
22.533,warmup,4928.0,2216.0,10.9204,62.47
22.633,warmup,4928.0,2208.0,10.8810,62.62
22.733,warmup,4928.0,2200.0,10.8416,62.47
22.834,warmup,4928.0,2192.0,10.8022,62.50
22.934,warmup,4928.0,2208.0,10.8810,62.59
23.034,warmup,4928.0,2224.0,10.9599,62.56
23.134,warmup,4928.0,2216.0,10.9204,62.56
23.234,warmup,4928.0,2208.0,10.8810,62.75
23.334,warmup,4928.0,2200.0,10.8416,62.56
23.434,warmup,4928.0,2224.0,10.9599,62.50
23.535,warmup,4928.0,2224.0,10.9599,62.84
23.635,warmup,4928.0,2208.0,10.8810,62.72
23.735,warmup,4928.0,2200.0,10.8416,62.44
23.835,warmup,4928.0,2192.0,10.8022,62.78
23.935,warmup,4928.0,2224.0,10.9599,62.59
24.035,warmup,4928.0,2216.0,10.9204,62.62
24.135,warmup,4928.0,2200.0,10.8416,62.66
24.236,warmup,4928.0,2192.0,10.8022,62.56
24.336,warmup,4928.0,2184.0,10.7628,62.44
24.436,warmup,4928.0,2216.0,10.9204,62.66
24.536,warmup,4928.0,2208.0,10.8810,62.69
24.636,warmup,4928.0,2200.0,10.8416,62.81
24.736,warmup,4928.0,2192.0,10.8022,62.66
24.836,warmup,4928.0,2208.0,10.8810,62.62
24.937,warmup,4928.0,2224.0,10.9599,62.94
25.037,warmup,4928.0,2216.0,10.9204,62.84
25.137,warmup,4928.0,2208.0,10.8810,62.78
25.237,warmup,4928.0,2200.0,10.8416,62.84
25.337,warmup,4928.0,2224.0,10.9599,62.84
25.437,warmup,4928.0,2224.0,10.9599,62.72
25.537,warmup,4928.0,2208.0,10.8810,62.66
25.638,warmup,4928.0,2200.0,10.8416,62.91
25.738,warmup,4928.0,2192.0,10.8022,62.47
25.838,warmup,4928.0,2224.0,10.9599,62.84
25.938,warmup,4928.0,2216.0,10.9204,62.81
26.038,warmup,4928.0,2208.0,10.8810,62.75
26.138,warmup,4928.0,2200.0,10.8416,62.84
26.239,warmup,4928.0,2192.0,10.8022,62.62
26.339,warmup,4928.0,2224.0,10.9599,62.75
26.439,warmup,4928.0,2216.0,10.9204,62.88
26.539,warmup,4928.0,2208.0,10.8810,62.84
26.639,warmup,4928.0,2200.0,10.8416,62.97
26.739,warmup,4928.0,2208.0,10.8810,62.97
26.839,warmup,4928.0,2232.0,10.9993,63.06
26.940,warmup,4928.0,2216.0,10.9204,63.16
27.040,warmup,4928.0,2208.0,10.8810,62.91
27.140,warmup,4928.0,2200.0,10.8416,62.78
27.240,warmup,4928.0,2232.0,10.9993,62.84
27.340,warmup,4928.0,2224.0,10.9599,63.09
27.440,warmup,4928.0,2216.0,10.9204,62.84
27.540,warmup,4928.0,2208.0,10.8810,62.69
27.640,warmup,4928.0,2200.0,10.8416,62.81
27.741,warmup,4928.0,2224.0,10.9599,62.88
27.841,warmup,4928.0,2216.0,10.9204,63.00
27.941,warmup,4928.0,2200.0,10.8416,62.94
28.041,warmup,4928.0,2200.0,10.8416,62.84
28.141,warmup,4928.0,2192.0,10.8022,62.84
28.241,warmup,4928.0,2224.0,10.9599,63.03
28.341,warmup,4928.0,2216.0,10.9204,63.25
28.442,warmup,4928.0,2200.0,10.8416,63.09
28.542,warmup,4928.0,2200.0,10.8416,63.03
28.642,warmup,4928.0,2208.0,10.8810,62.84
28.742,warmup,4928.0,2232.0,10.9993,63.19
28.842,warmup,4928.0,2216.0,10.9204,62.88
28.942,warmup,4928.0,2208.0,10.8810,62.88
29.042,warmup,4928.0,2208.0,10.8810,63.19
29.143,warmup,4928.0,2224.0,10.9599,63.06
29.243,warmup,4928.0,2232.0,10.9993,62.91
29.343,warmup,4928.0,2216.0,10.9204,63.09
29.443,warmup,4928.0,2208.0,10.8810,62.97
29.543,warmup,4928.0,2200.0,10.8416,63.09
29.643,warmup,4928.0,2224.0,10.9599,63.06
29.743,warmup,4928.0,2216.0,10.9204,63.09
29.843,warmup,4928.0,2208.0,10.8810,63.16
29.944,warmup,4928.0,2200.0,10.8416,63.06
30.044,warmup,4928.0,2192.0,10.8022,63.19
30.144,warmup,4928.0,2224.0,10.9599,63.28
30.244,warmup,4928.0,2216.0,10.9204,63.09
30.344,warmup,4928.0,2200.0,10.8416,63.06
30.444,warmup,4928.0,2200.0,10.8416,63.25
30.544,warmup,4928.0,2216.0,10.9204,63.25
30.645,warmup,4928.0,2224.0,10.9599,63.00
30.745,warmup,4928.0,2216.0,10.9204,63.41
30.845,warmup,4928.0,2200.0,10.8416,63.12
30.945,warmup,4928.0,2200.0,10.8416,63.09
31.045,warmup,4928.0,2224.0,10.9599,63.22
31.146,warmup,4928.0,2224.0,10.9599,63.12
31.246,warmup,4928.0,2208.0,10.8810,63.19
31.346,warmup,4928.0,2200.0,10.8416,63.12
31.446,warmup,4928.0,2192.0,10.8022,62.94
31.546,warmup,4928.0,2224.0,10.9599,63.31
31.646,warmup,4928.0,2216.0,10.9204,63.28
31.746,warmup,4928.0,2208.0,10.8810,63.19
31.846,warmup,4928.0,2200.0,10.8416,63.34
31.947,warmup,4928.0,2192.0,10.8022,63.19
32.047,warmup,4928.0,2224.0,10.9599,63.09
32.147,warmup,4928.0,2216.0,10.9204,63.44
32.247,warmup,4928.0,2208.0,10.8810,63.19
32.347,warmup,4928.0,2200.0,10.8416,63.06
32.448,warmup,4928.0,2208.0,10.8810,63.09
32.548,warmup,4928.0,2232.0,10.9993,63.25
32.648,warmup,4928.0,2216.0,10.9204,63.25
32.748,warmup,4928.0,2208.0,10.8810,63.28
32.848,warmup,4928.0,2200.0,10.8416,63.19
32.949,warmup,4928.0,2224.0,10.9599,63.34
33.049,warmup,4928.0,2224.0,10.9599,63.31
33.149,warmup,4928.0,2208.0,10.8810,63.31
33.249,warmup,4928.0,2200.0,10.8416,63.38
33.349,warmup,4928.0,2192.0,10.8022,63.25
33.449,warmup,4928.0,2224.0,10.9599,63.28
33.550,warmup,4928.0,2216.0,10.9204,63.50
33.650,warmup,4928.0,2208.0,10.8810,63.38
33.750,warmup,4928.0,2200.0,10.8416,63.22
33.850,warmup,4928.0,2192.0,10.8022,63.34
33.950,warmup,4928.0,2224.0,10.9599,63.34
34.051,warmup,4928.0,2216.0,10.9204,63.25
34.151,warmup,4928.0,2208.0,10.8810,63.38
34.251,warmup,4928.0,2200.0,10.8416,63.28
34.351,warmup,4928.0,2208.0,10.8810,63.19
34.451,warmup,4928.0,2224.0,10.9599,63.38
34.551,warmup,4928.0,2208.0,10.8810,63.34
34.651,warmup,4928.0,2200.0,10.8416,63.47
34.752,warmup,4928.0,2200.0,10.8416,63.31
34.852,warmup,4928.0,2216.0,10.9204,63.69
34.952,warmup,4928.0,2224.0,10.9599,63.59
35.052,warmup,4928.0,2208.0,10.8810,63.47
35.152,warmup,4928.0,2200.0,10.8416,63.22
35.252,warmup,4928.0,2192.0,10.8022,63.56
35.352,warmup,4928.0,2224.0,10.9599,63.62
35.452,warmup,4928.0,2216.0,10.9204,63.31
35.553,warmup,4928.0,2208.0,10.8810,63.34
35.653,warmup,4928.0,2200.0,10.8416,63.59
35.753,warmup,4928.0,2192.0,10.8022,63.28
35.853,warmup,4928.0,2224.0,10.9599,63.34
35.953,warmup,4928.0,2216.0,10.9204,63.38
36.053,warmup,4928.0,2200.0,10.8416,63.34
36.153,warmup,4928.0,2200.0,10.8416,63.41
36.253,warmup,4928.0,2208.0,10.8810,63.41
36.354,warmup,4928.0,2224.0,10.9599,63.38
36.454,warmup,4928.0,2216.0,10.9204,63.62
36.554,warmup,4928.0,2208.0,10.8810,63.44
36.654,warmup,4928.0,2200.0,10.8416,63.59
36.754,warmup,4928.0,2224.0,10.9599,63.69
36.854,warmup,4928.0,2224.0,10.9599,63.62
36.954,warmup,4928.0,2208.0,10.8810,63.78
37.054,warmup,4928.0,2200.0,10.8416,63.62
37.155,warmup,4928.0,2200.0,10.8416,63.34
37.255,warmup,4928.0,2224.0,10.9599,63.47
37.355,warmup,4928.0,2216.0,10.9204,63.81
37.455,warmup,4928.0,2208.0,10.8810,63.47
37.555,warmup,4928.0,2200.0,10.8416,63.44
37.655,warmup,4928.0,2192.0,10.8022,63.34
37.755,warmup,4928.0,2224.0,10.9599,63.53
37.855,warmup,4928.0,2216.0,10.9204,63.62
37.956,warmup,4928.0,2200.0,10.8416,63.53
38.056,warmup,4928.0,2200.0,10.8416,63.50
38.156,warmup,4928.0,2208.0,10.8810,63.56
38.256,warmup,4928.0,2232.0,10.9993,63.62
38.356,warmup,4928.0,2216.0,10.9204,63.88
38.456,warmup,4928.0,2208.0,10.8810,63.72
38.556,warmup,4928.0,2200.0,10.8416,63.59
38.657,warmup,4928.0,2224.0,10.9599,63.94
38.757,warmup,4928.0,2224.0,10.9599,63.81
38.857,warmup,4928.0,2208.0,10.8810,63.75
38.957,warmup,4928.0,2200.0,10.8416,63.47
39.057,warmup,4928.0,2192.0,10.8022,63.75
39.157,warmup,4928.0,2224.0,10.9599,63.69
39.257,warmup,4928.0,2216.0,10.9204,63.62
39.357,warmup,4928.0,2200.0,10.8416,63.72
39.458,warmup,4928.0,2200.0,10.8416,63.53
39.558,warmup,4928.0,2192.0,10.8022,63.56
39.658,warmup,4928.0,2224.0,10.9599,63.75
39.758,warmup,4928.0,2216.0,10.9204,63.72
39.858,warmup,4928.0,2208.0,10.8810,63.78
39.958,warmup,4928.0,2200.0,10.8416,63.78
40.058,warmup,4928.0,2208.0,10.8810,63.84
40.159,warmup,4928.0,2232.0,10.9993,63.91
40.259,warmup,4928.0,2216.0,10.9204,63.81
40.359,warmup,4928.0,2208.0,10.8810,63.66
40.459,warmup,4928.0,2200.0,10.8416,63.88
40.559,warmup,4928.0,2224.0,10.9599,63.88
40.659,warmup,4928.0,2224.0,10.9599,63.72
40.759,warmup,4928.0,2208.0,10.8810,63.97
40.859,warmup,4928.0,2200.0,10.8416,63.62
40.960,warmup,4928.0,2200.0,10.8416,63.59
41.060,warmup,4928.0,2224.0,10.9599,63.81
41.160,warmup,4928.0,2224.0,10.9599,63.78
41.260,warmup,4928.0,2208.0,10.8810,63.78
41.360,warmup,4928.0,2200.0,10.8416,63.75
41.460,warmup,4928.0,2192.0,10.8022,63.69
41.560,warmup,4928.0,2232.0,10.9993,63.94
41.661,warmup,4928.0,2216.0,10.9204,63.91
41.761,warmup,4928.0,2208.0,10.8810,63.81
41.861,warmup,4928.0,2200.0,10.8416,63.94
41.961,warmup,4928.0,2192.0,10.8022,63.81
42.061,warmup,4928.0,2224.0,10.9599,63.94
42.161,warmup,4928.0,2208.0,10.8810,64.03
42.261,warmup,4928.0,2200.0,10.8416,64.00
42.361,warmup,4928.0,2200.0,10.8416,63.72
42.462,warmup,4928.0,2216.0,10.9204,64.22
42.562,warmup,4928.0,2224.0,10.9599,64.09
42.662,warmup,4928.0,2216.0,10.9204,63.81
42.762,warmup,4928.0,2200.0,10.8416,63.81
42.862,warmup,4928.0,2200.0,10.8416,63.81
42.962,warmup,4928.0,2224.0,10.9599,63.81
43.062,warmup,4928.0,2224.0,10.9599,64.00
43.163,warmup,4928.0,2208.0,10.8810,63.84
43.263,warmup,4928.0,2200.0,10.8416,64.00
43.363,warmup,4928.0,2192.0,10.8022,63.88
43.463,warmup,4928.0,2224.0,10.9599,63.94
43.563,warmup,4928.0,2216.0,10.9204,64.16
43.663,warmup,4928.0,2208.0,10.8810,64.19
43.763,warmup,4928.0,2200.0,10.8416,63.88
43.864,warmup,4928.0,2200.0,10.8416,64.03
43.964,warmup,4928.0,2232.0,10.9993,64.19
44.064,warmup,4928.0,2216.0,10.9204,63.88
44.164,warmup,4928.0,2208.0,10.8810,63.81
44.264,warmup,4928.0,2200.0,10.8416,64.06
44.364,warmup,4928.0,2208.0,10.8810,63.88
44.464,warmup,4928.0,2224.0,10.9599,63.88
44.564,warmup,4928.0,2216.0,10.9204,64.03
44.665,warmup,4928.0,2200.0,10.8416,63.88
44.765,warmup,4928.0,2200.0,10.8416,63.88
44.865,warmup,4928.0,2224.0,10.9599,64.03
44.965,warmup,4928.0,2224.0,10.9599,64.09
45.065,warmup,4928.0,2208.0,10.8810,64.03
45.165,warmup,4928.0,2208.0,10.8810,63.97
45.265,warmup,4928.0,2200.0,10.8416,64.12
45.365,warmup,4928.0,2232.0,10.9993,64.19
45.466,warmup,4928.0,2224.0,10.9599,64.09
45.566,warmup,4928.0,2216.0,10.9204,64.31
45.666,warmup,4928.0,2208.0,10.8810,64.19
45.766,warmup,4928.0,2200.0,10.8416,63.97
45.866,warmup,4928.0,2232.0,10.9993,64.06
45.966,warmup,4928.0,2224.0,10.9599,64.28
46.066,warmup,4928.0,2216.0,10.9204,64.03
46.167,warmup,4928.0,2208.0,10.8810,63.88
46.267,warmup,4928.0,2216.0,10.9204,64.03
46.367,warmup,4928.0,2240.0,11.0387,64.16
46.467,warmup,4928.0,2224.0,10.9599,64.16
46.567,warmup,4928.0,2216.0,10.9204,64.00
46.667,warmup,4928.0,2208.0,10.8810,64.06
46.768,warmup,4928.0,2224.0,10.9599,64.22
46.868,warmup,4928.0,2232.0,10.9993,64.22
46.968,warmup,4928.0,2216.0,10.9204,64.44
47.068,warmup,4928.0,2208.0,10.8810,64.22
47.168,warmup,4928.0,2200.0,10.8416,64.09
47.268,warmup,4928.0,2232.0,10.9993,64.09
47.369,warmup,4928.0,2224.0,10.9599,64.34
47.469,warmup,4928.0,2208.0,10.8810,64.12
47.569,warmup,4928.0,2200.0,10.8416,64.16
47.669,warmup,4928.0,2192.0,10.8022,64.25
47.769,warmup,4928.0,2224.0,10.9599,64.16
47.870,warmup,4928.0,2216.0,10.9204,64.12
47.970,warmup,4928.0,2208.0,10.8810,64.16
48.070,warmup,4928.0,2200.0,10.8416,64.09
48.170,warmup,4928.0,2200.0,10.8416,64.19
48.270,warmup,4928.0,2232.0,10.9993,64.25
48.371,warmup,4928.0,2224.0,10.9599,64.28
48.471,warmup,4928.0,2216.0,10.9204,64.31
48.571,warmup,4928.0,2208.0,10.8810,64.25
48.671,warmup,4928.0,2216.0,10.9204,64.38
48.771,warmup,4928.0,2232.0,10.9993,64.44
48.871,warmup,4928.0,2224.0,10.9599,64.31
48.971,warmup,4928.0,2216.0,10.9204,64.06
49.072,warmup,4928.0,2208.0,10.8810,64.31
49.172,warmup,4928.0,2232.0,10.9993,64.47
49.272,warmup,4928.0,2232.0,10.9993,64.16
49.372,warmup,4928.0,2216.0,10.9204,64.50
49.472,warmup,4928.0,2208.0,10.8810,64.16
49.572,warmup,4928.0,2200.0,10.8416,64.09
49.672,warmup,4928.0,2232.0,10.9993,64.34
49.773,warmup,4928.0,2224.0,10.9599,64.28
49.873,warmup,4928.0,2208.0,10.8810,64.44
49.973,warmup,4928.0,2208.0,10.8810,64.31
50.073,warmup,4928.0,2200.0,10.8416,64.34
50.173,warmup,4928.0,2232.0,10.9993,64.44
50.273,warmup,4928.0,2224.0,10.9599,64.41
50.373,warmup,4928.0,2208.0,10.8810,64.31
50.474,warmup,4928.0,2208.0,10.8810,64.41
50.574,warmup,4928.0,2216.0,10.9204,64.38
50.674,warmup,4928.0,2232.0,10.9993,64.25
50.774,warmup,4928.0,2216.0,10.9204,64.59
50.874,warmup,4928.0,2208.0,10.8810,64.31
50.974,warmup,4928.0,2208.0,10.8810,64.19
51.075,warmup,4928.0,2232.0,10.9993,64.31
51.175,warmup,4928.0,2232.0,10.9993,64.31
51.275,warmup,4928.0,2216.0,10.9204,64.28
51.375,warmup,4928.0,2208.0,10.8810,64.34
51.475,warmup,4928.0,2208.0,10.8810,64.31
51.575,warmup,4928.0,2232.0,10.9993,64.56
51.676,warmup,4928.0,2232.0,10.9993,64.44
51.776,warmup,4928.0,2216.0,10.9204,64.66
51.876,warmup,4928.0,2208.0,10.8810,64.44
51.976,warmup,4928.0,2200.0,10.8416,64.34
52.077,warmup,4928.0,2240.0,11.0387,64.31
52.177,warmup,4928.0,2232.0,10.9993,64.62
52.277,warmup,4928.0,2216.0,10.9204,64.47
52.377,warmup,4928.0,2216.0,10.9204,64.22
52.477,warmup,4928.0,2216.0,10.9204,64.69
52.578,warmup,4928.0,2240.0,11.0387,64.41
52.678,warmup,4928.0,2224.0,10.9599,64.38
52.778,warmup,4928.0,2216.0,10.9204,64.41
52.879,warmup,4928.0,2208.0,10.8810,64.31
52.979,warmup,4928.0,2224.0,10.9599,64.44
53.079,warmup,4928.0,2232.0,10.9993,64.53
53.179,warmup,4928.0,2224.0,10.9599,64.66
53.280,warmup,4928.0,2208.0,10.8810,64.69
53.380,warmup,4928.0,2208.0,10.8810,64.38
53.480,warmup,4928.0,2240.0,11.0387,64.41
53.580,warmup,4928.0,2232.0,10.9993,64.69
53.680,warmup,4928.0,2216.0,10.9204,64.50
53.781,warmup,4928.0,2208.0,10.8810,64.38
53.881,warmup,4928.0,2200.0,10.8416,64.59
53.981,warmup,4928.0,2232.0,10.9993,64.44
54.081,warmup,4928.0,2224.0,10.9599,64.38
54.181,warmup,4928.0,2208.0,10.8810,64.41
54.281,warmup,4928.0,2200.0,10.8416,64.53
54.382,warmup,4928.0,2192.0,10.8022,64.44
54.482,warmup,4928.0,2224.0,10.9599,64.53
54.582,warmup,4928.0,2216.0,10.9204,64.56
54.682,warmup,4928.0,2208.0,10.8810,64.66
54.782,warmup,4928.0,2200.0,10.8416,64.50
54.882,warmup,4928.0,2216.0,10.9204,64.78
54.983,warmup,4928.0,2240.0,11.0387,64.69
55.083,warmup,4928.0,2224.0,10.9599,64.62
55.183,warmup,4928.0,2216.0,10.9204,64.41
55.283,warmup,4928.0,2208.0,10.8810,64.72
55.383,warmup,4928.0,2224.0,10.9599,64.50
55.483,warmup,4928.0,2224.0,10.9599,64.53
55.583,warmup,4928.0,2216.0,10.9204,64.78
55.684,warmup,4928.0,2200.0,10.8416,64.53
55.784,warmup,4928.0,2200.0,10.8416,64.62
55.884,warmup,4928.0,2224.0,10.9599,64.62
55.984,warmup,4928.0,2216.0,10.9204,64.66
56.084,warmup,4928.0,2208.0,10.8810,64.69
56.185,warmup,4928.0,2200.0,10.8416,64.53
56.285,warmup,4928.0,2200.0,10.8416,64.44
56.385,warmup,4928.0,2232.0,10.9993,64.78
56.485,warmup,4928.0,2224.0,10.9599,64.66
56.585,warmup,4928.0,2216.0,10.9204,64.94
56.685,warmup,4928.0,2208.0,10.8810,64.78
56.786,warmup,4928.0,2216.0,10.9204,64.75
56.886,warmup,4928.0,2232.0,10.9993,64.59
56.986,warmup,4928.0,2224.0,10.9599,64.84
57.086,warmup,4928.0,2216.0,10.9204,64.56
57.186,warmup,4928.0,2208.0,10.8810,64.44
57.286,warmup,4928.0,2232.0,10.9993,65.03
57.386,warmup,4928.0,2232.0,10.9993,64.62
57.487,warmup,4928.0,2216.0,10.9204,64.56
57.587,warmup,4928.0,2208.0,10.8810,64.62
57.687,warmup,4928.0,2208.0,10.8810,64.56
57.787,warmup,4928.0,2232.0,10.9993,64.72
57.887,warmup,4928.0,2224.0,10.9599,64.75
57.987,warmup,4928.0,2216.0,10.9204,64.72
58.088,warmup,4928.0,2208.0,10.8810,64.78
58.188,warmup,4928.0,2192.0,10.8022,64.66
58.288,warmup,4928.0,2232.0,10.9993,64.78
58.388,warmup,4928.0,2224.0,10.9599,64.88
58.488,warmup,4928.0,2216.0,10.9204,64.78
58.588,warmup,4928.0,2208.0,10.8810,64.59
58.688,warmup,4928.0,2208.0,10.8810,64.88
58.789,warmup,4928.0,2232.0,10.9993,64.72
58.889,warmup,4928.0,2216.0,10.9204,64.72
58.989,warmup,4928.0,2208.0,10.8810,64.62
59.089,warmup,4928.0,2208.0,10.8810,64.66
59.189,warmup,4928.0,2216.0,10.9204,64.75
59.289,warmup,4928.0,2232.0,10.9993,64.78
59.389,warmup,4928.0,2216.0,10.9204,64.81
59.489,warmup,4928.0,2208.0,10.8810,64.88
59.590,warmup,4928.0,2208.0,10.8810,64.72
59.690,warmup,4928.0,2232.0,10.9993,64.81
59.790,warmup,4928.0,2224.0,10.9599,64.97
59.890,warmup,4928.0,2216.0,10.9204,64.84
59.991,warmup,4928.0,2208.0,10.8810,64.66
60.091,warmup,4928.0,2208.0,10.8810,64.81
60.191,warmup,4928.0,2232.0,10.9993,64.75
60.291,warmup,4928.0,2232.0,10.9993,64.78
60.391,measure,4928.0,2216.0,10.9204,65.03
60.492,measure,4928.0,2208.0,10.8810,64.75
60.592,measure,4928.0,2208.0,10.8810,64.56
60.692,measure,4928.0,2232.0,10.9993,64.81
60.792,measure,4928.0,2224.0,10.9599,64.81
60.892,measure,4928.0,2208.0,10.8810,64.72
60.992,measure,4928.0,2208.0,10.8810,64.78
61.092,measure,4928.0,2216.0,10.9204,64.78
61.193,measure,4928.0,2232.0,10.9993,65.03
61.293,measure,4928.0,2216.0,10.9204,64.91
61.393,measure,4928.0,2208.0,10.8810,64.88
61.493,measure,4928.0,2208.0,10.8810,64.97
61.593,measure,4928.0,2232.0,10.9993,64.97
61.694,measure,4928.0,2232.0,10.9993,64.75
61.794,measure,4928.0,2224.0,10.9599,65.06
61.894,measure,4928.0,2216.0,10.9204,64.81
61.994,measure,4928.0,2208.0,10.8810,64.72
62.094,measure,4928.0,2232.0,10.9993,64.78
62.195,measure,4928.0,2224.0,10.9599,64.81
62.295,measure,4928.0,2216.0,10.9204,64.84
62.395,measure,4928.0,2208.0,10.8810,64.88
62.495,measure,4928.0,2200.0,10.8416,64.81
62.596,measure,4928.0,2232.0,10.9993,65.09
62.696,measure,4928.0,2224.0,10.9599,65.00
62.796,measure,4928.0,2208.0,10.8810,65.22
62.897,measure,4928.0,2208.0,10.8810,64.94
62.997,measure,4928.0,2208.0,10.8810,64.91
63.097,measure,4928.0,2232.0,10.9993,64.91
63.197,measure,4928.0,2224.0,10.9599,65.19
63.297,measure,4928.0,2216.0,10.9204,65.06
63.397,measure,4928.0,2208.0,10.8810,64.78
63.497,measure,4928.0,2224.0,10.9599,65.22
63.598,measure,4928.0,2232.0,10.9993,64.91
63.698,measure,4928.0,2216.0,10.9204,64.91
63.798,measure,4928.0,2208.0,10.8810,64.97
63.898,measure,4928.0,2208.0,10.8810,64.88
63.998,measure,4928.0,2240.0,11.0387,64.94
64.098,measure,4928.0,2232.0,10.9993,65.06
64.198,measure,4928.0,2216.0,10.9204,64.94
64.299,measure,4928.0,2208.0,10.8810,65.09
64.399,measure,4928.0,2208.0,10.8810,64.97
64.499,measure,4928.0,2240.0,11.0387,65.09
64.599,measure,4928.0,2232.0,10.9993,65.22
64.699,measure,4928.0,2224.0,10.9599,65.03
64.799,measure,4928.0,2216.0,10.9204,64.84
64.899,measure,4928.0,2208.0,10.8810,65.03
64.999,measure,4928.0,2240.0,11.0387,65.16
65.100,measure,4928.0,2232.0,10.9993,64.94
65.200,measure,4928.0,2216.0,10.9204,65.00
65.300,measure,4928.0,2216.0,10.9204,64.97
65.400,measure,4928.0,2224.0,10.9599,65.00
65.500,measure,4928.0,2240.0,11.0387,65.06
65.600,measure,4928.0,2232.0,10.9993,65.03
65.700,measure,4928.0,2216.0,10.9204,65.00
65.801,measure,4928.0,2216.0,10.9204,65.03
65.901,measure,4928.0,2232.0,10.9993,65.12
66.001,measure,4928.0,2232.0,10.9993,65.25
66.101,measure,4928.0,2224.0,10.9599,65.19
66.201,measure,4928.0,2208.0,10.8810,65.06
66.301,measure,4928.0,2208.0,10.8810,65.25
66.401,measure,4928.0,2232.0,10.9993,65.22
66.502,measure,4928.0,2232.0,10.9993,65.22
66.602,measure,4928.0,2216.0,10.9204,65.31
66.702,measure,4928.0,2216.0,10.9204,65.16
66.802,measure,4928.0,2208.0,10.8810,64.88
66.902,measure,4928.0,2240.0,11.0387,65.09
67.002,measure,4928.0,2232.0,10.9993,65.06
67.103,measure,4928.0,2224.0,10.9599,65.12
67.203,measure,4928.0,2216.0,10.9204,65.16
67.303,measure,4928.0,2224.0,10.9599,65.03
67.403,measure,4928.0,2248.0,11.0781,65.12
67.503,measure,4928.0,2232.0,10.9993,65.22
67.604,measure,4928.0,2216.0,10.9204,65.19
67.704,measure,4928.0,2216.0,10.9204,65.28
67.804,measure,4928.0,2232.0,10.9993,65.28
67.904,measure,4928.0,2240.0,11.0387,65.16
68.004,measure,4928.0,2224.0,10.9599,65.41
68.104,measure,4928.0,2216.0,10.9204,65.28
68.205,measure,4928.0,2216.0,10.9204,65.06
68.305,measure,4928.0,2240.0,11.0387,65.16
68.405,measure,4928.0,2232.0,10.9993,65.38
68.505,measure,4928.0,2224.0,10.9599,65.12
68.605,measure,4928.0,2216.0,10.9204,65.16
68.706,measure,4928.0,2208.0,10.8810,65.06
68.806,measure,4928.0,2240.0,11.0387,65.16
68.906,measure,4928.0,2232.0,10.9993,65.28
69.006,measure,4928.0,2216.0,10.9204,65.19
69.107,measure,4928.0,2216.0,10.9204,65.28
69.207,measure,4928.0,2208.0,10.8810,65.16
69.307,measure,4928.0,2240.0,11.0387,65.28
69.407,measure,4928.0,2232.0,10.9993,65.50
69.507,measure,4928.0,2216.0,10.9204,65.34
69.608,measure,4928.0,2208.0,10.8810,65.12
69.708,measure,4928.0,2216.0,10.9204,65.47
69.808,measure,4928.0,2240.0,11.0387,65.44
69.908,measure,4928.0,2224.0,10.9599,65.16
70.008,measure,4928.0,2216.0,10.9204,65.06
70.108,measure,4928.0,2216.0,10.9204,65.12
70.209,measure,4928.0,2232.0,10.9993,65.25
70.309,measure,4928.0,2232.0,10.9993,65.28
70.409,measure,4928.0,2224.0,10.9599,65.25
70.509,measure,4928.0,2216.0,10.9204,65.31
70.609,measure,4928.0,2208.0,10.8810,65.28
70.709,measure,4928.0,2240.0,11.0387,65.28
70.809,measure,4928.0,2232.0,10.9993,65.41
70.910,measure,4928.0,2216.0,10.9204,65.31
71.010,measure,4928.0,2208.0,10.8810,65.25
71.110,measure,4928.0,2208.0,10.8810,65.31
71.210,measure,4928.0,2240.0,11.0387,65.44
71.310,measure,4928.0,2224.0,10.9599,65.19
71.410,measure,4928.0,2216.0,10.9204,65.53
71.511,measure,4928.0,2208.0,10.8810,65.38
71.611,measure,4928.0,2224.0,10.9599,65.22
71.711,measure,4928.0,2240.0,11.0387,65.22
71.811,measure,4928.0,2232.0,10.9993,65.28
71.911,measure,4928.0,2216.0,10.9204,65.25
72.011,measure,4928.0,2208.0,10.8810,65.28
72.111,measure,4928.0,2240.0,11.0387,65.38
72.212,measure,4928.0,2232.0,10.9993,65.28
72.312,measure,4928.0,2216.0,10.9204,65.38
72.412,measure,4928.0,2208.0,10.8810,65.28
72.512,measure,4928.0,2200.0,10.8416,65.44
72.612,measure,4928.0,2232.0,10.9993,65.50
72.712,measure,4928.0,2224.0,10.9599,65.38
72.812,measure,4928.0,2240.0,11.0387,65.62
72.912,measure,4928.0,2240.0,11.0387,65.50
73.013,measure,4928.0,2224.0,10.9599,65.28
73.113,measure,4928.0,2280.0,11.2358,65.34
73.213,measure,4928.0,2304.0,11.3541,65.59
73.313,measure,4928.0,2320.0,11.4330,65.38
73.413,measure,4920.0,2368.0,11.6506,65.41
73.513,measure,4920.0,2400.0,11.8080,65.44
73.614,measure,4920.0,2472.0,12.1622,65.69
73.714,measure,4920.0,2480.0,12.2016,65.75
73.814,measure,4920.0,2488.0,12.2410,65.72
73.914,measure,4920.0,2496.0,12.2803,65.66
74.014,measure,4920.0,2464.0,12.1229,65.66
74.114,measure,4920.0,2440.0,12.0048,65.56
74.214,measure,4920.0,2392.0,11.7686,65.78
74.314,measure,4920.0,2344.0,11.5325,65.62
74.415,measure,4928.0,2312.0,11.3935,65.53
74.515,measure,4928.0,2280.0,11.2358,65.69
74.615,measure,4928.0,2296.0,11.3147,65.72
74.715,measure,4928.0,2272.0,11.1964,65.62
74.815,measure,4928.0,2248.0,11.0781,65.38
74.915,measure,4928.0,2240.0,11.0387,65.62
75.016,measure,4928.0,2240.0,11.0387,65.28
75.116,measure,4928.0,2248.0,11.0781,65.44
75.216,measure,4928.0,2232.0,10.9993,65.81
75.316,measure,4928.0,2224.0,10.9599,65.44
75.416,measure,4928.0,2216.0,10.9204,65.31
75.516,measure,4928.0,2240.0,11.0387,65.59
75.616,measure,4928.0,2232.0,10.9993,65.50
75.716,measure,4928.0,2224.0,10.9599,65.56
75.817,measure,4928.0,2208.0,10.8810,65.47
75.917,measure,4928.0,2200.0,10.8416,65.62
76.017,measure,4928.0,2232.0,10.9993,65.69
76.117,measure,4928.0,2224.0,10.9599,65.59
76.217,measure,4928.0,2216.0,10.9204,65.34
76.317,measure,4928.0,2208.0,10.8810,65.69
76.417,measure,4928.0,2208.0,10.8810,65.53
76.518,measure,4928.0,2240.0,11.0387,65.50
76.618,measure,4928.0,2224.0,10.9599,65.75
76.718,measure,4928.0,2216.0,10.9204,65.41
76.818,measure,4928.0,2208.0,10.8810,65.34
76.918,measure,4928.0,2224.0,10.9599,65.50
77.018,measure,4928.0,2232.0,10.9993,65.50
77.119,measure,4928.0,2224.0,10.9599,65.50
77.219,measure,4928.0,2216.0,10.9204,65.50
77.319,measure,4928.0,2208.0,10.8810,65.47
77.419,measure,4928.0,2240.0,11.0387,65.75
77.519,measure,4928.0,2232.0,10.9993,65.62
77.620,measure,4928.0,2216.0,10.9204,65.62
77.720,measure,4928.0,2208.0,10.8810,65.75
77.820,measure,4928.0,2208.0,10.8810,65.59
77.920,measure,4928.0,2240.0,11.0387,65.53
78.020,measure,4928.0,2232.0,10.9993,65.75
78.120,measure,4928.0,2216.0,10.9204,65.66
78.220,measure,4928.0,2208.0,10.8810,65.47
78.320,measure,4928.0,2208.0,10.8810,65.75
78.421,measure,4928.0,2232.0,10.9993,65.59
78.521,measure,4928.0,2224.0,10.9599,65.53
78.621,measure,4928.0,2216.0,10.9204,65.66
78.721,measure,4928.0,2208.0,10.8810,65.53
78.821,measure,4928.0,2224.0,10.9599,65.72
78.922,measure,4928.0,2232.0,10.9993,65.69
79.022,measure,4928.0,2216.0,10.9204,65.56
79.122,measure,4928.0,2208.0,10.8810,65.69
79.222,measure,4928.0,2208.0,10.8810,65.53
79.322,measure,4928.0,2232.0,10.9993,65.59
79.422,measure,4928.0,2224.0,10.9599,65.78
79.522,measure,4928.0,2216.0,10.9204,65.75
79.623,measure,4928.0,2208.0,10.8810,65.47
79.723,measure,4928.0,2200.0,10.8416,65.75
79.823,measure,4928.0,2240.0,11.0387,65.75
79.923,measure,4928.0,2224.0,10.9599,65.53
80.023,measure,4928.0,2216.0,10.9204,65.59
80.123,measure,4928.0,2208.0,10.8810,65.53
80.223,measure,4928.0,2216.0,10.9204,65.47
80.324,measure,4928.0,2240.0,11.0387,65.75
80.424,measure,4928.0,2224.0,10.9599,65.66
80.524,measure,4928.0,2216.0,10.9204,65.75
80.624,measure,4928.0,2208.0,10.8810,65.62
80.724,measure,4928.0,2224.0,10.9599,65.72
80.824,measure,4928.0,2232.0,10.9993,65.84
80.925,measure,4928.0,2216.0,10.9204,65.75
81.025,measure,4928.0,2208.0,10.8810,65.72
81.125,measure,4928.0,2208.0,10.8810,65.84
81.225,measure,4928.0,2232.0,10.9993,65.88
81.325,measure,4928.0,2232.0,10.9993,65.72
81.425,measure,4928.0,2216.0,10.9204,65.91
81.525,measure,4928.0,2208.0,10.8810,65.81
81.626,measure,4928.0,2200.0,10.8416,65.47
81.726,measure,4928.0,2232.0,10.9993,65.66
81.826,measure,4928.0,2224.0,10.9599,65.69
81.926,measure,4928.0,2216.0,10.9204,65.62
82.026,measure,4928.0,2216.0,10.9204,65.75
82.126,measure,4928.0,2216.0,10.9204,65.66
82.226,measure,4928.0,2240.0,11.0387,65.69
82.327,measure,4928.0,2224.0,10.9599,65.78
82.427,measure,4928.0,2216.0,10.9204,65.72
82.527,measure,4928.0,2216.0,10.9204,65.88
82.627,measure,4928.0,2232.0,10.9993,65.91
82.727,measure,4928.0,2240.0,11.0387,65.75
82.827,measure,4928.0,2224.0,10.9599,65.94
82.927,measure,4928.0,2224.0,10.9599,65.78
83.027,measure,4928.0,2224.0,10.9599,65.72
83.128,measure,4928.0,2248.0,11.0781,65.72
83.228,measure,4928.0,2240.0,11.0387,65.97
83.328,measure,4928.0,2224.0,10.9599,65.72
83.428,measure,4928.0,2216.0,10.9204,65.66
83.528,measure,4928.0,2208.0,10.8810,65.84
83.628,measure,4928.0,2240.0,11.0387,65.75
83.728,measure,4928.0,2232.0,10.9993,65.84
83.829,measure,4928.0,2224.0,10.9599,65.75
83.929,measure,4928.0,2216.0,10.9204,65.69
84.029,measure,4928.0,2208.0,10.8810,65.75
84.129,measure,4928.0,2240.0,11.0387,65.78
84.229,measure,4928.0,2224.0,10.9599,65.75
84.329,measure,4928.0,2216.0,10.9204,65.84
84.429,measure,4928.0,2208.0,10.8810,65.78
84.530,measure,4928.0,2224.0,10.9599,66.09
84.630,measure,4928.0,2240.0,11.0387,65.94
84.730,measure,4928.0,2224.0,10.9599,65.88
84.830,measure,4928.0,2216.0,10.9204,65.66
84.930,measure,4928.0,2216.0,10.9204,65.97
85.030,measure,4928.0,2240.0,11.0387,65.94
85.130,measure,4928.0,2232.0,10.9993,65.72
85.230,measure,4928.0,2216.0,10.9204,66.16
85.331,measure,4928.0,2208.0,10.8810,65.81
85.431,measure,4928.0,2200.0,10.8416,65.66
85.531,measure,4928.0,2232.0,10.9993,65.81
85.631,measure,4928.0,2224.0,10.9599,65.78
85.731,measure,4928.0,2216.0,10.9204,65.97
85.832,measure,4928.0,2200.0,10.8416,65.81
85.932,measure,4928.0,2208.0,10.8810,65.84
86.032,measure,4928.0,2232.0,10.9993,66.00
86.132,measure,4928.0,2224.0,10.9599,65.84
86.232,measure,4928.0,2216.0,10.9204,65.75
86.332,measure,4928.0,2208.0,10.8810,65.94
86.432,measure,4928.0,2224.0,10.9599,65.97
86.533,measure,4928.0,2232.0,10.9993,65.84
86.633,measure,4928.0,2224.0,10.9599,66.22
86.733,measure,4928.0,2208.0,10.8810,65.78
86.833,measure,4928.0,2200.0,10.8416,65.72
86.933,measure,4928.0,2240.0,11.0387,65.78
87.033,measure,4928.0,2232.0,10.9993,65.88
87.133,measure,4928.0,2216.0,10.9204,65.81
87.233,measure,4928.0,2208.0,10.8810,65.78
87.334,measure,4928.0,2200.0,10.8416,65.75
87.434,measure,4928.0,2232.0,10.9993,66.06
87.534,measure,4928.0,2224.0,10.9599,65.97
87.634,measure,4928.0,2208.0,10.8810,65.91
87.734,measure,4928.0,2208.0,10.8810,65.97
87.834,measure,4928.0,2208.0,10.8810,66.00
87.934,measure,4928.0,2232.0,10.9993,65.97
88.035,measure,4928.0,2224.0,10.9599,66.19
88.135,measure,4928.0,2208.0,10.8810,66.03
88.235,measure,4928.0,2208.0,10.8810,65.75
88.335,measure,4928.0,2232.0,10.9993,66.25
88.435,measure,4928.0,2232.0,10.9993,65.97
88.535,measure,4928.0,2216.0,10.9204,65.88
88.635,measure,4928.0,2208.0,10.8810,65.88
88.736,measure,4928.0,2208.0,10.8810,65.88
88.836,measure,4928.0,2232.0,10.9993,65.91
88.936,measure,4928.0,2232.0,10.9993,65.97
89.036,measure,4928.0,2216.0,10.9204,66.03
89.136,measure,4928.0,2208.0,10.8810,65.88
89.236,measure,4928.0,2200.0,10.8416,65.91
89.336,measure,4928.0,2232.0,10.9993,66.06
89.436,measure,4928.0,2224.0,10.9599,66.19
89.537,measure,4928.0,2216.0,10.9204,66.00
89.637,measure,4928.0,2208.0,10.8810,65.94
89.737,measure,4928.0,2208.0,10.8810,66.09
89.837,measure,4928.0,2232.0,10.9993,66.09
89.937,measure,4928.0,2224.0,10.9599,65.91
90.037,measure,4928.0,2216.0,10.9204,65.88
90.137,measure,4928.0,2216.0,10.9204,66.06
90.237,measure,4928.0,2232.0,10.9993,65.97
90.338,measure,4928.0,2240.0,11.0387,65.91
90.438,measure,4928.0,2224.0,10.9599,65.97
90.538,measure,4928.0,2216.0,10.9204,65.94
90.638,measure,4928.0,2216.0,10.9204,65.97
90.738,measure,4928.0,2240.0,11.0387,66.06
90.839,measure,4928.0,2232.0,10.9993,66.22
90.939,measure,4928.0,2216.0,10.9204,66.12
91.039,measure,4928.0,2216.0,10.9204,66.03
91.139,measure,4928.0,2208.0,10.8810,66.12
91.239,measure,4928.0,2240.0,11.0387,66.19
91.340,measure,4928.0,2232.0,10.9993,66.06
91.440,measure,4928.0,2216.0,10.9204,66.25
91.540,measure,4928.0,2208.0,10.8810,66.19
91.640,measure,4928.0,2208.0,10.8810,65.81
91.740,measure,4928.0,2232.0,10.9993,66.00
91.840,measure,4928.0,2224.0,10.9599,66.31
91.941,measure,4928.0,2216.0,10.9204,65.97
92.041,measure,4928.0,2208.0,10.8810,65.94
92.141,measure,4928.0,2224.0,10.9599,66.03
92.241,measure,4928.0,2240.0,11.0387,66.06
92.341,measure,4928.0,2224.0,10.9599,66.09
92.441,measure,4928.0,2216.0,10.9204,66.09
92.541,measure,4928.0,2208.0,10.8810,66.00
92.642,measure,4928.0,2240.0,11.0387,66.19
92.742,measure,4928.0,2232.0,10.9993,66.09
92.842,measure,4928.0,2216.0,10.9204,66.31
92.942,measure,4928.0,2216.0,10.9204,66.25
93.042,measure,4928.0,2208.0,10.8810,66.03
93.142,measure,4928.0,2240.0,11.0387,66.47
93.242,measure,4928.0,2232.0,10.9993,66.28
93.343,measure,4928.0,2224.0,10.9599,66.03
93.443,measure,4928.0,2216.0,10.9204,66.00
93.543,measure,4928.0,2216.0,10.9204,66.22
93.643,measure,4928.0,2248.0,11.0781,66.06
93.743,measure,4928.0,2232.0,10.9993,66.09
93.843,measure,4928.0,2224.0,10.9599,66.16
93.943,measure,4928.0,2216.0,10.9204,66.03
94.043,measure,4928.0,2240.0,11.0387,66.22
94.144,measure,4928.0,2248.0,11.0781,66.09
94.244,measure,4928.0,2232.0,10.9993,66.06
94.344,measure,4928.0,2216.0,10.9204,66.25
94.444,measure,4928.0,2208.0,10.8810,66.03
94.544,measure,4928.0,2240.0,11.0387,66.44
94.644,measure,4928.0,2232.0,10.9993,66.25
94.744,measure,4928.0,2216.0,10.9204,66.22
94.845,measure,4928.0,2208.0,10.8810,66.00
94.945,measure,4928.0,2200.0,10.8416,66.19
95.045,measure,4928.0,2232.0,10.9993,66.28
95.145,measure,4928.0,2224.0,10.9599,66.09
95.245,measure,4928.0,2216.0,10.9204,66.38
95.345,measure,4928.0,2208.0,10.8810,66.00
95.445,measure,4928.0,2216.0,10.9204,66.00
95.546,measure,4928.0,2232.0,10.9993,66.22
95.646,measure,4928.0,2224.0,10.9599,66.09
95.746,measure,4928.0,2216.0,10.9204,66.25
95.846,measure,4928.0,2208.0,10.8810,66.09
95.946,measure,4928.0,2232.0,10.9993,66.19
96.046,measure,4928.0,2240.0,11.0387,66.28
96.147,measure,4928.0,2224.0,10.9599,66.25
96.247,measure,4928.0,2216.0,10.9204,66.47
96.347,measure,4928.0,2216.0,10.9204,66.25
96.447,measure,4928.0,2248.0,11.0781,66.31
96.547,measure,4928.0,2240.0,11.0387,66.16
96.648,measure,4928.0,2224.0,10.9599,66.41
96.748,measure,4928.0,2216.0,10.9204,66.12
96.848,measure,4928.0,2208.0,10.8810,65.94
96.948,measure,4928.0,2240.0,11.0387,66.50
97.048,measure,4928.0,2232.0,10.9993,66.12
97.148,measure,4928.0,2224.0,10.9599,66.19
97.248,measure,4928.0,2216.0,10.9204,66.22
97.349,measure,4928.0,2216.0,10.9204,66.09
97.449,measure,4928.0,2240.0,11.0387,66.34
97.549,measure,4928.0,2224.0,10.9599,66.25
97.649,measure,4928.0,2216.0,10.9204,66.22
97.749,measure,4928.0,2216.0,10.9204,66.28
97.849,measure,4928.0,2232.0,10.9993,66.38
97.949,measure,4928.0,2240.0,11.0387,66.25
98.050,measure,4928.0,2224.0,10.9599,66.47
98.150,measure,4928.0,2216.0,10.9204,66.25
98.250,measure,4928.0,2216.0,10.9204,66.09
98.350,measure,4928.0,2240.0,11.0387,66.56
98.450,measure,4928.0,2240.0,11.0387,66.22
98.550,measure,4928.0,2224.0,10.9599,66.25
98.651,measure,4928.0,2216.0,10.9204,66.16
98.751,measure,4928.0,2216.0,10.9204,66.09
98.851,measure,4928.0,2248.0,11.0781,66.34
98.951,measure,4928.0,2232.0,10.9993,66.28
99.051,measure,4928.0,2224.0,10.9599,66.28
99.152,measure,4928.0,2216.0,10.9204,66.38
99.252,measure,4928.0,2216.0,10.9204,66.25
99.352,measure,4928.0,2248.0,11.0781,66.34
99.452,measure,4928.0,2232.0,10.9993,66.44
99.552,measure,4928.0,2224.0,10.9599,66.38
99.652,measure,4928.0,2216.0,10.9204,66.16
99.753,measure,4928.0,2232.0,10.9993,66.47
99.853,measure,4928.0,2240.0,11.0387,66.47
99.953,measure,4928.0,2232.0,10.9993,66.22
100.053,measure,4928.0,2216.0,10.9204,66.56
100.153,measure,4928.0,2216.0,10.9204,66.25
100.253,measure,4928.0,2240.0,11.0387,66.34
100.353,measure,4928.0,2232.0,10.9993,66.34
100.454,measure,4928.0,2224.0,10.9599,66.28
100.554,measure,4928.0,2216.0,10.9204,66.22
100.654,measure,4928.0,2208.0,10.8810,66.25
100.754,measure,4928.0,2232.0,10.9993,66.34
100.854,measure,4928.0,2232.0,10.9993,66.50
100.954,measure,4928.0,2224.0,10.9599,66.34
101.055,measure,4928.0,2216.0,10.9204,66.28
101.155,measure,4928.0,2208.0,10.8810,66.34
101.255,measure,4928.0,2240.0,11.0387,66.50
101.355,measure,4928.0,2224.0,10.9599,66.28
101.455,measure,4928.0,2216.0,10.9204,66.59
101.556,measure,4928.0,2216.0,10.9204,66.41
101.656,measure,4928.0,2224.0,10.9599,66.19
101.756,measure,4928.0,2240.0,11.0387,66.31
101.856,measure,4928.0,2232.0,10.9993,66.38
101.956,measure,4928.0,2224.0,10.9599,66.28
102.056,measure,4928.0,2216.0,10.9204,66.28
102.156,measure,4928.0,2240.0,11.0387,66.38
102.257,measure,4928.0,2240.0,11.0387,66.53
102.357,measure,4928.0,2224.0,10.9599,66.41
102.457,measure,4928.0,2216.0,10.9204,66.59
102.557,measure,4928.0,2208.0,10.8810,66.50
102.657,measure,4928.0,2240.0,11.0387,66.47
102.757,measure,4928.0,2232.0,10.9993,66.34
102.858,measure,4928.0,2224.0,10.9599,66.59
102.958,measure,4928.0,2216.0,10.9204,66.41
103.058,measure,4928.0,2208.0,10.8810,66.19
103.158,measure,4928.0,2240.0,11.0387,66.62
103.258,measure,4928.0,2232.0,10.9993,66.56
103.359,measure,4928.0,2216.0,10.9204,66.25
103.459,measure,4928.0,2216.0,10.9204,66.25
103.559,measure,4928.0,2216.0,10.9204,66.25
103.659,measure,4928.0,2240.0,11.0387,66.31
103.759,measure,4928.0,2232.0,10.9993,66.44
103.859,measure,4928.0,2224.0,10.9599,66.31
103.959,measure,4928.0,2224.0,10.9599,66.19
104.059,measure,4928.0,2240.0,11.0387,66.44
104.160,measure,4928.0,2248.0,11.0781,66.47
104.260,measure,4928.0,2232.0,10.9993,66.59
104.360,measure,4928.0,2224.0,10.9599,66.47
104.460,measure,4928.0,2216.0,10.9204,66.28
104.560,measure,4928.0,2240.0,11.0387,66.72
104.660,measure,4928.0,2240.0,11.0387,66.59
104.760,measure,4928.0,2216.0,10.9204,66.34
104.861,measure,4928.0,2208.0,10.8810,66.34
104.961,measure,4928.0,2200.0,10.8416,66.44
105.061,measure,4928.0,2232.0,10.9993,66.38
105.161,measure,4928.0,2224.0,10.9599,66.38
105.261,measure,4928.0,2216.0,10.9204,66.44
105.361,measure,4928.0,2216.0,10.9204,66.31
105.462,measure,4928.0,2216.0,10.9204,66.31
105.562,measure,4928.0,2240.0,11.0387,66.50
105.662,measure,4928.0,2224.0,10.9599,66.47
105.762,measure,4928.0,2216.0,10.9204,66.53
105.862,measure,4928.0,2208.0,10.8810,66.41
105.963,measure,4928.0,2224.0,10.9599,66.59
106.063,measure,4928.0,2240.0,11.0387,66.66
106.163,measure,4928.0,2224.0,10.9599,66.50
106.263,measure,4928.0,2216.0,10.9204,66.75
106.363,measure,4928.0,2208.0,10.8810,66.56
106.463,measure,4928.0,2240.0,11.0387,66.41
106.564,measure,4928.0,2232.0,10.9993,66.41
106.664,measure,4928.0,2224.0,10.9599,66.69
106.764,measure,4928.0,2216.0,10.9204,66.34
106.864,measure,4928.0,2208.0,10.8810,66.22
106.964,measure,4928.0,2240.0,11.0387,66.50
107.065,measure,4928.0,2232.0,10.9993,66.56
107.165,measure,4928.0,2224.0,10.9599,66.56
107.265,measure,4928.0,2216.0,10.9204,66.44
107.365,measure,4928.0,2208.0,10.8810,66.56
107.465,measure,4928.0,2248.0,11.0781,66.62
107.565,measure,4928.0,2240.0,11.0387,66.53
107.666,measure,4928.0,2224.0,10.9599,66.66
107.766,measure,4928.0,2224.0,10.9599,66.59
107.866,measure,4928.0,2232.0,10.9993,66.56
107.966,measure,4928.0,2248.0,11.0781,66.44
108.066,measure,4928.0,2232.0,10.9993,66.72
108.166,measure,4928.0,2224.0,10.9599,66.53
108.267,measure,4928.0,2216.0,10.9204,66.34
108.367,measure,4928.0,2240.0,11.0387,66.72
108.467,measure,4928.0,2248.0,11.0781,66.53
108.567,measure,4928.0,2232.0,10.9993,66.50
108.667,measure,4928.0,2216.0,10.9204,66.53
108.767,measure,4928.0,2216.0,10.9204,66.38
108.867,measure,4928.0,2240.0,11.0387,66.69
108.968,measure,4928.0,2232.0,10.9993,66.62
109.068,measure,4928.0,2224.0,10.9599,66.72
109.168,measure,4928.0,2216.0,10.9204,66.66
109.268,measure,4928.0,2208.0,10.8810,66.47
109.368,measure,4928.0,2240.0,11.0387,66.75
109.468,measure,4928.0,2232.0,10.9993,66.72
109.568,measure,4928.0,2224.0,10.9599,66.62
109.669,measure,4928.0,2216.0,10.9204,66.38
109.769,measure,4928.0,2224.0,10.9599,66.66
109.869,measure,4928.0,2248.0,11.0781,66.56
109.969,measure,4928.0,2232.0,10.9993,66.66
110.069,measure,4928.0,2224.0,10.9599,66.75
110.169,measure,4928.0,2216.0,10.9204,66.41
110.270,measure,4928.0,2232.0,10.9993,66.56
110.370,measure,4928.0,2240.0,11.0387,66.56
110.470,measure,4928.0,2232.0,10.9993,66.66
110.570,measure,4928.0,2216.0,10.9204,66.66
110.670,measure,4928.0,2216.0,10.9204,66.50
110.771,measure,4928.0,2240.0,11.0387,66.84
110.871,measure,4928.0,2232.0,10.9993,66.75
110.971,measure,4928.0,2224.0,10.9599,66.69
111.071,measure,4928.0,2216.0,10.9204,66.88
111.171,measure,4928.0,2216.0,10.9204,66.69
111.271,measure,4928.0,2248.0,11.0781,66.59
111.372,measure,4928.0,2240.0,11.0387,66.53
111.472,measure,4928.0,2224.0,10.9599,66.78
111.572,measure,4928.0,2224.0,10.9599,66.44
111.672,measure,4928.0,2216.0,10.9204,66.38
111.772,measure,4928.0,2248.0,11.0781,66.59
111.872,measure,4928.0,2232.0,10.9993,66.56
111.973,measure,4928.0,2216.0,10.9204,66.72
112.073,measure,4928.0,2216.0,10.9204,66.56
112.173,measure,4928.0,2232.0,10.9993,66.69
112.273,measure,4928.0,2240.0,11.0387,66.72
112.373,measure,4928.0,2232.0,10.9993,66.72
112.473,measure,4928.0,2224.0,10.9599,66.84
112.573,measure,4928.0,2216.0,10.9204,66.69
112.673,measure,4928.0,2248.0,11.0781,66.72
112.774,measure,4928.0,2240.0,11.0387,66.47
112.874,measure,4928.0,2224.0,10.9599,66.81
112.974,measure,4928.0,2224.0,10.9599,66.66
113.074,measure,4928.0,2216.0,10.9204,66.41
113.174,measure,4928.0,2240.0,11.0387,66.88
113.275,measure,4928.0,2240.0,11.0387,66.62
113.375,measure,4928.0,2224.0,10.9599,66.53
113.475,measure,4928.0,2216.0,10.9204,66.56
113.575,measure,4928.0,2208.0,10.8810,66.44
113.675,measure,4928.0,2240.0,11.0387,66.75
113.775,measure,4928.0,2232.0,10.9993,66.72
113.875,measure,4928.0,2224.0,10.9599,66.56
113.976,measure,4928.0,2216.0,10.9204,66.72
114.076,measure,4928.0,2224.0,10.9599,66.72
114.176,measure,4928.0,2240.0,11.0387,66.97
114.276,measure,4928.0,2232.0,10.9993,66.91
114.377,measure,4928.0,2216.0,10.9204,66.66
114.477,measure,4928.0,2208.0,10.8810,66.41
114.577,measure,4928.0,2232.0,10.9993,66.88
114.677,measure,4928.0,2240.0,11.0387,66.72
114.777,measure,4928.0,2224.0,10.9599,66.56
114.877,measure,4928.0,2208.0,10.8810,66.88
114.977,measure,4928.0,2208.0,10.8810,66.53
115.077,measure,4928.0,2240.0,11.0387,66.59
115.178,measure,4928.0,2232.0,10.9993,66.66
115.278,measure,4928.0,2224.0,10.9599,66.59
115.378,measure,4928.0,2216.0,10.9204,66.72
115.478,measure,4928.0,2208.0,10.8810,66.56
115.578,measure,4928.0,2248.0,11.0781,66.72
115.678,measure,4928.0,2232.0,10.9993,66.81
115.778,measure,4928.0,2224.0,10.9599,66.75
115.879,measure,4928.0,2216.0,10.9204,66.69
115.979,measure,4928.0,2224.0,10.9599,66.84
116.079,measure,4928.0,2240.0,11.0387,66.84
116.179,measure,4928.0,2224.0,10.9599,66.72
116.279,measure,4928.0,2216.0,10.9204,66.94
116.379,measure,4928.0,2208.0,10.8810,66.78
116.479,measure,4928.0,2240.0,11.0387,66.62
116.580,measure,4928.0,2232.0,10.9993,66.69
116.680,measure,4928.0,2216.0,10.9204,66.69
116.780,measure,4928.0,2208.0,10.8810,66.56
116.880,measure,4928.0,2208.0,10.8810,66.56
116.980,measure,4928.0,2232.0,10.9993,66.69
117.080,measure,4928.0,2232.0,10.9993,66.75
117.180,measure,4928.0,2216.0,10.9204,66.78
117.280,measure,4928.0,2208.0,10.8810,66.72
117.381,measure,4928.0,2208.0,10.8810,66.75
117.481,measure,4928.0,2240.0,11.0387,66.88
117.581,measure,4928.0,2224.0,10.9599,66.78
117.681,measure,4928.0,2216.0,10.9204,66.84
117.781,measure,4928.0,2208.0,10.8810,66.78
117.881,measure,4928.0,2224.0,10.9599,66.62
117.981,measure,4928.0,2240.0,11.0387,67.06
118.081,measure,4928.0,2224.0,10.9599,66.91
118.182,measure,4928.0,2216.0,10.9204,66.72
118.282,measure,4928.0,2208.0,10.8810,66.72
118.382,measure,4928.0,2240.0,11.0387,66.75
118.482,measure,4928.0,2232.0,10.9993,66.72
118.582,measure,4928.0,2216.0,10.9204,66.78
118.682,measure,4928.0,2216.0,10.9204,66.72
118.782,measure,4928.0,2208.0,10.8810,66.59
118.883,measure,4928.0,2240.0,11.0387,66.84
118.983,measure,4928.0,2232.0,10.9993,66.75
119.083,measure,4928.0,2224.0,10.9599,66.91
119.183,measure,4928.0,2216.0,10.9204,66.75
119.283,measure,4928.0,2216.0,10.9204,66.75
119.383,measure,4928.0,2240.0,11.0387,67.00
119.483,measure,4928.0,2224.0,10.9599,67.00
119.583,measure,4928.0,2216.0,10.9204,66.81
119.684,measure,4928.0,2216.0,10.9204,66.56
119.784,measure,4928.0,2224.0,10.9599,67.03
119.884,measure,4928.0,2240.0,11.0387,66.72
119.984,measure,4928.0,2232.0,10.9993,66.72
120.084,measure,4928.0,2224.0,10.9599,67.03
120.184,measure,4928.0,2224.0,10.9599,66.69
120.284,measure,4928.0,2240.0,11.0387,66.78
120.385,measure,4928.0,2248.0,11.0781,66.78
120.485,measure,4928.0,2232.0,10.9993,66.84
120.585,measure,4928.0,2224.0,10.9599,66.88
120.685,measure,4928.0,2216.0,10.9204,66.75
120.785,measure,4928.0,2240.0,11.0387,66.84
120.885,measure,4928.0,2240.0,11.0387,66.91
120.985,measure,4928.0,2224.0,10.9599,66.84
121.085,measure,4928.0,2216.0,10.9204,67.03
121.186,measure,4928.0,2216.0,10.9204,66.81
121.286,measure,4928.0,2240.0,11.0387,66.94
121.386,measure,4928.0,2240.0,11.0387,66.75
121.486,measure,4928.0,2224.0,10.9599,67.03
121.586,measure,4928.0,2224.0,10.9599,66.72
121.686,measure,4928.0,2224.0,10.9599,66.62
121.786,measure,4928.0,2256.0,11.1176,67.19
121.887,measure,4928.0,2232.0,10.9993,66.81
121.987,measure,4928.0,2224.0,10.9599,66.69
122.087,measure,4928.0,2216.0,10.9204,66.75
122.187,measure,4928.0,2240.0,11.0387,66.84
122.287,measure,4928.0,2240.0,11.0387,66.94
122.387,measure,4928.0,2232.0,10.9993,66.88
122.487,measure,4928.0,2224.0,10.9599,66.78
122.588,measure,4928.0,2216.0,10.9204,66.84
122.688,measure,4928.0,2248.0,11.0781,66.97
122.788,measure,4928.0,2240.0,11.0387,66.91
122.888,measure,4928.0,2224.0,10.9599,67.03
122.988,measure,4928.0,2216.0,10.9204,66.84
123.088,measure,4928.0,2208.0,10.8810,66.59
123.188,measure,4928.0,2240.0,11.0387,67.12
123.289,measure,4928.0,2232.0,10.9993,67.00
123.389,measure,4928.0,2216.0,10.9204,66.81
123.489,measure,4928.0,2216.0,10.9204,66.66
123.589,measure,4928.0,2224.0,10.9599,66.72
123.689,measure,4928.0,2240.0,11.0387,66.78
123.789,measure,4928.0,2232.0,10.9993,66.91
123.889,measure,4928.0,2216.0,10.9204,66.81
123.990,measure,4928.0,2208.0,10.8810,66.91
124.090,measure,4928.0,2240.0,11.0387,67.00
124.190,measure,4928.0,2240.0,11.0387,66.94
124.290,measure,4928.0,2224.0,10.9599,67.06
124.390,measure,4928.0,2216.0,10.9204,66.97
124.490,measure,4928.0,2208.0,10.8810,66.81
124.590,measure,4928.0,2240.0,11.0387,67.19
124.690,measure,4928.0,2232.0,10.9993,67.06
124.791,measure,4928.0,2224.0,10.9599,66.75
124.891,measure,4928.0,2216.0,10.9204,67.12
124.991,measure,4928.0,2208.0,10.8810,66.91
125.091,measure,4928.0,2240.0,11.0387,66.94
125.191,measure,4928.0,2224.0,10.9599,66.88
125.291,measure,4928.0,2216.0,10.9204,66.88
125.391,measure,4928.0,2216.0,10.9204,66.75
125.492,measure,4928.0,2232.0,10.9993,66.97
125.592,measure,4928.0,2248.0,11.0781,66.94
125.692,measure,4928.0,2240.0,11.0387,66.88
125.792,measure,4928.0,2224.0,10.9599,67.03
125.892,measure,4928.0,2224.0,10.9599,66.84
125.992,measure,4928.0,2248.0,11.0781,67.19
126.092,measure,4928.0,2240.0,11.0387,67.00
126.192,measure,4928.0,2224.0,10.9599,67.03
126.293,measure,4928.0,2216.0,10.9204,67.16
126.393,measure,4928.0,2208.0,10.8810,66.84
126.493,measure,4928.0,2240.0,11.0387,67.06
126.593,measure,4928.0,2232.0,10.9993,66.84
126.693,measure,4928.0,2224.0,10.9599,67.09
126.793,measure,4928.0,2216.0,10.9204,66.81
126.893,measure,4928.0,2216.0,10.9204,66.88
126.993,measure,4928.0,2248.0,11.0781,66.97
127.094,measure,4928.0,2232.0,10.9993,66.88
127.194,measure,4928.0,2224.0,10.9599,66.81
127.294,measure,4928.0,2224.0,10.9599,66.88
127.394,measure,4928.0,2240.0,11.0387,67.00
127.494,measure,4928.0,2248.0,11.0781,67.00
127.594,measure,4928.0,2232.0,10.9993,67.00
127.694,measure,4928.0,2224.0,10.9599,66.88
127.794,measure,4928.0,2216.0,10.9204,67.03
127.895,measure,4928.0,2248.0,11.0781,67.09
127.995,measure,4928.0,2240.0,11.0387,67.25
128.095,measure,4928.0,2224.0,10.9599,67.09
128.195,measure,4928.0,2216.0,10.9204,66.97
128.295,measure,4928.0,2208.0,10.8810,66.66
128.395,measure,4928.0,2240.0,11.0387,67.22
128.495,measure,4928.0,2232.0,10.9993,66.91
128.596,measure,4928.0,2216.0,10.9204,66.84
128.696,measure,4928.0,2208.0,10.8810,67.22
128.796,measure,4928.0,2216.0,10.9204,66.84
128.896,measure,4928.0,2240.0,11.0387,66.97
128.996,measure,4928.0,2232.0,10.9993,67.06
129.096,measure,4928.0,2216.0,10.9204,66.97
129.196,measure,4928.0,2216.0,10.9204,67.03
129.297,measure,4928.0,2240.0,11.0387,67.03
129.397,measure,4928.0,2240.0,11.0387,67.00
129.497,measure,4928.0,2224.0,10.9599,67.12
129.597,measure,4928.0,2208.0,10.8810,67.00
129.697,measure,4928.0,2208.0,10.8810,67.12
129.797,measure,4928.0,2232.0,10.9993,67.22
129.897,measure,4928.0,2224.0,10.9599,67.12
129.998,measure,4928.0,2216.0,10.9204,66.91
130.098,measure,4928.0,2216.0,10.9204,67.22
130.198,measure,4928.0,2208.0,10.8810,67.03
130.298,measure,4928.0,2240.0,11.0387,66.97
130.398,measure,4928.0,2232.0,10.9993,66.91
130.498,measure,4928.0,2224.0,10.9599,66.97
130.598,measure,4928.0,2216.0,10.9204,66.84
130.698,measure,4928.0,2232.0,10.9993,66.94
130.799,measure,4928.0,2248.0,11.0781,67.09
130.899,measure,4928.0,2240.0,11.0387,67.00
130.999,measure,4928.0,2224.0,10.9599,67.09
131.099,measure,4928.0,2216.0,10.9204,66.94
131.199,measure,4928.0,2248.0,11.0781,67.22
131.299,measure,4928.0,2240.0,11.0387,67.12
131.399,measure,4928.0,2224.0,10.9599,67.06
131.500,measure,4928.0,2216.0,10.9204,67.22
131.600,measure,4928.0,2208.0,10.8810,67.00
131.700,measure,4928.0,2240.0,11.0387,66.94
131.800,measure,4928.0,2232.0,10.9993,67.28
131.900,measure,4928.0,2216.0,10.9204,67.22
132.000,measure,4928.0,2216.0,10.9204,66.94
132.100,measure,4928.0,2216.0,10.9204,66.91
132.201,measure,4928.0,2248.0,11.0781,67.03
132.301,measure,4928.0,2232.0,10.9993,67.03
132.401,measure,4928.0,2224.0,10.9599,67.03
132.501,measure,4928.0,2216.0,10.9204,67.00
132.601,measure,4928.0,2232.0,10.9993,67.12
132.701,measure,4928.0,2248.0,11.0781,67.19
132.801,measure,4928.0,2232.0,10.9993,67.09
132.902,measure,4928.0,2224.0,10.9599,67.19
133.002,measure,4928.0,2216.0,10.9204,67.12
133.102,measure,4928.0,2248.0,11.0781,67.12
133.202,measure,4928.0,2240.0,11.0387,67.34
133.302,measure,4928.0,2232.0,10.9993,67.22
133.402,measure,4928.0,2224.0,10.9599,67.00
133.502,measure,4928.0,2216.0,10.9204,67.25
133.603,measure,4928.0,2248.0,11.0781,67.25
133.703,measure,4928.0,2240.0,11.0387,66.97
133.803,measure,4928.0,2232.0,10.9993,66.91
133.903,measure,4928.0,2224.0,10.9599,67.03
134.003,measure,4928.0,2224.0,10.9599,66.91
134.103,measure,4928.0,2248.0,11.0781,67.22
134.203,measure,4928.0,2240.0,11.0387,67.06
134.304,measure,4928.0,2224.0,10.9599,67.06
134.404,measure,4928.0,2216.0,10.9204,67.09
134.504,measure,4928.0,2240.0,11.0387,67.12
134.604,measure,4928.0,2248.0,11.0781,67.34
134.704,measure,4928.0,2232.0,10.9993,67.22
134.804,measure,4928.0,2216.0,10.9204,67.12
134.904,measure,4928.0,2216.0,10.9204,67.22
135.005,measure,4928.0,2240.0,11.0387,67.28
135.105,measure,4928.0,2232.0,10.9993,67.25
135.205,measure,4928.0,2224.0,10.9599,67.06
135.305,measure,4928.0,2216.0,10.9204,67.25
135.405,measure,4928.0,2208.0,10.8810,66.91
135.505,measure,4928.0,2240.0,11.0387,67.00
135.605,measure,4928.0,2232.0,10.9993,67.34
135.706,measure,4928.0,2224.0,10.9599,67.06
135.806,measure,4928.0,2216.0,10.9204,67.16
135.906,measure,4928.0,2224.0,10.9599,67.03
136.006,measure,4928.0,2256.0,11.1176,67.31
136.106,measure,4928.0,2240.0,11.0387,67.25
136.206,measure,4928.0,2232.0,10.9993,67.19
136.306,measure,4928.0,2224.0,10.9599,67.31
136.407,measure,4928.0,2240.0,11.0387,67.28
136.507,measure,4928.0,2248.0,11.0781,67.19
136.607,measure,4928.0,2232.0,10.9993,67.41
136.707,measure,4928.0,2224.0,10.9599,67.28
136.807,measure,4928.0,2216.0,10.9204,67.09
136.907,measure,4928.0,2240.0,11.0387,67.09
137.007,measure,4928.0,2240.0,11.0387,67.41
137.108,measure,4928.0,2224.0,10.9599,67.12
137.208,measure,4928.0,2216.0,10.9204,67.03
137.308,measure,4928.0,2208.0,10.8810,67.28
137.408,measure,4928.0,2240.0,11.0387,67.16
137.508,measure,4928.0,2232.0,10.9993,67.16
137.608,measure,4928.0,2216.0,10.9204,67.22
137.708,measure,4928.0,2216.0,10.9204,67.09
137.808,measure,4928.0,2224.0,10.9599,67.22
137.909,measure,4928.0,2240.0,11.0387,67.25
138.009,measure,4928.0,2232.0,10.9993,67.19
138.109,measure,4928.0,2216.0,10.9204,67.31
138.209,measure,4928.0,2216.0,10.9204,67.16
138.309,measure,4928.0,2248.0,11.0781,67.22
138.409,measure,4928.0,2240.0,11.0387,67.34
138.509,measure,4928.0,2224.0,10.9599,67.28
138.610,measure,4928.0,2216.0,10.9204,67.03
138.710,measure,4928.0,2216.0,10.9204,67.38
138.810,measure,4928.0,2240.0,11.0387,67.19
138.910,measure,4928.0,2232.0,10.9993,67.22
139.010,measure,4928.0,2224.0,10.9599,67.22
139.111,measure,4928.0,2216.0,10.9204,67.09
139.211,measure,4928.0,2208.0,10.8810,67.00
139.311,measure,4928.0,2248.0,11.0781,67.28
139.411,measure,4928.0,2240.0,11.0387,67.22
139.511,measure,4928.0,2224.0,10.9599,67.28
139.611,measure,4928.0,2224.0,10.9599,67.19
139.711,measure,4928.0,2232.0,10.9993,67.19
139.811,measure,4928.0,2248.0,11.0781,67.47
139.912,measure,4928.0,2240.0,11.0387,67.34
140.012,measure,4928.0,2224.0,10.9599,67.22
140.112,measure,4928.0,2224.0,10.9599,67.31
140.212,measure,4928.0,2248.0,11.0781,67.38
140.312,measure,4928.0,2248.0,11.0781,67.22
140.412,measure,4928.0,2232.0,10.9993,67.53
140.512,measure,4928.0,2224.0,10.9599,67.16
140.613,measure,4928.0,2216.0,10.9204,67.00
140.713,measure,4928.0,2240.0,11.0387,67.31
140.813,measure,4928.0,2232.0,10.9993,67.25
140.913,measure,4928.0,2224.0,10.9599,67.28
141.014,measure,4928.0,2216.0,10.9204,67.25
141.114,measure,4928.0,2208.0,10.8810,67.12
141.214,measure,4928.0,2248.0,11.0781,67.41
141.314,measure,4928.0,2232.0,10.9993,67.28
141.414,measure,4928.0,2224.0,10.9599,67.22
141.514,measure,4928.0,2216.0,10.9204,67.31
141.614,measure,4928.0,2232.0,10.9993,67.34
141.714,measure,4928.0,2248.0,11.0781,67.31
141.815,measure,4928.0,2232.0,10.9993,67.50
141.915,measure,4928.0,2224.0,10.9599,67.44
142.015,measure,4928.0,2216.0,10.9204,67.06
142.115,measure,4928.0,2248.0,11.0781,67.12
142.215,measure,4928.0,2240.0,11.0387,67.44
142.315,measure,4928.0,2232.0,10.9993,67.19
142.416,measure,4928.0,2224.0,10.9599,67.22
142.516,measure,4928.0,2216.0,10.9204,67.12
142.616,measure,4928.0,2248.0,11.0781,67.41
142.717,measure,4928.0,2232.0,10.9993,67.28
142.817,measure,4928.0,2224.0,10.9599,67.25
142.917,measure,4928.0,2216.0,10.9204,67.31
143.017,measure,4928.0,2224.0,10.9599,67.28
143.117,measure,4928.0,2248.0,11.0781,67.31
143.217,measure,4928.0,2232.0,10.9993,67.50
143.317,measure,4928.0,2224.0,10.9599,67.41
143.417,measure,4928.0,2216.0,10.9204,67.12
143.518,measure,4928.0,2232.0,10.9993,67.59
143.618,measure,4928.0,2240.0,11.0387,67.50
143.718,measure,4928.0,2232.0,10.9993,67.22
143.818,measure,4928.0,2216.0,10.9204,67.19
143.918,measure,4928.0,2216.0,10.9204,67.12
144.018,measure,4928.0,2240.0,11.0387,67.28
144.119,measure,4928.0,2240.0,11.0387,67.28
144.219,measure,4928.0,2224.0,10.9599,67.25
144.319,measure,4928.0,2216.0,10.9204,67.34
144.419,measure,4928.0,2208.0,10.8810,67.25
144.519,measure,4928.0,2240.0,11.0387,67.25
144.619,measure,4928.0,2232.0,10.9993,67.50
144.719,measure,4928.0,2224.0,10.9599,67.38
144.819,measure,4928.0,2216.0,10.9204,67.28
144.920,measure,4928.0,2232.0,10.9993,67.50
145.020,measure,4928.0,2248.0,11.0781,67.31
145.120,measure,4928.0,2232.0,10.9993,67.25
145.220,measure,4928.0,2224.0,10.9599,67.16
145.320,measure,4928.0,2216.0,10.9204,67.41
145.420,measure,4928.0,2240.0,11.0387,67.31
145.521,measure,4928.0,2240.0,11.0387,67.28
145.621,measure,4928.0,2232.0,10.9993,67.31
145.721,measure,4928.0,2216.0,10.9204,67.22
145.821,measure,4928.0,2208.0,10.8810,67.28
145.921,measure,4928.0,2240.0,11.0387,67.34
146.021,measure,4928.0,2240.0,11.0387,67.31
146.121,measure,4928.0,2224.0,10.9599,67.38
146.221,measure,4928.0,2216.0,10.9204,67.28
146.322,measure,4928.0,2216.0,10.9204,67.41
146.422,measure,4928.0,2248.0,11.0781,67.56
146.522,measure,4928.0,2232.0,10.9993,67.41
146.622,measure,4928.0,2224.0,10.9599,67.56
146.722,measure,4928.0,2224.0,10.9599,67.34
146.822,measure,4928.0,2240.0,11.0387,67.47
146.922,measure,4928.0,2248.0,11.0781,67.22
147.023,measure,4928.0,2232.0,10.9993,67.53
147.123,measure,4928.0,2224.0,10.9599,67.12
147.223,measure,4928.0,2216.0,10.9204,67.22
147.323,measure,4928.0,2248.0,11.0781,67.34
147.423,measure,4928.0,2240.0,11.0387,67.22
147.523,measure,4928.0,2232.0,10.9993,67.34
147.623,measure,4928.0,2224.0,10.9599,67.25
147.724,measure,4928.0,2216.0,10.9204,67.16
147.824,measure,4928.0,2248.0,11.0781,67.47
147.924,measure,4928.0,2240.0,11.0387,67.44
148.024,measure,4928.0,2224.0,10.9599,67.53
148.124,measure,4928.0,2216.0,10.9204,67.38
148.224,measure,4928.0,2216.0,10.9204,67.31
148.324,measure,4928.0,2240.0,11.0387,67.25
148.424,measure,4928.0,2232.0,10.9993,67.69
148.525,measure,4928.0,2224.0,10.9599,67.47
148.625,measure,4928.0,2216.0,10.9204,67.22
148.725,measure,4928.0,2232.0,10.9993,67.59
148.825,measure,4928.0,2240.0,11.0387,67.34
148.925,measure,4928.0,2232.0,10.9993,67.25
149.025,measure,4928.0,2224.0,10.9599,67.31
149.126,measure,4928.0,2216.0,10.9204,67.22
149.226,measure,4928.0,2248.0,11.0781,67.31
149.326,measure,4928.0,2240.0,11.0387,67.34
149.426,measure,4928.0,2224.0,10.9599,67.34
149.526,measure,4928.0,2216.0,10.9204,67.47
149.626,measure,4928.0,2208.0,10.8810,67.31
149.726,measure,4928.0,2248.0,11.0781,67.38
149.826,measure,4928.0,2232.0,10.9993,67.50
149.927,measure,4928.0,2224.0,10.9599,67.44
150.027,measure,4928.0,2216.0,10.9204,67.31
150.127,measure,4928.0,2224.0,10.9599,67.47
150.227,measure,4928.0,2248.0,11.0781,67.53
150.327,measure,4928.0,2240.0,11.0387,67.38
150.427,measure,4928.0,2232.0,10.9993,67.62
150.527,measure,4928.0,2224.0,10.9599,67.28
150.628,measure,4928.0,2240.0,11.0387,67.38
150.728,measure,4928.0,2248.0,11.0781,67.47
150.828,measure,4928.0,2232.0,10.9993,67.38
150.928,measure,4928.0,2224.0,10.9599,67.50
151.028,measure,4928.0,2216.0,10.9204,67.31
151.129,measure,4928.0,2248.0,11.0781,67.44
151.229,measure,4928.0,2240.0,11.0387,67.56
151.329,measure,4928.0,2224.0,10.9599,67.50
151.429,measure,4928.0,2216.0,10.9204,67.34
151.529,measure,4928.0,2208.0,10.8810,67.44
151.629,measure,4928.0,2240.0,11.0387,67.50
151.730,measure,4928.0,2232.0,10.9993,67.34
151.830,measure,4928.0,2224.0,10.9599,67.56
151.930,measure,4928.0,2216.0,10.9204,67.53
152.031,measure,4928.0,2224.0,10.9599,67.22
152.131,measure,4928.0,2248.0,11.0781,67.72
152.231,measure,4928.0,2232.0,10.9993,67.38
152.331,measure,4928.0,2224.0,10.9599,67.50
152.432,measure,4928.0,2224.0,10.9599,67.41
152.532,measure,4928.0,2240.0,11.0387,67.44
152.632,measure,4928.0,2248.0,11.0781,67.56
152.732,measure,4928.0,2232.0,10.9993,67.50
152.833,measure,4928.0,2224.0,10.9599,67.66
152.933,measure,4928.0,2216.0,10.9204,67.50
153.033,measure,4928.0,2248.0,11.0781,67.59
153.133,measure,4928.0,2240.0,11.0387,67.31
153.233,measure,4928.0,2224.0,10.9599,67.66
153.334,measure,4928.0,2216.0,10.9204,67.50
153.434,measure,4928.0,2216.0,10.9204,67.19
153.534,measure,4928.0,2248.0,11.0781,67.72
153.634,measure,4928.0,2240.0,11.0387,67.38
153.734,measure,4928.0,2232.0,10.9993,67.38
153.834,measure,4928.0,2224.0,10.9599,67.44
153.934,measure,4928.0,2224.0,10.9599,67.28
154.034,measure,4928.0,2248.0,11.0781,67.62
154.135,measure,4928.0,2240.0,11.0387,67.53
154.235,measure,4928.0,2224.0,10.9599,67.34
154.335,measure,4928.0,2224.0,10.9599,67.56
154.435,measure,4928.0,2248.0,11.0781,67.56
154.535,measure,4928.0,2256.0,11.1176,67.81
154.635,measure,4928.0,2240.0,11.0387,67.66
154.736,measure,4928.0,2224.0,10.9599,67.56
154.836,measure,4928.0,2224.0,10.9599,67.38
154.936,measure,4928.0,2248.0,11.0781,67.72
155.036,measure,4928.0,2248.0,11.0781,67.50
155.136,measure,4928.0,2232.0,10.9993,67.41
155.236,measure,4928.0,2224.0,10.9599,67.72
155.336,measure,4928.0,2208.0,10.8810,67.31
155.436,measure,4928.0,2248.0,11.0781,67.47
155.537,measure,4928.0,2240.0,11.0387,67.56
155.637,measure,4928.0,2224.0,10.9599,67.47
155.737,measure,4928.0,2224.0,10.9599,67.34
155.837,measure,4928.0,2224.0,10.9599,67.44
155.937,measure,4928.0,2248.0,11.0781,67.56
156.037,measure,4928.0,2232.0,10.9993,67.66
156.138,measure,4928.0,2224.0,10.9599,67.53
156.238,measure,4928.0,2216.0,10.9204,67.44
156.338,measure,4928.0,2240.0,11.0387,67.69
156.438,measure,4928.0,2240.0,11.0387,67.59
156.538,measure,4928.0,2224.0,10.9599,67.34
156.638,measure,4928.0,2216.0,10.9204,67.69
156.738,measure,4928.0,2216.0,10.9204,67.44
156.838,measure,4928.0,2248.0,11.0781,67.47
156.939,measure,4928.0,2240.0,11.0387,67.44
157.039,measure,4928.0,2224.0,10.9599,67.44
157.139,measure,4928.0,2224.0,10.9599,67.38
157.239,measure,4928.0,2216.0,10.9204,67.34
157.339,measure,4928.0,2248.0,11.0781,67.50
157.439,measure,4928.0,2232.0,10.9993,67.50
157.540,measure,4928.0,2224.0,10.9599,67.62
157.640,measure,4928.0,2216.0,10.9204,67.47
157.740,measure,4928.0,2232.0,10.9993,67.72
157.840,measure,4928.0,2248.0,11.0781,67.72
157.940,measure,4928.0,2232.0,10.9993,67.53
158.040,measure,4928.0,2224.0,10.9599,67.72
158.141,measure,4928.0,2224.0,10.9599,67.53
158.241,measure,4928.0,2248.0,11.0781,67.53
158.341,measure,4928.0,2240.0,11.0387,67.75
158.441,measure,4928.0,2224.0,10.9599,67.66
158.541,measure,4928.0,2216.0,10.9204,67.47
158.641,measure,4928.0,2208.0,10.8810,67.31
158.742,measure,4928.0,2240.0,11.0387,67.59
158.842,measure,4928.0,2232.0,10.9993,67.53
158.942,measure,4928.0,2224.0,10.9599,67.59
159.042,measure,4928.0,2224.0,10.9599,67.53
159.142,measure,4928.0,2224.0,10.9599,67.66
159.243,measure,4928.0,2256.0,11.1176,67.62
159.343,measure,4928.0,2240.0,11.0387,67.62
159.443,measure,4928.0,2232.0,10.9993,67.72
159.543,measure,4928.0,2224.0,10.9599,67.50
159.643,measure,4928.0,2248.0,11.0781,67.66
159.743,measure,4928.0,2256.0,11.1176,67.88
159.843,measure,4928.0,2240.0,11.0387,67.69
159.944,measure,4928.0,2224.0,10.9599,67.47
160.044,measure,4928.0,2224.0,10.9599,67.38
160.144,measure,4928.0,2248.0,11.0781,67.81
160.244,measure,4928.0,2240.0,11.0387,67.53
160.345,measure,4928.0,2224.0,10.9599,67.62
160.445,measure,4928.0,2224.0,10.9599,67.47
160.545,measure,4928.0,2208.0,10.8810,67.62
160.645,measure,4928.0,2248.0,11.0781,67.66
160.745,measure,4928.0,2232.0,10.9993,67.59
160.846,measure,4928.0,2224.0,10.9599,67.72
160.946,measure,4928.0,2224.0,10.9599,67.59
161.046,measure,4928.0,2232.0,10.9993,67.59
161.146,measure,4928.0,2256.0,11.1176,67.84
161.246,measure,4928.0,2240.0,11.0387,67.72
161.346,measure,4928.0,2232.0,10.9993,67.44
161.447,measure,4928.0,2224.0,10.9599,67.75
161.547,measure,4928.0,2248.0,11.0781,67.62
161.647,measure,4928.0,2248.0,11.0781,67.50
161.747,measure,4928.0,2232.0,10.9993,67.53
161.847,measure,4928.0,2224.0,10.9599,67.50
161.947,measure,4928.0,2216.0,10.9204,67.44
162.047,measure,4928.0,2248.0,11.0781,67.72
162.147,measure,4928.0,2240.0,11.0387,67.66
162.248,measure,4928.0,2224.0,10.9599,67.56
162.348,measure,4928.0,2216.0,10.9204,67.62
162.448,measure,4928.0,2216.0,10.9204,67.47
162.548,measure,4928.0,2248.0,11.0781,67.81
162.648,measure,4928.0,2240.0,11.0387,67.66
162.748,measure,4928.0,2232.0,10.9993,67.66
162.849,measure,4928.0,2224.0,10.9599,67.81
162.949,measure,4928.0,2232.0,10.9993,67.75
163.049,measure,4928.0,2248.0,11.0781,67.69
163.149,measure,4928.0,2240.0,11.0387,67.56
163.249,measure,4928.0,2232.0,10.9993,67.75
163.349,measure,4928.0,2224.0,10.9599,67.44
163.450,measure,4928.0,2248.0,11.0781,67.69
163.550,measure,4928.0,2240.0,11.0387,67.66
163.650,measure,4928.0,2224.0,10.9599,67.69
163.750,measure,4928.0,2224.0,10.9599,67.72
163.850,measure,4928.0,2216.0,10.9204,67.50
163.950,measure,4928.0,2248.0,11.0781,67.69
164.051,measure,4928.0,2240.0,11.0387,67.75
164.151,measure,4928.0,2224.0,10.9599,67.69
164.251,measure,4928.0,2224.0,10.9599,67.78
164.351,measure,4928.0,2224.0,10.9599,67.69
164.451,measure,4928.0,2256.0,11.1176,67.75
164.551,measure,4928.0,2240.0,11.0387,67.94
164.651,measure,4928.0,2224.0,10.9599,67.81
164.751,measure,4928.0,2224.0,10.9599,67.62
164.852,measure,4928.0,2240.0,11.0387,67.66
164.952,measure,4928.0,2248.0,11.0781,67.94
165.052,measure,4928.0,2232.0,10.9993,67.66
165.152,measure,4928.0,2224.0,10.9599,67.56
165.252,measure,4928.0,2224.0,10.9599,67.56
165.353,measure,4928.0,2248.0,11.0781,67.69
165.453,measure,4928.0,2240.0,11.0387,67.75
165.554,measure,4928.0,2224.0,10.9599,67.72
165.654,measure,4928.0,2216.0,10.9204,67.84
165.754,measure,4928.0,2216.0,10.9204,67.56
165.854,measure,4928.0,2248.0,11.0781,67.75
165.954,measure,4928.0,2248.0,11.0781,67.94
166.055,measure,4928.0,2232.0,10.9993,67.84
166.155,measure,4928.0,2224.0,10.9599,67.69
166.255,measure,4928.0,2216.0,10.9204,67.78
166.355,measure,4928.0,2248.0,11.0781,67.88
166.456,measure,4928.0,2240.0,11.0387,67.59
166.556,measure,4928.0,2224.0,10.9599,67.53
166.656,measure,4928.0,2224.0,10.9599,67.62
166.756,measure,4928.0,2240.0,11.0387,67.62
166.856,measure,4928.0,2256.0,11.1176,67.72
166.956,measure,4928.0,2240.0,11.0387,67.72
167.057,measure,4928.0,2232.0,10.9993,67.62
167.157,measure,4928.0,2224.0,10.9599,67.72
167.257,measure,4928.0,2248.0,11.0781,67.75
167.357,measure,4928.0,2248.0,11.0781,67.94
167.457,measure,4928.0,2232.0,10.9993,67.81
167.557,measure,4928.0,2224.0,10.9599,67.75
167.657,measure,4928.0,2216.0,10.9204,67.81
167.758,measure,4928.0,2248.0,11.0781,67.84
167.858,measure,4928.0,2240.0,11.0387,67.62
167.958,measure,4928.0,2224.0,10.9599,67.69
168.058,measure,4928.0,2216.0,10.9204,67.78
168.158,measure,4928.0,2208.0,10.8810,67.56
168.258,measure,4928.0,2248.0,11.0781,67.66
168.358,measure,4928.0,2232.0,10.9993,67.75
168.459,measure,4928.0,2224.0,10.9599,67.66
168.559,measure,4928.0,2224.0,10.9599,67.66
168.659,measure,4928.0,2232.0,10.9993,67.72
168.759,measure,4928.0,2256.0,11.1176,67.75
168.859,measure,4928.0,2248.0,11.0781,67.84
168.959,measure,4928.0,2232.0,10.9993,67.81
169.059,measure,4928.0,2224.0,10.9599,67.88
169.159,measure,4928.0,2248.0,11.0781,67.91
169.260,measure,4928.0,2256.0,11.1176,67.81
169.360,measure,4928.0,2240.0,11.0387,68.09
169.460,measure,4928.0,2232.0,10.9993,67.91
169.560,measure,4928.0,2224.0,10.9599,67.75
169.660,measure,4928.0,2256.0,11.1176,67.69
169.760,measure,4928.0,2248.0,11.0781,67.97
169.860,measure,4928.0,2232.0,10.9993,67.72
169.961,measure,4928.0,2224.0,10.9599,67.62
170.061,measure,4928.0,2216.0,10.9204,67.66
170.161,measure,4928.0,2248.0,11.0781,67.75
170.261,measure,4928.0,2240.0,11.0387,67.94
170.361,measure,4928.0,2232.0,10.9993,67.75
170.461,measure,4928.0,2224.0,10.9599,67.72
170.562,measure,4928.0,2216.0,10.9204,67.72
170.662,measure,4928.0,2248.0,11.0781,67.84
170.762,measure,4928.0,2240.0,11.0387,68.03
170.862,measure,4928.0,2232.0,10.9993,68.00
170.962,measure,4928.0,2224.0,10.9599,67.78
171.062,measure,4928.0,2232.0,10.9993,67.59
171.162,measure,4928.0,2256.0,11.1176,68.03
171.263,measure,4928.0,2240.0,11.0387,67.91
171.363,measure,4928.0,2224.0,10.9599,67.66
171.463,measure,4928.0,2224.0,10.9599,67.91
171.563,measure,4928.0,2248.0,11.0781,67.78
171.663,measure,4928.0,2248.0,11.0781,67.75
171.763,measure,4928.0,2240.0,11.0387,67.81
171.863,measure,4928.0,2224.0,10.9599,67.72
171.964,measure,4928.0,2224.0,10.9599,67.81
172.064,measure,4928.0,2256.0,11.1176,67.84
172.164,measure,4928.0,2248.0,11.0781,67.88
172.264,measure,4928.0,2232.0,10.9993,67.91
172.364,measure,4928.0,2224.0,10.9599,67.88
172.464,measure,4928.0,2216.0,10.9204,67.88
172.565,measure,4928.0,2248.0,11.0781,67.97
172.665,measure,4928.0,2240.0,11.0387,67.88
172.765,measure,4928.0,2224.0,10.9599,67.69
172.865,measure,4928.0,2216.0,10.9204,67.94
172.966,measure,4928.0,2224.0,10.9599,67.69
173.066,measure,4928.0,2248.0,11.0781,67.75
173.166,measure,4928.0,2240.0,11.0387,68.06
173.266,measure,4928.0,2232.0,10.9993,67.72
173.366,measure,4928.0,2224.0,10.9599,67.66
173.466,measure,4928.0,2248.0,11.0781,67.81
173.567,measure,4928.0,2256.0,11.1176,67.84
173.667,measure,4928.0,2240.0,11.0387,67.84
173.767,measure,4928.0,2224.0,10.9599,67.84
173.868,measure,4928.0,2224.0,10.9599,67.91
173.968,measure,4928.0,2256.0,11.1176,67.97
174.068,measure,4928.0,2248.0,11.0781,67.97
174.168,measure,4928.0,2232.0,10.9993,67.72
174.268,measure,4928.0,2224.0,10.9599,67.94
174.368,measure,4928.0,2216.0,10.9204,67.78
174.468,measure,4928.0,2248.0,11.0781,67.72
174.569,measure,4928.0,2240.0,11.0387,68.09
174.669,measure,4928.0,2232.0,10.9993,67.75
174.769,measure,4928.0,2224.0,10.9599,67.66
174.869,measure,4928.0,2232.0,10.9993,67.72
174.970,measure,4928.0,2256.0,11.1176,67.84
175.070,measure,4928.0,2240.0,11.0387,67.97
175.170,measure,4928.0,2232.0,10.9993,67.88
175.270,measure,4928.0,2224.0,10.9599,68.00
175.370,measure,4928.0,2248.0,11.0781,67.91
175.470,measure,4928.0,2248.0,11.0781,67.94
175.570,measure,4928.0,2232.0,10.9993,68.16
175.671,measure,4928.0,2224.0,10.9599,68.00
175.771,measure,4928.0,2224.0,10.9599,67.88
175.871,measure,4928.0,2248.0,11.0781,67.75
175.971,measure,4928.0,2248.0,11.0781,68.09
176.071,measure,4928.0,2232.0,10.9993,67.75
176.172,measure,4928.0,2224.0,10.9599,67.72
176.272,measure,4928.0,2216.0,10.9204,68.06
176.372,measure,4928.0,2248.0,11.0781,67.88
176.472,measure,4928.0,2232.0,10.9993,67.81
176.572,measure,4928.0,2224.0,10.9599,67.91
176.672,measure,4928.0,2224.0,10.9599,67.72
176.773,measure,4928.0,2224.0,10.9599,67.84
176.873,measure,4928.0,2248.0,11.0781,68.00
176.973,measure,4928.0,2240.0,11.0387,67.84
177.073,measure,4928.0,2232.0,10.9993,68.00
177.173,measure,4928.0,2224.0,10.9599,67.88
177.273,measure,4928.0,2248.0,11.0781,67.91
177.373,measure,4928.0,2248.0,11.0781,68.09
177.474,measure,4928.0,2232.0,10.9993,68.00
177.574,measure,4928.0,2232.0,10.9993,67.75
177.674,measure,4928.0,2224.0,10.9599,68.03
177.774,measure,4928.0,2256.0,11.1176,68.06
177.874,measure,4928.0,2248.0,11.0781,67.78
177.974,measure,4928.0,2232.0,10.9993,67.84
178.074,measure,4928.0,2224.0,10.9599,67.81
178.175,measure,4928.0,2216.0,10.9204,67.88
178.275,measure,4928.0,2248.0,11.0781,68.00
178.375,measure,4928.0,2240.0,11.0387,67.88
178.475,measure,4928.0,2232.0,10.9993,68.00
178.575,measure,4928.0,2224.0,10.9599,67.91
178.675,measure,4928.0,2224.0,10.9599,68.06
178.776,measure,4928.0,2248.0,11.0781,68.12
178.876,measure,4928.0,2240.0,11.0387,68.09
178.976,measure,4928.0,2232.0,10.9993,67.81
179.076,measure,4928.0,2224.0,10.9599,68.09
179.177,measure,4928.0,2240.0,11.0387,68.06
179.277,measure,4928.0,2248.0,11.0781,67.91
179.377,measure,4928.0,2240.0,11.0387,68.19
179.477,measure,4928.0,2224.0,10.9599,67.78
179.577,measure,4928.0,2224.0,10.9599,67.81
179.677,measure,4928.0,2248.0,11.0781,68.00
179.778,measure,4928.0,2248.0,11.0781,67.84
179.878,measure,4928.0,2232.0,10.9993,67.88
179.978,measure,4928.0,2224.0,10.9599,67.97
180.078,measure,4928.0,2224.0,10.9599,67.72
180.178,measure,4928.0,2248.0,11.0781,68.12
180.278,measure,4928.0,2248.0,11.0781,68.09
180.379,measure,4928.0,2232.0,10.9993,68.25
180.479,measure,4928.0,2224.0,10.9599,68.00
180.579,measure,4928.0,2224.0,10.9599,67.91
180.679,measure,4928.0,2248.0,11.0781,67.94
180.779,measure,4928.0,2240.0,11.0387,68.19
180.879,measure,4928.0,2232.0,10.9993,68.06
180.979,measure,4928.0,2224.0,10.9599,67.81
181.080,measure,4928.0,2240.0,11.0387,67.88
181.180,measure,4928.0,2256.0,11.1176,67.88
181.280,measure,4928.0,2240.0,11.0387,67.88
181.380,measure,4928.0,2224.0,10.9599,67.91
181.480,measure,4928.0,2224.0,10.9599,67.88
181.580,measure,4928.0,2248.0,11.0781,67.97
181.681,measure,4928.0,2248.0,11.0781,68.00
181.781,measure,4928.0,2232.0,10.9993,68.00
181.881,measure,4928.0,2216.0,10.9204,68.09
181.981,measure,4928.0,2216.0,10.9204,67.88
182.081,measure,4928.0,2248.0,11.0781,67.97
182.181,measure,4928.0,2240.0,11.0387,68.16
182.281,measure,4928.0,2224.0,10.9599,68.12
182.381,measure,4928.0,2216.0,10.9204,67.78
182.482,measure,4928.0,2216.0,10.9204,68.03
182.582,measure,4928.0,2248.0,11.0781,68.16
182.682,measure,4928.0,2240.0,11.0387,67.91
182.782,measure,4928.0,2224.0,10.9599,67.84
182.882,measure,4928.0,2224.0,10.9599,67.91
182.982,measure,4928.0,2232.0,10.9993,67.88
183.083,measure,4928.0,2248.0,11.0781,68.03
183.183,measure,4928.0,2240.0,11.0387,67.97
183.283,measure,4928.0,2232.0,10.9993,68.12
183.383,measure,4928.0,2224.0,10.9599,67.88
183.483,measure,4928.0,2248.0,11.0781,68.00
183.583,measure,4928.0,2256.0,11.1176,68.22
183.683,measure,4928.0,2240.0,11.0387,68.12
183.784,measure,4928.0,2232.0,10.9993,68.06
183.884,measure,4928.0,2224.0,10.9599,68.09
183.984,measure,4928.0,2256.0,11.1176,68.16
184.084,measure,4928.0,2248.0,11.0781,68.09
184.184,measure,4928.0,2240.0,11.0387,68.25
184.284,measure,4928.0,2232.0,10.9993,68.16
184.384,measure,4928.0,2224.0,10.9599,67.78
184.485,measure,4928.0,2248.0,11.0781,67.91
184.585,measure,4928.0,2240.0,11.0387,68.09
184.685,measure,4928.0,2232.0,10.9993,67.94
184.785,measure,4928.0,2224.0,10.9599,68.03
184.885,measure,4928.0,2216.0,10.9204,67.91
184.986,measure,4928.0,2248.0,11.0781,68.16
185.086,measure,4928.0,2240.0,11.0387,68.03
185.186,measure,4928.0,2232.0,10.9993,68.03
185.286,measure,4928.0,2224.0,10.9599,68.12
185.386,measure,4928.0,2240.0,11.0387,68.06
185.486,measure,4928.0,2256.0,11.1176,68.09
185.587,measure,4928.0,2240.0,11.0387,68.28
185.687,measure,4928.0,2232.0,10.9993,68.16
185.787,measure,4928.0,2224.0,10.9599,67.78
185.887,measure,4928.0,2248.0,11.0781,68.03
185.987,measure,4928.0,2248.0,11.0781,68.00
186.087,measure,4928.0,2232.0,10.9993,67.94
186.188,measure,4928.0,2224.0,10.9599,67.88
186.288,measure,4928.0,2224.0,10.9599,67.91
186.388,measure,4928.0,2248.0,11.0781,67.97
186.488,measure,4928.0,2240.0,11.0387,68.09
186.588,measure,4928.0,2232.0,10.9993,68.00
186.688,measure,4928.0,2224.0,10.9599,67.88
186.788,measure,4928.0,2216.0,10.9204,67.94
186.888,measure,4928.0,2248.0,11.0781,68.09
186.989,measure,4928.0,2240.0,11.0387,68.28
187.089,measure,4928.0,2224.0,10.9599,68.12
187.189,measure,4928.0,2224.0,10.9599,68.00
187.289,measure,4928.0,2232.0,10.9993,68.19
187.389,measure,4928.0,2248.0,11.0781,68.19
187.489,measure,4928.0,2240.0,11.0387,68.09
187.590,measure,4928.0,2232.0,10.9993,67.91
187.690,measure,4928.0,2224.0,10.9599,68.16
187.790,measure,4928.0,2248.0,11.0781,68.03
187.890,measure,4928.0,2248.0,11.0781,68.06
187.990,measure,4928.0,2232.0,10.9993,68.03
188.090,measure,4928.0,2224.0,10.9599,68.03
188.191,measure,4928.0,2216.0,10.9204,68.00
188.291,measure,4928.0,2248.0,11.0781,68.12
188.391,measure,4928.0,2240.0,11.0387,68.28
188.491,measure,4928.0,2232.0,10.9993,68.12
188.591,measure,4928.0,2224.0,10.9599,68.12
188.691,measure,4928.0,2216.0,10.9204,68.03
188.792,measure,4928.0,2248.0,11.0781,68.22
188.892,measure,4928.0,2240.0,11.0387,68.09
188.992,measure,4928.0,2224.0,10.9599,67.88
189.092,measure,4928.0,2224.0,10.9599,68.16
189.192,measure,4928.0,2232.0,10.9993,68.12
189.292,measure,4928.0,2256.0,11.1176,67.94
189.392,measure,4928.0,2240.0,11.0387,68.25
189.492,measure,4928.0,2232.0,10.9993,67.97
189.593,measure,4928.0,2224.0,10.9599,67.88
189.693,measure,4928.0,2248.0,11.0781,68.06
189.793,measure,4928.0,2248.0,11.0781,67.97
189.893,measure,4928.0,2232.0,10.9993,68.19
189.993,measure,4928.0,2224.0,10.9599,68.09
190.093,measure,4928.0,2216.0,10.9204,67.88
190.193,measure,4928.0,2248.0,11.0781,68.22
190.293,measure,4928.0,2248.0,11.0781,68.09
190.394,measure,4928.0,2232.0,10.9993,68.31
190.494,measure,4928.0,2224.0,10.9599,68.16
190.594,measure,4928.0,2216.0,10.9204,68.00
190.694,measure,4928.0,2248.0,11.0781,68.03
190.794,measure,4928.0,2240.0,11.0387,68.22
190.894,measure,4928.0,2232.0,10.9993,68.16
190.994,measure,4928.0,2224.0,10.9599,67.88
191.095,measure,4928.0,2240.0,11.0387,68.41
191.195,measure,4928.0,2256.0,11.1176,68.06
191.295,measure,4928.0,2240.0,11.0387,68.12
191.395,measure,4928.0,2232.0,10.9993,67.97
191.495,measure,4928.0,2224.0,10.9599,67.94
191.595,measure,4928.0,2248.0,11.0781,68.12
191.696,measure,4928.0,2248.0,11.0781,68.19
191.796,measure,4928.0,2232.0,10.9993,68.03
191.896,measure,4928.0,2224.0,10.9599,68.19
191.996,measure,4928.0,2216.0,10.9204,68.00
192.096,measure,4928.0,2248.0,11.0781,68.06
192.196,measure,4928.0,2240.0,11.0387,68.25
192.296,measure,4928.0,2232.0,10.9993,68.22
192.396,measure,4928.0,2224.0,10.9599,67.94
192.497,measure,4928.0,2216.0,10.9204,68.12
192.597,measure,4928.0,2248.0,11.0781,68.19
192.697,measure,4928.0,2240.0,11.0387,67.94
192.797,measure,4928.0,2224.0,10.9599,67.91
192.897,measure,4928.0,2224.0,10.9599,68.00
192.997,measure,4928.0,2232.0,10.9993,68.00
193.098,measure,4928.0,2248.0,11.0781,68.09
193.198,measure,4928.0,2240.0,11.0387,68.03
193.298,measure,4928.0,2232.0,10.9993,67.94
193.398,measure,4928.0,2224.0,10.9599,68.06
193.498,measure,4928.0,2248.0,11.0781,68.12
193.598,measure,4928.0,2248.0,11.0781,68.19
193.698,measure,4928.0,2232.0,10.9993,68.16
193.798,measure,4928.0,2224.0,10.9599,68.06
193.899,measure,4928.0,2224.0,10.9599,68.19
193.999,measure,4928.0,2264.0,11.1570,68.31
194.099,measure,4928.0,2256.0,11.1176,68.03
194.199,measure,4928.0,2264.0,11.1570,68.38
194.299,measure,4920.0,2320.0,11.4144,68.31
194.399,measure,4920.0,2376.0,11.6899,68.16
194.500,measure,4920.0,2448.0,12.0442,68.22
194.600,measure,4920.0,2464.0,12.1229,68.31
194.700,measure,4920.0,2448.0,12.0442,68.38
194.800,measure,4920.0,2464.0,12.1229,68.28
194.900,measure,4920.0,2480.0,12.2016,68.16
195.000,measure,4912.0,2528.0,12.4175,68.53
195.100,measure,4920.0,2504.0,12.3197,68.44
195.201,measure,4920.0,2440.0,12.0048,68.19
195.301,measure,4920.0,2384.0,11.7293,68.41
195.401,measure,4920.0,2344.0,11.5325,68.16
195.501,measure,4920.0,2344.0,11.5325,68.19
195.601,measure,4920.0,2312.0,11.3750,68.47
195.701,measure,4920.0,2288.0,11.2570,68.38
195.802,measure,4928.0,2272.0,11.1964,68.19
195.902,measure,4928.0,2272.0,11.1964,68.00
196.002,measure,4928.0,2288.0,11.2753,68.38
196.102,measure,4928.0,2264.0,11.1570,68.12
196.202,measure,4928.0,2248.0,11.0781,68.00
196.302,measure,4928.0,2240.0,11.0387,68.06
196.402,measure,4928.0,2256.0,11.1176,68.16
196.503,measure,4928.0,2264.0,11.1570,68.09
196.603,measure,4928.0,2240.0,11.0387,68.16
196.703,measure,4928.0,2232.0,10.9993,68.31
196.803,measure,4928.0,2224.0,10.9599,68.22
196.903,measure,4928.0,2256.0,11.1176,68.19
197.003,measure,4928.0,2248.0,11.0781,68.31
197.104,measure,4928.0,2232.0,10.9993,68.25
197.204,measure,4928.0,2224.0,10.9599,68.12
197.304,measure,4928.0,2216.0,10.9204,68.25
197.404,measure,4928.0,2248.0,11.0781,68.34
197.504,measure,4928.0,2240.0,11.0387,68.22
197.604,measure,4928.0,2232.0,10.9993,68.09
197.704,measure,4928.0,2224.0,10.9599,68.25
197.805,measure,4928.0,2224.0,10.9599,68.06
197.905,measure,4928.0,2248.0,11.0781,68.12
198.005,measure,4928.0,2232.0,10.9993,68.12
198.105,measure,4928.0,2224.0,10.9599,68.09
198.205,measure,4928.0,2216.0,10.9204,68.16
198.306,measure,4928.0,2232.0,10.9993,68.22
198.406,measure,4928.0,2248.0,11.0781,68.31
198.506,measure,4928.0,2232.0,10.9993,68.19
198.606,measure,4928.0,2224.0,10.9599,68.19
198.706,measure,4928.0,2216.0,10.9204,68.31
198.806,measure,4928.0,2248.0,11.0781,68.31
198.907,measure,4928.0,2240.0,11.0387,68.19
199.007,measure,4928.0,2232.0,10.9993,68.09
199.107,measure,4928.0,2224.0,10.9599,68.28
199.207,measure,4928.0,2216.0,10.9204,68.12
199.307,measure,4928.0,2248.0,11.0781,68.06
199.407,measure,4928.0,2240.0,11.0387,68.38
199.507,measure,4928.0,2232.0,10.9993,68.09
199.608,measure,4928.0,2224.0,10.9599,68.00
199.708,measure,4928.0,2224.0,10.9599,68.00
199.808,measure,4928.0,2256.0,11.1176,68.19
199.908,measure,4928.0,2240.0,11.0387,68.28
200.008,measure,4928.0,2232.0,10.9993,68.22
200.108,measure,4928.0,2232.0,10.9993,68.09
200.208,measure,4928.0,2240.0,11.0387,68.25
200.308,measure,4928.0,2256.0,11.1176,68.22
200.409,measure,4928.0,2248.0,11.0781,68.47
200.509,measure,4928.0,2240.0,11.0387,68.28
200.609,measure,4928.0,2232.0,10.9993,68.22
200.709,measure,4928.0,2256.0,11.1176,68.06
200.810,measure,4928.0,2256.0,11.1176,68.44
200.910,measure,4928.0,2240.0,11.0387,68.16
201.010,measure,4928.0,2224.0,10.9599,68.03
201.110,measure,4928.0,2216.0,10.9204,68.28
201.211,measure,4928.0,2248.0,11.0781,68.09
201.311,measure,4928.0,2240.0,11.0387,68.25
201.411,measure,4928.0,2224.0,10.9599,68.19
201.511,measure,4928.0,2216.0,10.9204,68.09
201.611,measure,4928.0,2216.0,10.9204,68.09
201.712,measure,4928.0,2248.0,11.0781,68.22
201.812,measure,4928.0,2232.0,10.9993,68.47
201.912,measure,4928.0,2224.0,10.9599,68.31
202.012,measure,4928.0,2216.0,10.9204,68.22
202.112,measure,4928.0,2232.0,10.9993,68.41
202.213,measure,4928.0,2256.0,11.1176,68.41
202.313,measure,4928.0,2240.0,11.0387,68.06
202.413,measure,4928.0,2224.0,10.9599,68.09
202.513,measure,4928.0,2224.0,10.9599,68.25
202.613,measure,4928.0,2248.0,11.0781,68.19
202.713,measure,4928.0,2248.0,11.0781,68.12
202.814,measure,4928.0,2232.0,10.9993,68.19
202.914,measure,4928.0,2224.0,10.9599,68.09
203.014,measure,4928.0,2224.0,10.9599,68.19
203.114,measure,4928.0,2256.0,11.1176,68.25
203.214,measure,4928.0,2248.0,11.0781,68.22
203.314,measure,4928.0,2240.0,11.0387,68.34
203.414,measure,4928.0,2224.0,10.9599,68.19
203.515,measure,4928.0,2224.0,10.9599,68.28
203.615,measure,4928.0,2256.0,11.1176,68.38
203.715,measure,4928.0,2248.0,11.0781,68.28
203.815,measure,4928.0,2240.0,11.0387,68.06
203.915,measure,4928.0,2232.0,10.9993,68.34
204.015,measure,4928.0,2232.0,10.9993,68.28
204.115,measure,4928.0,2256.0,11.1176,68.09
204.216,measure,4928.0,2248.0,11.0781,68.47
204.316,measure,4928.0,2240.0,11.0387,68.16
204.416,measure,4928.0,2232.0,10.9993,68.06
204.516,measure,4928.0,2248.0,11.0781,68.16
204.617,measure,4928.0,2264.0,11.1570,68.22
204.717,measure,4928.0,2248.0,11.0781,68.34
204.817,measure,4928.0,2240.0,11.0387,68.19
204.917,measure,4928.0,2232.0,10.9993,68.34
205.017,measure,4928.0,2256.0,11.1176,68.31
205.117,measure,4928.0,2256.0,11.1176,68.25
205.217,measure,4928.0,2232.0,10.9993,68.53
205.318,measure,4928.0,2224.0,10.9599,68.28
205.418,measure,4928.0,2216.0,10.9204,68.16
205.518,measure,4928.0,2248.0,11.0781,68.12
205.618,measure,4928.0,2240.0,11.0387,68.44
205.718,measure,4928.0,2232.0,10.9993,68.16
205.818,measure,4928.0,2224.0,10.9599,68.09
205.918,measure,4928.0,2224.0,10.9599,68.41
206.019,measure,4928.0,2248.0,11.0781,68.22
206.119,measure,4928.0,2240.0,11.0387,68.12
206.219,measure,4928.0,2232.0,10.9993,68.19
206.319,measure,4928.0,2224.0,10.9599,68.12
206.419,measure,4928.0,2240.0,11.0387,68.28
206.519,measure,4928.0,2256.0,11.1176,68.25
206.620,measure,4928.0,2240.0,11.0387,68.19
206.720,measure,4928.0,2232.0,10.9993,68.31
206.820,measure,4928.0,2224.0,10.9599,68.19
206.920,measure,4928.0,2248.0,11.0781,68.19
207.020,measure,4928.0,2248.0,11.0781,68.41
207.121,measure,4928.0,2240.0,11.0387,68.31
207.221,measure,4928.0,2224.0,10.9599,68.06
207.321,measure,4928.0,2224.0,10.9599,68.34
207.421,measure,4928.0,2248.0,11.0781,68.19
207.522,measure,4928.0,2240.0,11.0387,68.19
207.622,measure,4928.0,2232.0,10.9993,68.25
207.722,measure,4928.0,2224.0,10.9599,68.16
207.822,measure,4928.0,2216.0,10.9204,68.19
207.922,measure,4928.0,2248.0,11.0781,68.28
208.022,measure,4928.0,2240.0,11.0387,68.50
208.123,measure,4928.0,2232.0,10.9993,68.31
208.223,measure,4928.0,2224.0,10.9599,68.22
208.323,measure,4928.0,2232.0,10.9993,68.38
208.423,measure,4928.0,2256.0,11.1176,68.44
208.524,measure,4928.0,2240.0,11.0387,68.31
208.624,measure,4928.0,2232.0,10.9993,68.12
208.724,measure,4928.0,2232.0,10.9993,68.34
208.824,measure,4928.0,2248.0,11.0781,68.06
208.924,measure,4928.0,2256.0,11.1176,68.22
209.024,measure,4928.0,2240.0,11.0387,68.50
209.125,measure,4928.0,2232.0,10.9993,68.12
209.225,measure,4928.0,2224.0,10.9599,68.03
209.325,measure,4928.0,2248.0,11.0781,68.25
209.425,measure,4928.0,2240.0,11.0387,68.16
209.525,measure,4928.0,2232.0,10.9993,68.22
209.625,measure,4928.0,2224.0,10.9599,68.22
209.725,measure,4928.0,2216.0,10.9204,68.31
209.825,measure,4928.0,2248.0,11.0781,68.41
209.926,measure,4928.0,2240.0,11.0387,68.34
210.026,measure,4928.0,2232.0,10.9993,68.19
210.126,measure,4928.0,2224.0,10.9599,68.34
210.226,measure,4928.0,2224.0,10.9599,68.31
210.326,measure,4928.0,2248.0,11.0781,68.12
210.426,measure,4928.0,2240.0,11.0387,68.53
210.526,measure,4928.0,2224.0,10.9599,68.31
210.627,measure,4928.0,2224.0,10.9599,68.06
210.727,measure,4928.0,2248.0,11.0781,68.19
210.827,measure,4928.0,2248.0,11.0781,68.19
210.927,measure,4928.0,2232.0,10.9993,68.12
211.027,measure,4928.0,2232.0,10.9993,68.22
211.127,measure,4928.0,2224.0,10.9599,68.19
211.227,measure,4928.0,2248.0,11.0781,68.19
211.328,measure,4928.0,2240.0,11.0387,68.31
211.428,measure,4928.0,2232.0,10.9993,68.19
211.528,measure,4928.0,2224.0,10.9599,68.31
211.628,measure,4928.0,2216.0,10.9204,68.16
211.728,measure,4928.0,2248.0,11.0781,68.25
211.828,measure,4928.0,2240.0,11.0387,68.41
211.928,measure,4928.0,2232.0,10.9993,68.28
212.028,measure,4928.0,2224.0,10.9599,68.12
212.129,measure,4928.0,2240.0,11.0387,68.50
212.229,measure,4928.0,2256.0,11.1176,68.41
212.329,measure,4928.0,2240.0,11.0387,68.16
212.429,measure,4928.0,2232.0,10.9993,68.12
212.529,measure,4928.0,2224.0,10.9599,68.12
212.629,measure,4928.0,2248.0,11.0781,68.19
212.729,measure,4928.0,2248.0,11.0781,68.31
212.829,measure,4928.0,2232.0,10.9993,68.19
212.930,measure,4928.0,2224.0,10.9599,68.19
213.030,measure,4928.0,2224.0,10.9599,68.19
213.130,measure,4928.0,2248.0,11.0781,68.22
213.230,measure,4928.0,2240.0,11.0387,68.44
213.330,measure,4928.0,2232.0,10.9993,68.34
213.430,measure,4928.0,2224.0,10.9599,68.19
213.530,measure,4928.0,2216.0,10.9204,68.28
213.630,measure,4928.0,2248.0,11.0781,68.38
213.731,measure,4928.0,2240.0,11.0387,68.31
213.831,measure,4928.0,2224.0,10.9599,68.09
213.931,measure,4928.0,2224.0,10.9599,68.28
214.031,measure,4928.0,2240.0,11.0387,68.16
214.131,measure,4928.0,2248.0,11.0781,68.19
214.231,measure,4928.0,2232.0,10.9993,68.44
214.331,measure,4928.0,2224.0,10.9599,68.16
214.431,measure,4928.0,2216.0,10.9204,68.03
214.532,measure,4928.0,2248.0,11.0781,68.28
214.632,measure,4928.0,2240.0,11.0387,68.12
214.732,measure,4928.0,2224.0,10.9599,68.31
214.832,measure,4928.0,2216.0,10.9204,68.22
214.932,measure,4928.0,2208.0,10.8810,68.00
215.032,measure,4928.0,2248.0,11.0781,68.41
215.132,measure,4928.0,2232.0,10.9993,68.28
215.233,measure,4928.0,2224.0,10.9599,68.47
215.333,measure,4928.0,2216.0,10.9204,68.28
215.433,measure,4928.0,2224.0,10.9599,68.25
215.533,measure,4928.0,2240.0,11.0387,68.12
215.633,measure,4928.0,2232.0,10.9993,68.44
215.733,measure,4928.0,2216.0,10.9204,68.34
215.833,measure,4928.0,2216.0,10.9204,68.03
215.933,measure,4928.0,2240.0,11.0387,68.56
216.034,measure,4928.0,2240.0,11.0387,68.25
216.134,measure,4928.0,2232.0,10.9993,68.19
216.234,measure,4928.0,2224.0,10.9599,68.19
216.334,measure,4928.0,2216.0,10.9204,68.12
216.434,measure,4928.0,2248.0,11.0781,68.22
216.534,measure,4928.0,2240.0,11.0387,68.31
216.634,measure,4928.0,2232.0,10.9993,68.25
216.735,measure,4928.0,2224.0,10.9599,68.38
216.835,measure,4928.0,2216.0,10.9204,68.12
216.935,measure,4928.0,2248.0,11.0781,68.28
217.035,measure,4928.0,2232.0,10.9993,68.41
217.135,measure,4928.0,2224.0,10.9599,68.34
217.235,measure,4928.0,2216.0,10.9204,68.06
217.335,measure,4928.0,2232.0,10.9993,68.47
217.435,measure,4928.0,2248.0,11.0781,68.53
217.536,measure,4928.0,2240.0,11.0387,68.22
217.636,measure,4928.0,2232.0,10.9993,68.16
217.736,measure,4928.0,2224.0,10.9599,68.12
217.836,measure,4928.0,2240.0,11.0387,68.25
217.936,measure,4928.0,2248.0,11.0781,68.34
218.036,measure,4928.0,2232.0,10.9993,68.25
218.136,measure,4928.0,2224.0,10.9599,68.16
218.237,measure,4928.0,2224.0,10.9599,68.28
218.337,measure,4928.0,2248.0,11.0781,68.22
218.437,measure,4928.0,2248.0,11.0781,68.47
218.537,measure,4928.0,2232.0,10.9993,68.44
218.637,measure,4928.0,2224.0,10.9599,68.19
218.737,measure,4928.0,2216.0,10.9204,68.34
218.837,measure,4928.0,2248.0,11.0781,68.41
218.937,measure,4928.0,2240.0,11.0387,68.28
219.038,measure,4928.0,2232.0,10.9993,68.56
219.138,measure,4928.0,2224.0,10.9599,68.38
219.238,measure,4928.0,2224.0,10.9599,68.03
219.338,measure,4928.0,2256.0,11.1176,68.19
219.438,measure,4928.0,2240.0,11.0387,68.25
219.538,measure,4928.0,2232.0,10.9993,68.16
219.638,measure,4928.0,2224.0,10.9599,68.28
219.739,measure,4928.0,2248.0,11.0781,68.19
219.839,measure,4928.0,2248.0,11.0781,68.19
219.939,measure,4928.0,2232.0,10.9993,68.31
220.039,measure,4928.0,2232.0,10.9993,68.25
220.139,measure,4928.0,2224.0,10.9599,68.41
220.239,measure,4928.0,2256.0,11.1176,68.41
220.339,measure,4928.0,2248.0,11.0781,68.38
220.440,measure,4928.0,2232.0,10.9993,68.50
220.540,measure,4928.0,2224.0,10.9599,68.31
220.640,measure,4928.0,2216.0,10.9204,68.19
220.740,measure,4928.0,2248.0,11.0781,68.56
220.840,measure,4928.0,2240.0,11.0387,68.50
220.940,measure,4928.0,2224.0,10.9599,68.22
221.040,measure,4928.0,2224.0,10.9599,68.06
221.140,measure,4928.0,2232.0,10.9993,68.53
221.241,measure,4928.0,2256.0,11.1176,68.19
221.341,measure,4928.0,2240.0,11.0387,68.22
221.441,measure,4928.0,2232.0,10.9993,68.25
221.541,measure,4928.0,2224.0,10.9599,68.12
221.641,measure,4928.0,2248.0,11.0781,68.38
221.741,measure,4928.0,2248.0,11.0781,68.34
221.841,measure,4928.0,2232.0,10.9993,68.19
221.942,measure,4928.0,2224.0,10.9599,68.38
222.042,measure,4928.0,2224.0,10.9599,68.19
222.142,measure,4928.0,2256.0,11.1176,68.62
222.242,measure,4928.0,2248.0,11.0781,68.47
222.342,measure,4928.0,2232.0,10.9993,68.34
222.442,measure,4928.0,2224.0,10.9599,68.16
222.542,measure,4928.0,2216.0,10.9204,68.34
222.643,measure,4928.0,2256.0,11.1176,68.38
222.743,measure,4928.0,2240.0,11.0387,68.28
222.843,measure,4928.0,2232.0,10.9993,68.47
222.943,measure,4928.0,2232.0,10.9993,68.16
223.043,measure,4928.0,2240.0,11.0387,68.19
223.143,measure,4928.0,2256.0,11.1176,68.41
223.243,measure,4928.0,2240.0,11.0387,68.25
223.343,measure,4928.0,2224.0,10.9599,68.34
223.444,measure,4928.0,2224.0,10.9599,68.25
223.544,measure,4928.0,2248.0,11.0781,68.31
223.644,measure,4928.0,2248.0,11.0781,68.47
223.744,measure,4928.0,2232.0,10.9993,68.25
223.844,measure,4928.0,2224.0,10.9599,68.56
223.944,measure,4928.0,2216.0,10.9204,68.31
224.044,measure,4928.0,2248.0,11.0781,68.41
224.145,measure,4928.0,2240.0,11.0387,68.19
224.245,measure,4928.0,2232.0,10.9993,68.53
224.345,measure,4928.0,2224.0,10.9599,68.22
224.445,measure,4928.0,2216.0,10.9204,68.03
224.545,measure,4928.0,2248.0,11.0781,68.66
224.645,measure,4928.0,2248.0,11.0781,68.31
224.746,measure,4928.0,2240.0,11.0387,68.25
224.846,measure,4928.0,2232.0,10.9993,68.28
224.946,measure,4928.0,2240.0,11.0387,68.19
225.046,measure,4928.0,2264.0,11.1570,68.47
225.146,measure,4928.0,2256.0,11.1176,68.44
225.246,measure,4928.0,2240.0,11.0387,68.31
225.346,measure,4928.0,2232.0,10.9993,68.38
225.447,measure,4928.0,2248.0,11.0781,68.38
225.547,measure,4928.0,2256.0,11.1176,68.28
225.647,measure,4928.0,2240.0,11.0387,68.56
225.747,measure,4928.0,2232.0,10.9993,68.31
225.847,measure,4928.0,2224.0,10.9599,68.16
225.947,measure,4928.0,2248.0,11.0781,68.62
226.047,measure,4928.0,2248.0,11.0781,68.31
226.148,measure,4928.0,2232.0,10.9993,68.28
226.248,measure,4928.0,2232.0,10.9993,68.19
226.348,measure,4928.0,2224.0,10.9599,68.12
226.448,measure,4928.0,2248.0,11.0781,68.34
226.548,measure,4928.0,2240.0,11.0387,68.31
226.648,measure,4928.0,2232.0,10.9993,68.28
226.748,measure,4928.0,2224.0,10.9599,68.16
226.849,measure,4928.0,2224.0,10.9599,68.19
226.949,measure,4928.0,2248.0,11.0781,68.31
227.049,measure,4928.0,2240.0,11.0387,68.50
227.149,measure,4928.0,2232.0,10.9993,68.44
227.249,measure,4928.0,2224.0,10.9599,68.22
227.349,measure,4928.0,2240.0,11.0387,68.56
227.449,measure,4928.0,2256.0,11.1176,68.53
227.550,measure,4928.0,2240.0,11.0387,68.25
227.650,measure,4928.0,2232.0,10.9993,68.62
227.750,measure,4928.0,2232.0,10.9993,68.41
227.850,measure,4928.0,2256.0,11.1176,68.28
227.950,measure,4928.0,2248.0,11.0781,68.31
228.050,measure,4928.0,2240.0,11.0387,68.25
228.151,measure,4928.0,2224.0,10.9599,68.31
228.251,measure,4928.0,2224.0,10.9599,68.28
228.351,measure,4928.0,2256.0,11.1176,68.38
228.451,measure,4928.0,2248.0,11.0781,68.59
228.551,measure,4928.0,2232.0,10.9993,68.44
228.651,measure,4928.0,2224.0,10.9599,68.31
228.751,measure,4928.0,2216.0,10.9204,68.38
228.852,measure,4928.0,2248.0,11.0781,68.47
228.952,measure,4928.0,2240.0,11.0387,68.41
229.052,measure,4928.0,2232.0,10.9993,68.59
229.152,measure,4928.0,2232.0,10.9993,68.47
229.252,measure,4928.0,2232.0,10.9993,68.16
229.352,measure,4928.0,2256.0,11.1176,68.25
229.452,measure,4928.0,2248.0,11.0781,68.53
229.553,measure,4928.0,2232.0,10.9993,68.28
229.653,measure,4928.0,2232.0,10.9993,68.19
229.753,measure,4928.0,2248.0,11.0781,68.28
229.853,measure,4928.0,2248.0,11.0781,68.34
229.953,measure,4928.0,2232.0,10.9993,68.41
230.053,measure,4928.0,2224.0,10.9599,68.25
230.153,measure,4928.0,2224.0,10.9599,68.22
230.254,measure,4928.0,2256.0,11.1176,68.47
230.354,measure,4928.0,2248.0,11.0781,68.38
230.454,measure,4928.0,2240.0,11.0387,68.62
230.554,measure,4928.0,2232.0,10.9993,68.44
230.654,measure,4928.0,2224.0,10.9599,68.25
230.754,measure,4928.0,2256.0,11.1176,68.62
230.854,measure,4928.0,2248.0,11.0781,68.53
230.955,measure,4928.0,2240.0,11.0387,68.31
231.055,measure,4928.0,2232.0,10.9993,68.22
231.155,measure,4928.0,2232.0,10.9993,68.44
231.255,measure,4928.0,2256.0,11.1176,68.34
231.355,measure,4928.0,2248.0,11.0781,68.28
231.455,measure,4928.0,2240.0,11.0387,68.47
231.555,measure,4928.0,2232.0,10.9993,68.25
231.656,measure,4928.0,2248.0,11.0781,68.34
231.756,measure,4928.0,2256.0,11.1176,68.38
231.856,measure,4928.0,2240.0,11.0387,68.53
231.956,measure,4928.0,2232.0,10.9993,68.44
232.056,measure,4928.0,2224.0,10.9599,68.34
232.156,measure,4928.0,2256.0,11.1176,68.66
232.257,measure,4928.0,2248.0,11.0781,68.50
232.357,measure,4928.0,2232.0,10.9993,68.44
232.457,measure,4928.0,2224.0,10.9599,68.19
232.557,measure,4928.0,2224.0,10.9599,68.41
232.657,measure,4928.0,2248.0,11.0781,68.44
232.758,measure,4928.0,2240.0,11.0387,68.19
232.858,measure,4928.0,2232.0,10.9993,68.59
232.958,measure,4928.0,2224.0,10.9599,68.22
233.058,measure,4928.0,2224.0,10.9599,68.16
233.158,measure,4928.0,2256.0,11.1176,68.41
233.258,measure,4928.0,2240.0,11.0387,68.34
233.358,measure,4928.0,2232.0,10.9993,68.47
233.459,measure,4928.0,2224.0,10.9599,68.28
233.559,measure,4928.0,2240.0,11.0387,68.31
233.659,measure,4928.0,2248.0,11.0781,68.56
233.759,measure,4928.0,2240.0,11.0387,68.41
233.859,measure,4928.0,2224.0,10.9599,68.69
233.959,measure,4928.0,2224.0,10.9599,68.38
234.059,measure,4928.0,2248.0,11.0781,68.47
234.160,measure,4928.0,2248.0,11.0781,68.31
234.260,measure,4928.0,2232.0,10.9993,68.69
234.360,measure,4928.0,2224.0,10.9599,68.47
234.460,measure,4928.0,2224.0,10.9599,68.06
234.560,measure,4928.0,2248.0,11.0781,68.69
234.660,measure,4928.0,2240.0,11.0387,68.38
234.760,measure,4928.0,2232.0,10.9993,68.28
234.860,measure,4928.0,2224.0,10.9599,68.25
234.961,measure,4928.0,2216.0,10.9204,68.19
235.061,measure,4928.0,2248.0,11.0781,68.31
235.161,measure,4928.0,2240.0,11.0387,68.41
235.261,measure,4928.0,2232.0,10.9993,68.34
235.361,measure,4928.0,2224.0,10.9599,68.50
235.462,measure,4928.0,2240.0,11.0387,68.41
235.562,measure,4928.0,2256.0,11.1176,68.44
235.662,measure,4928.0,2248.0,11.0781,68.66
235.762,measure,4928.0,2232.0,10.9993,68.47
235.862,measure,4928.0,2224.0,10.9599,68.25
235.962,measure,4928.0,2256.0,11.1176,68.69
236.063,measure,4928.0,2256.0,11.1176,68.56
236.163,measure,4928.0,2248.0,11.0781,68.38
236.263,measure,4928.0,2240.0,11.0387,68.28
236.363,measure,4928.0,2232.0,10.9993,68.25
236.463,measure,4928.0,2256.0,11.1176,68.34
236.564,measure,4928.0,2248.0,11.0781,68.44
236.664,measure,4928.0,2232.0,10.9993,68.44
236.764,measure,4928.0,2224.0,10.9599,68.47
236.864,measure,4928.0,2216.0,10.9204,68.28
236.964,measure,4928.0,2248.0,11.0781,68.38
237.065,measure,4928.0,2248.0,11.0781,68.59
237.165,measure,4928.0,2232.0,10.9993,68.53
237.265,measure,4928.0,2232.0,10.9993,68.31
237.365,measure,4928.0,2224.0,10.9599,68.50
237.466,measure,4928.0,2256.0,11.1176,68.53
237.566,measure,4928.0,2240.0,11.0387,68.19
237.666,measure,4928.0,2232.0,10.9993,68.59
237.767,measure,4928.0,2224.0,10.9599,68.28
237.867,measure,4928.0,2232.0,10.9993,68.44
237.967,measure,4928.0,2256.0,11.1176,68.47
238.067,measure,4928.0,2240.0,11.0387,68.41
238.168,measure,4928.0,2232.0,10.9993,68.56
238.268,measure,4928.0,2232.0,10.9993,68.38
238.369,measure,4928.0,2248.0,11.0781,68.62
238.469,measure,4928.0,2256.0,11.1176,68.53
238.569,measure,4928.0,2240.0,11.0387,68.50
238.669,measure,4928.0,2232.0,10.9993,68.66
238.769,measure,4928.0,2224.0,10.9599,68.53
238.869,measure,4928.0,2256.0,11.1176,68.50
238.969,measure,4928.0,2248.0,11.0781,68.31
239.069,measure,4928.0,2240.0,11.0387,68.62
239.170,measure,4928.0,2232.0,10.9993,68.28
239.270,measure,4928.0,2224.0,10.9599,68.38
239.371,measure,4928.0,2248.0,11.0781,68.44
239.471,measure,4928.0,2240.0,11.0387,68.44
239.571,measure,4928.0,2232.0,10.9993,68.56
239.671,measure,4928.0,2224.0,10.9599,68.31
239.772,measure,4928.0,2224.0,10.9599,68.47
239.872,measure,4928.0,2248.0,11.0781,68.50
239.973,measure,4928.0,2240.0,11.0387,68.28
240.073,measure,4928.0,2232.0,10.9993,68.69
240.173,measure,4928.0,2224.0,10.9599,68.47
240.274,measure,4928.0,2240.0,11.0387,68.31
240.374,measure,4928.0,2256.0,11.1176,68.53
240.474,measure,4928.0,2240.0,11.0387,68.41
240.574,measure,4928.0,2232.0,10.9993,68.38
240.675,measure,4928.0,2224.0,10.9599,68.41
240.775,measure,4928.0,2248.0,11.0781,68.62
240.875,measure,4928.0,2256.0,11.1176,68.56
240.976,measure,4928.0,2240.0,11.0387,68.47
241.076,measure,4928.0,2232.0,10.9993,68.72
241.177,measure,4928.0,2224.0,10.9599,68.50
241.277,measure,4928.0,2256.0,11.1176,68.53
241.377,measure,4928.0,2248.0,11.0781,68.38
241.477,measure,4928.0,2232.0,10.9993,68.62
241.578,measure,4928.0,2232.0,10.9993,68.31
241.678,measure,4928.0,2224.0,10.9599,68.38
241.778,measure,4928.0,2248.0,11.0781,68.44
241.878,measure,4928.0,2240.0,11.0387,68.38
241.979,measure,4928.0,2232.0,10.9993,68.53
242.079,measure,4928.0,2224.0,10.9599,68.34
242.179,measure,4928.0,2224.0,10.9599,68.50
242.279,measure,4928.0,2256.0,11.1176,68.53
242.379,measure,4928.0,2240.0,11.0387,68.47
242.480,measure,4928.0,2232.0,10.9993,68.66
242.580,measure,4928.0,2232.0,10.9993,68.53
242.680,measure,4928.0,2240.0,11.0387,68.34
242.781,measure,4928.0,2256.0,11.1176,68.34
242.881,measure,4928.0,2248.0,11.0781,68.62
242.981,measure,4928.0,2232.0,10.9993,68.34
243.081,measure,4928.0,2232.0,10.9993,68.38
243.182,measure,4928.0,2256.0,11.1176,68.53
243.282,measure,4928.0,2256.0,11.1176,68.44
243.382,measure,4928.0,2240.0,11.0387,68.47
243.482,measure,4928.0,2224.0,10.9599,68.41
243.583,measure,4928.0,2224.0,10.9599,68.47
243.683,measure,4928.0,2256.0,11.1176,68.59
243.783,measure,4928.0,2248.0,11.0781,68.47
243.883,measure,4928.0,2240.0,11.0387,68.59
243.983,measure,4928.0,2232.0,10.9993,68.50
244.084,measure,4928.0,2224.0,10.9599,68.19
244.184,measure,4928.0,2256.0,11.1176,68.72
244.284,measure,4928.0,2248.0,11.0781,68.66
244.384,measure,4928.0,2232.0,10.9993,68.38
244.484,measure,4928.0,2224.0,10.9599,68.22
244.585,measure,4928.0,2232.0,10.9993,68.34
244.685,measure,4928.0,2256.0,11.1176,68.47
244.785,measure,4928.0,2240.0,11.0387,68.53
244.885,measure,4928.0,2232.0,10.9993,68.50
244.986,measure,4928.0,2224.0,10.9599,68.50
245.086,measure,4928.0,2248.0,11.0781,68.62
245.186,measure,4928.0,2256.0,11.1176,68.53
245.286,measure,4928.0,2240.0,11.0387,68.69
245.387,measure,4928.0,2232.0,10.9993,68.53
245.487,measure,4928.0,2224.0,10.9599,68.25
245.587,measure,4928.0,2256.0,11.1176,68.69
245.687,measure,4928.0,2248.0,11.0781,68.66
245.788,measure,4928.0,2232.0,10.9993,68.41
245.888,measure,4928.0,2224.0,10.9599,68.38
245.988,measure,4928.0,2224.0,10.9599,68.22
246.088,measure,4928.0,2248.0,11.0781,68.34
246.189,measure,4928.0,2240.0,11.0387,68.56
246.289,measure,4928.0,2232.0,10.9993,68.38
246.389,measure,4928.0,2224.0,10.9599,68.53
246.489,measure,4928.0,2224.0,10.9599,68.44
246.590,measure,4928.0,2248.0,11.0781,68.78
246.690,measure,4928.0,2240.0,11.0387,68.62
246.790,measure,4928.0,2240.0,11.0387,68.56
246.890,measure,4928.0,2232.0,10.9993,68.34
246.990,measure,4928.0,2240.0,11.0387,68.69
247.090,measure,4928.0,2264.0,11.1570,68.69
247.191,measure,4928.0,2256.0,11.1176,68.41
247.291,measure,4928.0,2248.0,11.0781,68.78
247.391,measure,4928.0,2240.0,11.0387,68.25
247.492,measure,4928.0,2248.0,11.0781,68.38
247.592,measure,4928.0,2264.0,11.1570,68.59
247.692,measure,4928.0,2248.0,11.0781,68.56
247.792,measure,4928.0,2240.0,11.0387,68.62
247.892,measure,4928.0,2240.0,11.0387,68.50
247.993,measure,4928.0,2256.0,11.1176,68.66
248.093,measure,4928.0,2264.0,11.1570,68.62
248.193,measure,4928.0,2248.0,11.0781,68.59
248.293,measure,4928.0,2232.0,10.9993,68.75
248.394,measure,4928.0,2224.0,10.9599,68.56
248.494,measure,4928.0,2248.0,11.0781,68.44
248.594,measure,4928.0,2256.0,11.1176,68.41
248.694,measure,4928.0,2240.0,11.0387,68.72
248.794,measure,4928.0,2232.0,10.9993,68.47
248.894,measure,4928.0,2224.0,10.9599,68.50
248.995,measure,4928.0,2256.0,11.1176,68.53
249.095,measure,4928.0,2248.0,11.0781,68.50
249.195,measure,4928.0,2232.0,10.9993,68.62
249.295,measure,4928.0,2224.0,10.9599,68.50
249.395,measure,4928.0,2216.0,10.9204,68.56
249.496,measure,4928.0,2248.0,11.0781,68.66
249.596,measure,4928.0,2240.0,11.0387,68.59
249.696,measure,4928.0,2232.0,10.9993,68.72
249.796,measure,4928.0,2224.0,10.9599,68.56
249.896,measure,4928.0,2224.0,10.9599,68.50
249.996,measure,4928.0,2256.0,11.1176,68.47
250.096,measure,4928.0,2240.0,11.0387,68.69
250.197,measure,4928.0,2232.0,10.9993,68.41
250.297,measure,4928.0,2224.0,10.9599,68.22
250.397,measure,4928.0,2240.0,11.0387,68.44
250.497,measure,4928.0,2256.0,11.1176,68.50
250.597,measure,4928.0,2240.0,11.0387,68.41
250.697,measure,4928.0,2232.0,10.9993,68.47
250.798,measure,4928.0,2232.0,10.9993,68.41
250.898,measure,4928.0,2256.0,11.1176,68.66
250.998,measure,4928.0,2248.0,11.0781,68.56
251.098,measure,4928.0,2232.0,10.9993,68.50
251.198,measure,4928.0,2224.0,10.9599,68.59
251.298,measure,4928.0,2216.0,10.9204,68.34
251.398,measure,4928.0,2256.0,11.1176,68.78
251.498,measure,4928.0,2240.0,11.0387,68.72
251.599,measure,4928.0,2232.0,10.9993,68.59
251.699,measure,4928.0,2224.0,10.9599,68.38
251.799,measure,4928.0,2232.0,10.9993,68.69
251.899,measure,4928.0,2256.0,11.1176,68.69
251.999,measure,4928.0,2240.0,11.0387,68.44
252.099,measure,4928.0,2232.0,10.9993,68.78
252.199,measure,4928.0,2224.0,10.9599,68.38
252.299,measure,4928.0,2240.0,11.0387,68.41
252.400,measure,4928.0,2248.0,11.0781,68.66
252.500,measure,4928.0,2240.0,11.0387,68.47
252.600,measure,4928.0,2224.0,10.9599,68.44
252.700,measure,4928.0,2224.0,10.9599,68.44
252.800,measure,4928.0,2256.0,11.1176,68.50
252.900,measure,4928.0,2248.0,11.0781,68.72
253.000,measure,4928.0,2240.0,11.0387,68.66
253.101,measure,4928.0,2232.0,10.9993,68.53
253.201,measure,4928.0,2216.0,10.9204,68.56
253.301,measure,4928.0,2256.0,11.1176,68.72
253.401,measure,4928.0,2248.0,11.0781,68.44
253.501,measure,4928.0,2232.0,10.9993,68.69
253.601,measure,4928.0,2232.0,10.9993,68.59
253.701,measure,4928.0,2232.0,10.9993,68.31
253.801,measure,4928.0,2256.0,11.1176,68.50
253.902,measure,4928.0,2248.0,11.0781,68.50
254.002,measure,4928.0,2232.0,10.9993,68.41
254.102,measure,4928.0,2232.0,10.9993,68.44
254.202,measure,4928.0,2248.0,11.0781,68.59
254.302,measure,4928.0,2248.0,11.0781,68.53
254.402,measure,4928.0,2240.0,11.0387,68.59
254.502,measure,4928.0,2224.0,10.9599,68.59
254.602,measure,4928.0,2224.0,10.9599,68.56
254.703,measure,4928.0,2256.0,11.1176,68.69
254.803,measure,4928.0,2240.0,11.0387,68.62
254.903,measure,4928.0,2232.0,10.9993,68.72
255.003,measure,4928.0,2232.0,10.9993,68.62
255.103,measure,4928.0,2224.0,10.9599,68.47
255.203,measure,4928.0,2248.0,11.0781,68.84
255.303,measure,4928.0,2240.0,11.0387,68.69
255.404,measure,4928.0,2232.0,10.9993,68.47
255.504,measure,4928.0,2232.0,10.9993,68.41
255.604,measure,4928.0,2232.0,10.9993,68.69
255.704,measure,4928.0,2256.0,11.1176,68.53
255.804,measure,4928.0,2240.0,11.0387,68.47
255.904,measure,4928.0,2232.0,10.9993,68.50
256.004,measure,4928.0,2232.0,10.9993,68.34
256.105,measure,4928.0,2248.0,11.0781,68.59
256.205,measure,4928.0,2256.0,11.1176,68.62
256.305,measure,4928.0,2232.0,10.9993,68.56
256.405,measure,4928.0,2224.0,10.9599,68.69
256.505,measure,4928.0,2224.0,10.9599,68.50
256.605,measure,4928.0,2248.0,11.0781,68.75
256.705,measure,4928.0,2240.0,11.0387,68.69
256.805,measure,4928.0,2232.0,10.9993,68.53
256.906,measure,4928.0,2224.0,10.9599,68.38
257.006,measure,4928.0,2216.0,10.9204,68.53
257.106,measure,4928.0,2248.0,11.0781,68.47
257.206,measure,4928.0,2240.0,11.0387,68.44
257.306,measure,4928.0,2224.0,10.9599,68.72
257.406,measure,4928.0,2224.0,10.9599,68.38
257.506,measure,4928.0,2232.0,10.9993,68.41
257.606,measure,4928.0,2256.0,11.1176,68.56
257.707,measure,4928.0,2248.0,11.0781,68.66
257.807,measure,4928.0,2232.0,10.9993,68.62
257.907,measure,4928.0,2232.0,10.9993,68.53
258.007,measure,4928.0,2248.0,11.0781,68.72
258.107,measure,4928.0,2256.0,11.1176,68.62
258.207,measure,4928.0,2240.0,11.0387,68.62
258.307,measure,4928.0,2232.0,10.9993,68.81
258.408,measure,4928.0,2224.0,10.9599,68.53
258.508,measure,4928.0,2256.0,11.1176,68.72
258.608,measure,4928.0,2248.0,11.0781,68.50
258.708,measure,4928.0,2232.0,10.9993,68.75
258.808,measure,4928.0,2224.0,10.9599,68.66
258.908,measure,4928.0,2216.0,10.9204,68.28
259.008,measure,4928.0,2248.0,11.0781,68.84
259.109,measure,4928.0,2240.0,11.0387,68.53
259.209,measure,4928.0,2232.0,10.9993,68.47
259.309,measure,4928.0,2224.0,10.9599,68.56
259.409,measure,4928.0,2224.0,10.9599,68.44
259.509,measure,4928.0,2248.0,11.0781,68.59
259.609,measure,4928.0,2240.0,11.0387,68.56
259.709,measure,4928.0,2232.0,10.9993,68.53
259.810,measure,4928.0,2224.0,10.9599,68.59
259.910,measure,4928.0,2248.0,11.0781,68.66
260.010,measure,4928.0,2248.0,11.0781,68.69
260.110,measure,4928.0,2240.0,11.0387,68.72
260.210,measure,4928.0,2232.0,10.9993,68.59
260.310,measure,4928.0,2224.0,10.9599,68.31
260.410,measure,4928.0,2256.0,11.1176,68.81
260.511,measure,4928.0,2248.0,11.0781,68.75
260.611,measure,4928.0,2232.0,10.9993,68.47
260.711,measure,4928.0,2224.0,10.9599,68.44
260.811,measure,4928.0,2216.0,10.9204,68.31
260.911,measure,4928.0,2248.0,11.0781,68.53
261.011,measure,4928.0,2240.0,11.0387,68.56
261.111,measure,4928.0,2232.0,10.9993,68.50
261.211,measure,4928.0,2224.0,10.9599,68.38
261.312,measure,4928.0,2232.0,10.9993,68.59
261.412,measure,4928.0,2256.0,11.1176,68.66
261.512,measure,4928.0,2240.0,11.0387,68.81
261.612,measure,4928.0,2232.0,10.9993,68.59
261.712,measure,4928.0,2232.0,10.9993,68.56
261.812,measure,4928.0,2248.0,11.0781,68.81
261.912,measure,4928.0,2248.0,11.0781,68.69
262.012,measure,4928.0,2232.0,10.9993,68.47
262.113,measure,4928.0,2224.0,10.9599,68.72
262.213,measure,4928.0,2224.0,10.9599,68.56
262.313,measure,4928.0,2248.0,11.0781,68.53
262.413,measure,4928.0,2248.0,11.0781,68.44
262.513,measure,4928.0,2232.0,10.9993,68.53
262.613,measure,4928.0,2224.0,10.9599,68.44
262.713,measure,4928.0,2224.0,10.9599,68.44
262.814,measure,4928.0,2248.0,11.0781,68.59
262.914,measure,4928.0,2248.0,11.0781,68.53
263.014,measure,4928.0,2240.0,11.0387,68.66
263.114,measure,4928.0,2232.0,10.9993,68.50
263.214,measure,4928.0,2248.0,11.0781,68.69
263.314,measure,4928.0,2256.0,11.1176,68.72
263.414,measure,4928.0,2240.0,11.0387,68.66
263.514,measure,4928.0,2232.0,10.9993,68.88
263.615,measure,4928.0,2224.0,10.9599,68.66
263.715,measure,4928.0,2256.0,11.1176,68.66
263.815,measure,4928.0,2248.0,11.0781,68.53
263.915,measure,4928.0,2232.0,10.9993,68.72
264.015,measure,4928.0,2232.0,10.9993,68.47
264.115,measure,4928.0,2224.0,10.9599,68.28
264.215,measure,4928.0,2256.0,11.1176,68.81
264.316,measure,4928.0,2240.0,11.0387,68.50
264.416,measure,4928.0,2232.0,10.9993,68.47
264.516,measure,4928.0,2224.0,10.9599,68.53
264.616,measure,4928.0,2232.0,10.9993,68.47
264.716,measure,4928.0,2256.0,11.1176,68.72
264.816,measure,4928.0,2240.0,11.0387,68.69
264.916,measure,4928.0,2232.0,10.9993,68.62
265.016,measure,4928.0,2224.0,10.9599,68.62
265.117,measure,4928.0,2248.0,11.0781,68.69
265.217,measure,4928.0,2248.0,11.0781,68.84
265.317,measure,4928.0,2232.0,10.9993,68.69
265.417,measure,4928.0,2224.0,10.9599,68.66
265.517,measure,4928.0,2216.0,10.9204,68.38
265.617,measure,4928.0,2248.0,11.0781,68.78
265.717,measure,4928.0,2240.0,11.0387,68.66
265.818,measure,4928.0,2232.0,10.9993,68.53
265.918,measure,4928.0,2224.0,10.9599,68.72
266.018,measure,4928.0,2216.0,10.9204,68.38
266.118,measure,4928.0,2256.0,11.1176,68.56
266.218,measure,4928.0,2248.0,11.0781,68.66
266.318,measure,4928.0,2232.0,10.9993,68.53
266.418,measure,4928.0,2232.0,10.9993,68.44
266.518,measure,4928.0,2240.0,11.0387,68.59
266.619,measure,4928.0,2256.0,11.1176,68.62
266.719,measure,4928.0,2240.0,11.0387,68.78
266.819,measure,4928.0,2232.0,10.9993,68.62
266.919,measure,4928.0,2224.0,10.9599,68.78
267.019,measure,4928.0,2248.0,11.0781,68.78
267.119,measure,4928.0,2240.0,11.0387,68.69
267.219,measure,4928.0,2232.0,10.9993,68.53
267.320,measure,4928.0,2224.0,10.9599,68.75
267.420,measure,4928.0,2216.0,10.9204,68.56
267.520,measure,4928.0,2248.0,11.0781,68.53
267.620,measure,4928.0,2240.0,11.0387,68.44
267.720,measure,4928.0,2224.0,10.9599,68.59
267.820,measure,4928.0,2224.0,10.9599,68.41
267.920,measure,4928.0,2232.0,10.9993,68.53
268.021,measure,4928.0,2256.0,11.1176,68.59
268.121,measure,4928.0,2240.0,11.0387,68.69
268.221,measure,4928.0,2232.0,10.9993,68.66
268.321,measure,4928.0,2224.0,10.9599,68.53
268.421,measure,4928.0,2248.0,11.0781,68.78
268.521,measure,4928.0,2248.0,11.0781,68.75
268.621,measure,4928.0,2240.0,11.0387,68.69
268.722,measure,4928.0,2232.0,10.9993,68.78
268.822,measure,4928.0,2224.0,10.9599,68.62
268.922,measure,4928.0,2256.0,11.1176,68.47
269.022,measure,4928.0,2248.0,11.0781,68.88
269.122,measure,4928.0,2240.0,11.0387,68.69
269.222,measure,4928.0,2232.0,10.9993,68.53
269.322,measure,4928.0,2216.0,10.9204,68.31
269.423,measure,4928.0,2256.0,11.1176,68.62
269.523,measure,4928.0,2240.0,11.0387,68.56
269.623,measure,4928.0,2232.0,10.9993,68.69
269.723,measure,4928.0,2224.0,10.9599,68.50
269.823,measure,4928.0,2240.0,11.0387,68.56
269.924,measure,4928.0,2256.0,11.1176,68.72
270.024,measure,4928.0,2240.0,11.0387,68.69
270.124,measure,4928.0,2232.0,10.9993,68.78
270.224,measure,4928.0,2224.0,10.9599,68.66
270.324,measure,4928.0,2256.0,11.1176,68.72
270.424,measure,4928.0,2248.0,11.0781,68.84
270.524,measure,4928.0,2232.0,10.9993,68.69
270.625,measure,4928.0,2224.0,10.9599,68.50
270.725,measure,4928.0,2216.0,10.9204,68.75
270.825,measure,4928.0,2248.0,11.0781,68.81
270.925,measure,4928.0,2240.0,11.0387,68.53
271.025,measure,4928.0,2224.0,10.9599,68.69
271.125,measure,4928.0,2216.0,10.9204,68.62
271.225,measure,4928.0,2216.0,10.9204,68.38
271.325,measure,4928.0,2248.0,11.0781,68.62
271.426,measure,4928.0,2232.0,10.9993,68.66
271.526,measure,4928.0,2224.0,10.9599,68.56
271.626,measure,4928.0,2216.0,10.9204,68.62
271.726,measure,4928.0,2232.0,10.9993,68.59
271.826,measure,4928.0,2248.0,11.0781,68.88
271.926,measure,4928.0,2232.0,10.9993,68.72
272.026,measure,4928.0,2224.0,10.9599,68.56
272.127,measure,4928.0,2224.0,10.9599,68.81
272.227,measure,4928.0,2248.0,11.0781,68.81
272.327,measure,4928.0,2248.0,11.0781,68.72
272.427,measure,4928.0,2232.0,10.9993,68.59
272.527,measure,4928.0,2224.0,10.9599,68.84
272.627,measure,4928.0,2216.0,10.9204,68.38
272.727,measure,4928.0,2248.0,11.0781,68.59
272.827,measure,4928.0,2240.0,11.0387,68.88
272.928,measure,4928.0,2232.0,10.9993,68.69
273.028,measure,4928.0,2224.0,10.9599,68.47
273.128,measure,4928.0,2224.0,10.9599,68.50
273.228,measure,4928.0,2248.0,11.0781,68.69
273.328,measure,4928.0,2240.0,11.0387,68.81
273.428,measure,4928.0,2224.0,10.9599,68.62
273.528,measure,4928.0,2224.0,10.9599,68.56
273.629,measure,4928.0,2240.0,11.0387,68.69
273.729,measure,4928.0,2248.0,11.0781,68.72
273.829,measure,4928.0,2232.0,10.9993,68.94
273.929,measure,4928.0,2224.0,10.9599,68.69
274.029,measure,4928.0,2224.0,10.9599,68.59
274.129,measure,4928.0,2248.0,11.0781,68.62
274.229,measure,4928.0,2240.0,11.0387,68.91
274.329,measure,4928.0,2232.0,10.9993,68.78
274.430,measure,4928.0,2224.0,10.9599,68.50
274.530,measure,4928.0,2216.0,10.9204,68.75
274.630,measure,4928.0,2248.0,11.0781,68.62
274.730,measure,4928.0,2240.0,11.0387,68.59
274.830,measure,4928.0,2232.0,10.9993,68.66
274.930,measure,4928.0,2224.0,10.9599,68.50
275.030,measure,4928.0,2232.0,10.9993,68.69
275.130,measure,4928.0,2256.0,11.1176,68.69
275.231,measure,4928.0,2240.0,11.0387,68.69
275.331,measure,4928.0,2232.0,10.9993,68.69
275.431,measure,4928.0,2224.0,10.9599,68.59
275.531,measure,4928.0,2248.0,11.0781,68.62
275.631,measure,4928.0,2248.0,11.0781,68.91
275.731,measure,4928.0,2232.0,10.9993,68.78
275.831,measure,4928.0,2224.0,10.9599,68.56
275.932,measure,4928.0,2216.0,10.9204,68.78
276.032,measure,4928.0,2248.0,11.0781,68.84
276.132,measure,4928.0,2240.0,11.0387,68.62
276.232,measure,4928.0,2224.0,10.9599,68.50
276.332,measure,4928.0,2216.0,10.9204,68.56
276.432,measure,4928.0,2216.0,10.9204,68.47
276.533,measure,4928.0,2248.0,11.0781,68.69
276.633,measure,4928.0,2240.0,11.0387,68.69
276.733,measure,4928.0,2232.0,10.9993,68.75
276.833,measure,4928.0,2224.0,10.9599,68.69
276.933,measure,4928.0,2224.0,10.9599,68.75
277.033,measure,4928.0,2248.0,11.0781,68.88
277.134,measure,4928.0,2240.0,11.0387,68.78
277.234,measure,4928.0,2232.0,10.9993,68.66
277.334,measure,4928.0,2224.0,10.9599,68.78
277.434,measure,4928.0,2248.0,11.0781,68.81
277.534,measure,4928.0,2256.0,11.1176,68.66
277.634,measure,4928.0,2240.0,11.0387,68.91
277.734,measure,4928.0,2232.0,10.9993,68.81
277.834,measure,4928.0,2232.0,10.9993,68.47
277.935,measure,4928.0,2256.0,11.1176,68.59
278.035,measure,4928.0,2248.0,11.0781,68.66
278.135,measure,4928.0,2232.0,10.9993,68.66
278.235,measure,4928.0,2224.0,10.9599,68.69
278.335,measure,4928.0,2216.0,10.9204,68.47
278.435,measure,4928.0,2248.0,11.0781,68.62
278.536,measure,4928.0,2240.0,11.0387,68.72
278.636,measure,4928.0,2232.0,10.9993,68.66
278.736,measure,4928.0,2224.0,10.9599,68.75
278.836,measure,4928.0,2232.0,10.9993,68.69
278.936,measure,4928.0,2256.0,11.1176,68.72
279.036,measure,4928.0,2240.0,11.0387,68.91
279.137,measure,4928.0,2232.0,10.9993,68.75
279.237,measure,4928.0,2224.0,10.9599,68.47
279.337,measure,4928.0,2248.0,11.0781,68.56
279.437,measure,4928.0,2248.0,11.0781,68.81
279.537,measure,4928.0,2232.0,10.9993,68.66
279.637,measure,4928.0,2224.0,10.9599,68.59
279.737,measure,4928.0,2224.0,10.9599,68.62
279.838,measure,4928.0,2248.0,11.0781,68.62
279.938,measure,4928.0,2240.0,11.0387,68.72
280.038,measure,4928.0,2232.0,10.9993,68.66
280.138,measure,4928.0,2224.0,10.9599,68.59
280.238,measure,4928.0,2216.0,10.9204,68.66
280.338,measure,4928.0,2248.0,11.0781,68.75
280.438,measure,4928.0,2240.0,11.0387,68.81
280.539,measure,4928.0,2232.0,10.9993,68.78
280.639,measure,4928.0,2224.0,10.9599,68.66
280.739,measure,4928.0,2232.0,10.9993,68.84
280.839,measure,4928.0,2256.0,11.1176,68.81
280.939,measure,4928.0,2248.0,11.0781,68.62
281.039,measure,4928.0,2232.0,10.9993,68.66
281.139,measure,4928.0,2232.0,10.9993,68.81
281.240,measure,4928.0,2248.0,11.0781,68.69
281.340,measure,4928.0,2256.0,11.1176,68.59
281.440,measure,4928.0,2240.0,11.0387,68.69
281.540,measure,4928.0,2232.0,10.9993,68.59
281.640,measure,4928.0,2224.0,10.9599,68.69
281.740,measure,4928.0,2256.0,11.1176,68.75
281.840,measure,4928.0,2248.0,11.0781,68.69
281.940,measure,4928.0,2232.0,10.9993,68.69
282.041,measure,4928.0,2224.0,10.9599,68.69
282.141,measure,4928.0,2216.0,10.9204,68.75
282.241,measure,4928.0,2248.0,11.0781,68.78
282.341,measure,4928.0,2240.0,11.0387,68.78
282.441,measure,4928.0,2232.0,10.9993,68.62
282.541,measure,4928.0,2224.0,10.9599,68.78
282.641,measure,4928.0,2232.0,10.9993,68.69
282.742,measure,4928.0,2248.0,11.0781,68.62
282.842,measure,4928.0,2240.0,11.0387,68.97
282.942,measure,4928.0,2224.0,10.9599,68.62
283.042,measure,4928.0,2224.0,10.9599,68.50
283.142,measure,4928.0,2248.0,11.0781,68.72
283.242,measure,4928.0,2248.0,11.0781,68.69
283.342,measure,4928.0,2232.0,10.9993,68.59
283.442,measure,4928.0,2224.0,10.9599,68.69
283.543,measure,4928.0,2224.0,10.9599,68.53
283.643,measure,4928.0,2256.0,11.1176,68.84
283.743,measure,4928.0,2248.0,11.0781,68.75
283.843,measure,4928.0,2232.0,10.9993,68.69
283.943,measure,4928.0,2224.0,10.9599,68.78
284.043,measure,4928.0,2224.0,10.9599,68.69
284.143,measure,4928.0,2248.0,11.0781,68.75
284.243,measure,4928.0,2240.0,11.0387,68.88
284.344,measure,4928.0,2232.0,10.9993,68.75
284.444,measure,4928.0,2224.0,10.9599,68.53
284.544,measure,4928.0,2248.0,11.0781,68.97
284.644,measure,4928.0,2248.0,11.0781,68.69
284.744,measure,4928.0,2240.0,11.0387,68.62
284.845,measure,4928.0,2224.0,10.9599,68.62
284.945,measure,4928.0,2216.0,10.9204,68.59
285.045,measure,4928.0,2256.0,11.1176,68.69
285.145,measure,4928.0,2240.0,11.0387,68.69
285.245,measure,4928.0,2232.0,10.9993,68.69
285.345,measure,4928.0,2224.0,10.9599,68.75
285.445,measure,4928.0,2216.0,10.9204,68.62
285.546,measure,4928.0,2248.0,11.0781,68.72
285.646,measure,4928.0,2240.0,11.0387,68.81
285.746,measure,4928.0,2232.0,10.9993,68.81
285.846,measure,4928.0,2224.0,10.9599,68.50
285.946,measure,4928.0,2240.0,11.0387,68.91
286.046,measure,4928.0,2256.0,11.1176,68.91
286.147,measure,4928.0,2240.0,11.0387,68.66
286.247,measure,4928.0,2232.0,10.9993,68.53
286.347,measure,4928.0,2224.0,10.9599,68.62
286.447,measure,4928.0,2248.0,11.0781,68.69
286.547,measure,4928.0,2248.0,11.0781,68.78
286.647,measure,4928.0,2232.0,10.9993,68.69
286.747,measure,4928.0,2224.0,10.9599,68.78
286.848,measure,4928.0,2224.0,10.9599,68.66
286.948,measure,4928.0,2248.0,11.0781,68.72
287.048,measure,4928.0,2248.0,11.0781,68.91
287.148,measure,4928.0,2232.0,10.9993,68.75
287.248,measure,4928.0,2224.0,10.9599,68.72
287.348,measure,4928.0,2216.0,10.9204,68.69
287.448,measure,4928.0,2248.0,11.0781,68.84
287.549,measure,4928.0,2240.0,11.0387,68.72
287.649,measure,4928.0,2232.0,10.9993,69.03
287.749,measure,4928.0,2232.0,10.9993,68.78
287.849,measure,4928.0,2240.0,11.0387,68.47
287.949,measure,4928.0,2256.0,11.1176,68.69
288.050,measure,4928.0,2248.0,11.0781,68.69
288.150,measure,4928.0,2232.0,10.9993,68.62
288.250,measure,4928.0,2232.0,10.9993,68.72
288.350,measure,4928.0,2256.0,11.1176,68.69
288.450,measure,4928.0,2256.0,11.1176,68.72
288.550,measure,4928.0,2240.0,11.0387,68.72
288.650,measure,4928.0,2232.0,10.9993,68.69
288.750,measure,4928.0,2224.0,10.9599,68.78
288.851,measure,4928.0,2256.0,11.1176,68.88
288.951,measure,4928.0,2248.0,11.0781,68.84
289.051,measure,4928.0,2232.0,10.9993,68.94
289.151,measure,4928.0,2224.0,10.9599,68.78
289.251,measure,4928.0,2216.0,10.9204,68.69
289.351,measure,4928.0,2248.0,11.0781,69.09
289.451,measure,4928.0,2240.0,11.0387,68.88
289.552,measure,4928.0,2232.0,10.9993,68.59
289.652,measure,4928.0,2224.0,10.9599,68.50
289.752,measure,4928.0,2232.0,10.9993,68.94
289.852,measure,4928.0,2256.0,11.1176,68.66
289.952,measure,4928.0,2240.0,11.0387,68.75
290.053,measure,4928.0,2232.0,10.9993,68.69
290.153,measure,4928.0,2224.0,10.9599,68.59
290.253,measure,4928.0,2248.0,11.0781,68.84
290.353,measure,4928.0,2256.0,11.1176,68.78
290.453,measure,4928.0,2240.0,11.0387,68.91
290.553,measure,4928.0,2232.0,10.9993,68.78
290.653,measure,4928.0,2224.0,10.9599,68.69
290.754,measure,4928.0,2256.0,11.1176,69.03
290.854,measure,4928.0,2248.0,11.0781,68.94
290.954,measure,4928.0,2240.0,11.0387,68.78
291.054,measure,4928.0,2232.0,10.9993,68.50
291.154,measure,4928.0,2224.0,10.9599,68.69
291.254,measure,4928.0,2256.0,11.1176,68.75
291.354,measure,4928.0,2240.0,11.0387,68.66
291.455,measure,4928.0,2232.0,10.9993,68.78
291.555,measure,4928.0,2232.0,10.9993,68.66
291.655,measure,4928.0,2240.0,11.0387,68.69
291.755,measure,4928.0,2264.0,11.1570,68.78
291.855,measure,4928.0,2248.0,11.0781,68.72
291.955,measure,4928.0,2240.0,11.0387,68.81
292.055,measure,4928.0,2232.0,10.9993,68.56
292.156,measure,4928.0,2256.0,11.1176,68.78
292.256,measure,4928.0,2256.0,11.1176,68.91
292.356,measure,4928.0,2248.0,11.0781,68.78
292.456,measure,4928.0,2232.0,10.9993,69.00
292.556,measure,4928.0,2224.0,10.9599,68.81
292.656,measure,4928.0,2256.0,11.1176,68.81
292.756,measure,4928.0,2248.0,11.0781,68.62
292.857,measure,4928.0,2240.0,11.0387,68.88
292.957,measure,4928.0,2232.0,10.9993,68.56
293.057,measure,4928.0,2224.0,10.9599,68.50
293.157,measure,4928.0,2256.0,11.1176,69.06
293.257,measure,4928.0,2240.0,11.0387,68.66
293.357,measure,4928.0,2232.0,10.9993,68.75
293.458,measure,4928.0,2224.0,10.9599,68.69
293.558,measure,4928.0,2240.0,11.0387,68.75
293.658,measure,4928.0,2256.0,11.1176,68.88
293.758,measure,4928.0,2248.0,11.0781,68.78
293.858,measure,4928.0,2232.0,10.9993,69.00
293.958,measure,4928.0,2232.0,10.9993,68.75
294.058,measure,4928.0,2256.0,11.1176,68.81
294.159,measure,4928.0,2256.0,11.1176,68.69
294.259,measure,4928.0,2240.0,11.0387,68.97
294.359,measure,4928.0,2232.0,10.9993,68.75
294.459,measure,4928.0,2224.0,10.9599,68.50
294.559,measure,4928.0,2256.0,11.1176,68.97
294.659,measure,4928.0,2248.0,11.0781,68.72
294.759,measure,4928.0,2240.0,11.0387,68.69
294.860,measure,4928.0,2232.0,10.9993,68.66
294.960,measure,4928.0,2224.0,10.9599,68.59
295.060,measure,4928.0,2256.0,11.1176,68.69
295.160,measure,4928.0,2240.0,11.0387,68.81
295.260,measure,4928.0,2232.0,10.9993,68.69
295.360,measure,4928.0,2224.0,10.9599,68.78
295.460,measure,4928.0,2240.0,11.0387,68.72
295.561,measure,4928.0,2256.0,11.1176,68.81
295.661,measure,4928.0,2240.0,11.0387,68.88
295.761,measure,4928.0,2232.0,10.9993,68.84
295.861,measure,4928.0,2224.0,10.9599,68.69
295.961,measure,4928.0,2256.0,11.1176,68.97
296.061,measure,4928.0,2248.0,11.0781,68.88
296.161,measure,4928.0,2232.0,10.9993,68.69
296.261,measure,4928.0,2224.0,10.9599,68.97
296.362,measure,4928.0,2224.0,10.9599,68.59
296.462,measure,4928.0,2248.0,11.0781,68.69
296.562,measure,4928.0,2240.0,11.0387,68.72
296.662,measure,4928.0,2232.0,10.9993,68.66
296.762,measure,4928.0,2232.0,10.9993,68.69
296.862,measure,4928.0,2232.0,10.9993,68.69
296.962,measure,4928.0,2256.0,11.1176,68.78
297.062,measure,4928.0,2248.0,11.0781,68.91
297.163,measure,4928.0,2232.0,10.9993,68.78
297.263,measure,4928.0,2224.0,10.9599,68.59
297.363,measure,4928.0,2248.0,11.0781,68.94
297.463,measure,4928.0,2256.0,11.1176,68.84
297.563,measure,4928.0,2232.0,10.9993,68.78
297.663,measure,4928.0,2224.0,10.9599,68.94
297.763,measure,4928.0,2224.0,10.9599,68.69
297.863,measure,4928.0,2256.0,11.1176,68.69
297.964,measure,4928.0,2248.0,11.0781,68.69
298.064,measure,4928.0,2232.0,10.9993,69.00
298.164,measure,4928.0,2224.0,10.9599,68.62
298.264,measure,4928.0,2216.0,10.9204,68.47
298.364,measure,4928.0,2256.0,11.1176,68.72
298.464,measure,4928.0,2240.0,11.0387,68.69
298.564,measure,4928.0,2232.0,10.9993,68.78
298.665,measure,4928.0,2224.0,10.9599,68.72
298.765,measure,4928.0,2240.0,11.0387,68.69
298.865,measure,4928.0,2256.0,11.1176,68.84
298.965,measure,4928.0,2240.0,11.0387,68.88
299.065,measure,4928.0,2224.0,10.9599,68.94
299.165,measure,4928.0,2224.0,10.9599,68.78
299.265,measure,4928.0,2248.0,11.0781,68.84
299.365,measure,4928.0,2240.0,11.0387,69.03
299.466,measure,4928.0,2232.0,10.9993,68.97
299.566,measure,4928.0,2224.0,10.9599,68.78
299.666,measure,4928.0,2224.0,10.9599,68.62
299.766,measure,4928.0,2256.0,11.1176,68.97
299.866,measure,4928.0,2240.0,11.0387,68.75
299.966,measure,4928.0,2232.0,10.9993,68.69
300.066,measure,4928.0,2224.0,10.9599,68.72
300.167,measure,4928.0,2232.0,10.9993,68.59
300.267,measure,4928.0,2256.0,11.1176,68.72
300.367,measure,4928.0,2240.0,11.0387,68.81
300.467,measure,4928.0,2232.0,10.9993,68.69
300.567,measure,4928.0,2224.0,10.9599,68.78
300.667,measure,4928.0,2248.0,11.0781,68.88
300.767,measure,4928.0,2256.0,11.1176,69.03
300.868,measure,4928.0,2240.0,11.0387,68.91
300.968,measure,4928.0,2232.0,10.9993,68.75
301.068,measure,4928.0,2224.0,10.9599,68.66
301.169,measure,4928.0,2256.0,11.1176,69.00
301.269,measure,4928.0,2248.0,11.0781,68.72
301.370,measure,4928.0,2240.0,11.0387,68.66
301.470,measure,4928.0,2232.0,10.9993,68.72
301.570,measure,4928.0,2224.0,10.9599,68.59
301.671,measure,4928.0,2256.0,11.1176,68.84
301.771,measure,4928.0,2248.0,11.0781,68.84
301.871,measure,4928.0,2240.0,11.0387,69.00
301.972,measure,4928.0,2232.0,10.9993,68.84
302.072,measure,4928.0,2232.0,10.9993,68.75
302.172,measure,4928.0,2256.0,11.1176,68.97
302.273,measure,4928.0,2248.0,11.0781,68.84
302.373,measure,4928.0,2240.0,11.0387,68.69
302.473,measure,4928.0,2232.0,10.9993,69.00
302.574,measure,4928.0,2240.0,11.0387,68.69
302.674,measure,4928.0,2264.0,11.1570,68.75
302.774,measure,4928.0,2248.0,11.0781,68.81
302.875,measure,4928.0,2240.0,11.0387,68.75
302.975,measure,4928.0,2240.0,11.0387,68.75
303.075,measure,4928.0,2256.0,11.1176,68.91
303.175,measure,4928.0,2264.0,11.1570,68.88
303.275,measure,4928.0,2240.0,11.0387,68.94
303.375,measure,4928.0,2232.0,10.9993,68.81
303.476,measure,4928.0,2232.0,10.9993,68.97
303.576,measure,4928.0,2256.0,11.1176,69.00
303.676,measure,4928.0,2248.0,11.0781,68.78
303.776,measure,4928.0,2232.0,10.9993,68.69
303.876,measure,4928.0,2224.0,10.9599,68.94
303.977,measure,4928.0,2216.0,10.9204,68.59
304.077,measure,4928.0,2248.0,11.0781,68.78
304.177,measure,4928.0,2240.0,11.0387,68.78
304.277,measure,4928.0,2232.0,10.9993,68.75
304.377,measure,4928.0,2224.0,10.9599,68.81
304.477,measure,4928.0,2232.0,10.9993,68.75
304.578,measure,4928.0,2256.0,11.1176,68.78
304.678,measure,4928.0,2248.0,11.0781,68.91
304.778,measure,4928.0,2240.0,11.0387,68.81
304.878,measure,4928.0,2232.0,10.9993,69.00
304.979,measure,4928.0,2256.0,11.1176,68.88
305.079,measure,4928.0,2264.0,11.1570,68.97
305.179,measure,4928.0,2240.0,11.0387,68.69
305.279,measure,4928.0,2232.0,10.9993,68.91
305.379,measure,4928.0,2232.0,10.9993,68.62
305.479,measure,4928.0,2256.0,11.1176,68.75
305.579,measure,4928.0,2248.0,11.0781,69.03
305.680,measure,4928.0,2232.0,10.9993,68.69
305.780,measure,4928.0,2224.0,10.9599,68.69
305.880,measure,4928.0,2216.0,10.9204,68.66
305.980,measure,4928.0,2248.0,11.0781,68.91
306.080,measure,4928.0,2248.0,11.0781,68.91
306.180,measure,4928.0,2232.0,10.9993,68.81
306.281,measure,4928.0,2232.0,10.9993,68.75
306.381,measure,4928.0,2224.0,10.9599,68.84
306.481,measure,4928.0,2256.0,11.1176,68.97
306.581,measure,4928.0,2240.0,11.0387,69.09
306.681,measure,4928.0,2232.0,10.9993,69.00
306.781,measure,4928.0,2224.0,10.9599,68.84
306.881,measure,4928.0,2240.0,11.0387,68.69
306.982,measure,4928.0,2256.0,11.1176,69.12
307.082,measure,4928.0,2248.0,11.0781,68.97
307.182,measure,4928.0,2240.0,11.0387,68.72
307.282,measure,4928.0,2232.0,10.9993,69.06
307.382,measure,4928.0,2256.0,11.1176,68.81
307.483,measure,4928.0,2256.0,11.1176,68.78
307.583,measure,4928.0,2240.0,11.0387,68.81
307.683,measure,4928.0,2232.0,10.9993,68.75
307.783,measure,4928.0,2224.0,10.9599,68.81
307.884,measure,4928.0,2256.0,11.1176,68.88
307.984,measure,4928.0,2248.0,11.0781,69.09
308.084,measure,4928.0,2232.0,10.9993,68.97
308.184,measure,4928.0,2232.0,10.9993,68.81
308.284,measure,4928.0,2216.0,10.9204,68.59
308.384,measure,4928.0,2256.0,11.1176,69.06
308.484,measure,4928.0,2240.0,11.0387,68.94
308.585,measure,4928.0,2232.0,10.9993,68.69
308.685,measure,4928.0,2224.0,10.9599,69.03
308.785,measure,4928.0,2240.0,11.0387,68.69
308.885,measure,4928.0,2256.0,11.1176,68.84
308.985,measure,4928.0,2248.0,11.0781,68.84
309.085,measure,4928.0,2232.0,10.9993,68.88
309.185,measure,4928.0,2232.0,10.9993,68.91
309.286,measure,4928.0,2248.0,11.0781,68.94
309.386,measure,4928.0,2248.0,11.0781,68.81
309.486,measure,4928.0,2240.0,11.0387,68.94
309.586,measure,4928.0,2232.0,10.9993,68.84
309.687,measure,4928.0,2224.0,10.9599,69.00
309.787,measure,4928.0,2248.0,11.0781,69.06
309.887,measure,4928.0,2240.0,11.0387,68.97
309.988,measure,4928.0,2232.0,10.9993,68.69
310.088,measure,4928.0,2232.0,10.9993,69.00
310.188,measure,4928.0,2224.0,10.9599,68.69
310.288,measure,4928.0,2256.0,11.1176,68.72
310.388,measure,4928.0,2248.0,11.0781,69.16
310.488,measure,4928.0,2240.0,11.0387,68.75
310.589,measure,4928.0,2232.0,10.9993,68.78
310.689,measure,4928.0,2224.0,10.9599,68.72
310.789,measure,4928.0,2256.0,11.1176,68.78
310.889,measure,4928.0,2248.0,11.0781,68.94
310.989,measure,4928.0,2240.0,11.0387,68.84
311.090,measure,4928.0,2232.0,10.9993,68.75
311.190,measure,4928.0,2240.0,11.0387,68.81
311.290,measure,4928.0,2264.0,11.1570,68.94
311.390,measure,4928.0,2248.0,11.0781,68.75
311.490,measure,4928.0,2232.0,10.9993,68.94
311.590,measure,4928.0,2232.0,10.9993,68.88
311.691,measure,4928.0,2248.0,11.0781,68.78
311.791,measure,4928.0,2256.0,11.1176,69.03
311.891,measure,4928.0,2240.0,11.0387,68.75
311.992,measure,4928.0,2232.0,10.9993,68.72
312.092,measure,4928.0,2232.0,10.9993,68.78
312.192,measure,4928.0,2256.0,11.1176,68.78
312.292,measure,4928.0,2248.0,11.0781,68.91
312.392,measure,4928.0,2240.0,11.0387,68.84
312.492,measure,4928.0,2232.0,10.9993,68.75
312.592,measure,4928.0,2224.0,10.9599,68.78
312.693,measure,4928.0,2256.0,11.1176,68.94
312.793,measure,4928.0,2248.0,11.0781,69.03
312.893,measure,4928.0,2232.0,10.9993,69.03
312.993,measure,4928.0,2224.0,10.9599,68.78
313.093,measure,4928.0,2224.0,10.9599,68.66
313.193,measure,4928.0,2248.0,11.0781,69.03
313.294,measure,4928.0,2240.0,11.0387,69.03
313.394,measure,4928.0,2240.0,11.0387,68.72
313.494,measure,4928.0,2232.0,10.9993,69.00
313.594,measure,4928.0,2248.0,11.0781,68.72
313.694,measure,4928.0,2264.0,11.1570,68.75
313.794,measure,4928.0,2248.0,11.0781,68.81
313.894,measure,4928.0,2240.0,11.0387,68.81
313.995,measure,4928.0,2232.0,10.9993,68.88
314.095,measure,4928.0,2256.0,11.1176,68.97
314.195,measure,4928.0,2256.0,11.1176,69.09
314.295,measure,4928.0,2248.0,11.0781,69.06
314.395,measure,4928.0,2232.0,10.9993,68.94
314.496,measure,4928.0,2224.0,10.9599,68.69
314.596,measure,4928.0,2256.0,11.1176,69.12
314.696,measure,4928.0,2248.0,11.0781,68.97
314.796,measure,4928.0,2240.0,11.0387,68.72
314.897,measure,4928.0,2224.0,10.9599,69.03
314.997,measure,4928.0,2224.0,10.9599,68.72
315.097,measure,4928.0,2264.0,11.1570,68.78
315.197,measure,4928.0,2256.0,11.1176,68.84
315.297,measure,4928.0,2248.0,11.0781,68.78
315.397,measure,4920.0,2288.0,11.2570,68.91
315.497,measure,4920.0,2296.0,11.2963,68.81
315.598,measure,4920.0,2352.0,11.5718,69.03
315.698,measure,4920.0,2400.0,11.8080,69.19
315.798,measure,4920.0,2424.0,11.9261,69.12
315.898,measure,4920.0,2384.0,11.7293,69.16
315.998,measure,4920.0,2400.0,11.8080,69.03
316.098,measure,4920.0,2400.0,11.8080,69.06
316.199,measure,4920.0,2408.0,11.8474,69.00
316.299,measure,4920.0,2408.0,11.8474,69.16
316.399,measure,4920.0,2416.0,11.8867,69.06
316.499,measure,4920.0,2472.0,12.1622,69.06
316.599,measure,4920.0,2480.0,12.2016,69.47
316.699,measure,4920.0,2456.0,12.0835,69.06
316.799,measure,4920.0,2400.0,11.8080,68.97
316.900,measure,4920.0,2360.0,11.6112,68.91
317.000,measure,4920.0,2360.0,11.6112,68.97
317.100,measure,4920.0,2328.0,11.4538,68.91
317.200,measure,4920.0,2296.0,11.2963,68.97
317.300,measure,4920.0,2280.0,11.2176,68.91
317.400,measure,4928.0,2272.0,11.1964,68.91
317.500,measure,4920.0,2288.0,11.2570,69.06
317.601,measure,4928.0,2272.0,11.1964,69.22
317.701,measure,4928.0,2256.0,11.1176,69.16
317.801,measure,4928.0,2248.0,11.0781,68.97
317.901,measure,4928.0,2264.0,11.1570,68.84
318.001,measure,4928.0,2264.0,11.1570,69.19
318.102,measure,4928.0,2248.0,11.0781,69.06
318.202,measure,4928.0,2232.0,10.9993,68.78
318.302,measure,4928.0,2232.0,10.9993,68.78
318.402,measure,4928.0,2264.0,11.1570,68.88
318.502,measure,4928.0,2248.0,11.0781,68.81
318.602,measure,4928.0,2240.0,11.0387,69.00
318.702,measure,4928.0,2232.0,10.9993,68.84
318.803,measure,4928.0,2224.0,10.9599,68.78
318.903,measure,4928.0,2256.0,11.1176,69.03
319.003,measure,4928.0,2248.0,11.0781,69.19
319.103,measure,4928.0,2240.0,11.0387,69.12
319.203,measure,4928.0,2224.0,10.9599,68.88
319.303,measure,4928.0,2232.0,10.9993,68.94
319.403,measure,4928.0,2256.0,11.1176,69.19
319.504,measure,4928.0,2240.0,11.0387,69.06
319.604,measure,4928.0,2232.0,10.9993,68.84
319.704,measure,4928.0,2232.0,10.9993,69.12
319.804,measure,4928.0,2248.0,11.0781,69.16
319.905,measure,4928.0,2248.0,11.0781,68.88
320.005,measure,4928.0,2240.0,11.0387,68.84
320.105,measure,4928.0,2232.0,10.9993,68.84
320.205,measure,4928.0,2224.0,10.9599,68.75
320.305,measure,4928.0,2256.0,11.1176,69.00
320.406,measure,4928.0,2248.0,11.0781,69.00
320.506,measure,4928.0,2232.0,10.9993,69.06
320.606,measure,4928.0,2224.0,10.9599,68.84
320.706,measure,4928.0,2224.0,10.9599,68.75
320.806,measure,4928.0,2256.0,11.1176,69.09
320.906,measure,4928.0,2248.0,11.0781,69.16
321.007,measure,4928.0,2232.0,10.9993,68.94
321.107,measure,4928.0,2232.0,10.9993,69.12
321.207,measure,4928.0,2240.0,11.0387,69.00
321.307,measure,4928.0,2256.0,11.1176,68.81
321.407,measure,4928.0,2248.0,11.0781,69.22
321.507,measure,4928.0,2232.0,10.9993,68.94
321.607,measure,4928.0,2224.0,10.9599,68.72
321.708,measure,4928.0,2248.0,11.0781,68.94
321.808,measure,4928.0,2248.0,11.0781,68.94
321.908,measure,4928.0,2240.0,11.0387,68.81
322.008,measure,4928.0,2224.0,10.9599,68.91
322.108,measure,4928.0,2240.0,11.0387,68.84
322.209,measure,4928.0,2264.0,11.1570,69.16
322.309,measure,4928.0,2256.0,11.1176,69.03
322.409,measure,4928.0,2240.0,11.0387,68.94
322.509,measure,4928.0,2232.0,10.9993,69.09
322.609,measure,4928.0,2216.0,10.9204,68.94
322.709,measure,4928.0,2256.0,11.1176,69.06
322.810,measure,4928.0,2248.0,11.0781,69.25
322.910,measure,4928.0,2232.0,10.9993,69.03
323.010,measure,4928.0,2232.0,10.9993,68.81
323.110,measure,4928.0,2240.0,11.0387,68.78
323.210,measure,4928.0,2256.0,11.1176,68.94
323.311,measure,4928.0,2240.0,11.0387,68.91
323.411,measure,4928.0,2232.0,10.9993,68.97
323.511,measure,4928.0,2232.0,10.9993,68.81
323.611,measure,4928.0,2256.0,11.1176,68.91
323.712,measure,4928.0,2256.0,11.1176,69.12
323.812,measure,4928.0,2240.0,11.0387,68.94
323.912,measure,4928.0,2232.0,10.9993,69.09
324.012,measure,4928.0,2232.0,10.9993,68.91
324.112,measure,4928.0,2256.0,11.1176,68.84
324.212,measure,4928.0,2248.0,11.0781,69.28
324.312,measure,4928.0,2240.0,11.0387,69.09
324.413,measure,4928.0,2232.0,10.9993,68.81
324.513,measure,4928.0,2224.0,10.9599,69.06
324.613,measure,4928.0,2256.0,11.1176,69.00
324.713,measure,4928.0,2248.0,11.0781,68.91
324.813,measure,4928.0,2232.0,10.9993,69.00
324.914,measure,4928.0,2232.0,10.9993,68.78
325.014,measure,4928.0,2248.0,11.0781,68.94
325.114,measure,4928.0,2256.0,11.1176,69.03
325.214,measure,4928.0,2240.0,11.0387,68.94
325.315,measure,4928.0,2232.0,10.9993,69.03
325.415,measure,4928.0,2224.0,10.9599,68.91
325.515,measure,4928.0,2256.0,11.1176,69.03
325.615,measure,4928.0,2248.0,11.0781,69.22
325.715,measure,4928.0,2232.0,10.9993,69.06
325.815,measure,4928.0,2224.0,10.9599,68.81
325.915,measure,4928.0,2216.0,10.9204,69.06
326.016,measure,4928.0,2256.0,11.1176,68.91
326.116,measure,4928.0,2248.0,11.0781,68.91
326.216,measure,4928.0,2232.0,10.9993,68.97
326.316,measure,4928.0,2224.0,10.9599,68.84
326.417,measure,4928.0,2224.0,10.9599,68.81
326.517,measure,4928.0,2256.0,11.1176,69.03
326.617,measure,4928.0,2248.0,11.0781,68.91
326.717,measure,4928.0,2240.0,11.0387,69.09
326.817,measure,4928.0,2232.0,10.9993,68.91
326.917,measure,4928.0,2248.0,11.0781,68.97
327.017,measure,4928.0,2256.0,11.1176,69.16
327.118,measure,4928.0,2240.0,11.0387,69.00
327.218,measure,4928.0,2232.0,10.9993,68.97
327.318,measure,4928.0,2224.0,10.9599,69.12
327.419,measure,4928.0,2256.0,11.1176,69.16
327.519,measure,4928.0,2248.0,11.0781,68.84
327.619,measure,4928.0,2240.0,11.0387,69.22
327.720,measure,4928.0,2224.0,10.9599,68.84
327.820,measure,4928.0,2224.0,10.9599,68.72
327.920,measure,4928.0,2256.0,11.1176,69.03
328.020,measure,4928.0,2248.0,11.0781,68.88
328.120,measure,4928.0,2232.0,10.9993,69.00
328.221,measure,4928.0,2232.0,10.9993,68.88
328.321,measure,4928.0,2224.0,10.9599,68.81
328.421,measure,4928.0,2256.0,11.1176,69.16
328.521,measure,4928.0,2240.0,11.0387,69.06
328.621,measure,4928.0,2232.0,10.9993,68.91
328.722,measure,4928.0,2224.0,10.9599,69.09
328.822,measure,4928.0,2240.0,11.0387,69.12
328.922,measure,4928.0,2256.0,11.1176,68.94
329.022,measure,4928.0,2248.0,11.0781,69.19
329.122,measure,4928.0,2232.0,10.9993,68.94
329.222,measure,4928.0,2232.0,10.9993,68.84
329.323,measure,4928.0,2256.0,11.1176,69.06
329.423,measure,4928.0,2256.0,11.1176,68.91
329.523,measure,4928.0,2240.0,11.0387,68.94
329.623,measure,4928.0,2232.0,10.9993,69.00
329.723,measure,4928.0,2224.0,10.9599,68.81
329.824,measure,4928.0,2256.0,11.1176,69.12
329.924,measure,4928.0,2248.0,11.0781,69.09
330.024,measure,4928.0,2240.0,11.0387,69.19
330.124,measure,4928.0,2232.0,10.9993,69.03
330.224,measure,4928.0,2232.0,10.9993,68.91
330.324,measure,4928.0,2256.0,11.1176,69.06
330.424,measure,4928.0,2240.0,11.0387,69.22
330.524,measure,4928.0,2232.0,10.9993,69.06
330.625,measure,4928.0,2224.0,10.9599,68.72
330.725,measure,4928.0,2240.0,11.0387,69.28
330.825,measure,4928.0,2248.0,11.0781,69.00
330.925,measure,4928.0,2232.0,10.9993,68.91
331.026,measure,4928.0,2224.0,10.9599,68.88
331.126,measure,4928.0,2224.0,10.9599,68.94
331.226,measure,4928.0,2256.0,11.1176,69.09
331.326,measure,4928.0,2240.0,11.0387,69.00
331.427,measure,4928.0,2232.0,10.9993,68.91
331.527,measure,4928.0,2232.0,10.9993,69.00
331.627,measure,4928.0,2216.0,10.9204,68.91
331.727,measure,4928.0,2256.0,11.1176,69.31
331.827,measure,4928.0,2240.0,11.0387,69.16
331.928,measure,4928.0,2232.0,10.9993,69.09
332.028,measure,4928.0,2232.0,10.9993,68.78
332.128,measure,4928.0,2240.0,11.0387,69.22
332.228,measure,4928.0,2264.0,11.1570,68.88
332.328,measure,4928.0,2248.0,11.0781,68.94
332.429,measure,4928.0,2232.0,10.9993,68.94
332.529,measure,4928.0,2232.0,10.9993,68.81
332.629,measure,4928.0,2256.0,11.1176,68.97
332.729,measure,4928.0,2256.0,11.1176,68.97
332.830,measure,4928.0,2240.0,11.0387,69.19
332.930,measure,4928.0,2232.0,10.9993,69.03
333.030,measure,4928.0,2224.0,10.9599,68.94
333.130,measure,4928.0,2256.0,11.1176,69.25
333.230,measure,4928.0,2248.0,11.0781,69.16
333.330,measure,4928.0,2240.0,11.0387,69.03
333.430,measure,4928.0,2232.0,10.9993,68.81
333.531,measure,4928.0,2224.0,10.9599,68.97
333.631,measure,4928.0,2256.0,11.1176,69.09
333.731,measure,4928.0,2248.0,11.0781,68.88
333.831,measure,4928.0,2232.0,10.9993,69.28
333.931,measure,4928.0,2224.0,10.9599,68.81
334.032,measure,4928.0,2240.0,11.0387,68.97
334.132,measure,4928.0,2256.0,11.1176,68.97
334.232,measure,4928.0,2240.0,11.0387,69.16
334.332,measure,4928.0,2232.0,10.9993,69.09
334.432,measure,4928.0,2224.0,10.9599,68.88
334.533,measure,4928.0,2256.0,11.1176,68.97
334.633,measure,4928.0,2248.0,11.0781,69.16
334.733,measure,4928.0,2232.0,10.9993,69.03
334.833,measure,4928.0,2224.0,10.9599,69.16
334.933,measure,4928.0,2216.0,10.9204,69.00
335.033,measure,4928.0,2248.0,11.0781,69.16
335.134,measure,4928.0,2240.0,11.0387,68.94
335.234,measure,4928.0,2232.0,10.9993,69.22
335.334,measure,4928.0,2224.0,10.9599,68.91
335.434,measure,4928.0,2224.0,10.9599,68.78
335.534,measure,4928.0,2256.0,11.1176,69.25
335.634,measure,4928.0,2248.0,11.0781,68.97
335.734,measure,4928.0,2232.0,10.9993,68.94
335.835,measure,4928.0,2232.0,10.9993,68.97
335.935,measure,4928.0,2256.0,11.1176,69.00
336.035,measure,4928.0,2264.0,11.1570,69.22
336.135,measure,4928.0,2248.0,11.0781,69.03
336.235,measure,4928.0,2232.0,10.9993,68.97
336.335,measure,4928.0,2224.0,10.9599,69.09
336.435,measure,4928.0,2256.0,11.1176,69.09
336.535,measure,4928.0,2248.0,11.0781,68.91
336.636,measure,4928.0,2232.0,10.9993,69.16
336.736,measure,4928.0,2224.0,10.9599,69.03
336.836,measure,4928.0,2216.0,10.9204,68.69
336.936,measure,4928.0,2256.0,11.1176,69.28
337.036,measure,4928.0,2248.0,11.0781,68.94
337.137,measure,4928.0,2232.0,10.9993,68.88
337.237,measure,4928.0,2232.0,10.9993,68.78
337.337,measure,4928.0,2240.0,11.0387,68.91
337.437,measure,4928.0,2256.0,11.1176,68.94
337.538,measure,4928.0,2240.0,11.0387,69.09
337.638,measure,4928.0,2232.0,10.9993,68.97
337.738,measure,4928.0,2232.0,10.9993,69.06
337.838,measure,4928.0,2256.0,11.1176,69.09
337.939,measure,4928.0,2256.0,11.1176,69.31
338.039,measure,4928.0,2240.0,11.0387,69.12
338.139,measure,4928.0,2232.0,10.9993,68.97
338.239,measure,4928.0,2224.0,10.9599,68.78
338.339,measure,4928.0,2256.0,11.1176,69.19
338.439,measure,4928.0,2248.0,11.0781,69.09
338.539,measure,4928.0,2232.0,10.9993,68.94
338.640,measure,4928.0,2224.0,10.9599,69.16
338.740,measure,4928.0,2224.0,10.9599,68.81
338.840,measure,4928.0,2256.0,11.1176,68.94
338.940,measure,4928.0,2240.0,11.0387,69.06
339.040,measure,4928.0,2232.0,10.9993,68.91
339.140,measure,4928.0,2232.0,10.9993,69.03
339.240,measure,4928.0,2248.0,11.0781,68.97
339.341,measure,4928.0,2256.0,11.1176,68.97
339.441,measure,4928.0,2240.0,11.0387,69.16
339.541,measure,4928.0,2232.0,10.9993,68.97
339.642,measure,4928.0,2224.0,10.9599,68.75
339.742,measure,4928.0,2256.0,11.1176,69.22
339.842,measure,4928.0,2248.0,11.0781,69.06
339.942,measure,4928.0,2240.0,11.0387,68.91
340.042,measure,4928.0,2224.0,10.9599,69.19
340.142,measure,4928.0,2224.0,10.9599,68.81
340.242,measure,4928.0,2256.0,11.1176,68.88
340.342,measure,4928.0,2248.0,11.0781,69.03
340.443,measure,4928.0,2232.0,10.9993,68.97
340.543,measure,4928.0,2224.0,10.9599,68.81
340.643,measure,4928.0,2232.0,10.9993,68.94
340.743,measure,4928.0,2256.0,11.1176,69.03
340.843,measure,4928.0,2240.0,11.0387,69.16
340.943,measure,4928.0,2232.0,10.9993,69.03
341.043,measure,4928.0,2232.0,10.9993,68.91
341.144,measure,4928.0,2248.0,11.0781,69.12
341.244,measure,4928.0,2256.0,11.1176,69.12
341.344,measure,4928.0,2240.0,11.0387,69.03
341.444,measure,4928.0,2232.0,10.9993,69.16
341.544,measure,4928.0,2224.0,10.9599,69.03
341.645,measure,4928.0,2256.0,11.1176,68.94
341.745,measure,4928.0,2248.0,11.0781,69.31
341.845,measure,4928.0,2240.0,11.0387,68.94
341.945,measure,4928.0,2232.0,10.9993,68.81
342.045,measure,4928.0,2216.0,10.9204,68.84
342.145,measure,4928.0,2248.0,11.0781,68.94
342.245,measure,4928.0,2240.0,11.0387,68.88
342.346,measure,4928.0,2232.0,10.9993,69.09
342.446,measure,4928.0,2224.0,10.9599,68.94
342.546,measure,4928.0,2232.0,10.9993,69.06
342.646,measure,4928.0,2256.0,11.1176,69.12
342.746,measure,4928.0,2240.0,11.0387,69.00
342.846,measure,4928.0,2232.0,10.9993,69.16
342.947,measure,4928.0,2232.0,10.9993,69.03
343.047,measure,4928.0,2256.0,11.1176,69.03
343.147,measure,4928.0,2256.0,11.1176,69.28
343.247,measure,4928.0,2240.0,11.0387,69.19
343.347,measure,4928.0,2232.0,10.9993,68.88
343.447,measure,4928.0,2232.0,10.9993,68.75
343.547,measure,4928.0,2256.0,11.1176,69.03
343.648,measure,4928.0,2248.0,11.0781,68.88
343.748,measure,4928.0,2240.0,11.0387,68.91
343.848,measure,4928.0,2232.0,10.9993,68.91
343.948,measure,4928.0,2224.0,10.9599,68.81
344.048,measure,4928.0,2256.0,11.1176,69.12
344.148,measure,4928.0,2240.0,11.0387,69.06
344.248,measure,4928.0,2232.0,10.9993,69.16
344.349,measure,4928.0,2224.0,10.9599,69.03
344.449,measure,4928.0,2240.0,11.0387,69.00
344.549,measure,4928.0,2248.0,11.0781,69.25
344.649,measure,4928.0,2232.0,10.9993,69.16
344.749,measure,4928.0,2224.0,10.9599,68.97
344.849,measure,4928.0,2216.0,10.9204,69.22
344.950,measure,4928.0,2256.0,11.1176,69.12
345.050,measure,4928.0,2248.0,11.0781,68.94
345.150,measure,4928.0,2232.0,10.9993,68.94
345.250,measure,4928.0,2224.0,10.9599,68.91
345.350,measure,4928.0,2216.0,10.9204,68.97
345.451,measure,4928.0,2248.0,11.0781,69.03
345.551,measure,4928.0,2240.0,11.0387,69.03
345.651,measure,4928.0,2232.0,10.9993,69.16
345.752,measure,4928.0,2224.0,10.9599,69.03
345.852,measure,4928.0,2232.0,10.9993,68.91
345.952,measure,4928.0,2256.0,11.1176,69.25
346.052,measure,4928.0,2248.0,11.0781,69.16
346.152,measure,4928.0,2232.0,10.9993,69.03
346.252,measure,4928.0,2232.0,10.9993,69.16
346.353,measure,4928.0,2248.0,11.0781,69.16
346.453,measure,4928.0,2256.0,11.1176,69.00
346.553,measure,4928.0,2240.0,11.0387,68.84
346.653,measure,4928.0,2232.0,10.9993,69.12
346.753,measure,4928.0,2224.0,10.9599,68.78
346.853,measure,4928.0,2256.0,11.1176,68.91
346.954,measure,4928.0,2248.0,11.0781,69.06
347.054,measure,4928.0,2240.0,11.0387,69.00
347.154,measure,4928.0,2232.0,10.9993,69.00
347.254,measure,4928.0,2224.0,10.9599,68.91
347.355,measure,4928.0,2256.0,11.1176,69.19
347.455,measure,4928.0,2240.0,11.0387,69.16
347.555,measure,4928.0,2232.0,10.9993,69.03
347.655,measure,4928.0,2232.0,10.9993,69.12
347.756,measure,4928.0,2240.0,11.0387,69.12
347.856,measure,4928.0,2256.0,11.1176,69.03
347.956,measure,4928.0,2248.0,11.0781,69.34
348.056,measure,4928.0,2232.0,10.9993,68.94
348.157,measure,4928.0,2224.0,10.9599,68.84
348.257,measure,4920.0,2256.0,11.0995,69.00
348.357,measure,4928.0,2256.0,11.1176,69.06
348.457,measure,4928.0,2240.0,11.0387,68.97
348.557,measure,4928.0,2232.0,10.9993,69.06
348.657,measure,4928.0,2224.0,10.9599,69.12
348.758,measure,4928.0,2256.0,11.1176,69.16
348.858,measure,4928.0,2248.0,11.0781,69.09
348.958,measure,4928.0,2240.0,11.0387,69.28
349.058,measure,4928.0,2232.0,10.9993,69.16
349.158,measure,4928.0,2224.0,10.9599,68.97
349.258,measure,4928.0,2256.0,11.1176,69.09
349.358,measure,4928.0,2248.0,11.0781,69.25
349.459,measure,4928.0,2232.0,10.9993,69.19
349.559,measure,4928.0,2232.0,10.9993,68.91
349.659,measure,4928.0,2256.0,11.1176,69.38
349.759,measure,4928.0,2256.0,11.1176,69.25
349.859,measure,4928.0,2240.0,11.0387,69.00
349.959,measure,4928.0,2232.0,10.9993,68.91
350.059,measure,4928.0,2224.0,10.9599,68.94
350.160,measure,4928.0,2256.0,11.1176,68.94
350.260,measure,4928.0,2248.0,11.0781,69.16
350.360,measure,4928.0,2240.0,11.0387,69.06
350.460,measure,4928.0,2232.0,10.9993,69.16
350.561,measure,4928.0,2224.0,10.9599,68.97
350.661,measure,4928.0,2256.0,11.1176,69.06
350.761,measure,4928.0,2240.0,11.0387,69.22
350.861,measure,4928.0,2232.0,10.9993,69.09
350.961,measure,4928.0,2224.0,10.9599,68.78
351.062,measure,4928.0,2240.0,11.0387,69.28
351.162,measure,4928.0,2264.0,11.1570,69.22
351.262,measure,4928.0,2248.0,11.0781,69.03
351.362,measure,4928.0,2240.0,11.0387,69.03
351.462,measure,4928.0,2232.0,10.9993,68.88
351.562,measure,4928.0,2256.0,11.1176,69.06
351.662,measure,4928.0,2256.0,11.1176,69.03
351.763,measure,4928.0,2240.0,11.0387,69.00
351.863,measure,4928.0,2232.0,10.9993,68.97
351.963,measure,4928.0,2224.0,10.9599,69.00
352.063,measure,4928.0,2256.0,11.1176,69.06
352.164,measure,4928.0,2248.0,11.0781,69.25
352.264,measure,4928.0,2232.0,10.9993,69.12
352.364,measure,4928.0,2224.0,10.9599,69.06
352.464,measure,4928.0,2216.0,10.9204,69.06
352.564,measure,4928.0,2248.0,11.0781,69.19
352.665,measure,4928.0,2240.0,11.0387,69.00
352.765,measure,4928.0,2232.0,10.9993,69.00
352.865,measure,4928.0,2224.0,10.9599,68.97
352.966,measure,4928.0,2232.0,10.9993,69.09
353.066,measure,4928.0,2248.0,11.0781,69.09
353.166,measure,4928.0,2240.0,11.0387,69.03
353.266,measure,4928.0,2232.0,10.9993,69.16
353.366,measure,4928.0,2224.0,10.9599,68.97
353.466,measure,4920.0,2256.0,11.0995,69.03
353.566,measure,4928.0,2248.0,11.0781,69.22
353.667,measure,4928.0,2232.0,10.9993,69.12
353.767,measure,4928.0,2224.0,10.9599,68.94
353.868,measure,4928.0,2216.0,10.9204,69.12
353.968,measure,4928.0,2248.0,11.0781,69.09
354.068,measure,4928.0,2248.0,11.0781,69.00
354.168,measure,4928.0,2232.0,10.9993,69.22
354.268,measure,4928.0,2224.0,10.9599,68.97
354.368,measure,4928.0,2224.0,10.9599,68.84
354.469,measure,4928.0,2256.0,11.1176,69.03
354.569,measure,4928.0,2248.0,11.0781,69.03
354.670,measure,4928.0,2232.0,10.9993,69.12
354.770,measure,4928.0,2232.0,10.9993,69.00
354.870,measure,4928.0,2240.0,11.0387,69.19
354.971,measure,4928.0,2256.0,11.1176,69.16
355.071,measure,4928.0,2240.0,11.0387,69.06
355.171,measure,4928.0,2232.0,10.9993,69.38
355.271,measure,4928.0,2232.0,10.9993,69.09
355.372,measure,4928.0,2256.0,11.1176,69.06
355.472,measure,4928.0,2248.0,11.0781,68.94
355.572,measure,4928.0,2232.0,10.9993,69.22
355.672,measure,4928.0,2224.0,10.9599,68.91
355.772,measure,4928.0,2216.0,10.9204,68.75
355.873,measure,4928.0,2256.0,11.1176,69.06
355.973,measure,4928.0,2248.0,11.0781,69.06
356.074,measure,4928.0,2232.0,10.9993,69.03
356.174,measure,4928.0,2224.0,10.9599,69.00
356.274,measure,4928.0,2232.0,10.9993,69.09
356.374,measure,4928.0,2256.0,11.1176,69.22
356.475,measure,4928.0,2248.0,11.0781,69.09
356.575,measure,4928.0,2232.0,10.9993,69.25
356.675,measure,4928.0,2232.0,10.9993,69.06
356.775,measure,4928.0,2248.0,11.0781,68.94
356.875,measure,4928.0,2256.0,11.1176,68.97
356.975,measure,4928.0,2248.0,11.0781,69.25
357.075,measure,4928.0,2240.0,11.0387,68.94
357.176,measure,4928.0,2232.0,10.9993,68.97
357.276,measure,4928.0,2264.0,11.1570,69.00
357.376,measure,4928.0,2256.0,11.1176,69.09
357.476,measure,4928.0,2240.0,11.0387,69.12
357.577,measure,4928.0,2232.0,10.9993,68.97
357.677,measure,4928.0,2224.0,10.9599,69.06
357.777,measure,4928.0,2256.0,11.1176,69.16
357.878,measure,4928.0,2248.0,11.0781,69.00
357.978,measure,4928.0,2232.0,10.9993,69.22
358.078,measure,4928.0,2232.0,10.9993,69.12
358.179,measure,4928.0,2224.0,10.9599,68.84
358.279,measure,4928.0,2256.0,11.1176,69.38
358.379,measure,4928.0,2240.0,11.0387,69.03
358.479,measure,4928.0,2232.0,10.9993,68.97
358.579,measure,4928.0,2232.0,10.9993,69.03
358.679,measure,4928.0,2248.0,11.0781,69.03
358.780,measure,4928.0,2256.0,11.1176,69.03
358.880,measure,4928.0,2248.0,11.0781,69.12
358.980,measure,4928.0,2240.0,11.0387,69.00
359.080,measure,4928.0,2232.0,10.9993,69.06
359.180,measure,4928.0,2256.0,11.1176,69.19
359.280,measure,4928.0,2256.0,11.1176,69.06
359.381,measure,4928.0,2240.0,11.0387,69.19
359.481,measure,4928.0,2224.0,10.9599,69.09
359.581,measure,4928.0,2216.0,10.9204,68.88
359.682,measure,4928.0,2256.0,11.1176,69.31
359.782,measure,4928.0,2240.0,11.0387,69.06
359.882,measure,4928.0,2232.0,10.9993,69.00
359.983,measure,4928.0,2224.0,10.9599,69.28
360.083,measure,4928.0,2224.0,10.9599,68.84
360.183,measure,4928.0,2256.0,11.1176,69.16
360.283,measure,4928.0,2248.0,11.0781,69.16
