t_rel_s,phase,mv,ma,watt,temp_max_c
0.000,warmup,4976.0,1144.0,5.6925,60.09
0.100,warmup,4976.0,1112.0,5.5333,60.06
0.200,warmup,4976.0,1072.0,5.3343,60.00
0.300,warmup,4984.0,1032.0,5.1435,59.97
0.401,warmup,4976.0,1128.0,5.6129,59.97
0.501,warmup,4968.0,1272.0,6.3193,59.97
0.601,warmup,4968.0,1312.0,6.5180,59.91
0.701,warmup,4968.0,1416.0,7.0347,60.16
0.801,warmup,4960.0,1488.0,7.3805,60.09
0.901,warmup,4960.0,1504.0,7.4598,60.06
1.001,warmup,4960.0,1560.0,7.7376,60.00
1.102,warmup,4960.0,1576.0,7.8170,60.03
1.202,warmup,4952.0,1600.0,7.9232,60.06
1.302,warmup,4952.0,1616.0,8.0024,60.03
1.402,warmup,4952.0,1616.0,8.0024,59.94
1.503,warmup,4952.0,1664.0,8.2401,60.09
1.603,warmup,4952.0,1688.0,8.3590,60.31
1.703,warmup,4952.0,1696.0,8.3986,60.12
1.803,warmup,4952.0,1688.0,8.3590,60.16
1.903,warmup,4952.0,1720.0,8.5174,60.06
2.003,warmup,4952.0,1736.0,8.5967,60.03
2.103,warmup,4952.0,1744.0,8.6363,60.12
2.203,warmup,4952.0,1736.0,8.5967,60.06
2.304,warmup,4952.0,1736.0,8.5967,60.03
2.404,warmup,4952.0,1760.0,8.7155,60.16
2.504,warmup,4952.0,1752.0,8.6759,60.16
2.604,warmup,4952.0,1744.0,8.6363,60.28
2.704,warmup,4952.0,1736.0,8.5967,60.19
2.804,warmup,4952.0,1760.0,8.7155,60.19
2.904,warmup,4952.0,1768.0,8.7551,60.22
3.004,warmup,4952.0,1760.0,8.7155,60.34
3.105,warmup,4952.0,1744.0,8.6363,60.22
3.205,warmup,4952.0,1752.0,8.6759,60.22
3.305,warmup,4952.0,1776.0,8.7948,60.44
3.405,warmup,4952.0,1768.0,8.7551,60.16
3.505,warmup,4952.0,1760.0,8.7155,60.34
3.605,warmup,4952.0,1752.0,8.6759,60.22
3.705,warmup,4952.0,1768.0,8.7551,60.31
3.806,warmup,4952.0,1776.0,8.7948,60.22
3.906,warmup,4952.0,1768.0,8.7551,60.25
4.006,warmup,4952.0,1752.0,8.6759,60.16
4.106,warmup,4952.0,1760.0,8.7155,60.28
4.206,warmup,4952.0,1776.0,8.7948,60.31
4.306,warmup,4952.0,1768.0,8.7551,60.59
4.406,warmup,4952.0,1760.0,8.7155,60.44
4.507,warmup,4952.0,1752.0,8.6759,60.34
4.607,warmup,4952.0,1776.0,8.7948,60.38
4.707,warmup,4952.0,1776.0,8.7948,60.53
4.807,warmup,4952.0,1768.0,8.7551,60.41
4.907,warmup,4952.0,1752.0,8.6759,60.31
5.007,warmup,4952.0,1768.0,8.7551,60.53
5.108,warmup,4944.0,1776.0,8.7805,60.34
5.208,warmup,4952.0,1768.0,8.7551,60.31
5.308,warmup,4952.0,1760.0,8.7155,60.38
5.408,warmup,4952.0,1760.0,8.7155,60.38
5.508,warmup,4952.0,1776.0,8.7948,60.44
5.608,warmup,4952.0,1768.0,8.7551,60.50
5.708,warmup,4952.0,1768.0,8.7551,60.31
5.809,warmup,4952.0,1744.0,8.6363,60.28
5.909,warmup,4952.0,1768.0,8.7551,60.44
6.009,warmup,4944.0,1776.0,8.7805,60.44
6.109,warmup,4952.0,1768.0,8.7551,60.62
6.209,warmup,4952.0,1752.0,8.6759,60.44
6.309,warmup,4952.0,1760.0,8.7155,60.44
6.409,warmup,4944.0,1776.0,8.7805,60.69
6.509,warmup,4952.0,1768.0,8.7551,60.56
6.610,warmup,4952.0,1760.0,8.7155,60.38
6.710,warmup,4952.0,1752.0,8.6759,60.38
6.810,warmup,4952.0,1768.0,8.7551,60.38
6.910,warmup,4952.0,1768.0,8.7551,60.41
7.010,warmup,4952.0,1760.0,8.7155,60.50
7.110,warmup,4952.0,1744.0,8.6363,60.53
7.210,warmup,4952.0,1760.0,8.7155,60.44
7.311,warmup,4952.0,1776.0,8.7948,60.62
7.411,warmup,4952.0,1768.0,8.7551,60.53
7.511,warmup,4952.0,1760.0,8.7155,60.50
7.611,warmup,4952.0,1752.0,8.6759,60.44
7.712,warmup,4944.0,1768.0,8.7410,60.56
7.812,warmup,4944.0,1776.0,8.7805,60.81
7.912,warmup,4952.0,1768.0,8.7551,60.56
8.012,warmup,4952.0,1752.0,8.6759,60.62
8.112,warmup,4952.0,1760.0,8.7155,60.75
8.212,warmup,4944.0,1768.0,8.7410,60.72
8.313,warmup,4952.0,1768.0,8.7551,60.53
8.413,warmup,4952.0,1760.0,8.7155,60.53
8.513,warmup,4952.0,1752.0,8.6759,60.47
8.613,warmup,4944.0,1776.0,8.7805,60.62
8.713,warmup,4952.0,1776.0,8.7948,60.66
8.813,warmup,4952.0,1768.0,8.7551,60.53
8.913,warmup,4952.0,1752.0,8.6759,60.69
9.014,warmup,4952.0,1768.0,8.7551,60.62
9.114,warmup,4952.0,1776.0,8.7948,60.59
9.214,warmup,4952.0,1768.0,8.7551,60.78
9.314,warmup,4952.0,1752.0,8.6759,60.62
9.414,warmup,4952.0,1760.0,8.7155,60.56
9.514,warmup,4952.0,1776.0,8.7948,60.91
9.614,warmup,4944.0,1768.0,8.7410,60.69
9.714,warmup,4952.0,1760.0,8.7155,60.53
9.815,warmup,4952.0,1752.0,8.6759,60.81
9.915,warmup,4944.0,1768.0,8.7410,60.69
10.015,warmup,4944.0,1768.0,8.7410,60.69
10.115,warmup,4944.0,1760.0,8.7014,60.59
10.215,warmup,4952.0,1744.0,8.6363,60.59
10.315,warmup,4944.0,1768.0,8.7410,60.59
10.415,warmup,4944.0,1776.0,8.7805,60.62
10.515,warmup,4952.0,1768.0,8.7551,60.66
10.616,warmup,4952.0,1752.0,8.6759,60.50
10.716,warmup,4952.0,1760.0,8.7155,60.72
10.816,warmup,4944.0,1776.0,8.7805,60.78
10.916,warmup,4952.0,1768.0,8.7551,61.00
11.016,warmup,4952.0,1760.0,8.7155,60.72
11.116,warmup,4952.0,1752.0,8.6759,60.66
11.217,warmup,4952.0,1768.0,8.7551,61.00
11.317,warmup,4952.0,1768.0,8.7551,60.91
11.417,warmup,4952.0,1768.0,8.7551,60.72
11.517,warmup,4952.0,1744.0,8.6363,60.53
11.617,warmup,4952.0,1760.0,8.7155,60.94
11.717,warmup,4952.0,1768.0,8.7551,60.81
11.817,warmup,4952.0,1768.0,8.7551,60.88
11.918,warmup,4952.0,1752.0,8.6759,60.69
12.018,warmup,4952.0,1752.0,8.6759,60.72
12.118,warmup,4944.0,1776.0,8.7805,60.88
12.218,warmup,4952.0,1768.0,8.7551,60.84
12.318,warmup,4952.0,1760.0,8.7155,60.62
12.418,warmup,4952.0,1744.0,8.6363,60.66
12.518,warmup,4944.0,1768.0,8.7410,60.88
12.618,warmup,4944.0,1776.0,8.7805,61.09
12.719,warmup,4944.0,1768.0,8.7410,60.88
12.819,warmup,4952.0,1752.0,8.6759,60.75
12.919,warmup,4952.0,1768.0,8.7551,61.03
13.019,warmup,4944.0,1784.0,8.8201,61.03
13.119,warmup,4952.0,1776.0,8.7948,60.88
13.219,warmup,4952.0,1760.0,8.7155,60.69
13.319,warmup,4952.0,1760.0,8.7155,60.91
13.419,warmup,4952.0,1776.0,8.7948,60.84
13.520,warmup,4952.0,1776.0,8.7948,60.94
13.620,warmup,4952.0,1768.0,8.7551,61.00
13.720,warmup,4952.0,1752.0,8.6759,60.88
13.820,warmup,4952.0,1768.0,8.7551,60.78
13.920,warmup,4952.0,1776.0,8.7948,60.97
14.020,warmup,4952.0,1768.0,8.7551,60.81
14.120,warmup,4952.0,1752.0,8.6759,60.88
14.220,warmup,4952.0,1768.0,8.7551,60.84
14.321,warmup,4952.0,1776.0,8.7948,61.00
14.421,warmup,4952.0,1768.0,8.7551,61.06
14.521,warmup,4952.0,1760.0,8.7155,60.94
14.621,warmup,4952.0,1752.0,8.6759,60.84
14.721,warmup,4944.0,1776.0,8.7805,61.16
14.821,warmup,4952.0,1768.0,8.7551,61.06
14.921,warmup,4952.0,1760.0,8.7155,60.81
15.021,warmup,4952.0,1744.0,8.6363,60.97
15.122,warmup,4952.0,1768.0,8.7551,61.16
15.222,warmup,4952.0,1768.0,8.7551,60.94
15.322,warmup,4952.0,1768.0,8.7551,61.09
15.422,warmup,4952.0,1744.0,8.6363,61.06
15.522,warmup,4952.0,1760.0,8.7155,60.88
15.622,warmup,4944.0,1776.0,8.7805,61.16
15.722,warmup,4952.0,1768.0,8.7551,60.94
15.822,warmup,4952.0,1760.0,8.7155,60.88
15.923,warmup,4952.0,1752.0,8.6759,60.91
16.023,warmup,4944.0,1776.0,8.7805,61.28
16.123,warmup,4952.0,1768.0,8.7551,61.22
16.223,warmup,4952.0,1760.0,8.7155,61.00
16.323,warmup,4952.0,1752.0,8.6759,61.00
16.423,warmup,4952.0,1776.0,8.7948,61.28
16.523,warmup,4952.0,1776.0,8.7948,61.19
16.623,warmup,4952.0,1768.0,8.7551,60.94
16.724,warmup,4952.0,1752.0,8.6759,61.12
16.824,warmup,4952.0,1768.0,8.7551,61.25
16.924,warmup,4952.0,1776.0,8.7948,61.00
17.024,warmup,4952.0,1776.0,8.7948,60.94
17.124,warmup,4952.0,1760.0,8.7155,60.94
17.225,warmup,4952.0,1752.0,8.6759,61.06
17.325,warmup,4952.0,1776.0,8.7948,61.12
17.425,warmup,4952.0,1768.0,8.7551,61.06
17.525,warmup,4952.0,1760.0,8.7155,61.03
17.625,warmup,4952.0,1744.0,8.6363,60.97
17.725,warmup,4952.0,1768.0,8.7551,61.09
17.825,warmup,4952.0,1768.0,8.7551,61.28
17.925,warmup,4952.0,1760.0,8.7155,61.19
18.026,warmup,4952.0,1752.0,8.6759,61.03
18.126,warmup,4952.0,1760.0,8.7155,61.34
18.226,warmup,4952.0,1776.0,8.7948,61.31
18.326,warmup,4952.0,1768.0,8.7551,61.22
18.426,warmup,4952.0,1760.0,8.7155,61.06
18.526,warmup,4952.0,1752.0,8.6759,61.19
18.626,warmup,4944.0,1768.0,8.7410,61.03
18.726,warmup,4944.0,1776.0,8.7805,61.09
18.827,warmup,4944.0,1768.0,8.7410,61.41
18.927,warmup,4952.0,1752.0,8.6759,60.94
19.027,warmup,4952.0,1768.0,8.7551,61.19
19.127,warmup,4944.0,1784.0,8.8201,61.31
19.227,warmup,4944.0,1776.0,8.7805,61.22
19.327,warmup,4952.0,1760.0,8.7155,61.22
19.427,warmup,4952.0,1752.0,8.6759,61.09
19.528,warmup,4944.0,1776.0,8.7805,61.41
19.628,warmup,4944.0,1776.0,8.7805,61.41
19.728,warmup,4944.0,1768.0,8.7410,61.22
19.828,warmup,4952.0,1752.0,8.6759,61.41
19.928,warmup,4944.0,1768.0,8.7410,61.38
20.028,warmup,4944.0,1776.0,8.7805,61.34
20.128,warmup,4944.0,1768.0,8.7410,61.12
20.228,warmup,4952.0,1760.0,8.7155,61.41
20.329,warmup,4952.0,1760.0,8.7155,61.12
20.429,warmup,4944.0,1776.0,8.7805,61.28
20.529,warmup,4944.0,1776.0,8.7805,61.56
20.629,warmup,4944.0,1768.0,8.7410,61.19
20.729,warmup,4952.0,1752.0,8.6759,61.09
20.829,warmup,4944.0,1768.0,8.7410,61.28
20.929,warmup,4944.0,1776.0,8.7805,61.28
21.030,warmup,4952.0,1768.0,8.7551,61.41
21.130,warmup,4952.0,1752.0,8.6759,61.25
21.230,warmup,4952.0,1760.0,8.7155,61.25
21.330,warmup,4944.0,1776.0,8.7805,61.56
21.430,warmup,4944.0,1776.0,8.7805,61.41
21.530,warmup,4952.0,1768.0,8.7551,61.19
21.630,warmup,4952.0,1752.0,8.6759,61.34
21.731,warmup,4944.0,1776.0,8.7805,61.28
21.831,warmup,4952.0,1768.0,8.7551,61.28
21.931,warmup,4952.0,1760.0,8.7155,61.47
22.031,warmup,4952.0,1752.0,8.6759,61.34
22.131,warmup,4952.0,1776.0,8.7948,61.25
22.231,warmup,4944.0,1776.0,8.7805,61.31
22.331,warmup,4952.0,1776.0,8.7948,61.25
22.431,warmup,4952.0,1760.0,8.7155,61.22
22.532,warmup,4952.0,1760.0,8.7155,61.34
22.632,warmup,4944.0,1784.0,8.8201,61.44
22.732,warmup,4944.0,1776.0,8.7805,61.44
22.832,warmup,4944.0,1768.0,8.7410,61.38
22.932,warmup,4952.0,1752.0,8.6759,61.28
23.033,warmup,4944.0,1768.0,8.7410,61.53
23.133,warmup,4944.0,1768.0,8.7410,61.41
23.233,warmup,4944.0,1768.0,8.7410,61.31
23.333,warmup,4952.0,1752.0,8.6759,61.47
23.433,warmup,4944.0,1768.0,8.7410,61.44
23.533,warmup,4944.0,1776.0,8.7805,61.44
23.633,warmup,4952.0,1768.0,8.7551,61.69
23.733,warmup,4952.0,1760.0,8.7155,61.38
23.834,warmup,4952.0,1752.0,8.6759,61.31
23.934,warmup,4952.0,1776.0,8.7948,61.47
24.034,warmup,4952.0,1768.0,8.7551,61.47
24.134,warmup,4952.0,1760.0,8.7155,61.38
24.234,warmup,4952.0,1752.0,8.6759,61.28
24.334,warmup,4952.0,1768.0,8.7551,61.47
24.434,warmup,4944.0,1776.0,8.7805,61.47
24.535,warmup,4952.0,1768.0,8.7551,61.50
24.635,warmup,4952.0,1752.0,8.6759,61.38
24.735,warmup,4952.0,1768.0,8.7551,61.59
24.835,warmup,4952.0,1784.0,8.8344,61.59
24.935,warmup,4952.0,1776.0,8.7948,61.50
25.035,warmup,4952.0,1760.0,8.7155,61.62
25.135,warmup,4952.0,1760.0,8.7155,61.50
25.235,warmup,4944.0,1776.0,8.7805,61.41
25.336,warmup,4952.0,1776.0,8.7948,61.50
25.436,warmup,4952.0,1768.0,8.7551,61.62
25.536,warmup,4952.0,1752.0,8.6759,61.47
25.636,warmup,4944.0,1768.0,8.7410,61.44
25.736,warmup,4944.0,1784.0,8.8201,61.50
25.836,warmup,4944.0,1776.0,8.7805,61.47
25.936,warmup,4952.0,1760.0,8.7155,61.41
26.037,warmup,4952.0,1760.0,8.7155,61.44
26.137,warmup,4952.0,1776.0,8.7948,61.56
26.237,warmup,4944.0,1768.0,8.7410,61.62
26.337,warmup,4952.0,1760.0,8.7155,61.50
26.437,warmup,4952.0,1752.0,8.6759,61.56
26.537,warmup,4944.0,1776.0,8.7805,61.59
26.637,warmup,4944.0,1776.0,8.7805,61.56
26.737,warmup,4944.0,1768.0,8.7410,61.84
26.838,warmup,4952.0,1760.0,8.7155,61.62
26.938,warmup,4952.0,1768.0,8.7551,61.59
27.038,warmup,4944.0,1784.0,8.8201,61.47
27.138,warmup,4944.0,1776.0,8.7805,61.81
27.238,warmup,4952.0,1760.0,8.7155,61.53
27.338,warmup,4952.0,1760.0,8.7155,61.56
27.438,warmup,4944.0,1784.0,8.8201,61.62
27.539,warmup,4952.0,1776.0,8.7948,61.50
27.639,warmup,4952.0,1768.0,8.7551,61.59
27.739,warmup,4952.0,1752.0,8.6759,61.53
27.839,warmup,4952.0,1768.0,8.7551,61.53
27.939,warmup,4944.0,1776.0,8.7805,61.72
28.039,warmup,4952.0,1768.0,8.7551,61.59
28.139,warmup,4952.0,1752.0,8.6759,61.72
28.240,warmup,4952.0,1760.0,8.7155,61.66
28.340,warmup,4944.0,1776.0,8.7805,61.75
28.440,warmup,4944.0,1768.0,8.7410,62.00
28.540,warmup,4952.0,1760.0,8.7155,61.78
28.640,warmup,4952.0,1752.0,8.6759,61.59
28.740,warmup,4944.0,1776.0,8.7805,61.50
28.840,warmup,4952.0,1768.0,8.7551,61.91
28.941,warmup,4952.0,1760.0,8.7155,61.59
29.041,warmup,4952.0,1752.0,8.6759,61.62
29.141,warmup,4952.0,1768.0,8.7551,61.72
29.241,warmup,4944.0,1776.0,8.7805,61.69
29.341,warmup,4952.0,1768.0,8.7551,61.59
29.441,warmup,4952.0,1752.0,8.6759,61.62
29.541,warmup,4952.0,1760.0,8.7155,61.56
29.641,warmup,4944.0,1776.0,8.7805,61.88
29.742,warmup,4944.0,1768.0,8.7410,61.72
29.842,warmup,4952.0,1760.0,8.7155,61.53
29.942,warmup,4952.0,1752.0,8.6759,61.72
30.042,warmup,4952.0,1776.0,8.7948,61.78
30.142,warmup,4944.0,1776.0,8.7805,61.69
30.242,warmup,4952.0,1768.0,8.7551,61.84
30.342,warmup,4952.0,1752.0,8.6759,61.72
30.443,warmup,4952.0,1768.0,8.7551,61.59
30.543,warmup,4944.0,1784.0,8.8201,62.09
30.643,warmup,4944.0,1776.0,8.7805,61.72
30.743,warmup,4952.0,1760.0,8.7155,61.59
30.843,warmup,4952.0,1760.0,8.7155,61.53
30.943,warmup,4944.0,1776.0,8.7805,61.81
31.043,warmup,4944.0,1768.0,8.7410,61.75
31.144,warmup,4952.0,1768.0,8.7551,61.78
31.244,warmup,4952.0,1752.0,8.6759,61.59
31.344,warmup,4952.0,1776.0,8.7948,61.84
31.444,warmup,4944.0,1776.0,8.7805,61.84
31.544,warmup,4952.0,1768.0,8.7551,61.75
31.644,warmup,4952.0,1752.0,8.6759,61.81
31.744,warmup,4952.0,1768.0,8.7551,61.78
31.845,warmup,4944.0,1784.0,8.8201,61.78
31.945,warmup,4944.0,1776.0,8.7805,62.06
32.045,warmup,4952.0,1760.0,8.7155,61.81
32.145,warmup,4952.0,1752.0,8.6759,61.66
32.246,warmup,4944.0,1768.0,8.7410,62.19
32.346,warmup,4944.0,1768.0,8.7410,61.78
32.446,warmup,4944.0,1768.0,8.7410,61.66
32.546,warmup,4952.0,1744.0,8.6363,61.75
32.646,warmup,4944.0,1760.0,8.7014,61.81
32.746,warmup,4944.0,1776.0,8.7805,61.81
32.847,warmup,4944.0,1768.0,8.7410,61.84
32.947,warmup,4952.0,1752.0,8.6759,61.78
33.047,warmup,4952.0,1752.0,8.6759,61.88
33.147,warmup,4944.0,1776.0,8.7805,61.94
33.247,warmup,4952.0,1768.0,8.7551,61.81
33.347,warmup,4952.0,1760.0,8.7155,61.97
33.447,warmup,4952.0,1744.0,8.6363,61.88
33.548,warmup,4952.0,1768.0,8.7551,61.88
33.648,warmup,4944.0,1768.0,8.7410,62.12
33.748,warmup,4952.0,1768.0,8.7551,61.94
33.848,warmup,4952.0,1752.0,8.6759,61.84
33.948,warmup,4952.0,1768.0,8.7551,61.72
34.048,warmup,4944.0,1784.0,8.8201,61.91
34.148,warmup,4952.0,1776.0,8.7948,61.81
34.248,warmup,4952.0,1768.0,8.7551,61.88
34.349,warmup,4952.0,1760.0,8.7155,61.75
34.449,warmup,4944.0,1776.0,8.7805,61.97
34.549,warmup,4944.0,1768.0,8.7410,61.97
34.649,warmup,4944.0,1768.0,8.7410,61.88
34.749,warmup,4952.0,1752.0,8.6759,61.91
34.849,warmup,4944.0,1768.0,8.7410,61.88
34.949,warmup,4944.0,1776.0,8.7805,61.94
35.050,warmup,4952.0,1768.0,8.7551,62.16
35.150,warmup,4952.0,1752.0,8.6759,61.88
35.250,warmup,4952.0,1760.0,8.7155,61.97
35.350,warmup,4944.0,1776.0,8.7805,62.28
35.450,warmup,4944.0,1768.0,8.7410,62.16
35.550,warmup,4952.0,1760.0,8.7155,61.97
35.650,warmup,4952.0,1760.0,8.7155,61.91
35.751,warmup,4952.0,1776.0,8.7948,61.97
35.851,warmup,4952.0,1776.0,8.7948,61.91
35.951,warmup,4952.0,1768.0,8.7551,62.00
36.051,warmup,4952.0,1752.0,8.6759,61.84
36.151,warmup,4944.0,1768.0,8.7410,61.91
36.251,warmup,4944.0,1776.0,8.7805,62.09
36.351,warmup,4952.0,1768.0,8.7551,62.00
36.451,warmup,4952.0,1752.0,8.6759,62.09
36.552,warmup,4952.0,1768.0,8.7551,61.97
36.652,warmup,4952.0,1784.0,8.8344,62.03
36.752,warmup,4952.0,1776.0,8.7948,62.16
36.852,warmup,4952.0,1760.0,8.7155,62.03
36.952,warmup,4952.0,1760.0,8.7155,62.00
37.052,warmup,4944.0,1776.0,8.7805,61.91
37.152,warmup,4944.0,1776.0,8.7805,62.28
37.252,warmup,4944.0,1768.0,8.7410,62.06
37.353,warmup,4952.0,1752.0,8.6759,62.03
37.453,warmup,4944.0,1768.0,8.7410,62.28
37.553,warmup,4944.0,1776.0,8.7805,62.03
37.653,warmup,4944.0,1776.0,8.7805,61.91
37.753,warmup,4952.0,1760.0,8.7155,61.94
37.853,warmup,4952.0,1768.0,8.7551,61.91
37.953,warmup,4944.0,1784.0,8.8201,62.00
38.053,warmup,4952.0,1776.0,8.7948,62.09
38.154,warmup,4952.0,1760.0,8.7155,62.16
38.254,warmup,4952.0,1752.0,8.6759,62.12
38.355,warmup,4944.0,1776.0,8.7805,62.16
38.455,warmup,4944.0,1776.0,8.7805,62.34
38.555,warmup,4944.0,1768.0,8.7410,62.09
38.655,warmup,4952.0,1752.0,8.6759,62.00
38.755,warmup,4944.0,1760.0,8.7014,61.91
38.855,warmup,4944.0,1768.0,8.7410,62.28
38.956,warmup,4944.0,1776.0,8.7805,62.00
39.056,warmup,4944.0,1768.0,8.7410,61.91
39.156,warmup,4944.0,1768.0,8.7410,61.94
39.256,warmup,4944.0,1816.0,8.9783,62.16
39.356,warmup,4944.0,1856.0,9.1761,62.31
39.456,warmup,4944.0,1904.0,9.4134,62.34
39.557,warmup,4944.0,1952.0,9.6507,62.31
39.657,warmup,4944.0,1952.0,9.6507,62.25
39.757,warmup,4936.0,1976.0,9.7535,62.25
39.857,warmup,4936.0,2008.0,9.9115,62.59
39.957,warmup,4936.0,2008.0,9.9115,62.50
40.057,warmup,4936.0,2008.0,9.9115,62.38
40.157,warmup,4936.0,1968.0,9.7140,62.19
40.258,warmup,4944.0,1936.0,9.5716,62.50
40.358,warmup,4944.0,1904.0,9.4134,62.34
40.458,warmup,4944.0,1864.0,9.2156,62.16
40.558,warmup,4944.0,1832.0,9.0574,62.25
40.659,warmup,4944.0,1832.0,9.0574,62.22
40.759,warmup,4944.0,1816.0,8.9783,62.22
40.859,warmup,4944.0,1800.0,8.8992,62.19
40.960,warmup,4944.0,1776.0,8.7805,62.09
41.060,warmup,4944.0,1792.0,8.8596,62.31
41.160,warmup,4944.0,1792.0,8.8596,62.28
41.260,warmup,4944.0,1776.0,8.7805,62.16
41.360,warmup,4952.0,1760.0,8.7155,62.16
41.460,warmup,4944.0,1776.0,8.7805,62.25
41.560,warmup,4944.0,1776.0,8.7805,62.53
41.660,warmup,4944.0,1768.0,8.7410,62.38
41.761,warmup,4952.0,1752.0,8.6759,62.19
41.861,warmup,4944.0,1768.0,8.7410,61.97
41.961,warmup,4944.0,1776.0,8.7805,62.53
42.061,warmup,4944.0,1768.0,8.7410,62.31
42.161,warmup,4952.0,1752.0,8.6759,62.22
42.261,warmup,4944.0,1760.0,8.7014,62.53
42.361,warmup,4944.0,1776.0,8.7805,62.25
42.461,warmup,4944.0,1768.0,8.7410,62.16
42.562,warmup,4952.0,1752.0,8.6759,62.19
42.662,warmup,4944.0,1760.0,8.7014,62.09
42.762,warmup,4944.0,1776.0,8.7805,62.22
42.862,warmup,4944.0,1768.0,8.7410,62.28
42.962,warmup,4952.0,1752.0,8.6759,62.31
43.062,warmup,4952.0,1752.0,8.6759,62.28
43.162,warmup,4944.0,1776.0,8.7805,62.38
43.262,warmup,4944.0,1768.0,8.7410,62.28
43.363,warmup,4952.0,1752.0,8.6759,62.38
43.463,warmup,4952.0,1752.0,8.6759,62.28
43.563,warmup,4944.0,1776.0,8.7805,62.28
43.663,warmup,4952.0,1768.0,8.7551,62.56
43.763,warmup,4952.0,1760.0,8.7155,62.31
43.863,warmup,4952.0,1752.0,8.6759,62.25
43.963,warmup,4944.0,1776.0,8.7805,62.25
44.064,warmup,4952.0,1768.0,8.7551,62.31
44.164,warmup,4952.0,1752.0,8.6759,62.19
44.264,warmup,4952.0,1752.0,8.6759,62.22
44.364,warmup,4944.0,1776.0,8.7805,62.34
44.464,warmup,4952.0,1768.0,8.7551,62.28
44.564,warmup,4952.0,1760.0,8.7155,62.28
44.664,warmup,4952.0,1752.0,8.6759,62.28
44.764,warmup,4952.0,1776.0,8.7948,62.50
44.865,warmup,4952.0,1768.0,8.7551,62.38
44.965,warmup,4952.0,1760.0,8.7155,62.25
45.065,warmup,4952.0,1752.0,8.6759,62.38
45.165,warmup,4944.0,1768.0,8.7410,62.53
45.265,warmup,4944.0,1768.0,8.7410,62.38
45.365,warmup,4944.0,1768.0,8.7410,62.50
45.465,warmup,4952.0,1744.0,8.6363,62.34
45.566,warmup,4944.0,1768.0,8.7410,62.31
45.666,warmup,4944.0,1776.0,8.7805,62.31
45.766,warmup,4944.0,1768.0,8.7410,62.31
45.866,warmup,4952.0,1744.0,8.6363,62.25
45.966,warmup,4944.0,1768.0,8.7410,62.31
46.066,warmup,4944.0,1776.0,8.7805,62.41
46.166,warmup,4944.0,1768.0,8.7410,62.31
46.266,warmup,4952.0,1760.0,8.7155,62.38
46.367,warmup,4944.0,1760.0,8.7014,62.34
46.467,warmup,4944.0,1776.0,8.7805,62.38
46.567,warmup,4944.0,1768.0,8.7410,62.50
46.667,warmup,4952.0,1752.0,8.6759,62.38
46.767,warmup,4952.0,1760.0,8.7155,62.50
46.867,warmup,4944.0,1776.0,8.7805,62.62
46.967,warmup,4944.0,1768.0,8.7410,62.47
47.067,warmup,4952.0,1760.0,8.7155,62.22
47.168,warmup,4952.0,1752.0,8.6759,62.44
47.268,warmup,4944.0,1776.0,8.7805,62.38
47.368,warmup,4952.0,1760.0,8.7155,62.38
47.468,warmup,4952.0,1752.0,8.6759,62.56
47.568,warmup,4952.0,1752.0,8.6759,62.34
47.668,warmup,4944.0,1776.0,8.7805,62.41
47.768,warmup,4944.0,1768.0,8.7410,62.38
47.868,warmup,4952.0,1760.0,8.7155,62.31
47.969,warmup,4952.0,1752.0,8.6759,62.38
48.069,warmup,4944.0,1776.0,8.7805,62.53
48.169,warmup,4944.0,1768.0,8.7410,62.38
48.269,warmup,4952.0,1760.0,8.7155,62.56
48.369,warmup,4952.0,1752.0,8.6759,62.41
48.470,warmup,4944.0,1776.0,8.7805,62.72
48.570,warmup,4944.0,1768.0,8.7410,62.62
48.670,warmup,4952.0,1768.0,8.7551,62.50
48.770,warmup,4952.0,1752.0,8.6759,62.34
48.870,warmup,4944.0,1768.0,8.7410,62.66
48.970,warmup,4944.0,1776.0,8.7805,62.44
49.071,warmup,4944.0,1768.0,8.7410,62.38
49.171,warmup,4952.0,1752.0,8.6759,62.62
49.271,warmup,4944.0,1760.0,8.7014,62.38
49.371,warmup,4944.0,1776.0,8.7805,62.56
49.471,warmup,4944.0,1768.0,8.7410,62.50
49.571,warmup,4952.0,1752.0,8.6759,62.38
49.671,warmup,4952.0,1768.0,8.7551,62.53
49.772,warmup,4944.0,1784.0,8.8201,62.59
49.872,warmup,4944.0,1776.0,8.7805,62.50
49.972,warmup,4952.0,1760.0,8.7155,62.56
50.072,warmup,4952.0,1760.0,8.7155,62.44
50.172,warmup,4944.0,1776.0,8.7805,62.91
50.272,warmup,4944.0,1776.0,8.7805,62.72
50.372,warmup,4944.0,1760.0,8.7014,62.47
50.472,warmup,4952.0,1752.0,8.6759,62.47
50.573,warmup,4944.0,1776.0,8.7805,62.81
50.673,warmup,4944.0,1776.0,8.7805,62.62
50.773,warmup,4952.0,1760.0,8.7155,62.38
50.873,warmup,4952.0,1752.0,8.6759,62.78
50.973,warmup,4944.0,1776.0,8.7805,62.53
51.073,warmup,4944.0,1776.0,8.7805,62.50
51.173,warmup,4952.0,1768.0,8.7551,62.53
51.273,warmup,4952.0,1752.0,8.6759,62.47
51.374,warmup,4944.0,1768.0,8.7410,62.53
51.474,warmup,4944.0,1776.0,8.7805,62.69
51.574,warmup,4944.0,1768.0,8.7410,62.53
51.674,warmup,4952.0,1752.0,8.6759,62.66
51.774,warmup,4944.0,1768.0,8.7410,62.56
51.874,warmup,4944.0,1776.0,8.7805,62.56
51.974,warmup,4944.0,1768.0,8.7410,62.78
52.075,warmup,4952.0,1760.0,8.7155,62.62
52.175,warmup,4952.0,1760.0,8.7155,62.66
52.275,warmup,4944.0,1784.0,8.8201,62.94
52.375,warmup,4944.0,1776.0,8.7805,62.72
52.475,warmup,4952.0,1768.0,8.7551,62.50
52.575,warmup,4952.0,1752.0,8.6759,62.44
52.676,warmup,4944.0,1776.0,8.7805,62.56
52.777,warmup,4944.0,1776.0,8.7805,62.75
52.877,warmup,4952.0,1768.0,8.7551,62.53
52.977,warmup,4952.0,1752.0,8.6759,62.47
53.077,warmup,4952.0,1768.0,8.7551,62.75
53.177,warmup,4944.0,1776.0,8.7805,62.62
53.277,warmup,4952.0,1768.0,8.7551,62.88
53.377,warmup,4952.0,1752.0,8.6759,62.69
53.478,warmup,4952.0,1760.0,8.7155,62.72
53.578,warmup,4944.0,1776.0,8.7805,62.56
53.678,warmup,4952.0,1768.0,8.7551,62.84
53.778,warmup,4952.0,1752.0,8.6759,62.56
53.878,warmup,4952.0,1768.0,8.7551,62.47
53.978,warmup,4944.0,1776.0,8.7805,62.91
54.078,warmup,4952.0,1776.0,8.7948,62.66
54.178,warmup,4952.0,1760.0,8.7155,62.56
54.279,warmup,4952.0,1760.0,8.7155,62.59
54.379,warmup,4944.0,1784.0,8.8201,62.84
54.479,warmup,4944.0,1776.0,8.7805,62.62
54.579,warmup,4952.0,1768.0,8.7551,62.59
54.679,warmup,4952.0,1752.0,8.6759,62.56
54.779,warmup,4944.0,1776.0,8.7805,62.81
54.879,warmup,4944.0,1776.0,8.7805,62.75
54.980,warmup,4944.0,1768.0,8.7410,62.69
55.080,warmup,4952.0,1752.0,8.6759,62.72
55.180,warmup,4944.0,1776.0,8.7805,62.84
55.280,warmup,4944.0,1776.0,8.7805,62.75
55.380,warmup,4944.0,1768.0,8.7410,62.94
55.480,warmup,4952.0,1752.0,8.6759,62.72
55.580,warmup,4944.0,1768.0,8.7410,62.59
55.680,warmup,4944.0,1776.0,8.7805,62.62
55.781,warmup,4944.0,1768.0,8.7410,62.91
55.881,warmup,4952.0,1752.0,8.6759,62.62
55.981,warmup,4944.0,1760.0,8.7014,62.56
56.081,warmup,4944.0,1776.0,8.7805,62.84
56.181,warmup,4944.0,1776.0,8.7805,62.66
56.281,warmup,4944.0,1760.0,8.7014,62.69
56.381,warmup,4944.0,1760.0,8.7014,62.56
56.481,warmup,4944.0,1776.0,8.7805,62.97
56.582,warmup,4944.0,1776.0,8.7805,62.81
56.682,warmup,4952.0,1760.0,8.7155,62.75
56.782,warmup,4952.0,1752.0,8.6759,62.88
56.882,warmup,4944.0,1776.0,8.7805,63.00
56.982,warmup,4944.0,1768.0,8.7410,62.84
57.082,warmup,4944.0,1760.0,8.7014,62.97
57.183,warmup,4952.0,1752.0,8.6759,62.88
57.283,warmup,4944.0,1776.0,8.7805,62.69
57.383,warmup,4944.0,1768.0,8.7410,62.69
57.483,warmup,4952.0,1752.0,8.6759,62.94
57.583,warmup,4944.0,1752.0,8.6619,62.59
57.683,warmup,4944.0,1776.0,8.7805,62.78
57.784,warmup,4944.0,1768.0,8.7410,62.75
57.884,warmup,4944.0,1752.0,8.6619,62.62
57.984,warmup,4944.0,1752.0,8.6619,62.78
58.084,warmup,4944.0,1776.0,8.7805,62.84
58.184,warmup,4944.0,1768.0,8.7410,62.72
58.284,warmup,4952.0,1752.0,8.6759,62.88
58.384,warmup,4952.0,1752.0,8.6759,62.66
58.484,warmup,4944.0,1776.0,8.7805,63.09
58.585,warmup,4944.0,1768.0,8.7410,62.97
58.685,warmup,4952.0,1760.0,8.7155,62.78
58.785,warmup,4952.0,1752.0,8.6759,62.69
58.885,warmup,4944.0,1776.0,8.7805,63.03
58.985,warmup,4952.0,1768.0,8.7551,62.97
59.085,warmup,4952.0,1752.0,8.6759,62.66
59.185,warmup,4952.0,1752.0,8.6759,62.94
59.286,warmup,4944.0,1776.0,8.7805,62.84
59.386,warmup,4944.0,1768.0,8.7410,62.81
59.486,warmup,4952.0,1760.0,8.7155,62.84
59.586,warmup,4952.0,1752.0,8.6759,62.78
59.686,warmup,4944.0,1776.0,8.7805,62.91
59.786,warmup,4944.0,1768.0,8.7410,62.88
59.886,warmup,4952.0,1760.0,8.7155,62.94
59.986,warmup,4952.0,1752.0,8.6759,62.84
60.087,warmup,4944.0,1776.0,8.7805,62.91
60.187,warmup,4952.0,1768.0,8.7551,63.12
60.287,warmup,4952.0,1760.0,8.7155,62.84
60.387,measure,4952.0,1752.0,8.6759,62.91
60.487,measure,4952.0,1776.0,8.7948,62.81
60.587,measure,4944.0,1768.0,8.7410,63.12
60.687,measure,4952.0,1760.0,8.7155,62.75
60.788,measure,4952.0,1752.0,8.6759,62.69
60.888,measure,4944.0,1776.0,8.7805,62.88
60.988,measure,4944.0,1760.0,8.7014,62.84
61.088,measure,4952.0,1744.0,8.6363,62.66
61.188,measure,4952.0,1752.0,8.6759,62.94
61.288,measure,4944.0,1768.0,8.7410,62.91
61.388,measure,4944.0,1760.0,8.7014,62.81
61.488,measure,4952.0,1752.0,8.6759,62.84
61.589,measure,4952.0,1752.0,8.6759,62.81
61.689,measure,4944.0,1776.0,8.7805,63.09
61.789,measure,4952.0,1768.0,8.7551,63.03
61.889,measure,4952.0,1752.0,8.6759,62.75
61.989,measure,4952.0,1752.0,8.6759,62.97
62.089,measure,4944.0,1768.0,8.7410,63.00
62.189,measure,4952.0,1760.0,8.7155,62.97
62.289,measure,4952.0,1744.0,8.6363,62.97
62.390,measure,4952.0,1752.0,8.6759,63.00
62.490,measure,4944.0,1768.0,8.7410,62.88
62.590,measure,4952.0,1760.0,8.7155,62.97
62.690,measure,4952.0,1744.0,8.6363,62.78
62.790,measure,4952.0,1752.0,8.6759,62.78
62.890,measure,4944.0,1776.0,8.7805,63.03
62.990,measure,4952.0,1768.0,8.7551,62.94
63.091,measure,4952.0,1752.0,8.6759,62.94
63.191,measure,4952.0,1752.0,8.6759,62.94
63.291,measure,4944.0,1776.0,8.7805,63.00
63.391,measure,4944.0,1768.0,8.7410,63.09
63.491,measure,4944.0,1760.0,8.7014,62.97
63.591,measure,4952.0,1752.0,8.6759,62.84
63.692,measure,4944.0,1768.0,8.7410,63.22
63.792,measure,4944.0,1768.0,8.7410,63.16
63.892,measure,4952.0,1768.0,8.7551,62.84
63.992,measure,4952.0,1744.0,8.6363,63.06
64.092,measure,4944.0,1768.0,8.7410,62.97
64.192,measure,4944.0,1776.0,8.7805,62.91
64.292,measure,4944.0,1768.0,8.7410,62.88
64.393,measure,4952.0,1752.0,8.6759,62.84
64.493,measure,4944.0,1760.0,8.7014,62.84
64.593,measure,4944.0,1784.0,8.8201,63.09
64.693,measure,4944.0,1768.0,8.7410,62.94
64.793,measure,4944.0,1760.0,8.7014,62.81
64.893,measure,4944.0,1760.0,8.7014,62.88
64.993,measure,4944.0,1784.0,8.8201,63.03
65.094,measure,4944.0,1776.0,8.7805,63.22
65.194,measure,4952.0,1760.0,8.7155,63.00
65.294,measure,4952.0,1760.0,8.7155,63.00
65.394,measure,4944.0,1776.0,8.7805,63.28
65.494,measure,4944.0,1776.0,8.7805,63.22
65.594,measure,4952.0,1760.0,8.7155,63.00
65.694,measure,4952.0,1752.0,8.6759,62.81
65.795,measure,4944.0,1776.0,8.7805,62.97
65.895,measure,4952.0,1768.0,8.7551,63.03
65.995,measure,4952.0,1760.0,8.7155,62.94
66.095,measure,4952.0,1752.0,8.6759,62.91
66.195,measure,4944.0,1776.0,8.7805,63.03
66.295,measure,4952.0,1768.0,8.7551,62.88
66.395,measure,4952.0,1752.0,8.6759,62.88
66.496,measure,4952.0,1760.0,8.7155,62.94
66.596,measure,4944.0,1776.0,8.7805,63.12
66.696,measure,4944.0,1776.0,8.7805,63.09
66.796,measure,4952.0,1760.0,8.7155,63.22
66.896,measure,4952.0,1752.0,8.6759,63.00
66.996,measure,4944.0,1776.0,8.7805,63.12
67.096,measure,4944.0,1768.0,8.7410,63.31
67.197,measure,4952.0,1760.0,8.7155,63.09
67.297,measure,4952.0,1752.0,8.6759,63.06
67.397,measure,4944.0,1776.0,8.7805,63.12
67.497,measure,4944.0,1768.0,8.7410,63.25
67.597,measure,4952.0,1760.0,8.7155,62.91
67.697,measure,4952.0,1752.0,8.6759,62.84
67.798,measure,4952.0,1776.0,8.7948,63.03
67.898,measure,4952.0,1768.0,8.7551,63.03
67.998,measure,4952.0,1760.0,8.7155,63.06
68.098,measure,4952.0,1744.0,8.6363,62.91
68.198,measure,4952.0,1768.0,8.7551,63.00
68.298,measure,4944.0,1776.0,8.7805,63.22
68.399,measure,4952.0,1768.0,8.7551,63.06
68.499,measure,4952.0,1752.0,8.6759,63.19
68.599,measure,4952.0,1760.0,8.7155,63.16
68.699,measure,4944.0,1784.0,8.8201,63.19
68.799,measure,4944.0,1776.0,8.7805,63.34
68.899,measure,4952.0,1760.0,8.7155,63.31
68.999,measure,4952.0,1752.0,8.6759,63.12
69.100,measure,4944.0,1776.0,8.7805,63.06
69.200,measure,4944.0,1768.0,8.7410,63.38
69.300,measure,4952.0,1760.0,8.7155,62.94
69.400,measure,4952.0,1752.0,8.6759,62.91
69.500,measure,4944.0,1768.0,8.7410,63.09
69.600,measure,4944.0,1768.0,8.7410,63.09
69.701,measure,4944.0,1760.0,8.7014,63.16
69.801,measure,4952.0,1752.0,8.6759,63.03
69.901,measure,4944.0,1768.0,8.7410,63.12
70.001,measure,4944.0,1776.0,8.7805,63.22
70.101,measure,4944.0,1768.0,8.7410,63.16
70.201,measure,4952.0,1752.0,8.6759,63.25
70.301,measure,4944.0,1760.0,8.7014,63.19
70.402,measure,4944.0,1776.0,8.7805,63.28
70.502,measure,4944.0,1768.0,8.7410,63.00
70.602,measure,4952.0,1760.0,8.7155,63.25
70.702,measure,4952.0,1760.0,8.7155,63.16
70.802,measure,4944.0,1784.0,8.8201,63.06
70.902,measure,4944.0,1784.0,8.8201,63.47
71.002,measure,4944.0,1776.0,8.7805,63.00
71.103,measure,4952.0,1760.0,8.7155,62.97
71.203,measure,4944.0,1776.0,8.7805,63.06
71.303,measure,4944.0,1784.0,8.8201,63.12
71.403,measure,4944.0,1776.0,8.7805,63.06
71.503,measure,4952.0,1760.0,8.7155,63.12
71.603,measure,4944.0,1768.0,8.7410,63.12
71.703,measure,4944.0,1784.0,8.8201,63.31
71.804,measure,4944.0,1792.0,8.8596,63.28
71.904,measure,4944.0,1784.0,8.8201,63.38
72.004,measure,4952.0,1760.0,8.7155,63.22
72.104,measure,4944.0,1776.0,8.7805,63.19
72.204,measure,4944.0,1784.0,8.8201,63.22
72.304,measure,4944.0,1776.0,8.7805,63.38
72.404,measure,4944.0,1760.0,8.7014,63.19
72.505,measure,4952.0,1768.0,8.7551,63.12
72.605,measure,4944.0,1784.0,8.8201,63.56
72.705,measure,4944.0,1776.0,8.7805,63.25
72.805,measure,4944.0,1760.0,8.7014,63.03
72.905,measure,4944.0,1760.0,8.7014,63.12
73.005,measure,4944.0,1776.0,8.7805,63.19
73.105,measure,4944.0,1760.0,8.7014,63.12
73.206,measure,4952.0,1744.0,8.6363,63.16
73.306,measure,4944.0,1760.0,8.7014,63.12
73.406,measure,4944.0,1768.0,8.7410,63.34
73.506,measure,4944.0,1760.0,8.7014,63.25
73.606,measure,4952.0,1744.0,8.6363,63.06
73.706,measure,4944.0,1768.0,8.7410,63.34
73.806,measure,4944.0,1776.0,8.7805,63.34
73.907,measure,4944.0,1776.0,8.7805,63.09
74.007,measure,4944.0,1760.0,8.7014,63.34
74.107,measure,4944.0,1760.0,8.7014,63.28
74.207,measure,4944.0,1776.0,8.7805,63.19
74.307,measure,4944.0,1768.0,8.7410,63.12
74.407,measure,4944.0,1752.0,8.6619,63.09
74.507,measure,4944.0,1752.0,8.6619,63.06
74.608,measure,4944.0,1776.0,8.7805,63.25
74.708,measure,4944.0,1768.0,8.7410,63.28
74.808,measure,4944.0,1760.0,8.7014,63.09
74.908,measure,4952.0,1752.0,8.6759,63.16
75.008,measure,4944.0,1768.0,8.7410,63.34
75.108,measure,4944.0,1768.0,8.7410,63.47
75.208,measure,4944.0,1760.0,8.7014,63.31
75.309,measure,4944.0,1744.0,8.6223,63.06
75.409,measure,4944.0,1768.0,8.7410,63.47
75.509,measure,4944.0,1768.0,8.7410,63.41
75.609,measure,4944.0,1760.0,8.7014,63.28
75.709,measure,4952.0,1744.0,8.6363,63.34
75.809,measure,4944.0,1768.0,8.7410,63.38
75.909,measure,4944.0,1784.0,8.8201,63.19
76.010,measure,4944.0,1776.0,8.7805,63.25
76.110,measure,4952.0,1760.0,8.7155,63.34
76.210,measure,4944.0,1768.0,8.7410,63.19
76.310,measure,4944.0,1784.0,8.8201,63.16
76.410,measure,4944.0,1776.0,8.7805,63.25
76.510,measure,4952.0,1752.0,8.6759,63.22
76.610,measure,4944.0,1760.0,8.7014,63.22
76.711,measure,4944.0,1776.0,8.7805,63.34
76.811,measure,4944.0,1768.0,8.7410,63.41
76.911,measure,4944.0,1760.0,8.7014,63.34
77.011,measure,4944.0,1752.0,8.6619,63.19
77.111,measure,4944.0,1776.0,8.7805,63.59
77.211,measure,4944.0,1776.0,8.7805,63.47
77.311,measure,4944.0,1768.0,8.7410,63.31
77.412,measure,4952.0,1752.0,8.6759,63.06
77.512,measure,4944.0,1776.0,8.7805,63.47
77.612,measure,4944.0,1776.0,8.7805,63.34
77.712,measure,4944.0,1768.0,8.7410,63.19
77.812,measure,4952.0,1752.0,8.6759,63.34
77.912,measure,4944.0,1768.0,8.7410,63.28
78.013,measure,4944.0,1784.0,8.8201,63.28
78.113,measure,4944.0,1776.0,8.7805,63.34
78.213,measure,4944.0,1760.0,8.7014,63.22
78.313,measure,4944.0,1768.0,8.7410,63.34
78.413,measure,4944.0,1784.0,8.8201,63.44
78.513,measure,4944.0,1776.0,8.7805,63.53
78.613,measure,4944.0,1768.0,8.7410,63.34
78.714,measure,4944.0,1760.0,8.7014,63.28
78.814,measure,4944.0,1776.0,8.7805,63.72
78.914,measure,4944.0,1776.0,8.7805,63.50
79.014,measure,4944.0,1760.0,8.7014,63.28
79.114,measure,4944.0,1760.0,8.7014,63.19
79.214,measure,4944.0,1776.0,8.7805,63.59
79.314,measure,4944.0,1776.0,8.7805,63.34
79.415,measure,4944.0,1768.0,8.7410,63.22
79.515,measure,4952.0,1752.0,8.6759,63.47
79.615,measure,4944.0,1776.0,8.7805,63.31
79.715,measure,4944.0,1784.0,8.8201,63.34
79.815,measure,4944.0,1776.0,8.7805,63.38
79.915,measure,4952.0,1760.0,8.7155,63.22
80.015,measure,4944.0,1768.0,8.7410,63.34
80.116,measure,4944.0,1784.0,8.8201,63.47
80.216,measure,4944.0,1784.0,8.8201,63.34
80.316,measure,4944.0,1768.0,8.7410,63.50
80.416,measure,4944.0,1760.0,8.7014,63.22
80.517,measure,4944.0,1784.0,8.8201,63.41
80.617,measure,4944.0,1776.0,8.7805,63.56
80.717,measure,4944.0,1768.0,8.7410,63.38
80.817,measure,4952.0,1752.0,8.6759,63.34
80.917,measure,4944.0,1776.0,8.7805,63.62
81.017,measure,4944.0,1768.0,8.7410,63.34
81.118,measure,4952.0,1760.0,8.7155,63.22
81.218,measure,4952.0,1752.0,8.6759,63.22
81.318,measure,4944.0,1776.0,8.7805,63.34
81.419,measure,4944.0,1776.0,8.7805,63.56
81.519,measure,4944.0,1776.0,8.7805,63.34
81.619,measure,4952.0,1752.0,8.6759,63.31
81.719,measure,4944.0,1776.0,8.7805,63.50
81.819,measure,4944.0,1784.0,8.8201,63.50
81.919,measure,4944.0,1776.0,8.7805,63.72
82.019,measure,4944.0,1768.0,8.7410,63.41
82.120,measure,4944.0,1768.0,8.7410,63.34
82.220,measure,4944.0,1784.0,8.8201,63.34
82.320,measure,4944.0,1784.0,8.8201,63.59
82.420,measure,4944.0,1768.0,8.7410,63.41
82.520,measure,4944.0,1760.0,8.7014,63.38
82.620,measure,4944.0,1784.0,8.8201,63.72
82.720,measure,4944.0,1776.0,8.7805,63.47
82.821,measure,4944.0,1768.0,8.7410,63.34
82.921,measure,4944.0,1760.0,8.7014,63.28
83.021,measure,4944.0,1776.0,8.7805,63.41
83.122,measure,4944.0,1776.0,8.7805,63.66
83.222,measure,4944.0,1768.0,8.7410,63.38
83.322,measure,4944.0,1752.0,8.6619,63.47
83.422,measure,4944.0,1776.0,8.7805,63.53
83.522,measure,4944.0,1784.0,8.8201,63.53
83.622,measure,4944.0,1776.0,8.7805,63.34
83.723,measure,4944.0,1760.0,8.7014,63.50
83.823,measure,4944.0,1776.0,8.7805,63.47
83.923,measure,4944.0,1792.0,8.8596,63.47
84.023,measure,4944.0,1784.0,8.8201,63.72
84.123,measure,4952.0,1744.0,8.6363,63.22
84.223,measure,4944.0,1768.0,8.7410,63.38
84.323,measure,4944.0,1760.0,8.7014,63.44
84.424,measure,4952.0,1752.0,8.6759,63.38
84.524,measure,4952.0,1752.0,8.6759,63.31
84.624,measure,4944.0,1776.0,8.7805,63.66
84.724,measure,4944.0,1776.0,8.7805,63.47
84.824,measure,4944.0,1768.0,8.7410,63.47
84.924,measure,4952.0,1752.0,8.6759,63.38
85.024,measure,4944.0,1776.0,8.7805,63.75
85.125,measure,4944.0,1784.0,8.8201,63.66
85.225,measure,4944.0,1776.0,8.7805,63.59
85.325,measure,4944.0,1760.0,8.7014,63.34
85.425,measure,4944.0,1776.0,8.7805,63.69
85.525,measure,4944.0,1784.0,8.8201,63.72
85.625,measure,4944.0,1776.0,8.7805,63.34
85.726,measure,4944.0,1760.0,8.7014,63.62
85.826,measure,4944.0,1768.0,8.7410,63.34
85.926,measure,4944.0,1784.0,8.8201,63.50
86.026,measure,4944.0,1784.0,8.8201,63.50
86.126,measure,4944.0,1784.0,8.8201,63.41
86.226,measure,4944.0,1768.0,8.7410,63.47
86.326,measure,4944.0,1784.0,8.8201,63.53
86.427,measure,4944.0,1792.0,8.8596,63.47
86.527,measure,4944.0,1792.0,8.8596,63.62
86.627,measure,4944.0,1776.0,8.7805,63.50
86.727,measure,4944.0,1768.0,8.7410,63.69
86.827,measure,4944.0,1792.0,8.8596,63.75
86.927,measure,4944.0,1784.0,8.8201,63.66
87.027,measure,4944.0,1768.0,8.7410,63.38
87.128,measure,4944.0,1760.0,8.7014,63.66
87.228,measure,4944.0,1784.0,8.8201,63.75
87.328,measure,4944.0,1776.0,8.7805,63.50
87.428,measure,4944.0,1760.0,8.7014,63.38
87.528,measure,4952.0,1752.0,8.6759,63.34
87.628,measure,4944.0,1776.0,8.7805,63.41
87.728,measure,4944.0,1776.0,8.7805,63.59
87.829,measure,4944.0,1768.0,8.7410,63.44
87.929,measure,4952.0,1752.0,8.6759,63.34
88.029,measure,4944.0,1776.0,8.7805,63.53
88.129,measure,4944.0,1776.0,8.7805,63.59
88.229,measure,4944.0,1776.0,8.7805,63.72
88.329,measure,4944.0,1752.0,8.6619,63.41
88.429,measure,4944.0,1768.0,8.7410,63.50
88.530,measure,4944.0,1784.0,8.8201,63.84
88.630,measure,4944.0,1776.0,8.7805,63.56
88.730,measure,4952.0,1760.0,8.7155,63.47
88.830,measure,4944.0,1768.0,8.7410,63.81
88.930,measure,4944.0,1784.0,8.8201,63.81
89.030,measure,4944.0,1776.0,8.7805,63.47
89.130,measure,4944.0,1768.0,8.7410,63.44
89.231,measure,4952.0,1760.0,8.7155,63.47
89.331,measure,4944.0,1776.0,8.7805,63.62
89.431,measure,4944.0,1776.0,8.7805,63.69
89.531,measure,4944.0,1768.0,8.7410,63.56
89.631,measure,4952.0,1752.0,8.6759,63.34
89.731,measure,4944.0,1776.0,8.7805,63.56
89.832,measure,4944.0,1784.0,8.8201,63.62
89.932,measure,4944.0,1776.0,8.7805,63.81
90.032,measure,4944.0,1760.0,8.7014,63.59
90.132,measure,4944.0,1768.0,8.7410,63.53
90.232,measure,4944.0,1792.0,8.8596,63.88
90.332,measure,4944.0,1784.0,8.8201,63.72
90.432,measure,4944.0,1768.0,8.7410,63.56
90.533,measure,4944.0,1760.0,8.7014,63.75
90.633,measure,4944.0,1784.0,8.8201,63.53
90.733,measure,4944.0,1784.0,8.8201,63.59
90.833,measure,4944.0,1776.0,8.7805,63.47
90.933,measure,4952.0,1760.0,8.7155,63.69
91.033,measure,4944.0,1776.0,8.7805,63.50
91.133,measure,4944.0,1784.0,8.8201,63.56
91.234,measure,4944.0,1776.0,8.7805,63.59
91.334,measure,4944.0,1760.0,8.7014,63.47
91.434,measure,4944.0,1768.0,8.7410,63.62
91.534,measure,4944.0,1792.0,8.8596,63.66
91.634,measure,4944.0,1784.0,8.8201,63.62
91.734,measure,4944.0,1768.0,8.7410,63.69
91.835,measure,4944.0,1760.0,8.7014,63.50
91.935,measure,4944.0,1784.0,8.8201,63.91
92.035,measure,4944.0,1776.0,8.7805,63.81
92.135,measure,4944.0,1768.0,8.7410,63.66
92.235,measure,4944.0,1760.0,8.7014,63.44
92.335,measure,4944.0,1776.0,8.7805,63.81
92.435,measure,4944.0,1776.0,8.7805,63.66
92.536,measure,4944.0,1776.0,8.7805,63.47
92.636,measure,4952.0,1760.0,8.7155,63.75
92.736,measure,4944.0,1776.0,8.7805,63.53
92.836,measure,4944.0,1784.0,8.8201,63.56
92.936,measure,4944.0,1776.0,8.7805,63.62
93.036,measure,4944.0,1760.0,8.7014,63.47
93.136,measure,4944.0,1768.0,8.7410,63.59
93.237,measure,4944.0,1784.0,8.8201,63.78
93.337,measure,4944.0,1776.0,8.7805,63.91
93.437,measure,4944.0,1768.0,8.7410,63.66
93.537,measure,4944.0,1760.0,8.7014,63.62
93.637,measure,4944.0,1784.0,8.8201,63.94
93.737,measure,4944.0,1776.0,8.7805,63.88
93.837,measure,4944.0,1768.0,8.7410,63.72
93.938,measure,4952.0,1760.0,8.7155,63.50
94.038,measure,4944.0,1776.0,8.7805,63.94
94.138,measure,4944.0,1776.0,8.7805,63.69
94.238,measure,4944.0,1776.0,8.7805,63.53
94.338,measure,4944.0,1760.0,8.7014,63.81
94.439,measure,4944.0,1776.0,8.7805,63.62
94.539,measure,4944.0,1784.0,8.8201,63.84
94.640,measure,4944.0,1776.0,8.7805,63.72
94.740,measure,4952.0,1752.0,8.6759,63.81
94.840,measure,4944.0,1776.0,8.7805,63.78
94.940,measure,4944.0,1784.0,8.8201,63.81
95.040,measure,4944.0,1776.0,8.7805,63.97
95.140,measure,4952.0,1760.0,8.7155,63.75
95.240,measure,4944.0,1768.0,8.7410,63.78
95.341,measure,4944.0,1784.0,8.8201,63.66
95.441,measure,4944.0,1784.0,8.8201,63.94
95.541,measure,4944.0,1768.0,8.7410,63.62
95.641,measure,4944.0,1760.0,8.7014,63.56
95.742,measure,4944.0,1776.0,8.7805,63.72
95.842,measure,4944.0,1776.0,8.7805,63.69
95.942,measure,4944.0,1768.0,8.7410,63.69
96.043,measure,4944.0,1752.0,8.6619,63.50
96.143,measure,4944.0,1776.0,8.7805,63.88
96.243,measure,4944.0,1784.0,8.8201,63.91
96.343,measure,4944.0,1776.0,8.7805,63.75
96.443,measure,4944.0,1760.0,8.7014,63.84
96.543,measure,4944.0,1776.0,8.7805,63.75
96.644,measure,4944.0,1792.0,8.8596,63.84
96.744,measure,4944.0,1784.0,8.8201,64.03
96.844,measure,4944.0,1768.0,8.7410,63.81
96.944,measure,4944.0,1768.0,8.7410,63.59
97.044,measure,4944.0,1784.0,8.8201,63.69
97.144,measure,4944.0,1784.0,8.8201,63.91
97.244,measure,4944.0,1776.0,8.7805,63.59
97.345,measure,4952.0,1760.0,8.7155,63.59
97.445,measure,4944.0,1776.0,8.7805,63.62
97.545,measure,4944.0,1784.0,8.8201,63.75
97.645,measure,4944.0,1776.0,8.7805,63.81
97.745,measure,4944.0,1760.0,8.7014,63.66
97.845,measure,4944.0,1768.0,8.7410,63.62
97.945,measure,4944.0,1784.0,8.8201,63.94
98.046,measure,4944.0,1776.0,8.7805,63.81
98.146,measure,4944.0,1768.0,8.7410,63.91
98.246,measure,4944.0,1760.0,8.7014,63.81
98.346,measure,4944.0,1784.0,8.8201,63.91
98.446,measure,4944.0,1776.0,8.7805,63.69
98.546,measure,4944.0,1768.0,8.7410,63.84
98.646,measure,4944.0,1752.0,8.6619,63.62
98.747,measure,4944.0,1776.0,8.7805,63.66
98.847,measure,4944.0,1784.0,8.8201,64.03
98.947,measure,4944.0,1776.0,8.7805,63.66
99.047,measure,4944.0,1760.0,8.7014,63.56
99.147,measure,4944.0,1768.0,8.7410,63.66
99.247,measure,4944.0,1784.0,8.8201,63.81
99.347,measure,4944.0,1776.0,8.7805,63.75
99.448,measure,4944.0,1768.0,8.7410,63.69
99.548,measure,4944.0,1760.0,8.7014,63.69
99.648,measure,4944.0,1776.0,8.7805,63.91
99.748,measure,4944.0,1784.0,8.8201,63.88
99.848,measure,4944.0,1776.0,8.7805,64.00
99.949,measure,4944.0,1752.0,8.6619,63.81
100.049,measure,4944.0,1776.0,8.7805,63.81
100.149,measure,4944.0,1784.0,8.8201,63.75
100.249,measure,4944.0,1776.0,8.7805,64.09
100.349,measure,4944.0,1760.0,8.7014,63.69
100.449,measure,4944.0,1768.0,8.7410,63.66
100.549,measure,4944.0,1784.0,8.8201,64.12
100.650,measure,4944.0,1776.0,8.7805,63.81
100.750,measure,4944.0,1768.0,8.7410,63.66
100.850,measure,4944.0,1760.0,8.7014,63.62
100.950,measure,4944.0,1784.0,8.8201,63.91
101.050,measure,4944.0,1776.0,8.7805,63.94
101.150,measure,4944.0,1768.0,8.7410,63.72
101.251,measure,4944.0,1760.0,8.7014,63.91
101.351,measure,4944.0,1776.0,8.7805,64.03
101.451,measure,4944.0,1784.0,8.8201,63.97
101.551,measure,4944.0,1776.0,8.7805,63.75
101.651,measure,4944.0,1760.0,8.7014,63.84
101.752,measure,4944.0,1776.0,8.7805,63.88
101.852,measure,4944.0,1784.0,8.8201,63.81
101.952,measure,4944.0,1776.0,8.7805,64.06
102.052,measure,4944.0,1760.0,8.7014,63.81
102.152,measure,4944.0,1768.0,8.7410,63.75
102.252,measure,4944.0,1776.0,8.7805,63.81
102.352,measure,4944.0,1776.0,8.7805,63.81
102.452,measure,4952.0,1752.0,8.6759,63.69
102.553,measure,4944.0,1760.0,8.7014,63.78
102.653,measure,4944.0,1776.0,8.7805,63.88
102.753,measure,4944.0,1776.0,8.7805,63.81
102.853,measure,4944.0,1760.0,8.7014,63.84
102.953,measure,4944.0,1760.0,8.7014,63.78
103.053,measure,4944.0,1784.0,8.8201,64.06
103.153,measure,4944.0,1776.0,8.7805,63.91
103.253,measure,4952.0,1760.0,8.7155,63.81
103.354,measure,4952.0,1760.0,8.7155,63.91
103.454,measure,4944.0,1776.0,8.7805,64.03
103.554,measure,4944.0,1776.0,8.7805,63.81
103.654,measure,4944.0,1760.0,8.7014,64.06
103.754,measure,4944.0,1760.0,8.7014,63.94
103.854,measure,4944.0,1776.0,8.7805,63.81
103.954,measure,4944.0,1768.0,8.7410,63.91
104.054,measure,4944.0,1752.0,8.6619,63.78
104.155,measure,4944.0,1760.0,8.7014,63.72
104.255,measure,4944.0,1776.0,8.7805,63.94
104.355,measure,4944.0,1776.0,8.7805,63.84
104.455,measure,4944.0,1760.0,8.7014,64.00
104.555,measure,4944.0,1752.0,8.6619,63.81
104.655,measure,4944.0,1776.0,8.7805,63.88
104.755,measure,4944.0,1768.0,8.7410,64.12
104.856,measure,4944.0,1760.0,8.7014,63.91
104.956,measure,4944.0,1768.0,8.7410,63.81
105.056,measure,4944.0,1784.0,8.8201,64.19
105.156,measure,4944.0,1776.0,8.7805,64.00
105.256,measure,4944.0,1760.0,8.7014,63.88
105.356,measure,4944.0,1760.0,8.7014,64.16
105.456,measure,4944.0,1784.0,8.8201,64.12
105.557,measure,4944.0,1776.0,8.7805,63.91
105.657,measure,4944.0,1768.0,8.7410,63.91
105.757,measure,4944.0,1760.0,8.7014,63.81
105.858,measure,4944.0,1784.0,8.8201,64.03
105.958,measure,4944.0,1784.0,8.8201,64.06
106.058,measure,4944.0,1776.0,8.7805,63.84
106.158,measure,4944.0,1760.0,8.7014,63.72
106.258,measure,4944.0,1776.0,8.7805,64.00
106.359,measure,4944.0,1784.0,8.8201,63.94
106.459,measure,4944.0,1776.0,8.7805,64.12
106.559,measure,4944.0,1760.0,8.7014,63.97
106.659,measure,4944.0,1776.0,8.7805,63.91
106.759,measure,4944.0,1792.0,8.8596,64.28
106.859,measure,4944.0,1776.0,8.7805,64.12
106.959,measure,4944.0,1768.0,8.7410,63.81
107.059,measure,4944.0,1768.0,8.7410,63.78
107.160,measure,4944.0,1784.0,8.8201,64.12
107.260,measure,4944.0,1776.0,8.7805,63.91
107.360,measure,4952.0,1768.0,8.7551,63.88
107.460,measure,4944.0,1768.0,8.7410,63.88
107.560,measure,4944.0,1784.0,8.8201,64.00
107.660,measure,4944.0,1784.0,8.8201,64.09
107.760,measure,4944.0,1768.0,8.7410,63.88
107.861,measure,4952.0,1760.0,8.7155,63.84
107.962,measure,4944.0,1784.0,8.8201,64.06
108.062,measure,4944.0,1784.0,8.8201,64.00
108.162,measure,4944.0,1776.0,8.7805,64.12
108.262,measure,4952.0,1760.0,8.7155,63.94
108.362,measure,4944.0,1776.0,8.7805,64.03
108.462,measure,4944.0,1784.0,8.8201,64.31
108.563,measure,4944.0,1776.0,8.7805,64.06
108.663,measure,4944.0,1760.0,8.7014,63.81
108.763,measure,4944.0,1776.0,8.7805,63.81
108.863,measure,4944.0,1784.0,8.8201,64.00
108.963,measure,4944.0,1776.0,8.7805,63.91
109.063,measure,4944.0,1768.0,8.7410,63.97
109.163,measure,4944.0,1768.0,8.7410,63.88
109.263,measure,4944.0,1784.0,8.8201,64.00
109.364,measure,4944.0,1776.0,8.7805,64.12
109.464,measure,4944.0,1768.0,8.7410,63.91
109.564,measure,4944.0,1760.0,8.7014,64.00
109.664,measure,4944.0,1784.0,8.8201,64.12
109.764,measure,4944.0,1776.0,8.7805,64.00
109.864,measure,4944.0,1768.0,8.7410,64.16
109.964,measure,4944.0,1760.0,8.7014,64.06
110.065,measure,4944.0,1784.0,8.8201,63.94
110.165,measure,4944.0,1776.0,8.7805,63.84
110.265,measure,4944.0,1768.0,8.7410,64.03
110.365,measure,4944.0,1760.0,8.7014,63.94
110.465,measure,4944.0,1776.0,8.7805,64.00
110.565,measure,4944.0,1776.0,8.7805,64.25
110.665,measure,4944.0,1768.0,8.7410,63.94
110.766,measure,4952.0,1760.0,8.7155,63.81
110.866,measure,4944.0,1776.0,8.7805,64.03
110.966,measure,4944.0,1776.0,8.7805,64.00
111.066,measure,4944.0,1768.0,8.7410,64.12
111.166,measure,4944.0,1752.0,8.6619,64.03
111.266,measure,4944.0,1776.0,8.7805,64.06
111.366,measure,4944.0,1784.0,8.8201,64.19
111.467,measure,4944.0,1776.0,8.7805,64.06
111.567,measure,4952.0,1760.0,8.7155,64.16
111.667,measure,4944.0,1776.0,8.7805,64.16
111.767,measure,4944.0,1784.0,8.8201,64.12
111.867,measure,4944.0,1776.0,8.7805,63.91
111.967,measure,4944.0,1760.0,8.7014,64.19
112.067,measure,4944.0,1768.0,8.7410,63.88
112.168,measure,4944.0,1784.0,8.8201,64.03
112.268,measure,4944.0,1784.0,8.8201,64.34
112.368,measure,4944.0,1768.0,8.7410,63.91
112.468,measure,4944.0,1768.0,8.7410,63.94
112.568,measure,4944.0,1784.0,8.8201,64.09
112.668,measure,4944.0,1776.0,8.7805,64.06
112.768,measure,4944.0,1760.0,8.7014,64.06
112.868,measure,4944.0,1760.0,8.7014,64.00
112.969,measure,4944.0,1784.0,8.8201,64.34
113.069,measure,4944.0,1776.0,8.7805,64.28
113.169,measure,4944.0,1768.0,8.7410,64.06
113.269,measure,4944.0,1760.0,8.7014,63.97
113.369,measure,4944.0,1784.0,8.8201,64.31
113.469,measure,4944.0,1776.0,8.7805,64.19
113.569,measure,4944.0,1768.0,8.7410,63.97
113.670,measure,4944.0,1760.0,8.7014,64.12
113.770,measure,4944.0,1776.0,8.7805,63.97
113.871,measure,4944.0,1784.0,8.8201,63.97
113.971,measure,4944.0,1776.0,8.7805,64.00
114.071,measure,4952.0,1760.0,8.7155,64.03
114.171,measure,4944.0,1776.0,8.7805,64.03
114.271,measure,4944.0,1784.0,8.8201,64.16
114.371,measure,4944.0,1776.0,8.7805,64.09
114.471,measure,4944.0,1760.0,8.7014,64.06
114.572,measure,4944.0,1768.0,8.7410,64.09
114.672,measure,4944.0,1792.0,8.8596,64.16
114.772,measure,4944.0,1776.0,8.7805,64.28
114.872,measure,4944.0,1760.0,8.7014,64.00
114.972,measure,4944.0,1768.0,8.7410,64.06
115.072,measure,4944.0,1784.0,8.8201,64.31
115.172,measure,4944.0,1776.0,8.7805,64.22
115.272,measure,4944.0,1768.0,8.7410,63.94
115.373,measure,4944.0,1768.0,8.7410,64.25
115.473,measure,4944.0,1784.0,8.8201,64.09
115.573,measure,4944.0,1776.0,8.7805,64.03
115.673,measure,4944.0,1768.0,8.7410,64.06
115.773,measure,4944.0,1760.0,8.7014,64.00
115.874,measure,4944.0,1776.0,8.7805,64.22
115.974,measure,4944.0,1776.0,8.7805,64.12
116.074,measure,4944.0,1768.0,8.7410,64.06
116.174,measure,4944.0,1752.0,8.6619,64.12
116.274,measure,4944.0,1776.0,8.7805,64.19
116.374,measure,4944.0,1784.0,8.8201,64.16
116.475,measure,4944.0,1776.0,8.7805,64.34
116.575,measure,4944.0,1760.0,8.7014,64.09
116.675,measure,4944.0,1776.0,8.7805,63.97
116.775,measure,4944.0,1784.0,8.8201,64.38
116.875,measure,4944.0,1776.0,8.7805,64.28
116.975,measure,4944.0,1768.0,8.7410,64.06
117.075,measure,4944.0,1768.0,8.7410,64.00
117.175,measure,4944.0,1784.0,8.8201,64.12
117.276,measure,4944.0,1784.0,8.8201,64.16
117.376,measure,4944.0,1776.0,8.7805,64.06
117.476,measure,4944.0,1760.0,8.7014,63.97
117.577,measure,4944.0,1776.0,8.7805,64.19
117.677,measure,4944.0,1776.0,8.7805,64.22
117.777,measure,4944.0,1776.0,8.7805,64.16
117.877,measure,4944.0,1752.0,8.6619,64.16
117.977,measure,4944.0,1768.0,8.7410,64.28
118.077,measure,4944.0,1784.0,8.8201,64.19
118.178,measure,4944.0,1776.0,8.7805,64.31
118.278,measure,4952.0,1752.0,8.6759,64.03
118.378,measure,4944.0,1768.0,8.7410,64.06
118.478,measure,4944.0,1776.0,8.7805,64.47
118.578,measure,4944.0,1768.0,8.7410,64.25
118.678,measure,4944.0,1760.0,8.7014,63.97
118.778,measure,4944.0,1768.0,8.7410,64.22
118.878,measure,4944.0,1784.0,8.8201,64.22
118.979,measure,4944.0,1784.0,8.8201,64.19
119.079,measure,4944.0,1768.0,8.7410,64.12
119.179,measure,4944.0,1768.0,8.7410,64.03
119.279,measure,4944.0,1784.0,8.8201,64.31
119.379,measure,4944.0,1784.0,8.8201,64.28
119.479,measure,4944.0,1768.0,8.7410,64.12
119.580,measure,4944.0,1760.0,8.7014,64.22
119.680,measure,4944.0,1784.0,8.8201,64.31
119.780,measure,4944.0,1784.0,8.8201,64.22
119.880,measure,4944.0,1776.0,8.7805,64.38
119.980,measure,4944.0,1760.0,8.7014,64.12
120.080,measure,4944.0,1776.0,8.7805,64.16
120.180,measure,4944.0,1784.0,8.8201,64.09
120.280,measure,4944.0,1784.0,8.8201,64.34
120.381,measure,4944.0,1768.0,8.7410,64.00
120.481,measure,4944.0,1776.0,8.7805,63.97
120.581,measure,4944.0,1792.0,8.8596,64.25
120.681,measure,4944.0,1784.0,8.8201,64.06
120.781,measure,4944.0,1776.0,8.7805,64.16
120.881,measure,4944.0,1768.0,8.7410,64.09
120.982,measure,4944.0,1784.0,8.8201,64.38
121.082,measure,4944.0,1784.0,8.8201,64.31
121.182,measure,4944.0,1776.0,8.7805,64.09
121.282,measure,4944.0,1760.0,8.7014,64.25
121.382,measure,4944.0,1784.0,8.8201,64.31
121.482,measure,4944.0,1784.0,8.8201,64.28
121.582,measure,4944.0,1776.0,8.7805,64.47
121.682,measure,4944.0,1760.0,8.7014,64.19
121.783,measure,4944.0,1776.0,8.7805,64.06
121.883,measure,4944.0,1792.0,8.8596,64.06
121.983,measure,4944.0,1784.0,8.8201,64.34
122.083,measure,4944.0,1768.0,8.7410,64.06
122.183,measure,4944.0,1776.0,8.7805,64.06
122.284,measure,4944.0,1792.0,8.8596,64.25
122.384,measure,4944.0,1784.0,8.8201,64.19
122.484,measure,4944.0,1768.0,8.7410,64.22
122.584,measure,4944.0,1768.0,8.7410,64.16
122.684,measure,4944.0,1792.0,8.8596,64.38
122.784,measure,4944.0,1784.0,8.8201,64.31
122.884,measure,4944.0,1768.0,8.7410,64.25
122.985,measure,4944.0,1760.0,8.7014,64.31
123.085,measure,4944.0,1784.0,8.8201,64.41
123.185,measure,4944.0,1784.0,8.8201,64.31
123.285,measure,4944.0,1776.0,8.7805,64.53
123.385,measure,4944.0,1760.0,8.7014,64.28
123.485,measure,4944.0,1776.0,8.7805,64.09
123.585,measure,4944.0,1784.0,8.8201,64.25
123.685,measure,4944.0,1776.0,8.7805,64.47
123.786,measure,4944.0,1760.0,8.7014,64.06
123.886,measure,4944.0,1768.0,8.7410,64.06
123.986,measure,4944.0,1784.0,8.8201,64.31
124.086,measure,4944.0,1776.0,8.7805,64.25
124.186,measure,4944.0,1768.0,8.7410,64.28
124.286,measure,4944.0,1768.0,8.7410,64.16
124.386,measure,4944.0,1784.0,8.8201,64.28
124.486,measure,4944.0,1784.0,8.8201,64.41
124.587,measure,4944.0,1768.0,8.7410,64.22
124.687,measure,4944.0,1760.0,8.7014,64.38
124.787,measure,4944.0,1784.0,8.8201,64.38
124.887,measure,4944.0,1768.0,8.7410,64.28
124.987,measure,4944.0,1760.0,8.7014,64.09
125.087,measure,4944.0,1760.0,8.7014,64.34
125.187,measure,4944.0,1784.0,8.8201,64.38
125.288,measure,4944.0,1776.0,8.7805,64.22
125.388,measure,4944.0,1768.0,8.7410,64.44
125.488,measure,4944.0,1760.0,8.7014,64.09
125.588,measure,4944.0,1784.0,8.8201,64.25
125.688,measure,4944.0,1784.0,8.8201,64.34
125.788,measure,4944.0,1776.0,8.7805,64.22
125.888,measure,4944.0,1760.0,8.7014,64.09
125.988,measure,4944.0,1784.0,8.8201,64.28
126.089,measure,4944.0,1784.0,8.8201,64.28
126.189,measure,4944.0,1776.0,8.7805,64.41
126.289,measure,4944.0,1760.0,8.7014,64.12
126.389,measure,4944.0,1776.0,8.7805,64.31
126.489,measure,4944.0,1784.0,8.8201,64.53
126.589,measure,4944.0,1776.0,8.7805,64.41
126.690,measure,4944.0,1760.0,8.7014,64.12
126.790,measure,4944.0,1768.0,8.7410,64.38
126.890,measure,4944.0,1784.0,8.8201,64.44
126.990,measure,4944.0,1784.0,8.8201,64.28
127.090,measure,4944.0,1776.0,8.7805,64.53
127.190,measure,4944.0,1768.0,8.7410,64.22
127.291,measure,4944.0,1784.0,8.8201,64.31
127.391,measure,4944.0,1784.0,8.8201,64.31
127.491,measure,4944.0,1776.0,8.7805,64.25
127.591,measure,4944.0,1760.0,8.7014,64.06
127.692,measure,4944.0,1784.0,8.8201,64.31
127.792,measure,4944.0,1784.0,8.8201,64.28
127.892,measure,4944.0,1784.0,8.8201,64.47
127.992,measure,4944.0,1768.0,8.7410,64.28
128.092,measure,4944.0,1776.0,8.7805,64.28
128.192,measure,4944.0,1792.0,8.8596,64.59
128.292,measure,4944.0,1784.0,8.8201,64.41
128.392,measure,4944.0,1776.0,8.7805,64.16
128.493,measure,4944.0,1768.0,8.7410,64.47
128.593,measure,4944.0,1784.0,8.8201,64.25
128.693,measure,4944.0,1784.0,8.8201,64.34
128.793,measure,4944.0,1776.0,8.7805,64.31
128.893,measure,4944.0,1760.0,8.7014,64.25
128.993,measure,4944.0,1784.0,8.8201,64.31
129.093,measure,4944.0,1784.0,8.8201,64.44
129.193,measure,4944.0,1776.0,8.7805,64.31
129.294,measure,4944.0,1760.0,8.7014,64.31
129.394,measure,4944.0,1776.0,8.7805,64.31
129.494,measure,4944.0,1784.0,8.8201,64.38
129.594,measure,4944.0,1776.0,8.7805,64.59
129.694,measure,4944.0,1768.0,8.7410,64.34
129.794,measure,4944.0,1768.0,8.7410,64.28
129.894,measure,4944.0,1784.0,8.8201,64.62
129.995,measure,4944.0,1784.0,8.8201,64.50
130.095,measure,4944.0,1768.0,8.7410,64.31
130.195,measure,4944.0,1768.0,8.7410,64.62
130.295,measure,4944.0,1784.0,8.8201,64.31
130.395,measure,4944.0,1776.0,8.7805,64.28
130.495,measure,4944.0,1768.0,8.7410,64.16
130.595,measure,4944.0,1760.0,8.7014,64.47
130.695,measure,4944.0,1784.0,8.8201,64.47
130.796,measure,4944.0,1776.0,8.7805,64.34
130.896,measure,4944.0,1768.0,8.7410,64.38
130.996,measure,4944.0,1760.0,8.7014,64.25
131.096,measure,4944.0,1776.0,8.7805,64.50
131.196,measure,4944.0,1784.0,8.8201,64.47
131.296,measure,4944.0,1776.0,8.7805,64.62
131.396,measure,4944.0,1760.0,8.7014,64.31
131.497,measure,4944.0,1784.0,8.8201,64.34
131.597,measure,4944.0,1784.0,8.8201,64.66
131.697,measure,4944.0,1784.0,8.8201,64.50
131.797,measure,4944.0,1768.0,8.7410,64.28
131.897,measure,4944.0,1776.0,8.7805,64.25
131.997,measure,4944.0,1784.0,8.8201,64.59
132.097,measure,4944.0,1784.0,8.8201,64.34
132.197,measure,4944.0,1768.0,8.7410,64.25
132.298,measure,4944.0,1768.0,8.7410,64.56
132.398,measure,4944.0,1792.0,8.8596,64.38
132.498,measure,4944.0,1784.0,8.8201,64.38
132.598,measure,4944.0,1776.0,8.7805,64.44
132.698,measure,4944.0,1760.0,8.7014,64.28
132.799,measure,4944.0,1784.0,8.8201,64.50
132.899,measure,4944.0,1784.0,8.8201,64.47
132.999,measure,4944.0,1776.0,8.7805,64.56
133.099,measure,4944.0,1760.0,8.7014,64.38
133.199,measure,4944.0,1776.0,8.7805,64.50
133.300,measure,4944.0,1784.0,8.8201,64.78
133.400,measure,4944.0,1784.0,8.8201,64.53
133.500,measure,4944.0,1760.0,8.7014,64.31
133.600,measure,4944.0,1776.0,8.7805,64.31
133.700,measure,4944.0,1792.0,8.8596,64.72
133.800,measure,4944.0,1784.0,8.8201,64.31
133.900,measure,4944.0,1768.0,8.7410,64.22
134.001,measure,4944.0,1768.0,8.7410,64.56
134.101,measure,4944.0,1792.0,8.8596,64.41
134.201,measure,4944.0,1784.0,8.8201,64.41
134.301,measure,4944.0,1776.0,8.7805,64.44
134.401,measure,4944.0,1768.0,8.7410,64.38
134.502,measure,4944.0,1784.0,8.8201,64.44
134.602,measure,4944.0,1784.0,8.8201,64.47
134.702,measure,4944.0,1776.0,8.7805,64.69
134.802,measure,4944.0,1760.0,8.7014,64.41
134.902,measure,4944.0,1776.0,8.7805,64.50
135.002,measure,4944.0,1784.0,8.8201,64.41
135.103,measure,4944.0,1776.0,8.7805,64.75
135.203,measure,4944.0,1768.0,8.7410,64.34
135.303,measure,4944.0,1776.0,8.7805,64.34
135.403,measure,4944.0,1768.0,8.7410,64.66
135.503,measure,4944.0,1752.0,8.6619,64.31
135.603,measure,4944.0,1752.0,8.6619,64.28
135.703,measure,4944.0,1776.0,8.7805,64.44
135.804,measure,4944.0,1776.0,8.7805,64.41
135.904,measure,4944.0,1768.0,8.7410,64.44
136.004,measure,4944.0,1752.0,8.6619,64.31
136.104,measure,4944.0,1776.0,8.7805,64.72
136.204,measure,4944.0,1768.0,8.7410,64.69
136.304,measure,4944.0,1768.0,8.7410,64.41
136.404,measure,4944.0,1752.0,8.6619,64.56
136.505,measure,4944.0,1776.0,8.7805,64.66
136.605,measure,4944.0,1784.0,8.8201,64.56
136.705,measure,4944.0,1776.0,8.7805,64.31
136.805,measure,4944.0,1760.0,8.7014,64.59
136.905,measure,4944.0,1768.0,8.7410,64.38
137.005,measure,4944.0,1784.0,8.8201,64.47
137.105,measure,4944.0,1776.0,8.7805,64.78
137.206,measure,4944.0,1760.0,8.7014,64.47
137.306,measure,4944.0,1760.0,8.7014,64.34
137.406,measure,4944.0,1784.0,8.8201,64.56
137.506,measure,4944.0,1776.0,8.7805,64.38
137.606,measure,4944.0,1760.0,8.7014,64.50
137.706,measure,4944.0,1760.0,8.7014,64.38
137.807,measure,4944.0,1784.0,8.8201,64.72
137.907,measure,4944.0,1776.0,8.7805,64.69
138.007,measure,4944.0,1768.0,8.7410,64.53
138.107,measure,4944.0,1752.0,8.6619,64.50
138.207,measure,4944.0,1776.0,8.7805,64.69
138.307,measure,4944.0,1784.0,8.8201,64.75
138.408,measure,4944.0,1776.0,8.7805,64.41
138.508,measure,4944.0,1752.0,8.6619,64.62
138.608,measure,4944.0,1768.0,8.7410,64.38
138.708,measure,4944.0,1784.0,8.8201,64.44
138.808,measure,4944.0,1776.0,8.7805,64.53
138.908,measure,4944.0,1768.0,8.7410,64.41
139.008,measure,4944.0,1760.0,8.7014,64.44
139.109,measure,4944.0,1784.0,8.8201,64.56
139.209,measure,4944.0,1776.0,8.7805,64.53
139.309,measure,4944.0,1768.0,8.7410,64.56
139.409,measure,4944.0,1752.0,8.6619,64.47
139.509,measure,4944.0,1776.0,8.7805,64.50
139.609,measure,4944.0,1784.0,8.8201,64.78
139.709,measure,4944.0,1776.0,8.7805,64.56
139.810,measure,4944.0,1760.0,8.7014,64.38
139.910,measure,4944.0,1768.0,8.7410,64.78
140.010,measure,4944.0,1784.0,8.8201,64.75
140.110,measure,4944.0,1784.0,8.8201,64.53
140.210,measure,4944.0,1768.0,8.7410,64.78
140.310,measure,4944.0,1760.0,8.7014,64.38
140.411,measure,4944.0,1784.0,8.8201,64.53
140.511,measure,4944.0,1784.0,8.8201,64.62
140.611,measure,4944.0,1776.0,8.7805,64.44
140.711,measure,4944.0,1760.0,8.7014,64.31
140.811,measure,4944.0,1776.0,8.7805,64.56
140.912,measure,4944.0,1792.0,8.8596,64.59
141.012,measure,4944.0,1784.0,8.8201,64.69
141.112,measure,4952.0,1768.0,8.7551,64.56
141.212,measure,4944.0,1760.0,8.7014,64.47
141.312,measure,4944.0,1784.0,8.8201,64.72
141.412,measure,4944.0,1784.0,8.8201,64.72
141.512,measure,4944.0,1776.0,8.7805,64.47
141.613,measure,4944.0,1768.0,8.7410,64.72
141.713,measure,4944.0,1776.0,8.7805,64.66
141.813,measure,4944.0,1792.0,8.8596,64.53
141.913,measure,4944.0,1784.0,8.8201,64.44
142.013,measure,4944.0,1768.0,8.7410,64.41
142.113,measure,4944.0,1768.0,8.7410,64.38
142.213,measure,4944.0,1784.0,8.8201,64.53
142.314,measure,4944.0,1776.0,8.7805,64.59
142.414,measure,4944.0,1768.0,8.7410,64.69
142.514,measure,4952.0,1760.0,8.7155,64.50
142.614,measure,4944.0,1784.0,8.8201,64.69
142.714,measure,4944.0,1776.0,8.7805,64.78
142.814,measure,4944.0,1768.0,8.7410,64.56
142.915,measure,4952.0,1760.0,8.7155,64.47
143.015,measure,4944.0,1776.0,8.7805,64.78
143.115,measure,4944.0,1784.0,8.8201,64.75
143.215,measure,4944.0,1776.0,8.7805,64.47
143.315,measure,4944.0,1760.0,8.7014,64.62
143.416,measure,4944.0,1776.0,8.7805,64.75
143.516,measure,4944.0,1784.0,8.8201,64.56
143.616,measure,4944.0,1776.0,8.7805,64.56
143.716,measure,4944.0,1760.0,8.7014,64.47
143.816,measure,4944.0,1768.0,8.7410,64.47
143.916,measure,4944.0,1784.0,8.8201,64.72
144.016,measure,4944.0,1784.0,8.8201,64.66
144.117,measure,4944.0,1776.0,8.7805,64.47
144.217,measure,4944.0,1760.0,8.7014,64.47
144.317,measure,4944.0,1776.0,8.7805,64.84
144.417,measure,4944.0,1776.0,8.7805,64.81
144.517,measure,4944.0,1768.0,8.7410,64.72
144.618,measure,4944.0,1752.0,8.6619,64.50
144.718,measure,4944.0,1776.0,8.7805,64.78
144.818,measure,4944.0,1776.0,8.7805,64.88
144.918,measure,4944.0,1776.0,8.7805,64.53
145.018,measure,4952.0,1760.0,8.7155,64.69
145.118,measure,4944.0,1776.0,8.7805,64.78
145.219,measure,4944.0,1792.0,8.8596,64.62
145.319,measure,4944.0,1784.0,8.8201,64.66
145.419,measure,4944.0,1776.0,8.7805,64.50
145.519,measure,4944.0,1760.0,8.7014,64.62
145.619,measure,4944.0,1784.0,8.8201,64.69
145.720,measure,4944.0,1792.0,8.8596,64.62
145.820,measure,4944.0,1784.0,8.8201,64.78
145.920,measure,4944.0,1760.0,8.7014,64.53
146.020,measure,4944.0,1776.0,8.7805,64.56
146.120,measure,4944.0,1792.0,8.8596,64.88
146.220,measure,4944.0,1784.0,8.8201,64.78
146.320,measure,4944.0,1768.0,8.7410,64.56
146.421,measure,4944.0,1768.0,8.7410,64.78
146.521,measure,4944.0,1792.0,8.8596,64.59
146.621,measure,4944.0,1784.0,8.8201,64.50
146.721,measure,4944.0,1776.0,8.7805,64.47
146.821,measure,4944.0,1768.0,8.7410,64.72
146.921,measure,4944.0,1784.0,8.8201,64.69
147.022,measure,4944.0,1784.0,8.8201,64.56
147.122,measure,4944.0,1776.0,8.7805,64.56
147.222,measure,4944.0,1760.0,8.7014,64.47
147.322,measure,4944.0,1784.0,8.8201,64.59
147.422,measure,4944.0,1784.0,8.8201,64.66
147.522,measure,4944.0,1776.0,8.7805,64.59
147.622,measure,4944.0,1760.0,8.7014,64.66
147.723,measure,4944.0,1776.0,8.7805,64.62
147.823,measure,4944.0,1792.0,8.8596,65.00
147.923,measure,4944.0,1784.0,8.8201,64.78
148.023,measure,4944.0,1768.0,8.7410,64.59
148.123,measure,4944.0,1768.0,8.7410,64.78
148.223,measure,4944.0,1784.0,8.8201,64.81
148.323,measure,4944.0,1784.0,8.8201,64.56
148.424,measure,4944.0,1768.0,8.7410,64.53
148.524,measure,4944.0,1768.0,8.7410,64.78
148.624,measure,4944.0,1784.0,8.8201,64.59
148.724,measure,4944.0,1784.0,8.8201,64.59
148.824,measure,4944.0,1776.0,8.7805,64.62
148.924,measure,4944.0,1760.0,8.7014,64.50
149.024,measure,4944.0,1784.0,8.8201,64.66
149.124,measure,4944.0,1784.0,8.8201,64.78
149.225,measure,4944.0,1776.0,8.7805,64.84
149.325,measure,4944.0,1760.0,8.7014,64.66
149.425,measure,4944.0,1776.0,8.7805,64.62
149.525,measure,4944.0,1784.0,8.8201,64.97
149.625,measure,4944.0,1776.0,8.7805,64.78
149.725,measure,4944.0,1768.0,8.7410,64.56
149.825,measure,4944.0,1776.0,8.7805,64.50
149.926,measure,4944.0,1792.0,8.8596,64.91
150.026,measure,4944.0,1784.0,8.8201,64.78
150.126,measure,4944.0,1768.0,8.7410,64.62
150.226,measure,4944.0,1768.0,8.7410,64.84
150.326,measure,4944.0,1784.0,8.8201,64.69
150.426,measure,4944.0,1784.0,8.8201,64.69
150.526,measure,4944.0,1768.0,8.7410,64.66
150.627,measure,4944.0,1760.0,8.7014,64.62
150.727,measure,4944.0,1776.0,8.7805,64.72
150.827,measure,4944.0,1776.0,8.7805,64.78
150.927,measure,4944.0,1760.0,8.7014,64.62
151.027,measure,4944.0,1760.0,8.7014,64.66
151.127,measure,4944.0,1784.0,8.8201,64.84
151.227,measure,4944.0,1776.0,8.7805,64.66
151.328,measure,4944.0,1760.0,8.7014,64.78
151.428,measure,4944.0,1760.0,8.7014,64.56
151.528,measure,4944.0,1784.0,8.8201,64.59
151.628,measure,4944.0,1776.0,8.7805,64.91
151.728,measure,4944.0,1760.0,8.7014,64.72
151.828,measure,4944.0,1768.0,8.7410,64.62
151.928,measure,4944.0,1784.0,8.8201,65.00
152.028,measure,4944.0,1784.0,8.8201,64.72
152.129,measure,4944.0,1768.0,8.7410,64.56
152.229,measure,4944.0,1760.0,8.7014,64.50
152.329,measure,4944.0,1784.0,8.8201,64.69
152.429,measure,4944.0,1776.0,8.7805,64.69
152.529,measure,4944.0,1776.0,8.7805,64.72
152.629,measure,4944.0,1760.0,8.7014,64.47
152.729,measure,4944.0,1784.0,8.8201,64.84
152.829,measure,4944.0,1784.0,8.8201,64.78
152.930,measure,4944.0,1776.0,8.7805,64.62
153.030,measure,4944.0,1760.0,8.7014,64.72
153.130,measure,4944.0,1784.0,8.8201,64.88
153.230,measure,4944.0,1784.0,8.8201,64.78
153.330,measure,4944.0,1776.0,8.7805,64.91
153.430,measure,4944.0,1760.0,8.7014,64.69
153.530,measure,4944.0,1784.0,8.8201,64.66
153.630,measure,4944.0,1792.0,8.8596,64.62
153.731,measure,4944.0,1784.0,8.8201,64.88
153.831,measure,4944.0,1768.0,8.7410,64.62
153.931,measure,4944.0,1776.0,8.7805,64.59
154.031,measure,4944.0,1792.0,8.8596,64.84
154.131,measure,4944.0,1784.0,8.8201,64.72
154.231,measure,4944.0,1768.0,8.7410,64.75
154.331,measure,4944.0,1776.0,8.7805,64.66
154.432,measure,4944.0,1784.0,8.8201,64.75
154.532,measure,4944.0,1784.0,8.8201,64.84
154.632,measure,4944.0,1768.0,8.7410,64.75
154.732,measure,4944.0,1768.0,8.7410,64.78
154.832,measure,4944.0,1792.0,8.8596,64.91
154.932,measure,4944.0,1784.0,8.8201,64.78
155.032,measure,4944.0,1768.0,8.7410,64.91
155.132,measure,4944.0,1768.0,8.7410,64.88
155.233,measure,4944.0,1792.0,8.8596,64.88
155.333,measure,4944.0,1784.0,8.8201,64.62
155.433,measure,4944.0,1768.0,8.7410,64.91
155.533,measure,4944.0,1768.0,8.7410,64.53
155.633,measure,4944.0,1792.0,8.8596,64.81
155.733,measure,4944.0,1784.0,8.8201,65.06
155.833,measure,4944.0,1776.0,8.7805,64.66
155.934,measure,4944.0,1760.0,8.7014,64.66
156.034,measure,4944.0,1784.0,8.8201,64.78
156.134,measure,4944.0,1776.0,8.7805,64.72
156.234,measure,4944.0,1768.0,8.7410,64.81
156.334,measure,4944.0,1760.0,8.7014,64.78
156.435,measure,4944.0,1784.0,8.8201,64.97
156.535,measure,4944.0,1784.0,8.8201,64.88
156.635,measure,4944.0,1776.0,8.7805,64.72
156.735,measure,4944.0,1760.0,8.7014,64.66
156.836,measure,4944.0,1784.0,8.8201,64.91
156.936,measure,4944.0,1784.0,8.8201,64.78
157.036,measure,4944.0,1784.0,8.8201,64.59
157.136,measure,4944.0,1760.0,8.7014,64.81
157.236,measure,4944.0,1776.0,8.7805,64.66
157.336,measure,4944.0,1792.0,8.8596,64.72
157.436,measure,4944.0,1784.0,8.8201,64.78
157.536,measure,4944.0,1760.0,8.7014,64.59
157.637,measure,4944.0,1768.0,8.7410,64.72
157.737,measure,4944.0,1784.0,8.8201,64.84
157.837,measure,4944.0,1784.0,8.8201,64.78
157.937,measure,4944.0,1768.0,8.7410,64.84
158.037,measure,4944.0,1768.0,8.7410,64.69
158.137,measure,4944.0,1784.0,8.8201,65.09
158.237,measure,4944.0,1784.0,8.8201,64.91
158.338,measure,4944.0,1768.0,8.7410,64.78
158.438,measure,4944.0,1760.0,8.7014,64.69
158.538,measure,4944.0,1784.0,8.8201,65.00
158.638,measure,4944.0,1776.0,8.7805,64.88
158.738,measure,4944.0,1768.0,8.7410,64.59
158.838,measure,4944.0,1760.0,8.7014,64.88
158.939,measure,4944.0,1784.0,8.8201,64.75
159.039,measure,4944.0,1784.0,8.8201,64.84
159.140,measure,4944.0,1776.0,8.7805,64.81
159.240,measure,4944.0,1760.0,8.7014,64.62
159.340,measure,4944.0,1784.0,8.8201,64.84
159.440,measure,4944.0,1784.0,8.8201,64.81
159.540,measure,4944.0,1776.0,8.7805,64.94
159.640,measure,4944.0,1760.0,8.7014,64.78
159.740,measure,4944.0,1784.0,8.8201,64.78
159.840,measure,4944.0,1792.0,8.8596,65.09
159.941,measure,4944.0,1776.0,8.7805,64.94
160.041,measure,4944.0,1768.0,8.7410,64.56
160.141,measure,4944.0,1784.0,8.8201,64.62
160.241,measure,4944.0,1792.0,8.8596,65.00
160.341,measure,4944.0,1800.0,8.8992,64.75
160.441,measure,4944.0,1824.0,9.0179,64.75
160.542,measure,4944.0,1880.0,9.2947,64.78
160.642,measure,4944.0,1928.0,9.5320,64.97
160.742,measure,4936.0,1960.0,9.6746,65.03
160.842,measure,4944.0,1928.0,9.5320,64.91
160.942,measure,4944.0,1888.0,9.3343,64.91
161.042,measure,4944.0,1880.0,9.2947,64.94
161.142,measure,4944.0,1864.0,9.2156,64.84
161.243,measure,4944.0,1888.0,9.3343,65.12
161.343,measure,4944.0,1912.0,9.4529,64.97
161.443,measure,4936.0,1944.0,9.5956,64.97
161.543,measure,4936.0,1976.0,9.7535,64.78
161.643,measure,4936.0,2000.0,9.8720,65.34
161.743,measure,4936.0,1976.0,9.7535,65.09
161.844,measure,4944.0,1928.0,9.5320,64.78
161.944,measure,4944.0,1888.0,9.3343,65.12
162.044,measure,4944.0,1864.0,9.2156,64.69
162.144,measure,4944.0,1856.0,9.1761,64.91
162.244,measure,4944.0,1832.0,9.0574,64.88
162.344,measure,4944.0,1800.0,8.8992,64.66
162.444,measure,4944.0,1800.0,8.8992,64.75
162.544,measure,4944.0,1808.0,8.9388,64.91
162.645,measure,4944.0,1792.0,8.8596,64.88
162.745,measure,4944.0,1776.0,8.7805,64.88
162.845,measure,4944.0,1776.0,8.7805,64.78
162.945,measure,4944.0,1792.0,8.8596,64.97
163.045,measure,4944.0,1784.0,8.8201,64.97
163.145,measure,4944.0,1768.0,8.7410,64.81
163.245,measure,4944.0,1768.0,8.7410,64.78
163.346,measure,4944.0,1784.0,8.8201,65.16
163.446,measure,4944.0,1776.0,8.7805,64.91
163.546,measure,4944.0,1760.0,8.7014,64.66
163.646,measure,4944.0,1768.0,8.7410,65.06
163.746,measure,4944.0,1784.0,8.8201,64.78
163.846,measure,4944.0,1776.0,8.7805,64.78
163.946,measure,4944.0,1760.0,8.7014,64.75
164.046,measure,4944.0,1760.0,8.7014,64.72
164.147,measure,4944.0,1784.0,8.8201,65.03
164.247,measure,4944.0,1776.0,8.7805,64.84
164.347,measure,4944.0,1760.0,8.7014,64.75
164.447,measure,4944.0,1760.0,8.7014,64.91
164.547,measure,4944.0,1776.0,8.7805,64.88
164.647,measure,4944.0,1768.0,8.7410,64.84
164.748,measure,4944.0,1760.0,8.7014,64.91
164.848,measure,4944.0,1752.0,8.6619,64.78
164.948,measure,4944.0,1776.0,8.7805,64.81
165.048,measure,4944.0,1768.0,8.7410,65.00
165.148,measure,4944.0,1760.0,8.7014,64.84
165.248,measure,4944.0,1760.0,8.7014,64.59
165.348,measure,4944.0,1784.0,8.8201,64.88
165.449,measure,4944.0,1776.0,8.7805,64.78
165.549,measure,4944.0,1760.0,8.7014,64.72
165.649,measure,4944.0,1752.0,8.6619,64.72
165.749,measure,4944.0,1776.0,8.7805,64.81
165.849,measure,4944.0,1768.0,8.7410,64.78
165.949,measure,4944.0,1760.0,8.7014,64.81
166.049,measure,4944.0,1760.0,8.7014,64.69
166.150,measure,4944.0,1784.0,8.8201,65.06
166.250,measure,4944.0,1776.0,8.7805,64.94
166.350,measure,4944.0,1768.0,8.7410,64.78
166.450,measure,4944.0,1760.0,8.7014,64.91
166.550,measure,4944.0,1776.0,8.7805,65.06
166.650,measure,4944.0,1768.0,8.7410,64.88
166.751,measure,4944.0,1760.0,8.7014,64.94
166.851,measure,4944.0,1752.0,8.6619,64.94
166.951,measure,4944.0,1776.0,8.7805,64.84
167.051,measure,4944.0,1768.0,8.7410,64.72
167.151,measure,4944.0,1760.0,8.7014,64.78
167.251,measure,4944.0,1752.0,8.6619,64.66
167.351,measure,4944.0,1776.0,8.7805,64.84
167.452,measure,4944.0,1776.0,8.7805,64.81
167.552,measure,4944.0,1768.0,8.7410,64.75
167.652,measure,4944.0,1752.0,8.6619,64.81
167.752,measure,4944.0,1776.0,8.7805,64.88
167.852,measure,4944.0,1776.0,8.7805,64.81
167.952,measure,4944.0,1768.0,8.7410,64.84
168.052,measure,4944.0,1752.0,8.6619,64.72
168.152,measure,4944.0,1776.0,8.7805,65.12
168.253,measure,4944.0,1776.0,8.7805,64.97
168.353,measure,4944.0,1760.0,8.7014,64.81
168.453,measure,4944.0,1760.0,8.7014,64.75
168.553,measure,4944.0,1776.0,8.7805,64.84
168.653,measure,4944.0,1768.0,8.7410,64.81
168.753,measure,4944.0,1760.0,8.7014,64.72
168.853,measure,4944.0,1760.0,8.7014,64.94
168.954,measure,4944.0,1784.0,8.8201,64.81
169.054,measure,4944.0,1776.0,8.7805,64.72
169.154,measure,4944.0,1768.0,8.7410,64.78
169.254,measure,4944.0,1760.0,8.7014,64.69
169.354,measure,4944.0,1784.0,8.8201,64.88
169.454,measure,4944.0,1776.0,8.7805,64.91
169.554,measure,4944.0,1768.0,8.7410,64.75
169.654,measure,4944.0,1760.0,8.7014,64.88
169.755,measure,4944.0,1784.0,8.8201,64.94
169.855,measure,4944.0,1776.0,8.7805,65.09
169.955,measure,4944.0,1768.0,8.7410,64.94
170.055,measure,4944.0,1760.0,8.7014,64.78
170.155,measure,4944.0,1784.0,8.8201,64.75
170.255,measure,4944.0,1776.0,8.7805,65.03
170.355,measure,4944.0,1760.0,8.7014,64.84
170.456,measure,4944.0,1768.0,8.7410,64.72
170.556,measure,4944.0,1784.0,8.8201,65.22
170.656,measure,4944.0,1784.0,8.8201,64.84
170.756,measure,4944.0,1776.0,8.7805,64.78
170.856,measure,4944.0,1768.0,8.7410,64.75
170.956,measure,4944.0,1792.0,8.8596,65.12
171.056,measure,4944.0,1784.0,8.8201,64.78
171.157,measure,4944.0,1776.0,8.7805,64.84
171.257,measure,4944.0,1768.0,8.7410,64.75
171.357,measure,4944.0,1784.0,8.8201,65.03
171.457,measure,4944.0,1784.0,8.8201,64.94
171.557,measure,4944.0,1776.0,8.7805,64.78
171.657,measure,4944.0,1760.0,8.7014,64.88
171.758,measure,4944.0,1784.0,8.8201,64.97
171.858,measure,4944.0,1784.0,8.8201,64.75
171.958,measure,4944.0,1776.0,8.7805,65.06
172.058,measure,4944.0,1760.0,8.7014,64.78
172.158,measure,4944.0,1784.0,8.8201,64.78
172.258,measure,4944.0,1784.0,8.8201,64.78
172.358,measure,4944.0,1776.0,8.7805,64.84
172.459,measure,4944.0,1760.0,8.7014,64.62
172.559,measure,4944.0,1776.0,8.7805,64.84
172.659,measure,4944.0,1784.0,8.8201,64.84
172.759,measure,4944.0,1776.0,8.7805,64.78
172.859,measure,4944.0,1760.0,8.7014,64.78
172.959,measure,4944.0,1776.0,8.7805,64.81
173.059,measure,4944.0,1784.0,8.8201,65.09
173.160,measure,4944.0,1776.0,8.7805,64.94
173.260,measure,4944.0,1760.0,8.7014,64.78
173.360,measure,4944.0,1776.0,8.7805,65.06
173.460,measure,4944.0,1784.0,8.8201,64.97
173.560,measure,4944.0,1776.0,8.7805,64.78
173.660,measure,4944.0,1760.0,8.7014,64.94
173.760,measure,4944.0,1776.0,8.7805,64.97
173.860,measure,4944.0,1784.0,8.8201,64.81
173.961,measure,4944.0,1784.0,8.8201,64.81
174.061,measure,4944.0,1768.0,8.7410,64.78
174.161,measure,4944.0,1768.0,8.7410,64.72
174.261,measure,4944.0,1792.0,8.8596,64.84
174.361,measure,4944.0,1784.0,8.8201,64.81
174.461,measure,4944.0,1768.0,8.7410,64.69
174.561,measure,4944.0,1768.0,8.7410,64.78
174.661,measure,4944.0,1784.0,8.8201,65.00
174.762,measure,4944.0,1784.0,8.8201,65.00
174.862,measure,4944.0,1768.0,8.7410,64.94
174.962,measure,4944.0,1768.0,8.7410,64.78
175.062,measure,4944.0,1784.0,8.8201,65.06
175.162,measure,4944.0,1784.0,8.8201,65.03
175.262,measure,4944.0,1776.0,8.7805,64.88
175.362,measure,4944.0,1768.0,8.7410,64.69
175.463,measure,4944.0,1784.0,8.8201,65.06
175.563,measure,4944.0,1784.0,8.8201,64.84
175.663,measure,4944.0,1776.0,8.7805,64.78
175.763,measure,4944.0,1768.0,8.7410,64.94
175.863,measure,4944.0,1784.0,8.8201,64.84
175.963,measure,4944.0,1784.0,8.8201,64.78
176.063,measure,4944.0,1776.0,8.7805,64.84
176.163,measure,4944.0,1760.0,8.7014,64.69
176.264,measure,4944.0,1776.0,8.7805,64.94
176.364,measure,4944.0,1776.0,8.7805,64.88
176.464,measure,4944.0,1768.0,8.7410,64.75
176.564,measure,4944.0,1768.0,8.7410,64.84
176.664,measure,4944.0,1784.0,8.8201,64.97
176.764,measure,4944.0,1784.0,8.8201,65.19
176.864,measure,4944.0,1776.0,8.7805,65.00
176.965,measure,4944.0,1760.0,8.7014,64.84
177.065,measure,4944.0,1784.0,8.8201,64.84
177.165,measure,4944.0,1776.0,8.7805,65.09
177.265,measure,4944.0,1768.0,8.7410,64.78
177.365,measure,4944.0,1760.0,8.7014,64.66
177.465,measure,4944.0,1784.0,8.8201,64.88
177.565,measure,4944.0,1776.0,8.7805,64.84
177.665,measure,4944.0,1760.0,8.7014,64.75
177.766,measure,4944.0,1760.0,8.7014,64.78
177.866,measure,4944.0,1784.0,8.8201,64.91
177.966,measure,4944.0,1776.0,8.7805,65.09
178.066,measure,4944.0,1768.0,8.7410,64.81
178.166,measure,4944.0,1760.0,8.7014,64.78
178.266,measure,4944.0,1784.0,8.8201,65.09
178.366,measure,4944.0,1768.0,8.7410,64.94
178.467,measure,4944.0,1760.0,8.7014,64.72
178.567,measure,4944.0,1768.0,8.7410,64.97
178.667,measure,4944.0,1784.0,8.8201,65.00
178.767,measure,4944.0,1776.0,8.7805,64.81
178.867,measure,4944.0,1760.0,8.7014,64.88
178.967,measure,4944.0,1768.0,8.7410,65.00
179.067,measure,4944.0,1784.0,8.8201,64.88
179.167,measure,4944.0,1776.0,8.7805,64.81
179.268,measure,4944.0,1760.0,8.7014,64.78
179.368,measure,4944.0,1768.0,8.7410,64.81
179.468,measure,4944.0,1784.0,8.8201,64.97
179.568,measure,4944.0,1776.0,8.7805,64.84
179.668,measure,4944.0,1760.0,8.7014,64.78
179.768,measure,4944.0,1768.0,8.7410,64.84
179.868,measure,4944.0,1784.0,8.8201,64.97
179.969,measure,4944.0,1776.0,8.7805,65.03
180.069,measure,4944.0,1760.0,8.7014,64.78
180.169,measure,4944.0,1768.0,8.7410,64.88
180.269,measure,4944.0,1784.0,8.8201,65.16
180.369,measure,4944.0,1776.0,8.7805,65.00
180.469,measure,4944.0,1760.0,8.7014,64.78
180.569,measure,4944.0,1776.0,8.7805,65.12
180.669,measure,4944.0,1784.0,8.8201,65.06
180.770,measure,4944.0,1776.0,8.7805,64.78
180.870,measure,4944.0,1760.0,8.7014,64.72
180.970,measure,4944.0,1776.0,8.7805,64.81
181.070,measure,4944.0,1784.0,8.8201,64.84
181.170,measure,4944.0,1776.0,8.7805,64.91
181.270,measure,4944.0,1760.0,8.7014,64.78
181.370,measure,4944.0,1776.0,8.7805,64.81
181.471,measure,4944.0,1784.0,8.8201,65.00
181.571,measure,4944.0,1776.0,8.7805,64.91
181.671,measure,4944.0,1760.0,8.7014,65.00
181.771,measure,4944.0,1776.0,8.7805,64.91
181.871,measure,4944.0,1784.0,8.8201,64.94
181.971,measure,4944.0,1776.0,8.7805,65.06
182.071,measure,4944.0,1760.0,8.7014,64.88
182.171,measure,4944.0,1776.0,8.7805,64.91
182.272,measure,4944.0,1784.0,8.8201,64.84
182.372,measure,4944.0,1784.0,8.8201,65.12
182.472,measure,4944.0,1768.0,8.7410,64.72
182.572,measure,4944.0,1776.0,8.7805,64.69
182.672,measure,4944.0,1792.0,8.8596,65.12
182.772,measure,4944.0,1784.0,8.8201,64.91
182.872,measure,4944.0,1768.0,8.7410,64.78
182.973,measure,4944.0,1776.0,8.7805,64.91
183.073,measure,4944.0,1792.0,8.8596,64.94
183.173,measure,4944.0,1784.0,8.8201,65.06
183.273,measure,4944.0,1776.0,8.7805,64.78
183.373,measure,4944.0,1768.0,8.7410,64.84
183.473,measure,4944.0,1792.0,8.8596,65.09
183.573,measure,4944.0,1784.0,8.8201,64.97
183.673,measure,4944.0,1776.0,8.7805,65.09
183.774,measure,4944.0,1768.0,8.7410,64.97
183.874,measure,4944.0,1792.0,8.8596,65.09
183.974,measure,4944.0,1784.0,8.8201,64.97
184.074,measure,4944.0,1776.0,8.7805,65.03
184.174,measure,4944.0,1760.0,8.7014,64.72
184.274,measure,4944.0,1784.0,8.8201,64.94
184.374,measure,4944.0,1776.0,8.7805,65.22
184.475,measure,4944.0,1768.0,8.7410,64.75
184.575,measure,4944.0,1760.0,8.7014,64.69
184.676,measure,4944.0,1784.0,8.8201,64.97
184.776,measure,4944.0,1784.0,8.8201,64.94
184.876,measure,4944.0,1776.0,8.7805,64.97
184.976,measure,4944.0,1760.0,8.7014,64.84
185.076,measure,4944.0,1784.0,8.8201,65.12
185.176,measure,4944.0,1784.0,8.8201,65.03
185.276,measure,4944.0,1776.0,8.7805,64.94
185.377,measure,4944.0,1760.0,8.7014,65.00
185.477,measure,4944.0,1776.0,8.7805,65.00
185.577,measure,4944.0,1784.0,8.8201,65.03
185.677,measure,4944.0,1776.0,8.7805,64.78
185.777,measure,4944.0,1760.0,8.7014,64.97
185.877,measure,4944.0,1776.0,8.7805,64.84
185.977,measure,4944.0,1784.0,8.8201,64.84
186.078,measure,4944.0,1776.0,8.7805,65.16
186.178,measure,4944.0,1768.0,8.7410,64.75
186.278,measure,4944.0,1776.0,8.7805,64.78
186.378,measure,4944.0,1792.0,8.8596,65.03
186.478,measure,4944.0,1784.0,8.8201,64.94
186.578,measure,4944.0,1768.0,8.7410,64.91
186.678,measure,4944.0,1776.0,8.7805,64.78
186.778,measure,4944.0,1792.0,8.8596,65.00
186.879,measure,4944.0,1784.0,8.8201,65.06
186.979,measure,4944.0,1776.0,8.7805,64.91
187.079,measure,4944.0,1768.0,8.7410,64.81
187.179,measure,4944.0,1792.0,8.8596,65.19
187.279,measure,4944.0,1784.0,8.8201,65.00
187.379,measure,4944.0,1776.0,8.7805,64.81
187.479,measure,4944.0,1768.0,8.7410,65.03
187.579,measure,4944.0,1784.0,8.8201,64.91
187.680,measure,4944.0,1784.0,8.8201,64.91
187.780,measure,4944.0,1776.0,8.7805,64.91
187.880,measure,4944.0,1768.0,8.7410,64.75
187.980,measure,4944.0,1784.0,8.8201,64.88
188.080,measure,4944.0,1792.0,8.8596,64.94
188.181,measure,4944.0,1776.0,8.7805,64.84
188.281,measure,4944.0,1760.0,8.7014,64.91
188.381,measure,4944.0,1784.0,8.8201,64.97
188.481,measure,4944.0,1784.0,8.8201,64.84
188.581,measure,4944.0,1784.0,8.8201,65.03
188.681,measure,4944.0,1760.0,8.7014,64.88
188.781,measure,4944.0,1784.0,8.8201,64.94
188.881,measure,4944.0,1784.0,8.8201,65.19
188.982,measure,4944.0,1784.0,8.8201,65.03
189.082,measure,4944.0,1760.0,8.7014,64.72
189.182,measure,4944.0,1776.0,8.7805,65.16
189.282,measure,4944.0,1784.0,8.8201,65.19
189.382,measure,4944.0,1776.0,8.7805,64.78
189.482,measure,4944.0,1760.0,8.7014,64.81
189.582,measure,4944.0,1776.0,8.7805,64.91
189.683,measure,4944.0,1784.0,8.8201,64.94
189.783,measure,4944.0,1784.0,8.8201,64.94
189.883,measure,4944.0,1760.0,8.7014,64.81
189.983,measure,4944.0,1776.0,8.7805,65.00
190.083,measure,4944.0,1792.0,8.8596,65.06
190.183,measure,4944.0,1776.0,8.7805,64.84
190.283,measure,4944.0,1760.0,8.7014,65.06
190.383,measure,4944.0,1776.0,8.7805,65.03
190.484,measure,4944.0,1784.0,8.8201,65.03
190.584,measure,4944.0,1784.0,8.8201,65.19
190.684,measure,4944.0,1768.0,8.7410,64.97
190.784,measure,4944.0,1776.0,8.7805,64.75
190.884,measure,4944.0,1792.0,8.8596,64.88
190.984,measure,4944.0,1784.0,8.8201,65.09
191.084,measure,4944.0,1768.0,8.7410,64.78
191.185,measure,4944.0,1776.0,8.7805,64.78
191.285,measure,4944.0,1792.0,8.8596,64.97
191.385,measure,4944.0,1784.0,8.8201,64.84
191.485,measure,4944.0,1768.0,8.7410,64.97
191.585,measure,4944.0,1768.0,8.7410,64.84
191.685,measure,4944.0,1784.0,8.8201,64.97
191.785,measure,4944.0,1776.0,8.7805,65.03
191.885,measure,4944.0,1768.0,8.7410,64.81
191.986,measure,4944.0,1768.0,8.7410,65.06
192.086,measure,4944.0,1784.0,8.8201,65.09
192.186,measure,4944.0,1776.0,8.7805,65.00
192.286,measure,4944.0,1768.0,8.7410,65.22
192.386,measure,4944.0,1768.0,8.7410,65.06
192.486,measure,4944.0,1784.0,8.8201,64.91
192.586,measure,4944.0,1784.0,8.8201,64.84
192.686,measure,4944.0,1768.0,8.7410,65.16
192.787,measure,4944.0,1768.0,8.7410,64.78
192.887,measure,4944.0,1792.0,8.8596,64.88
192.987,measure,4944.0,1784.0,8.8201,64.91
193.087,measure,4944.0,1776.0,8.7805,64.78
193.187,measure,4944.0,1768.0,8.7410,64.84
193.287,measure,4944.0,1792.0,8.8596,65.03
193.387,measure,4944.0,1776.0,8.7805,64.97
193.488,measure,4944.0,1768.0,8.7410,64.97
193.588,measure,4944.0,1768.0,8.7410,64.78
193.688,measure,4944.0,1784.0,8.8201,65.19
193.788,measure,4944.0,1784.0,8.8201,65.12
193.888,measure,4944.0,1776.0,8.7805,64.97
193.988,measure,4944.0,1768.0,8.7410,64.69
194.088,measure,4944.0,1784.0,8.8201,65.16
194.188,measure,4944.0,1784.0,8.8201,64.97
194.289,measure,4944.0,1768.0,8.7410,64.78
194.389,measure,4944.0,1760.0,8.7014,65.12
194.489,measure,4944.0,1784.0,8.8201,64.94
194.589,measure,4944.0,1784.0,8.8201,64.91
194.689,measure,4944.0,1768.0,8.7410,64.84
194.789,measure,4944.0,1760.0,8.7014,64.78
194.889,measure,4944.0,1784.0,8.8201,65.06
194.990,measure,4944.0,1784.0,8.8201,65.03
195.090,measure,4944.0,1768.0,8.7410,64.94
195.190,measure,4944.0,1760.0,8.7014,64.91
195.290,measure,4944.0,1784.0,8.8201,65.06
195.390,measure,4944.0,1776.0,8.7805,64.94
195.490,measure,4944.0,1768.0,8.7410,65.06
195.590,measure,4944.0,1760.0,8.7014,64.84
195.690,measure,4944.0,1776.0,8.7805,65.03
195.791,measure,4944.0,1784.0,8.8201,65.22
195.891,measure,4944.0,1776.0,8.7805,64.97
195.991,measure,4944.0,1760.0,8.7014,64.88
196.091,measure,4944.0,1776.0,8.7805,65.28
196.191,measure,4944.0,1784.0,8.8201,64.91
196.291,measure,4944.0,1776.0,8.7805,64.78
196.391,measure,4944.0,1760.0,8.7014,64.81
196.492,measure,4944.0,1776.0,8.7805,64.91
196.592,measure,4944.0,1776.0,8.7805,64.84
196.692,measure,4944.0,1768.0,8.7410,64.97
196.792,measure,4944.0,1760.0,8.7014,64.84
196.893,measure,4944.0,1784.0,8.8201,65.19
196.993,measure,4944.0,1784.0,8.8201,64.97
197.093,measure,4944.0,1776.0,8.7805,65.00
197.193,measure,4944.0,1760.0,8.7014,65.00
197.293,measure,4944.0,1776.0,8.7805,65.06
197.393,measure,4944.0,1784.0,8.8201,64.91
197.494,measure,4944.0,1776.0,8.7805,65.22
197.594,measure,4944.0,1760.0,8.7014,64.97
197.694,measure,4944.0,1776.0,8.7805,64.91
197.794,measure,4944.0,1784.0,8.8201,65.03
197.894,measure,4944.0,1776.0,8.7805,64.94
197.994,measure,4944.0,1768.0,8.7410,64.78
198.094,measure,4944.0,1776.0,8.7805,64.91
198.194,measure,4944.0,1792.0,8.8596,65.09
198.295,measure,4944.0,1784.0,8.8201,65.09
198.395,measure,4944.0,1768.0,8.7410,64.97
198.495,measure,4944.0,1768.0,8.7410,64.91
198.595,measure,4944.0,1792.0,8.8596,65.16
198.695,measure,4944.0,1784.0,8.8201,65.06
198.795,measure,4944.0,1768.0,8.7410,64.88
198.895,measure,4944.0,1768.0,8.7410,65.03
198.996,measure,4944.0,1784.0,8.8201,65.16
199.096,measure,4944.0,1784.0,8.8201,65.06
199.196,measure,4944.0,1776.0,8.7805,65.16
199.296,measure,4944.0,1760.0,8.7014,64.97
199.396,measure,4944.0,1784.0,8.8201,64.78
199.496,measure,4944.0,1784.0,8.8201,64.97
199.596,measure,4944.0,1776.0,8.7805,65.16
199.696,measure,4944.0,1760.0,8.7014,64.94
199.797,measure,4944.0,1784.0,8.8201,64.91
199.897,measure,4944.0,1784.0,8.8201,65.06
199.997,measure,4944.0,1776.0,8.7805,64.88
200.097,measure,4944.0,1760.0,8.7014,64.94
200.197,measure,4944.0,1784.0,8.8201,65.00
200.297,measure,4944.0,1784.0,8.8201,64.91
200.397,measure,4944.0,1776.0,8.7805,65.09
200.498,measure,4944.0,1760.0,8.7014,64.91
200.598,measure,4944.0,1776.0,8.7805,65.19
200.698,measure,4944.0,1784.0,8.8201,65.12
200.798,measure,4944.0,1776.0,8.7805,65.00
200.898,measure,4944.0,1768.0,8.7410,64.75
200.998,measure,4944.0,1776.0,8.7805,65.06
201.098,measure,4944.0,1792.0,8.8596,64.97
201.199,measure,4944.0,1784.0,8.8201,64.88
201.299,measure,4944.0,1776.0,8.7805,64.81
201.399,measure,4944.0,1768.0,8.7410,64.94
201.499,measure,4944.0,1792.0,8.8596,65.03
201.599,measure,4944.0,1776.0,8.7805,65.03
201.699,measure,4944.0,1768.0,8.7410,64.84
201.800,measure,4944.0,1768.0,8.7410,64.91
201.900,measure,4944.0,1784.0,8.8201,65.03
202.000,measure,4944.0,1784.0,8.8201,65.00
202.100,measure,4944.0,1776.0,8.7805,65.06
202.200,measure,4944.0,1768.0,8.7410,64.84
202.301,measure,4944.0,1784.0,8.8201,65.19
202.401,measure,4944.0,1776.0,8.7805,65.12
202.501,measure,4944.0,1768.0,8.7410,64.94
202.601,measure,4944.0,1760.0,8.7014,64.81
202.702,measure,4944.0,1784.0,8.8201,64.91
202.802,measure,4944.0,1784.0,8.8201,64.97
202.902,measure,4944.0,1776.0,8.7805,65.00
203.002,measure,4944.0,1760.0,8.7014,64.81
203.103,measure,4944.0,1776.0,8.7805,64.88
203.203,measure,4944.0,1784.0,8.8201,65.03
203.303,measure,4944.0,1784.0,8.8201,65.03
203.403,measure,4944.0,1768.0,8.7410,64.88
203.503,measure,4944.0,1776.0,8.7805,65.06
203.603,measure,4944.0,1792.0,8.8596,65.06
203.703,measure,4944.0,1784.0,8.8201,65.25
203.803,measure,4944.0,1768.0,8.7410,65.12
203.904,measure,4944.0,1776.0,8.7805,65.00
204.004,measure,4944.0,1792.0,8.8596,65.31
204.104,measure,4944.0,1784.0,8.8201,65.16
204.204,measure,4944.0,1768.0,8.7410,64.88
204.304,measure,4944.0,1768.0,8.7410,64.94
204.404,measure,4944.0,1784.0,8.8201,65.28
204.504,measure,4944.0,1784.0,8.8201,64.97
204.605,measure,4944.0,1768.0,8.7410,64.78
204.705,measure,4944.0,1768.0,8.7410,64.84
204.805,measure,4944.0,1784.0,8.8201,64.97
204.905,measure,4944.0,1776.0,8.7805,65.09
205.005,measure,4944.0,1768.0,8.7410,65.00
205.105,measure,4944.0,1760.0,8.7014,64.81
205.205,measure,4944.0,1784.0,8.8201,65.06
205.306,measure,4944.0,1776.0,8.7805,65.09
205.406,measure,4944.0,1768.0,8.7410,65.25
205.506,measure,4944.0,1760.0,8.7014,64.91
205.606,measure,4944.0,1784.0,8.8201,65.12
205.706,measure,4944.0,1776.0,8.7805,64.97
205.806,measure,4944.0,1768.0,8.7410,65.06
205.906,measure,4944.0,1760.0,8.7014,65.00
206.007,measure,4944.0,1776.0,8.7805,64.91
206.107,measure,4944.0,1784.0,8.8201,65.25
206.207,measure,4944.0,1768.0,8.7410,64.94
206.307,measure,4944.0,1752.0,8.6619,64.94
206.408,measure,4944.0,1776.0,8.7805,65.09
206.508,measure,4944.0,1784.0,8.8201,64.97
206.608,measure,4944.0,1768.0,8.7410,65.06
206.708,measure,4944.0,1760.0,8.7014,64.91
206.808,measure,4944.0,1776.0,8.7805,64.94
206.908,measure,4944.0,1784.0,8.8201,65.12
207.008,measure,4944.0,1776.0,8.7805,64.97
207.109,measure,4944.0,1760.0,8.7014,65.12
207.209,measure,4944.0,1776.0,8.7805,65.16
207.309,measure,4944.0,1784.0,8.8201,65.09
207.409,measure,4944.0,1776.0,8.7805,64.84
207.509,measure,4944.0,1752.0,8.6619,65.06
207.609,measure,4944.0,1776.0,8.7805,64.91
207.709,measure,4944.0,1776.0,8.7805,64.91
207.810,measure,4944.0,1768.0,8.7410,65.28
207.910,measure,4944.0,1752.0,8.6619,64.81
208.010,measure,4944.0,1776.0,8.7805,64.94
208.110,measure,4944.0,1776.0,8.7805,65.03
208.210,measure,4944.0,1768.0,8.7410,65.12
208.310,measure,4944.0,1752.0,8.6619,64.97
208.411,measure,4944.0,1776.0,8.7805,65.06
208.511,measure,4944.0,1776.0,8.7805,65.00
208.611,measure,4944.0,1768.0,8.7410,65.06
208.711,measure,4944.0,1752.0,8.6619,64.91
208.811,measure,4944.0,1776.0,8.7805,64.84
208.911,measure,4944.0,1776.0,8.7805,65.22
209.012,measure,4944.0,1768.0,8.7410,65.06
209.112,measure,4944.0,1752.0,8.6619,64.88
209.212,measure,4944.0,1776.0,8.7805,65.28
209.312,measure,4944.0,1784.0,8.8201,65.06
209.412,measure,4944.0,1776.0,8.7805,64.88
209.512,measure,4944.0,1760.0,8.7014,64.84
209.613,measure,4944.0,1768.0,8.7410,64.91
209.713,measure,4944.0,1784.0,8.8201,65.00
209.813,measure,4944.0,1776.0,8.7805,65.03
209.913,measure,4944.0,1768.0,8.7410,64.88
210.013,measure,4944.0,1768.0,8.7410,64.91
210.113,measure,4944.0,1784.0,8.8201,65.12
210.213,measure,4944.0,1776.0,8.7805,65.28
210.314,measure,4944.0,1760.0,8.7014,65.06
210.414,measure,4944.0,1760.0,8.7014,65.00
210.514,measure,4944.0,1784.0,8.8201,64.94
210.614,measure,4944.0,1768.0,8.7410,65.22
210.714,measure,4944.0,1760.0,8.7014,65.00
210.814,measure,4944.0,1760.0,8.7014,64.94
210.915,measure,4944.0,1784.0,8.8201,65.31
211.015,measure,4944.0,1776.0,8.7805,64.94
211.115,measure,4944.0,1760.0,8.7014,64.84
211.215,measure,4944.0,1760.0,8.7014,64.91
211.315,measure,4944.0,1784.0,8.8201,65.03
211.415,measure,4944.0,1776.0,8.7805,64.97
211.515,measure,4944.0,1768.0,8.7410,64.97
211.616,measure,4944.0,1760.0,8.7014,64.91
211.716,measure,4944.0,1784.0,8.8201,65.09
211.817,measure,4944.0,1776.0,8.7805,65.03
211.917,measure,4944.0,1768.0,8.7410,64.88
212.017,measure,4944.0,1752.0,8.6619,65.06
212.117,measure,4944.0,1776.0,8.7805,65.12
212.217,measure,4944.0,1776.0,8.7805,65.06
212.318,measure,4944.0,1768.0,8.7410,65.16
212.418,measure,4944.0,1752.0,8.6619,64.84
212.518,measure,4944.0,1776.0,8.7805,64.97
212.618,measure,4944.0,1792.0,8.8596,65.12
212.718,measure,4944.0,1784.0,8.8201,65.03
212.818,measure,4944.0,1768.0,8.7410,65.00
212.918,measure,4944.0,1768.0,8.7410,65.00
213.019,measure,4944.0,1784.0,8.8201,65.06
213.119,measure,4944.0,1776.0,8.7805,65.16
213.219,measure,4944.0,1768.0,8.7410,64.97
213.319,measure,4944.0,1768.0,8.7410,65.16
213.419,measure,4944.0,1792.0,8.8596,65.25
213.519,measure,4944.0,1784.0,8.8201,65.12
213.620,measure,4944.0,1776.0,8.7805,64.84
213.720,measure,4944.0,1768.0,8.7410,65.12
213.821,measure,4944.0,1784.0,8.8201,65.00
213.921,measure,4944.0,1776.0,8.7805,64.94
214.021,measure,4944.0,1768.0,8.7410,65.22
214.121,measure,4944.0,1760.0,8.7014,64.81
214.221,measure,4944.0,1776.0,8.7805,65.03
214.321,measure,4944.0,1776.0,8.7805,65.09
214.422,measure,4944.0,1768.0,8.7410,64.91
214.522,measure,4944.0,1760.0,8.7014,65.03
214.622,measure,4944.0,1776.0,8.7805,65.09
214.722,measure,4944.0,1784.0,8.8201,65.06
214.822,measure,4944.0,1776.0,8.7805,65.12
214.922,measure,4944.0,1760.0,8.7014,64.94
215.022,measure,4944.0,1776.0,8.7805,65.00
215.123,measure,4944.0,1792.0,8.8596,65.28
215.223,measure,4944.0,1784.0,8.8201,65.19
215.323,measure,4944.0,1776.0,8.7805,64.84
215.423,measure,4944.0,1768.0,8.7410,65.16
215.523,measure,4944.0,1792.0,8.8596,65.00
215.623,measure,4944.0,1784.0,8.8201,65.00
215.723,measure,4944.0,1776.0,8.7805,65.03
215.824,measure,4944.0,1768.0,8.7410,64.84
215.924,measure,4944.0,1784.0,8.8201,65.06
216.024,measure,4944.0,1784.0,8.8201,65.09
216.124,measure,4944.0,1776.0,8.7805,64.97
216.224,measure,4944.0,1760.0,8.7014,64.97
216.324,measure,4944.0,1784.0,8.8201,65.12
216.424,measure,4944.0,1784.0,8.8201,65.09
216.525,measure,4944.0,1784.0,8.8201,65.16
216.625,measure,4944.0,1760.0,8.7014,64.97
216.725,measure,4944.0,1776.0,8.7805,64.97
216.825,measure,4944.0,1792.0,8.8596,65.31
216.925,measure,4944.0,1784.0,8.8201,65.09
217.025,measure,4944.0,1768.0,8.7410,64.94
217.125,measure,4944.0,1768.0,8.7410,65.22
217.226,measure,4944.0,1792.0,8.8596,65.28
217.326,measure,4944.0,1784.0,8.8201,65.12
217.426,measure,4944.0,1768.0,8.7410,64.91
217.526,measure,4944.0,1768.0,8.7410,64.88
217.626,measure,4944.0,1784.0,8.8201,65.06
217.727,measure,4944.0,1792.0,8.8596,65.16
217.827,measure,4944.0,1784.0,8.8201,65.00
217.927,measure,4944.0,1760.0,8.7014,65.16
218.027,measure,4944.0,1784.0,8.8201,65.12
218.127,measure,4944.0,1800.0,8.8992,65.09
218.227,measure,4944.0,1792.0,8.8596,65.25
218.327,measure,4944.0,1784.0,8.8201,65.16
218.428,measure,4944.0,1776.0,8.7805,64.94
218.528,measure,4944.0,1792.0,8.8596,65.31
218.628,measure,4944.0,1792.0,8.8596,65.25
218.728,measure,4944.0,1784.0,8.8201,64.97
218.828,measure,4944.0,1768.0,8.7410,64.84
218.928,measure,4944.0,1784.0,8.8201,65.00
219.029,measure,4944.0,1792.0,8.8596,65.00
219.129,measure,4944.0,1784.0,8.8201,65.12
219.229,measure,4944.0,1760.0,8.7014,64.97
219.329,measure,4944.0,1784.0,8.8201,64.94
219.429,measure,4944.0,1792.0,8.8596,65.22
219.529,measure,4944.0,1784.0,8.8201,65.12
219.629,measure,4944.0,1776.0,8.7805,65.16
219.730,measure,4944.0,1776.0,8.7805,65.06
219.830,measure,4944.0,1792.0,8.8596,65.19
219.930,measure,4944.0,1792.0,8.8596,65.28
220.030,measure,4944.0,1784.0,8.8201,65.12
220.130,measure,4944.0,1768.0,8.7410,64.91
220.231,measure,4944.0,1784.0,8.8201,65.31
220.331,measure,4944.0,1792.0,8.8596,65.22
220.431,measure,4944.0,1784.0,8.8201,64.97
220.531,measure,4944.0,1760.0,8.7014,64.91
220.632,measure,4944.0,1784.0,8.8201,65.03
220.732,measure,4944.0,1792.0,8.8596,65.00
220.832,measure,4944.0,1784.0,8.8201,65.06
220.932,measure,4944.0,1768.0,8.7410,64.97
221.032,measure,4944.0,1776.0,8.7805,65.00
221.132,measure,4944.0,1792.0,8.8596,65.19
221.232,measure,4944.0,1784.0,8.8201,65.03
221.333,measure,4944.0,1776.0,8.7805,65.22
221.433,measure,4944.0,1768.0,8.7410,65.06
221.533,measure,4944.0,1792.0,8.8596,65.16
221.633,measure,4944.0,1792.0,8.8596,65.41
221.734,measure,4944.0,1784.0,8.8201,65.19
221.834,measure,4944.0,1768.0,8.7410,64.91
221.934,measure,4944.0,1784.0,8.8201,65.38
222.034,measure,4944.0,1792.0,8.8596,65.31
222.134,measure,4944.0,1784.0,8.8201,65.09
222.234,measure,4944.0,1768.0,8.7410,64.94
222.334,measure,4944.0,1776.0,8.7805,64.97
222.435,measure,4944.0,1800.0,8.8992,65.22
222.535,measure,4944.0,1792.0,8.8596,65.22
222.635,measure,4944.0,1776.0,8.7805,65.09
222.735,measure,4944.0,1768.0,8.7410,65.09
222.835,measure,4944.0,1792.0,8.8596,65.22
222.935,measure,4944.0,1792.0,8.8596,65.16
223.036,measure,4944.0,1784.0,8.8201,65.28
223.136,measure,4944.0,1768.0,8.7410,64.97
223.236,measure,4944.0,1784.0,8.8201,65.12
223.336,measure,4944.0,1792.0,8.8596,65.38
223.436,measure,4944.0,1784.0,8.8201,65.25
223.536,measure,4944.0,1776.0,8.7805,64.97
223.636,measure,4944.0,1776.0,8.7805,64.91
223.737,measure,4944.0,1792.0,8.8596,65.12
223.837,measure,4944.0,1784.0,8.8201,65.09
223.937,measure,4944.0,1776.0,8.7805,65.12
224.037,measure,4944.0,1768.0,8.7410,64.94
224.137,measure,4944.0,1784.0,8.8201,65.09
224.237,measure,4944.0,1784.0,8.8201,65.19
224.337,measure,4944.0,1776.0,8.7805,65.03
224.438,measure,4944.0,1760.0,8.7014,65.09
224.538,measure,4944.0,1784.0,8.8201,65.12
224.638,measure,4944.0,1792.0,8.8596,65.16
224.738,measure,4944.0,1784.0,8.8201,65.28
224.838,measure,4944.0,1768.0,8.7410,65.06
224.938,measure,4944.0,1776.0,8.7805,65.06
225.038,measure,4944.0,1800.0,8.8992,65.44
225.139,measure,4944.0,1792.0,8.8596,65.28
225.239,measure,4944.0,1776.0,8.7805,65.03
225.339,measure,4944.0,1768.0,8.7410,64.91
225.440,measure,4944.0,1792.0,8.8596,65.12
225.540,measure,4944.0,1792.0,8.8596,65.09
225.640,measure,4944.0,1784.0,8.8201,65.12
225.740,measure,4944.0,1768.0,8.7410,65.03
225.840,measure,4944.0,1784.0,8.8201,65.03
225.940,measure,4944.0,1792.0,8.8596,65.19
226.041,measure,4944.0,1784.0,8.8201,65.09
226.141,measure,4944.0,1768.0,8.7410,65.25
226.241,measure,4944.0,1776.0,8.7805,65.12
226.341,measure,4944.0,1792.0,8.8596,65.19
226.441,measure,4944.0,1792.0,8.8596,65.41
226.541,measure,4944.0,1776.0,8.7805,65.22
226.641,measure,4944.0,1768.0,8.7410,65.06
226.742,measure,4944.0,1792.0,8.8596,65.00
226.842,measure,4944.0,1792.0,8.8596,65.34
226.942,measure,4944.0,1784.0,8.8201,64.94
227.042,measure,4944.0,1768.0,8.7410,64.91
227.143,measure,4944.0,1784.0,8.8201,65.03
227.243,measure,4944.0,1792.0,8.8596,65.09
227.343,measure,4944.0,1784.0,8.8201,65.19
227.443,measure,4944.0,1768.0,8.7410,65.03
227.543,measure,4944.0,1776.0,8.7805,65.03
227.643,measure,4944.0,1800.0,8.8992,65.28
227.743,measure,4944.0,1800.0,8.8992,65.19
227.844,measure,4944.0,1792.0,8.8596,65.38
227.944,measure,4944.0,1768.0,8.7410,65.09
228.044,measure,4944.0,1784.0,8.8201,65.09
228.144,measure,4944.0,1792.0,8.8596,65.50
228.244,measure,4944.0,1784.0,8.8201,65.28
228.344,measure,4944.0,1776.0,8.7805,65.03
228.444,measure,4944.0,1776.0,8.7805,64.94
228.545,measure,4944.0,1792.0,8.8596,65.41
228.645,measure,4944.0,1792.0,8.8596,65.06
228.745,measure,4944.0,1776.0,8.7805,64.91
228.845,measure,4944.0,1768.0,8.7410,65.00
228.945,measure,4944.0,1784.0,8.8201,65.16
229.046,measure,4944.0,1792.0,8.8596,65.28
229.146,measure,4944.0,1784.0,8.8201,65.16
229.246,measure,4944.0,1760.0,8.7014,65.12
229.346,measure,4944.0,1784.0,8.8201,65.12
229.446,measure,4944.0,1792.0,8.8596,65.16
229.546,measure,4944.0,1784.0,8.8201,65.34
229.646,measure,4944.0,1768.0,8.7410,65.16
229.746,measure,4944.0,1776.0,8.7805,65.12
229.847,measure,4944.0,1800.0,8.8992,65.09
229.947,measure,4944.0,1792.0,8.8596,65.31
230.047,measure,4944.0,1776.0,8.7805,65.16
230.147,measure,4944.0,1768.0,8.7410,64.97
230.247,measure,4944.0,1792.0,8.8596,65.09
230.347,measure,4944.0,1784.0,8.8201,65.09
230.448,measure,4944.0,1768.0,8.7410,65.06
230.548,measure,4944.0,1768.0,8.7410,64.97
230.648,measure,4944.0,1784.0,8.8201,65.19
230.748,measure,4944.0,1784.0,8.8201,65.28
230.848,measure,4944.0,1776.0,8.7805,65.09
230.948,measure,4944.0,1760.0,8.7014,65.03
231.048,measure,4944.0,1784.0,8.8201,65.16
231.149,measure,4944.0,1784.0,8.8201,65.25
231.249,measure,4944.0,1784.0,8.8201,65.34
231.349,measure,4944.0,1760.0,8.7014,65.19
231.449,measure,4944.0,1776.0,8.7805,65.16
231.549,measure,4944.0,1792.0,8.8596,65.09
231.649,measure,4944.0,1784.0,8.8201,65.34
231.749,measure,4944.0,1768.0,8.7410,65.06
231.850,measure,4944.0,1768.0,8.7410,64.94
231.950,measure,4944.0,1792.0,8.8596,65.44
232.050,measure,4944.0,1784.0,8.8201,65.12
232.150,measure,4944.0,1776.0,8.7805,65.06
232.250,measure,4944.0,1768.0,8.7410,65.06
232.350,measure,4944.0,1784.0,8.8201,65.06
232.451,measure,4944.0,1784.0,8.8201,65.06
232.551,measure,4944.0,1776.0,8.7805,65.16
232.651,measure,4944.0,1760.0,8.7014,64.97
232.751,measure,4944.0,1784.0,8.8201,65.25
232.851,measure,4944.0,1792.0,8.8596,65.19
232.951,measure,4944.0,1784.0,8.8201,65.12
233.051,measure,4944.0,1768.0,8.7410,65.19
233.152,measure,4944.0,1784.0,8.8201,65.28
233.252,measure,4944.0,1800.0,8.8992,65.19
233.352,measure,4944.0,1792.0,8.8596,65.41
233.452,measure,4944.0,1776.0,8.7805,65.16
233.552,measure,4944.0,1776.0,8.7805,65.00
233.652,measure,4944.0,1792.0,8.8596,65.06
233.752,measure,4944.0,1784.0,8.8201,65.12
233.853,measure,4944.0,1776.0,8.7805,65.00
233.953,measure,4944.0,1768.0,8.7410,65.16
234.054,measure,4944.0,1792.0,8.8596,65.12
234.154,measure,4944.0,1792.0,8.8596,65.31
234.254,measure,4944.0,1784.0,8.8201,65.25
234.354,measure,4944.0,1768.0,8.7410,65.03
234.454,measure,4944.0,1784.0,8.8201,65.25
234.554,measure,4944.0,1792.0,8.8596,65.25
234.654,measure,4944.0,1792.0,8.8596,65.19
234.755,measure,4944.0,1776.0,8.7805,65.28
234.855,measure,4944.0,1776.0,8.7805,65.22
234.955,measure,4944.0,1800.0,8.8992,65.16
235.055,measure,4944.0,1792.0,8.8596,65.41
235.155,measure,4944.0,1784.0,8.8201,65.09
235.255,measure,4944.0,1768.0,8.7410,64.97
235.355,measure,4944.0,1784.0,8.8201,65.19
235.456,measure,4944.0,1784.0,8.8201,65.19
235.556,measure,4944.0,1768.0,8.7410,65.06
235.656,measure,4944.0,1760.0,8.7014,65.03
235.757,measure,4944.0,1784.0,8.8201,65.25
235.857,measure,4944.0,1784.0,8.8201,65.34
235.957,measure,4944.0,1776.0,8.7805,65.16
236.057,measure,4944.0,1760.0,8.7014,65.34
236.157,measure,4944.0,1784.0,8.8201,65.28
236.257,measure,4944.0,1792.0,8.8596,65.28
236.357,measure,4944.0,1784.0,8.8201,65.22
236.458,measure,4944.0,1768.0,8.7410,65.28
236.558,measure,4944.0,1776.0,8.7805,65.22
236.658,measure,4944.0,1792.0,8.8596,65.06
236.758,measure,4944.0,1784.0,8.8201,65.09
236.858,measure,4944.0,1776.0,8.7805,65.16
236.958,measure,4944.0,1768.0,8.7410,65.00
237.058,measure,4944.0,1784.0,8.8201,65.25
237.159,measure,4944.0,1784.0,8.8201,65.12
237.259,measure,4944.0,1784.0,8.8201,65.28
237.359,measure,4944.0,1768.0,8.7410,65.09
237.459,measure,4944.0,1784.0,8.8201,65.22
237.559,measure,4944.0,1784.0,8.8201,65.06
237.659,measure,4944.0,1776.0,8.7805,65.16
237.759,measure,4944.0,1760.0,8.7014,65.06
237.859,measure,4944.0,1784.0,8.8201,65.28
237.960,measure,4944.0,1792.0,8.8596,65.31
238.060,measure,4944.0,1776.0,8.7805,65.19
238.160,measure,4944.0,1760.0,8.7014,65.31
238.260,measure,4944.0,1776.0,8.7805,65.28
238.360,measure,4944.0,1784.0,8.8201,65.09
238.460,measure,4944.0,1784.0,8.8201,65.06
238.560,measure,4944.0,1768.0,8.7410,65.19
238.660,measure,4944.0,1776.0,8.7805,65.12
238.761,measure,4944.0,1792.0,8.8596,65.16
238.861,measure,4944.0,1784.0,8.8201,65.12
238.961,measure,4944.0,1768.0,8.7410,65.00
239.061,measure,4944.0,1776.0,8.7805,65.16
239.161,measure,4944.0,1792.0,8.8596,65.22
239.261,measure,4944.0,1784.0,8.8201,65.12
239.361,measure,4944.0,1768.0,8.7410,65.16
239.461,measure,4944.0,1768.0,8.7410,65.09
239.562,measure,4944.0,1792.0,8.8596,65.47
239.662,measure,4944.0,1784.0,8.8201,65.28
239.762,measure,4944.0,1768.0,8.7410,65.06
239.862,measure,4944.0,1768.0,8.7410,65.28
239.962,measure,4944.0,1792.0,8.8596,65.06
240.062,measure,4944.0,1784.0,8.8201,65.28
240.162,measure,4944.0,1768.0,8.7410,65.00
240.262,measure,4944.0,1768.0,8.7410,65.28
240.363,measure,4944.0,1784.0,8.8201,65.19
240.463,measure,4944.0,1784.0,8.8201,65.09
240.563,measure,4944.0,1776.0,8.7805,65.12
240.663,measure,4944.0,1768.0,8.7410,65.03
240.763,measure,4944.0,1784.0,8.8201,65.19
240.863,measure,4944.0,1784.0,8.8201,65.22
240.963,measure,4944.0,1776.0,8.7805,65.09
241.064,measure,4944.0,1760.0,8.7014,65.19
241.164,measure,4944.0,1784.0,8.8201,65.19
241.264,measure,4944.0,1784.0,8.8201,65.19
241.364,measure,4944.0,1784.0,8.8201,65.28
241.464,measure,4944.0,1760.0,8.7014,65.12
241.564,measure,4944.0,1776.0,8.7805,65.00
241.664,measure,4944.0,1792.0,8.8596,65.31
241.764,measure,4944.0,1784.0,8.8201,65.28
241.865,measure,4944.0,1768.0,8.7410,64.97
241.965,measure,4944.0,1776.0,8.7805,65.34
242.065,measure,4944.0,1784.0,8.8201,65.19
242.165,measure,4944.0,1784.0,8.8201,65.12
242.265,measure,4944.0,1768.0,8.7410,65.16
242.365,measure,4944.0,1768.0,8.7410,65.06
242.465,measure,4944.0,1792.0,8.8596,65.22
242.566,measure,4944.0,1784.0,8.8201,65.22
242.666,measure,4944.0,1768.0,8.7410,65.12
242.766,measure,4944.0,1768.0,8.7410,65.16
242.866,measure,4944.0,1792.0,8.8596,65.28
242.966,measure,4944.0,1784.0,8.8201,65.19
243.066,measure,4944.0,1768.0,8.7410,65.28
243.166,measure,4944.0,1768.0,8.7410,65.16
243.266,measure,4944.0,1792.0,8.8596,65.09
243.367,measure,4944.0,1776.0,8.7805,65.31
243.467,measure,4944.0,1768.0,8.7410,65.12
243.567,measure,4944.0,1768.0,8.7410,65.00
243.667,measure,4944.0,1792.0,8.8596,65.50
243.767,measure,4944.0,1784.0,8.8201,65.28
243.867,measure,4944.0,1776.0,8.7805,65.09
243.967,measure,4944.0,1768.0,8.7410,65.00
244.068,measure,4944.0,1792.0,8.8596,65.12
244.168,measure,4944.0,1784.0,8.8201,65.16
244.268,measure,4944.0,1784.0,8.8201,65.19
244.368,measure,4944.0,1760.0,8.7014,65.03
244.468,measure,4944.0,1784.0,8.8201,65.31
244.568,measure,4944.0,1784.0,8.8201,65.28
244.669,measure,4944.0,1776.0,8.7805,65.12
244.769,measure,4944.0,1760.0,8.7014,65.22
244.869,measure,4944.0,1784.0,8.8201,65.25
244.969,measure,4944.0,1784.0,8.8201,65.16
245.069,measure,4944.0,1776.0,8.7805,65.41
245.169,measure,4944.0,1760.0,8.7014,65.16
245.270,measure,4944.0,1784.0,8.8201,65.06
245.370,measure,4944.0,1784.0,8.8201,65.12
245.470,measure,4944.0,1776.0,8.7805,65.28
245.570,measure,4944.0,1760.0,8.7014,65.00
245.670,measure,4944.0,1776.0,8.7805,65.22
245.770,measure,4944.0,1776.0,8.7805,65.16
245.870,measure,4944.0,1768.0,8.7410,65.31
245.971,measure,4944.0,1760.0,8.7014,65.09
246.071,measure,4944.0,1784.0,8.8201,65.16
246.171,measure,4944.0,1776.0,8.7805,65.38
246.271,measure,4944.0,1776.0,8.7805,65.19
246.371,measure,4944.0,1760.0,8.7014,65.06
246.471,measure,4944.0,1784.0,8.8201,65.41
246.571,measure,4944.0,1784.0,8.8201,65.31
246.672,measure,4944.0,1776.0,8.7805,65.19
246.772,measure,4944.0,1760.0,8.7014,65.28
246.872,measure,4944.0,1776.0,8.7805,65.34
246.972,measure,4944.0,1784.0,8.8201,65.12
247.072,measure,4944.0,1776.0,8.7805,65.28
247.172,measure,4944.0,1760.0,8.7014,65.28
247.272,measure,4944.0,1776.0,8.7805,65.16
247.373,measure,4944.0,1784.0,8.8201,65.09
247.473,measure,4944.0,1776.0,8.7805,65.19
247.573,measure,4944.0,1760.0,8.7014,64.97
247.673,measure,4944.0,1776.0,8.7805,65.16
247.773,measure,4944.0,1784.0,8.8201,65.19
247.873,measure,4944.0,1776.0,8.7805,65.16
247.973,measure,4944.0,1768.0,8.7410,65.16
248.074,measure,4944.0,1776.0,8.7805,65.19
248.174,measure,4944.0,1784.0,8.8201,65.53
248.274,measure,4944.0,1784.0,8.8201,65.31
248.374,measure,4944.0,1768.0,8.7410,65.19
248.474,measure,4944.0,1768.0,8.7410,64.94
248.574,measure,4944.0,1792.0,8.8596,65.50
248.674,measure,4944.0,1784.0,8.8201,65.16
248.774,measure,4944.0,1776.0,8.7805,65.06
248.875,measure,4944.0,1768.0,8.7410,65.34
248.975,measure,4944.0,1792.0,8.8596,65.22
249.075,measure,4944.0,1784.0,8.8201,65.16
249.175,measure,4944.0,1768.0,8.7410,65.16
249.275,measure,4944.0,1768.0,8.7410,65.12
249.375,measure,4944.0,1784.0,8.8201,65.34
249.476,measure,4944.0,1776.0,8.7805,65.28
249.576,measure,4944.0,1768.0,8.7410,65.16
249.676,measure,4944.0,1760.0,8.7014,65.22
249.776,measure,4944.0,1784.0,8.8201,65.28
249.876,measure,4944.0,1776.0,8.7805,65.50
249.976,measure,4944.0,1760.0,8.7014,65.25
250.076,measure,4944.0,1768.0,8.7410,65.16
250.176,measure,4944.0,1784.0,8.8201,65.16
250.277,measure,4944.0,1784.0,8.8201,65.38
250.377,measure,4944.0,1768.0,8.7410,65.25
250.477,measure,4944.0,1760.0,8.7014,65.00
250.577,measure,4944.0,1784.0,8.8201,65.62
250.677,measure,4944.0,1784.0,8.8201,65.22
250.777,measure,4944.0,1768.0,8.7410,65.06
250.877,measure,4944.0,1760.0,8.7014,65.09
250.978,measure,4944.0,1784.0,8.8201,65.44
251.078,measure,4944.0,1776.0,8.7805,65.28
251.178,measure,4944.0,1768.0,8.7410,65.16
251.278,measure,4944.0,1760.0,8.7014,65.09
251.378,measure,4944.0,1784.0,8.8201,65.38
251.478,measure,4944.0,1784.0,8.8201,65.28
251.578,measure,4944.0,1768.0,8.7410,65.12
251.679,measure,4944.0,1760.0,8.7014,65.25
251.779,measure,4944.0,1784.0,8.8201,65.34
251.879,measure,4944.0,1776.0,8.7805,65.16
251.979,measure,4944.0,1768.0,8.7410,65.34
252.079,measure,4944.0,1760.0,8.7014,65.25
252.179,measure,4944.0,1784.0,8.8201,65.22
252.279,measure,4944.0,1784.0,8.8201,65.06
252.379,measure,4944.0,1768.0,8.7410,65.22
252.480,measure,4944.0,1760.0,8.7014,65.12
252.580,measure,4944.0,1784.0,8.8201,65.28
252.680,measure,4944.0,1776.0,8.7805,65.22
252.780,measure,4944.0,1768.0,8.7410,65.12
252.880,measure,4944.0,1760.0,8.7014,65.09
252.980,measure,4944.0,1784.0,8.8201,65.50
253.080,measure,4944.0,1784.0,8.8201,65.38
253.181,measure,4944.0,1776.0,8.7805,65.25
253.281,measure,4944.0,1760.0,8.7014,65.12
253.381,measure,4944.0,1776.0,8.7805,65.41
253.481,measure,4944.0,1784.0,8.8201,65.31
253.582,measure,4944.0,1776.0,8.7805,65.16
253.682,measure,4944.0,1760.0,8.7014,65.38
253.782,measure,4944.0,1776.0,8.7805,65.47
253.882,measure,4944.0,1776.0,8.7805,65.16
253.982,measure,4944.0,1768.0,8.7410,65.09
254.082,measure,4944.0,1752.0,8.6619,65.00
254.183,measure,4944.0,1776.0,8.7805,65.12
254.283,measure,4944.0,1784.0,8.8201,65.38
254.383,measure,4944.0,1776.0,8.7805,65.22
254.483,measure,4944.0,1760.0,8.7014,65.06
254.583,measure,4944.0,1776.0,8.7805,65.22
254.683,measure,4944.0,1784.0,8.8201,65.28
254.783,measure,4944.0,1776.0,8.7805,65.31
254.884,measure,4944.0,1760.0,8.7014,65.16
254.984,measure,4944.0,1776.0,8.7805,65.25
255.084,measure,4944.0,1784.0,8.8201,65.44
255.184,measure,4944.0,1784.0,8.8201,65.31
255.284,measure,4944.0,1768.0,8.7410,65.03
255.384,measure,4944.0,1768.0,8.7410,65.12
255.484,measure,4944.0,1792.0,8.8596,65.44
255.584,measure,4944.0,1776.0,8.7805,65.12
255.685,measure,4944.0,1760.0,8.7014,65.16
255.785,measure,4944.0,1768.0,8.7410,65.16
255.885,measure,4944.0,1784.0,8.8201,65.22
255.985,measure,4944.0,1776.0,8.7805,65.28
256.085,measure,4944.0,1768.0,8.7410,65.19
256.185,measure,4944.0,1768.0,8.7410,65.09
256.285,measure,4944.0,1784.0,8.8201,65.31
256.386,measure,4944.0,1784.0,8.8201,65.28
256.486,measure,4944.0,1768.0,8.7410,65.31
256.586,measure,4944.0,1760.0,8.7014,65.25
256.686,measure,4944.0,1784.0,8.8201,65.22
256.786,measure,4944.0,1784.0,8.8201,65.47
256.886,measure,4944.0,1776.0,8.7805,65.28
256.986,measure,4944.0,1760.0,8.7014,65.16
257.087,measure,4944.0,1784.0,8.8201,65.22
257.187,measure,4944.0,1784.0,8.8201,65.50
257.287,measure,4944.0,1776.0,8.7805,65.12
257.387,measure,4944.0,1760.0,8.7014,65.06
257.487,measure,4944.0,1784.0,8.8201,65.12
257.587,measure,4944.0,1784.0,8.8201,65.19
257.688,measure,4944.0,1784.0,8.8201,65.31
257.788,measure,4944.0,1760.0,8.7014,65.19
257.888,measure,4944.0,1776.0,8.7805,65.25
257.988,measure,4944.0,1784.0,8.8201,65.31
258.088,measure,4944.0,1784.0,8.8201,65.22
258.188,measure,4944.0,1768.0,8.7410,65.44
258.288,measure,4944.0,1776.0,8.7805,65.28
258.389,measure,4944.0,1792.0,8.8596,65.28
258.489,measure,4944.0,1784.0,8.8201,65.53
258.589,measure,4944.0,1768.0,8.7410,65.38
258.689,measure,4944.0,1768.0,8.7410,65.22
258.789,measure,4944.0,1792.0,8.8596,65.22
258.889,measure,4944.0,1776.0,8.7805,65.47
258.989,measure,4944.0,1768.0,8.7410,65.19
259.090,measure,4944.0,1768.0,8.7410,65.16
259.190,measure,4944.0,1784.0,8.8201,65.22
259.290,measure,4944.0,1784.0,8.8201,65.19
259.390,measure,4944.0,1776.0,8.7805,65.28
259.490,measure,4944.0,1768.0,8.7410,65.12
259.591,measure,4944.0,1784.0,8.8201,65.38
259.691,measure,4944.0,1784.0,8.8201,65.31
259.791,measure,4944.0,1784.0,8.8201,65.25
259.892,measure,4944.0,1760.0,8.7014,65.31
259.992,measure,4944.0,1784.0,8.8201,65.31
260.092,measure,4944.0,1784.0,8.8201,65.25
260.192,measure,4944.0,1776.0,8.7805,65.19
260.292,measure,4944.0,1760.0,8.7014,65.28
260.392,measure,4944.0,1776.0,8.7805,65.09
260.492,measure,4944.0,1784.0,8.8201,65.19
260.593,measure,4944.0,1784.0,8.8201,65.41
260.693,measure,4944.0,1768.0,8.7410,65.06
260.793,measure,4944.0,1776.0,8.7805,65.09
260.893,measure,4944.0,1784.0,8.8201,65.28
260.993,measure,4944.0,1784.0,8.8201,65.19
261.093,measure,4944.0,1768.0,8.7410,65.28
261.193,measure,4944.0,1768.0,8.7410,65.25
261.293,measure,4944.0,1792.0,8.8596,65.28
261.394,measure,4944.0,1784.0,8.8201,65.44
261.494,measure,4944.0,1768.0,8.7410,65.22
261.594,measure,4944.0,1768.0,8.7410,65.44
261.694,measure,4944.0,1792.0,8.8596,65.50
261.794,measure,4944.0,1776.0,8.7805,65.31
261.894,measure,4944.0,1768.0,8.7410,65.09
261.994,measure,4944.0,1768.0,8.7410,65.34
262.095,measure,4944.0,1792.0,8.8596,65.25
262.195,measure,4944.0,1784.0,8.8201,65.12
262.295,measure,4944.0,1776.0,8.7805,65.50
262.395,measure,4944.0,1768.0,8.7410,65.09
262.496,measure,4944.0,1792.0,8.8596,65.31
262.596,measure,4944.0,1784.0,8.8201,65.28
262.696,measure,4944.0,1784.0,8.8201,65.19
262.796,measure,4944.0,1760.0,8.7014,65.22
262.896,measure,4944.0,1784.0,8.8201,65.22
262.997,measure,4944.0,1784.0,8.8201,65.53
263.097,measure,4944.0,1776.0,8.7805,65.38
263.197,measure,4944.0,1760.0,8.7014,65.16
263.297,measure,4944.0,1776.0,8.7805,65.12
263.397,measure,4944.0,1792.0,8.8596,65.44
263.497,measure,4944.0,1784.0,8.8201,65.34
263.597,measure,4944.0,1768.0,8.7410,65.09
263.697,measure,4944.0,1776.0,8.7805,65.41
263.798,measure,4944.0,1792.0,8.8596,65.25
263.898,measure,4944.0,1784.0,8.8201,65.19
263.998,measure,4944.0,1768.0,8.7410,65.22
264.098,measure,4944.0,1768.0,8.7410,65.12
264.198,measure,4944.0,1792.0,8.8596,65.44
264.298,measure,4944.0,1784.0,8.8201,65.31
264.398,measure,4944.0,1776.0,8.7805,65.41
264.499,measure,4944.0,1768.0,8.7410,65.22
264.599,measure,4944.0,1784.0,8.8201,65.44
264.699,measure,4944.0,1776.0,8.7805,65.59
264.799,measure,4944.0,1768.0,8.7410,65.31
264.899,measure,4944.0,1760.0,8.7014,65.25
264.999,measure,4944.0,1784.0,8.8201,65.22
265.099,measure,4944.0,1776.0,8.7805,65.47
265.200,measure,4944.0,1768.0,8.7410,65.28
265.300,measure,4944.0,1760.0,8.7014,65.06
265.400,measure,4944.0,1784.0,8.8201,65.38
265.500,measure,4944.0,1776.0,8.7805,65.25
265.600,measure,4944.0,1760.0,8.7014,65.16
265.700,measure,4944.0,1768.0,8.7410,65.16
265.800,measure,4944.0,1784.0,8.8201,65.28
265.901,measure,4944.0,1776.0,8.7805,65.22
266.001,measure,4944.0,1768.0,8.7410,65.25
266.101,measure,4944.0,1768.0,8.7410,65.12
266.201,measure,4944.0,1784.0,8.8201,65.38
266.301,measure,4944.0,1784.0,8.8201,65.31
266.401,measure,4944.0,1768.0,8.7410,65.22
266.501,measure,4944.0,1768.0,8.7410,65.28
266.602,measure,4944.0,1784.0,8.8201,65.41
266.702,measure,4944.0,1784.0,8.8201,65.28
266.802,measure,4944.0,1776.0,8.7805,65.41
266.902,measure,4944.0,1768.0,8.7410,65.28
267.002,measure,4944.0,1784.0,8.8201,65.19
267.102,measure,4944.0,1792.0,8.8596,65.19
267.202,measure,4944.0,1784.0,8.8201,65.34
267.302,measure,4944.0,1760.0,8.7014,65.22
267.403,measure,4944.0,1784.0,8.8201,65.19
267.503,measure,4944.0,1792.0,8.8596,65.28
267.603,measure,4944.0,1784.0,8.8201,65.19
267.703,measure,4944.0,1760.0,8.7014,65.25
267.803,measure,4944.0,1776.0,8.7805,65.22
267.903,measure,4944.0,1784.0,8.8201,65.28
268.003,measure,4944.0,1784.0,8.8201,65.34
268.104,measure,4944.0,1760.0,8.7014,65.22
268.204,measure,4944.0,1776.0,8.7805,65.41
268.304,measure,4944.0,1784.0,8.8201,65.41
268.404,measure,4944.0,1776.0,8.7805,65.31
268.504,measure,4944.0,1768.0,8.7410,65.44
268.604,measure,4944.0,1776.0,8.7805,65.34
268.704,measure,4944.0,1784.0,8.8201,65.22
268.804,measure,4944.0,1784.0,8.8201,65.16
268.905,measure,4944.0,1768.0,8.7410,65.41
269.005,measure,4944.0,1768.0,8.7410,65.25
269.105,measure,4944.0,1792.0,8.8596,65.28
269.205,measure,4944.0,1784.0,8.8201,65.28
269.305,measure,4944.0,1768.0,8.7410,65.16
269.405,measure,4944.0,1768.0,8.7410,65.19
269.505,measure,4944.0,1792.0,8.8596,65.25
269.606,measure,4944.0,1784.0,8.8201,65.34
269.706,measure,4944.0,1776.0,8.7805,65.28
269.806,measure,4944.0,1768.0,8.7410,65.19
269.906,measure,4944.0,1784.0,8.8201,65.56
270.006,measure,4944.0,1784.0,8.8201,65.47
270.106,measure,4944.0,1768.0,8.7410,65.28
270.206,measure,4944.0,1768.0,8.7410,65.12
270.306,measure,4944.0,1792.0,8.8596,65.53
270.407,measure,4944.0,1776.0,8.7805,65.38
270.507,measure,4944.0,1760.0,8.7014,65.09
270.607,measure,4944.0,1768.0,8.7410,65.44
270.707,measure,4944.0,1784.0,8.8201,65.25
270.807,measure,4944.0,1776.0,8.7805,65.31
270.907,measure,4944.0,1768.0,8.7410,65.22
271.007,measure,4944.0,1768.0,8.7410,65.16
271.107,measure,4944.0,1784.0,8.8201,65.41
271.208,measure,4944.0,1784.0,8.8201,65.31
271.308,measure,4944.0,1776.0,8.7805,65.19
271.408,measure,4944.0,1760.0,8.7014,65.25
271.508,measure,4944.0,1784.0,8.8201,65.31
271.608,measure,4944.0,1784.0,8.8201,65.59
271.708,measure,4944.0,1776.0,8.7805,65.28
271.808,measure,4944.0,1760.0,8.7014,65.28
271.908,measure,4944.0,1784.0,8.8201,65.22
272.009,measure,4944.0,1784.0,8.8201,65.47
272.109,measure,4944.0,1776.0,8.7805,65.31
272.209,measure,4944.0,1760.0,8.7014,65.06
272.309,measure,4944.0,1776.0,8.7805,65.53
272.409,measure,4944.0,1784.0,8.8201,65.28
272.509,measure,4944.0,1776.0,8.7805,65.22
272.609,measure,4944.0,1760.0,8.7014,65.16
272.709,measure,4944.0,1776.0,8.7805,65.22
272.810,measure,4944.0,1784.0,8.8201,65.28
272.910,measure,4944.0,1776.0,8.7805,65.31
273.010,measure,4944.0,1760.0,8.7014,65.09
273.110,measure,4944.0,1776.0,8.7805,65.28
273.210,measure,4944.0,1784.0,8.8201,65.28
273.310,measure,4944.0,1776.0,8.7805,65.28
273.410,measure,4944.0,1760.0,8.7014,65.34
273.511,measure,4944.0,1776.0,8.7805,65.28
273.611,measure,4944.0,1784.0,8.8201,65.31
273.711,measure,4944.0,1776.0,8.7805,65.53
273.811,measure,4944.0,1768.0,8.7410,65.31
273.911,measure,4944.0,1776.0,8.7805,65.16
274.011,measure,4944.0,1792.0,8.8596,65.28
274.111,measure,4944.0,1776.0,8.7805,65.41
274.211,measure,4944.0,1768.0,8.7410,65.12
274.312,measure,4944.0,1768.0,8.7410,65.09
274.412,measure,4944.0,1784.0,8.8201,65.34
274.512,measure,4944.0,1776.0,8.7805,65.28
274.612,measure,4944.0,1768.0,8.7410,65.28
274.712,measure,4944.0,1768.0,8.7410,65.22
274.812,measure,4944.0,1784.0,8.8201,65.28
274.912,measure,4944.0,1784.0,8.8201,65.41
275.012,measure,4944.0,1768.0,8.7410,65.16
275.113,measure,4944.0,1768.0,8.7410,65.41
275.213,measure,4944.0,1784.0,8.8201,65.50
275.313,measure,4944.0,1776.0,8.7805,65.28
275.413,measure,4944.0,1760.0,8.7014,65.50
275.513,measure,4944.0,1768.0,8.7410,65.34
275.613,measure,4944.0,1792.0,8.8596,65.34
275.713,measure,4944.0,1784.0,8.8201,65.22
275.813,measure,4944.0,1768.0,8.7410,65.41
275.914,measure,4944.0,1768.0,8.7410,65.09
276.014,measure,4944.0,1784.0,8.8201,65.25
276.114,measure,4944.0,1776.0,8.7805,65.31
276.214,measure,4944.0,1768.0,8.7410,65.16
276.314,measure,4944.0,1768.0,8.7410,65.22
276.414,measure,4944.0,1792.0,8.8596,65.34
276.514,measure,4944.0,1784.0,8.8201,65.22
276.614,measure,4944.0,1768.0,8.7410,65.28
276.715,measure,4944.0,1768.0,8.7410,65.22
276.815,measure,4944.0,1792.0,8.8596,65.62
276.915,measure,4944.0,1784.0,8.8201,65.41
277.015,measure,4944.0,1776.0,8.7805,65.34
277.115,measure,4944.0,1768.0,8.7410,65.06
277.215,measure,4944.0,1784.0,8.8201,65.53
277.315,measure,4944.0,1784.0,8.8201,65.38
277.416,measure,4944.0,1768.0,8.7410,65.16
277.516,measure,4944.0,1768.0,8.7410,65.44
277.616,measure,4944.0,1784.0,8.8201,65.28
277.716,measure,4944.0,1784.0,8.8201,65.28
277.816,measure,4944.0,1768.0,8.7410,65.25
277.916,measure,4944.0,1768.0,8.7410,65.09
278.016,measure,4944.0,1784.0,8.8201,65.41
278.116,measure,4944.0,1784.0,8.8201,65.34
278.217,measure,4944.0,1768.0,8.7410,65.25
278.317,measure,4944.0,1760.0,8.7014,65.22
278.417,measure,4944.0,1784.0,8.8201,65.38
278.517,measure,4944.0,1776.0,8.7805,65.34
278.617,measure,4944.0,1768.0,8.7410,65.41
278.717,measure,4944.0,1760.0,8.7014,65.25
278.817,measure,4944.0,1776.0,8.7805,65.22
278.917,measure,4944.0,1784.0,8.8201,65.50
279.018,measure,4944.0,1776.0,8.7805,65.31
279.118,measure,4944.0,1760.0,8.7014,65.22
279.218,measure,4944.0,1776.0,8.7805,65.56
279.318,measure,4944.0,1784.0,8.8201,65.44
279.418,measure,4944.0,1776.0,8.7805,65.25
279.518,measure,4944.0,1760.0,8.7014,65.09
279.618,measure,4944.0,1776.0,8.7805,65.19
279.719,measure,4944.0,1792.0,8.8596,65.25
279.819,measure,4944.0,1784.0,8.8201,65.34
279.919,measure,4944.0,1768.0,8.7410,65.22
280.019,measure,4944.0,1776.0,8.7805,65.25
280.119,measure,4944.0,1792.0,8.8596,65.41
280.219,measure,4944.0,1784.0,8.8201,65.28
280.319,measure,4944.0,1768.0,8.7410,65.38
280.419,measure,4944.0,1776.0,8.7805,65.28
280.520,measure,4944.0,1792.0,8.8596,65.38
280.620,measure,4944.0,1784.0,8.8201,65.56
280.720,measure,4944.0,1768.0,8.7410,65.31
280.820,measure,4944.0,1776.0,8.7805,65.22
280.920,measure,4944.0,1792.0,8.8596,65.62
281.020,measure,4944.0,1784.0,8.8201,65.41
281.120,measure,4944.0,1768.0,8.7410,65.22
281.221,measure,4944.0,1768.0,8.7410,65.12
281.321,measure,4944.0,1792.0,8.8596,65.31
281.421,measure,4944.0,1784.0,8.8201,65.28
281.521,measure,4944.0,1776.0,8.7805,65.34
281.621,measure,4944.0,1776.0,8.7805,65.28
281.721,measure,4944.0,1800.0,8.8992,65.50
281.821,measure,4944.0,1800.0,8.8992,65.41
281.922,measure,4944.0,1800.0,8.8992,65.22
282.022,measure,4944.0,1832.0,9.0574,65.38
282.122,measure,4944.0,1864.0,9.2156,65.44
282.222,measure,4944.0,1904.0,9.4134,65.44
282.322,measure,4944.0,1928.0,9.5320,65.72
282.422,measure,4944.0,1936.0,9.5716,65.53
282.523,measure,4944.0,1888.0,9.3343,65.19
282.623,measure,4944.0,1880.0,9.2947,65.28
282.723,measure,4944.0,1872.0,9.2552,65.59
282.823,measure,4944.0,1896.0,9.3738,65.34
282.923,measure,4944.0,1912.0,9.4529,65.22
283.023,measure,4936.0,1960.0,9.6746,65.44
283.123,measure,4936.0,1984.0,9.7930,65.50
283.224,measure,4936.0,1952.0,9.6351,65.47
283.324,measure,4944.0,1896.0,9.3738,65.28
283.424,measure,4944.0,1888.0,9.3343,65.34
283.524,measure,4944.0,1872.0,9.2552,65.50
283.624,measure,4944.0,1848.0,9.1365,65.41
283.724,measure,4944.0,1816.0,8.9783,65.47
283.824,measure,4944.0,1816.0,8.9783,65.44
283.925,measure,4944.0,1816.0,8.9783,65.34
284.025,measure,4944.0,1800.0,8.8992,65.62
284.125,measure,4944.0,1768.0,8.7410,65.34
284.225,measure,4944.0,1784.0,8.8201,65.47
284.325,measure,4944.0,1792.0,8.8596,65.28
284.425,measure,4944.0,1776.0,8.7805,65.44
284.525,measure,4944.0,1760.0,8.7014,65.28
284.625,measure,4944.0,1776.0,8.7805,65.28
284.726,measure,4944.0,1784.0,8.8201,65.72
284.826,measure,4944.0,1776.0,8.7805,65.28
284.926,measure,4944.0,1760.0,8.7014,65.28
285.026,measure,4944.0,1784.0,8.8201,65.28
285.126,measure,4944.0,1792.0,8.8596,65.38
285.226,measure,4944.0,1784.0,8.8201,65.34
285.326,measure,4944.0,1768.0,8.7410,65.25
285.427,measure,4944.0,1784.0,8.8201,65.28
285.527,measure,4944.0,1792.0,8.8596,65.47
285.627,measure,4944.0,1784.0,8.8201,65.38
285.727,measure,4944.0,1768.0,8.7410,65.16
285.827,measure,4944.0,1776.0,8.7805,65.41
285.927,measure,4944.0,1792.0,8.8596,65.47
286.027,measure,4944.0,1784.0,8.8201,65.31
286.127,measure,4944.0,1768.0,8.7410,65.47
286.228,measure,4944.0,1776.0,8.7805,65.25
286.328,measure,4944.0,1792.0,8.8596,65.31
286.428,measure,4944.0,1784.0,8.8201,65.38
286.528,measure,4944.0,1768.0,8.7410,65.25
286.628,measure,4944.0,1776.0,8.7805,65.22
286.728,measure,4944.0,1792.0,8.8596,65.44
286.828,measure,4944.0,1784.0,8.8201,65.38
286.928,measure,4944.0,1776.0,8.7805,65.38
287.029,measure,4944.0,1768.0,8.7410,65.22
287.129,measure,4944.0,1792.0,8.8596,65.62
287.229,measure,4944.0,1784.0,8.8201,65.47
287.329,measure,4944.0,1776.0,8.7805,65.38
287.429,measure,4944.0,1768.0,8.7410,65.28
287.530,measure,4944.0,1784.0,8.8201,65.56
287.630,measure,4944.0,1784.0,8.8201,65.28
287.731,measure,4944.0,1784.0,8.8201,65.19
287.831,measure,4944.0,1768.0,8.7410,65.47
287.931,measure,4944.0,1784.0,8.8201,65.25
288.031,measure,4944.0,1784.0,8.8201,65.28
288.131,measure,4944.0,1784.0,8.8201,65.28
288.231,measure,4944.0,1760.0,8.7014,65.06
288.331,measure,4944.0,1784.0,8.8201,65.41
288.431,measure,4944.0,1792.0,8.8596,65.47
288.532,measure,4944.0,1784.0,8.8201,65.34
288.632,measure,4944.0,1760.0,8.7014,65.41
288.732,measure,4944.0,1776.0,8.7805,65.28
288.832,measure,4944.0,1792.0,8.8596,65.38
288.932,measure,4944.0,1784.0,8.8201,65.53
289.032,measure,4944.0,1760.0,8.7014,65.28
289.132,measure,4944.0,1776.0,8.7805,65.25
289.232,measure,4944.0,1792.0,8.8596,65.62
289.333,measure,4944.0,1784.0,8.8201,65.44
289.433,measure,4944.0,1768.0,8.7410,65.19
289.533,measure,4944.0,1776.0,8.7805,65.16
289.633,measure,4944.0,1792.0,8.8596,65.41
289.733,measure,4944.0,1784.0,8.8201,65.25
289.833,measure,4944.0,1776.0,8.7805,65.28
289.933,measure,4944.0,1768.0,8.7410,65.28
290.033,measure,4944.0,1792.0,8.8596,65.50
290.134,measure,4944.0,1784.0,8.8201,65.41
290.234,measure,4944.0,1768.0,8.7410,65.31
290.334,measure,4944.0,1768.0,8.7410,65.34
290.434,measure,4944.0,1784.0,8.8201,65.44
290.534,measure,4944.0,1776.0,8.7805,65.31
290.634,measure,4944.0,1760.0,8.7014,65.44
290.734,measure,4944.0,1768.0,8.7410,65.31
290.834,measure,4944.0,1784.0,8.8201,65.50
290.935,measure,4944.0,1784.0,8.8201,65.56
291.035,measure,4944.0,1768.0,8.7410,65.50
291.135,measure,4944.0,1760.0,8.7014,65.22
291.235,measure,4944.0,1784.0,8.8201,65.25
291.335,measure,4944.0,1784.0,8.8201,65.62
291.435,measure,4944.0,1776.0,8.7805,65.22
291.535,measure,4944.0,1760.0,8.7014,65.12
291.636,measure,4944.0,1784.0,8.8201,65.31
291.736,measure,4944.0,1784.0,8.8201,65.34
291.836,measure,4944.0,1776.0,8.7805,65.38
291.936,measure,4944.0,1760.0,8.7014,65.31
292.036,measure,4944.0,1784.0,8.8201,65.44
292.136,measure,4944.0,1784.0,8.8201,65.41
292.236,measure,4944.0,1776.0,8.7805,65.34
292.337,measure,4944.0,1760.0,8.7014,65.44
292.437,measure,4944.0,1784.0,8.8201,65.44
292.537,measure,4944.0,1784.0,8.8201,65.44
292.637,measure,4944.0,1776.0,8.7805,65.19
292.737,measure,4944.0,1760.0,8.7014,65.31
292.837,measure,4944.0,1776.0,8.7805,65.28
292.937,measure,4944.0,1784.0,8.8201,65.25
293.037,measure,4944.0,1776.0,8.7805,65.56
293.138,measure,4944.0,1760.0,8.7014,65.12
293.238,measure,4944.0,1776.0,8.7805,65.38
293.338,measure,4944.0,1784.0,8.8201,65.38
293.438,measure,4944.0,1784.0,8.8201,65.28
293.538,measure,4944.0,1768.0,8.7410,65.34
293.638,measure,4944.0,1776.0,8.7805,65.34
293.738,measure,4944.0,1792.0,8.8596,65.28
293.839,measure,4944.0,1784.0,8.8201,65.50
293.939,measure,4944.0,1768.0,8.7410,65.28
294.039,measure,4944.0,1768.0,8.7410,65.53
294.139,measure,4944.0,1784.0,8.8201,65.66
294.239,measure,4944.0,1784.0,8.8201,65.44
294.339,measure,4944.0,1768.0,8.7410,65.22
294.439,measure,4944.0,1768.0,8.7410,65.47
294.539,measure,4944.0,1792.0,8.8596,65.34
294.640,measure,4944.0,1784.0,8.8201,65.34
294.740,measure,4944.0,1776.0,8.7805,65.50
294.840,measure,4944.0,1768.0,8.7410,65.19
294.940,measure,4944.0,1784.0,8.8201,65.19
295.040,measure,4944.0,1784.0,8.8201,65.41
295.140,measure,4944.0,1776.0,8.7805,65.25
295.240,measure,4944.0,1760.0,8.7014,65.19
295.341,measure,4944.0,1784.0,8.8201,65.38
295.441,measure,4944.0,1784.0,8.8201,65.34
295.541,measure,4944.0,1776.0,8.7805,65.50
295.641,measure,4944.0,1760.0,8.7014,65.34
295.741,measure,4944.0,1784.0,8.8201,65.34
295.841,measure,4944.0,1792.0,8.8596,65.59
295.941,measure,4944.0,1784.0,8.8201,65.44
296.041,measure,4944.0,1768.0,8.7410,65.19
296.142,measure,4944.0,1784.0,8.8201,65.53
296.242,measure,4944.0,1792.0,8.8596,65.53
296.342,measure,4944.0,1784.0,8.8201,65.28
296.442,measure,4944.0,1768.0,8.7410,65.28
296.542,measure,4944.0,1776.0,8.7805,65.22
296.642,measure,4944.0,1792.0,8.8596,65.34
296.742,measure,4944.0,1784.0,8.8201,65.41
296.843,measure,4944.0,1768.0,8.7410,65.28
296.943,measure,4944.0,1768.0,8.7410,65.22
297.043,measure,4944.0,1792.0,8.8596,65.53
297.143,measure,4944.0,1784.0,8.8201,65.34
297.243,measure,4944.0,1776.0,8.7805,65.47
297.343,measure,4944.0,1768.0,8.7410,65.28
297.443,measure,4944.0,1792.0,8.8596,65.41
297.543,measure,4944.0,1784.0,8.8201,65.59
297.644,measure,4944.0,1776.0,8.7805,65.41
297.744,measure,4944.0,1760.0,8.7014,65.25
297.845,measure,4944.0,1784.0,8.8201,65.66
297.945,measure,4944.0,1784.0,8.8201,65.53
298.045,measure,4944.0,1776.0,8.7805,65.22
298.145,measure,4944.0,1760.0,8.7014,65.22
298.245,measure,4944.0,1784.0,8.8201,65.31
298.345,measure,4944.0,1792.0,8.8596,65.38
298.445,measure,4944.0,1784.0,8.8201,65.34
298.546,measure,4944.0,1768.0,8.7410,65.22
298.646,measure,4944.0,1784.0,8.8201,65.34
298.746,measure,4944.0,1792.0,8.8596,65.47
298.846,measure,4944.0,1784.0,8.8201,65.38
298.946,measure,4944.0,1768.0,8.7410,65.44
299.046,measure,4944.0,1776.0,8.7805,65.34
299.146,measure,4944.0,1792.0,8.8596,65.38
299.247,measure,4944.0,1784.0,8.8201,65.62
299.347,measure,4944.0,1768.0,8.7410,65.34
299.447,measure,4944.0,1776.0,8.7805,65.25
299.547,measure,4944.0,1792.0,8.8596,65.34
299.647,measure,4944.0,1784.0,8.8201,65.50
299.747,measure,4944.0,1768.0,8.7410,65.22
299.847,measure,4944.0,1768.0,8.7410,65.19
299.948,measure,4944.0,1784.0,8.8201,65.38
300.048,measure,4944.0,1784.0,8.8201,65.31
300.148,measure,4944.0,1768.0,8.7410,65.34
300.248,measure,4944.0,1768.0,8.7410,65.28
300.348,measure,4944.0,1784.0,8.8201,65.44
300.448,measure,4944.0,1784.0,8.8201,65.47
300.548,measure,4944.0,1768.0,8.7410,65.25
300.648,measure,4944.0,1760.0,8.7014,65.44
300.749,measure,4944.0,1784.0,8.8201,65.50
300.849,measure,4944.0,1776.0,8.7805,65.44
300.949,measure,4944.0,1768.0,8.7410,65.47
301.049,measure,4944.0,1760.0,8.7014,65.41
301.149,measure,4944.0,1784.0,8.8201,65.28
301.249,measure,4944.0,1776.0,8.7805,65.31
301.349,measure,4944.0,1768.0,8.7410,65.50
301.450,measure,4944.0,1760.0,8.7014,65.22
301.550,measure,4944.0,1776.0,8.7805,65.34
301.650,measure,4944.0,1768.0,8.7410,65.59
301.750,measure,4944.0,1760.0,8.7014,65.28
301.850,measure,4944.0,1760.0,8.7014,65.22
301.950,measure,4944.0,1784.0,8.8201,65.44
302.050,measure,4944.0,1776.0,8.7805,65.34
302.150,measure,4944.0,1768.0,8.7410,65.34
302.251,measure,4944.0,1760.0,8.7014,65.28
302.351,measure,4944.0,1784.0,8.8201,65.66
302.451,measure,4944.0,1784.0,8.8201,65.50
302.551,measure,4944.0,1768.0,8.7410,65.34
302.651,measure,4944.0,1760.0,8.7014,65.50
302.751,measure,4944.0,1784.0,8.8201,65.53
302.851,measure,4944.0,1776.0,8.7805,65.44
302.952,measure,4944.0,1768.0,8.7410,65.25
303.052,measure,4944.0,1760.0,8.7014,65.50
303.152,measure,4944.0,1776.0,8.7805,65.28
303.252,measure,4944.0,1776.0,8.7805,65.28
303.352,measure,4944.0,1760.0,8.7014,65.25
303.452,measure,4944.0,1768.0,8.7410,65.22
303.552,measure,4944.0,1784.0,8.8201,65.31
303.653,measure,4944.0,1776.0,8.7805,65.38
303.753,measure,4944.0,1760.0,8.7014,65.28
303.853,measure,4944.0,1768.0,8.7410,65.31
303.953,measure,4944.0,1784.0,8.8201,65.44
304.053,measure,4944.0,1784.0,8.8201,65.41
304.153,measure,4944.0,1768.0,8.7410,65.44
304.253,measure,4944.0,1760.0,8.7014,65.28
304.353,measure,4944.0,1784.0,8.8201,65.28
304.454,measure,4944.0,1784.0,8.8201,65.59
304.554,measure,4944.0,1768.0,8.7410,65.47
304.654,measure,4944.0,1760.0,8.7014,65.16
304.754,measure,4944.0,1784.0,8.8201,65.28
304.854,measure,4944.0,1776.0,8.7805,65.28
304.954,measure,4944.0,1768.0,8.7410,65.22
305.054,measure,4944.0,1760.0,8.7014,65.22
305.155,measure,4944.0,1784.0,8.8201,65.34
305.255,measure,4944.0,1776.0,8.7805,65.28
305.355,measure,4944.0,1768.0,8.7410,65.41
305.455,measure,4944.0,1760.0,8.7014,65.22
305.556,measure,4944.0,1784.0,8.8201,65.44
305.656,measure,4944.0,1784.0,8.8201,65.44
305.756,measure,4944.0,1768.0,8.7410,65.62
305.856,measure,4944.0,1760.0,8.7014,65.44
305.956,measure,4944.0,1776.0,8.7805,65.44
306.057,measure,4944.0,1776.0,8.7805,65.28
306.157,measure,4944.0,1768.0,8.7410,65.56
306.257,measure,4944.0,1760.0,8.7014,65.38
306.357,measure,4944.0,1784.0,8.8201,65.28
306.457,measure,4944.0,1784.0,8.8201,65.69
306.558,measure,4944.0,1768.0,8.7410,65.28
306.658,measure,4944.0,1752.0,8.6619,65.22
306.758,measure,4944.0,1776.0,8.7805,65.41
306.858,measure,4944.0,1784.0,8.8201,65.44
306.958,measure,4944.0,1768.0,8.7410,65.28
307.058,measure,4944.0,1752.0,8.6619,65.22
307.158,measure,4944.0,1776.0,8.7805,65.38
307.259,measure,4944.0,1784.0,8.8201,65.56
307.359,measure,4944.0,1776.0,8.7805,65.41
307.459,measure,4944.0,1760.0,8.7014,65.22
307.559,measure,4944.0,1776.0,8.7805,65.50
307.659,measure,4944.0,1784.0,8.8201,65.56
307.759,measure,4944.0,1776.0,8.7805,65.25
307.859,measure,4944.0,1760.0,8.7014,65.50
307.959,measure,4944.0,1776.0,8.7805,65.56
308.060,measure,4944.0,1784.0,8.8201,65.25
308.160,measure,4944.0,1784.0,8.8201,65.25
308.260,measure,4944.0,1768.0,8.7410,65.28
308.360,measure,4944.0,1776.0,8.7805,65.28
308.460,measure,4944.0,1792.0,8.8596,65.44
308.560,measure,4944.0,1784.0,8.8201,65.31
308.660,measure,4944.0,1768.0,8.7410,65.25
308.761,measure,4944.0,1768.0,8.7410,65.34
308.861,measure,4944.0,1784.0,8.8201,65.44
308.961,measure,4944.0,1784.0,8.8201,65.50
309.061,measure,4944.0,1768.0,8.7410,65.38
309.161,measure,4944.0,1760.0,8.7014,65.28
309.261,measure,4944.0,1784.0,8.8201,65.56
309.361,measure,4944.0,1768.0,8.7410,65.56
309.462,measure,4944.0,1760.0,8.7014,65.22
309.562,measure,4944.0,1768.0,8.7410,65.62
309.662,measure,4944.0,1784.0,8.8201,65.53
309.762,measure,4944.0,1776.0,8.7805,65.28
309.862,measure,4944.0,1768.0,8.7410,65.22
309.962,measure,4944.0,1768.0,8.7410,65.22
310.062,measure,4944.0,1784.0,8.8201,65.44
310.163,measure,4944.0,1784.0,8.8201,65.47
310.263,measure,4944.0,1768.0,8.7410,65.34
310.363,measure,4944.0,1760.0,8.7014,65.41
310.463,measure,4944.0,1784.0,8.8201,65.50
310.563,measure,4944.0,1776.0,8.7805,65.44
310.663,measure,4944.0,1776.0,8.7805,65.53
310.763,measure,4944.0,1760.0,8.7014,65.31
310.865,measure,4944.0,1784.0,8.8201,65.34
310.965,measure,4944.0,1784.0,8.8201,65.62
311.065,measure,4944.0,1776.0,8.7805,65.50
311.165,measure,4944.0,1760.0,8.7014,65.22
311.266,measure,4944.0,1784.0,8.8201,65.38
311.366,measure,4944.0,1776.0,8.7805,65.34
311.466,measure,4944.0,1776.0,8.7805,65.28
311.566,measure,4944.0,1760.0,8.7014,65.25
311.666,measure,4944.0,1784.0,8.8201,65.28
311.766,measure,4944.0,1792.0,8.8596,65.28
311.866,measure,4944.0,1792.0,8.8596,65.41
311.966,measure,4944.0,1776.0,8.7805,65.28
312.067,measure,4944.0,1784.0,8.8201,65.44
312.167,measure,4944.0,1792.0,8.8596,65.47
312.267,measure,4944.0,1784.0,8.8201,65.38
312.367,measure,4944.0,1768.0,8.7410,65.53
312.467,measure,4944.0,1776.0,8.7805,65.38
312.568,measure,4944.0,1792.0,8.8596,65.28
312.668,measure,4944.0,1784.0,8.8201,65.72
312.768,measure,4944.0,1776.0,8.7805,65.41
312.868,measure,4944.0,1768.0,8.7410,65.22
312.968,measure,4944.0,1792.0,8.8596,65.44
313.068,measure,4944.0,1776.0,8.7805,65.28
313.168,measure,4944.0,1760.0,8.7014,65.28
313.268,measure,4944.0,1760.0,8.7014,65.28
313.369,measure,4944.0,1784.0,8.8201,65.44
313.469,measure,4944.0,1776.0,8.7805,65.34
313.569,measure,4944.0,1768.0,8.7410,65.34
313.669,measure,4944.0,1768.0,8.7410,65.34
313.769,measure,4944.0,1784.0,8.8201,65.62
313.869,measure,4944.0,1776.0,8.7805,65.59
313.969,measure,4944.0,1768.0,8.7410,65.28
314.070,measure,4944.0,1768.0,8.7410,65.50
314.170,measure,4944.0,1784.0,8.8201,65.50
314.270,measure,4944.0,1776.0,8.7805,65.28
314.370,measure,4944.0,1768.0,8.7410,65.28
314.470,measure,4944.0,1760.0,8.7014,65.50
314.571,measure,4944.0,1784.0,8.8201,65.31
314.671,measure,4944.0,1776.0,8.7805,65.28
314.771,measure,4944.0,1768.0,8.7410,65.34
314.871,measure,4944.0,1752.0,8.6619,65.22
314.971,measure,4944.0,1776.0,8.7805,65.38
315.072,measure,4944.0,1776.0,8.7805,65.38
315.172,measure,4944.0,1768.0,8.7410,65.59
315.272,measure,4944.0,1752.0,8.6619,65.31
315.372,measure,4944.0,1768.0,8.7410,65.41
315.472,measure,4944.0,1776.0,8.7805,65.62
315.573,measure,4944.0,1768.0,8.7410,65.44
315.673,measure,4944.0,1752.0,8.6619,65.22
315.773,measure,4944.0,1768.0,8.7410,65.66
315.873,measure,4944.0,1776.0,8.7805,65.59
315.973,measure,4944.0,1768.0,8.7410,65.31
316.073,measure,4944.0,1752.0,8.6619,65.25
316.173,measure,4944.0,1776.0,8.7805,65.34
316.274,measure,4944.0,1784.0,8.8201,65.38
316.374,measure,4944.0,1776.0,8.7805,65.34
316.474,measure,4944.0,1760.0,8.7014,65.28
316.574,measure,4944.0,1768.0,8.7410,65.28
316.674,measure,4944.0,1792.0,8.8596,65.53
316.775,measure,4944.0,1784.0,8.8201,65.41
316.875,measure,4944.0,1776.0,8.7805,65.50
316.975,measure,4944.0,1768.0,8.7410,65.34
317.075,measure,4944.0,1792.0,8.8596,65.28
317.175,measure,4944.0,1792.0,8.8596,65.59
317.275,measure,4944.0,1784.0,8.8201,65.47
317.376,measure,4944.0,1760.0,8.7014,65.22
317.476,measure,4944.0,1776.0,8.7805,65.31
317.576,measure,4944.0,1792.0,8.8596,65.59
317.676,measure,4944.0,1784.0,8.8201,65.38
317.777,measure,4944.0,1776.0,8.7805,65.25
317.877,measure,4944.0,1776.0,8.7805,65.34
317.977,measure,4944.0,1792.0,8.8596,65.38
318.077,measure,4944.0,1784.0,8.8201,65.47
318.177,measure,4944.0,1784.0,8.8201,65.31
318.277,measure,4944.0,1768.0,8.7410,65.28
318.377,measure,4944.0,1792.0,8.8596,65.47
318.478,measure,4944.0,1784.0,8.8201,65.44
318.578,measure,4944.0,1776.0,8.7805,65.50
318.678,measure,4944.0,1768.0,8.7410,65.34
318.778,measure,4944.0,1792.0,8.8596,65.53
318.878,measure,4944.0,1784.0,8.8201,65.66
318.978,measure,4944.0,1768.0,8.7410,65.50
319.078,measure,4944.0,1760.0,8.7014,65.16
319.179,measure,4944.0,1784.0,8.8201,65.41
319.279,measure,4944.0,1776.0,8.7805,65.56
319.379,measure,4944.0,1776.0,8.7805,65.25
319.479,measure,4944.0,1760.0,8.7014,65.19
319.579,measure,4944.0,1784.0,8.8201,65.28
319.679,measure,4944.0,1792.0,8.8596,65.44
319.780,measure,4944.0,1784.0,8.8201,65.50
319.880,measure,4944.0,1768.0,8.7410,65.31
319.980,measure,4944.0,1776.0,8.7805,65.31
320.080,measure,4944.0,1792.0,8.8596,65.47
320.180,measure,4944.0,1784.0,8.8201,65.31
320.280,measure,4944.0,1768.0,8.7410,65.53
320.380,measure,4944.0,1768.0,8.7410,65.44
320.480,measure,4944.0,1784.0,8.8201,65.50
320.581,measure,4944.0,1776.0,8.7805,65.69
320.681,measure,4944.0,1768.0,8.7410,65.44
320.781,measure,4944.0,1768.0,8.7410,65.22
320.881,measure,4944.0,1784.0,8.8201,65.28
320.981,measure,4944.0,1784.0,8.8201,65.72
321.081,measure,4944.0,1776.0,8.7805,65.28
321.181,measure,4944.0,1760.0,8.7014,65.22
321.282,measure,4944.0,1784.0,8.8201,65.38
321.382,measure,4944.0,1792.0,8.8596,65.41
321.482,measure,4944.0,1792.0,8.8596,65.47
321.582,measure,4944.0,1768.0,8.7410,65.34
321.682,measure,4944.0,1776.0,8.7805,65.34
321.782,measure,4944.0,1792.0,8.8596,65.53
321.883,measure,4944.0,1784.0,8.8201,65.50
321.983,measure,4944.0,1776.0,8.7805,65.62
322.083,measure,4944.0,1768.0,8.7410,65.41
322.183,measure,4944.0,1784.0,8.8201,65.34
322.283,measure,4944.0,1784.0,8.8201,65.31
322.383,measure,4944.0,1776.0,8.7805,65.59
322.483,measure,4944.0,1760.0,8.7014,65.22
322.584,measure,4944.0,1784.0,8.8201,65.31
322.684,measure,4944.0,1784.0,8.8201,65.75
322.784,measure,4944.0,1776.0,8.7805,65.34
322.884,measure,4944.0,1760.0,8.7014,65.25
322.986,measure,4944.0,1776.0,8.7805,65.34
323.086,measure,4944.0,1776.0,8.7805,65.53
323.186,measure,4944.0,1776.0,8.7805,65.41
323.286,measure,4944.0,1760.0,8.7014,65.28
323.386,measure,4944.0,1776.0,8.7805,65.56
323.486,measure,4944.0,1776.0,8.7805,65.47
323.586,measure,4944.0,1768.0,8.7410,65.34
323.687,measure,4944.0,1752.0,8.6619,65.56
323.787,measure,4944.0,1776.0,8.7805,65.53
323.887,measure,4944.0,1776.0,8.7805,65.34
323.987,measure,4944.0,1768.0,8.7410,65.19
324.087,measure,4944.0,1760.0,8.7014,65.50
324.187,measure,4944.0,1776.0,8.7805,65.31
324.287,measure,4944.0,1784.0,8.8201,65.38
324.388,measure,4944.0,1776.0,8.7805,65.41
324.488,measure,4944.0,1760.0,8.7014,65.25
324.588,measure,4944.0,1776.0,8.7805,65.34
324.688,measure,4944.0,1784.0,8.8201,65.47
324.788,measure,4944.0,1784.0,8.8201,65.62
324.888,measure,4944.0,1768.0,8.7410,65.44
324.988,measure,4944.0,1776.0,8.7805,65.41
325.089,measure,4944.0,1792.0,8.8596,65.69
325.189,measure,4944.0,1784.0,8.8201,65.53
325.289,measure,4944.0,1768.0,8.7410,65.41
325.389,measure,4944.0,1776.0,8.7805,65.31
325.489,measure,4944.0,1800.0,8.8992,65.69
325.589,measure,4944.0,1792.0,8.8596,65.38
325.689,measure,4944.0,1784.0,8.8201,65.22
325.790,measure,4944.0,1768.0,8.7410,65.53
325.890,measure,4944.0,1792.0,8.8596,65.31
325.991,measure,4944.0,1792.0,8.8596,65.38
326.091,measure,4944.0,1784.0,8.8201,65.34
326.191,measure,4944.0,1768.0,8.7410,65.31
326.291,measure,4944.0,1784.0,8.8201,65.38
326.391,measure,4944.0,1792.0,8.8596,65.44
326.491,measure,4944.0,1784.0,8.8201,65.62
326.591,measure,4944.0,1768.0,8.7410,65.34
326.691,measure,4944.0,1784.0,8.8201,65.38
326.792,measure,4944.0,1792.0,8.8596,65.66
326.892,measure,4944.0,1784.0,8.8201,65.53
326.992,measure,4944.0,1768.0,8.7410,65.34
327.092,measure,4944.0,1776.0,8.7805,65.41
327.192,measure,4944.0,1784.0,8.8201,65.72
327.292,measure,4944.0,1784.0,8.8201,65.34
327.392,measure,4944.0,1768.0,8.7410,65.22
327.493,measure,4944.0,1776.0,8.7805,65.66
327.593,measure,4944.0,1784.0,8.8201,65.31
327.693,measure,4944.0,1776.0,8.7805,65.31
327.793,measure,4944.0,1768.0,8.7410,65.28
327.893,measure,4944.0,1776.0,8.7805,65.31
327.993,measure,4944.0,1792.0,8.8596,65.56
328.093,measure,4944.0,1784.0,8.8201,65.44
328.193,measure,4944.0,1768.0,8.7410,65.62
328.294,measure,4944.0,1768.0,8.7410,65.47
328.394,measure,4944.0,1792.0,8.8596,65.50
328.494,measure,4944.0,1776.0,8.7805,65.34
328.594,measure,4944.0,1768.0,8.7410,65.41
328.694,measure,4944.0,1768.0,8.7410,65.38
328.794,measure,4944.0,1784.0,8.8201,65.44
328.894,measure,4944.0,1784.0,8.8201,65.66
328.995,measure,4944.0,1768.0,8.7410,65.41
329.095,measure,4944.0,1768.0,8.7410,65.28
329.195,measure,4944.0,1784.0,8.8201,65.41
329.295,measure,4944.0,1784.0,8.8201,65.38
329.395,measure,4944.0,1776.0,8.7805,65.25
329.495,measure,4944.0,1760.0,8.7014,65.28
329.595,measure,4944.0,1784.0,8.8201,65.38
329.695,measure,4944.0,1776.0,8.7805,65.59
329.796,measure,4944.0,1768.0,8.7410,65.31
329.896,measure,4944.0,1760.0,8.7014,65.41
329.996,measure,4944.0,1784.0,8.8201,65.56
330.096,measure,4944.0,1776.0,8.7805,65.53
330.196,measure,4944.0,1768.0,8.7410,65.34
330.296,measure,4944.0,1752.0,8.6619,65.44
330.396,measure,4944.0,1776.0,8.7805,65.53
330.497,measure,4944.0,1776.0,8.7805,65.31
330.597,measure,4944.0,1768.0,8.7410,65.66
330.697,measure,4944.0,1760.0,8.7014,65.19
330.797,measure,4944.0,1776.0,8.7805,65.41
330.897,measure,4944.0,1776.0,8.7805,65.38
330.997,measure,4944.0,1768.0,8.7410,65.28
331.098,measure,4944.0,1760.0,8.7014,65.28
331.198,measure,4944.0,1776.0,8.7805,65.44
331.298,measure,4944.0,1776.0,8.7805,65.34
331.398,measure,4944.0,1760.0,8.7014,65.44
331.498,measure,4944.0,1760.0,8.7014,65.34
331.598,measure,4944.0,1776.0,8.7805,65.47
331.698,measure,4944.0,1776.0,8.7805,65.69
331.799,measure,4944.0,1768.0,8.7410,65.53
331.899,measure,4944.0,1752.0,8.6619,65.28
331.999,measure,4944.0,1776.0,8.7805,65.59
332.099,measure,4944.0,1784.0,8.8201,65.56
332.199,measure,4944.0,1784.0,8.8201,65.28
332.299,measure,4944.0,1768.0,8.7410,65.25
332.399,measure,4944.0,1776.0,8.7805,65.59
332.500,measure,4944.0,1792.0,8.8596,65.38
332.600,measure,4944.0,1784.0,8.8201,65.31
332.700,measure,4944.0,1768.0,8.7410,65.34
332.800,measure,4944.0,1768.0,8.7410,65.28
332.900,measure,4944.0,1792.0,8.8596,65.50
333.000,measure,4944.0,1784.0,8.8201,65.41
333.101,measure,4944.0,1776.0,8.7805,65.31
333.201,measure,4944.0,1768.0,8.7410,65.31
333.302,measure,4944.0,1784.0,8.8201,65.44
333.402,measure,4944.0,1792.0,8.8596,65.62
333.502,measure,4944.0,1776.0,8.7805,65.56
333.602,measure,4944.0,1760.0,8.7014,65.38
333.703,measure,4944.0,1776.0,8.7805,65.75
333.803,measure,4944.0,1792.0,8.8596,65.59
333.903,measure,4944.0,1784.0,8.8201,65.38
334.003,measure,4944.0,1760.0,8.7014,65.16
334.103,measure,4944.0,1776.0,8.7805,65.28
334.203,measure,4944.0,1784.0,8.8201,65.41
334.303,measure,4944.0,1776.0,8.7805,65.44
334.404,measure,4944.0,1760.0,8.7014,65.28
334.504,measure,4944.0,1768.0,8.7410,65.31
334.604,measure,4944.0,1784.0,8.8201,65.50
334.704,measure,4944.0,1776.0,8.7805,65.44
334.804,measure,4944.0,1768.0,8.7410,65.53
334.904,measure,4944.0,1760.0,8.7014,65.34
335.004,measure,4944.0,1784.0,8.8201,65.50
335.105,measure,4944.0,1784.0,8.8201,65.69
335.205,measure,4944.0,1776.0,8.7805,65.50
335.305,measure,4944.0,1760.0,8.7014,65.22
335.406,measure,4944.0,1784.0,8.8201,65.75
335.506,measure,4944.0,1784.0,8.8201,65.41
335.606,measure,4944.0,1776.0,8.7805,65.28
335.706,measure,4944.0,1760.0,8.7014,65.28
335.806,measure,4944.0,1776.0,8.7805,65.31
335.906,measure,4944.0,1784.0,8.8201,65.44
336.006,measure,4944.0,1784.0,8.8201,65.44
336.107,measure,4944.0,1768.0,8.7410,65.25
336.207,measure,4944.0,1776.0,8.7805,65.50
336.307,measure,4944.0,1792.0,8.8596,65.50
336.407,measure,4944.0,1792.0,8.8596,65.44
336.507,measure,4944.0,1776.0,8.7805,65.56
336.607,measure,4944.0,1768.0,8.7410,65.41
336.707,measure,4944.0,1784.0,8.8201,65.28
336.808,measure,4944.0,1784.0,8.8201,65.69
336.908,measure,4944.0,1768.0,8.7410,65.41
337.008,measure,4944.0,1760.0,8.7014,65.22
337.108,measure,4944.0,1784.0,8.8201,65.34
337.208,measure,4944.0,1784.0,8.8201,65.69
337.308,measure,4944.0,1768.0,8.7410,65.34
337.408,measure,4944.0,1760.0,8.7014,65.34
337.509,measure,4944.0,1776.0,8.7805,65.41
337.609,measure,4944.0,1776.0,8.7805,65.41
337.709,measure,4944.0,1768.0,8.7410,65.41
337.809,measure,4944.0,1760.0,8.7014,65.28
337.909,measure,4944.0,1776.0,8.7805,65.53
338.009,measure,4944.0,1776.0,8.7805,65.53
338.110,measure,4944.0,1768.0,8.7410,65.38
338.210,measure,4944.0,1760.0,8.7014,65.41
338.311,measure,4944.0,1776.0,8.7805,65.59
338.411,measure,4944.0,1776.0,8.7805,65.34
338.511,measure,4944.0,1776.0,8.7805,65.62
338.611,measure,4944.0,1760.0,8.7014,65.41
338.711,measure,4944.0,1776.0,8.7805,65.34
338.812,measure,4944.0,1784.0,8.8201,65.34
338.912,measure,4944.0,1776.0,8.7805,65.41
339.012,measure,4944.0,1752.0,8.6619,65.22
339.112,measure,4944.0,1776.0,8.7805,65.41
339.212,measure,4944.0,1784.0,8.8201,65.47
339.312,measure,4944.0,1776.0,8.7805,65.31
339.412,measure,4944.0,1760.0,8.7014,65.31
339.512,measure,4944.0,1776.0,8.7805,65.38
339.613,measure,4944.0,1792.0,8.8596,65.69
339.713,measure,4944.0,1784.0,8.8201,65.50
339.813,measure,4944.0,1768.0,8.7410,65.38
339.913,measure,4944.0,1768.0,8.7410,65.56
340.013,measure,4944.0,1784.0,8.8201,65.56
340.113,measure,4944.0,1776.0,8.7805,65.31
340.214,measure,4944.0,1768.0,8.7410,65.31
340.314,measure,4944.0,1768.0,8.7410,65.53
340.414,measure,4944.0,1792.0,8.8596,65.41
340.514,measure,4944.0,1784.0,8.8201,65.47
340.614,measure,4944.0,1776.0,8.7805,65.28
340.714,measure,4944.0,1768.0,8.7410,65.25
340.815,measure,4944.0,1792.0,8.8596,65.44
340.915,measure,4944.0,1792.0,8.8596,65.38
341.015,measure,4944.0,1784.0,8.8201,65.53
341.115,measure,4944.0,1768.0,8.7410,65.34
341.215,measure,4944.0,1784.0,8.8201,65.44
341.316,measure,4944.0,1792.0,8.8596,65.72
341.416,measure,4944.0,1784.0,8.8201,65.50
341.516,measure,4944.0,1768.0,8.7410,65.25
341.616,measure,4944.0,1784.0,8.8201,65.66
341.716,measure,4944.0,1800.0,8.8992,65.69
341.816,measure,4944.0,1784.0,8.8201,65.34
341.916,measure,4944.0,1768.0,8.7410,65.28
342.017,measure,4944.0,1776.0,8.7805,65.62
342.117,measure,4944.0,1792.0,8.8596,65.47
342.217,measure,4944.0,1784.0,8.8201,65.50
342.317,measure,4944.0,1768.0,8.7410,65.38
342.417,measure,4944.0,1768.0,8.7410,65.34
342.517,measure,4944.0,1784.0,8.8201,65.50
342.617,measure,4944.0,1776.0,8.7805,65.44
342.718,measure,4944.0,1768.0,8.7410,65.56
342.818,measure,4944.0,1760.0,8.7014,65.41
342.918,measure,4944.0,1784.0,8.8201,65.41
343.018,measure,4944.0,1784.0,8.8201,65.72
343.119,measure,4944.0,1776.0,8.7805,65.53
343.219,measure,4944.0,1760.0,8.7014,65.38
343.319,measure,4944.0,1776.0,8.7805,65.28
343.419,measure,4944.0,1792.0,8.8596,65.66
343.519,measure,4944.0,1784.0,8.8201,65.31
343.619,measure,4944.0,1768.0,8.7410,65.34
343.720,measure,4944.0,1776.0,8.7805,65.31
343.820,measure,4944.0,1792.0,8.8596,65.47
343.920,measure,4944.0,1784.0,8.8201,65.47
344.020,measure,4944.0,1776.0,8.7805,65.44
344.120,measure,4944.0,1768.0,8.7410,65.28
344.220,measure,4944.0,1792.0,8.8596,65.56
344.321,measure,4944.0,1784.0,8.8201,65.47
344.421,measure,4944.0,1776.0,8.7805,65.53
344.521,measure,4944.0,1768.0,8.7410,65.41
344.621,measure,4944.0,1784.0,8.8201,65.47
344.721,measure,4944.0,1784.0,8.8201,65.75
344.821,measure,4944.0,1776.0,8.7805,65.59
344.921,measure,4944.0,1760.0,8.7014,65.38
345.022,measure,4944.0,1784.0,8.8201,65.41
345.122,measure,4944.0,1784.0,8.8201,65.62
345.222,measure,4944.0,1776.0,8.7805,65.31
345.322,measure,4944.0,1760.0,8.7014,65.22
345.422,measure,4944.0,1776.0,8.7805,65.41
345.522,measure,4944.0,1784.0,8.8201,65.41
345.622,measure,4944.0,1776.0,8.7805,65.31
345.723,measure,4944.0,1760.0,8.7014,65.28
345.823,measure,4944.0,1776.0,8.7805,65.41
345.923,measure,4944.0,1784.0,8.8201,65.62
346.023,measure,4944.0,1776.0,8.7805,65.38
346.123,measure,4944.0,1760.0,8.7014,65.56
346.223,measure,4944.0,1776.0,8.7805,65.56
346.323,measure,4944.0,1792.0,8.8596,65.56
346.424,measure,4944.0,1784.0,8.8201,65.38
346.524,measure,4944.0,1768.0,8.7410,65.50
346.624,measure,4944.0,1776.0,8.7805,65.44
346.724,measure,4944.0,1792.0,8.8596,65.38
346.824,measure,4944.0,1784.0,8.8201,65.62
346.924,measure,4944.0,1768.0,8.7410,65.31
347.025,measure,4944.0,1776.0,8.7805,65.31
347.125,measure,4944.0,1792.0,8.8596,65.53
347.225,measure,4944.0,1784.0,8.8201,65.44
347.325,measure,4944.0,1776.0,8.7805,65.41
347.425,measure,4944.0,1768.0,8.7410,65.28
347.526,measure,4944.0,1784.0,8.8201,65.72
347.626,measure,4944.0,1784.0,8.8201,65.66
347.726,measure,4944.0,1776.0,8.7805,65.44
347.827,measure,4944.0,1760.0,8.7014,65.50
347.927,measure,4944.0,1784.0,8.8201,65.53
348.027,measure,4944.0,1792.0,8.8596,65.59
348.127,measure,4944.0,1784.0,8.8201,65.28
348.227,measure,4944.0,1768.0,8.7410,65.50
348.327,measure,4944.0,1784.0,8.8201,65.28
348.427,measure,4944.0,1800.0,8.8992,65.41
348.528,measure,4944.0,1784.0,8.8201,65.72
348.628,measure,4944.0,1768.0,8.7410,65.38
348.728,measure,4944.0,1776.0,8.7805,65.28
348.828,measure,4944.0,1792.0,8.8596,65.59
348.928,measure,4944.0,1784.0,8.8201,65.47
349.028,measure,4944.0,1768.0,8.7410,65.44
349.128,measure,4944.0,1768.0,8.7410,65.31
349.229,measure,4944.0,1792.0,8.8596,65.69
349.329,measure,4944.0,1784.0,8.8201,65.66
349.429,measure,4944.0,1776.0,8.7805,65.34
349.529,measure,4944.0,1768.0,8.7410,65.59
349.630,measure,4944.0,1784.0,8.8201,65.62
349.730,measure,4944.0,1784.0,8.8201,65.53
349.830,measure,4944.0,1776.0,8.7805,65.31
349.930,measure,4944.0,1760.0,8.7014,65.50
350.030,measure,4944.0,1784.0,8.8201,65.31
350.130,measure,4944.0,1792.0,8.8596,65.44
350.230,measure,4944.0,1792.0,8.8596,65.38
350.331,measure,4944.0,1776.0,8.7805,65.31
350.431,measure,4944.0,1776.0,8.7805,65.31
350.531,measure,4944.0,1792.0,8.8596,65.62
350.631,measure,4944.0,1792.0,8.8596,65.38
350.731,measure,4944.0,1776.0,8.7805,65.44
350.831,measure,4944.0,1768.0,8.7410,65.41
350.931,measure,4944.0,1792.0,8.8596,65.72
351.032,measure,4944.0,1784.0,8.8201,65.56
351.132,measure,4944.0,1776.0,8.7805,65.38
351.232,measure,4944.0,1768.0,8.7410,65.25
351.332,measure,4944.0,1792.0,8.8596,65.72
351.432,measure,4944.0,1784.0,8.8201,65.59
351.532,measure,4944.0,1776.0,8.7805,65.28
351.632,measure,4944.0,1768.0,8.7410,65.62
351.732,measure,4944.0,1784.0,8.8201,65.41
351.833,measure,4944.0,1784.0,8.8201,65.31
351.933,measure,4944.0,1776.0,8.7805,65.41
352.033,measure,4944.0,1760.0,8.7014,65.28
352.134,measure,4944.0,1784.0,8.8201,65.50
352.234,measure,4944.0,1776.0,8.7805,65.50
352.334,measure,4944.0,1768.0,8.7410,65.34
352.434,measure,4944.0,1760.0,8.7014,65.41
352.534,measure,4944.0,1784.0,8.8201,65.59
352.635,measure,4944.0,1784.0,8.8201,65.75
352.735,measure,4944.0,1776.0,8.7805,65.53
352.835,measure,4944.0,1768.0,8.7410,65.34
352.936,measure,4944.0,1784.0,8.8201,65.34
353.036,measure,4944.0,1784.0,8.8201,65.69
353.136,measure,4944.0,1776.0,8.7805,65.31
353.236,measure,4944.0,1760.0,8.7014,65.22
353.336,measure,4944.0,1784.0,8.8201,65.44
353.436,measure,4944.0,1784.0,8.8201,65.41
353.536,measure,4944.0,1776.0,8.7805,65.34
353.637,measure,4944.0,1760.0,8.7014,65.28
353.737,measure,4944.0,1776.0,8.7805,65.44
353.837,measure,4944.0,1792.0,8.8596,65.59
353.937,measure,4944.0,1784.0,8.8201,65.41
354.037,measure,4944.0,1768.0,8.7410,65.59
354.137,measure,4944.0,1776.0,8.7805,65.56
354.237,measure,4944.0,1792.0,8.8596,65.50
354.338,measure,4944.0,1784.0,8.8201,65.34
354.438,measure,4944.0,1768.0,8.7410,65.62
354.538,measure,4944.0,1776.0,8.7805,65.50
354.638,measure,4944.0,1792.0,8.8596,65.44
354.738,measure,4944.0,1792.0,8.8596,65.75
354.838,measure,4944.0,1784.0,8.8201,65.38
354.939,measure,4944.0,1768.0,8.7410,65.28
355.039,measure,4944.0,1792.0,8.8596,65.41
355.139,measure,4944.0,1784.0,8.8201,65.47
355.239,measure,4944.0,1776.0,8.7805,65.34
355.339,measure,4944.0,1768.0,8.7410,65.34
355.439,measure,4944.0,1784.0,8.8201,65.44
355.539,measure,4944.0,1784.0,8.8201,65.62
355.640,measure,4944.0,1776.0,8.7805,65.50
355.740,measure,4944.0,1760.0,8.7014,65.53
355.840,measure,4944.0,1784.0,8.8201,65.56
355.940,measure,4944.0,1784.0,8.8201,65.59
356.040,measure,4944.0,1776.0,8.7805,65.34
356.140,measure,4944.0,1760.0,8.7014,65.53
356.240,measure,4944.0,1784.0,8.8201,65.56
356.341,measure,4944.0,1784.0,8.8201,65.53
356.441,measure,4944.0,1776.0,8.7805,65.72
356.541,measure,4944.0,1760.0,8.7014,65.28
356.641,measure,4944.0,1776.0,8.7805,65.34
356.741,measure,4944.0,1792.0,8.8596,65.56
356.841,measure,4944.0,1784.0,8.8201,65.50
356.942,measure,4944.0,1768.0,8.7410,65.47
357.042,measure,4944.0,1776.0,8.7805,65.47
357.142,measure,4944.0,1792.0,8.8596,65.59
357.242,measure,4944.0,1784.0,8.8201,65.59
357.342,measure,4944.0,1768.0,8.7410,65.38
357.442,measure,4944.0,1776.0,8.7805,65.41
357.542,measure,4944.0,1792.0,8.8596,65.72
357.643,measure,4944.0,1800.0,8.8992,65.59
357.743,measure,4944.0,1784.0,8.8201,65.38
357.843,measure,4944.0,1768.0,8.7410,65.56
357.943,measure,4944.0,1784.0,8.8201,65.62
358.043,measure,4944.0,1792.0,8.8596,65.44
358.143,measure,4944.0,1784.0,8.8201,65.31
358.244,measure,4944.0,1768.0,8.7410,65.38
358.344,measure,4944.0,1784.0,8.8201,65.34
358.444,measure,4944.0,1800.0,8.8992,65.62
358.544,measure,4944.0,1792.0,8.8596,65.44
358.644,measure,4944.0,1776.0,8.7805,65.31
358.744,measure,4944.0,1776.0,8.7805,65.34
358.844,measure,4944.0,1792.0,8.8596,65.75
358.945,measure,4944.0,1792.0,8.8596,65.59
359.045,measure,4944.0,1776.0,8.7805,65.44
359.145,measure,4944.0,1768.0,8.7410,65.38
359.245,measure,4944.0,1792.0,8.8596,65.75
359.346,measure,4944.0,1784.0,8.8201,65.59
359.446,measure,4944.0,1784.0,8.8201,65.28
359.546,measure,4944.0,1768.0,8.7410,65.62
359.646,measure,4944.0,1792.0,8.8596,65.62
359.746,measure,4944.0,1792.0,8.8596,65.44
359.847,measure,4944.0,1784.0,8.8201,65.38
359.947,measure,4944.0,1768.0,8.7410,65.31
360.047,measure,4944.0,1784.0,8.8201,65.38
360.147,measure,4944.0,1800.0,8.8992,65.62
360.247,measure,4944.0,1800.0,8.8992,65.47
