t_rel_s,phase,mv,ma,watt,temp_max_c
0.000,warmup,4968.0,1264.0,6.2796,60.06
0.100,warmup,4968.0,1208.0,6.0013,60.09
0.200,warmup,4976.0,1136.0,5.6527,60.09
0.300,warmup,4976.0,1088.0,5.4139,60.00
0.401,warmup,4968.0,1248.0,6.2001,59.94
0.501,warmup,4968.0,1424.0,7.0744,60.28
0.601,warmup,4960.0,1568.0,7.7773,60.22
0.701,warmup,4952.0,1672.0,8.2797,60.16
0.801,warmup,4952.0,1760.0,8.7155,60.19
0.901,warmup,4944.0,1840.0,9.0970,60.19
1.002,warmup,4944.0,1936.0,9.5716,60.59
1.102,warmup,4944.0,1992.0,9.8484,60.53
1.202,warmup,4936.0,2024.0,9.9905,60.44
1.302,warmup,4936.0,2056.0,10.1484,60.75
1.402,warmup,4936.0,2080.0,10.2669,60.47
1.503,warmup,4936.0,2136.0,10.5433,60.47
1.603,warmup,4936.0,2144.0,10.5828,60.44
1.703,warmup,4936.0,2144.0,10.5828,60.50
1.803,warmup,4936.0,2152.0,10.6223,60.44
1.904,warmup,4936.0,2152.0,10.6223,60.44
2.004,warmup,4936.0,2184.0,10.7802,60.59
2.104,warmup,4936.0,2184.0,10.7802,60.62
2.204,warmup,4936.0,2184.0,10.7802,60.69
2.304,warmup,4928.0,2184.0,10.7628,60.62
2.405,warmup,4928.0,2184.0,10.7628,60.78
2.505,warmup,4928.0,2208.0,10.8810,60.81
2.605,warmup,4928.0,2200.0,10.8416,60.78
2.705,warmup,4928.0,2192.0,10.8022,60.97
2.805,warmup,4928.0,2192.0,10.8022,60.88
2.905,warmup,4928.0,2200.0,10.8416,60.69
3.005,warmup,4928.0,2216.0,10.9204,61.12
3.105,warmup,4928.0,2208.0,10.8810,61.00
3.206,warmup,4928.0,2192.0,10.8022,60.66
3.306,warmup,4928.0,2192.0,10.8022,60.62
3.406,warmup,4928.0,2224.0,10.9599,60.91
3.506,warmup,4928.0,2216.0,10.9204,60.84
3.606,warmup,4928.0,2200.0,10.8416,60.94
3.707,warmup,4928.0,2192.0,10.8022,60.84
3.807,warmup,4936.0,2184.0,10.7802,60.97
3.907,warmup,4928.0,2216.0,10.9204,61.00
4.007,warmup,4928.0,2208.0,10.8810,61.00
4.108,warmup,4928.0,2200.0,10.8416,61.09
4.208,warmup,4928.0,2192.0,10.8022,60.94
4.308,warmup,4936.0,2192.0,10.8197,60.91
4.408,warmup,4928.0,2216.0,10.9204,61.22
4.508,warmup,4928.0,2208.0,10.8810,61.16
4.608,warmup,4928.0,2192.0,10.8022,60.91
4.709,warmup,4928.0,2184.0,10.7628,60.81
4.809,warmup,4928.0,2200.0,10.8416,60.91
4.909,warmup,4928.0,2216.0,10.9204,60.91
5.009,warmup,4928.0,2208.0,10.8810,61.19
5.109,warmup,4928.0,2192.0,10.8022,61.03
5.210,warmup,4928.0,2184.0,10.7628,61.19
5.310,warmup,4928.0,2216.0,10.9204,61.19
5.410,warmup,4928.0,2208.0,10.8810,61.06
5.510,warmup,4928.0,2200.0,10.8416,61.28
5.610,warmup,4928.0,2200.0,10.8416,61.12
5.710,warmup,4928.0,2200.0,10.8416,61.12
5.810,warmup,4928.0,2224.0,10.9599,61.38
5.911,warmup,4928.0,2232.0,10.9993,61.31
6.011,warmup,4928.0,2264.0,11.1570,61.19
6.111,warmup,4928.0,2320.0,11.4330,61.50
6.211,warmup,4928.0,2360.0,11.6301,61.44
6.311,warmup,4920.0,2424.0,11.9261,61.41
6.411,warmup,4920.0,2424.0,11.9261,61.38
6.511,warmup,4920.0,2432.0,11.9654,61.41
6.612,warmup,4920.0,2440.0,12.0048,61.38
6.712,warmup,4920.0,2440.0,12.0048,61.38
6.812,warmup,4920.0,2480.0,12.2016,61.53
6.912,warmup,4920.0,2480.0,12.2016,61.50
7.012,warmup,4920.0,2416.0,11.8867,61.50
7.112,warmup,4928.0,2368.0,11.6695,61.41
7.213,warmup,4928.0,2344.0,11.5512,61.50
7.313,warmup,4928.0,2328.0,11.4724,61.53
7.413,warmup,4928.0,2296.0,11.3147,61.41
7.513,warmup,4928.0,2264.0,11.1570,61.62
7.613,warmup,4928.0,2240.0,11.0387,61.47
7.713,warmup,4928.0,2256.0,11.1176,61.50
7.813,warmup,4928.0,2248.0,11.0781,61.34
7.913,warmup,4928.0,2224.0,10.9599,61.59
8.014,warmup,4928.0,2208.0,10.8810,61.34
8.114,warmup,4928.0,2200.0,10.8416,61.09
8.214,warmup,4928.0,2224.0,10.9599,61.69
8.314,warmup,4928.0,2216.0,10.9204,61.41
8.414,warmup,4928.0,2200.0,10.8416,61.41
8.514,warmup,4928.0,2192.0,10.8022,61.44
8.614,warmup,4928.0,2184.0,10.7628,61.25
8.715,warmup,4928.0,2216.0,10.9204,61.56
8.815,warmup,4928.0,2208.0,10.8810,61.50
8.915,warmup,4928.0,2192.0,10.8022,61.41
9.015,warmup,4928.0,2184.0,10.7628,61.53
9.115,warmup,4928.0,2200.0,10.8416,61.47
9.215,warmup,4928.0,2224.0,10.9599,61.84
9.316,warmup,4928.0,2208.0,10.8810,61.69
9.416,warmup,4928.0,2192.0,10.8022,61.53
9.516,warmup,4928.0,2192.0,10.8022,61.31
9.616,warmup,4928.0,2216.0,10.9204,61.75
9.716,warmup,4928.0,2224.0,10.9599,61.50
9.816,warmup,4928.0,2200.0,10.8416,61.44
9.917,warmup,4928.0,2192.0,10.8022,61.84
10.017,warmup,4928.0,2184.0,10.7628,61.44
10.117,warmup,4928.0,2216.0,10.9204,61.47
10.217,warmup,4928.0,2208.0,10.8810,61.50
10.317,warmup,4928.0,2192.0,10.8022,61.59
10.417,warmup,4928.0,2192.0,10.8022,61.62
10.517,warmup,4928.0,2184.0,10.7628,61.56
10.618,warmup,4928.0,2216.0,10.9204,61.62
10.718,warmup,4928.0,2208.0,10.8810,61.75
10.818,warmup,4928.0,2192.0,10.8022,61.69
10.918,warmup,4928.0,2192.0,10.8022,61.44
11.018,warmup,4928.0,2192.0,10.8022,61.72
11.118,warmup,4928.0,2216.0,10.9204,61.78
11.219,warmup,4928.0,2208.0,10.8810,61.62
11.319,warmup,4928.0,2200.0,10.8416,61.91
11.419,warmup,4928.0,2192.0,10.8022,61.56
11.519,warmup,4928.0,2208.0,10.8810,61.59
11.619,warmup,4928.0,2216.0,10.9204,61.75
11.719,warmup,4928.0,2200.0,10.8416,61.66
11.819,warmup,4928.0,2192.0,10.8022,61.59
11.920,warmup,4928.0,2192.0,10.8022,61.72
12.020,warmup,4928.0,2216.0,10.9204,61.75
12.120,warmup,4928.0,2208.0,10.8810,61.84
12.220,warmup,4928.0,2200.0,10.8416,61.88
12.320,warmup,4928.0,2192.0,10.8022,61.69
12.420,warmup,4928.0,2184.0,10.7628,61.84
12.520,warmup,4928.0,2216.0,10.9204,61.91
12.620,warmup,4928.0,2208.0,10.8810,61.84
12.721,warmup,4928.0,2200.0,10.8416,62.00
12.821,warmup,4928.0,2192.0,10.8022,61.84
12.921,warmup,4928.0,2192.0,10.8022,61.62
13.021,warmup,4928.0,2216.0,10.9204,62.09
13.121,warmup,4928.0,2200.0,10.8416,61.81
13.221,warmup,4928.0,2192.0,10.8022,61.78
13.321,warmup,4928.0,2192.0,10.8022,61.62
13.422,warmup,4928.0,2208.0,10.8810,61.81
13.522,warmup,4928.0,2216.0,10.9204,61.88
13.622,warmup,4928.0,2208.0,10.8810,61.88
13.722,warmup,4928.0,2200.0,10.8416,61.84
13.822,warmup,4928.0,2192.0,10.8022,61.94
13.922,warmup,4928.0,2224.0,10.9599,62.00
14.022,warmup,4928.0,2216.0,10.9204,61.94
14.122,warmup,4928.0,2200.0,10.8416,62.12
14.223,warmup,4928.0,2192.0,10.8022,62.03
14.323,warmup,4928.0,2184.0,10.7628,61.84
14.423,warmup,4928.0,2216.0,10.9204,62.22
14.523,warmup,4928.0,2208.0,10.8810,62.12
14.623,warmup,4928.0,2200.0,10.8416,61.88
14.723,warmup,4928.0,2192.0,10.8022,61.78
14.823,warmup,4928.0,2192.0,10.8022,62.19
14.924,warmup,4928.0,2216.0,10.9204,61.91
15.024,warmup,4928.0,2200.0,10.8416,61.94
15.124,warmup,4928.0,2192.0,10.8022,61.97
15.224,warmup,4928.0,2192.0,10.8022,61.84
15.324,warmup,4928.0,2208.0,10.8810,62.06
15.424,warmup,4928.0,2216.0,10.9204,62.00
15.524,warmup,4928.0,2200.0,10.8416,62.03
15.624,warmup,4928.0,2192.0,10.8022,62.19
15.725,warmup,4928.0,2184.0,10.7628,61.97
15.825,warmup,4928.0,2216.0,10.9204,62.28
15.925,warmup,4928.0,2208.0,10.8810,62.22
16.025,warmup,4928.0,2200.0,10.8416,62.12
16.125,warmup,4928.0,2192.0,10.8022,62.28
16.225,warmup,4928.0,2192.0,10.8022,62.16
16.325,warmup,4928.0,2224.0,10.9599,62.22
16.426,warmup,4928.0,2216.0,10.9204,62.06
16.526,warmup,4928.0,2200.0,10.8416,62.34
16.626,warmup,4928.0,2192.0,10.8022,62.12
16.726,warmup,4928.0,2192.0,10.8022,62.00
16.826,warmup,4928.0,2216.0,10.9204,62.53
16.926,warmup,4928.0,2208.0,10.8810,62.12
17.026,warmup,4928.0,2200.0,10.8416,62.03
17.126,warmup,4928.0,2192.0,10.8022,62.19
17.227,warmup,4928.0,2216.0,10.9204,62.19
17.327,warmup,4928.0,2224.0,10.9599,62.38
17.427,warmup,4928.0,2208.0,10.8810,62.22
17.527,warmup,4928.0,2200.0,10.8416,62.38
17.627,warmup,4928.0,2192.0,10.8022,62.28
17.727,warmup,4928.0,2224.0,10.9599,62.38
17.827,warmup,4928.0,2216.0,10.9204,62.16
17.928,warmup,4928.0,2200.0,10.8416,62.41
18.028,warmup,4928.0,2200.0,10.8416,62.31
18.128,warmup,4928.0,2192.0,10.8022,61.91
18.228,warmup,4928.0,2224.0,10.9599,62.53
18.328,warmup,4928.0,2216.0,10.9204,62.22
18.428,warmup,4928.0,2200.0,10.8416,62.19
18.528,warmup,4928.0,2200.0,10.8416,62.19
18.628,warmup,4928.0,2208.0,10.8810,62.12
18.729,warmup,4928.0,2224.0,10.9599,62.31
18.829,warmup,4928.0,2216.0,10.9204,62.34
18.929,warmup,4928.0,2208.0,10.8810,62.25
19.029,warmup,4928.0,2200.0,10.8416,62.38
19.129,warmup,4928.0,2224.0,10.9599,62.41
19.229,warmup,4928.0,2224.0,10.9599,62.41
19.329,warmup,4928.0,2200.0,10.8416,62.44
19.429,warmup,4928.0,2192.0,10.8022,62.44
19.530,warmup,4928.0,2192.0,10.8022,62.28
19.630,warmup,4928.0,2224.0,10.9599,62.66
19.730,warmup,4928.0,2216.0,10.9204,62.47
19.830,warmup,4928.0,2200.0,10.8416,62.31
19.930,warmup,4928.0,2192.0,10.8022,62.59
20.030,warmup,4928.0,2192.0,10.8022,62.19
20.130,warmup,4928.0,2224.0,10.9599,62.41
20.230,warmup,4928.0,2216.0,10.9204,62.34
20.331,warmup,4928.0,2200.0,10.8416,62.41
20.431,warmup,4928.0,2200.0,10.8416,62.34
20.531,warmup,4928.0,2208.0,10.8810,62.44
20.631,warmup,4928.0,2224.0,10.9599,62.47
20.731,warmup,4928.0,2216.0,10.9204,62.56
20.831,warmup,4928.0,2200.0,10.8416,62.56
20.931,warmup,4928.0,2200.0,10.8416,62.38
21.032,warmup,4928.0,2224.0,10.9599,62.78
21.132,warmup,4928.0,2216.0,10.9204,62.66
21.232,warmup,4928.0,2208.0,10.8810,62.53
21.332,warmup,4928.0,2200.0,10.8416,62.62
21.432,warmup,4928.0,2192.0,10.8022,62.47
21.532,warmup,4928.0,2224.0,10.9599,62.69
21.632,warmup,4928.0,2216.0,10.9204,62.88
21.732,warmup,4928.0,2208.0,10.8810,62.78
21.833,warmup,4928.0,2200.0,10.8416,62.47
21.933,warmup,4928.0,2200.0,10.8416,62.38
22.033,warmup,4928.0,2224.0,10.9599,62.56
22.133,warmup,4928.0,2216.0,10.9204,62.56
22.233,warmup,4928.0,2200.0,10.8416,62.66
22.333,warmup,4928.0,2200.0,10.8416,62.47
22.433,warmup,4928.0,2216.0,10.9204,62.53
22.533,warmup,4928.0,2224.0,10.9599,62.69
22.634,warmup,4928.0,2208.0,10.8810,62.62
22.734,warmup,4928.0,2200.0,10.8416,62.81
22.834,warmup,4928.0,2192.0,10.8022,62.78
22.934,warmup,4928.0,2224.0,10.9599,62.75
23.034,warmup,4928.0,2216.0,10.9204,62.94
23.134,warmup,4928.0,2208.0,10.8810,62.81
23.234,warmup,4928.0,2200.0,10.8416,62.62
23.335,warmup,4928.0,2192.0,10.8022,62.41
23.435,warmup,4928.0,2224.0,10.9599,62.88
23.535,warmup,4928.0,2216.0,10.9204,62.59
23.635,warmup,4928.0,2200.0,10.8416,62.59
23.735,warmup,4928.0,2200.0,10.8416,62.84
23.835,warmup,4928.0,2208.0,10.8810,62.56
23.935,warmup,4928.0,2232.0,10.9993,62.66
24.035,warmup,4928.0,2216.0,10.9204,62.72
24.136,warmup,4928.0,2208.0,10.8810,62.66
24.236,warmup,4928.0,2208.0,10.8810,62.81
24.336,warmup,4928.0,2224.0,10.9599,62.78
24.436,warmup,4928.0,2224.0,10.9599,62.69
24.536,warmup,4928.0,2216.0,10.9204,62.88
24.636,warmup,4928.0,2200.0,10.8416,62.81
24.736,warmup,4928.0,2200.0,10.8416,62.94
24.836,warmup,4928.0,2232.0,10.9993,62.97
24.937,warmup,4928.0,2224.0,10.9599,62.91
25.037,warmup,4928.0,2208.0,10.8810,62.75
25.137,warmup,4928.0,2200.0,10.8416,63.03
25.237,warmup,4928.0,2192.0,10.8022,62.62
25.337,warmup,4928.0,2232.0,10.9993,62.75
25.437,warmup,4928.0,2216.0,10.9204,63.16
25.537,warmup,4928.0,2208.0,10.8810,62.84
25.637,warmup,4928.0,2200.0,10.8416,62.69
25.738,warmup,4928.0,2208.0,10.8810,62.78
25.838,warmup,4928.0,2232.0,10.9993,62.88
25.938,warmup,4928.0,2216.0,10.9204,63.00
26.038,warmup,4928.0,2208.0,10.8810,62.88
26.138,warmup,4928.0,2208.0,10.8810,63.12
26.238,warmup,4928.0,2224.0,10.9599,63.03
26.338,warmup,4928.0,2224.0,10.9599,63.03
26.439,warmup,4928.0,2216.0,10.9204,62.88
26.539,warmup,4928.0,2200.0,10.8416,63.06
26.639,warmup,4928.0,2200.0,10.8416,62.97
26.739,warmup,4928.0,2224.0,10.9599,62.91
26.839,warmup,4928.0,2216.0,10.9204,63.22
26.939,warmup,4928.0,2208.0,10.8810,63.06
27.039,warmup,4928.0,2200.0,10.8416,62.84
27.139,warmup,4928.0,2192.0,10.8022,62.69
27.240,warmup,4928.0,2224.0,10.9599,62.97
27.340,warmup,4928.0,2216.0,10.9204,62.88
27.440,warmup,4928.0,2200.0,10.8416,63.00
27.540,warmup,4928.0,2200.0,10.8416,62.88
27.640,warmup,4928.0,2208.0,10.8810,62.84
27.740,warmup,4928.0,2224.0,10.9599,63.09
27.840,warmup,4928.0,2216.0,10.9204,63.06
27.940,warmup,4928.0,2200.0,10.8416,63.25
28.041,warmup,4928.0,2200.0,10.8416,62.97
28.141,warmup,4928.0,2224.0,10.9599,63.12
28.241,warmup,4928.0,2224.0,10.9599,63.31
28.341,warmup,4928.0,2208.0,10.8810,63.19
28.441,warmup,4928.0,2200.0,10.8416,63.09
28.541,warmup,4928.0,2192.0,10.8022,63.16
28.641,warmup,4928.0,2224.0,10.9599,63.31
28.741,warmup,4928.0,2216.0,10.9204,63.06
28.842,warmup,4928.0,2208.0,10.8810,62.97
28.942,warmup,4928.0,2200.0,10.8416,63.25
29.042,warmup,4928.0,2200.0,10.8416,62.84
29.142,warmup,4928.0,2224.0,10.9599,62.97
29.242,warmup,4928.0,2216.0,10.9204,63.19
29.342,warmup,4928.0,2208.0,10.8810,63.09
29.442,warmup,4928.0,2200.0,10.8416,63.16
29.543,warmup,4928.0,2216.0,10.9204,63.09
29.643,warmup,4928.0,2224.0,10.9599,63.41
29.743,warmup,4928.0,2216.0,10.9204,63.22
29.843,warmup,4928.0,2200.0,10.8416,63.19
29.943,warmup,4928.0,2200.0,10.8416,63.28
30.043,warmup,4928.0,2232.0,10.9993,63.41
30.143,warmup,4928.0,2224.0,10.9599,63.22
30.243,warmup,4928.0,2208.0,10.8810,63.06
30.344,warmup,4928.0,2200.0,10.8416,63.28
30.444,warmup,4928.0,2192.0,10.8022,63.00
30.544,warmup,4928.0,2224.0,10.9599,63.19
30.644,warmup,4928.0,2216.0,10.9204,63.53
30.744,warmup,4928.0,2200.0,10.8416,63.12
30.844,warmup,4928.0,2200.0,10.8416,63.06
30.944,warmup,4928.0,2200.0,10.8416,63.09
31.044,warmup,4928.0,2224.0,10.9599,63.22
31.145,warmup,4928.0,2208.0,10.8810,63.38
31.245,warmup,4928.0,2200.0,10.8416,63.28
31.345,warmup,4928.0,2200.0,10.8416,63.12
31.445,warmup,4928.0,2224.0,10.9599,63.41
31.545,warmup,4928.0,2224.0,10.9599,63.38
31.645,warmup,4928.0,2208.0,10.8810,63.56
31.745,warmup,4928.0,2200.0,10.8416,63.41
31.845,warmup,4928.0,2192.0,10.8022,63.31
31.946,warmup,4928.0,2224.0,10.9599,63.22
32.046,warmup,4928.0,2216.0,10.9204,63.50
32.146,warmup,4928.0,2208.0,10.8810,63.44
32.246,warmup,4928.0,2200.0,10.8416,63.19
32.346,warmup,4928.0,2192.0,10.8022,63.44
32.446,warmup,4928.0,2224.0,10.9599,63.31
32.546,warmup,4928.0,2216.0,10.9204,63.25
32.647,warmup,4928.0,2208.0,10.8810,63.41
32.747,warmup,4928.0,2200.0,10.8416,63.28
32.847,warmup,4928.0,2216.0,10.9204,63.28
32.947,warmup,4928.0,2224.0,10.9599,63.50
33.047,warmup,4928.0,2216.0,10.9204,63.34
33.147,warmup,4928.0,2208.0,10.8810,63.47
33.247,warmup,4928.0,2200.0,10.8416,63.31
33.348,warmup,4928.0,2232.0,10.9993,63.41
33.448,warmup,4928.0,2224.0,10.9599,63.66
33.548,warmup,4928.0,2208.0,10.8810,63.50
33.648,warmup,4928.0,2200.0,10.8416,63.34
33.748,warmup,4928.0,2192.0,10.8022,63.53
33.848,warmup,4928.0,2224.0,10.9599,63.50
33.948,warmup,4928.0,2216.0,10.9204,63.34
34.048,warmup,4928.0,2208.0,10.8810,63.34
34.149,warmup,4928.0,2200.0,10.8416,63.34
34.249,warmup,4928.0,2192.0,10.8022,63.28
34.349,warmup,4928.0,2224.0,10.9599,63.59
34.449,warmup,4928.0,2216.0,10.9204,63.44
34.549,warmup,4928.0,2208.0,10.8810,63.53
34.649,warmup,4928.0,2200.0,10.8416,63.34
34.750,warmup,4928.0,2216.0,10.9204,63.66
34.850,warmup,4928.0,2224.0,10.9599,63.62
34.950,warmup,4928.0,2208.0,10.8810,63.59
35.050,warmup,4928.0,2200.0,10.8416,63.50
35.150,warmup,4928.0,2200.0,10.8416,63.62
35.250,warmup,4928.0,2232.0,10.9993,63.62
35.350,warmup,4928.0,2224.0,10.9599,63.44
35.450,warmup,4928.0,2208.0,10.8810,63.72
35.551,warmup,4928.0,2200.0,10.8416,63.66
35.651,warmup,4928.0,2200.0,10.8416,63.31
35.751,warmup,4928.0,2224.0,10.9599,63.44
35.851,warmup,4928.0,2216.0,10.9204,63.50
35.951,warmup,4928.0,2208.0,10.8810,63.47
36.051,warmup,4928.0,2200.0,10.8416,63.44
36.151,warmup,4928.0,2200.0,10.8416,63.38
36.252,warmup,4928.0,2232.0,10.9993,63.56
36.352,warmup,4928.0,2216.0,10.9204,63.66
36.452,warmup,4928.0,2208.0,10.8810,63.56
36.552,warmup,4928.0,2208.0,10.8810,63.75
36.652,warmup,4928.0,2224.0,10.9599,63.66
36.752,warmup,4928.0,2232.0,10.9993,63.69
36.852,warmup,4928.0,2216.0,10.9204,63.84
36.952,warmup,4928.0,2208.0,10.8810,63.75
37.053,warmup,4928.0,2200.0,10.8416,63.56
37.153,warmup,4928.0,2232.0,10.9993,63.56
37.253,warmup,4928.0,2224.0,10.9599,63.81
37.353,warmup,4928.0,2208.0,10.8810,63.53
37.453,warmup,4928.0,2208.0,10.8810,63.59
37.553,warmup,4928.0,2200.0,10.8416,63.62
37.653,warmup,4928.0,2232.0,10.9993,63.62
37.754,warmup,4928.0,2216.0,10.9204,63.59
37.854,warmup,4928.0,2208.0,10.8810,63.66
37.954,warmup,4928.0,2208.0,10.8810,63.62
38.054,warmup,4928.0,2208.0,10.8810,63.62
38.154,warmup,4928.0,2232.0,10.9993,63.72
38.254,warmup,4928.0,2224.0,10.9599,63.66
38.354,warmup,4928.0,2208.0,10.8810,63.81
38.454,warmup,4928.0,2208.0,10.8810,63.66
38.555,warmup,4928.0,2224.0,10.9599,63.97
38.655,warmup,4928.0,2232.0,10.9993,63.91
38.755,warmup,4928.0,2216.0,10.9204,63.88
38.855,warmup,4928.0,2208.0,10.8810,63.66
38.955,warmup,4928.0,2200.0,10.8416,63.88
39.056,warmup,4928.0,2232.0,10.9993,63.78
39.156,warmup,4928.0,2224.0,10.9599,63.81
39.256,warmup,4928.0,2208.0,10.8810,64.03
39.356,warmup,4928.0,2200.0,10.8416,63.66
39.456,warmup,4928.0,2192.0,10.8022,63.59
39.556,warmup,4928.0,2224.0,10.9599,63.81
39.656,warmup,4928.0,2216.0,10.9204,63.78
39.757,warmup,4928.0,2208.0,10.8810,63.91
39.857,warmup,4928.0,2200.0,10.8416,63.81
39.957,warmup,4928.0,2200.0,10.8416,63.72
40.057,warmup,4928.0,2224.0,10.9599,63.97
40.157,warmup,4928.0,2216.0,10.9204,63.94
40.257,warmup,4928.0,2208.0,10.8810,63.84
40.357,warmup,4928.0,2208.0,10.8810,63.97
40.458,warmup,4928.0,2224.0,10.9599,63.91
40.558,warmup,4928.0,2232.0,10.9993,63.75
40.658,warmup,4928.0,2216.0,10.9204,64.16
40.758,warmup,4928.0,2200.0,10.8416,64.00
40.858,warmup,4928.0,2200.0,10.8416,63.59
40.958,warmup,4928.0,2232.0,10.9993,63.94
41.058,warmup,4928.0,2224.0,10.9599,63.81
41.159,warmup,4928.0,2208.0,10.8810,63.81
41.259,warmup,4928.0,2200.0,10.8416,63.91
41.359,warmup,4928.0,2200.0,10.8416,63.69
41.459,warmup,4928.0,2232.0,10.9993,63.81
41.559,warmup,4928.0,2224.0,10.9599,63.91
41.659,warmup,4928.0,2208.0,10.8810,63.94
41.759,warmup,4928.0,2208.0,10.8810,64.00
41.860,warmup,4928.0,2216.0,10.9204,63.91
41.960,warmup,4928.0,2232.0,10.9993,63.84
42.060,warmup,4928.0,2224.0,10.9599,64.19
42.160,warmup,4928.0,2216.0,10.9204,64.03
42.260,warmup,4928.0,2208.0,10.8810,63.75
42.360,warmup,4928.0,2232.0,10.9993,64.25
42.460,warmup,4928.0,2232.0,10.9993,64.22
42.561,warmup,4928.0,2216.0,10.9204,63.94
42.661,warmup,4928.0,2208.0,10.8810,63.97
42.761,warmup,4928.0,2200.0,10.8416,63.84
42.861,warmup,4928.0,2232.0,10.9993,64.12
42.961,warmup,4928.0,2224.0,10.9599,64.03
43.062,warmup,4928.0,2216.0,10.9204,64.00
43.162,warmup,4928.0,2208.0,10.8810,64.09
43.262,warmup,4928.0,2200.0,10.8416,63.91
43.362,warmup,4928.0,2232.0,10.9993,64.03
43.463,warmup,4928.0,2232.0,10.9993,64.22
43.563,warmup,4928.0,2216.0,10.9204,64.06
43.663,warmup,4928.0,2208.0,10.8810,63.94
43.763,warmup,4928.0,2208.0,10.8810,64.12
43.864,warmup,4928.0,2232.0,10.9993,64.25
43.964,warmup,4928.0,2224.0,10.9599,63.97
44.064,warmup,4928.0,2208.0,10.8810,64.03
44.164,warmup,4928.0,2208.0,10.8810,63.94
44.265,warmup,4928.0,2216.0,10.9204,64.00
44.365,warmup,4928.0,2240.0,11.0387,64.09
44.465,warmup,4928.0,2224.0,10.9599,64.06
44.565,warmup,4928.0,2208.0,10.8810,64.16
44.665,warmup,4928.0,2200.0,10.8416,64.03
44.765,warmup,4928.0,2232.0,10.9993,64.03
44.865,warmup,4928.0,2232.0,10.9993,64.28
44.966,warmup,4928.0,2216.0,10.9204,64.16
45.066,warmup,4928.0,2208.0,10.8810,64.03
45.166,warmup,4928.0,2208.0,10.8810,64.12
45.266,warmup,4928.0,2240.0,11.0387,64.25
45.366,warmup,4928.0,2232.0,10.9993,64.03
45.466,warmup,4928.0,2216.0,10.9204,64.38
45.566,warmup,4928.0,2208.0,10.8810,63.97
45.667,warmup,4928.0,2200.0,10.8416,63.84
45.767,warmup,4928.0,2232.0,10.9993,64.09
45.867,warmup,4928.0,2224.0,10.9599,64.16
45.967,warmup,4928.0,2208.0,10.8810,64.31
46.067,warmup,4928.0,2200.0,10.8416,64.16
46.167,warmup,4928.0,2216.0,10.9204,64.09
46.267,warmup,4928.0,2240.0,11.0387,64.34
46.368,warmup,4928.0,2224.0,10.9599,64.25
46.468,warmup,4928.0,2216.0,10.9204,64.19
46.568,warmup,4928.0,2208.0,10.8810,64.28
46.668,warmup,4928.0,2232.0,10.9993,64.28
46.768,warmup,4928.0,2232.0,10.9993,64.31
46.869,warmup,4928.0,2216.0,10.9204,64.31
46.969,warmup,4928.0,2208.0,10.8810,64.31
47.069,warmup,4928.0,2200.0,10.8416,63.97
47.169,warmup,4928.0,2224.0,10.9599,64.56
47.269,warmup,4928.0,2224.0,10.9599,64.12
47.369,warmup,4928.0,2208.0,10.8810,64.12
47.469,warmup,4928.0,2200.0,10.8416,64.28
47.570,warmup,4928.0,2192.0,10.8022,64.09
47.670,warmup,4928.0,2232.0,10.9993,64.25
47.770,warmup,4928.0,2216.0,10.9204,64.31
47.870,warmup,4928.0,2208.0,10.8810,64.28
47.970,warmup,4928.0,2200.0,10.8416,64.19
48.070,warmup,4928.0,2208.0,10.8810,64.28
48.170,warmup,4928.0,2232.0,10.9993,64.31
48.270,warmup,4928.0,2216.0,10.9204,64.50
48.371,warmup,4928.0,2208.0,10.8810,64.41
48.471,warmup,4928.0,2200.0,10.8416,64.25
48.571,warmup,4928.0,2224.0,10.9599,64.50
48.671,warmup,4928.0,2232.0,10.9993,64.53
48.772,warmup,4928.0,2216.0,10.9204,64.25
48.872,warmup,4928.0,2200.0,10.8416,64.25
48.972,warmup,4928.0,2200.0,10.8416,64.22
49.072,warmup,4928.0,2232.0,10.9993,64.47
49.172,warmup,4928.0,2224.0,10.9599,64.38
49.273,warmup,4928.0,2208.0,10.8810,64.38
49.373,warmup,4928.0,2200.0,10.8416,64.50
49.473,warmup,4928.0,2192.0,10.8022,64.31
49.574,warmup,4928.0,2224.0,10.9599,64.31
49.674,warmup,4928.0,2224.0,10.9599,64.53
49.774,warmup,4928.0,2216.0,10.9204,64.53
49.874,warmup,4928.0,2208.0,10.8810,64.22
49.975,warmup,4928.0,2208.0,10.8810,64.44
50.075,warmup,4928.0,2240.0,11.0387,64.53
50.175,warmup,4928.0,2224.0,10.9599,64.31
50.275,warmup,4928.0,2216.0,10.9204,64.66
50.375,warmup,4928.0,2208.0,10.8810,64.25
50.476,warmup,4928.0,2224.0,10.9599,64.31
50.576,warmup,4928.0,2232.0,10.9993,64.44
50.676,warmup,4928.0,2224.0,10.9599,64.44
50.776,warmup,4928.0,2216.0,10.9204,64.34
50.876,warmup,4928.0,2208.0,10.8810,64.31
50.976,warmup,4928.0,2232.0,10.9993,64.44
51.077,warmup,4928.0,2224.0,10.9599,64.59
51.177,warmup,4928.0,2208.0,10.8810,64.53
51.277,warmup,4928.0,2200.0,10.8416,64.31
51.377,warmup,4928.0,2192.0,10.8022,64.47
51.477,warmup,4928.0,2224.0,10.9599,64.59
51.578,warmup,4928.0,2216.0,10.9204,64.38
51.678,warmup,4928.0,2208.0,10.8810,64.72
51.778,warmup,4928.0,2200.0,10.8416,64.59
51.878,warmup,4928.0,2200.0,10.8416,64.25
51.978,warmup,4928.0,2232.0,10.9993,64.44
52.078,warmup,4928.0,2224.0,10.9599,64.44
52.178,warmup,4928.0,2208.0,10.8810,64.41
52.278,warmup,4928.0,2208.0,10.8810,64.50
52.379,warmup,4928.0,2224.0,10.9599,64.47
52.479,warmup,4928.0,2240.0,11.0387,64.69
52.579,warmup,4928.0,2224.0,10.9599,64.62
52.679,warmup,4928.0,2216.0,10.9204,64.44
52.779,warmup,4928.0,2208.0,10.8810,64.72
52.880,warmup,4928.0,2232.0,10.9993,64.66
52.980,warmup,4928.0,2240.0,11.0387,64.59
53.080,warmup,4928.0,2224.0,10.9599,64.75
53.180,warmup,4928.0,2216.0,10.9204,64.66
53.280,warmup,4928.0,2208.0,10.8810,64.34
53.380,warmup,4928.0,2232.0,10.9993,64.78
53.481,warmup,4928.0,2232.0,10.9993,64.50
53.581,warmup,4928.0,2216.0,10.9204,64.50
53.681,warmup,4928.0,2208.0,10.8810,64.44
53.781,warmup,4928.0,2200.0,10.8416,64.38
53.881,warmup,4928.0,2232.0,10.9993,64.59
53.981,warmup,4928.0,2224.0,10.9599,64.62
54.081,warmup,4928.0,2216.0,10.9204,64.56
54.182,warmup,4928.0,2208.0,10.8810,64.47
54.282,warmup,4928.0,2208.0,10.8810,64.53
54.382,warmup,4928.0,2232.0,10.9993,64.69
54.482,warmup,4928.0,2224.0,10.9599,64.88
54.582,warmup,4928.0,2216.0,10.9204,64.69
54.683,warmup,4928.0,2208.0,10.8810,64.59
54.783,warmup,4928.0,2224.0,10.9599,64.84
54.883,warmup,4928.0,2248.0,11.0781,64.81
54.983,warmup,4928.0,2232.0,10.9993,64.56
55.084,warmup,4928.0,2224.0,10.9599,64.59
55.184,warmup,4928.0,2216.0,10.9204,64.53
55.284,warmup,4928.0,2232.0,10.9993,64.66
55.384,warmup,4928.0,2240.0,11.0387,64.75
55.485,warmup,4928.0,2224.0,10.9599,64.62
55.585,warmup,4928.0,2216.0,10.9204,64.62
55.685,warmup,4928.0,2216.0,10.9204,64.62
55.785,warmup,4928.0,2240.0,11.0387,64.75
55.885,warmup,4928.0,2232.0,10.9993,64.84
55.985,warmup,4928.0,2216.0,10.9204,64.78
56.085,warmup,4928.0,2208.0,10.8810,64.66
56.186,warmup,4928.0,2200.0,10.8416,64.75
56.286,warmup,4928.0,2232.0,10.9993,64.81
56.386,warmup,4928.0,2232.0,10.9993,64.66
56.486,warmup,4928.0,2216.0,10.9204,64.97
56.586,warmup,4928.0,2216.0,10.9204,64.81
56.686,warmup,4928.0,2208.0,10.8810,64.53
56.786,warmup,4928.0,2240.0,11.0387,64.78
56.887,warmup,4928.0,2224.0,10.9599,64.72
56.987,warmup,4928.0,2216.0,10.9204,64.62
57.087,warmup,4928.0,2216.0,10.9204,64.72
57.187,warmup,4928.0,2232.0,10.9993,64.78
57.287,warmup,4928.0,2240.0,11.0387,64.94
57.387,warmup,4928.0,2224.0,10.9599,64.81
57.487,warmup,4928.0,2216.0,10.9204,64.72
57.587,warmup,4928.0,2208.0,10.8810,64.81
57.688,warmup,4928.0,2232.0,10.9993,64.84
57.788,warmup,4928.0,2232.0,10.9993,64.84
57.888,warmup,4928.0,2216.0,10.9204,65.00
57.988,warmup,4928.0,2208.0,10.8810,64.91
58.088,warmup,4928.0,2200.0,10.8416,64.78
58.188,warmup,4928.0,2232.0,10.9993,64.69
58.288,warmup,4928.0,2224.0,10.9599,64.94
58.389,warmup,4928.0,2208.0,10.8810,64.78
58.489,warmup,4928.0,2200.0,10.8416,64.69
58.589,warmup,4928.0,2200.0,10.8416,64.91
58.689,warmup,4928.0,2232.0,10.9993,64.88
58.789,warmup,4928.0,2224.0,10.9599,64.97
58.890,warmup,4928.0,2208.0,10.8810,64.81
58.990,warmup,4928.0,2200.0,10.8416,64.81
59.090,warmup,4928.0,2216.0,10.9204,64.84
59.190,warmup,4928.0,2232.0,10.9993,65.00
59.290,warmup,4928.0,2224.0,10.9599,65.06
59.390,warmup,4928.0,2216.0,10.9204,64.97
59.491,warmup,4928.0,2216.0,10.9204,64.81
59.591,warmup,4928.0,2240.0,11.0387,65.22
59.691,warmup,4928.0,2240.0,11.0387,65.03
59.791,warmup,4928.0,2224.0,10.9599,64.84
59.892,warmup,4928.0,2216.0,10.9204,64.78
59.992,warmup,4928.0,2216.0,10.9204,64.78
60.092,warmup,4928.0,2240.0,11.0387,64.94
60.192,warmup,4928.0,2240.0,11.0387,65.09
60.293,warmup,4928.0,2224.0,10.9599,64.88
60.393,measure,4928.0,2216.0,10.9204,64.78
60.493,measure,4928.0,2208.0,10.8810,64.91
60.593,measure,4928.0,2240.0,11.0387,64.88
60.693,measure,4928.0,2232.0,10.9993,65.16
60.794,measure,4928.0,2216.0,10.9204,64.94
60.894,measure,4928.0,2216.0,10.9204,64.88
60.994,measure,4928.0,2208.0,10.8810,64.97
61.094,measure,4928.0,2240.0,11.0387,65.12
61.195,measure,4928.0,2232.0,10.9993,64.84
61.295,measure,4928.0,2216.0,10.9204,65.28
61.395,measure,4928.0,2208.0,10.8810,64.81
61.496,measure,4928.0,2216.0,10.9204,64.78
61.596,measure,4928.0,2240.0,11.0387,65.03
61.696,measure,4928.0,2224.0,10.9599,64.94
61.797,measure,4928.0,2216.0,10.9204,65.12
61.897,measure,4928.0,2208.0,10.8810,64.97
61.997,measure,4928.0,2232.0,10.9993,65.06
62.098,measure,4928.0,2240.0,11.0387,65.22
62.198,measure,4928.0,2224.0,10.9599,65.06
62.298,measure,4928.0,2216.0,10.9204,64.84
62.398,measure,4928.0,2208.0,10.8810,65.06
62.499,measure,4928.0,2240.0,11.0387,65.00
62.599,measure,4928.0,2224.0,10.9599,64.94
62.699,measure,4928.0,2216.0,10.9204,65.31
62.799,measure,4928.0,2208.0,10.8810,64.91
62.899,measure,4928.0,2200.0,10.8416,64.81
63.000,measure,4928.0,2232.0,10.9993,65.12
63.100,measure,4928.0,2224.0,10.9599,65.03
63.200,measure,4928.0,2216.0,10.9204,65.16
63.300,measure,4928.0,2208.0,10.8810,65.09
63.400,measure,4928.0,2216.0,10.9204,65.16
63.500,measure,4928.0,2232.0,10.9993,65.22
63.600,measure,4928.0,2224.0,10.9599,65.12
63.700,measure,4928.0,2208.0,10.8810,65.38
63.801,measure,4928.0,2208.0,10.8810,65.19
63.901,measure,4928.0,2232.0,10.9993,65.12
64.001,measure,4928.0,2232.0,10.9993,65.06
64.102,measure,4928.0,2216.0,10.9204,65.28
64.202,measure,4928.0,2216.0,10.9204,65.03
64.302,measure,4928.0,2208.0,10.8810,64.91
64.402,measure,4928.0,2240.0,11.0387,65.44
64.502,measure,4928.0,2232.0,10.9993,65.03
64.602,measure,4928.0,2216.0,10.9204,65.00
64.703,measure,4928.0,2216.0,10.9204,65.19
64.803,measure,4928.0,2208.0,10.8810,64.88
64.903,measure,4928.0,2240.0,11.0387,65.22
65.003,measure,4928.0,2224.0,10.9599,65.19
65.103,measure,4928.0,2216.0,10.9204,65.16
65.203,measure,4928.0,2208.0,10.8810,65.25
65.303,measure,4928.0,2216.0,10.9204,65.19
65.404,measure,4928.0,2240.0,11.0387,65.12
65.504,measure,4928.0,2224.0,10.9599,65.34
65.604,measure,4928.0,2216.0,10.9204,65.28
65.704,measure,4928.0,2208.0,10.8810,64.97
65.804,measure,4928.0,2232.0,10.9993,65.44
65.904,measure,4928.0,2240.0,11.0387,65.09
66.005,measure,4928.0,2224.0,10.9599,65.06
66.105,measure,4928.0,2216.0,10.9204,65.16
66.205,measure,4928.0,2208.0,10.8810,65.09
66.305,measure,4928.0,2240.0,11.0387,65.34
66.405,measure,4928.0,2232.0,10.9993,65.19
66.505,measure,4928.0,2216.0,10.9204,65.22
66.605,measure,4928.0,2216.0,10.9204,65.28
66.706,measure,4928.0,2208.0,10.8810,65.16
66.806,measure,4928.0,2240.0,11.0387,65.28
66.906,measure,4928.0,2232.0,10.9993,65.38
67.006,measure,4928.0,2216.0,10.9204,65.28
67.106,measure,4928.0,2216.0,10.9204,65.06
67.207,measure,4928.0,2216.0,10.9204,65.38
67.307,measure,4928.0,2240.0,11.0387,65.38
67.407,measure,4928.0,2232.0,10.9993,65.19
67.507,measure,4928.0,2216.0,10.9204,65.47
67.607,measure,4928.0,2216.0,10.9204,65.06
67.707,measure,4928.0,2232.0,10.9993,65.25
67.807,measure,4928.0,2240.0,11.0387,65.28
67.907,measure,4928.0,2224.0,10.9599,65.22
68.008,measure,4928.0,2216.0,10.9204,65.22
68.108,measure,4928.0,2216.0,10.9204,65.25
68.208,measure,4928.0,2240.0,11.0387,65.25
68.308,measure,4928.0,2232.0,10.9993,65.38
68.408,measure,4928.0,2224.0,10.9599,65.31
68.509,measure,4928.0,2208.0,10.8810,65.25
68.609,measure,4928.0,2200.0,10.8416,65.34
68.709,measure,4928.0,2232.0,10.9993,65.38
68.809,measure,4928.0,2224.0,10.9599,65.28
68.909,measure,4928.0,2216.0,10.9204,65.53
69.010,measure,4928.0,2208.0,10.8810,65.34
69.110,measure,4928.0,2208.0,10.8810,65.06
69.210,measure,4928.0,2240.0,11.0387,65.19
69.310,measure,4928.0,2232.0,10.9993,65.25
69.410,measure,4928.0,2216.0,10.9204,65.19
69.510,measure,4928.0,2216.0,10.9204,65.28
69.610,measure,4928.0,2224.0,10.9599,65.31
69.710,measure,4928.0,2240.0,11.0387,65.34
69.811,measure,4928.0,2232.0,10.9993,65.44
69.911,measure,4928.0,2216.0,10.9204,65.56
70.011,measure,4928.0,2208.0,10.8810,65.41
70.111,measure,4928.0,2240.0,11.0387,65.47
70.211,measure,4928.0,2232.0,10.9993,65.38
70.312,measure,4928.0,2224.0,10.9599,65.50
70.412,measure,4928.0,2208.0,10.8810,65.47
70.512,measure,4928.0,2208.0,10.8810,65.22
70.612,measure,4928.0,2240.0,11.0387,65.66
70.712,measure,4928.0,2232.0,10.9993,65.50
70.812,measure,4928.0,2224.0,10.9599,65.38
70.912,measure,4928.0,2216.0,10.9204,65.28
71.012,measure,4928.0,2208.0,10.8810,65.19
71.113,measure,4928.0,2240.0,11.0387,65.31
71.213,measure,4928.0,2232.0,10.9993,65.47
71.313,measure,4928.0,2224.0,10.9599,65.38
71.413,measure,4928.0,2216.0,10.9204,65.44
71.513,measure,4928.0,2224.0,10.9599,65.41
71.614,measure,4928.0,2248.0,11.0781,65.44
71.714,measure,4928.0,2232.0,10.9993,65.66
71.814,measure,4928.0,2224.0,10.9599,65.50
71.914,measure,4928.0,2216.0,10.9204,65.31
72.014,measure,4928.0,2240.0,11.0387,65.72
72.114,measure,4928.0,2240.0,11.0387,65.62
72.215,measure,4928.0,2224.0,10.9599,65.34
72.315,measure,4928.0,2216.0,10.9204,65.31
72.416,measure,4928.0,2208.0,10.8810,65.28
72.516,measure,4928.0,2240.0,11.0387,65.38
72.616,measure,4928.0,2232.0,10.9993,65.41
72.717,measure,4928.0,2216.0,10.9204,65.50
72.817,measure,4928.0,2208.0,10.8810,65.59
72.917,measure,4928.0,2208.0,10.8810,65.38
73.017,measure,4928.0,2232.0,10.9993,65.53
73.117,measure,4928.0,2232.0,10.9993,65.66
73.217,measure,4928.0,2216.0,10.9204,65.50
73.318,measure,4928.0,2208.0,10.8810,65.47
73.418,measure,4928.0,2208.0,10.8810,65.53
73.518,measure,4928.0,2232.0,10.9993,65.72
73.618,measure,4928.0,2232.0,10.9993,65.41
73.719,measure,4928.0,2216.0,10.9204,65.72
73.819,measure,4928.0,2216.0,10.9204,65.47
73.919,measure,4928.0,2224.0,10.9599,65.41
74.019,measure,4928.0,2240.0,11.0387,65.50
74.119,measure,4928.0,2224.0,10.9599,65.56
74.220,measure,4928.0,2216.0,10.9204,65.66
74.320,measure,4928.0,2208.0,10.8810,65.47
74.420,measure,4928.0,2240.0,11.0387,65.50
74.520,measure,4928.0,2232.0,10.9993,65.72
74.621,measure,4928.0,2224.0,10.9599,65.59
74.721,measure,4928.0,2208.0,10.8810,65.72
74.821,measure,4928.0,2208.0,10.8810,65.66
74.921,measure,4928.0,2232.0,10.9993,65.66
75.021,measure,4928.0,2224.0,10.9599,65.41
75.121,measure,4928.0,2216.0,10.9204,65.75
75.221,measure,4928.0,2208.0,10.8810,65.53
75.322,measure,4928.0,2208.0,10.8810,65.28
75.422,measure,4928.0,2240.0,11.0387,65.88
75.522,measure,4928.0,2232.0,10.9993,65.62
75.622,measure,4928.0,2224.0,10.9599,65.53
75.722,measure,4928.0,2216.0,10.9204,65.56
75.823,measure,4928.0,2224.0,10.9599,65.50
75.923,measure,4928.0,2248.0,11.0781,65.78
76.023,measure,4928.0,2232.0,10.9993,65.66
76.123,measure,4928.0,2224.0,10.9599,65.88
76.223,measure,4928.0,2216.0,10.9204,65.66
76.324,measure,4928.0,2232.0,10.9993,65.72
76.424,measure,4928.0,2240.0,11.0387,65.66
76.524,measure,4928.0,2224.0,10.9599,65.81
76.624,measure,4928.0,2216.0,10.9204,65.69
76.724,measure,4928.0,2208.0,10.8810,65.44
76.824,measure,4928.0,2232.0,10.9993,65.84
76.924,measure,4928.0,2232.0,10.9993,65.66
77.024,measure,4928.0,2216.0,10.9204,65.56
77.125,measure,4928.0,2216.0,10.9204,65.59
77.225,measure,4928.0,2208.0,10.8810,65.50
77.325,measure,4928.0,2240.0,11.0387,65.56
77.425,measure,4928.0,2232.0,10.9993,65.78
77.525,measure,4928.0,2216.0,10.9204,65.56
77.625,measure,4928.0,2208.0,10.8810,65.75
77.725,measure,4928.0,2216.0,10.9204,65.66
77.826,measure,4928.0,2240.0,11.0387,65.75
77.926,measure,4928.0,2224.0,10.9599,65.91
78.026,measure,4928.0,2216.0,10.9204,65.72
78.126,measure,4928.0,2208.0,10.8810,65.59
78.226,measure,4928.0,2232.0,10.9993,65.91
78.326,measure,4928.0,2232.0,10.9993,65.84
78.426,measure,4928.0,2224.0,10.9599,65.72
78.526,measure,4928.0,2216.0,10.9204,65.88
78.627,measure,4928.0,2208.0,10.8810,65.75
78.727,measure,4928.0,2232.0,10.9993,65.62
78.827,measure,4928.0,2224.0,10.9599,65.69
78.927,measure,4928.0,2216.0,10.9204,65.62
79.027,measure,4928.0,2216.0,10.9204,65.62
79.127,measure,4928.0,2208.0,10.8810,65.62
79.227,measure,4928.0,2240.0,11.0387,65.78
79.328,measure,4928.0,2232.0,10.9993,65.91
79.428,measure,4928.0,2216.0,10.9204,65.78
79.528,measure,4928.0,2216.0,10.9204,65.66
79.628,measure,4928.0,2224.0,10.9599,65.91
79.728,measure,4928.0,2240.0,11.0387,65.84
79.829,measure,4928.0,2232.0,10.9993,65.75
79.929,measure,4928.0,2216.0,10.9204,65.97
80.029,measure,4928.0,2216.0,10.9204,65.81
80.129,measure,4928.0,2232.0,10.9993,65.75
80.229,measure,4928.0,2240.0,11.0387,65.84
80.329,measure,4928.0,2224.0,10.9599,65.72
80.430,measure,4928.0,2216.0,10.9204,65.69
80.530,measure,4928.0,2208.0,10.8810,65.75
80.630,measure,4928.0,2240.0,11.0387,65.88
80.730,measure,4928.0,2232.0,10.9993,65.75
80.830,measure,4928.0,2216.0,10.9204,65.88
80.930,measure,4928.0,2216.0,10.9204,65.75
81.030,measure,4928.0,2208.0,10.8810,65.81
81.131,measure,4928.0,2240.0,11.0387,65.91
81.231,measure,4928.0,2232.0,10.9993,65.84
81.331,measure,4928.0,2224.0,10.9599,65.97
81.431,measure,4928.0,2216.0,10.9204,65.78
81.531,measure,4928.0,2216.0,10.9204,65.66
81.632,measure,4928.0,2240.0,11.0387,66.09
81.732,measure,4928.0,2232.0,10.9993,66.00
81.832,measure,4928.0,2224.0,10.9599,65.78
81.932,measure,4928.0,2216.0,10.9204,65.78
82.032,measure,4928.0,2240.0,11.0387,65.84
82.132,measure,4928.0,2240.0,11.0387,65.78
82.232,measure,4928.0,2224.0,10.9599,65.94
82.333,measure,4928.0,2216.0,10.9204,65.75
82.433,measure,4928.0,2208.0,10.8810,65.72
82.533,measure,4928.0,2240.0,11.0387,65.94
82.633,measure,4928.0,2232.0,10.9993,65.94
82.733,measure,4928.0,2216.0,10.9204,66.06
82.834,measure,4928.0,2208.0,10.8810,65.91
82.934,measure,4928.0,2200.0,10.8416,65.75
83.034,measure,4928.0,2240.0,11.0387,66.06
83.134,measure,4928.0,2232.0,10.9993,66.03
83.235,measure,4928.0,2216.0,10.9204,65.81
83.335,measure,4928.0,2216.0,10.9204,65.78
83.435,measure,4928.0,2224.0,10.9599,65.75
83.535,measure,4928.0,2240.0,11.0387,65.84
83.635,measure,4928.0,2232.0,10.9993,65.91
83.736,measure,4928.0,2216.0,10.9204,65.91
83.836,measure,4928.0,2216.0,10.9204,65.78
83.936,measure,4928.0,2240.0,11.0387,66.00
84.036,measure,4928.0,2240.0,11.0387,65.91
84.137,measure,4928.0,2224.0,10.9599,66.03
84.237,measure,4928.0,2224.0,10.9599,65.97
84.337,measure,4928.0,2216.0,10.9204,65.84
84.437,measure,4928.0,2240.0,11.0387,66.12
84.537,measure,4928.0,2232.0,10.9993,66.09
84.638,measure,4928.0,2216.0,10.9204,65.81
84.738,measure,4928.0,2216.0,10.9204,66.16
84.838,measure,4928.0,2208.0,10.8810,65.72
84.939,measure,4928.0,2240.0,11.0387,65.91
85.039,measure,4928.0,2232.0,10.9993,66.03
85.139,measure,4928.0,2216.0,10.9204,65.94
85.240,measure,4928.0,2216.0,10.9204,65.97
85.340,measure,4928.0,2224.0,10.9599,65.91
85.440,measure,4928.0,2248.0,11.0781,66.22
85.540,measure,4928.0,2232.0,10.9993,66.12
85.641,measure,4928.0,2224.0,10.9599,66.00
85.741,measure,4928.0,2216.0,10.9204,66.16
85.841,measure,4928.0,2232.0,10.9993,66.12
85.941,measure,4928.0,2240.0,11.0387,66.12
86.041,measure,4928.0,2224.0,10.9599,65.88
86.141,measure,4928.0,2216.0,10.9204,66.12
86.241,measure,4928.0,2208.0,10.8810,66.03
86.342,measure,4928.0,2240.0,11.0387,65.97
86.442,measure,4928.0,2232.0,10.9993,66.06
86.542,measure,4928.0,2216.0,10.9204,65.97
86.642,measure,4928.0,2216.0,10.9204,65.88
86.742,measure,4928.0,2208.0,10.8810,65.94
86.843,measure,4928.0,2240.0,11.0387,66.00
86.943,measure,4928.0,2232.0,10.9993,66.19
87.043,measure,4928.0,2216.0,10.9204,66.09
87.143,measure,4928.0,2216.0,10.9204,66.28
87.243,measure,4928.0,2224.0,10.9599,66.12
87.344,measure,4928.0,2248.0,11.0781,66.16
87.444,measure,4928.0,2232.0,10.9993,66.03
87.545,measure,4928.0,2224.0,10.9599,66.16
87.645,measure,4928.0,2216.0,10.9204,65.84
87.745,measure,4928.0,2232.0,10.9993,66.06
87.845,measure,4928.0,2240.0,11.0387,66.12
87.945,measure,4928.0,2224.0,10.9599,65.97
88.045,measure,4928.0,2216.0,10.9204,66.03
88.145,measure,4928.0,2208.0,10.8810,65.94
88.246,measure,4928.0,2240.0,11.0387,66.06
88.346,measure,4928.0,2232.0,10.9993,66.16
88.446,measure,4928.0,2224.0,10.9599,66.19
88.546,measure,4928.0,2216.0,10.9204,66.00
88.646,measure,4928.0,2200.0,10.8416,66.03
88.746,measure,4928.0,2240.0,11.0387,66.12
88.846,measure,4928.0,2232.0,10.9993,66.41
88.947,measure,4928.0,2224.0,10.9599,66.22
89.047,measure,4928.0,2216.0,10.9204,66.06
89.147,measure,4928.0,2224.0,10.9599,65.91
89.247,measure,4928.0,2248.0,11.0781,66.34
89.347,measure,4928.0,2232.0,10.9993,66.09
89.447,measure,4928.0,2224.0,10.9599,66.03
89.547,measure,4928.0,2224.0,10.9599,66.34
89.647,measure,4928.0,2248.0,11.0781,66.19
89.748,measure,4928.0,2248.0,11.0781,66.09
89.848,measure,4928.0,2224.0,10.9599,66.19
89.948,measure,4928.0,2216.0,10.9204,66.12
90.048,measure,4928.0,2216.0,10.9204,66.00
90.148,measure,4928.0,2240.0,11.0387,66.22
90.248,measure,4928.0,2232.0,10.9993,66.12
90.349,measure,4928.0,2224.0,10.9599,66.25
90.449,measure,4928.0,2216.0,10.9204,66.19
90.549,measure,4928.0,2208.0,10.8810,65.94
90.649,measure,4928.0,2240.0,11.0387,66.31
90.749,measure,4928.0,2232.0,10.9993,66.25
90.849,measure,4928.0,2216.0,10.9204,66.06
90.949,measure,4928.0,2216.0,10.9204,66.28
91.050,measure,4928.0,2224.0,10.9599,66.09
91.150,measure,4928.0,2248.0,11.0781,66.16
91.250,measure,4928.0,2232.0,10.9993,66.12
91.350,measure,4928.0,2224.0,10.9599,66.12
91.450,measure,4928.0,2216.0,10.9204,65.97
91.550,measure,4928.0,2248.0,11.0781,66.25
91.651,measure,4928.0,2240.0,11.0387,66.16
91.751,measure,4928.0,2232.0,10.9993,66.34
91.851,measure,4928.0,2216.0,10.9204,66.22
91.951,measure,4928.0,2216.0,10.9204,66.09
92.051,measure,4928.0,2240.0,11.0387,66.41
92.151,measure,4928.0,2232.0,10.9993,66.25
92.252,measure,4928.0,2224.0,10.9599,66.16
92.352,measure,4928.0,2216.0,10.9204,66.31
92.452,measure,4928.0,2208.0,10.8810,66.16
92.552,measure,4928.0,2240.0,11.0387,66.16
92.653,measure,4928.0,2232.0,10.9993,66.47
92.753,measure,4928.0,2224.0,10.9599,66.38
92.853,measure,4928.0,2216.0,10.9204,66.06
92.953,measure,4928.0,2232.0,10.9993,66.19
93.053,measure,4928.0,2248.0,11.0781,66.19
93.154,measure,4928.0,2232.0,10.9993,66.19
93.254,measure,4928.0,2224.0,10.9599,66.25
93.354,measure,4928.0,2216.0,10.9204,66.16
93.454,measure,4928.0,2248.0,11.0781,66.34
93.555,measure,4928.0,2240.0,11.0387,66.31
93.655,measure,4928.0,2224.0,10.9599,66.09
93.755,measure,4928.0,2216.0,10.9204,66.34
93.855,measure,4928.0,2208.0,10.8810,66.16
93.956,measure,4928.0,2232.0,10.9993,66.22
94.056,measure,4928.0,2232.0,10.9993,66.41
94.156,measure,4928.0,2216.0,10.9204,66.22
94.257,measure,4928.0,2208.0,10.8810,66.06
94.357,measure,4928.0,2208.0,10.8810,66.16
94.457,measure,4928.0,2240.0,11.0387,66.19
94.557,measure,4928.0,2232.0,10.9993,66.25
94.657,measure,4928.0,2216.0,10.9204,66.22
94.757,measure,4928.0,2208.0,10.8810,66.09
94.857,measure,4928.0,2232.0,10.9993,66.31
94.958,measure,4928.0,2232.0,10.9993,66.34
95.058,measure,4928.0,2224.0,10.9599,66.56
95.158,measure,4928.0,2216.0,10.9204,66.38
95.258,measure,4928.0,2208.0,10.8810,66.19
95.358,measure,4928.0,2240.0,11.0387,66.16
95.458,measure,4928.0,2232.0,10.9993,66.53
95.559,measure,4928.0,2224.0,10.9599,66.38
95.659,measure,4928.0,2216.0,10.9204,66.16
95.759,measure,4928.0,2200.0,10.8416,66.38
95.859,measure,4928.0,2240.0,11.0387,66.25
95.959,measure,4928.0,2232.0,10.9993,66.25
96.060,measure,4928.0,2216.0,10.9204,66.25
96.160,measure,4928.0,2208.0,10.8810,66.19
96.260,measure,4928.0,2224.0,10.9599,66.28
96.360,measure,4928.0,2240.0,11.0387,66.41
96.460,measure,4928.0,2224.0,10.9599,66.25
96.560,measure,4928.0,2216.0,10.9204,66.41
96.660,measure,4928.0,2208.0,10.8810,66.28
96.761,measure,4928.0,2240.0,11.0387,66.31
96.861,measure,4928.0,2232.0,10.9993,66.53
96.961,measure,4928.0,2216.0,10.9204,66.38
97.061,measure,4928.0,2208.0,10.8810,66.22
97.161,measure,4928.0,2200.0,10.8416,66.50
97.261,measure,4928.0,2232.0,10.9993,66.50
97.361,measure,4928.0,2224.0,10.9599,66.22
97.462,measure,4928.0,2216.0,10.9204,66.19
97.562,measure,4928.0,2208.0,10.8810,66.16
97.662,measure,4928.0,2208.0,10.8810,66.16
97.762,measure,4928.0,2240.0,11.0387,66.41
97.862,measure,4928.0,2232.0,10.9993,66.25
97.962,measure,4928.0,2224.0,10.9599,66.19
98.062,measure,4928.0,2216.0,10.9204,66.38
98.162,measure,4928.0,2232.0,10.9993,66.28
98.263,measure,4928.0,2240.0,11.0387,66.56
98.363,measure,4928.0,2232.0,10.9993,66.41
98.463,measure,4928.0,2224.0,10.9599,66.38
98.563,measure,4928.0,2216.0,10.9204,66.53
98.663,measure,4928.0,2240.0,11.0387,66.59
98.763,measure,4928.0,2240.0,11.0387,66.31
98.863,measure,4928.0,2224.0,10.9599,66.59
98.964,measure,4928.0,2216.0,10.9204,66.50
99.064,measure,4928.0,2208.0,10.8810,66.22
99.164,measure,4928.0,2240.0,11.0387,66.25
99.264,measure,4928.0,2232.0,10.9993,66.31
99.364,measure,4928.0,2216.0,10.9204,66.38
99.464,measure,4928.0,2208.0,10.8810,66.38
99.564,measure,4928.0,2208.0,10.8810,66.22
99.665,measure,4928.0,2232.0,10.9993,66.38
99.765,measure,4928.0,2224.0,10.9599,66.50
99.865,measure,4928.0,2216.0,10.9204,66.34
99.965,measure,4928.0,2208.0,10.8810,66.53
100.065,measure,4928.0,2224.0,10.9599,66.50
100.165,measure,4928.0,2232.0,10.9993,66.47
100.265,measure,4928.0,2224.0,10.9599,66.62
100.365,measure,4928.0,2216.0,10.9204,66.44
100.466,measure,4928.0,2208.0,10.8810,66.34
100.566,measure,4928.0,2240.0,11.0387,66.31
100.666,measure,4928.0,2240.0,11.0387,66.59
100.766,measure,4928.0,2224.0,10.9599,66.25
100.866,measure,4928.0,2216.0,10.9204,66.25
100.966,measure,4928.0,2208.0,10.8810,66.44
101.066,measure,4928.0,2240.0,11.0387,66.34
101.167,measure,4928.0,2232.0,10.9993,66.44
101.267,measure,4928.0,2224.0,10.9599,66.47
101.367,measure,4928.0,2216.0,10.9204,66.25
101.467,measure,4928.0,2208.0,10.8810,66.31
101.567,measure,4928.0,2240.0,11.0387,66.50
101.667,measure,4928.0,2232.0,10.9993,66.34
101.768,measure,4928.0,2216.0,10.9204,66.50
101.868,measure,4928.0,2216.0,10.9204,66.47
101.968,measure,4928.0,2224.0,10.9599,66.62
102.068,measure,4928.0,2248.0,11.0781,66.62
102.168,measure,4928.0,2232.0,10.9993,66.47
102.269,measure,4928.0,2224.0,10.9599,66.44
102.369,measure,4928.0,2216.0,10.9204,66.59
102.469,measure,4928.0,2240.0,11.0387,66.38
102.569,measure,4928.0,2240.0,11.0387,66.38
102.669,measure,4928.0,2224.0,10.9599,66.69
102.769,measure,4928.0,2216.0,10.9204,66.34
102.869,measure,4928.0,2208.0,10.8810,66.47
102.970,measure,4928.0,2240.0,11.0387,66.53
103.070,measure,4928.0,2232.0,10.9993,66.47
103.170,measure,4928.0,2224.0,10.9599,66.62
103.270,measure,4928.0,2216.0,10.9204,66.47
103.370,measure,4928.0,2208.0,10.8810,66.62
103.470,measure,4928.0,2240.0,11.0387,66.66
103.570,measure,4928.0,2232.0,10.9993,66.59
103.670,measure,4928.0,2224.0,10.9599,66.72
103.771,measure,4928.0,2216.0,10.9204,66.62
103.871,measure,4928.0,2224.0,10.9599,66.62
103.971,measure,4928.0,2240.0,11.0387,66.41
104.071,measure,4928.0,2232.0,10.9993,66.75
104.171,measure,4928.0,2216.0,10.9204,66.44
104.271,measure,4928.0,2216.0,10.9204,66.38
104.371,measure,4928.0,2240.0,11.0387,66.78
104.472,measure,4928.0,2232.0,10.9993,66.50
104.572,measure,4928.0,2224.0,10.9599,66.41
104.672,measure,4928.0,2216.0,10.9204,66.50
104.772,measure,4928.0,2208.0,10.8810,66.41
104.872,measure,4928.0,2240.0,11.0387,66.66
104.972,measure,4928.0,2232.0,10.9993,66.62
105.072,measure,4928.0,2216.0,10.9204,66.47
105.172,measure,4928.0,2216.0,10.9204,66.66
105.273,measure,4928.0,2208.0,10.8810,66.44
105.373,measure,4928.0,2240.0,11.0387,66.59
105.473,measure,4928.0,2232.0,10.9993,66.72
105.573,measure,4928.0,2216.0,10.9204,66.66
105.673,measure,4928.0,2216.0,10.9204,66.38
105.773,measure,4928.0,2224.0,10.9599,66.75
105.873,measure,4928.0,2240.0,11.0387,66.75
105.973,measure,4928.0,2232.0,10.9993,66.41
106.074,measure,4928.0,2224.0,10.9599,66.47
106.174,measure,4928.0,2216.0,10.9204,66.44
106.274,measure,4928.0,2248.0,11.0781,66.50
106.374,measure,4928.0,2240.0,11.0387,66.69
106.474,measure,4928.0,2224.0,10.9599,66.56
106.574,measure,4928.0,2216.0,10.9204,66.47
106.674,measure,4928.0,2216.0,10.9204,66.56
106.775,measure,4928.0,2240.0,11.0387,66.59
106.875,measure,4928.0,2232.0,10.9993,66.72
106.975,measure,4928.0,2224.0,10.9599,66.62
107.075,measure,4928.0,2216.0,10.9204,66.50
107.175,measure,4928.0,2208.0,10.8810,66.69
107.275,measure,4928.0,2240.0,11.0387,66.72
107.375,measure,4928.0,2232.0,10.9993,66.44
107.475,measure,4928.0,2224.0,10.9599,66.78
107.576,measure,4928.0,2216.0,10.9204,66.62
107.676,measure,4928.0,2232.0,10.9993,66.53
107.776,measure,4928.0,2240.0,11.0387,66.53
107.876,measure,4928.0,2224.0,10.9599,66.56
107.976,measure,4928.0,2216.0,10.9204,66.59
108.076,measure,4928.0,2216.0,10.9204,66.53
108.176,measure,4928.0,2240.0,11.0387,66.62
108.276,measure,4928.0,2240.0,11.0387,66.50
108.377,measure,4928.0,2224.0,10.9599,66.69
108.477,measure,4928.0,2216.0,10.9204,66.62
108.577,measure,4928.0,2208.0,10.8810,66.62
108.677,measure,4928.0,2240.0,11.0387,66.72
108.777,measure,4928.0,2232.0,10.9993,66.62
108.877,measure,4928.0,2224.0,10.9599,66.75
108.977,measure,4928.0,2216.0,10.9204,66.69
109.077,measure,4928.0,2224.0,10.9599,66.66
109.178,measure,4928.0,2248.0,11.0781,66.59
109.278,measure,4928.0,2232.0,10.9993,66.81
109.378,measure,4928.0,2224.0,10.9599,66.59
109.478,measure,4928.0,2216.0,10.9204,66.47
109.578,measure,4928.0,2240.0,11.0387,66.88
109.678,measure,4928.0,2240.0,11.0387,66.62
109.778,measure,4928.0,2232.0,10.9993,66.59
109.879,measure,4928.0,2216.0,10.9204,66.66
109.979,measure,4928.0,2208.0,10.8810,66.50
110.079,measure,4928.0,2240.0,11.0387,66.72
110.179,measure,4928.0,2232.0,10.9993,66.75
110.279,measure,4928.0,2224.0,10.9599,66.62
110.379,measure,4928.0,2216.0,10.9204,66.69
110.479,measure,4928.0,2208.0,10.8810,66.53
110.579,measure,4928.0,2240.0,11.0387,66.97
110.680,measure,4928.0,2224.0,10.9599,66.78
110.780,measure,4928.0,2216.0,10.9204,66.72
110.880,measure,4928.0,2216.0,10.9204,66.50
110.980,measure,4928.0,2224.0,10.9599,66.94
111.080,measure,4928.0,2240.0,11.0387,66.62
111.180,measure,4928.0,2224.0,10.9599,66.59
111.280,measure,4928.0,2216.0,10.9204,66.88
111.381,measure,4928.0,2208.0,10.8810,66.53
111.481,measure,4928.0,2240.0,11.0387,66.69
111.581,measure,4928.0,2232.0,10.9993,66.69
111.681,measure,4928.0,2224.0,10.9599,66.62
111.781,measure,4928.0,2216.0,10.9204,66.66
111.881,measure,4928.0,2208.0,10.8810,66.66
111.981,measure,4928.0,2240.0,11.0387,66.72
112.081,measure,4928.0,2232.0,10.9993,66.78
112.182,measure,4928.0,2224.0,10.9599,66.75
112.282,measure,4928.0,2216.0,10.9204,66.69
112.382,measure,4928.0,2216.0,10.9204,66.72
112.482,measure,4928.0,2248.0,11.0781,66.75
112.582,measure,4928.0,2232.0,10.9993,66.62
112.682,measure,4928.0,2224.0,10.9599,66.88
112.782,measure,4928.0,2216.0,10.9204,66.72
112.882,measure,4928.0,2240.0,11.0387,66.69
112.983,measure,4928.0,2248.0,11.0781,66.81
113.083,measure,4928.0,2224.0,10.9599,66.72
113.183,measure,4928.0,2216.0,10.9204,66.59
113.283,measure,4928.0,2216.0,10.9204,66.66
113.383,measure,4928.0,2240.0,11.0387,66.72
113.483,measure,4928.0,2240.0,11.0387,66.72
113.583,measure,4928.0,2224.0,10.9599,66.72
113.684,measure,4928.0,2216.0,10.9204,66.69
113.784,measure,4928.0,2208.0,10.8810,66.72
113.884,measure,4928.0,2248.0,11.0781,66.78
113.984,measure,4928.0,2232.0,10.9993,66.75
114.084,measure,4928.0,2224.0,10.9599,66.94
114.184,measure,4928.0,2224.0,10.9599,66.72
114.284,measure,4928.0,2232.0,10.9993,66.56
114.385,measure,4928.0,2248.0,11.0781,67.09
114.485,measure,4928.0,2232.0,10.9993,66.84
114.585,measure,4928.0,2224.0,10.9599,66.72
114.685,measure,4928.0,2216.0,10.9204,66.56
114.785,measure,4928.0,2240.0,11.0387,67.03
114.885,measure,4928.0,2240.0,11.0387,66.75
114.985,measure,4928.0,2232.0,10.9993,66.88
115.085,measure,4928.0,2224.0,10.9599,66.72
115.186,measure,4928.0,2216.0,10.9204,66.59
115.286,measure,4928.0,2248.0,11.0781,66.78
115.386,measure,4928.0,2240.0,11.0387,66.84
115.486,measure,4928.0,2224.0,10.9599,66.88
115.586,measure,4928.0,2216.0,10.9204,66.81
115.686,measure,4928.0,2216.0,10.9204,66.69
115.787,measure,4928.0,2248.0,11.0781,67.06
115.887,measure,4928.0,2232.0,10.9993,66.94
115.987,measure,4928.0,2224.0,10.9599,66.81
116.087,measure,4928.0,2216.0,10.9204,66.69
116.187,measure,4928.0,2232.0,10.9993,66.97
116.288,measure,4928.0,2248.0,11.0781,66.72
116.388,measure,4928.0,2232.0,10.9993,66.69
116.488,measure,4928.0,2224.0,10.9599,66.72
116.588,measure,4928.0,2216.0,10.9204,66.69
116.688,measure,4928.0,2240.0,11.0387,66.72
116.788,measure,4928.0,2240.0,11.0387,66.88
116.888,measure,4928.0,2224.0,10.9599,66.72
116.988,measure,4928.0,2216.0,10.9204,66.81
117.089,measure,4928.0,2208.0,10.8810,66.72
117.189,measure,4928.0,2240.0,11.0387,67.06
117.289,measure,4928.0,2240.0,11.0387,66.94
117.389,measure,4928.0,2224.0,10.9599,66.84
117.489,measure,4928.0,2216.0,10.9204,67.00
117.589,measure,4928.0,2216.0,10.9204,66.78
117.689,measure,4928.0,2240.0,11.0387,66.97
117.790,measure,4928.0,2232.0,10.9993,66.72
117.890,measure,4928.0,2216.0,10.9204,66.94
117.990,measure,4928.0,2216.0,10.9204,66.72
118.090,measure,4928.0,2232.0,10.9993,66.72
118.190,measure,4928.0,2240.0,11.0387,66.88
118.290,measure,4928.0,2224.0,10.9599,66.81
118.390,measure,4928.0,2216.0,10.9204,66.84
118.491,measure,4928.0,2216.0,10.9204,66.78
118.591,measure,4928.0,2240.0,11.0387,66.78
118.691,measure,4928.0,2232.0,10.9993,66.88
118.791,measure,4928.0,2224.0,10.9599,66.91
118.891,measure,4928.0,2216.0,10.9204,66.78
118.991,measure,4928.0,2216.0,10.9204,66.81
119.091,measure,4928.0,2240.0,11.0387,66.97
119.191,measure,4928.0,2232.0,10.9993,66.81
119.292,measure,4928.0,2224.0,10.9599,67.03
119.392,measure,4928.0,2216.0,10.9204,66.88
119.492,measure,4928.0,2216.0,10.9204,66.62
119.592,measure,4928.0,2240.0,11.0387,67.12
119.692,measure,4928.0,2232.0,10.9993,66.84
119.792,measure,4928.0,2216.0,10.9204,66.72
119.892,measure,4928.0,2216.0,10.9204,66.84
119.993,measure,4928.0,2232.0,10.9993,66.78
120.093,measure,4928.0,2248.0,11.0781,66.78
120.193,measure,4928.0,2240.0,11.0387,66.91
120.293,measure,4928.0,2232.0,10.9993,66.84
120.393,measure,4928.0,2224.0,10.9599,66.88
120.493,measure,4928.0,2240.0,11.0387,66.88
120.593,measure,4928.0,2248.0,11.0781,66.94
120.693,measure,4928.0,2240.0,11.0387,67.09
120.794,measure,4928.0,2232.0,10.9993,66.94
120.894,measure,4928.0,2224.0,10.9599,66.81
120.994,measure,4928.0,2248.0,11.0781,67.16
121.094,measure,4928.0,2248.0,11.0781,67.00
121.194,measure,4928.0,2232.0,10.9993,66.88
121.294,measure,4928.0,2224.0,10.9599,67.19
121.394,measure,4928.0,2216.0,10.9204,66.91
121.495,measure,4928.0,2240.0,11.0387,66.84
121.595,measure,4928.0,2232.0,10.9993,66.91
121.695,measure,4928.0,2216.0,10.9204,66.91
121.795,measure,4928.0,2208.0,10.8810,66.88
121.895,measure,4928.0,2200.0,10.8416,66.81
121.995,measure,4928.0,2240.0,11.0387,66.94
122.095,measure,4928.0,2232.0,10.9993,67.03
122.196,measure,4928.0,2224.0,10.9599,66.88
122.296,measure,4928.0,2224.0,10.9599,67.00
122.396,measure,4928.0,2224.0,10.9599,66.94
122.496,measure,4928.0,2248.0,11.0781,67.06
122.596,measure,4928.0,2240.0,11.0387,67.06
122.696,measure,4928.0,2232.0,10.9993,67.16
122.797,measure,4928.0,2224.0,10.9599,66.94
122.897,measure,4928.0,2240.0,11.0387,66.78
122.997,measure,4928.0,2248.0,11.0781,66.84
123.097,measure,4928.0,2232.0,10.9993,66.91
123.197,measure,4928.0,2224.0,10.9599,66.81
123.298,measure,4928.0,2216.0,10.9204,66.84
123.398,measure,4928.0,2240.0,11.0387,66.94
123.498,measure,4928.0,2240.0,11.0387,67.06
123.598,measure,4928.0,2224.0,10.9599,66.88
123.698,measure,4928.0,2216.0,10.9204,66.97
123.799,measure,4928.0,2216.0,10.9204,67.03
123.899,measure,4928.0,2248.0,11.0781,67.09
123.999,measure,4928.0,2240.0,11.0387,67.00
124.099,measure,4928.0,2224.0,10.9599,67.19
124.199,measure,4928.0,2224.0,10.9599,67.03
124.299,measure,4928.0,2216.0,10.9204,66.75
124.400,measure,4928.0,2248.0,11.0781,67.22
124.500,measure,4928.0,2232.0,10.9993,67.06
124.600,measure,4928.0,2224.0,10.9599,66.94
124.700,measure,4928.0,2216.0,10.9204,66.81
124.800,measure,4928.0,2232.0,10.9993,66.88
124.901,measure,4928.0,2248.0,11.0781,66.97
125.001,measure,4928.0,2232.0,10.9993,66.94
125.101,measure,4928.0,2224.0,10.9599,66.94
125.201,measure,4928.0,2216.0,10.9204,66.94
125.301,measure,4928.0,2240.0,11.0387,67.03
125.402,measure,4928.0,2240.0,11.0387,67.25
125.502,measure,4928.0,2224.0,10.9599,67.09
125.602,measure,4928.0,2216.0,10.9204,67.03
125.702,measure,4928.0,2216.0,10.9204,66.88
125.802,measure,4928.0,2248.0,11.0781,67.25
125.903,measure,4928.0,2240.0,11.0387,67.09
126.003,measure,4928.0,2224.0,10.9599,66.91
126.103,measure,4928.0,2216.0,10.9204,67.22
126.203,measure,4928.0,2216.0,10.9204,66.75
126.303,measure,4928.0,2248.0,11.0781,67.00
126.404,measure,4928.0,2240.0,11.0387,67.03
126.504,measure,4928.0,2232.0,10.9993,66.97
126.604,measure,4928.0,2224.0,10.9599,66.81
126.704,measure,4928.0,2240.0,11.0387,67.00
126.804,measure,4928.0,2264.0,11.1570,67.06
126.904,measure,4928.0,2248.0,11.0781,67.16
127.004,measure,4928.0,2296.0,11.3147,67.22
127.105,measure,4920.0,2328.0,11.4538,67.09
127.205,measure,4920.0,2392.0,11.7686,67.31
127.305,measure,4920.0,2440.0,12.0048,67.41
127.405,measure,4920.0,2432.0,11.9654,67.25
127.505,measure,4920.0,2424.0,11.9261,67.38
127.605,measure,4920.0,2448.0,12.0442,67.28
127.705,measure,4920.0,2472.0,12.1622,67.16
127.806,measure,4920.0,2496.0,12.2803,67.16
127.906,measure,4920.0,2480.0,12.2016,67.25
128.006,measure,4920.0,2480.0,12.2016,67.28
128.106,measure,4920.0,2440.0,12.0048,67.22
128.206,measure,4920.0,2416.0,11.8867,67.16
128.306,measure,4920.0,2376.0,11.6899,67.16
128.407,measure,4920.0,2336.0,11.4931,67.19
128.507,measure,4928.0,2304.0,11.3541,67.16
128.607,measure,4928.0,2280.0,11.2358,67.16
128.707,measure,4928.0,2296.0,11.3147,67.22
128.807,measure,4928.0,2280.0,11.2358,67.22
128.907,measure,4928.0,2256.0,11.1176,67.38
129.007,measure,4928.0,2240.0,11.0387,67.22
129.107,measure,4928.0,2224.0,10.9599,67.03
129.208,measure,4928.0,2256.0,11.1176,67.44
129.308,measure,4928.0,2240.0,11.0387,67.25
129.408,measure,4928.0,2224.0,10.9599,67.00
129.508,measure,4928.0,2224.0,10.9599,66.91
129.608,measure,4928.0,2240.0,11.0387,67.38
129.708,measure,4928.0,2248.0,11.0781,67.12
129.808,measure,4928.0,2232.0,10.9993,66.97
129.908,measure,4928.0,2224.0,10.9599,67.12
130.009,measure,4928.0,2216.0,10.9204,67.03
130.109,measure,4928.0,2240.0,11.0387,67.22
130.209,measure,4928.0,2240.0,11.0387,67.12
130.309,measure,4928.0,2224.0,10.9599,67.12
130.409,measure,4928.0,2216.0,10.9204,67.19
130.509,measure,4928.0,2216.0,10.9204,67.09
130.609,measure,4928.0,2240.0,11.0387,67.38
130.709,measure,4928.0,2232.0,10.9993,67.28
130.810,measure,4928.0,2224.0,10.9599,67.16
130.910,measure,4928.0,2216.0,10.9204,67.03
131.010,measure,4928.0,2216.0,10.9204,67.25
131.110,measure,4928.0,2248.0,11.0781,67.25
131.210,measure,4928.0,2240.0,11.0387,67.12
131.310,measure,4928.0,2224.0,10.9599,67.41
131.410,measure,4928.0,2224.0,10.9599,67.00
131.510,measure,4928.0,2240.0,11.0387,67.09
131.611,measure,4928.0,2248.0,11.0781,67.22
131.711,measure,4928.0,2232.0,10.9993,67.06
131.811,measure,4928.0,2216.0,10.9204,66.94
131.911,measure,4928.0,2216.0,10.9204,67.03
132.011,measure,4928.0,2248.0,11.0781,67.22
132.111,measure,4928.0,2240.0,11.0387,67.25
132.211,measure,4928.0,2232.0,10.9993,67.12
132.312,measure,4928.0,2224.0,10.9599,67.38
132.412,measure,4928.0,2216.0,10.9204,67.22
132.512,measure,4928.0,2248.0,11.0781,67.25
132.612,measure,4928.0,2240.0,11.0387,67.16
132.712,measure,4928.0,2232.0,10.9993,67.31
132.812,measure,4928.0,2224.0,10.9599,67.19
132.912,measure,4928.0,2232.0,10.9993,66.97
133.012,measure,4928.0,2256.0,11.1176,67.47
133.113,measure,4928.0,2240.0,11.0387,67.19
133.213,measure,4928.0,2232.0,10.9993,67.09
133.313,measure,4928.0,2224.0,10.9599,67.19
133.413,measure,4928.0,2248.0,11.0781,67.22
133.513,measure,4928.0,2248.0,11.0781,67.12
133.613,measure,4928.0,2232.0,10.9993,67.22
133.713,measure,4928.0,2224.0,10.9599,67.22
133.814,measure,4928.0,2216.0,10.9204,67.22
133.914,measure,4928.0,2240.0,11.0387,67.25
134.014,measure,4928.0,2240.0,11.0387,67.22
134.114,measure,4928.0,2224.0,10.9599,67.31
134.214,measure,4928.0,2216.0,10.9204,67.19
134.314,measure,4928.0,2208.0,10.8810,67.16
134.414,measure,4928.0,2240.0,11.0387,67.44
134.514,measure,4928.0,2232.0,10.9993,67.31
134.615,measure,4928.0,2216.0,10.9204,67.06
134.715,measure,4928.0,2216.0,10.9204,66.97
134.815,measure,4928.0,2232.0,10.9993,67.16
134.915,measure,4928.0,2240.0,11.0387,67.16
135.015,measure,4928.0,2232.0,10.9993,67.09
135.115,measure,4928.0,2216.0,10.9204,67.16
135.215,measure,4928.0,2216.0,10.9204,67.03
135.316,measure,4928.0,2240.0,11.0387,67.34
135.416,measure,4928.0,2240.0,11.0387,67.19
135.516,measure,4928.0,2224.0,10.9599,67.19
135.616,measure,4928.0,2216.0,10.9204,67.22
135.716,measure,4928.0,2208.0,10.8810,67.06
135.816,measure,4928.0,2240.0,11.0387,67.44
135.916,measure,4928.0,2232.0,10.9993,67.31
136.016,measure,4928.0,2224.0,10.9599,67.28
136.117,measure,4928.0,2216.0,10.9204,67.41
136.217,measure,4928.0,2216.0,10.9204,67.34
136.317,measure,4928.0,2240.0,11.0387,67.19
136.417,measure,4928.0,2232.0,10.9993,67.22
136.517,measure,4928.0,2216.0,10.9204,67.44
136.617,measure,4928.0,2216.0,10.9204,67.12
136.717,measure,4928.0,2240.0,11.0387,67.19
136.817,measure,4928.0,2240.0,11.0387,67.28
136.918,measure,4928.0,2224.0,10.9599,67.22
137.018,measure,4928.0,2216.0,10.9204,67.25
137.118,measure,4928.0,2216.0,10.9204,67.12
137.218,measure,4928.0,2248.0,11.0781,67.25
137.318,measure,4928.0,2240.0,11.0387,67.38
137.418,measure,4928.0,2232.0,10.9993,67.25
137.518,measure,4928.0,2224.0,10.9599,67.44
137.619,measure,4928.0,2216.0,10.9204,67.22
137.719,measure,4928.0,2248.0,11.0781,67.38
137.819,measure,4928.0,2240.0,11.0387,67.19
137.919,measure,4928.0,2224.0,10.9599,67.47
138.019,measure,4928.0,2216.0,10.9204,67.31
138.119,measure,4928.0,2232.0,10.9993,67.12
138.219,measure,4928.0,2248.0,11.0781,67.50
138.320,measure,4928.0,2232.0,10.9993,67.19
138.420,measure,4928.0,2224.0,10.9599,67.12
138.520,measure,4928.0,2216.0,10.9204,67.16
138.620,measure,4928.0,2240.0,11.0387,67.28
138.720,measure,4928.0,2240.0,11.0387,67.38
138.820,measure,4928.0,2224.0,10.9599,67.22
138.920,measure,4928.0,2216.0,10.9204,67.19
139.021,measure,4928.0,2216.0,10.9204,67.28
139.121,measure,4928.0,2248.0,11.0781,67.34
139.221,measure,4928.0,2240.0,11.0387,67.56
139.321,measure,4928.0,2224.0,10.9599,67.41
139.421,measure,4928.0,2216.0,10.9204,67.34
139.521,measure,4928.0,2216.0,10.9204,67.09
139.621,measure,4928.0,2248.0,11.0781,67.56
139.722,measure,4928.0,2232.0,10.9993,67.38
139.822,measure,4928.0,2224.0,10.9599,67.16
139.922,measure,4928.0,2224.0,10.9599,67.50
140.022,measure,4928.0,2240.0,11.0387,67.19
140.122,measure,4928.0,2248.0,11.0781,67.22
140.222,measure,4928.0,2232.0,10.9993,67.25
140.322,measure,4928.0,2224.0,10.9599,67.25
140.423,measure,4928.0,2216.0,10.9204,67.22
140.523,measure,4928.0,2248.0,11.0781,67.44
140.623,measure,4928.0,2240.0,11.0387,67.31
140.723,measure,4928.0,2224.0,10.9599,67.47
140.823,measure,4928.0,2216.0,10.9204,67.34
140.923,measure,4928.0,2208.0,10.8810,67.16
141.023,measure,4928.0,2240.0,11.0387,67.53
141.123,measure,4928.0,2232.0,10.9993,67.38
141.224,measure,4928.0,2216.0,10.9204,67.38
141.324,measure,4928.0,2216.0,10.9204,67.44
141.424,measure,4928.0,2224.0,10.9599,67.47
141.524,measure,4928.0,2248.0,11.0781,67.22
141.624,measure,4928.0,2232.0,10.9993,67.25
141.724,measure,4928.0,2224.0,10.9599,67.25
141.824,measure,4928.0,2224.0,10.9599,67.16
141.924,measure,4928.0,2240.0,11.0387,67.31
142.025,measure,4928.0,2240.0,11.0387,67.44
142.125,measure,4928.0,2232.0,10.9993,67.22
142.225,measure,4928.0,2216.0,10.9204,67.34
142.325,measure,4928.0,2216.0,10.9204,67.22
142.425,measure,4928.0,2248.0,11.0781,67.50
142.525,measure,4928.0,2240.0,11.0387,67.44
142.625,measure,4928.0,2224.0,10.9599,67.31
142.725,measure,4928.0,2224.0,10.9599,67.50
142.826,measure,4928.0,2216.0,10.9204,67.31
142.926,measure,4928.0,2248.0,11.0781,67.44
143.026,measure,4928.0,2240.0,11.0387,67.59
143.126,measure,4928.0,2224.0,10.9599,67.50
143.226,measure,4928.0,2224.0,10.9599,67.25
143.326,measure,4928.0,2240.0,11.0387,67.25
143.426,measure,4928.0,2248.0,11.0781,67.59
143.527,measure,4928.0,2232.0,10.9993,67.31
143.627,measure,4928.0,2224.0,10.9599,67.25
143.727,measure,4928.0,2224.0,10.9599,67.25
143.827,measure,4928.0,2248.0,11.0781,67.38
143.927,measure,4928.0,2240.0,11.0387,67.53
144.027,measure,4928.0,2224.0,10.9599,67.34
144.127,measure,4928.0,2216.0,10.9204,67.31
144.227,measure,4928.0,2216.0,10.9204,67.31
144.328,measure,4928.0,2240.0,11.0387,67.44
144.428,measure,4928.0,2232.0,10.9993,67.69
144.528,measure,4928.0,2216.0,10.9204,67.56
144.628,measure,4928.0,2216.0,10.9204,67.41
144.728,measure,4928.0,2216.0,10.9204,67.50
144.828,measure,4928.0,2240.0,11.0387,67.62
144.928,measure,4928.0,2224.0,10.9599,67.50
145.028,measure,4928.0,2216.0,10.9204,67.19
145.129,measure,4928.0,2208.0,10.8810,67.59
145.229,measure,4928.0,2240.0,11.0387,67.41
145.329,measure,4928.0,2232.0,10.9993,67.31
145.429,measure,4928.0,2224.0,10.9599,67.41
145.529,measure,4928.0,2216.0,10.9204,67.31
145.629,measure,4928.0,2208.0,10.8810,67.22
145.729,measure,4928.0,2240.0,11.0387,67.44
145.829,measure,4928.0,2232.0,10.9993,67.38
145.930,measure,4928.0,2224.0,10.9599,67.50
146.030,measure,4928.0,2216.0,10.9204,67.47
146.130,measure,4928.0,2216.0,10.9204,67.25
146.230,measure,4928.0,2240.0,11.0387,67.59
146.330,measure,4928.0,2232.0,10.9993,67.56
146.430,measure,4928.0,2224.0,10.9599,67.41
146.530,measure,4928.0,2216.0,10.9204,67.56
146.630,measure,4928.0,2240.0,11.0387,67.62
146.731,measure,4928.0,2240.0,11.0387,67.34
146.831,measure,4928.0,2232.0,10.9993,67.62
146.931,measure,4928.0,2216.0,10.9204,67.53
147.031,measure,4928.0,2208.0,10.8810,67.19
147.131,measure,4928.0,2240.0,11.0387,67.28
147.231,measure,4928.0,2232.0,10.9993,67.47
147.331,measure,4928.0,2224.0,10.9599,67.34
147.431,measure,4928.0,2216.0,10.9204,67.44
147.532,measure,4928.0,2208.0,10.8810,67.31
147.632,measure,4928.0,2248.0,11.0781,67.44
147.732,measure,4928.0,2232.0,10.9993,67.47
147.832,measure,4928.0,2224.0,10.9599,67.44
147.932,measure,4928.0,2216.0,10.9204,67.53
148.032,measure,4928.0,2232.0,10.9993,67.59
148.132,measure,4928.0,2240.0,11.0387,67.56
148.233,measure,4928.0,2232.0,10.9993,67.69
148.333,measure,4928.0,2224.0,10.9599,67.56
148.433,measure,4928.0,2216.0,10.9204,67.28
148.533,measure,4928.0,2248.0,11.0781,67.75
148.633,measure,4928.0,2240.0,11.0387,67.62
148.733,measure,4928.0,2224.0,10.9599,67.38
148.833,measure,4928.0,2216.0,10.9204,67.22
148.933,measure,4928.0,2208.0,10.8810,67.31
149.034,measure,4928.0,2240.0,11.0387,67.44
149.134,measure,4928.0,2232.0,10.9993,67.56
149.234,measure,4928.0,2216.0,10.9204,67.41
149.334,measure,4928.0,2208.0,10.8810,67.34
149.434,measure,4928.0,2216.0,10.9204,67.47
149.534,measure,4928.0,2232.0,10.9993,67.56
149.634,measure,4928.0,2224.0,10.9599,67.75
149.734,measure,4928.0,2216.0,10.9204,67.56
149.835,measure,4928.0,2208.0,10.8810,67.41
149.935,measure,4928.0,2240.0,11.0387,67.75
150.035,measure,4928.0,2232.0,10.9993,67.72
150.135,measure,4928.0,2224.0,10.9599,67.50
150.235,measure,4928.0,2216.0,10.9204,67.31
150.335,measure,4928.0,2208.0,10.8810,67.47
150.435,measure,4928.0,2240.0,11.0387,67.44
150.535,measure,4928.0,2232.0,10.9993,67.38
150.636,measure,4928.0,2216.0,10.9204,67.72
150.736,measure,4928.0,2216.0,10.9204,67.34
150.836,measure,4928.0,2216.0,10.9204,67.31
150.936,measure,4928.0,2240.0,11.0387,67.56
151.036,measure,4928.0,2224.0,10.9599,67.50
151.136,measure,4928.0,2216.0,10.9204,67.62
151.236,measure,4928.0,2216.0,10.9204,67.50
151.336,measure,4928.0,2240.0,11.0387,67.53
151.437,measure,4928.0,2240.0,11.0387,67.69
151.537,measure,4928.0,2224.0,10.9599,67.53
151.637,measure,4928.0,2216.0,10.9204,67.81
151.737,measure,4928.0,2208.0,10.8810,67.53
151.837,measure,4928.0,2240.0,11.0387,67.72
151.937,measure,4928.0,2232.0,10.9993,67.50
152.037,measure,4928.0,2224.0,10.9599,67.72
152.137,measure,4928.0,2216.0,10.9204,67.59
152.238,measure,4928.0,2216.0,10.9204,67.31
152.338,measure,4928.0,2240.0,11.0387,67.78
152.438,measure,4928.0,2232.0,10.9993,67.50
152.538,measure,4928.0,2216.0,10.9204,67.41
152.638,measure,4928.0,2216.0,10.9204,67.44
152.738,measure,4928.0,2240.0,11.0387,67.56
152.838,measure,4928.0,2240.0,11.0387,67.59
152.938,measure,4928.0,2224.0,10.9599,67.62
153.039,measure,4928.0,2224.0,10.9599,67.41
153.139,measure,4928.0,2216.0,10.9204,67.56
153.239,measure,4928.0,2248.0,11.0781,67.62
153.339,measure,4928.0,2240.0,11.0387,67.59
153.439,measure,4928.0,2224.0,10.9599,67.69
153.539,measure,4928.0,2216.0,10.9204,67.62
153.639,measure,4928.0,2208.0,10.8810,67.28
153.739,measure,4928.0,2248.0,11.0781,67.75
153.840,measure,4928.0,2232.0,10.9993,67.72
153.940,measure,4928.0,2224.0,10.9599,67.47
154.040,measure,4928.0,2216.0,10.9204,67.38
154.140,measure,4928.0,2232.0,10.9993,67.44
154.240,measure,4928.0,2240.0,11.0387,67.50
154.340,measure,4928.0,2232.0,10.9993,67.53
154.441,measure,4928.0,2216.0,10.9204,67.53
154.541,measure,4928.0,2216.0,10.9204,67.38
154.641,measure,4928.0,2240.0,11.0387,67.62
154.741,measure,4928.0,2232.0,10.9993,67.56
154.841,measure,4928.0,2224.0,10.9599,67.72
154.941,measure,4928.0,2216.0,10.9204,67.59
155.041,measure,4928.0,2208.0,10.8810,67.38
155.141,measure,4928.0,2240.0,11.0387,67.75
155.241,measure,4928.0,2232.0,10.9993,67.69
155.342,measure,4928.0,2216.0,10.9204,67.53
155.442,measure,4928.0,2208.0,10.8810,67.75
155.542,measure,4928.0,2232.0,10.9993,67.75
155.642,measure,4928.0,2240.0,11.0387,67.56
155.742,measure,4928.0,2224.0,10.9599,67.53
155.843,measure,4928.0,2216.0,10.9204,67.47
155.943,measure,4928.0,2216.0,10.9204,67.41
156.043,measure,4928.0,2248.0,11.0781,67.69
156.143,measure,4928.0,2240.0,11.0387,67.56
156.243,measure,4928.0,2224.0,10.9599,67.50
156.343,measure,4928.0,2216.0,10.9204,67.59
156.443,measure,4928.0,2208.0,10.8810,67.41
156.544,measure,4928.0,2240.0,11.0387,67.84
156.644,measure,4928.0,2232.0,10.9993,67.66
156.744,measure,4928.0,2224.0,10.9599,67.69
156.844,measure,4928.0,2216.0,10.9204,67.75
156.944,measure,4928.0,2224.0,10.9599,67.72
157.044,measure,4928.0,2240.0,11.0387,67.62
157.144,measure,4928.0,2224.0,10.9599,67.53
157.244,measure,4928.0,2216.0,10.9204,67.75
157.345,measure,4928.0,2216.0,10.9204,67.47
157.445,measure,4928.0,2248.0,11.0781,67.59
157.545,measure,4928.0,2240.0,11.0387,67.88
157.645,measure,4928.0,2224.0,10.9599,67.66
157.745,measure,4928.0,2216.0,10.9204,67.59
157.845,measure,4928.0,2208.0,10.8810,67.47
157.946,measure,4928.0,2240.0,11.0387,67.56
158.046,measure,4928.0,2232.0,10.9993,67.69
158.146,measure,4928.0,2224.0,10.9599,67.72
158.246,measure,4928.0,2216.0,10.9204,67.75
158.346,measure,4928.0,2232.0,10.9993,67.62
158.447,measure,4928.0,2248.0,11.0781,67.72
158.547,measure,4928.0,2232.0,10.9993,67.84
158.647,measure,4928.0,2216.0,10.9204,67.81
158.747,measure,4928.0,2208.0,10.8810,67.44
158.848,measure,4928.0,2240.0,11.0387,67.53
158.948,measure,4928.0,2240.0,11.0387,67.91
159.048,measure,4928.0,2224.0,10.9599,67.59
159.148,measure,4928.0,2216.0,10.9204,67.53
159.249,measure,4928.0,2208.0,10.8810,67.50
159.349,measure,4928.0,2248.0,11.0781,67.66
159.449,measure,4928.0,2232.0,10.9993,67.72
159.549,measure,4928.0,2224.0,10.9599,67.66
159.649,measure,4928.0,2216.0,10.9204,67.69
159.750,measure,4928.0,2216.0,10.9204,67.69
159.850,measure,4928.0,2240.0,11.0387,67.72
159.950,measure,4928.0,2232.0,10.9993,67.88
160.050,measure,4928.0,2224.0,10.9599,67.72
160.150,measure,4928.0,2216.0,10.9204,67.62
160.250,measure,4928.0,2248.0,11.0781,67.56
160.351,measure,4928.0,2240.0,11.0387,67.88
160.451,measure,4928.0,2232.0,10.9993,67.62
160.551,measure,4928.0,2216.0,10.9204,67.47
160.651,measure,4928.0,2208.0,10.8810,67.47
160.751,measure,4928.0,2240.0,11.0387,67.66
160.851,measure,4928.0,2240.0,11.0387,67.72
160.952,measure,4928.0,2224.0,10.9599,67.66
161.052,measure,4928.0,2216.0,10.9204,67.56
161.152,measure,4928.0,2216.0,10.9204,67.59
161.252,measure,4928.0,2248.0,11.0781,67.75
161.352,measure,4928.0,2232.0,10.9993,67.91
161.452,measure,4928.0,2216.0,10.9204,67.72
161.552,measure,4928.0,2216.0,10.9204,67.59
161.652,measure,4928.0,2232.0,10.9993,67.97
161.753,measure,4928.0,2232.0,10.9993,67.84
161.853,measure,4928.0,2224.0,10.9599,67.72
161.953,measure,4928.0,2216.0,10.9204,67.50
162.053,measure,4928.0,2208.0,10.8810,67.69
162.153,measure,4928.0,2240.0,11.0387,67.69
162.253,measure,4928.0,2232.0,10.9993,67.59
162.353,measure,4928.0,2216.0,10.9204,67.97
162.454,measure,4928.0,2216.0,10.9204,67.56
162.554,measure,4928.0,2216.0,10.9204,67.47
162.654,measure,4928.0,2240.0,11.0387,67.66
162.754,measure,4928.0,2232.0,10.9993,67.88
162.854,measure,4928.0,2216.0,10.9204,67.75
162.954,measure,4928.0,2216.0,10.9204,67.69
163.055,measure,4928.0,2240.0,11.0387,67.94
163.155,measure,4928.0,2240.0,11.0387,67.81
163.255,measure,4928.0,2224.0,10.9599,67.72
163.355,measure,4928.0,2216.0,10.9204,67.59
163.455,measure,4928.0,2208.0,10.8810,67.72
163.555,measure,4928.0,2240.0,11.0387,67.78
163.655,measure,4928.0,2232.0,10.9993,67.62
163.755,measure,4928.0,2224.0,10.9599,67.88
163.856,measure,4928.0,2216.0,10.9204,67.56
163.956,measure,4928.0,2216.0,10.9204,67.50
164.056,measure,4928.0,2240.0,11.0387,67.69
164.156,measure,4928.0,2232.0,10.9993,67.75
164.256,measure,4928.0,2216.0,10.9204,67.66
164.356,measure,4928.0,2208.0,10.8810,67.66
164.456,measure,4928.0,2240.0,11.0387,67.88
164.557,measure,4928.0,2240.0,11.0387,67.88
164.657,measure,4928.0,2224.0,10.9599,67.75
164.757,measure,4928.0,2216.0,10.9204,67.69
164.857,measure,4928.0,2208.0,10.8810,67.72
164.957,measure,4928.0,2240.0,11.0387,67.78
165.058,measure,4928.0,2240.0,11.0387,67.72
165.158,measure,4928.0,2224.0,10.9599,67.91
165.258,measure,4928.0,2216.0,10.9204,67.78
165.358,measure,4928.0,2216.0,10.9204,67.47
165.458,measure,4928.0,2248.0,11.0781,68.06
165.558,measure,4928.0,2232.0,10.9993,67.69
165.658,measure,4928.0,2224.0,10.9599,67.69
165.759,measure,4928.0,2216.0,10.9204,67.66
165.859,measure,4928.0,2224.0,10.9599,67.66
165.959,measure,4928.0,2240.0,11.0387,67.81
166.059,measure,4928.0,2232.0,10.9993,67.72
166.159,measure,4928.0,2216.0,10.9204,67.69
166.260,measure,4928.0,2224.0,10.9599,67.72
166.360,measure,4928.0,2248.0,11.0781,67.84
166.460,measure,4928.0,2240.0,11.0387,68.06
166.560,measure,4928.0,2224.0,10.9599,67.91
166.661,measure,4928.0,2216.0,10.9204,67.78
166.761,measure,4928.0,2208.0,10.8810,67.41
166.861,measure,4928.0,2240.0,11.0387,67.97
166.962,measure,4928.0,2232.0,10.9993,67.72
167.062,measure,4928.0,2224.0,10.9599,67.66
167.162,measure,4928.0,2216.0,10.9204,67.62
167.262,measure,4928.0,2224.0,10.9599,67.66
167.362,measure,4928.0,2240.0,11.0387,67.84
167.463,measure,4928.0,2232.0,10.9993,67.69
167.563,measure,4928.0,2216.0,10.9204,67.72
167.663,measure,4928.0,2216.0,10.9204,67.72
167.763,measure,4928.0,2240.0,11.0387,67.78
167.863,measure,4928.0,2240.0,11.0387,67.94
167.964,measure,4928.0,2224.0,10.9599,67.84
168.064,measure,4928.0,2224.0,10.9599,67.78
168.164,measure,4928.0,2216.0,10.9204,67.56
168.264,measure,4928.0,2248.0,11.0781,68.00
168.364,measure,4928.0,2240.0,11.0387,67.72
168.464,measure,4928.0,2224.0,10.9599,67.62
168.564,measure,4928.0,2224.0,10.9599,68.06
168.665,measure,4928.0,2224.0,10.9599,67.66
168.765,measure,4928.0,2240.0,11.0387,67.81
168.865,measure,4928.0,2232.0,10.9993,67.81
168.965,measure,4928.0,2224.0,10.9599,67.75
169.066,measure,4928.0,2216.0,10.9204,67.75
169.166,measure,4928.0,2240.0,11.0387,67.75
169.266,measure,4928.0,2240.0,11.0387,68.03
169.366,measure,4928.0,2224.0,10.9599,67.88
169.467,measure,4928.0,2224.0,10.9599,67.84
169.567,measure,4928.0,2216.0,10.9204,67.88
169.667,measure,4928.0,2248.0,11.0781,68.03
169.768,measure,4928.0,2240.0,11.0387,67.72
169.868,measure,4928.0,2224.0,10.9599,67.72
169.968,measure,4928.0,2216.0,10.9204,67.72
170.068,measure,4928.0,2208.0,10.8810,67.59
170.169,measure,4928.0,2240.0,11.0387,67.81
170.269,measure,4928.0,2232.0,10.9993,67.75
170.369,measure,4928.0,2224.0,10.9599,67.81
170.469,measure,4928.0,2216.0,10.9204,67.72
170.569,measure,4928.0,2232.0,10.9993,67.75
170.670,measure,4928.0,2240.0,11.0387,67.97
170.770,measure,4928.0,2224.0,10.9599,67.88
170.870,measure,4928.0,2216.0,10.9204,67.78
170.970,measure,4928.0,2216.0,10.9204,67.88
171.070,measure,4928.0,2248.0,11.0781,67.97
171.170,measure,4928.0,2240.0,11.0387,67.88
171.270,measure,4928.0,2232.0,10.9993,67.62
171.370,measure,4928.0,2216.0,10.9204,67.94
171.471,measure,4928.0,2216.0,10.9204,67.72
171.571,measure,4928.0,2248.0,11.0781,67.75
171.671,measure,4928.0,2232.0,10.9993,68.16
171.771,measure,4928.0,2224.0,10.9599,67.72
171.871,measure,4928.0,2224.0,10.9599,67.69
171.971,measure,4928.0,2232.0,10.9993,67.66
172.071,measure,4928.0,2240.0,11.0387,67.81
172.171,measure,4928.0,2232.0,10.9993,67.91
172.272,measure,4928.0,2224.0,10.9599,67.84
172.372,measure,4928.0,2224.0,10.9599,67.75
172.472,measure,4928.0,2248.0,11.0781,67.97
172.572,measure,4928.0,2240.0,11.0387,67.81
172.672,measure,4928.0,2232.0,10.9993,68.16
172.772,measure,4928.0,2224.0,10.9599,67.88
172.872,measure,4928.0,2216.0,10.9204,67.69
172.972,measure,4928.0,2248.0,11.0781,67.75
173.073,measure,4928.0,2240.0,11.0387,68.00
173.173,measure,4928.0,2232.0,10.9993,67.78
173.273,measure,4928.0,2224.0,10.9599,67.69
173.373,measure,4928.0,2224.0,10.9599,68.09
173.473,measure,4928.0,2240.0,11.0387,67.78
173.573,measure,4928.0,2232.0,10.9993,67.72
173.674,measure,4928.0,2224.0,10.9599,67.81
173.774,measure,4928.0,2216.0,10.9204,67.72
173.874,measure,4928.0,2248.0,11.0781,67.97
173.974,measure,4928.0,2240.0,11.0387,67.91
174.074,measure,4928.0,2224.0,10.9599,68.12
174.174,measure,4928.0,2216.0,10.9204,67.91
174.274,measure,4928.0,2216.0,10.9204,67.72
174.375,measure,4928.0,2248.0,11.0781,67.88
174.475,measure,4928.0,2240.0,11.0387,68.09
174.575,measure,4928.0,2224.0,10.9599,67.88
174.675,measure,4928.0,2224.0,10.9599,67.72
174.775,measure,4928.0,2224.0,10.9599,68.06
174.875,measure,4928.0,2248.0,11.0781,67.84
174.975,measure,4928.0,2232.0,10.9993,67.78
175.075,measure,4928.0,2224.0,10.9599,67.75
175.176,measure,4928.0,2224.0,10.9599,67.81
175.276,measure,4928.0,2248.0,11.0781,67.81
175.376,measure,4928.0,2248.0,11.0781,67.91
175.476,measure,4928.0,2232.0,10.9993,67.81
175.576,measure,4928.0,2224.0,10.9599,67.81
175.676,measure,4928.0,2216.0,10.9204,67.84
175.776,measure,4928.0,2248.0,11.0781,67.84
175.876,measure,4928.0,2240.0,11.0387,67.94
175.976,measure,4928.0,2224.0,10.9599,67.94
176.077,measure,4928.0,2216.0,10.9204,67.81
176.177,measure,4928.0,2216.0,10.9204,67.94
176.277,measure,4928.0,2240.0,11.0387,68.03
176.377,measure,4928.0,2232.0,10.9993,67.72
176.477,measure,4928.0,2224.0,10.9599,68.16
176.577,measure,4928.0,2216.0,10.9204,68.00
176.677,measure,4928.0,2240.0,11.0387,67.78
176.778,measure,4928.0,2240.0,11.0387,67.88
176.878,measure,4928.0,2232.0,10.9993,67.81
176.978,measure,4928.0,2224.0,10.9599,67.78
177.078,measure,4928.0,2216.0,10.9204,67.78
177.178,measure,4928.0,2248.0,11.0781,67.88
177.278,measure,4928.0,2248.0,11.0781,67.81
177.378,measure,4928.0,2240.0,11.0387,67.97
177.479,measure,4928.0,2224.0,10.9599,67.84
177.579,measure,4928.0,2216.0,10.9204,67.91
177.679,measure,4928.0,2248.0,11.0781,68.00
177.780,measure,4928.0,2232.0,10.9993,67.94
177.880,measure,4928.0,2224.0,10.9599,68.12
177.980,measure,4928.0,2224.0,10.9599,67.94
178.080,measure,4928.0,2240.0,11.0387,67.75
178.181,measure,4928.0,2240.0,11.0387,67.81
178.281,measure,4928.0,2232.0,10.9993,67.88
178.381,measure,4928.0,2224.0,10.9599,67.84
178.481,measure,4928.0,2216.0,10.9204,67.81
178.582,measure,4928.0,2248.0,11.0781,67.91
178.682,measure,4928.0,2240.0,11.0387,68.00
178.782,measure,4928.0,2232.0,10.9993,68.00
178.883,measure,4928.0,2224.0,10.9599,67.81
178.983,measure,4928.0,2216.0,10.9204,67.94
179.083,measure,4928.0,2248.0,11.0781,68.00
179.183,measure,4928.0,2240.0,11.0387,67.78
179.284,measure,4928.0,2224.0,10.9599,68.06
179.384,measure,4928.0,2224.0,10.9599,67.91
179.484,measure,4928.0,2224.0,10.9599,67.72
179.584,measure,4928.0,2248.0,11.0781,68.25
179.684,measure,4928.0,2232.0,10.9993,67.84
179.785,measure,4928.0,2216.0,10.9204,67.78
179.885,measure,4928.0,2216.0,10.9204,67.91
179.985,measure,4928.0,2248.0,11.0781,67.88
180.085,measure,4928.0,2240.0,11.0387,67.81
180.185,measure,4928.0,2224.0,10.9599,67.91
180.285,measure,4928.0,2216.0,10.9204,67.91
180.385,measure,4928.0,2216.0,10.9204,67.94
180.485,measure,4928.0,2240.0,11.0387,67.97
180.586,measure,4928.0,2232.0,10.9993,68.28
180.686,measure,4928.0,2224.0,10.9599,68.09
180.786,measure,4928.0,2224.0,10.9599,68.06
180.886,measure,4928.0,2224.0,10.9599,67.88
180.986,measure,4928.0,2248.0,11.0781,68.19
181.086,measure,4928.0,2240.0,11.0387,68.12
181.186,measure,4928.0,2224.0,10.9599,67.88
181.286,measure,4928.0,2216.0,10.9204,67.72
181.387,measure,4928.0,2240.0,11.0387,67.94
181.487,measure,4928.0,2248.0,11.0781,67.88
181.587,measure,4928.0,2232.0,10.9993,67.78
181.687,measure,4928.0,2224.0,10.9599,67.84
181.787,measure,4928.0,2216.0,10.9204,67.72
181.887,measure,4928.0,2248.0,11.0781,68.00
181.987,measure,4928.0,2240.0,11.0387,67.91
182.087,measure,4928.0,2232.0,10.9993,67.84
182.188,measure,4928.0,2224.0,10.9599,67.97
182.288,measure,4928.0,2216.0,10.9204,67.88
182.388,measure,4928.0,2248.0,11.0781,68.19
182.488,measure,4928.0,2240.0,11.0387,68.06
182.588,measure,4928.0,2224.0,10.9599,67.97
182.688,measure,4928.0,2224.0,10.9599,68.09
182.788,measure,4928.0,2248.0,11.0781,68.16
182.888,measure,4928.0,2248.0,11.0781,67.88
182.989,measure,4928.0,2232.0,10.9993,67.78
183.089,measure,4928.0,2224.0,10.9599,68.19
183.189,measure,4928.0,2216.0,10.9204,67.84
183.289,measure,4928.0,2248.0,11.0781,67.91
183.389,measure,4928.0,2240.0,11.0387,67.94
183.489,measure,4928.0,2232.0,10.9993,67.91
183.589,measure,4928.0,2224.0,10.9599,68.03
183.689,measure,4928.0,2216.0,10.9204,67.78
183.790,measure,4928.0,2248.0,11.0781,67.94
183.890,measure,4928.0,2240.0,11.0387,68.16
183.990,measure,4928.0,2232.0,10.9993,68.03
184.090,measure,4928.0,2232.0,10.9993,68.19
184.190,measure,4928.0,2224.0,10.9599,67.97
184.290,measure,4928.0,2256.0,11.1176,68.12
184.390,measure,4928.0,2248.0,11.0781,68.28
184.490,measure,4928.0,2232.0,10.9993,68.09
184.591,measure,4928.0,2224.0,10.9599,68.00
184.691,measure,4928.0,2240.0,11.0387,67.84
184.791,measure,4928.0,2248.0,11.0781,68.22
184.891,measure,4928.0,2232.0,10.9993,67.81
184.991,measure,4928.0,2224.0,10.9599,67.84
185.091,measure,4928.0,2216.0,10.9204,68.16
185.191,measure,4928.0,2248.0,11.0781,67.94
185.291,measure,4928.0,2232.0,10.9993,68.00
185.391,measure,4928.0,2224.0,10.9599,68.00
185.492,measure,4928.0,2216.0,10.9204,67.88
185.592,measure,4928.0,2208.0,10.8810,67.88
185.692,measure,4928.0,2240.0,11.0387,68.09
185.792,measure,4928.0,2232.0,10.9993,68.06
185.892,measure,4928.0,2216.0,10.9204,68.16
185.992,measure,4928.0,2216.0,10.9204,68.00
186.093,measure,4928.0,2232.0,10.9993,67.97
186.193,measure,4928.0,2240.0,11.0387,68.22
186.293,measure,4928.0,2224.0,10.9599,68.09
186.393,measure,4928.0,2216.0,10.9204,67.84
186.493,measure,4928.0,2216.0,10.9204,68.16
186.593,measure,4928.0,2240.0,11.0387,67.91
186.693,measure,4928.0,2240.0,11.0387,67.94
186.793,measure,4928.0,2224.0,10.9599,67.97
186.894,measure,4928.0,2216.0,10.9204,67.94
186.994,measure,4928.0,2208.0,10.8810,67.72
187.094,measure,4928.0,2240.0,11.0387,68.00
187.194,measure,4928.0,2232.0,10.9993,67.94
187.294,measure,4928.0,2224.0,10.9599,67.91
187.394,measure,4928.0,2216.0,10.9204,67.94
187.494,measure,4928.0,2224.0,10.9599,67.91
187.594,measure,4928.0,2240.0,11.0387,68.16
187.694,measure,4928.0,2232.0,10.9993,68.03
187.795,measure,4928.0,2224.0,10.9599,68.09
187.895,measure,4928.0,2216.0,10.9204,68.12
187.995,measure,4928.0,2248.0,11.0781,68.19
188.096,measure,4928.0,2240.0,11.0387,67.94
188.196,measure,4928.0,2224.0,10.9599,68.25
188.296,measure,4928.0,2224.0,10.9599,67.91
188.396,measure,4928.0,2208.0,10.8810,67.75
188.497,measure,4928.0,2240.0,11.0387,68.06
188.597,measure,4928.0,2232.0,10.9993,67.94
188.697,measure,4928.0,2224.0,10.9599,67.88
188.797,measure,4928.0,2216.0,10.9204,67.94
188.897,measure,4928.0,2216.0,10.9204,67.94
188.997,measure,4928.0,2240.0,11.0387,68.16
189.097,measure,4928.0,2232.0,10.9993,68.09
189.197,measure,4928.0,2216.0,10.9204,68.03
189.298,measure,4928.0,2216.0,10.9204,68.12
189.398,measure,4928.0,2240.0,11.0387,68.09
189.498,measure,4928.0,2240.0,11.0387,67.97
189.598,measure,4928.0,2232.0,10.9993,68.22
189.698,measure,4928.0,2216.0,10.9204,68.19
189.799,measure,4928.0,2216.0,10.9204,67.81
189.899,measure,4928.0,2248.0,11.0781,68.09
189.999,measure,4928.0,2240.0,11.0387,68.03
190.099,measure,4928.0,2232.0,10.9993,67.91
190.200,measure,4928.0,2224.0,10.9599,67.97
190.300,measure,4928.0,2216.0,10.9204,67.75
190.400,measure,4928.0,2248.0,11.0781,68.19
190.500,measure,4928.0,2232.0,10.9993,68.06
190.600,measure,4928.0,2224.0,10.9599,68.00
190.701,measure,4928.0,2216.0,10.9204,68.09
190.801,measure,4928.0,2232.0,10.9993,68.19
190.901,measure,4928.0,2240.0,11.0387,67.91
191.001,measure,4928.0,2224.0,10.9599,68.25
191.101,measure,4928.0,2216.0,10.9204,68.16
191.202,measure,4928.0,2216.0,10.9204,67.84
191.302,measure,4928.0,2248.0,11.0781,68.34
191.402,measure,4928.0,2240.0,11.0387,67.97
191.502,measure,4928.0,2224.0,10.9599,67.88
191.602,measure,4928.0,2224.0,10.9599,67.97
191.702,measure,4928.0,2216.0,10.9204,67.81
191.803,measure,4928.0,2248.0,11.0781,68.16
191.903,measure,4928.0,2240.0,11.0387,68.06
192.003,measure,4928.0,2224.0,10.9599,68.00
192.103,measure,4928.0,2216.0,10.9204,68.16
192.204,measure,4928.0,2224.0,10.9599,68.00
192.304,measure,4928.0,2240.0,11.0387,68.09
192.404,measure,4928.0,2232.0,10.9993,68.19
192.504,measure,4928.0,2224.0,10.9599,68.19
192.604,measure,4928.0,2216.0,10.9204,67.88
192.704,measure,4928.0,2248.0,11.0781,68.38
192.804,measure,4928.0,2240.0,11.0387,68.16
192.904,measure,4928.0,2224.0,10.9599,67.91
193.005,measure,4928.0,2216.0,10.9204,67.91
193.105,measure,4928.0,2208.0,10.8810,67.88
193.205,measure,4928.0,2248.0,11.0781,68.03
193.305,measure,4928.0,2232.0,10.9993,68.09
193.405,measure,4928.0,2224.0,10.9599,68.00
193.505,measure,4928.0,2216.0,10.9204,67.91
193.605,measure,4928.0,2224.0,10.9599,68.00
193.706,measure,4928.0,2240.0,11.0387,68.03
193.806,measure,4928.0,2232.0,10.9993,68.19
193.906,measure,4928.0,2224.0,10.9599,68.12
194.006,measure,4928.0,2216.0,10.9204,67.94
194.107,measure,4928.0,2240.0,11.0387,68.34
194.207,measure,4928.0,2240.0,11.0387,68.12
194.307,measure,4928.0,2232.0,10.9993,67.88
194.407,measure,4928.0,2224.0,10.9599,68.25
194.507,measure,4928.0,2216.0,10.9204,67.91
194.608,measure,4928.0,2248.0,11.0781,68.03
194.708,measure,4928.0,2240.0,11.0387,68.03
194.808,measure,4928.0,2232.0,10.9993,68.00
194.908,measure,4928.0,2224.0,10.9599,67.91
195.008,measure,4928.0,2216.0,10.9204,67.88
195.109,measure,4928.0,2248.0,11.0781,68.09
195.209,measure,4928.0,2240.0,11.0387,68.19
195.309,measure,4928.0,2224.0,10.9599,68.09
195.409,measure,4928.0,2216.0,10.9204,67.94
195.509,measure,4928.0,2232.0,10.9993,68.19
195.609,measure,4928.0,2240.0,11.0387,68.19
195.710,measure,4928.0,2224.0,10.9599,67.97
195.810,measure,4928.0,2216.0,10.9204,68.25
195.910,measure,4928.0,2216.0,10.9204,68.12
196.010,measure,4928.0,2248.0,11.0781,68.00
196.111,measure,4928.0,2240.0,11.0387,68.09
196.211,measure,4928.0,2224.0,10.9599,68.00
196.311,measure,4928.0,2216.0,10.9204,67.91
196.411,measure,4928.0,2216.0,10.9204,67.97
196.511,measure,4928.0,2248.0,11.0781,68.12
196.611,measure,4928.0,2240.0,11.0387,68.25
196.712,measure,4928.0,2224.0,10.9599,68.16
196.812,measure,4928.0,2224.0,10.9599,68.09
196.912,measure,4928.0,2224.0,10.9599,68.09
197.012,measure,4928.0,2240.0,11.0387,68.16
197.112,measure,4928.0,2232.0,10.9993,68.09
197.212,measure,4928.0,2216.0,10.9204,68.22
197.312,measure,4928.0,2216.0,10.9204,68.09
197.413,measure,4928.0,2248.0,11.0781,68.03
197.513,measure,4928.0,2240.0,11.0387,68.38
197.613,measure,4928.0,2224.0,10.9599,68.25
197.713,measure,4928.0,2216.0,10.9204,67.97
197.813,measure,4928.0,2208.0,10.8810,67.97
197.913,measure,4928.0,2240.0,11.0387,68.03
198.014,measure,4928.0,2232.0,10.9993,67.97
198.114,measure,4928.0,2224.0,10.9599,68.09
198.214,measure,4928.0,2216.0,10.9204,68.00
198.314,measure,4928.0,2224.0,10.9599,68.12
198.414,measure,4928.0,2248.0,11.0781,68.12
198.514,measure,4928.0,2232.0,10.9993,68.06
198.614,measure,4928.0,2224.0,10.9599,68.22
198.714,measure,4928.0,2216.0,10.9204,68.03
198.815,measure,4928.0,2248.0,11.0781,68.16
198.915,measure,4928.0,2240.0,11.0387,68.38
199.016,measure,4928.0,2232.0,10.9993,68.22
199.116,measure,4928.0,2224.0,10.9599,67.84
199.216,measure,4928.0,2216.0,10.9204,68.19
199.316,measure,4928.0,2248.0,11.0781,68.09
199.416,measure,4928.0,2240.0,11.0387,68.06
199.516,measure,4928.0,2224.0,10.9599,68.09
199.616,measure,4928.0,2224.0,10.9599,67.97
199.716,measure,4928.0,2216.0,10.9204,67.84
199.817,measure,4928.0,2248.0,11.0781,68.09
199.917,measure,4928.0,2232.0,10.9993,68.09
200.017,measure,4928.0,2224.0,10.9599,68.19
200.117,measure,4928.0,2216.0,10.9204,68.03
200.217,measure,4928.0,2240.0,11.0387,68.12
200.318,measure,4928.0,2240.0,11.0387,68.34
200.418,measure,4928.0,2224.0,10.9599,68.22
200.518,measure,4928.0,2216.0,10.9204,68.09
200.618,measure,4928.0,2208.0,10.8810,68.19
200.718,measure,4928.0,2240.0,11.0387,68.19
200.818,measure,4928.0,2240.0,11.0387,68.03
200.918,measure,4928.0,2224.0,10.9599,68.00
201.018,measure,4928.0,2216.0,10.9204,68.00
201.119,measure,4928.0,2216.0,10.9204,67.88
201.219,measure,4928.0,2240.0,11.0387,68.06
201.319,measure,4928.0,2232.0,10.9993,68.16
201.419,measure,4928.0,2224.0,10.9599,68.03
201.519,measure,4928.0,2216.0,10.9204,68.00
201.620,measure,4928.0,2240.0,11.0387,68.12
201.720,measure,4928.0,2240.0,11.0387,68.38
201.820,measure,4928.0,2224.0,10.9599,68.19
201.920,measure,4928.0,2216.0,10.9204,68.12
202.020,measure,4928.0,2208.0,10.8810,68.19
202.120,measure,4928.0,2240.0,11.0387,68.22
202.220,measure,4928.0,2232.0,10.9993,68.00
202.321,measure,4928.0,2224.0,10.9599,68.38
202.421,measure,4928.0,2216.0,10.9204,68.28
202.521,measure,4928.0,2216.0,10.9204,67.94
202.621,measure,4928.0,2240.0,11.0387,68.00
202.722,measure,4928.0,2224.0,10.9599,68.12
202.822,measure,4928.0,2216.0,10.9204,68.06
202.922,measure,4928.0,2216.0,10.9204,68.09
203.022,measure,4928.0,2240.0,11.0387,68.19
203.123,measure,4928.0,2240.0,11.0387,68.28
203.223,measure,4928.0,2232.0,10.9993,68.19
203.323,measure,4928.0,2216.0,10.9204,68.12
203.423,measure,4928.0,2216.0,10.9204,68.19
203.523,measure,4928.0,2248.0,11.0781,68.22
203.623,measure,4928.0,2240.0,11.0387,68.12
203.723,measure,4928.0,2232.0,10.9993,68.38
203.824,measure,4928.0,2216.0,10.9204,68.25
203.924,measure,4928.0,2216.0,10.9204,67.91
204.024,measure,4928.0,2240.0,11.0387,68.03
204.124,measure,4928.0,2232.0,10.9993,68.34
204.224,measure,4928.0,2224.0,10.9599,68.03
204.324,measure,4928.0,2216.0,10.9204,67.94
204.424,measure,4928.0,2232.0,10.9993,68.12
204.524,measure,4928.0,2240.0,11.0387,68.12
204.625,measure,4928.0,2224.0,10.9599,68.12
204.725,measure,4928.0,2216.0,10.9204,68.12
204.825,measure,4928.0,2216.0,10.9204,68.00
204.925,measure,4928.0,2240.0,11.0387,68.25
205.025,measure,4928.0,2232.0,10.9993,68.19
205.125,measure,4928.0,2224.0,10.9599,68.28
205.226,measure,4928.0,2216.0,10.9204,68.22
205.326,measure,4928.0,2208.0,10.8810,68.03
205.426,measure,4928.0,2240.0,11.0387,68.47
205.526,measure,4928.0,2232.0,10.9993,68.25
205.626,measure,4928.0,2224.0,10.9599,67.97
205.726,measure,4928.0,2216.0,10.9204,67.91
205.827,measure,4928.0,2232.0,10.9993,68.31
205.927,measure,4928.0,2240.0,11.0387,68.12
206.027,measure,4928.0,2224.0,10.9599,68.03
206.127,measure,4928.0,2216.0,10.9204,68.09
206.227,measure,4928.0,2208.0,10.8810,68.03
206.327,measure,4928.0,2240.0,11.0387,68.19
206.427,measure,4928.0,2232.0,10.9993,68.19
206.527,measure,4928.0,2224.0,10.9599,68.09
206.628,measure,4928.0,2216.0,10.9204,68.19
206.728,measure,4928.0,2216.0,10.9204,68.00
206.828,measure,4928.0,2248.0,11.0781,68.38
206.928,measure,4928.0,2232.0,10.9993,68.22
207.028,measure,4928.0,2224.0,10.9599,68.19
207.128,measure,4928.0,2216.0,10.9204,68.00
207.228,measure,4928.0,2240.0,11.0387,68.34
207.328,measure,4928.0,2240.0,11.0387,68.06
207.429,measure,4928.0,2224.0,10.9599,68.06
207.529,measure,4928.0,2224.0,10.9599,68.31
207.629,measure,4928.0,2216.0,10.9204,67.97
207.729,measure,4928.0,2240.0,11.0387,68.06
207.829,measure,4928.0,2232.0,10.9993,68.09
207.929,measure,4928.0,2224.0,10.9599,68.16
208.029,measure,4928.0,2216.0,10.9204,68.03
208.129,measure,4928.0,2208.0,10.8810,68.00
208.230,measure,4928.0,2240.0,11.0387,68.22
208.330,measure,4928.0,2232.0,10.9993,68.28
208.430,measure,4928.0,2224.0,10.9599,68.19
208.530,measure,4928.0,2216.0,10.9204,68.12
208.630,measure,4928.0,2232.0,10.9993,68.22
208.730,measure,4928.0,2240.0,11.0387,68.34
208.830,measure,4928.0,2232.0,10.9993,67.97
208.930,measure,4928.0,2216.0,10.9204,68.41
209.031,measure,4928.0,2216.0,10.9204,68.19
209.131,measure,4928.0,2248.0,11.0781,68.09
209.231,measure,4928.0,2240.0,11.0387,68.41
209.331,measure,4928.0,2232.0,10.9993,68.12
209.431,measure,4928.0,2224.0,10.9599,68.03
209.531,measure,4928.0,2208.0,10.8810,68.06
209.631,measure,4928.0,2248.0,11.0781,68.22
209.731,measure,4928.0,2240.0,11.0387,68.06
209.832,measure,4928.0,2224.0,10.9599,68.19
209.932,measure,4928.0,2216.0,10.9204,68.06
210.032,measure,4928.0,2232.0,10.9993,68.19
210.132,measure,4928.0,2240.0,11.0387,68.28
210.232,measure,4928.0,2224.0,10.9599,68.19
210.332,measure,4928.0,2224.0,10.9599,68.31
210.432,measure,4928.0,2216.0,10.9204,68.12
210.532,measure,4928.0,2240.0,11.0387,68.19
210.633,measure,4928.0,2240.0,11.0387,68.44
210.733,measure,4928.0,2224.0,10.9599,68.25
210.833,measure,4928.0,2216.0,10.9204,68.00
210.933,measure,4928.0,2208.0,10.8810,67.88
211.033,measure,4928.0,2240.0,11.0387,68.41
211.133,measure,4928.0,2232.0,10.9993,68.09
211.233,measure,4928.0,2216.0,10.9204,68.09
211.333,measure,4928.0,2216.0,10.9204,68.06
211.434,measure,4928.0,2232.0,10.9993,68.06
211.534,measure,4928.0,2240.0,11.0387,68.28
211.634,measure,4928.0,2224.0,10.9599,68.25
211.734,measure,4928.0,2216.0,10.9204,68.06
211.834,measure,4928.0,2216.0,10.9204,68.12
211.934,measure,4928.0,2240.0,11.0387,68.12
212.034,measure,4928.0,2240.0,11.0387,68.41
212.134,measure,4928.0,2224.0,10.9599,68.34
212.235,measure,4928.0,2216.0,10.9204,68.19
212.335,measure,4928.0,2216.0,10.9204,68.22
212.435,measure,4928.0,2248.0,11.0781,68.31
212.535,measure,4928.0,2240.0,11.0387,68.22
212.635,measure,4928.0,2224.0,10.9599,68.06
212.735,measure,4928.0,2224.0,10.9599,68.25
212.835,measure,4928.0,2240.0,11.0387,68.03
212.935,measure,4928.0,2248.0,11.0781,68.03
213.036,measure,4928.0,2232.0,10.9993,68.16
213.136,measure,4928.0,2224.0,10.9599,68.00
213.236,measure,4928.0,2216.0,10.9204,68.03
213.336,measure,4928.0,2248.0,11.0781,68.19
213.436,measure,4928.0,2240.0,11.0387,68.16
213.536,measure,4928.0,2224.0,10.9599,68.25
213.636,measure,4928.0,2216.0,10.9204,68.19
213.736,measure,4928.0,2208.0,10.8810,67.97
213.837,measure,4928.0,2240.0,11.0387,68.41
213.937,measure,4928.0,2232.0,10.9993,68.28
214.037,measure,4928.0,2224.0,10.9599,68.16
214.137,measure,4928.0,2216.0,10.9204,68.28
214.237,measure,4928.0,2224.0,10.9599,68.28
214.337,measure,4928.0,2240.0,11.0387,68.19
214.438,measure,4928.0,2232.0,10.9993,68.38
214.538,measure,4928.0,2224.0,10.9599,68.12
214.638,measure,4928.0,2216.0,10.9204,68.03
214.738,measure,4928.0,2248.0,11.0781,68.19
214.839,measure,4928.0,2240.0,11.0387,68.19
214.939,measure,4928.0,2232.0,10.9993,68.25
215.039,measure,4928.0,2224.0,10.9599,68.19
215.139,measure,4928.0,2216.0,10.9204,68.00
215.239,measure,4928.0,2248.0,11.0781,68.31
215.339,measure,4928.0,2240.0,11.0387,68.22
215.440,measure,4928.0,2232.0,10.9993,68.50
215.540,measure,4928.0,2224.0,10.9599,68.25
215.640,measure,4928.0,2232.0,10.9993,68.19
215.740,measure,4928.0,2248.0,11.0781,68.09
215.840,measure,4928.0,2232.0,10.9993,68.38
215.940,measure,4928.0,2224.0,10.9599,68.25
216.040,measure,4928.0,2224.0,10.9599,68.00
216.140,measure,4928.0,2248.0,11.0781,68.50
216.241,measure,4928.0,2240.0,11.0387,68.16
216.341,measure,4928.0,2232.0,10.9993,68.16
216.441,measure,4928.0,2224.0,10.9599,68.12
216.541,measure,4928.0,2208.0,10.8810,67.94
216.641,measure,4928.0,2240.0,11.0387,68.19
216.741,measure,4928.0,2232.0,10.9993,68.19
216.842,measure,4928.0,2224.0,10.9599,68.19
216.942,measure,4928.0,2216.0,10.9204,68.25
217.042,measure,4928.0,2224.0,10.9599,68.19
217.142,measure,4928.0,2240.0,11.0387,68.47
217.243,measure,4928.0,2232.0,10.9993,68.41
217.343,measure,4928.0,2224.0,10.9599,68.22
217.443,measure,4928.0,2216.0,10.9204,68.00
217.543,measure,4928.0,2240.0,11.0387,68.50
217.643,measure,4928.0,2240.0,11.0387,68.19
217.743,measure,4928.0,2224.0,10.9599,68.09
217.844,measure,4928.0,2216.0,10.9204,68.19
217.944,measure,4928.0,2208.0,10.8810,68.06
218.044,measure,4928.0,2240.0,11.0387,68.12
218.144,measure,4928.0,2232.0,10.9993,68.22
218.244,measure,4928.0,2224.0,10.9599,68.12
218.344,measure,4928.0,2216.0,10.9204,68.25
218.444,measure,4928.0,2224.0,10.9599,68.19
218.544,measure,4928.0,2240.0,11.0387,68.22
218.645,measure,4928.0,2232.0,10.9993,68.44
218.745,measure,4928.0,2216.0,10.9204,68.25
218.845,measure,4928.0,2208.0,10.8810,68.12
218.945,measure,4928.0,2240.0,11.0387,68.41
219.045,measure,4928.0,2232.0,10.9993,68.31
219.145,measure,4928.0,2224.0,10.9599,68.16
219.245,measure,4928.0,2216.0,10.9204,68.41
219.346,measure,4928.0,2208.0,10.8810,68.00
219.446,measure,4928.0,2240.0,11.0387,68.19
219.546,measure,4928.0,2232.0,10.9993,68.16
219.646,measure,4928.0,2224.0,10.9599,68.09
219.746,measure,4928.0,2216.0,10.9204,68.03
219.846,measure,4928.0,2224.0,10.9599,68.16
219.947,measure,4928.0,2240.0,11.0387,68.16
220.047,measure,4928.0,2232.0,10.9993,68.31
220.147,measure,4928.0,2224.0,10.9599,68.22
220.247,measure,4928.0,2216.0,10.9204,68.09
220.347,measure,4928.0,2248.0,11.0781,68.41
220.448,measure,4928.0,2240.0,11.0387,68.38
220.548,measure,4928.0,2224.0,10.9599,68.12
220.648,measure,4928.0,2216.0,10.9204,68.34
220.748,measure,4928.0,2208.0,10.8810,68.22
220.849,measure,4928.0,2240.0,11.0387,68.19
220.949,measure,4928.0,2232.0,10.9993,68.50
221.049,measure,4928.0,2224.0,10.9599,68.19
221.149,measure,4928.0,2216.0,10.9204,68.16
221.249,measure,4928.0,2224.0,10.9599,68.09
221.349,measure,4928.0,2240.0,11.0387,68.19
221.450,measure,4928.0,2232.0,10.9993,68.16
221.550,measure,4928.0,2224.0,10.9599,68.28
221.650,measure,4928.0,2216.0,10.9204,68.09
221.750,measure,4928.0,2248.0,11.0781,68.44
221.851,measure,4928.0,2240.0,11.0387,68.34
221.951,measure,4928.0,2232.0,10.9993,68.22
222.051,measure,4928.0,2224.0,10.9599,68.38
222.151,measure,4928.0,2216.0,10.9204,68.25
222.251,measure,4928.0,2248.0,11.0781,68.19
222.351,measure,4928.0,2240.0,11.0387,68.47
222.452,measure,4928.0,2224.0,10.9599,68.19
222.552,measure,4928.0,2224.0,10.9599,68.09
222.652,measure,4928.0,2224.0,10.9599,68.00
222.752,measure,4928.0,2248.0,11.0781,68.19
222.852,measure,4928.0,2232.0,10.9993,68.16
222.952,measure,4928.0,2224.0,10.9599,68.22
223.053,measure,4928.0,2216.0,10.9204,68.09
223.153,measure,4928.0,2240.0,11.0387,68.41
223.253,measure,4928.0,2240.0,11.0387,68.28
223.353,measure,4928.0,2224.0,10.9599,68.19
223.453,measure,4928.0,2216.0,10.9204,68.34
223.553,measure,4928.0,2216.0,10.9204,68.19
223.654,measure,4928.0,2248.0,11.0781,68.19
223.754,measure,4928.0,2240.0,11.0387,68.44
223.854,measure,4928.0,2224.0,10.9599,68.31
223.954,measure,4928.0,2216.0,10.9204,68.03
224.054,measure,4928.0,2216.0,10.9204,68.50
224.154,measure,4928.0,2240.0,11.0387,68.41
224.254,measure,4928.0,2232.0,10.9993,68.16
224.354,measure,4928.0,2224.0,10.9599,68.16
224.455,measure,4928.0,2216.0,10.9204,68.19
224.555,measure,4928.0,2248.0,11.0781,68.34
224.655,measure,4928.0,2240.0,11.0387,68.34
224.755,measure,4928.0,2232.0,10.9993,68.22
224.855,measure,4928.0,2224.0,10.9599,68.34
224.955,measure,4928.0,2216.0,10.9204,68.22
225.056,measure,4928.0,2248.0,11.0781,68.31
225.156,measure,4928.0,2240.0,11.0387,68.53
225.256,measure,4928.0,2232.0,10.9993,68.38
225.356,measure,4928.0,2224.0,10.9599,68.22
225.456,measure,4928.0,2216.0,10.9204,68.34
225.556,measure,4928.0,2248.0,11.0781,68.47
225.657,measure,4928.0,2232.0,10.9993,68.25
225.757,measure,4928.0,2224.0,10.9599,68.09
225.857,measure,4928.0,2216.0,10.9204,68.38
225.957,measure,4928.0,2232.0,10.9993,68.22
226.058,measure,4928.0,2240.0,11.0387,68.31
226.158,measure,4928.0,2224.0,10.9599,68.19
226.258,measure,4928.0,2216.0,10.9204,68.38
226.358,measure,4928.0,2216.0,10.9204,68.25
226.458,measure,4928.0,2248.0,11.0781,68.31
226.558,measure,4928.0,2240.0,11.0387,68.44
226.659,measure,4928.0,2232.0,10.9993,68.31
226.759,measure,4928.0,2224.0,10.9599,68.19
226.859,measure,4928.0,2208.0,10.8810,68.28
226.959,measure,4928.0,2248.0,11.0781,68.38
227.059,measure,4928.0,2232.0,10.9993,68.31
227.159,measure,4928.0,2224.0,10.9599,68.53
227.259,measure,4928.0,2216.0,10.9204,68.34
227.360,measure,4928.0,2232.0,10.9993,68.19
227.460,measure,4928.0,2248.0,11.0781,68.25
227.560,measure,4928.0,2232.0,10.9993,68.22
227.660,measure,4928.0,2224.0,10.9599,68.19
227.760,measure,4928.0,2216.0,10.9204,68.25
227.860,measure,4928.0,2248.0,11.0781,68.28
227.961,measure,4928.0,2240.0,11.0387,68.22
228.061,measure,4928.0,2232.0,10.9993,68.31
228.161,measure,4928.0,2224.0,10.9599,68.28
228.261,measure,4928.0,2216.0,10.9204,68.34
228.361,measure,4928.0,2248.0,11.0781,68.41
228.462,measure,4928.0,2232.0,10.9993,68.38
228.562,measure,4928.0,2224.0,10.9599,68.47
228.662,measure,4928.0,2224.0,10.9599,68.28
228.762,measure,4928.0,2232.0,10.9993,68.09
228.862,measure,4928.0,2248.0,11.0781,68.22
228.962,measure,4928.0,2232.0,10.9993,68.44
229.062,measure,4928.0,2224.0,10.9599,68.16
229.162,measure,4928.0,2216.0,10.9204,68.16
229.263,measure,4928.0,2248.0,11.0781,68.28
229.363,measure,4928.0,2248.0,11.0781,68.25
229.463,measure,4928.0,2232.0,10.9993,68.22
229.563,measure,4928.0,2224.0,10.9599,68.25
229.663,measure,4928.0,2216.0,10.9204,68.16
229.763,measure,4928.0,2248.0,11.0781,68.41
229.863,measure,4928.0,2240.0,11.0387,68.31
229.964,measure,4928.0,2232.0,10.9993,68.47
230.064,measure,4928.0,2224.0,10.9599,68.34
230.164,measure,4928.0,2224.0,10.9599,68.28
230.264,measure,4928.0,2248.0,11.0781,68.47
230.364,measure,4928.0,2232.0,10.9993,68.41
230.464,measure,4928.0,2224.0,10.9599,68.25
230.564,measure,4928.0,2216.0,10.9204,68.06
230.664,measure,4928.0,2248.0,11.0781,68.50
230.765,measure,4928.0,2240.0,11.0387,68.22
230.865,measure,4928.0,2224.0,10.9599,68.22
230.965,measure,4928.0,2216.0,10.9204,68.50
231.065,measure,4928.0,2208.0,10.8810,68.16
231.165,measure,4928.0,2240.0,11.0387,68.22
231.265,measure,4928.0,2232.0,10.9993,68.34
231.365,measure,4928.0,2224.0,10.9599,68.28
231.465,measure,4928.0,2216.0,10.9204,68.38
231.565,measure,4928.0,2224.0,10.9599,68.25
231.666,measure,4928.0,2240.0,11.0387,68.66
231.766,measure,4928.0,2232.0,10.9993,68.44
231.866,measure,4928.0,2224.0,10.9599,68.41
231.966,measure,4928.0,2216.0,10.9204,68.19
232.066,measure,4928.0,2248.0,11.0781,68.59
232.166,measure,4928.0,2248.0,11.0781,68.44
232.266,measure,4928.0,2232.0,10.9993,68.25
232.366,measure,4928.0,2216.0,10.9204,68.53
232.467,measure,4928.0,2208.0,10.8810,68.34
232.567,measure,4928.0,2248.0,11.0781,68.19
232.667,measure,4928.0,2240.0,11.0387,68.28
232.767,measure,4928.0,2224.0,10.9599,68.34
232.867,measure,4928.0,2224.0,10.9599,68.22
232.967,measure,4928.0,2224.0,10.9599,68.19
233.067,measure,4928.0,2248.0,11.0781,68.31
233.167,measure,4928.0,2232.0,10.9993,68.22
233.268,measure,4928.0,2224.0,10.9599,68.34
233.368,measure,4928.0,2216.0,10.9204,68.28
233.468,measure,4928.0,2240.0,11.0387,68.56
233.568,measure,4928.0,2240.0,11.0387,68.41
233.668,measure,4928.0,2224.0,10.9599,68.34
233.768,measure,4928.0,2224.0,10.9599,68.50
233.868,measure,4928.0,2216.0,10.9204,68.31
233.968,measure,4928.0,2240.0,11.0387,68.28
234.069,measure,4928.0,2232.0,10.9993,68.59
234.169,measure,4928.0,2224.0,10.9599,68.50
234.269,measure,4928.0,2224.0,10.9599,68.19
234.369,measure,4928.0,2224.0,10.9599,68.19
234.469,measure,4928.0,2248.0,11.0781,68.38
234.569,measure,4928.0,2232.0,10.9993,68.31
234.669,measure,4928.0,2216.0,10.9204,68.38
234.769,measure,4928.0,2216.0,10.9204,68.31
234.870,measure,4928.0,2240.0,11.0387,68.31
234.970,measure,4928.0,2240.0,11.0387,68.47
235.070,measure,4928.0,2224.0,10.9599,68.31
235.170,measure,4928.0,2216.0,10.9204,68.47
235.270,measure,4928.0,2216.0,10.9204,68.28
235.370,measure,4928.0,2248.0,11.0781,68.41
235.470,measure,4928.0,2240.0,11.0387,68.50
235.570,measure,4928.0,2232.0,10.9993,68.50
235.671,measure,4928.0,2224.0,10.9599,68.34
235.771,measure,4928.0,2216.0,10.9204,68.16
235.871,measure,4928.0,2248.0,11.0781,68.62
235.971,measure,4928.0,2232.0,10.9993,68.28
236.071,measure,4928.0,2224.0,10.9599,68.22
236.171,measure,4928.0,2224.0,10.9599,68.56
236.271,measure,4928.0,2248.0,11.0781,68.28
236.371,measure,4928.0,2248.0,11.0781,68.25
236.472,measure,4928.0,2232.0,10.9993,68.34
236.572,measure,4928.0,2224.0,10.9599,68.22
236.672,measure,4928.0,2216.0,10.9204,68.28
236.772,measure,4928.0,2248.0,11.0781,68.47
236.872,measure,4928.0,2240.0,11.0387,68.34
236.972,measure,4928.0,2224.0,10.9599,68.44
237.072,measure,4928.0,2224.0,10.9599,68.31
237.172,measure,4928.0,2216.0,10.9204,68.47
237.273,measure,4928.0,2248.0,11.0781,68.56
237.373,measure,4928.0,2232.0,10.9993,68.44
237.473,measure,4928.0,2224.0,10.9599,68.22
237.573,measure,4928.0,2224.0,10.9599,68.44
237.673,measure,4928.0,2240.0,11.0387,68.59
237.773,measure,4928.0,2248.0,11.0781,68.31
237.873,measure,4928.0,2232.0,10.9993,68.69
237.974,measure,4928.0,2224.0,10.9599,68.25
238.074,measure,4928.0,2216.0,10.9204,68.16
238.174,measure,4928.0,2248.0,11.0781,68.41
238.274,measure,4928.0,2240.0,11.0387,68.34
238.374,measure,4928.0,2232.0,10.9993,68.53
238.474,measure,4928.0,2224.0,10.9599,68.41
238.575,measure,4928.0,2216.0,10.9204,68.22
238.675,measure,4928.0,2248.0,11.0781,68.53
238.775,measure,4928.0,2240.0,11.0387,68.47
238.875,measure,4928.0,2232.0,10.9993,68.66
238.975,measure,4928.0,2224.0,10.9599,68.47
239.075,measure,4928.0,2240.0,11.0387,68.41
239.176,measure,4928.0,2248.0,11.0781,68.31
239.276,measure,4928.0,2232.0,10.9993,68.62
239.376,measure,4928.0,2224.0,10.9599,68.25
239.476,measure,4928.0,2216.0,10.9204,68.19
239.576,measure,4928.0,2248.0,11.0781,68.72
239.676,measure,4928.0,2240.0,11.0387,68.38
239.777,measure,4928.0,2232.0,10.9993,68.28
239.877,measure,4928.0,2224.0,10.9599,68.31
239.977,measure,4928.0,2216.0,10.9204,68.19
240.077,measure,4928.0,2248.0,11.0781,68.47
240.177,measure,4928.0,2240.0,11.0387,68.44
240.277,measure,4928.0,2232.0,10.9993,68.34
240.377,measure,4928.0,2224.0,10.9599,68.50
240.477,measure,4928.0,2232.0,10.9993,68.34
240.578,measure,4928.0,2248.0,11.0781,68.34
240.678,measure,4928.0,2240.0,11.0387,68.53
240.778,measure,4928.0,2232.0,10.9993,68.56
240.878,measure,4928.0,2224.0,10.9599,68.19
240.978,measure,4928.0,2248.0,11.0781,68.69
241.078,measure,4928.0,2248.0,11.0781,68.41
241.179,measure,4928.0,2232.0,10.9993,68.34
241.279,measure,4928.0,2224.0,10.9599,68.25
241.379,measure,4928.0,2216.0,10.9204,68.22
241.479,measure,4928.0,2248.0,11.0781,68.38
241.579,measure,4928.0,2248.0,11.0781,68.47
241.679,measure,4928.0,2232.0,10.9993,68.41
241.780,measure,4928.0,2224.0,10.9599,68.59
241.880,measure,4928.0,2216.0,10.9204,68.28
241.980,measure,4928.0,2256.0,11.1176,68.41
242.080,measure,4928.0,2240.0,11.0387,68.56
242.180,measure,4928.0,2232.0,10.9993,68.44
242.280,measure,4928.0,2224.0,10.9599,68.41
242.380,measure,4928.0,2240.0,11.0387,68.56
242.481,measure,4928.0,2248.0,11.0781,68.50
242.581,measure,4928.0,2232.0,10.9993,68.31
242.681,measure,4928.0,2224.0,10.9599,68.66
242.781,measure,4928.0,2224.0,10.9599,68.19
242.882,measure,4928.0,2248.0,11.0781,68.31
242.982,measure,4928.0,2240.0,11.0387,68.47
243.082,measure,4928.0,2232.0,10.9993,68.34
243.182,measure,4928.0,2224.0,10.9599,68.34
243.282,measure,4928.0,2216.0,10.9204,68.41
243.382,measure,4928.0,2248.0,11.0781,68.47
243.483,measure,4928.0,2240.0,11.0387,68.53
243.583,measure,4928.0,2232.0,10.9993,68.47
243.683,measure,4928.0,2224.0,10.9599,68.41
243.783,measure,4928.0,2232.0,10.9993,68.56
243.883,measure,4928.0,2248.0,11.0781,68.59
243.983,measure,4928.0,2240.0,11.0387,68.47
244.083,measure,4928.0,2232.0,10.9993,68.62
244.183,measure,4928.0,2224.0,10.9599,68.53
244.284,measure,4928.0,2248.0,11.0781,68.38
244.384,measure,4928.0,2248.0,11.0781,68.28
244.484,measure,4928.0,2232.0,10.9993,68.72
244.584,measure,4928.0,2224.0,10.9599,68.31
244.684,measure,4928.0,2216.0,10.9204,68.19
244.784,measure,4928.0,2248.0,11.0781,68.44
244.884,measure,4928.0,2248.0,11.0781,68.38
244.984,measure,4928.0,2232.0,10.9993,68.50
245.085,measure,4928.0,2224.0,10.9599,68.38
245.185,measure,4928.0,2224.0,10.9599,68.34
245.285,measure,4928.0,2248.0,11.0781,68.56
245.385,measure,4928.0,2232.0,10.9993,68.44
245.485,measure,4928.0,2224.0,10.9599,68.62
245.585,measure,4928.0,2216.0,10.9204,68.53
245.685,measure,4928.0,2248.0,11.0781,68.53
245.785,measure,4928.0,2248.0,11.0781,68.72
245.885,measure,4928.0,2232.0,10.9993,68.56
245.986,measure,4928.0,2224.0,10.9599,68.31
246.086,measure,4928.0,2216.0,10.9204,68.28
246.186,measure,4928.0,2248.0,11.0781,68.69
246.286,measure,4928.0,2240.0,11.0387,68.41
246.386,measure,4928.0,2232.0,10.9993,68.34
246.486,measure,4928.0,2224.0,10.9599,68.31
246.586,measure,4928.0,2216.0,10.9204,68.28
246.687,measure,4928.0,2240.0,11.0387,68.56
246.787,measure,4928.0,2232.0,10.9993,68.50
246.887,measure,4928.0,2224.0,10.9599,68.41
246.987,measure,4928.0,2216.0,10.9204,68.47
247.087,measure,4928.0,2240.0,11.0387,68.53
247.187,measure,4928.0,2248.0,11.0781,68.78
247.287,measure,4928.0,2232.0,10.9993,68.59
247.387,measure,4928.0,2224.0,10.9599,68.50
247.487,measure,4928.0,2224.0,10.9599,68.31
247.588,measure,4928.0,2256.0,11.1176,68.62
247.688,measure,4928.0,2248.0,11.0781,68.59
247.788,measure,4928.0,2232.0,10.9993,68.34
247.888,measure,4928.0,2240.0,11.0387,68.69
247.988,measure,4928.0,2240.0,11.0387,68.34
248.088,measure,4928.0,2280.0,11.2358,68.38
248.188,measure,4920.0,2304.0,11.3357,68.53
248.289,measure,4920.0,2336.0,11.4931,68.53
248.389,measure,4920.0,2376.0,11.6899,68.66
248.489,measure,4920.0,2408.0,11.8474,68.53
248.589,measure,4920.0,2472.0,12.1622,68.88
248.689,measure,4920.0,2488.0,12.2410,68.81
248.789,measure,4912.0,2504.0,12.2996,68.75
248.889,measure,4920.0,2488.0,12.2410,68.94
248.990,measure,4920.0,2488.0,12.2410,68.69
249.090,measure,4920.0,2464.0,12.1229,68.72
249.190,measure,4920.0,2408.0,11.8474,68.53
249.290,measure,4920.0,2360.0,11.6112,68.78
249.390,measure,4920.0,2328.0,11.4538,68.53
249.490,measure,4920.0,2320.0,11.4144,68.47
249.590,measure,4920.0,2320.0,11.4144,68.88
249.691,measure,4920.0,2296.0,11.2963,68.53
249.791,measure,4928.0,2272.0,11.1964,68.44
249.891,measure,4928.0,2264.0,11.1570,68.47
249.991,measure,4928.0,2280.0,11.2358,68.56
250.091,measure,4928.0,2272.0,11.1964,68.47
250.191,measure,4928.0,2256.0,11.1176,68.66
250.291,measure,4928.0,2240.0,11.0387,68.47
250.392,measure,4928.0,2232.0,10.9993,68.62
250.492,measure,4928.0,2256.0,11.1176,68.59
250.592,measure,4928.0,2248.0,11.0781,68.59
250.692,measure,4928.0,2240.0,11.0387,68.69
250.792,measure,4928.0,2232.0,10.9993,68.56
250.892,measure,4928.0,2224.0,10.9599,68.41
250.992,measure,4928.0,2256.0,11.1176,68.78
251.092,measure,4928.0,2248.0,11.0781,68.69
251.193,measure,4928.0,2232.0,10.9993,68.44
251.293,measure,4928.0,2232.0,10.9993,68.41
251.393,measure,4928.0,2232.0,10.9993,68.38
251.493,measure,4928.0,2264.0,11.1570,68.53
251.593,measure,4928.0,2248.0,11.0781,68.47
251.693,measure,4928.0,2232.0,10.9993,68.50
251.793,measure,4928.0,2232.0,10.9993,68.41
251.894,measure,4928.0,2248.0,11.0781,68.59
251.994,measure,4928.0,2256.0,11.1176,68.59
252.094,measure,4928.0,2240.0,11.0387,68.69
252.194,measure,4928.0,2232.0,10.9993,68.56
252.294,measure,4928.0,2232.0,10.9993,68.50
252.395,measure,4928.0,2256.0,11.1176,68.78
252.495,measure,4928.0,2248.0,11.0781,68.69
252.595,measure,4928.0,2232.0,10.9993,68.56
252.695,measure,4928.0,2224.0,10.9599,68.75
252.795,measure,4928.0,2224.0,10.9599,68.50
252.895,measure,4928.0,2256.0,11.1176,68.50
252.995,measure,4928.0,2248.0,11.0781,68.47
253.096,measure,4928.0,2240.0,11.0387,68.56
253.196,measure,4928.0,2232.0,10.9993,68.44
253.296,measure,4928.0,2224.0,10.9599,68.41
253.396,measure,4928.0,2256.0,11.1176,68.56
253.496,measure,4928.0,2248.0,11.0781,68.69
253.596,measure,4928.0,2232.0,10.9993,68.56
253.696,measure,4928.0,2224.0,10.9599,68.53
253.797,measure,4928.0,2240.0,11.0387,68.62
253.897,measure,4928.0,2256.0,11.1176,68.69
253.997,measure,4928.0,2240.0,11.0387,68.59
254.097,measure,4928.0,2232.0,10.9993,68.72
254.197,measure,4928.0,2224.0,10.9599,68.62
254.297,measure,4928.0,2248.0,11.0781,68.69
254.397,measure,4928.0,2248.0,11.0781,68.47
254.498,measure,4928.0,2232.0,10.9993,68.75
254.598,measure,4928.0,2224.0,10.9599,68.50
254.698,measure,4928.0,2224.0,10.9599,68.34
254.798,measure,4928.0,2248.0,11.0781,68.78
254.898,measure,4928.0,2248.0,11.0781,68.53
254.998,measure,4928.0,2232.0,10.9993,68.66
255.098,measure,4928.0,2224.0,10.9599,68.50
255.198,measure,4928.0,2216.0,10.9204,68.34
255.299,measure,4928.0,2248.0,11.0781,68.72
255.399,measure,4928.0,2240.0,11.0387,68.62
255.499,measure,4928.0,2232.0,10.9993,68.56
255.599,measure,4928.0,2224.0,10.9599,68.69
255.699,measure,4928.0,2232.0,10.9993,68.53
255.799,measure,4928.0,2256.0,11.1176,68.81
255.899,measure,4928.0,2240.0,11.0387,68.69
256.000,measure,4928.0,2232.0,10.9993,68.59
256.100,measure,4928.0,2224.0,10.9599,68.34
256.200,measure,4928.0,2248.0,11.0781,68.78
256.300,measure,4928.0,2256.0,11.1176,68.56
256.400,measure,4928.0,2240.0,11.0387,68.50
256.500,measure,4928.0,2232.0,10.9993,68.78
256.600,measure,4928.0,2224.0,10.9599,68.50
256.700,measure,4928.0,2256.0,11.1176,68.72
256.801,measure,4928.0,2248.0,11.0781,68.50
256.901,measure,4928.0,2232.0,10.9993,68.59
257.001,measure,4928.0,2224.0,10.9599,68.66
257.101,measure,4928.0,2216.0,10.9204,68.41
257.201,measure,4928.0,2256.0,11.1176,68.56
257.301,measure,4928.0,2248.0,11.0781,68.69
257.401,measure,4928.0,2232.0,10.9993,68.62
257.502,measure,4928.0,2232.0,10.9993,68.78
257.602,measure,4928.0,2232.0,10.9993,68.59
257.702,measure,4928.0,2256.0,11.1176,68.69
257.802,measure,4928.0,2240.0,11.0387,68.53
257.902,measure,4928.0,2232.0,10.9993,68.84
258.003,measure,4928.0,2224.0,10.9599,68.38
258.103,measure,4928.0,2248.0,11.0781,68.50
258.203,measure,4928.0,2264.0,11.1570,68.62
258.303,measure,4928.0,2248.0,11.0781,68.62
258.403,measure,4928.0,2232.0,10.9993,68.44
258.503,measure,4928.0,2232.0,10.9993,68.50
258.604,measure,4928.0,2256.0,11.1176,68.53
258.704,measure,4928.0,2248.0,11.0781,68.69
258.804,measure,4928.0,2232.0,10.9993,68.56
258.904,measure,4928.0,2224.0,10.9599,68.53
259.004,measure,4928.0,2224.0,10.9599,68.56
259.104,measure,4928.0,2256.0,11.1176,68.69
259.204,measure,4928.0,2248.0,11.0781,68.56
259.304,measure,4928.0,2240.0,11.0387,68.72
259.405,measure,4928.0,2232.0,10.9993,68.66
259.505,measure,4928.0,2224.0,10.9599,68.34
259.605,measure,4928.0,2256.0,11.1176,68.84
259.705,measure,4928.0,2240.0,11.0387,68.72
259.805,measure,4928.0,2232.0,10.9993,68.53
259.905,measure,4928.0,2224.0,10.9599,68.50
260.005,measure,4928.0,2240.0,11.0387,68.56
260.106,measure,4928.0,2256.0,11.1176,68.53
260.206,measure,4928.0,2240.0,11.0387,68.59
260.306,measure,4928.0,2232.0,10.9993,68.47
260.406,measure,4928.0,2232.0,10.9993,68.69
260.506,measure,4928.0,2256.0,11.1176,68.72
260.606,measure,4928.0,2256.0,11.1176,68.91
260.707,measure,4928.0,2240.0,11.0387,68.72
260.807,measure,4928.0,2232.0,10.9993,68.69
260.907,measure,4928.0,2224.0,10.9599,68.53
261.007,measure,4928.0,2256.0,11.1176,68.84
261.107,measure,4928.0,2248.0,11.0781,68.75
261.207,measure,4928.0,2232.0,10.9993,68.53
261.307,measure,4928.0,2232.0,10.9993,68.75
261.408,measure,4928.0,2232.0,10.9993,68.69
261.508,measure,4928.0,2256.0,11.1176,68.59
261.608,measure,4928.0,2248.0,11.0781,68.62
261.708,measure,4928.0,2232.0,10.9993,68.62
261.808,measure,4928.0,2232.0,10.9993,68.44
261.908,measure,4928.0,2240.0,11.0387,68.62
262.008,measure,4928.0,2256.0,11.1176,68.66
262.109,measure,4928.0,2240.0,11.0387,68.78
262.209,measure,4928.0,2232.0,10.9993,68.62
262.309,measure,4928.0,2232.0,10.9993,68.59
262.409,measure,4928.0,2256.0,11.1176,68.78
262.509,measure,4928.0,2248.0,11.0781,68.69
262.609,measure,4928.0,2232.0,10.9993,68.66
262.709,measure,4928.0,2224.0,10.9599,68.81
262.810,measure,4928.0,2216.0,10.9204,68.66
262.910,measure,4928.0,2248.0,11.0781,68.56
263.010,measure,4928.0,2248.0,11.0781,68.69
263.110,measure,4928.0,2232.0,10.9993,68.62
263.211,measure,4928.0,2224.0,10.9599,68.47
263.311,measure,4928.0,2224.0,10.9599,68.34
263.411,measure,4928.0,2256.0,11.1176,68.69
263.511,measure,4928.0,2248.0,11.0781,68.53
263.611,measure,4928.0,2232.0,10.9993,68.69
263.711,measure,4928.0,2232.0,10.9993,68.50
263.812,measure,4928.0,2240.0,11.0387,68.69
263.912,measure,4928.0,2256.0,11.1176,68.81
264.012,measure,4928.0,2240.0,11.0387,68.69
264.112,measure,4928.0,2232.0,10.9993,68.81
264.212,measure,4928.0,2232.0,10.9993,68.62
264.312,measure,4928.0,2256.0,11.1176,68.69
264.412,measure,4928.0,2256.0,11.1176,68.97
264.513,measure,4928.0,2240.0,11.0387,68.78
264.613,measure,4928.0,2232.0,10.9993,68.56
264.713,measure,4928.0,2224.0,10.9599,68.41
264.813,measure,4928.0,2256.0,11.1176,68.84
264.913,measure,4928.0,2248.0,11.0781,68.62
265.014,measure,4928.0,2232.0,10.9993,68.69
265.114,measure,4928.0,2224.0,10.9599,68.62
265.214,measure,4928.0,2216.0,10.9204,68.38
265.314,measure,4928.0,2248.0,11.0781,68.69
265.414,measure,4928.0,2240.0,11.0387,68.69
265.514,measure,4928.0,2232.0,10.9993,68.75
265.615,measure,4928.0,2224.0,10.9599,68.66
265.715,measure,4928.0,2232.0,10.9993,68.66
265.815,measure,4928.0,2256.0,11.1176,68.91
265.915,measure,4928.0,2240.0,11.0387,68.78
266.015,measure,4928.0,2232.0,10.9993,68.66
266.115,measure,4928.0,2224.0,10.9599,68.38
266.216,measure,4928.0,2248.0,11.0781,68.84
266.316,measure,4928.0,2248.0,11.0781,68.56
266.416,measure,4928.0,2240.0,11.0387,68.59
266.516,measure,4928.0,2232.0,10.9993,68.62
266.616,measure,4928.0,2224.0,10.9599,68.47
266.717,measure,4928.0,2256.0,11.1176,68.69
266.817,measure,4928.0,2248.0,11.0781,68.69
266.917,measure,4928.0,2232.0,10.9993,68.88
267.017,measure,4928.0,2224.0,10.9599,68.69
267.117,measure,4928.0,2216.0,10.9204,68.53
267.217,measure,4928.0,2248.0,11.0781,68.91
267.317,measure,4928.0,2240.0,11.0387,68.72
267.418,measure,4928.0,2232.0,10.9993,68.66
267.518,measure,4928.0,2224.0,10.9599,68.81
267.618,measure,4928.0,2232.0,10.9993,68.69
267.718,measure,4928.0,2256.0,11.1176,68.66
267.818,measure,4928.0,2240.0,11.0387,68.59
267.918,measure,4928.0,2232.0,10.9993,68.81
268.019,measure,4928.0,2224.0,10.9599,68.53
268.119,measure,4928.0,2248.0,11.0781,68.66
268.219,measure,4928.0,2256.0,11.1176,68.75
268.319,measure,4928.0,2240.0,11.0387,68.69
268.419,measure,4928.0,2232.0,10.9993,68.72
268.519,measure,4928.0,2232.0,10.9993,68.56
268.620,measure,4928.0,2256.0,11.1176,68.69
268.720,measure,4928.0,2248.0,11.0781,68.75
268.820,measure,4928.0,2232.0,10.9993,68.69
268.920,measure,4928.0,2224.0,10.9599,68.84
269.020,measure,4928.0,2216.0,10.9204,68.69
269.121,measure,4928.0,2248.0,11.0781,68.59
269.221,measure,4928.0,2240.0,11.0387,68.50
269.321,measure,4928.0,2232.0,10.9993,68.78
269.421,measure,4928.0,2232.0,10.9993,68.66
269.521,measure,4928.0,2224.0,10.9599,68.47
269.622,measure,4928.0,2256.0,11.1176,68.72
269.722,measure,4928.0,2240.0,11.0387,68.66
269.822,measure,4928.0,2232.0,10.9993,68.59
269.922,measure,4928.0,2232.0,10.9993,68.59
270.022,measure,4928.0,2248.0,11.0781,68.69
270.122,measure,4928.0,2264.0,11.1570,68.78
270.223,measure,4928.0,2248.0,11.0781,68.69
270.323,measure,4928.0,2240.0,11.0387,68.78
270.423,measure,4928.0,2232.0,10.9993,68.69
270.523,measure,4928.0,2256.0,11.1176,68.72
270.623,measure,4928.0,2256.0,11.1176,69.00
270.724,measure,4928.0,2240.0,11.0387,68.78
270.824,measure,4928.0,2232.0,10.9993,68.75
270.924,measure,4928.0,2232.0,10.9993,68.50
271.024,measure,4928.0,2256.0,11.1176,68.91
271.124,measure,4928.0,2248.0,11.0781,68.59
271.224,measure,4928.0,2240.0,11.0387,68.59
271.324,measure,4928.0,2224.0,10.9599,68.56
271.425,measure,4928.0,2216.0,10.9204,68.44
271.525,measure,4928.0,2256.0,11.1176,68.66
271.625,measure,4928.0,2248.0,11.0781,68.66
271.725,measure,4928.0,2232.0,10.9993,68.59
271.825,measure,4928.0,2232.0,10.9993,68.69
271.925,measure,4928.0,2240.0,11.0387,68.69
272.025,measure,4928.0,2256.0,11.1176,68.94
272.126,measure,4928.0,2240.0,11.0387,68.78
272.226,measure,4928.0,2232.0,10.9993,68.69
272.326,measure,4928.0,2224.0,10.9599,68.47
272.426,measure,4928.0,2256.0,11.1176,68.84
272.526,measure,4928.0,2256.0,11.1176,68.81
272.627,measure,4928.0,2240.0,11.0387,68.62
272.727,measure,4928.0,2232.0,10.9993,68.84
272.827,measure,4928.0,2224.0,10.9599,68.59
272.927,measure,4928.0,2256.0,11.1176,68.69
273.027,measure,4928.0,2248.0,11.0781,68.69
273.128,measure,4928.0,2240.0,11.0387,68.69
273.228,measure,4928.0,2232.0,10.9993,68.75
273.328,measure,4928.0,2224.0,10.9599,68.56
273.428,measure,4928.0,2256.0,11.1176,68.69
273.528,measure,4928.0,2248.0,11.0781,68.78
273.628,measure,4928.0,2240.0,11.0387,68.69
273.728,measure,4928.0,2232.0,10.9993,68.81
273.829,measure,4928.0,2248.0,11.0781,68.81
273.929,measure,4928.0,2256.0,11.1176,68.84
274.029,measure,4928.0,2248.0,11.0781,68.59
274.129,measure,4928.0,2232.0,10.9993,68.88
274.229,measure,4928.0,2232.0,10.9993,68.62
274.329,measure,4928.0,2256.0,11.1176,68.69
274.430,measure,4928.0,2248.0,11.0781,69.00
274.530,measure,4928.0,2240.0,11.0387,68.69
274.630,measure,4928.0,2232.0,10.9993,68.56
274.730,measure,4928.0,2232.0,10.9993,68.66
274.830,measure,4928.0,2256.0,11.1176,68.69
274.930,measure,4928.0,2248.0,11.0781,68.78
275.030,measure,4928.0,2240.0,11.0387,68.75
275.131,measure,4928.0,2232.0,10.9993,68.66
275.231,measure,4928.0,2224.0,10.9599,68.66
275.331,measure,4928.0,2256.0,11.1176,68.78
275.431,measure,4928.0,2240.0,11.0387,69.03
275.531,measure,4928.0,2232.0,10.9993,68.88
275.631,measure,4928.0,2232.0,10.9993,68.72
275.732,measure,4928.0,2240.0,11.0387,68.53
275.832,measure,4928.0,2256.0,11.1176,69.03
275.932,measure,4928.0,2248.0,11.0781,68.72
276.032,measure,4928.0,2232.0,10.9993,68.62
276.132,measure,4928.0,2232.0,10.9993,68.62
276.233,measure,4928.0,2256.0,11.1176,68.72
276.333,measure,4928.0,2256.0,11.1176,68.72
276.433,measure,4928.0,2240.0,11.0387,68.69
276.533,measure,4928.0,2232.0,10.9993,68.69
276.633,measure,4928.0,2224.0,10.9599,68.75
276.734,measure,4928.0,2256.0,11.1176,68.72
276.834,measure,4928.0,2248.0,11.0781,69.00
276.934,measure,4928.0,2232.0,10.9993,68.81
277.034,measure,4928.0,2232.0,10.9993,68.69
277.134,measure,4928.0,2224.0,10.9599,68.47
277.234,measure,4928.0,2264.0,11.1570,68.88
277.335,measure,4928.0,2248.0,11.0781,68.78
277.435,measure,4928.0,2240.0,11.0387,68.66
277.535,measure,4928.0,2240.0,11.0387,68.94
277.635,measure,4928.0,2240.0,11.0387,68.53
277.735,measure,4928.0,2264.0,11.1570,68.62
277.835,measure,4928.0,2248.0,11.0781,68.72
277.935,measure,4928.0,2240.0,11.0387,68.69
278.036,measure,4928.0,2232.0,10.9993,68.62
278.136,measure,4928.0,2248.0,11.0781,68.75
278.236,measure,4928.0,2256.0,11.1176,68.78
278.336,measure,4928.0,2240.0,11.0387,68.84
278.436,measure,4928.0,2232.0,10.9993,68.69
278.536,measure,4928.0,2224.0,10.9599,68.91
278.636,measure,4928.0,2248.0,11.0781,68.97
278.737,measure,4928.0,2248.0,11.0781,68.72
278.837,measure,4928.0,2232.0,10.9993,68.59
278.937,measure,4928.0,2224.0,10.9599,68.91
279.037,measure,4928.0,2216.0,10.9204,68.72
279.137,measure,4928.0,2256.0,11.1176,68.69
279.237,measure,4928.0,2240.0,11.0387,69.09
279.338,measure,4928.0,2232.0,10.9993,68.75
279.438,measure,4928.0,2232.0,10.9993,68.59
279.538,measure,4928.0,2240.0,11.0387,68.66
279.638,measure,4928.0,2256.0,11.1176,68.69
279.738,measure,4928.0,2248.0,11.0781,68.69
279.839,measure,4928.0,2240.0,11.0387,68.72
279.939,measure,4928.0,2240.0,11.0387,68.69
280.039,measure,4928.0,2248.0,11.0781,68.84
280.139,measure,4928.0,2264.0,11.1570,68.84
280.239,measure,4928.0,2248.0,11.0781,68.78
280.339,measure,4928.0,2240.0,11.0387,68.88
280.440,measure,4928.0,2232.0,10.9993,68.69
280.540,measure,4928.0,2264.0,11.1570,68.66
280.640,measure,4928.0,2256.0,11.1176,69.00
280.740,measure,4928.0,2240.0,11.0387,68.72
280.841,measure,4928.0,2232.0,10.9993,68.62
280.941,measure,4928.0,2232.0,10.9993,68.59
281.041,measure,4928.0,2264.0,11.1570,68.75
281.141,measure,4928.0,2256.0,11.1176,68.72
281.241,measure,4928.0,2240.0,11.0387,68.72
281.342,measure,4928.0,2240.0,11.0387,68.62
281.442,measure,4928.0,2232.0,10.9993,68.75
281.542,measure,4928.0,2256.0,11.1176,68.84
281.642,measure,4928.0,2248.0,11.0781,68.94
281.743,measure,4928.0,2240.0,11.0387,68.94
281.843,measure,4928.0,2240.0,11.0387,68.72
281.943,measure,4928.0,2248.0,11.0781,68.69
282.043,measure,4928.0,2272.0,11.1964,69.00
282.144,measure,4928.0,2256.0,11.1176,68.72
282.244,measure,4928.0,2256.0,11.1176,68.69
282.344,measure,4928.0,2248.0,11.0781,68.97
282.444,measure,4928.0,2256.0,11.1176,68.69
282.545,measure,4928.0,2272.0,11.1964,68.84
282.645,measure,4928.0,2256.0,11.1176,68.81
282.745,measure,4928.0,2240.0,11.0387,68.72
282.845,measure,4928.0,2232.0,10.9993,68.75
282.945,measure,4928.0,2264.0,11.1570,68.75
283.046,measure,4928.0,2256.0,11.1176,69.03
283.146,measure,4928.0,2248.0,11.0781,68.91
283.246,measure,4928.0,2240.0,11.0387,68.78
283.346,measure,4928.0,2232.0,10.9993,68.56
283.446,measure,4928.0,2264.0,11.1570,69.00
283.547,measure,4928.0,2248.0,11.0781,68.69
283.647,measure,4928.0,2240.0,11.0387,68.72
283.747,measure,4928.0,2232.0,10.9993,68.97
283.847,measure,4928.0,2224.0,10.9599,68.53
283.947,measure,4928.0,2256.0,11.1176,68.69
284.048,measure,4928.0,2248.0,11.0781,68.78
284.148,measure,4928.0,2232.0,10.9993,68.72
284.248,measure,4928.0,2224.0,10.9599,68.72
284.348,measure,4928.0,2232.0,10.9993,68.75
284.448,measure,4928.0,2256.0,11.1176,69.03
284.549,measure,4928.0,2248.0,11.0781,68.84
284.649,measure,4928.0,2232.0,10.9993,68.84
284.749,measure,4928.0,2232.0,10.9993,68.97
284.849,measure,4928.0,2248.0,11.0781,68.97
284.949,measure,4928.0,2248.0,11.0781,68.91
285.050,measure,4928.0,2240.0,11.0387,68.69
285.150,measure,4928.0,2232.0,10.9993,68.94
285.250,measure,4928.0,2224.0,10.9599,68.62
285.350,measure,4928.0,2256.0,11.1176,68.72
285.450,measure,4928.0,2248.0,11.0781,68.78
285.550,measure,4928.0,2240.0,11.0387,68.72
285.650,measure,4928.0,2232.0,10.9993,68.78
285.750,measure,4928.0,2224.0,10.9599,68.69
285.851,measure,4928.0,2256.0,11.1176,68.78
285.951,measure,4928.0,2248.0,11.0781,68.88
286.051,measure,4928.0,2232.0,10.9993,68.78
286.151,measure,4928.0,2224.0,10.9599,69.00
286.251,measure,4928.0,2240.0,11.0387,68.81
286.351,measure,4928.0,2264.0,11.1570,68.91
286.451,measure,4928.0,2248.0,11.0781,68.69
286.552,measure,4928.0,2232.0,10.9993,69.00
286.652,measure,4928.0,2232.0,10.9993,68.78
286.752,measure,4928.0,2248.0,11.0781,68.75
286.852,measure,4928.0,2256.0,11.1176,69.03
286.952,measure,4928.0,2240.0,11.0387,68.78
287.052,measure,4928.0,2232.0,10.9993,68.69
287.152,measure,4928.0,2224.0,10.9599,68.78
287.253,measure,4928.0,2256.0,11.1176,68.75
287.353,measure,4928.0,2248.0,11.0781,68.69
287.453,measure,4928.0,2240.0,11.0387,68.78
287.553,measure,4928.0,2232.0,10.9993,68.78
287.653,measure,4928.0,2216.0,10.9204,68.78
287.753,measure,4928.0,2248.0,11.0781,68.78
287.854,measure,4928.0,2240.0,11.0387,69.09
287.954,measure,4928.0,2232.0,10.9993,68.94
288.054,measure,4928.0,2232.0,10.9993,68.81
288.154,measure,4928.0,2240.0,11.0387,68.78
288.254,measure,4928.0,2264.0,11.1570,69.09
288.354,measure,4928.0,2248.0,11.0781,68.91
288.454,measure,4928.0,2232.0,10.9993,68.69
288.555,measure,4928.0,2232.0,10.9993,69.00
288.655,measure,4928.0,2248.0,11.0781,68.81
288.755,measure,4928.0,2256.0,11.1176,68.78
288.855,measure,4928.0,2240.0,11.0387,68.81
288.956,measure,4928.0,2232.0,10.9993,68.72
289.056,measure,4928.0,2232.0,10.9993,68.81
289.156,measure,4928.0,2256.0,11.1176,68.84
289.256,measure,4928.0,2248.0,11.0781,68.78
289.356,measure,4928.0,2232.0,10.9993,68.94
289.456,measure,4928.0,2224.0,10.9599,68.88
289.556,measure,4928.0,2224.0,10.9599,68.97
289.657,measure,4928.0,2256.0,11.1176,68.94
289.757,measure,4928.0,2248.0,11.0781,68.84
289.857,measure,4928.0,2240.0,11.0387,68.72
289.957,measure,4928.0,2232.0,10.9993,69.00
290.057,measure,4928.0,2232.0,10.9993,68.81
290.157,measure,4928.0,2256.0,11.1176,68.78
290.257,measure,4928.0,2248.0,11.0781,68.69
290.358,measure,4928.0,2232.0,10.9993,68.81
290.458,measure,4928.0,2232.0,10.9993,68.69
290.558,measure,4928.0,2248.0,11.0781,68.78
290.658,measure,4928.0,2256.0,11.1176,68.81
290.758,measure,4928.0,2248.0,11.0781,68.78
290.858,measure,4928.0,2232.0,10.9993,68.81
290.958,measure,4928.0,2232.0,10.9993,68.75
291.058,measure,4928.0,2256.0,11.1176,69.03
291.159,measure,4928.0,2248.0,11.0781,68.91
291.259,measure,4928.0,2240.0,11.0387,68.88
291.359,measure,4928.0,2232.0,10.9993,68.97
291.459,measure,4928.0,2224.0,10.9599,68.81
291.559,measure,4928.0,2256.0,11.1176,68.88
291.659,measure,4928.0,2248.0,11.0781,69.16
291.759,measure,4928.0,2232.0,10.9993,69.03
291.859,measure,4928.0,2224.0,10.9599,68.66
291.960,measure,4928.0,2232.0,10.9993,68.69
292.060,measure,4928.0,2256.0,11.1176,69.03
292.160,measure,4928.0,2240.0,11.0387,68.75
292.260,measure,4928.0,2232.0,10.9993,68.72
292.360,measure,4928.0,2232.0,10.9993,68.69
292.460,measure,4928.0,2240.0,11.0387,68.84
292.560,measure,4928.0,2256.0,11.1176,68.88
292.661,measure,4928.0,2240.0,11.0387,68.84
292.761,measure,4928.0,2224.0,10.9599,68.94
292.861,measure,4928.0,2224.0,10.9599,68.84
292.961,measure,4928.0,2256.0,11.1176,68.94
293.061,measure,4928.0,2248.0,11.0781,69.06
293.161,measure,4928.0,2240.0,11.0387,69.00
293.261,measure,4928.0,2232.0,10.9993,68.84
293.362,measure,4928.0,2224.0,10.9599,69.00
293.462,measure,4928.0,2256.0,11.1176,69.03
293.562,measure,4928.0,2248.0,11.0781,68.84
293.662,measure,4928.0,2240.0,11.0387,68.81
293.762,measure,4928.0,2240.0,11.0387,69.03
293.862,measure,4928.0,2232.0,10.9993,68.69
293.962,measure,4928.0,2264.0,11.1570,68.81
294.062,measure,4928.0,2248.0,11.0781,68.84
294.163,measure,4928.0,2232.0,10.9993,68.88
294.263,measure,4928.0,2232.0,10.9993,68.91
294.363,measure,4928.0,2248.0,11.0781,68.94
294.463,measure,4928.0,2256.0,11.1176,69.06
294.563,measure,4928.0,2248.0,11.0781,68.91
294.663,measure,4928.0,2232.0,10.9993,68.88
294.763,measure,4928.0,2232.0,10.9993,69.00
294.864,measure,4928.0,2256.0,11.1176,68.97
294.964,measure,4928.0,2248.0,11.0781,68.94
295.064,measure,4928.0,2232.0,10.9993,68.72
295.164,measure,4928.0,2224.0,10.9599,69.06
295.264,measure,4928.0,2216.0,10.9204,68.75
295.364,measure,4928.0,2256.0,11.1176,68.81
295.465,measure,4928.0,2248.0,11.0781,69.16
295.565,measure,4928.0,2232.0,10.9993,68.75
295.665,measure,4928.0,2224.0,10.9599,68.69
295.765,measure,4928.0,2224.0,10.9599,68.69
295.865,measure,4928.0,2248.0,11.0781,68.84
295.965,measure,4928.0,2240.0,11.0387,68.94
296.065,measure,4928.0,2240.0,11.0387,68.84
296.166,measure,4928.0,2232.0,10.9993,68.81
296.266,measure,4928.0,2248.0,11.0781,68.94
296.366,measure,4928.0,2256.0,11.1176,68.94
296.466,measure,4928.0,2248.0,11.0781,69.16
296.567,measure,4928.0,2240.0,11.0387,68.88
296.667,measure,4928.0,2232.0,10.9993,68.94
296.767,measure,4928.0,2256.0,11.1176,68.78
296.867,measure,4928.0,2256.0,11.1176,69.09
296.967,measure,4928.0,2240.0,11.0387,68.78
297.067,measure,4928.0,2232.0,10.9993,68.78
297.167,measure,4928.0,2224.0,10.9599,69.06
297.267,measure,4928.0,2256.0,11.1176,68.84
297.368,measure,4928.0,2248.0,11.0781,68.84
297.468,measure,4928.0,2232.0,10.9993,68.81
297.568,measure,4928.0,2232.0,10.9993,68.78
297.668,measure,4928.0,2224.0,10.9599,68.78
297.768,measure,4928.0,2256.0,11.1176,68.94
297.868,measure,4928.0,2248.0,11.0781,68.94
297.968,measure,4928.0,2240.0,11.0387,69.09
298.069,measure,4928.0,2232.0,10.9993,68.94
298.169,measure,4928.0,2248.0,11.0781,68.75
298.269,measure,4928.0,2264.0,11.1570,69.12
298.369,measure,4928.0,2248.0,11.0781,69.03
298.469,measure,4928.0,2240.0,11.0387,68.81
298.569,measure,4928.0,2232.0,10.9993,69.06
298.669,measure,4928.0,2264.0,11.1570,69.00
298.770,measure,4928.0,2256.0,11.1176,68.88
298.870,measure,4928.0,2240.0,11.0387,68.75
298.970,measure,4928.0,2232.0,10.9993,68.84
299.070,measure,4928.0,2224.0,10.9599,68.62
299.170,measure,4928.0,2256.0,11.1176,68.94
299.270,measure,4928.0,2248.0,11.0781,68.97
299.370,measure,4928.0,2232.0,10.9993,68.84
299.471,measure,4928.0,2232.0,10.9993,68.88
299.571,measure,4928.0,2224.0,10.9599,68.78
299.671,measure,4928.0,2256.0,11.1176,69.09
299.771,measure,4928.0,2240.0,11.0387,68.97
299.871,measure,4928.0,2232.0,10.9993,68.84
299.971,measure,4928.0,2224.0,10.9599,69.06
300.071,measure,4928.0,2240.0,11.0387,69.06
300.171,measure,4928.0,2256.0,11.1176,68.78
300.272,measure,4928.0,2240.0,11.0387,69.16
300.372,measure,4928.0,2232.0,10.9993,69.09
300.472,measure,4928.0,2224.0,10.9599,68.78
300.572,measure,4928.0,2256.0,11.1176,68.81
300.672,measure,4928.0,2248.0,11.0781,68.94
300.772,measure,4928.0,2232.0,10.9993,68.84
300.872,measure,4928.0,2224.0,10.9599,68.84
300.972,measure,4928.0,2216.0,10.9204,68.84
301.073,measure,4928.0,2248.0,11.0781,68.94
301.173,measure,4928.0,2240.0,11.0387,69.03
301.273,measure,4928.0,2232.0,10.9993,68.88
301.373,measure,4928.0,2224.0,10.9599,69.09
301.473,measure,4928.0,2232.0,10.9993,68.84
301.573,measure,4928.0,2256.0,11.1176,68.94
301.673,measure,4928.0,2240.0,11.0387,69.19
301.774,measure,4928.0,2232.0,10.9993,69.00
301.874,measure,4928.0,2232.0,10.9993,68.97
301.974,measure,4928.0,2248.0,11.0781,68.75
302.074,measure,4928.0,2256.0,11.1176,69.12
302.174,measure,4928.0,2240.0,11.0387,68.91
302.274,measure,4928.0,2232.0,10.9993,68.78
302.374,measure,4928.0,2232.0,10.9993,69.09
302.474,measure,4928.0,2256.0,11.1176,68.91
302.575,measure,4928.0,2248.0,11.0781,68.91
302.675,measure,4928.0,2240.0,11.0387,68.88
302.775,measure,4928.0,2232.0,10.9993,68.84
302.875,measure,4928.0,2216.0,10.9204,68.88
302.975,measure,4928.0,2256.0,11.1176,68.91
303.075,measure,4928.0,2240.0,11.0387,69.12
303.175,measure,4928.0,2232.0,10.9993,69.09
303.276,measure,4928.0,2232.0,10.9993,68.88
303.376,measure,4928.0,2240.0,11.0387,69.12
303.476,measure,4928.0,2256.0,11.1176,69.16
303.576,measure,4928.0,2248.0,11.0781,69.06
303.676,measure,4928.0,2232.0,10.9993,68.81
303.776,measure,4928.0,2232.0,10.9993,69.09
303.876,measure,4928.0,2256.0,11.1176,69.12
303.976,measure,4928.0,2256.0,11.1176,68.81
304.077,measure,4928.0,2240.0,11.0387,69.19
304.177,measure,4928.0,2232.0,10.9993,68.91
304.277,measure,4928.0,2232.0,10.9993,68.72
304.377,measure,4928.0,2256.0,11.1176,68.94
304.477,measure,4928.0,2248.0,11.0781,68.88
304.577,measure,4928.0,2240.0,11.0387,68.97
304.677,measure,4928.0,2232.0,10.9993,68.88
304.778,measure,4928.0,2224.0,10.9599,69.06
304.878,measure,4928.0,2256.0,11.1176,69.06
304.978,measure,4928.0,2248.0,11.0781,69.00
305.078,measure,4928.0,2232.0,10.9993,68.84
305.178,measure,4928.0,2232.0,10.9993,69.03
305.278,measure,4928.0,2240.0,11.0387,69.03
305.378,measure,4928.0,2264.0,11.1570,68.88
305.479,measure,4928.0,2248.0,11.0781,69.22
305.579,measure,4928.0,2240.0,11.0387,68.88
305.679,measure,4928.0,2232.0,10.9993,68.75
305.779,measure,4928.0,2256.0,11.1176,68.88
305.879,measure,4928.0,2256.0,11.1176,69.00
305.979,measure,4928.0,2240.0,11.0387,68.88
306.079,measure,4928.0,2232.0,10.9993,68.94
306.179,measure,4928.0,2224.0,10.9599,68.84
306.280,measure,4928.0,2256.0,11.1176,68.97
306.380,measure,4928.0,2248.0,11.0781,69.00
306.480,measure,4928.0,2240.0,11.0387,68.94
306.580,measure,4928.0,2232.0,10.9993,69.06
306.680,measure,4928.0,2224.0,10.9599,68.78
306.780,measure,4928.0,2256.0,11.1176,69.00
306.880,measure,4928.0,2248.0,11.0781,69.25
306.980,measure,4928.0,2240.0,11.0387,69.03
307.081,measure,4928.0,2232.0,10.9993,68.84
307.181,measure,4928.0,2240.0,11.0387,69.16
307.281,measure,4928.0,2256.0,11.1176,69.12
307.381,measure,4928.0,2248.0,11.0781,68.91
307.481,measure,4928.0,2232.0,10.9993,68.84
307.581,measure,4928.0,2232.0,10.9993,68.94
307.681,measure,4928.0,2256.0,11.1176,68.88
307.782,measure,4928.0,2256.0,11.1176,69.00
307.882,measure,4928.0,2240.0,11.0387,68.91
307.982,measure,4928.0,2232.0,10.9993,68.91
308.082,measure,4928.0,2224.0,10.9599,68.94
308.182,measure,4928.0,2256.0,11.1176,69.03
308.282,measure,4928.0,2248.0,11.0781,69.16
308.382,measure,4928.0,2240.0,11.0387,69.03
308.482,measure,4928.0,2232.0,10.9993,69.00
308.583,measure,4928.0,2224.0,10.9599,69.06
308.683,measure,4928.0,2256.0,11.1176,69.16
308.783,measure,4928.0,2248.0,11.0781,69.03
308.883,measure,4928.0,2240.0,11.0387,68.88
308.983,measure,4928.0,2232.0,10.9993,69.03
309.083,measure,4928.0,2240.0,11.0387,68.84
309.183,measure,4928.0,2256.0,11.1176,68.91
309.283,measure,4928.0,2240.0,11.0387,69.16
309.384,measure,4928.0,2232.0,10.9993,68.91
309.484,measure,4928.0,2232.0,10.9993,68.81
309.584,measure,4928.0,2256.0,11.1176,69.00
309.684,measure,4928.0,2256.0,11.1176,69.00
309.784,measure,4928.0,2240.0,11.0387,69.03
309.884,measure,4928.0,2232.0,10.9993,68.97
309.984,measure,4928.0,2224.0,10.9599,68.81
310.085,measure,4928.0,2256.0,11.1176,69.09
310.185,measure,4928.0,2248.0,11.0781,69.06
310.285,measure,4928.0,2240.0,11.0387,69.22
310.385,measure,4928.0,2232.0,10.9993,69.06
310.485,measure,4928.0,2224.0,10.9599,68.88
310.585,measure,4928.0,2256.0,11.1176,68.94
310.685,measure,4928.0,2248.0,11.0781,69.19
310.785,measure,4928.0,2240.0,11.0387,68.91
310.886,measure,4928.0,2240.0,11.0387,68.84
310.986,measure,4928.0,2240.0,11.0387,69.16
311.086,measure,4928.0,2256.0,11.1176,68.91
311.186,measure,4928.0,2248.0,11.0781,69.00
311.286,measure,4928.0,2240.0,11.0387,69.03
311.386,measure,4928.0,2240.0,11.0387,68.88
311.486,measure,4928.0,2256.0,11.1176,68.88
311.587,measure,4928.0,2272.0,11.1964,69.12
311.687,measure,4928.0,2256.0,11.1176,68.97
311.787,measure,4928.0,2240.0,11.0387,69.12
311.887,measure,4928.0,2232.0,10.9993,68.94
311.987,measure,4928.0,2256.0,11.1176,69.25
312.087,measure,4928.0,2256.0,11.1176,69.16
312.187,measure,4928.0,2240.0,11.0387,69.16
312.287,measure,4928.0,2232.0,10.9993,68.84
312.388,measure,4928.0,2224.0,10.9599,69.03
312.488,measure,4928.0,2256.0,11.1176,69.12
312.588,measure,4928.0,2248.0,11.0781,68.91
312.688,measure,4928.0,2240.0,11.0387,68.94
312.788,measure,4928.0,2232.0,10.9993,68.91
312.888,measure,4928.0,2216.0,10.9204,68.75
312.988,measure,4928.0,2256.0,11.1176,69.06
313.088,measure,4928.0,2248.0,11.0781,68.94
313.189,measure,4928.0,2240.0,11.0387,68.88
313.289,measure,4928.0,2232.0,10.9993,69.00
313.389,measure,4928.0,2240.0,11.0387,68.97
313.489,measure,4928.0,2256.0,11.1176,69.16
313.589,measure,4928.0,2248.0,11.0781,69.12
313.689,measure,4928.0,2240.0,11.0387,68.94
313.789,measure,4928.0,2232.0,10.9993,69.16
313.889,measure,4928.0,2256.0,11.1176,69.09
313.990,measure,4928.0,2256.0,11.1176,68.94
314.090,measure,4928.0,2248.0,11.0781,69.25
314.190,measure,4928.0,2232.0,10.9993,69.12
314.290,measure,4928.0,2232.0,10.9993,68.84
314.390,measure,4928.0,2256.0,11.1176,68.94
314.490,measure,4928.0,2248.0,11.0781,69.00
314.590,measure,4928.0,2240.0,11.0387,68.88
314.691,measure,4928.0,2232.0,10.9993,69.06
314.791,measure,4928.0,2224.0,10.9599,68.91
314.891,measure,4928.0,2256.0,11.1176,69.00
314.991,measure,4928.0,2248.0,11.0781,69.09
315.091,measure,4928.0,2240.0,11.0387,68.94
315.191,measure,4928.0,2232.0,10.9993,69.06
315.291,measure,4928.0,2240.0,11.0387,68.94
315.391,measure,4928.0,2264.0,11.1570,69.12
315.492,measure,4928.0,2248.0,11.0781,69.28
315.592,measure,4928.0,2240.0,11.0387,69.12
315.692,measure,4928.0,2232.0,10.9993,69.03
315.792,measure,4928.0,2248.0,11.0781,69.19
315.892,measure,4928.0,2256.0,11.1176,69.16
315.992,measure,4928.0,2240.0,11.0387,68.94
316.092,measure,4928.0,2232.0,10.9993,68.88
316.193,measure,4928.0,2224.0,10.9599,69.16
316.293,measure,4928.0,2256.0,11.1176,68.97
316.393,measure,4928.0,2248.0,11.0781,68.97
316.493,measure,4928.0,2232.0,10.9993,68.94
316.593,measure,4928.0,2224.0,10.9599,68.97
316.693,measure,4928.0,2216.0,10.9204,68.97
316.793,measure,4928.0,2248.0,11.0781,69.06
316.893,measure,4928.0,2240.0,11.0387,68.97
316.994,measure,4928.0,2232.0,10.9993,69.12
317.094,measure,4928.0,2224.0,10.9599,68.97
317.194,measure,4928.0,2240.0,11.0387,69.16
317.294,measure,4928.0,2264.0,11.1570,69.19
317.394,measure,4928.0,2248.0,11.0781,69.09
317.494,measure,4928.0,2240.0,11.0387,68.88
317.594,measure,4928.0,2232.0,10.9993,69.12
317.694,measure,4928.0,2256.0,11.1176,69.16
317.795,measure,4928.0,2256.0,11.1176,68.97
317.895,measure,4928.0,2240.0,11.0387,69.22
317.995,measure,4928.0,2232.0,10.9993,68.88
318.095,measure,4928.0,2224.0,10.9599,68.84
318.195,measure,4928.0,2256.0,11.1176,69.12
318.295,measure,4928.0,2248.0,11.0781,68.97
318.395,measure,4928.0,2240.0,11.0387,68.97
318.495,measure,4928.0,2232.0,10.9993,68.97
318.596,measure,4928.0,2216.0,10.9204,68.81
318.696,measure,4928.0,2256.0,11.1176,69.16
318.796,measure,4928.0,2248.0,11.0781,69.06
318.896,measure,4928.0,2240.0,11.0387,69.00
318.996,measure,4928.0,2232.0,10.9993,69.12
319.096,measure,4928.0,2240.0,11.0387,69.03
319.196,measure,4928.0,2264.0,11.1570,69.16
319.296,measure,4928.0,2248.0,11.0781,69.22
319.397,measure,4928.0,2240.0,11.0387,69.12
319.497,measure,4928.0,2232.0,10.9993,68.81
319.597,measure,4928.0,2248.0,11.0781,69.38
319.697,measure,4928.0,2256.0,11.1176,69.03
319.797,measure,4928.0,2240.0,11.0387,68.91
319.897,measure,4928.0,2232.0,10.9993,68.88
319.997,measure,4928.0,2232.0,10.9993,68.88
320.097,measure,4928.0,2256.0,11.1176,68.91
320.198,measure,4928.0,2248.0,11.0781,69.12
320.298,measure,4928.0,2240.0,11.0387,69.00
320.398,measure,4928.0,2232.0,10.9993,69.09
320.498,measure,4928.0,2224.0,10.9599,69.03
320.598,measure,4928.0,2256.0,11.1176,69.09
320.698,measure,4928.0,2248.0,11.0781,69.22
320.798,measure,4928.0,2240.0,11.0387,69.12
320.898,measure,4928.0,2232.0,10.9993,69.03
320.999,measure,4928.0,2240.0,11.0387,69.12
321.099,measure,4928.0,2264.0,11.1570,69.16
321.199,measure,4928.0,2248.0,11.0781,68.97
321.299,measure,4928.0,2232.0,10.9993,68.94
321.399,measure,4928.0,2232.0,10.9993,69.03
321.499,measure,4928.0,2248.0,11.0781,68.97
321.599,measure,4928.0,2256.0,11.1176,68.97
321.700,measure,4928.0,2240.0,11.0387,69.03
321.800,measure,4928.0,2232.0,10.9993,69.03
321.900,measure,4928.0,2224.0,10.9599,68.97
322.000,measure,4928.0,2256.0,11.1176,69.03
322.100,measure,4928.0,2248.0,11.0781,69.06
322.200,measure,4928.0,2240.0,11.0387,69.16
322.300,measure,4928.0,2224.0,10.9599,69.03
322.400,measure,4928.0,2224.0,10.9599,69.09
322.501,measure,4928.0,2256.0,11.1176,69.19
322.601,measure,4928.0,2240.0,11.0387,69.16
322.701,measure,4928.0,2232.0,10.9993,69.25
322.801,measure,4928.0,2224.0,10.9599,69.09
322.901,measure,4928.0,2232.0,10.9993,69.09
323.001,measure,4928.0,2256.0,11.1176,69.00
323.101,measure,4928.0,2240.0,11.0387,69.22
323.202,measure,4928.0,2232.0,10.9993,68.97
323.302,measure,4928.0,2224.0,10.9599,68.88
323.402,measure,4928.0,2256.0,11.1176,69.09
323.502,measure,4928.0,2248.0,11.0781,69.09
323.602,measure,4928.0,2240.0,11.0387,69.09
323.702,measure,4928.0,2224.0,10.9599,68.97
323.802,measure,4928.0,2224.0,10.9599,68.81
323.902,measure,4928.0,2248.0,11.0781,69.12
324.003,measure,4928.0,2240.0,11.0387,69.09
324.103,measure,4928.0,2232.0,10.9993,69.06
324.203,measure,4928.0,2224.0,10.9599,69.16
324.303,measure,4928.0,2224.0,10.9599,68.97
324.403,measure,4928.0,2256.0,11.1176,68.97
324.503,measure,4928.0,2240.0,11.0387,69.28
324.603,measure,4928.0,2232.0,10.9993,69.16
324.703,measure,4928.0,2224.0,10.9599,68.84
324.804,measure,4928.0,2248.0,11.0781,69.25
324.904,measure,4928.0,2256.0,11.1176,69.06
325.004,measure,4928.0,2240.0,11.0387,68.91
325.104,measure,4928.0,2224.0,10.9599,68.94
325.204,measure,4928.0,2224.0,10.9599,68.91
325.304,measure,4928.0,2248.0,11.0781,69.16
325.404,measure,4928.0,2240.0,11.0387,69.06
325.504,measure,4928.0,2232.0,10.9993,69.09
325.605,measure,4928.0,2224.0,10.9599,69.12
325.705,measure,4928.0,2216.0,10.9204,68.88
325.805,measure,4928.0,2256.0,11.1176,69.09
325.905,measure,4928.0,2240.0,11.0387,69.19
326.005,measure,4928.0,2232.0,10.9993,69.16
326.105,measure,4928.0,2224.0,10.9599,69.00
326.205,measure,4928.0,2240.0,11.0387,69.22
326.306,measure,4928.0,2256.0,11.1176,69.16
326.406,measure,4928.0,2240.0,11.0387,68.88
326.506,measure,4928.0,2232.0,10.9993,69.22
326.606,measure,4928.0,2232.0,10.9993,69.09
326.706,measure,4928.0,2256.0,11.1176,68.94
326.806,measure,4928.0,2248.0,11.0781,68.91
326.906,measure,4928.0,2240.0,11.0387,69.09
327.006,measure,4928.0,2232.0,10.9993,68.97
327.107,measure,4928.0,2224.0,10.9599,68.97
327.207,measure,4928.0,2256.0,11.1176,69.03
327.307,measure,4928.0,2248.0,11.0781,69.16
327.407,measure,4928.0,2232.0,10.9993,69.03
327.507,measure,4928.0,2224.0,10.9599,68.97
327.607,measure,4928.0,2232.0,10.9993,69.12
327.707,measure,4928.0,2256.0,11.1176,69.19
327.807,measure,4928.0,2248.0,11.0781,69.12
327.908,measure,4928.0,2240.0,11.0387,69.31
328.008,measure,4928.0,2232.0,10.9993,69.09
328.108,measure,4928.0,2256.0,11.1176,69.16
328.208,measure,4928.0,2256.0,11.1176,68.97
328.308,measure,4928.0,2248.0,11.0781,69.25
328.408,measure,4928.0,2232.0,10.9993,69.00
328.508,measure,4928.0,2224.0,10.9599,68.84
328.609,measure,4928.0,2256.0,11.1176,69.03
328.709,measure,4928.0,2248.0,11.0781,69.06
328.809,measure,4928.0,2232.0,10.9993,69.12
328.909,measure,4928.0,2224.0,10.9599,68.91
329.009,measure,4928.0,2216.0,10.9204,68.91
329.109,measure,4928.0,2256.0,11.1176,69.12
329.209,measure,4928.0,2240.0,11.0387,69.03
329.309,measure,4928.0,2232.0,10.9993,69.25
329.410,measure,4928.0,2224.0,10.9599,69.06
329.510,measure,4928.0,2232.0,10.9993,69.12
329.610,measure,4928.0,2248.0,11.0781,69.31
329.710,measure,4928.0,2240.0,11.0387,69.25
329.810,measure,4928.0,2232.0,10.9993,69.06
329.910,measure,4928.0,2232.0,10.9993,68.84
330.010,measure,4928.0,2256.0,11.1176,69.31
330.111,measure,4928.0,2248.0,11.0781,69.03
330.211,measure,4928.0,2232.0,10.9993,69.03
330.311,measure,4928.0,2224.0,10.9599,68.94
330.411,measure,4928.0,2216.0,10.9204,68.88
330.511,measure,4928.0,2248.0,11.0781,69.03
330.611,measure,4928.0,2240.0,11.0387,69.09
330.711,measure,4928.0,2232.0,10.9993,69.00
330.812,measure,4928.0,2224.0,10.9599,69.12
330.912,measure,4928.0,2224.0,10.9599,68.94
331.012,measure,4928.0,2256.0,11.1176,69.12
331.112,measure,4928.0,2240.0,11.0387,69.12
331.212,measure,4928.0,2232.0,10.9993,69.06
331.312,measure,4928.0,2224.0,10.9599,68.88
331.412,measure,4928.0,2248.0,11.0781,69.22
331.512,measure,4928.0,2256.0,11.1176,69.22
331.613,measure,4928.0,2240.0,11.0387,68.97
331.713,measure,4928.0,2232.0,10.9993,69.22
331.813,measure,4928.0,2224.0,10.9599,69.00
331.913,measure,4928.0,2256.0,11.1176,69.03
332.013,measure,4928.0,2248.0,11.0781,69.12
332.113,measure,4928.0,2232.0,10.9993,69.03
332.213,measure,4928.0,2224.0,10.9599,69.12
332.314,measure,4928.0,2224.0,10.9599,69.00
332.414,measure,4928.0,2256.0,11.1176,69.06
332.514,measure,4928.0,2248.0,11.0781,69.16
332.614,measure,4928.0,2248.0,11.0781,69.03
332.714,measure,4928.0,2240.0,11.0387,69.03
332.814,measure,4928.0,2232.0,10.9993,69.00
332.914,measure,4928.0,2264.0,11.1570,69.16
333.014,measure,4928.0,2256.0,11.1176,69.06
333.115,measure,4928.0,2240.0,11.0387,69.22
333.215,measure,4928.0,2232.0,10.9993,69.12
333.315,measure,4928.0,2248.0,11.0781,68.97
333.415,measure,4928.0,2256.0,11.1176,69.44
333.515,measure,4928.0,2248.0,11.0781,69.00
333.615,measure,4928.0,2232.0,10.9993,69.03
333.715,measure,4928.0,2224.0,10.9599,68.91
333.816,measure,4928.0,2256.0,11.1176,69.12
333.916,measure,4928.0,2248.0,11.0781,69.06
334.016,measure,4928.0,2240.0,11.0387,69.12
334.116,measure,4928.0,2224.0,10.9599,69.00
334.216,measure,4928.0,2224.0,10.9599,69.06
334.316,measure,4928.0,2256.0,11.1176,69.22
334.416,measure,4928.0,2248.0,11.0781,69.16
334.517,measure,4928.0,2232.0,10.9993,69.22
334.617,measure,4928.0,2224.0,10.9599,69.12
334.717,measure,4928.0,2224.0,10.9599,69.00
334.817,measure,4928.0,2256.0,11.1176,69.28
334.917,measure,4928.0,2240.0,11.0387,69.19
335.018,measure,4928.0,2232.0,10.9993,69.03
335.118,measure,4928.0,2232.0,10.9993,68.88
335.218,measure,4928.0,2248.0,11.0781,69.28
335.318,measure,4928.0,2256.0,11.1176,69.09
335.418,measure,4928.0,2248.0,11.0781,69.12
335.518,measure,4928.0,2240.0,11.0387,69.06
335.618,measure,4928.0,2232.0,10.9993,68.94
335.719,measure,4928.0,2264.0,11.1570,69.16
335.819,measure,4928.0,2256.0,11.1176,69.12
335.919,measure,4928.0,2240.0,11.0387,69.28
336.019,measure,4928.0,2232.0,10.9993,69.09
336.119,measure,4928.0,2224.0,10.9599,68.94
336.219,measure,4928.0,2256.0,11.1176,69.31
336.320,measure,4928.0,2248.0,11.0781,69.16
336.420,measure,4928.0,2232.0,10.9993,69.09
336.520,measure,4928.0,2224.0,10.9599,69.34
336.620,measure,4928.0,2232.0,10.9993,69.19
336.720,measure,4928.0,2256.0,11.1176,69.06
336.820,measure,4928.0,2248.0,11.0781,68.97
336.921,measure,4928.0,2232.0,10.9993,69.12
337.021,measure,4928.0,2232.0,10.9993,68.94
337.121,measure,4928.0,2248.0,11.0781,69.06
337.221,measure,4928.0,2264.0,11.1570,69.12
337.321,measure,4928.0,2248.0,11.0781,69.00
337.421,measure,4928.0,2240.0,11.0387,69.12
337.522,measure,4928.0,2232.0,10.9993,68.91
337.622,measure,4928.0,2256.0,11.1176,69.25
337.722,measure,4928.0,2248.0,11.0781,69.22
337.822,measure,4928.0,2240.0,11.0387,69.06
337.922,measure,4928.0,2224.0,10.9599,69.28
338.022,measure,4928.0,2224.0,10.9599,69.09
338.122,measure,4928.0,2256.0,11.1176,69.16
338.223,measure,4928.0,2248.0,11.0781,69.44
338.323,measure,4928.0,2240.0,11.0387,69.25
338.423,measure,4928.0,2232.0,10.9993,68.97
338.523,measure,4928.0,2232.0,10.9993,68.91
338.623,measure,4928.0,2256.0,11.1176,69.12
338.723,measure,4928.0,2248.0,11.0781,69.00
338.824,measure,4928.0,2232.0,10.9993,69.16
338.924,measure,4928.0,2224.0,10.9599,69.03
339.024,measure,4928.0,2248.0,11.0781,69.06
339.124,measure,4928.0,2256.0,11.1176,69.19
339.224,measure,4928.0,2240.0,11.0387,69.16
339.325,measure,4928.0,2232.0,10.9993,69.28
339.425,measure,4928.0,2224.0,10.9599,69.12
339.525,measure,4928.0,2256.0,11.1176,69.16
339.625,measure,4928.0,2248.0,11.0781,69.34
339.725,measure,4928.0,2232.0,10.9993,69.25
339.826,measure,4928.0,2224.0,10.9599,69.09
339.926,measure,4928.0,2224.0,10.9599,68.84
340.026,measure,4928.0,2256.0,11.1176,69.34
340.126,measure,4928.0,2248.0,11.0781,69.03
340.226,measure,4928.0,2240.0,11.0387,69.03
340.326,measure,4928.0,2232.0,10.9993,69.00
340.426,measure,4928.0,2240.0,11.0387,69.00
340.527,measure,4920.0,2264.0,11.1389,69.16
340.627,measure,4928.0,2248.0,11.0781,69.09
340.727,measure,4928.0,2240.0,11.0387,69.00
340.827,measure,4928.0,2232.0,10.9993,69.12
340.927,measure,4928.0,2256.0,11.1176,69.16
341.027,measure,4928.0,2256.0,11.1176,69.38
341.128,measure,4928.0,2240.0,11.0387,69.22
341.228,measure,4928.0,2232.0,10.9993,69.16
341.328,measure,4928.0,2224.0,10.9599,69.31
341.428,measure,4920.0,2256.0,11.0995,69.31
341.528,measure,4928.0,2248.0,11.0781,69.06
341.628,measure,4928.0,2232.0,10.9993,69.12
341.728,measure,4928.0,2232.0,10.9993,69.31
341.829,measure,4928.0,2224.0,10.9599,68.91
341.929,measure,4928.0,2256.0,11.1176,69.03
342.029,measure,4928.0,2240.0,11.0387,69.12
342.129,measure,4928.0,2232.0,10.9993,69.06
342.229,measure,4928.0,2224.0,10.9599,69.12
342.329,measure,4928.0,2240.0,11.0387,69.12
342.429,measure,4928.0,2256.0,11.1176,69.16
342.529,measure,4928.0,2248.0,11.0781,69.25
342.630,measure,4928.0,2240.0,11.0387,69.16
342.730,measure,4928.0,2232.0,10.9993,69.22
342.830,measure,4928.0,2256.0,11.1176,69.22
342.930,measure,4928.0,2264.0,11.1570,69.25
343.030,measure,4928.0,2248.0,11.0781,68.94
343.130,measure,4928.0,2240.0,11.0387,69.25
343.230,measure,4928.0,2232.0,10.9993,69.06
343.331,measure,4928.0,2264.0,11.1570,69.09
343.431,measure,4928.0,2256.0,11.1176,69.47
343.531,measure,4928.0,2240.0,11.0387,69.09
343.631,measure,4928.0,2232.0,10.9993,69.00
343.731,measure,4928.0,2216.0,10.9204,69.00
343.832,measure,4928.0,2256.0,11.1176,69.06
343.932,measure,4928.0,2240.0,11.0387,69.25
344.032,measure,4928.0,2232.0,10.9993,69.16
344.132,measure,4928.0,2224.0,10.9599,68.97
344.232,measure,4928.0,2240.0,11.0387,69.12
344.333,measure,4928.0,2256.0,11.1176,69.19
344.433,measure,4928.0,2248.0,11.0781,69.44
344.533,measure,4928.0,2232.0,10.9993,69.19
344.633,measure,4928.0,2224.0,10.9599,69.09
344.733,measure,4928.0,2256.0,11.1176,69.12
344.833,measure,4928.0,2256.0,11.1176,69.34
344.933,measure,4928.0,2240.0,11.0387,69.16
345.034,measure,4928.0,2232.0,10.9993,69.00
345.134,measure,4928.0,2224.0,10.9599,69.25
345.234,measure,4928.0,2256.0,11.1176,69.06
345.334,measure,4928.0,2248.0,11.0781,69.03
345.434,measure,4928.0,2240.0,11.0387,69.12
345.534,measure,4928.0,2232.0,10.9993,69.03
345.634,measure,4928.0,2224.0,10.9599,69.06
345.735,measure,4928.0,2256.0,11.1176,69.22
345.835,measure,4928.0,2248.0,11.0781,69.09
345.935,measure,4928.0,2232.0,10.9993,69.16
346.035,measure,4928.0,2232.0,10.9993,69.12
346.135,measure,4928.0,2240.0,11.0387,69.19
346.236,measure,4928.0,2264.0,11.1570,69.31
346.336,measure,4928.0,2256.0,11.1176,69.19
346.436,measure,4928.0,2240.0,11.0387,69.06
346.536,measure,4928.0,2232.0,10.9993,69.28
346.636,measure,4928.0,2256.0,11.1176,69.28
346.736,measure,4928.0,2256.0,11.1176,69.06
346.836,measure,4928.0,2240.0,11.0387,69.16
346.937,measure,4928.0,2232.0,10.9993,69.03
347.037,measure,4928.0,2224.0,10.9599,68.91
347.137,measure,4928.0,2256.0,11.1176,69.16
347.237,measure,4928.0,2248.0,11.0781,69.16
347.337,measure,4928.0,2240.0,11.0387,69.25
347.437,measure,4928.0,2232.0,10.9993,69.16
347.537,measure,4928.0,2224.0,10.9599,69.22
347.638,measure,4928.0,2256.0,11.1176,69.38
347.738,measure,4928.0,2240.0,11.0387,69.22
347.838,measure,4928.0,2232.0,10.9993,69.09
347.938,measure,4928.0,2232.0,10.9993,69.25
348.039,measure,4928.0,2248.0,11.0781,69.19
348.139,measure,4928.0,2264.0,11.1570,69.09
348.239,measure,4928.0,2248.0,11.0781,69.38
348.339,measure,4928.0,2240.0,11.0387,69.09
348.439,measure,4928.0,2232.0,10.9993,69.00
348.539,measure,4920.0,2256.0,11.0995,69.16
348.640,measure,4928.0,2256.0,11.1176,69.16
348.740,measure,4928.0,2240.0,11.0387,69.06
348.840,measure,4928.0,2232.0,10.9993,69.19
348.940,measure,4928.0,2224.0,10.9599,68.97
349.040,measure,4928.0,2256.0,11.1176,69.31
349.141,measure,4928.0,2248.0,11.0781,69.25
349.241,measure,4928.0,2232.0,10.9993,69.16
349.341,measure,4928.0,2224.0,10.9599,69.25
349.441,measure,4928.0,2224.0,10.9599,69.12
349.541,measure,4928.0,2256.0,11.1176,69.19
349.641,measure,4928.0,2248.0,11.0781,69.41
349.741,measure,4928.0,2240.0,11.0387,69.31
349.841,measure,4928.0,2232.0,10.9993,69.00
349.942,measure,4928.0,2240.0,11.0387,68.94
350.042,measure,4928.0,2264.0,11.1570,69.16
350.142,measure,4928.0,2248.0,11.0781,69.12
350.242,measure,4928.0,2240.0,11.0387,69.12
350.342,measure,4928.0,2232.0,10.9993,69.03
350.443,measure,4928.0,2264.0,11.1570,69.12
350.543,measure,4928.0,2256.0,11.1176,69.28
350.643,measure,4928.0,2240.0,11.0387,69.16
350.743,measure,4928.0,2240.0,11.0387,69.25
350.843,measure,4928.0,2232.0,10.9993,69.16
350.943,measure,4928.0,2256.0,11.1176,69.19
351.043,measure,4928.0,2248.0,11.0781,69.38
351.144,measure,4928.0,2240.0,11.0387,69.25
351.244,measure,4928.0,2232.0,10.9993,69.06
351.344,measure,4928.0,2224.0,10.9599,69.25
351.444,measure,4928.0,2256.0,11.1176,69.41
351.544,measure,4928.0,2248.0,11.0781,69.03
351.644,measure,4928.0,2232.0,10.9993,69.06
351.744,measure,4928.0,2232.0,10.9993,69.12
351.845,measure,4928.0,2240.0,11.0387,69.09
351.945,measure,4928.0,2256.0,11.1176,69.12
352.045,measure,4928.0,2240.0,11.0387,69.06
352.145,measure,4928.0,2224.0,10.9599,69.16
352.245,measure,4928.0,2224.0,10.9599,69.16
352.346,measure,4928.0,2248.0,11.0781,69.19
352.446,measure,4928.0,2248.0,11.0781,69.38
352.546,measure,4928.0,2232.0,10.9993,69.31
352.646,measure,4928.0,2224.0,10.9599,69.12
352.746,measure,4928.0,2224.0,10.9599,69.25
352.846,measure,4928.0,2256.0,11.1176,69.34
352.946,measure,4928.0,2248.0,11.0781,69.12
353.047,measure,4928.0,2232.0,10.9993,69.16
353.147,measure,4928.0,2224.0,10.9599,69.16
353.247,measure,4928.0,2224.0,10.9599,68.97
353.347,measure,4928.0,2256.0,11.1176,69.06
353.447,measure,4928.0,2248.0,11.0781,69.06
353.547,measure,4928.0,2240.0,11.0387,69.03
353.647,measure,4928.0,2232.0,10.9993,69.09
353.748,measure,4928.0,2248.0,11.0781,69.12
353.848,measure,4928.0,2256.0,11.1176,69.31
353.948,measure,4928.0,2248.0,11.0781,69.22
354.048,measure,4928.0,2240.0,11.0387,69.16
354.149,measure,4928.0,2232.0,10.9993,69.25
354.249,measure,4928.0,2256.0,11.1176,69.28
354.349,measure,4928.0,2248.0,11.0781,69.16
354.449,measure,4928.0,2240.0,11.0387,69.34
354.550,measure,4928.0,2232.0,10.9993,69.31
354.650,measure,4928.0,2224.0,10.9599,68.94
354.750,measure,4928.0,2256.0,11.1176,69.03
354.850,measure,4928.0,2248.0,11.0781,69.16
354.950,measure,4928.0,2240.0,11.0387,69.06
355.051,measure,4928.0,2232.0,10.9993,69.12
355.151,measure,4928.0,2224.0,10.9599,69.06
355.251,measure,4928.0,2256.0,11.1176,69.16
355.351,measure,4928.0,2248.0,11.0781,69.19
355.451,measure,4928.0,2232.0,10.9993,69.12
355.551,measure,4928.0,2232.0,10.9993,69.25
355.651,measure,4928.0,2240.0,11.0387,69.19
355.751,measure,4928.0,2264.0,11.1570,69.22
355.852,measure,4928.0,2256.0,11.1176,69.31
355.952,measure,4928.0,2240.0,11.0387,69.22
356.052,measure,4928.0,2240.0,11.0387,69.09
356.152,measure,4928.0,2256.0,11.1176,69.53
356.252,measure,4928.0,2264.0,11.1570,69.38
356.352,measure,4928.0,2248.0,11.0781,69.03
356.452,measure,4928.0,2232.0,10.9993,69.03
356.553,measure,4928.0,2232.0,10.9993,69.09
356.653,measure,4928.0,2264.0,11.1570,69.16
356.753,measure,4928.0,2256.0,11.1176,69.25
356.854,measure,4928.0,2240.0,11.0387,69.16
356.954,measure,4928.0,2232.0,10.9993,69.09
357.054,measure,4928.0,2224.0,10.9599,69.06
357.154,measure,4928.0,2256.0,11.1176,69.16
357.254,measure,4928.0,2248.0,11.0781,69.28
357.354,measure,4928.0,2240.0,11.0387,69.34
357.455,measure,4928.0,2232.0,10.9993,69.12
357.555,measure,4928.0,2232.0,10.9993,69.25
357.655,measure,4928.0,2264.0,11.1570,69.31
357.755,measure,4928.0,2248.0,11.0781,69.09
357.855,measure,4928.0,2240.0,11.0387,69.03
357.955,measure,4928.0,2232.0,10.9993,69.22
358.055,measure,4928.0,2248.0,11.0781,69.09
358.156,measure,4928.0,2256.0,11.1176,69.16
358.256,measure,4928.0,2248.0,11.0781,69.06
358.356,measure,4928.0,2232.0,10.9993,69.09
358.456,measure,4928.0,2232.0,10.9993,69.16
358.557,measure,4928.0,2256.0,11.1176,69.12
358.657,measure,4928.0,2248.0,11.0781,69.41
358.757,measure,4928.0,2240.0,11.0387,69.28
358.857,measure,4928.0,2232.0,10.9993,69.16
358.958,measure,4928.0,2224.0,10.9599,69.31
359.058,measure,4928.0,2256.0,11.1176,69.34
359.158,measure,4928.0,2248.0,11.0781,69.12
359.259,measure,4928.0,2232.0,10.9993,69.44
359.359,measure,4928.0,2232.0,10.9993,69.09
359.459,measure,4928.0,2216.0,10.9204,68.88
359.559,measure,4928.0,2256.0,11.1176,69.16
359.659,measure,4928.0,2248.0,11.0781,69.12
359.759,measure,4928.0,2240.0,11.0387,69.06
359.860,measure,4928.0,2232.0,10.9993,69.16
359.960,measure,4928.0,2240.0,11.0387,69.09
360.060,measure,4928.0,2264.0,11.1570,69.38
360.160,measure,4928.0,2256.0,11.1176,69.25
360.260,measure,4928.0,2240.0,11.0387,69.12
360.361,measure,4928.0,2232.0,10.9993,69.31
360.461,measure,4928.0,2256.0,11.1176,69.28
