t_rel_s,phase,mv,ma,watt,temp_max_c
0.000,warmup,4976.0,1152.0,5.7324,58.91
0.100,warmup,4976.0,1112.0,5.5333,58.84
0.200,warmup,4984.0,1072.0,5.3428,58.88
0.301,warmup,4984.0,1032.0,5.1435,58.81
0.401,warmup,4976.0,1120.0,5.5731,58.81
0.501,warmup,4976.0,1232.0,6.1304,58.75
0.601,warmup,4968.0,1312.0,6.5180,58.75
0.701,warmup,4968.0,1400.0,6.9552,58.81
0.801,warmup,4968.0,1440.0,7.1539,59.00
0.902,warmup,4960.0,1496.0,7.4202,59.06
1.002,warmup,4960.0,1520.0,7.5392,58.94
1.102,warmup,4960.0,1568.0,7.7773,59.00
1.202,warmup,4960.0,1592.0,7.8963,58.81
1.302,warmup,4960.0,1600.0,7.9360,58.88
1.402,warmup,4960.0,1640.0,8.1344,59.03
1.502,warmup,4960.0,1632.0,8.0947,58.84
1.603,warmup,4952.0,1648.0,8.1609,58.84
1.703,warmup,4952.0,1648.0,8.1609,58.84
1.803,warmup,4952.0,1648.0,8.1609,59.03
1.903,warmup,4952.0,1664.0,8.2401,58.97
2.004,warmup,4952.0,1648.0,8.1609,58.94
2.104,warmup,4952.0,1680.0,8.3194,58.94
2.204,warmup,4952.0,1704.0,8.4382,59.03
2.304,warmup,4952.0,1704.0,8.4382,58.97
2.404,warmup,4952.0,1696.0,8.3986,59.00
2.504,warmup,4952.0,1728.0,8.5571,59.03
2.604,warmup,4952.0,1728.0,8.5571,59.00
2.705,warmup,4952.0,1720.0,8.5174,59.12
2.805,warmup,4952.0,1720.0,8.5174,59.06
2.905,warmup,4952.0,1744.0,8.6363,59.06
3.005,warmup,4952.0,1752.0,8.6759,59.00
3.105,warmup,4952.0,1752.0,8.6759,59.22
3.205,warmup,4952.0,1736.0,8.5967,58.94
3.305,warmup,4952.0,1752.0,8.6759,58.97
3.406,warmup,4952.0,1768.0,8.7551,59.06
3.506,warmup,4952.0,1760.0,8.7155,58.94
3.606,warmup,4952.0,1736.0,8.5967,59.28
3.706,warmup,4952.0,1752.0,8.6759,59.12
3.806,warmup,4952.0,1752.0,8.6759,59.06
3.906,warmup,4952.0,1736.0,8.5967,59.12
4.006,warmup,4952.0,1736.0,8.5967,59.12
4.106,warmup,4952.0,1752.0,8.6759,59.06
4.207,warmup,4952.0,1744.0,8.6363,59.34
4.307,warmup,4952.0,1728.0,8.5571,59.16
4.407,warmup,4952.0,1736.0,8.5967,59.06
4.507,warmup,4952.0,1752.0,8.6759,59.41
4.607,warmup,4952.0,1744.0,8.6363,59.31
4.707,warmup,4952.0,1720.0,8.5174,59.19
4.807,warmup,4952.0,1744.0,8.6363,59.19
4.908,warmup,4952.0,1752.0,8.6759,59.16
5.008,warmup,4952.0,1744.0,8.6363,59.12
5.108,warmup,4952.0,1728.0,8.5571,59.03
5.208,warmup,4952.0,1752.0,8.6759,59.09
5.308,warmup,4952.0,1744.0,8.6363,59.06
5.408,warmup,4952.0,1728.0,8.5571,59.09
5.508,warmup,4952.0,1744.0,8.6363,59.22
5.608,warmup,4952.0,1744.0,8.6363,59.38
5.709,warmup,4952.0,1744.0,8.6363,59.28
5.809,warmup,4952.0,1720.0,8.5174,59.19
5.909,warmup,4952.0,1744.0,8.6363,59.41
6.009,warmup,4952.0,1744.0,8.6363,59.41
6.109,warmup,4952.0,1736.0,8.5967,59.12
6.209,warmup,4952.0,1728.0,8.5571,59.41
6.309,warmup,4952.0,1752.0,8.6759,59.47
6.410,warmup,4952.0,1744.0,8.6363,59.28
6.510,warmup,4952.0,1728.0,8.5571,59.25
6.610,warmup,4952.0,1744.0,8.6363,59.38
6.710,warmup,4952.0,1752.0,8.6759,59.25
6.810,warmup,4952.0,1736.0,8.5967,59.22
6.910,warmup,4952.0,1720.0,8.5174,59.28
7.011,warmup,4952.0,1744.0,8.6363,59.25
7.111,warmup,4952.0,1736.0,8.5967,59.31
7.211,warmup,4952.0,1720.0,8.5174,59.19
7.312,warmup,4952.0,1736.0,8.5967,59.47
7.412,warmup,4952.0,1744.0,8.6363,59.47
7.512,warmup,4952.0,1728.0,8.5571,59.41
7.612,warmup,4952.0,1728.0,8.5571,59.41
7.712,warmup,4952.0,1744.0,8.6363,59.50
7.812,warmup,4952.0,1736.0,8.5967,59.22
7.912,warmup,4952.0,1712.0,8.4778,59.31
8.013,warmup,4952.0,1736.0,8.5967,59.38
8.113,warmup,4952.0,1736.0,8.5967,59.25
8.214,warmup,4952.0,1728.0,8.5571,59.34
8.314,warmup,4952.0,1728.0,8.5571,59.50
8.414,warmup,4952.0,1752.0,8.6759,59.41
8.514,warmup,4952.0,1744.0,8.6363,59.44
8.614,warmup,4952.0,1736.0,8.5967,59.34
8.714,warmup,4952.0,1744.0,8.6363,59.50
8.814,warmup,4952.0,1760.0,8.7155,59.50
8.914,warmup,4952.0,1752.0,8.6759,59.44
9.015,warmup,4952.0,1736.0,8.5967,59.44
9.115,warmup,4952.0,1752.0,8.6759,59.47
9.215,warmup,4952.0,1760.0,8.7155,59.50
9.315,warmup,4952.0,1752.0,8.6759,59.66
9.415,warmup,4952.0,1736.0,8.5967,59.47
9.515,warmup,4952.0,1760.0,8.7155,59.41
9.615,warmup,4952.0,1760.0,8.7155,59.41
9.716,warmup,4952.0,1752.0,8.6759,59.56
9.816,warmup,4952.0,1736.0,8.5967,59.41
9.916,warmup,4952.0,1752.0,8.6759,59.50
10.016,warmup,4952.0,1752.0,8.6759,59.47
10.116,warmup,4952.0,1744.0,8.6363,59.56
10.216,warmup,4952.0,1736.0,8.5967,59.50
10.316,warmup,4952.0,1760.0,8.7155,59.81
10.416,warmup,4952.0,1752.0,8.6759,59.69
10.517,warmup,4952.0,1744.0,8.6363,59.50
10.617,warmup,4952.0,1736.0,8.5967,59.44
10.717,warmup,4952.0,1760.0,8.7155,59.81
10.817,warmup,4952.0,1752.0,8.6759,59.59
10.917,warmup,4952.0,1736.0,8.5967,59.50
11.017,warmup,4952.0,1744.0,8.6363,59.72
11.117,warmup,4952.0,1760.0,8.7155,59.72
11.217,warmup,4952.0,1752.0,8.6759,59.56
11.318,warmup,4952.0,1728.0,8.5571,59.44
11.418,warmup,4952.0,1752.0,8.6759,59.69
11.518,warmup,4952.0,1760.0,8.7155,59.47
11.618,warmup,4952.0,1760.0,8.7155,59.56
11.718,warmup,4952.0,1736.0,8.5967,59.44
11.819,warmup,4952.0,1752.0,8.6759,59.50
11.919,warmup,4952.0,1760.0,8.7155,59.72
12.019,warmup,4952.0,1752.0,8.6759,59.59
12.119,warmup,4952.0,1736.0,8.5967,59.56
12.219,warmup,4952.0,1752.0,8.6759,59.66
12.319,warmup,4952.0,1752.0,8.6759,59.66
12.419,warmup,4952.0,1744.0,8.6363,59.84
12.520,warmup,4952.0,1736.0,8.5967,59.62
12.620,warmup,4952.0,1760.0,8.7155,59.72
12.720,warmup,4952.0,1760.0,8.7155,59.56
12.820,warmup,4952.0,1744.0,8.6363,59.66
12.920,warmup,4952.0,1744.0,8.6363,59.62
13.020,warmup,4952.0,1760.0,8.7155,59.59
13.120,warmup,4952.0,1752.0,8.6759,59.94
13.221,warmup,4952.0,1736.0,8.5967,59.62
13.321,warmup,4952.0,1752.0,8.6759,59.53
13.421,warmup,4952.0,1760.0,8.7155,59.72
13.521,warmup,4952.0,1752.0,8.6759,59.56
13.621,warmup,4952.0,1736.0,8.5967,59.62
13.721,warmup,4952.0,1752.0,8.6759,59.75
13.821,warmup,4952.0,1760.0,8.7155,59.69
13.921,warmup,4952.0,1752.0,8.6759,59.84
14.022,warmup,4952.0,1736.0,8.5967,59.62
14.122,warmup,4952.0,1752.0,8.6759,59.88
14.222,warmup,4952.0,1760.0,8.7155,59.94
14.322,warmup,4952.0,1752.0,8.6759,59.81
14.422,warmup,4952.0,1736.0,8.5967,59.53
14.522,warmup,4952.0,1760.0,8.7155,59.91
14.622,warmup,4952.0,1768.0,8.7551,59.88
14.723,warmup,4952.0,1752.0,8.6759,59.72
14.823,warmup,4952.0,1744.0,8.6363,59.88
14.924,warmup,4952.0,1760.0,8.7155,59.75
15.024,warmup,4952.0,1760.0,8.7155,59.78
15.124,warmup,4952.0,1752.0,8.6759,59.69
15.224,warmup,4952.0,1736.0,8.5967,59.81
15.325,warmup,4952.0,1760.0,8.7155,59.88
15.425,warmup,4952.0,1760.0,8.7155,59.91
15.525,warmup,4952.0,1744.0,8.6363,59.94
15.625,warmup,4952.0,1744.0,8.6363,59.91
15.725,warmup,4952.0,1760.0,8.7155,59.91
15.825,warmup,4952.0,1752.0,8.6759,59.78
15.925,warmup,4952.0,1736.0,8.5967,59.84
16.025,warmup,4952.0,1744.0,8.6363,59.81
16.126,warmup,4952.0,1752.0,8.6759,59.66
16.226,warmup,4952.0,1752.0,8.6759,60.03
16.326,warmup,4952.0,1728.0,8.5571,59.66
16.426,warmup,4952.0,1752.0,8.6759,59.69
16.526,warmup,4952.0,1760.0,8.7155,59.84
16.626,warmup,4952.0,1752.0,8.6759,59.81
16.726,warmup,4952.0,1736.0,8.5967,59.88
16.827,warmup,4952.0,1752.0,8.6759,59.81
16.927,warmup,4952.0,1752.0,8.6759,59.81
17.027,warmup,4952.0,1736.0,8.5967,59.91
17.127,warmup,4952.0,1736.0,8.5967,59.78
17.227,warmup,4952.0,1752.0,8.6759,60.12
17.327,warmup,4952.0,1752.0,8.6759,60.03
17.428,warmup,4952.0,1736.0,8.5967,59.81
17.528,warmup,4952.0,1736.0,8.5967,59.97
17.628,warmup,4952.0,1760.0,8.7155,60.19
17.728,warmup,4952.0,1752.0,8.6759,60.03
17.828,warmup,4952.0,1744.0,8.6363,59.81
17.928,warmup,4952.0,1744.0,8.6363,60.12
18.028,warmup,4952.0,1760.0,8.7155,59.88
18.129,warmup,4952.0,1752.0,8.6759,59.81
18.229,warmup,4952.0,1736.0,8.5967,59.84
18.329,warmup,4952.0,1752.0,8.6759,60.00
18.429,warmup,4952.0,1760.0,8.7155,60.00
18.529,warmup,4952.0,1752.0,8.6759,59.97
18.629,warmup,4952.0,1736.0,8.5967,59.88
18.729,warmup,4952.0,1752.0,8.6759,59.97
18.830,warmup,4952.0,1760.0,8.7155,60.09
18.930,warmup,4952.0,1752.0,8.6759,59.94
19.030,warmup,4952.0,1728.0,8.5571,59.94
19.130,warmup,4952.0,1752.0,8.6759,60.12
19.230,warmup,4952.0,1760.0,8.7155,59.91
19.331,warmup,4952.0,1752.0,8.6759,60.03
19.431,warmup,4952.0,1736.0,8.5967,60.06
19.531,warmup,4952.0,1760.0,8.7155,59.97
19.631,warmup,4952.0,1752.0,8.6759,59.91
19.731,warmup,4952.0,1744.0,8.6363,59.94
19.831,warmup,4952.0,1736.0,8.5967,59.91
19.932,warmup,4952.0,1760.0,8.7155,59.97
20.032,warmup,4952.0,1744.0,8.6363,59.94
20.132,warmup,4952.0,1728.0,8.5571,59.97
20.232,warmup,4952.0,1744.0,8.6363,60.09
20.332,warmup,4952.0,1752.0,8.6759,60.06
20.433,warmup,4952.0,1728.0,8.5571,60.03
20.533,warmup,4952.0,1728.0,8.5571,59.97
20.633,warmup,4952.0,1752.0,8.6759,60.09
20.733,warmup,4952.0,1736.0,8.5967,60.19
20.833,warmup,4952.0,1720.0,8.5174,60.03
20.935,warmup,4952.0,1744.0,8.6363,59.97
21.035,warmup,4952.0,1736.0,8.5967,60.31
21.135,warmup,4952.0,1720.0,8.5174,59.91
21.235,warmup,4952.0,1736.0,8.5967,60.09
21.335,warmup,4952.0,1744.0,8.6363,60.19
21.435,warmup,4952.0,1736.0,8.5967,60.12
21.535,warmup,4952.0,1728.0,8.5571,60.03
21.636,warmup,4952.0,1752.0,8.6759,60.09
21.736,warmup,4952.0,1736.0,8.5967,60.03
21.836,warmup,4952.0,1720.0,8.5174,60.06
21.936,warmup,4952.0,1744.0,8.6363,60.12
22.036,warmup,4952.0,1744.0,8.6363,60.09
22.136,warmup,4952.0,1736.0,8.5967,60.16
22.236,warmup,4952.0,1728.0,8.5571,60.22
22.336,warmup,4952.0,1752.0,8.6759,60.12
22.437,warmup,4952.0,1736.0,8.5967,60.28
22.537,warmup,4952.0,1720.0,8.5174,60.09
22.638,warmup,4952.0,1744.0,8.6363,60.09
22.738,warmup,4952.0,1744.0,8.6363,60.12
22.838,warmup,4952.0,1728.0,8.5571,60.19
22.938,warmup,4952.0,1736.0,8.5967,60.03
23.038,warmup,4952.0,1752.0,8.6759,60.28
23.139,warmup,4952.0,1736.0,8.5967,60.09
23.239,warmup,4952.0,1728.0,8.5571,60.19
23.339,warmup,4952.0,1752.0,8.6759,60.31
23.439,warmup,4952.0,1736.0,8.5967,60.19
23.539,warmup,4952.0,1712.0,8.4778,60.19
23.639,warmup,4952.0,1736.0,8.5967,60.22
23.739,warmup,4952.0,1736.0,8.5967,60.12
23.839,warmup,4952.0,1728.0,8.5571,60.28
23.940,warmup,4952.0,1736.0,8.5967,60.25
24.040,warmup,4952.0,1744.0,8.6363,60.28
24.140,warmup,4952.0,1736.0,8.5967,60.38
24.240,warmup,4952.0,1720.0,8.5174,60.22
24.340,warmup,4952.0,1744.0,8.6363,60.31
24.440,warmup,4952.0,1736.0,8.5967,60.25
24.540,warmup,4952.0,1720.0,8.5174,60.03
24.641,warmup,4952.0,1744.0,8.6363,60.19
24.741,warmup,4952.0,1744.0,8.6363,60.28
24.841,warmup,4952.0,1728.0,8.5571,60.12
24.941,warmup,4952.0,1728.0,8.5571,60.31
25.041,warmup,4952.0,1744.0,8.6363,60.44
25.141,warmup,4952.0,1736.0,8.5967,60.25
25.241,warmup,4952.0,1720.0,8.5174,60.19
25.343,warmup,4952.0,1744.0,8.6363,60.41
25.443,warmup,4952.0,1744.0,8.6363,60.22
25.543,warmup,4952.0,1728.0,8.5571,60.41
25.643,warmup,4952.0,1736.0,8.5967,60.16
25.743,warmup,4952.0,1744.0,8.6363,60.25
25.843,warmup,4952.0,1736.0,8.5967,60.31
25.944,warmup,4952.0,1720.0,8.5174,60.19
26.044,warmup,4952.0,1744.0,8.6363,60.34
26.144,warmup,4952.0,1736.0,8.5967,60.31
26.244,warmup,4952.0,1720.0,8.5174,60.25
26.344,warmup,4952.0,1736.0,8.5967,60.34
26.444,warmup,4952.0,1744.0,8.6363,60.44
26.544,warmup,4952.0,1728.0,8.5571,60.28
26.644,warmup,4952.0,1728.0,8.5571,60.34
26.745,warmup,4952.0,1752.0,8.6759,60.44
26.845,warmup,4952.0,1736.0,8.5967,60.38
26.945,warmup,4952.0,1720.0,8.5174,60.41
27.045,warmup,4952.0,1744.0,8.6363,60.38
27.146,warmup,4952.0,1744.0,8.6363,60.31
27.246,warmup,4952.0,1736.0,8.5967,60.53
27.346,warmup,4952.0,1736.0,8.5967,60.31
27.446,warmup,4952.0,1760.0,8.7155,60.41
27.546,warmup,4952.0,1752.0,8.6759,60.34
27.646,warmup,4952.0,1736.0,8.5967,60.28
27.746,warmup,4952.0,1744.0,8.6363,60.28
27.847,warmup,4952.0,1760.0,8.7155,60.44
27.947,warmup,4952.0,1752.0,8.6759,60.41
28.047,warmup,4952.0,1736.0,8.5967,60.41
28.147,warmup,4952.0,1752.0,8.6759,60.41
28.247,warmup,4952.0,1760.0,8.7155,60.41
28.347,warmup,4952.0,1752.0,8.6759,60.56
28.447,warmup,4952.0,1736.0,8.5967,60.41
28.547,warmup,4952.0,1752.0,8.6759,60.44
28.648,warmup,4952.0,1760.0,8.7155,60.69
28.748,warmup,4952.0,1752.0,8.6759,60.44
28.848,warmup,4952.0,1736.0,8.5967,60.44
28.948,warmup,4952.0,1760.0,8.7155,60.81
29.048,warmup,4952.0,1760.0,8.7155,60.44
29.148,warmup,4952.0,1760.0,8.7155,60.41
29.248,warmup,4952.0,1744.0,8.6363,60.38
29.349,warmup,4952.0,1768.0,8.7551,60.69
29.449,warmup,4952.0,1760.0,8.7155,60.44
29.549,warmup,4952.0,1744.0,8.6363,60.47
29.649,warmup,4952.0,1744.0,8.6363,60.50
29.749,warmup,4952.0,1768.0,8.7551,60.47
29.849,warmup,4952.0,1760.0,8.7155,60.53
29.949,warmup,4952.0,1744.0,8.6363,60.38
30.050,warmup,4952.0,1752.0,8.6759,60.56
30.150,warmup,4952.0,1768.0,8.7551,60.69
30.250,warmup,4952.0,1760.0,8.7155,60.53
30.350,warmup,4952.0,1744.0,8.6363,60.59
30.450,warmup,4952.0,1752.0,8.6759,60.62
30.550,warmup,4952.0,1768.0,8.7551,60.59
30.650,warmup,4952.0,1760.0,8.7155,60.53
30.750,warmup,4952.0,1736.0,8.5967,60.53
30.851,warmup,4952.0,1760.0,8.7155,60.47
30.951,warmup,4952.0,1760.0,8.7155,60.47
31.051,warmup,4952.0,1752.0,8.6759,60.47
31.151,warmup,4952.0,1736.0,8.5967,60.41
31.251,warmup,4952.0,1760.0,8.7155,60.62
31.351,warmup,4952.0,1760.0,8.7155,60.56
31.451,warmup,4952.0,1752.0,8.6759,60.59
31.552,warmup,4952.0,1744.0,8.6363,60.59
31.652,warmup,4952.0,1760.0,8.7155,60.66
31.752,warmup,4952.0,1760.0,8.7155,60.78
31.852,warmup,4952.0,1744.0,8.6363,60.53
31.952,warmup,4952.0,1752.0,8.6759,60.53
32.052,warmup,4952.0,1768.0,8.7551,60.97
32.152,warmup,4952.0,1760.0,8.7155,60.81
32.252,warmup,4952.0,1744.0,8.6363,60.50
32.353,warmup,4952.0,1752.0,8.6759,60.41
32.453,warmup,4952.0,1760.0,8.7155,60.91
32.553,warmup,4952.0,1752.0,8.6759,60.59
32.653,warmup,4952.0,1736.0,8.5967,60.53
32.753,warmup,4952.0,1760.0,8.7155,60.62
32.853,warmup,4952.0,1760.0,8.7155,60.66
32.953,warmup,4952.0,1752.0,8.6759,60.50
33.054,warmup,4952.0,1736.0,8.5967,60.47
33.154,warmup,4952.0,1760.0,8.7155,60.50
33.254,warmup,4952.0,1760.0,8.7155,60.72
33.354,warmup,4952.0,1752.0,8.6759,60.69
33.454,warmup,4952.0,1744.0,8.6363,60.78
33.554,warmup,4952.0,1760.0,8.7155,60.88
33.655,warmup,4952.0,1752.0,8.6759,60.78
33.755,warmup,4952.0,1728.0,8.5571,60.47
33.855,warmup,4952.0,1744.0,8.6363,60.84
33.955,warmup,4952.0,1752.0,8.6759,60.72
34.055,warmup,4952.0,1736.0,8.5967,60.50
34.155,warmup,4952.0,1736.0,8.5967,60.88
34.255,warmup,4952.0,1752.0,8.6759,60.62
34.356,warmup,4952.0,1744.0,8.6363,60.59
34.456,warmup,4952.0,1728.0,8.5571,60.59
34.556,warmup,4952.0,1752.0,8.6759,60.84
34.657,warmup,4952.0,1744.0,8.6363,60.84
34.757,warmup,4952.0,1728.0,8.5571,60.69
34.857,warmup,4952.0,1736.0,8.5967,60.62
34.957,warmup,4952.0,1752.0,8.6759,60.88
35.057,warmup,4952.0,1744.0,8.6363,60.75
35.157,warmup,4952.0,1728.0,8.5571,60.84
35.257,warmup,4952.0,1752.0,8.6759,60.88
35.358,warmup,4952.0,1744.0,8.6363,60.81
35.458,warmup,4952.0,1720.0,8.5174,60.62
35.558,warmup,4952.0,1736.0,8.5967,60.94
35.658,warmup,4952.0,1744.0,8.6363,60.75
35.758,warmup,4952.0,1736.0,8.5967,60.59
35.858,warmup,4952.0,1728.0,8.5571,60.91
35.958,warmup,4952.0,1752.0,8.6759,60.75
36.058,warmup,4952.0,1736.0,8.5967,60.69
36.159,warmup,4952.0,1720.0,8.5174,60.78
36.259,warmup,4952.0,1744.0,8.6363,60.72
36.359,warmup,4952.0,1744.0,8.6363,60.91
36.459,warmup,4952.0,1728.0,8.5571,60.78
36.559,warmup,4952.0,1736.0,8.5967,60.62
36.659,warmup,4952.0,1752.0,8.6759,61.09
36.759,warmup,4952.0,1744.0,8.6363,60.88
36.859,warmup,4952.0,1720.0,8.5174,60.69
36.960,warmup,4952.0,1744.0,8.6363,60.94
37.060,warmup,4952.0,1744.0,8.6363,60.91
37.160,warmup,4952.0,1728.0,8.5571,60.81
37.260,warmup,4952.0,1736.0,8.5967,61.03
37.360,warmup,4952.0,1744.0,8.6363,60.94
37.460,warmup,4952.0,1736.0,8.5967,60.75
37.560,warmup,4952.0,1728.0,8.5571,60.69
37.661,warmup,4952.0,1752.0,8.6759,60.91
37.761,warmup,4952.0,1744.0,8.6363,60.69
37.861,warmup,4952.0,1720.0,8.5174,60.72
37.961,warmup,4952.0,1744.0,8.6363,60.84
38.061,warmup,4952.0,1744.0,8.6363,60.84
38.161,warmup,4952.0,1736.0,8.5967,60.84
38.261,warmup,4952.0,1736.0,8.5967,60.81
38.361,warmup,4952.0,1752.0,8.6759,61.12
38.462,warmup,4952.0,1744.0,8.6363,60.94
38.562,warmup,4952.0,1720.0,8.5174,60.78
38.663,warmup,4952.0,1744.0,8.6363,61.16
38.763,warmup,4952.0,1744.0,8.6363,60.97
38.863,warmup,4952.0,1728.0,8.5571,60.66
38.963,warmup,4952.0,1736.0,8.5967,61.03
39.063,warmup,4952.0,1744.0,8.6363,60.94
39.163,warmup,4952.0,1736.0,8.5967,60.88
39.264,warmup,4952.0,1728.0,8.5571,60.84
39.364,warmup,4952.0,1752.0,8.6759,60.94
39.464,warmup,4952.0,1744.0,8.6363,60.75
39.564,warmup,4952.0,1720.0,8.5174,60.81
39.664,warmup,4952.0,1744.0,8.6363,60.84
39.764,warmup,4952.0,1744.0,8.6363,61.03
39.865,warmup,4952.0,1728.0,8.5571,60.94
39.965,warmup,4952.0,1728.0,8.5571,60.88
40.065,warmup,4952.0,1752.0,8.6759,61.12
40.165,warmup,4952.0,1744.0,8.6363,61.00
40.265,warmup,4952.0,1720.0,8.5174,60.88
40.367,warmup,4952.0,1744.0,8.6363,61.19
40.467,warmup,4952.0,1736.0,8.5967,60.94
40.567,warmup,4952.0,1720.0,8.5174,60.84
40.667,warmup,4952.0,1736.0,8.5967,60.88
40.767,warmup,4952.0,1744.0,8.6363,60.91
40.868,warmup,4952.0,1736.0,8.5967,61.03
40.968,warmup,4952.0,1728.0,8.5571,60.91
41.068,warmup,4952.0,1752.0,8.6759,61.25
41.168,warmup,4952.0,1752.0,8.6759,61.09
41.268,warmup,4952.0,1736.0,8.5967,60.94
41.368,warmup,4952.0,1744.0,8.6363,61.12
41.468,warmup,4952.0,1760.0,8.7155,61.19
41.568,warmup,4952.0,1752.0,8.6759,61.12
41.669,warmup,4952.0,1736.0,8.5967,60.88
41.769,warmup,4952.0,1744.0,8.6363,61.12
41.869,warmup,4952.0,1760.0,8.7155,61.09
41.969,warmup,4952.0,1752.0,8.6759,60.91
42.069,warmup,4952.0,1736.0,8.5967,61.16
42.169,warmup,4952.0,1752.0,8.6759,60.88
42.269,warmup,4952.0,1760.0,8.7155,61.00
42.370,warmup,4952.0,1752.0,8.6759,61.03
42.470,warmup,4952.0,1736.0,8.5967,60.91
42.570,warmup,4952.0,1760.0,8.7155,60.94
42.670,warmup,4952.0,1768.0,8.7551,61.06
42.770,warmup,4952.0,1760.0,8.7155,61.09
42.870,warmup,4952.0,1736.0,8.5967,61.03
42.970,warmup,4952.0,1760.0,8.7155,61.06
43.070,warmup,4952.0,1760.0,8.7155,61.19
43.171,warmup,4952.0,1760.0,8.7155,61.19
43.271,warmup,4952.0,1744.0,8.6363,61.00
43.371,warmup,4952.0,1768.0,8.7551,60.94
43.471,warmup,4952.0,1768.0,8.7551,61.38
43.572,warmup,4952.0,1752.0,8.6759,61.16
43.672,warmup,4952.0,1744.0,8.6363,61.00
43.772,warmup,4952.0,1768.0,8.7551,61.06
43.872,warmup,4952.0,1760.0,8.7155,61.12
43.972,warmup,4952.0,1744.0,8.6363,61.06
44.072,warmup,4952.0,1752.0,8.6759,61.03
44.172,warmup,4952.0,1768.0,8.7551,61.16
44.272,warmup,4952.0,1760.0,8.7155,61.00
44.373,warmup,4952.0,1744.0,8.6363,61.06
44.473,warmup,4952.0,1752.0,8.6759,61.00
44.573,warmup,4952.0,1768.0,8.7551,61.31
44.673,warmup,4952.0,1760.0,8.7155,61.28
44.773,warmup,4952.0,1736.0,8.5967,61.09
44.873,warmup,4952.0,1760.0,8.7155,61.34
44.973,warmup,4952.0,1752.0,8.6759,61.22
45.073,warmup,4952.0,1736.0,8.5967,61.03
45.174,warmup,4952.0,1744.0,8.6363,61.38
45.274,warmup,4952.0,1760.0,8.7155,61.34
45.374,warmup,4952.0,1744.0,8.6363,61.09
45.474,warmup,4952.0,1736.0,8.5967,61.16
45.574,warmup,4952.0,1760.0,8.7155,61.41
45.674,warmup,4952.0,1752.0,8.6759,61.16
45.774,warmup,4952.0,1728.0,8.5571,61.12
45.875,warmup,4952.0,1744.0,8.6363,61.16
45.975,warmup,4952.0,1744.0,8.6363,61.12
46.075,warmup,4952.0,1736.0,8.5967,61.16
46.175,warmup,4952.0,1736.0,8.5967,61.06
46.275,warmup,4952.0,1752.0,8.6759,61.19
46.375,warmup,4952.0,1744.0,8.6363,61.28
46.475,warmup,4952.0,1728.0,8.5571,61.19
46.575,warmup,4952.0,1752.0,8.6759,61.41
46.676,warmup,4952.0,1736.0,8.5967,61.28
46.776,warmup,4952.0,1720.0,8.5174,61.19
46.876,warmup,4952.0,1744.0,8.6363,61.50
46.976,warmup,4952.0,1744.0,8.6363,61.38
47.076,warmup,4952.0,1728.0,8.5571,61.09
47.176,warmup,4952.0,1736.0,8.5967,61.31
47.276,warmup,4952.0,1744.0,8.6363,61.41
47.376,warmup,4952.0,1728.0,8.5571,61.31
47.477,warmup,4952.0,1728.0,8.5571,61.12
47.577,warmup,4952.0,1752.0,8.6759,61.25
47.677,warmup,4952.0,1744.0,8.6363,61.16
47.777,warmup,4952.0,1720.0,8.5174,61.16
47.877,warmup,4952.0,1744.0,8.6363,61.22
47.977,warmup,4952.0,1752.0,8.6759,61.28
48.077,warmup,4952.0,1744.0,8.6363,61.34
48.177,warmup,4952.0,1736.0,8.5967,61.31
48.278,warmup,4952.0,1760.0,8.7155,61.50
48.378,warmup,4952.0,1760.0,8.7155,61.44
48.478,warmup,4952.0,1752.0,8.6759,61.31
48.578,warmup,4952.0,1744.0,8.6363,61.19
48.678,warmup,4952.0,1760.0,8.7155,61.59
48.778,warmup,4952.0,1752.0,8.6759,61.41
48.878,warmup,4952.0,1736.0,8.5967,61.12
48.979,warmup,4952.0,1752.0,8.6759,61.56
49.079,warmup,4952.0,1752.0,8.6759,61.31
49.179,warmup,4952.0,1736.0,8.5967,61.31
49.279,warmup,4952.0,1736.0,8.5967,61.25
49.379,warmup,4952.0,1752.0,8.6759,61.34
49.479,warmup,4952.0,1744.0,8.6363,61.22
49.579,warmup,4952.0,1728.0,8.5571,61.25
49.680,warmup,4952.0,1752.0,8.6759,61.44
49.780,warmup,4952.0,1752.0,8.6759,61.47
49.881,warmup,4952.0,1728.0,8.5571,61.16
49.981,warmup,4952.0,1736.0,8.5967,61.50
50.081,warmup,4952.0,1752.0,8.6759,61.56
50.181,warmup,4952.0,1744.0,8.6363,61.41
50.281,warmup,4952.0,1728.0,8.5571,61.28
50.381,warmup,4952.0,1752.0,8.6759,61.59
50.481,warmup,4952.0,1752.0,8.6759,61.31
50.582,warmup,4952.0,1736.0,8.5967,61.19
50.682,warmup,4952.0,1744.0,8.6363,61.56
50.782,warmup,4952.0,1760.0,8.7155,61.38
50.882,warmup,4952.0,1752.0,8.6759,61.34
50.982,warmup,4952.0,1736.0,8.5967,61.38
51.082,warmup,4952.0,1752.0,8.6759,61.34
51.182,warmup,4952.0,1760.0,8.7155,61.31
51.282,warmup,4952.0,1752.0,8.6759,61.41
51.383,warmup,4952.0,1736.0,8.5967,61.28
51.483,warmup,4952.0,1752.0,8.6759,61.44
51.583,warmup,4952.0,1760.0,8.7155,61.56
51.683,warmup,4952.0,1752.0,8.6759,61.34
51.783,warmup,4952.0,1744.0,8.6363,61.50
51.884,warmup,4952.0,1760.0,8.7155,61.53
51.984,warmup,4952.0,1760.0,8.7155,61.38
52.084,warmup,4952.0,1752.0,8.6759,61.59
52.185,warmup,4952.0,1744.0,8.6363,61.41
52.285,warmup,4952.0,1760.0,8.7155,61.41
52.385,warmup,4952.0,1752.0,8.6759,61.44
52.485,warmup,4952.0,1736.0,8.5967,61.28
52.585,warmup,4952.0,1744.0,8.6363,61.31
52.685,warmup,4952.0,1760.0,8.7155,61.47
52.785,warmup,4952.0,1752.0,8.6759,61.53
52.885,warmup,4952.0,1736.0,8.5967,61.47
52.986,warmup,4952.0,1752.0,8.6759,61.44
53.086,warmup,4952.0,1760.0,8.7155,61.47
53.186,warmup,4952.0,1752.0,8.6759,61.66
53.286,warmup,4952.0,1736.0,8.5967,61.41
53.386,warmup,4952.0,1760.0,8.7155,61.44
53.486,warmup,4952.0,1760.0,8.7155,61.69
53.586,warmup,4952.0,1744.0,8.6363,61.47
53.686,warmup,4952.0,1744.0,8.6363,61.53
53.787,warmup,4952.0,1760.0,8.7155,61.78
53.887,warmup,4952.0,1744.0,8.6363,61.47
53.987,warmup,4952.0,1728.0,8.5571,61.41
54.087,warmup,4952.0,1760.0,8.7155,61.53
54.187,warmup,4952.0,1744.0,8.6363,61.41
54.287,warmup,4952.0,1728.0,8.5571,61.34
54.387,warmup,4952.0,1744.0,8.6363,61.56
54.488,warmup,4952.0,1752.0,8.6759,61.44
54.588,warmup,4952.0,1736.0,8.5967,61.50
54.688,warmup,4952.0,1736.0,8.5967,61.47
54.788,warmup,4952.0,1752.0,8.6759,61.59
54.888,warmup,4952.0,1744.0,8.6363,61.62
54.988,warmup,4952.0,1728.0,8.5571,61.44
55.088,warmup,4952.0,1752.0,8.6759,61.47
55.188,warmup,4952.0,1744.0,8.6363,61.75
55.289,warmup,4952.0,1728.0,8.5571,61.38
55.389,warmup,4952.0,1744.0,8.6363,61.38
55.489,warmup,4952.0,1752.0,8.6759,61.41
55.589,warmup,4952.0,1736.0,8.5967,61.59
55.689,warmup,4952.0,1736.0,8.5967,61.47
55.789,warmup,4952.0,1752.0,8.6759,61.50
55.889,warmup,4952.0,1744.0,8.6363,61.44
55.989,warmup,4952.0,1720.0,8.5174,61.44
56.090,warmup,4952.0,1752.0,8.6759,61.47
56.190,warmup,4952.0,1744.0,8.6363,61.53
56.290,warmup,4952.0,1736.0,8.5967,61.56
56.390,warmup,4952.0,1736.0,8.5967,61.50
56.490,warmup,4952.0,1752.0,8.6759,61.59
56.590,warmup,4952.0,1752.0,8.6759,61.78
56.691,warmup,4952.0,1736.0,8.5967,61.50
56.791,warmup,4952.0,1752.0,8.6759,61.59
56.891,warmup,4952.0,1760.0,8.7155,61.88
56.991,warmup,4952.0,1752.0,8.6759,61.69
57.091,warmup,4952.0,1736.0,8.5967,61.38
57.192,warmup,4952.0,1760.0,8.7155,61.50
57.292,warmup,4952.0,1760.0,8.7155,61.78
57.392,warmup,4952.0,1744.0,8.6363,61.44
57.492,warmup,4952.0,1744.0,8.6363,61.66
57.592,warmup,4952.0,1768.0,8.7551,61.62
57.692,warmup,4952.0,1760.0,8.7155,61.50
57.793,warmup,4952.0,1744.0,8.6363,61.56
57.893,warmup,4952.0,1752.0,8.6759,61.47
57.993,warmup,4952.0,1768.0,8.7551,61.56
58.093,warmup,4952.0,1760.0,8.7155,61.69
58.193,warmup,4952.0,1744.0,8.6363,61.56
58.293,warmup,4952.0,1752.0,8.6759,61.75
58.393,warmup,4952.0,1768.0,8.7551,61.72
58.493,warmup,4952.0,1760.0,8.7155,61.66
58.594,warmup,4952.0,1744.0,8.6363,61.53
58.694,warmup,4952.0,1760.0,8.7155,61.78
58.794,warmup,4952.0,1768.0,8.7551,61.56
58.894,warmup,4952.0,1760.0,8.7155,61.53
58.994,warmup,4952.0,1744.0,8.6363,61.78
59.094,warmup,4952.0,1768.0,8.7551,61.53
59.194,warmup,4952.0,1768.0,8.7551,61.56
59.294,warmup,4952.0,1760.0,8.7155,61.69
59.395,warmup,4952.0,1744.0,8.6363,61.56
59.496,warmup,4952.0,1760.0,8.7155,61.69
59.596,warmup,4952.0,1760.0,8.7155,61.72
59.696,warmup,4952.0,1752.0,8.6759,61.84
59.797,warmup,4952.0,1744.0,8.6363,61.62
59.897,warmup,4952.0,1768.0,8.7551,61.59
59.997,warmup,4952.0,1760.0,8.7155,61.94
60.097,warmup,4952.0,1744.0,8.6363,61.66
60.197,warmup,4952.0,1744.0,8.6363,61.47
60.297,warmup,4952.0,1760.0,8.7155,61.72
60.397,measure,4952.0,1744.0,8.6363,61.81
60.497,measure,4952.0,1736.0,8.5967,61.66
60.598,measure,4952.0,1752.0,8.6759,61.59
60.698,measure,4952.0,1744.0,8.6363,61.69
60.798,measure,4952.0,1728.0,8.5571,61.50
60.898,measure,4952.0,1752.0,8.6759,61.72
60.998,measure,4952.0,1752.0,8.6759,61.66
61.098,measure,4952.0,1736.0,8.5967,61.78
61.198,measure,4952.0,1736.0,8.5967,61.69
61.299,measure,4952.0,1752.0,8.6759,61.81
61.399,measure,4952.0,1744.0,8.6363,62.00
61.499,measure,4952.0,1728.0,8.5571,61.69
61.599,measure,4952.0,1752.0,8.6759,61.59
61.699,measure,4952.0,1752.0,8.6759,62.00
61.799,measure,4952.0,1728.0,8.5571,61.72
61.899,measure,4952.0,1744.0,8.6363,61.78
61.999,measure,4952.0,1752.0,8.6759,61.66
62.100,measure,4952.0,1736.0,8.5967,61.88
62.200,measure,4952.0,1728.0,8.5571,61.62
62.300,measure,4952.0,1752.0,8.6759,61.69
62.400,measure,4952.0,1744.0,8.6363,61.75
62.500,measure,4952.0,1720.0,8.5174,61.59
62.600,measure,4952.0,1744.0,8.6363,61.69
62.700,measure,4952.0,1744.0,8.6363,61.84
62.800,measure,4952.0,1736.0,8.5967,61.66
62.901,measure,4952.0,1736.0,8.5967,61.72
63.001,measure,4952.0,1760.0,8.7155,61.84
63.101,measure,4952.0,1752.0,8.6759,61.81
63.201,measure,4952.0,1728.0,8.5571,61.78
63.301,measure,4952.0,1752.0,8.6759,61.81
63.401,measure,4952.0,1752.0,8.6759,61.69
63.501,measure,4952.0,1744.0,8.6363,61.88
63.601,measure,4952.0,1736.0,8.5967,61.75
63.703,measure,4952.0,1760.0,8.7155,61.72
63.803,measure,4952.0,1752.0,8.6759,61.78
63.903,measure,4952.0,1736.0,8.5967,61.62
64.004,measure,4952.0,1744.0,8.6363,61.84
64.104,measure,4952.0,1760.0,8.7155,61.81
64.204,measure,4952.0,1744.0,8.6363,61.72
64.304,measure,4952.0,1736.0,8.5967,61.72
64.404,measure,4952.0,1760.0,8.7155,61.91
64.504,measure,4952.0,1744.0,8.6363,61.75
64.604,measure,4952.0,1728.0,8.5571,61.81
64.704,measure,4952.0,1752.0,8.6759,61.88
64.805,measure,4952.0,1752.0,8.6759,62.16
64.905,measure,4952.0,1736.0,8.5967,61.91
65.005,measure,4952.0,1736.0,8.5967,61.88
65.105,measure,4952.0,1752.0,8.6759,61.75
65.205,measure,4952.0,1744.0,8.6363,62.00
65.305,measure,4952.0,1728.0,8.5571,61.72
65.405,measure,4952.0,1752.0,8.6759,61.88
65.505,measure,4952.0,1744.0,8.6363,62.06
65.606,measure,4952.0,1720.0,8.5174,61.62
65.706,measure,4952.0,1744.0,8.6363,61.84
65.806,measure,4952.0,1744.0,8.6363,61.88
65.906,measure,4952.0,1728.0,8.5571,62.03
66.006,measure,4952.0,1736.0,8.5967,61.84
66.106,measure,4952.0,1752.0,8.6759,61.88
66.206,measure,4952.0,1744.0,8.6363,61.81
66.307,measure,4952.0,1728.0,8.5571,61.84
66.407,measure,4952.0,1752.0,8.6759,62.06
66.507,measure,4952.0,1744.0,8.6363,61.88
66.607,measure,4952.0,1728.0,8.5571,61.88
66.707,measure,4952.0,1744.0,8.6363,61.94
66.807,measure,4952.0,1752.0,8.6759,61.81
66.907,measure,4952.0,1736.0,8.5967,62.06
67.007,measure,4952.0,1736.0,8.5967,61.84
67.108,measure,4952.0,1752.0,8.6759,61.81
67.208,measure,4952.0,1744.0,8.6363,61.75
67.308,measure,4952.0,1728.0,8.5571,61.75
67.409,measure,4952.0,1752.0,8.6759,61.97
67.509,measure,4952.0,1752.0,8.6759,61.97
67.609,measure,4952.0,1736.0,8.5967,61.72
67.709,measure,4952.0,1736.0,8.5967,61.88
67.809,measure,4952.0,1752.0,8.6759,61.94
67.909,measure,4952.0,1744.0,8.6363,62.16
68.009,measure,4952.0,1728.0,8.5571,61.94
68.110,measure,4952.0,1752.0,8.6759,62.12
68.210,measure,4952.0,1744.0,8.6363,61.97
68.310,measure,4952.0,1728.0,8.5571,61.94
68.410,measure,4952.0,1744.0,8.6363,62.06
68.510,measure,4952.0,1752.0,8.6759,61.88
68.610,measure,4952.0,1736.0,8.5967,62.16
68.710,measure,4952.0,1736.0,8.5967,62.00
68.810,measure,4952.0,1752.0,8.6759,61.88
68.911,measure,4952.0,1744.0,8.6363,61.91
69.011,measure,4952.0,1728.0,8.5571,61.81
69.111,measure,4952.0,1752.0,8.6759,61.88
69.211,measure,4952.0,1752.0,8.6759,61.97
69.311,measure,4952.0,1736.0,8.5967,61.88
69.412,measure,4952.0,1744.0,8.6363,61.94
69.512,measure,4952.0,1752.0,8.6759,62.09
69.612,measure,4952.0,1744.0,8.6363,61.97
69.712,measure,4952.0,1728.0,8.5571,62.00
69.812,measure,4952.0,1760.0,8.7155,62.19
69.912,measure,4952.0,1752.0,8.6759,61.97
70.012,measure,4952.0,1728.0,8.5571,62.12
70.112,measure,4952.0,1744.0,8.6363,62.06
70.213,measure,4952.0,1752.0,8.6759,61.91
70.313,measure,4952.0,1736.0,8.5967,61.81
70.413,measure,4952.0,1736.0,8.5967,62.06
70.513,measure,4952.0,1752.0,8.6759,61.94
70.613,measure,4952.0,1744.0,8.6363,62.00
70.713,measure,4952.0,1728.0,8.5571,61.91
70.813,measure,4952.0,1752.0,8.6759,62.12
70.913,measure,4952.0,1736.0,8.5967,62.03
71.014,measure,4952.0,1720.0,8.5174,61.84
71.114,measure,4952.0,1744.0,8.6363,62.19
71.214,measure,4952.0,1744.0,8.6363,62.09
71.314,measure,4952.0,1728.0,8.5571,61.94
71.414,measure,4952.0,1744.0,8.6363,62.16
71.514,measure,4952.0,1752.0,8.6759,62.19
71.614,measure,4952.0,1744.0,8.6363,61.97
71.715,measure,4952.0,1736.0,8.5967,62.16
71.815,measure,4952.0,1760.0,8.7155,62.28
71.915,measure,4952.0,1752.0,8.6759,61.97
72.015,measure,4952.0,1736.0,8.5967,61.84
72.115,measure,4952.0,1752.0,8.6759,62.25
72.215,measure,4952.0,1752.0,8.6759,62.03
72.315,measure,4952.0,1744.0,8.6363,62.03
72.415,measure,4952.0,1736.0,8.5967,61.94
72.516,measure,4952.0,1760.0,8.7155,62.06
72.616,measure,4952.0,1744.0,8.6363,62.12
72.716,measure,4952.0,1728.0,8.5571,61.91
72.816,measure,4952.0,1752.0,8.6759,62.31
72.916,measure,4952.0,1744.0,8.6363,62.19
73.016,measure,4952.0,1728.0,8.5571,61.91
73.116,measure,4952.0,1744.0,8.6363,62.31
73.216,measure,4952.0,1752.0,8.6759,62.25
73.317,measure,4952.0,1728.0,8.5571,62.03
73.417,measure,4952.0,1736.0,8.5967,61.97
73.517,measure,4952.0,1752.0,8.6759,62.34
73.617,measure,4952.0,1744.0,8.6363,62.19
73.717,measure,4952.0,1728.0,8.5571,61.97
73.817,measure,4952.0,1752.0,8.6759,62.38
73.917,measure,4952.0,1744.0,8.6363,62.03
74.017,measure,4952.0,1720.0,8.5174,62.09
74.118,measure,4952.0,1744.0,8.6363,62.12
74.218,measure,4952.0,1752.0,8.6759,62.09
74.318,measure,4952.0,1736.0,8.5967,62.03
74.418,measure,4952.0,1736.0,8.5967,61.97
74.518,measure,4952.0,1752.0,8.6759,62.22
74.618,measure,4952.0,1752.0,8.6759,62.12
74.718,measure,4952.0,1736.0,8.5967,61.91
74.818,measure,4952.0,1752.0,8.6759,62.16
74.919,measure,4952.0,1760.0,8.7155,62.38
75.019,measure,4952.0,1752.0,8.6759,62.19
75.119,measure,4952.0,1736.0,8.5967,62.00
75.219,measure,4952.0,1760.0,8.7155,62.34
75.319,measure,4952.0,1760.0,8.7155,62.31
75.419,measure,4952.0,1744.0,8.6363,62.03
75.519,measure,4952.0,1744.0,8.6363,62.38
75.620,measure,4952.0,1768.0,8.7551,62.19
75.720,measure,4952.0,1760.0,8.7155,62.06
75.820,measure,4952.0,1744.0,8.6363,62.00
75.920,measure,4952.0,1752.0,8.6759,62.16
76.020,measure,4952.0,1768.0,8.7551,62.25
76.120,measure,4952.0,1760.0,8.7155,62.19
76.220,measure,4952.0,1744.0,8.6363,62.00
76.320,measure,4952.0,1752.0,8.6759,62.06
76.421,measure,4952.0,1768.0,8.7551,62.38
76.521,measure,4952.0,1760.0,8.7155,62.28
76.621,measure,4952.0,1736.0,8.5967,62.19
76.721,measure,4952.0,1760.0,8.7155,62.28
76.821,measure,4952.0,1768.0,8.7551,62.25
76.921,measure,4952.0,1760.0,8.7155,62.38
77.021,measure,4952.0,1744.0,8.6363,62.16
77.121,measure,4952.0,1768.0,8.7551,62.12
77.222,measure,4952.0,1768.0,8.7551,62.12
77.322,measure,4952.0,1760.0,8.7155,62.28
77.422,measure,4952.0,1744.0,8.6363,62.03
77.522,measure,4952.0,1768.0,8.7551,62.31
77.622,measure,4952.0,1768.0,8.7551,62.25
77.722,measure,4952.0,1752.0,8.6759,62.28
77.822,measure,4952.0,1752.0,8.6759,62.16
77.923,measure,4952.0,1768.0,8.7551,62.31
78.023,measure,4952.0,1760.0,8.7155,62.25
78.123,measure,4952.0,1752.0,8.6759,62.25
78.223,measure,4952.0,1752.0,8.6759,62.22
78.323,measure,4952.0,1768.0,8.7551,62.56
78.423,measure,4952.0,1760.0,8.7155,62.34
78.523,measure,4952.0,1744.0,8.6363,62.16
78.624,measure,4952.0,1760.0,8.7155,62.44
78.724,measure,4952.0,1768.0,8.7551,62.41
78.824,measure,4952.0,1760.0,8.7155,62.25
78.924,measure,4952.0,1736.0,8.5967,62.16
79.024,measure,4952.0,1760.0,8.7155,62.47
79.124,measure,4952.0,1768.0,8.7551,62.19
79.224,measure,4952.0,1760.0,8.7155,62.19
79.324,measure,4952.0,1744.0,8.6363,62.09
79.425,measure,4952.0,1768.0,8.7551,62.38
79.525,measure,4952.0,1760.0,8.7155,62.28
79.625,measure,4952.0,1744.0,8.6363,62.19
79.725,measure,4952.0,1752.0,8.6759,62.25
79.825,measure,4952.0,1768.0,8.7551,62.41
79.925,measure,4952.0,1760.0,8.7155,62.25
80.025,measure,4952.0,1744.0,8.6363,62.38
80.125,measure,4952.0,1760.0,8.7155,62.38
80.226,measure,4952.0,1768.0,8.7551,62.38
80.326,measure,4952.0,1768.0,8.7551,62.19
80.426,measure,4952.0,1744.0,8.6363,62.31
80.526,measure,4952.0,1768.0,8.7551,62.41
80.626,measure,4952.0,1776.0,8.7948,62.31
80.726,measure,4952.0,1768.0,8.7551,62.47
80.826,measure,4952.0,1744.0,8.6363,62.22
80.927,measure,4952.0,1768.0,8.7551,62.31
81.027,measure,4952.0,1768.0,8.7551,62.38
81.128,measure,4952.0,1760.0,8.7155,62.25
81.228,measure,4952.0,1752.0,8.6759,62.34
81.328,measure,4952.0,1768.0,8.7551,62.41
81.428,measure,4952.0,1760.0,8.7155,62.28
81.528,measure,4952.0,1744.0,8.6363,62.38
81.628,measure,4952.0,1752.0,8.6759,62.31
81.728,measure,4952.0,1768.0,8.7551,62.66
81.828,measure,4952.0,1760.0,8.7155,62.56
81.929,measure,4952.0,1744.0,8.6363,62.38
82.029,measure,4952.0,1760.0,8.7155,62.22
82.129,measure,4952.0,1776.0,8.7948,62.62
82.229,measure,4952.0,1768.0,8.7551,62.44
82.329,measure,4952.0,1744.0,8.6363,62.34
82.429,measure,4952.0,1768.0,8.7551,62.62
82.529,measure,4952.0,1760.0,8.7155,62.34
82.629,measure,4952.0,1744.0,8.6363,62.25
82.730,measure,4952.0,1744.0,8.6363,62.28
82.830,measure,4952.0,1760.0,8.7155,62.34
82.930,measure,4952.0,1752.0,8.6759,62.38
83.030,measure,4952.0,1728.0,8.5571,62.25
83.130,measure,4952.0,1760.0,8.7155,62.66
83.230,measure,4952.0,1752.0,8.6759,62.53
83.330,measure,4952.0,1728.0,8.5571,62.41
83.431,measure,4952.0,1752.0,8.6759,62.38
83.531,measure,4952.0,1752.0,8.6759,62.62
83.631,measure,4952.0,1744.0,8.6363,62.41
83.731,measure,4952.0,1736.0,8.5967,62.25
83.831,measure,4952.0,1760.0,8.7155,62.69
83.931,measure,4952.0,1752.0,8.6759,62.50
84.031,measure,4952.0,1728.0,8.5571,62.16
84.132,measure,4952.0,1752.0,8.6759,62.38
84.232,measure,4952.0,1752.0,8.6759,62.38
84.332,measure,4952.0,1736.0,8.5967,62.34
84.432,measure,4952.0,1744.0,8.6363,62.38
84.532,measure,4952.0,1752.0,8.6759,62.38
84.633,measure,4952.0,1744.0,8.6363,62.34
84.733,measure,4952.0,1728.0,8.5571,62.31
84.833,measure,4952.0,1752.0,8.6759,62.72
84.933,measure,4952.0,1744.0,8.6363,62.62
85.033,measure,4952.0,1728.0,8.5571,62.38
85.133,measure,4952.0,1744.0,8.6363,62.44
85.233,measure,4952.0,1752.0,8.6759,62.66
85.333,measure,4952.0,1744.0,8.6363,62.50
85.434,measure,4952.0,1744.0,8.6363,62.38
85.534,measure,4952.0,1760.0,8.7155,62.75
85.634,measure,4952.0,1752.0,8.6759,62.53
85.734,measure,4952.0,1728.0,8.5571,62.31
85.834,measure,4952.0,1752.0,8.6759,62.38
85.934,measure,4952.0,1752.0,8.6759,62.41
86.034,measure,4952.0,1736.0,8.5967,62.41
86.134,measure,4952.0,1744.0,8.6363,62.31
86.235,measure,4952.0,1760.0,8.7155,62.53
86.335,measure,4952.0,1752.0,8.6759,62.41
86.435,measure,4952.0,1736.0,8.5967,62.38
86.535,measure,4952.0,1760.0,8.7155,62.50
86.635,measure,4952.0,1760.0,8.7155,62.69
86.735,measure,4952.0,1744.0,8.6363,62.44
86.835,measure,4952.0,1744.0,8.6363,62.44
86.936,measure,4952.0,1768.0,8.7551,62.75
87.036,measure,4952.0,1752.0,8.6759,62.56
87.136,measure,4952.0,1744.0,8.6363,62.38
87.236,measure,4952.0,1752.0,8.6759,62.66
87.336,measure,4952.0,1768.0,8.7551,62.69
87.436,measure,4952.0,1760.0,8.7155,62.41
87.536,measure,4952.0,1744.0,8.6363,62.31
87.636,measure,4952.0,1752.0,8.6759,62.72
87.737,measure,4952.0,1768.0,8.7551,62.50
87.837,measure,4952.0,1760.0,8.7155,62.50
87.937,measure,4952.0,1744.0,8.6363,62.41
88.037,measure,4952.0,1768.0,8.7551,62.59
88.138,measure,4952.0,1768.0,8.7551,62.59
88.238,measure,4952.0,1744.0,8.6363,62.47
88.338,measure,4952.0,1744.0,8.6363,62.66
88.438,measure,4952.0,1760.0,8.7155,62.69
88.538,measure,4952.0,1752.0,8.6759,62.53
88.638,measure,4952.0,1736.0,8.5967,62.62
88.739,measure,4952.0,1760.0,8.7155,62.62
88.839,measure,4952.0,1760.0,8.7155,62.66
88.939,measure,4952.0,1744.0,8.6363,62.41
89.039,measure,4952.0,1744.0,8.6363,62.72
89.139,measure,4952.0,1760.0,8.7155,62.50
89.239,measure,4952.0,1752.0,8.6759,62.47
89.339,measure,4952.0,1728.0,8.5571,62.38
89.439,measure,4952.0,1760.0,8.7155,62.72
89.540,measure,4952.0,1744.0,8.6363,62.53
89.640,measure,4952.0,1728.0,8.5571,62.56
89.740,measure,4952.0,1744.0,8.6363,62.50
89.840,measure,4952.0,1752.0,8.6759,62.66
89.940,measure,4952.0,1736.0,8.5967,62.50
90.040,measure,4952.0,1736.0,8.5967,62.47
90.140,measure,4952.0,1752.0,8.6759,62.72
90.241,measure,4952.0,1744.0,8.6363,62.59
90.341,measure,4952.0,1728.0,8.5571,62.66
90.441,measure,4952.0,1752.0,8.6759,62.75
90.541,measure,4952.0,1760.0,8.7155,62.62
90.642,measure,4952.0,1752.0,8.6759,62.59
90.742,measure,4952.0,1744.0,8.6363,62.72
90.843,measure,4952.0,1760.0,8.7155,62.53
90.943,measure,4952.0,1768.0,8.7551,62.69
91.043,measure,4952.0,1752.0,8.6759,62.47
91.143,measure,4952.0,1752.0,8.6759,62.53
91.244,measure,4952.0,1776.0,8.7948,62.66
91.344,measure,4952.0,1776.0,8.7948,62.59
91.444,measure,4944.0,1832.0,9.0574,62.84
91.544,measure,4944.0,1864.0,9.2156,62.81
91.644,measure,4944.0,1928.0,9.5320,62.62
91.745,measure,4944.0,1936.0,9.5716,63.00
91.845,measure,4944.0,1896.0,9.3738,62.72
91.945,measure,4944.0,1936.0,9.5716,62.59
92.045,measure,4944.0,1944.0,9.6111,62.81
92.145,measure,4944.0,1968.0,9.7298,62.84
92.245,measure,4944.0,1976.0,9.7693,62.75
92.345,measure,4944.0,1992.0,9.8484,62.88
92.446,measure,4944.0,1944.0,9.6111,62.69
92.546,measure,4944.0,1912.0,9.4529,62.62
92.646,measure,4944.0,1896.0,9.3738,62.84
92.746,measure,4944.0,1864.0,9.2156,62.78
92.846,measure,4944.0,1832.0,9.0574,62.59
92.946,measure,4944.0,1816.0,8.9783,62.69
93.046,measure,4944.0,1824.0,9.0179,62.78
93.147,measure,4944.0,1808.0,8.9388,63.03
93.247,measure,4952.0,1792.0,8.8740,62.78
93.347,measure,4952.0,1776.0,8.7948,62.75
93.447,measure,4944.0,1792.0,8.8596,63.06
93.547,measure,4952.0,1776.0,8.7948,62.84
93.647,measure,4952.0,1752.0,8.6759,62.53
93.748,measure,4952.0,1768.0,8.7551,62.62
93.848,measure,4952.0,1776.0,8.7948,62.91
93.948,measure,4952.0,1768.0,8.7551,62.66
94.048,measure,4952.0,1744.0,8.6363,62.59
94.148,measure,4952.0,1768.0,8.7551,62.69
94.248,measure,4952.0,1760.0,8.7155,62.69
94.348,measure,4952.0,1752.0,8.6759,62.69
94.449,measure,4952.0,1744.0,8.6363,62.69
94.549,measure,4952.0,1768.0,8.7551,62.78
94.649,measure,4952.0,1760.0,8.7155,62.84
94.749,measure,4952.0,1736.0,8.5967,62.66
94.849,measure,4952.0,1752.0,8.6759,62.88
94.949,measure,4952.0,1760.0,8.7155,62.91
95.049,measure,4952.0,1752.0,8.6759,62.78
95.150,measure,4952.0,1736.0,8.5967,62.50
95.250,measure,4952.0,1760.0,8.7155,62.84
95.350,measure,4952.0,1760.0,8.7155,62.84
95.450,measure,4952.0,1744.0,8.6363,62.59
95.550,measure,4952.0,1752.0,8.6759,62.88
95.650,measure,4952.0,1768.0,8.7551,62.78
95.750,measure,4952.0,1760.0,8.7155,62.59
95.851,measure,4952.0,1736.0,8.5967,62.59
95.951,measure,4952.0,1752.0,8.6759,62.62
96.051,measure,4952.0,1760.0,8.7155,62.72
96.151,measure,4952.0,1752.0,8.6759,62.81
96.251,measure,4952.0,1736.0,8.5967,62.66
96.352,measure,4952.0,1760.0,8.7155,62.91
96.452,measure,4952.0,1760.0,8.7155,62.84
96.552,measure,4952.0,1752.0,8.6759,62.91
96.653,measure,4952.0,1744.0,8.6363,62.84
96.753,measure,4952.0,1768.0,8.7551,62.84
96.853,measure,4952.0,1760.0,8.7155,62.66
96.953,measure,4952.0,1744.0,8.6363,62.84
97.053,measure,4952.0,1752.0,8.6759,62.56
97.153,measure,4952.0,1760.0,8.7155,62.81
97.253,measure,4952.0,1752.0,8.6759,62.97
97.354,measure,4952.0,1736.0,8.5967,62.62
97.454,measure,4952.0,1760.0,8.7155,62.84
97.554,measure,4952.0,1760.0,8.7155,62.78
97.655,measure,4952.0,1744.0,8.6363,62.66
97.755,measure,4952.0,1744.0,8.6363,62.78
97.855,measure,4952.0,1760.0,8.7155,62.84
97.955,measure,4952.0,1752.0,8.6759,63.06
98.055,measure,4952.0,1736.0,8.5967,62.81
98.155,measure,4952.0,1752.0,8.6759,62.84
98.255,measure,4952.0,1760.0,8.7155,62.72
98.355,measure,4952.0,1752.0,8.6759,62.91
98.456,measure,4952.0,1736.0,8.5967,62.78
98.556,measure,4952.0,1768.0,8.7551,62.78
98.656,measure,4952.0,1760.0,8.7155,63.00
98.756,measure,4952.0,1744.0,8.6363,62.59
98.856,measure,4952.0,1752.0,8.6759,62.62
98.956,measure,4952.0,1760.0,8.7155,62.91
99.056,measure,4952.0,1752.0,8.6759,62.75
99.157,measure,4952.0,1736.0,8.5967,62.69
99.257,measure,4952.0,1760.0,8.7155,62.81
99.357,measure,4952.0,1760.0,8.7155,62.88
99.457,measure,4952.0,1752.0,8.6759,62.91
99.557,measure,4952.0,1744.0,8.6363,62.69
99.657,measure,4952.0,1768.0,8.7551,63.19
99.757,measure,4952.0,1760.0,8.7155,63.03
99.857,measure,4952.0,1744.0,8.6363,62.75
99.958,measure,4952.0,1752.0,8.6759,62.81
100.058,measure,4952.0,1760.0,8.7155,63.06
100.158,measure,4952.0,1752.0,8.6759,62.88
100.258,measure,4952.0,1736.0,8.5967,62.66
100.358,measure,4952.0,1760.0,8.7155,63.09
100.458,measure,4952.0,1760.0,8.7155,62.84
100.558,measure,4952.0,1752.0,8.6759,62.66
100.659,measure,4952.0,1744.0,8.6363,62.66
100.759,measure,4952.0,1768.0,8.7551,62.75
100.859,measure,4952.0,1760.0,8.7155,62.91
100.959,measure,4952.0,1744.0,8.6363,62.78
101.059,measure,4952.0,1752.0,8.6759,62.78
101.159,measure,4952.0,1768.0,8.7551,63.06
101.259,measure,4952.0,1760.0,8.7155,62.84
101.360,measure,4952.0,1736.0,8.5967,62.66
101.460,measure,4952.0,1760.0,8.7155,63.03
101.560,measure,4952.0,1760.0,8.7155,62.94
101.660,measure,4952.0,1752.0,8.6759,62.69
101.760,measure,4952.0,1752.0,8.6759,63.00
101.860,measure,4952.0,1768.0,8.7551,63.03
101.960,measure,4952.0,1760.0,8.7155,62.81
102.061,measure,4952.0,1744.0,8.6363,63.00
102.161,measure,4952.0,1752.0,8.6759,62.72
102.261,measure,4952.0,1768.0,8.7551,62.88
102.361,measure,4952.0,1760.0,8.7155,62.72
102.461,measure,4952.0,1736.0,8.5967,62.69
102.561,measure,4952.0,1760.0,8.7155,62.84
102.661,measure,4952.0,1760.0,8.7155,62.97
102.762,measure,4952.0,1752.0,8.6759,62.91
102.862,measure,4952.0,1744.0,8.6363,62.91
102.962,measure,4952.0,1768.0,8.7551,62.94
103.062,measure,4952.0,1760.0,8.7155,62.97
103.162,measure,4952.0,1744.0,8.6363,62.97
103.262,measure,4952.0,1752.0,8.6759,62.91
103.362,measure,4952.0,1768.0,8.7551,63.00
103.463,measure,4952.0,1752.0,8.6759,63.09
103.563,measure,4952.0,1736.0,8.5967,62.88
103.663,measure,4952.0,1760.0,8.7155,62.91
103.763,measure,4952.0,1760.0,8.7155,62.81
103.863,measure,4952.0,1744.0,8.6363,62.97
103.963,measure,4952.0,1744.0,8.6363,62.75
104.063,measure,4952.0,1768.0,8.7551,62.81
104.163,measure,4952.0,1760.0,8.7155,62.84
104.264,measure,4952.0,1736.0,8.5967,62.69
104.364,measure,4952.0,1752.0,8.6759,62.88
104.464,measure,4952.0,1768.0,8.7551,62.97
104.564,measure,4952.0,1752.0,8.6759,62.91
104.664,measure,4952.0,1736.0,8.5967,62.84
104.765,measure,4952.0,1760.0,8.7155,63.06
104.865,measure,4952.0,1760.0,8.7155,63.09
104.965,measure,4952.0,1744.0,8.6363,63.03
105.066,measure,4952.0,1744.0,8.6363,62.78
105.166,measure,4952.0,1768.0,8.7551,63.25
105.266,measure,4952.0,1760.0,8.7155,63.19
105.366,measure,4952.0,1736.0,8.5967,62.72
105.466,measure,4952.0,1752.0,8.6759,62.88
105.566,measure,4952.0,1768.0,8.7551,62.94
105.666,measure,4952.0,1760.0,8.7155,62.84
105.766,measure,4952.0,1736.0,8.5967,62.84
105.867,measure,4952.0,1768.0,8.7551,62.91
105.967,measure,4952.0,1760.0,8.7155,62.97
106.067,measure,4952.0,1752.0,8.6759,62.94
106.167,measure,4952.0,1744.0,8.6363,62.81
106.267,measure,4952.0,1768.0,8.7551,63.22
106.367,measure,4952.0,1760.0,8.7155,63.09
106.468,measure,4952.0,1744.0,8.6363,62.88
106.568,measure,4952.0,1752.0,8.6759,63.09
106.668,measure,4952.0,1768.0,8.7551,63.16
106.768,measure,4952.0,1760.0,8.7155,62.97
106.868,measure,4952.0,1744.0,8.6363,62.81
106.968,measure,4952.0,1760.0,8.7155,62.97
107.069,measure,4952.0,1760.0,8.7155,62.88
107.169,measure,4952.0,1744.0,8.6363,62.81
107.269,measure,4952.0,1752.0,8.6759,62.84
107.369,measure,4952.0,1768.0,8.7551,62.88
107.469,measure,4952.0,1752.0,8.6759,62.94
107.569,measure,4952.0,1736.0,8.5967,62.81
107.669,measure,4952.0,1760.0,8.7155,62.91
107.770,measure,4952.0,1760.0,8.7155,63.19
107.870,measure,4952.0,1760.0,8.7155,62.91
107.970,measure,4952.0,1736.0,8.5967,63.09
108.070,measure,4952.0,1768.0,8.7551,63.09
108.170,measure,4952.0,1760.0,8.7155,63.03
108.270,measure,4952.0,1744.0,8.6363,63.12
108.370,measure,4952.0,1752.0,8.6759,63.09
108.470,measure,4952.0,1760.0,8.7155,63.19
108.571,measure,4952.0,1760.0,8.7155,62.84
108.671,measure,4952.0,1736.0,8.5967,62.97
108.771,measure,4952.0,1760.0,8.7155,62.94
108.871,measure,4952.0,1760.0,8.7155,62.88
108.971,measure,4952.0,1752.0,8.6759,63.03
109.071,measure,4952.0,1744.0,8.6363,62.94
109.171,measure,4952.0,1768.0,8.7551,63.09
109.272,measure,4952.0,1760.0,8.7155,63.09
109.372,measure,4952.0,1744.0,8.6363,62.97
109.472,measure,4952.0,1752.0,8.6759,63.06
109.572,measure,4952.0,1760.0,8.7155,63.09
109.672,measure,4952.0,1760.0,8.7155,63.06
109.772,measure,4952.0,1736.0,8.5967,62.97
109.872,measure,4952.0,1760.0,8.7155,63.03
109.972,measure,4952.0,1760.0,8.7155,63.06
110.073,measure,4952.0,1752.0,8.6759,63.16
110.173,measure,4952.0,1744.0,8.6363,63.00
110.273,measure,4952.0,1768.0,8.7551,62.97
110.373,measure,4952.0,1760.0,8.7155,63.31
110.473,measure,4952.0,1744.0,8.6363,63.00
110.573,measure,4952.0,1752.0,8.6759,62.88
110.673,measure,4952.0,1768.0,8.7551,62.94
110.773,measure,4952.0,1760.0,8.7155,62.97
110.874,measure,4952.0,1736.0,8.5967,63.03
110.974,measure,4952.0,1760.0,8.7155,63.06
111.074,measure,4952.0,1760.0,8.7155,63.00
111.174,measure,4952.0,1744.0,8.6363,63.06
111.274,measure,4952.0,1752.0,8.6759,63.00
111.374,measure,4952.0,1768.0,8.7551,63.06
111.474,measure,4952.0,1760.0,8.7155,63.31
111.575,measure,4952.0,1736.0,8.5967,62.97
111.675,measure,4952.0,1760.0,8.7155,63.12
111.775,measure,4952.0,1768.0,8.7551,63.25
111.875,measure,4952.0,1760.0,8.7155,63.09
111.975,measure,4952.0,1744.0,8.6363,63.03
112.075,measure,4952.0,1768.0,8.7551,63.34
112.175,measure,4952.0,1768.0,8.7551,63.28
112.275,measure,4952.0,1752.0,8.6759,62.97
112.376,measure,4952.0,1752.0,8.6759,62.88
112.476,measure,4952.0,1768.0,8.7551,63.16
112.576,measure,4952.0,1760.0,8.7155,63.06
112.676,measure,4952.0,1736.0,8.5967,63.06
112.776,measure,4952.0,1760.0,8.7155,63.09
112.876,measure,4952.0,1768.0,8.7551,63.09
112.976,measure,4952.0,1760.0,8.7155,63.09
113.076,measure,4952.0,1744.0,8.6363,62.97
113.177,measure,4952.0,1768.0,8.7551,63.34
113.277,measure,4952.0,1760.0,8.7155,63.25
113.377,measure,4952.0,1744.0,8.6363,62.97
113.477,measure,4952.0,1752.0,8.6759,63.25
113.577,measure,4952.0,1768.0,8.7551,63.31
113.677,measure,4952.0,1760.0,8.7155,63.16
113.777,measure,4952.0,1736.0,8.5967,63.09
113.877,measure,4952.0,1760.0,8.7155,63.31
113.978,measure,4952.0,1768.0,8.7551,63.09
114.078,measure,4952.0,1760.0,8.7155,62.91
114.178,measure,4952.0,1744.0,8.6363,63.28
114.278,measure,4952.0,1768.0,8.7551,63.19
114.378,measure,4952.0,1760.0,8.7155,63.00
114.478,measure,4952.0,1744.0,8.6363,63.00
114.578,measure,4952.0,1760.0,8.7155,63.19
114.678,measure,4952.0,1768.0,8.7551,63.25
114.779,measure,4952.0,1760.0,8.7155,63.09
114.879,measure,4952.0,1744.0,8.6363,63.09
114.979,measure,4952.0,1768.0,8.7551,63.22
115.079,measure,4952.0,1768.0,8.7551,63.22
115.179,measure,4952.0,1752.0,8.6759,63.31
115.279,measure,4952.0,1752.0,8.6759,63.25
115.379,measure,4952.0,1776.0,8.7948,63.25
115.480,measure,4952.0,1760.0,8.7155,63.06
115.580,measure,4952.0,1744.0,8.6363,63.19
115.680,measure,4952.0,1760.0,8.7155,63.03
115.780,measure,4952.0,1768.0,8.7551,63.09
115.880,measure,4952.0,1760.0,8.7155,63.31
115.980,measure,4952.0,1736.0,8.5967,63.03
116.080,measure,4952.0,1768.0,8.7551,63.03
116.180,measure,4952.0,1760.0,8.7155,63.19
116.281,measure,4952.0,1752.0,8.6759,63.06
116.381,measure,4952.0,1752.0,8.6759,62.97
116.481,measure,4952.0,1768.0,8.7551,63.25
116.581,measure,4952.0,1760.0,8.7155,63.12
116.681,measure,4952.0,1744.0,8.6363,63.22
116.781,measure,4952.0,1760.0,8.7155,63.16
116.881,measure,4952.0,1768.0,8.7551,63.22
116.981,measure,4952.0,1760.0,8.7155,63.34
117.082,measure,4952.0,1744.0,8.6363,63.12
117.183,measure,4952.0,1768.0,8.7551,63.12
117.283,measure,4952.0,1768.0,8.7551,63.44
117.383,measure,4952.0,1752.0,8.6759,63.16
117.483,measure,4952.0,1752.0,8.6759,63.12
117.583,measure,4952.0,1768.0,8.7551,63.25
117.683,measure,4952.0,1760.0,8.7155,63.06
117.783,measure,4952.0,1736.0,8.5967,63.06
117.883,measure,4952.0,1760.0,8.7155,63.22
117.984,measure,4952.0,1768.0,8.7551,63.19
118.084,measure,4952.0,1760.0,8.7155,63.31
118.184,measure,4952.0,1744.0,8.6363,63.03
118.284,measure,4952.0,1768.0,8.7551,63.38
118.384,measure,4952.0,1760.0,8.7155,63.34
118.484,measure,4952.0,1752.0,8.6759,63.16
118.584,measure,4952.0,1752.0,8.6759,63.16
118.685,measure,4944.0,1768.0,8.7410,63.41
118.785,measure,4952.0,1760.0,8.7155,63.31
118.885,measure,4952.0,1744.0,8.6363,63.06
118.985,measure,4952.0,1760.0,8.7155,63.44
119.085,measure,4952.0,1768.0,8.7551,63.22
119.185,measure,4952.0,1760.0,8.7155,63.28
119.285,measure,4952.0,1744.0,8.6363,63.28
119.386,measure,4952.0,1760.0,8.7155,63.25
119.487,measure,4952.0,1760.0,8.7155,63.34
119.587,measure,4952.0,1752.0,8.6759,63.28
119.687,measure,4952.0,1744.0,8.6363,63.19
119.787,measure,4952.0,1768.0,8.7551,63.34
119.887,measure,4952.0,1760.0,8.7155,63.31
119.987,measure,4952.0,1736.0,8.5967,63.41
120.087,measure,4952.0,1752.0,8.6759,63.31
120.187,measure,4952.0,1768.0,8.7551,63.38
120.288,measure,4952.0,1760.0,8.7155,63.12
120.388,measure,4952.0,1736.0,8.5967,63.34
120.488,measure,4952.0,1760.0,8.7155,63.22
120.589,measure,4952.0,1760.0,8.7155,63.19
120.689,measure,4952.0,1752.0,8.6759,63.12
120.789,measure,4952.0,1744.0,8.6363,63.12
120.889,measure,4952.0,1768.0,8.7551,63.28
120.989,measure,4952.0,1760.0,8.7155,63.28
121.089,measure,4952.0,1744.0,8.6363,63.12
121.189,measure,4952.0,1760.0,8.7155,63.28
121.290,measure,4952.0,1768.0,8.7551,63.34
121.390,measure,4952.0,1760.0,8.7155,63.47
121.490,measure,4952.0,1736.0,8.5967,63.22
121.590,measure,4952.0,1768.0,8.7551,63.34
121.690,measure,4952.0,1760.0,8.7155,63.28
121.790,measure,4952.0,1752.0,8.6759,63.38
121.890,measure,4952.0,1752.0,8.6759,63.25
121.991,measure,4952.0,1768.0,8.7551,63.19
122.091,measure,4952.0,1760.0,8.7155,63.50
122.191,measure,4952.0,1744.0,8.6363,63.22
122.291,measure,4952.0,1760.0,8.7155,63.16
122.391,measure,4952.0,1768.0,8.7551,63.25
122.491,measure,4952.0,1760.0,8.7155,63.25
122.591,measure,4952.0,1744.0,8.6363,63.09
122.692,measure,4952.0,1768.0,8.7551,63.28
122.792,measure,4952.0,1768.0,8.7551,63.25
122.892,measure,4952.0,1752.0,8.6759,63.34
122.992,measure,4952.0,1752.0,8.6759,63.22
123.092,measure,4952.0,1768.0,8.7551,63.34
123.192,measure,4952.0,1760.0,8.7155,63.44
123.293,measure,4952.0,1744.0,8.6363,63.25
123.393,measure,4952.0,1760.0,8.7155,63.31
123.493,measure,4952.0,1768.0,8.7551,63.50
123.593,measure,4952.0,1760.0,8.7155,63.34
123.693,measure,4952.0,1744.0,8.6363,63.06
123.793,measure,4952.0,1768.0,8.7551,63.66
123.893,measure,4952.0,1760.0,8.7155,63.50
123.994,measure,4952.0,1744.0,8.6363,63.25
124.094,measure,4952.0,1752.0,8.6759,63.22
124.194,measure,4952.0,1768.0,8.7551,63.34
124.294,measure,4952.0,1760.0,8.7155,63.25
124.394,measure,4952.0,1736.0,8.5967,63.19
124.494,measure,4952.0,1760.0,8.7155,63.22
124.594,measure,4952.0,1760.0,8.7155,63.47
124.695,measure,4952.0,1752.0,8.6759,63.31
124.795,measure,4952.0,1744.0,8.6363,63.25
124.895,measure,4952.0,1768.0,8.7551,63.56
124.995,measure,4952.0,1760.0,8.7155,63.44
125.095,measure,4952.0,1744.0,8.6363,63.22
125.195,measure,4952.0,1760.0,8.7155,63.47
125.295,measure,4952.0,1768.0,8.7551,63.47
125.395,measure,4952.0,1760.0,8.7155,63.28
125.496,measure,4952.0,1744.0,8.6363,63.12
125.596,measure,4952.0,1760.0,8.7155,63.56
125.696,measure,4952.0,1760.0,8.7155,63.31
125.796,measure,4952.0,1744.0,8.6363,63.22
125.896,measure,4952.0,1752.0,8.6759,63.25
125.996,measure,4952.0,1768.0,8.7551,63.34
126.096,measure,4952.0,1760.0,8.7155,63.34
126.197,measure,4952.0,1736.0,8.5967,63.25
126.297,measure,4952.0,1760.0,8.7155,63.28
126.397,measure,4952.0,1768.0,8.7551,63.44
126.497,measure,4952.0,1760.0,8.7155,63.38
126.597,measure,4952.0,1744.0,8.6363,63.41
126.697,measure,4952.0,1768.0,8.7551,63.44
126.797,measure,4952.0,1760.0,8.7155,63.44
126.897,measure,4952.0,1752.0,8.6759,63.50
126.998,measure,4952.0,1752.0,8.6759,63.38
127.098,measure,4952.0,1768.0,8.7551,63.34
127.198,measure,4952.0,1760.0,8.7155,63.25
127.298,measure,4952.0,1744.0,8.6363,63.47
127.398,measure,4952.0,1760.0,8.7155,63.25
127.498,measure,4952.0,1768.0,8.7551,63.28
127.598,measure,4952.0,1760.0,8.7155,63.34
127.699,measure,4952.0,1744.0,8.6363,63.25
127.799,measure,4952.0,1768.0,8.7551,63.41
127.899,measure,4952.0,1760.0,8.7155,63.41
127.999,measure,4952.0,1752.0,8.6759,63.31
128.099,measure,4952.0,1744.0,8.6363,63.34
128.199,measure,4952.0,1768.0,8.7551,63.41
128.299,measure,4952.0,1760.0,8.7155,63.66
128.399,measure,4952.0,1736.0,8.5967,63.34
128.500,measure,4952.0,1752.0,8.6759,63.38
128.600,measure,4952.0,1768.0,8.7551,63.28
128.700,measure,4952.0,1760.0,8.7155,63.56
128.800,measure,4952.0,1744.0,8.6363,63.28
128.900,measure,4952.0,1760.0,8.7155,63.28
129.001,measure,4952.0,1760.0,8.7155,63.75
129.101,measure,4952.0,1752.0,8.6759,63.22
129.201,measure,4952.0,1744.0,8.6363,63.19
129.301,measure,4952.0,1768.0,8.7551,63.50
129.401,measure,4952.0,1760.0,8.7155,63.34
129.501,measure,4952.0,1744.0,8.6363,63.38
129.601,measure,4952.0,1760.0,8.7155,63.34
129.702,measure,4952.0,1768.0,8.7551,63.38
129.802,measure,4952.0,1760.0,8.7155,63.41
129.902,measure,4952.0,1744.0,8.6363,63.34
130.002,measure,4952.0,1768.0,8.7551,63.72
130.103,measure,4952.0,1768.0,8.7551,63.56
130.203,measure,4952.0,1752.0,8.6759,63.34
130.303,measure,4952.0,1752.0,8.6759,63.31
130.403,measure,4952.0,1768.0,8.7551,63.69
130.503,measure,4952.0,1760.0,8.7155,63.53
130.603,measure,4952.0,1744.0,8.6363,63.25
130.703,measure,4952.0,1760.0,8.7155,63.66
130.804,measure,4952.0,1768.0,8.7551,63.38
130.904,measure,4952.0,1760.0,8.7155,63.28
131.004,measure,4952.0,1744.0,8.6363,63.25
131.104,measure,4952.0,1768.0,8.7551,63.53
131.204,measure,4952.0,1760.0,8.7155,63.47
131.304,measure,4952.0,1744.0,8.6363,63.38
131.404,measure,4952.0,1752.0,8.6759,63.31
131.504,measure,4952.0,1768.0,8.7551,63.66
131.605,measure,4952.0,1760.0,8.7155,63.47
131.705,measure,4952.0,1744.0,8.6363,63.25
131.805,measure,4952.0,1760.0,8.7155,63.59
131.905,measure,4952.0,1768.0,8.7551,63.56
132.005,measure,4952.0,1760.0,8.7155,63.34
132.105,measure,4952.0,1744.0,8.6363,63.53
132.205,measure,4952.0,1768.0,8.7551,63.50
132.306,measure,4952.0,1760.0,8.7155,63.34
132.406,measure,4952.0,1744.0,8.6363,63.28
132.506,measure,4952.0,1760.0,8.7155,63.34
132.606,measure,4952.0,1768.0,8.7551,63.44
132.706,measure,4952.0,1760.0,8.7155,63.41
132.806,measure,4952.0,1744.0,8.6363,63.28
132.907,measure,4952.0,1760.0,8.7155,63.53
133.007,measure,4952.0,1760.0,8.7155,63.53
133.108,measure,4952.0,1752.0,8.6759,63.56
133.208,measure,4952.0,1744.0,8.6363,63.53
133.308,measure,4952.0,1768.0,8.7551,63.66
133.408,measure,4952.0,1760.0,8.7155,63.38
133.508,measure,4952.0,1736.0,8.5967,63.53
133.608,measure,4952.0,1760.0,8.7155,63.59
133.708,measure,4952.0,1768.0,8.7551,63.44
133.809,measure,4952.0,1760.0,8.7155,63.66
133.909,measure,4952.0,1744.0,8.6363,63.28
134.009,measure,4952.0,1760.0,8.7155,63.38
134.110,measure,4952.0,1760.0,8.7155,63.53
134.210,measure,4952.0,1752.0,8.6759,63.34
134.310,measure,4952.0,1752.0,8.6759,63.41
134.410,measure,4952.0,1768.0,8.7551,63.59
134.510,measure,4952.0,1760.0,8.7155,63.75
134.610,measure,4952.0,1744.0,8.6363,63.56
134.710,measure,4952.0,1752.0,8.6759,63.53
134.811,measure,4952.0,1768.0,8.7551,63.50
134.911,measure,4952.0,1760.0,8.7155,63.62
135.011,measure,4952.0,1744.0,8.6363,63.44
135.111,measure,4952.0,1768.0,8.7551,63.38
135.211,measure,4952.0,1760.0,8.7155,63.75
135.311,measure,4952.0,1752.0,8.6759,63.56
135.411,measure,4952.0,1752.0,8.6759,63.34
135.512,measure,4952.0,1768.0,8.7551,63.38
135.612,measure,4952.0,1760.0,8.7155,63.44
135.712,measure,4952.0,1744.0,8.6363,63.31
135.812,measure,4952.0,1760.0,8.7155,63.44
135.912,measure,4952.0,1768.0,8.7551,63.50
136.012,measure,4952.0,1760.0,8.7155,63.44
136.112,measure,4952.0,1744.0,8.6363,63.41
136.213,measure,4952.0,1768.0,8.7551,63.81
136.313,measure,4952.0,1760.0,8.7155,63.62
136.413,measure,4952.0,1752.0,8.6759,63.50
136.513,measure,4952.0,1752.0,8.6759,63.41
136.613,measure,4952.0,1768.0,8.7551,63.75
136.714,measure,4952.0,1760.0,8.7155,63.66
136.814,measure,4952.0,1744.0,8.6363,63.53
136.914,measure,4952.0,1760.0,8.7155,63.78
137.014,measure,4952.0,1768.0,8.7551,63.75
137.114,measure,4952.0,1760.0,8.7155,63.41
137.214,measure,4952.0,1736.0,8.5967,63.34
137.315,measure,4952.0,1760.0,8.7155,63.72
137.415,measure,4952.0,1760.0,8.7155,63.44
137.515,measure,4952.0,1752.0,8.6759,63.41
137.615,measure,4952.0,1752.0,8.6759,63.47
137.715,measure,4952.0,1768.0,8.7551,63.56
137.815,measure,4952.0,1760.0,8.7155,63.56
137.915,measure,4952.0,1744.0,8.6363,63.75
138.016,measure,4952.0,1760.0,8.7155,63.66
138.116,measure,4952.0,1768.0,8.7551,63.72
138.216,measure,4952.0,1760.0,8.7155,63.47
138.316,measure,4952.0,1736.0,8.5967,63.62
138.417,measure,4952.0,1760.0,8.7155,63.41
138.517,measure,4952.0,1760.0,8.7155,63.44
138.617,measure,4952.0,1752.0,8.6759,63.38
138.717,measure,4952.0,1744.0,8.6363,63.56
138.817,measure,4952.0,1768.0,8.7551,63.53
138.917,measure,4952.0,1760.0,8.7155,63.56
139.018,measure,4952.0,1744.0,8.6363,63.44
139.118,measure,4952.0,1760.0,8.7155,63.47
139.218,measure,4952.0,1768.0,8.7551,63.66
139.318,measure,4952.0,1760.0,8.7155,63.47
139.418,measure,4952.0,1744.0,8.6363,63.50
139.519,measure,4952.0,1768.0,8.7551,63.66
139.619,measure,4952.0,1760.0,8.7155,63.69
139.719,measure,4952.0,1752.0,8.6759,63.69
139.819,measure,4952.0,1744.0,8.6363,63.59
139.919,measure,4952.0,1768.0,8.7551,63.72
140.019,measure,4952.0,1760.0,8.7155,63.91
140.119,measure,4952.0,1744.0,8.6363,63.53
140.220,measure,4952.0,1752.0,8.6759,63.41
140.320,measure,4952.0,1768.0,8.7551,63.56
140.420,measure,4952.0,1752.0,8.6759,63.56
140.520,measure,4952.0,1736.0,8.5967,63.59
140.620,measure,4952.0,1760.0,8.7155,63.56
140.721,measure,4952.0,1760.0,8.7155,63.56
140.821,measure,4952.0,1752.0,8.6759,63.47
140.921,measure,4952.0,1752.0,8.6759,63.44
141.021,measure,4952.0,1768.0,8.7551,63.72
141.121,measure,4952.0,1760.0,8.7155,63.75
141.221,measure,4952.0,1744.0,8.6363,63.44
141.321,measure,4952.0,1760.0,8.7155,63.50
141.422,measure,4952.0,1768.0,8.7551,63.81
141.522,measure,4952.0,1760.0,8.7155,63.69
141.622,measure,4952.0,1744.0,8.6363,63.50
141.722,measure,4952.0,1768.0,8.7551,63.91
141.823,measure,4952.0,1768.0,8.7551,63.81
141.923,measure,4952.0,1752.0,8.6759,63.50
142.023,measure,4952.0,1752.0,8.6759,63.34
142.123,measure,4952.0,1768.0,8.7551,63.59
142.223,measure,4952.0,1760.0,8.7155,63.50
142.323,measure,4952.0,1744.0,8.6363,63.53
142.423,measure,4952.0,1760.0,8.7155,63.59
142.523,measure,4952.0,1768.0,8.7551,63.69
142.624,measure,4952.0,1760.0,8.7155,63.69
142.724,measure,4952.0,1744.0,8.6363,63.47
142.824,measure,4952.0,1768.0,8.7551,63.81
142.924,measure,4952.0,1768.0,8.7551,63.78
143.024,measure,4952.0,1752.0,8.6759,63.56
143.124,measure,4952.0,1744.0,8.6363,63.78
143.224,measure,4952.0,1768.0,8.7551,63.84
143.325,measure,4952.0,1760.0,8.7155,63.66
143.425,measure,4952.0,1744.0,8.6363,63.59
143.525,measure,4952.0,1752.0,8.6759,63.81
143.625,measure,4952.0,1768.0,8.7551,63.53
143.725,measure,4952.0,1760.0,8.7155,63.47
143.825,measure,4952.0,1744.0,8.6363,63.47
143.925,measure,4952.0,1768.0,8.7551,63.56
144.026,measure,4952.0,1768.0,8.7551,63.75
144.126,measure,4952.0,1752.0,8.6759,63.56
144.226,measure,4952.0,1744.0,8.6363,63.44
144.326,measure,4952.0,1768.0,8.7551,63.81
144.426,measure,4952.0,1760.0,8.7155,63.62
144.526,measure,4952.0,1744.0,8.6363,63.72
144.626,measure,4952.0,1760.0,8.7155,63.75
144.727,measure,4944.0,1768.0,8.7410,63.75
144.827,measure,4952.0,1760.0,8.7155,63.88
144.927,measure,4952.0,1744.0,8.6363,63.62
145.027,measure,4952.0,1768.0,8.7551,63.78
145.127,measure,4952.0,1768.0,8.7551,63.66
145.227,measure,4952.0,1752.0,8.6759,63.75
145.327,measure,4952.0,1744.0,8.6363,63.50
145.427,measure,4952.0,1768.0,8.7551,63.69
145.528,measure,4952.0,1760.0,8.7155,63.91
145.628,measure,4952.0,1752.0,8.6759,63.56
145.728,measure,4952.0,1760.0,8.7155,63.69
145.828,measure,4952.0,1768.0,8.7551,63.75
145.928,measure,4952.0,1760.0,8.7155,63.56
146.028,measure,4952.0,1736.0,8.5967,63.62
146.128,measure,4952.0,1760.0,8.7155,63.72
146.228,measure,4952.0,1760.0,8.7155,63.62
146.329,measure,4952.0,1752.0,8.6759,63.69
146.429,measure,4952.0,1744.0,8.6363,63.56
146.529,measure,4952.0,1768.0,8.7551,63.62
146.629,measure,4952.0,1760.0,8.7155,63.81
146.729,measure,4952.0,1744.0,8.6363,63.69
146.829,measure,4952.0,1752.0,8.6759,63.44
146.929,measure,4952.0,1768.0,8.7551,63.97
147.029,measure,4952.0,1760.0,8.7155,63.59
147.130,measure,4952.0,1744.0,8.6363,63.59
147.230,measure,4952.0,1760.0,8.7155,63.53
147.330,measure,4952.0,1768.0,8.7551,63.66
147.430,measure,4952.0,1760.0,8.7155,63.56
147.530,measure,4952.0,1744.0,8.6363,63.56
147.630,measure,4952.0,1768.0,8.7551,63.81
147.730,measure,4952.0,1768.0,8.7551,63.88
147.831,measure,4952.0,1752.0,8.6759,63.72
147.931,measure,4952.0,1752.0,8.6759,63.59
148.031,measure,4944.0,1776.0,8.7805,63.88
148.131,measure,4952.0,1760.0,8.7155,63.78
148.231,measure,4952.0,1744.0,8.6363,63.53
148.331,measure,4952.0,1760.0,8.7155,63.88
148.431,measure,4952.0,1768.0,8.7551,63.84
148.531,measure,4952.0,1760.0,8.7155,63.59
148.632,measure,4952.0,1744.0,8.6363,63.81
148.732,measure,4952.0,1768.0,8.7551,63.72
148.832,measure,4952.0,1768.0,8.7551,63.69
148.932,measure,4952.0,1752.0,8.6759,63.66
149.033,measure,4952.0,1752.0,8.6759,63.62
149.133,measure,4952.0,1768.0,8.7551,63.72
149.233,measure,4952.0,1760.0,8.7155,63.72
149.333,measure,4952.0,1744.0,8.6363,63.56
149.433,measure,4952.0,1760.0,8.7155,63.81
149.533,measure,4952.0,1768.0,8.7551,63.81
149.633,measure,4952.0,1760.0,8.7155,63.69
149.733,measure,4952.0,1744.0,8.6363,63.78
149.834,measure,4952.0,1768.0,8.7551,63.91
149.934,measure,4952.0,1760.0,8.7155,63.75
150.034,measure,4952.0,1744.0,8.6363,63.88
150.134,measure,4952.0,1752.0,8.6759,63.75
150.234,measure,4952.0,1768.0,8.7551,63.72
150.334,measure,4952.0,1760.0,8.7155,63.56
150.434,measure,4952.0,1744.0,8.6363,63.81
150.535,measure,4952.0,1760.0,8.7155,63.59
150.635,measure,4952.0,1768.0,8.7551,63.69
150.735,measure,4952.0,1760.0,8.7155,63.66
150.835,measure,4952.0,1744.0,8.6363,63.72
150.935,measure,4952.0,1768.0,8.7551,63.78
151.035,measure,4952.0,1768.0,8.7551,63.78
151.135,measure,4952.0,1752.0,8.6759,63.62
151.235,measure,4952.0,1752.0,8.6759,63.78
151.336,measure,4952.0,1776.0,8.7948,63.75
151.436,measure,4952.0,1760.0,8.7155,63.94
151.536,measure,4952.0,1744.0,8.6363,63.78
151.636,measure,4952.0,1760.0,8.7155,63.75
151.736,measure,4952.0,1768.0,8.7551,64.09
151.836,measure,4952.0,1760.0,8.7155,63.84
151.936,measure,4952.0,1744.0,8.6363,63.59
152.037,measure,4944.0,1768.0,8.7410,63.75
152.137,measure,4952.0,1760.0,8.7155,64.06
152.237,measure,4952.0,1752.0,8.6759,63.62
152.337,measure,4952.0,1752.0,8.6759,63.53
152.437,measure,4952.0,1768.0,8.7551,63.81
152.537,measure,4952.0,1760.0,8.7155,63.69
152.637,measure,4952.0,1736.0,8.5967,63.62
152.737,measure,4952.0,1760.0,8.7155,63.72
152.838,measure,4952.0,1768.0,8.7551,63.81
152.938,measure,4952.0,1760.0,8.7155,63.88
153.038,measure,4952.0,1744.0,8.6363,63.66
153.138,measure,4952.0,1776.0,8.7948,64.09
153.238,measure,4952.0,1768.0,8.7551,63.88
153.338,measure,4952.0,1752.0,8.6759,63.72
153.438,measure,4952.0,1752.0,8.6759,63.75
153.539,measure,4944.0,1776.0,8.7805,63.97
153.639,measure,4952.0,1760.0,8.7155,63.81
153.739,measure,4952.0,1736.0,8.5967,63.62
153.839,measure,4952.0,1768.0,8.7551,63.94
153.939,measure,4952.0,1768.0,8.7551,63.75
154.039,measure,4952.0,1760.0,8.7155,63.66
154.139,measure,4952.0,1744.0,8.6363,63.62
154.239,measure,4952.0,1768.0,8.7551,63.81
154.340,measure,4952.0,1760.0,8.7155,63.72
154.440,measure,4952.0,1752.0,8.6759,63.81
154.540,measure,4952.0,1752.0,8.6759,63.66
154.640,measure,4944.0,1768.0,8.7410,63.97
154.740,measure,4952.0,1760.0,8.7155,63.81
154.840,measure,4952.0,1736.0,8.5967,63.62
154.940,measure,4952.0,1768.0,8.7551,63.91
155.041,measure,4952.0,1768.0,8.7551,63.84
155.141,measure,4952.0,1760.0,8.7155,63.62
155.241,measure,4952.0,1744.0,8.6363,63.81
155.341,measure,4944.0,1768.0,8.7410,63.88
155.441,measure,4952.0,1760.0,8.7155,63.75
155.541,measure,4952.0,1744.0,8.6363,63.91
155.641,measure,4952.0,1752.0,8.6759,63.69
155.742,measure,4944.0,1768.0,8.7410,63.81
155.842,measure,4944.0,1760.0,8.7014,63.84
155.942,measure,4952.0,1744.0,8.6363,63.62
156.042,measure,4944.0,1768.0,8.7410,63.72
156.142,measure,4944.0,1760.0,8.7014,63.84
156.242,measure,4952.0,1752.0,8.6759,63.78
156.342,measure,4952.0,1752.0,8.6759,63.81
156.442,measure,4944.0,1768.0,8.7410,63.88
156.543,measure,4952.0,1760.0,8.7155,63.81
156.643,measure,4952.0,1744.0,8.6363,63.84
156.743,measure,4952.0,1760.0,8.7155,63.81
156.843,measure,4944.0,1768.0,8.7410,63.75
156.943,measure,4952.0,1760.0,8.7155,63.97
157.043,measure,4952.0,1744.0,8.6363,63.81
157.143,measure,4944.0,1760.0,8.7014,63.78
157.244,measure,4952.0,1760.0,8.7155,63.69
157.344,measure,4952.0,1752.0,8.6759,63.94
157.444,measure,4952.0,1752.0,8.6759,63.69
157.544,measure,4952.0,1768.0,8.7551,63.72
157.644,measure,4952.0,1760.0,8.7155,63.81
157.744,measure,4952.0,1744.0,8.6363,63.62
157.844,measure,4952.0,1760.0,8.7155,63.81
157.944,measure,4952.0,1768.0,8.7551,63.84
158.045,measure,4952.0,1752.0,8.6759,63.94
158.145,measure,4952.0,1744.0,8.6363,63.81
158.245,measure,4952.0,1768.0,8.7551,63.88
158.345,measure,4952.0,1768.0,8.7551,64.03
158.445,measure,4952.0,1752.0,8.6759,63.84
158.545,measure,4952.0,1752.0,8.6759,63.78
158.645,measure,4952.0,1768.0,8.7551,64.09
158.746,measure,4952.0,1760.0,8.7155,64.03
158.846,measure,4952.0,1744.0,8.6363,63.56
158.946,measure,4952.0,1760.0,8.7155,63.66
159.046,measure,4952.0,1768.0,8.7551,64.03
159.146,measure,4952.0,1752.0,8.6759,63.69
159.246,measure,4952.0,1744.0,8.6363,63.59
159.346,measure,4952.0,1768.0,8.7551,63.81
159.447,measure,4952.0,1768.0,8.7551,63.78
159.547,measure,4952.0,1744.0,8.6363,63.84
159.647,measure,4952.0,1752.0,8.6759,63.69
159.747,measure,4944.0,1768.0,8.7410,63.84
159.847,measure,4952.0,1760.0,8.7155,63.94
159.947,measure,4952.0,1744.0,8.6363,63.69
160.047,measure,4944.0,1760.0,8.7014,63.94
160.147,measure,4944.0,1768.0,8.7410,64.00
160.248,measure,4952.0,1760.0,8.7155,63.78
160.348,measure,4952.0,1744.0,8.6363,64.00
160.448,measure,4944.0,1768.0,8.7410,64.00
160.548,measure,4952.0,1768.0,8.7551,63.81
160.648,measure,4952.0,1760.0,8.7155,63.69
160.749,measure,4952.0,1752.0,8.6759,63.94
160.849,measure,4944.0,1776.0,8.7805,63.78
160.949,measure,4944.0,1768.0,8.7410,63.81
161.049,measure,4944.0,1760.0,8.7014,63.78
161.149,measure,4952.0,1752.0,8.6759,63.72
161.249,measure,4944.0,1776.0,8.7805,63.88
161.350,measure,4944.0,1776.0,8.7805,63.88
161.450,measure,4944.0,1768.0,8.7410,64.03
161.550,measure,4952.0,1752.0,8.6759,63.81
161.650,measure,4944.0,1776.0,8.7805,63.94
161.750,measure,4952.0,1776.0,8.7948,64.12
161.850,measure,4952.0,1760.0,8.7155,63.84
161.950,measure,4952.0,1752.0,8.6759,63.81
162.051,measure,4952.0,1776.0,8.7948,63.78
162.151,measure,4944.0,1776.0,8.7805,64.06
162.251,measure,4952.0,1776.0,8.7948,63.81
162.351,measure,4952.0,1752.0,8.6759,63.59
162.451,measure,4944.0,1776.0,8.7805,64.00
162.552,measure,4944.0,1792.0,8.8596,63.88
162.652,measure,4944.0,1784.0,8.8201,63.78
162.752,measure,4952.0,1768.0,8.7551,63.75
162.852,measure,4952.0,1768.0,8.7551,63.78
162.952,measure,4944.0,1792.0,8.8596,63.97
163.052,measure,4944.0,1784.0,8.8201,63.91
163.152,measure,4944.0,1776.0,8.7805,64.06
163.253,measure,4952.0,1768.0,8.7551,63.81
163.353,measure,4944.0,1784.0,8.8201,64.03
163.453,measure,4944.0,1784.0,8.8201,64.19
163.553,measure,4952.0,1760.0,8.7155,63.94
163.653,measure,4944.0,1760.0,8.7014,63.88
163.753,measure,4944.0,1784.0,8.8201,63.81
163.853,measure,4944.0,1776.0,8.7805,64.12
163.954,measure,4944.0,1768.0,8.7410,63.81
164.054,measure,4952.0,1760.0,8.7155,63.66
164.154,measure,4944.0,1776.0,8.7805,64.16
164.254,measure,4952.0,1776.0,8.7948,63.88
164.354,measure,4952.0,1768.0,8.7551,63.78
164.454,measure,4952.0,1760.0,8.7155,63.81
164.554,measure,4944.0,1784.0,8.8201,63.84
164.655,measure,4944.0,1784.0,8.8201,64.00
164.755,measure,4952.0,1776.0,8.7948,63.84
164.855,measure,4952.0,1760.0,8.7155,63.72
164.955,measure,4944.0,1784.0,8.8201,64.12
165.055,measure,4944.0,1776.0,8.7805,64.00
165.155,measure,4952.0,1760.0,8.7155,63.75
165.256,measure,4952.0,1760.0,8.7155,63.84
165.356,measure,4952.0,1776.0,8.7948,63.81
165.456,measure,4944.0,1784.0,8.8201,63.81
165.556,measure,4952.0,1768.0,8.7551,64.12
165.656,measure,4952.0,1752.0,8.6759,63.78
165.756,measure,4944.0,1776.0,8.7805,63.81
165.856,measure,4944.0,1784.0,8.8201,63.88
165.957,measure,4944.0,1776.0,8.7805,63.88
166.057,measure,4952.0,1760.0,8.7155,63.72
166.157,measure,4952.0,1768.0,8.7551,63.81
166.257,measure,4952.0,1784.0,8.8344,64.19
166.357,measure,4952.0,1776.0,8.7948,64.06
166.457,measure,4952.0,1760.0,8.7155,63.88
166.557,measure,4952.0,1768.0,8.7551,64.06
166.658,measure,4944.0,1784.0,8.8201,64.12
166.758,measure,4944.0,1776.0,8.7805,63.97
166.858,measure,4952.0,1768.0,8.7551,63.81
166.958,measure,4952.0,1768.0,8.7551,64.03
167.058,measure,4944.0,1784.0,8.8201,64.06
167.158,measure,4944.0,1784.0,8.8201,63.84
167.259,measure,4944.0,1776.0,8.7805,64.09
167.359,measure,4952.0,1760.0,8.7155,63.94
167.459,measure,4944.0,1784.0,8.8201,63.84
167.559,measure,4944.0,1784.0,8.8201,63.88
167.659,measure,4944.0,1776.0,8.7805,63.88
167.759,measure,4952.0,1760.0,8.7155,63.69
167.859,measure,4944.0,1776.0,8.7805,63.84
167.960,measure,4944.0,1792.0,8.8596,63.94
168.060,measure,4944.0,1784.0,8.8201,63.88
168.160,measure,4944.0,1768.0,8.7410,63.91
168.260,measure,4944.0,1776.0,8.7805,63.88
168.360,measure,4944.0,1792.0,8.8596,64.12
168.460,measure,4944.0,1776.0,8.7805,64.00
168.560,measure,4944.0,1768.0,8.7410,63.88
168.661,measure,4944.0,1768.0,8.7410,64.09
168.761,measure,4944.0,1784.0,8.8201,63.88
168.861,measure,4944.0,1784.0,8.8201,63.81
168.961,measure,4944.0,1776.0,8.7805,63.94
169.061,measure,4952.0,1760.0,8.7155,63.97
169.161,measure,4944.0,1784.0,8.8201,63.84
169.261,measure,4944.0,1776.0,8.7805,63.81
169.362,measure,4952.0,1760.0,8.7155,63.84
169.462,measure,4952.0,1760.0,8.7155,63.78
169.562,measure,4944.0,1776.0,8.7805,63.97
169.662,measure,4944.0,1776.0,8.7805,63.91
169.762,measure,4952.0,1760.0,8.7155,64.03
169.862,measure,4952.0,1760.0,8.7155,63.91
169.962,measure,4944.0,1776.0,8.7805,64.03
170.063,measure,4944.0,1776.0,8.7805,64.19
170.163,measure,4944.0,1776.0,8.7805,64.00
170.263,measure,4952.0,1760.0,8.7155,63.78
170.363,measure,4944.0,1784.0,8.8201,64.19
170.463,measure,4944.0,1792.0,8.8596,64.16
170.563,measure,4944.0,1776.0,8.7805,63.81
170.664,measure,4944.0,1760.0,8.7014,63.72
170.764,measure,4944.0,1776.0,8.7805,64.12
170.864,measure,4944.0,1784.0,8.8201,63.97
170.964,measure,4944.0,1776.0,8.7805,63.88
171.064,measure,4944.0,1768.0,8.7410,63.81
171.164,measure,4944.0,1768.0,8.7410,63.84
171.264,measure,4944.0,1792.0,8.8596,64.09
171.364,measure,4944.0,1784.0,8.8201,63.97
171.465,measure,4944.0,1776.0,8.7805,63.84
171.565,measure,4944.0,1768.0,8.7410,63.91
171.665,measure,4944.0,1784.0,8.8201,64.12
171.765,measure,4944.0,1776.0,8.7805,64.16
171.865,measure,4952.0,1752.0,8.6759,64.00
171.966,measure,4952.0,1760.0,8.7155,63.97
172.066,measure,4952.0,1768.0,8.7551,63.81
172.166,measure,4952.0,1752.0,8.6759,64.12
172.266,measure,4952.0,1744.0,8.6363,63.94
172.366,measure,4952.0,1768.0,8.7551,63.97
172.466,measure,4952.0,1760.0,8.7155,64.12
172.566,measure,4952.0,1744.0,8.6363,63.81
172.666,measure,4952.0,1760.0,8.7155,63.91
172.767,measure,4952.0,1768.0,8.7551,64.00
172.867,measure,4952.0,1760.0,8.7155,63.88
172.967,measure,4952.0,1744.0,8.6363,63.78
173.067,measure,4952.0,1768.0,8.7551,63.94
173.167,measure,4952.0,1768.0,8.7551,63.94
173.267,measure,4952.0,1752.0,8.6759,63.97
173.368,measure,4952.0,1752.0,8.6759,63.81
173.468,measure,4944.0,1768.0,8.7410,64.31
173.568,measure,4952.0,1760.0,8.7155,64.09
173.668,measure,4952.0,1744.0,8.6363,63.91
173.768,measure,4952.0,1760.0,8.7155,63.81
173.868,measure,4944.0,1768.0,8.7410,64.22
173.969,measure,4952.0,1760.0,8.7155,64.03
174.069,measure,4952.0,1744.0,8.6363,63.78
174.169,measure,4944.0,1768.0,8.7410,63.81
174.269,measure,4944.0,1768.0,8.7410,63.94
174.370,measure,4952.0,1752.0,8.6759,63.84
174.470,measure,4952.0,1752.0,8.6759,63.91
174.570,measure,4944.0,1776.0,8.7805,64.03
174.670,measure,4944.0,1768.0,8.7410,64.06
174.770,measure,4952.0,1752.0,8.6759,63.88
174.870,measure,4952.0,1760.0,8.7155,63.91
174.970,measure,4944.0,1768.0,8.7410,64.19
175.070,measure,4952.0,1760.0,8.7155,64.00
175.171,measure,4952.0,1744.0,8.6363,63.88
175.271,measure,4952.0,1768.0,8.7551,64.12
175.371,measure,4952.0,1760.0,8.7155,64.06
175.471,measure,4952.0,1752.0,8.6759,63.94
175.571,measure,4952.0,1760.0,8.7155,64.09
175.671,measure,4952.0,1768.0,8.7551,64.19
175.771,measure,4952.0,1760.0,8.7155,63.84
175.872,measure,4952.0,1736.0,8.5967,63.78
175.972,measure,4952.0,1768.0,8.7551,63.94
176.072,measure,4944.0,1768.0,8.7410,63.94
176.172,measure,4952.0,1760.0,8.7155,63.94
176.272,measure,4952.0,1752.0,8.6759,63.78
176.372,measure,4944.0,1776.0,8.7805,64.03
176.472,measure,4944.0,1768.0,8.7410,64.03
176.572,measure,4952.0,1744.0,8.6363,63.84
176.673,measure,4944.0,1760.0,8.7014,64.00
176.773,measure,4944.0,1768.0,8.7410,64.16
176.873,measure,4952.0,1760.0,8.7155,63.91
176.973,measure,4952.0,1744.0,8.6363,63.97
177.073,measure,4952.0,1760.0,8.7155,64.09
177.173,measure,4952.0,1760.0,8.7155,63.88
177.273,measure,4952.0,1752.0,8.6759,64.25
177.373,measure,4952.0,1752.0,8.6759,64.03
177.474,measure,4952.0,1776.0,8.7948,64.03
177.574,measure,4952.0,1760.0,8.7155,64.00
177.674,measure,4952.0,1752.0,8.6759,63.81
177.774,measure,4952.0,1760.0,8.7155,63.88
177.874,measure,4944.0,1776.0,8.7805,64.16
177.974,measure,4944.0,1768.0,8.7410,63.91
178.074,measure,4952.0,1744.0,8.6363,63.78
178.175,measure,4944.0,1768.0,8.7410,64.09
178.275,measure,4944.0,1768.0,8.7410,64.00
178.375,measure,4952.0,1752.0,8.6759,64.09
178.475,measure,4944.0,1752.0,8.6619,64.00
178.575,measure,4944.0,1768.0,8.7410,64.09
178.675,measure,4944.0,1760.0,8.7014,64.19
178.775,measure,4952.0,1736.0,8.5967,63.91
178.876,measure,4952.0,1760.0,8.7155,64.03
178.976,measure,4952.0,1768.0,8.7551,63.91
179.076,measure,4952.0,1752.0,8.6759,64.09
179.176,measure,4952.0,1752.0,8.6759,63.88
179.276,measure,4952.0,1776.0,8.7948,63.91
179.376,measure,4952.0,1768.0,8.7551,64.25
179.476,measure,4952.0,1752.0,8.6759,63.88
179.576,measure,4952.0,1760.0,8.7155,63.94
179.677,measure,4952.0,1768.0,8.7551,64.06
179.777,measure,4952.0,1752.0,8.6759,63.94
179.877,measure,4952.0,1736.0,8.5967,63.97
179.977,measure,4944.0,1760.0,8.7014,64.09
180.077,measure,4952.0,1752.0,8.6759,64.00
180.177,measure,4952.0,1736.0,8.5967,63.97
180.277,measure,4944.0,1752.0,8.6619,64.00
180.377,measure,4944.0,1768.0,8.7410,64.31
180.478,measure,4952.0,1760.0,8.7155,64.12
180.578,measure,4952.0,1744.0,8.6363,64.00
180.679,measure,4944.0,1768.0,8.7410,63.88
180.779,measure,4952.0,1768.0,8.7551,64.22
180.879,measure,4952.0,1752.0,8.6759,63.81
180.979,measure,4952.0,1752.0,8.6759,63.94
181.079,measure,4944.0,1768.0,8.7410,64.03
181.180,measure,4944.0,1760.0,8.7014,63.97
181.280,measure,4952.0,1736.0,8.5967,63.88
181.380,measure,4944.0,1760.0,8.7014,63.97
181.480,measure,4944.0,1760.0,8.7014,64.25
181.580,measure,4944.0,1744.0,8.6223,64.00
181.680,measure,4952.0,1744.0,8.6363,63.94
181.780,measure,4944.0,1768.0,8.7410,64.25
181.880,measure,4952.0,1760.0,8.7155,64.09
181.981,measure,4952.0,1736.0,8.5967,63.94
182.081,measure,4952.0,1752.0,8.6759,64.34
182.181,measure,4944.0,1760.0,8.7014,64.19
182.281,measure,4952.0,1752.0,8.6759,64.06
182.381,measure,4952.0,1744.0,8.6363,63.81
182.481,measure,4944.0,1768.0,8.7410,64.28
182.581,measure,4952.0,1760.0,8.7155,63.97
182.681,measure,4952.0,1744.0,8.6363,63.81
182.782,measure,4952.0,1752.0,8.6759,64.31
182.882,measure,4944.0,1768.0,8.7410,64.00
182.982,measure,4952.0,1760.0,8.7155,64.09
183.082,measure,4952.0,1744.0,8.6363,63.88
183.182,measure,4944.0,1768.0,8.7410,64.22
183.282,measure,4944.0,1760.0,8.7014,64.12
183.382,measure,4952.0,1744.0,8.6363,63.97
183.483,measure,4952.0,1752.0,8.6759,64.06
183.583,measure,4944.0,1768.0,8.7410,64.22
183.683,measure,4952.0,1752.0,8.6759,64.06
183.783,measure,4952.0,1744.0,8.6363,63.97
183.883,measure,4952.0,1768.0,8.7551,64.31
183.983,measure,4952.0,1760.0,8.7155,64.12
184.083,measure,4952.0,1744.0,8.6363,63.84
184.183,measure,4952.0,1752.0,8.6759,64.19
184.284,measure,4944.0,1768.0,8.7410,64.06
184.384,measure,4952.0,1760.0,8.7155,63.94
184.484,measure,4952.0,1744.0,8.6363,63.84
184.584,measure,4952.0,1768.0,8.7551,63.97
184.684,measure,4952.0,1768.0,8.7551,64.00
184.784,measure,4952.0,1752.0,8.6759,64.00
184.885,measure,4952.0,1752.0,8.6759,63.97
184.985,measure,4944.0,1768.0,8.7410,64.28
185.085,measure,4952.0,1760.0,8.7155,64.03
185.185,measure,4952.0,1744.0,8.6363,63.81
185.285,measure,4952.0,1760.0,8.7155,64.19
185.385,measure,4952.0,1768.0,8.7551,64.16
185.485,measure,4952.0,1760.0,8.7155,63.88
185.585,measure,4952.0,1744.0,8.6363,64.09
185.687,measure,4952.0,1760.0,8.7155,63.97
185.787,measure,4952.0,1760.0,8.7155,64.00
185.887,measure,4952.0,1744.0,8.6363,64.12
185.987,measure,4952.0,1752.0,8.6759,63.84
186.087,measure,4944.0,1768.0,8.7410,64.03
186.187,measure,4952.0,1752.0,8.6759,64.06
186.287,measure,4952.0,1736.0,8.5967,63.81
186.388,measure,4944.0,1760.0,8.7014,64.06
186.488,measure,4944.0,1760.0,8.7014,64.06
186.588,measure,4952.0,1744.0,8.6363,63.94
186.688,measure,4952.0,1752.0,8.6759,64.06
186.788,measure,4944.0,1768.0,8.7410,64.22
186.888,measure,4952.0,1760.0,8.7155,64.00
186.988,measure,4952.0,1744.0,8.6363,64.06
187.088,measure,4952.0,1760.0,8.7155,64.16
187.189,measure,4944.0,1768.0,8.7410,63.97
187.289,measure,4952.0,1760.0,8.7155,64.19
187.389,measure,4952.0,1744.0,8.6363,64.03
187.489,measure,4944.0,1768.0,8.7410,64.09
187.589,measure,4952.0,1760.0,8.7155,63.97
187.689,measure,4952.0,1744.0,8.6363,63.88
187.789,measure,4944.0,1752.0,8.6619,63.94
187.889,measure,4944.0,1760.0,8.7014,64.12
187.990,measure,4944.0,1760.0,8.7014,63.97
188.090,measure,4944.0,1744.0,8.6223,64.03
188.191,measure,4944.0,1768.0,8.7410,64.12
188.291,measure,4944.0,1760.0,8.7014,64.06
188.391,measure,4952.0,1752.0,8.6759,64.12
188.491,measure,4952.0,1752.0,8.6759,64.06
188.591,measure,4944.0,1768.0,8.7410,64.16
188.691,measure,4952.0,1760.0,8.7155,64.22
188.791,measure,4952.0,1744.0,8.6363,64.00
188.892,measure,4952.0,1768.0,8.7551,63.91
188.992,measure,4952.0,1776.0,8.7948,64.31
189.092,measure,4952.0,1760.0,8.7155,64.16
189.192,measure,4952.0,1752.0,8.6759,63.81
189.292,measure,4944.0,1768.0,8.7410,64.12
189.392,measure,4952.0,1768.0,8.7551,64.03
189.492,measure,4952.0,1744.0,8.6363,63.94
189.592,measure,4952.0,1760.0,8.7155,64.06
189.693,measure,4952.0,1768.0,8.7551,64.09
189.793,measure,4952.0,1760.0,8.7155,64.19
189.893,measure,4952.0,1744.0,8.6363,63.91
189.993,measure,4952.0,1768.0,8.7551,64.09
190.093,measure,4952.0,1768.0,8.7551,64.28
190.193,measure,4952.0,1752.0,8.6759,64.16
190.293,measure,4952.0,1760.0,8.7155,64.06
190.393,measure,4952.0,1768.0,8.7551,64.38
190.494,measure,4952.0,1760.0,8.7155,64.12
190.594,measure,4952.0,1736.0,8.5967,63.84
190.694,measure,4952.0,1760.0,8.7155,64.03
190.794,measure,4944.0,1760.0,8.7014,64.31
190.894,measure,4952.0,1752.0,8.6759,64.00
190.994,measure,4952.0,1752.0,8.6759,63.88
191.094,measure,4944.0,1768.0,8.7410,64.16
191.195,measure,4944.0,1760.0,8.7014,64.09
191.295,measure,4952.0,1744.0,8.6363,63.97
191.395,measure,4952.0,1760.0,8.7155,63.97
191.495,measure,4944.0,1768.0,8.7410,64.06
191.595,measure,4952.0,1760.0,8.7155,64.16
191.695,measure,4952.0,1744.0,8.6363,63.97
191.795,measure,4944.0,1768.0,8.7410,64.25
191.895,measure,4944.0,1768.0,8.7410,64.19
191.996,measure,4952.0,1752.0,8.6759,64.00
192.096,measure,4952.0,1760.0,8.7155,64.31
192.196,measure,4944.0,1776.0,8.7805,64.25
192.296,measure,4944.0,1760.0,8.7014,64.16
192.396,measure,4952.0,1744.0,8.6363,63.84
192.496,measure,4944.0,1760.0,8.7014,64.28
192.596,measure,4944.0,1768.0,8.7410,64.09
192.697,measure,4944.0,1760.0,8.7014,64.00
192.797,measure,4952.0,1744.0,8.6363,63.84
192.897,measure,4944.0,1776.0,8.7805,64.12
192.997,measure,4944.0,1760.0,8.7014,64.16
193.097,measure,4952.0,1744.0,8.6363,64.00
193.197,measure,4952.0,1760.0,8.7155,63.97
193.297,measure,4944.0,1768.0,8.7410,64.19
193.397,measure,4952.0,1760.0,8.7155,64.09
193.498,measure,4952.0,1744.0,8.6363,63.94
193.598,measure,4944.0,1768.0,8.7410,64.25
193.698,measure,4944.0,1768.0,8.7410,64.16
193.798,measure,4952.0,1760.0,8.7155,63.97
193.898,measure,4952.0,1752.0,8.6759,64.16
193.998,measure,4944.0,1776.0,8.7805,64.22
194.098,measure,4952.0,1760.0,8.7155,64.00
194.199,measure,4952.0,1744.0,8.6363,64.19
194.299,measure,4944.0,1760.0,8.7014,63.97
194.399,measure,4952.0,1768.0,8.7551,64.06
194.499,measure,4952.0,1760.0,8.7155,64.06
194.599,measure,4952.0,1744.0,8.6363,63.88
194.699,measure,4952.0,1768.0,8.7551,64.19
194.799,measure,4952.0,1768.0,8.7551,64.09
194.900,measure,4952.0,1752.0,8.6759,64.00
195.000,measure,4952.0,1752.0,8.6759,64.09
195.100,measure,4944.0,1776.0,8.7805,64.25
195.200,measure,4944.0,1760.0,8.7014,64.00
195.300,measure,4952.0,1744.0,8.6363,64.16
195.400,measure,4952.0,1760.0,8.7155,64.16
195.500,measure,4944.0,1768.0,8.7410,64.16
195.600,measure,4952.0,1760.0,8.7155,64.28
195.701,measure,4952.0,1744.0,8.6363,64.09
195.801,measure,4944.0,1768.0,8.7410,64.16
195.901,measure,4944.0,1768.0,8.7410,64.44
196.001,measure,4952.0,1744.0,8.6363,64.12
196.101,measure,4952.0,1752.0,8.6759,63.91
196.201,measure,4944.0,1768.0,8.7410,64.09
196.301,measure,4944.0,1760.0,8.7014,64.09
196.401,measure,4952.0,1744.0,8.6363,63.88
196.502,measure,4952.0,1760.0,8.7155,64.09
196.602,measure,4944.0,1768.0,8.7410,64.12
196.702,measure,4952.0,1760.0,8.7155,64.22
196.802,measure,4952.0,1744.0,8.6363,64.00
196.902,measure,4944.0,1776.0,8.7805,64.41
197.002,measure,4952.0,1768.0,8.7551,64.31
197.102,measure,4952.0,1752.0,8.6759,64.06
197.202,measure,4952.0,1760.0,8.7155,64.09
197.303,measure,4952.0,1776.0,8.7948,64.41
197.403,measure,4952.0,1768.0,8.7551,64.25
197.503,measure,4952.0,1744.0,8.6363,64.03
197.603,measure,4944.0,1768.0,8.7410,64.03
197.703,measure,4944.0,1768.0,8.7410,64.34
197.803,measure,4944.0,1760.0,8.7014,64.06
197.903,measure,4952.0,1744.0,8.6363,63.94
198.004,measure,4944.0,1768.0,8.7410,64.06
198.104,measure,4944.0,1760.0,8.7014,64.09
198.204,measure,4952.0,1744.0,8.6363,64.03
198.304,measure,4944.0,1760.0,8.7014,64.03
198.404,measure,4944.0,1768.0,8.7410,64.12
198.504,measure,4944.0,1760.0,8.7014,64.25
198.604,measure,4952.0,1744.0,8.6363,64.06
198.705,measure,4944.0,1768.0,8.7410,64.34
198.805,measure,4944.0,1760.0,8.7014,64.31
198.906,measure,4952.0,1752.0,8.6759,64.16
199.006,measure,4952.0,1752.0,8.6759,64.31
199.106,measure,4944.0,1768.0,8.7410,64.31
199.206,measure,4944.0,1760.0,8.7014,64.00
199.306,measure,4952.0,1744.0,8.6363,63.94
199.406,measure,4944.0,1760.0,8.7014,64.31
199.506,measure,4944.0,1768.0,8.7410,64.12
199.606,measure,4952.0,1760.0,8.7155,64.06
199.707,measure,4952.0,1752.0,8.6759,64.00
199.807,measure,4944.0,1768.0,8.7410,64.28
199.907,measure,4944.0,1760.0,8.7014,64.28
200.007,measure,4952.0,1752.0,8.6759,64.06
200.107,measure,4944.0,1760.0,8.7014,64.06
200.207,measure,4944.0,1776.0,8.7805,64.22
200.307,measure,4952.0,1768.0,8.7551,64.22
200.408,measure,4952.0,1744.0,8.6363,64.19
200.508,measure,4944.0,1760.0,8.7014,64.25
200.608,measure,4944.0,1760.0,8.7014,64.19
200.708,measure,4944.0,1752.0,8.6619,64.38
200.808,measure,4952.0,1752.0,8.6759,64.22
200.908,measure,4944.0,1768.0,8.7410,64.19
201.008,measure,4944.0,1760.0,8.7014,64.09
201.108,measure,4952.0,1744.0,8.6363,64.19
201.209,measure,4944.0,1760.0,8.7014,64.12
201.309,measure,4944.0,1768.0,8.7410,64.09
201.409,measure,4952.0,1760.0,8.7155,64.16
201.509,measure,4952.0,1744.0,8.6363,63.97
201.609,measure,4952.0,1768.0,8.7551,64.22
201.709,measure,4944.0,1768.0,8.7410,64.16
201.809,measure,4952.0,1752.0,8.6759,64.03
201.909,measure,4952.0,1752.0,8.6759,64.22
202.010,measure,4944.0,1776.0,8.7805,64.22
202.110,measure,4944.0,1768.0,8.7410,64.38
202.210,measure,4952.0,1744.0,8.6363,64.22
202.310,measure,4944.0,1760.0,8.7014,64.16
202.410,measure,4944.0,1768.0,8.7410,64.09
202.510,measure,4944.0,1760.0,8.7014,64.34
202.610,measure,4952.0,1744.0,8.6363,64.09
202.711,measure,4944.0,1768.0,8.7410,64.12
202.811,measure,4944.0,1768.0,8.7410,64.41
202.911,measure,4944.0,1760.0,8.7014,64.03
203.012,measure,4944.0,1752.0,8.6619,64.22
203.112,measure,4944.0,1776.0,8.7805,64.28
203.212,measure,4944.0,1768.0,8.7410,64.16
203.312,measure,4952.0,1744.0,8.6363,64.16
203.412,measure,4944.0,1760.0,8.7014,64.09
203.512,measure,4944.0,1776.0,8.7805,64.16
203.612,measure,4944.0,1760.0,8.7014,64.19
203.713,measure,4952.0,1744.0,8.6363,64.09
203.813,measure,4944.0,1768.0,8.7410,64.34
203.914,measure,4944.0,1768.0,8.7410,64.38
204.014,measure,4944.0,1760.0,8.7014,64.12
204.114,measure,4952.0,1752.0,8.6759,64.09
204.214,measure,4944.0,1776.0,8.7805,64.47
204.314,measure,4944.0,1768.0,8.7410,64.12
204.414,measure,4952.0,1752.0,8.6759,64.06
204.514,measure,4944.0,1760.0,8.7014,64.44
204.614,measure,4944.0,1768.0,8.7410,64.19
204.715,measure,4944.0,1760.0,8.7014,64.03
204.815,measure,4952.0,1752.0,8.6759,64.09
204.915,measure,4944.0,1776.0,8.7805,64.31
205.015,measure,4944.0,1768.0,8.7410,64.28
205.115,measure,4952.0,1752.0,8.6759,64.12
205.215,measure,4952.0,1760.0,8.7155,64.31
205.315,measure,4944.0,1776.0,8.7805,64.31
205.415,measure,4944.0,1760.0,8.7014,64.22
205.516,measure,4952.0,1744.0,8.6363,64.00
205.616,measure,4944.0,1768.0,8.7410,64.38
205.716,measure,4944.0,1768.0,8.7410,64.25
205.816,measure,4952.0,1760.0,8.7155,64.19
205.916,measure,4952.0,1744.0,8.6363,64.31
206.016,measure,4944.0,1768.0,8.7410,64.19
206.116,measure,4952.0,1768.0,8.7551,64.06
206.217,measure,4952.0,1752.0,8.6759,64.06
206.317,measure,4952.0,1760.0,8.7155,64.09
206.417,measure,4944.0,1768.0,8.7410,64.16
206.517,measure,4952.0,1760.0,8.7155,64.16
206.617,measure,4952.0,1744.0,8.6363,64.06
206.717,measure,4952.0,1768.0,8.7551,64.31
206.818,measure,4944.0,1760.0,8.7014,64.28
206.918,measure,4952.0,1752.0,8.6759,64.16
207.018,measure,4952.0,1752.0,8.6759,64.28
207.118,measure,4944.0,1768.0,8.7410,64.31
207.218,measure,4944.0,1760.0,8.7014,64.09
207.318,measure,4952.0,1744.0,8.6363,64.31
207.418,measure,4952.0,1760.0,8.7155,64.31
207.519,measure,4944.0,1768.0,8.7410,64.09
207.619,measure,4952.0,1760.0,8.7155,64.38
207.719,measure,4952.0,1744.0,8.6363,64.28
207.819,measure,4944.0,1768.0,8.7410,64.28
207.919,measure,4952.0,1760.0,8.7155,64.12
208.019,measure,4952.0,1744.0,8.6363,64.09
208.119,measure,4944.0,1760.0,8.7014,64.03
208.219,measure,4944.0,1768.0,8.7410,64.25
208.320,measure,4944.0,1760.0,8.7014,64.19
208.420,measure,4952.0,1744.0,8.6363,64.19
208.520,measure,4944.0,1768.0,8.7410,64.25
208.620,measure,4944.0,1768.0,8.7410,64.28
208.720,measure,4952.0,1760.0,8.7155,64.28
208.820,measure,4952.0,1752.0,8.6759,64.16
208.920,measure,4944.0,1776.0,8.7805,64.31
209.021,measure,4944.0,1768.0,8.7410,64.50
209.121,measure,4952.0,1752.0,8.6759,64.16
209.221,measure,4952.0,1760.0,8.7155,64.00
209.321,measure,4944.0,1776.0,8.7805,64.12
209.421,measure,4944.0,1760.0,8.7014,64.31
209.521,measure,4952.0,1744.0,8.6363,64.16
209.621,measure,4944.0,1768.0,8.7410,64.25
209.722,measure,4944.0,1768.0,8.7410,64.22
209.822,measure,4952.0,1760.0,8.7155,64.12
209.922,measure,4952.0,1752.0,8.6759,64.09
210.022,measure,4944.0,1776.0,8.7805,64.31
210.122,measure,4944.0,1768.0,8.7410,64.22
210.222,measure,4944.0,1752.0,8.6619,64.28
210.322,measure,4944.0,1760.0,8.7014,64.12
210.422,measure,4944.0,1776.0,8.7805,64.50
210.523,measure,4944.0,1768.0,8.7410,64.28
210.623,measure,4952.0,1744.0,8.6363,64.16
210.723,measure,4944.0,1768.0,8.7410,64.44
210.823,measure,4944.0,1768.0,8.7410,64.38
210.923,measure,4944.0,1760.0,8.7014,64.12
211.023,measure,4952.0,1752.0,8.6759,64.00
211.123,measure,4944.0,1776.0,8.7805,64.22
211.224,measure,4944.0,1768.0,8.7410,64.22
211.324,measure,4944.0,1752.0,8.6619,64.03
211.424,measure,4944.0,1760.0,8.7014,64.16
211.524,measure,4944.0,1776.0,8.7805,64.22
211.624,measure,4944.0,1768.0,8.7410,64.12
211.724,measure,4952.0,1744.0,8.6363,64.06
211.824,measure,4944.0,1768.0,8.7410,64.19
211.924,measure,4944.0,1768.0,8.7410,64.34
212.025,measure,4944.0,1760.0,8.7014,64.19
212.125,measure,4952.0,1752.0,8.6759,64.34
212.225,measure,4944.0,1776.0,8.7805,64.44
212.325,measure,4944.0,1768.0,8.7410,64.22
212.425,measure,4944.0,1760.0,8.7014,64.16
212.525,measure,4944.0,1784.0,8.8201,64.31
212.626,measure,4944.0,1840.0,9.0970,64.31
212.726,measure,4944.0,1880.0,9.2947,64.16
212.826,measure,4944.0,1904.0,9.4134,64.47
212.926,measure,4944.0,1936.0,9.5716,64.22
213.026,measure,4944.0,1960.0,9.6902,64.34
213.126,measure,4944.0,1920.0,9.4925,64.31
213.226,measure,4944.0,1928.0,9.5320,64.31
213.327,measure,4944.0,1944.0,9.6111,64.31
213.427,measure,4936.0,1984.0,9.7930,64.41
213.527,measure,4936.0,2008.0,9.9115,64.47
213.627,measure,4936.0,2008.0,9.9115,64.59
213.727,measure,4944.0,1944.0,9.6111,64.31
213.827,measure,4944.0,1912.0,9.4529,64.53
213.927,measure,4944.0,1896.0,9.3738,64.53
214.028,measure,4944.0,1864.0,9.2156,64.41
214.128,measure,4944.0,1824.0,9.0179,64.16
214.228,measure,4944.0,1824.0,9.0179,64.50
214.328,measure,4944.0,1824.0,9.0179,64.31
214.428,measure,4944.0,1800.0,8.8992,64.16
214.528,measure,4944.0,1776.0,8.7805,64.50
214.628,measure,4944.0,1792.0,8.8596,64.28
214.729,measure,4944.0,1784.0,8.8201,64.25
214.829,measure,4944.0,1768.0,8.7410,64.22
214.929,measure,4944.0,1760.0,8.7014,64.19
215.029,measure,4944.0,1784.0,8.8201,64.38
215.129,measure,4944.0,1776.0,8.7805,64.31
215.229,measure,4944.0,1760.0,8.7014,64.19
215.330,measure,4944.0,1768.0,8.7410,64.31
215.430,measure,4944.0,1784.0,8.8201,64.41
215.530,measure,4944.0,1776.0,8.7805,64.31
215.630,measure,4944.0,1760.0,8.7014,64.31
215.730,measure,4944.0,1768.0,8.7410,64.31
215.830,measure,4944.0,1784.0,8.8201,64.31
215.930,measure,4944.0,1776.0,8.7805,64.56
216.031,measure,4944.0,1760.0,8.7014,64.25
216.131,measure,4944.0,1760.0,8.7014,64.19
216.231,measure,4944.0,1784.0,8.8201,64.22
216.331,measure,4944.0,1776.0,8.7805,64.34
216.431,measure,4944.0,1760.0,8.7014,64.16
216.531,measure,4944.0,1768.0,8.7410,64.22
216.631,measure,4944.0,1784.0,8.8201,64.31
216.732,measure,4944.0,1776.0,8.7805,64.41
216.832,measure,4944.0,1760.0,8.7014,64.31
216.932,measure,4944.0,1760.0,8.7014,64.22
217.032,measure,4944.0,1784.0,8.8201,64.53
217.132,measure,4944.0,1776.0,8.7805,64.38
217.232,measure,4944.0,1760.0,8.7014,64.19
217.332,measure,4944.0,1760.0,8.7014,64.41
217.433,measure,4944.0,1784.0,8.8201,64.53
217.533,measure,4944.0,1776.0,8.7805,64.28
217.633,measure,4952.0,1768.0,8.7551,64.41
217.733,measure,4944.0,1768.0,8.7410,64.44
217.833,measure,4944.0,1784.0,8.8201,64.31
217.933,measure,4944.0,1768.0,8.7410,64.25
218.034,measure,4944.0,1752.0,8.6619,64.22
218.134,measure,4952.0,1768.0,8.7551,64.19
218.234,measure,4944.0,1784.0,8.8201,64.41
218.334,measure,4944.0,1776.0,8.7805,64.31
218.434,measure,4944.0,1768.0,8.7410,64.16
218.534,measure,4944.0,1760.0,8.7014,64.28
218.634,measure,4944.0,1784.0,8.8201,64.38
218.734,measure,4944.0,1776.0,8.7805,64.50
218.835,measure,4944.0,1760.0,8.7014,64.34
218.935,measure,4944.0,1760.0,8.7014,64.22
219.035,measure,4944.0,1784.0,8.8201,64.62
219.135,measure,4944.0,1776.0,8.7805,64.47
219.235,measure,4944.0,1760.0,8.7014,64.28
219.335,measure,4944.0,1768.0,8.7410,64.12
219.435,measure,4944.0,1784.0,8.8201,64.50
219.535,measure,4944.0,1776.0,8.7805,64.25
219.636,measure,4944.0,1760.0,8.7014,64.22
219.736,measure,4944.0,1768.0,8.7410,64.62
219.836,measure,4944.0,1784.0,8.8201,64.31
219.936,measure,4944.0,1776.0,8.7805,64.25
220.036,measure,4944.0,1752.0,8.6619,64.19
220.136,measure,4944.0,1776.0,8.7805,64.31
220.236,measure,4944.0,1776.0,8.7805,64.41
220.337,measure,4944.0,1768.0,8.7410,64.28
220.437,measure,4944.0,1752.0,8.6619,64.31
220.537,measure,4944.0,1776.0,8.7805,64.44
220.637,measure,4944.0,1776.0,8.7805,64.34
220.738,measure,4944.0,1768.0,8.7410,64.53
220.838,measure,4952.0,1760.0,8.7155,64.34
220.938,measure,4944.0,1784.0,8.8201,64.22
221.038,measure,4952.0,1768.0,8.7551,64.16
221.138,measure,4952.0,1744.0,8.6363,64.31
221.238,measure,4952.0,1768.0,8.7551,64.19
221.338,measure,4944.0,1768.0,8.7410,64.31
221.438,measure,4952.0,1752.0,8.6759,64.22
221.539,measure,4952.0,1752.0,8.6759,64.22
221.639,measure,4944.0,1768.0,8.7410,64.38
221.739,measure,4952.0,1752.0,8.6759,64.31
221.839,measure,4952.0,1736.0,8.5967,64.12
221.939,measure,4952.0,1768.0,8.7551,64.31
222.039,measure,4952.0,1760.0,8.7155,64.38
222.139,measure,4952.0,1744.0,8.6363,64.22
222.240,measure,4952.0,1752.0,8.6759,64.34
222.340,measure,4944.0,1760.0,8.7014,64.34
222.440,measure,4952.0,1752.0,8.6759,64.53
222.540,measure,4952.0,1744.0,8.6363,64.31
222.640,measure,4944.0,1776.0,8.7805,64.44
222.740,measure,4944.0,1760.0,8.7014,64.28
222.840,measure,4952.0,1736.0,8.5967,64.38
222.941,measure,4952.0,1760.0,8.7155,64.25
223.041,measure,4952.0,1760.0,8.7155,64.25
223.141,measure,4952.0,1752.0,8.6759,64.53
223.241,measure,4952.0,1752.0,8.6759,64.31
223.341,measure,4952.0,1768.0,8.7551,64.31
223.441,measure,4952.0,1760.0,8.7155,64.41
223.541,measure,4952.0,1736.0,8.5967,64.22
223.643,measure,4952.0,1760.0,8.7155,64.38
223.743,measure,4952.0,1760.0,8.7155,64.38
223.843,measure,4952.0,1744.0,8.6363,64.47
223.943,measure,4952.0,1752.0,8.6759,64.31
224.043,measure,4952.0,1768.0,8.7551,64.44
224.143,measure,4952.0,1752.0,8.6759,64.19
224.243,measure,4952.0,1744.0,8.6363,64.41
224.344,measure,4944.0,1768.0,8.7410,64.28
224.444,measure,4952.0,1752.0,8.6759,64.25
224.544,measure,4952.0,1736.0,8.5967,64.41
224.644,measure,4952.0,1760.0,8.7155,64.28
224.744,measure,4944.0,1760.0,8.7014,64.28
224.844,measure,4952.0,1744.0,8.6363,64.25
224.944,measure,4952.0,1752.0,8.6759,64.16
225.044,measure,4944.0,1768.0,8.7410,64.50
225.145,measure,4952.0,1760.0,8.7155,64.34
225.245,measure,4952.0,1736.0,8.5967,64.19
225.345,measure,4952.0,1760.0,8.7155,64.50
225.445,measure,4952.0,1760.0,8.7155,64.31
225.545,measure,4952.0,1744.0,8.6363,64.53
225.645,measure,4952.0,1752.0,8.6759,64.50
225.745,measure,4952.0,1768.0,8.7551,64.41
225.846,measure,4952.0,1752.0,8.6759,64.19
225.946,measure,4952.0,1744.0,8.6363,64.47
226.046,measure,4944.0,1768.0,8.7410,64.53
226.146,measure,4952.0,1760.0,8.7155,64.28
226.246,measure,4952.0,1736.0,8.5967,64.47
226.346,measure,4944.0,1760.0,8.7014,64.22
226.446,measure,4944.0,1760.0,8.7014,64.28
226.547,measure,4952.0,1744.0,8.6363,64.28
226.647,measure,4952.0,1752.0,8.6759,64.25
226.747,measure,4944.0,1760.0,8.7014,64.31
226.847,measure,4952.0,1760.0,8.7155,64.38
226.947,measure,4952.0,1736.0,8.5967,64.19
227.048,measure,4952.0,1760.0,8.7155,64.50
227.149,measure,4952.0,1760.0,8.7155,64.41
227.249,measure,4952.0,1744.0,8.6363,64.25
227.349,measure,4952.0,1752.0,8.6759,64.44
227.449,measure,4944.0,1760.0,8.7014,64.53
227.549,measure,4952.0,1752.0,8.6759,64.25
227.649,measure,4952.0,1744.0,8.6363,64.44
227.749,measure,4944.0,1768.0,8.7410,64.31
227.850,measure,4952.0,1760.0,8.7155,64.28
227.950,measure,4952.0,1744.0,8.6363,64.34
228.050,measure,4952.0,1760.0,8.7155,64.34
228.150,measure,4952.0,1760.0,8.7155,64.28
228.250,measure,4952.0,1752.0,8.6759,64.28
228.350,measure,4952.0,1744.0,8.6363,64.25
228.450,measure,4944.0,1760.0,8.7014,64.53
228.551,measure,4952.0,1752.0,8.6759,64.34
228.651,measure,4952.0,1736.0,8.5967,64.53
228.751,measure,4952.0,1760.0,8.7155,64.47
228.851,measure,4952.0,1760.0,8.7155,64.44
228.951,measure,4952.0,1744.0,8.6363,64.25
229.051,measure,4952.0,1752.0,8.6759,64.50
229.151,measure,4944.0,1760.0,8.7014,64.53
229.251,measure,4952.0,1752.0,8.6759,64.25
229.352,measure,4952.0,1736.0,8.5967,64.50
229.452,measure,4944.0,1768.0,8.7410,64.31
229.552,measure,4952.0,1760.0,8.7155,64.31
229.652,measure,4952.0,1744.0,8.6363,64.25
229.752,measure,4952.0,1760.0,8.7155,64.22
229.852,measure,4944.0,1768.0,8.7410,64.31
229.952,measure,4952.0,1752.0,8.6759,64.31
230.052,measure,4952.0,1744.0,8.6363,64.25
230.153,measure,4944.0,1768.0,8.7410,64.53
230.253,measure,4952.0,1760.0,8.7155,64.38
230.353,measure,4952.0,1736.0,8.5967,64.25
230.453,measure,4952.0,1760.0,8.7155,64.56
230.553,measure,4952.0,1760.0,8.7155,64.50
230.653,measure,4952.0,1744.0,8.6363,64.31
230.753,measure,4952.0,1752.0,8.6759,64.56
230.854,measure,4944.0,1760.0,8.7014,64.50
230.954,measure,4952.0,1752.0,8.6759,64.25
231.054,measure,4952.0,1736.0,8.5967,64.25
231.154,measure,4944.0,1760.0,8.7014,64.31
231.254,measure,4952.0,1752.0,8.6759,64.31
231.354,measure,4952.0,1728.0,8.5571,64.16
231.454,measure,4952.0,1752.0,8.6759,64.28
231.554,measure,4944.0,1760.0,8.7014,64.31
231.655,measure,4952.0,1744.0,8.6363,64.38
231.755,measure,4952.0,1744.0,8.6363,64.31
231.855,measure,4944.0,1768.0,8.7410,64.38
231.955,measure,4944.0,1760.0,8.7014,64.34
232.055,measure,4952.0,1736.0,8.5967,64.25
232.156,measure,4944.0,1760.0,8.7014,64.53
232.256,measure,4944.0,1760.0,8.7014,64.56
232.356,measure,4952.0,1744.0,8.6363,64.31
232.456,measure,4952.0,1752.0,8.6759,64.53
232.556,measure,4944.0,1768.0,8.7410,64.59
232.657,measure,4944.0,1760.0,8.7014,64.38
232.757,measure,4952.0,1736.0,8.5967,64.25
232.858,measure,4944.0,1760.0,8.7014,64.31
232.958,measure,4944.0,1760.0,8.7014,64.28
233.058,measure,4944.0,1744.0,8.6223,64.31
233.159,measure,4944.0,1752.0,8.6619,64.31
233.259,measure,4944.0,1760.0,8.7014,64.62
233.359,measure,4944.0,1752.0,8.6619,64.34
233.459,measure,4944.0,1744.0,8.6223,64.25
233.559,measure,4944.0,1768.0,8.7410,64.62
233.659,measure,4944.0,1752.0,8.6619,64.50
233.759,measure,4952.0,1736.0,8.5967,64.25
233.860,measure,4944.0,1752.0,8.6619,64.59
233.960,measure,4944.0,1760.0,8.7014,64.47
234.060,measure,4952.0,1752.0,8.6759,64.25
234.160,measure,4952.0,1744.0,8.6363,64.25
234.260,measure,4944.0,1768.0,8.7410,64.69
234.360,measure,4952.0,1760.0,8.7155,64.31
234.460,measure,4952.0,1736.0,8.5967,64.12
234.560,measure,4944.0,1760.0,8.7014,64.34
234.661,measure,4944.0,1768.0,8.7410,64.31
234.761,measure,4952.0,1744.0,8.6363,64.34
234.861,measure,4952.0,1752.0,8.6759,64.31
234.961,measure,4944.0,1768.0,8.7410,64.31
235.061,measure,4944.0,1752.0,8.6619,64.44
235.161,measure,4952.0,1736.0,8.5967,64.19
235.262,measure,4944.0,1760.0,8.7014,64.56
235.363,measure,4944.0,1760.0,8.7014,64.47
235.463,measure,4952.0,1744.0,8.6363,64.38
235.563,measure,4952.0,1752.0,8.6759,64.59
235.663,measure,4944.0,1760.0,8.7014,64.47
235.763,measure,4952.0,1752.0,8.6759,64.25
235.863,measure,4952.0,1736.0,8.5967,64.25
235.963,measure,4944.0,1768.0,8.7410,64.34
236.064,measure,4952.0,1752.0,8.6759,64.25
236.164,measure,4952.0,1736.0,8.5967,64.25
236.264,measure,4952.0,1760.0,8.7155,64.28
236.364,measure,4952.0,1760.0,8.7155,64.41
236.464,measure,4952.0,1752.0,8.6759,64.38
236.564,measure,4952.0,1744.0,8.6363,64.31
236.664,measure,4944.0,1768.0,8.7410,64.66
236.764,measure,4944.0,1752.0,8.6619,64.41
236.865,measure,4952.0,1736.0,8.5967,64.25
236.965,measure,4944.0,1760.0,8.7014,64.62
237.065,measure,4952.0,1760.0,8.7155,64.59
237.165,measure,4952.0,1744.0,8.6363,64.22
237.265,measure,4952.0,1752.0,8.6759,64.62
237.365,measure,4944.0,1760.0,8.7014,64.62
237.465,measure,4952.0,1752.0,8.6759,64.31
237.565,measure,4952.0,1736.0,8.5967,64.31
237.666,measure,4944.0,1760.0,8.7014,64.38
237.766,measure,4952.0,1752.0,8.6759,64.31
237.866,measure,4952.0,1736.0,8.5967,64.28
237.966,measure,4952.0,1760.0,8.7155,64.31
238.066,measure,4952.0,1760.0,8.7155,64.34
238.166,measure,4952.0,1752.0,8.6759,64.41
238.266,measure,4952.0,1744.0,8.6363,64.34
238.366,measure,4944.0,1768.0,8.7410,64.62
238.467,measure,4952.0,1760.0,8.7155,64.47
238.567,measure,4952.0,1736.0,8.5967,64.28
238.667,measure,4952.0,1768.0,8.7551,64.62
238.767,measure,4952.0,1768.0,8.7551,64.47
238.867,measure,4952.0,1752.0,8.6759,64.38
238.967,measure,4952.0,1752.0,8.6759,64.22
239.067,measure,4944.0,1768.0,8.7410,64.69
239.167,measure,4952.0,1752.0,8.6759,64.31
239.268,measure,4952.0,1744.0,8.6363,64.31
239.368,measure,4944.0,1768.0,8.7410,64.41
239.468,measure,4952.0,1760.0,8.7155,64.31
239.568,measure,4952.0,1736.0,8.5967,64.22
239.668,measure,4952.0,1752.0,8.6759,64.31
239.768,measure,4952.0,1760.0,8.7155,64.38
239.868,measure,4952.0,1752.0,8.6759,64.47
239.969,measure,4952.0,1744.0,8.6363,64.31
240.069,measure,4944.0,1768.0,8.7410,64.44
240.169,measure,4952.0,1760.0,8.7155,64.53
240.269,measure,4952.0,1736.0,8.5967,64.31
240.369,measure,4944.0,1760.0,8.7014,64.69
240.469,measure,4944.0,1760.0,8.7014,64.62
240.569,measure,4952.0,1744.0,8.6363,64.38
240.669,measure,4952.0,1744.0,8.6363,64.28
240.770,measure,4944.0,1760.0,8.7014,64.72
240.870,measure,4944.0,1760.0,8.7014,64.41
240.970,measure,4952.0,1736.0,8.5967,64.31
241.070,measure,4944.0,1760.0,8.7014,64.72
241.170,measure,4944.0,1760.0,8.7014,64.38
241.271,measure,4952.0,1744.0,8.6363,64.22
241.371,measure,4952.0,1752.0,8.6759,64.44
241.471,measure,4944.0,1768.0,8.7410,64.44
241.571,measure,4952.0,1760.0,8.7155,64.44
241.671,measure,4952.0,1744.0,8.6363,64.31
241.771,measure,4944.0,1768.0,8.7410,64.72
241.871,measure,4952.0,1760.0,8.7155,64.59
241.971,measure,4952.0,1744.0,8.6363,64.38
242.072,measure,4944.0,1760.0,8.7014,64.41
242.172,measure,4944.0,1776.0,8.7805,64.72
242.272,measure,4944.0,1768.0,8.7410,64.53
242.372,measure,4952.0,1744.0,8.6363,64.25
242.472,measure,4944.0,1768.0,8.7410,64.78
242.572,measure,4944.0,1776.0,8.7805,64.59
242.672,measure,4944.0,1768.0,8.7410,64.28
242.773,measure,4952.0,1752.0,8.6759,64.28
242.873,measure,4944.0,1776.0,8.7805,64.38
242.973,measure,4944.0,1776.0,8.7805,64.38
243.073,measure,4944.0,1768.0,8.7410,64.34
243.173,measure,4952.0,1752.0,8.6759,64.28
243.274,measure,4944.0,1776.0,8.7805,64.56
243.374,measure,4944.0,1776.0,8.7805,64.47
243.474,measure,4952.0,1768.0,8.7551,64.41
243.574,measure,4952.0,1760.0,8.7155,64.50
243.674,measure,4944.0,1776.0,8.7805,64.41
243.774,measure,4944.0,1776.0,8.7805,64.50
243.874,measure,4944.0,1760.0,8.7014,64.62
243.974,measure,4944.0,1760.0,8.7014,64.50
244.075,measure,4944.0,1784.0,8.8201,64.34
244.175,measure,4944.0,1776.0,8.7805,64.81
244.275,measure,4944.0,1760.0,8.7014,64.56
244.375,measure,4944.0,1760.0,8.7014,64.28
244.475,measure,4944.0,1784.0,8.8201,64.41
244.575,measure,4944.0,1776.0,8.7805,64.44
244.675,measure,4944.0,1760.0,8.7014,64.34
244.776,measure,4944.0,1760.0,8.7014,64.41
244.876,measure,4944.0,1784.0,8.8201,64.47
244.976,measure,4944.0,1776.0,8.7805,64.44
245.076,measure,4944.0,1760.0,8.7014,64.34
245.176,measure,4944.0,1768.0,8.7410,64.38
245.276,measure,4944.0,1784.0,8.8201,64.78
245.376,measure,4944.0,1776.0,8.7805,64.56
245.476,measure,4944.0,1752.0,8.6619,64.47
245.577,measure,4944.0,1768.0,8.7410,64.72
245.677,measure,4944.0,1776.0,8.7805,64.66
245.777,measure,4944.0,1768.0,8.7410,64.34
245.877,measure,4952.0,1744.0,8.6363,64.28
245.977,measure,4944.0,1768.0,8.7410,64.78
246.077,measure,4944.0,1768.0,8.7410,64.38
246.177,measure,4944.0,1752.0,8.6619,64.31
246.278,measure,4944.0,1752.0,8.6619,64.31
246.378,measure,4944.0,1768.0,8.7410,64.44
246.478,measure,4944.0,1760.0,8.7014,64.47
246.578,measure,4952.0,1736.0,8.5967,64.41
246.679,measure,4944.0,1760.0,8.7014,64.66
246.779,measure,4944.0,1760.0,8.7014,64.53
246.879,measure,4952.0,1744.0,8.6363,64.34
246.979,measure,4944.0,1752.0,8.6619,64.62
247.079,measure,4944.0,1768.0,8.7410,64.66
247.179,measure,4952.0,1760.0,8.7155,64.50
247.280,measure,4952.0,1736.0,8.5967,64.62
247.380,measure,4944.0,1760.0,8.7014,64.41
247.480,measure,4944.0,1752.0,8.6619,64.41
247.580,measure,4952.0,1736.0,8.5967,64.34
247.680,measure,4952.0,1752.0,8.6759,64.72
247.780,measure,4944.0,1760.0,8.7014,64.47
247.880,measure,4944.0,1752.0,8.6619,64.31
247.981,measure,4952.0,1744.0,8.6363,64.34
248.081,measure,4944.0,1768.0,8.7410,64.44
248.181,measure,4952.0,1760.0,8.7155,64.59
248.281,measure,4952.0,1736.0,8.5967,64.41
248.381,measure,4952.0,1760.0,8.7155,64.66
248.481,measure,4944.0,1760.0,8.7014,64.62
248.581,measure,4952.0,1752.0,8.6759,64.41
248.682,measure,4952.0,1744.0,8.6363,64.66
248.782,measure,4944.0,1768.0,8.7410,64.72
248.882,measure,4944.0,1760.0,8.7014,64.47
248.982,measure,4952.0,1736.0,8.5967,64.28
249.082,measure,4944.0,1760.0,8.7014,64.69
249.182,measure,4944.0,1760.0,8.7014,64.47
249.282,measure,4952.0,1744.0,8.6363,64.44
249.382,measure,4952.0,1752.0,8.6759,64.72
249.483,measure,4944.0,1768.0,8.7410,64.44
249.583,measure,4952.0,1752.0,8.6759,64.34
249.683,measure,4952.0,1744.0,8.6363,64.38
249.783,measure,4944.0,1768.0,8.7410,64.66
249.883,measure,4952.0,1752.0,8.6759,64.59
249.983,measure,4952.0,1736.0,8.5967,64.38
250.083,measure,4952.0,1760.0,8.7155,64.38
250.184,measure,4952.0,1760.0,8.7155,64.72
250.284,measure,4952.0,1752.0,8.6759,64.44
250.384,measure,4952.0,1744.0,8.6363,64.66
250.484,measure,4944.0,1768.0,8.7410,64.72
250.584,measure,4952.0,1760.0,8.7155,64.56
250.684,measure,4952.0,1736.0,8.5967,64.28
250.784,measure,4952.0,1760.0,8.7155,64.72
250.884,measure,4952.0,1760.0,8.7155,64.66
250.985,measure,4952.0,1752.0,8.6759,64.38
251.085,measure,4952.0,1744.0,8.6363,64.66
251.185,measure,4944.0,1768.0,8.7410,64.47
251.285,measure,4944.0,1760.0,8.7014,64.34
251.385,measure,4952.0,1736.0,8.5967,64.41
251.485,measure,4944.0,1760.0,8.7014,64.38
251.585,measure,4944.0,1760.0,8.7014,64.47
251.686,measure,4952.0,1744.0,8.6363,64.50
251.786,measure,4952.0,1752.0,8.6759,64.41
251.886,measure,4944.0,1760.0,8.7014,64.75
251.986,measure,4944.0,1760.0,8.7014,64.56
252.086,measure,4952.0,1736.0,8.5967,64.41
252.186,measure,4944.0,1760.0,8.7014,64.66
252.286,measure,4944.0,1768.0,8.7410,64.66
252.386,measure,4952.0,1768.0,8.7551,64.41
252.487,measure,4952.0,1744.0,8.6363,64.53
252.587,measure,4944.0,1768.0,8.7410,64.66
252.687,measure,4944.0,1776.0,8.7805,64.38
252.787,measure,4944.0,1768.0,8.7410,64.44
252.887,measure,4952.0,1752.0,8.6759,64.31
252.987,measure,4944.0,1768.0,8.7410,64.44
253.087,measure,4944.0,1776.0,8.7805,64.47
253.188,measure,4944.0,1768.0,8.7410,64.47
253.288,measure,4944.0,1752.0,8.6619,64.34
253.388,measure,4944.0,1776.0,8.7805,64.53
253.488,measure,4944.0,1776.0,8.7805,64.50
253.588,measure,4944.0,1768.0,8.7410,64.62
253.688,measure,4944.0,1752.0,8.6619,64.47
253.789,measure,4944.0,1776.0,8.7805,64.56
253.889,measure,4944.0,1776.0,8.7805,64.78
253.989,measure,4944.0,1768.0,8.7410,64.59
254.089,measure,4952.0,1752.0,8.6759,64.34
254.190,measure,4944.0,1776.0,8.7805,64.84
254.290,measure,4944.0,1776.0,8.7805,64.75
254.390,measure,4944.0,1768.0,8.7410,64.47
254.490,measure,4952.0,1760.0,8.7155,64.31
254.590,measure,4944.0,1784.0,8.8201,64.47
254.690,measure,4944.0,1776.0,8.7805,64.47
254.790,measure,4952.0,1760.0,8.7155,64.53
254.891,measure,4952.0,1760.0,8.7155,64.41
254.991,measure,4944.0,1784.0,8.8201,64.50
255.091,measure,4944.0,1776.0,8.7805,64.66
255.191,measure,4952.0,1760.0,8.7155,64.38
255.291,measure,4944.0,1760.0,8.7014,64.69
255.391,measure,4944.0,1776.0,8.7805,64.72
255.491,measure,4944.0,1768.0,8.7410,64.59
255.591,measure,4944.0,1760.0,8.7014,64.69
255.692,measure,4944.0,1768.0,8.7410,64.69
255.792,measure,4944.0,1784.0,8.8201,64.66
255.892,measure,4944.0,1776.0,8.7805,64.41
255.992,measure,4944.0,1760.0,8.7014,64.62
256.092,measure,4944.0,1768.0,8.7410,64.38
256.192,measure,4944.0,1784.0,8.8201,64.44
256.292,measure,4944.0,1776.0,8.7805,64.44
256.393,measure,4944.0,1752.0,8.6619,64.34
256.493,measure,4944.0,1768.0,8.7410,64.41
256.593,measure,4944.0,1784.0,8.8201,64.59
256.693,measure,4944.0,1776.0,8.7805,64.50
256.793,measure,4944.0,1752.0,8.6619,64.50
256.893,measure,4944.0,1776.0,8.7805,64.53
256.993,measure,4944.0,1776.0,8.7805,64.78
257.093,measure,4944.0,1768.0,8.7410,64.69
257.194,measure,4944.0,1752.0,8.6619,64.44
257.294,measure,4944.0,1776.0,8.7805,64.78
257.394,measure,4944.0,1784.0,8.8201,64.72
257.494,measure,4944.0,1768.0,8.7410,64.59
257.594,measure,4944.0,1752.0,8.6619,64.38
257.694,measure,4944.0,1776.0,8.7805,64.78
257.794,measure,4944.0,1776.0,8.7805,64.56
257.895,measure,4944.0,1768.0,8.7410,64.44
257.995,measure,4944.0,1752.0,8.6619,64.78
258.095,measure,4944.0,1776.0,8.7805,64.47
258.195,measure,4944.0,1776.0,8.7805,64.50
258.295,measure,4944.0,1768.0,8.7410,64.50
258.395,measure,4944.0,1752.0,8.6619,64.50
258.495,measure,4944.0,1776.0,8.7805,64.69
258.595,measure,4944.0,1776.0,8.7805,64.66
258.696,measure,4944.0,1760.0,8.7014,64.50
258.796,measure,4944.0,1752.0,8.6619,64.56
258.896,measure,4944.0,1768.0,8.7410,64.78
258.996,measure,4944.0,1760.0,8.7014,64.91
259.096,measure,4944.0,1744.0,8.6223,64.53
259.196,measure,4944.0,1760.0,8.7014,64.66
259.296,measure,4944.0,1768.0,8.7410,64.53
259.396,measure,4944.0,1752.0,8.6619,64.69
259.497,measure,4944.0,1744.0,8.6223,64.59
259.597,measure,4944.0,1768.0,8.7410,64.59
259.697,measure,4944.0,1752.0,8.6619,64.41
259.797,measure,4952.0,1736.0,8.5967,64.38
259.897,measure,4944.0,1760.0,8.7014,64.47
259.997,measure,4944.0,1760.0,8.7014,64.66
260.097,measure,4944.0,1744.0,8.6223,64.44
260.197,measure,4944.0,1752.0,8.6619,64.56
260.298,measure,4944.0,1768.0,8.7410,64.72
260.398,measure,4944.0,1760.0,8.7014,64.81
260.498,measure,4952.0,1736.0,8.5967,64.56
260.599,measure,4944.0,1760.0,8.7014,64.66
260.699,measure,4944.0,1760.0,8.7014,64.56
260.799,measure,4952.0,1744.0,8.6363,64.69
260.899,measure,4944.0,1752.0,8.6619,64.59
260.999,measure,4944.0,1760.0,8.7014,64.53
261.100,measure,4944.0,1752.0,8.6619,64.78
261.200,measure,4952.0,1736.0,8.5967,64.47
261.300,measure,4944.0,1760.0,8.7014,64.66
261.400,measure,4944.0,1760.0,8.7014,64.56
261.500,measure,4952.0,1744.0,8.6363,64.47
261.600,measure,4944.0,1752.0,8.6619,64.53
261.700,measure,4944.0,1760.0,8.7014,64.69
261.800,measure,4944.0,1752.0,8.6619,64.50
261.901,measure,4944.0,1744.0,8.6223,64.53
262.001,measure,4944.0,1768.0,8.7410,64.78
262.101,measure,4944.0,1752.0,8.6619,64.56
262.201,measure,4952.0,1736.0,8.5967,64.59
262.301,measure,4944.0,1752.0,8.6619,64.62
262.401,measure,4944.0,1760.0,8.7014,64.66
262.501,measure,4952.0,1744.0,8.6363,64.75
262.602,measure,4944.0,1744.0,8.6223,64.59
262.702,measure,4944.0,1760.0,8.7014,64.56
262.802,measure,4944.0,1752.0,8.6619,64.84
262.902,measure,4952.0,1736.0,8.5967,64.69
263.003,measure,4944.0,1760.0,8.7014,64.56
263.103,measure,4944.0,1760.0,8.7014,64.69
263.203,measure,4952.0,1744.0,8.6363,64.50
263.303,measure,4944.0,1752.0,8.6619,64.59
263.404,measure,4944.0,1760.0,8.7014,64.69
263.504,measure,4944.0,1752.0,8.6619,64.53
263.604,measure,4952.0,1736.0,8.5967,64.53
263.704,measure,4944.0,1768.0,8.7410,64.72
263.804,measure,4944.0,1752.0,8.6619,64.62
263.904,measure,4952.0,1736.0,8.5967,64.62
264.004,measure,4944.0,1760.0,8.7014,64.66
264.105,measure,4944.0,1760.0,8.7014,64.50
264.205,measure,4944.0,1752.0,8.6619,64.78
264.305,measure,4952.0,1744.0,8.6363,64.66
264.405,measure,4944.0,1768.0,8.7410,64.53
264.505,measure,4944.0,1760.0,8.7014,64.50
264.605,measure,4944.0,1744.0,8.6223,64.47
264.705,measure,4944.0,1760.0,8.7014,64.47
264.805,measure,4944.0,1776.0,8.7805,64.66
264.906,measure,4944.0,1768.0,8.7410,64.59
265.006,measure,4952.0,1752.0,8.6759,64.44
265.106,measure,4944.0,1768.0,8.7410,64.59
265.206,measure,4944.0,1776.0,8.7805,64.66
265.306,measure,4944.0,1776.0,8.7805,64.78
265.406,measure,4944.0,1752.0,8.6619,64.56
265.506,measure,4944.0,1776.0,8.7805,64.62
265.607,measure,4944.0,1784.0,8.8201,64.81
265.707,measure,4944.0,1768.0,8.7410,64.72
265.807,measure,4944.0,1752.0,8.6619,64.56
265.907,measure,4944.0,1776.0,8.7805,64.91
266.007,measure,4944.0,1776.0,8.7805,64.78
266.107,measure,4944.0,1768.0,8.7410,64.47
266.207,measure,4944.0,1752.0,8.6619,64.38
266.308,measure,4944.0,1776.0,8.7805,64.66
266.408,measure,4944.0,1784.0,8.8201,64.50
266.508,measure,4944.0,1768.0,8.7410,64.66
266.608,measure,4944.0,1760.0,8.7014,64.44
266.709,measure,4944.0,1776.0,8.7805,64.69
266.809,measure,4944.0,1776.0,8.7805,64.72
266.909,measure,4944.0,1768.0,8.7410,64.59
267.010,measure,4944.0,1752.0,8.6619,64.62
267.110,measure,4944.0,1776.0,8.7805,64.59
267.210,measure,4944.0,1768.0,8.7410,64.53
267.310,measure,4944.0,1752.0,8.6619,64.69
267.410,measure,4944.0,1760.0,8.7014,64.69
267.510,measure,4944.0,1768.0,8.7410,64.53
267.610,measure,4944.0,1760.0,8.7014,64.38
267.711,measure,4944.0,1752.0,8.6619,64.56
267.811,measure,4944.0,1768.0,8.7410,64.72
267.911,measure,4944.0,1760.0,8.7014,64.66
268.011,measure,4944.0,1744.0,8.6223,64.41
268.111,measure,4944.0,1768.0,8.7410,64.56
268.211,measure,4944.0,1768.0,8.7410,64.78
268.311,measure,4944.0,1752.0,8.6619,64.53
268.411,measure,4944.0,1752.0,8.6619,64.62
268.512,measure,4944.0,1768.0,8.7410,64.75
268.612,measure,4944.0,1760.0,8.7014,64.62
268.712,measure,4952.0,1736.0,8.5967,64.62
268.812,measure,4944.0,1768.0,8.7410,64.72
268.912,measure,4944.0,1760.0,8.7014,64.69
269.012,measure,4944.0,1744.0,8.6223,64.78
269.112,measure,4944.0,1752.0,8.6619,64.75
269.212,measure,4944.0,1768.0,8.7410,64.66
269.313,measure,4944.0,1752.0,8.6619,64.44
269.413,measure,4944.0,1744.0,8.6223,64.75
269.513,measure,4944.0,1768.0,8.7410,64.69
269.613,measure,4944.0,1760.0,8.7014,64.59
269.713,measure,4944.0,1752.0,8.6619,64.53
269.813,measure,4944.0,1752.0,8.6619,64.53
269.913,measure,4944.0,1776.0,8.7805,64.75
270.014,measure,4944.0,1768.0,8.7410,64.62
270.114,measure,4944.0,1760.0,8.7014,64.47
270.214,measure,4944.0,1768.0,8.7410,64.62
270.314,measure,4944.0,1784.0,8.8201,64.72
270.414,measure,4944.0,1776.0,8.7805,64.84
270.514,measure,4944.0,1760.0,8.7014,64.62
270.614,measure,4944.0,1768.0,8.7410,64.69
270.714,measure,4944.0,1784.0,8.8201,64.56
270.815,measure,4944.0,1776.0,8.7805,64.88
270.915,measure,4944.0,1752.0,8.6619,64.44
271.015,measure,4944.0,1776.0,8.7805,64.44
271.115,measure,4944.0,1776.0,8.7805,64.91
271.215,measure,4944.0,1776.0,8.7805,64.50
271.315,measure,4944.0,1752.0,8.6619,64.31
271.415,measure,4944.0,1776.0,8.7805,64.62
271.516,measure,4944.0,1776.0,8.7805,64.59
271.616,measure,4944.0,1768.0,8.7410,64.72
271.716,measure,4944.0,1760.0,8.7014,64.50
271.816,measure,4944.0,1776.0,8.7805,64.78
271.916,measure,4944.0,1784.0,8.8201,64.81
272.016,measure,4944.0,1768.0,8.7410,64.66
272.116,measure,4944.0,1760.0,8.7014,64.78
272.216,measure,4944.0,1776.0,8.7805,64.88
272.317,measure,4944.0,1776.0,8.7805,64.78
272.417,measure,4944.0,1760.0,8.7014,64.50
272.517,measure,4944.0,1760.0,8.7014,64.78
272.617,measure,4944.0,1784.0,8.8201,64.84
272.717,measure,4944.0,1776.0,8.7805,64.59
272.817,measure,4944.0,1760.0,8.7014,64.81
272.917,measure,4944.0,1768.0,8.7410,64.53
273.018,measure,4944.0,1776.0,8.7805,64.69
273.118,measure,4944.0,1776.0,8.7805,64.75
273.218,measure,4944.0,1752.0,8.6619,64.47
273.318,measure,4944.0,1768.0,8.7410,64.53
273.418,measure,4944.0,1776.0,8.7805,64.69
273.518,measure,4944.0,1768.0,8.7410,64.62
273.618,measure,4944.0,1752.0,8.6619,64.66
273.718,measure,4944.0,1768.0,8.7410,64.69
273.819,measure,4944.0,1784.0,8.8201,64.78
273.919,measure,4944.0,1776.0,8.7805,64.78
274.019,measure,4944.0,1752.0,8.6619,64.69
274.119,measure,4944.0,1776.0,8.7805,64.53
274.219,measure,4944.0,1776.0,8.7805,64.88
274.319,measure,4944.0,1768.0,8.7410,64.78
274.419,measure,4944.0,1752.0,8.6619,64.44
274.520,measure,4944.0,1776.0,8.7805,64.53
274.620,measure,4944.0,1784.0,8.8201,64.62
274.720,measure,4944.0,1776.0,8.7805,64.53
274.820,measure,4944.0,1760.0,8.7014,64.47
274.920,measure,4944.0,1784.0,8.8201,64.66
275.020,measure,4944.0,1784.0,8.8201,64.69
275.120,measure,4944.0,1776.0,8.7805,64.72
275.221,measure,4944.0,1760.0,8.7014,64.56
275.321,measure,4944.0,1776.0,8.7805,64.75
275.421,measure,4944.0,1776.0,8.7805,64.78
275.521,measure,4944.0,1768.0,8.7410,64.66
275.621,measure,4944.0,1752.0,8.6619,64.66
275.721,measure,4944.0,1776.0,8.7805,64.84
275.821,measure,4944.0,1776.0,8.7805,64.78
275.921,measure,4944.0,1768.0,8.7410,64.81
276.022,measure,4944.0,1760.0,8.7014,64.72
276.122,measure,4944.0,1784.0,8.8201,64.62
276.222,measure,4944.0,1776.0,8.7805,64.53
276.322,measure,4952.0,1768.0,8.7551,64.78
276.422,measure,4952.0,1760.0,8.7155,64.53
276.522,measure,4944.0,1784.0,8.8201,64.69
276.622,measure,4944.0,1776.0,8.7805,64.59
276.722,measure,4952.0,1760.0,8.7155,64.44
276.823,measure,4944.0,1760.0,8.7014,64.62
276.923,measure,4944.0,1784.0,8.8201,64.78
277.023,measure,4944.0,1776.0,8.7805,64.91
277.123,measure,4944.0,1760.0,8.7014,64.66
277.223,measure,4944.0,1768.0,8.7410,64.59
277.323,measure,4944.0,1784.0,8.8201,64.94
277.423,measure,4944.0,1776.0,8.7805,64.84
277.523,measure,4952.0,1760.0,8.7155,64.59
277.624,measure,4944.0,1768.0,8.7410,64.84
277.724,measure,4944.0,1784.0,8.8201,64.91
277.824,measure,4944.0,1776.0,8.7805,64.66
277.924,measure,4952.0,1760.0,8.7155,64.53
278.024,measure,4944.0,1776.0,8.7805,64.81
278.124,measure,4944.0,1784.0,8.8201,64.72
278.225,measure,4944.0,1776.0,8.7805,64.59
278.325,measure,4952.0,1760.0,8.7155,64.59
278.425,measure,4944.0,1776.0,8.7805,64.59
278.525,measure,4944.0,1784.0,8.8201,64.81
278.625,measure,4944.0,1776.0,8.7805,64.62
278.725,measure,4952.0,1760.0,8.7155,64.59
278.825,measure,4944.0,1776.0,8.7805,64.78
278.926,measure,4944.0,1776.0,8.7805,64.84
279.026,measure,4944.0,1768.0,8.7410,64.94
279.126,measure,4944.0,1760.0,8.7014,64.72
279.226,measure,4944.0,1776.0,8.7805,64.56
279.326,measure,4944.0,1776.0,8.7805,64.56
279.426,measure,4944.0,1760.0,8.7014,64.84
279.526,measure,4944.0,1760.0,8.7014,64.69
279.626,measure,4944.0,1784.0,8.8201,64.78
279.727,measure,4944.0,1776.0,8.7805,64.97
279.827,measure,4944.0,1760.0,8.7014,64.62
279.927,measure,4944.0,1768.0,8.7410,64.59
280.027,measure,4944.0,1784.0,8.8201,64.78
280.127,measure,4944.0,1776.0,8.7805,64.66
280.227,measure,4944.0,1760.0,8.7014,64.62
280.328,measure,4944.0,1776.0,8.7805,64.62
280.428,measure,4944.0,1784.0,8.8201,64.69
280.528,measure,4944.0,1768.0,8.7410,64.81
280.628,measure,4944.0,1752.0,8.6619,64.66
280.728,measure,4944.0,1776.0,8.7805,64.94
280.828,measure,4944.0,1784.0,8.8201,64.84
280.928,measure,4944.0,1776.0,8.7805,64.75
281.028,measure,4944.0,1752.0,8.6619,64.38
281.129,measure,4944.0,1776.0,8.7805,64.81
281.229,measure,4944.0,1784.0,8.8201,64.84
281.329,measure,4944.0,1776.0,8.7805,64.62
281.429,measure,4944.0,1760.0,8.7014,64.81
281.529,measure,4944.0,1784.0,8.8201,64.62
281.629,measure,4944.0,1784.0,8.8201,64.72
281.729,measure,4944.0,1768.0,8.7410,64.66
281.830,measure,4944.0,1760.0,8.7014,64.53
281.931,measure,4944.0,1776.0,8.7805,64.78
282.031,measure,4944.0,1784.0,8.8201,64.78
282.131,measure,4944.0,1776.0,8.7805,64.91
282.231,measure,4944.0,1760.0,8.7014,64.78
282.333,measure,4944.0,1784.0,8.8201,64.66
282.433,measure,4944.0,1784.0,8.8201,64.66
282.533,measure,4944.0,1768.0,8.7410,64.81
282.633,measure,4944.0,1760.0,8.7014,64.59
282.734,measure,4944.0,1776.0,8.7805,64.75
282.834,measure,4944.0,1776.0,8.7805,64.72
282.935,measure,4944.0,1768.0,8.7410,64.78
283.035,measure,4944.0,1760.0,8.7014,64.59
283.136,measure,4944.0,1776.0,8.7805,65.00
283.236,measure,4944.0,1776.0,8.7805,64.88
283.336,measure,4944.0,1768.0,8.7410,64.78
283.436,measure,4944.0,1760.0,8.7014,64.41
283.537,measure,4944.0,1776.0,8.7805,65.03
283.637,measure,4944.0,1768.0,8.7410,64.78
283.737,measure,4944.0,1744.0,8.6223,64.50
283.837,measure,4944.0,1768.0,8.7410,64.94
283.937,measure,4944.0,1768.0,8.7410,64.72
284.037,measure,4944.0,1760.0,8.7014,64.59
284.137,measure,4944.0,1752.0,8.6619,64.59
284.237,measure,4944.0,1768.0,8.7410,64.78
284.338,measure,4944.0,1760.0,8.7014,64.78
284.438,measure,4952.0,1736.0,8.5967,64.59
284.538,measure,4944.0,1760.0,8.7014,64.75
284.638,measure,4944.0,1768.0,8.7410,64.88
284.738,measure,4944.0,1752.0,8.6619,64.72
284.838,measure,4944.0,1760.0,8.7014,64.66
284.938,measure,4944.0,1768.0,8.7410,64.91
285.039,measure,4944.0,1760.0,8.7014,64.78
285.139,measure,4952.0,1744.0,8.6363,64.47
285.239,measure,4944.0,1768.0,8.7410,64.94
285.339,measure,4944.0,1760.0,8.7014,64.88
285.439,measure,4952.0,1736.0,8.5967,64.59
285.539,measure,4944.0,1760.0,8.7014,64.59
285.639,measure,4944.0,1760.0,8.7014,64.72
285.739,measure,4952.0,1752.0,8.6759,64.59
285.840,measure,4944.0,1752.0,8.6619,64.66
285.940,measure,4944.0,1760.0,8.7014,64.75
286.040,measure,4944.0,1752.0,8.6619,64.59
286.140,measure,4952.0,1736.0,8.5967,64.66
286.240,measure,4944.0,1760.0,8.7014,64.94
286.340,measure,4944.0,1760.0,8.7014,64.88
286.440,measure,4952.0,1744.0,8.6363,64.69
286.540,measure,4944.0,1760.0,8.7014,64.75
286.641,measure,4944.0,1768.0,8.7410,65.03
286.741,measure,4952.0,1752.0,8.6759,64.75
286.841,measure,4952.0,1744.0,8.6363,64.69
286.941,measure,4944.0,1760.0,8.7014,65.06
287.041,measure,4944.0,1760.0,8.7014,64.88
287.141,measure,4952.0,1744.0,8.6363,64.47
287.241,measure,4944.0,1760.0,8.7014,64.62
287.342,measure,4944.0,1768.0,8.7410,64.94
287.442,measure,4944.0,1768.0,8.7410,64.59
287.542,measure,4944.0,1744.0,8.6223,64.53
287.642,measure,4944.0,1768.0,8.7410,64.66
287.742,measure,4944.0,1776.0,8.7805,64.75
287.842,measure,4944.0,1768.0,8.7410,64.81
287.942,measure,4944.0,1752.0,8.6619,64.53
288.042,measure,4944.0,1776.0,8.7805,64.91
288.143,measure,4944.0,1784.0,8.8201,64.84
288.243,measure,4944.0,1776.0,8.7805,64.72
288.343,measure,4944.0,1760.0,8.7014,64.84
288.443,measure,4944.0,1784.0,8.8201,64.81
288.543,measure,4944.0,1776.0,8.7805,64.78
288.643,measure,4944.0,1776.0,8.7805,64.59
288.744,measure,4944.0,1760.0,8.7014,64.81
288.844,measure,4944.0,1784.0,8.8201,64.66
288.944,measure,4944.0,1784.0,8.8201,64.66
289.044,measure,4944.0,1776.0,8.7805,64.84
289.144,measure,4944.0,1760.0,8.7014,64.59
289.245,measure,4944.0,1784.0,8.8201,64.81
289.345,measure,4944.0,1784.0,8.8201,64.78
289.445,measure,4944.0,1776.0,8.7805,64.59
289.546,measure,4944.0,1760.0,8.7014,64.72
289.647,measure,4944.0,1784.0,8.8201,64.78
289.747,measure,4944.0,1784.0,8.8201,64.94
289.847,measure,4944.0,1776.0,8.7805,64.81
289.947,measure,4944.0,1760.0,8.7014,64.50
290.048,measure,4944.0,1784.0,8.8201,65.00
290.148,measure,4944.0,1776.0,8.7805,64.72
290.248,measure,4952.0,1760.0,8.7155,64.62
290.348,measure,4944.0,1768.0,8.7410,64.66
290.448,measure,4944.0,1776.0,8.7805,64.78
290.549,measure,4944.0,1768.0,8.7410,64.62
290.649,measure,4952.0,1752.0,8.6759,64.62
290.749,measure,4944.0,1776.0,8.7805,64.94
290.849,measure,4944.0,1768.0,8.7410,64.91
290.949,measure,4952.0,1744.0,8.6363,64.69
291.049,measure,4944.0,1760.0,8.7014,64.69
291.149,measure,4944.0,1768.0,8.7410,64.88
291.249,measure,4944.0,1760.0,8.7014,64.78
291.350,measure,4944.0,1752.0,8.6619,64.72
291.450,measure,4944.0,1768.0,8.7410,65.09
291.550,measure,4944.0,1760.0,8.7014,64.81
291.650,measure,4952.0,1744.0,8.6363,64.53
291.750,measure,4944.0,1760.0,8.7014,64.94
291.850,measure,4944.0,1760.0,8.7014,64.94
291.950,measure,4944.0,1752.0,8.6619,64.53
292.051,measure,4944.0,1744.0,8.6223,64.62
292.151,measure,4944.0,1768.0,8.7410,64.78
292.251,measure,4944.0,1760.0,8.7014,64.72
292.351,measure,4944.0,1736.0,8.5828,64.66
292.451,measure,4944.0,1760.0,8.7014,64.78
292.551,measure,4944.0,1768.0,8.7410,65.00
292.651,measure,4952.0,1752.0,8.6759,64.75
292.752,measure,4952.0,1752.0,8.6759,64.66
292.852,measure,4944.0,1768.0,8.7410,64.91
292.952,measure,4952.0,1760.0,8.7155,64.88
293.052,measure,4952.0,1736.0,8.5967,64.69
293.153,measure,4944.0,1768.0,8.7410,64.97
293.253,measure,4944.0,1768.0,8.7410,64.97
293.353,measure,4952.0,1744.0,8.6363,64.62
293.453,measure,4952.0,1752.0,8.6759,64.62
293.554,measure,4944.0,1768.0,8.7410,64.78
293.654,measure,4944.0,1760.0,8.7014,64.66
293.754,measure,4952.0,1744.0,8.6363,64.69
293.854,measure,4944.0,1768.0,8.7410,64.88
293.954,measure,4944.0,1768.0,8.7410,64.69
294.054,measure,4952.0,1744.0,8.6363,64.78
294.154,measure,4952.0,1760.0,8.7155,64.72
294.255,measure,4944.0,1768.0,8.7410,64.97
294.355,measure,4952.0,1760.0,8.7155,64.84
294.455,measure,4952.0,1744.0,8.6363,64.66
294.555,measure,4944.0,1768.0,8.7410,65.00
294.655,measure,4944.0,1768.0,8.7410,64.94
294.755,measure,4944.0,1768.0,8.7410,64.66
294.855,measure,4944.0,1752.0,8.6619,64.88
294.955,measure,4944.0,1776.0,8.7805,64.97
295.056,measure,4944.0,1768.0,8.7410,64.78
295.156,measure,4952.0,1752.0,8.6759,64.53
295.256,measure,4944.0,1760.0,8.7014,64.69
295.356,measure,4944.0,1768.0,8.7410,64.78
295.456,measure,4944.0,1760.0,8.7014,64.78
295.556,measure,4952.0,1744.0,8.6363,64.59
295.656,measure,4944.0,1768.0,8.7410,64.97
295.757,measure,4944.0,1768.0,8.7410,64.78
295.857,measure,4952.0,1744.0,8.6363,64.72
295.957,measure,4944.0,1752.0,8.6619,64.81
296.057,measure,4944.0,1768.0,8.7410,64.84
296.157,measure,4944.0,1752.0,8.6619,64.78
296.257,measure,4952.0,1744.0,8.6363,64.81
296.357,measure,4944.0,1768.0,8.7410,64.94
296.458,measure,4944.0,1760.0,8.7014,64.88
296.558,measure,4952.0,1744.0,8.6363,64.69
296.658,measure,4944.0,1760.0,8.7014,64.94
296.758,measure,4944.0,1768.0,8.7410,64.78
296.858,measure,4952.0,1760.0,8.7155,64.66
296.958,measure,4952.0,1752.0,8.6759,64.91
297.058,measure,4944.0,1768.0,8.7410,64.75
297.159,measure,4944.0,1760.0,8.7014,64.81
297.259,measure,4952.0,1752.0,8.6759,64.62
297.359,measure,4944.0,1768.0,8.7410,64.75
297.459,measure,4944.0,1776.0,8.7805,64.88
297.559,measure,4944.0,1768.0,8.7410,64.78
297.659,measure,4944.0,1752.0,8.6619,64.91
297.759,measure,4944.0,1768.0,8.7410,64.84
297.860,measure,4944.0,1776.0,8.7805,64.88
297.960,measure,4944.0,1768.0,8.7410,65.00
298.060,measure,4944.0,1752.0,8.6619,64.78
298.160,measure,4944.0,1776.0,8.7805,64.91
298.260,measure,4944.0,1784.0,8.8201,64.75
298.360,measure,4944.0,1776.0,8.7805,64.88
298.460,measure,4944.0,1760.0,8.7014,64.69
298.561,measure,4944.0,1784.0,8.8201,64.75
298.661,measure,4944.0,1784.0,8.8201,64.84
298.761,measure,4944.0,1776.0,8.7805,64.72
298.861,measure,4944.0,1768.0,8.7410,64.69
298.962,measure,4944.0,1784.0,8.8201,64.84
299.062,measure,4944.0,1784.0,8.8201,65.03
299.162,measure,4944.0,1768.0,8.7410,64.81
299.262,measure,4944.0,1760.0,8.7014,64.72
299.362,measure,4944.0,1784.0,8.8201,65.16
299.462,measure,4944.0,1776.0,8.7805,64.94
299.562,measure,4944.0,1760.0,8.7014,64.78
299.663,measure,4944.0,1760.0,8.7014,64.62
299.763,measure,4944.0,1784.0,8.8201,65.03
299.863,measure,4944.0,1776.0,8.7805,64.78
299.963,measure,4944.0,1760.0,8.7014,64.59
300.063,measure,4944.0,1768.0,8.7410,65.03
300.163,measure,4944.0,1784.0,8.8201,64.88
300.263,measure,4944.0,1776.0,8.7805,64.69
300.363,measure,4944.0,1760.0,8.7014,64.78
300.464,measure,4944.0,1760.0,8.7014,64.69
300.564,measure,4944.0,1776.0,8.7805,64.81
300.664,measure,4944.0,1776.0,8.7805,64.91
300.764,measure,4952.0,1760.0,8.7155,64.66
300.864,measure,4944.0,1776.0,8.7805,64.91
300.964,measure,4944.0,1784.0,8.8201,64.91
301.064,measure,4944.0,1768.0,8.7410,64.75
301.165,measure,4944.0,1752.0,8.6619,64.88
301.265,measure,4944.0,1768.0,8.7410,64.88
301.365,measure,4944.0,1776.0,8.7805,64.78
301.465,measure,4944.0,1776.0,8.7805,64.97
301.565,measure,4944.0,1760.0,8.7014,64.75
301.665,measure,4944.0,1776.0,8.7805,64.62
301.765,measure,4944.0,1784.0,8.8201,65.09
301.866,measure,4944.0,1776.0,8.7805,64.78
301.966,measure,4944.0,1752.0,8.6619,64.59
302.066,measure,4944.0,1776.0,8.7805,64.78
302.166,measure,4944.0,1776.0,8.7805,64.81
302.266,measure,4944.0,1760.0,8.7014,64.88
302.366,measure,4944.0,1760.0,8.7014,64.72
302.466,measure,4944.0,1776.0,8.7805,64.84
302.566,measure,4944.0,1760.0,8.7014,65.00
302.667,measure,4944.0,1744.0,8.6223,64.69
302.767,measure,4944.0,1768.0,8.7410,64.84
302.868,measure,4944.0,1760.0,8.7014,65.00
302.968,measure,4944.0,1744.0,8.6223,64.78
303.068,measure,4944.0,1752.0,8.6619,64.72
303.168,measure,4944.0,1768.0,8.7410,65.19
303.268,measure,4944.0,1760.0,8.7014,64.91
303.368,measure,4944.0,1744.0,8.6223,64.62
303.468,measure,4944.0,1768.0,8.7410,64.84
303.568,measure,4944.0,1760.0,8.7014,64.81
303.669,measure,4944.0,1744.0,8.6223,64.62
303.769,measure,4944.0,1760.0,8.7014,64.78
303.869,measure,4944.0,1768.0,8.7410,64.81
303.969,measure,4944.0,1752.0,8.6619,64.75
304.069,measure,4952.0,1744.0,8.6363,64.75
304.169,measure,4944.0,1768.0,8.7410,64.88
304.269,measure,4944.0,1760.0,8.7014,65.00
304.370,measure,4952.0,1736.0,8.5967,64.78
304.470,measure,4944.0,1760.0,8.7014,64.84
304.570,measure,4944.0,1768.0,8.7410,65.12
304.670,measure,4952.0,1752.0,8.6759,64.84
304.770,measure,4952.0,1752.0,8.6759,64.56
304.870,measure,4944.0,1768.0,8.7410,65.03
304.970,measure,4944.0,1760.0,8.7014,64.91
305.070,measure,4952.0,1744.0,8.6363,64.66
305.171,measure,4944.0,1768.0,8.7410,64.81
305.271,measure,4944.0,1760.0,8.7014,64.81
305.372,measure,4952.0,1752.0,8.6759,64.66
305.472,measure,4952.0,1752.0,8.6759,64.75
305.572,measure,4944.0,1768.0,8.7410,64.81
305.672,measure,4944.0,1760.0,8.7014,65.00
305.772,measure,4952.0,1744.0,8.6363,64.75
305.872,measure,4944.0,1768.0,8.7410,65.09
305.972,measure,4944.0,1760.0,8.7014,65.03
306.072,measure,4952.0,1736.0,8.5967,64.78
306.173,measure,4944.0,1760.0,8.7014,64.81
306.273,measure,4944.0,1768.0,8.7410,65.03
306.373,measure,4952.0,1752.0,8.6759,64.84
306.473,measure,4952.0,1744.0,8.6363,64.62
306.573,measure,4944.0,1768.0,8.7410,64.75
306.673,measure,4944.0,1760.0,8.7014,64.94
306.773,measure,4952.0,1752.0,8.6759,64.75
306.874,measure,4944.0,1760.0,8.7014,64.69
306.974,measure,4944.0,1776.0,8.7805,64.84
307.074,measure,4944.0,1768.0,8.7410,64.78
307.174,measure,4952.0,1752.0,8.6759,64.78
307.274,measure,4944.0,1768.0,8.7410,64.78
307.374,measure,4944.0,1776.0,8.7805,64.84
307.474,measure,4944.0,1768.0,8.7410,64.88
307.574,measure,4944.0,1752.0,8.6619,64.69
307.675,measure,4944.0,1768.0,8.7410,64.97
307.775,measure,4944.0,1776.0,8.7805,64.97
307.875,measure,4944.0,1768.0,8.7410,64.84
307.975,measure,4944.0,1752.0,8.6619,64.94
308.075,measure,4944.0,1768.0,8.7410,64.94
308.175,measure,4944.0,1776.0,8.7805,64.84
308.275,measure,4944.0,1768.0,8.7410,64.75
308.376,measure,4944.0,1752.0,8.6619,64.88
308.476,measure,4944.0,1776.0,8.7805,64.75
308.576,measure,4944.0,1784.0,8.8201,64.78
308.676,measure,4944.0,1768.0,8.7410,64.81
308.776,measure,4944.0,1752.0,8.6619,64.72
308.876,measure,4944.0,1776.0,8.7805,64.84
308.976,measure,4944.0,1776.0,8.7805,64.91
309.076,measure,4944.0,1768.0,8.7410,64.78
309.177,measure,4944.0,1752.0,8.6619,64.81
309.277,measure,4944.0,1776.0,8.7805,64.91
309.377,measure,4944.0,1776.0,8.7805,65.03
309.478,measure,4944.0,1768.0,8.7410,64.88
309.578,measure,4944.0,1760.0,8.7014,64.84
309.678,measure,4944.0,1776.0,8.7805,65.16
309.778,measure,4944.0,1776.0,8.7805,65.03
309.878,measure,4944.0,1768.0,8.7410,64.72
309.978,measure,4944.0,1768.0,8.7410,64.66
310.078,measure,4944.0,1792.0,8.8596,64.84
310.179,measure,4944.0,1776.0,8.7805,64.78
310.279,measure,4944.0,1760.0,8.7014,64.66
310.379,measure,4944.0,1768.0,8.7410,64.84
310.479,measure,4944.0,1776.0,8.7805,64.81
310.579,measure,4944.0,1760.0,8.7014,64.91
310.680,measure,4944.0,1752.0,8.6619,64.81
310.780,measure,4944.0,1776.0,8.7805,65.09
310.880,measure,4944.0,1768.0,8.7410,65.03
310.980,measure,4944.0,1752.0,8.6619,64.78
311.080,measure,4944.0,1760.0,8.7014,65.00
311.180,measure,4944.0,1768.0,8.7410,65.00
311.280,measure,4944.0,1760.0,8.7014,64.88
311.381,measure,4944.0,1744.0,8.6223,64.56
311.482,measure,4944.0,1768.0,8.7410,64.81
311.582,measure,4944.0,1768.0,8.7410,64.81
311.682,measure,4944.0,1744.0,8.6223,64.78
311.782,measure,4944.0,1760.0,8.7014,64.78
311.882,measure,4944.0,1768.0,8.7410,64.78
311.983,measure,4944.0,1760.0,8.7014,64.94
312.083,measure,4944.0,1744.0,8.6223,64.69
312.183,measure,4944.0,1768.0,8.7410,65.03
312.283,measure,4944.0,1760.0,8.7014,65.03
312.383,measure,4952.0,1744.0,8.6363,64.78
312.483,measure,4944.0,1752.0,8.6619,65.00
312.583,measure,4944.0,1760.0,8.7014,65.06
312.683,measure,4944.0,1752.0,8.6619,64.88
312.784,measure,4944.0,1744.0,8.6223,64.91
312.884,measure,4944.0,1768.0,8.7410,65.00
312.984,measure,4944.0,1752.0,8.6619,64.75
313.084,measure,4952.0,1728.0,8.5571,64.53
313.184,measure,4944.0,1760.0,8.7014,65.06
313.284,measure,4944.0,1752.0,8.6619,64.78
313.384,measure,4952.0,1736.0,8.5967,64.69
313.484,measure,4952.0,1752.0,8.6759,64.78
313.585,measure,4944.0,1760.0,8.7014,64.84
313.685,measure,4944.0,1752.0,8.6619,64.94
313.785,measure,4952.0,1744.0,8.6363,64.75
313.885,measure,4944.0,1768.0,8.7410,64.88
313.985,measure,4944.0,1760.0,8.7014,64.91
314.085,measure,4952.0,1736.0,8.5967,64.69
314.185,measure,4944.0,1760.0,8.7014,65.06
314.285,measure,4944.0,1760.0,8.7014,65.06
314.386,measure,4944.0,1752.0,8.6619,64.81
314.486,measure,4944.0,1752.0,8.6619,64.69
314.586,measure,4944.0,1768.0,8.7410,65.09
314.686,measure,4944.0,1760.0,8.7014,64.91
314.786,measure,4952.0,1736.0,8.5967,64.53
314.886,measure,4944.0,1768.0,8.7410,65.16
314.986,measure,4944.0,1760.0,8.7014,64.84
315.087,measure,4944.0,1752.0,8.6619,64.66
315.187,measure,4944.0,1752.0,8.6619,64.78
315.287,measure,4944.0,1768.0,8.7410,64.88
315.387,measure,4944.0,1760.0,8.7014,64.75
315.487,measure,4952.0,1744.0,8.6363,64.75
315.587,measure,4944.0,1760.0,8.7014,65.09
315.688,measure,4944.0,1760.0,8.7014,64.94
315.788,measure,4952.0,1736.0,8.5967,64.81
315.888,measure,4944.0,1760.0,8.7014,65.09
315.988,measure,4944.0,1760.0,8.7014,65.03
316.088,measure,4944.0,1752.0,8.6619,64.84
316.188,measure,4944.0,1744.0,8.6223,64.75
316.288,measure,4944.0,1768.0,8.7410,65.03
316.389,measure,4944.0,1760.0,8.7014,64.94
316.489,measure,4952.0,1736.0,8.5967,64.66
316.589,measure,4944.0,1760.0,8.7014,65.09
316.689,measure,4944.0,1760.0,8.7014,64.88
316.789,measure,4944.0,1752.0,8.6619,64.75
316.889,measure,4944.0,1752.0,8.6619,64.78
316.989,measure,4944.0,1760.0,8.7014,64.88
317.089,measure,4944.0,1760.0,8.7014,64.75
317.190,measure,4952.0,1736.0,8.5967,64.75
317.290,measure,4944.0,1760.0,8.7014,65.03
317.390,measure,4944.0,1760.0,8.7014,64.94
317.490,measure,4944.0,1744.0,8.6223,64.78
317.590,measure,4944.0,1752.0,8.6619,64.78
317.690,measure,4944.0,1760.0,8.7014,65.06
317.790,measure,4952.0,1752.0,8.6759,64.88
317.891,measure,4952.0,1744.0,8.6363,64.66
317.991,measure,4944.0,1768.0,8.7410,65.12
318.091,measure,4944.0,1760.0,8.7014,65.03
318.191,measure,4944.0,1744.0,8.6223,64.75
318.291,measure,4944.0,1760.0,8.7014,64.75
318.391,measure,4944.0,1768.0,8.7410,64.88
318.491,measure,4944.0,1752.0,8.6619,64.75
318.592,measure,4944.0,1744.0,8.6223,64.69
318.692,measure,4944.0,1768.0,8.7410,64.91
318.792,measure,4944.0,1760.0,8.7014,64.84
318.892,measure,4952.0,1736.0,8.5967,64.84
318.992,measure,4944.0,1760.0,8.7014,64.84
319.092,measure,4944.0,1760.0,8.7014,65.09
319.192,measure,4944.0,1752.0,8.6619,64.91
319.292,measure,4944.0,1752.0,8.6619,64.78
319.393,measure,4944.0,1768.0,8.7410,65.22
319.493,measure,4944.0,1760.0,8.7014,64.91
319.593,measure,4952.0,1736.0,8.5967,64.66
319.693,measure,4944.0,1760.0,8.7014,65.16
319.793,measure,4944.0,1760.0,8.7014,65.06
319.893,measure,4944.0,1744.0,8.6223,64.78
319.994,measure,4944.0,1752.0,8.6619,64.75
320.094,measure,4944.0,1768.0,8.7410,64.94
320.194,measure,4944.0,1760.0,8.7014,64.78
320.294,measure,4952.0,1736.0,8.5967,64.75
320.395,measure,4944.0,1760.0,8.7014,64.84
320.495,measure,4944.0,1760.0,8.7014,64.88
320.595,measure,4944.0,1744.0,8.6223,64.84
320.695,measure,4944.0,1752.0,8.6619,64.78
320.795,measure,4944.0,1768.0,8.7410,65.06
320.895,measure,4944.0,1760.0,8.7014,65.00
320.995,measure,4952.0,1744.0,8.6363,64.78
321.096,measure,4944.0,1768.0,8.7410,65.03
321.196,measure,4944.0,1760.0,8.7014,65.00
321.296,measure,4944.0,1744.0,8.6223,64.78
321.396,measure,4944.0,1752.0,8.6619,64.78
321.496,measure,4944.0,1768.0,8.7410,65.22
321.596,measure,4944.0,1752.0,8.6619,64.78
321.696,measure,4944.0,1744.0,8.6223,64.75
321.796,measure,4944.0,1768.0,8.7410,64.94
321.897,measure,4944.0,1760.0,8.7014,64.81
321.997,measure,4952.0,1744.0,8.6363,64.88
322.097,measure,4944.0,1752.0,8.6619,64.91
322.197,measure,4944.0,1760.0,8.7014,64.94
322.297,measure,4944.0,1752.0,8.6619,64.88
322.397,measure,4952.0,1744.0,8.6363,64.81
322.497,measure,4944.0,1768.0,8.7410,65.19
322.598,measure,4944.0,1760.0,8.7014,64.97
322.698,measure,4952.0,1736.0,8.5967,64.81
322.798,measure,4944.0,1760.0,8.7014,65.09
322.898,measure,4944.0,1768.0,8.7410,65.09
322.998,measure,4952.0,1752.0,8.6759,64.78
323.098,measure,4944.0,1752.0,8.6619,64.72
323.198,measure,4944.0,1768.0,8.7410,65.22
323.299,measure,4944.0,1760.0,8.7014,64.81
323.399,measure,4952.0,1736.0,8.5967,64.81
323.499,measure,4944.0,1760.0,8.7014,64.88
323.599,measure,4944.0,1768.0,8.7410,64.91
323.699,measure,4952.0,1752.0,8.6759,64.97
323.799,measure,4952.0,1744.0,8.6363,64.81
323.899,measure,4944.0,1768.0,8.7410,64.91
324.000,measure,4944.0,1760.0,8.7014,65.00
324.100,measure,4952.0,1736.0,8.5967,64.81
324.200,measure,4944.0,1760.0,8.7014,65.06
324.300,measure,4944.0,1760.0,8.7014,65.06
324.400,measure,4944.0,1744.0,8.6223,64.91
324.500,measure,4944.0,1752.0,8.6619,64.78
324.600,measure,4944.0,1768.0,8.7410,65.12
324.700,measure,4944.0,1760.0,8.7014,64.91
324.801,measure,4944.0,1736.0,8.5828,64.72
324.901,measure,4944.0,1768.0,8.7410,65.19
325.001,measure,4944.0,1768.0,8.7410,64.88
325.101,measure,4944.0,1752.0,8.6619,64.69
325.201,measure,4944.0,1752.0,8.6619,64.84
325.301,measure,4944.0,1776.0,8.7805,64.97
325.401,measure,4944.0,1768.0,8.7410,64.88
325.501,measure,4944.0,1760.0,8.7014,64.94
325.602,measure,4944.0,1760.0,8.7014,64.84
325.702,measure,4944.0,1776.0,8.7805,65.00
325.802,measure,4944.0,1776.0,8.7805,65.00
325.902,measure,4944.0,1760.0,8.7014,64.78
326.002,measure,4944.0,1768.0,8.7410,65.03
326.102,measure,4944.0,1784.0,8.8201,65.09
326.202,measure,4944.0,1776.0,8.7805,64.88
326.303,measure,4944.0,1760.0,8.7014,64.97
326.403,measure,4944.0,1776.0,8.7805,65.06
326.503,measure,4944.0,1784.0,8.8201,64.94
326.603,measure,4944.0,1784.0,8.8201,65.19
326.703,measure,4944.0,1760.0,8.7014,64.75
326.803,measure,4944.0,1776.0,8.7805,64.78
326.903,measure,4944.0,1792.0,8.8596,64.88
327.003,measure,4944.0,1784.0,8.8201,64.81
327.104,measure,4944.0,1760.0,8.7014,64.88
327.204,measure,4944.0,1776.0,8.7805,64.91
327.304,measure,4944.0,1784.0,8.8201,64.97
327.404,measure,4944.0,1776.0,8.7805,65.09
327.504,measure,4944.0,1760.0,8.7014,64.88
327.604,measure,4944.0,1784.0,8.8201,64.84
327.704,measure,4944.0,1784.0,8.8201,65.12
327.805,measure,4944.0,1776.0,8.7805,65.03
327.905,measure,4944.0,1760.0,8.7014,64.88
328.005,measure,4944.0,1784.0,8.8201,65.16
328.105,measure,4944.0,1784.0,8.8201,65.16
328.205,measure,4944.0,1776.0,8.7805,64.91
328.305,measure,4944.0,1760.0,8.7014,64.75
328.405,measure,4944.0,1784.0,8.8201,64.91
328.506,measure,4944.0,1784.0,8.8201,64.94
328.606,measure,4944.0,1768.0,8.7410,64.84
328.706,measure,4944.0,1760.0,8.7014,64.75
328.806,measure,4944.0,1784.0,8.8201,65.09
328.906,measure,4944.0,1776.0,8.7805,64.91
329.006,measure,4944.0,1760.0,8.7014,64.88
329.106,measure,4944.0,1760.0,8.7014,64.81
329.207,measure,4944.0,1784.0,8.8201,65.06
329.307,measure,4944.0,1776.0,8.7805,64.97
329.407,measure,4944.0,1760.0,8.7014,65.09
329.507,measure,4944.0,1760.0,8.7014,65.03
329.607,measure,4944.0,1776.0,8.7805,65.09
329.707,measure,4944.0,1768.0,8.7410,65.25
329.807,measure,4944.0,1760.0,8.7014,65.06
329.907,measure,4944.0,1760.0,8.7014,64.88
330.008,measure,4944.0,1784.0,8.8201,64.91
330.108,measure,4944.0,1776.0,8.7805,65.12
330.208,measure,4944.0,1760.0,8.7014,64.78
330.308,measure,4944.0,1768.0,8.7410,64.75
330.408,measure,4944.0,1784.0,8.8201,65.00
330.508,measure,4944.0,1776.0,8.7805,64.91
330.608,measure,4944.0,1760.0,8.7014,64.94
330.709,measure,4944.0,1768.0,8.7410,64.94
330.809,measure,4944.0,1784.0,8.8201,64.97
330.909,measure,4944.0,1776.0,8.7805,65.00
331.009,measure,4944.0,1760.0,8.7014,64.81
331.109,measure,4944.0,1776.0,8.7805,65.19
331.209,measure,4944.0,1784.0,8.8201,65.12
331.309,measure,4944.0,1776.0,8.7805,65.06
331.410,measure,4944.0,1752.0,8.6619,64.97
331.510,measure,4944.0,1768.0,8.7410,65.12
331.610,measure,4944.0,1776.0,8.7805,65.06
331.710,measure,4944.0,1768.0,8.7410,64.88
331.810,measure,4944.0,1752.0,8.6619,65.00
331.910,measure,4944.0,1768.0,8.7410,64.94
332.010,measure,4944.0,1776.0,8.7805,64.91
332.111,measure,4944.0,1776.0,8.7805,65.00
332.211,measure,4944.0,1752.0,8.6619,64.78
332.311,measure,4944.0,1784.0,8.8201,64.97
332.411,measure,4944.0,1784.0,8.8201,65.00
332.511,measure,4944.0,1776.0,8.7805,64.88
332.611,measure,4944.0,1760.0,8.7014,64.94
332.711,measure,4944.0,1776.0,8.7805,65.00
332.811,measure,4944.0,1784.0,8.8201,65.19
332.912,measure,4944.0,1776.0,8.7805,65.09
333.012,measure,4944.0,1760.0,8.7014,64.94
333.112,measure,4944.0,1784.0,8.8201,64.88
333.212,measure,4944.0,1784.0,8.8201,65.28
333.313,measure,4944.0,1776.0,8.7805,64.94
333.413,measure,4944.0,1760.0,8.7014,64.72
333.513,measure,4944.0,1784.0,8.8201,64.94
333.613,measure,4944.0,1784.0,8.8201,64.97
333.713,measure,4944.0,1760.0,8.7014,64.91
333.813,measure,4944.0,1776.0,8.7805,64.84
333.913,measure,4944.0,1800.0,8.8992,65.00
334.014,measure,4944.0,1816.0,8.9783,65.00
334.114,measure,4944.0,1856.0,9.1761,64.94
334.215,measure,4944.0,1920.0,9.4925,65.41
334.315,measure,4936.0,1952.0,9.6351,65.28
334.416,measure,4944.0,1936.0,9.5716,65.00
334.516,measure,4944.0,1928.0,9.5320,65.19
334.616,measure,4936.0,1968.0,9.7140,65.34
334.716,measure,4936.0,1984.0,9.7930,65.25
334.816,measure,4936.0,2008.0,9.9115,65.16
334.917,measure,4936.0,1984.0,9.7930,65.16
335.017,measure,4944.0,1928.0,9.5320,64.88
335.117,measure,4944.0,1904.0,9.4134,65.09
335.217,measure,4944.0,1896.0,9.3738,65.09
335.317,measure,4944.0,1864.0,9.2156,65.12
335.417,measure,4944.0,1832.0,9.0574,65.03
335.517,measure,4944.0,1824.0,9.0179,65.00
335.617,measure,4944.0,1832.0,9.0574,65.31
335.718,measure,4944.0,1816.0,8.9783,65.25
335.818,measure,4944.0,1800.0,8.8992,64.97
335.918,measure,4944.0,1792.0,8.8596,65.12
336.018,measure,4944.0,1808.0,8.9388,65.19
336.118,measure,4944.0,1800.0,8.8992,65.12
336.218,measure,4944.0,1784.0,8.8201,64.84
336.318,measure,4944.0,1776.0,8.7805,65.12
336.419,measure,4944.0,1792.0,8.8596,65.00
336.519,measure,4944.0,1792.0,8.8596,65.00
336.619,measure,4944.0,1784.0,8.8201,65.00
336.719,measure,4944.0,1768.0,8.7410,64.81
336.819,measure,4944.0,1792.0,8.8596,65.03
336.920,measure,4944.0,1792.0,8.8596,65.12
337.020,measure,4944.0,1784.0,8.8201,65.00
337.120,measure,4944.0,1760.0,8.7014,64.97
337.220,measure,4944.0,1784.0,8.8201,65.03
337.320,measure,4944.0,1792.0,8.8596,65.34
337.420,measure,4944.0,1784.0,8.8201,65.12
337.520,measure,4944.0,1768.0,8.7410,64.97
337.621,measure,4944.0,1784.0,8.8201,65.25
337.721,measure,4944.0,1792.0,8.8596,65.12
337.821,measure,4944.0,1784.0,8.8201,65.09
337.921,measure,4944.0,1768.0,8.7410,64.88
338.021,measure,4944.0,1776.0,8.7805,65.16
338.121,measure,4944.0,1792.0,8.8596,65.00
338.221,measure,4944.0,1784.0,8.8201,64.97
338.321,measure,4944.0,1776.0,8.7805,65.22
338.422,measure,4944.0,1768.0,8.7410,64.91
338.522,measure,4944.0,1792.0,8.8596,65.09
338.622,measure,4944.0,1784.0,8.8201,65.03
338.722,measure,4944.0,1776.0,8.7805,64.97
338.822,measure,4944.0,1768.0,8.7410,64.97
338.922,measure,4944.0,1784.0,8.8201,65.12
339.022,measure,4944.0,1784.0,8.8201,65.09
339.122,measure,4944.0,1776.0,8.7805,65.03
339.223,measure,4944.0,1768.0,8.7410,64.97
339.323,measure,4944.0,1784.0,8.8201,64.94
339.423,measure,4944.0,1784.0,8.8201,65.19
339.523,measure,4944.0,1776.0,8.7805,65.09
339.623,measure,4944.0,1768.0,8.7410,64.91
339.724,measure,4944.0,1784.0,8.8201,65.28
339.824,measure,4944.0,1784.0,8.8201,65.03
339.924,measure,4944.0,1776.0,8.7805,64.94
340.024,measure,4944.0,1760.0,8.7014,64.88
340.125,measure,4944.0,1784.0,8.8201,65.00
340.225,measure,4944.0,1784.0,8.8201,65.22
340.325,measure,4944.0,1776.0,8.7805,65.06
340.426,measure,4944.0,1760.0,8.7014,65.16
340.526,measure,4944.0,1784.0,8.8201,65.19
340.626,measure,4944.0,1792.0,8.8596,65.16
340.726,measure,4944.0,1784.0,8.8201,65.31
340.826,measure,4944.0,1768.0,8.7410,65.12
340.926,measure,4944.0,1776.0,8.7805,65.12
341.026,measure,4944.0,1800.0,8.8992,65.00
341.126,measure,4944.0,1784.0,8.8201,65.25
341.227,measure,4944.0,1776.0,8.7805,64.97
341.327,measure,4944.0,1776.0,8.7805,64.91
341.427,measure,4944.0,1792.0,8.8596,65.06
341.527,measure,4944.0,1784.0,8.8201,65.12
341.627,measure,4944.0,1776.0,8.7805,64.97
341.727,measure,4944.0,1768.0,8.7410,64.91
341.827,measure,4944.0,1784.0,8.8201,65.03
341.928,measure,4944.0,1784.0,8.8201,65.22
342.028,measure,4944.0,1776.0,8.7805,65.09
342.128,measure,4944.0,1760.0,8.7014,64.97
342.228,measure,4944.0,1784.0,8.8201,65.19
342.328,measure,4944.0,1784.0,8.8201,65.16
342.428,measure,4944.0,1776.0,8.7805,65.03
342.528,measure,4944.0,1760.0,8.7014,65.16
342.628,measure,4944.0,1776.0,8.7805,65.19
342.729,measure,4944.0,1792.0,8.8596,65.09
342.829,measure,4944.0,1784.0,8.8201,65.28
342.929,measure,4944.0,1768.0,8.7410,65.12
343.029,measure,4944.0,1776.0,8.7805,64.91
343.129,measure,4944.0,1792.0,8.8596,65.06
343.229,measure,4944.0,1784.0,8.8201,65.03
343.329,measure,4944.0,1768.0,8.7410,64.97
343.429,measure,4944.0,1776.0,8.7805,65.00
343.530,measure,4944.0,1792.0,8.8596,65.09
343.630,measure,4944.0,1792.0,8.8596,65.03
343.730,measure,4944.0,1784.0,8.8201,65.09
343.830,measure,4944.0,1768.0,8.7410,65.03
343.930,measure,4944.0,1792.0,8.8596,65.22
344.030,measure,4944.0,1792.0,8.8596,65.09
344.130,measure,4944.0,1784.0,8.8201,65.06
344.230,measure,4944.0,1768.0,8.7410,65.16
344.331,measure,4944.0,1784.0,8.8201,65.09
344.431,measure,4944.0,1800.0,8.8992,65.03
344.531,measure,4944.0,1792.0,8.8596,65.28
344.631,measure,4944.0,1784.0,8.8201,65.09
344.731,measure,4944.0,1776.0,8.7805,65.00
344.831,measure,4944.0,1800.0,8.8992,65.09
344.931,measure,4944.0,1792.0,8.8596,65.03
345.031,measure,4944.0,1784.0,8.8201,64.94
345.132,measure,4944.0,1776.0,8.7805,65.00
345.232,measure,4944.0,1792.0,8.8596,65.03
345.332,measure,4944.0,1792.0,8.8596,65.09
345.432,measure,4944.0,1784.0,8.8201,65.12
345.532,measure,4944.0,1768.0,8.7410,64.88
345.632,measure,4944.0,1784.0,8.8201,65.22
345.732,measure,4944.0,1784.0,8.8201,65.16
345.833,measure,4944.0,1768.0,8.7410,65.06
345.933,measure,4944.0,1768.0,8.7410,65.22
346.033,measure,4944.0,1784.0,8.8201,65.28
346.133,measure,4944.0,1784.0,8.8201,65.16
346.233,measure,4944.0,1768.0,8.7410,65.28
346.333,measure,4944.0,1760.0,8.7014,65.12
346.433,measure,4944.0,1784.0,8.8201,65.03
346.533,measure,4944.0,1776.0,8.7805,65.00
346.634,measure,4944.0,1752.0,8.6619,65.16
346.734,measure,4944.0,1768.0,8.7410,65.03
346.834,measure,4944.0,1776.0,8.7805,65.00
346.934,measure,4944.0,1768.0,8.7410,65.12
347.034,measure,4944.0,1744.0,8.6223,64.88
347.134,measure,4944.0,1768.0,8.7410,65.19
347.234,measure,4944.0,1768.0,8.7410,65.16
347.335,measure,4944.0,1760.0,8.7014,65.19
347.435,measure,4944.0,1752.0,8.6619,65.12
347.535,measure,4944.0,1776.0,8.7805,65.22
347.635,measure,4944.0,1776.0,8.7805,65.41
347.735,measure,4944.0,1768.0,8.7410,65.16
347.835,measure,4944.0,1760.0,8.7014,65.00
347.936,measure,4944.0,1784.0,8.8201,64.97
348.036,measure,4944.0,1784.0,8.8201,65.09
348.137,measure,4944.0,1776.0,8.7805,64.97
348.237,measure,4944.0,1760.0,8.7014,64.88
348.337,measure,4944.0,1776.0,8.7805,65.03
348.437,measure,4944.0,1792.0,8.8596,65.09
348.537,measure,4944.0,1784.0,8.8201,65.16
348.637,measure,4944.0,1768.0,8.7410,64.97
348.738,measure,4944.0,1776.0,8.7805,65.06
348.838,measure,4944.0,1792.0,8.8596,65.22
348.938,measure,4944.0,1784.0,8.8201,65.09
349.038,measure,4944.0,1768.0,8.7410,65.28
349.138,measure,4944.0,1768.0,8.7410,65.09
349.238,measure,4944.0,1784.0,8.8201,65.19
349.338,measure,4944.0,1784.0,8.8201,65.34
349.439,measure,4944.0,1768.0,8.7410,65.19
349.539,measure,4944.0,1768.0,8.7410,64.91
349.639,measure,4944.0,1784.0,8.8201,65.16
349.739,measure,4944.0,1784.0,8.8201,65.31
349.839,measure,4944.0,1776.0,8.7805,64.94
349.939,measure,4944.0,1760.0,8.7014,64.94
350.039,measure,4944.0,1784.0,8.8201,65.19
350.140,measure,4944.0,1768.0,8.7410,65.00
350.240,measure,4944.0,1752.0,8.6619,65.09
350.340,measure,4944.0,1768.0,8.7410,65.12
350.440,measure,4944.0,1784.0,8.8201,65.12
350.540,measure,4944.0,1776.0,8.7805,65.22
350.640,measure,4944.0,1768.0,8.7410,65.03
350.740,measure,4944.0,1768.0,8.7410,65.25
350.841,measure,4944.0,1792.0,8.8596,65.28
350.941,measure,4944.0,1784.0,8.8201,65.16
351.041,measure,4944.0,1776.0,8.7805,64.97
351.141,measure,4944.0,1760.0,8.7014,65.16
351.241,measure,4944.0,1784.0,8.8201,65.06
351.341,measure,4944.0,1776.0,8.7805,65.06
351.442,measure,4944.0,1760.0,8.7014,65.22
351.542,measure,4944.0,1760.0,8.7014,65.00
351.642,measure,4944.0,1784.0,8.8201,65.19
351.742,measure,4944.0,1784.0,8.8201,65.12
351.842,measure,4944.0,1776.0,8.7805,65.03
351.942,measure,4944.0,1760.0,8.7014,65.03
352.043,measure,4944.0,1784.0,8.8201,65.12
352.143,measure,4944.0,1792.0,8.8596,65.03
352.243,measure,4944.0,1784.0,8.8201,65.16
352.343,measure,4944.0,1768.0,8.7410,65.09
352.443,measure,4944.0,1776.0,8.7805,65.22
352.543,measure,4944.0,1784.0,8.8201,65.31
352.643,measure,4944.0,1784.0,8.8201,65.22
352.744,measure,4944.0,1768.0,8.7410,64.88
352.844,measure,4944.0,1776.0,8.7805,65.28
352.944,measure,4944.0,1792.0,8.8596,65.12
353.044,measure,4944.0,1784.0,8.8201,65.12
353.144,measure,4944.0,1760.0,8.7014,65.28
353.244,measure,4944.0,1768.0,8.7410,64.94
353.344,measure,4944.0,1792.0,8.8596,65.16
353.444,measure,4944.0,1784.0,8.8201,65.12
353.545,measure,4944.0,1776.0,8.7805,65.03
353.645,measure,4944.0,1768.0,8.7410,65.06
353.745,measure,4944.0,1784.0,8.8201,65.22
353.845,measure,4944.0,1784.0,8.8201,65.22
353.945,measure,4944.0,1776.0,8.7805,65.12
354.045,measure,4944.0,1760.0,8.7014,65.06
354.145,measure,4944.0,1784.0,8.8201,65.00
354.246,measure,4944.0,1776.0,8.7805,65.25
354.346,measure,4944.0,1760.0,8.7014,65.12
354.446,measure,4944.0,1760.0,8.7014,64.91
354.546,measure,4944.0,1784.0,8.8201,65.41
354.646,measure,4944.0,1776.0,8.7805,65.03
354.746,measure,4944.0,1760.0,8.7014,65.00
354.847,measure,4944.0,1760.0,8.7014,65.03
354.947,measure,4944.0,1784.0,8.8201,65.16
355.047,measure,4944.0,1776.0,8.7805,65.06
355.147,measure,4944.0,1768.0,8.7410,65.16
355.247,measure,4944.0,1760.0,8.7014,64.97
355.347,measure,4944.0,1784.0,8.8201,65.25
355.447,measure,4944.0,1784.0,8.8201,65.22
355.548,measure,4944.0,1768.0,8.7410,65.06
355.648,measure,4944.0,1768.0,8.7410,65.12
355.748,measure,4944.0,1784.0,8.8201,65.22
355.848,measure,4944.0,1784.0,8.8201,65.22
355.948,measure,4944.0,1768.0,8.7410,65.25
356.048,measure,4944.0,1760.0,8.7014,65.16
356.148,measure,4944.0,1784.0,8.8201,65.12
356.249,measure,4944.0,1776.0,8.7805,65.38
356.349,measure,4944.0,1760.0,8.7014,65.03
356.449,measure,4944.0,1760.0,8.7014,65.03
356.549,measure,4944.0,1776.0,8.7805,65.22
356.649,measure,4944.0,1776.0,8.7805,65.09
356.749,measure,4944.0,1752.0,8.6619,65.09
356.850,measure,4944.0,1768.0,8.7410,65.12
356.950,measure,4944.0,1784.0,8.8201,65.19
357.050,measure,4944.0,1784.0,8.8201,65.28
357.150,measure,4944.0,1768.0,8.7410,65.12
357.250,measure,4944.0,1768.0,8.7410,65.12
357.350,measure,4944.0,1792.0,8.8596,65.41
357.450,measure,4944.0,1784.0,8.8201,65.28
357.551,measure,4944.0,1776.0,8.7805,65.03
357.651,measure,4944.0,1768.0,8.7410,65.28
357.752,measure,4944.0,1792.0,8.8596,65.31
357.852,measure,4944.0,1792.0,8.8596,65.16
357.952,measure,4944.0,1776.0,8.7805,65.06
358.052,measure,4944.0,1760.0,8.7014,64.97
358.152,measure,4944.0,1784.0,8.8201,65.12
358.252,measure,4944.0,1792.0,8.8596,65.28
358.353,measure,4944.0,1784.0,8.8201,65.06
358.453,measure,4944.0,1760.0,8.7014,65.19
358.553,measure,4944.0,1784.0,8.8201,65.22
358.653,measure,4944.0,1792.0,8.8596,65.22
358.753,measure,4944.0,1784.0,8.8201,65.34
358.853,measure,4944.0,1768.0,8.7410,65.16
358.953,measure,4944.0,1776.0,8.7805,65.12
359.054,measure,4944.0,1792.0,8.8596,65.44
359.154,measure,4944.0,1784.0,8.8201,65.25
359.254,measure,4944.0,1768.0,8.7410,65.03
359.354,measure,4944.0,1768.0,8.7410,65.41
359.454,measure,4944.0,1792.0,8.8596,65.12
359.554,measure,4944.0,1792.0,8.8596,65.16
359.654,measure,4944.0,1784.0,8.8201,65.06
359.754,measure,4944.0,1768.0,8.7410,65.03
359.855,measure,4944.0,1792.0,8.8596,65.16
359.955,measure,4944.0,1800.0,8.8992,65.28
360.055,measure,4944.0,1792.0,8.8596,65.19
360.155,measure,4944.0,1768.0,8.7410,64.94
360.255,measure,4944.0,1784.0,8.8201,65.22
360.355,measure,4944.0,1800.0,8.8992,65.28
