t_rel_s,phase,mv,ma,watt,temp_max_c
0.000,warmup,4968.0,1264.0,6.2796,59.88
0.100,warmup,4968.0,1208.0,6.0013,59.91
0.200,warmup,4976.0,1144.0,5.6925,59.91
0.301,warmup,4976.0,1088.0,5.4139,59.94
0.401,warmup,4968.0,1272.0,6.3193,59.84
0.501,warmup,4968.0,1424.0,7.0744,60.12
0.601,warmup,4960.0,1576.0,7.8170,60.16
0.701,warmup,4952.0,1680.0,8.3194,60.09
0.802,warmup,4952.0,1760.0,8.7155,60.03
0.902,warmup,4944.0,1848.0,9.1365,59.97
1.002,warmup,4944.0,1944.0,9.6111,60.47
1.102,warmup,4944.0,2000.0,9.8880,60.22
1.202,warmup,4936.0,2032.0,10.0300,60.19
1.302,warmup,4936.0,2064.0,10.1879,60.44
1.403,warmup,4936.0,2088.0,10.3064,60.19
1.503,warmup,4936.0,2144.0,10.5828,60.25
1.603,warmup,4936.0,2152.0,10.6223,60.44
1.703,warmup,4936.0,2152.0,10.6223,60.34
1.803,warmup,4936.0,2152.0,10.6223,60.50
1.903,warmup,4936.0,2160.0,10.6618,60.31
2.004,warmup,4936.0,2192.0,10.8197,60.44
2.104,warmup,4928.0,2184.0,10.7628,60.62
2.204,warmup,4936.0,2176.0,10.7407,60.47
2.304,warmup,4936.0,2176.0,10.7407,60.75
2.405,warmup,4928.0,2192.0,10.8022,60.72
2.505,warmup,4928.0,2208.0,10.8810,60.66
2.605,warmup,4928.0,2192.0,10.8022,60.47
2.705,warmup,4928.0,2184.0,10.7628,60.78
2.805,warmup,4928.0,2184.0,10.7628,60.47
2.905,warmup,4928.0,2208.0,10.8810,60.56
3.006,warmup,4928.0,2208.0,10.8810,60.62
3.106,warmup,4928.0,2192.0,10.8022,60.66
3.206,warmup,4928.0,2192.0,10.8022,60.72
3.306,warmup,4928.0,2184.0,10.7628,60.56
3.406,warmup,4928.0,2216.0,10.9204,60.72
3.506,warmup,4928.0,2208.0,10.8810,60.91
3.607,warmup,4928.0,2200.0,10.8416,60.84
3.707,warmup,4928.0,2200.0,10.8416,60.91
3.807,warmup,4928.0,2200.0,10.8416,60.84
3.907,warmup,4928.0,2216.0,10.9204,60.91
4.007,warmup,4928.0,2208.0,10.8810,60.66
4.108,warmup,4928.0,2192.0,10.8022,61.00
4.208,warmup,4928.0,2192.0,10.8022,60.66
4.308,warmup,4928.0,2224.0,10.9599,60.75
4.408,warmup,4928.0,2216.0,10.9204,61.03
4.508,warmup,4928.0,2200.0,10.8416,60.81
4.608,warmup,4928.0,2192.0,10.8022,60.78
4.709,warmup,4928.0,2184.0,10.7628,60.81
4.809,warmup,4928.0,2216.0,10.9204,60.88
4.909,warmup,4928.0,2208.0,10.8810,61.03
5.009,warmup,4928.0,2192.0,10.8022,60.97
5.109,warmup,4928.0,2184.0,10.7628,61.12
5.209,warmup,4928.0,2184.0,10.7628,61.00
5.309,warmup,4928.0,2216.0,10.9204,61.06
5.410,warmup,4928.0,2200.0,10.8416,61.19
5.510,warmup,4928.0,2192.0,10.8022,61.06
5.610,warmup,4928.0,2192.0,10.8022,61.00
5.710,warmup,4928.0,2216.0,10.9204,60.91
5.810,warmup,4928.0,2224.0,10.9599,61.25
5.910,warmup,4928.0,2208.0,10.8810,60.91
6.010,warmup,4928.0,2192.0,10.8022,60.91
6.111,warmup,4928.0,2184.0,10.7628,61.16
6.211,warmup,4928.0,2216.0,10.9204,61.06
6.311,warmup,4928.0,2208.0,10.8810,61.06
6.411,warmup,4928.0,2200.0,10.8416,61.09
6.511,warmup,4928.0,2192.0,10.8022,61.00
6.611,warmup,4928.0,2176.0,10.7233,60.97
6.712,warmup,4928.0,2208.0,10.8810,61.12
6.812,warmup,4928.0,2200.0,10.8416,61.41
6.912,warmup,4928.0,2192.0,10.8022,61.22
7.012,warmup,4928.0,2192.0,10.8022,61.03
7.112,warmup,4928.0,2200.0,10.8416,61.22
7.213,warmup,4928.0,2216.0,10.9204,61.44
7.313,warmup,4928.0,2200.0,10.8416,61.22
7.413,warmup,4928.0,2192.0,10.8022,61.12
7.513,warmup,4928.0,2184.0,10.7628,61.31
7.613,warmup,4928.0,2216.0,10.9204,61.38
7.713,warmup,4928.0,2208.0,10.8810,61.09
7.813,warmup,4928.0,2192.0,10.8022,61.22
7.914,warmup,4928.0,2192.0,10.8022,61.16
8.014,warmup,4928.0,2184.0,10.7628,61.00
8.114,warmup,4928.0,2216.0,10.9204,61.25
8.214,warmup,4928.0,2208.0,10.8810,61.44
8.314,warmup,4928.0,2192.0,10.8022,61.34
8.414,warmup,4928.0,2192.0,10.8022,61.31
8.515,warmup,4928.0,2200.0,10.8416,61.41
8.615,warmup,4928.0,2216.0,10.9204,61.50
8.715,warmup,4928.0,2208.0,10.8810,61.41
8.815,warmup,4928.0,2200.0,10.8416,61.22
8.915,warmup,4928.0,2192.0,10.8022,61.44
9.016,warmup,4928.0,2216.0,10.9204,61.47
9.116,warmup,4928.0,2216.0,10.9204,61.31
9.217,warmup,4928.0,2200.0,10.8416,61.56
9.317,warmup,4928.0,2192.0,10.8022,61.34
9.417,warmup,4928.0,2192.0,10.8022,61.34
9.517,warmup,4928.0,2216.0,10.9204,61.41
9.617,warmup,4928.0,2208.0,10.8810,61.41
9.717,warmup,4928.0,2200.0,10.8416,61.53
9.818,warmup,4928.0,2192.0,10.8022,61.31
9.918,warmup,4928.0,2184.0,10.7628,61.50
10.018,warmup,4928.0,2216.0,10.9204,61.59
10.118,warmup,4928.0,2208.0,10.8810,61.47
10.218,warmup,4928.0,2200.0,10.8416,61.28
10.318,warmup,4928.0,2200.0,10.8416,61.56
10.418,warmup,4928.0,2208.0,10.8810,61.56
10.519,warmup,4928.0,2216.0,10.9204,61.44
10.619,warmup,4928.0,2200.0,10.8416,61.72
10.719,warmup,4928.0,2192.0,10.8022,61.41
10.819,warmup,4928.0,2192.0,10.8022,61.38
10.919,warmup,4928.0,2216.0,10.9204,61.53
11.020,warmup,4928.0,2208.0,10.8810,61.50
11.120,warmup,4928.0,2200.0,10.8416,61.56
11.220,warmup,4928.0,2192.0,10.8022,61.50
11.321,warmup,4928.0,2184.0,10.7628,61.31
11.421,warmup,4928.0,2216.0,10.9204,61.72
11.521,warmup,4928.0,2208.0,10.8810,61.72
11.622,warmup,4928.0,2192.0,10.8022,61.84
11.722,warmup,4928.0,2192.0,10.8022,61.69
11.822,warmup,4928.0,2200.0,10.8416,61.66
11.922,warmup,4928.0,2216.0,10.9204,61.59
12.023,warmup,4928.0,2200.0,10.8416,61.84
12.123,warmup,4928.0,2192.0,10.8022,61.53
12.223,warmup,4928.0,2192.0,10.8022,61.66
12.323,warmup,4928.0,2216.0,10.9204,61.72
12.424,warmup,4928.0,2216.0,10.9204,61.88
12.524,warmup,4928.0,2200.0,10.8416,61.72
12.624,warmup,4928.0,2192.0,10.8022,61.56
12.724,warmup,4928.0,2184.0,10.7628,61.78
12.824,warmup,4928.0,2216.0,10.9204,61.81
12.924,warmup,4928.0,2208.0,10.8810,61.69
13.024,warmup,4928.0,2192.0,10.8022,61.88
13.124,warmup,4928.0,2184.0,10.7628,61.72
13.225,warmup,4928.0,2200.0,10.8416,61.72
13.325,warmup,4928.0,2216.0,10.9204,62.03
13.425,warmup,4928.0,2208.0,10.8810,61.84
13.525,warmup,4928.0,2192.0,10.8022,61.66
13.625,warmup,4928.0,2184.0,10.7628,61.53
13.726,warmup,4928.0,2208.0,10.8810,62.03
13.826,warmup,4928.0,2208.0,10.8810,61.72
13.926,warmup,4928.0,2192.0,10.8022,61.66
14.026,warmup,4928.0,2184.0,10.7628,61.72
14.126,warmup,4928.0,2176.0,10.7233,61.53
14.226,warmup,4928.0,2216.0,10.9204,61.84
14.326,warmup,4928.0,2208.0,10.8810,61.78
14.427,warmup,4928.0,2192.0,10.8022,61.78
14.527,warmup,4928.0,2192.0,10.8022,61.91
14.627,warmup,4928.0,2192.0,10.8022,61.72
14.727,warmup,4928.0,2216.0,10.9204,61.88
14.827,warmup,4928.0,2208.0,10.8810,62.03
14.927,warmup,4928.0,2192.0,10.8022,61.91
15.027,warmup,4928.0,2192.0,10.8022,61.62
15.127,warmup,4928.0,2216.0,10.9204,62.09
15.228,warmup,4928.0,2216.0,10.9204,62.00
15.328,warmup,4928.0,2200.0,10.8416,61.84
15.428,warmup,4928.0,2192.0,10.8022,62.12
15.528,warmup,4928.0,2184.0,10.7628,61.75
15.628,warmup,4928.0,2216.0,10.9204,61.88
15.728,warmup,4928.0,2208.0,10.8810,61.94
15.828,warmup,4928.0,2192.0,10.8022,61.88
15.928,warmup,4928.0,2184.0,10.7628,61.84
16.029,warmup,4928.0,2192.0,10.8022,61.84
16.129,warmup,4928.0,2216.0,10.9204,61.94
16.229,warmup,4928.0,2200.0,10.8416,62.16
16.329,warmup,4928.0,2192.0,10.8022,62.00
16.429,warmup,4928.0,2192.0,10.8022,61.84
16.529,warmup,4928.0,2224.0,10.9599,62.16
16.629,warmup,4928.0,2224.0,10.9599,62.06
16.730,warmup,4928.0,2216.0,10.9204,62.06
16.830,warmup,4928.0,2200.0,10.8416,62.25
16.930,warmup,4928.0,2200.0,10.8416,62.06
17.030,warmup,4928.0,2224.0,10.9599,61.91
17.130,warmup,4928.0,2224.0,10.9599,62.38
17.230,warmup,4928.0,2264.0,11.1570,62.16
17.330,warmup,4928.0,2296.0,11.3147,62.06
17.431,warmup,4928.0,2336.0,11.5118,62.06
17.531,warmup,4920.0,2400.0,11.8080,62.31
17.631,warmup,4920.0,2408.0,11.8474,62.34
17.731,warmup,4920.0,2416.0,11.8867,62.31
17.831,warmup,4920.0,2448.0,12.0442,62.34
17.931,warmup,4920.0,2472.0,12.1622,62.47
18.032,warmup,4920.0,2504.0,12.3197,62.53
18.132,warmup,4920.0,2504.0,12.3197,62.41
18.232,warmup,4920.0,2464.0,12.1229,62.59
18.332,warmup,4920.0,2408.0,11.8474,62.38
18.432,warmup,4928.0,2360.0,11.6301,62.31
18.532,warmup,4928.0,2352.0,11.5907,62.59
18.632,warmup,4928.0,2312.0,11.3935,62.47
18.732,warmup,4928.0,2280.0,11.2358,62.25
18.833,warmup,4928.0,2256.0,11.1176,62.06
18.933,warmup,4928.0,2264.0,11.1570,62.56
19.033,warmup,4928.0,2264.0,11.1570,62.25
19.133,warmup,4928.0,2240.0,11.0387,62.31
19.233,warmup,4928.0,2224.0,10.9599,62.22
19.333,warmup,4928.0,2216.0,10.9204,62.12
19.433,warmup,4928.0,2240.0,11.0387,62.34
19.534,warmup,4928.0,2224.0,10.9599,62.34
19.634,warmup,4928.0,2216.0,10.9204,62.44
19.734,warmup,4928.0,2208.0,10.8810,62.38
19.834,warmup,4928.0,2200.0,10.8416,62.16
19.934,warmup,4928.0,2224.0,10.9599,62.62
20.034,warmup,4928.0,2216.0,10.9204,62.47
20.135,warmup,4928.0,2208.0,10.8810,62.38
20.235,warmup,4928.0,2200.0,10.8416,62.62
20.335,warmup,4928.0,2200.0,10.8416,62.44
20.435,warmup,4928.0,2232.0,10.9993,62.38
20.535,warmup,4928.0,2216.0,10.9204,62.28
20.635,warmup,4928.0,2208.0,10.8810,62.38
20.736,warmup,4928.0,2200.0,10.8416,62.25
20.836,warmup,4928.0,2216.0,10.9204,62.34
20.936,warmup,4928.0,2224.0,10.9599,62.41
21.036,warmup,4928.0,2208.0,10.8810,62.31
21.136,warmup,4928.0,2200.0,10.8416,62.47
21.237,warmup,4928.0,2192.0,10.8022,62.28
21.337,warmup,4928.0,2224.0,10.9599,62.44
21.437,warmup,4928.0,2216.0,10.9204,62.56
21.537,warmup,4928.0,2200.0,10.8416,62.50
21.637,warmup,4928.0,2200.0,10.8416,62.75
21.737,warmup,4928.0,2184.0,10.7628,62.41
21.837,warmup,4928.0,2224.0,10.9599,62.59
21.937,warmup,4928.0,2208.0,10.8810,62.38
22.038,warmup,4928.0,2200.0,10.8416,62.66
22.138,warmup,4928.0,2192.0,10.8022,62.38
22.238,warmup,4928.0,2200.0,10.8416,62.34
22.338,warmup,4928.0,2216.0,10.9204,62.72
22.438,warmup,4928.0,2208.0,10.8810,62.38
22.538,warmup,4928.0,2200.0,10.8416,62.44
22.638,warmup,4928.0,2192.0,10.8022,62.44
22.739,warmup,4928.0,2216.0,10.9204,62.47
22.839,warmup,4928.0,2224.0,10.9599,62.69
22.939,warmup,4928.0,2208.0,10.8810,62.56
23.039,warmup,4928.0,2200.0,10.8416,62.47
23.139,warmup,4928.0,2200.0,10.8416,62.66
23.239,warmup,4928.0,2224.0,10.9599,62.66
23.339,warmup,4928.0,2216.0,10.9204,62.84
23.440,warmup,4928.0,2208.0,10.8810,62.78
23.540,warmup,4928.0,2192.0,10.8022,62.69
23.640,warmup,4928.0,2184.0,10.7628,62.31
23.740,warmup,4928.0,2216.0,10.9204,62.84
23.840,warmup,4928.0,2208.0,10.8810,62.56
23.940,warmup,4928.0,2200.0,10.8416,62.44
24.040,warmup,4928.0,2192.0,10.8022,62.84
24.140,warmup,4928.0,2200.0,10.8416,62.56
24.241,warmup,4928.0,2216.0,10.9204,62.53
24.341,warmup,4928.0,2208.0,10.8810,62.66
24.441,warmup,4928.0,2192.0,10.8022,62.62
24.541,warmup,4928.0,2192.0,10.8022,62.69
24.641,warmup,4928.0,2216.0,10.9204,62.84
24.741,warmup,4928.0,2216.0,10.9204,62.66
24.841,warmup,4928.0,2200.0,10.8416,62.81
24.941,warmup,4928.0,2192.0,10.8022,62.78
25.042,warmup,4928.0,2192.0,10.8022,62.56
25.142,warmup,4928.0,2224.0,10.9599,62.91
25.242,warmup,4928.0,2216.0,10.9204,62.88
25.342,warmup,4928.0,2208.0,10.8810,62.72
25.442,warmup,4928.0,2200.0,10.8416,62.97
25.542,warmup,4928.0,2200.0,10.8416,62.81
25.642,warmup,4928.0,2224.0,10.9599,62.69
25.743,warmup,4928.0,2208.0,10.8810,62.69
25.843,warmup,4928.0,2200.0,10.8416,62.72
25.943,warmup,4928.0,2200.0,10.8416,62.59
26.043,warmup,4928.0,2216.0,10.9204,62.81
26.143,warmup,4928.0,2224.0,10.9599,62.81
26.243,warmup,4928.0,2208.0,10.8810,62.72
26.343,warmup,4928.0,2200.0,10.8416,62.81
26.444,warmup,4928.0,2200.0,10.8416,62.81
26.544,warmup,4928.0,2224.0,10.9599,63.03
26.644,warmup,4928.0,2216.0,10.9204,62.91
26.744,warmup,4928.0,2208.0,10.8810,62.84
26.844,warmup,4928.0,2200.0,10.8416,62.94
26.945,warmup,4928.0,2192.0,10.8022,62.81
27.045,warmup,4928.0,2224.0,10.9599,62.84
27.145,warmup,4928.0,2216.0,10.9204,63.16
27.245,warmup,4928.0,2208.0,10.8810,63.03
27.345,warmup,4928.0,2200.0,10.8416,62.75
27.445,warmup,4928.0,2208.0,10.8810,62.75
27.545,warmup,4928.0,2224.0,10.9599,62.97
27.646,warmup,4928.0,2216.0,10.9204,62.88
27.746,warmup,4928.0,2208.0,10.8810,62.97
27.846,warmup,4928.0,2200.0,10.8416,62.84
27.946,warmup,4928.0,2224.0,10.9599,62.94
28.046,warmup,4928.0,2224.0,10.9599,63.00
28.146,warmup,4928.0,2216.0,10.9204,62.97
28.246,warmup,4928.0,2200.0,10.8416,63.12
28.346,warmup,4928.0,2200.0,10.8416,62.97
28.447,warmup,4928.0,2224.0,10.9599,62.97
28.547,warmup,4928.0,2216.0,10.9204,63.22
28.647,warmup,4928.0,2208.0,10.8810,63.19
28.747,warmup,4928.0,2200.0,10.8416,62.94
28.847,warmup,4928.0,2192.0,10.8022,62.66
28.947,warmup,4928.0,2224.0,10.9599,63.22
29.047,warmup,4928.0,2216.0,10.9204,63.00
29.148,warmup,4928.0,2200.0,10.8416,62.88
29.248,warmup,4928.0,2200.0,10.8416,63.00
29.348,warmup,4928.0,2208.0,10.8810,62.91
29.448,warmup,4928.0,2224.0,10.9599,63.09
29.548,warmup,4928.0,2216.0,10.9204,63.03
29.648,warmup,4928.0,2200.0,10.8416,62.97
29.748,warmup,4928.0,2200.0,10.8416,63.09
29.849,warmup,4928.0,2224.0,10.9599,63.12
29.949,warmup,4928.0,2224.0,10.9599,63.28
30.049,warmup,4928.0,2208.0,10.8810,63.19
30.149,warmup,4928.0,2200.0,10.8416,63.16
30.249,warmup,4928.0,2192.0,10.8022,63.16
30.349,warmup,4928.0,2224.0,10.9599,63.31
30.449,warmup,4928.0,2216.0,10.9204,63.16
30.549,warmup,4928.0,2208.0,10.8810,63.00
30.650,warmup,4928.0,2200.0,10.8416,63.28
30.750,warmup,4928.0,2192.0,10.8022,62.88
30.850,warmup,4928.0,2224.0,10.9599,63.16
30.950,warmup,4928.0,2216.0,10.9204,63.47
31.050,warmup,4928.0,2208.0,10.8810,63.09
31.150,warmup,4928.0,2200.0,10.8416,63.03
31.250,warmup,4928.0,2216.0,10.9204,63.06
31.351,warmup,4928.0,2232.0,10.9993,63.12
31.451,warmup,4928.0,2224.0,10.9599,63.28
31.551,warmup,4928.0,2208.0,10.8810,63.19
31.651,warmup,4928.0,2208.0,10.8810,63.12
31.751,warmup,4928.0,2232.0,10.9993,63.34
31.851,warmup,4928.0,2224.0,10.9599,63.28
31.951,warmup,4928.0,2208.0,10.8810,63.44
32.051,warmup,4928.0,2200.0,10.8416,63.34
32.152,warmup,4928.0,2200.0,10.8416,63.19
32.252,warmup,4928.0,2224.0,10.9599,63.22
32.352,warmup,4928.0,2216.0,10.9204,63.44
32.452,warmup,4928.0,2208.0,10.8810,63.34
32.552,warmup,4928.0,2200.0,10.8416,63.12
32.652,warmup,4928.0,2192.0,10.8022,63.00
32.752,warmup,4928.0,2224.0,10.9599,63.25
32.852,warmup,4928.0,2216.0,10.9204,63.22
32.953,warmup,4928.0,2208.0,10.8810,63.28
33.053,warmup,4928.0,2208.0,10.8810,63.19
33.153,warmup,4928.0,2216.0,10.9204,63.22
33.253,warmup,4928.0,2232.0,10.9993,63.34
33.353,warmup,4928.0,2216.0,10.9204,63.31
33.453,warmup,4928.0,2208.0,10.8810,63.47
33.553,warmup,4928.0,2200.0,10.8416,63.28
33.653,warmup,4928.0,2232.0,10.9993,63.38
33.754,warmup,4928.0,2224.0,10.9599,63.50
33.854,warmup,4928.0,2208.0,10.8810,63.44
33.954,warmup,4928.0,2200.0,10.8416,63.22
34.054,warmup,4928.0,2192.0,10.8022,63.44
34.154,warmup,4928.0,2224.0,10.9599,63.62
34.254,warmup,4928.0,2216.0,10.9204,63.31
34.354,warmup,4928.0,2208.0,10.8810,63.31
34.455,warmup,4928.0,2200.0,10.8416,63.25
34.555,warmup,4928.0,2200.0,10.8416,63.16
34.655,warmup,4928.0,2224.0,10.9599,63.25
34.755,warmup,4928.0,2216.0,10.9204,63.38
34.855,warmup,4928.0,2200.0,10.8416,63.34
34.955,warmup,4928.0,2192.0,10.8022,63.38
35.055,warmup,4928.0,2224.0,10.9599,63.44
35.155,warmup,4928.0,2216.0,10.9204,63.59
35.256,warmup,4928.0,2200.0,10.8416,63.44
35.356,warmup,4928.0,2192.0,10.8022,63.34
35.456,warmup,4928.0,2184.0,10.7628,63.59
35.556,warmup,4928.0,2224.0,10.9599,63.59
35.656,warmup,4928.0,2216.0,10.9204,63.56
35.756,warmup,4928.0,2200.0,10.8416,63.78
35.856,warmup,4928.0,2192.0,10.8022,63.62
35.957,warmup,4928.0,2200.0,10.8416,63.22
36.057,warmup,4928.0,2224.0,10.9599,63.38
36.157,warmup,4928.0,2208.0,10.8810,63.69
36.257,warmup,4928.0,2200.0,10.8416,63.41
36.357,warmup,4928.0,2192.0,10.8022,63.31
36.457,warmup,4928.0,2216.0,10.9204,63.56
36.557,warmup,4928.0,2216.0,10.9204,63.53
36.657,warmup,4928.0,2200.0,10.8416,63.56
36.758,warmup,4928.0,2192.0,10.8022,63.53
36.858,warmup,4928.0,2184.0,10.7628,63.34
36.958,warmup,4928.0,2216.0,10.9204,63.69
37.058,warmup,4928.0,2208.0,10.8810,63.62
37.158,warmup,4928.0,2200.0,10.8416,63.81
37.258,warmup,4928.0,2200.0,10.8416,63.66
37.358,warmup,4928.0,2200.0,10.8416,63.53
37.458,warmup,4928.0,2224.0,10.9599,63.53
37.559,warmup,4928.0,2216.0,10.9204,63.84
37.659,warmup,4928.0,2200.0,10.8416,63.50
37.759,warmup,4928.0,2200.0,10.8416,63.41
37.859,warmup,4928.0,2216.0,10.9204,63.84
37.959,warmup,4928.0,2216.0,10.9204,63.59
38.059,warmup,4928.0,2208.0,10.8810,63.69
38.159,warmup,4928.0,2200.0,10.8416,63.66
38.259,warmup,4928.0,2192.0,10.8022,63.41
38.360,warmup,4928.0,2224.0,10.9599,63.62
38.460,warmup,4928.0,2216.0,10.9204,63.62
38.560,warmup,4928.0,2200.0,10.8416,63.62
38.660,warmup,4928.0,2200.0,10.8416,63.81
38.760,warmup,4928.0,2200.0,10.8416,63.62
38.860,warmup,4928.0,2224.0,10.9599,63.72
38.960,warmup,4928.0,2208.0,10.8810,63.88
39.060,warmup,4928.0,2200.0,10.8416,63.78
39.160,warmup,4928.0,2200.0,10.8416,63.56
39.261,warmup,4928.0,2224.0,10.9599,63.94
39.361,warmup,4928.0,2224.0,10.9599,63.81
39.461,warmup,4928.0,2208.0,10.8810,63.56
39.561,warmup,4928.0,2200.0,10.8416,63.91
39.661,warmup,4928.0,2192.0,10.8022,63.56
39.761,warmup,4928.0,2224.0,10.9599,63.66
39.861,warmup,4928.0,2216.0,10.9204,63.59
39.962,warmup,4928.0,2208.0,10.8810,63.66
40.062,warmup,4928.0,2200.0,10.8416,63.59
40.162,warmup,4928.0,2192.0,10.8022,63.59
40.262,warmup,4928.0,2224.0,10.9599,63.78
40.362,warmup,4928.0,2208.0,10.8810,63.84
40.462,warmup,4928.0,2200.0,10.8416,63.88
40.562,warmup,4928.0,2200.0,10.8416,63.72
40.662,warmup,4928.0,2216.0,10.9204,63.94
40.763,warmup,4928.0,2224.0,10.9599,63.91
40.863,warmup,4928.0,2208.0,10.8810,63.81
40.963,warmup,4928.0,2200.0,10.8416,64.00
41.063,warmup,4928.0,2192.0,10.8022,63.81
41.163,warmup,4928.0,2224.0,10.9599,63.75
41.263,warmup,4928.0,2216.0,10.9204,63.78
41.363,warmup,4928.0,2200.0,10.8416,63.94
41.463,warmup,4928.0,2200.0,10.8416,63.69
41.564,warmup,4928.0,2192.0,10.8022,63.53
41.664,warmup,4928.0,2224.0,10.9599,63.81
41.764,warmup,4928.0,2216.0,10.9204,63.81
41.864,warmup,4928.0,2200.0,10.8416,63.81
41.964,warmup,4928.0,2200.0,10.8416,63.78
42.065,warmup,4928.0,2216.0,10.9204,63.94
42.165,warmup,4928.0,2224.0,10.9599,63.97
42.265,warmup,4928.0,2208.0,10.8810,63.88
42.365,warmup,4928.0,2200.0,10.8416,64.06
42.465,warmup,4928.0,2192.0,10.8022,63.91
42.565,warmup,4928.0,2224.0,10.9599,63.97
42.666,warmup,4928.0,2224.0,10.9599,64.22
42.766,warmup,4928.0,2208.0,10.8810,64.06
42.866,warmup,4928.0,2200.0,10.8416,63.75
42.966,warmup,4928.0,2192.0,10.8022,63.62
43.066,warmup,4928.0,2232.0,10.9993,64.19
43.166,warmup,4928.0,2224.0,10.9599,63.88
43.266,warmup,4928.0,2208.0,10.8810,63.81
43.367,warmup,4928.0,2208.0,10.8810,63.94
43.467,warmup,4928.0,2216.0,10.9204,63.81
43.567,warmup,4928.0,2224.0,10.9599,64.00
43.667,warmup,4928.0,2216.0,10.9204,64.00
43.767,warmup,4928.0,2200.0,10.8416,63.91
43.867,warmup,4928.0,2200.0,10.8416,63.94
43.967,warmup,4928.0,2232.0,10.9993,63.97
44.068,warmup,4928.0,2216.0,10.9204,64.28
44.168,warmup,4928.0,2208.0,10.8810,64.06
44.268,warmup,4928.0,2200.0,10.8416,64.00
44.369,warmup,4928.0,2192.0,10.8022,63.75
44.469,warmup,4928.0,2224.0,10.9599,64.19
44.569,warmup,4928.0,2216.0,10.9204,63.91
44.669,warmup,4928.0,2200.0,10.8416,63.94
44.769,warmup,4928.0,2200.0,10.8416,63.94
44.869,warmup,4928.0,2208.0,10.8810,63.88
44.970,warmup,4928.0,2224.0,10.9599,64.06
45.070,warmup,4928.0,2216.0,10.9204,64.06
45.170,warmup,4928.0,2208.0,10.8810,64.00
45.270,warmup,4928.0,2200.0,10.8416,64.06
45.370,warmup,4928.0,2224.0,10.9599,64.12
45.471,warmup,4928.0,2224.0,10.9599,64.31
45.571,warmup,4928.0,2208.0,10.8810,64.19
45.671,warmup,4928.0,2200.0,10.8416,64.06
45.771,warmup,4928.0,2192.0,10.8022,64.22
45.871,warmup,4928.0,2224.0,10.9599,64.22
45.971,warmup,4928.0,2216.0,10.9204,64.00
46.071,warmup,4928.0,2208.0,10.8810,63.97
46.172,warmup,4928.0,2200.0,10.8416,64.25
46.272,warmup,4928.0,2200.0,10.8416,63.84
46.372,warmup,4928.0,2224.0,10.9599,64.03
46.472,warmup,4928.0,2208.0,10.8810,64.09
46.572,warmup,4928.0,2200.0,10.8416,64.03
46.672,warmup,4928.0,2192.0,10.8022,64.06
46.772,warmup,4928.0,2216.0,10.9204,64.16
46.873,warmup,4928.0,2224.0,10.9599,64.34
46.973,warmup,4928.0,2208.0,10.8810,64.19
47.073,warmup,4928.0,2200.0,10.8416,64.16
47.173,warmup,4928.0,2192.0,10.8022,64.28
47.273,warmup,4928.0,2224.0,10.9599,64.28
47.373,warmup,4928.0,2216.0,10.9204,64.25
47.473,warmup,4928.0,2208.0,10.8810,64.03
47.573,warmup,4928.0,2200.0,10.8416,64.25
47.674,warmup,4928.0,2192.0,10.8022,64.19
47.774,warmup,4928.0,2224.0,10.9599,64.12
47.874,warmup,4928.0,2216.0,10.9204,64.47
47.974,warmup,4928.0,2208.0,10.8810,64.12
48.074,warmup,4928.0,2200.0,10.8416,64.00
48.174,warmup,4928.0,2224.0,10.9599,64.19
48.274,warmup,4928.0,2232.0,10.9993,64.19
48.374,warmup,4928.0,2216.0,10.9204,64.12
48.475,warmup,4928.0,2208.0,10.8810,64.19
48.575,warmup,4928.0,2200.0,10.8416,64.06
48.675,warmup,4928.0,2232.0,10.9993,64.38
48.775,warmup,4928.0,2224.0,10.9599,64.31
48.875,warmup,4928.0,2216.0,10.9204,64.25
48.975,warmup,4928.0,2200.0,10.8416,64.25
49.075,warmup,4928.0,2192.0,10.8022,64.16
49.176,warmup,4928.0,2232.0,10.9993,64.31
49.276,warmup,4928.0,2216.0,10.9204,64.47
49.376,warmup,4928.0,2208.0,10.8810,64.34
49.476,warmup,4928.0,2200.0,10.8416,64.09
49.576,warmup,4928.0,2216.0,10.9204,64.59
49.676,warmup,4928.0,2224.0,10.9599,64.25
49.776,warmup,4928.0,2208.0,10.8810,64.22
49.876,warmup,4928.0,2200.0,10.8416,64.22
49.977,warmup,4928.0,2200.0,10.8416,64.12
50.077,warmup,4928.0,2224.0,10.9599,64.25
50.177,warmup,4928.0,2216.0,10.9204,64.38
50.277,warmup,4928.0,2208.0,10.8810,64.31
50.377,warmup,4928.0,2200.0,10.8416,64.41
50.477,warmup,4928.0,2192.0,10.8022,64.31
50.577,warmup,4928.0,2232.0,10.9993,64.34
50.678,warmup,4928.0,2216.0,10.9204,64.50
50.778,warmup,4928.0,2208.0,10.8810,64.34
50.878,warmup,4928.0,2208.0,10.8810,64.41
50.978,warmup,4928.0,2216.0,10.9204,64.56
51.078,warmup,4928.0,2224.0,10.9599,64.50
51.178,warmup,4928.0,2216.0,10.9204,64.31
51.278,warmup,4928.0,2208.0,10.8810,64.28
51.379,warmup,4928.0,2200.0,10.8416,64.44
51.479,warmup,4928.0,2232.0,10.9993,64.31
51.579,warmup,4928.0,2216.0,10.9204,64.31
51.679,warmup,4928.0,2208.0,10.8810,64.28
51.779,warmup,4928.0,2200.0,10.8416,64.28
51.879,warmup,4928.0,2192.0,10.8022,64.31
51.980,warmup,4928.0,2224.0,10.9599,64.38
52.080,warmup,4928.0,2216.0,10.9204,64.56
52.180,warmup,4928.0,2200.0,10.8416,64.53
52.280,warmup,4928.0,2200.0,10.8416,64.34
52.380,warmup,4928.0,2208.0,10.8810,64.53
52.480,warmup,4928.0,2224.0,10.9599,64.56
52.580,warmup,4928.0,2216.0,10.9204,64.50
52.680,warmup,4928.0,2200.0,10.8416,64.72
52.781,warmup,4928.0,2200.0,10.8416,64.56
52.881,warmup,4928.0,2232.0,10.9993,64.41
52.981,warmup,4928.0,2224.0,10.9599,64.34
53.081,warmup,4928.0,2208.0,10.8810,64.59
53.181,warmup,4928.0,2200.0,10.8416,64.31
53.281,warmup,4928.0,2192.0,10.8022,64.16
53.381,warmup,4928.0,2224.0,10.9599,64.53
53.481,warmup,4928.0,2216.0,10.9204,64.41
53.582,warmup,4928.0,2208.0,10.8810,64.59
53.682,warmup,4928.0,2200.0,10.8416,64.41
53.782,warmup,4928.0,2200.0,10.8416,64.31
53.882,warmup,4928.0,2224.0,10.9599,64.62
53.982,warmup,4928.0,2216.0,10.9204,64.53
54.082,warmup,4928.0,2208.0,10.8810,64.75
54.182,warmup,4928.0,2200.0,10.8416,64.53
54.282,warmup,4928.0,2232.0,10.9993,64.62
54.383,warmup,4928.0,2224.0,10.9599,64.81
54.483,warmup,4928.0,2208.0,10.8810,64.72
54.583,warmup,4928.0,2200.0,10.8416,64.69
54.683,warmup,4928.0,2200.0,10.8416,64.31
54.783,warmup,4928.0,2232.0,10.9993,64.75
54.883,warmup,4928.0,2224.0,10.9599,64.50
54.983,warmup,4928.0,2216.0,10.9204,64.38
55.083,warmup,4928.0,2200.0,10.8416,64.50
55.184,warmup,4928.0,2208.0,10.8810,64.38
55.284,warmup,4928.0,2232.0,10.9993,64.56
55.384,warmup,4928.0,2216.0,10.9204,64.59
55.484,warmup,4928.0,2208.0,10.8810,64.47
55.584,warmup,4928.0,2200.0,10.8416,64.69
55.684,warmup,4928.0,2224.0,10.9599,64.66
55.784,warmup,4928.0,2224.0,10.9599,64.56
55.884,warmup,4928.0,2208.0,10.8810,64.75
55.985,warmup,4928.0,2200.0,10.8416,64.69
56.085,warmup,4928.0,2200.0,10.8416,64.47
56.185,warmup,4928.0,2232.0,10.9993,64.81
56.285,warmup,4928.0,2224.0,10.9599,64.78
56.385,warmup,4928.0,2208.0,10.8810,64.47
56.485,warmup,4928.0,2200.0,10.8416,64.78
56.585,warmup,4928.0,2200.0,10.8416,64.69
56.685,warmup,4928.0,2224.0,10.9599,64.53
56.786,warmup,4928.0,2216.0,10.9204,64.62
56.886,warmup,4928.0,2200.0,10.8416,64.62
56.986,warmup,4928.0,2200.0,10.8416,64.50
57.086,warmup,4928.0,2224.0,10.9599,64.69
57.186,warmup,4928.0,2224.0,10.9599,64.69
57.286,warmup,4928.0,2208.0,10.8810,64.66
57.386,warmup,4928.0,2200.0,10.8416,64.72
57.486,warmup,4928.0,2192.0,10.8022,64.50
57.587,warmup,4928.0,2224.0,10.9599,64.88
57.687,warmup,4928.0,2216.0,10.9204,64.78
57.787,warmup,4928.0,2208.0,10.8810,64.69
57.887,warmup,4928.0,2200.0,10.8416,64.78
57.987,warmup,4928.0,2200.0,10.8416,64.75
58.087,warmup,4928.0,2232.0,10.9993,64.56
58.187,warmup,4928.0,2224.0,10.9599,64.97
58.287,warmup,4928.0,2208.0,10.8810,64.88
58.388,warmup,4928.0,2208.0,10.8810,64.47
58.488,warmup,4928.0,2232.0,10.9993,64.66
58.588,warmup,4928.0,2224.0,10.9599,64.78
58.688,warmup,4928.0,2216.0,10.9204,64.72
58.788,warmup,4928.0,2200.0,10.8416,64.66
58.888,warmup,4928.0,2192.0,10.8022,64.62
58.988,warmup,4928.0,2224.0,10.9599,64.75
59.088,warmup,4928.0,2216.0,10.9204,64.81
59.189,warmup,4928.0,2208.0,10.8810,64.81
59.289,warmup,4928.0,2200.0,10.8416,64.94
59.389,warmup,4928.0,2200.0,10.8416,64.78
59.489,warmup,4928.0,2224.0,10.9599,64.94
59.589,warmup,4928.0,2216.0,10.9204,64.97
59.689,warmup,4928.0,2200.0,10.8416,64.88
59.789,warmup,4928.0,2200.0,10.8416,64.78
59.889,warmup,4928.0,2224.0,10.9599,64.78
59.989,warmup,4928.0,2224.0,10.9599,65.03
60.090,warmup,4928.0,2216.0,10.9204,64.75
60.190,warmup,4928.0,2208.0,10.8810,64.72
60.290,warmup,4928.0,2200.0,10.8416,64.97
60.390,warmup,4928.0,2232.0,10.9993,64.78
60.490,measure,4928.0,2224.0,10.9599,64.78
60.590,measure,4928.0,2208.0,10.8810,64.84
60.691,measure,4928.0,2208.0,10.8810,64.78
60.791,measure,4928.0,2200.0,10.8416,64.78
60.891,measure,4928.0,2232.0,10.9993,64.91
60.991,measure,4928.0,2224.0,10.9599,65.06
61.091,measure,4928.0,2208.0,10.8810,64.94
61.191,measure,4928.0,2208.0,10.8810,64.81
61.292,measure,4928.0,2216.0,10.9204,65.06
61.392,measure,4928.0,2224.0,10.9599,65.09
61.492,measure,4928.0,2216.0,10.9204,64.97
61.592,measure,4928.0,2200.0,10.8416,64.75
61.692,measure,4928.0,2200.0,10.8416,64.97
61.792,measure,4928.0,2232.0,10.9993,64.78
61.892,measure,4928.0,2224.0,10.9599,64.81
61.993,measure,4928.0,2208.0,10.8810,65.12
62.093,measure,4928.0,2208.0,10.8810,64.81
62.193,measure,4928.0,2192.0,10.8022,64.56
62.293,measure,4928.0,2232.0,10.9993,64.94
62.393,measure,4928.0,2216.0,10.9204,64.91
62.493,measure,4928.0,2208.0,10.8810,65.03
62.593,measure,4928.0,2200.0,10.8416,64.91
62.693,measure,4928.0,2216.0,10.9204,65.03
62.794,measure,4928.0,2224.0,10.9599,65.06
62.894,measure,4928.0,2216.0,10.9204,64.97
62.994,measure,4928.0,2208.0,10.8810,64.94
63.094,measure,4928.0,2200.0,10.8416,65.00
63.194,measure,4928.0,2232.0,10.9993,65.00
63.295,measure,4928.0,2224.0,10.9599,64.84
63.395,measure,4928.0,2208.0,10.8810,65.19
63.495,measure,4928.0,2208.0,10.8810,64.88
63.595,measure,4928.0,2192.0,10.8022,64.69
63.695,measure,4928.0,2232.0,10.9993,65.03
63.795,measure,4928.0,2216.0,10.9204,64.94
63.896,measure,4928.0,2208.0,10.8810,64.91
63.996,measure,4928.0,2200.0,10.8416,64.97
64.096,measure,4928.0,2208.0,10.8810,64.81
64.196,measure,4928.0,2232.0,10.9993,65.16
64.296,measure,4928.0,2216.0,10.9204,65.03
64.396,measure,4928.0,2208.0,10.8810,65.25
64.496,measure,4928.0,2200.0,10.8416,65.09
64.597,measure,4928.0,2232.0,10.9993,65.06
64.697,measure,4928.0,2224.0,10.9599,64.94
64.797,measure,4928.0,2216.0,10.9204,65.19
64.897,measure,4928.0,2200.0,10.8416,65.06
64.997,measure,4928.0,2192.0,10.8022,64.81
65.097,measure,4928.0,2224.0,10.9599,65.34
65.197,measure,4928.0,2216.0,10.9204,64.97
65.298,measure,4928.0,2208.0,10.8810,64.97
65.398,measure,4928.0,2208.0,10.8810,64.97
65.498,measure,4928.0,2208.0,10.8810,64.84
65.598,measure,4928.0,2232.0,10.9993,65.03
65.698,measure,4928.0,2216.0,10.9204,65.09
65.799,measure,4928.0,2208.0,10.8810,65.00
65.899,measure,4928.0,2208.0,10.8810,65.03
65.999,measure,4928.0,2232.0,10.9993,65.16
66.099,measure,4928.0,2232.0,10.9993,65.06
66.199,measure,4928.0,2216.0,10.9204,65.28
66.300,measure,4928.0,2208.0,10.8810,65.12
66.400,measure,4928.0,2200.0,10.8416,64.84
66.500,measure,4928.0,2232.0,10.9993,65.28
66.600,measure,4928.0,2224.0,10.9599,65.22
66.701,measure,4928.0,2216.0,10.9204,64.97
66.801,measure,4928.0,2208.0,10.8810,65.03
66.901,measure,4928.0,2200.0,10.8416,64.91
67.001,measure,4928.0,2232.0,10.9993,65.03
67.101,measure,4928.0,2224.0,10.9599,65.16
67.202,measure,4928.0,2208.0,10.8810,65.12
67.302,measure,4928.0,2208.0,10.8810,65.12
67.402,measure,4928.0,2224.0,10.9599,65.22
67.502,measure,4928.0,2232.0,10.9993,65.16
67.602,measure,4928.0,2216.0,10.9204,65.28
67.702,measure,4928.0,2208.0,10.8810,65.22
67.802,measure,4928.0,2200.0,10.8416,65.00
67.903,measure,4928.0,2232.0,10.9993,65.31
68.003,measure,4928.0,2224.0,10.9599,65.19
68.103,measure,4928.0,2216.0,10.9204,65.03
68.203,measure,4928.0,2208.0,10.8810,65.34
68.303,measure,4928.0,2200.0,10.8416,65.00
68.403,measure,4928.0,2232.0,10.9993,65.12
68.504,measure,4928.0,2224.0,10.9599,65.22
68.604,measure,4928.0,2208.0,10.8810,65.12
68.704,measure,4928.0,2208.0,10.8810,64.97
68.804,measure,4928.0,2216.0,10.9204,65.16
68.904,measure,4928.0,2224.0,10.9599,65.25
69.004,measure,4928.0,2216.0,10.9204,65.28
69.104,measure,4928.0,2208.0,10.8810,65.25
69.205,measure,4928.0,2200.0,10.8416,65.09
69.305,measure,4928.0,2232.0,10.9993,65.44
69.405,measure,4928.0,2224.0,10.9599,65.28
69.505,measure,4928.0,2208.0,10.8810,65.25
69.605,measure,4928.0,2200.0,10.8416,65.41
69.705,measure,4928.0,2200.0,10.8416,65.06
69.805,measure,4928.0,2224.0,10.9599,65.16
69.905,measure,4928.0,2216.0,10.9204,65.12
70.006,measure,4928.0,2208.0,10.8810,65.47
70.106,measure,4928.0,2200.0,10.8416,65.12
70.206,measure,4928.0,2208.0,10.8810,65.03
70.306,measure,4928.0,2232.0,10.9993,65.25
70.406,measure,4928.0,2216.0,10.9204,65.12
70.506,measure,4928.0,2208.0,10.8810,65.25
70.606,measure,4928.0,2208.0,10.8810,65.19
70.707,measure,4928.0,2232.0,10.9993,65.41
70.807,measure,4928.0,2224.0,10.9599,65.34
70.907,measure,4928.0,2216.0,10.9204,65.28
71.007,measure,4928.0,2208.0,10.8810,65.47
71.107,measure,4928.0,2200.0,10.8416,65.28
71.207,measure,4928.0,2232.0,10.9993,65.34
71.307,measure,4928.0,2224.0,10.9599,65.56
71.408,measure,4928.0,2216.0,10.9204,65.44
71.508,measure,4928.0,2216.0,10.9204,65.12
71.608,measure,4928.0,2216.0,10.9204,65.12
71.708,measure,4928.0,2240.0,11.0387,65.28
71.808,measure,4928.0,2224.0,10.9599,65.44
71.909,measure,4928.0,2216.0,10.9204,65.28
72.009,measure,4928.0,2208.0,10.8810,65.22
72.109,measure,4928.0,2232.0,10.9993,65.25
72.209,measure,4928.0,2232.0,10.9993,65.34
72.309,measure,4928.0,2224.0,10.9599,65.28
72.410,measure,4928.0,2208.0,10.8810,65.44
72.510,measure,4928.0,2208.0,10.8810,65.28
72.610,measure,4928.0,2240.0,11.0387,65.41
72.710,measure,4928.0,2232.0,10.9993,65.59
72.810,measure,4928.0,2216.0,10.9204,65.47
72.910,measure,4928.0,2208.0,10.8810,65.25
73.010,measure,4928.0,2208.0,10.8810,65.09
73.110,measure,4928.0,2240.0,11.0387,65.44
73.211,measure,4928.0,2232.0,10.9993,65.28
73.311,measure,4928.0,2216.0,10.9204,65.28
73.411,measure,4928.0,2216.0,10.9204,65.22
73.511,measure,4928.0,2232.0,10.9993,65.25
73.611,measure,4928.0,2240.0,11.0387,65.28
73.711,measure,4928.0,2224.0,10.9599,65.34
73.811,measure,4928.0,2216.0,10.9204,65.28
73.911,measure,4928.0,2208.0,10.8810,65.38
74.012,measure,4928.0,2240.0,11.0387,65.41
74.112,measure,4928.0,2232.0,10.9993,65.44
74.212,measure,4928.0,2216.0,10.9204,65.41
74.312,measure,4928.0,2208.0,10.8810,65.38
74.412,measure,4928.0,2200.0,10.8416,65.50
74.512,measure,4928.0,2240.0,11.0387,65.59
74.612,measure,4928.0,2224.0,10.9599,65.47
74.712,measure,4928.0,2216.0,10.9204,65.25
74.813,measure,4928.0,2208.0,10.8810,65.50
74.913,measure,4928.0,2224.0,10.9599,65.31
75.013,measure,4928.0,2232.0,10.9993,65.28
75.113,measure,4928.0,2216.0,10.9204,65.59
75.213,measure,4928.0,2208.0,10.8810,65.38
75.313,measure,4928.0,2200.0,10.8416,65.31
75.413,measure,4928.0,2232.0,10.9993,65.53
75.513,measure,4928.0,2224.0,10.9599,65.44
75.614,measure,4928.0,2216.0,10.9204,65.38
75.714,measure,4928.0,2208.0,10.8810,65.41
75.814,measure,4928.0,2200.0,10.8416,65.28
75.914,measure,4928.0,2232.0,10.9993,65.62
76.014,measure,4928.0,2224.0,10.9599,65.56
76.114,measure,4928.0,2216.0,10.9204,65.44
76.214,measure,4928.0,2208.0,10.8810,65.59
76.314,measure,4928.0,2216.0,10.9204,65.47
76.415,measure,4928.0,2232.0,10.9993,65.56
76.515,measure,4928.0,2216.0,10.9204,65.75
76.615,measure,4928.0,2208.0,10.8810,65.59
76.715,measure,4928.0,2200.0,10.8416,65.28
76.815,measure,4928.0,2232.0,10.9993,65.41
76.915,measure,4928.0,2232.0,10.9993,65.47
77.015,measure,4928.0,2216.0,10.9204,65.34
77.115,measure,4928.0,2208.0,10.8810,65.50
77.216,measure,4928.0,2192.0,10.8022,65.28
77.316,measure,4928.0,2232.0,10.9993,65.44
77.416,measure,4928.0,2216.0,10.9204,65.56
77.516,measure,4928.0,2208.0,10.8810,65.47
77.616,measure,4928.0,2200.0,10.8416,65.56
77.716,measure,4928.0,2216.0,10.9204,65.53
77.816,measure,4928.0,2224.0,10.9599,65.62
77.916,measure,4928.0,2216.0,10.9204,65.69
78.016,measure,4928.0,2200.0,10.8416,65.62
78.117,measure,4928.0,2200.0,10.8416,65.44
78.217,measure,4928.0,2232.0,10.9993,65.78
78.317,measure,4928.0,2216.0,10.9204,65.72
78.417,measure,4928.0,2208.0,10.8810,65.41
78.517,measure,4928.0,2200.0,10.8416,65.31
78.617,measure,4928.0,2192.0,10.8022,65.62
78.717,measure,4928.0,2224.0,10.9599,65.53
78.817,measure,4928.0,2216.0,10.9204,65.41
78.918,measure,4928.0,2200.0,10.8416,65.56
79.018,measure,4928.0,2200.0,10.8416,65.47
79.118,measure,4928.0,2216.0,10.9204,65.56
79.218,measure,4928.0,2224.0,10.9599,65.69
79.318,measure,4928.0,2208.0,10.8810,65.53
79.418,measure,4928.0,2200.0,10.8416,65.72
79.518,measure,4928.0,2200.0,10.8416,65.47
79.618,measure,4928.0,2232.0,10.9993,65.81
79.719,measure,4928.0,2224.0,10.9599,65.75
79.819,measure,4928.0,2216.0,10.9204,65.66
79.919,measure,4928.0,2208.0,10.8810,65.81
80.019,measure,4928.0,2192.0,10.8022,65.62
80.119,measure,4928.0,2232.0,10.9993,65.72
80.219,measure,4928.0,2224.0,10.9599,65.59
80.319,measure,4928.0,2208.0,10.8810,65.84
80.419,measure,4928.0,2208.0,10.8810,65.44
80.520,measure,4928.0,2216.0,10.9204,65.47
80.620,measure,4928.0,2232.0,10.9993,65.84
80.720,measure,4928.0,2216.0,10.9204,65.62
80.820,measure,4928.0,2208.0,10.8810,65.50
80.920,measure,4928.0,2200.0,10.8416,65.59
81.020,measure,4928.0,2232.0,10.9993,65.62
81.120,measure,4928.0,2224.0,10.9599,65.75
81.220,measure,4928.0,2208.0,10.8810,65.72
81.321,measure,4928.0,2208.0,10.8810,65.56
81.421,measure,4928.0,2192.0,10.8022,65.69
81.521,measure,4928.0,2232.0,10.9993,65.72
81.621,measure,4928.0,2224.0,10.9599,65.62
81.721,measure,4928.0,2208.0,10.8810,65.84
81.821,measure,4928.0,2208.0,10.8810,65.69
81.921,measure,4928.0,2216.0,10.9204,65.47
82.021,measure,4928.0,2232.0,10.9993,65.91
82.121,measure,4928.0,2216.0,10.9204,65.81
82.222,measure,4928.0,2208.0,10.8810,65.53
82.322,measure,4928.0,2200.0,10.8416,65.47
82.422,measure,4928.0,2224.0,10.9599,65.69
82.522,measure,4928.0,2224.0,10.9599,65.59
82.622,measure,4928.0,2216.0,10.9204,65.75
82.722,measure,4928.0,2208.0,10.8810,65.66
82.822,measure,4928.0,2200.0,10.8416,65.50
82.922,measure,4928.0,2232.0,10.9993,65.75
83.023,measure,4928.0,2224.0,10.9599,65.78
83.123,measure,4928.0,2208.0,10.8810,65.91
83.223,measure,4928.0,2208.0,10.8810,65.75
83.323,measure,4928.0,2216.0,10.9204,65.78
83.423,measure,4928.0,2224.0,10.9599,65.94
83.523,measure,4928.0,2208.0,10.8810,65.78
83.623,measure,4928.0,2200.0,10.8416,65.59
83.723,measure,4928.0,2200.0,10.8416,65.91
83.824,measure,4928.0,2232.0,10.9993,65.91
83.924,measure,4928.0,2224.0,10.9599,65.69
84.024,measure,4928.0,2216.0,10.9204,65.62
84.124,measure,4928.0,2208.0,10.8810,65.75
84.224,measure,4928.0,2200.0,10.8416,65.56
84.324,measure,4928.0,2232.0,10.9993,65.81
84.424,measure,4928.0,2224.0,10.9599,65.78
84.524,measure,4928.0,2208.0,10.8810,65.88
84.625,measure,4928.0,2208.0,10.8810,65.75
84.725,measure,4928.0,2224.0,10.9599,65.69
84.825,measure,4928.0,2232.0,10.9993,66.06
84.925,measure,4928.0,2216.0,10.9204,65.84
85.025,measure,4928.0,2208.0,10.8810,65.75
85.125,measure,4928.0,2200.0,10.8416,65.91
85.225,measure,4928.0,2232.0,10.9993,65.97
85.325,measure,4928.0,2224.0,10.9599,65.91
85.426,measure,4928.0,2216.0,10.9204,65.56
85.526,measure,4928.0,2208.0,10.8810,65.91
85.626,measure,4928.0,2200.0,10.8416,65.59
85.726,measure,4928.0,2232.0,10.9993,65.75
85.826,measure,4928.0,2224.0,10.9599,66.00
85.926,measure,4928.0,2208.0,10.8810,65.72
86.026,measure,4928.0,2208.0,10.8810,65.62
86.127,measure,4928.0,2224.0,10.9599,65.78
86.227,measure,4928.0,2232.0,10.9993,65.78
86.327,measure,4928.0,2216.0,10.9204,65.88
86.427,measure,4928.0,2208.0,10.8810,65.84
86.527,measure,4928.0,2200.0,10.8416,65.72
86.627,measure,4928.0,2232.0,10.9993,65.91
86.727,measure,4928.0,2224.0,10.9599,65.94
86.827,measure,4928.0,2216.0,10.9204,66.09
86.927,measure,4928.0,2208.0,10.8810,65.91
87.028,measure,4928.0,2208.0,10.8810,65.88
87.128,measure,4928.0,2232.0,10.9993,65.75
87.228,measure,4928.0,2224.0,10.9599,66.03
87.328,measure,4928.0,2208.0,10.8810,65.84
87.428,measure,4928.0,2208.0,10.8810,65.66
87.528,measure,4928.0,2232.0,10.9993,66.25
87.628,measure,4928.0,2232.0,10.9993,65.81
87.728,measure,4928.0,2216.0,10.9204,65.78
87.828,measure,4928.0,2208.0,10.8810,65.84
87.929,measure,4928.0,2200.0,10.8416,65.69
88.029,measure,4928.0,2232.0,10.9993,65.81
88.129,measure,4928.0,2224.0,10.9599,65.84
88.229,measure,4928.0,2216.0,10.9204,65.81
88.329,measure,4928.0,2208.0,10.8810,65.97
88.429,measure,4928.0,2208.0,10.8810,65.78
88.529,measure,4928.0,2232.0,10.9993,65.94
88.630,measure,4928.0,2224.0,10.9599,66.09
88.730,measure,4928.0,2208.0,10.8810,65.94
88.830,measure,4928.0,2200.0,10.8416,65.78
88.930,measure,4928.0,2232.0,10.9993,66.22
89.030,measure,4928.0,2232.0,10.9993,66.03
89.130,measure,4928.0,2216.0,10.9204,65.75
89.230,measure,4928.0,2208.0,10.8810,65.75
89.330,measure,4928.0,2200.0,10.8416,65.94
89.431,measure,4928.0,2232.0,10.9993,65.88
89.531,measure,4928.0,2232.0,10.9993,65.94
89.631,measure,4928.0,2216.0,10.9204,65.91
89.731,measure,4928.0,2208.0,10.8810,65.75
89.831,measure,4928.0,2216.0,10.9204,65.91
89.931,measure,4928.0,2232.0,10.9993,65.94
90.032,measure,4928.0,2224.0,10.9599,66.12
90.132,measure,4928.0,2208.0,10.8810,66.03
90.232,measure,4928.0,2208.0,10.8810,65.81
90.332,measure,4928.0,2232.0,10.9993,66.16
90.432,measure,4928.0,2232.0,10.9993,66.03
90.532,measure,4928.0,2216.0,10.9204,66.00
90.632,measure,4928.0,2208.0,10.8810,66.19
90.732,measure,4928.0,2200.0,10.8416,65.91
90.833,measure,4928.0,2232.0,10.9993,65.94
90.933,measure,4928.0,2224.0,10.9599,65.97
91.033,measure,4928.0,2208.0,10.8810,66.16
91.133,measure,4928.0,2208.0,10.8810,65.88
91.233,measure,4928.0,2208.0,10.8810,65.75
91.333,measure,4928.0,2232.0,10.9993,66.00
91.433,measure,4928.0,2216.0,10.9204,66.00
91.534,measure,4928.0,2208.0,10.8810,66.00
91.634,measure,4928.0,2200.0,10.8416,65.91
91.734,measure,4928.0,2232.0,10.9993,66.25
91.834,measure,4928.0,2232.0,10.9993,66.16
91.934,measure,4928.0,2208.0,10.8810,66.00
92.034,measure,4928.0,2200.0,10.8416,66.22
92.134,measure,4928.0,2192.0,10.8022,65.94
92.234,measure,4928.0,2232.0,10.9993,66.16
92.334,measure,4928.0,2224.0,10.9599,65.94
92.435,measure,4928.0,2208.0,10.8810,66.25
92.535,measure,4928.0,2208.0,10.8810,66.03
92.635,measure,4928.0,2216.0,10.9204,65.88
92.735,measure,4928.0,2232.0,10.9993,66.28
92.835,measure,4928.0,2224.0,10.9599,65.94
92.935,measure,4928.0,2216.0,10.9204,65.91
93.035,measure,4928.0,2208.0,10.8810,65.88
93.135,measure,4928.0,2240.0,11.0387,66.09
93.236,measure,4928.0,2232.0,10.9993,66.03
93.336,measure,4928.0,2216.0,10.9204,66.00
93.436,measure,4928.0,2208.0,10.8810,66.03
93.536,measure,4928.0,2200.0,10.8416,66.12
93.636,measure,4928.0,2232.0,10.9993,66.16
93.736,measure,4928.0,2224.0,10.9599,66.09
93.836,measure,4928.0,2216.0,10.9204,66.19
93.936,measure,4928.0,2208.0,10.8810,66.03
94.037,measure,4928.0,2216.0,10.9204,65.91
94.137,measure,4928.0,2232.0,10.9993,66.28
94.237,measure,4928.0,2216.0,10.9204,66.22
94.337,measure,4928.0,2208.0,10.8810,66.00
94.437,measure,4928.0,2200.0,10.8416,66.28
94.537,measure,4928.0,2240.0,11.0387,66.16
94.637,measure,4928.0,2232.0,10.9993,66.00
94.737,measure,4928.0,2216.0,10.9204,66.00
94.838,measure,4928.0,2208.0,10.8810,66.03
94.938,measure,4928.0,2200.0,10.8416,65.81
95.038,measure,4928.0,2232.0,10.9993,66.19
95.138,measure,4928.0,2224.0,10.9599,66.12
95.238,measure,4928.0,2216.0,10.9204,66.22
95.338,measure,4928.0,2208.0,10.8810,66.09
95.438,measure,4928.0,2216.0,10.9204,66.12
95.538,measure,4928.0,2232.0,10.9993,66.31
95.639,measure,4928.0,2224.0,10.9599,66.22
95.739,measure,4928.0,2216.0,10.9204,66.19
95.839,measure,4928.0,2208.0,10.8810,66.25
95.939,measure,4928.0,2240.0,11.0387,66.25
96.039,measure,4928.0,2232.0,10.9993,66.09
96.139,measure,4928.0,2224.0,10.9599,66.09
96.239,measure,4928.0,2216.0,10.9204,66.25
96.339,measure,4928.0,2208.0,10.8810,65.88
96.440,measure,4928.0,2240.0,11.0387,66.12
96.540,measure,4928.0,2232.0,10.9993,66.16
96.640,measure,4928.0,2224.0,10.9599,66.03
96.740,measure,4928.0,2216.0,10.9204,66.19
96.840,measure,4928.0,2224.0,10.9599,66.09
96.940,measure,4928.0,2240.0,11.0387,66.09
97.040,measure,4928.0,2224.0,10.9599,66.22
97.140,measure,4928.0,2216.0,10.9204,66.22
97.241,measure,4928.0,2208.0,10.8810,66.31
97.341,measure,4928.0,2240.0,11.0387,66.28
97.441,measure,4928.0,2232.0,10.9993,66.25
97.541,measure,4928.0,2216.0,10.9204,66.41
97.641,measure,4928.0,2208.0,10.8810,66.28
97.741,measure,4928.0,2200.0,10.8416,66.09
97.841,measure,4928.0,2240.0,11.0387,66.16
97.941,measure,4928.0,2224.0,10.9599,66.38
98.041,measure,4928.0,2216.0,10.9204,66.09
98.142,measure,4928.0,2208.0,10.8810,66.03
98.242,measure,4928.0,2224.0,10.9599,66.44
98.342,measure,4928.0,2232.0,10.9993,66.19
98.442,measure,4928.0,2224.0,10.9599,66.16
98.542,measure,4928.0,2208.0,10.8810,66.22
98.642,measure,4928.0,2208.0,10.8810,66.06
98.742,measure,4928.0,2240.0,11.0387,66.38
98.842,measure,4928.0,2232.0,10.9993,66.25
98.943,measure,4928.0,2224.0,10.9599,66.16
99.043,measure,4928.0,2216.0,10.9204,66.31
99.143,measure,4928.0,2208.0,10.8810,66.12
99.243,measure,4928.0,2240.0,11.0387,66.22
99.343,measure,4928.0,2232.0,10.9993,66.44
99.443,measure,4928.0,2224.0,10.9599,66.28
99.543,measure,4928.0,2216.0,10.9204,66.09
99.643,measure,4928.0,2224.0,10.9599,66.34
99.744,measure,4928.0,2232.0,10.9993,66.38
99.844,measure,4928.0,2224.0,10.9599,66.19
99.944,measure,4928.0,2216.0,10.9204,66.06
100.044,measure,4928.0,2216.0,10.9204,66.09
100.144,measure,4928.0,2240.0,11.0387,66.25
100.244,measure,4928.0,2232.0,10.9993,66.34
100.344,measure,4928.0,2216.0,10.9204,66.19
100.445,measure,4928.0,2216.0,10.9204,66.34
100.545,measure,4928.0,2208.0,10.8810,66.12
100.645,measure,4928.0,2240.0,11.0387,66.31
100.745,measure,4928.0,2232.0,10.9993,66.47
100.845,measure,4928.0,2216.0,10.9204,66.31
100.945,measure,4928.0,2216.0,10.9204,66.25
101.045,measure,4928.0,2224.0,10.9599,66.44
101.145,measure,4928.0,2240.0,11.0387,66.50
101.246,measure,4928.0,2224.0,10.9599,66.19
101.346,measure,4928.0,2216.0,10.9204,66.56
101.446,measure,4928.0,2216.0,10.9204,66.31
101.546,measure,4928.0,2248.0,11.0781,66.25
101.646,measure,4928.0,2240.0,11.0387,66.25
101.746,measure,4928.0,2224.0,10.9599,66.25
101.846,measure,4928.0,2216.0,10.9204,66.19
101.946,measure,4928.0,2208.0,10.8810,66.22
102.047,measure,4928.0,2240.0,11.0387,66.28
102.147,measure,4928.0,2232.0,10.9993,66.25
102.247,measure,4928.0,2224.0,10.9599,66.31
102.347,measure,4928.0,2216.0,10.9204,66.22
102.447,measure,4928.0,2216.0,10.9204,66.38
102.547,measure,4928.0,2232.0,10.9993,66.53
102.647,measure,4928.0,2224.0,10.9599,66.31
102.747,measure,4928.0,2216.0,10.9204,66.56
102.848,measure,4928.0,2208.0,10.8810,66.38
102.948,measure,4928.0,2240.0,11.0387,66.44
103.048,measure,4928.0,2232.0,10.9993,66.28
103.148,measure,4928.0,2224.0,10.9599,66.53
103.248,measure,4928.0,2216.0,10.9204,66.25
103.348,measure,4928.0,2208.0,10.8810,66.03
103.448,measure,4928.0,2240.0,11.0387,66.62
103.548,measure,4928.0,2232.0,10.9993,66.34
103.649,measure,4928.0,2216.0,10.9204,66.25
103.749,measure,4928.0,2208.0,10.8810,66.28
103.849,measure,4928.0,2224.0,10.9599,66.34
103.949,measure,4928.0,2232.0,10.9993,66.44
104.049,measure,4928.0,2224.0,10.9599,66.38
104.149,measure,4928.0,2208.0,10.8810,66.31
104.249,measure,4928.0,2200.0,10.8416,66.38
104.349,measure,4928.0,2232.0,10.9993,66.47
104.450,measure,4928.0,2224.0,10.9599,66.59
104.550,measure,4928.0,2216.0,10.9204,66.50
104.650,measure,4928.0,2208.0,10.8810,66.38
104.750,measure,4928.0,2200.0,10.8416,66.06
104.850,measure,4928.0,2232.0,10.9993,66.62
104.950,measure,4928.0,2224.0,10.9599,66.47
105.050,measure,4928.0,2216.0,10.9204,66.34
105.150,measure,4928.0,2216.0,10.9204,66.53
105.251,measure,4928.0,2224.0,10.9599,66.25
105.351,measure,4928.0,2240.0,11.0387,66.41
105.451,measure,4928.0,2224.0,10.9599,66.38
105.551,measure,4928.0,2216.0,10.9204,66.41
105.651,measure,4928.0,2208.0,10.8810,66.25
105.751,measure,4928.0,2240.0,11.0387,66.53
105.851,measure,4928.0,2232.0,10.9993,66.41
105.951,measure,4928.0,2224.0,10.9599,66.56
106.051,measure,4928.0,2208.0,10.8810,66.47
106.152,measure,4928.0,2200.0,10.8416,66.59
106.252,measure,4928.0,2232.0,10.9993,66.62
106.352,measure,4928.0,2224.0,10.9599,66.56
106.452,measure,4928.0,2216.0,10.9204,66.41
106.552,measure,4928.0,2208.0,10.8810,66.56
106.652,measure,4928.0,2216.0,10.9204,66.47
106.752,measure,4928.0,2232.0,10.9993,66.38
106.852,measure,4928.0,2224.0,10.9599,66.72
106.953,measure,4928.0,2216.0,10.9204,66.59
107.053,measure,4928.0,2208.0,10.8810,66.25
107.153,measure,4928.0,2240.0,11.0387,66.50
107.253,measure,4928.0,2232.0,10.9993,66.34
107.353,measure,4928.0,2216.0,10.9204,66.38
107.453,measure,4928.0,2208.0,10.8810,66.41
107.553,measure,4928.0,2200.0,10.8416,66.31
107.653,measure,4928.0,2240.0,11.0387,66.62
107.754,measure,4928.0,2224.0,10.9599,66.56
107.854,measure,4928.0,2216.0,10.9204,66.53
107.954,measure,4928.0,2216.0,10.9204,66.62
108.054,measure,4928.0,2224.0,10.9599,66.50
108.154,measure,4928.0,2240.0,11.0387,66.56
108.254,measure,4928.0,2224.0,10.9599,66.72
108.354,measure,4928.0,2216.0,10.9204,66.59
108.454,measure,4928.0,2208.0,10.8810,66.25
108.555,measure,4928.0,2240.0,11.0387,66.50
108.655,measure,4928.0,2232.0,10.9993,66.66
108.755,measure,4928.0,2216.0,10.9204,66.38
108.855,measure,4928.0,2208.0,10.8810,66.38
108.955,measure,4928.0,2208.0,10.8810,66.34
109.055,measure,4928.0,2240.0,11.0387,66.47
109.155,measure,4928.0,2224.0,10.9599,66.59
109.255,measure,4928.0,2216.0,10.9204,66.50
109.355,measure,4928.0,2216.0,10.9204,66.41
109.456,measure,4928.0,2216.0,10.9204,66.47
109.556,measure,4928.0,2240.0,11.0387,66.53
109.656,measure,4928.0,2224.0,10.9599,66.75
109.756,measure,4928.0,2216.0,10.9204,66.59
109.856,measure,4928.0,2208.0,10.8810,66.53
109.956,measure,4928.0,2240.0,11.0387,66.81
110.056,measure,4928.0,2232.0,10.9993,66.62
110.156,measure,4928.0,2216.0,10.9204,66.62
110.257,measure,4928.0,2208.0,10.8810,66.41
110.357,measure,4928.0,2208.0,10.8810,66.59
110.457,measure,4928.0,2232.0,10.9993,66.50
110.557,measure,4928.0,2224.0,10.9599,66.38
110.657,measure,4928.0,2216.0,10.9204,66.84
110.757,measure,4928.0,2216.0,10.9204,66.53
110.857,measure,4928.0,2208.0,10.8810,66.34
110.957,measure,4928.0,2232.0,10.9993,66.59
111.057,measure,4928.0,2224.0,10.9599,66.50
111.158,measure,4928.0,2216.0,10.9204,66.66
111.258,measure,4928.0,2208.0,10.8810,66.50
111.358,measure,4928.0,2232.0,10.9993,66.59
111.458,measure,4928.0,2232.0,10.9993,66.75
111.558,measure,4928.0,2224.0,10.9599,66.72
111.658,measure,4928.0,2216.0,10.9204,66.50
111.758,measure,4928.0,2208.0,10.8810,66.59
111.858,measure,4928.0,2240.0,11.0387,66.69
111.959,measure,4928.0,2232.0,10.9993,66.53
112.059,measure,4928.0,2224.0,10.9599,66.78
112.159,measure,4928.0,2216.0,10.9204,66.47
112.259,measure,4928.0,2216.0,10.9204,66.34
112.359,measure,4928.0,2240.0,11.0387,66.62
112.460,measure,4928.0,2224.0,10.9599,66.56
112.560,measure,4928.0,2216.0,10.9204,66.59
112.660,measure,4928.0,2216.0,10.9204,66.62
112.760,measure,4928.0,2240.0,11.0387,66.59
112.860,measure,4928.0,2240.0,11.0387,66.78
112.960,measure,4928.0,2224.0,10.9599,66.69
113.060,measure,4928.0,2216.0,10.9204,66.56
113.160,measure,4928.0,2216.0,10.9204,66.72
113.261,measure,4928.0,2240.0,11.0387,66.72
113.361,measure,4928.0,2232.0,10.9993,66.72
113.461,measure,4928.0,2224.0,10.9599,66.84
113.561,measure,4928.0,2216.0,10.9204,66.69
113.661,measure,4928.0,2208.0,10.8810,66.47
113.761,measure,4928.0,2240.0,11.0387,66.94
113.861,measure,4928.0,2232.0,10.9993,66.75
113.962,measure,4928.0,2216.0,10.9204,66.62
114.062,measure,4928.0,2216.0,10.9204,66.47
114.162,measure,4928.0,2240.0,11.0387,66.59
114.262,measure,4928.0,2240.0,11.0387,66.59
114.362,measure,4928.0,2232.0,10.9993,66.72
114.462,measure,4928.0,2224.0,10.9599,66.59
114.562,measure,4928.0,2216.0,10.9204,66.56
114.662,measure,4928.0,2248.0,11.0781,66.75
114.763,measure,4928.0,2240.0,11.0387,66.69
114.863,measure,4928.0,2224.0,10.9599,66.84
114.963,measure,4928.0,2216.0,10.9204,66.72
115.063,measure,4928.0,2208.0,10.8810,66.62
115.163,measure,4928.0,2240.0,11.0387,66.88
115.263,measure,4928.0,2232.0,10.9993,66.84
115.364,measure,4928.0,2224.0,10.9599,66.59
115.464,measure,4928.0,2216.0,10.9204,66.53
115.564,measure,4928.0,2232.0,10.9993,66.84
115.664,measure,4928.0,2240.0,11.0387,66.69
115.765,measure,4928.0,2224.0,10.9599,66.69
115.865,measure,4928.0,2216.0,10.9204,66.72
115.965,measure,4928.0,2216.0,10.9204,66.56
116.065,measure,4928.0,2240.0,11.0387,66.78
116.165,measure,4928.0,2240.0,11.0387,66.72
116.266,measure,4928.0,2224.0,10.9599,66.81
116.366,measure,4928.0,2216.0,10.9204,66.78
116.466,measure,4928.0,2208.0,10.8810,66.62
116.566,measure,4928.0,2240.0,11.0387,66.88
116.666,measure,4928.0,2232.0,10.9993,66.84
116.766,measure,4928.0,2224.0,10.9599,66.72
116.866,measure,4928.0,2216.0,10.9204,66.88
116.966,measure,4928.0,2224.0,10.9599,66.81
117.067,measure,4928.0,2240.0,11.0387,66.66
117.167,measure,4928.0,2232.0,10.9993,66.62
117.267,measure,4928.0,2216.0,10.9204,66.94
117.367,measure,4928.0,2216.0,10.9204,66.53
117.467,measure,4928.0,2240.0,11.0387,66.66
117.567,measure,4928.0,2240.0,11.0387,66.75
117.668,measure,4928.0,2224.0,10.9599,66.72
117.768,measure,4928.0,2216.0,10.9204,66.78
117.868,measure,4928.0,2216.0,10.9204,66.66
117.968,measure,4928.0,2248.0,11.0781,66.94
118.068,measure,4928.0,2240.0,11.0387,66.84
118.168,measure,4928.0,2224.0,10.9599,66.69
118.269,measure,4928.0,2216.0,10.9204,66.91
118.369,measure,4928.0,2216.0,10.9204,66.72
118.469,measure,4928.0,2248.0,11.0781,66.81
118.569,measure,4928.0,2232.0,10.9993,66.72
118.669,measure,4928.0,2224.0,10.9599,66.91
118.769,measure,4928.0,2216.0,10.9204,66.59
118.869,measure,4928.0,2232.0,10.9993,66.62
118.970,measure,4928.0,2240.0,11.0387,66.78
119.070,measure,4928.0,2224.0,10.9599,66.72
119.170,measure,4928.0,2216.0,10.9204,66.66
119.270,measure,4928.0,2216.0,10.9204,66.72
119.370,measure,4928.0,2248.0,11.0781,66.72
119.470,measure,4928.0,2240.0,11.0387,66.84
119.570,measure,4928.0,2224.0,10.9599,66.72
119.671,measure,4928.0,2224.0,10.9599,66.88
119.771,measure,4928.0,2208.0,10.8810,66.81
119.871,measure,4928.0,2248.0,11.0781,66.88
119.971,measure,4928.0,2232.0,10.9993,67.09
120.071,measure,4928.0,2224.0,10.9599,66.91
120.171,measure,4928.0,2224.0,10.9599,66.75
120.271,measure,4928.0,2224.0,10.9599,66.69
120.371,measure,4928.0,2248.0,11.0781,67.03
120.472,measure,4928.0,2240.0,11.0387,66.75
120.572,measure,4928.0,2232.0,10.9993,66.75
120.672,measure,4928.0,2224.0,10.9599,66.97
120.772,measure,4928.0,2248.0,11.0781,66.84
120.872,measure,4928.0,2248.0,11.0781,66.81
120.973,measure,4928.0,2240.0,11.0387,66.88
121.073,measure,4928.0,2224.0,10.9599,66.75
121.173,measure,4928.0,2224.0,10.9599,66.84
121.273,measure,4928.0,2248.0,11.0781,66.97
121.373,measure,4928.0,2240.0,11.0387,67.06
121.474,measure,4928.0,2232.0,10.9993,66.94
121.574,measure,4928.0,2224.0,10.9599,66.84
121.674,measure,4928.0,2224.0,10.9599,66.62
121.774,measure,4928.0,2248.0,11.0781,66.97
121.874,measure,4928.0,2240.0,11.0387,67.03
121.974,measure,4928.0,2232.0,10.9993,66.75
122.074,measure,4928.0,2224.0,10.9599,67.00
122.174,measure,4928.0,2224.0,10.9599,66.66
122.275,measure,4928.0,2240.0,11.0387,66.81
122.375,measure,4928.0,2232.0,10.9993,66.81
122.475,measure,4928.0,2224.0,10.9599,66.81
122.575,measure,4928.0,2216.0,10.9204,66.72
122.675,measure,4928.0,2240.0,11.0387,66.84
122.775,measure,4928.0,2240.0,11.0387,66.91
122.875,measure,4928.0,2224.0,10.9599,67.03
122.976,measure,4928.0,2216.0,10.9204,66.97
123.076,measure,4928.0,2216.0,10.9204,67.03
123.176,measure,4928.0,2240.0,11.0387,67.06
123.276,measure,4928.0,2232.0,10.9993,67.00
123.376,measure,4928.0,2224.0,10.9599,66.84
123.476,measure,4928.0,2216.0,10.9204,67.00
123.576,measure,4928.0,2216.0,10.9204,66.88
123.677,measure,4928.0,2248.0,11.0781,66.81
123.777,measure,4928.0,2232.0,10.9993,67.03
123.877,measure,4928.0,2224.0,10.9599,66.88
123.977,measure,4928.0,2216.0,10.9204,66.72
124.077,measure,4928.0,2224.0,10.9599,66.78
124.177,measure,4928.0,2248.0,11.0781,66.88
124.278,measure,4928.0,2232.0,10.9993,66.78
124.378,measure,4928.0,2224.0,10.9599,66.88
124.478,measure,4928.0,2224.0,10.9599,66.88
124.578,measure,4928.0,2248.0,11.0781,67.09
124.678,measure,4928.0,2240.0,11.0387,66.94
124.778,measure,4928.0,2232.0,10.9993,66.94
124.879,measure,4928.0,2224.0,10.9599,67.06
124.979,measure,4928.0,2216.0,10.9204,66.84
125.079,measure,4928.0,2248.0,11.0781,66.84
125.179,measure,4928.0,2240.0,11.0387,67.19
125.279,measure,4928.0,2224.0,10.9599,67.06
125.379,measure,4928.0,2216.0,10.9204,66.81
125.480,measure,4928.0,2216.0,10.9204,66.66
125.580,measure,4928.0,2248.0,11.0781,66.94
125.680,measure,4928.0,2232.0,10.9993,66.84
125.780,measure,4928.0,2224.0,10.9599,66.94
125.880,measure,4928.0,2224.0,10.9599,66.88
125.980,measure,4928.0,2232.0,10.9993,67.00
126.081,measure,4928.0,2240.0,11.0387,67.00
126.181,measure,4928.0,2224.0,10.9599,66.88
126.281,measure,4928.0,2216.0,10.9204,67.06
126.381,measure,4928.0,2208.0,10.8810,66.91
126.481,measure,4928.0,2240.0,11.0387,67.09
126.581,measure,4928.0,2232.0,10.9993,67.22
126.682,measure,4928.0,2224.0,10.9599,67.03
126.782,measure,4928.0,2216.0,10.9204,66.91
126.882,measure,4928.0,2208.0,10.8810,67.06
126.982,measure,4928.0,2240.0,11.0387,67.19
127.082,measure,4928.0,2232.0,10.9993,66.94
127.182,measure,4928.0,2216.0,10.9204,66.91
127.282,measure,4928.0,2216.0,10.9204,66.91
127.383,measure,4928.0,2224.0,10.9599,66.91
127.483,measure,4928.0,2240.0,11.0387,67.09
127.583,measure,4928.0,2232.0,10.9993,67.00
127.683,measure,4928.0,2224.0,10.9599,66.97
127.783,measure,4928.0,2216.0,10.9204,66.91
127.883,measure,4928.0,2248.0,11.0781,66.97
127.983,measure,4928.0,2240.0,11.0387,67.16
128.084,measure,4928.0,2224.0,10.9599,67.06
128.184,measure,4928.0,2216.0,10.9204,66.94
128.284,measure,4928.0,2208.0,10.8810,67.09
128.384,measure,4928.0,2240.0,11.0387,67.12
128.484,measure,4928.0,2232.0,10.9993,66.88
128.584,measure,4928.0,2224.0,10.9599,67.22
128.685,measure,4928.0,2216.0,10.9204,67.09
128.785,measure,4928.0,2224.0,10.9599,66.84
128.885,measure,4928.0,2240.0,11.0387,66.97
128.985,measure,4928.0,2224.0,10.9599,67.03
129.086,measure,4928.0,2216.0,10.9204,66.94
129.186,measure,4928.0,2216.0,10.9204,67.00
129.286,measure,4928.0,2240.0,11.0387,67.06
129.386,measure,4928.0,2240.0,11.0387,67.22
129.486,measure,4928.0,2224.0,10.9599,67.06
129.586,measure,4928.0,2216.0,10.9204,66.97
129.687,measure,4928.0,2216.0,10.9204,67.06
129.787,measure,4928.0,2248.0,11.0781,67.12
129.887,measure,4928.0,2240.0,11.0387,67.00
129.987,measure,4928.0,2224.0,10.9599,67.22
130.087,measure,4928.0,2216.0,10.9204,67.09
130.187,measure,4928.0,2216.0,10.9204,66.78
130.287,measure,4928.0,2240.0,11.0387,66.97
130.387,measure,4928.0,2232.0,10.9993,67.00
130.488,measure,4928.0,2224.0,10.9599,67.00
130.588,measure,4928.0,2216.0,10.9204,66.91
130.688,measure,4928.0,2232.0,10.9993,66.97
130.788,measure,4928.0,2240.0,11.0387,67.03
130.888,measure,4928.0,2232.0,10.9993,67.09
130.988,measure,4928.0,2216.0,10.9204,66.97
131.088,measure,4928.0,2216.0,10.9204,66.91
131.188,measure,4928.0,2240.0,11.0387,67.12
131.289,measure,4928.0,2232.0,10.9993,67.12
131.389,measure,4928.0,2224.0,10.9599,67.28
131.489,measure,4928.0,2216.0,10.9204,67.12
131.589,measure,4928.0,2208.0,10.8810,66.97
131.689,measure,4928.0,2240.0,11.0387,67.38
131.789,measure,4928.0,2232.0,10.9993,67.25
131.889,measure,4928.0,2224.0,10.9599,67.19
131.990,measure,4928.0,2224.0,10.9599,66.84
132.090,measure,4928.0,2232.0,10.9993,67.22
132.190,measure,4928.0,2240.0,11.0387,67.06
132.290,measure,4928.0,2232.0,10.9993,67.03
132.390,measure,4928.0,2216.0,10.9204,67.38
132.490,measure,4928.0,2216.0,10.9204,66.88
132.590,measure,4928.0,2248.0,11.0781,67.09
132.691,measure,4928.0,2240.0,11.0387,67.12
132.791,measure,4928.0,2232.0,10.9993,67.03
132.891,measure,4928.0,2224.0,10.9599,67.16
132.991,measure,4928.0,2216.0,10.9204,66.97
133.091,measure,4928.0,2248.0,11.0781,67.34
133.191,measure,4928.0,2240.0,11.0387,67.22
133.292,measure,4928.0,2232.0,10.9993,67.09
133.392,measure,4928.0,2216.0,10.9204,66.97
133.492,measure,4928.0,2216.0,10.9204,67.19
133.592,measure,4928.0,2240.0,11.0387,67.19
133.692,measure,4928.0,2232.0,10.9993,67.03
133.792,measure,4928.0,2224.0,10.9599,67.25
133.893,measure,4928.0,2216.0,10.9204,67.03
133.993,measure,4928.0,2240.0,11.0387,67.09
134.093,measure,4928.0,2240.0,11.0387,67.06
134.193,measure,4928.0,2232.0,10.9993,67.03
134.293,measure,4928.0,2216.0,10.9204,67.19
134.393,measure,4928.0,2216.0,10.9204,66.97
134.494,measure,4928.0,2240.0,11.0387,67.19
134.594,measure,4928.0,2232.0,10.9993,67.22
134.694,measure,4928.0,2224.0,10.9599,67.22
134.794,measure,4928.0,2224.0,10.9599,67.34
134.894,measure,4928.0,2216.0,10.9204,67.12
134.995,measure,4928.0,2248.0,11.0781,67.22
135.095,measure,4928.0,2232.0,10.9993,67.03
135.195,measure,4928.0,2224.0,10.9599,67.28
135.295,measure,4928.0,2216.0,10.9204,66.97
135.395,measure,4928.0,2232.0,10.9993,66.97
135.496,measure,4928.0,2240.0,11.0387,67.44
135.596,measure,4928.0,2224.0,10.9599,67.06
135.696,measure,4928.0,2216.0,10.9204,67.03
135.796,measure,4928.0,2216.0,10.9204,67.00
135.896,measure,4928.0,2240.0,11.0387,67.09
135.996,measure,4928.0,2240.0,11.0387,67.22
136.097,measure,4928.0,2224.0,10.9599,67.12
136.197,measure,4928.0,2216.0,10.9204,67.25
136.297,measure,4928.0,2216.0,10.9204,67.09
136.397,measure,4928.0,2240.0,11.0387,67.19
136.497,measure,4928.0,2232.0,10.9993,67.03
136.597,measure,4928.0,2224.0,10.9599,67.28
136.698,measure,4928.0,2216.0,10.9204,67.12
136.798,measure,4928.0,2224.0,10.9599,66.91
136.898,measure,4928.0,2240.0,11.0387,67.41
136.998,measure,4928.0,2232.0,10.9993,67.06
137.098,measure,4928.0,2224.0,10.9599,67.00
137.198,measure,4928.0,2224.0,10.9599,67.09
137.298,measure,4928.0,2248.0,11.0781,67.12
137.398,measure,4928.0,2240.0,11.0387,67.16
137.499,measure,4928.0,2232.0,10.9993,67.12
137.599,measure,4928.0,2224.0,10.9599,67.03
137.699,measure,4928.0,2216.0,10.9204,67.19
137.799,measure,4928.0,2248.0,11.0781,67.22
137.899,measure,4928.0,2240.0,11.0387,67.50
137.999,measure,4928.0,2224.0,10.9599,67.34
138.099,measure,4928.0,2216.0,10.9204,67.19
138.199,measure,4928.0,2224.0,10.9599,67.16
138.300,measure,4928.0,2256.0,11.1176,67.47
138.400,measure,4928.0,2240.0,11.0387,67.28
138.500,measure,4928.0,2232.0,10.9993,67.03
138.600,measure,4928.0,2288.0,11.2753,67.50
138.700,measure,4928.0,2312.0,11.3935,67.06
138.800,measure,4920.0,2360.0,11.6112,67.31
138.901,measure,4920.0,2392.0,11.7686,67.38
139.001,measure,4920.0,2424.0,11.9261,67.31
139.101,measure,4920.0,2456.0,12.0835,67.31
139.201,measure,4920.0,2416.0,11.8867,67.12
139.301,measure,4920.0,2416.0,11.8867,67.50
139.401,measure,4920.0,2400.0,11.8080,67.34
139.501,measure,4920.0,2392.0,11.7686,67.28
139.602,measure,4920.0,2416.0,11.8867,67.34
139.702,measure,4920.0,2448.0,12.0442,67.50
139.802,measure,4920.0,2472.0,12.1622,67.53
139.902,measure,4920.0,2408.0,11.8474,67.31
140.002,measure,4920.0,2368.0,11.6506,67.56
140.102,measure,4920.0,2336.0,11.4931,67.38
140.203,measure,4920.0,2336.0,11.4931,67.22
140.303,measure,4928.0,2312.0,11.3935,67.22
140.403,measure,4928.0,2288.0,11.2753,67.22
140.503,measure,4928.0,2264.0,11.1570,67.12
140.603,measure,4928.0,2248.0,11.0781,67.19
140.703,measure,4928.0,2272.0,11.1964,67.19
140.803,measure,4928.0,2256.0,11.1176,67.22
140.903,measure,4928.0,2248.0,11.0781,67.25
141.004,measure,4928.0,2232.0,10.9993,67.16
141.104,measure,4928.0,2224.0,10.9599,67.22
141.204,measure,4928.0,2256.0,11.1176,67.31
141.304,measure,4928.0,2240.0,11.0387,67.28
141.404,measure,4928.0,2224.0,10.9599,67.47
141.504,measure,4928.0,2224.0,10.9599,67.22
141.604,measure,4928.0,2240.0,11.0387,67.31
141.704,measure,4928.0,2240.0,11.0387,67.50
141.805,measure,4928.0,2224.0,10.9599,67.38
141.905,measure,4928.0,2216.0,10.9204,67.19
142.005,measure,4928.0,2208.0,10.8810,67.03
142.105,measure,4928.0,2240.0,11.0387,67.53
142.205,measure,4928.0,2232.0,10.9993,67.19
142.305,measure,4928.0,2224.0,10.9599,67.16
142.405,measure,4928.0,2216.0,10.9204,67.22
142.505,measure,4928.0,2216.0,10.9204,67.03
142.606,measure,4928.0,2240.0,11.0387,67.28
142.706,measure,4928.0,2232.0,10.9993,67.25
142.806,measure,4928.0,2224.0,10.9599,67.25
142.906,measure,4928.0,2216.0,10.9204,67.25
143.006,measure,4928.0,2240.0,11.0387,67.25
143.106,measure,4928.0,2248.0,11.0781,67.56
143.206,measure,4928.0,2232.0,10.9993,67.44
143.306,measure,4928.0,2224.0,10.9599,67.34
143.407,measure,4928.0,2216.0,10.9204,67.09
143.507,measure,4928.0,2248.0,11.0781,67.44
143.607,measure,4928.0,2240.0,11.0387,67.38
143.707,measure,4928.0,2224.0,10.9599,67.19
143.807,measure,4928.0,2216.0,10.9204,67.44
143.907,measure,4928.0,2208.0,10.8810,67.00
144.007,measure,4928.0,2240.0,11.0387,67.22
144.108,measure,4928.0,2232.0,10.9993,67.22
144.208,measure,4928.0,2224.0,10.9599,67.22
144.308,measure,4928.0,2224.0,10.9599,67.16
144.408,measure,4928.0,2240.0,11.0387,67.22
144.508,measure,4928.0,2248.0,11.0781,67.34
144.608,measure,4928.0,2240.0,11.0387,67.38
144.708,measure,4928.0,2224.0,10.9599,67.34
144.808,measure,4928.0,2216.0,10.9204,67.22
144.909,measure,4928.0,2248.0,11.0781,67.47
145.009,measure,4928.0,2240.0,11.0387,67.38
145.109,measure,4928.0,2224.0,10.9599,67.16
145.209,measure,4928.0,2216.0,10.9204,67.44
145.309,measure,4928.0,2208.0,10.8810,67.22
145.409,measure,4928.0,2240.0,11.0387,67.22
145.509,measure,4928.0,2232.0,10.9993,67.53
145.609,measure,4928.0,2224.0,10.9599,67.22
145.710,measure,4928.0,2216.0,10.9204,67.19
145.810,measure,4928.0,2216.0,10.9204,67.12
145.910,measure,4928.0,2240.0,11.0387,67.34
146.010,measure,4928.0,2232.0,10.9993,67.22
146.110,measure,4928.0,2224.0,10.9599,67.34
146.210,measure,4928.0,2224.0,10.9599,67.22
146.310,measure,4928.0,2240.0,11.0387,67.41
146.411,measure,4928.0,2248.0,11.0781,67.38
146.511,measure,4928.0,2232.0,10.9993,67.25
146.611,measure,4928.0,2216.0,10.9204,67.44
146.711,measure,4928.0,2216.0,10.9204,67.22
146.811,measure,4928.0,2248.0,11.0781,67.38
146.911,measure,4928.0,2232.0,10.9993,67.50
147.011,measure,4928.0,2224.0,10.9599,67.38
147.111,measure,4928.0,2216.0,10.9204,67.12
147.212,measure,4928.0,2208.0,10.8810,67.50
147.312,measure,4928.0,2240.0,11.0387,67.44
147.412,measure,4928.0,2232.0,10.9993,67.25
147.512,measure,4928.0,2224.0,10.9599,67.19
147.612,measure,4928.0,2224.0,10.9599,67.22
147.712,measure,4928.0,2232.0,10.9993,67.16
147.813,measure,4928.0,2248.0,11.0781,67.44
147.913,measure,4928.0,2232.0,10.9993,67.25
148.013,measure,4928.0,2224.0,10.9599,67.28
148.113,measure,4928.0,2224.0,10.9599,67.25
148.213,measure,4928.0,2248.0,11.0781,67.31
148.313,measure,4928.0,2240.0,11.0387,67.50
148.413,measure,4928.0,2224.0,10.9599,67.44
148.514,measure,4928.0,2216.0,10.9204,67.38
148.614,measure,4928.0,2208.0,10.8810,67.38
148.714,measure,4928.0,2240.0,11.0387,67.50
148.814,measure,4928.0,2232.0,10.9993,67.22
148.914,measure,4928.0,2224.0,10.9599,67.12
149.014,measure,4928.0,2216.0,10.9204,67.53
149.114,measure,4928.0,2224.0,10.9599,67.12
149.214,measure,4928.0,2256.0,11.1176,67.25
149.315,measure,4928.0,2240.0,11.0387,67.34
149.415,measure,4928.0,2232.0,10.9993,67.31
149.515,measure,4928.0,2232.0,10.9993,67.31
149.615,measure,4928.0,2248.0,11.0781,67.41
149.715,measure,4928.0,2248.0,11.0781,67.34
149.815,measure,4928.0,2232.0,10.9993,67.47
149.915,measure,4928.0,2224.0,10.9599,67.28
150.015,measure,4928.0,2216.0,10.9204,67.50
150.116,measure,4928.0,2248.0,11.0781,67.50
150.216,measure,4928.0,2240.0,11.0387,67.44
150.316,measure,4928.0,2224.0,10.9599,67.62
150.416,measure,4928.0,2216.0,10.9204,67.47
150.516,measure,4928.0,2208.0,10.8810,67.28
150.616,measure,4928.0,2248.0,11.0781,67.25
150.716,measure,4928.0,2232.0,10.9993,67.56
150.817,measure,4928.0,2224.0,10.9599,67.25
150.917,measure,4928.0,2216.0,10.9204,67.22
151.017,measure,4928.0,2232.0,10.9993,67.62
151.117,measure,4928.0,2240.0,11.0387,67.38
151.217,measure,4928.0,2224.0,10.9599,67.47
151.317,measure,4928.0,2216.0,10.9204,67.28
151.417,measure,4928.0,2216.0,10.9204,67.22
151.517,measure,4928.0,2248.0,11.0781,67.53
151.618,measure,4928.0,2240.0,11.0387,67.44
151.718,measure,4928.0,2232.0,10.9993,67.41
151.818,measure,4928.0,2224.0,10.9599,67.47
151.918,measure,4928.0,2216.0,10.9204,67.25
152.018,measure,4928.0,2248.0,11.0781,67.25
152.118,measure,4928.0,2240.0,11.0387,67.59
152.218,measure,4928.0,2232.0,10.9993,67.44
152.319,measure,4928.0,2224.0,10.9599,67.19
152.419,measure,4928.0,2232.0,10.9993,67.50
152.519,measure,4928.0,2248.0,11.0781,67.34
152.619,measure,4928.0,2240.0,11.0387,67.22
152.719,measure,4928.0,2224.0,10.9599,67.25
152.819,measure,4928.0,2224.0,10.9599,67.28
152.919,measure,4928.0,2248.0,11.0781,67.50
153.019,measure,4928.0,2248.0,11.0781,67.44
153.120,measure,4928.0,2232.0,10.9993,67.38
153.220,measure,4928.0,2224.0,10.9599,67.47
153.320,measure,4928.0,2224.0,10.9599,67.34
153.420,measure,4928.0,2248.0,11.0781,67.41
153.520,measure,4928.0,2240.0,11.0387,67.53
153.620,measure,4928.0,2224.0,10.9599,67.50
153.720,measure,4928.0,2216.0,10.9204,67.31
153.821,measure,4928.0,2216.0,10.9204,67.47
153.921,measure,4928.0,2248.0,11.0781,67.62
154.021,measure,4928.0,2232.0,10.9993,67.34
154.121,measure,4928.0,2216.0,10.9204,67.66
154.221,measure,4928.0,2208.0,10.8810,67.50
154.321,measure,4928.0,2232.0,10.9993,67.22
154.421,measure,4928.0,2240.0,11.0387,67.28
154.522,measure,4928.0,2224.0,10.9599,67.41
154.622,measure,4928.0,2216.0,10.9204,67.25
154.722,measure,4928.0,2216.0,10.9204,67.31
154.822,measure,4928.0,2248.0,11.0781,67.38
154.922,measure,4928.0,2240.0,11.0387,67.31
155.022,measure,4928.0,2232.0,10.9993,67.41
155.122,measure,4928.0,2224.0,10.9599,67.31
155.223,measure,4928.0,2216.0,10.9204,67.44
155.323,measure,4928.0,2248.0,11.0781,67.56
155.423,measure,4928.0,2240.0,11.0387,67.53
155.523,measure,4928.0,2232.0,10.9993,67.66
155.623,measure,4928.0,2224.0,10.9599,67.59
155.723,measure,4928.0,2248.0,11.0781,67.31
155.823,measure,4928.0,2248.0,11.0781,67.41
155.923,measure,4928.0,2240.0,11.0387,67.62
156.024,measure,4928.0,2224.0,10.9599,67.28
156.124,measure,4928.0,2224.0,10.9599,67.22
156.224,measure,4928.0,2248.0,11.0781,67.38
156.324,measure,4928.0,2240.0,11.0387,67.38
156.424,measure,4928.0,2232.0,10.9993,67.50
156.524,measure,4928.0,2224.0,10.9599,67.31
156.624,measure,4928.0,2216.0,10.9204,67.28
156.725,measure,4928.0,2248.0,11.0781,67.50
156.825,measure,4928.0,2232.0,10.9993,67.44
156.925,measure,4928.0,2224.0,10.9599,67.66
157.025,measure,4928.0,2216.0,10.9204,67.47
157.125,measure,4928.0,2232.0,10.9993,67.50
157.226,measure,4928.0,2240.0,11.0387,67.75
157.326,measure,4928.0,2224.0,10.9599,67.59
157.426,measure,4928.0,2216.0,10.9204,67.34
157.526,measure,4928.0,2216.0,10.9204,67.22
157.626,measure,4928.0,2240.0,11.0387,67.66
157.726,measure,4928.0,2240.0,11.0387,67.41
157.826,measure,4928.0,2232.0,10.9993,67.34
157.927,measure,4928.0,2224.0,10.9599,67.41
158.027,measure,4928.0,2216.0,10.9204,67.22
158.127,measure,4928.0,2248.0,11.0781,67.59
158.227,measure,4928.0,2240.0,11.0387,67.44
158.327,measure,4928.0,2224.0,10.9599,67.44
158.427,measure,4928.0,2224.0,10.9599,67.53
158.528,measure,4928.0,2240.0,11.0387,67.53
158.628,measure,4928.0,2248.0,11.0781,67.72
158.728,measure,4928.0,2240.0,11.0387,67.62
158.828,measure,4928.0,2224.0,10.9599,67.56
158.928,measure,4928.0,2224.0,10.9599,67.31
159.028,measure,4928.0,2256.0,11.1176,67.66
159.129,measure,4928.0,2248.0,11.0781,67.38
159.229,measure,4928.0,2232.0,10.9993,67.38
159.329,measure,4928.0,2224.0,10.9599,67.59
159.429,measure,4928.0,2216.0,10.9204,67.31
159.529,measure,4928.0,2248.0,11.0781,67.44
159.629,measure,4928.0,2240.0,11.0387,67.53
159.729,measure,4928.0,2224.0,10.9599,67.41
159.830,measure,4928.0,2216.0,10.9204,67.41
159.930,measure,4928.0,2224.0,10.9599,67.44
160.030,measure,4928.0,2248.0,11.0781,67.44
160.130,measure,4928.0,2240.0,11.0387,67.66
160.230,measure,4928.0,2224.0,10.9599,67.47
160.330,measure,4928.0,2224.0,10.9599,67.62
160.430,measure,4928.0,2248.0,11.0781,67.69
160.531,measure,4928.0,2248.0,11.0781,67.53
160.631,measure,4928.0,2232.0,10.9993,67.44
160.731,measure,4928.0,2216.0,10.9204,67.72
160.831,measure,4928.0,2216.0,10.9204,67.22
160.931,measure,4928.0,2248.0,11.0781,67.44
161.031,measure,4928.0,2240.0,11.0387,67.75
161.131,measure,4928.0,2224.0,10.9599,67.38
161.232,measure,4928.0,2216.0,10.9204,67.41
161.332,measure,4928.0,2216.0,10.9204,67.34
161.432,measure,4928.0,2248.0,11.0781,67.53
161.532,measure,4928.0,2232.0,10.9993,67.66
161.632,measure,4928.0,2224.0,10.9599,67.50
161.732,measure,4928.0,2224.0,10.9599,67.34
161.832,measure,4928.0,2240.0,11.0387,67.66
161.933,measure,4928.0,2248.0,11.0781,67.66
162.033,measure,4928.0,2232.0,10.9993,67.47
162.133,measure,4928.0,2224.0,10.9599,67.69
162.233,measure,4928.0,2216.0,10.9204,67.44
162.333,measure,4928.0,2248.0,11.0781,67.44
162.434,measure,4928.0,2240.0,11.0387,67.72
162.534,measure,4928.0,2232.0,10.9993,67.62
162.634,measure,4928.0,2224.0,10.9599,67.31
162.734,measure,4928.0,2208.0,10.8810,67.34
162.834,measure,4928.0,2248.0,11.0781,67.47
162.934,measure,4928.0,2232.0,10.9993,67.50
163.035,measure,4928.0,2224.0,10.9599,67.53
163.135,measure,4928.0,2224.0,10.9599,67.47
163.235,measure,4928.0,2232.0,10.9993,67.53
163.335,measure,4928.0,2256.0,11.1176,67.62
163.435,measure,4928.0,2240.0,11.0387,67.41
163.535,measure,4928.0,2232.0,10.9993,67.62
163.636,measure,4928.0,2224.0,10.9599,67.50
163.736,measure,4928.0,2248.0,11.0781,67.50
163.836,measure,4928.0,2248.0,11.0781,67.75
163.936,measure,4928.0,2232.0,10.9993,67.66
164.036,measure,4928.0,2216.0,10.9204,67.44
164.136,measure,4928.0,2208.0,10.8810,67.62
164.236,measure,4928.0,2240.0,11.0387,67.69
164.337,measure,4928.0,2232.0,10.9993,67.53
164.437,measure,4928.0,2224.0,10.9599,67.47
164.537,measure,4928.0,2216.0,10.9204,67.41
164.637,measure,4928.0,2216.0,10.9204,67.34
164.737,measure,4928.0,2248.0,11.0781,67.53
164.837,measure,4928.0,2232.0,10.9993,67.53
164.937,measure,4928.0,2216.0,10.9204,67.75
165.037,measure,4928.0,2216.0,10.9204,67.50
165.138,measure,4928.0,2232.0,10.9993,67.75
165.238,measure,4928.0,2248.0,11.0781,67.72
165.338,measure,4928.0,2232.0,10.9993,67.62
165.438,measure,4928.0,2224.0,10.9599,67.56
165.538,measure,4928.0,2216.0,10.9204,67.62
165.638,measure,4928.0,2248.0,11.0781,67.69
165.738,measure,4928.0,2240.0,11.0387,67.50
165.838,measure,4928.0,2224.0,10.9599,67.44
165.939,measure,4928.0,2216.0,10.9204,67.69
166.039,measure,4928.0,2208.0,10.8810,67.25
166.139,measure,4928.0,2248.0,11.0781,67.62
166.239,measure,4928.0,2232.0,10.9993,67.53
166.339,measure,4928.0,2224.0,10.9599,67.47
166.439,measure,4928.0,2216.0,10.9204,67.59
166.539,measure,4928.0,2232.0,10.9993,67.53
166.640,measure,4928.0,2248.0,11.0781,67.53
166.740,measure,4928.0,2232.0,10.9993,67.66
166.840,measure,4928.0,2216.0,10.9204,67.53
166.940,measure,4928.0,2216.0,10.9204,67.72
167.040,measure,4928.0,2248.0,11.0781,67.75
167.140,measure,4928.0,2240.0,11.0387,67.66
167.240,measure,4928.0,2224.0,10.9599,67.81
167.340,measure,4928.0,2216.0,10.9204,67.69
167.441,measure,4928.0,2208.0,10.8810,67.47
167.541,measure,4928.0,2240.0,11.0387,67.44
167.641,measure,4928.0,2240.0,11.0387,67.72
167.741,measure,4928.0,2224.0,10.9599,67.44
167.841,measure,4928.0,2216.0,10.9204,67.38
167.941,measure,4928.0,2232.0,10.9993,67.88
168.041,measure,4928.0,2248.0,11.0781,67.53
168.141,measure,4928.0,2232.0,10.9993,67.47
168.242,measure,4928.0,2224.0,10.9599,67.56
168.342,measure,4928.0,2216.0,10.9204,67.53
168.442,measure,4928.0,2248.0,11.0781,67.72
168.542,measure,4928.0,2240.0,11.0387,67.66
168.642,measure,4928.0,2224.0,10.9599,67.56
168.742,measure,4928.0,2216.0,10.9204,67.66
168.842,measure,4928.0,2216.0,10.9204,67.50
168.943,measure,4928.0,2248.0,11.0781,67.84
169.043,measure,4928.0,2240.0,11.0387,67.69
169.143,measure,4928.0,2232.0,10.9993,67.66
169.243,measure,4928.0,2216.0,10.9204,67.38
169.343,measure,4928.0,2224.0,10.9599,67.72
169.443,measure,4928.0,2248.0,11.0781,67.59
169.543,measure,4928.0,2240.0,11.0387,67.50
169.643,measure,4928.0,2232.0,10.9993,67.62
169.744,measure,4928.0,2224.0,10.9599,67.41
169.844,measure,4928.0,2240.0,11.0387,67.62
169.944,measure,4928.0,2248.0,11.0781,67.69
170.044,measure,4928.0,2232.0,10.9993,67.59
170.144,measure,4928.0,2224.0,10.9599,67.69
170.244,measure,4928.0,2216.0,10.9204,67.50
170.344,measure,4928.0,2240.0,11.0387,67.72
170.444,measure,4928.0,2240.0,11.0387,67.72
170.545,measure,4928.0,2224.0,10.9599,67.69
170.645,measure,4928.0,2224.0,10.9599,67.56
170.745,measure,4928.0,2224.0,10.9599,67.66
170.845,measure,4928.0,2248.0,11.0781,67.84
170.945,measure,4928.0,2240.0,11.0387,67.56
171.045,measure,4928.0,2232.0,10.9993,67.81
171.145,measure,4928.0,2224.0,10.9599,67.62
171.246,measure,4928.0,2240.0,11.0387,67.53
171.346,measure,4928.0,2248.0,11.0781,67.66
171.446,measure,4928.0,2232.0,10.9993,67.62
171.546,measure,4928.0,2224.0,10.9599,67.47
171.646,measure,4928.0,2224.0,10.9599,67.56
171.746,measure,4928.0,2248.0,11.0781,67.69
171.846,measure,4928.0,2240.0,11.0387,67.59
171.946,measure,4928.0,2232.0,10.9993,67.69
172.047,measure,4928.0,2216.0,10.9204,67.53
172.147,measure,4928.0,2208.0,10.8810,67.62
172.247,measure,4928.0,2248.0,11.0781,67.72
172.347,measure,4928.0,2232.0,10.9993,67.72
172.447,measure,4928.0,2224.0,10.9599,67.78
172.547,measure,4928.0,2216.0,10.9204,67.72
172.647,measure,4928.0,2232.0,10.9993,67.56
172.748,measure,4928.0,2248.0,11.0781,67.94
172.848,measure,4928.0,2232.0,10.9993,67.78
172.948,measure,4928.0,2224.0,10.9599,67.62
173.048,measure,4928.0,2216.0,10.9204,67.50
173.148,measure,4928.0,2240.0,11.0387,67.91
173.248,measure,4928.0,2240.0,11.0387,67.59
173.348,measure,4928.0,2224.0,10.9599,67.72
173.448,measure,4928.0,2216.0,10.9204,67.66
173.549,measure,4928.0,2216.0,10.9204,67.69
173.649,measure,4928.0,2248.0,11.0781,67.72
173.749,measure,4928.0,2240.0,11.0387,67.66
173.849,measure,4928.0,2224.0,10.9599,67.81
173.949,measure,4928.0,2224.0,10.9599,67.72
174.049,measure,4928.0,2232.0,10.9993,67.69
174.149,measure,4928.0,2248.0,11.0781,67.91
174.250,measure,4928.0,2240.0,11.0387,67.84
174.350,measure,4928.0,2224.0,10.9599,67.72
174.450,measure,4928.0,2224.0,10.9599,67.41
174.550,measure,4928.0,2248.0,11.0781,67.81
174.650,measure,4928.0,2240.0,11.0387,67.59
174.750,measure,4928.0,2232.0,10.9993,67.59
174.850,measure,4928.0,2224.0,10.9599,67.75
174.951,measure,4928.0,2216.0,10.9204,67.44
175.051,measure,4928.0,2248.0,11.0781,67.66
175.151,measure,4928.0,2240.0,11.0387,67.69
175.251,measure,4928.0,2232.0,10.9993,67.66
175.351,measure,4928.0,2224.0,10.9599,67.69
175.451,measure,4928.0,2232.0,10.9993,67.62
175.551,measure,4928.0,2248.0,11.0781,67.72
175.652,measure,4928.0,2240.0,11.0387,67.72
175.752,measure,4928.0,2224.0,10.9599,67.62
175.852,measure,4928.0,2224.0,10.9599,67.88
175.952,measure,4928.0,2248.0,11.0781,67.84
176.052,measure,4928.0,2248.0,11.0781,67.78
176.152,measure,4928.0,2232.0,10.9993,67.56
176.252,measure,4928.0,2216.0,10.9204,67.88
176.352,measure,4928.0,2208.0,10.8810,67.44
176.453,measure,4928.0,2240.0,11.0387,67.62
176.553,measure,4928.0,2232.0,10.9993,67.66
176.653,measure,4928.0,2224.0,10.9599,67.59
176.753,measure,4928.0,2216.0,10.9204,67.56
176.853,measure,4928.0,2224.0,10.9599,67.59
176.953,measure,4928.0,2248.0,11.0781,67.59
177.053,measure,4928.0,2232.0,10.9993,67.81
177.154,measure,4928.0,2224.0,10.9599,67.72
177.254,measure,4928.0,2216.0,10.9204,67.56
177.354,measure,4928.0,2240.0,11.0387,67.81
177.454,measure,4928.0,2248.0,11.0781,67.75
177.554,measure,4928.0,2232.0,10.9993,67.59
177.654,measure,4928.0,2224.0,10.9599,67.88
177.754,measure,4928.0,2216.0,10.9204,67.69
177.854,measure,4928.0,2248.0,11.0781,67.59
177.955,measure,4928.0,2240.0,11.0387,67.94
178.055,measure,4928.0,2232.0,10.9993,67.66
178.155,measure,4928.0,2224.0,10.9599,67.59
178.255,measure,4928.0,2216.0,10.9204,67.44
178.355,measure,4928.0,2248.0,11.0781,67.62
178.455,measure,4928.0,2232.0,10.9993,67.59
178.555,measure,4928.0,2224.0,10.9599,67.72
178.656,measure,4928.0,2216.0,10.9204,67.53
178.756,measure,4928.0,2240.0,11.0387,67.62
178.856,measure,4928.0,2240.0,11.0387,67.78
178.956,measure,4928.0,2224.0,10.9599,67.91
179.056,measure,4928.0,2216.0,10.9204,67.81
179.156,measure,4928.0,2208.0,10.8810,67.69
179.256,measure,4928.0,2240.0,11.0387,67.75
179.356,measure,4928.0,2232.0,10.9993,68.00
179.457,measure,4928.0,2224.0,10.9599,67.81
179.557,measure,4928.0,2216.0,10.9204,67.53
179.657,measure,4928.0,2216.0,10.9204,67.81
179.757,measure,4928.0,2248.0,11.0781,67.91
179.857,measure,4928.0,2232.0,10.9993,67.69
179.957,measure,4928.0,2224.0,10.9599,67.66
180.057,measure,4928.0,2216.0,10.9204,67.59
180.158,measure,4928.0,2240.0,11.0387,67.66
180.258,measure,4928.0,2248.0,11.0781,67.84
180.358,measure,4928.0,2232.0,10.9993,67.72
180.458,measure,4928.0,2224.0,10.9599,67.62
180.558,measure,4928.0,2216.0,10.9204,67.75
180.658,measure,4928.0,2248.0,11.0781,67.75
180.758,measure,4928.0,2240.0,11.0387,67.91
180.859,measure,4928.0,2232.0,10.9993,67.78
180.959,measure,4928.0,2224.0,10.9599,67.72
181.059,measure,4928.0,2216.0,10.9204,67.69
181.159,measure,4928.0,2248.0,11.0781,67.94
181.259,measure,4928.0,2240.0,11.0387,67.69
181.359,measure,4928.0,2224.0,10.9599,67.59
181.459,measure,4928.0,2216.0,10.9204,67.88
181.559,measure,4928.0,2232.0,10.9993,67.69
181.660,measure,4928.0,2248.0,11.0781,67.69
181.760,measure,4928.0,2232.0,10.9993,67.69
181.860,measure,4928.0,2224.0,10.9599,67.69
181.960,measure,4928.0,2216.0,10.9204,67.66
182.060,measure,4928.0,2248.0,11.0781,67.81
182.160,measure,4928.0,2240.0,11.0387,67.72
182.260,measure,4928.0,2224.0,10.9599,67.72
182.361,measure,4928.0,2216.0,10.9204,67.72
182.461,measure,4928.0,2216.0,10.9204,67.78
182.561,measure,4928.0,2248.0,11.0781,67.84
182.661,measure,4928.0,2232.0,10.9993,67.72
182.761,measure,4928.0,2224.0,10.9599,67.94
182.861,measure,4928.0,2216.0,10.9204,67.75
182.961,measure,4928.0,2232.0,10.9993,67.81
183.062,measure,4928.0,2248.0,11.0781,67.69
183.162,measure,4928.0,2232.0,10.9993,68.00
183.262,measure,4928.0,2216.0,10.9204,67.69
183.362,measure,4928.0,2208.0,10.8810,67.62
183.462,measure,4928.0,2240.0,11.0387,67.97
183.562,measure,4928.0,2232.0,10.9993,67.66
183.662,measure,4928.0,2216.0,10.9204,67.72
183.763,measure,4928.0,2216.0,10.9204,67.72
183.863,measure,4928.0,2208.0,10.8810,67.56
183.963,measure,4928.0,2240.0,11.0387,67.81
184.063,measure,4928.0,2232.0,10.9993,67.88
184.163,measure,4928.0,2232.0,10.9993,67.72
184.263,measure,4928.0,2224.0,10.9599,67.88
184.363,measure,4928.0,2224.0,10.9599,67.66
184.463,measure,4928.0,2256.0,11.1176,67.72
184.564,measure,4928.0,2248.0,11.0781,68.03
184.664,measure,4928.0,2232.0,10.9993,67.88
184.764,measure,4928.0,2232.0,10.9993,67.62
184.864,measure,4928.0,2240.0,11.0387,67.97
184.965,measure,4928.0,2256.0,11.1176,67.69
185.065,measure,4928.0,2240.0,11.0387,67.72
185.165,measure,4928.0,2224.0,10.9599,67.81
185.265,measure,4928.0,2224.0,10.9599,67.69
185.365,measure,4928.0,2248.0,11.0781,67.88
185.465,measure,4928.0,2248.0,11.0781,67.72
185.565,measure,4928.0,2232.0,10.9993,67.81
185.666,measure,4928.0,2232.0,10.9993,67.84
185.766,measure,4928.0,2224.0,10.9599,67.66
185.866,measure,4928.0,2256.0,11.1176,67.81
185.966,measure,4928.0,2248.0,11.0781,67.94
186.066,measure,4928.0,2240.0,11.0387,67.81
186.166,measure,4928.0,2232.0,10.9993,67.59
186.266,measure,4928.0,2232.0,10.9993,67.78
186.367,measure,4928.0,2256.0,11.1176,67.97
186.467,measure,4928.0,2248.0,11.0781,67.69
186.567,measure,4928.0,2232.0,10.9993,68.06
186.667,measure,4928.0,2224.0,10.9599,67.72
186.767,measure,4928.0,2248.0,11.0781,67.75
186.867,measure,4928.0,2248.0,11.0781,67.88
186.967,measure,4928.0,2232.0,10.9993,67.72
187.068,measure,4928.0,2224.0,10.9599,67.69
187.168,measure,4928.0,2224.0,10.9599,67.72
187.268,measure,4928.0,2248.0,11.0781,67.81
187.368,measure,4928.0,2240.0,11.0387,67.94
187.468,measure,4928.0,2232.0,10.9993,67.81
187.568,measure,4928.0,2224.0,10.9599,67.75
187.668,measure,4928.0,2216.0,10.9204,67.78
187.769,measure,4928.0,2248.0,11.0781,67.94
187.869,measure,4928.0,2240.0,11.0387,67.81
187.969,measure,4928.0,2224.0,10.9599,67.97
188.069,measure,4928.0,2224.0,10.9599,67.78
188.169,measure,4928.0,2232.0,10.9993,67.62
188.269,measure,4928.0,2256.0,11.1176,67.75
188.369,measure,4928.0,2240.0,11.0387,67.72
188.470,measure,4928.0,2232.0,10.9993,67.69
188.570,measure,4928.0,2224.0,10.9599,67.78
188.670,measure,4928.0,2248.0,11.0781,67.88
188.770,measure,4928.0,2248.0,11.0781,67.97
188.870,measure,4928.0,2232.0,10.9993,67.78
188.970,measure,4928.0,2224.0,10.9599,67.84
189.070,measure,4928.0,2216.0,10.9204,67.62
189.170,measure,4928.0,2256.0,11.1176,67.88
189.271,measure,4928.0,2240.0,11.0387,67.81
189.371,measure,4928.0,2232.0,10.9993,68.00
189.471,measure,4928.0,2224.0,10.9599,67.88
189.571,measure,4928.0,2224.0,10.9599,67.72
189.671,measure,4928.0,2248.0,11.0781,68.09
189.771,measure,4928.0,2240.0,11.0387,68.00
189.871,measure,4928.0,2224.0,10.9599,67.72
189.972,measure,4928.0,2224.0,10.9599,67.62
190.072,measure,4928.0,2248.0,11.0781,68.06
190.172,measure,4928.0,2248.0,11.0781,67.81
190.272,measure,4928.0,2232.0,10.9993,67.75
190.372,measure,4928.0,2224.0,10.9599,67.78
190.472,measure,4928.0,2224.0,10.9599,67.72
190.572,measure,4928.0,2248.0,11.0781,67.94
190.672,measure,4928.0,2240.0,11.0387,67.84
190.773,measure,4928.0,2232.0,10.9993,67.78
190.873,measure,4928.0,2224.0,10.9599,67.81
190.973,measure,4928.0,2216.0,10.9204,67.72
191.073,measure,4928.0,2248.0,11.0781,68.09
191.173,measure,4928.0,2240.0,11.0387,67.97
191.273,measure,4928.0,2232.0,10.9993,67.81
191.373,measure,4928.0,2224.0,10.9599,68.06
191.473,measure,4928.0,2240.0,11.0387,68.06
191.574,measure,4928.0,2248.0,11.0781,67.88
191.674,measure,4928.0,2240.0,11.0387,67.72
191.774,measure,4928.0,2224.0,10.9599,68.09
191.874,measure,4928.0,2224.0,10.9599,67.72
191.974,measure,4928.0,2248.0,11.0781,67.78
192.074,measure,4928.0,2240.0,11.0387,67.88
192.174,measure,4928.0,2232.0,10.9993,67.78
192.275,measure,4928.0,2224.0,10.9599,67.72
192.375,measure,4928.0,2216.0,10.9204,67.72
192.475,measure,4928.0,2248.0,11.0781,67.91
192.575,measure,4928.0,2240.0,11.0387,67.91
192.675,measure,4928.0,2232.0,10.9993,67.84
192.775,measure,4928.0,2224.0,10.9599,68.12
192.875,measure,4928.0,2232.0,10.9993,67.91
192.975,measure,4928.0,2248.0,11.0781,67.94
193.076,measure,4928.0,2240.0,11.0387,67.72
193.176,measure,4928.0,2232.0,10.9993,68.06
193.276,measure,4928.0,2232.0,10.9993,67.91
193.376,measure,4928.0,2256.0,11.1176,67.78
193.476,measure,4928.0,2248.0,11.0781,68.19
193.576,measure,4928.0,2240.0,11.0387,67.78
193.676,measure,4928.0,2224.0,10.9599,67.78
193.777,measure,4928.0,2216.0,10.9204,67.75
193.877,measure,4928.0,2248.0,11.0781,67.81
193.977,measure,4928.0,2240.0,11.0387,67.91
194.077,measure,4928.0,2224.0,10.9599,67.91
194.177,measure,4928.0,2216.0,10.9204,67.75
194.277,measure,4928.0,2224.0,10.9599,67.81
194.377,measure,4928.0,2248.0,11.0781,67.97
194.477,measure,4928.0,2240.0,11.0387,67.94
194.578,measure,4928.0,2232.0,10.9993,68.03
194.678,measure,4928.0,2224.0,10.9599,67.88
194.778,measure,4928.0,2248.0,11.0781,67.94
194.878,measure,4928.0,2248.0,11.0781,68.09
194.978,measure,4928.0,2232.0,10.9993,67.97
195.078,measure,4928.0,2224.0,10.9599,67.72
195.178,measure,4928.0,2216.0,10.9204,68.06
195.278,measure,4928.0,2248.0,11.0781,68.00
195.379,measure,4928.0,2240.0,11.0387,67.84
195.479,measure,4928.0,2224.0,10.9599,67.72
195.579,measure,4928.0,2224.0,10.9599,67.72
195.679,measure,4928.0,2216.0,10.9204,67.78
195.779,measure,4928.0,2248.0,11.0781,67.94
195.879,measure,4928.0,2240.0,11.0387,67.84
195.979,measure,4928.0,2224.0,10.9599,67.81
196.079,measure,4928.0,2224.0,10.9599,67.94
196.180,measure,4928.0,2240.0,11.0387,67.88
196.280,measure,4928.0,2248.0,11.0781,68.12
196.380,measure,4928.0,2232.0,10.9993,68.00
196.480,measure,4928.0,2224.0,10.9599,67.88
196.580,measure,4928.0,2216.0,10.9204,68.00
196.680,measure,4928.0,2248.0,11.0781,68.09
196.780,measure,4928.0,2240.0,11.0387,67.81
196.881,measure,4928.0,2232.0,10.9993,67.81
196.981,measure,4928.0,2216.0,10.9204,68.09
197.081,measure,4928.0,2216.0,10.9204,67.72
197.181,measure,4928.0,2248.0,11.0781,67.88
197.281,measure,4928.0,2240.0,11.0387,67.88
197.381,measure,4928.0,2224.0,10.9599,67.78
197.481,measure,4928.0,2224.0,10.9599,67.84
197.581,measure,4928.0,2240.0,11.0387,67.91
197.682,measure,4928.0,2248.0,11.0781,67.91
197.782,measure,4928.0,2240.0,11.0387,67.94
197.882,measure,4928.0,2232.0,10.9993,67.84
197.982,measure,4928.0,2224.0,10.9599,68.00
198.082,measure,4928.0,2248.0,11.0781,68.06
198.182,measure,4928.0,2240.0,11.0387,68.00
198.282,measure,4928.0,2232.0,10.9993,68.22
198.383,measure,4928.0,2224.0,10.9599,68.00
198.483,measure,4928.0,2216.0,10.9204,67.84
198.583,measure,4928.0,2248.0,11.0781,67.84
198.683,measure,4928.0,2240.0,11.0387,68.12
198.783,measure,4928.0,2224.0,10.9599,67.84
198.883,measure,4928.0,2224.0,10.9599,67.72
198.984,measure,4928.0,2232.0,10.9993,68.19
199.084,measure,4928.0,2248.0,11.0781,67.84
199.184,measure,4928.0,2240.0,11.0387,68.03
199.284,measure,4928.0,2224.0,10.9599,67.91
199.384,measure,4928.0,2224.0,10.9599,67.81
199.484,measure,4928.0,2256.0,11.1176,68.03
199.584,measure,4928.0,2248.0,11.0781,68.00
199.685,measure,4928.0,2232.0,10.9993,68.22
199.785,measure,4928.0,2224.0,10.9599,68.00
199.885,measure,4928.0,2216.0,10.9204,67.81
199.985,measure,4928.0,2248.0,11.0781,67.81
200.085,measure,4928.0,2232.0,10.9993,68.16
200.185,measure,4928.0,2224.0,10.9599,67.97
200.285,measure,4928.0,2224.0,10.9599,67.72
200.385,measure,4928.0,2232.0,10.9993,68.16
200.486,measure,4928.0,2248.0,11.0781,67.88
200.586,measure,4928.0,2240.0,11.0387,67.81
200.686,measure,4928.0,2232.0,10.9993,67.97
200.786,measure,4928.0,2224.0,10.9599,67.81
200.886,measure,4928.0,2248.0,11.0781,68.00
200.986,measure,4928.0,2248.0,11.0781,68.03
201.086,measure,4928.0,2232.0,10.9993,67.78
201.187,measure,4928.0,2224.0,10.9599,68.06
201.287,measure,4928.0,2224.0,10.9599,67.81
201.387,measure,4928.0,2248.0,11.0781,68.03
201.487,measure,4928.0,2240.0,11.0387,68.16
201.587,measure,4928.0,2232.0,10.9993,68.03
201.687,measure,4928.0,2224.0,10.9599,67.91
201.787,measure,4928.0,2224.0,10.9599,68.06
201.887,measure,4928.0,2248.0,11.0781,68.06
201.988,measure,4928.0,2240.0,11.0387,67.78
202.088,measure,4928.0,2224.0,10.9599,68.19
202.188,measure,4928.0,2224.0,10.9599,68.00
202.288,measure,4928.0,2240.0,11.0387,67.84
202.388,measure,4928.0,2248.0,11.0781,67.88
202.488,measure,4928.0,2240.0,11.0387,67.94
202.588,measure,4928.0,2224.0,10.9599,67.84
202.688,measure,4928.0,2216.0,10.9204,68.00
202.789,measure,4928.0,2248.0,11.0781,67.94
202.889,measure,4928.0,2240.0,11.0387,67.97
202.989,measure,4928.0,2232.0,10.9993,68.00
203.089,measure,4928.0,2224.0,10.9599,67.88
203.189,measure,4928.0,2216.0,10.9204,67.97
203.289,measure,4928.0,2248.0,11.0781,68.03
203.389,measure,4928.0,2240.0,11.0387,67.97
203.490,measure,4928.0,2224.0,10.9599,68.28
203.590,measure,4928.0,2224.0,10.9599,68.00
203.690,measure,4928.0,2240.0,11.0387,67.81
203.790,measure,4928.0,2248.0,11.0781,67.88
203.890,measure,4928.0,2240.0,11.0387,68.12
203.990,measure,4928.0,2224.0,10.9599,67.88
204.090,measure,4928.0,2224.0,10.9599,67.81
204.190,measure,4928.0,2248.0,11.0781,67.97
204.291,measure,4928.0,2240.0,11.0387,67.84
204.391,measure,4928.0,2232.0,10.9993,67.94
204.491,measure,4928.0,2224.0,10.9599,67.94
204.591,measure,4928.0,2216.0,10.9204,67.72
204.691,measure,4928.0,2248.0,11.0781,68.06
204.791,measure,4928.0,2240.0,11.0387,68.03
204.891,measure,4928.0,2232.0,10.9993,68.16
204.991,measure,4928.0,2224.0,10.9599,67.97
205.092,measure,4928.0,2232.0,10.9993,67.97
205.192,measure,4928.0,2256.0,11.1176,68.22
205.292,measure,4928.0,2240.0,11.0387,68.16
205.392,measure,4928.0,2232.0,10.9993,68.12
205.492,measure,4928.0,2232.0,10.9993,67.78
205.592,measure,4928.0,2256.0,11.1176,68.25
205.692,measure,4928.0,2248.0,11.0781,67.94
205.793,measure,4928.0,2232.0,10.9993,67.91
205.893,measure,4928.0,2224.0,10.9599,68.25
205.993,measure,4928.0,2224.0,10.9599,67.78
206.093,measure,4928.0,2248.0,11.0781,67.94
206.193,measure,4928.0,2240.0,11.0387,68.00
206.293,measure,4928.0,2232.0,10.9993,67.94
206.393,measure,4928.0,2216.0,10.9204,68.06
206.493,measure,4928.0,2224.0,10.9599,67.97
206.594,measure,4928.0,2248.0,11.0781,68.00
206.694,measure,4928.0,2240.0,11.0387,68.16
206.794,measure,4928.0,2224.0,10.9599,67.97
206.894,measure,4928.0,2216.0,10.9204,67.91
206.994,measure,4928.0,2240.0,11.0387,68.25
207.094,measure,4928.0,2248.0,11.0781,68.06
207.194,measure,4928.0,2232.0,10.9993,67.94
207.295,measure,4928.0,2224.0,10.9599,68.19
207.395,measure,4928.0,2216.0,10.9204,67.84
207.495,measure,4928.0,2248.0,11.0781,67.97
207.595,measure,4928.0,2240.0,11.0387,67.94
207.695,measure,4928.0,2232.0,10.9993,67.97
207.795,measure,4928.0,2224.0,10.9599,67.78
207.895,measure,4928.0,2216.0,10.9204,67.84
207.995,measure,4928.0,2248.0,11.0781,67.97
208.096,measure,4928.0,2240.0,11.0387,67.94
208.196,measure,4928.0,2232.0,10.9993,68.03
208.296,measure,4928.0,2224.0,10.9599,67.91
208.396,measure,4928.0,2240.0,11.0387,68.19
208.496,measure,4928.0,2248.0,11.0781,68.06
208.596,measure,4928.0,2232.0,10.9993,68.00
208.696,measure,4928.0,2224.0,10.9599,68.19
208.797,measure,4928.0,2216.0,10.9204,68.06
208.897,measure,4928.0,2248.0,11.0781,67.94
208.997,measure,4928.0,2240.0,11.0387,68.25
209.097,measure,4928.0,2224.0,10.9599,68.19
209.197,measure,4928.0,2216.0,10.9204,67.81
209.297,measure,4928.0,2208.0,10.8810,67.94
209.397,measure,4928.0,2248.0,11.0781,68.00
209.498,measure,4928.0,2232.0,10.9993,67.97
209.598,measure,4928.0,2224.0,10.9599,68.00
209.698,measure,4928.0,2224.0,10.9599,67.94
209.798,measure,4928.0,2240.0,11.0387,68.00
209.898,measure,4928.0,2248.0,11.0781,68.12
209.998,measure,4928.0,2232.0,10.9993,68.06
210.098,measure,4928.0,2224.0,10.9599,68.22
210.198,measure,4928.0,2216.0,10.9204,67.97
210.299,measure,4928.0,2248.0,11.0781,68.12
210.399,measure,4928.0,2240.0,11.0387,68.34
210.499,measure,4928.0,2232.0,10.9993,68.06
210.599,measure,4928.0,2224.0,10.9599,68.06
210.699,measure,4928.0,2216.0,10.9204,67.72
210.799,measure,4928.0,2248.0,11.0781,68.22
210.899,measure,4928.0,2240.0,11.0387,68.00
210.999,measure,4928.0,2232.0,10.9993,67.94
211.100,measure,4928.0,2224.0,10.9599,67.97
211.200,measure,4928.0,2240.0,11.0387,67.91
211.300,measure,4928.0,2248.0,11.0781,68.09
211.400,measure,4928.0,2232.0,10.9993,67.94
211.500,measure,4928.0,2224.0,10.9599,68.00
211.600,measure,4928.0,2216.0,10.9204,68.00
211.700,measure,4928.0,2248.0,11.0781,68.19
211.801,measure,4928.0,2240.0,11.0387,68.28
211.901,measure,4928.0,2232.0,10.9993,68.19
212.001,measure,4928.0,2216.0,10.9204,68.03
212.101,measure,4928.0,2208.0,10.8810,68.12
212.201,measure,4928.0,2240.0,11.0387,68.22
212.301,measure,4928.0,2232.0,10.9993,68.06
212.401,measure,4928.0,2216.0,10.9204,67.91
212.501,measure,4928.0,2216.0,10.9204,68.12
212.602,measure,4928.0,2232.0,10.9993,67.97
212.702,measure,4928.0,2248.0,11.0781,68.03
212.802,measure,4928.0,2240.0,11.0387,68.31
212.902,measure,4928.0,2232.0,10.9993,67.97
213.002,measure,4928.0,2224.0,10.9599,68.03
213.102,measure,4928.0,2248.0,11.0781,68.12
213.202,measure,4928.0,2248.0,11.0781,68.06
213.303,measure,4928.0,2232.0,10.9993,68.16
213.403,measure,4928.0,2224.0,10.9599,68.12
213.503,measure,4928.0,2216.0,10.9204,67.94
213.603,measure,4928.0,2248.0,11.0781,68.19
213.703,measure,4928.0,2240.0,11.0387,68.16
213.803,measure,4928.0,2224.0,10.9599,68.34
213.903,measure,4928.0,2224.0,10.9599,68.22
214.003,measure,4928.0,2224.0,10.9599,68.06
214.104,measure,4928.0,2248.0,11.0781,67.97
214.204,measure,4928.0,2240.0,11.0387,68.25
214.304,measure,4928.0,2232.0,10.9993,67.94
214.404,measure,4928.0,2224.0,10.9599,67.88
214.504,measure,4928.0,2240.0,11.0387,68.00
214.604,measure,4928.0,2248.0,11.0781,68.00
214.704,measure,4928.0,2232.0,10.9993,67.97
214.804,measure,4928.0,2224.0,10.9599,68.06
214.905,measure,4928.0,2216.0,10.9204,67.91
215.005,measure,4928.0,2248.0,11.0781,68.22
215.105,measure,4928.0,2240.0,11.0387,68.12
215.205,measure,4928.0,2232.0,10.9993,68.03
215.305,measure,4928.0,2224.0,10.9599,68.19
215.405,measure,4928.0,2216.0,10.9204,67.97
215.505,measure,4928.0,2248.0,11.0781,68.03
215.605,measure,4928.0,2240.0,11.0387,68.31
215.706,measure,4928.0,2232.0,10.9993,68.22
215.806,measure,4928.0,2224.0,10.9599,67.97
215.906,measure,4928.0,2240.0,11.0387,68.28
216.006,measure,4928.0,2248.0,11.0781,68.22
216.106,measure,4928.0,2240.0,11.0387,67.97
216.206,measure,4928.0,2232.0,10.9993,68.00
216.306,measure,4928.0,2224.0,10.9599,68.00
216.407,measure,4928.0,2256.0,11.1176,68.06
216.507,measure,4928.0,2248.0,11.0781,68.16
216.607,measure,4928.0,2232.0,10.9993,68.09
216.707,measure,4928.0,2224.0,10.9599,67.97
216.807,measure,4928.0,2216.0,10.9204,67.94
216.907,measure,4928.0,2248.0,11.0781,68.19
217.007,measure,4928.0,2240.0,11.0387,68.34
217.107,measure,4928.0,2232.0,10.9993,68.12
217.208,measure,4928.0,2224.0,10.9599,68.03
217.308,measure,4928.0,2232.0,10.9993,68.28
217.408,measure,4928.0,2248.0,11.0781,68.28
217.508,measure,4928.0,2232.0,10.9993,68.16
217.608,measure,4928.0,2224.0,10.9599,68.31
217.708,measure,4928.0,2216.0,10.9204,68.16
217.808,measure,4928.0,2248.0,11.0781,68.09
217.908,measure,4928.0,2240.0,11.0387,68.03
218.009,measure,4928.0,2224.0,10.9599,68.34
218.109,measure,4928.0,2216.0,10.9204,68.06
218.209,measure,4928.0,2216.0,10.9204,67.88
218.309,measure,4928.0,2248.0,11.0781,68.09
218.409,measure,4928.0,2240.0,11.0387,68.12
218.509,measure,4928.0,2224.0,10.9599,68.19
218.609,measure,4928.0,2224.0,10.9599,68.09
218.709,measure,4928.0,2232.0,10.9993,68.06
218.810,measure,4928.0,2256.0,11.1176,68.22
218.910,measure,4928.0,2240.0,11.0387,68.19
219.010,measure,4928.0,2224.0,10.9599,68.31
219.110,measure,4928.0,2216.0,10.9204,68.12
219.210,measure,4928.0,2248.0,11.0781,68.25
219.310,measure,4928.0,2240.0,11.0387,68.09
219.410,measure,4928.0,2224.0,10.9599,68.28
219.510,measure,4928.0,2216.0,10.9204,68.19
219.611,measure,4928.0,2208.0,10.8810,67.91
219.711,measure,4928.0,2248.0,11.0781,68.34
219.811,measure,4928.0,2232.0,10.9993,68.09
219.911,measure,4928.0,2224.0,10.9599,68.03
220.011,measure,4928.0,2216.0,10.9204,68.03
220.111,measure,4928.0,2224.0,10.9599,68.03
220.211,measure,4928.0,2248.0,11.0781,68.25
220.311,measure,4928.0,2232.0,10.9993,68.22
220.412,measure,4928.0,2224.0,10.9599,68.06
220.512,measure,4928.0,2216.0,10.9204,68.12
220.612,measure,4928.0,2248.0,11.0781,68.16
220.712,measure,4928.0,2240.0,11.0387,68.38
220.812,measure,4928.0,2224.0,10.9599,68.31
220.912,measure,4928.0,2216.0,10.9204,68.19
221.012,measure,4928.0,2216.0,10.9204,67.94
221.113,measure,4928.0,2248.0,11.0781,68.34
221.213,measure,4928.0,2240.0,11.0387,68.03
221.313,measure,4928.0,2224.0,10.9599,68.06
221.413,measure,4928.0,2224.0,10.9599,68.31
221.513,measure,4928.0,2224.0,10.9599,68.06
221.613,measure,4928.0,2248.0,11.0781,68.09
221.713,measure,4928.0,2232.0,10.9993,68.19
221.813,measure,4928.0,2224.0,10.9599,68.16
221.914,measure,4928.0,2216.0,10.9204,67.97
222.014,measure,4928.0,2248.0,11.0781,68.22
222.114,measure,4928.0,2248.0,11.0781,68.12
222.214,measure,4928.0,2232.0,10.9993,68.28
222.314,measure,4928.0,2224.0,10.9599,68.12
222.414,measure,4928.0,2216.0,10.9204,68.00
222.514,measure,4928.0,2256.0,11.1176,68.34
222.614,measure,4928.0,2248.0,11.0781,68.31
222.715,measure,4928.0,2232.0,10.9993,68.03
222.815,measure,4928.0,2224.0,10.9599,68.34
222.915,measure,4928.0,2224.0,10.9599,68.19
223.015,measure,4928.0,2256.0,11.1176,68.12
223.115,measure,4928.0,2240.0,11.0387,68.06
223.215,measure,4928.0,2232.0,10.9993,68.34
223.315,measure,4928.0,2232.0,10.9993,67.97
223.416,measure,4928.0,2248.0,11.0781,68.16
223.516,measure,4928.0,2248.0,11.0781,68.16
223.616,measure,4928.0,2232.0,10.9993,68.09
223.716,measure,4928.0,2224.0,10.9599,68.12
223.816,measure,4928.0,2224.0,10.9599,68.03
223.916,measure,4928.0,2256.0,11.1176,68.12
224.016,measure,4928.0,2248.0,11.0781,68.31
224.116,measure,4928.0,2232.0,10.9993,68.12
224.217,measure,4928.0,2232.0,10.9993,68.28
224.317,measure,4928.0,2224.0,10.9599,68.12
224.417,measure,4928.0,2256.0,11.1176,68.19
224.517,measure,4928.0,2240.0,11.0387,68.34
224.617,measure,4928.0,2232.0,10.9993,68.34
224.717,measure,4928.0,2224.0,10.9599,67.97
224.817,measure,4928.0,2240.0,11.0387,68.09
224.918,measure,4928.0,2256.0,11.1176,68.47
225.018,measure,4928.0,2240.0,11.0387,68.16
225.118,measure,4928.0,2232.0,10.9993,68.03
225.218,measure,4928.0,2224.0,10.9599,68.00
225.318,measure,4928.0,2256.0,11.1176,68.19
225.418,measure,4928.0,2248.0,11.0781,68.28
225.518,measure,4928.0,2232.0,10.9993,68.19
225.618,measure,4928.0,2224.0,10.9599,68.09
225.719,measure,4928.0,2208.0,10.8810,68.06
225.819,measure,4928.0,2248.0,11.0781,68.22
225.919,measure,4928.0,2232.0,10.9993,68.41
226.019,measure,4928.0,2224.0,10.9599,68.38
226.119,measure,4928.0,2224.0,10.9599,68.19
226.219,measure,4928.0,2232.0,10.9993,68.03
226.320,measure,4928.0,2248.0,11.0781,68.44
226.420,measure,4928.0,2232.0,10.9993,68.06
226.520,measure,4928.0,2224.0,10.9599,68.06
226.620,measure,4928.0,2216.0,10.9204,68.31
226.720,measure,4928.0,2248.0,11.0781,68.22
226.820,measure,4928.0,2240.0,11.0387,68.06
226.920,measure,4928.0,2224.0,10.9599,68.19
227.020,measure,4928.0,2224.0,10.9599,68.09
227.121,measure,4928.0,2216.0,10.9204,68.12
227.221,measure,4928.0,2248.0,11.0781,68.22
227.321,measure,4928.0,2240.0,11.0387,68.22
227.421,measure,4928.0,2224.0,10.9599,68.28
227.521,measure,4928.0,2224.0,10.9599,68.12
227.621,measure,4928.0,2240.0,11.0387,68.44
227.721,measure,4928.0,2248.0,11.0781,68.38
227.822,measure,4928.0,2232.0,10.9993,68.22
227.922,measure,4928.0,2224.0,10.9599,68.09
228.022,measure,4928.0,2224.0,10.9599,68.31
228.122,measure,4928.0,2248.0,11.0781,68.28
228.222,measure,4928.0,2240.0,11.0387,68.09
228.322,measure,4928.0,2224.0,10.9599,68.41
228.422,measure,4928.0,2216.0,10.9204,68.09
228.522,measure,4928.0,2208.0,10.8810,68.06
228.623,measure,4928.0,2240.0,11.0387,68.22
228.723,measure,4928.0,2232.0,10.9993,68.16
228.823,measure,4928.0,2224.0,10.9599,68.12
228.923,measure,4928.0,2224.0,10.9599,68.16
229.023,measure,4928.0,2240.0,11.0387,68.22
229.123,measure,4928.0,2248.0,11.0781,68.38
229.223,measure,4928.0,2232.0,10.9993,68.25
229.324,measure,4928.0,2224.0,10.9599,68.16
229.424,measure,4928.0,2216.0,10.9204,68.28
229.524,measure,4928.0,2248.0,11.0781,68.34
229.624,measure,4928.0,2240.0,11.0387,68.19
229.724,measure,4928.0,2232.0,10.9993,68.44
229.824,measure,4928.0,2216.0,10.9204,68.22
229.924,measure,4928.0,2208.0,10.8810,67.97
230.024,measure,4928.0,2248.0,11.0781,68.16
230.125,measure,4928.0,2232.0,10.9993,68.38
230.225,measure,4928.0,2224.0,10.9599,68.12
230.325,measure,4928.0,2224.0,10.9599,67.97
230.425,measure,4928.0,2240.0,11.0387,68.16
230.525,measure,4928.0,2248.0,11.0781,68.25
230.625,measure,4928.0,2232.0,10.9993,68.25
230.725,measure,4928.0,2232.0,10.9993,68.19
230.825,measure,4928.0,2224.0,10.9599,68.25
230.926,measure,4928.0,2256.0,11.1176,68.28
231.026,measure,4928.0,2248.0,11.0781,68.25
231.126,measure,4928.0,2232.0,10.9993,68.47
231.226,measure,4928.0,2224.0,10.9599,68.31
231.326,measure,4928.0,2216.0,10.9204,68.09
231.426,measure,4928.0,2248.0,11.0781,68.50
231.526,measure,4928.0,2240.0,11.0387,68.41
231.626,measure,4928.0,2232.0,10.9993,68.19
231.727,measure,4928.0,2224.0,10.9599,68.03
231.827,measure,4928.0,2232.0,10.9993,68.47
231.927,measure,4928.0,2248.0,11.0781,68.22
232.027,measure,4928.0,2240.0,11.0387,68.16
232.127,measure,4928.0,2224.0,10.9599,68.19
232.227,measure,4928.0,2224.0,10.9599,68.09
232.327,measure,4928.0,2248.0,11.0781,68.28
232.428,measure,4928.0,2240.0,11.0387,68.19
232.528,measure,4928.0,2232.0,10.9993,68.19
232.628,measure,4928.0,2224.0,10.9599,68.25
232.728,measure,4928.0,2216.0,10.9204,68.19
232.828,measure,4928.0,2248.0,11.0781,68.53
232.928,measure,4928.0,2240.0,11.0387,68.47
233.028,measure,4928.0,2224.0,10.9599,68.22
233.128,measure,4928.0,2224.0,10.9599,68.09
233.229,measure,4928.0,2232.0,10.9993,68.34
233.329,measure,4928.0,2248.0,11.0781,68.34
233.429,measure,4928.0,2232.0,10.9993,68.16
233.529,measure,4928.0,2224.0,10.9599,68.44
233.629,measure,4928.0,2224.0,10.9599,68.09
233.729,measure,4928.0,2248.0,11.0781,68.19
233.829,measure,4928.0,2240.0,11.0387,68.28
233.930,measure,4928.0,2232.0,10.9993,68.19
234.030,measure,4928.0,2224.0,10.9599,68.16
234.130,measure,4928.0,2216.0,10.9204,68.09
234.230,measure,4928.0,2256.0,11.1176,68.25
234.330,measure,4928.0,2240.0,11.0387,68.38
234.430,measure,4928.0,2232.0,10.9993,68.22
234.530,measure,4928.0,2224.0,10.9599,68.16
234.631,measure,4928.0,2232.0,10.9993,68.34
234.731,measure,4928.0,2256.0,11.1176,68.34
234.831,measure,4928.0,2240.0,11.0387,68.19
234.931,measure,4928.0,2232.0,10.9993,68.44
235.031,measure,4928.0,2232.0,10.9993,68.25
235.131,measure,4928.0,2248.0,11.0781,68.19
235.231,measure,4928.0,2256.0,11.1176,68.53
235.332,measure,4928.0,2240.0,11.0387,68.22
235.432,measure,4928.0,2224.0,10.9599,68.16
235.532,measure,4928.0,2224.0,10.9599,68.19
235.632,measure,4928.0,2256.0,11.1176,68.22
235.732,measure,4928.0,2248.0,11.0781,68.19
235.832,measure,4928.0,2232.0,10.9993,68.25
235.932,measure,4928.0,2224.0,10.9599,68.16
236.032,measure,4928.0,2216.0,10.9204,68.25
236.133,measure,4928.0,2248.0,11.0781,68.31
236.233,measure,4928.0,2240.0,11.0387,68.28
236.333,measure,4928.0,2232.0,10.9993,68.41
236.433,measure,4928.0,2224.0,10.9599,68.22
236.533,measure,4928.0,2248.0,11.0781,68.31
236.633,measure,4928.0,2256.0,11.1176,68.50
236.733,measure,4928.0,2240.0,11.0387,68.28
236.834,measure,4928.0,2224.0,10.9599,68.06
236.934,measure,4928.0,2216.0,10.9204,68.00
237.034,measure,4928.0,2248.0,11.0781,68.38
237.134,measure,4928.0,2248.0,11.0781,68.19
237.234,measure,4928.0,2232.0,10.9993,68.12
237.334,measure,4928.0,2224.0,10.9599,68.16
237.434,measure,4928.0,2224.0,10.9599,68.06
237.535,measure,4928.0,2256.0,11.1176,68.34
237.635,measure,4928.0,2240.0,11.0387,68.22
237.735,measure,4928.0,2224.0,10.9599,68.38
237.835,measure,4928.0,2224.0,10.9599,68.22
237.935,measure,4928.0,2240.0,11.0387,68.34
238.035,measure,4928.0,2248.0,11.0781,68.50
238.135,measure,4928.0,2232.0,10.9993,68.44
238.235,measure,4928.0,2224.0,10.9599,68.31
238.336,measure,4928.0,2224.0,10.9599,68.44
238.436,measure,4928.0,2248.0,11.0781,68.41
238.536,measure,4928.0,2240.0,11.0387,68.19
238.636,measure,4928.0,2232.0,10.9993,68.19
238.736,measure,4928.0,2224.0,10.9599,68.38
238.836,measure,4928.0,2216.0,10.9204,68.03
238.936,measure,4928.0,2248.0,11.0781,68.19
239.037,measure,4928.0,2232.0,10.9993,68.25
239.137,measure,4928.0,2224.0,10.9599,68.25
239.237,measure,4928.0,2224.0,10.9599,68.25
239.337,measure,4928.0,2232.0,10.9993,68.25
239.437,measure,4928.0,2248.0,11.0781,68.28
239.537,measure,4928.0,2240.0,11.0387,68.28
239.637,measure,4928.0,2224.0,10.9599,68.19
239.737,measure,4928.0,2216.0,10.9204,68.44
239.838,measure,4928.0,2248.0,11.0781,68.47
239.938,measure,4928.0,2240.0,11.0387,68.34
240.038,measure,4928.0,2232.0,10.9993,68.56
240.138,measure,4928.0,2224.0,10.9599,68.38
240.238,measure,4928.0,2216.0,10.9204,68.09
240.338,measure,4928.0,2256.0,11.1176,68.19
240.438,measure,4928.0,2240.0,11.0387,68.53
240.538,measure,4928.0,2232.0,10.9993,68.19
240.639,measure,4928.0,2224.0,10.9599,68.19
240.739,measure,4928.0,2240.0,11.0387,68.16
240.839,measure,4928.0,2256.0,11.1176,68.28
240.939,measure,4928.0,2248.0,11.0781,68.38
241.039,measure,4928.0,2232.0,10.9993,68.22
241.139,measure,4928.0,2232.0,10.9993,68.09
241.239,measure,4928.0,2256.0,11.1176,68.44
241.340,measure,4928.0,2256.0,11.1176,68.28
241.440,measure,4928.0,2240.0,11.0387,68.53
241.540,measure,4928.0,2224.0,10.9599,68.41
241.640,measure,4928.0,2216.0,10.9204,68.22
241.740,measure,4928.0,2256.0,11.1176,68.22
241.840,measure,4928.0,2248.0,11.0781,68.59
241.940,measure,4928.0,2232.0,10.9993,68.34
242.040,measure,4928.0,2224.0,10.9599,68.16
242.141,measure,4928.0,2224.0,10.9599,68.50
242.241,measure,4928.0,2256.0,11.1176,68.19
242.341,measure,4928.0,2240.0,11.0387,68.19
242.441,measure,4928.0,2232.0,10.9993,68.31
242.541,measure,4928.0,2224.0,10.9599,68.12
242.641,measure,4928.0,2248.0,11.0781,68.25
242.741,measure,4928.0,2248.0,11.0781,68.34
242.841,measure,4928.0,2240.0,11.0387,68.28
242.942,measure,4928.0,2224.0,10.9599,68.41
243.042,measure,4928.0,2216.0,10.9204,68.16
243.142,measure,4928.0,2248.0,11.0781,68.34
243.242,measure,4928.0,2240.0,11.0387,68.50
243.342,measure,4928.0,2232.0,10.9993,68.38
243.442,measure,4928.0,2232.0,10.9993,68.25
243.542,measure,4928.0,2224.0,10.9599,68.34
243.642,measure,4928.0,2248.0,11.0781,68.47
243.743,measure,4928.0,2240.0,11.0387,68.12
243.843,measure,4928.0,2232.0,10.9993,68.56
243.943,measure,4928.0,2224.0,10.9599,68.41
244.043,measure,4928.0,2240.0,11.0387,68.22
244.143,measure,4928.0,2248.0,11.0781,68.22
244.243,measure,4928.0,2240.0,11.0387,68.31
244.343,measure,4928.0,2224.0,10.9599,68.22
244.444,measure,4928.0,2224.0,10.9599,68.25
244.544,measure,4928.0,2256.0,11.1176,68.31
244.644,measure,4928.0,2248.0,11.0781,68.53
244.744,measure,4928.0,2232.0,10.9993,68.41
244.844,measure,4928.0,2224.0,10.9599,68.28
244.944,measure,4928.0,2216.0,10.9204,68.34
245.044,measure,4928.0,2248.0,11.0781,68.44
245.144,measure,4928.0,2240.0,11.0387,68.31
245.245,measure,4928.0,2232.0,10.9993,68.59
245.345,measure,4928.0,2224.0,10.9599,68.38
245.445,measure,4928.0,2240.0,11.0387,68.19
245.545,measure,4928.0,2248.0,11.0781,68.19
245.645,measure,4928.0,2240.0,11.0387,68.56
245.745,measure,4928.0,2232.0,10.9993,68.25
245.845,measure,4928.0,2224.0,10.9599,68.16
245.946,measure,4928.0,2256.0,11.1176,68.34
246.046,measure,4928.0,2248.0,11.0781,68.28
246.146,measure,4928.0,2232.0,10.9993,68.19
246.246,measure,4928.0,2224.0,10.9599,68.22
246.346,measure,4928.0,2216.0,10.9204,68.12
246.446,measure,4928.0,2256.0,11.1176,68.44
246.546,measure,4928.0,2240.0,11.0387,68.31
246.646,measure,4928.0,2232.0,10.9993,68.22
246.747,measure,4928.0,2224.0,10.9599,68.41
246.847,measure,4928.0,2240.0,11.0387,68.34
246.947,measure,4928.0,2248.0,11.0781,68.69
247.047,measure,4928.0,2232.0,10.9993,68.47
247.147,measure,4928.0,2224.0,10.9599,68.41
247.247,measure,4928.0,2216.0,10.9204,68.12
247.347,measure,4928.0,2248.0,11.0781,68.53
247.447,measure,4928.0,2240.0,11.0387,68.31
247.547,measure,4928.0,2232.0,10.9993,68.25
247.648,measure,4928.0,2224.0,10.9599,68.50
247.748,measure,4928.0,2224.0,10.9599,68.16
247.848,measure,4928.0,2256.0,11.1176,68.31
247.948,measure,4928.0,2248.0,11.0781,68.34
248.048,measure,4928.0,2232.0,10.9993,68.28
248.148,measure,4928.0,2232.0,10.9993,68.22
248.248,measure,4928.0,2224.0,10.9599,68.25
248.348,measure,4928.0,2248.0,11.0781,68.38
248.448,measure,4928.0,2240.0,11.0387,68.50
248.549,measure,4928.0,2224.0,10.9599,68.38
248.649,measure,4928.0,2224.0,10.9599,68.28
248.749,measure,4928.0,2240.0,11.0387,68.50
248.849,measure,4928.0,2248.0,11.0781,68.56
248.949,measure,4928.0,2232.0,10.9993,68.31
249.049,measure,4928.0,2224.0,10.9599,68.59
249.149,measure,4928.0,2216.0,10.9204,68.34
249.249,measure,4928.0,2248.0,11.0781,68.38
249.350,measure,4928.0,2240.0,11.0387,68.25
249.450,measure,4928.0,2232.0,10.9993,68.41
249.550,measure,4928.0,2224.0,10.9599,68.25
249.650,measure,4928.0,2216.0,10.9204,68.16
249.750,measure,4928.0,2248.0,11.0781,68.41
249.850,measure,4928.0,2240.0,11.0387,68.34
249.950,measure,4928.0,2224.0,10.9599,68.41
250.050,measure,4928.0,2224.0,10.9599,68.25
250.151,measure,4928.0,2240.0,11.0387,68.53
250.251,measure,4928.0,2240.0,11.0387,68.50
250.351,measure,4928.0,2224.0,10.9599,68.28
250.451,measure,4928.0,2216.0,10.9204,68.53
250.551,measure,4928.0,2216.0,10.9204,68.31
250.651,measure,4928.0,2248.0,11.0781,68.28
250.751,measure,4928.0,2240.0,11.0387,68.66
250.851,measure,4928.0,2232.0,10.9993,68.53
250.952,measure,4928.0,2224.0,10.9599,68.25
251.052,measure,4928.0,2216.0,10.9204,68.16
251.152,measure,4928.0,2248.0,11.0781,68.56
251.252,measure,4928.0,2232.0,10.9993,68.28
251.353,measure,4928.0,2224.0,10.9599,68.41
251.453,measure,4928.0,2224.0,10.9599,68.25
251.553,measure,4928.0,2240.0,11.0387,68.31
251.653,measure,4928.0,2248.0,11.0781,68.50
251.753,measure,4928.0,2232.0,10.9993,68.34
251.853,measure,4928.0,2224.0,10.9599,68.47
251.953,measure,4928.0,2216.0,10.9204,68.31
252.053,measure,4928.0,2248.0,11.0781,68.41
252.154,measure,4928.0,2240.0,11.0387,68.56
252.254,measure,4928.0,2224.0,10.9599,68.53
252.354,measure,4928.0,2224.0,10.9599,68.41
252.454,measure,4928.0,2216.0,10.9204,68.12
252.554,measure,4928.0,2248.0,11.0781,68.56
252.654,measure,4928.0,2240.0,11.0387,68.31
252.755,measure,4928.0,2224.0,10.9599,68.22
252.855,measure,4928.0,2216.0,10.9204,68.34
252.955,measure,4928.0,2232.0,10.9993,68.28
253.055,measure,4928.0,2240.0,11.0387,68.31
253.155,measure,4928.0,2232.0,10.9993,68.34
253.255,measure,4928.0,2224.0,10.9599,68.28
253.355,measure,4928.0,2216.0,10.9204,68.38
253.455,measure,4928.0,2248.0,11.0781,68.41
253.556,measure,4928.0,2240.0,11.0387,68.38
253.656,measure,4928.0,2232.0,10.9993,68.50
253.756,measure,4928.0,2224.0,10.9599,68.34
253.856,measure,4928.0,2216.0,10.9204,68.44
253.956,measure,4928.0,2248.0,11.0781,68.62
254.056,measure,4928.0,2240.0,11.0387,68.50
254.156,measure,4928.0,2224.0,10.9599,68.22
254.257,measure,4928.0,2216.0,10.9204,68.50
254.357,measure,4928.0,2240.0,11.0387,68.34
254.457,measure,4928.0,2248.0,11.0781,68.34
254.557,measure,4928.0,2224.0,10.9599,68.62
254.657,measure,4928.0,2216.0,10.9204,68.34
254.757,measure,4928.0,2216.0,10.9204,68.19
254.857,measure,4928.0,2248.0,11.0781,68.47
254.957,measure,4928.0,2240.0,11.0387,68.31
255.058,measure,4928.0,2232.0,10.9993,68.50
255.158,measure,4928.0,2224.0,10.9599,68.34
255.258,measure,4928.0,2216.0,10.9204,68.28
255.358,measure,4928.0,2248.0,11.0781,68.53
255.458,measure,4928.0,2240.0,11.0387,68.47
255.558,measure,4928.0,2232.0,10.9993,68.41
255.658,measure,4928.0,2232.0,10.9993,68.44
255.759,measure,4928.0,2248.0,11.0781,68.50
255.859,measure,4928.0,2256.0,11.1176,68.31
255.959,measure,4928.0,2232.0,10.9993,68.66
256.059,measure,4928.0,2224.0,10.9599,68.34
256.159,measure,4928.0,2224.0,10.9599,68.25
256.259,measure,4928.0,2256.0,11.1176,68.50
256.359,measure,4928.0,2240.0,11.0387,68.34
256.460,measure,4928.0,2232.0,10.9993,68.28
256.560,measure,4928.0,2224.0,10.9599,68.28
256.660,measure,4928.0,2216.0,10.9204,68.19
256.760,measure,4928.0,2248.0,11.0781,68.50
256.860,measure,4928.0,2240.0,11.0387,68.38
256.960,measure,4928.0,2224.0,10.9599,68.28
257.060,measure,4928.0,2224.0,10.9599,68.47
257.161,measure,4928.0,2240.0,11.0387,68.47
257.261,measure,4928.0,2248.0,11.0781,68.31
257.361,measure,4928.0,2232.0,10.9993,68.56
257.461,measure,4928.0,2224.0,10.9599,68.47
257.561,measure,4928.0,2224.0,10.9599,68.19
257.662,measure,4928.0,2248.0,11.0781,68.69
257.762,measure,4928.0,2248.0,11.0781,68.38
257.862,measure,4928.0,2232.0,10.9993,68.28
257.962,measure,4928.0,2224.0,10.9599,68.41
258.062,measure,4928.0,2216.0,10.9204,68.19
258.162,measure,4928.0,2248.0,11.0781,68.41
258.263,measure,4928.0,2240.0,11.0387,68.41
258.363,measure,4928.0,2232.0,10.9993,68.31
258.463,measure,4928.0,2224.0,10.9599,68.50
258.563,measure,4928.0,2232.0,10.9993,68.47
258.663,measure,4928.0,2248.0,11.0781,68.41
258.763,measure,4928.0,2232.0,10.9993,68.59
258.863,measure,4928.0,2224.0,10.9599,68.47
258.963,measure,4928.0,2224.0,10.9599,68.38
259.064,measure,4928.0,2248.0,11.0781,68.69
259.164,measure,4928.0,2248.0,11.0781,68.62
259.264,measure,4928.0,2232.0,10.9993,68.25
259.364,measure,4928.0,2224.0,10.9599,68.31
259.464,measure,4928.0,2216.0,10.9204,68.44
259.564,measure,4928.0,2248.0,11.0781,68.34
259.664,measure,4928.0,2248.0,11.0781,68.41
259.765,measure,4928.0,2240.0,11.0387,68.47
259.865,measure,4928.0,2240.0,11.0387,68.28
259.965,measure,4928.0,2264.0,11.1570,68.44
260.065,measure,4920.0,2336.0,11.4931,68.56
260.165,measure,4920.0,2376.0,11.6899,68.88
260.265,measure,4920.0,2408.0,11.8474,68.75
260.365,measure,4920.0,2448.0,12.0442,68.56
260.466,measure,4920.0,2480.0,12.2016,68.81
260.566,measure,4920.0,2464.0,12.1229,68.75
260.666,measure,4920.0,2448.0,12.0442,68.62
260.766,measure,4920.0,2448.0,12.0442,68.81
260.866,measure,4920.0,2472.0,12.1622,68.78
260.966,measure,4912.0,2496.0,12.2604,68.56
261.066,measure,4912.0,2544.0,12.4961,68.69
261.167,measure,4912.0,2536.0,12.4568,68.97
261.267,measure,4920.0,2464.0,12.1229,68.53
261.367,measure,4920.0,2408.0,11.8474,68.41
261.467,measure,4920.0,2368.0,11.6506,68.38
261.567,measure,4920.0,2368.0,11.6506,68.75
261.668,measure,4920.0,2336.0,11.4931,68.62
261.768,measure,4920.0,2304.0,11.3357,68.56
261.868,measure,4920.0,2288.0,11.2570,68.69
261.968,measure,4920.0,2288.0,11.2570,68.66
262.068,measure,4920.0,2288.0,11.2570,68.56
262.168,measure,4928.0,2264.0,11.1570,68.75
262.268,measure,4928.0,2248.0,11.0781,68.59
262.369,measure,4928.0,2240.0,11.0387,68.50
262.469,measure,4928.0,2272.0,11.1964,68.44
262.569,measure,4928.0,2256.0,11.1176,68.72
262.669,measure,4928.0,2240.0,11.0387,68.44
262.769,measure,4928.0,2240.0,11.0387,68.38
262.869,measure,4928.0,2232.0,10.9993,68.59
262.969,measure,4928.0,2256.0,11.1176,68.44
263.070,measure,4928.0,2248.0,11.0781,68.56
263.170,measure,4928.0,2240.0,11.0387,68.47
263.270,measure,4928.0,2232.0,10.9993,68.44
263.370,measure,4928.0,2232.0,10.9993,68.41
263.470,measure,4928.0,2256.0,11.1176,68.50
263.570,measure,4928.0,2248.0,11.0781,68.47
263.670,measure,4928.0,2240.0,11.0387,68.59
263.771,measure,4928.0,2232.0,10.9993,68.47
263.871,measure,4928.0,2256.0,11.1176,68.81
263.971,measure,4928.0,2256.0,11.1176,68.72
264.071,measure,4928.0,2240.0,11.0387,68.50
264.171,measure,4928.0,2232.0,10.9993,68.34
264.271,measure,4928.0,2224.0,10.9599,68.62
264.371,measure,4928.0,2256.0,11.1176,68.44
264.472,measure,4928.0,2248.0,11.0781,68.44
264.572,measure,4928.0,2240.0,11.0387,68.81
264.672,measure,4928.0,2232.0,10.9993,68.34
264.772,measure,4928.0,2224.0,10.9599,68.28
264.872,measure,4928.0,2256.0,11.1176,68.53
264.972,measure,4928.0,2248.0,11.0781,68.47
265.072,measure,4928.0,2240.0,11.0387,68.59
265.173,measure,4928.0,2232.0,10.9993,68.50
265.273,measure,4928.0,2240.0,11.0387,68.62
265.373,measure,4928.0,2256.0,11.1176,68.69
265.473,measure,4928.0,2240.0,11.0387,68.56
265.573,measure,4928.0,2232.0,10.9993,68.88
265.673,measure,4928.0,2224.0,10.9599,68.66
265.774,measure,4928.0,2248.0,11.0781,68.62
265.874,measure,4928.0,2248.0,11.0781,68.44
265.974,measure,4928.0,2232.0,10.9993,68.69
266.074,measure,4928.0,2224.0,10.9599,68.38
266.174,measure,4928.0,2224.0,10.9599,68.25
266.274,measure,4928.0,2248.0,11.0781,68.78
266.374,measure,4928.0,2240.0,11.0387,68.53
266.475,measure,4928.0,2232.0,10.9993,68.34
266.575,measure,4928.0,2224.0,10.9599,68.41
266.675,measure,4928.0,2224.0,10.9599,68.34
266.775,measure,4928.0,2256.0,11.1176,68.50
266.875,measure,4928.0,2240.0,11.0387,68.53
266.975,measure,4928.0,2232.0,10.9993,68.44
267.075,measure,4928.0,2232.0,10.9993,68.59
267.176,measure,4928.0,2248.0,11.0781,68.59
267.276,measure,4928.0,2256.0,11.1176,68.56
267.376,measure,4928.0,2240.0,11.0387,68.69
267.476,measure,4928.0,2232.0,10.9993,68.56
267.576,measure,4928.0,2224.0,10.9599,68.25
267.677,measure,4928.0,2256.0,11.1176,68.78
267.777,measure,4928.0,2248.0,11.0781,68.50
267.877,measure,4928.0,2240.0,11.0387,68.47
267.977,measure,4928.0,2232.0,10.9993,68.31
268.077,measure,4928.0,2224.0,10.9599,68.31
268.177,measure,4928.0,2256.0,11.1176,68.47
268.277,measure,4928.0,2248.0,11.0781,68.56
268.378,measure,4928.0,2232.0,10.9993,68.50
268.478,measure,4928.0,2232.0,10.9993,68.53
268.578,measure,4928.0,2240.0,11.0387,68.41
268.678,measure,4928.0,2256.0,11.1176,68.56
268.778,measure,4928.0,2248.0,11.0781,68.69
268.878,measure,4928.0,2232.0,10.9993,68.62
268.978,measure,4928.0,2232.0,10.9993,68.47
269.079,measure,4928.0,2256.0,11.1176,68.78
269.179,measure,4928.0,2264.0,11.1570,68.69
269.279,measure,4928.0,2248.0,11.0781,68.44
269.379,measure,4928.0,2232.0,10.9993,68.78
269.479,measure,4928.0,2224.0,10.9599,68.53
269.579,measure,4928.0,2256.0,11.1176,68.50
269.679,measure,4928.0,2248.0,11.0781,68.50
269.780,measure,4928.0,2232.0,10.9993,68.47
269.880,measure,4928.0,2224.0,10.9599,68.38
269.980,measure,4928.0,2216.0,10.9204,68.44
270.080,measure,4928.0,2256.0,11.1176,68.53
270.180,measure,4928.0,2248.0,11.0781,68.53
270.280,measure,4928.0,2232.0,10.9993,68.53
270.380,measure,4928.0,2232.0,10.9993,68.41
270.481,measure,4928.0,2240.0,11.0387,68.69
270.581,measure,4928.0,2256.0,11.1176,68.69
270.681,measure,4928.0,2240.0,11.0387,68.66
270.781,measure,4928.0,2232.0,10.9993,68.69
270.881,measure,4928.0,2224.0,10.9599,68.62
270.981,measure,4928.0,2256.0,11.1176,68.47
271.082,measure,4928.0,2248.0,11.0781,68.59
271.182,measure,4928.0,2232.0,10.9993,68.62
271.282,measure,4928.0,2224.0,10.9599,68.38
271.382,measure,4928.0,2216.0,10.9204,68.44
271.482,measure,4928.0,2248.0,11.0781,68.56
271.582,measure,4928.0,2240.0,11.0387,68.47
271.682,measure,4928.0,2232.0,10.9993,68.59
271.783,measure,4928.0,2224.0,10.9599,68.50
271.883,measure,4928.0,2232.0,10.9993,68.38
271.983,measure,4928.0,2264.0,11.1570,68.66
272.083,measure,4928.0,2248.0,11.0781,68.62
272.183,measure,4928.0,2240.0,11.0387,68.75
272.283,measure,4928.0,2232.0,10.9993,68.47
272.383,measure,4928.0,2256.0,11.1176,68.66
272.484,measure,4928.0,2256.0,11.1176,68.78
272.584,measure,4928.0,2240.0,11.0387,68.69
272.684,measure,4928.0,2232.0,10.9993,68.44
272.784,measure,4928.0,2224.0,10.9599,68.28
272.884,measure,4928.0,2256.0,11.1176,68.75
272.984,measure,4928.0,2248.0,11.0781,68.47
273.084,measure,4928.0,2240.0,11.0387,68.53
273.185,measure,4928.0,2232.0,10.9993,68.47
273.285,measure,4928.0,2224.0,10.9599,68.31
273.385,measure,4928.0,2256.0,11.1176,68.69
273.485,measure,4928.0,2240.0,11.0387,68.62
273.585,measure,4928.0,2232.0,10.9993,68.75
273.685,measure,4928.0,2224.0,10.9599,68.62
273.785,measure,4928.0,2240.0,11.0387,68.56
273.886,measure,4928.0,2256.0,11.1176,68.72
273.986,measure,4928.0,2240.0,11.0387,68.66
274.086,measure,4928.0,2232.0,10.9993,68.59
274.186,measure,4928.0,2232.0,10.9993,68.34
274.286,measure,4928.0,2256.0,11.1176,68.75
274.386,measure,4928.0,2248.0,11.0781,68.62
274.486,measure,4928.0,2232.0,10.9993,68.50
274.587,measure,4928.0,2232.0,10.9993,68.78
274.687,measure,4928.0,2216.0,10.9204,68.34
274.787,measure,4928.0,2248.0,11.0781,68.44
274.887,measure,4928.0,2240.0,11.0387,68.62
274.987,measure,4928.0,2232.0,10.9993,68.59
275.087,measure,4928.0,2224.0,10.9599,68.59
275.187,measure,4928.0,2224.0,10.9599,68.53
275.287,measure,4928.0,2256.0,11.1176,68.53
275.388,measure,4928.0,2240.0,11.0387,68.75
275.488,measure,4928.0,2232.0,10.9993,68.56
275.588,measure,4928.0,2224.0,10.9599,68.75
275.688,measure,4928.0,2248.0,11.0781,68.75
275.788,measure,4928.0,2248.0,11.0781,68.69
275.888,measure,4928.0,2240.0,11.0387,68.50
275.988,measure,4928.0,2224.0,10.9599,68.78
276.089,measure,4928.0,2224.0,10.9599,68.59
276.189,measure,4928.0,2256.0,11.1176,68.56
276.289,measure,4928.0,2248.0,11.0781,68.84
276.389,measure,4928.0,2232.0,10.9993,68.47
276.489,measure,4928.0,2232.0,10.9993,68.44
276.589,measure,4928.0,2224.0,10.9599,68.34
276.689,measure,4928.0,2248.0,11.0781,68.66
276.790,measure,4928.0,2240.0,11.0387,68.53
276.890,measure,4928.0,2232.0,10.9993,68.59
276.990,measure,4928.0,2224.0,10.9599,68.56
277.090,measure,4928.0,2224.0,10.9599,68.53
277.190,measure,4928.0,2248.0,11.0781,68.69
277.290,measure,4928.0,2240.0,11.0387,68.59
277.390,measure,4928.0,2232.0,10.9993,68.69
277.490,measure,4928.0,2224.0,10.9599,68.62
277.591,measure,4928.0,2248.0,11.0781,68.59
277.691,measure,4928.0,2256.0,11.1176,68.75
277.791,measure,4928.0,2240.0,11.0387,68.72
277.891,measure,4928.0,2232.0,10.9993,68.47
277.991,measure,4928.0,2224.0,10.9599,68.31
278.091,measure,4928.0,2256.0,11.1176,68.75
278.191,measure,4928.0,2248.0,11.0781,68.56
278.292,measure,4928.0,2232.0,10.9993,68.59
278.392,measure,4928.0,2224.0,10.9599,68.53
278.492,measure,4928.0,2216.0,10.9204,68.47
278.592,measure,4928.0,2248.0,11.0781,68.69
278.692,measure,4928.0,2240.0,11.0387,68.69
278.792,measure,4928.0,2232.0,10.9993,68.56
278.892,measure,4928.0,2224.0,10.9599,68.62
278.992,measure,4928.0,2240.0,11.0387,68.59
279.093,measure,4928.0,2248.0,11.0781,68.81
279.193,measure,4928.0,2240.0,11.0387,68.69
279.293,measure,4928.0,2224.0,10.9599,68.56
279.393,measure,4928.0,2224.0,10.9599,68.81
279.493,measure,4928.0,2248.0,11.0781,68.78
279.593,measure,4928.0,2240.0,11.0387,68.50
279.693,measure,4928.0,2232.0,10.9993,68.44
279.793,measure,4928.0,2224.0,10.9599,68.72
279.894,measure,4928.0,2216.0,10.9204,68.41
279.994,measure,4928.0,2248.0,11.0781,68.50
280.094,measure,4928.0,2240.0,11.0387,68.62
280.194,measure,4928.0,2232.0,10.9993,68.56
280.294,measure,4928.0,2224.0,10.9599,68.66
280.394,measure,4928.0,2232.0,10.9993,68.50
280.494,measure,4928.0,2256.0,11.1176,68.59
280.595,measure,4928.0,2240.0,11.0387,68.72
280.695,measure,4928.0,2232.0,10.9993,68.66
280.795,measure,4928.0,2224.0,10.9599,68.78
280.895,measure,4928.0,2248.0,11.0781,68.75
280.995,measure,4928.0,2256.0,11.1176,68.66
281.095,measure,4928.0,2232.0,10.9993,68.50
281.195,measure,4928.0,2224.0,10.9599,68.69
281.295,measure,4928.0,2224.0,10.9599,68.56
281.396,measure,4928.0,2256.0,11.1176,68.50
281.496,measure,4928.0,2248.0,11.0781,68.84
281.596,measure,4928.0,2232.0,10.9993,68.50
281.696,measure,4928.0,2224.0,10.9599,68.50
281.796,measure,4928.0,2216.0,10.9204,68.53
281.896,measure,4928.0,2256.0,11.1176,68.59
281.997,measure,4928.0,2240.0,11.0387,68.69
282.097,measure,4928.0,2232.0,10.9993,68.53
282.197,measure,4928.0,2216.0,10.9204,68.66
282.297,measure,4928.0,2248.0,11.0781,68.78
282.398,measure,4928.0,2240.0,11.0387,68.69
282.498,measure,4928.0,2232.0,10.9993,68.81
282.598,measure,4928.0,2224.0,10.9599,68.66
282.698,measure,4928.0,2216.0,10.9204,68.53
282.798,measure,4928.0,2248.0,11.0781,68.56
282.898,measure,4928.0,2240.0,11.0387,68.84
282.998,measure,4928.0,2232.0,10.9993,68.69
283.098,measure,4928.0,2224.0,10.9599,68.50
283.199,measure,4928.0,2232.0,10.9993,68.72
283.299,measure,4928.0,2256.0,11.1176,68.69
283.399,measure,4928.0,2240.0,11.0387,68.59
283.499,measure,4928.0,2232.0,10.9993,68.62
283.599,measure,4928.0,2224.0,10.9599,68.53
283.699,measure,4928.0,2248.0,11.0781,68.69
283.800,measure,4928.0,2248.0,11.0781,68.69
283.900,measure,4928.0,2232.0,10.9993,68.59
284.000,measure,4928.0,2224.0,10.9599,68.69
284.100,measure,4928.0,2216.0,10.9204,68.59
284.201,measure,4928.0,2248.0,11.0781,68.94
284.301,measure,4928.0,2240.0,11.0387,68.81
284.401,measure,4928.0,2232.0,10.9993,68.69
284.501,measure,4928.0,2224.0,10.9599,68.47
284.601,measure,4928.0,2224.0,10.9599,68.78
284.701,measure,4928.0,2248.0,11.0781,68.62
284.801,measure,4928.0,2232.0,10.9993,68.62
284.901,measure,4928.0,2224.0,10.9599,68.44
285.002,measure,4928.0,2216.0,10.9204,68.50
285.102,measure,4928.0,2240.0,11.0387,68.56
285.202,measure,4928.0,2240.0,11.0387,68.69
285.302,measure,4928.0,2232.0,10.9993,68.69
285.402,measure,4928.0,2224.0,10.9599,68.69
285.502,measure,4928.0,2224.0,10.9599,68.53
285.603,measure,4928.0,2256.0,11.1176,68.91
285.703,measure,4928.0,2248.0,11.0781,68.78
285.803,measure,4928.0,2232.0,10.9993,68.72
285.903,measure,4928.0,2224.0,10.9599,68.50
286.003,measure,4928.0,2224.0,10.9599,68.69
286.104,measure,4928.0,2248.0,11.0781,68.81
286.204,measure,4928.0,2240.0,11.0387,68.56
286.304,measure,4928.0,2224.0,10.9599,68.84
286.404,measure,4928.0,2224.0,10.9599,68.53
286.504,measure,4928.0,2248.0,11.0781,68.62
286.604,measure,4928.0,2248.0,11.0781,68.69
286.704,measure,4928.0,2232.0,10.9993,68.53
286.805,measure,4928.0,2224.0,10.9599,68.56
286.905,measure,4928.0,2216.0,10.9204,68.62
287.005,measure,4928.0,2248.0,11.0781,68.69
287.105,measure,4928.0,2240.0,11.0387,68.84
287.205,measure,4928.0,2224.0,10.9599,68.72
287.305,measure,4928.0,2216.0,10.9204,68.53
287.405,measure,4928.0,2216.0,10.9204,68.69
287.505,measure,4928.0,2248.0,11.0781,68.72
287.606,measure,4928.0,2232.0,10.9993,68.69
287.706,measure,4928.0,2224.0,10.9599,68.88
287.806,measure,4928.0,2224.0,10.9599,68.75
287.906,measure,4928.0,2248.0,11.0781,68.56
288.006,measure,4928.0,2248.0,11.0781,69.03
288.106,measure,4928.0,2232.0,10.9993,68.75
288.207,measure,4928.0,2224.0,10.9599,68.56
288.307,measure,4928.0,2224.0,10.9599,68.41
288.407,measure,4928.0,2248.0,11.0781,68.69
288.507,measure,4928.0,2240.0,11.0387,68.59
288.607,measure,4928.0,2232.0,10.9993,68.75
288.707,measure,4928.0,2224.0,10.9599,68.56
288.807,measure,4928.0,2216.0,10.9204,68.50
288.908,measure,4928.0,2248.0,11.0781,68.75
289.008,measure,4928.0,2232.0,10.9993,68.69
289.108,measure,4928.0,2224.0,10.9599,68.81
289.208,measure,4928.0,2216.0,10.9204,68.69
289.308,measure,4928.0,2240.0,11.0387,68.75
289.408,measure,4928.0,2248.0,11.0781,68.97
289.509,measure,4928.0,2232.0,10.9993,68.72
289.609,measure,4928.0,2224.0,10.9599,68.56
289.709,measure,4928.0,2216.0,10.9204,68.44
289.809,measure,4928.0,2248.0,11.0781,68.97
289.909,measure,4928.0,2240.0,11.0387,68.59
290.009,measure,4928.0,2232.0,10.9993,68.53
290.109,measure,4928.0,2224.0,10.9599,68.59
290.209,measure,4928.0,2216.0,10.9204,68.50
290.310,measure,4928.0,2248.0,11.0781,68.75
290.410,measure,4928.0,2240.0,11.0387,68.69
290.510,measure,4928.0,2232.0,10.9993,68.59
290.610,measure,4928.0,2224.0,10.9599,68.69
290.710,measure,4928.0,2240.0,11.0387,68.66
290.810,measure,4928.0,2256.0,11.1176,68.91
290.911,measure,4928.0,2240.0,11.0387,68.75
291.011,measure,4928.0,2224.0,10.9599,68.66
291.111,measure,4928.0,2224.0,10.9599,68.75
291.211,measure,4928.0,2256.0,11.1176,68.75
291.312,measure,4928.0,2248.0,11.0781,68.62
291.412,measure,4928.0,2232.0,10.9993,68.56
291.512,measure,4928.0,2224.0,10.9599,68.62
291.612,measure,4928.0,2216.0,10.9204,68.50
291.712,measure,4928.0,2248.0,11.0781,68.75
291.813,measure,4928.0,2240.0,11.0387,68.97
291.913,measure,4928.0,2232.0,10.9993,68.66
292.013,measure,4928.0,2224.0,10.9599,68.72
292.113,measure,4928.0,2224.0,10.9599,68.62
292.213,measure,4928.0,2248.0,11.0781,68.88
292.313,measure,4928.0,2232.0,10.9993,68.75
292.413,measure,4928.0,2224.0,10.9599,68.75
292.514,measure,4928.0,2224.0,10.9599,68.78
292.614,measure,4928.0,2248.0,11.0781,68.75
292.714,measure,4928.0,2248.0,11.0781,68.62
292.814,measure,4928.0,2232.0,10.9993,68.53
292.914,measure,4928.0,2224.0,10.9599,68.78
293.015,measure,4928.0,2216.0,10.9204,68.41
293.115,measure,4928.0,2248.0,11.0781,68.66
293.215,measure,4928.0,2240.0,11.0387,68.66
293.315,measure,4928.0,2232.0,10.9993,68.66
293.415,measure,4928.0,2224.0,10.9599,68.66
293.515,measure,4928.0,2224.0,10.9599,68.53
293.616,measure,4928.0,2248.0,11.0781,68.94
293.716,measure,4928.0,2240.0,11.0387,68.72
293.816,measure,4928.0,2232.0,10.9993,68.69
293.916,measure,4928.0,2224.0,10.9599,68.81
294.016,measure,4928.0,2240.0,11.0387,68.81
294.116,measure,4928.0,2248.0,11.0781,68.78
294.217,measure,4928.0,2232.0,10.9993,69.03
294.317,measure,4928.0,2224.0,10.9599,68.81
294.417,measure,4928.0,2216.0,10.9204,68.53
294.517,measure,4928.0,2248.0,11.0781,68.53
294.617,measure,4928.0,2240.0,11.0387,68.94
294.717,measure,4928.0,2232.0,10.9993,68.62
294.817,measure,4928.0,2224.0,10.9599,68.62
294.917,measure,4928.0,2216.0,10.9204,68.53
295.018,measure,4928.0,2248.0,11.0781,68.66
295.118,measure,4928.0,2240.0,11.0387,68.72
295.218,measure,4928.0,2232.0,10.9993,68.69
295.318,measure,4928.0,2224.0,10.9599,68.59
295.419,measure,4928.0,2240.0,11.0387,68.72
295.519,measure,4928.0,2248.0,11.0781,68.78
295.619,measure,4928.0,2240.0,11.0387,68.97
295.719,measure,4928.0,2224.0,10.9599,68.75
295.819,measure,4928.0,2224.0,10.9599,68.66
295.919,measure,4928.0,2248.0,11.0781,68.66
296.019,measure,4928.0,2248.0,11.0781,68.88
296.119,measure,4928.0,2232.0,10.9993,68.81
296.220,measure,4928.0,2224.0,10.9599,68.53
296.320,measure,4928.0,2216.0,10.9204,68.81
296.420,measure,4928.0,2248.0,11.0781,68.62
296.520,measure,4928.0,2240.0,11.0387,68.66
296.620,measure,4928.0,2232.0,10.9993,68.69
296.720,measure,4928.0,2224.0,10.9599,68.62
296.821,measure,4928.0,2232.0,10.9993,68.66
296.921,measure,4928.0,2248.0,11.0781,68.69
297.021,measure,4928.0,2240.0,11.0387,68.69
297.121,measure,4928.0,2232.0,10.9993,68.75
297.221,measure,4928.0,2224.0,10.9599,68.69
297.321,measure,4928.0,2256.0,11.1176,69.06
297.422,measure,4928.0,2248.0,11.0781,68.84
297.522,measure,4928.0,2240.0,11.0387,68.75
297.622,measure,4928.0,2232.0,10.9993,68.53
297.722,measure,4928.0,2224.0,10.9599,68.81
297.822,measure,4928.0,2256.0,11.1176,68.66
297.922,measure,4928.0,2248.0,11.0781,68.59
298.023,measure,4928.0,2232.0,10.9993,68.94
298.123,measure,4928.0,2224.0,10.9599,68.62
298.223,measure,4928.0,2224.0,10.9599,68.50
298.323,measure,4928.0,2248.0,11.0781,68.81
298.423,measure,4928.0,2240.0,11.0387,68.78
298.523,measure,4928.0,2232.0,10.9993,68.81
298.623,measure,4928.0,2224.0,10.9599,68.69
298.723,measure,4928.0,2248.0,11.0781,68.78
298.824,measure,4928.0,2248.0,11.0781,68.91
298.924,measure,4928.0,2232.0,10.9993,68.78
299.024,measure,4928.0,2224.0,10.9599,68.72
299.124,measure,4928.0,2216.0,10.9204,68.78
299.225,measure,4928.0,2248.0,11.0781,68.81
299.325,measure,4928.0,2240.0,11.0387,68.69
299.425,measure,4928.0,2232.0,10.9993,68.97
299.525,measure,4928.0,2224.0,10.9599,68.59
299.625,measure,4928.0,2224.0,10.9599,68.50
299.725,measure,4928.0,2256.0,11.1176,68.78
299.825,measure,4928.0,2240.0,11.0387,68.69
299.926,measure,4928.0,2232.0,10.9993,68.69
300.026,measure,4928.0,2224.0,10.9599,68.62
300.126,measure,4928.0,2240.0,11.0387,68.69
300.226,measure,4928.0,2248.0,11.0781,68.94
300.326,measure,4928.0,2232.0,10.9993,68.75
300.426,measure,4928.0,2224.0,10.9599,68.69
300.526,measure,4928.0,2224.0,10.9599,68.81
300.626,measure,4928.0,2248.0,11.0781,68.84
300.727,measure,4928.0,2248.0,11.0781,68.72
300.827,measure,4928.0,2232.0,10.9993,68.94
300.927,measure,4928.0,2232.0,10.9993,68.78
301.027,measure,4928.0,2224.0,10.9599,68.47
301.127,measure,4928.0,2256.0,11.1176,69.03
301.227,measure,4928.0,2248.0,11.0781,68.69
301.327,measure,4928.0,2240.0,11.0387,68.66
301.427,measure,4928.0,2232.0,10.9993,68.62
301.528,measure,4928.0,2240.0,11.0387,68.69
301.628,measure,4928.0,2256.0,11.1176,68.72
301.728,measure,4928.0,2240.0,11.0387,68.78
301.828,measure,4928.0,2224.0,10.9599,68.69
301.928,measure,4928.0,2224.0,10.9599,68.59
302.028,measure,4928.0,2256.0,11.1176,68.81
302.128,measure,4928.0,2248.0,11.0781,68.78
302.228,measure,4928.0,2232.0,10.9993,68.84
302.328,measure,4928.0,2224.0,10.9599,68.78
302.429,measure,4928.0,2216.0,10.9204,68.66
302.529,measure,4928.0,2256.0,11.1176,68.97
302.629,measure,4928.0,2240.0,11.0387,68.84
302.729,measure,4928.0,2232.0,10.9993,68.69
302.829,measure,4928.0,2224.0,10.9599,68.53
302.929,measure,4928.0,2240.0,11.0387,68.88
303.029,measure,4928.0,2248.0,11.0781,68.75
303.129,measure,4928.0,2232.0,10.9993,68.66
303.230,measure,4928.0,2224.0,10.9599,68.72
303.330,measure,4928.0,2224.0,10.9599,68.59
303.430,measure,4928.0,2256.0,11.1176,68.81
303.530,measure,4928.0,2248.0,11.0781,68.72
303.630,measure,4928.0,2232.0,10.9993,68.69
303.730,measure,4928.0,2224.0,10.9599,68.78
303.830,measure,4928.0,2224.0,10.9599,68.62
303.930,measure,4928.0,2256.0,11.1176,68.94
304.031,measure,4928.0,2248.0,11.0781,68.84
304.131,measure,4928.0,2232.0,10.9993,68.78
304.231,measure,4928.0,2232.0,10.9993,68.94
304.331,measure,4928.0,2240.0,11.0387,68.88
304.431,measure,4928.0,2256.0,11.1176,68.97
304.531,measure,4928.0,2240.0,11.0387,68.66
304.631,measure,4928.0,2232.0,10.9993,68.94
304.731,measure,4928.0,2224.0,10.9599,68.62
304.832,measure,4928.0,2256.0,11.1176,68.69
304.932,measure,4928.0,2248.0,11.0781,69.00
305.032,measure,4928.0,2232.0,10.9993,68.72
305.132,measure,4928.0,2224.0,10.9599,68.69
305.232,measure,4928.0,2216.0,10.9204,68.72
305.332,measure,4928.0,2256.0,11.1176,68.84
305.432,measure,4928.0,2248.0,11.0781,68.94
305.532,measure,4928.0,2232.0,10.9993,68.72
305.632,measure,4928.0,2224.0,10.9599,68.75
305.733,measure,4928.0,2224.0,10.9599,68.69
305.833,measure,4928.0,2256.0,11.1176,68.88
305.933,measure,4928.0,2240.0,11.0387,69.00
306.033,measure,4928.0,2224.0,10.9599,68.94
306.133,measure,4928.0,2216.0,10.9204,68.78
306.233,measure,4928.0,2248.0,11.0781,68.72
306.333,measure,4928.0,2240.0,11.0387,69.03
306.434,measure,4928.0,2232.0,10.9993,68.75
306.534,measure,4928.0,2224.0,10.9599,68.66
306.634,measure,4928.0,2216.0,10.9204,68.91
306.734,measure,4928.0,2248.0,11.0781,68.72
306.834,measure,4928.0,2240.0,11.0387,68.69
306.935,measure,4928.0,2232.0,10.9993,68.72
307.035,measure,4928.0,2224.0,10.9599,68.75
307.135,measure,4928.0,2224.0,10.9599,68.75
307.235,measure,4928.0,2256.0,11.1176,68.88
307.335,measure,4928.0,2240.0,11.0387,68.81
307.435,measure,4928.0,2232.0,10.9993,68.91
307.536,measure,4928.0,2224.0,10.9599,68.84
307.636,measure,4928.0,2240.0,11.0387,68.69
307.736,measure,4928.0,2248.0,11.0781,69.03
307.836,measure,4928.0,2232.0,10.9993,68.88
307.936,measure,4928.0,2224.0,10.9599,68.72
308.036,measure,4928.0,2224.0,10.9599,68.97
308.136,measure,4928.0,2256.0,11.1176,69.06
308.237,measure,4928.0,2248.0,11.0781,68.69
308.337,measure,4928.0,2232.0,10.9993,68.69
308.437,measure,4928.0,2232.0,10.9993,68.72
308.537,measure,4928.0,2216.0,10.9204,68.50
308.637,measure,4928.0,2248.0,11.0781,68.91
308.737,measure,4928.0,2240.0,11.0387,68.75
308.837,measure,4928.0,2232.0,10.9993,68.72
308.937,measure,4928.0,2232.0,10.9993,68.69
309.037,measure,4928.0,2240.0,11.0387,68.84
309.138,measure,4928.0,2248.0,11.0781,68.94
309.238,measure,4928.0,2232.0,10.9993,68.84
309.338,measure,4928.0,2224.0,10.9599,68.84
309.438,measure,4928.0,2224.0,10.9599,68.91
309.538,measure,4928.0,2256.0,11.1176,68.94
309.638,measure,4928.0,2248.0,11.0781,68.78
309.738,measure,4928.0,2232.0,10.9993,69.12
309.838,measure,4928.0,2224.0,10.9599,68.91
309.939,measure,4928.0,2216.0,10.9204,68.59
310.039,measure,4928.0,2248.0,11.0781,68.69
310.139,measure,4928.0,2240.0,11.0387,68.75
310.239,measure,4928.0,2232.0,10.9993,68.72
310.339,measure,4928.0,2224.0,10.9599,68.66
310.439,measure,4928.0,2232.0,10.9993,68.69
310.539,measure,4928.0,2248.0,11.0781,69.00
310.639,measure,4928.0,2240.0,11.0387,68.88
310.740,measure,4928.0,2232.0,10.9993,68.84
310.840,measure,4928.0,2224.0,10.9599,68.88
310.940,measure,4928.0,2256.0,11.1176,69.00
311.040,measure,4928.0,2248.0,11.0781,68.97
311.140,measure,4928.0,2240.0,11.0387,69.03
311.240,measure,4928.0,2232.0,10.9993,68.94
311.340,measure,4928.0,2224.0,10.9599,68.78
311.440,measure,4928.0,2256.0,11.1176,68.75
311.541,measure,4928.0,2248.0,11.0781,69.03
311.641,measure,4928.0,2240.0,11.0387,68.97
311.741,measure,4928.0,2224.0,10.9599,68.69
311.841,measure,4928.0,2216.0,10.9204,68.91
311.941,measure,4928.0,2256.0,11.1176,68.84
312.041,measure,4928.0,2240.0,11.0387,68.81
312.141,measure,4928.0,2232.0,10.9993,68.84
312.241,measure,4928.0,2224.0,10.9599,68.72
312.341,measure,4928.0,2232.0,10.9993,68.88
312.442,measure,4928.0,2248.0,11.0781,68.84
312.542,measure,4928.0,2232.0,10.9993,68.78
312.642,measure,4928.0,2224.0,10.9599,68.94
312.742,measure,4928.0,2224.0,10.9599,68.78
312.842,measure,4928.0,2256.0,11.1176,68.91
312.942,measure,4928.0,2248.0,11.0781,68.91
313.042,measure,4928.0,2240.0,11.0387,68.91
313.142,measure,4928.0,2232.0,10.9993,68.72
313.243,measure,4928.0,2224.0,10.9599,68.81
313.343,measure,4928.0,2256.0,11.1176,68.97
313.443,measure,4928.0,2248.0,11.0781,68.75
313.543,measure,4928.0,2232.0,10.9993,69.12
313.643,measure,4928.0,2224.0,10.9599,68.69
313.743,measure,4928.0,2232.0,10.9993,68.69
313.843,measure,4928.0,2248.0,11.0781,68.84
313.943,measure,4928.0,2240.0,11.0387,68.75
314.044,measure,4928.0,2232.0,10.9993,68.78
314.144,measure,4928.0,2224.0,10.9599,68.69
314.244,measure,4928.0,2256.0,11.1176,68.81
314.344,measure,4928.0,2248.0,11.0781,69.03
314.444,measure,4928.0,2232.0,10.9993,68.91
314.544,measure,4928.0,2224.0,10.9599,68.84
314.644,measure,4928.0,2216.0,10.9204,68.88
314.744,measure,4928.0,2248.0,11.0781,68.97
314.844,measure,4928.0,2240.0,11.0387,68.91
314.945,measure,4928.0,2224.0,10.9599,69.06
315.045,measure,4928.0,2224.0,10.9599,68.91
315.145,measure,4928.0,2224.0,10.9599,68.72
315.245,measure,4928.0,2248.0,11.0781,68.78
315.345,measure,4928.0,2232.0,10.9993,69.03
315.445,measure,4928.0,2224.0,10.9599,68.75
315.545,measure,4928.0,2224.0,10.9599,68.69
315.645,measure,4928.0,2248.0,11.0781,68.88
315.746,measure,4928.0,2240.0,11.0387,68.78
315.846,measure,4928.0,2232.0,10.9993,68.88
315.946,measure,4928.0,2224.0,10.9599,68.88
316.046,measure,4928.0,2224.0,10.9599,68.69
316.146,measure,4928.0,2256.0,11.1176,68.91
316.246,measure,4928.0,2248.0,11.0781,68.91
316.346,measure,4928.0,2240.0,11.0387,69.06
316.446,measure,4928.0,2232.0,10.9993,68.94
316.547,measure,4928.0,2232.0,10.9993,68.84
316.647,measure,4928.0,2256.0,11.1176,69.12
316.747,measure,4928.0,2240.0,11.0387,69.03
316.847,measure,4928.0,2232.0,10.9993,68.94
316.947,measure,4928.0,2224.0,10.9599,68.66
317.047,measure,4928.0,2248.0,11.0781,69.06
317.147,measure,4928.0,2248.0,11.0781,68.81
317.248,measure,4928.0,2240.0,11.0387,68.69
317.348,measure,4928.0,2224.0,10.9599,68.81
317.448,measure,4928.0,2224.0,10.9599,68.72
317.548,measure,4928.0,2256.0,11.1176,68.97
317.649,measure,4928.0,2248.0,11.0781,68.91
317.749,measure,4928.0,2232.0,10.9993,68.78
317.849,measure,4928.0,2224.0,10.9599,68.94
317.949,measure,4928.0,2216.0,10.9204,68.75
318.049,measure,4928.0,2248.0,11.0781,69.09
318.150,measure,4928.0,2240.0,11.0387,69.03
318.250,measure,4928.0,2232.0,10.9993,68.72
318.350,measure,4928.0,2232.0,10.9993,68.69
318.450,measure,4928.0,2240.0,11.0387,69.06
318.550,measure,4928.0,2256.0,11.1176,68.88
318.651,measure,4928.0,2240.0,11.0387,68.81
318.751,measure,4928.0,2232.0,10.9993,68.78
318.851,measure,4928.0,2224.0,10.9599,68.69
318.951,measure,4928.0,2256.0,11.1176,68.88
319.051,measure,4928.0,2248.0,11.0781,68.91
319.151,measure,4928.0,2240.0,11.0387,68.75
319.251,measure,4928.0,2232.0,10.9993,68.88
319.351,measure,4928.0,2224.0,10.9599,68.75
319.452,measure,4928.0,2256.0,11.1176,68.94
319.552,measure,4928.0,2240.0,11.0387,69.06
319.652,measure,4928.0,2232.0,10.9993,68.94
319.752,measure,4928.0,2224.0,10.9599,69.03
319.852,measure,4928.0,2232.0,10.9993,68.91
319.952,measure,4928.0,2248.0,11.0781,68.97
320.052,measure,4928.0,2232.0,10.9993,68.75
320.152,measure,4928.0,2224.0,10.9599,69.03
320.253,measure,4928.0,2224.0,10.9599,68.69
320.353,measure,4928.0,2248.0,11.0781,68.94
320.453,measure,4928.0,2240.0,11.0387,69.16
320.553,measure,4928.0,2232.0,10.9993,68.81
320.653,measure,4928.0,2224.0,10.9599,68.84
320.753,measure,4928.0,2216.0,10.9204,68.78
320.853,measure,4928.0,2248.0,11.0781,69.06
320.953,measure,4928.0,2240.0,11.0387,68.97
321.054,measure,4928.0,2232.0,10.9993,68.94
321.154,measure,4928.0,2232.0,10.9993,68.81
321.254,measure,4928.0,2232.0,10.9993,68.94
321.354,measure,4928.0,2256.0,11.1176,69.03
321.454,measure,4928.0,2240.0,11.0387,69.00
321.554,measure,4928.0,2232.0,10.9993,69.09
321.654,measure,4928.0,2224.0,10.9599,68.88
321.754,measure,4928.0,2248.0,11.0781,68.78
321.855,measure,4928.0,2248.0,11.0781,69.09
321.955,measure,4928.0,2232.0,10.9993,69.03
322.055,measure,4928.0,2224.0,10.9599,68.75
322.155,measure,4928.0,2224.0,10.9599,68.69
322.256,measure,4928.0,2256.0,11.1176,68.84
322.356,measure,4928.0,2248.0,11.0781,68.81
322.456,measure,4928.0,2232.0,10.9993,68.84
322.556,measure,4928.0,2224.0,10.9599,68.81
322.656,measure,4928.0,2224.0,10.9599,68.88
322.756,measure,4928.0,2248.0,11.0781,69.00
322.857,measure,4928.0,2240.0,11.0387,68.88
322.957,measure,4928.0,2224.0,10.9599,69.09
323.057,measure,4928.0,2224.0,10.9599,68.88
323.157,measure,4928.0,2248.0,11.0781,68.81
323.257,measure,4928.0,2248.0,11.0781,69.06
323.357,measure,4928.0,2232.0,10.9993,69.00
323.457,measure,4928.0,2224.0,10.9599,68.78
323.558,measure,4928.0,2216.0,10.9204,69.06
323.658,measure,4928.0,2256.0,11.1176,69.12
323.758,measure,4928.0,2248.0,11.0781,68.84
323.858,measure,4928.0,2232.0,10.9993,68.91
323.959,measure,4928.0,2224.0,10.9599,68.75
324.059,measure,4928.0,2224.0,10.9599,68.69
324.159,measure,4928.0,2256.0,11.1176,68.94
324.259,measure,4928.0,2240.0,11.0387,68.94
324.359,measure,4928.0,2232.0,10.9993,69.09
324.459,measure,4928.0,2224.0,10.9599,68.84
324.560,measure,4928.0,2240.0,11.0387,69.19
324.660,measure,4928.0,2248.0,11.0781,69.16
324.760,measure,4928.0,2232.0,10.9993,69.03
324.860,measure,4928.0,2232.0,10.9993,68.84
324.961,measure,4928.0,2224.0,10.9599,68.94
325.061,measure,4928.0,2256.0,11.1176,68.91
325.161,measure,4928.0,2248.0,11.0781,68.88
325.261,measure,4928.0,2240.0,11.0387,68.78
325.361,measure,4928.0,2224.0,10.9599,68.84
325.461,measure,4928.0,2216.0,10.9204,68.72
325.561,measure,4928.0,2256.0,11.1176,69.03
325.661,measure,4928.0,2240.0,11.0387,68.84
325.762,measure,4928.0,2232.0,10.9993,68.91
325.862,measure,4928.0,2232.0,10.9993,68.84
325.962,measure,4928.0,2240.0,11.0387,68.88
326.062,measure,4928.0,2248.0,11.0781,69.12
326.163,measure,4928.0,2240.0,11.0387,68.94
326.263,measure,4928.0,2224.0,10.9599,68.94
326.363,measure,4928.0,2224.0,10.9599,68.91
326.463,measure,4928.0,2256.0,11.1176,69.03
326.563,measure,4928.0,2248.0,11.0781,68.88
326.663,measure,4928.0,2232.0,10.9993,69.16
326.763,measure,4928.0,2224.0,10.9599,69.03
326.863,measure,4928.0,2216.0,10.9204,68.69
326.964,measure,4928.0,2256.0,11.1176,68.81
327.064,measure,4928.0,2240.0,11.0387,68.97
327.164,measure,4928.0,2232.0,10.9993,68.91
327.264,measure,4928.0,2232.0,10.9993,68.88
327.364,measure,4928.0,2240.0,11.0387,68.88
327.464,measure,4928.0,2256.0,11.1176,68.84
327.565,measure,4928.0,2240.0,11.0387,69.00
327.665,measure,4928.0,2232.0,10.9993,68.81
327.765,measure,4928.0,2224.0,10.9599,69.00
327.865,measure,4928.0,2256.0,11.1176,69.09
327.966,measure,4928.0,2248.0,11.0781,69.03
328.066,measure,4928.0,2240.0,11.0387,69.22
328.166,measure,4928.0,2232.0,10.9993,69.03
328.266,measure,4928.0,2232.0,10.9993,68.75
328.366,measure,4928.0,2256.0,11.1176,69.22
328.467,measure,4928.0,2248.0,11.0781,68.94
328.567,measure,4928.0,2240.0,11.0387,68.84
328.667,measure,4928.0,2232.0,10.9993,68.94
328.768,measure,4928.0,2232.0,10.9993,68.78
328.868,measure,4928.0,2256.0,11.1176,69.09
328.968,measure,4928.0,2240.0,11.0387,69.09
329.068,measure,4928.0,2232.0,10.9993,68.88
329.168,measure,4928.0,2224.0,10.9599,68.91
329.268,measure,4928.0,2248.0,11.0781,69.06
329.369,measure,4928.0,2248.0,11.0781,68.88
329.469,measure,4928.0,2240.0,11.0387,69.12
329.569,measure,4928.0,2232.0,10.9993,69.00
329.669,measure,4928.0,2224.0,10.9599,68.69
329.769,measure,4928.0,2256.0,11.1176,69.16
329.869,measure,4928.0,2248.0,11.0781,68.91
329.969,measure,4928.0,2232.0,10.9993,68.88
330.069,measure,4928.0,2224.0,10.9599,68.84
330.170,measure,4928.0,2216.0,10.9204,68.69
330.270,measure,4928.0,2248.0,11.0781,68.88
330.370,measure,4928.0,2240.0,11.0387,68.97
330.470,measure,4928.0,2232.0,10.9993,68.88
330.570,measure,4928.0,2224.0,10.9599,68.84
330.670,measure,4928.0,2240.0,11.0387,69.03
330.770,measure,4928.0,2248.0,11.0781,68.97
330.870,measure,4928.0,2240.0,11.0387,69.06
330.971,measure,4928.0,2232.0,10.9993,69.00
331.071,measure,4928.0,2224.0,10.9599,68.84
331.171,measure,4928.0,2248.0,11.0781,69.16
331.271,measure,4928.0,2248.0,11.0781,69.09
331.371,measure,4928.0,2232.0,10.9993,69.00
331.471,measure,4928.0,2224.0,10.9599,69.06
331.571,measure,4928.0,2216.0,10.9204,68.94
331.671,measure,4928.0,2248.0,11.0781,68.94
331.772,measure,4928.0,2240.0,11.0387,68.81
331.872,measure,4928.0,2232.0,10.9993,69.12
331.972,measure,4928.0,2224.0,10.9599,68.78
332.072,measure,4928.0,2232.0,10.9993,68.91
332.172,measure,4928.0,2248.0,11.0781,68.97
332.272,measure,4928.0,2232.0,10.9993,68.94
332.372,measure,4928.0,2224.0,10.9599,69.03
332.472,measure,4928.0,2224.0,10.9599,68.88
332.573,measure,4928.0,2248.0,11.0781,69.16
332.673,measure,4928.0,2248.0,11.0781,69.03
332.773,measure,4928.0,2232.0,10.9993,69.03
332.873,measure,4928.0,2224.0,10.9599,69.09
332.973,measure,4928.0,2216.0,10.9204,68.88
333.073,measure,4928.0,2256.0,11.1176,69.06
333.174,measure,4928.0,2240.0,11.0387,68.84
333.274,measure,4928.0,2232.0,10.9993,69.09
333.374,measure,4928.0,2224.0,10.9599,68.84
333.474,measure,4928.0,2232.0,10.9993,68.72
333.574,measure,4928.0,2256.0,11.1176,69.16
333.674,measure,4928.0,2240.0,11.0387,68.88
333.774,measure,4928.0,2232.0,10.9993,68.81
333.874,measure,4928.0,2224.0,10.9599,68.88
333.975,measure,4928.0,2248.0,11.0781,68.94
334.075,measure,4928.0,2248.0,11.0781,69.06
334.175,measure,4928.0,2240.0,11.0387,68.97
334.275,measure,4928.0,2232.0,10.9993,69.16
334.375,measure,4928.0,2224.0,10.9599,68.94
334.475,measure,4928.0,2256.0,11.1176,69.06
334.575,measure,4928.0,2248.0,11.0781,69.25
334.676,measure,4928.0,2232.0,10.9993,69.16
334.776,measure,4928.0,2232.0,10.9993,68.94
334.876,measure,4928.0,2232.0,10.9993,68.59
334.976,measure,4928.0,2256.0,11.1176,69.16
335.077,measure,4928.0,2240.0,11.0387,68.84
335.177,measure,4928.0,2232.0,10.9993,68.78
335.277,measure,4928.0,2224.0,10.9599,68.88
335.377,measure,4928.0,2248.0,11.0781,68.91
335.477,measure,4928.0,2248.0,11.0781,68.84
335.578,measure,4928.0,2240.0,11.0387,68.97
335.678,measure,4928.0,2232.0,10.9993,68.94
335.778,measure,4928.0,2224.0,10.9599,68.94
335.879,measure,4928.0,2256.0,11.1176,68.94
335.979,measure,4928.0,2248.0,11.0781,69.16
336.079,measure,4928.0,2232.0,10.9993,69.09
336.179,measure,4928.0,2224.0,10.9599,68.94
336.279,measure,4928.0,2216.0,10.9204,68.69
336.379,measure,4928.0,2256.0,11.1176,69.16
336.479,measure,4928.0,2240.0,11.0387,68.91
336.579,measure,4928.0,2232.0,10.9993,68.91
336.680,measure,4928.0,2224.0,10.9599,69.06
336.780,measure,4928.0,2240.0,11.0387,68.88
336.880,measure,4928.0,2248.0,11.0781,68.91
336.980,measure,4928.0,2240.0,11.0387,68.91
337.080,measure,4928.0,2232.0,10.9993,68.91
337.180,measure,4928.0,2224.0,10.9599,68.94
337.281,measure,4928.0,2256.0,11.1176,69.03
337.381,measure,4928.0,2248.0,11.0781,69.16
337.481,measure,4928.0,2232.0,10.9993,69.03
337.581,measure,4928.0,2224.0,10.9599,68.88
337.681,measure,4928.0,2216.0,10.9204,69.03
337.782,measure,4928.0,2256.0,11.1176,69.09
337.882,measure,4928.0,2240.0,11.0387,69.06
337.982,measure,4928.0,2232.0,10.9993,68.81
338.082,measure,4928.0,2232.0,10.9993,69.06
338.182,measure,4928.0,2232.0,10.9993,68.72
338.283,measure,4928.0,2248.0,11.0781,68.91
338.383,measure,4928.0,2240.0,11.0387,69.00
338.483,measure,4928.0,2232.0,10.9993,68.88
338.583,measure,4928.0,2224.0,10.9599,68.88
338.684,measure,4928.0,2248.0,11.0781,69.03
338.784,measure,4928.0,2248.0,11.0781,69.09
338.884,measure,4928.0,2232.0,10.9993,69.09
338.984,measure,4928.0,2224.0,10.9599,68.97
339.084,measure,4928.0,2216.0,10.9204,69.06
339.184,measure,4928.0,2248.0,11.0781,69.06
339.284,measure,4928.0,2240.0,11.0387,69.00
339.384,measure,4928.0,2232.0,10.9993,68.81
339.485,measure,4928.0,2224.0,10.9599,68.97
339.585,measure,4928.0,2224.0,10.9599,68.94
339.685,measure,4928.0,2256.0,11.1176,68.81
339.785,measure,4928.0,2240.0,11.0387,69.16
339.885,measure,4928.0,2232.0,10.9993,68.91
339.985,measure,4928.0,2224.0,10.9599,68.81
340.085,measure,4928.0,2248.0,11.0781,68.91
340.185,measure,4928.0,2248.0,11.0781,68.94
340.286,measure,4928.0,2240.0,11.0387,69.06
340.386,measure,4928.0,2224.0,10.9599,68.91
340.486,measure,4928.0,2216.0,10.9204,68.78
340.586,measure,4928.0,2248.0,11.0781,69.16
340.686,measure,4928.0,2240.0,11.0387,68.94
340.786,measure,4928.0,2232.0,10.9993,68.88
340.886,measure,4928.0,2224.0,10.9599,69.09
340.986,measure,4928.0,2216.0,10.9204,68.88
341.087,measure,4928.0,2248.0,11.0781,69.09
341.187,measure,4928.0,2240.0,11.0387,69.16
341.287,measure,4928.0,2224.0,10.9599,69.03
341.387,measure,4928.0,2224.0,10.9599,68.72
341.487,measure,4928.0,2240.0,11.0387,69.16
341.587,measure,4928.0,2248.0,11.0781,69.16
341.687,measure,4928.0,2232.0,10.9993,68.84
341.787,measure,4928.0,2224.0,10.9599,68.81
341.887,measure,4928.0,2216.0,10.9204,68.84
341.988,measure,4928.0,2248.0,11.0781,68.97
342.088,measure,4928.0,2240.0,11.0387,69.00
342.188,measure,4928.0,2232.0,10.9993,68.91
342.288,measure,4928.0,2224.0,10.9599,68.81
342.388,measure,4928.0,2216.0,10.9204,68.88
342.488,measure,4928.0,2256.0,11.1176,69.00
342.588,measure,4928.0,2240.0,11.0387,69.16
342.688,measure,4928.0,2232.0,10.9993,69.06
342.789,measure,4928.0,2224.0,10.9599,68.88
342.889,measure,4928.0,2240.0,11.0387,69.12
342.989,measure,4928.0,2248.0,11.0781,69.12
343.089,measure,4928.0,2232.0,10.9993,69.00
343.189,measure,4928.0,2224.0,10.9599,68.84
343.289,measure,4928.0,2224.0,10.9599,68.97
343.389,measure,4928.0,2256.0,11.1176,68.91
343.490,measure,4928.0,2240.0,11.0387,68.91
343.590,measure,4928.0,2232.0,10.9993,68.97
343.690,measure,4928.0,2232.0,10.9993,68.88
343.790,measure,4928.0,2224.0,10.9599,68.88
343.890,measure,4928.0,2256.0,11.1176,68.97
343.990,measure,4928.0,2240.0,11.0387,68.91
344.090,measure,4928.0,2232.0,10.9993,69.00
344.191,measure,4928.0,2224.0,10.9599,68.94
344.291,measure,4928.0,2240.0,11.0387,69.00
344.391,measure,4928.0,2248.0,11.0781,69.06
344.491,measure,4928.0,2240.0,11.0387,69.00
344.591,measure,4928.0,2224.0,10.9599,69.19
344.691,measure,4928.0,2224.0,10.9599,68.97
344.791,measure,4928.0,2256.0,11.1176,68.91
344.891,measure,4928.0,2248.0,11.0781,68.88
344.992,measure,4928.0,2232.0,10.9993,69.06
345.092,measure,4928.0,2224.0,10.9599,68.84
345.192,measure,4928.0,2224.0,10.9599,68.69
345.292,measure,4928.0,2256.0,11.1176,69.31
345.392,measure,4928.0,2240.0,11.0387,68.88
345.492,measure,4928.0,2232.0,10.9993,68.78
345.592,measure,4928.0,2224.0,10.9599,68.84
345.692,measure,4928.0,2224.0,10.9599,68.78
345.793,measure,4928.0,2248.0,11.0781,69.09
345.893,measure,4928.0,2240.0,11.0387,69.03
345.993,measure,4928.0,2232.0,10.9993,68.91
346.093,measure,4928.0,2224.0,10.9599,69.00
346.193,measure,4928.0,2248.0,11.0781,69.00
346.293,measure,4928.0,2248.0,11.0781,69.19
346.393,measure,4928.0,2232.0,10.9993,69.00
346.493,measure,4928.0,2224.0,10.9599,68.97
346.594,measure,4928.0,2216.0,10.9204,68.59
346.694,measure,4928.0,2248.0,11.0781,69.19
346.794,measure,4928.0,2248.0,11.0781,68.91
346.894,measure,4928.0,2232.0,10.9993,68.88
346.994,measure,4928.0,2224.0,10.9599,69.09
347.095,measure,4928.0,2224.0,10.9599,68.72
347.195,measure,4928.0,2256.0,11.1176,68.97
347.295,measure,4928.0,2240.0,11.0387,68.94
347.395,measure,4928.0,2232.0,10.9993,68.94
347.495,measure,4928.0,2232.0,10.9993,68.97
347.595,measure,4928.0,2248.0,11.0781,69.00
347.695,measure,4928.0,2248.0,11.0781,69.22
347.796,measure,4928.0,2240.0,11.0387,69.12
347.896,measure,4928.0,2224.0,10.9599,69.03
347.996,measure,4928.0,2224.0,10.9599,68.84
348.096,measure,4928.0,2248.0,11.0781,69.09
348.196,measure,4928.0,2240.0,11.0387,69.06
348.296,measure,4928.0,2232.0,10.9993,68.81
348.397,measure,4928.0,2224.0,10.9599,69.16
348.497,measure,4928.0,2208.0,10.8810,68.69
348.597,measure,4928.0,2248.0,11.0781,68.91
348.697,measure,4928.0,2240.0,11.0387,68.97
348.797,measure,4928.0,2224.0,10.9599,68.91
348.897,measure,4928.0,2224.0,10.9599,68.97
348.998,measure,4928.0,2232.0,10.9993,68.91
349.098,measure,4928.0,2248.0,11.0781,68.94
349.198,measure,4928.0,2232.0,10.9993,69.09
349.298,measure,4928.0,2232.0,10.9993,68.94
349.398,measure,4928.0,2224.0,10.9599,68.78
349.498,measure,4928.0,2256.0,11.1176,69.12
349.599,measure,4928.0,2248.0,11.0781,69.00
349.699,measure,4928.0,2232.0,10.9993,68.75
349.799,measure,4928.0,2224.0,10.9599,69.09
349.899,measure,4928.0,2216.0,10.9204,68.88
349.999,measure,4928.0,2256.0,11.1176,68.91
350.099,measure,4928.0,2240.0,11.0387,69.22
350.199,measure,4928.0,2232.0,10.9993,68.84
350.299,measure,4928.0,2224.0,10.9599,68.72
350.400,measure,4928.0,2240.0,11.0387,68.88
350.500,measure,4928.0,2248.0,11.0781,68.91
350.600,measure,4928.0,2240.0,11.0387,69.03
350.700,measure,4928.0,2232.0,10.9993,68.91
350.800,measure,4928.0,2232.0,10.9993,68.88
350.900,measure,4928.0,2256.0,11.1176,69.16
351.000,measure,4928.0,2248.0,11.0781,68.97
351.101,measure,4928.0,2240.0,11.0387,68.91
351.201,measure,4928.0,2232.0,10.9993,69.03
351.301,measure,4928.0,2224.0,10.9599,68.84
351.401,measure,4928.0,2256.0,11.1176,69.03
351.501,measure,4928.0,2240.0,11.0387,69.16
351.601,measure,4928.0,2232.0,10.9993,69.03
351.701,measure,4928.0,2224.0,10.9599,68.78
351.801,measure,4928.0,2232.0,10.9993,68.78
351.902,measure,4928.0,2248.0,11.0781,69.16
352.002,measure,4928.0,2240.0,11.0387,68.84
352.102,measure,4928.0,2232.0,10.9993,68.81
352.202,measure,4928.0,2224.0,10.9599,68.84
352.302,measure,4928.0,2256.0,11.1176,69.00
352.403,measure,4928.0,2248.0,11.0781,68.97
352.503,measure,4928.0,2232.0,10.9993,68.94
352.603,measure,4928.0,2224.0,10.9599,69.03
352.703,measure,4928.0,2216.0,10.9204,68.84
352.803,measure,4928.0,2256.0,11.1176,69.03
352.904,measure,4928.0,2248.0,11.0781,69.09
353.004,measure,4928.0,2232.0,10.9993,69.03
353.104,measure,4928.0,2224.0,10.9599,68.78
353.204,measure,4928.0,2232.0,10.9993,69.12
353.304,measure,4928.0,2256.0,11.1176,69.09
353.404,measure,4928.0,2240.0,11.0387,68.88
353.504,measure,4928.0,2224.0,10.9599,68.88
353.605,measure,4928.0,2216.0,10.9204,68.81
353.705,measure,4928.0,2248.0,11.0781,68.97
353.805,measure,4928.0,2240.0,11.0387,69.00
353.905,measure,4928.0,2232.0,10.9993,69.00
354.005,measure,4928.0,2224.0,10.9599,68.91
354.105,measure,4928.0,2216.0,10.9204,68.88
354.205,measure,4928.0,2256.0,11.1176,68.97
354.305,measure,4928.0,2240.0,11.0387,68.97
354.406,measure,4928.0,2232.0,10.9993,69.06
354.506,measure,4928.0,2232.0,10.9993,68.88
354.606,measure,4928.0,2232.0,10.9993,69.06
354.706,measure,4928.0,2256.0,11.1176,69.12
354.806,measure,4928.0,2240.0,11.0387,69.00
354.906,measure,4928.0,2232.0,10.9993,68.81
355.006,measure,4928.0,2224.0,10.9599,69.00
355.106,measure,4928.0,2256.0,11.1176,68.91
355.207,measure,4928.0,2248.0,11.0781,68.84
355.307,measure,4928.0,2240.0,11.0387,68.97
355.407,measure,4928.0,2232.0,10.9993,68.81
355.507,measure,4928.0,2224.0,10.9599,68.75
355.607,measure,4928.0,2256.0,11.1176,68.97
355.708,measure,4928.0,2248.0,11.0781,68.94
355.808,measure,4928.0,2232.0,10.9993,69.00
355.908,measure,4928.0,2232.0,10.9993,68.91
356.008,measure,4928.0,2224.0,10.9599,68.97
356.108,measure,4928.0,2256.0,11.1176,69.12
356.208,measure,4928.0,2240.0,11.0387,69.06
356.309,measure,4928.0,2232.0,10.9993,69.16
356.409,measure,4928.0,2224.0,10.9599,68.97
356.509,measure,4928.0,2248.0,11.0781,69.09
356.609,measure,4928.0,2256.0,11.1176,68.91
356.709,measure,4928.0,2240.0,11.0387,69.16
356.809,measure,4928.0,2232.0,10.9993,68.88
356.909,measure,4928.0,2224.0,10.9599,68.78
357.009,measure,4928.0,2256.0,11.1176,69.19
357.110,measure,4928.0,2248.0,11.0781,68.94
357.210,measure,4928.0,2232.0,10.9993,68.91
357.310,measure,4928.0,2232.0,10.9993,68.91
357.410,measure,4928.0,2216.0,10.9204,68.69
357.510,measure,4928.0,2256.0,11.1176,69.06
357.611,measure,4928.0,2240.0,11.0387,69.06
357.711,measure,4928.0,2232.0,10.9993,69.16
357.811,measure,4928.0,2224.0,10.9599,69.03
357.911,measure,4928.0,2232.0,10.9993,68.88
358.011,measure,4928.0,2248.0,11.0781,68.84
358.112,measure,4928.0,2240.0,11.0387,69.12
358.212,measure,4928.0,2232.0,10.9993,69.12
358.312,measure,4928.0,2224.0,10.9599,68.72
358.412,measure,4928.0,2248.0,11.0781,69.16
358.512,measure,4928.0,2248.0,11.0781,68.94
358.612,measure,4928.0,2232.0,10.9993,68.81
358.712,measure,4928.0,2224.0,10.9599,68.94
358.812,measure,4928.0,2216.0,10.9204,68.78
358.913,measure,4928.0,2248.0,11.0781,68.94
359.013,measure,4928.0,2240.0,11.0387,69.00
359.113,measure,4928.0,2232.0,10.9993,68.91
359.213,measure,4928.0,2224.0,10.9599,68.97
359.313,measure,4928.0,2224.0,10.9599,68.88
359.413,measure,4928.0,2248.0,11.0781,69.28
359.513,measure,4928.0,2240.0,11.0387,69.12
359.614,measure,4928.0,2224.0,10.9599,69.03
359.714,measure,4928.0,2224.0,10.9599,68.69
359.814,measure,4928.0,2248.0,11.0781,69.16
359.914,measure,4928.0,2248.0,11.0781,69.12
360.014,measure,4928.0,2232.0,10.9993,68.84
360.114,measure,4928.0,2224.0,10.9599,69.16
360.214,measure,4928.0,2224.0,10.9599,68.75
360.314,measure,4928.0,2256.0,11.1176,68.94
360.415,measure,4928.0,2248.0,11.0781,69.06
