t_rel_s,phase,mv,ma,watt,temp_max_c
0.000,warmup,4984.0,1032.0,5.1435,58.59
0.100,warmup,4984.0,1024.0,5.1036,58.62
0.200,warmup,4984.0,1000.0,4.9840,58.50
0.300,warmup,4984.0,976.0,4.8644,58.47
0.401,warmup,4984.0,968.0,4.8245,58.56
0.501,warmup,4992.0,960.0,4.7923,58.56
0.601,warmup,4992.0,944.0,4.7124,58.47
0.701,warmup,4992.0,944.0,4.7124,58.44
0.801,warmup,4992.0,936.0,4.6725,58.44
0.901,warmup,4992.0,928.0,4.6326,58.41
1.001,warmup,4992.0,928.0,4.6326,58.59
1.102,warmup,4992.0,928.0,4.6326,58.59
1.202,warmup,4992.0,928.0,4.6326,58.50
1.302,warmup,4992.0,920.0,4.5926,58.50
1.402,warmup,4992.0,920.0,4.5926,58.44
1.502,warmup,4992.0,920.0,4.5926,58.47
1.602,warmup,4992.0,920.0,4.5926,58.44
1.702,warmup,4992.0,920.0,4.5926,58.44
1.803,warmup,4992.0,920.0,4.5926,58.44
1.903,warmup,4992.0,920.0,4.5926,58.62
2.003,warmup,4992.0,920.0,4.5926,58.53
2.103,warmup,4992.0,920.0,4.5926,58.47
2.203,warmup,4992.0,920.0,4.5926,58.53
2.303,warmup,4992.0,920.0,4.5926,58.50
2.403,warmup,4992.0,920.0,4.5926,58.47
2.503,warmup,4992.0,920.0,4.5926,58.44
2.604,warmup,4992.0,920.0,4.5926,58.47
2.704,warmup,4992.0,920.0,4.5926,58.34
2.804,warmup,4992.0,920.0,4.5926,58.69
2.904,warmup,4992.0,920.0,4.5926,58.53
3.004,warmup,4992.0,920.0,4.5926,58.59
3.104,warmup,4992.0,920.0,4.5926,58.50
3.204,warmup,4992.0,920.0,4.5926,58.47
3.305,warmup,4992.0,920.0,4.5926,58.50
3.405,warmup,4992.0,920.0,4.5926,58.47
3.505,warmup,4992.0,920.0,4.5926,58.41
3.605,warmup,4992.0,920.0,4.5926,58.41
3.705,warmup,4992.0,920.0,4.5926,58.62
3.805,warmup,4992.0,920.0,4.5926,58.53
3.906,warmup,4992.0,920.0,4.5926,58.59
4.006,warmup,4992.0,920.0,4.5926,58.50
4.106,warmup,4992.0,920.0,4.5926,58.50
4.206,warmup,4992.0,920.0,4.5926,58.44
4.307,warmup,4992.0,920.0,4.5926,58.44
4.407,warmup,4992.0,920.0,4.5926,58.44
4.507,warmup,4992.0,920.0,4.5926,58.44
4.607,warmup,4992.0,920.0,4.5926,58.41
4.707,warmup,4992.0,920.0,4.5926,58.44
4.808,warmup,4992.0,920.0,4.5926,58.56
4.908,warmup,4992.0,920.0,4.5926,58.59
5.008,warmup,4992.0,920.0,4.5926,58.47
5.108,warmup,4992.0,920.0,4.5926,58.44
5.208,warmup,4992.0,920.0,4.5926,58.50
5.308,warmup,4992.0,920.0,4.5926,58.44
5.409,warmup,4992.0,920.0,4.5926,58.47
5.509,warmup,4992.0,920.0,4.5926,58.38
5.609,warmup,4992.0,920.0,4.5926,58.44
5.709,warmup,4992.0,920.0,4.5926,58.59
5.809,warmup,4992.0,920.0,4.5926,58.56
5.909,warmup,4992.0,920.0,4.5926,58.50
6.009,warmup,4992.0,920.0,4.5926,58.50
6.109,warmup,4992.0,920.0,4.5926,58.44
6.210,warmup,4992.0,920.0,4.5926,58.44
6.310,warmup,4992.0,920.0,4.5926,58.44
6.410,warmup,4992.0,920.0,4.5926,58.44
6.510,warmup,4992.0,920.0,4.5926,58.62
6.611,warmup,4992.0,920.0,4.5926,58.59
6.711,warmup,4992.0,920.0,4.5926,58.53
6.811,warmup,4992.0,920.0,4.5926,58.53
6.911,warmup,4992.0,920.0,4.5926,58.50
7.012,warmup,4992.0,920.0,4.5926,58.44
7.112,warmup,4992.0,920.0,4.5926,58.47
7.212,warmup,4992.0,920.0,4.5926,58.44
7.313,warmup,4992.0,920.0,4.5926,58.44
7.413,warmup,4992.0,920.0,4.5926,58.44
7.513,warmup,4992.0,920.0,4.5926,58.59
7.613,warmup,4992.0,920.0,4.5926,58.62
7.713,warmup,4992.0,920.0,4.5926,58.59
7.813,warmup,4992.0,920.0,4.5926,58.47
7.914,warmup,4992.0,920.0,4.5926,58.38
8.014,warmup,4992.0,920.0,4.5926,58.44
8.114,warmup,4992.0,920.0,4.5926,58.47
8.214,warmup,4992.0,928.0,4.6326,58.38
8.314,warmup,4992.0,928.0,4.6326,58.47
8.414,warmup,4992.0,920.0,4.5926,58.41
8.514,warmup,4992.0,920.0,4.5926,58.59
8.614,warmup,4992.0,920.0,4.5926,58.56
8.715,warmup,4992.0,920.0,4.5926,58.47
8.815,warmup,4992.0,920.0,4.5926,58.47
8.915,warmup,4992.0,920.0,4.5926,58.44
9.015,warmup,4992.0,920.0,4.5926,58.50
9.115,warmup,4992.0,920.0,4.5926,58.38
9.215,warmup,4992.0,920.0,4.5926,58.41
9.316,warmup,4992.0,920.0,4.5926,58.59
9.416,warmup,4992.0,920.0,4.5926,58.62
9.516,warmup,4992.0,920.0,4.5926,58.59
9.616,warmup,4992.0,920.0,4.5926,58.47
9.716,warmup,4992.0,920.0,4.5926,58.53
9.816,warmup,4992.0,920.0,4.5926,58.47
9.916,warmup,4992.0,920.0,4.5926,58.44
10.017,warmup,4992.0,920.0,4.5926,58.44
10.117,warmup,4992.0,920.0,4.5926,58.44
10.217,warmup,4992.0,920.0,4.5926,58.62
10.317,warmup,4992.0,920.0,4.5926,58.66
10.417,warmup,4992.0,920.0,4.5926,58.56
10.517,warmup,4992.0,920.0,4.5926,58.56
10.617,warmup,4992.0,920.0,4.5926,58.50
10.718,warmup,4992.0,920.0,4.5926,58.53
10.818,warmup,4992.0,920.0,4.5926,58.44
10.918,warmup,4992.0,920.0,4.5926,58.44
11.018,warmup,4992.0,920.0,4.5926,58.44
11.118,warmup,4992.0,920.0,4.5926,58.69
11.218,warmup,4992.0,920.0,4.5926,58.62
11.319,warmup,4992.0,920.0,4.5926,58.59
11.419,warmup,4992.0,920.0,4.5926,58.50
11.519,warmup,4992.0,920.0,4.5926,58.50
11.620,warmup,4992.0,920.0,4.5926,58.47
11.720,warmup,4992.0,920.0,4.5926,58.44
11.820,warmup,4992.0,920.0,4.5926,58.50
11.921,warmup,4992.0,920.0,4.5926,58.41
12.021,warmup,4992.0,920.0,4.5926,58.44
12.121,warmup,4992.0,920.0,4.5926,58.44
12.221,warmup,4992.0,920.0,4.5926,58.56
12.321,warmup,4992.0,920.0,4.5926,58.59
12.421,warmup,4992.0,920.0,4.5926,58.47
12.522,warmup,4992.0,920.0,4.5926,58.44
12.622,warmup,4992.0,920.0,4.5926,58.50
12.722,warmup,4992.0,920.0,4.5926,58.44
12.822,warmup,4992.0,920.0,4.5926,58.44
12.922,warmup,4992.0,920.0,4.5926,58.38
13.022,warmup,4992.0,920.0,4.5926,58.44
13.122,warmup,4992.0,920.0,4.5926,58.56
13.222,warmup,4992.0,920.0,4.5926,58.56
13.323,warmup,4992.0,920.0,4.5926,58.53
13.423,warmup,4992.0,928.0,4.6326,58.50
13.523,warmup,4992.0,928.0,4.6326,58.44
13.623,warmup,4992.0,920.0,4.5926,58.44
13.723,warmup,4992.0,920.0,4.5926,58.44
13.823,warmup,4992.0,920.0,4.5926,58.38
13.924,warmup,4992.0,920.0,4.5926,58.41
14.024,warmup,4992.0,920.0,4.5926,58.66
14.124,warmup,4992.0,920.0,4.5926,58.62
14.224,warmup,4992.0,920.0,4.5926,58.50
14.324,warmup,4992.0,920.0,4.5926,58.47
14.424,warmup,4992.0,920.0,4.5926,58.44
14.524,warmup,4992.0,920.0,4.5926,58.41
14.624,warmup,4992.0,920.0,4.5926,58.44
14.724,warmup,4992.0,920.0,4.5926,58.38
14.825,warmup,4992.0,920.0,4.5926,58.62
14.925,warmup,4992.0,920.0,4.5926,58.59
15.025,warmup,4992.0,920.0,4.5926,58.59
15.125,warmup,4992.0,920.0,4.5926,58.50
15.225,warmup,4992.0,920.0,4.5926,58.56
15.325,warmup,4992.0,920.0,4.5926,58.44
15.425,warmup,4992.0,920.0,4.5926,58.44
15.525,warmup,4992.0,920.0,4.5926,58.44
15.626,warmup,4992.0,920.0,4.5926,58.44
15.726,warmup,4992.0,920.0,4.5926,58.38
15.826,warmup,4992.0,920.0,4.5926,58.62
15.926,warmup,4992.0,920.0,4.5926,58.59
16.026,warmup,4992.0,920.0,4.5926,58.47
16.126,warmup,4992.0,920.0,4.5926,58.53
16.226,warmup,4992.0,920.0,4.5926,58.47
16.326,warmup,4992.0,920.0,4.5926,58.44
16.427,warmup,4992.0,920.0,4.5926,58.50
16.527,warmup,4992.0,920.0,4.5926,58.41
16.627,warmup,4992.0,920.0,4.5926,58.41
16.727,warmup,4992.0,920.0,4.5926,58.66
16.827,warmup,4992.0,920.0,4.5926,58.56
16.927,warmup,4992.0,920.0,4.5926,58.56
17.028,warmup,4992.0,920.0,4.5926,58.50
17.128,warmup,4992.0,920.0,4.5926,58.47
17.228,warmup,4992.0,920.0,4.5926,58.44
17.328,warmup,4992.0,920.0,4.5926,58.44
17.428,warmup,4992.0,920.0,4.5926,58.44
17.528,warmup,4992.0,920.0,4.5926,58.50
17.628,warmup,4992.0,920.0,4.5926,58.62
17.728,warmup,4992.0,920.0,4.5926,58.66
17.829,warmup,4992.0,920.0,4.5926,58.56
17.929,warmup,4992.0,920.0,4.5926,58.50
18.029,warmup,4992.0,920.0,4.5926,58.56
18.129,warmup,4992.0,920.0,4.5926,58.47
18.229,warmup,4992.0,920.0,4.5926,58.50
18.330,warmup,4992.0,920.0,4.5926,58.44
18.430,warmup,4992.0,920.0,4.5926,58.44
18.530,warmup,4992.0,920.0,4.5926,58.41
18.630,warmup,4992.0,920.0,4.5926,58.56
18.730,warmup,4992.0,920.0,4.5926,58.59
18.831,warmup,4992.0,920.0,4.5926,58.56
18.931,warmup,4992.0,920.0,4.5926,58.50
19.031,warmup,4992.0,920.0,4.5926,58.44
19.131,warmup,4992.0,920.0,4.5926,58.44
19.231,warmup,4992.0,920.0,4.5926,58.56
19.331,warmup,4992.0,920.0,4.5926,58.44
19.431,warmup,4992.0,920.0,4.5926,58.44
19.531,warmup,4992.0,920.0,4.5926,58.62
19.631,warmup,4992.0,920.0,4.5926,58.56
19.732,warmup,4992.0,920.0,4.5926,58.47
19.832,warmup,4992.0,920.0,4.5926,58.50
19.932,warmup,4992.0,920.0,4.5926,58.47
20.032,warmup,4992.0,920.0,4.5926,58.50
20.132,warmup,4992.0,920.0,4.5926,58.44
20.232,warmup,4992.0,920.0,4.5926,58.50
20.332,warmup,4992.0,920.0,4.5926,58.44
20.432,warmup,4992.0,920.0,4.5926,58.41
20.533,warmup,4992.0,920.0,4.5926,58.59
20.633,warmup,4992.0,920.0,4.5926,58.53
20.733,warmup,4992.0,920.0,4.5926,58.50
20.833,warmup,4992.0,920.0,4.5926,58.44
20.933,warmup,4992.0,920.0,4.5926,58.47
21.033,warmup,4992.0,920.0,4.5926,58.44
21.133,warmup,4992.0,920.0,4.5926,58.47
21.233,warmup,4992.0,920.0,4.5926,58.44
21.334,warmup,4992.0,920.0,4.5926,58.38
21.434,warmup,4992.0,920.0,4.5926,58.59
21.534,warmup,4992.0,920.0,4.5926,58.56
21.634,warmup,4992.0,920.0,4.5926,58.53
21.734,warmup,4992.0,920.0,4.5926,58.47
21.834,warmup,4992.0,920.0,4.5926,58.47
21.935,warmup,4992.0,920.0,4.5926,58.38
22.035,warmup,4992.0,920.0,4.5926,58.44
22.135,warmup,4992.0,920.0,4.5926,58.44
22.235,warmup,4992.0,920.0,4.5926,58.44
22.335,warmup,4992.0,920.0,4.5926,58.53
22.435,warmup,4992.0,920.0,4.5926,58.62
22.535,warmup,4992.0,920.0,4.5926,58.56
22.635,warmup,4992.0,920.0,4.5926,58.47
22.736,warmup,4992.0,920.0,4.5926,58.41
22.836,warmup,4992.0,920.0,4.5926,58.44
22.936,warmup,4992.0,920.0,4.5926,58.44
23.036,warmup,4992.0,920.0,4.5926,58.44
23.136,warmup,4992.0,920.0,4.5926,58.41
23.236,warmup,4992.0,920.0,4.5926,58.50
23.337,warmup,4992.0,920.0,4.5926,58.53
23.437,warmup,4992.0,920.0,4.5926,58.44
23.537,warmup,4992.0,920.0,4.5926,58.50
23.637,warmup,4992.0,920.0,4.5926,58.53
23.737,warmup,4992.0,920.0,4.5926,58.41
23.837,warmup,4992.0,920.0,4.5926,58.41
23.937,warmup,4992.0,920.0,4.5926,58.41
24.037,warmup,4992.0,920.0,4.5926,58.59
24.138,warmup,4992.0,920.0,4.5926,58.56
24.238,warmup,4992.0,920.0,4.5926,58.59
24.338,warmup,4992.0,920.0,4.5926,58.47
24.438,warmup,4992.0,920.0,4.5926,58.47
24.538,warmup,4992.0,920.0,4.5926,58.44
24.638,warmup,4992.0,920.0,4.5926,58.44
24.738,warmup,4992.0,920.0,4.5926,58.44
24.838,warmup,4992.0,920.0,4.5926,58.41
24.939,warmup,4992.0,920.0,4.5926,58.59
25.039,warmup,4992.0,920.0,4.5926,58.59
25.139,warmup,4992.0,920.0,4.5926,58.56
25.239,warmup,4992.0,920.0,4.5926,58.47
25.339,warmup,4992.0,920.0,4.5926,58.44
25.439,warmup,4992.0,920.0,4.5926,58.47
25.539,warmup,4992.0,920.0,4.5926,58.44
25.639,warmup,4992.0,920.0,4.5926,58.41
25.740,warmup,4992.0,920.0,4.5926,58.41
25.840,warmup,4992.0,920.0,4.5926,58.53
25.940,warmup,4992.0,920.0,4.5926,58.62
26.040,warmup,4992.0,920.0,4.5926,58.56
26.140,warmup,4992.0,920.0,4.5926,58.47
26.240,warmup,4992.0,920.0,4.5926,58.47
26.340,warmup,4992.0,920.0,4.5926,58.41
26.440,warmup,4992.0,920.0,4.5926,58.44
26.540,warmup,4992.0,920.0,4.5926,58.41
26.641,warmup,4992.0,920.0,4.5926,58.38
26.741,warmup,4992.0,920.0,4.5926,58.56
26.841,warmup,4992.0,920.0,4.5926,58.56
26.941,warmup,4992.0,920.0,4.5926,58.53
27.041,warmup,4992.0,920.0,4.5926,58.53
27.141,warmup,4992.0,920.0,4.5926,58.50
27.242,warmup,4992.0,920.0,4.5926,58.44
27.342,warmup,4992.0,920.0,4.5926,58.47
27.442,warmup,4992.0,920.0,4.5926,58.44
27.542,warmup,4992.0,920.0,4.5926,58.44
27.642,warmup,4992.0,920.0,4.5926,58.53
27.742,warmup,4992.0,920.0,4.5926,58.56
27.842,warmup,4992.0,920.0,4.5926,58.50
27.942,warmup,4992.0,920.0,4.5926,58.44
28.043,warmup,4992.0,920.0,4.5926,58.44
28.143,warmup,4992.0,920.0,4.5926,58.47
28.243,warmup,4992.0,920.0,4.5926,58.44
28.343,warmup,4992.0,920.0,4.5926,58.44
28.443,warmup,4992.0,920.0,4.5926,58.41
28.543,warmup,4992.0,920.0,4.5926,58.66
28.643,warmup,4992.0,920.0,4.5926,58.62
28.744,warmup,4992.0,920.0,4.5926,58.50
28.844,warmup,4992.0,920.0,4.5926,58.50
28.944,warmup,4992.0,920.0,4.5926,58.44
29.044,warmup,4992.0,920.0,4.5926,58.47
29.144,warmup,4992.0,920.0,4.5926,58.44
29.244,warmup,4992.0,920.0,4.5926,58.44
29.344,warmup,4992.0,920.0,4.5926,58.38
29.445,warmup,4992.0,920.0,4.5926,58.44
29.545,warmup,4992.0,920.0,4.5926,58.59
29.645,warmup,4992.0,920.0,4.5926,58.47
29.745,warmup,4992.0,920.0,4.5926,58.47
29.845,warmup,4992.0,920.0,4.5926,58.50
29.945,warmup,4992.0,920.0,4.5926,58.44
30.045,warmup,4992.0,920.0,4.5926,58.44
30.145,warmup,4992.0,920.0,4.5926,58.44
30.246,warmup,4992.0,920.0,4.5926,58.38
30.346,warmup,4992.0,920.0,4.5926,58.41
30.446,warmup,4992.0,920.0,4.5926,58.56
30.546,warmup,4992.0,920.0,4.5926,58.50
30.646,warmup,4992.0,920.0,4.5926,58.53
30.746,warmup,4992.0,920.0,4.5926,58.50
30.846,warmup,4992.0,920.0,4.5926,58.44
30.946,warmup,4992.0,920.0,4.5926,58.44
31.047,warmup,4992.0,920.0,4.5926,58.38
31.147,warmup,4992.0,920.0,4.5926,58.44
31.247,warmup,4992.0,920.0,4.5926,58.31
31.347,warmup,4992.0,920.0,4.5926,58.56
31.447,warmup,4992.0,920.0,4.5926,58.50
31.547,warmup,4992.0,928.0,4.6326,58.47
31.647,warmup,4992.0,928.0,4.6326,58.47
31.748,warmup,4992.0,928.0,4.6326,58.44
31.848,warmup,4992.0,928.0,4.6326,58.44
31.948,warmup,4992.0,928.0,4.6326,58.38
32.048,warmup,4992.0,928.0,4.6326,58.47
32.148,warmup,4992.0,928.0,4.6326,58.44
32.248,warmup,4992.0,920.0,4.5926,58.38
32.348,warmup,4992.0,920.0,4.5926,58.47
32.448,warmup,4992.0,920.0,4.5926,58.53
32.549,warmup,4992.0,920.0,4.5926,58.47
32.649,warmup,4992.0,920.0,4.5926,58.50
32.749,warmup,4992.0,920.0,4.5926,58.44
32.849,warmup,4992.0,920.0,4.5926,58.41
32.949,warmup,4992.0,920.0,4.5926,58.41
33.049,warmup,4992.0,920.0,4.5926,58.47
33.149,warmup,4992.0,920.0,4.5926,58.44
33.249,warmup,4992.0,920.0,4.5926,58.47
33.350,warmup,4992.0,920.0,4.5926,58.44
33.450,warmup,4992.0,920.0,4.5926,58.47
33.550,warmup,4992.0,920.0,4.5926,58.47
33.650,warmup,4992.0,920.0,4.5926,58.47
33.750,warmup,4992.0,920.0,4.5926,58.38
33.850,warmup,4992.0,928.0,4.6326,58.44
33.950,warmup,4992.0,928.0,4.6326,58.41
34.051,warmup,4992.0,920.0,4.5926,58.34
34.151,warmup,4992.0,920.0,4.5926,58.53
34.251,warmup,4992.0,920.0,4.5926,58.47
34.351,warmup,4992.0,920.0,4.5926,58.41
34.451,warmup,4992.0,920.0,4.5926,58.44
34.551,warmup,4992.0,928.0,4.6326,58.41
34.651,warmup,4992.0,920.0,4.5926,58.38
34.751,warmup,4992.0,920.0,4.5926,58.41
34.852,warmup,4992.0,928.0,4.6326,58.41
34.952,warmup,4992.0,920.0,4.5926,58.44
35.052,warmup,4992.0,920.0,4.5926,58.59
35.152,warmup,4992.0,920.0,4.5926,58.50
35.252,warmup,4992.0,920.0,4.5926,58.47
35.352,warmup,4992.0,920.0,4.5926,58.44
35.452,warmup,4992.0,920.0,4.5926,58.41
35.552,warmup,4992.0,920.0,4.5926,58.44
35.653,warmup,4992.0,928.0,4.6326,58.41
35.753,warmup,4992.0,928.0,4.6326,58.38
35.853,warmup,4992.0,928.0,4.6326,58.34
35.953,warmup,4992.0,928.0,4.6326,58.50
36.053,warmup,4992.0,920.0,4.5926,58.47
36.153,warmup,4992.0,920.0,4.5926,58.44
36.254,warmup,4992.0,920.0,4.5926,58.44
36.354,warmup,4992.0,920.0,4.5926,58.44
36.454,warmup,4992.0,920.0,4.5926,58.41
36.554,warmup,4992.0,920.0,4.5926,58.41
36.654,warmup,4992.0,920.0,4.5926,58.41
36.754,warmup,4992.0,920.0,4.5926,58.44
36.854,warmup,4992.0,920.0,4.5926,58.50
36.955,warmup,4992.0,928.0,4.6326,58.59
37.055,warmup,4992.0,920.0,4.5926,58.50
37.155,warmup,4992.0,920.0,4.5926,58.47
37.255,warmup,4992.0,920.0,4.5926,58.41
37.355,warmup,4992.0,920.0,4.5926,58.41
37.455,warmup,4992.0,920.0,4.5926,58.44
37.555,warmup,4992.0,920.0,4.5926,58.44
37.655,warmup,4992.0,920.0,4.5926,58.38
37.756,warmup,4992.0,920.0,4.5926,58.56
37.856,warmup,4992.0,920.0,4.5926,58.53
37.956,warmup,4992.0,920.0,4.5926,58.47
38.056,warmup,4992.0,920.0,4.5926,58.47
38.156,warmup,4992.0,920.0,4.5926,58.44
38.256,warmup,4992.0,920.0,4.5926,58.44
38.356,warmup,4992.0,920.0,4.5926,58.38
38.456,warmup,4992.0,920.0,4.5926,58.44
38.557,warmup,4992.0,920.0,4.5926,58.56
38.657,warmup,4992.0,920.0,4.5926,58.53
38.757,warmup,4992.0,920.0,4.5926,58.47
38.857,warmup,4992.0,920.0,4.5926,58.47
38.957,warmup,4992.0,920.0,4.5926,58.44
39.057,warmup,4992.0,920.0,4.5926,58.44
39.157,warmup,4992.0,920.0,4.5926,58.44
39.257,warmup,4992.0,920.0,4.5926,58.44
39.358,warmup,4992.0,920.0,4.5926,58.44
39.458,warmup,4992.0,920.0,4.5926,58.66
39.558,warmup,4992.0,920.0,4.5926,58.56
39.658,warmup,4992.0,920.0,4.5926,58.59
39.758,warmup,4992.0,920.0,4.5926,58.47
39.858,warmup,4992.0,920.0,4.5926,58.44
39.958,warmup,4992.0,920.0,4.5926,58.47
40.059,warmup,4992.0,920.0,4.5926,58.47
40.159,warmup,4992.0,920.0,4.5926,58.41
40.259,warmup,4992.0,920.0,4.5926,58.38
40.359,warmup,4992.0,920.0,4.5926,58.38
40.459,warmup,4992.0,920.0,4.5926,58.56
40.559,warmup,4992.0,920.0,4.5926,58.56
40.659,warmup,4992.0,920.0,4.5926,58.50
40.759,warmup,4992.0,920.0,4.5926,58.50
40.860,warmup,4992.0,920.0,4.5926,58.38
40.960,warmup,4992.0,920.0,4.5926,58.41
41.060,warmup,4992.0,920.0,4.5926,58.38
41.160,warmup,4992.0,920.0,4.5926,58.31
41.260,warmup,4992.0,920.0,4.5926,58.31
41.360,warmup,4992.0,920.0,4.5926,58.66
41.460,warmup,4992.0,920.0,4.5926,58.50
41.560,warmup,4992.0,920.0,4.5926,58.44
41.661,warmup,4992.0,920.0,4.5926,58.53
41.761,warmup,4992.0,920.0,4.5926,58.38
41.861,warmup,4992.0,920.0,4.5926,58.44
41.961,warmup,4992.0,920.0,4.5926,58.41
42.061,warmup,4992.0,920.0,4.5926,58.38
42.161,warmup,4992.0,920.0,4.5926,58.41
42.261,warmup,4992.0,920.0,4.5926,58.62
42.362,warmup,4992.0,920.0,4.5926,58.56
42.462,warmup,4992.0,920.0,4.5926,58.47
42.562,warmup,4992.0,920.0,4.5926,58.50
42.662,warmup,4992.0,920.0,4.5926,58.47
42.762,warmup,4992.0,920.0,4.5926,58.44
42.862,warmup,4992.0,920.0,4.5926,58.41
42.962,warmup,4992.0,920.0,4.5926,58.44
43.062,warmup,4992.0,920.0,4.5926,58.34
43.163,warmup,4992.0,920.0,4.5926,58.44
43.263,warmup,4992.0,920.0,4.5926,58.50
43.363,warmup,4992.0,920.0,4.5926,58.53
43.463,warmup,4992.0,920.0,4.5926,58.50
43.563,warmup,4992.0,920.0,4.5926,58.38
43.663,warmup,4992.0,920.0,4.5926,58.44
43.763,warmup,4992.0,920.0,4.5926,58.38
43.863,warmup,4992.0,920.0,4.5926,58.38
43.964,warmup,4992.0,920.0,4.5926,58.41
44.064,warmup,4992.0,920.0,4.5926,58.38
44.164,warmup,4992.0,920.0,4.5926,58.50
44.264,warmup,4992.0,920.0,4.5926,58.44
44.364,warmup,4992.0,920.0,4.5926,58.50
44.464,warmup,4992.0,920.0,4.5926,58.44
44.564,warmup,4992.0,920.0,4.5926,58.44
44.665,warmup,4992.0,920.0,4.5926,58.38
44.765,warmup,4992.0,920.0,4.5926,58.44
44.865,warmup,4992.0,920.0,4.5926,58.38
44.965,warmup,4992.0,920.0,4.5926,58.34
45.065,warmup,4992.0,920.0,4.5926,58.50
45.165,warmup,4992.0,920.0,4.5926,58.47
45.265,warmup,4992.0,920.0,4.5926,58.53
45.365,warmup,4992.0,920.0,4.5926,58.50
45.466,warmup,4992.0,920.0,4.5926,58.44
45.566,warmup,4992.0,920.0,4.5926,58.41
45.666,warmup,4992.0,920.0,4.5926,58.38
45.766,warmup,4992.0,920.0,4.5926,58.41
45.866,warmup,4992.0,920.0,4.5926,58.38
45.966,warmup,4992.0,920.0,4.5926,58.47
46.066,warmup,4992.0,920.0,4.5926,58.53
46.166,warmup,4992.0,920.0,4.5926,58.47
46.267,warmup,4992.0,920.0,4.5926,58.44
46.367,warmup,4992.0,920.0,4.5926,58.44
46.467,warmup,4992.0,920.0,4.5926,58.41
46.567,warmup,4992.0,920.0,4.5926,58.44
46.667,warmup,4992.0,920.0,4.5926,58.31
46.767,warmup,4992.0,920.0,4.5926,58.34
46.867,warmup,4992.0,920.0,4.5926,58.56
46.968,warmup,4992.0,920.0,4.5926,58.56
47.068,warmup,4992.0,920.0,4.5926,58.44
47.168,warmup,4992.0,920.0,4.5926,58.47
47.268,warmup,4992.0,928.0,4.6326,58.44
47.368,warmup,4992.0,928.0,4.6326,58.44
47.468,warmup,4992.0,928.0,4.6326,58.41
47.569,warmup,4992.0,920.0,4.5926,58.44
47.669,warmup,4992.0,920.0,4.5926,58.44
47.769,warmup,4992.0,920.0,4.5926,58.41
47.870,warmup,4992.0,920.0,4.5926,58.56
47.970,warmup,4992.0,920.0,4.5926,58.59
48.071,warmup,4992.0,920.0,4.5926,58.50
48.171,warmup,4992.0,920.0,4.5926,58.50
48.271,warmup,4992.0,920.0,4.5926,58.44
48.371,warmup,4992.0,920.0,4.5926,58.44
48.472,warmup,4992.0,920.0,4.5926,58.44
48.572,warmup,4992.0,920.0,4.5926,58.38
48.672,warmup,4992.0,920.0,4.5926,58.38
48.772,warmup,4992.0,920.0,4.5926,58.34
48.872,warmup,4992.0,920.0,4.5926,58.56
48.973,warmup,4992.0,920.0,4.5926,58.47
49.073,warmup,4992.0,920.0,4.5926,58.47
49.173,warmup,4992.0,920.0,4.5926,58.47
49.273,warmup,4992.0,920.0,4.5926,58.44
49.373,warmup,4992.0,920.0,4.5926,58.41
49.474,warmup,4992.0,920.0,4.5926,58.44
49.574,warmup,4992.0,920.0,4.5926,58.41
49.674,warmup,4992.0,920.0,4.5926,58.44
49.774,warmup,4992.0,920.0,4.5926,58.56
49.874,warmup,4992.0,920.0,4.5926,58.47
49.974,warmup,4992.0,920.0,4.5926,58.50
50.075,warmup,4992.0,920.0,4.5926,58.44
50.175,warmup,4992.0,920.0,4.5926,58.44
50.275,warmup,4992.0,920.0,4.5926,58.38
50.375,warmup,4992.0,920.0,4.5926,58.38
50.475,warmup,4992.0,920.0,4.5926,58.44
50.575,warmup,4992.0,920.0,4.5926,58.41
50.675,warmup,4992.0,920.0,4.5926,58.59
50.776,warmup,4992.0,920.0,4.5926,58.50
50.876,warmup,4992.0,920.0,4.5926,58.50
50.976,warmup,4992.0,920.0,4.5926,58.50
51.076,warmup,4992.0,920.0,4.5926,58.44
51.176,warmup,4992.0,920.0,4.5926,58.41
51.276,warmup,4992.0,920.0,4.5926,58.44
51.377,warmup,4992.0,920.0,4.5926,58.38
51.477,warmup,4992.0,920.0,4.5926,58.34
51.577,warmup,4992.0,920.0,4.5926,58.44
51.677,warmup,4992.0,920.0,4.5926,58.50
51.778,warmup,4992.0,920.0,4.5926,58.44
51.878,warmup,4992.0,920.0,4.5926,58.53
51.978,warmup,4992.0,920.0,4.5926,58.44
52.079,warmup,4992.0,920.0,4.5926,58.50
52.179,warmup,4992.0,920.0,4.5926,58.44
52.279,warmup,4992.0,920.0,4.5926,58.41
52.379,warmup,4992.0,920.0,4.5926,58.38
52.480,warmup,4992.0,920.0,4.5926,58.41
52.580,warmup,4992.0,920.0,4.5926,58.41
52.680,warmup,4992.0,920.0,4.5926,58.53
52.780,warmup,4992.0,920.0,4.5926,58.44
52.881,warmup,4992.0,920.0,4.5926,58.53
52.981,warmup,4992.0,920.0,4.5926,58.50
53.081,warmup,4992.0,920.0,4.5926,58.44
53.182,warmup,4992.0,920.0,4.5926,58.44
53.282,warmup,4992.0,920.0,4.5926,58.41
53.382,warmup,4992.0,920.0,4.5926,58.41
53.482,warmup,4992.0,920.0,4.5926,58.41
53.583,warmup,4992.0,920.0,4.5926,58.53
53.683,warmup,4992.0,920.0,4.5926,58.62
53.783,warmup,4992.0,920.0,4.5926,58.50
53.883,warmup,4992.0,920.0,4.5926,58.50
53.984,warmup,4992.0,920.0,4.5926,58.44
54.084,warmup,4992.0,920.0,4.5926,58.44
54.184,warmup,4992.0,920.0,4.5926,58.44
54.284,warmup,4992.0,920.0,4.5926,58.41
54.384,warmup,4992.0,920.0,4.5926,58.44
54.484,warmup,4992.0,920.0,4.5926,58.50
54.585,warmup,4992.0,920.0,4.5926,58.62
54.685,warmup,4992.0,920.0,4.5926,58.50
54.785,warmup,4992.0,920.0,4.5926,58.47
54.885,warmup,4992.0,920.0,4.5926,58.47
54.985,warmup,4992.0,920.0,4.5926,58.50
55.085,warmup,4992.0,920.0,4.5926,58.38
55.185,warmup,4992.0,920.0,4.5926,58.41
55.285,warmup,4992.0,920.0,4.5926,58.41
55.386,warmup,4992.0,920.0,4.5926,58.38
55.486,warmup,4992.0,920.0,4.5926,58.50
55.586,warmup,4992.0,920.0,4.5926,58.56
55.686,warmup,4992.0,920.0,4.5926,58.50
55.786,warmup,4992.0,920.0,4.5926,58.44
55.886,warmup,4992.0,920.0,4.5926,58.44
55.986,warmup,4992.0,920.0,4.5926,58.44
56.086,warmup,4992.0,920.0,4.5926,58.41
56.187,warmup,4992.0,920.0,4.5926,58.38
56.287,warmup,4992.0,920.0,4.5926,58.41
56.387,warmup,4992.0,920.0,4.5926,58.72
56.487,warmup,4992.0,920.0,4.5926,58.56
56.587,warmup,4992.0,920.0,4.5926,58.53
56.687,warmup,4992.0,920.0,4.5926,58.44
56.787,warmup,4992.0,920.0,4.5926,58.38
56.888,warmup,4992.0,920.0,4.5926,58.44
56.988,warmup,4992.0,920.0,4.5926,58.38
57.088,warmup,4992.0,920.0,4.5926,58.38
57.188,warmup,4992.0,920.0,4.5926,58.44
57.288,warmup,4992.0,920.0,4.5926,58.38
57.388,warmup,4992.0,920.0,4.5926,58.62
57.488,warmup,4992.0,920.0,4.5926,58.47
57.588,warmup,4992.0,920.0,4.5926,58.53
57.689,warmup,4992.0,920.0,4.5926,58.44
57.789,warmup,4992.0,920.0,4.5926,58.44
57.889,warmup,4992.0,920.0,4.5926,58.44
57.989,warmup,4992.0,920.0,4.5926,58.38
58.089,warmup,4992.0,920.0,4.5926,58.44
58.189,warmup,4992.0,920.0,4.5926,58.41
58.289,warmup,4992.0,920.0,4.5926,58.56
58.389,warmup,4992.0,920.0,4.5926,58.50
58.490,warmup,4992.0,920.0,4.5926,58.44
58.590,warmup,4992.0,920.0,4.5926,58.44
58.690,warmup,4992.0,920.0,4.5926,58.41
58.790,warmup,4992.0,920.0,4.5926,58.44
58.890,warmup,4992.0,920.0,4.5926,58.38
58.990,warmup,4992.0,920.0,4.5926,58.41
59.090,warmup,4992.0,920.0,4.5926,58.56
59.190,warmup,4992.0,920.0,4.5926,58.56
59.291,warmup,4992.0,920.0,4.5926,58.47
59.391,warmup,4992.0,920.0,4.5926,58.44
59.491,warmup,4992.0,920.0,4.5926,58.41
59.591,warmup,4992.0,920.0,4.5926,58.38
59.691,warmup,4992.0,920.0,4.5926,58.44
59.791,warmup,4992.0,920.0,4.5926,58.41
59.891,warmup,4992.0,920.0,4.5926,58.38
59.992,warmup,4992.0,920.0,4.5926,58.56
60.092,warmup,4992.0,920.0,4.5926,58.50
60.192,warmup,4992.0,920.0,4.5926,58.47
60.292,warmup,4992.0,920.0,4.5926,58.44
60.392,measure,4992.0,920.0,4.5926,58.47
60.492,measure,4992.0,920.0,4.5926,58.38
60.592,measure,4992.0,920.0,4.5926,58.44
60.692,measure,4992.0,920.0,4.5926,58.34
60.793,measure,4992.0,920.0,4.5926,58.41
60.893,measure,4992.0,920.0,4.5926,58.56
60.993,measure,4992.0,920.0,4.5926,58.56
61.093,measure,4992.0,920.0,4.5926,58.53
61.193,measure,4992.0,920.0,4.5926,58.47
61.293,measure,4992.0,920.0,4.5926,58.47
61.393,measure,4992.0,920.0,4.5926,58.47
61.493,measure,4992.0,920.0,4.5926,58.38
61.594,measure,4992.0,920.0,4.5926,58.41
61.694,measure,4992.0,920.0,4.5926,58.41
61.794,measure,4992.0,920.0,4.5926,58.34
61.894,measure,4992.0,920.0,4.5926,58.59
61.994,measure,4992.0,920.0,4.5926,58.53
62.095,measure,4992.0,920.0,4.5926,58.47
62.195,measure,4992.0,920.0,4.5926,58.47
62.295,measure,4992.0,920.0,4.5926,58.50
62.395,measure,4992.0,920.0,4.5926,58.41
62.495,measure,4992.0,920.0,4.5926,58.44
62.595,measure,4992.0,920.0,4.5926,58.44
62.695,measure,4992.0,920.0,4.5926,58.59
62.795,measure,4992.0,920.0,4.5926,58.56
62.896,measure,4992.0,920.0,4.5926,58.56
62.996,measure,4992.0,920.0,4.5926,58.47
63.096,measure,4992.0,920.0,4.5926,58.50
63.196,measure,4992.0,920.0,4.5926,58.44
63.296,measure,4992.0,920.0,4.5926,58.41
63.396,measure,4992.0,920.0,4.5926,58.44
63.496,measure,4992.0,920.0,4.5926,58.38
63.596,measure,4992.0,920.0,4.5926,58.66
63.697,measure,4992.0,920.0,4.5926,58.56
63.797,measure,4992.0,920.0,4.5926,58.53
63.897,measure,4992.0,920.0,4.5926,58.50
63.997,measure,4992.0,920.0,4.5926,58.44
64.097,measure,4992.0,920.0,4.5926,58.44
64.197,measure,4992.0,920.0,4.5926,58.44
64.297,measure,4992.0,920.0,4.5926,58.44
64.397,measure,4992.0,920.0,4.5926,58.38
64.498,measure,4992.0,920.0,4.5926,58.66
64.598,measure,4992.0,928.0,4.6326,58.53
64.698,measure,4992.0,928.0,4.6326,58.53
64.798,measure,4992.0,928.0,4.6326,58.41
64.898,measure,4992.0,928.0,4.6326,58.44
64.998,measure,4992.0,928.0,4.6326,58.38
65.098,measure,4992.0,920.0,4.5926,58.34
65.199,measure,4992.0,920.0,4.5926,58.44
65.299,measure,4992.0,920.0,4.5926,58.44
65.399,measure,4992.0,928.0,4.6326,58.59
65.499,measure,4992.0,920.0,4.5926,58.62
65.599,measure,4992.0,928.0,4.6326,58.53
65.699,measure,4992.0,928.0,4.6326,58.44
65.800,measure,4992.0,928.0,4.6326,58.53
65.900,measure,4992.0,928.0,4.6326,58.38
66.000,measure,4992.0,928.0,4.6326,58.44
66.100,measure,4992.0,928.0,4.6326,58.41
66.200,measure,4992.0,928.0,4.6326,58.41
66.300,measure,4992.0,928.0,4.6326,58.41
66.400,measure,4992.0,928.0,4.6326,58.56
66.500,measure,4992.0,928.0,4.6326,58.56
66.601,measure,4992.0,928.0,4.6326,58.50
66.701,measure,4992.0,928.0,4.6326,58.50
66.801,measure,4992.0,928.0,4.6326,58.38
66.901,measure,4992.0,928.0,4.6326,58.44
67.001,measure,4992.0,928.0,4.6326,58.44
67.101,measure,4992.0,928.0,4.6326,58.41
67.201,measure,4992.0,928.0,4.6326,58.44
67.302,measure,4992.0,928.0,4.6326,58.56
67.402,measure,4992.0,928.0,4.6326,58.56
67.502,measure,4992.0,928.0,4.6326,58.44
67.602,measure,4992.0,928.0,4.6326,58.50
67.702,measure,4992.0,928.0,4.6326,58.50
67.802,measure,4992.0,928.0,4.6326,58.41
67.903,measure,4992.0,928.0,4.6326,58.47
68.003,measure,4992.0,928.0,4.6326,58.50
68.103,measure,4992.0,928.0,4.6326,58.41
68.204,measure,4992.0,928.0,4.6326,58.41
68.304,measure,4992.0,928.0,4.6326,58.62
68.404,measure,4992.0,928.0,4.6326,58.59
68.504,measure,4992.0,928.0,4.6326,58.50
68.604,measure,4992.0,928.0,4.6326,58.44
68.705,measure,4992.0,928.0,4.6326,58.44
68.805,measure,4992.0,928.0,4.6326,58.34
68.905,measure,4992.0,928.0,4.6326,58.44
69.006,measure,4992.0,928.0,4.6326,58.44
69.106,measure,4992.0,928.0,4.6326,58.34
69.206,measure,4992.0,928.0,4.6326,58.34
69.306,measure,4992.0,928.0,4.6326,58.56
69.407,measure,4992.0,928.0,4.6326,58.53
69.507,measure,4992.0,928.0,4.6326,58.44
69.607,measure,4992.0,928.0,4.6326,58.50
69.707,measure,4992.0,928.0,4.6326,58.44
69.807,measure,4992.0,928.0,4.6326,58.44
69.907,measure,4992.0,928.0,4.6326,58.34
70.007,measure,4992.0,928.0,4.6326,58.44
70.107,measure,4992.0,928.0,4.6326,58.59
70.208,measure,4992.0,928.0,4.6326,58.59
70.308,measure,4992.0,928.0,4.6326,58.53
70.408,measure,4992.0,928.0,4.6326,58.50
70.508,measure,4992.0,928.0,4.6326,58.53
70.608,measure,4992.0,928.0,4.6326,58.44
70.708,measure,4992.0,928.0,4.6326,58.50
70.808,measure,4992.0,928.0,4.6326,58.41
70.909,measure,4992.0,928.0,4.6326,58.38
71.009,measure,4992.0,928.0,4.6326,58.41
71.109,measure,4992.0,928.0,4.6326,58.62
71.209,measure,4992.0,928.0,4.6326,58.56
71.309,measure,4992.0,928.0,4.6326,58.53
71.409,measure,4992.0,928.0,4.6326,58.47
71.510,measure,4992.0,928.0,4.6326,58.44
71.610,measure,4992.0,928.0,4.6326,58.44
71.710,measure,4992.0,928.0,4.6326,58.44
71.810,measure,4992.0,928.0,4.6326,58.44
71.910,measure,4992.0,928.0,4.6326,58.38
72.010,measure,4992.0,928.0,4.6326,58.62
72.110,measure,4992.0,928.0,4.6326,58.59
72.211,measure,4992.0,928.0,4.6326,58.53
72.311,measure,4992.0,928.0,4.6326,58.41
72.411,measure,4992.0,928.0,4.6326,58.44
72.511,measure,4992.0,928.0,4.6326,58.38
72.611,measure,4992.0,928.0,4.6326,58.44
72.711,measure,4992.0,928.0,4.6326,58.38
72.811,measure,4992.0,928.0,4.6326,58.41
72.912,measure,4992.0,928.0,4.6326,58.62
73.012,measure,4992.0,928.0,4.6326,58.56
73.112,measure,4992.0,928.0,4.6326,58.53
73.212,measure,4992.0,928.0,4.6326,58.50
73.312,measure,4992.0,928.0,4.6326,58.47
73.412,measure,4992.0,928.0,4.6326,58.44
73.512,measure,4992.0,928.0,4.6326,58.44
73.612,measure,4992.0,928.0,4.6326,58.44
73.712,measure,4992.0,928.0,4.6326,58.34
73.813,measure,4992.0,928.0,4.6326,58.41
73.913,measure,4992.0,928.0,4.6326,58.62
74.013,measure,4992.0,928.0,4.6326,58.50
74.113,measure,4992.0,928.0,4.6326,58.47
74.213,measure,4992.0,928.0,4.6326,58.50
74.313,measure,4992.0,928.0,4.6326,58.44
74.413,measure,4992.0,928.0,4.6326,58.41
74.513,measure,4992.0,928.0,4.6326,58.44
74.614,measure,4992.0,928.0,4.6326,58.44
74.714,measure,4992.0,928.0,4.6326,58.38
74.814,measure,4992.0,928.0,4.6326,58.62
74.914,measure,4992.0,928.0,4.6326,58.50
75.014,measure,4992.0,928.0,4.6326,58.47
75.114,measure,4992.0,928.0,4.6326,58.50
75.214,measure,4992.0,928.0,4.6326,58.44
75.314,measure,4992.0,928.0,4.6326,58.38
75.415,measure,4992.0,928.0,4.6326,58.44
75.515,measure,4992.0,928.0,4.6326,58.38
75.615,measure,4992.0,928.0,4.6326,58.41
75.715,measure,4992.0,928.0,4.6326,58.50
75.815,measure,4992.0,928.0,4.6326,58.50
75.915,measure,4992.0,928.0,4.6326,58.44
76.015,measure,4992.0,928.0,4.6326,58.50
76.115,measure,4992.0,928.0,4.6326,58.50
76.216,measure,4992.0,928.0,4.6326,58.41
76.316,measure,4992.0,928.0,4.6326,58.44
76.416,measure,4992.0,928.0,4.6326,58.44
76.516,measure,4992.0,928.0,4.6326,58.41
76.616,measure,4992.0,928.0,4.6326,58.53
76.716,measure,4992.0,928.0,4.6326,58.53
76.816,measure,4992.0,928.0,4.6326,58.50
76.916,measure,4992.0,928.0,4.6326,58.47
77.016,measure,4992.0,928.0,4.6326,58.44
77.117,measure,4992.0,928.0,4.6326,58.44
77.217,measure,4992.0,928.0,4.6326,58.47
77.317,measure,4992.0,928.0,4.6326,58.38
77.417,measure,4992.0,928.0,4.6326,58.41
77.517,measure,4992.0,928.0,4.6326,58.56
77.617,measure,4992.0,928.0,4.6326,58.50
77.717,measure,4992.0,928.0,4.6326,58.47
77.817,measure,4992.0,928.0,4.6326,58.41
77.918,measure,4992.0,928.0,4.6326,58.50
78.018,measure,4992.0,928.0,4.6326,58.47
78.118,measure,4992.0,928.0,4.6326,58.44
78.218,measure,4992.0,928.0,4.6326,58.41
78.318,measure,4992.0,928.0,4.6326,58.34
78.418,measure,4992.0,928.0,4.6326,58.50
78.518,measure,4992.0,920.0,4.5926,58.56
78.618,measure,4992.0,920.0,4.5926,58.47
78.719,measure,4992.0,928.0,4.6326,58.47
78.819,measure,4992.0,928.0,4.6326,58.44
78.919,measure,4992.0,928.0,4.6326,58.44
79.019,measure,4992.0,928.0,4.6326,58.41
79.119,measure,4992.0,928.0,4.6326,58.34
79.219,measure,4992.0,928.0,4.6326,58.41
79.319,measure,4992.0,928.0,4.6326,58.59
79.419,measure,4992.0,928.0,4.6326,58.53
79.520,measure,4992.0,928.0,4.6326,58.44
79.620,measure,4992.0,928.0,4.6326,58.47
79.720,measure,4992.0,928.0,4.6326,58.44
79.820,measure,4992.0,928.0,4.6326,58.44
79.920,measure,4992.0,928.0,4.6326,58.44
80.020,measure,4992.0,928.0,4.6326,58.41
80.120,measure,4992.0,928.0,4.6326,58.62
80.220,measure,4992.0,928.0,4.6326,58.59
80.320,measure,4992.0,928.0,4.6326,58.50
80.421,measure,4992.0,928.0,4.6326,58.50
80.521,measure,4992.0,928.0,4.6326,58.47
80.621,measure,4992.0,928.0,4.6326,58.41
80.721,measure,4992.0,928.0,4.6326,58.44
80.821,measure,4992.0,928.0,4.6326,58.44
80.921,measure,4992.0,928.0,4.6326,58.44
81.021,measure,4992.0,928.0,4.6326,58.53
81.121,measure,4992.0,928.0,4.6326,58.53
81.222,measure,4992.0,920.0,4.5926,58.56
81.322,measure,4992.0,920.0,4.5926,58.44
81.422,measure,4992.0,920.0,4.5926,58.56
81.522,measure,4992.0,928.0,4.6326,58.41
81.622,measure,4992.0,928.0,4.6326,58.44
81.722,measure,4992.0,920.0,4.5926,58.41
81.822,measure,4992.0,920.0,4.5926,58.38
81.922,measure,4992.0,920.0,4.5926,58.69
82.023,measure,4992.0,928.0,4.6326,58.59
82.123,measure,4992.0,928.0,4.6326,58.62
82.223,measure,4992.0,928.0,4.6326,58.50
82.323,measure,4992.0,928.0,4.6326,58.50
82.423,measure,4992.0,928.0,4.6326,58.47
82.523,measure,4992.0,928.0,4.6326,58.44
82.623,measure,4992.0,920.0,4.5926,58.38
82.723,measure,4992.0,920.0,4.5926,58.44
82.824,measure,4992.0,920.0,4.5926,58.34
82.924,measure,4992.0,920.0,4.5926,58.56
83.024,measure,4992.0,928.0,4.6326,58.56
83.124,measure,4992.0,928.0,4.6326,58.50
83.225,measure,4992.0,928.0,4.6326,58.50
83.325,measure,4992.0,928.0,4.6326,58.50
83.425,measure,4992.0,928.0,4.6326,58.41
83.525,measure,4992.0,928.0,4.6326,58.38
83.626,measure,4992.0,928.0,4.6326,58.41
83.726,measure,4992.0,928.0,4.6326,58.41
83.826,measure,4992.0,928.0,4.6326,58.56
83.926,measure,4992.0,928.0,4.6326,58.59
84.026,measure,4992.0,928.0,4.6326,58.50
84.127,measure,4992.0,928.0,4.6326,58.50
84.227,measure,4992.0,928.0,4.6326,58.44
84.327,measure,4992.0,928.0,4.6326,58.44
84.427,measure,4992.0,928.0,4.6326,58.44
84.528,measure,4992.0,928.0,4.6326,58.44
84.628,measure,4992.0,928.0,4.6326,58.38
84.728,measure,4992.0,928.0,4.6326,58.41
84.828,measure,4992.0,928.0,4.6326,58.59
84.929,measure,4992.0,928.0,4.6326,58.53
85.029,measure,4992.0,928.0,4.6326,58.47
85.129,measure,4992.0,928.0,4.6326,58.47
85.229,measure,4992.0,928.0,4.6326,58.50
85.329,measure,4992.0,928.0,4.6326,58.44
85.429,measure,4992.0,928.0,4.6326,58.41
85.530,measure,4992.0,928.0,4.6326,58.38
85.630,measure,4992.0,936.0,4.6725,58.44
85.730,measure,4992.0,936.0,4.6725,58.53
85.830,measure,4992.0,936.0,4.6725,58.59
85.930,measure,4992.0,936.0,4.6725,58.53
86.030,measure,4992.0,936.0,4.6725,58.50
86.130,measure,4984.0,984.0,4.9043,58.47
86.231,measure,4984.0,1016.0,5.0637,58.47
86.331,measure,4984.0,1048.0,5.2232,58.41
86.431,measure,4984.0,1080.0,5.3827,58.44
86.531,measure,4984.0,1072.0,5.3428,58.44
86.631,measure,4984.0,1080.0,5.3827,58.66
86.731,measure,4984.0,1080.0,5.3827,58.66
86.831,measure,4976.0,1096.0,5.4537,58.56
86.932,measure,4976.0,1104.0,5.4935,58.50
87.032,measure,4976.0,1112.0,5.5333,58.50
87.132,measure,4976.0,1080.0,5.3741,58.44
87.232,measure,4984.0,1048.0,5.2232,58.44
87.332,measure,4984.0,1024.0,5.1036,58.44
87.432,measure,4984.0,1000.0,4.9840,58.44
87.532,measure,4984.0,984.0,4.9043,58.44
87.632,measure,4984.0,968.0,4.8245,58.69
87.733,measure,4992.0,960.0,4.7923,58.56
87.833,measure,4992.0,952.0,4.7524,58.56
87.933,measure,4992.0,944.0,4.7124,58.53
88.033,measure,4992.0,944.0,4.7124,58.50
88.133,measure,4992.0,936.0,4.6725,58.47
88.233,measure,4992.0,936.0,4.6725,58.44
88.333,measure,4992.0,928.0,4.6326,58.44
88.434,measure,4992.0,928.0,4.6326,58.38
88.534,measure,4992.0,928.0,4.6326,58.69
88.634,measure,4992.0,928.0,4.6326,58.59
88.734,measure,4992.0,928.0,4.6326,58.47
88.834,measure,4992.0,928.0,4.6326,58.47
88.934,measure,4992.0,920.0,4.5926,58.47
89.034,measure,4992.0,920.0,4.5926,58.41
89.134,measure,4992.0,920.0,4.5926,58.44
89.235,measure,4992.0,920.0,4.5926,58.41
89.335,measure,4992.0,920.0,4.5926,58.41
89.435,measure,4992.0,920.0,4.5926,58.62
89.535,measure,4992.0,920.0,4.5926,58.59
89.635,measure,4992.0,920.0,4.5926,58.47
89.735,measure,4992.0,920.0,4.5926,58.53
89.835,measure,4992.0,920.0,4.5926,58.47
89.936,measure,4992.0,920.0,4.5926,58.50
90.036,measure,4992.0,920.0,4.5926,58.44
90.136,measure,4992.0,920.0,4.5926,58.34
90.236,measure,4992.0,920.0,4.5926,58.47
90.336,measure,4992.0,920.0,4.5926,58.34
90.436,measure,4992.0,920.0,4.5926,58.59
90.536,measure,4992.0,920.0,4.5926,58.50
90.637,measure,4992.0,920.0,4.5926,58.50
90.737,measure,4992.0,920.0,4.5926,58.47
90.837,measure,4992.0,928.0,4.6326,58.41
90.937,measure,4992.0,920.0,4.5926,58.44
91.037,measure,4992.0,920.0,4.5926,58.44
91.137,measure,4992.0,920.0,4.5926,58.44
91.237,measure,4992.0,928.0,4.6326,58.44
91.338,measure,4992.0,928.0,4.6326,58.62
91.438,measure,4992.0,928.0,4.6326,58.59
91.538,measure,4992.0,928.0,4.6326,58.47
91.638,measure,4992.0,928.0,4.6326,58.53
91.738,measure,4992.0,928.0,4.6326,58.44
91.838,measure,4992.0,928.0,4.6326,58.44
91.938,measure,4992.0,920.0,4.5926,58.44
92.038,measure,4992.0,920.0,4.5926,58.44
92.139,measure,4992.0,920.0,4.5926,58.38
92.239,measure,4992.0,928.0,4.6326,58.47
92.339,measure,4992.0,928.0,4.6326,58.59
92.439,measure,4992.0,928.0,4.6326,58.56
92.539,measure,4992.0,920.0,4.5926,58.44
92.639,measure,4992.0,920.0,4.5926,58.47
92.739,measure,4992.0,920.0,4.5926,58.44
92.840,measure,4992.0,920.0,4.5926,58.44
92.940,measure,4992.0,920.0,4.5926,58.41
93.040,measure,4992.0,920.0,4.5926,58.44
93.140,measure,4992.0,920.0,4.5926,58.56
93.240,measure,4992.0,928.0,4.6326,58.53
93.340,measure,4992.0,928.0,4.6326,58.56
93.440,measure,4992.0,928.0,4.6326,58.44
93.540,measure,4992.0,928.0,4.6326,58.53
93.641,measure,4992.0,928.0,4.6326,58.44
93.741,measure,4992.0,920.0,4.5926,58.50
93.841,measure,4992.0,920.0,4.5926,58.44
93.941,measure,4992.0,920.0,4.5926,58.44
94.041,measure,4992.0,920.0,4.5926,58.59
94.141,measure,4992.0,920.0,4.5926,58.53
94.241,measure,4992.0,928.0,4.6326,58.56
94.342,measure,4992.0,928.0,4.6326,58.44
94.442,measure,4992.0,928.0,4.6326,58.47
94.542,measure,4992.0,928.0,4.6326,58.44
94.642,measure,4992.0,928.0,4.6326,58.44
94.742,measure,4992.0,928.0,4.6326,58.31
94.842,measure,4992.0,928.0,4.6326,58.41
94.942,measure,4992.0,928.0,4.6326,58.59
95.042,measure,4992.0,928.0,4.6326,58.53
95.143,measure,4992.0,920.0,4.5926,58.56
95.243,measure,4992.0,920.0,4.5926,58.47
95.343,measure,4992.0,928.0,4.6326,58.47
95.443,measure,4992.0,928.0,4.6326,58.47
95.543,measure,4992.0,928.0,4.6326,58.41
95.643,measure,4992.0,928.0,4.6326,58.41
95.744,measure,4992.0,928.0,4.6326,58.44
95.844,measure,4992.0,928.0,4.6326,58.59
95.944,measure,4992.0,928.0,4.6326,58.59
96.044,measure,4992.0,928.0,4.6326,58.59
96.144,measure,4992.0,928.0,4.6326,58.56
96.244,measure,4992.0,928.0,4.6326,58.47
96.344,measure,4992.0,936.0,4.6725,58.47
96.444,measure,4992.0,928.0,4.6326,58.44
96.545,measure,4992.0,928.0,4.6326,58.41
96.645,measure,4992.0,928.0,4.6326,58.38
96.745,measure,4992.0,928.0,4.6326,58.56
96.845,measure,4992.0,928.0,4.6326,58.56
96.945,measure,4992.0,928.0,4.6326,58.53
97.045,measure,4992.0,928.0,4.6326,58.47
97.145,measure,4992.0,928.0,4.6326,58.50
97.246,measure,4992.0,928.0,4.6326,58.44
97.346,measure,4992.0,928.0,4.6326,58.44
97.446,measure,4992.0,928.0,4.6326,58.34
97.546,measure,4992.0,928.0,4.6326,58.41
97.646,measure,4992.0,928.0,4.6326,58.56
97.746,measure,4992.0,928.0,4.6326,58.53
97.846,measure,4992.0,928.0,4.6326,58.53
97.947,measure,4992.0,928.0,4.6326,58.44
98.047,measure,4992.0,928.0,4.6326,58.44
98.147,measure,4992.0,928.0,4.6326,58.44
98.247,measure,4992.0,928.0,4.6326,58.44
98.347,measure,4992.0,928.0,4.6326,58.41
98.447,measure,4992.0,928.0,4.6326,58.44
98.547,measure,4992.0,928.0,4.6326,58.56
98.648,measure,4992.0,928.0,4.6326,58.56
98.748,measure,4992.0,928.0,4.6326,58.53
98.848,measure,4992.0,928.0,4.6326,58.53
98.948,measure,4992.0,928.0,4.6326,58.44
99.048,measure,4992.0,928.0,4.6326,58.41
99.148,measure,4992.0,928.0,4.6326,58.44
99.248,measure,4992.0,928.0,4.6326,58.41
99.349,measure,4992.0,928.0,4.6326,58.41
99.449,measure,4992.0,928.0,4.6326,58.59
99.549,measure,4992.0,928.0,4.6326,58.53
99.649,measure,4992.0,928.0,4.6326,58.53
99.749,measure,4992.0,928.0,4.6326,58.44
99.849,measure,4992.0,928.0,4.6326,58.53
99.949,measure,4992.0,928.0,4.6326,58.38
100.050,measure,4992.0,928.0,4.6326,58.44
100.150,measure,4992.0,928.0,4.6326,58.41
100.250,measure,4992.0,928.0,4.6326,58.34
100.350,measure,4992.0,928.0,4.6326,58.59
100.450,measure,4992.0,928.0,4.6326,58.59
100.550,measure,4992.0,928.0,4.6326,58.56
100.650,measure,4992.0,928.0,4.6326,58.53
100.750,measure,4992.0,928.0,4.6326,58.53
100.851,measure,4992.0,928.0,4.6326,58.47
100.951,measure,4992.0,928.0,4.6326,58.44
101.051,measure,4992.0,928.0,4.6326,58.44
101.151,measure,4992.0,928.0,4.6326,58.34
101.251,measure,4992.0,928.0,4.6326,58.38
101.351,measure,4992.0,928.0,4.6326,58.56
101.451,measure,4992.0,928.0,4.6326,58.56
101.552,measure,4992.0,928.0,4.6326,58.53
101.652,measure,4992.0,928.0,4.6326,58.44
101.752,measure,4992.0,928.0,4.6326,58.44
101.852,measure,4992.0,928.0,4.6326,58.44
101.952,measure,4992.0,928.0,4.6326,58.44
102.052,measure,4992.0,928.0,4.6326,58.34
102.152,measure,4992.0,928.0,4.6326,58.41
102.253,measure,4992.0,928.0,4.6326,58.53
102.353,measure,4992.0,928.0,4.6326,58.62
102.453,measure,4992.0,928.0,4.6326,58.47
102.553,measure,4992.0,928.0,4.6326,58.47
102.653,measure,4992.0,928.0,4.6326,58.44
102.753,measure,4992.0,928.0,4.6326,58.44
102.853,measure,4992.0,928.0,4.6326,58.38
102.953,measure,4992.0,928.0,4.6326,58.44
103.054,measure,4992.0,928.0,4.6326,58.44
103.154,measure,4992.0,928.0,4.6326,58.59
103.254,measure,4992.0,928.0,4.6326,58.66
103.354,measure,4992.0,928.0,4.6326,58.50
103.454,measure,4992.0,928.0,4.6326,58.53
103.554,measure,4992.0,928.0,4.6326,58.44
103.654,measure,4992.0,928.0,4.6326,58.44
103.755,measure,4992.0,928.0,4.6326,58.44
103.855,measure,4992.0,928.0,4.6326,58.38
103.955,measure,4992.0,928.0,4.6326,58.34
104.055,measure,4992.0,928.0,4.6326,58.41
104.155,measure,4992.0,928.0,4.6326,58.62
104.255,measure,4992.0,928.0,4.6326,58.50
104.355,measure,4992.0,928.0,4.6326,58.44
104.456,measure,4992.0,928.0,4.6326,58.44
104.556,measure,4992.0,928.0,4.6326,58.44
104.656,measure,4992.0,928.0,4.6326,58.44
104.756,measure,4992.0,928.0,4.6326,58.44
104.856,measure,4992.0,928.0,4.6326,58.34
104.956,measure,4992.0,928.0,4.6326,58.34
105.056,measure,4992.0,928.0,4.6326,58.50
105.156,measure,4992.0,928.0,4.6326,58.47
105.257,measure,4992.0,928.0,4.6326,58.53
105.357,measure,4992.0,928.0,4.6326,58.44
105.457,measure,4992.0,928.0,4.6326,58.44
105.557,measure,4992.0,928.0,4.6326,58.41
105.657,measure,4992.0,928.0,4.6326,58.41
105.757,measure,4992.0,928.0,4.6326,58.34
105.857,measure,4992.0,928.0,4.6326,58.38
105.958,measure,4992.0,928.0,4.6326,58.56
106.058,measure,4992.0,928.0,4.6326,58.44
106.158,measure,4992.0,928.0,4.6326,58.44
106.258,measure,4992.0,928.0,4.6326,58.50
106.358,measure,4992.0,928.0,4.6326,58.41
106.458,measure,4992.0,928.0,4.6326,58.41
106.558,measure,4992.0,928.0,4.6326,58.44
106.659,measure,4992.0,928.0,4.6326,58.28
106.759,measure,4992.0,928.0,4.6326,58.38
106.859,measure,4992.0,928.0,4.6326,58.56
106.959,measure,4992.0,928.0,4.6326,58.47
107.059,measure,4992.0,928.0,4.6326,58.47
107.159,measure,4992.0,928.0,4.6326,58.44
107.259,measure,4992.0,928.0,4.6326,58.44
107.359,measure,4992.0,928.0,4.6326,58.44
107.460,measure,4992.0,928.0,4.6326,58.41
107.560,measure,4992.0,928.0,4.6326,58.44
107.660,measure,4992.0,928.0,4.6326,58.41
107.760,measure,4992.0,928.0,4.6326,58.53
107.860,measure,4992.0,928.0,4.6326,58.47
107.960,measure,4992.0,928.0,4.6326,58.47
108.060,measure,4992.0,920.0,4.5926,58.50
108.161,measure,4992.0,920.0,4.5926,58.44
108.261,measure,4992.0,920.0,4.5926,58.44
108.361,measure,4992.0,920.0,4.5926,58.41
108.461,measure,4992.0,928.0,4.6326,58.38
108.561,measure,4992.0,928.0,4.6326,58.38
108.661,measure,4992.0,928.0,4.6326,58.53
108.761,measure,4992.0,928.0,4.6326,58.53
108.862,measure,4992.0,920.0,4.5926,58.56
108.962,measure,4992.0,920.0,4.5926,58.44
109.062,measure,4992.0,920.0,4.5926,58.44
109.162,measure,4992.0,920.0,4.5926,58.38
109.262,measure,4992.0,920.0,4.5926,58.44
109.362,measure,4992.0,920.0,4.5926,58.44
109.462,measure,4992.0,920.0,4.5926,58.44
109.562,measure,4992.0,920.0,4.5926,58.59
109.663,measure,4992.0,928.0,4.6326,58.53
109.763,measure,4992.0,928.0,4.6326,58.50
109.863,measure,4992.0,928.0,4.6326,58.50
109.963,measure,4992.0,928.0,4.6326,58.44
110.063,measure,4992.0,920.0,4.5926,58.44
110.163,measure,4992.0,920.0,4.5926,58.38
110.263,measure,4992.0,928.0,4.6326,58.38
110.364,measure,4992.0,928.0,4.6326,58.38
110.464,measure,4992.0,928.0,4.6326,58.59
110.564,measure,4992.0,928.0,4.6326,58.56
110.664,measure,4992.0,928.0,4.6326,58.53
110.764,measure,4992.0,928.0,4.6326,58.47
110.864,measure,4992.0,928.0,4.6326,58.50
110.964,measure,4992.0,928.0,4.6326,58.44
111.065,measure,4992.0,928.0,4.6326,58.41
111.165,measure,4992.0,928.0,4.6326,58.41
111.265,measure,4992.0,920.0,4.5926,58.38
111.365,measure,4992.0,928.0,4.6326,58.56
111.465,measure,4992.0,928.0,4.6326,58.53
111.565,measure,4992.0,920.0,4.5926,58.50
111.665,measure,4992.0,928.0,4.6326,58.53
111.766,measure,4992.0,928.0,4.6326,58.47
111.866,measure,4992.0,928.0,4.6326,58.41
111.966,measure,4992.0,920.0,4.5926,58.44
112.066,measure,4992.0,928.0,4.6326,58.41
112.166,measure,4992.0,920.0,4.5926,58.44
112.266,measure,4992.0,928.0,4.6326,58.59
112.366,measure,4992.0,928.0,4.6326,58.59
112.466,measure,4992.0,928.0,4.6326,58.50
112.567,measure,4992.0,928.0,4.6326,58.44
112.667,measure,4992.0,928.0,4.6326,58.44
112.767,measure,4992.0,928.0,4.6326,58.38
112.867,measure,4992.0,928.0,4.6326,58.41
112.967,measure,4992.0,928.0,4.6326,58.38
113.067,measure,4992.0,920.0,4.5926,58.41
113.167,measure,4992.0,920.0,4.5926,58.44
113.267,measure,4992.0,920.0,4.5926,58.59
113.368,measure,4992.0,920.0,4.5926,58.50
113.468,measure,4992.0,920.0,4.5926,58.47
113.568,measure,4992.0,920.0,4.5926,58.44
113.668,measure,4992.0,920.0,4.5926,58.44
113.768,measure,4992.0,920.0,4.5926,58.38
113.868,measure,4992.0,920.0,4.5926,58.38
113.969,measure,4992.0,920.0,4.5926,58.38
114.069,measure,4992.0,920.0,4.5926,58.56
114.169,measure,4992.0,920.0,4.5926,58.56
114.269,measure,4992.0,920.0,4.5926,58.59
114.369,measure,4992.0,920.0,4.5926,58.50
114.469,measure,4992.0,920.0,4.5926,58.44
114.569,measure,4992.0,920.0,4.5926,58.44
114.670,measure,4992.0,920.0,4.5926,58.44
114.770,measure,4992.0,920.0,4.5926,58.38
114.870,measure,4992.0,920.0,4.5926,58.31
114.970,measure,4992.0,920.0,4.5926,58.44
115.070,measure,4992.0,920.0,4.5926,58.59
115.170,measure,4992.0,920.0,4.5926,58.47
115.270,measure,4992.0,920.0,4.5926,58.47
115.371,measure,4992.0,920.0,4.5926,58.53
115.471,measure,4992.0,920.0,4.5926,58.44
115.571,measure,4992.0,920.0,4.5926,58.38
115.671,measure,4992.0,920.0,4.5926,58.38
115.771,measure,4992.0,928.0,4.6326,58.34
115.871,measure,4992.0,920.0,4.5926,58.38
115.971,measure,4992.0,920.0,4.5926,58.53
116.072,measure,4992.0,920.0,4.5926,58.53
116.172,measure,4992.0,920.0,4.5926,58.56
116.272,measure,4992.0,920.0,4.5926,58.47
116.372,measure,4992.0,920.0,4.5926,58.44
116.472,measure,4992.0,920.0,4.5926,58.38
116.572,measure,4992.0,920.0,4.5926,58.38
116.672,measure,4992.0,920.0,4.5926,58.31
116.772,measure,4992.0,928.0,4.6326,58.41
116.873,measure,4992.0,928.0,4.6326,58.59
116.973,measure,4992.0,920.0,4.5926,58.44
117.073,measure,4992.0,928.0,4.6326,58.50
117.173,measure,4992.0,928.0,4.6326,58.50
117.273,measure,4992.0,928.0,4.6326,58.34
117.373,measure,4992.0,920.0,4.5926,58.41
117.473,measure,4992.0,920.0,4.5926,58.41
117.574,measure,4992.0,920.0,4.5926,58.38
117.674,measure,4992.0,920.0,4.5926,58.41
117.774,measure,4992.0,928.0,4.6326,58.28
117.874,measure,4992.0,928.0,4.6326,58.59
117.975,measure,4992.0,928.0,4.6326,58.47
118.075,measure,4992.0,920.0,4.5926,58.44
118.175,measure,4992.0,928.0,4.6326,58.41
118.275,measure,4992.0,920.0,4.5926,58.44
118.375,measure,4992.0,920.0,4.5926,58.38
118.476,measure,4992.0,928.0,4.6326,58.41
118.576,measure,4992.0,928.0,4.6326,58.41
118.676,measure,4992.0,928.0,4.6326,58.38
118.776,measure,4992.0,928.0,4.6326,58.59
118.876,measure,4992.0,928.0,4.6326,58.59
118.976,measure,4992.0,928.0,4.6326,58.41
119.077,measure,4992.0,928.0,4.6326,58.44
119.177,measure,4992.0,928.0,4.6326,58.47
119.277,measure,4992.0,928.0,4.6326,58.44
119.377,measure,4992.0,928.0,4.6326,58.44
119.477,measure,4992.0,928.0,4.6326,58.44
119.578,measure,4992.0,928.0,4.6326,58.38
119.678,measure,4992.0,928.0,4.6326,58.41
119.778,measure,4992.0,928.0,4.6326,58.59
119.878,measure,4992.0,928.0,4.6326,58.53
119.979,measure,4992.0,928.0,4.6326,58.50
120.080,measure,4992.0,928.0,4.6326,58.47
120.180,measure,4992.0,928.0,4.6326,58.53
120.280,measure,4992.0,928.0,4.6326,58.41
120.380,measure,4992.0,928.0,4.6326,58.44
120.481,measure,4992.0,928.0,4.6326,58.44
120.581,measure,4992.0,928.0,4.6326,58.41
120.681,measure,4992.0,928.0,4.6326,58.56
120.781,measure,4992.0,928.0,4.6326,58.56
120.881,measure,4992.0,928.0,4.6326,58.56
120.982,measure,4992.0,928.0,4.6326,58.44
121.082,measure,4992.0,928.0,4.6326,58.44
121.182,measure,4992.0,928.0,4.6326,58.38
121.282,measure,4992.0,928.0,4.6326,58.34
121.383,measure,4992.0,928.0,4.6326,58.41
121.483,measure,4992.0,928.0,4.6326,58.44
121.583,measure,4992.0,928.0,4.6326,58.56
121.683,measure,4992.0,928.0,4.6326,58.56
121.783,measure,4992.0,928.0,4.6326,58.47
121.883,measure,4992.0,928.0,4.6326,58.47
121.983,measure,4992.0,928.0,4.6326,58.47
122.084,measure,4992.0,928.0,4.6326,58.44
122.184,measure,4992.0,928.0,4.6326,58.44
122.284,measure,4992.0,928.0,4.6326,58.41
122.384,measure,4992.0,928.0,4.6326,58.44
122.484,measure,4992.0,928.0,4.6326,58.34
122.584,measure,4992.0,928.0,4.6326,58.53
122.685,measure,4992.0,928.0,4.6326,58.53
122.785,measure,4992.0,928.0,4.6326,58.53
122.885,measure,4992.0,928.0,4.6326,58.50
122.985,measure,4992.0,928.0,4.6326,58.41
123.085,measure,4992.0,928.0,4.6326,58.44
123.186,measure,4992.0,928.0,4.6326,58.34
123.286,measure,4992.0,928.0,4.6326,58.34
123.386,measure,4992.0,928.0,4.6326,58.31
123.486,measure,4992.0,928.0,4.6326,58.59
123.587,measure,4992.0,928.0,4.6326,58.62
123.687,measure,4992.0,920.0,4.5926,58.62
123.787,measure,4992.0,920.0,4.5926,58.50
123.887,measure,4992.0,928.0,4.6326,58.44
123.988,measure,4992.0,928.0,4.6326,58.41
124.088,measure,4992.0,928.0,4.6326,58.44
124.188,measure,4992.0,928.0,4.6326,58.44
124.288,measure,4992.0,928.0,4.6326,58.41
124.388,measure,4992.0,928.0,4.6326,58.41
124.489,measure,4992.0,928.0,4.6326,58.53
124.589,measure,4992.0,928.0,4.6326,58.56
124.689,measure,4992.0,928.0,4.6326,58.56
124.789,measure,4992.0,928.0,4.6326,58.47
124.889,measure,4992.0,928.0,4.6326,58.41
124.989,measure,4992.0,928.0,4.6326,58.44
125.089,measure,4992.0,928.0,4.6326,58.44
125.190,measure,4992.0,928.0,4.6326,58.38
125.290,measure,4992.0,928.0,4.6326,58.34
125.390,measure,4992.0,928.0,4.6326,58.59
125.490,measure,4992.0,928.0,4.6326,58.59
125.590,measure,4992.0,928.0,4.6326,58.56
125.690,measure,4992.0,920.0,4.5926,58.47
125.790,measure,4992.0,920.0,4.5926,58.44
125.890,measure,4992.0,928.0,4.6326,58.41
125.991,measure,4992.0,928.0,4.6326,58.34
126.091,measure,4992.0,928.0,4.6326,58.41
126.191,measure,4992.0,928.0,4.6326,58.34
126.291,measure,4992.0,928.0,4.6326,58.56
126.391,measure,4992.0,928.0,4.6326,58.47
126.491,measure,4992.0,928.0,4.6326,58.53
126.591,measure,4992.0,928.0,4.6326,58.44
126.692,measure,4992.0,928.0,4.6326,58.44
126.792,measure,4992.0,920.0,4.5926,58.41
126.892,measure,4992.0,920.0,4.5926,58.41
126.992,measure,4992.0,928.0,4.6326,58.41
127.093,measure,4992.0,928.0,4.6326,58.34
127.193,measure,4992.0,920.0,4.5926,58.34
127.293,measure,4992.0,920.0,4.5926,58.56
127.393,measure,4992.0,928.0,4.6326,58.53
127.493,measure,4992.0,928.0,4.6326,58.50
127.593,measure,4992.0,928.0,4.6326,58.44
127.693,measure,4992.0,928.0,4.6326,58.47
127.794,measure,4992.0,928.0,4.6326,58.44
127.894,measure,4992.0,928.0,4.6326,58.41
127.994,measure,4992.0,928.0,4.6326,58.38
128.094,measure,4992.0,928.0,4.6326,58.31
128.194,measure,4992.0,928.0,4.6326,58.56
128.294,measure,4992.0,928.0,4.6326,58.56
128.394,measure,4992.0,928.0,4.6326,58.44
128.495,measure,4992.0,928.0,4.6326,58.44
128.595,measure,4992.0,928.0,4.6326,58.44
128.695,measure,4992.0,928.0,4.6326,58.41
128.795,measure,4992.0,928.0,4.6326,58.34
128.895,measure,4992.0,928.0,4.6326,58.41
128.995,measure,4992.0,928.0,4.6326,58.38
129.095,measure,4992.0,928.0,4.6326,58.31
129.196,measure,4992.0,928.0,4.6326,58.53
129.296,measure,4992.0,928.0,4.6326,58.50
129.396,measure,4992.0,928.0,4.6326,58.44
129.496,measure,4992.0,920.0,4.5926,58.41
129.596,measure,4992.0,920.0,4.5926,58.44
129.696,measure,4992.0,920.0,4.5926,58.31
129.796,measure,4992.0,920.0,4.5926,58.41
129.896,measure,4992.0,920.0,4.5926,58.38
129.997,measure,4992.0,920.0,4.5926,58.34
130.097,measure,4992.0,920.0,4.5926,58.47
130.197,measure,4992.0,920.0,4.5926,58.44
130.297,measure,4992.0,920.0,4.5926,58.50
130.397,measure,4992.0,920.0,4.5926,58.34
130.497,measure,4992.0,920.0,4.5926,58.41
130.597,measure,4992.0,920.0,4.5926,58.44
130.698,measure,4992.0,920.0,4.5926,58.44
130.798,measure,4992.0,920.0,4.5926,58.41
130.898,measure,4992.0,920.0,4.5926,58.34
130.998,measure,4992.0,920.0,4.5926,58.59
131.098,measure,4992.0,928.0,4.6326,58.50
131.198,measure,4992.0,928.0,4.6326,58.44
131.298,measure,4992.0,928.0,4.6326,58.44
131.399,measure,4992.0,928.0,4.6326,58.31
131.499,measure,4992.0,928.0,4.6326,58.34
131.599,measure,4992.0,928.0,4.6326,58.31
131.699,measure,4992.0,928.0,4.6326,58.41
131.799,measure,4992.0,928.0,4.6326,58.34
131.899,measure,4992.0,928.0,4.6326,58.28
131.999,measure,4992.0,928.0,4.6326,58.69
132.100,measure,4992.0,928.0,4.6326,58.50
132.200,measure,4992.0,928.0,4.6326,58.44
132.300,measure,4992.0,928.0,4.6326,58.41
132.400,measure,4992.0,928.0,4.6326,58.44
132.500,measure,4992.0,928.0,4.6326,58.44
132.600,measure,4992.0,928.0,4.6326,58.38
132.700,measure,4992.0,928.0,4.6326,58.38
132.800,measure,4992.0,928.0,4.6326,58.38
132.901,measure,4992.0,928.0,4.6326,58.47
133.001,measure,4992.0,928.0,4.6326,58.44
133.101,measure,4992.0,928.0,4.6326,58.41
133.201,measure,4992.0,928.0,4.6326,58.47
133.301,measure,4992.0,928.0,4.6326,58.41
133.401,measure,4992.0,928.0,4.6326,58.44
133.502,measure,4992.0,928.0,4.6326,58.41
133.602,measure,4992.0,928.0,4.6326,58.38
133.702,measure,4992.0,920.0,4.5926,58.31
133.802,measure,4992.0,920.0,4.5926,58.47
133.902,measure,4992.0,920.0,4.5926,58.50
134.002,measure,4992.0,920.0,4.5926,58.44
134.102,measure,4992.0,920.0,4.5926,58.44
134.203,measure,4992.0,920.0,4.5926,58.44
134.303,measure,4992.0,920.0,4.5926,58.38
134.403,measure,4992.0,920.0,4.5926,58.34
134.503,measure,4992.0,920.0,4.5926,58.38
134.603,measure,4992.0,920.0,4.5926,58.38
134.703,measure,4992.0,920.0,4.5926,58.47
134.803,measure,4992.0,920.0,4.5926,58.47
134.903,measure,4992.0,920.0,4.5926,58.41
135.004,measure,4992.0,920.0,4.5926,58.44
135.104,measure,4992.0,920.0,4.5926,58.44
135.204,measure,4992.0,928.0,4.6326,58.44
135.304,measure,4992.0,928.0,4.6326,58.38
135.404,measure,4992.0,920.0,4.5926,58.28
135.504,measure,4992.0,920.0,4.5926,58.28
135.604,measure,4992.0,920.0,4.5926,58.47
135.705,measure,4992.0,920.0,4.5926,58.53
135.805,measure,4992.0,920.0,4.5926,58.41
135.905,measure,4992.0,920.0,4.5926,58.44
136.005,measure,4992.0,920.0,4.5926,58.38
136.105,measure,4992.0,920.0,4.5926,58.41
136.205,measure,4992.0,920.0,4.5926,58.38
136.305,measure,4992.0,920.0,4.5926,58.41
136.406,measure,4992.0,920.0,4.5926,58.56
136.506,measure,4992.0,928.0,4.6326,58.47
136.606,measure,4992.0,928.0,4.6326,58.47
136.706,measure,4992.0,928.0,4.6326,58.44
136.806,measure,4992.0,928.0,4.6326,58.44
136.906,measure,4992.0,928.0,4.6326,58.34
137.006,measure,4992.0,928.0,4.6326,58.34
137.106,measure,4992.0,928.0,4.6326,58.38
137.207,measure,4992.0,928.0,4.6326,58.38
137.307,measure,4992.0,928.0,4.6326,58.31
137.407,measure,4992.0,928.0,4.6326,58.47
137.507,measure,4992.0,928.0,4.6326,58.53
137.607,measure,4992.0,928.0,4.6326,58.44
137.707,measure,4992.0,928.0,4.6326,58.44
137.807,measure,4992.0,928.0,4.6326,58.44
137.907,measure,4992.0,928.0,4.6326,58.41
138.008,measure,4992.0,928.0,4.6326,58.34
138.108,measure,4992.0,928.0,4.6326,58.38
138.208,measure,4992.0,928.0,4.6326,58.53
138.308,measure,4992.0,928.0,4.6326,58.53
138.408,measure,4992.0,928.0,4.6326,58.47
138.508,measure,4992.0,928.0,4.6326,58.50
138.608,measure,4992.0,928.0,4.6326,58.47
138.708,measure,4992.0,928.0,4.6326,58.38
138.809,measure,4992.0,928.0,4.6326,58.34
138.909,measure,4992.0,928.0,4.6326,58.41
139.009,measure,4992.0,920.0,4.5926,58.31
139.109,measure,4992.0,920.0,4.5926,58.56
139.209,measure,4992.0,920.0,4.5926,58.50
139.309,measure,4992.0,928.0,4.6326,58.53
139.409,measure,4992.0,928.0,4.6326,58.44
139.509,measure,4992.0,920.0,4.5926,58.44
139.610,measure,4992.0,920.0,4.5926,58.38
139.710,measure,4992.0,920.0,4.5926,58.34
139.810,measure,4992.0,920.0,4.5926,58.41
139.910,measure,4992.0,920.0,4.5926,58.31
140.010,measure,4992.0,920.0,4.5926,58.50
140.110,measure,4992.0,920.0,4.5926,58.56
140.210,measure,4992.0,920.0,4.5926,58.56
140.310,measure,4992.0,920.0,4.5926,58.47
140.411,measure,4992.0,920.0,4.5926,58.44
140.511,measure,4992.0,920.0,4.5926,58.41
140.611,measure,4992.0,920.0,4.5926,58.38
140.711,measure,4992.0,920.0,4.5926,58.38
140.811,measure,4992.0,920.0,4.5926,58.31
140.911,measure,4992.0,920.0,4.5926,58.38
141.011,measure,4992.0,920.0,4.5926,58.59
141.111,measure,4992.0,920.0,4.5926,58.56
141.212,measure,4992.0,920.0,4.5926,58.44
141.312,measure,4992.0,920.0,4.5926,58.41
141.412,measure,4992.0,928.0,4.6326,58.41
141.512,measure,4992.0,928.0,4.6326,58.41
141.612,measure,4992.0,928.0,4.6326,58.41
141.712,measure,4992.0,928.0,4.6326,58.38
141.812,measure,4992.0,928.0,4.6326,58.28
141.913,measure,4992.0,928.0,4.6326,58.56
142.013,measure,4992.0,928.0,4.6326,58.53
142.113,measure,4992.0,920.0,4.5926,58.44
142.213,measure,4992.0,920.0,4.5926,58.44
142.313,measure,4992.0,920.0,4.5926,58.38
142.413,measure,4992.0,928.0,4.6326,58.34
142.513,measure,4992.0,928.0,4.6326,58.28
142.614,measure,4992.0,928.0,4.6326,58.34
142.714,measure,4992.0,928.0,4.6326,58.31
142.814,measure,4992.0,928.0,4.6326,58.25
142.914,measure,4992.0,928.0,4.6326,58.44
143.014,measure,4992.0,928.0,4.6326,58.47
143.114,measure,4992.0,928.0,4.6326,58.44
143.214,measure,4992.0,928.0,4.6326,58.34
143.314,measure,4992.0,928.0,4.6326,58.44
143.415,measure,4992.0,928.0,4.6326,58.31
143.515,measure,4992.0,928.0,4.6326,58.38
143.615,measure,4992.0,928.0,4.6326,58.34
143.715,measure,4992.0,928.0,4.6326,58.38
143.815,measure,4992.0,928.0,4.6326,58.44
143.915,measure,4992.0,928.0,4.6326,58.44
144.015,measure,4992.0,928.0,4.6326,58.41
144.115,measure,4992.0,928.0,4.6326,58.44
144.216,measure,4992.0,928.0,4.6326,58.41
144.316,measure,4992.0,928.0,4.6326,58.34
144.416,measure,4992.0,928.0,4.6326,58.34
144.516,measure,4992.0,928.0,4.6326,58.28
144.616,measure,4992.0,928.0,4.6326,58.31
144.716,measure,4992.0,928.0,4.6326,58.44
144.816,measure,4992.0,928.0,4.6326,58.44
144.917,measure,4992.0,928.0,4.6326,58.50
145.017,measure,4992.0,928.0,4.6326,58.38
145.117,measure,4992.0,928.0,4.6326,58.31
145.217,measure,4992.0,928.0,4.6326,58.31
145.317,measure,4992.0,928.0,4.6326,58.38
145.417,measure,4992.0,928.0,4.6326,58.28
145.517,measure,4992.0,928.0,4.6326,58.34
145.617,measure,4992.0,928.0,4.6326,58.50
145.718,measure,4992.0,928.0,4.6326,58.44
145.818,measure,4992.0,928.0,4.6326,58.47
145.918,measure,4992.0,928.0,4.6326,58.44
146.018,measure,4992.0,928.0,4.6326,58.34
146.118,measure,4992.0,928.0,4.6326,58.34
146.218,measure,4992.0,928.0,4.6326,58.28
146.318,measure,4992.0,928.0,4.6326,58.38
146.418,measure,4992.0,928.0,4.6326,58.31
146.519,measure,4992.0,928.0,4.6326,58.47
146.619,measure,4992.0,928.0,4.6326,58.50
146.719,measure,4992.0,928.0,4.6326,58.41
146.819,measure,4992.0,928.0,4.6326,58.31
146.919,measure,4992.0,928.0,4.6326,58.41
147.019,measure,4992.0,928.0,4.6326,58.31
147.119,measure,4992.0,928.0,4.6326,58.28
147.219,measure,4992.0,928.0,4.6326,58.31
147.320,measure,4992.0,928.0,4.6326,58.38
147.420,measure,4992.0,928.0,4.6326,58.47
147.520,measure,4992.0,928.0,4.6326,58.44
147.620,measure,4992.0,928.0,4.6326,58.38
147.720,measure,4992.0,928.0,4.6326,58.41
147.820,measure,4992.0,928.0,4.6326,58.41
147.920,measure,4992.0,920.0,4.5926,58.31
148.021,measure,4992.0,920.0,4.5926,58.34
148.121,measure,4992.0,920.0,4.5926,58.25
148.221,measure,4992.0,920.0,4.5926,58.47
148.321,measure,4992.0,920.0,4.5926,58.47
148.421,measure,4992.0,920.0,4.5926,58.47
148.521,measure,4992.0,928.0,4.6326,58.41
148.621,measure,4992.0,928.0,4.6326,58.41
148.721,measure,4992.0,928.0,4.6326,58.38
148.822,measure,4992.0,920.0,4.5926,58.38
148.922,measure,4992.0,920.0,4.5926,58.38
149.022,measure,4992.0,920.0,4.5926,58.25
149.122,measure,4992.0,920.0,4.5926,58.50
149.222,measure,4992.0,920.0,4.5926,58.44
149.322,measure,4992.0,920.0,4.5926,58.44
149.422,measure,4992.0,920.0,4.5926,58.41
149.522,measure,4992.0,928.0,4.6326,58.44
149.623,measure,4992.0,928.0,4.6326,58.34
149.723,measure,4992.0,920.0,4.5926,58.38
149.823,measure,4992.0,920.0,4.5926,58.34
149.923,measure,4992.0,920.0,4.5926,58.25
150.023,measure,4992.0,920.0,4.5926,58.50
150.123,measure,4992.0,928.0,4.6326,58.44
150.223,measure,4992.0,928.0,4.6326,58.44
150.323,measure,4992.0,928.0,4.6326,58.44
150.424,measure,4992.0,928.0,4.6326,58.44
150.524,measure,4992.0,928.0,4.6326,58.38
150.624,measure,4992.0,928.0,4.6326,58.44
150.724,measure,4992.0,928.0,4.6326,58.34
150.824,measure,4992.0,928.0,4.6326,58.25
150.924,measure,4992.0,928.0,4.6326,58.56
151.024,measure,4992.0,928.0,4.6326,58.47
151.124,measure,4992.0,928.0,4.6326,58.50
151.224,measure,4992.0,920.0,4.5926,58.44
151.325,measure,4992.0,920.0,4.5926,58.41
151.425,measure,4992.0,920.0,4.5926,58.44
151.525,measure,4992.0,920.0,4.5926,58.34
151.625,measure,4992.0,928.0,4.6326,58.31
151.725,measure,4992.0,928.0,4.6326,58.38
151.825,measure,4992.0,928.0,4.6326,58.56
151.925,measure,4992.0,928.0,4.6326,58.50
152.026,measure,4992.0,928.0,4.6326,58.53
152.126,measure,4992.0,920.0,4.5926,58.44
152.226,measure,4992.0,920.0,4.5926,58.44
152.326,measure,4992.0,928.0,4.6326,58.44
152.426,measure,4992.0,920.0,4.5926,58.34
152.526,measure,4992.0,920.0,4.5926,58.34
152.626,measure,4992.0,928.0,4.6326,58.31
152.726,measure,4992.0,920.0,4.5926,58.25
152.827,measure,4992.0,920.0,4.5926,58.53
152.927,measure,4992.0,920.0,4.5926,58.50
153.027,measure,4992.0,920.0,4.5926,58.44
153.127,measure,4992.0,920.0,4.5926,58.41
153.227,measure,4992.0,920.0,4.5926,58.38
153.327,measure,4992.0,920.0,4.5926,58.38
153.427,measure,4992.0,920.0,4.5926,58.34
153.527,measure,4992.0,920.0,4.5926,58.38
153.628,measure,4992.0,928.0,4.6326,58.28
153.728,measure,4992.0,928.0,4.6326,58.59
153.828,measure,4992.0,928.0,4.6326,58.38
153.928,measure,4992.0,928.0,4.6326,58.44
154.028,measure,4992.0,928.0,4.6326,58.34
154.128,measure,4992.0,928.0,4.6326,58.34
154.228,measure,4992.0,920.0,4.5926,58.44
154.329,measure,4992.0,920.0,4.5926,58.31
154.429,measure,4992.0,920.0,4.5926,58.34
154.529,measure,4992.0,920.0,4.5926,58.28
154.629,measure,4992.0,920.0,4.5926,58.34
154.729,measure,4992.0,920.0,4.5926,58.41
154.829,measure,4992.0,920.0,4.5926,58.38
154.929,measure,4992.0,928.0,4.6326,58.31
155.029,measure,4992.0,928.0,4.6326,58.44
155.130,measure,4992.0,920.0,4.5926,58.34
155.230,measure,4992.0,920.0,4.5926,58.38
155.330,measure,4992.0,920.0,4.5926,58.31
155.430,measure,4992.0,920.0,4.5926,58.28
155.530,measure,4992.0,920.0,4.5926,58.25
155.630,measure,4992.0,928.0,4.6326,58.50
155.730,measure,4992.0,928.0,4.6326,58.50
155.831,measure,4992.0,928.0,4.6326,58.31
155.931,measure,4992.0,928.0,4.6326,58.41
156.031,measure,4992.0,928.0,4.6326,58.38
156.131,measure,4992.0,928.0,4.6326,58.41
156.231,measure,4992.0,928.0,4.6326,58.31
156.331,measure,4992.0,928.0,4.6326,58.22
156.431,measure,4992.0,920.0,4.5926,58.47
156.531,measure,4992.0,920.0,4.5926,58.50
156.632,measure,4992.0,920.0,4.5926,58.44
156.732,measure,4992.0,928.0,4.6326,58.38
156.832,measure,4992.0,928.0,4.6326,58.38
156.932,measure,4992.0,920.0,4.5926,58.41
157.032,measure,4992.0,920.0,4.5926,58.38
157.132,measure,4992.0,920.0,4.5926,58.41
157.232,measure,4992.0,920.0,4.5926,58.31
157.332,measure,4992.0,920.0,4.5926,58.44
157.433,measure,4992.0,928.0,4.6326,58.50
157.533,measure,4992.0,920.0,4.5926,58.47
157.633,measure,4992.0,920.0,4.5926,58.38
157.733,measure,4992.0,920.0,4.5926,58.31
157.833,measure,4992.0,920.0,4.5926,58.34
157.933,measure,4992.0,920.0,4.5926,58.34
158.033,measure,4992.0,920.0,4.5926,58.34
158.133,measure,4992.0,920.0,4.5926,58.28
158.233,measure,4992.0,920.0,4.5926,58.50
158.334,measure,4992.0,920.0,4.5926,58.44
158.434,measure,4992.0,920.0,4.5926,58.50
158.534,measure,4992.0,920.0,4.5926,58.38
158.634,measure,4992.0,920.0,4.5926,58.34
158.734,measure,4992.0,920.0,4.5926,58.34
158.834,measure,4992.0,920.0,4.5926,58.34
158.934,measure,4992.0,920.0,4.5926,58.34
159.035,measure,4992.0,920.0,4.5926,58.31
159.135,measure,4992.0,920.0,4.5926,58.44
159.235,measure,4992.0,920.0,4.5926,58.44
159.335,measure,4992.0,920.0,4.5926,58.47
159.435,measure,4992.0,920.0,4.5926,58.44
159.535,measure,4992.0,920.0,4.5926,58.38
159.635,measure,4992.0,920.0,4.5926,58.38
159.735,measure,4992.0,920.0,4.5926,58.31
159.836,measure,4992.0,920.0,4.5926,58.31
159.936,measure,4992.0,920.0,4.5926,58.28
160.036,measure,4992.0,920.0,4.5926,58.53
160.136,measure,4992.0,920.0,4.5926,58.44
160.236,measure,4992.0,920.0,4.5926,58.41
160.336,measure,4992.0,920.0,4.5926,58.44
160.436,measure,4992.0,920.0,4.5926,58.41
160.536,measure,4992.0,920.0,4.5926,58.34
160.637,measure,4992.0,920.0,4.5926,58.31
160.737,measure,4992.0,920.0,4.5926,58.31
160.837,measure,4992.0,920.0,4.5926,58.28
160.937,measure,4992.0,920.0,4.5926,58.44
161.037,measure,4992.0,920.0,4.5926,58.56
161.137,measure,4992.0,920.0,4.5926,58.44
161.237,measure,4992.0,920.0,4.5926,58.41
161.337,measure,4992.0,920.0,4.5926,58.41
161.438,measure,4992.0,920.0,4.5926,58.38
161.538,measure,4992.0,920.0,4.5926,58.34
161.638,measure,4992.0,920.0,4.5926,58.22
161.738,measure,4992.0,920.0,4.5926,58.34
161.838,measure,4992.0,928.0,4.6326,58.56
161.938,measure,4992.0,920.0,4.5926,58.44
162.038,measure,4992.0,928.0,4.6326,58.44
162.138,measure,4992.0,928.0,4.6326,58.41
162.239,measure,4992.0,928.0,4.6326,58.38
162.339,measure,4992.0,920.0,4.5926,58.31
162.439,measure,4992.0,920.0,4.5926,58.31
162.539,measure,4992.0,920.0,4.5926,58.34
162.639,measure,4992.0,920.0,4.5926,58.28
162.739,measure,4992.0,920.0,4.5926,58.62
162.839,measure,4992.0,928.0,4.6326,58.53
162.940,measure,4992.0,928.0,4.6326,58.59
163.040,measure,4992.0,928.0,4.6326,58.34
163.140,measure,4992.0,928.0,4.6326,58.38
163.240,measure,4992.0,920.0,4.5926,58.38
163.340,measure,4992.0,928.0,4.6326,58.31
163.440,measure,4992.0,928.0,4.6326,58.34
163.540,measure,4992.0,928.0,4.6326,58.34
163.640,measure,4992.0,928.0,4.6326,58.25
163.741,measure,4992.0,928.0,4.6326,58.53
163.841,measure,4992.0,928.0,4.6326,58.44
163.941,measure,4992.0,928.0,4.6326,58.41
164.041,measure,4992.0,928.0,4.6326,58.28
164.141,measure,4992.0,928.0,4.6326,58.34
164.241,measure,4992.0,928.0,4.6326,58.25
164.341,measure,4992.0,928.0,4.6326,58.41
164.441,measure,4992.0,920.0,4.5926,58.38
164.542,measure,4992.0,920.0,4.5926,58.31
164.642,measure,4992.0,928.0,4.6326,58.50
164.742,measure,4992.0,928.0,4.6326,58.47
164.842,measure,4992.0,928.0,4.6326,58.38
164.942,measure,4992.0,928.0,4.6326,58.38
165.042,measure,4992.0,928.0,4.6326,58.31
165.142,measure,4992.0,928.0,4.6326,58.28
165.242,measure,4992.0,920.0,4.5926,58.28
165.343,measure,4992.0,920.0,4.5926,58.34
165.443,measure,4992.0,920.0,4.5926,58.28
165.543,measure,4992.0,920.0,4.5926,58.50
165.643,measure,4992.0,920.0,4.5926,58.44
165.743,measure,4992.0,920.0,4.5926,58.44
165.843,measure,4992.0,928.0,4.6326,58.44
165.944,measure,4992.0,928.0,4.6326,58.31
166.044,measure,4992.0,928.0,4.6326,58.34
166.144,measure,4992.0,928.0,4.6326,58.34
166.244,measure,4992.0,928.0,4.6326,58.34
166.344,measure,4992.0,928.0,4.6326,58.22
166.444,measure,4992.0,928.0,4.6326,58.25
166.544,measure,4992.0,928.0,4.6326,58.41
166.644,measure,4992.0,928.0,4.6326,58.47
166.745,measure,4992.0,928.0,4.6326,58.38
166.845,measure,4992.0,928.0,4.6326,58.38
166.945,measure,4992.0,928.0,4.6326,58.41
167.045,measure,4992.0,928.0,4.6326,58.28
167.145,measure,4992.0,928.0,4.6326,58.31
167.245,measure,4992.0,928.0,4.6326,58.31
167.345,measure,4992.0,928.0,4.6326,58.25
167.446,measure,4992.0,928.0,4.6326,58.44
167.546,measure,4992.0,928.0,4.6326,58.44
167.646,measure,4992.0,928.0,4.6326,58.44
167.746,measure,4992.0,928.0,4.6326,58.38
167.846,measure,4992.0,928.0,4.6326,58.34
167.946,measure,4992.0,928.0,4.6326,58.31
168.046,measure,4992.0,928.0,4.6326,58.34
168.146,measure,4992.0,928.0,4.6326,58.34
168.247,measure,4992.0,928.0,4.6326,58.31
168.347,measure,4992.0,928.0,4.6326,58.44
168.447,measure,4992.0,928.0,4.6326,58.47
168.547,measure,4992.0,928.0,4.6326,58.38
168.647,measure,4992.0,928.0,4.6326,58.31
168.747,measure,4992.0,928.0,4.6326,58.38
168.847,measure,4992.0,928.0,4.6326,58.34
168.947,measure,4992.0,928.0,4.6326,58.41
169.048,measure,4992.0,928.0,4.6326,58.28
169.148,measure,4992.0,928.0,4.6326,58.22
169.248,measure,4992.0,928.0,4.6326,58.47
169.348,measure,4992.0,928.0,4.6326,58.44
169.448,measure,4992.0,928.0,4.6326,58.38
169.548,measure,4992.0,928.0,4.6326,58.38
169.648,measure,4992.0,928.0,4.6326,58.38
169.748,measure,4992.0,928.0,4.6326,58.34
169.849,measure,4992.0,928.0,4.6326,58.34
169.949,measure,4992.0,928.0,4.6326,58.31
170.049,measure,4992.0,928.0,4.6326,58.47
170.149,measure,4992.0,928.0,4.6326,58.44
170.249,measure,4992.0,928.0,4.6326,58.44
170.349,measure,4992.0,928.0,4.6326,58.41
170.449,measure,4992.0,928.0,4.6326,58.38
170.549,measure,4992.0,928.0,4.6326,58.38
170.650,measure,4992.0,928.0,4.6326,58.38
170.750,measure,4992.0,928.0,4.6326,58.31
170.850,measure,4992.0,928.0,4.6326,58.25
170.950,measure,4992.0,928.0,4.6326,58.47
171.050,measure,4992.0,928.0,4.6326,58.50
171.150,measure,4992.0,928.0,4.6326,58.44
171.250,measure,4992.0,928.0,4.6326,58.41
171.350,measure,4992.0,928.0,4.6326,58.38
171.451,measure,4992.0,928.0,4.6326,58.34
171.551,measure,4992.0,928.0,4.6326,58.34
171.651,measure,4992.0,928.0,4.6326,58.34
171.751,measure,4992.0,928.0,4.6326,58.25
171.852,measure,4992.0,928.0,4.6326,58.50
171.952,measure,4992.0,928.0,4.6326,58.50
172.052,measure,4992.0,928.0,4.6326,58.44
172.152,measure,4992.0,928.0,4.6326,58.44
172.252,measure,4992.0,928.0,4.6326,58.38
172.352,measure,4992.0,928.0,4.6326,58.31
172.452,measure,4992.0,928.0,4.6326,58.34
172.552,measure,4992.0,928.0,4.6326,58.25
172.653,measure,4992.0,928.0,4.6326,58.25
172.753,measure,4992.0,928.0,4.6326,58.47
172.853,measure,4992.0,928.0,4.6326,58.50
172.953,measure,4992.0,928.0,4.6326,58.44
173.053,measure,4992.0,928.0,4.6326,58.44
173.153,measure,4992.0,928.0,4.6326,58.44
173.254,measure,4992.0,928.0,4.6326,58.31
173.354,measure,4992.0,928.0,4.6326,58.41
173.454,measure,4992.0,928.0,4.6326,58.38
173.554,measure,4992.0,928.0,4.6326,58.34
173.655,measure,4992.0,928.0,4.6326,58.31
173.755,measure,4992.0,928.0,4.6326,58.25
173.855,measure,4992.0,928.0,4.6326,58.44
173.956,measure,4992.0,928.0,4.6326,58.38
174.056,measure,4992.0,920.0,4.5926,58.38
174.156,measure,4992.0,928.0,4.6326,58.38
174.256,measure,4992.0,928.0,4.6326,58.31
174.356,measure,4992.0,928.0,4.6326,58.31
174.456,measure,4992.0,928.0,4.6326,58.28
174.557,measure,4992.0,928.0,4.6326,58.31
174.657,measure,4992.0,928.0,4.6326,58.28
174.757,measure,4992.0,928.0,4.6326,58.50
174.857,measure,4992.0,928.0,4.6326,58.47
174.957,measure,4992.0,928.0,4.6326,58.41
175.057,measure,4992.0,928.0,4.6326,58.38
175.157,measure,4992.0,928.0,4.6326,58.28
175.257,measure,4992.0,928.0,4.6326,58.38
175.357,measure,4992.0,928.0,4.6326,58.31
175.458,measure,4992.0,928.0,4.6326,58.28
175.558,measure,4992.0,928.0,4.6326,58.28
175.658,measure,4992.0,928.0,4.6326,58.44
175.758,measure,4992.0,920.0,4.5926,58.50
175.858,measure,4992.0,920.0,4.5926,58.38
175.958,measure,4992.0,920.0,4.5926,58.34
176.059,measure,4992.0,920.0,4.5926,58.41
176.159,measure,4992.0,928.0,4.6326,58.31
176.259,measure,4992.0,928.0,4.6326,58.31
176.359,measure,4992.0,928.0,4.6326,58.34
176.459,measure,4992.0,928.0,4.6326,58.25
176.560,measure,4992.0,928.0,4.6326,58.22
176.660,measure,4992.0,928.0,4.6326,58.47
176.760,measure,4992.0,928.0,4.6326,58.44
176.861,measure,4992.0,920.0,4.5926,58.41
176.961,measure,4992.0,920.0,4.5926,58.31
177.061,measure,4992.0,920.0,4.5926,58.25
177.161,measure,4992.0,920.0,4.5926,58.34
177.262,measure,4992.0,928.0,4.6326,58.31
177.362,measure,4992.0,928.0,4.6326,58.31
177.462,measure,4992.0,928.0,4.6326,58.41
177.562,measure,4992.0,928.0,4.6326,58.50
177.662,measure,4992.0,928.0,4.6326,58.44
177.762,measure,4992.0,928.0,4.6326,58.41
177.863,measure,4992.0,928.0,4.6326,58.41
177.963,measure,4992.0,928.0,4.6326,58.41
178.063,measure,4992.0,928.0,4.6326,58.34
178.163,measure,4992.0,928.0,4.6326,58.38
178.263,measure,4992.0,928.0,4.6326,58.28
178.363,measure,4992.0,928.0,4.6326,58.34
178.463,measure,4992.0,928.0,4.6326,58.44
178.564,measure,4992.0,928.0,4.6326,58.44
178.664,measure,4992.0,928.0,4.6326,58.44
178.764,measure,4992.0,928.0,4.6326,58.38
178.864,measure,4992.0,928.0,4.6326,58.41
178.964,measure,4992.0,928.0,4.6326,58.31
179.064,measure,4992.0,928.0,4.6326,58.25
179.164,measure,4992.0,928.0,4.6326,58.28
179.264,measure,4992.0,928.0,4.6326,58.31
179.365,measure,4992.0,928.0,4.6326,58.56
179.465,measure,4992.0,928.0,4.6326,58.53
179.565,measure,4992.0,928.0,4.6326,58.47
179.665,measure,4992.0,928.0,4.6326,58.38
179.765,measure,4992.0,928.0,4.6326,58.41
179.865,measure,4992.0,928.0,4.6326,58.31
179.965,measure,4992.0,928.0,4.6326,58.34
180.065,measure,4992.0,928.0,4.6326,58.25
180.166,measure,4992.0,928.0,4.6326,58.34
180.266,measure,4992.0,928.0,4.6326,58.50
180.366,measure,4992.0,928.0,4.6326,58.53
180.466,measure,4992.0,928.0,4.6326,58.44
180.566,measure,4992.0,928.0,4.6326,58.41
180.666,measure,4992.0,928.0,4.6326,58.41
180.766,measure,4992.0,928.0,4.6326,58.28
180.866,measure,4992.0,928.0,4.6326,58.41
180.967,measure,4992.0,928.0,4.6326,58.31
181.067,measure,4992.0,928.0,4.6326,58.31
181.167,measure,4992.0,928.0,4.6326,58.56
181.267,measure,4992.0,928.0,4.6326,58.50
181.367,measure,4992.0,928.0,4.6326,58.41
181.467,measure,4992.0,928.0,4.6326,58.34
181.567,measure,4992.0,928.0,4.6326,58.38
181.667,measure,4992.0,928.0,4.6326,58.34
181.768,measure,4992.0,928.0,4.6326,58.31
181.868,measure,4992.0,920.0,4.5926,58.31
181.968,measure,4992.0,920.0,4.5926,58.25
182.068,measure,4992.0,920.0,4.5926,58.22
182.168,measure,4992.0,920.0,4.5926,58.47
182.268,measure,4992.0,920.0,4.5926,58.38
182.368,measure,4992.0,928.0,4.6326,58.44
182.468,measure,4992.0,928.0,4.6326,58.34
182.569,measure,4992.0,928.0,4.6326,58.38
182.669,measure,4992.0,928.0,4.6326,58.41
182.769,measure,4992.0,920.0,4.5926,58.34
182.869,measure,4992.0,928.0,4.6326,58.31
182.970,measure,4992.0,928.0,4.6326,58.31
183.070,measure,4992.0,928.0,4.6326,58.47
183.170,measure,4992.0,920.0,4.5926,58.44
183.270,measure,4992.0,920.0,4.5926,58.44
183.371,measure,4992.0,928.0,4.6326,58.38
183.471,measure,4992.0,920.0,4.5926,58.38
183.571,measure,4992.0,920.0,4.5926,58.31
183.671,measure,4992.0,920.0,4.5926,58.41
183.772,measure,4992.0,920.0,4.5926,58.28
183.872,measure,4992.0,920.0,4.5926,58.31
183.972,measure,4992.0,920.0,4.5926,58.50
184.072,measure,4992.0,920.0,4.5926,58.56
184.173,measure,4992.0,920.0,4.5926,58.44
184.273,measure,4992.0,920.0,4.5926,58.38
184.373,measure,4992.0,928.0,4.6326,58.31
184.473,measure,4992.0,928.0,4.6326,58.34
184.573,measure,4992.0,928.0,4.6326,58.34
184.673,measure,4992.0,928.0,4.6326,58.31
184.773,measure,4992.0,928.0,4.6326,58.22
184.873,measure,4992.0,928.0,4.6326,58.31
184.974,measure,4992.0,928.0,4.6326,58.53
185.074,measure,4992.0,928.0,4.6326,58.44
185.175,measure,4992.0,928.0,4.6326,58.41
185.275,measure,4992.0,928.0,4.6326,58.44
185.375,measure,4992.0,928.0,4.6326,58.41
185.475,measure,4992.0,928.0,4.6326,58.34
185.575,measure,4992.0,928.0,4.6326,58.34
185.675,measure,4992.0,928.0,4.6326,58.31
185.776,measure,4992.0,928.0,4.6326,58.31
185.876,measure,4992.0,928.0,4.6326,58.59
185.976,measure,4992.0,928.0,4.6326,58.47
186.076,measure,4992.0,928.0,4.6326,58.38
186.176,measure,4992.0,928.0,4.6326,58.34
186.276,measure,4992.0,928.0,4.6326,58.41
186.376,measure,4992.0,928.0,4.6326,58.38
186.476,measure,4992.0,928.0,4.6326,58.34
186.577,measure,4992.0,928.0,4.6326,58.28
186.677,measure,4992.0,928.0,4.6326,58.34
186.777,measure,4992.0,928.0,4.6326,58.34
186.877,measure,4992.0,928.0,4.6326,58.47
186.977,measure,4992.0,928.0,4.6326,58.44
187.077,measure,4992.0,928.0,4.6326,58.44
187.177,measure,4992.0,928.0,4.6326,58.34
187.278,measure,4992.0,928.0,4.6326,58.38
187.378,measure,4992.0,928.0,4.6326,58.38
187.478,measure,4992.0,928.0,4.6326,58.38
187.578,measure,4992.0,928.0,4.6326,58.28
187.678,measure,4992.0,928.0,4.6326,58.31
187.778,measure,4992.0,928.0,4.6326,58.56
187.878,measure,4992.0,928.0,4.6326,58.50
187.979,measure,4992.0,928.0,4.6326,58.47
188.079,measure,4992.0,928.0,4.6326,58.34
188.179,measure,4992.0,928.0,4.6326,58.31
188.280,measure,4992.0,928.0,4.6326,58.28
188.380,measure,4992.0,928.0,4.6326,58.28
188.480,measure,4992.0,928.0,4.6326,58.31
188.580,measure,4992.0,928.0,4.6326,58.25
188.680,measure,4992.0,928.0,4.6326,58.53
188.780,measure,4992.0,928.0,4.6326,58.47
188.880,measure,4992.0,928.0,4.6326,58.44
188.980,measure,4992.0,928.0,4.6326,58.41
189.081,measure,4992.0,928.0,4.6326,58.31
189.181,measure,4992.0,928.0,4.6326,58.38
189.281,measure,4992.0,928.0,4.6326,58.28
189.381,measure,4992.0,920.0,4.5926,58.25
189.481,measure,4992.0,928.0,4.6326,58.34
189.581,measure,4992.0,928.0,4.6326,58.31
189.682,measure,4992.0,928.0,4.6326,58.47
189.782,measure,4992.0,928.0,4.6326,58.41
189.882,measure,4992.0,928.0,4.6326,58.31
189.982,measure,4992.0,928.0,4.6326,58.38
190.082,measure,4992.0,928.0,4.6326,58.38
190.182,measure,4992.0,928.0,4.6326,58.34
190.282,measure,4992.0,928.0,4.6326,58.28
190.383,measure,4992.0,928.0,4.6326,58.31
190.483,measure,4992.0,928.0,4.6326,58.31
190.583,measure,4992.0,928.0,4.6326,58.53
190.683,measure,4992.0,928.0,4.6326,58.41
190.783,measure,4992.0,928.0,4.6326,58.38
190.883,measure,4992.0,928.0,4.6326,58.44
190.983,measure,4992.0,928.0,4.6326,58.34
191.083,measure,4992.0,928.0,4.6326,58.31
191.184,measure,4992.0,928.0,4.6326,58.34
191.284,measure,4992.0,928.0,4.6326,58.34
191.384,measure,4992.0,928.0,4.6326,58.31
191.484,measure,4992.0,928.0,4.6326,58.31
191.584,measure,4992.0,928.0,4.6326,58.38
191.684,measure,4992.0,928.0,4.6326,58.44
191.784,measure,4992.0,928.0,4.6326,58.31
191.885,measure,4992.0,928.0,4.6326,58.41
191.985,measure,4992.0,928.0,4.6326,58.28
192.085,measure,4992.0,928.0,4.6326,58.34
192.185,measure,4992.0,920.0,4.5926,58.31
192.285,measure,4992.0,920.0,4.5926,58.25
192.385,measure,4992.0,920.0,4.5926,58.41
192.485,measure,4992.0,928.0,4.6326,58.44
192.585,measure,4992.0,928.0,4.6326,58.41
192.686,measure,4992.0,928.0,4.6326,58.41
192.786,measure,4992.0,928.0,4.6326,58.34
192.886,measure,4992.0,928.0,4.6326,58.28
192.986,measure,4992.0,928.0,4.6326,58.25
193.087,measure,4992.0,928.0,4.6326,58.31
193.187,measure,4992.0,920.0,4.5926,58.28
193.287,measure,4992.0,928.0,4.6326,58.25
193.387,measure,4992.0,928.0,4.6326,58.53
193.487,measure,4992.0,928.0,4.6326,58.44
193.587,measure,4992.0,928.0,4.6326,58.44
193.688,measure,4992.0,928.0,4.6326,58.38
193.788,measure,4992.0,928.0,4.6326,58.34
193.888,measure,4992.0,928.0,4.6326,58.31
193.988,measure,4992.0,928.0,4.6326,58.31
194.088,measure,4992.0,928.0,4.6326,58.25
194.188,measure,4992.0,928.0,4.6326,58.25
194.288,measure,4992.0,928.0,4.6326,58.44
194.388,measure,4992.0,928.0,4.6326,58.44
194.488,measure,4992.0,928.0,4.6326,58.34
194.589,measure,4992.0,928.0,4.6326,58.38
194.689,measure,4992.0,928.0,4.6326,58.38
194.789,measure,4992.0,928.0,4.6326,58.28
194.889,measure,4992.0,928.0,4.6326,58.34
194.989,measure,4992.0,928.0,4.6326,58.28
195.089,measure,4992.0,928.0,4.6326,58.25
195.189,measure,4992.0,920.0,4.5926,58.44
195.290,measure,4992.0,928.0,4.6326,58.41
195.390,measure,4992.0,920.0,4.5926,58.34
195.490,measure,4992.0,928.0,4.6326,58.28
195.590,measure,4992.0,928.0,4.6326,58.44
195.690,measure,4992.0,928.0,4.6326,58.22
195.790,measure,4992.0,928.0,4.6326,58.28
195.890,measure,4992.0,928.0,4.6326,58.25
195.990,measure,4992.0,920.0,4.5926,58.25
196.091,measure,4992.0,920.0,4.5926,58.44
196.191,measure,4992.0,920.0,4.5926,58.44
196.291,measure,4992.0,920.0,4.5926,58.44
196.391,measure,4992.0,928.0,4.6326,58.34
196.491,measure,4992.0,920.0,4.5926,58.44
196.591,measure,4992.0,920.0,4.5926,58.38
196.691,measure,4992.0,928.0,4.6326,58.31
196.791,measure,4992.0,928.0,4.6326,58.31
196.892,measure,4992.0,928.0,4.6326,58.28
196.992,measure,4992.0,928.0,4.6326,58.47
197.092,measure,4992.0,920.0,4.5926,58.41
197.192,measure,4992.0,920.0,4.5926,58.41
197.292,measure,4992.0,920.0,4.5926,58.38
197.392,measure,4992.0,920.0,4.5926,58.22
197.492,measure,4992.0,928.0,4.6326,58.34
197.592,measure,4992.0,920.0,4.5926,58.34
197.693,measure,4992.0,928.0,4.6326,58.31
197.793,measure,4992.0,928.0,4.6326,58.22
197.893,measure,4992.0,928.0,4.6326,58.44
197.993,measure,4992.0,928.0,4.6326,58.41
198.093,measure,4992.0,920.0,4.5926,58.34
198.193,measure,4992.0,920.0,4.5926,58.31
198.293,measure,4992.0,928.0,4.6326,58.28
198.393,measure,4992.0,928.0,4.6326,58.31
198.494,measure,4992.0,928.0,4.6326,58.25
198.594,measure,4992.0,928.0,4.6326,58.31
198.694,measure,4992.0,928.0,4.6326,58.50
198.794,measure,4992.0,928.0,4.6326,58.47
198.894,measure,4992.0,928.0,4.6326,58.44
198.994,measure,4992.0,928.0,4.6326,58.38
199.094,measure,4992.0,928.0,4.6326,58.44
199.195,measure,4992.0,928.0,4.6326,58.31
199.295,measure,4992.0,928.0,4.6326,58.34
199.395,measure,4992.0,920.0,4.5926,58.31
199.495,measure,4992.0,920.0,4.5926,58.28
199.595,measure,4992.0,920.0,4.5926,58.31
199.695,measure,4992.0,928.0,4.6326,58.47
199.795,measure,4992.0,928.0,4.6326,58.47
199.895,measure,4992.0,928.0,4.6326,58.41
199.996,measure,4992.0,928.0,4.6326,58.38
200.096,measure,4992.0,920.0,4.5926,58.31
200.196,measure,4992.0,920.0,4.5926,58.41
200.296,measure,4992.0,928.0,4.6326,58.25
200.396,measure,4992.0,920.0,4.5926,58.25
200.496,measure,4992.0,920.0,4.5926,58.25
200.596,measure,4992.0,920.0,4.5926,58.47
200.697,measure,4992.0,920.0,4.5926,58.44
200.797,measure,4992.0,928.0,4.6326,58.38
200.897,measure,4992.0,928.0,4.6326,58.38
200.997,measure,4992.0,928.0,4.6326,58.41
201.097,measure,4992.0,928.0,4.6326,58.28
201.197,measure,4992.0,928.0,4.6326,58.31
201.297,measure,4992.0,928.0,4.6326,58.28
201.397,measure,4992.0,928.0,4.6326,58.25
201.498,measure,4992.0,928.0,4.6326,58.44
201.598,measure,4992.0,928.0,4.6326,58.44
201.698,measure,4992.0,928.0,4.6326,58.38
201.798,measure,4992.0,928.0,4.6326,58.31
201.898,measure,4992.0,928.0,4.6326,58.28
201.998,measure,4992.0,928.0,4.6326,58.34
202.098,measure,4992.0,928.0,4.6326,58.28
202.198,measure,4992.0,928.0,4.6326,58.28
202.299,measure,4992.0,928.0,4.6326,58.38
202.399,measure,4992.0,920.0,4.5926,58.47
202.499,measure,4992.0,928.0,4.6326,58.50
202.599,measure,4992.0,920.0,4.5926,58.38
202.699,measure,4992.0,928.0,4.6326,58.34
202.799,measure,4992.0,928.0,4.6326,58.25
202.899,measure,4992.0,928.0,4.6326,58.34
203.000,measure,4992.0,928.0,4.6326,58.28
203.100,measure,4992.0,928.0,4.6326,58.19
203.200,measure,4992.0,928.0,4.6326,58.22
203.300,measure,4992.0,928.0,4.6326,58.22
203.400,measure,4992.0,928.0,4.6326,58.47
203.500,measure,4992.0,928.0,4.6326,58.41
203.600,measure,4992.0,928.0,4.6326,58.41
203.700,measure,4992.0,920.0,4.5926,58.38
203.801,measure,4992.0,928.0,4.6326,58.31
203.901,measure,4992.0,928.0,4.6326,58.34
204.001,measure,4992.0,928.0,4.6326,58.25
204.101,measure,4992.0,920.0,4.5926,58.25
204.201,measure,4992.0,920.0,4.5926,58.22
204.301,measure,4992.0,920.0,4.5926,58.47
204.401,measure,4992.0,920.0,4.5926,58.41
204.501,measure,4992.0,920.0,4.5926,58.44
204.602,measure,4992.0,920.0,4.5926,58.28
204.702,measure,4992.0,920.0,4.5926,58.38
204.802,measure,4992.0,928.0,4.6326,58.25
204.902,measure,4992.0,928.0,4.6326,58.25
205.002,measure,4992.0,928.0,4.6326,58.28
205.102,measure,4992.0,928.0,4.6326,58.31
205.202,measure,4992.0,928.0,4.6326,58.28
205.303,measure,4992.0,920.0,4.5926,58.44
205.403,measure,4992.0,920.0,4.5926,58.47
205.503,measure,4992.0,920.0,4.5926,58.44
205.603,measure,4992.0,920.0,4.5926,58.34
205.703,measure,4992.0,920.0,4.5926,58.28
205.803,measure,4992.0,920.0,4.5926,58.28
205.903,measure,4992.0,928.0,4.6326,58.34
206.003,measure,4992.0,928.0,4.6326,58.28
206.104,measure,4992.0,920.0,4.5926,58.41
206.204,measure,4992.0,920.0,4.5926,58.38
206.304,measure,4992.0,920.0,4.5926,58.44
206.404,measure,4992.0,920.0,4.5926,58.38
206.504,measure,4992.0,920.0,4.5926,58.38
206.604,measure,4992.0,920.0,4.5926,58.25
206.704,measure,4992.0,920.0,4.5926,58.22
206.804,measure,4992.0,920.0,4.5926,58.19
206.905,measure,4992.0,928.0,4.6326,58.25
207.005,measure,4992.0,936.0,4.6725,58.22
207.105,measure,4992.0,936.0,4.6725,58.34
207.205,measure,4992.0,944.0,4.7124,58.44
207.305,measure,4984.0,992.0,4.9441,58.31
207.406,measure,4984.0,1032.0,5.1435,58.28
207.506,measure,4984.0,1064.0,5.3030,58.34
207.606,measure,4984.0,1080.0,5.3827,58.34
207.707,measure,4984.0,1072.0,5.3428,58.34
207.807,measure,4976.0,1096.0,5.4537,58.38
207.907,measure,4976.0,1112.0,5.5333,58.31
208.007,measure,4976.0,1120.0,5.5731,58.41
208.107,measure,4976.0,1128.0,5.6129,58.44
208.207,measure,4976.0,1104.0,5.4935,58.44
208.307,measure,4984.0,1064.0,5.3030,58.38
208.408,measure,4984.0,1040.0,5.1834,58.38
208.508,measure,4984.0,1016.0,5.0637,58.28
208.608,measure,4984.0,992.0,4.9441,58.31
208.708,measure,4984.0,984.0,4.9043,58.31
208.808,measure,4984.0,968.0,4.8245,58.41
208.908,measure,4992.0,960.0,4.7923,58.47
209.008,measure,4992.0,952.0,4.7524,58.44
209.109,measure,4992.0,944.0,4.7124,58.44
209.209,measure,4992.0,944.0,4.7124,58.38
209.309,measure,4992.0,936.0,4.6725,58.31
209.409,measure,4992.0,936.0,4.6725,58.41
209.509,measure,4992.0,936.0,4.6725,58.38
209.609,measure,4992.0,928.0,4.6326,58.34
209.709,measure,4992.0,928.0,4.6326,58.53
209.809,measure,4992.0,928.0,4.6326,58.44
209.910,measure,4992.0,928.0,4.6326,58.44
210.010,measure,4992.0,928.0,4.6326,58.41
210.110,measure,4992.0,928.0,4.6326,58.41
210.210,measure,4992.0,928.0,4.6326,58.41
210.310,measure,4992.0,928.0,4.6326,58.38
210.410,measure,4992.0,928.0,4.6326,58.28
210.510,measure,4992.0,928.0,4.6326,58.38
210.610,measure,4992.0,928.0,4.6326,58.47
210.711,measure,4992.0,928.0,4.6326,58.44
210.811,measure,4992.0,928.0,4.6326,58.44
210.911,measure,4992.0,928.0,4.6326,58.44
211.011,measure,4992.0,928.0,4.6326,58.41
211.111,measure,4992.0,928.0,4.6326,58.28
211.211,measure,4992.0,928.0,4.6326,58.34
211.311,measure,4992.0,928.0,4.6326,58.25
211.411,measure,4992.0,928.0,4.6326,58.31
211.512,measure,4992.0,928.0,4.6326,58.50
211.612,measure,4992.0,928.0,4.6326,58.47
211.712,measure,4992.0,928.0,4.6326,58.41
211.812,measure,4992.0,928.0,4.6326,58.38
211.912,measure,4992.0,928.0,4.6326,58.34
212.012,measure,4992.0,928.0,4.6326,58.22
212.112,measure,4992.0,928.0,4.6326,58.34
212.212,measure,4992.0,928.0,4.6326,58.28
212.312,measure,4992.0,928.0,4.6326,58.25
212.413,measure,4992.0,928.0,4.6326,58.44
212.513,measure,4992.0,928.0,4.6326,58.44
212.613,measure,4992.0,928.0,4.6326,58.44
212.713,measure,4992.0,928.0,4.6326,58.41
212.813,measure,4992.0,928.0,4.6326,58.31
212.913,measure,4992.0,928.0,4.6326,58.34
213.013,measure,4992.0,928.0,4.6326,58.34
213.113,measure,4992.0,928.0,4.6326,58.28
213.214,measure,4992.0,928.0,4.6326,58.31
213.314,measure,4992.0,928.0,4.6326,58.50
213.414,measure,4992.0,928.0,4.6326,58.44
213.514,measure,4992.0,928.0,4.6326,58.44
213.614,measure,4992.0,920.0,4.5926,58.38
213.714,measure,4992.0,928.0,4.6326,58.41
213.814,measure,4992.0,928.0,4.6326,58.28
213.915,measure,4992.0,928.0,4.6326,58.31
214.015,measure,4992.0,928.0,4.6326,58.25
214.115,measure,4992.0,928.0,4.6326,58.22
214.215,measure,4992.0,928.0,4.6326,58.56
214.315,measure,4992.0,928.0,4.6326,58.53
214.415,measure,4992.0,928.0,4.6326,58.50
214.515,measure,4992.0,928.0,4.6326,58.44
214.615,measure,4992.0,928.0,4.6326,58.34
214.716,measure,4992.0,928.0,4.6326,58.28
214.816,measure,4992.0,928.0,4.6326,58.28
214.916,measure,4992.0,928.0,4.6326,58.31
215.016,measure,4992.0,928.0,4.6326,58.34
215.116,measure,4992.0,928.0,4.6326,58.28
215.216,measure,4992.0,928.0,4.6326,58.47
215.316,measure,4992.0,928.0,4.6326,58.44
215.416,measure,4992.0,928.0,4.6326,58.41
215.517,measure,4992.0,928.0,4.6326,58.44
215.617,measure,4992.0,928.0,4.6326,58.31
215.717,measure,4992.0,928.0,4.6326,58.34
215.817,measure,4992.0,928.0,4.6326,58.34
215.917,measure,4992.0,928.0,4.6326,58.22
216.017,measure,4992.0,928.0,4.6326,58.25
216.117,measure,4992.0,928.0,4.6326,58.47
216.217,measure,4992.0,928.0,4.6326,58.44
216.318,measure,4992.0,928.0,4.6326,58.34
216.418,measure,4992.0,928.0,4.6326,58.44
216.518,measure,4992.0,928.0,4.6326,58.38
216.618,measure,4992.0,928.0,4.6326,58.34
216.718,measure,4992.0,928.0,4.6326,58.31
216.818,measure,4992.0,928.0,4.6326,58.25
216.918,measure,4992.0,928.0,4.6326,58.28
217.019,measure,4992.0,928.0,4.6326,58.31
217.119,measure,4992.0,928.0,4.6326,58.47
217.219,measure,4992.0,928.0,4.6326,58.44
217.319,measure,4992.0,936.0,4.6725,58.41
217.419,measure,4992.0,928.0,4.6326,58.38
217.519,measure,4992.0,928.0,4.6326,58.31
217.620,measure,4992.0,928.0,4.6326,58.22
217.720,measure,4992.0,928.0,4.6326,58.31
217.820,measure,4992.0,928.0,4.6326,58.31
217.920,measure,4992.0,928.0,4.6326,58.25
218.020,measure,4992.0,928.0,4.6326,58.56
218.120,measure,4992.0,928.0,4.6326,58.44
218.220,measure,4992.0,928.0,4.6326,58.44
218.320,measure,4992.0,928.0,4.6326,58.38
218.421,measure,4992.0,928.0,4.6326,58.38
218.521,measure,4992.0,928.0,4.6326,58.34
218.621,measure,4992.0,928.0,4.6326,58.34
218.721,measure,4992.0,928.0,4.6326,58.28
218.821,measure,4992.0,928.0,4.6326,58.34
218.921,measure,4992.0,928.0,4.6326,58.50
219.021,measure,4992.0,928.0,4.6326,58.41
219.121,measure,4992.0,928.0,4.6326,58.28
219.222,measure,4992.0,928.0,4.6326,58.34
219.322,measure,4992.0,928.0,4.6326,58.44
219.422,measure,4992.0,928.0,4.6326,58.28
219.522,measure,4992.0,928.0,4.6326,58.28
219.622,measure,4992.0,928.0,4.6326,58.25
219.722,measure,4992.0,928.0,4.6326,58.28
219.822,measure,4992.0,928.0,4.6326,58.47
219.923,measure,4992.0,928.0,4.6326,58.38
220.023,measure,4992.0,928.0,4.6326,58.38
220.123,measure,4992.0,928.0,4.6326,58.38
220.223,measure,4992.0,928.0,4.6326,58.38
220.323,measure,4992.0,928.0,4.6326,58.34
220.423,measure,4992.0,928.0,4.6326,58.34
220.524,measure,4992.0,928.0,4.6326,58.22
220.624,measure,4992.0,920.0,4.5926,58.22
220.724,measure,4992.0,920.0,4.5926,58.41
220.824,measure,4992.0,928.0,4.6326,58.44
220.924,measure,4992.0,928.0,4.6326,58.44
221.024,measure,4992.0,928.0,4.6326,58.38
221.124,measure,4992.0,928.0,4.6326,58.34
221.225,measure,4992.0,928.0,4.6326,58.34
221.325,measure,4992.0,928.0,4.6326,58.28
221.425,measure,4992.0,928.0,4.6326,58.25
221.525,measure,4992.0,928.0,4.6326,58.25
221.625,measure,4992.0,920.0,4.5926,58.44
221.725,measure,4992.0,920.0,4.5926,58.44
221.825,measure,4992.0,920.0,4.5926,58.41
221.925,measure,4992.0,920.0,4.5926,58.34
222.026,measure,4992.0,920.0,4.5926,58.34
222.126,measure,4992.0,920.0,4.5926,58.31
222.226,measure,4992.0,920.0,4.5926,58.22
222.326,measure,4992.0,920.0,4.5926,58.25
222.426,measure,4992.0,920.0,4.5926,58.22
222.526,measure,4992.0,920.0,4.5926,58.44
222.626,measure,4992.0,920.0,4.5926,58.44
222.726,measure,4992.0,920.0,4.5926,58.34
222.827,measure,4992.0,920.0,4.5926,58.38
222.927,measure,4992.0,920.0,4.5926,58.31
223.027,measure,4992.0,920.0,4.5926,58.31
223.127,measure,4992.0,920.0,4.5926,58.31
223.227,measure,4992.0,928.0,4.6326,58.25
223.327,measure,4992.0,928.0,4.6326,58.31
223.427,measure,4992.0,928.0,4.6326,58.44
223.527,measure,4992.0,928.0,4.6326,58.44
223.628,measure,4992.0,928.0,4.6326,58.44
223.728,measure,4992.0,928.0,4.6326,58.38
223.828,measure,4992.0,928.0,4.6326,58.28
223.928,measure,4992.0,928.0,4.6326,58.25
224.028,measure,4992.0,920.0,4.5926,58.28
224.128,measure,4992.0,920.0,4.5926,58.31
224.228,measure,4992.0,920.0,4.5926,58.47
224.328,measure,4992.0,928.0,4.6326,58.44
224.428,measure,4992.0,928.0,4.6326,58.41
224.529,measure,4992.0,928.0,4.6326,58.31
224.629,measure,4992.0,928.0,4.6326,58.38
224.729,measure,4992.0,928.0,4.6326,58.25
224.829,measure,4992.0,928.0,4.6326,58.28
224.929,measure,4992.0,928.0,4.6326,58.28
225.029,measure,4992.0,928.0,4.6326,58.28
225.129,measure,4992.0,920.0,4.5926,58.50
225.229,measure,4992.0,920.0,4.5926,58.44
225.330,measure,4992.0,928.0,4.6326,58.47
225.430,measure,4992.0,928.0,4.6326,58.41
225.530,measure,4992.0,928.0,4.6326,58.34
225.630,measure,4992.0,928.0,4.6326,58.28
225.730,measure,4992.0,928.0,4.6326,58.31
225.830,measure,4992.0,928.0,4.6326,58.25
225.930,measure,4992.0,928.0,4.6326,58.25
226.030,measure,4992.0,928.0,4.6326,58.22
226.131,measure,4992.0,928.0,4.6326,58.50
226.231,measure,4992.0,928.0,4.6326,58.44
226.331,measure,4992.0,928.0,4.6326,58.34
226.431,measure,4992.0,928.0,4.6326,58.41
226.531,measure,4992.0,928.0,4.6326,58.28
226.631,measure,4992.0,928.0,4.6326,58.38
226.731,measure,4992.0,928.0,4.6326,58.31
226.831,measure,4992.0,920.0,4.5926,58.28
226.932,measure,4992.0,920.0,4.5926,58.22
227.032,measure,4992.0,920.0,4.5926,58.50
227.132,measure,4992.0,920.0,4.5926,58.44
227.232,measure,4992.0,920.0,4.5926,58.38
227.332,measure,4992.0,920.0,4.5926,58.34
227.432,measure,4992.0,920.0,4.5926,58.25
227.532,measure,4992.0,928.0,4.6326,58.25
227.632,measure,4992.0,928.0,4.6326,58.28
227.732,measure,4992.0,928.0,4.6326,58.25
227.833,measure,4992.0,928.0,4.6326,58.31
227.933,measure,4992.0,928.0,4.6326,58.47
228.033,measure,4992.0,920.0,4.5926,58.44
228.133,measure,4992.0,920.0,4.5926,58.44
228.233,measure,4992.0,920.0,4.5926,58.41
228.333,measure,4992.0,920.0,4.5926,58.34
228.433,measure,4992.0,928.0,4.6326,58.38
228.533,measure,4992.0,928.0,4.6326,58.28
228.634,measure,4992.0,928.0,4.6326,58.22
228.734,measure,4992.0,928.0,4.6326,58.25
228.834,measure,4992.0,928.0,4.6326,58.25
228.934,measure,4992.0,928.0,4.6326,58.38
229.034,measure,4992.0,928.0,4.6326,58.41
229.134,measure,4992.0,920.0,4.5926,58.34
229.234,measure,4992.0,928.0,4.6326,58.25
229.334,measure,4992.0,928.0,4.6326,58.25
229.435,measure,4992.0,928.0,4.6326,58.25
229.535,measure,4992.0,928.0,4.6326,58.31
229.635,measure,4992.0,928.0,4.6326,58.22
229.735,measure,4992.0,928.0,4.6326,58.22
229.835,measure,4992.0,928.0,4.6326,58.38
229.935,measure,4992.0,920.0,4.5926,58.41
230.035,measure,4992.0,920.0,4.5926,58.31
230.135,measure,4992.0,920.0,4.5926,58.38
230.236,measure,4992.0,920.0,4.5926,58.28
230.336,measure,4992.0,920.0,4.5926,58.22
230.436,measure,4992.0,920.0,4.5926,58.28
230.536,measure,4992.0,920.0,4.5926,58.25
230.636,measure,4992.0,920.0,4.5926,58.19
230.736,measure,4992.0,920.0,4.5926,58.41
230.836,measure,4992.0,920.0,4.5926,58.41
230.936,measure,4992.0,920.0,4.5926,58.31
231.037,measure,4992.0,920.0,4.5926,58.31
231.137,measure,4992.0,920.0,4.5926,58.31
231.237,measure,4992.0,920.0,4.5926,58.28
231.337,measure,4992.0,920.0,4.5926,58.38
231.437,measure,4992.0,920.0,4.5926,58.28
231.537,measure,4992.0,920.0,4.5926,58.25
231.638,measure,4992.0,920.0,4.5926,58.41
231.738,measure,4992.0,920.0,4.5926,58.38
231.838,measure,4992.0,920.0,4.5926,58.44
231.938,measure,4992.0,928.0,4.6326,58.28
232.038,measure,4992.0,920.0,4.5926,58.28
232.138,measure,4992.0,928.0,4.6326,58.31
232.238,measure,4992.0,920.0,4.5926,58.28
232.339,measure,4992.0,920.0,4.5926,58.28
232.439,measure,4992.0,928.0,4.6326,58.25
232.539,measure,4992.0,928.0,4.6326,58.44
232.639,measure,4992.0,928.0,4.6326,58.44
232.739,measure,4992.0,928.0,4.6326,58.41
232.839,measure,4992.0,928.0,4.6326,58.31
232.939,measure,4992.0,928.0,4.6326,58.31
233.040,measure,4992.0,928.0,4.6326,58.34
233.140,measure,4992.0,928.0,4.6326,58.38
233.240,measure,4992.0,928.0,4.6326,58.31
233.340,measure,4992.0,928.0,4.6326,58.22
233.440,measure,4992.0,928.0,4.6326,58.44
233.540,measure,4992.0,928.0,4.6326,58.31
233.640,measure,4992.0,928.0,4.6326,58.44
233.740,measure,4992.0,928.0,4.6326,58.34
233.841,measure,4992.0,928.0,4.6326,58.34
233.941,measure,4992.0,928.0,4.6326,58.34
234.041,measure,4992.0,928.0,4.6326,58.25
234.141,measure,4992.0,920.0,4.5926,58.22
234.241,measure,4992.0,920.0,4.5926,58.22
234.341,measure,4992.0,920.0,4.5926,58.44
234.441,measure,4992.0,920.0,4.5926,58.47
234.542,measure,4992.0,928.0,4.6326,58.34
234.642,measure,4992.0,928.0,4.6326,58.34
234.742,measure,4992.0,920.0,4.5926,58.25
234.842,measure,4992.0,928.0,4.6326,58.31
234.942,measure,4992.0,920.0,4.5926,58.25
235.042,measure,4992.0,928.0,4.6326,58.25
235.142,measure,4992.0,928.0,4.6326,58.22
235.242,measure,4992.0,928.0,4.6326,58.38
235.343,measure,4992.0,928.0,4.6326,58.41
235.443,measure,4992.0,928.0,4.6326,58.34
235.543,measure,4992.0,928.0,4.6326,58.34
235.643,measure,4992.0,928.0,4.6326,58.38
235.743,measure,4992.0,928.0,4.6326,58.31
235.843,measure,4992.0,928.0,4.6326,58.28
235.943,measure,4992.0,928.0,4.6326,58.28
236.044,measure,4992.0,920.0,4.5926,58.44
236.144,measure,4992.0,920.0,4.5926,58.50
236.244,measure,4992.0,920.0,4.5926,58.44
236.344,measure,4992.0,920.0,4.5926,58.44
236.444,measure,4992.0,920.0,4.5926,58.34
236.544,measure,4992.0,920.0,4.5926,58.34
236.644,measure,4992.0,928.0,4.6326,58.31
236.745,measure,4992.0,928.0,4.6326,58.28
236.845,measure,4992.0,928.0,4.6326,58.34
236.945,measure,4992.0,928.0,4.6326,58.25
237.045,measure,4992.0,928.0,4.6326,58.47
237.145,measure,4992.0,920.0,4.5926,58.44
237.245,measure,4992.0,920.0,4.5926,58.44
237.345,measure,4992.0,920.0,4.5926,58.31
237.445,measure,4992.0,920.0,4.5926,58.34
237.546,measure,4992.0,920.0,4.5926,58.31
237.646,measure,4992.0,928.0,4.6326,58.28
237.746,measure,4992.0,928.0,4.6326,58.25
237.846,measure,4992.0,928.0,4.6326,58.16
237.946,measure,4992.0,928.0,4.6326,58.53
238.046,measure,4992.0,928.0,4.6326,58.44
238.146,measure,4992.0,928.0,4.6326,58.44
238.247,measure,4992.0,928.0,4.6326,58.41
238.347,measure,4992.0,928.0,4.6326,58.28
238.447,measure,4992.0,928.0,4.6326,58.34
238.547,measure,4992.0,928.0,4.6326,58.25
238.647,measure,4992.0,928.0,4.6326,58.28
238.747,measure,4992.0,928.0,4.6326,58.25
238.847,measure,4992.0,928.0,4.6326,58.44
238.947,measure,4992.0,928.0,4.6326,58.44
239.048,measure,4992.0,928.0,4.6326,58.34
239.148,measure,4992.0,928.0,4.6326,58.34
239.248,measure,4992.0,928.0,4.6326,58.34
239.348,measure,4992.0,928.0,4.6326,58.28
239.448,measure,4992.0,928.0,4.6326,58.25
239.548,measure,4992.0,928.0,4.6326,58.28
239.648,measure,4992.0,928.0,4.6326,58.28
239.748,measure,4992.0,928.0,4.6326,58.25
239.849,measure,4992.0,928.0,4.6326,58.47
239.949,measure,4992.0,928.0,4.6326,58.31
240.049,measure,4992.0,928.0,4.6326,58.38
240.149,measure,4992.0,920.0,4.5926,58.34
240.249,measure,4992.0,920.0,4.5926,58.28
240.349,measure,4992.0,920.0,4.5926,58.34
240.449,measure,4992.0,920.0,4.5926,58.31
240.549,measure,4992.0,920.0,4.5926,58.22
240.650,measure,4992.0,920.0,4.5926,58.31
240.750,measure,4992.0,928.0,4.6326,58.50
240.850,measure,4992.0,928.0,4.6326,58.38
240.950,measure,4992.0,928.0,4.6326,58.44
241.050,measure,4992.0,928.0,4.6326,58.31
241.150,measure,4992.0,928.0,4.6326,58.31
241.250,measure,4992.0,928.0,4.6326,58.31
241.350,measure,4992.0,928.0,4.6326,58.28
241.451,measure,4992.0,928.0,4.6326,58.28
241.551,measure,4992.0,928.0,4.6326,58.28
241.651,measure,4992.0,928.0,4.6326,58.44
241.751,measure,4992.0,928.0,4.6326,58.41
241.851,measure,4992.0,928.0,4.6326,58.38
241.951,measure,4992.0,928.0,4.6326,58.31
242.051,measure,4992.0,928.0,4.6326,58.28
242.152,measure,4992.0,928.0,4.6326,58.28
242.252,measure,4992.0,928.0,4.6326,58.28
242.352,measure,4992.0,928.0,4.6326,58.28
242.452,measure,4992.0,928.0,4.6326,58.25
242.552,measure,4992.0,928.0,4.6326,58.41
242.652,measure,4992.0,928.0,4.6326,58.44
242.752,measure,4992.0,928.0,4.6326,58.44
242.852,measure,4992.0,928.0,4.6326,58.41
242.953,measure,4992.0,928.0,4.6326,58.22
243.053,measure,4992.0,928.0,4.6326,58.34
243.153,measure,4992.0,928.0,4.6326,58.34
243.253,measure,4992.0,920.0,4.5926,58.22
243.353,measure,4992.0,920.0,4.5926,58.12
243.453,measure,4992.0,920.0,4.5926,58.41
243.553,measure,4992.0,920.0,4.5926,58.41
243.654,measure,4992.0,920.0,4.5926,58.44
243.754,measure,4992.0,920.0,4.5926,58.31
243.854,measure,4992.0,928.0,4.6326,58.38
243.954,measure,4992.0,928.0,4.6326,58.28
244.054,measure,4992.0,928.0,4.6326,58.34
244.154,measure,4992.0,928.0,4.6326,58.25
244.254,measure,4992.0,928.0,4.6326,58.31
244.354,measure,4992.0,928.0,4.6326,58.34
244.455,measure,4992.0,928.0,4.6326,58.44
244.555,measure,4992.0,928.0,4.6326,58.34
244.655,measure,4992.0,928.0,4.6326,58.31
244.755,measure,4992.0,928.0,4.6326,58.34
244.855,measure,4992.0,928.0,4.6326,58.28
244.955,measure,4992.0,928.0,4.6326,58.38
245.055,measure,4992.0,928.0,4.6326,58.25
245.155,measure,4992.0,928.0,4.6326,58.22
245.256,measure,4992.0,928.0,4.6326,58.44
245.356,measure,4992.0,928.0,4.6326,58.44
245.456,measure,4992.0,928.0,4.6326,58.44
245.556,measure,4992.0,928.0,4.6326,58.25
245.656,measure,4992.0,928.0,4.6326,58.31
245.756,measure,4992.0,928.0,4.6326,58.34
245.856,measure,4992.0,928.0,4.6326,58.28
245.957,measure,4992.0,928.0,4.6326,58.34
246.057,measure,4992.0,928.0,4.6326,58.25
246.157,measure,4992.0,928.0,4.6326,58.47
246.257,measure,4992.0,928.0,4.6326,58.44
246.357,measure,4992.0,920.0,4.5926,58.41
246.457,measure,4992.0,920.0,4.5926,58.31
246.557,measure,4992.0,928.0,4.6326,58.38
246.657,measure,4992.0,928.0,4.6326,58.38
246.758,measure,4992.0,928.0,4.6326,58.22
246.858,measure,4992.0,928.0,4.6326,58.16
246.958,measure,4992.0,928.0,4.6326,58.25
247.058,measure,4992.0,928.0,4.6326,58.50
247.158,measure,4992.0,928.0,4.6326,58.44
247.258,measure,4992.0,928.0,4.6326,58.47
247.358,measure,4992.0,928.0,4.6326,58.38
247.458,measure,4992.0,928.0,4.6326,58.34
247.559,measure,4992.0,928.0,4.6326,58.22
247.659,measure,4992.0,928.0,4.6326,58.31
247.759,measure,4992.0,928.0,4.6326,58.28
247.859,measure,4992.0,928.0,4.6326,58.28
247.959,measure,4992.0,928.0,4.6326,58.44
248.059,measure,4992.0,928.0,4.6326,58.44
248.159,measure,4992.0,928.0,4.6326,58.50
248.260,measure,4992.0,920.0,4.5926,58.38
248.360,measure,4992.0,920.0,4.5926,58.25
248.460,measure,4992.0,920.0,4.5926,58.34
248.560,measure,4992.0,920.0,4.5926,58.38
248.660,measure,4992.0,920.0,4.5926,58.22
248.760,measure,4992.0,920.0,4.5926,58.22
248.860,measure,4992.0,920.0,4.5926,58.41
248.960,measure,4992.0,928.0,4.6326,58.44
249.061,measure,4992.0,920.0,4.5926,58.28
249.161,measure,4992.0,920.0,4.5926,58.41
249.261,measure,4992.0,920.0,4.5926,58.25
249.361,measure,4992.0,920.0,4.5926,58.31
249.461,measure,4992.0,920.0,4.5926,58.28
249.561,measure,4992.0,920.0,4.5926,58.22
249.661,measure,4992.0,920.0,4.5926,58.22
249.761,measure,4992.0,920.0,4.5926,58.44
249.862,measure,4992.0,920.0,4.5926,58.44
249.962,measure,4992.0,920.0,4.5926,58.28
250.062,measure,4992.0,920.0,4.5926,58.31
250.162,measure,4992.0,920.0,4.5926,58.34
250.262,measure,4992.0,920.0,4.5926,58.25
250.362,measure,4992.0,920.0,4.5926,58.31
250.462,measure,4992.0,920.0,4.5926,58.28
250.562,measure,4992.0,920.0,4.5926,58.31
250.663,measure,4992.0,920.0,4.5926,58.50
250.763,measure,4992.0,920.0,4.5926,58.47
250.863,measure,4992.0,920.0,4.5926,58.34
250.963,measure,4992.0,920.0,4.5926,58.34
251.063,measure,4992.0,920.0,4.5926,58.34
251.163,measure,4992.0,920.0,4.5926,58.28
251.263,measure,4992.0,920.0,4.5926,58.25
251.364,measure,4992.0,920.0,4.5926,58.28
251.464,measure,4992.0,920.0,4.5926,58.22
251.564,measure,4992.0,920.0,4.5926,58.19
251.664,measure,4992.0,920.0,4.5926,58.44
251.764,measure,4992.0,920.0,4.5926,58.38
251.864,measure,4992.0,928.0,4.6326,58.38
251.964,measure,4992.0,928.0,4.6326,58.31
252.065,measure,4992.0,928.0,4.6326,58.31
252.165,measure,4992.0,928.0,4.6326,58.25
252.265,measure,4992.0,928.0,4.6326,58.34
252.365,measure,4992.0,928.0,4.6326,58.25
252.465,measure,4992.0,920.0,4.5926,58.22
252.565,measure,4992.0,920.0,4.5926,58.44
252.665,measure,4992.0,920.0,4.5926,58.41
252.765,measure,4992.0,920.0,4.5926,58.34
252.866,measure,4992.0,920.0,4.5926,58.31
252.966,measure,4992.0,920.0,4.5926,58.25
253.066,measure,4992.0,928.0,4.6326,58.28
253.166,measure,4992.0,928.0,4.6326,58.28
253.266,measure,4992.0,928.0,4.6326,58.28
253.366,measure,4992.0,928.0,4.6326,58.25
253.466,measure,4992.0,928.0,4.6326,58.34
253.567,measure,4992.0,928.0,4.6326,58.38
253.667,measure,4992.0,928.0,4.6326,58.38
253.767,measure,4992.0,928.0,4.6326,58.38
253.867,measure,4992.0,928.0,4.6326,58.25
253.967,measure,4992.0,928.0,4.6326,58.31
254.067,measure,4992.0,928.0,4.6326,58.31
254.167,measure,4992.0,928.0,4.6326,58.31
254.267,measure,4992.0,928.0,4.6326,58.09
254.368,measure,4992.0,928.0,4.6326,58.41
254.468,measure,4992.0,928.0,4.6326,58.41
254.568,measure,4992.0,928.0,4.6326,58.41
254.668,measure,4992.0,928.0,4.6326,58.25
254.768,measure,4992.0,928.0,4.6326,58.22
254.868,measure,4992.0,928.0,4.6326,58.25
254.968,measure,4992.0,928.0,4.6326,58.28
255.068,measure,4992.0,928.0,4.6326,58.19
255.169,measure,4992.0,928.0,4.6326,58.22
255.269,measure,4992.0,928.0,4.6326,58.22
255.369,measure,4992.0,920.0,4.5926,58.47
255.469,measure,4992.0,920.0,4.5926,58.41
255.569,measure,4992.0,920.0,4.5926,58.34
255.669,measure,4992.0,920.0,4.5926,58.19
255.769,measure,4992.0,920.0,4.5926,58.25
255.870,measure,4992.0,920.0,4.5926,58.31
255.970,measure,4992.0,920.0,4.5926,58.16
256.070,measure,4992.0,920.0,4.5926,58.28
256.170,measure,4992.0,920.0,4.5926,58.25
256.270,measure,4992.0,920.0,4.5926,58.44
256.371,measure,4992.0,920.0,4.5926,58.38
256.471,measure,4992.0,920.0,4.5926,58.38
256.571,measure,4992.0,920.0,4.5926,58.34
256.671,measure,4992.0,920.0,4.5926,58.25
256.771,measure,4992.0,920.0,4.5926,58.25
256.871,measure,4992.0,920.0,4.5926,58.25
256.971,measure,4992.0,920.0,4.5926,58.19
257.071,measure,4992.0,920.0,4.5926,58.28
257.172,measure,4992.0,920.0,4.5926,58.38
257.272,measure,4992.0,920.0,4.5926,58.31
257.372,measure,4992.0,920.0,4.5926,58.28
257.472,measure,4992.0,920.0,4.5926,58.22
257.572,measure,4992.0,920.0,4.5926,58.25
257.672,measure,4992.0,920.0,4.5926,58.31
257.772,measure,4992.0,920.0,4.5926,58.25
257.873,measure,4992.0,920.0,4.5926,58.31
257.973,measure,4992.0,928.0,4.6326,58.19
258.073,measure,4992.0,928.0,4.6326,58.41
258.173,measure,4992.0,928.0,4.6326,58.44
258.273,measure,4992.0,928.0,4.6326,58.28
258.373,measure,4992.0,928.0,4.6326,58.25
258.473,measure,4992.0,928.0,4.6326,58.25
258.573,measure,4992.0,928.0,4.6326,58.28
258.674,measure,4992.0,928.0,4.6326,58.25
258.774,measure,4992.0,928.0,4.6326,58.19
258.874,measure,4992.0,928.0,4.6326,58.44
258.974,measure,4992.0,928.0,4.6326,58.47
259.074,measure,4992.0,928.0,4.6326,58.38
259.174,measure,4992.0,928.0,4.6326,58.34
259.274,measure,4992.0,928.0,4.6326,58.31
259.375,measure,4992.0,928.0,4.6326,58.34
259.475,measure,4992.0,928.0,4.6326,58.28
259.575,measure,4992.0,928.0,4.6326,58.28
259.675,measure,4992.0,928.0,4.6326,58.22
259.775,measure,4992.0,928.0,4.6326,58.44
259.875,measure,4992.0,920.0,4.5926,58.38
259.975,measure,4992.0,928.0,4.6326,58.44
260.075,measure,4992.0,928.0,4.6326,58.34
260.176,measure,4992.0,928.0,4.6326,58.25
260.276,measure,4992.0,928.0,4.6326,58.28
260.376,measure,4992.0,928.0,4.6326,58.16
260.476,measure,4992.0,928.0,4.6326,58.22
260.576,measure,4992.0,928.0,4.6326,58.22
260.676,measure,4992.0,928.0,4.6326,58.47
260.776,measure,4992.0,928.0,4.6326,58.44
260.876,measure,4992.0,928.0,4.6326,58.38
260.976,measure,4992.0,928.0,4.6326,58.34
261.077,measure,4992.0,928.0,4.6326,58.28
261.177,measure,4992.0,928.0,4.6326,58.25
261.277,measure,4992.0,928.0,4.6326,58.31
261.377,measure,4992.0,928.0,4.6326,58.28
261.477,measure,4992.0,928.0,4.6326,58.28
261.577,measure,4992.0,928.0,4.6326,58.09
261.677,measure,4992.0,928.0,4.6326,58.25
261.778,measure,4992.0,928.0,4.6326,58.44
261.878,measure,4992.0,928.0,4.6326,58.44
261.978,measure,4992.0,928.0,4.6326,58.41
262.078,measure,4992.0,928.0,4.6326,58.31
262.178,measure,4992.0,928.0,4.6326,58.28
262.278,measure,4992.0,928.0,4.6326,58.19
262.378,measure,4992.0,928.0,4.6326,58.25
262.478,measure,4992.0,928.0,4.6326,58.25
262.579,measure,4992.0,928.0,4.6326,58.41
262.679,measure,4992.0,928.0,4.6326,58.41
262.780,measure,4992.0,928.0,4.6326,58.31
262.880,measure,4992.0,928.0,4.6326,58.31
262.980,measure,4992.0,928.0,4.6326,58.25
263.080,measure,4992.0,928.0,4.6326,58.22
263.180,measure,4992.0,928.0,4.6326,58.28
263.280,measure,4992.0,928.0,4.6326,58.25
263.380,measure,4992.0,928.0,4.6326,58.28
263.480,measure,4992.0,928.0,4.6326,58.44
263.581,measure,4992.0,928.0,4.6326,58.44
263.681,measure,4992.0,928.0,4.6326,58.28
263.781,measure,4992.0,928.0,4.6326,58.34
263.881,measure,4992.0,920.0,4.5926,58.34
263.981,measure,4992.0,928.0,4.6326,58.31
264.081,measure,4992.0,920.0,4.5926,58.22
264.181,measure,4992.0,920.0,4.5926,58.25
264.281,measure,4992.0,928.0,4.6326,58.25
264.382,measure,4992.0,928.0,4.6326,58.44
264.482,measure,4992.0,928.0,4.6326,58.47
264.582,measure,4992.0,928.0,4.6326,58.34
264.682,measure,4992.0,928.0,4.6326,58.44
264.782,measure,4992.0,928.0,4.6326,58.25
264.882,measure,4992.0,928.0,4.6326,58.19
264.982,measure,4992.0,928.0,4.6326,58.16
265.082,measure,4992.0,928.0,4.6326,58.31
265.182,measure,4992.0,928.0,4.6326,58.25
265.283,measure,4992.0,928.0,4.6326,58.12
265.383,measure,4992.0,928.0,4.6326,58.44
265.483,measure,4992.0,928.0,4.6326,58.41
265.583,measure,4992.0,928.0,4.6326,58.38
265.683,measure,4992.0,928.0,4.6326,58.25
265.783,measure,4992.0,928.0,4.6326,58.28
265.883,measure,4992.0,920.0,4.5926,58.22
265.984,measure,4992.0,920.0,4.5926,58.16
266.084,measure,4992.0,920.0,4.5926,58.19
266.184,measure,4992.0,920.0,4.5926,58.22
266.284,measure,4992.0,920.0,4.5926,58.47
266.384,measure,4992.0,920.0,4.5926,58.31
266.484,measure,4992.0,920.0,4.5926,58.34
266.584,measure,4992.0,920.0,4.5926,58.34
266.684,measure,4992.0,920.0,4.5926,58.22
266.785,measure,4992.0,920.0,4.5926,58.25
266.885,measure,4992.0,920.0,4.5926,58.22
266.985,measure,4992.0,920.0,4.5926,58.19
267.085,measure,4992.0,920.0,4.5926,58.22
267.185,measure,4992.0,920.0,4.5926,58.38
267.285,measure,4992.0,920.0,4.5926,58.41
267.385,measure,4992.0,920.0,4.5926,58.38
267.485,measure,4992.0,920.0,4.5926,58.28
267.586,measure,4992.0,920.0,4.5926,58.31
267.686,measure,4992.0,920.0,4.5926,58.25
267.786,measure,4992.0,920.0,4.5926,58.31
267.886,measure,4992.0,920.0,4.5926,58.22
267.986,measure,4992.0,920.0,4.5926,58.22
268.086,measure,4992.0,920.0,4.5926,58.44
268.186,measure,4992.0,920.0,4.5926,58.31
268.286,measure,4992.0,920.0,4.5926,58.34
268.386,measure,4992.0,928.0,4.6326,58.31
268.487,measure,4992.0,920.0,4.5926,58.25
268.587,measure,4992.0,920.0,4.5926,58.22
268.687,measure,4992.0,920.0,4.5926,58.28
268.787,measure,4992.0,920.0,4.5926,58.22
268.887,measure,4992.0,920.0,4.5926,58.22
268.987,measure,4992.0,920.0,4.5926,58.41
269.087,measure,4992.0,920.0,4.5926,58.41
269.187,measure,4992.0,920.0,4.5926,58.34
269.288,measure,4992.0,920.0,4.5926,58.31
269.388,measure,4992.0,920.0,4.5926,58.28
269.488,measure,4992.0,920.0,4.5926,58.19
269.588,measure,4992.0,920.0,4.5926,58.22
269.688,measure,4992.0,920.0,4.5926,58.19
269.788,measure,4992.0,920.0,4.5926,58.19
269.888,measure,4992.0,920.0,4.5926,58.44
269.988,measure,4992.0,920.0,4.5926,58.38
270.089,measure,4992.0,920.0,4.5926,58.34
270.189,measure,4992.0,920.0,4.5926,58.34
270.289,measure,4992.0,928.0,4.6326,58.25
270.389,measure,4992.0,928.0,4.6326,58.31
270.489,measure,4992.0,928.0,4.6326,58.28
270.589,measure,4992.0,928.0,4.6326,58.25
270.689,measure,4992.0,928.0,4.6326,58.25
270.790,measure,4992.0,928.0,4.6326,58.44
270.890,measure,4992.0,928.0,4.6326,58.41
270.990,measure,4992.0,920.0,4.5926,58.34
271.090,measure,4992.0,920.0,4.5926,58.31
271.190,measure,4992.0,920.0,4.5926,58.31
271.290,measure,4992.0,920.0,4.5926,58.31
271.390,measure,4992.0,928.0,4.6326,58.19
271.490,measure,4992.0,928.0,4.6326,58.22
271.591,measure,4992.0,928.0,4.6326,58.19
271.691,measure,4992.0,920.0,4.5926,58.44
271.791,measure,4992.0,928.0,4.6326,58.41
271.891,measure,4992.0,928.0,4.6326,58.28
271.991,measure,4992.0,928.0,4.6326,58.19
272.091,measure,4992.0,928.0,4.6326,58.25
272.191,measure,4992.0,920.0,4.5926,58.28
272.291,measure,4992.0,920.0,4.5926,58.28
272.392,measure,4992.0,920.0,4.5926,58.19
272.492,measure,4992.0,928.0,4.6326,58.19
272.592,measure,4992.0,928.0,4.6326,58.41
272.692,measure,4992.0,920.0,4.5926,58.41
272.792,measure,4992.0,920.0,4.5926,58.38
272.892,measure,4992.0,920.0,4.5926,58.34
272.992,measure,4992.0,920.0,4.5926,58.28
273.092,measure,4992.0,920.0,4.5926,58.28
273.193,measure,4992.0,920.0,4.5926,58.16
273.293,measure,4992.0,920.0,4.5926,58.16
273.393,measure,4992.0,920.0,4.5926,58.44
273.493,measure,4992.0,920.0,4.5926,58.44
273.593,measure,4992.0,920.0,4.5926,58.38
273.693,measure,4992.0,920.0,4.5926,58.34
273.793,measure,4992.0,920.0,4.5926,58.34
273.894,measure,4992.0,920.0,4.5926,58.38
273.994,measure,4992.0,920.0,4.5926,58.28
274.094,measure,4992.0,920.0,4.5926,58.22
274.194,measure,4992.0,920.0,4.5926,58.22
274.294,measure,4992.0,920.0,4.5926,58.28
274.394,measure,4992.0,920.0,4.5926,58.44
274.494,measure,4992.0,928.0,4.6326,58.44
274.594,measure,4992.0,928.0,4.6326,58.38
274.695,measure,4992.0,920.0,4.5926,58.28
274.795,measure,4992.0,920.0,4.5926,58.22
274.895,measure,4992.0,920.0,4.5926,58.19
274.995,measure,4992.0,920.0,4.5926,58.28
275.095,measure,4992.0,920.0,4.5926,58.19
275.195,measure,4992.0,920.0,4.5926,58.25
275.295,measure,4992.0,920.0,4.5926,58.44
275.395,measure,4992.0,920.0,4.5926,58.44
275.496,measure,4992.0,928.0,4.6326,58.34
275.596,measure,4992.0,928.0,4.6326,58.31
275.696,measure,4992.0,928.0,4.6326,58.25
275.796,measure,4992.0,928.0,4.6326,58.19
275.896,measure,4992.0,928.0,4.6326,58.28
275.996,measure,4992.0,928.0,4.6326,58.22
276.096,measure,4992.0,928.0,4.6326,58.12
276.197,measure,4992.0,928.0,4.6326,58.44
276.297,measure,4992.0,928.0,4.6326,58.47
276.397,measure,4992.0,928.0,4.6326,58.41
276.497,measure,4992.0,928.0,4.6326,58.31
276.597,measure,4992.0,928.0,4.6326,58.28
276.697,measure,4992.0,928.0,4.6326,58.28
276.797,measure,4992.0,928.0,4.6326,58.25
276.897,measure,4992.0,928.0,4.6326,58.16
276.998,measure,4992.0,928.0,4.6326,58.19
277.098,measure,4992.0,928.0,4.6326,58.12
277.198,measure,4992.0,920.0,4.5926,58.44
277.298,measure,4992.0,920.0,4.5926,58.34
277.398,measure,4992.0,928.0,4.6326,58.38
277.498,measure,4992.0,928.0,4.6326,58.19
277.598,measure,4992.0,928.0,4.6326,58.25
277.699,measure,4992.0,928.0,4.6326,58.16
277.799,measure,4992.0,928.0,4.6326,58.22
277.899,measure,4992.0,928.0,4.6326,58.19
277.999,measure,4992.0,928.0,4.6326,58.25
278.099,measure,4992.0,928.0,4.6326,58.44
278.199,measure,4992.0,928.0,4.6326,58.41
278.299,measure,4992.0,928.0,4.6326,58.41
278.399,measure,4992.0,928.0,4.6326,58.22
278.500,measure,4992.0,920.0,4.5926,58.28
278.600,measure,4992.0,928.0,4.6326,58.28
278.700,measure,4992.0,928.0,4.6326,58.25
278.800,measure,4992.0,928.0,4.6326,58.19
278.900,measure,4992.0,928.0,4.6326,58.19
279.000,measure,4992.0,928.0,4.6326,58.34
279.100,measure,4992.0,920.0,4.5926,58.25
279.201,measure,4992.0,920.0,4.5926,58.31
279.301,measure,4992.0,928.0,4.6326,58.25
279.401,measure,4992.0,928.0,4.6326,58.31
279.501,measure,4992.0,928.0,4.6326,58.19
279.601,measure,4992.0,928.0,4.6326,58.22
279.701,measure,4992.0,928.0,4.6326,58.22
279.801,measure,4992.0,928.0,4.6326,58.25
279.901,measure,4992.0,920.0,4.5926,58.22
280.002,measure,4992.0,920.0,4.5926,58.38
280.102,measure,4992.0,928.0,4.6326,58.41
280.202,measure,4992.0,920.0,4.5926,58.28
280.302,measure,4992.0,920.0,4.5926,58.25
280.402,measure,4992.0,920.0,4.5926,58.28
280.502,measure,4992.0,920.0,4.5926,58.19
280.602,measure,4992.0,928.0,4.6326,58.19
280.703,measure,4992.0,928.0,4.6326,58.19
280.803,measure,4992.0,928.0,4.6326,58.34
280.903,measure,4992.0,928.0,4.6326,58.38
281.003,measure,4992.0,928.0,4.6326,58.34
281.103,measure,4992.0,920.0,4.5926,58.22
281.204,measure,4992.0,920.0,4.5926,58.22
281.304,measure,4992.0,920.0,4.5926,58.19
281.404,measure,4992.0,920.0,4.5926,58.25
281.504,measure,4992.0,920.0,4.5926,58.19
281.604,measure,4992.0,920.0,4.5926,58.12
281.704,measure,4992.0,928.0,4.6326,58.16
281.804,measure,4992.0,920.0,4.5926,58.44
281.905,measure,4992.0,920.0,4.5926,58.31
282.005,measure,4992.0,928.0,4.6326,58.28
282.105,measure,4992.0,928.0,4.6326,58.28
282.205,measure,4992.0,928.0,4.6326,58.25
282.305,measure,4992.0,928.0,4.6326,58.25
282.405,measure,4992.0,928.0,4.6326,58.22
282.505,measure,4992.0,928.0,4.6326,58.19
282.606,measure,4992.0,920.0,4.5926,58.38
282.706,measure,4992.0,928.0,4.6326,58.41
282.806,measure,4992.0,928.0,4.6326,58.41
282.906,measure,4992.0,928.0,4.6326,58.34
283.006,measure,4992.0,928.0,4.6326,58.28
283.106,measure,4992.0,920.0,4.5926,58.16
283.206,measure,4992.0,920.0,4.5926,58.19
283.307,measure,4992.0,920.0,4.5926,58.19
283.407,measure,4992.0,928.0,4.6326,58.12
283.507,measure,4992.0,928.0,4.6326,58.41
283.607,measure,4992.0,928.0,4.6326,58.38
283.707,measure,4992.0,928.0,4.6326,58.38
283.807,measure,4992.0,928.0,4.6326,58.28
283.907,measure,4992.0,928.0,4.6326,58.34
284.007,measure,4992.0,928.0,4.6326,58.22
284.108,measure,4992.0,928.0,4.6326,58.22
284.208,measure,4992.0,928.0,4.6326,58.22
284.308,measure,4992.0,928.0,4.6326,58.28
284.408,measure,4992.0,928.0,4.6326,58.41
284.508,measure,4992.0,928.0,4.6326,58.38
284.608,measure,4992.0,928.0,4.6326,58.41
284.708,measure,4992.0,928.0,4.6326,58.28
284.809,measure,4992.0,928.0,4.6326,58.31
284.909,measure,4992.0,928.0,4.6326,58.25
285.009,measure,4992.0,928.0,4.6326,58.16
285.109,measure,4992.0,928.0,4.6326,58.12
285.209,measure,4992.0,928.0,4.6326,58.19
285.309,measure,4992.0,928.0,4.6326,58.44
285.409,measure,4992.0,928.0,4.6326,58.41
285.509,measure,4992.0,920.0,4.5926,58.34
285.610,measure,4992.0,920.0,4.5926,58.28
285.710,measure,4992.0,928.0,4.6326,58.34
285.810,measure,4992.0,928.0,4.6326,58.22
285.910,measure,4992.0,928.0,4.6326,58.25
286.010,measure,4992.0,928.0,4.6326,58.16
286.110,measure,4992.0,928.0,4.6326,58.19
286.210,measure,4992.0,928.0,4.6326,58.16
286.311,measure,4992.0,928.0,4.6326,58.50
286.411,measure,4992.0,928.0,4.6326,58.38
286.511,measure,4992.0,928.0,4.6326,58.31
286.611,measure,4992.0,928.0,4.6326,58.25
286.711,measure,4992.0,928.0,4.6326,58.25
286.811,measure,4992.0,928.0,4.6326,58.25
286.911,measure,4992.0,928.0,4.6326,58.25
287.012,measure,4992.0,928.0,4.6326,58.22
287.112,measure,4992.0,928.0,4.6326,58.41
287.212,measure,4992.0,928.0,4.6326,58.41
287.312,measure,4992.0,936.0,4.6725,58.38
287.412,measure,4992.0,928.0,4.6326,58.38
287.512,measure,4992.0,928.0,4.6326,58.31
287.612,measure,4992.0,928.0,4.6326,58.25
287.712,measure,4992.0,928.0,4.6326,58.31
287.813,measure,4992.0,928.0,4.6326,58.22
287.913,measure,4992.0,928.0,4.6326,58.19
288.013,measure,4992.0,928.0,4.6326,58.19
288.113,measure,4992.0,928.0,4.6326,58.41
288.213,measure,4992.0,928.0,4.6326,58.41
288.313,measure,4992.0,928.0,4.6326,58.38
288.413,measure,4992.0,928.0,4.6326,58.34
288.513,measure,4992.0,928.0,4.6326,58.28
288.614,measure,4992.0,928.0,4.6326,58.22
288.714,measure,4992.0,928.0,4.6326,58.22
288.814,measure,4992.0,928.0,4.6326,58.19
288.914,measure,4992.0,928.0,4.6326,58.22
289.014,measure,4992.0,928.0,4.6326,58.47
289.114,measure,4992.0,928.0,4.6326,58.44
289.214,measure,4992.0,928.0,4.6326,58.34
289.315,measure,4992.0,928.0,4.6326,58.31
289.415,measure,4992.0,928.0,4.6326,58.25
289.515,measure,4992.0,928.0,4.6326,58.22
289.615,measure,4992.0,928.0,4.6326,58.19
289.715,measure,4992.0,928.0,4.6326,58.22
289.815,measure,4992.0,928.0,4.6326,58.22
289.916,measure,4992.0,928.0,4.6326,58.44
290.016,measure,4992.0,928.0,4.6326,58.47
290.116,measure,4992.0,928.0,4.6326,58.41
290.216,measure,4992.0,928.0,4.6326,58.34
290.316,measure,4992.0,928.0,4.6326,58.28
290.416,measure,4992.0,928.0,4.6326,58.25
290.516,measure,4992.0,928.0,4.6326,58.25
290.616,measure,4992.0,928.0,4.6326,58.22
290.717,measure,4992.0,928.0,4.6326,58.19
290.817,measure,4992.0,928.0,4.6326,58.22
290.917,measure,4992.0,928.0,4.6326,58.41
291.017,measure,4992.0,928.0,4.6326,58.38
291.117,measure,4992.0,928.0,4.6326,58.31
291.217,measure,4992.0,928.0,4.6326,58.28
291.318,measure,4992.0,928.0,4.6326,58.28
291.418,measure,4992.0,928.0,4.6326,58.25
291.518,measure,4992.0,928.0,4.6326,58.22
291.618,measure,4992.0,928.0,4.6326,58.25
291.719,measure,4992.0,928.0,4.6326,58.16
291.819,measure,4992.0,928.0,4.6326,58.41
291.919,measure,4992.0,928.0,4.6326,58.41
292.020,measure,4992.0,928.0,4.6326,58.38
292.120,measure,4992.0,928.0,4.6326,58.34
292.220,measure,4992.0,928.0,4.6326,58.25
292.320,measure,4992.0,928.0,4.6326,58.28
292.421,measure,4992.0,928.0,4.6326,58.25
292.521,measure,4992.0,928.0,4.6326,58.25
292.621,measure,4992.0,920.0,4.5926,58.25
292.721,measure,4992.0,928.0,4.6326,58.25
292.821,measure,4992.0,928.0,4.6326,58.41
292.921,measure,4992.0,928.0,4.6326,58.47
293.022,measure,4992.0,928.0,4.6326,58.34
293.122,measure,4992.0,928.0,4.6326,58.41
293.222,measure,4992.0,928.0,4.6326,58.19
293.322,measure,4992.0,928.0,4.6326,58.31
293.422,measure,4992.0,928.0,4.6326,58.25
293.522,measure,4992.0,928.0,4.6326,58.28
293.622,measure,4992.0,928.0,4.6326,58.09
293.723,measure,4992.0,928.0,4.6326,58.44
293.823,measure,4992.0,920.0,4.5926,58.44
293.923,measure,4992.0,928.0,4.6326,58.38
294.024,measure,4992.0,928.0,4.6326,58.22
294.124,measure,4992.0,928.0,4.6326,58.25
294.224,measure,4992.0,928.0,4.6326,58.19
294.324,measure,4992.0,928.0,4.6326,58.19
294.425,measure,4992.0,928.0,4.6326,58.28
294.525,measure,4992.0,928.0,4.6326,58.22
294.625,measure,4992.0,928.0,4.6326,58.47
294.725,measure,4992.0,928.0,4.6326,58.44
294.825,measure,4992.0,928.0,4.6326,58.31
294.925,measure,4992.0,928.0,4.6326,58.28
295.025,measure,4992.0,928.0,4.6326,58.28
295.125,measure,4992.0,928.0,4.6326,58.31
295.226,measure,4992.0,928.0,4.6326,58.28
295.326,measure,4992.0,928.0,4.6326,58.28
295.426,measure,4992.0,928.0,4.6326,58.19
295.526,measure,4992.0,928.0,4.6326,58.19
295.626,measure,4992.0,928.0,4.6326,58.44
295.726,measure,4992.0,928.0,4.6326,58.44
295.826,measure,4992.0,928.0,4.6326,58.31
295.926,measure,4992.0,928.0,4.6326,58.28
296.027,measure,4992.0,928.0,4.6326,58.22
296.127,measure,4992.0,928.0,4.6326,58.25
296.227,measure,4992.0,928.0,4.6326,58.28
296.327,measure,4992.0,928.0,4.6326,58.12
296.428,measure,4992.0,928.0,4.6326,58.22
296.528,measure,4992.0,928.0,4.6326,58.41
296.628,measure,4992.0,928.0,4.6326,58.44
296.728,measure,4992.0,928.0,4.6326,58.41
296.829,measure,4992.0,928.0,4.6326,58.34
296.929,measure,4992.0,928.0,4.6326,58.28
297.029,measure,4992.0,928.0,4.6326,58.28
297.129,measure,4992.0,928.0,4.6326,58.28
297.229,measure,4992.0,928.0,4.6326,58.22
297.329,measure,4992.0,928.0,4.6326,58.25
297.429,measure,4992.0,928.0,4.6326,58.25
297.529,measure,4992.0,928.0,4.6326,58.44
297.630,measure,4992.0,928.0,4.6326,58.44
297.730,measure,4992.0,928.0,4.6326,58.31
297.830,measure,4992.0,928.0,4.6326,58.28
297.930,measure,4992.0,928.0,4.6326,58.28
298.030,measure,4992.0,928.0,4.6326,58.25
298.130,measure,4992.0,928.0,4.6326,58.19
298.230,measure,4992.0,928.0,4.6326,58.12
298.330,measure,4992.0,928.0,4.6326,58.25
298.431,measure,4992.0,928.0,4.6326,58.44
298.531,measure,4992.0,928.0,4.6326,58.38
298.631,measure,4992.0,928.0,4.6326,58.34
298.731,measure,4992.0,928.0,4.6326,58.31
298.831,measure,4992.0,928.0,4.6326,58.25
298.931,measure,4992.0,928.0,4.6326,58.25
299.031,measure,4992.0,928.0,4.6326,58.25
299.131,measure,4992.0,928.0,4.6326,58.28
299.232,measure,4992.0,928.0,4.6326,58.12
299.332,measure,4992.0,928.0,4.6326,58.50
299.432,measure,4992.0,928.0,4.6326,58.38
299.532,measure,4992.0,928.0,4.6326,58.34
299.632,measure,4992.0,928.0,4.6326,58.25
299.732,measure,4992.0,928.0,4.6326,58.28
299.832,measure,4992.0,928.0,4.6326,58.28
299.932,measure,4992.0,928.0,4.6326,58.28
300.033,measure,4992.0,928.0,4.6326,58.25
300.133,measure,4992.0,928.0,4.6326,58.16
300.233,measure,4992.0,928.0,4.6326,58.34
300.333,measure,4992.0,928.0,4.6326,58.31
300.433,measure,4992.0,928.0,4.6326,58.38
300.533,measure,4992.0,928.0,4.6326,58.22
300.633,measure,4992.0,928.0,4.6326,58.28
300.734,measure,4992.0,928.0,4.6326,58.19
300.834,measure,4992.0,928.0,4.6326,58.25
300.934,measure,4992.0,928.0,4.6326,58.19
301.035,measure,4992.0,920.0,4.5926,58.22
301.135,measure,4992.0,928.0,4.6326,58.16
301.235,measure,4992.0,928.0,4.6326,58.38
301.335,measure,4992.0,928.0,4.6326,58.38
301.435,measure,4992.0,928.0,4.6326,58.31
301.535,measure,4992.0,920.0,4.5926,58.28
301.636,measure,4992.0,920.0,4.5926,58.28
301.736,measure,4992.0,920.0,4.5926,58.19
301.836,measure,4992.0,920.0,4.5926,58.16
301.936,measure,4992.0,920.0,4.5926,58.19
302.036,measure,4992.0,920.0,4.5926,58.19
302.136,measure,4992.0,928.0,4.6326,58.41
302.236,measure,4992.0,920.0,4.5926,58.38
302.336,measure,4992.0,920.0,4.5926,58.38
302.437,measure,4992.0,920.0,4.5926,58.25
302.537,measure,4992.0,920.0,4.5926,58.28
302.637,measure,4992.0,920.0,4.5926,58.22
302.737,measure,4992.0,920.0,4.5926,58.19
302.837,measure,4992.0,920.0,4.5926,58.06
302.937,measure,4992.0,920.0,4.5926,58.22
303.037,measure,4992.0,920.0,4.5926,58.41
303.137,measure,4992.0,920.0,4.5926,58.44
303.238,measure,4992.0,920.0,4.5926,58.22
303.338,measure,4992.0,920.0,4.5926,58.31
303.438,measure,4992.0,920.0,4.5926,58.28
303.538,measure,4992.0,920.0,4.5926,58.25
303.638,measure,4992.0,920.0,4.5926,58.22
303.738,measure,4992.0,920.0,4.5926,58.09
303.838,measure,4992.0,920.0,4.5926,58.19
303.938,measure,4992.0,920.0,4.5926,58.41
304.039,measure,4992.0,920.0,4.5926,58.38
304.139,measure,4992.0,920.0,4.5926,58.28
304.239,measure,4992.0,928.0,4.6326,58.25
304.339,measure,4992.0,928.0,4.6326,58.25
304.439,measure,4992.0,928.0,4.6326,58.34
304.539,measure,4992.0,928.0,4.6326,58.28
304.639,measure,4992.0,928.0,4.6326,58.22
304.739,measure,4992.0,928.0,4.6326,58.25
304.840,measure,4992.0,928.0,4.6326,58.41
304.940,measure,4992.0,928.0,4.6326,58.41
305.040,measure,4992.0,928.0,4.6326,58.28
305.140,measure,4992.0,928.0,4.6326,58.28
305.240,measure,4992.0,928.0,4.6326,58.25
305.340,measure,4992.0,928.0,4.6326,58.25
305.440,measure,4992.0,928.0,4.6326,58.19
305.540,measure,4992.0,928.0,4.6326,58.25
305.641,measure,4992.0,920.0,4.5926,58.47
305.741,measure,4992.0,920.0,4.5926,58.44
305.841,measure,4992.0,920.0,4.5926,58.38
305.941,measure,4992.0,920.0,4.5926,58.41
306.041,measure,4992.0,920.0,4.5926,58.31
306.141,measure,4992.0,920.0,4.5926,58.25
306.241,measure,4992.0,928.0,4.6326,58.16
306.342,measure,4992.0,928.0,4.6326,58.22
306.442,measure,4992.0,928.0,4.6326,58.12
306.542,measure,4992.0,928.0,4.6326,58.19
306.642,measure,4992.0,928.0,4.6326,58.38
306.742,measure,4992.0,928.0,4.6326,58.38
306.842,measure,4992.0,928.0,4.6326,58.34
306.942,measure,4992.0,928.0,4.6326,58.28
307.042,measure,4992.0,928.0,4.6326,58.25
307.143,measure,4992.0,928.0,4.6326,58.22
307.243,measure,4992.0,928.0,4.6326,58.25
307.343,measure,4992.0,928.0,4.6326,58.22
307.443,measure,4992.0,928.0,4.6326,58.44
307.543,measure,4992.0,928.0,4.6326,58.34
307.643,measure,4992.0,928.0,4.6326,58.41
307.743,measure,4992.0,928.0,4.6326,58.28
307.844,measure,4992.0,928.0,4.6326,58.28
307.944,measure,4992.0,928.0,4.6326,58.34
308.044,measure,4992.0,928.0,4.6326,58.25
308.144,measure,4992.0,920.0,4.5926,58.31
308.244,measure,4992.0,928.0,4.6326,58.28
308.344,measure,4992.0,928.0,4.6326,58.19
308.444,measure,4992.0,928.0,4.6326,58.50
308.545,measure,4992.0,928.0,4.6326,58.41
308.645,measure,4992.0,928.0,4.6326,58.34
308.745,measure,4992.0,928.0,4.6326,58.28
308.845,measure,4992.0,928.0,4.6326,58.25
308.945,measure,4992.0,928.0,4.6326,58.19
309.045,measure,4992.0,928.0,4.6326,58.22
309.145,measure,4992.0,920.0,4.5926,58.25
309.246,measure,4992.0,928.0,4.6326,58.19
309.346,measure,4992.0,928.0,4.6326,58.44
309.446,measure,4992.0,928.0,4.6326,58.47
309.546,measure,4992.0,928.0,4.6326,58.31
309.646,measure,4992.0,928.0,4.6326,58.34
309.746,measure,4992.0,928.0,4.6326,58.25
309.846,measure,4992.0,928.0,4.6326,58.22
309.946,measure,4992.0,928.0,4.6326,58.22
310.047,measure,4992.0,928.0,4.6326,58.31
310.147,measure,4992.0,928.0,4.6326,58.19
310.247,measure,4992.0,928.0,4.6326,58.44
310.347,measure,4992.0,928.0,4.6326,58.41
310.447,measure,4992.0,928.0,4.6326,58.31
310.547,measure,4992.0,928.0,4.6326,58.31
310.647,measure,4992.0,928.0,4.6326,58.31
310.747,measure,4992.0,928.0,4.6326,58.31
310.848,measure,4992.0,928.0,4.6326,58.25
310.948,measure,4992.0,928.0,4.6326,58.22
311.048,measure,4992.0,928.0,4.6326,58.25
311.148,measure,4992.0,920.0,4.5926,58.22
311.248,measure,4992.0,920.0,4.5926,58.44
311.348,measure,4992.0,928.0,4.6326,58.41
311.448,measure,4992.0,920.0,4.5926,58.31
311.548,measure,4992.0,920.0,4.5926,58.28
311.649,measure,4992.0,920.0,4.5926,58.19
311.749,measure,4992.0,920.0,4.5926,58.22
311.849,measure,4992.0,920.0,4.5926,58.25
311.949,measure,4992.0,920.0,4.5926,58.19
312.049,measure,4992.0,920.0,4.5926,58.16
312.149,measure,4992.0,920.0,4.5926,58.41
312.249,measure,4992.0,920.0,4.5926,58.44
312.349,measure,4992.0,928.0,4.6326,58.38
312.450,measure,4992.0,928.0,4.6326,58.31
312.550,measure,4992.0,928.0,4.6326,58.25
312.650,measure,4992.0,928.0,4.6326,58.22
312.750,measure,4992.0,928.0,4.6326,58.22
312.850,measure,4992.0,928.0,4.6326,58.25
312.950,measure,4992.0,928.0,4.6326,58.22
313.050,measure,4992.0,920.0,4.5926,58.38
313.150,measure,4992.0,920.0,4.5926,58.31
313.251,measure,4992.0,920.0,4.5926,58.34
313.351,measure,4992.0,928.0,4.6326,58.34
313.451,measure,4992.0,928.0,4.6326,58.31
313.551,measure,4992.0,928.0,4.6326,58.28
313.651,measure,4992.0,928.0,4.6326,58.25
313.751,measure,4992.0,920.0,4.5926,58.22
313.851,measure,4992.0,920.0,4.5926,58.25
313.952,measure,4992.0,920.0,4.5926,58.38
314.052,measure,4992.0,920.0,4.5926,58.34
314.152,measure,4992.0,920.0,4.5926,58.31
314.252,measure,4992.0,920.0,4.5926,58.28
314.352,measure,4992.0,920.0,4.5926,58.25
314.452,measure,4992.0,928.0,4.6326,58.22
314.552,measure,4992.0,928.0,4.6326,58.19
314.652,measure,4992.0,928.0,4.6326,58.22
314.753,measure,4992.0,928.0,4.6326,58.16
314.853,measure,4992.0,920.0,4.5926,58.41
314.953,measure,4992.0,920.0,4.5926,58.38
315.053,measure,4992.0,920.0,4.5926,58.38
315.153,measure,4992.0,920.0,4.5926,58.28
315.253,measure,4992.0,920.0,4.5926,58.31
315.353,measure,4992.0,928.0,4.6326,58.28
315.453,measure,4992.0,928.0,4.6326,58.19
315.554,measure,4992.0,928.0,4.6326,58.22
315.654,measure,4992.0,928.0,4.6326,58.19
315.754,measure,4992.0,928.0,4.6326,58.44
315.854,measure,4992.0,928.0,4.6326,58.41
315.954,measure,4992.0,928.0,4.6326,58.28
316.054,measure,4992.0,928.0,4.6326,58.28
316.154,measure,4992.0,928.0,4.6326,58.25
316.254,measure,4992.0,928.0,4.6326,58.25
316.355,measure,4992.0,928.0,4.6326,58.28
316.455,measure,4992.0,928.0,4.6326,58.19
316.555,measure,4992.0,928.0,4.6326,58.19
316.655,measure,4992.0,928.0,4.6326,58.44
316.755,measure,4992.0,928.0,4.6326,58.41
316.855,measure,4992.0,928.0,4.6326,58.38
316.955,measure,4992.0,928.0,4.6326,58.25
317.056,measure,4992.0,928.0,4.6326,58.34
317.156,measure,4992.0,928.0,4.6326,58.22
317.256,measure,4992.0,920.0,4.5926,58.28
317.356,measure,4992.0,920.0,4.5926,58.22
317.456,measure,4992.0,928.0,4.6326,58.22
317.556,measure,4992.0,928.0,4.6326,58.47
317.656,measure,4992.0,920.0,4.5926,58.41
317.756,measure,4992.0,920.0,4.5926,58.31
317.857,measure,4992.0,920.0,4.5926,58.25
317.957,measure,4992.0,920.0,4.5926,58.16
318.057,measure,4992.0,920.0,4.5926,58.28
318.157,measure,4992.0,920.0,4.5926,58.28
318.257,measure,4992.0,920.0,4.5926,58.25
318.357,measure,4992.0,920.0,4.5926,58.22
318.457,measure,4992.0,920.0,4.5926,58.44
318.557,measure,4992.0,920.0,4.5926,58.38
318.658,measure,4992.0,920.0,4.5926,58.34
318.758,measure,4992.0,920.0,4.5926,58.34
318.858,measure,4992.0,920.0,4.5926,58.25
318.958,measure,4992.0,920.0,4.5926,58.22
319.058,measure,4992.0,920.0,4.5926,58.25
319.158,measure,4992.0,920.0,4.5926,58.28
319.258,measure,4992.0,920.0,4.5926,58.47
319.358,measure,4992.0,920.0,4.5926,58.44
319.459,measure,4992.0,920.0,4.5926,58.44
319.559,measure,4992.0,920.0,4.5926,58.31
319.659,measure,4992.0,920.0,4.5926,58.28
319.759,measure,4992.0,920.0,4.5926,58.19
319.859,measure,4992.0,920.0,4.5926,58.31
319.959,measure,4992.0,920.0,4.5926,58.28
320.059,measure,4992.0,920.0,4.5926,58.34
320.159,measure,4992.0,920.0,4.5926,58.47
320.259,measure,4992.0,920.0,4.5926,58.50
320.360,measure,4992.0,920.0,4.5926,58.41
320.460,measure,4992.0,920.0,4.5926,58.34
320.560,measure,4992.0,928.0,4.6326,58.34
320.660,measure,4992.0,928.0,4.6326,58.25
320.760,measure,4992.0,928.0,4.6326,58.31
320.860,measure,4992.0,928.0,4.6326,58.25
320.960,measure,4992.0,928.0,4.6326,58.22
321.060,measure,4992.0,928.0,4.6326,58.25
321.161,measure,4992.0,920.0,4.5926,58.47
321.261,measure,4992.0,920.0,4.5926,58.34
321.361,measure,4992.0,920.0,4.5926,58.41
321.461,measure,4992.0,920.0,4.5926,58.38
321.561,measure,4992.0,928.0,4.6326,58.25
321.661,measure,4992.0,928.0,4.6326,58.28
321.761,measure,4992.0,928.0,4.6326,58.28
321.861,measure,4992.0,928.0,4.6326,58.25
321.962,measure,4992.0,928.0,4.6326,58.12
322.062,measure,4992.0,928.0,4.6326,58.47
322.162,measure,4992.0,928.0,4.6326,58.34
322.262,measure,4992.0,928.0,4.6326,58.41
322.362,measure,4992.0,928.0,4.6326,58.28
322.462,measure,4992.0,928.0,4.6326,58.38
322.562,measure,4992.0,928.0,4.6326,58.22
322.662,measure,4992.0,928.0,4.6326,58.25
322.763,measure,4992.0,928.0,4.6326,58.22
322.863,measure,4992.0,928.0,4.6326,58.16
322.963,measure,4992.0,928.0,4.6326,58.16
323.063,measure,4992.0,928.0,4.6326,58.41
323.163,measure,4992.0,928.0,4.6326,58.34
323.263,measure,4992.0,928.0,4.6326,58.31
323.363,measure,4992.0,920.0,4.5926,58.34
323.463,measure,4992.0,920.0,4.5926,58.34
323.564,measure,4992.0,920.0,4.5926,58.25
323.664,measure,4992.0,928.0,4.6326,58.19
323.764,measure,4992.0,920.0,4.5926,58.22
323.864,measure,4992.0,920.0,4.5926,58.22
323.964,measure,4992.0,920.0,4.5926,58.41
324.064,measure,4992.0,920.0,4.5926,58.34
324.164,measure,4992.0,920.0,4.5926,58.31
324.264,measure,4992.0,920.0,4.5926,58.25
324.364,measure,4992.0,920.0,4.5926,58.22
324.465,measure,4992.0,920.0,4.5926,58.25
324.565,measure,4992.0,920.0,4.5926,58.25
324.665,measure,4992.0,928.0,4.6326,58.25
324.765,measure,4992.0,920.0,4.5926,58.41
324.865,measure,4992.0,920.0,4.5926,58.44
324.965,measure,4992.0,920.0,4.5926,58.34
325.065,measure,4992.0,920.0,4.5926,58.34
325.165,measure,4992.0,920.0,4.5926,58.34
325.266,measure,4992.0,920.0,4.5926,58.25
325.366,measure,4992.0,920.0,4.5926,58.25
325.466,measure,4992.0,920.0,4.5926,58.16
325.566,measure,4992.0,920.0,4.5926,58.16
325.666,measure,4992.0,920.0,4.5926,58.44
325.766,measure,4992.0,920.0,4.5926,58.50
325.866,measure,4992.0,920.0,4.5926,58.38
325.966,measure,4992.0,920.0,4.5926,58.31
326.067,measure,4992.0,920.0,4.5926,58.31
326.167,measure,4992.0,920.0,4.5926,58.22
326.267,measure,4992.0,920.0,4.5926,58.16
326.367,measure,4992.0,920.0,4.5926,58.25
326.467,measure,4992.0,920.0,4.5926,58.22
326.567,measure,4992.0,920.0,4.5926,58.44
326.667,measure,4992.0,920.0,4.5926,58.47
326.767,measure,4992.0,920.0,4.5926,58.38
326.867,measure,4992.0,920.0,4.5926,58.34
326.968,measure,4992.0,920.0,4.5926,58.34
327.068,measure,4992.0,920.0,4.5926,58.22
327.168,measure,4992.0,920.0,4.5926,58.34
327.268,measure,4992.0,920.0,4.5926,58.25
327.368,measure,4992.0,920.0,4.5926,58.19
327.468,measure,4992.0,920.0,4.5926,58.44
327.568,measure,4992.0,920.0,4.5926,58.41
327.668,measure,4992.0,920.0,4.5926,58.31
327.769,measure,4992.0,920.0,4.5926,58.31
327.869,measure,4992.0,920.0,4.5926,58.31
327.969,measure,4992.0,920.0,4.5926,58.25
328.069,measure,4992.0,920.0,4.5926,58.22
328.169,measure,4992.0,928.0,4.6326,58.31
328.269,measure,4992.0,936.0,4.6725,58.28
328.369,measure,4992.0,936.0,4.6725,58.44
328.470,measure,4984.0,992.0,4.9441,58.44
328.570,measure,4984.0,1024.0,5.1036,58.44
328.670,measure,4984.0,1056.0,5.2631,58.44
328.770,measure,4984.0,1080.0,5.3827,58.41
328.870,measure,4984.0,1056.0,5.2631,58.28
328.970,measure,4984.0,1032.0,5.1435,58.28
329.070,measure,4984.0,1008.0,5.0239,58.25
329.171,measure,4984.0,992.0,4.9441,58.31
329.271,measure,4984.0,1016.0,5.0637,58.28
329.371,measure,4984.0,1032.0,5.1435,58.47
329.471,measure,4984.0,1040.0,5.1834,58.41
329.571,measure,4984.0,1072.0,5.3428,58.44
329.671,measure,4976.0,1080.0,5.3741,58.38
329.771,measure,4984.0,1056.0,5.2631,58.44
329.872,measure,4984.0,1032.0,5.1435,58.31
329.972,measure,4984.0,1008.0,5.0239,58.31
330.072,measure,4984.0,992.0,4.9441,58.28
330.172,measure,4984.0,976.0,4.8644,58.44
330.272,measure,4992.0,968.0,4.8323,58.56
330.372,measure,4992.0,960.0,4.7923,58.47
330.472,measure,4992.0,952.0,4.7524,58.41
330.573,measure,4992.0,944.0,4.7124,58.34
330.673,measure,4992.0,944.0,4.7124,58.31
330.773,measure,4992.0,936.0,4.6725,58.28
330.873,measure,4992.0,936.0,4.6725,58.22
330.973,measure,4992.0,936.0,4.6725,58.31
331.073,measure,4992.0,928.0,4.6326,58.47
331.173,measure,4992.0,928.0,4.6326,58.50
331.273,measure,4992.0,928.0,4.6326,58.44
331.374,measure,4992.0,928.0,4.6326,58.41
331.474,measure,4992.0,928.0,4.6326,58.38
331.574,measure,4992.0,928.0,4.6326,58.28
331.674,measure,4992.0,928.0,4.6326,58.34
331.774,measure,4992.0,928.0,4.6326,58.28
331.874,measure,4992.0,928.0,4.6326,58.28
331.974,measure,4992.0,928.0,4.6326,58.22
332.075,measure,4992.0,928.0,4.6326,58.44
332.175,measure,4992.0,928.0,4.6326,58.44
332.275,measure,4992.0,928.0,4.6326,58.41
332.375,measure,4992.0,928.0,4.6326,58.41
332.475,measure,4992.0,928.0,4.6326,58.31
332.575,measure,4992.0,928.0,4.6326,58.28
332.675,measure,4992.0,928.0,4.6326,58.28
332.775,measure,4992.0,928.0,4.6326,58.31
332.876,measure,4992.0,928.0,4.6326,58.19
332.976,measure,4992.0,928.0,4.6326,58.59
333.076,measure,4992.0,928.0,4.6326,58.38
333.176,measure,4992.0,928.0,4.6326,58.34
333.276,measure,4992.0,928.0,4.6326,58.38
333.376,measure,4992.0,928.0,4.6326,58.41
333.476,measure,4992.0,928.0,4.6326,58.38
333.577,measure,4992.0,928.0,4.6326,58.38
333.677,measure,4992.0,920.0,4.5926,58.34
333.777,measure,4992.0,928.0,4.6326,58.22
333.877,measure,4992.0,928.0,4.6326,58.50
333.977,measure,4992.0,928.0,4.6326,58.47
334.077,measure,4992.0,928.0,4.6326,58.47
334.177,measure,4992.0,928.0,4.6326,58.38
334.278,measure,4992.0,920.0,4.5926,58.44
334.378,measure,4992.0,920.0,4.5926,58.28
334.478,measure,4992.0,920.0,4.5926,58.38
334.578,measure,4992.0,920.0,4.5926,58.28
334.678,measure,4992.0,920.0,4.5926,58.31
334.778,measure,4992.0,920.0,4.5926,58.31
334.878,measure,4992.0,920.0,4.5926,58.47
334.979,measure,4992.0,920.0,4.5926,58.41
335.080,measure,4992.0,920.0,4.5926,58.34
335.180,measure,4992.0,920.0,4.5926,58.38
335.280,measure,4992.0,920.0,4.5926,58.31
335.380,measure,4992.0,920.0,4.5926,58.34
335.480,measure,4992.0,920.0,4.5926,58.25
335.580,measure,4992.0,920.0,4.5926,58.22
335.680,measure,4992.0,920.0,4.5926,58.31
335.780,measure,4992.0,920.0,4.5926,58.50
335.881,measure,4992.0,920.0,4.5926,58.34
335.981,measure,4992.0,920.0,4.5926,58.34
336.081,measure,4992.0,920.0,4.5926,58.34
336.181,measure,4992.0,920.0,4.5926,58.31
336.281,measure,4992.0,928.0,4.6326,58.31
336.381,measure,4992.0,928.0,4.6326,58.31
336.481,measure,4992.0,920.0,4.5926,58.25
336.581,measure,4992.0,920.0,4.5926,58.22
336.682,measure,4992.0,920.0,4.5926,58.28
336.782,measure,4992.0,920.0,4.5926,58.41
336.882,measure,4992.0,920.0,4.5926,58.41
336.982,measure,4992.0,928.0,4.6326,58.34
337.082,measure,4992.0,928.0,4.6326,58.38
337.182,measure,4992.0,928.0,4.6326,58.28
337.282,measure,4992.0,928.0,4.6326,58.31
337.382,measure,4992.0,928.0,4.6326,58.34
337.483,measure,4992.0,928.0,4.6326,58.34
337.583,measure,4992.0,928.0,4.6326,58.50
337.683,measure,4992.0,928.0,4.6326,58.47
337.783,measure,4992.0,920.0,4.5926,58.41
337.883,measure,4992.0,920.0,4.5926,58.34
337.983,measure,4992.0,928.0,4.6326,58.44
338.083,measure,4992.0,928.0,4.6326,58.34
338.183,measure,4992.0,928.0,4.6326,58.31
338.284,measure,4992.0,928.0,4.6326,58.25
338.384,measure,4992.0,928.0,4.6326,58.31
338.484,measure,4992.0,928.0,4.6326,58.19
338.584,measure,4992.0,928.0,4.6326,58.47
338.684,measure,4992.0,928.0,4.6326,58.44
338.784,measure,4992.0,928.0,4.6326,58.31
338.884,measure,4992.0,928.0,4.6326,58.25
338.985,measure,4992.0,928.0,4.6326,58.31
339.085,measure,4992.0,928.0,4.6326,58.28
339.185,measure,4992.0,928.0,4.6326,58.22
339.285,measure,4992.0,928.0,4.6326,58.22
339.385,measure,4992.0,928.0,4.6326,58.53
339.485,measure,4992.0,928.0,4.6326,58.44
339.585,measure,4992.0,928.0,4.6326,58.44
339.685,measure,4992.0,920.0,4.5926,58.44
339.786,measure,4992.0,920.0,4.5926,58.38
339.886,measure,4992.0,920.0,4.5926,58.34
339.986,measure,4992.0,928.0,4.6326,58.31
340.086,measure,4992.0,928.0,4.6326,58.31
340.186,measure,4992.0,928.0,4.6326,58.31
340.287,measure,4992.0,920.0,4.5926,58.25
340.387,measure,4992.0,928.0,4.6326,58.47
340.487,measure,4992.0,928.0,4.6326,58.44
340.587,measure,4992.0,928.0,4.6326,58.34
340.687,measure,4992.0,928.0,4.6326,58.34
340.787,measure,4992.0,928.0,4.6326,58.41
340.887,measure,4992.0,928.0,4.6326,58.34
340.988,measure,4992.0,928.0,4.6326,58.25
341.088,measure,4992.0,928.0,4.6326,58.25
341.188,measure,4992.0,928.0,4.6326,58.34
341.288,measure,4992.0,928.0,4.6326,58.50
341.388,measure,4992.0,928.0,4.6326,58.44
341.488,measure,4992.0,928.0,4.6326,58.38
341.588,measure,4992.0,928.0,4.6326,58.38
341.689,measure,4992.0,928.0,4.6326,58.31
341.789,measure,4992.0,928.0,4.6326,58.38
341.889,measure,4992.0,920.0,4.5926,58.38
341.989,measure,4992.0,920.0,4.5926,58.28
342.089,measure,4992.0,928.0,4.6326,58.28
342.189,measure,4992.0,928.0,4.6326,58.47
342.289,measure,4992.0,928.0,4.6326,58.44
342.389,measure,4992.0,920.0,4.5926,58.38
342.490,measure,4992.0,920.0,4.5926,58.44
342.590,measure,4992.0,920.0,4.5926,58.41
342.690,measure,4992.0,920.0,4.5926,58.28
342.790,measure,4992.0,920.0,4.5926,58.34
342.890,measure,4992.0,920.0,4.5926,58.41
342.990,measure,4992.0,920.0,4.5926,58.31
343.090,measure,4992.0,928.0,4.6326,58.50
343.191,measure,4992.0,928.0,4.6326,58.53
343.291,measure,4992.0,928.0,4.6326,58.41
343.391,measure,4992.0,920.0,4.5926,58.38
343.491,measure,4992.0,920.0,4.5926,58.34
343.591,measure,4992.0,920.0,4.5926,58.31
343.691,measure,4992.0,920.0,4.5926,58.25
343.791,measure,4992.0,920.0,4.5926,58.34
343.891,measure,4992.0,920.0,4.5926,58.31
343.992,measure,4992.0,920.0,4.5926,58.44
344.092,measure,4992.0,920.0,4.5926,58.44
344.192,measure,4992.0,920.0,4.5926,58.38
344.292,measure,4992.0,920.0,4.5926,58.31
344.392,measure,4992.0,920.0,4.5926,58.25
344.492,measure,4992.0,920.0,4.5926,58.28
344.592,measure,4992.0,920.0,4.5926,58.34
344.692,measure,4992.0,920.0,4.5926,58.25
344.793,measure,4992.0,920.0,4.5926,58.50
344.893,measure,4992.0,920.0,4.5926,58.50
344.993,measure,4992.0,920.0,4.5926,58.44
345.093,measure,4992.0,920.0,4.5926,58.34
345.193,measure,4992.0,928.0,4.6326,58.41
345.293,measure,4992.0,928.0,4.6326,58.34
345.393,measure,4992.0,920.0,4.5926,58.34
345.493,measure,4992.0,920.0,4.5926,58.34
345.594,measure,4992.0,920.0,4.5926,58.25
345.694,measure,4992.0,920.0,4.5926,58.34
345.794,measure,4992.0,928.0,4.6326,58.47
345.894,measure,4992.0,928.0,4.6326,58.44
345.994,measure,4992.0,928.0,4.6326,58.53
346.094,measure,4992.0,928.0,4.6326,58.44
346.194,measure,4992.0,928.0,4.6326,58.34
346.295,measure,4992.0,928.0,4.6326,58.41
346.395,measure,4992.0,928.0,4.6326,58.28
346.495,measure,4992.0,928.0,4.6326,58.34
346.595,measure,4992.0,928.0,4.6326,58.25
346.695,measure,4992.0,928.0,4.6326,58.50
346.795,measure,4992.0,928.0,4.6326,58.53
346.895,measure,4992.0,928.0,4.6326,58.38
346.995,measure,4992.0,928.0,4.6326,58.38
347.096,measure,4992.0,920.0,4.5926,58.34
347.196,measure,4992.0,928.0,4.6326,58.41
347.296,measure,4992.0,928.0,4.6326,58.28
347.396,measure,4992.0,928.0,4.6326,58.28
347.496,measure,4992.0,928.0,4.6326,58.31
347.596,measure,4992.0,928.0,4.6326,58.47
347.696,measure,4992.0,928.0,4.6326,58.50
347.796,measure,4992.0,920.0,4.5926,58.47
347.897,measure,4992.0,920.0,4.5926,58.44
347.997,measure,4992.0,920.0,4.5926,58.34
348.097,measure,4992.0,920.0,4.5926,58.44
348.197,measure,4992.0,920.0,4.5926,58.34
348.297,measure,4992.0,920.0,4.5926,58.34
348.397,measure,4992.0,920.0,4.5926,58.31
348.497,measure,4992.0,920.0,4.5926,58.25
348.598,measure,4992.0,920.0,4.5926,58.44
348.698,measure,4992.0,920.0,4.5926,58.38
348.798,measure,4992.0,920.0,4.5926,58.38
348.898,measure,4992.0,920.0,4.5926,58.31
348.998,measure,4992.0,920.0,4.5926,58.44
349.099,measure,4992.0,920.0,4.5926,58.34
349.199,measure,4992.0,920.0,4.5926,58.28
349.299,measure,4992.0,928.0,4.6326,58.41
349.399,measure,4992.0,928.0,4.6326,58.22
349.499,measure,4992.0,928.0,4.6326,58.59
349.599,measure,4992.0,928.0,4.6326,58.44
349.699,measure,4992.0,928.0,4.6326,58.38
349.800,measure,4992.0,920.0,4.5926,58.41
349.900,measure,4992.0,920.0,4.5926,58.25
350.000,measure,4992.0,920.0,4.5926,58.31
350.100,measure,4992.0,920.0,4.5926,58.41
350.200,measure,4992.0,920.0,4.5926,58.34
350.300,measure,4992.0,928.0,4.6326,58.34
350.400,measure,4992.0,920.0,4.5926,58.47
350.500,measure,4992.0,920.0,4.5926,58.38
350.600,measure,4992.0,920.0,4.5926,58.41
350.701,measure,4992.0,920.0,4.5926,58.34
350.801,measure,4992.0,920.0,4.5926,58.41
350.901,measure,4992.0,920.0,4.5926,58.28
351.001,measure,4992.0,920.0,4.5926,58.34
351.101,measure,4992.0,920.0,4.5926,58.34
351.201,measure,4992.0,920.0,4.5926,58.28
351.301,measure,4992.0,920.0,4.5926,58.41
351.401,measure,4992.0,920.0,4.5926,58.44
351.502,measure,4992.0,920.0,4.5926,58.47
351.602,measure,4992.0,920.0,4.5926,58.34
351.702,measure,4992.0,920.0,4.5926,58.38
351.802,measure,4992.0,920.0,4.5926,58.41
351.903,measure,4992.0,920.0,4.5926,58.34
352.003,measure,4992.0,920.0,4.5926,58.34
352.103,measure,4992.0,920.0,4.5926,58.38
352.203,measure,4992.0,920.0,4.5926,58.50
352.303,measure,4992.0,920.0,4.5926,58.50
352.403,measure,4992.0,920.0,4.5926,58.44
352.503,measure,4992.0,920.0,4.5926,58.38
352.603,measure,4992.0,920.0,4.5926,58.41
352.704,measure,4992.0,920.0,4.5926,58.34
352.804,measure,4992.0,920.0,4.5926,58.38
352.904,measure,4992.0,920.0,4.5926,58.25
353.004,measure,4992.0,920.0,4.5926,58.31
353.104,measure,4992.0,920.0,4.5926,58.34
353.204,measure,4992.0,920.0,4.5926,58.25
353.304,measure,4992.0,920.0,4.5926,58.44
353.404,measure,4992.0,920.0,4.5926,58.44
353.504,measure,4992.0,920.0,4.5926,58.44
353.605,measure,4992.0,920.0,4.5926,58.34
353.705,measure,4992.0,920.0,4.5926,58.28
353.805,measure,4992.0,920.0,4.5926,58.31
353.905,measure,4992.0,920.0,4.5926,58.28
354.005,measure,4992.0,920.0,4.5926,58.50
354.105,measure,4992.0,920.0,4.5926,58.44
354.205,measure,4992.0,920.0,4.5926,58.44
354.306,measure,4992.0,920.0,4.5926,58.44
354.406,measure,4992.0,920.0,4.5926,58.38
354.506,measure,4992.0,920.0,4.5926,58.34
354.606,measure,4992.0,920.0,4.5926,58.38
354.706,measure,4992.0,928.0,4.6326,58.34
354.806,measure,4992.0,928.0,4.6326,58.25
354.906,measure,4992.0,920.0,4.5926,58.47
355.006,measure,4992.0,920.0,4.5926,58.47
355.107,measure,4992.0,920.0,4.5926,58.41
355.207,measure,4992.0,920.0,4.5926,58.44
355.307,measure,4992.0,920.0,4.5926,58.41
355.407,measure,4992.0,920.0,4.5926,58.41
355.507,measure,4992.0,920.0,4.5926,58.38
355.607,measure,4992.0,920.0,4.5926,58.34
355.707,measure,4992.0,920.0,4.5926,58.34
355.807,measure,4992.0,920.0,4.5926,58.28
355.908,measure,4992.0,920.0,4.5926,58.44
356.008,measure,4992.0,920.0,4.5926,58.50
356.108,measure,4992.0,920.0,4.5926,58.53
356.208,measure,4992.0,920.0,4.5926,58.44
356.308,measure,4992.0,920.0,4.5926,58.44
356.408,measure,4992.0,920.0,4.5926,58.31
356.508,measure,4992.0,920.0,4.5926,58.31
356.608,measure,4992.0,920.0,4.5926,58.31
356.709,measure,4992.0,920.0,4.5926,58.44
356.809,measure,4992.0,920.0,4.5926,58.47
356.909,measure,4992.0,920.0,4.5926,58.38
357.009,measure,4992.0,920.0,4.5926,58.44
357.109,measure,4992.0,920.0,4.5926,58.41
357.209,measure,4992.0,920.0,4.5926,58.38
357.309,measure,4992.0,920.0,4.5926,58.34
357.409,measure,4992.0,920.0,4.5926,58.41
357.510,measure,4992.0,920.0,4.5926,58.25
357.610,measure,4992.0,920.0,4.5926,58.56
357.710,measure,4992.0,920.0,4.5926,58.50
357.810,measure,4992.0,920.0,4.5926,58.44
357.910,measure,4992.0,920.0,4.5926,58.47
358.010,measure,4992.0,920.0,4.5926,58.41
358.110,measure,4992.0,920.0,4.5926,58.41
358.210,measure,4992.0,920.0,4.5926,58.34
358.311,measure,4992.0,920.0,4.5926,58.31
358.411,measure,4992.0,920.0,4.5926,58.34
358.511,measure,4992.0,920.0,4.5926,58.53
358.611,measure,4992.0,920.0,4.5926,58.53
358.711,measure,4992.0,920.0,4.5926,58.50
358.811,measure,4992.0,920.0,4.5926,58.44
358.911,measure,4992.0,920.0,4.5926,58.44
359.012,measure,4992.0,920.0,4.5926,58.38
359.112,measure,4992.0,920.0,4.5926,58.41
359.212,measure,4992.0,920.0,4.5926,58.38
359.312,measure,4992.0,928.0,4.6326,58.38
359.412,measure,4992.0,928.0,4.6326,58.31
359.512,measure,4992.0,928.0,4.6326,58.56
359.612,measure,4992.0,928.0,4.6326,58.44
359.712,measure,4992.0,928.0,4.6326,58.44
359.813,measure,4992.0,928.0,4.6326,58.34
359.913,measure,4992.0,928.0,4.6326,58.38
360.013,measure,4992.0,920.0,4.5926,58.38
360.113,measure,4992.0,920.0,4.5926,58.28
360.213,measure,4992.0,920.0,4.5926,58.31
360.313,measure,4992.0,920.0,4.5926,58.28
