t_rel_s,phase,mv,ma,watt,temp_max_c
0.000,warmup,4984.0,1048.0,5.2232,59.41
0.100,warmup,4984.0,1040.0,5.1834,59.38
0.200,warmup,4984.0,1008.0,5.0239,59.31
0.300,warmup,4984.0,984.0,4.9043,59.28
0.401,warmup,4984.0,984.0,4.9043,59.31
0.501,warmup,4984.0,976.0,4.8644,59.31
0.601,warmup,4984.0,976.0,4.8644,59.44
0.701,warmup,4984.0,976.0,4.8644,59.41
0.801,warmup,4984.0,976.0,4.8644,59.38
0.901,warmup,4984.0,976.0,4.8644,59.34
1.001,warmup,4984.0,976.0,4.8644,59.34
1.102,warmup,4984.0,976.0,4.8644,59.28
1.202,warmup,4984.0,976.0,4.8644,59.34
1.302,warmup,4984.0,976.0,4.8644,59.31
1.402,warmup,4984.0,976.0,4.8644,59.53
1.502,warmup,4984.0,976.0,4.8644,59.44
1.602,warmup,4984.0,976.0,4.8644,59.47
1.702,warmup,4984.0,976.0,4.8644,59.38
1.803,warmup,4984.0,976.0,4.8644,59.34
1.903,warmup,4984.0,976.0,4.8644,59.41
2.003,warmup,4984.0,976.0,4.8644,59.31
2.103,warmup,4984.0,976.0,4.8644,59.31
2.203,warmup,4984.0,976.0,4.8644,59.50
2.303,warmup,4984.0,976.0,4.8644,59.47
2.403,warmup,4984.0,976.0,4.8644,59.47
2.503,warmup,4984.0,984.0,4.9043,59.47
2.604,warmup,4984.0,984.0,4.9043,59.41
2.704,warmup,4984.0,984.0,4.9043,59.31
2.804,warmup,4984.0,984.0,4.9043,59.38
2.904,warmup,4984.0,984.0,4.9043,59.31
3.004,warmup,4984.0,984.0,4.9043,59.31
3.104,warmup,4984.0,984.0,4.9043,59.41
3.204,warmup,4984.0,984.0,4.9043,59.50
3.305,warmup,4984.0,984.0,4.9043,59.53
3.405,warmup,4984.0,984.0,4.9043,59.41
3.505,warmup,4984.0,984.0,4.9043,59.44
3.605,warmup,4984.0,984.0,4.9043,59.38
3.705,warmup,4984.0,984.0,4.9043,59.38
3.805,warmup,4984.0,984.0,4.9043,59.34
3.905,warmup,4984.0,984.0,4.9043,59.28
4.005,warmup,4984.0,984.0,4.9043,59.34
4.106,warmup,4984.0,984.0,4.9043,59.56
4.206,warmup,4984.0,984.0,4.9043,59.50
4.306,warmup,4984.0,984.0,4.9043,59.41
4.406,warmup,4984.0,984.0,4.9043,59.50
4.506,warmup,4984.0,984.0,4.9043,59.38
4.606,warmup,4984.0,984.0,4.9043,59.41
4.706,warmup,4984.0,984.0,4.9043,59.31
4.807,warmup,4984.0,984.0,4.9043,59.34
4.907,warmup,4984.0,984.0,4.9043,59.31
5.007,warmup,4984.0,984.0,4.9043,59.56
5.107,warmup,4984.0,984.0,4.9043,59.47
5.207,warmup,4984.0,984.0,4.9043,59.38
5.307,warmup,4984.0,984.0,4.9043,59.41
5.407,warmup,4984.0,976.0,4.8644,59.31
5.507,warmup,4984.0,976.0,4.8644,59.41
5.608,warmup,4984.0,976.0,4.8644,59.31
5.708,warmup,4984.0,976.0,4.8644,59.28
5.808,warmup,4984.0,976.0,4.8644,59.41
5.908,warmup,4984.0,984.0,4.9043,59.28
6.008,warmup,4984.0,976.0,4.8644,59.38
6.108,warmup,4984.0,976.0,4.8644,59.44
6.208,warmup,4984.0,976.0,4.8644,59.44
6.309,warmup,4984.0,976.0,4.8644,59.41
6.409,warmup,4984.0,976.0,4.8644,59.41
6.509,warmup,4984.0,976.0,4.8644,59.34
6.609,warmup,4984.0,976.0,4.8644,59.38
6.709,warmup,4984.0,976.0,4.8644,59.34
6.809,warmup,4984.0,976.0,4.8644,59.31
6.909,warmup,4984.0,976.0,4.8644,59.53
7.009,warmup,4984.0,976.0,4.8644,59.44
7.110,warmup,4984.0,976.0,4.8644,59.41
7.210,warmup,4984.0,976.0,4.8644,59.34
7.310,warmup,4984.0,976.0,4.8644,59.34
7.410,warmup,4984.0,976.0,4.8644,59.34
7.510,warmup,4984.0,976.0,4.8644,59.38
7.610,warmup,4984.0,976.0,4.8644,59.34
7.710,warmup,4984.0,976.0,4.8644,59.22
7.811,warmup,4984.0,976.0,4.8644,59.47
7.911,warmup,4984.0,976.0,4.8644,59.44
8.011,warmup,4984.0,976.0,4.8644,59.44
8.111,warmup,4984.0,976.0,4.8644,59.44
8.211,warmup,4984.0,976.0,4.8644,59.34
8.311,warmup,4984.0,976.0,4.8644,59.31
8.411,warmup,4984.0,976.0,4.8644,59.38
8.511,warmup,4984.0,976.0,4.8644,59.31
8.612,warmup,4984.0,976.0,4.8644,59.31
8.712,warmup,4984.0,976.0,4.8644,59.50
8.812,warmup,4984.0,976.0,4.8644,59.53
8.912,warmup,4984.0,976.0,4.8644,59.41
9.012,warmup,4984.0,976.0,4.8644,59.41
9.112,warmup,4984.0,984.0,4.9043,59.41
9.212,warmup,4984.0,984.0,4.9043,59.28
9.313,warmup,4984.0,984.0,4.9043,59.34
9.413,warmup,4984.0,984.0,4.9043,59.31
9.513,warmup,4984.0,984.0,4.9043,59.31
9.613,warmup,4984.0,984.0,4.9043,59.47
9.713,warmup,4984.0,984.0,4.9043,59.44
9.813,warmup,4984.0,984.0,4.9043,59.50
9.913,warmup,4984.0,984.0,4.9043,59.41
10.014,warmup,4984.0,984.0,4.9043,59.38
10.114,warmup,4984.0,984.0,4.9043,59.34
10.214,warmup,4984.0,984.0,4.9043,59.28
10.314,warmup,4984.0,984.0,4.9043,59.28
10.414,warmup,4984.0,984.0,4.9043,59.28
10.514,warmup,4984.0,984.0,4.9043,59.38
10.614,warmup,4984.0,984.0,4.9043,59.50
10.714,warmup,4984.0,984.0,4.9043,59.47
10.815,warmup,4984.0,984.0,4.9043,59.41
10.915,warmup,4984.0,984.0,4.9043,59.41
11.015,warmup,4984.0,984.0,4.9043,59.41
11.115,warmup,4984.0,984.0,4.9043,59.34
11.215,warmup,4984.0,984.0,4.9043,59.28
11.315,warmup,4984.0,984.0,4.9043,59.31
11.415,warmup,4984.0,984.0,4.9043,59.47
11.515,warmup,4984.0,984.0,4.9043,59.47
11.616,warmup,4984.0,984.0,4.9043,59.41
11.717,warmup,4984.0,984.0,4.9043,59.34
11.817,warmup,4984.0,984.0,4.9043,59.41
11.917,warmup,4984.0,984.0,4.9043,59.38
12.017,warmup,4984.0,984.0,4.9043,59.38
12.117,warmup,4984.0,984.0,4.9043,59.28
12.217,warmup,4984.0,984.0,4.9043,59.38
12.317,warmup,4984.0,984.0,4.9043,59.31
12.418,warmup,4984.0,984.0,4.9043,59.44
12.518,warmup,4984.0,984.0,4.9043,59.41
12.618,warmup,4984.0,984.0,4.9043,59.34
12.718,warmup,4984.0,984.0,4.9043,59.44
12.818,warmup,4984.0,984.0,4.9043,59.38
12.918,warmup,4984.0,984.0,4.9043,59.38
13.018,warmup,4984.0,984.0,4.9043,59.34
13.118,warmup,4984.0,984.0,4.9043,59.34
13.219,warmup,4984.0,984.0,4.9043,59.31
13.319,warmup,4984.0,984.0,4.9043,59.53
13.419,warmup,4984.0,984.0,4.9043,59.44
13.519,warmup,4984.0,984.0,4.9043,59.41
13.619,warmup,4984.0,984.0,4.9043,59.41
13.719,warmup,4984.0,984.0,4.9043,59.38
13.819,warmup,4984.0,984.0,4.9043,59.31
13.920,warmup,4984.0,984.0,4.9043,59.38
14.020,warmup,4984.0,984.0,4.9043,59.28
14.120,warmup,4984.0,984.0,4.9043,59.31
14.220,warmup,4984.0,984.0,4.9043,59.53
14.320,warmup,4984.0,984.0,4.9043,59.41
14.420,warmup,4984.0,984.0,4.9043,59.41
14.520,warmup,4984.0,984.0,4.9043,59.34
14.620,warmup,4984.0,984.0,4.9043,59.34
14.721,warmup,4984.0,984.0,4.9043,59.41
14.821,warmup,4984.0,984.0,4.9043,59.38
14.921,warmup,4984.0,984.0,4.9043,59.28
15.021,warmup,4984.0,984.0,4.9043,59.38
15.121,warmup,4984.0,984.0,4.9043,59.53
15.221,warmup,4984.0,984.0,4.9043,59.47
15.321,warmup,4984.0,984.0,4.9043,59.44
15.422,warmup,4984.0,984.0,4.9043,59.41
15.522,warmup,4984.0,984.0,4.9043,59.38
15.622,warmup,4984.0,984.0,4.9043,59.34
15.722,warmup,4984.0,984.0,4.9043,59.34
15.822,warmup,4984.0,984.0,4.9043,59.31
15.922,warmup,4984.0,984.0,4.9043,59.34
16.022,warmup,4984.0,984.0,4.9043,59.53
16.122,warmup,4984.0,984.0,4.9043,59.47
16.223,warmup,4984.0,984.0,4.9043,59.41
16.323,warmup,4984.0,984.0,4.9043,59.41
16.423,warmup,4984.0,984.0,4.9043,59.41
16.523,warmup,4984.0,984.0,4.9043,59.34
16.623,warmup,4984.0,984.0,4.9043,59.34
16.723,warmup,4984.0,984.0,4.9043,59.31
16.823,warmup,4984.0,984.0,4.9043,59.28
16.924,warmup,4984.0,984.0,4.9043,59.50
17.024,warmup,4984.0,984.0,4.9043,59.47
17.124,warmup,4984.0,984.0,4.9043,59.38
17.224,warmup,4984.0,984.0,4.9043,59.47
17.324,warmup,4984.0,984.0,4.9043,59.38
17.424,warmup,4984.0,984.0,4.9043,59.38
17.524,warmup,4984.0,984.0,4.9043,59.28
17.624,warmup,4984.0,984.0,4.9043,59.34
17.725,warmup,4984.0,984.0,4.9043,59.31
17.825,warmup,4984.0,984.0,4.9043,59.56
17.925,warmup,4984.0,984.0,4.9043,59.50
18.025,warmup,4984.0,984.0,4.9043,59.41
18.125,warmup,4984.0,984.0,4.9043,59.41
18.225,warmup,4984.0,984.0,4.9043,59.38
18.325,warmup,4984.0,984.0,4.9043,59.34
18.426,warmup,4984.0,984.0,4.9043,59.38
18.526,warmup,4984.0,984.0,4.9043,59.28
18.626,warmup,4984.0,984.0,4.9043,59.34
18.726,warmup,4984.0,984.0,4.9043,59.53
18.826,warmup,4984.0,984.0,4.9043,59.47
18.926,warmup,4984.0,984.0,4.9043,59.41
19.026,warmup,4984.0,984.0,4.9043,59.41
19.126,warmup,4984.0,984.0,4.9043,59.38
19.227,warmup,4984.0,984.0,4.9043,59.34
19.327,warmup,4984.0,984.0,4.9043,59.34
19.427,warmup,4984.0,984.0,4.9043,59.34
19.527,warmup,4984.0,984.0,4.9043,59.38
19.627,warmup,4984.0,984.0,4.9043,59.34
19.727,warmup,4984.0,984.0,4.9043,59.56
19.827,warmup,4984.0,984.0,4.9043,59.47
19.928,warmup,4984.0,984.0,4.9043,59.41
20.028,warmup,4984.0,984.0,4.9043,59.34
20.128,warmup,4984.0,984.0,4.9043,59.38
20.228,warmup,4984.0,984.0,4.9043,59.28
20.328,warmup,4984.0,984.0,4.9043,59.31
20.428,warmup,4984.0,984.0,4.9043,59.38
20.528,warmup,4984.0,984.0,4.9043,59.31
20.629,warmup,4984.0,984.0,4.9043,59.56
20.729,warmup,4984.0,984.0,4.9043,59.41
20.829,warmup,4984.0,984.0,4.9043,59.31
20.929,warmup,4984.0,976.0,4.8644,59.28
21.029,warmup,4984.0,984.0,4.9043,59.41
21.129,warmup,4984.0,984.0,4.9043,59.34
21.229,warmup,4984.0,984.0,4.9043,59.28
21.329,warmup,4984.0,984.0,4.9043,59.28
21.430,warmup,4984.0,984.0,4.9043,59.34
21.530,warmup,4984.0,976.0,4.8644,59.44
21.630,warmup,4984.0,984.0,4.9043,59.41
21.730,warmup,4984.0,984.0,4.9043,59.41
21.830,warmup,4984.0,984.0,4.9043,59.44
21.930,warmup,4984.0,984.0,4.9043,59.38
22.030,warmup,4984.0,984.0,4.9043,59.34
22.130,warmup,4984.0,976.0,4.8644,59.41
22.231,warmup,4984.0,984.0,4.9043,59.31
22.331,warmup,4984.0,984.0,4.9043,59.28
22.431,warmup,4984.0,984.0,4.9043,59.47
22.531,warmup,4984.0,984.0,4.9043,59.47
22.631,warmup,4984.0,984.0,4.9043,59.56
22.731,warmup,4984.0,976.0,4.8644,59.34
22.831,warmup,4984.0,976.0,4.8644,59.38
22.931,warmup,4984.0,976.0,4.8644,59.41
23.032,warmup,4984.0,976.0,4.8644,59.31
23.132,warmup,4984.0,976.0,4.8644,59.34
23.232,warmup,4984.0,976.0,4.8644,59.31
23.332,warmup,4984.0,976.0,4.8644,59.41
23.432,warmup,4984.0,976.0,4.8644,59.44
23.532,warmup,4984.0,976.0,4.8644,59.47
23.632,warmup,4984.0,976.0,4.8644,59.34
23.733,warmup,4984.0,976.0,4.8644,59.38
23.833,warmup,4984.0,976.0,4.8644,59.34
23.933,warmup,4984.0,976.0,4.8644,59.41
24.033,warmup,4984.0,976.0,4.8644,59.41
24.133,warmup,4984.0,976.0,4.8644,59.38
24.233,warmup,4984.0,976.0,4.8644,59.41
24.333,warmup,4984.0,976.0,4.8644,59.41
24.433,warmup,4984.0,976.0,4.8644,59.44
24.534,warmup,4984.0,976.0,4.8644,59.31
24.634,warmup,4984.0,976.0,4.8644,59.41
24.734,warmup,4984.0,976.0,4.8644,59.44
24.834,warmup,4984.0,976.0,4.8644,59.38
24.934,warmup,4984.0,976.0,4.8644,59.38
25.034,warmup,4984.0,976.0,4.8644,59.28
25.134,warmup,4984.0,976.0,4.8644,59.47
25.234,warmup,4984.0,976.0,4.8644,59.47
25.335,warmup,4984.0,976.0,4.8644,59.44
25.435,warmup,4984.0,976.0,4.8644,59.38
25.535,warmup,4984.0,976.0,4.8644,59.38
25.635,warmup,4984.0,976.0,4.8644,59.31
25.735,warmup,4984.0,984.0,4.9043,59.41
25.835,warmup,4984.0,984.0,4.9043,59.41
25.935,warmup,4984.0,984.0,4.9043,59.41
26.035,warmup,4984.0,984.0,4.9043,59.53
26.136,warmup,4984.0,984.0,4.9043,59.44
26.236,warmup,4984.0,984.0,4.9043,59.44
26.336,warmup,4984.0,984.0,4.9043,59.41
26.436,warmup,4984.0,984.0,4.9043,59.41
26.536,warmup,4984.0,984.0,4.9043,59.34
26.636,warmup,4984.0,976.0,4.8644,59.34
26.736,warmup,4984.0,976.0,4.8644,59.31
26.837,warmup,4984.0,976.0,4.8644,59.38
26.937,warmup,4984.0,976.0,4.8644,59.41
27.037,warmup,4984.0,976.0,4.8644,59.50
27.137,warmup,4984.0,976.0,4.8644,59.44
27.237,warmup,4984.0,976.0,4.8644,59.41
27.337,warmup,4984.0,976.0,4.8644,59.44
27.437,warmup,4984.0,976.0,4.8644,59.41
27.537,warmup,4984.0,976.0,4.8644,59.38
27.638,warmup,4984.0,976.0,4.8644,59.31
27.738,warmup,4984.0,976.0,4.8644,59.34
27.838,warmup,4984.0,976.0,4.8644,59.53
27.938,warmup,4984.0,976.0,4.8644,59.47
28.038,warmup,4984.0,976.0,4.8644,59.41
28.138,warmup,4984.0,976.0,4.8644,59.41
28.238,warmup,4984.0,976.0,4.8644,59.34
28.339,warmup,4984.0,976.0,4.8644,59.34
28.439,warmup,4984.0,976.0,4.8644,59.34
28.539,warmup,4984.0,976.0,4.8644,59.34
28.639,warmup,4984.0,976.0,4.8644,59.25
28.739,warmup,4984.0,976.0,4.8644,59.34
28.839,warmup,4984.0,976.0,4.8644,59.50
28.939,warmup,4984.0,976.0,4.8644,59.41
29.039,warmup,4984.0,976.0,4.8644,59.41
29.140,warmup,4984.0,976.0,4.8644,59.41
29.240,warmup,4984.0,976.0,4.8644,59.31
29.340,warmup,4984.0,976.0,4.8644,59.38
29.440,warmup,4984.0,976.0,4.8644,59.34
29.540,warmup,4984.0,976.0,4.8644,59.34
29.640,warmup,4984.0,976.0,4.8644,59.56
29.740,warmup,4984.0,976.0,4.8644,59.50
29.841,warmup,4984.0,976.0,4.8644,59.41
29.941,warmup,4984.0,976.0,4.8644,59.41
30.041,warmup,4984.0,976.0,4.8644,59.34
30.141,warmup,4984.0,976.0,4.8644,59.41
30.241,warmup,4984.0,976.0,4.8644,59.38
30.341,warmup,4984.0,976.0,4.8644,59.31
30.441,warmup,4984.0,984.0,4.9043,59.34
30.541,warmup,4984.0,976.0,4.8644,59.44
30.642,warmup,4984.0,976.0,4.8644,59.53
30.742,warmup,4984.0,976.0,4.8644,59.44
30.842,warmup,4984.0,976.0,4.8644,59.41
30.942,warmup,4984.0,976.0,4.8644,59.31
31.042,warmup,4984.0,976.0,4.8644,59.34
31.142,warmup,4984.0,976.0,4.8644,59.38
31.242,warmup,4984.0,976.0,4.8644,59.34
31.343,warmup,4984.0,976.0,4.8644,59.34
31.443,warmup,4984.0,976.0,4.8644,59.31
31.543,warmup,4984.0,976.0,4.8644,59.56
31.643,warmup,4984.0,976.0,4.8644,59.41
31.743,warmup,4984.0,976.0,4.8644,59.50
31.843,warmup,4984.0,976.0,4.8644,59.41
31.943,warmup,4984.0,976.0,4.8644,59.38
32.043,warmup,4984.0,976.0,4.8644,59.41
32.144,warmup,4984.0,976.0,4.8644,59.31
32.244,warmup,4984.0,976.0,4.8644,59.38
32.344,warmup,4984.0,976.0,4.8644,59.34
32.444,warmup,4984.0,976.0,4.8644,59.53
32.544,warmup,4984.0,976.0,4.8644,59.47
32.644,warmup,4984.0,976.0,4.8644,59.41
32.744,warmup,4984.0,984.0,4.9043,59.44
32.845,warmup,4984.0,984.0,4.9043,59.38
32.945,warmup,4984.0,984.0,4.9043,59.41
33.045,warmup,4984.0,984.0,4.9043,59.38
33.145,warmup,4984.0,984.0,4.9043,59.38
33.245,warmup,4984.0,984.0,4.9043,59.28
33.345,warmup,4984.0,984.0,4.9043,59.34
33.445,warmup,4984.0,984.0,4.9043,59.47
33.546,warmup,4984.0,984.0,4.9043,59.44
33.646,warmup,4984.0,984.0,4.9043,59.41
33.746,warmup,4984.0,984.0,4.9043,59.38
33.846,warmup,4984.0,984.0,4.9043,59.41
33.946,warmup,4984.0,984.0,4.9043,59.31
34.046,warmup,4984.0,984.0,4.9043,59.38
34.146,warmup,4984.0,984.0,4.9043,59.34
34.246,warmup,4984.0,984.0,4.9043,59.41
34.347,warmup,4984.0,984.0,4.9043,59.41
34.447,warmup,4984.0,984.0,4.9043,59.41
34.547,warmup,4984.0,984.0,4.9043,59.41
34.647,warmup,4984.0,984.0,4.9043,59.41
34.747,warmup,4984.0,984.0,4.9043,59.41
34.847,warmup,4984.0,984.0,4.9043,59.38
34.947,warmup,4984.0,984.0,4.9043,59.38
35.048,warmup,4984.0,984.0,4.9043,59.34
35.148,warmup,4984.0,984.0,4.9043,59.28
35.248,warmup,4984.0,984.0,4.9043,59.50
35.348,warmup,4984.0,984.0,4.9043,59.41
35.448,warmup,4984.0,984.0,4.9043,59.41
35.548,warmup,4984.0,984.0,4.9043,59.38
35.648,warmup,4984.0,984.0,4.9043,59.41
35.748,warmup,4984.0,984.0,4.9043,59.31
35.849,warmup,4984.0,984.0,4.9043,59.38
35.950,warmup,4984.0,984.0,4.9043,59.38
36.050,warmup,4984.0,984.0,4.9043,59.31
36.150,warmup,4984.0,984.0,4.9043,59.50
36.250,warmup,4984.0,984.0,4.9043,59.47
36.350,warmup,4984.0,984.0,4.9043,59.44
36.450,warmup,4984.0,984.0,4.9043,59.38
36.550,warmup,4984.0,984.0,4.9043,59.41
36.650,warmup,4984.0,984.0,4.9043,59.28
36.751,warmup,4984.0,984.0,4.9043,59.34
36.851,warmup,4984.0,984.0,4.9043,59.31
36.951,warmup,4984.0,984.0,4.9043,59.34
37.051,warmup,4984.0,984.0,4.9043,59.38
37.151,warmup,4984.0,984.0,4.9043,59.50
37.251,warmup,4984.0,984.0,4.9043,59.44
37.351,warmup,4984.0,984.0,4.9043,59.38
37.452,warmup,4984.0,984.0,4.9043,59.41
37.552,warmup,4984.0,984.0,4.9043,59.34
37.652,warmup,4984.0,984.0,4.9043,59.41
37.752,warmup,4984.0,984.0,4.9043,59.34
37.852,warmup,4984.0,984.0,4.9043,59.31
37.952,warmup,4984.0,984.0,4.9043,59.47
38.052,warmup,4984.0,984.0,4.9043,59.44
38.152,warmup,4984.0,984.0,4.9043,59.47
38.253,warmup,4984.0,984.0,4.9043,59.38
38.353,warmup,4984.0,984.0,4.9043,59.47
38.453,warmup,4984.0,984.0,4.9043,59.38
38.553,warmup,4984.0,984.0,4.9043,59.41
38.653,warmup,4984.0,984.0,4.9043,59.34
38.753,warmup,4984.0,984.0,4.9043,59.31
38.853,warmup,4984.0,984.0,4.9043,59.47
38.954,warmup,4984.0,984.0,4.9043,59.44
39.054,warmup,4984.0,976.0,4.8644,59.47
39.154,warmup,4984.0,976.0,4.8644,59.44
39.254,warmup,4984.0,976.0,4.8644,59.41
39.354,warmup,4984.0,976.0,4.8644,59.38
39.454,warmup,4984.0,976.0,4.8644,59.28
39.554,warmup,4984.0,976.0,4.8644,59.34
39.654,warmup,4984.0,976.0,4.8644,59.22
39.755,warmup,4984.0,976.0,4.8644,59.50
39.855,warmup,4984.0,976.0,4.8644,59.44
39.955,warmup,4984.0,976.0,4.8644,59.44
40.055,warmup,4984.0,976.0,4.8644,59.41
40.155,warmup,4984.0,976.0,4.8644,59.41
40.255,warmup,4984.0,976.0,4.8644,59.38
40.355,warmup,4984.0,976.0,4.8644,59.34
40.455,warmup,4984.0,976.0,4.8644,59.34
40.556,warmup,4984.0,976.0,4.8644,59.28
40.656,warmup,4984.0,976.0,4.8644,59.50
40.756,warmup,4984.0,976.0,4.8644,59.53
40.856,warmup,4984.0,976.0,4.8644,59.44
40.956,warmup,4984.0,976.0,4.8644,59.41
41.056,warmup,4984.0,976.0,4.8644,59.41
41.156,warmup,4984.0,976.0,4.8644,59.34
41.257,warmup,4984.0,976.0,4.8644,59.31
41.357,warmup,4984.0,976.0,4.8644,59.34
41.457,warmup,4984.0,976.0,4.8644,59.34
41.557,warmup,4984.0,976.0,4.8644,59.50
41.657,warmup,4984.0,976.0,4.8644,59.53
41.757,warmup,4984.0,976.0,4.8644,59.41
41.857,warmup,4984.0,976.0,4.8644,59.50
41.957,warmup,4984.0,976.0,4.8644,59.44
42.058,warmup,4984.0,976.0,4.8644,59.31
42.158,warmup,4984.0,976.0,4.8644,59.41
42.258,warmup,4984.0,976.0,4.8644,59.28
42.358,warmup,4984.0,976.0,4.8644,59.31
42.458,warmup,4984.0,976.0,4.8644,59.56
42.558,warmup,4984.0,976.0,4.8644,59.50
42.658,warmup,4984.0,976.0,4.8644,59.44
42.758,warmup,4984.0,976.0,4.8644,59.44
42.859,warmup,4984.0,976.0,4.8644,59.34
42.959,warmup,4984.0,976.0,4.8644,59.38
43.059,warmup,4984.0,976.0,4.8644,59.38
43.159,warmup,4984.0,976.0,4.8644,59.38
43.259,warmup,4984.0,976.0,4.8644,59.31
43.359,warmup,4984.0,976.0,4.8644,59.53
43.459,warmup,4984.0,976.0,4.8644,59.50
43.560,warmup,4984.0,976.0,4.8644,59.44
43.660,warmup,4984.0,976.0,4.8644,59.44
43.760,warmup,4984.0,976.0,4.8644,59.38
43.860,warmup,4984.0,976.0,4.8644,59.41
43.960,warmup,4984.0,976.0,4.8644,59.28
44.060,warmup,4984.0,976.0,4.8644,59.41
44.160,warmup,4984.0,976.0,4.8644,59.34
44.260,warmup,4984.0,976.0,4.8644,59.53
44.361,warmup,4984.0,976.0,4.8644,59.50
44.461,warmup,4984.0,976.0,4.8644,59.41
44.561,warmup,4984.0,976.0,4.8644,59.47
44.661,warmup,4984.0,976.0,4.8644,59.41
44.761,warmup,4984.0,976.0,4.8644,59.41
44.861,warmup,4984.0,976.0,4.8644,59.38
44.961,warmup,4984.0,976.0,4.8644,59.38
45.062,warmup,4984.0,976.0,4.8644,59.38
45.162,warmup,4984.0,976.0,4.8644,59.31
45.262,warmup,4984.0,976.0,4.8644,59.62
45.362,warmup,4984.0,976.0,4.8644,59.44
45.462,warmup,4984.0,976.0,4.8644,59.47
45.562,warmup,4984.0,976.0,4.8644,59.38
45.662,warmup,4984.0,976.0,4.8644,59.38
45.762,warmup,4984.0,976.0,4.8644,59.38
45.863,warmup,4984.0,976.0,4.8644,59.25
45.963,warmup,4984.0,976.0,4.8644,59.41
46.063,warmup,4984.0,976.0,4.8644,59.41
46.163,warmup,4984.0,976.0,4.8644,59.50
46.263,warmup,4984.0,976.0,4.8644,59.41
46.363,warmup,4984.0,976.0,4.8644,59.47
46.463,warmup,4984.0,976.0,4.8644,59.34
46.564,warmup,4984.0,976.0,4.8644,59.41
46.664,warmup,4984.0,976.0,4.8644,59.44
46.764,warmup,4984.0,976.0,4.8644,59.34
46.864,warmup,4984.0,976.0,4.8644,59.34
46.964,warmup,4984.0,976.0,4.8644,59.31
47.064,warmup,4984.0,976.0,4.8644,59.31
47.164,warmup,4984.0,976.0,4.8644,59.44
47.264,warmup,4984.0,976.0,4.8644,59.44
47.365,warmup,4984.0,976.0,4.8644,59.41
47.465,warmup,4984.0,976.0,4.8644,59.38
47.565,warmup,4984.0,976.0,4.8644,59.38
47.665,warmup,4984.0,976.0,4.8644,59.31
47.765,warmup,4984.0,976.0,4.8644,59.34
47.865,warmup,4984.0,976.0,4.8644,59.25
47.965,warmup,4984.0,976.0,4.8644,59.28
48.066,warmup,4984.0,976.0,4.8644,59.50
48.166,warmup,4984.0,976.0,4.8644,59.44
48.266,warmup,4984.0,976.0,4.8644,59.44
48.366,warmup,4984.0,976.0,4.8644,59.41
48.466,warmup,4984.0,976.0,4.8644,59.28
48.566,warmup,4984.0,976.0,4.8644,59.41
48.666,warmup,4984.0,976.0,4.8644,59.34
48.766,warmup,4984.0,976.0,4.8644,59.28
48.867,warmup,4984.0,984.0,4.9043,59.31
48.967,warmup,4984.0,984.0,4.9043,59.50
49.067,warmup,4984.0,984.0,4.9043,59.44
49.167,warmup,4984.0,976.0,4.8644,59.41
49.267,warmup,4984.0,976.0,4.8644,59.41
49.367,warmup,4984.0,976.0,4.8644,59.38
49.467,warmup,4984.0,976.0,4.8644,59.41
49.567,warmup,4984.0,976.0,4.8644,59.31
49.668,warmup,4984.0,976.0,4.8644,59.31
49.768,warmup,4984.0,976.0,4.8644,59.28
49.868,warmup,4984.0,976.0,4.8644,59.50
49.968,warmup,4984.0,976.0,4.8644,59.50
50.068,warmup,4984.0,976.0,4.8644,59.38
50.168,warmup,4984.0,976.0,4.8644,59.34
50.268,warmup,4984.0,976.0,4.8644,59.38
50.368,warmup,4984.0,976.0,4.8644,59.34
50.469,warmup,4984.0,976.0,4.8644,59.28
50.569,warmup,4984.0,976.0,4.8644,59.31
50.669,warmup,4984.0,976.0,4.8644,59.59
50.769,warmup,4984.0,976.0,4.8644,59.53
50.869,warmup,4984.0,976.0,4.8644,59.50
50.969,warmup,4984.0,976.0,4.8644,59.41
51.069,warmup,4984.0,976.0,4.8644,59.41
51.170,warmup,4984.0,976.0,4.8644,59.31
51.270,warmup,4984.0,976.0,4.8644,59.41
51.370,warmup,4984.0,976.0,4.8644,59.28
51.470,warmup,4984.0,976.0,4.8644,59.34
51.570,warmup,4984.0,976.0,4.8644,59.50
51.670,warmup,4984.0,976.0,4.8644,59.50
51.770,warmup,4984.0,976.0,4.8644,59.47
51.870,warmup,4984.0,976.0,4.8644,59.50
51.971,warmup,4984.0,976.0,4.8644,59.41
52.071,warmup,4984.0,976.0,4.8644,59.38
52.171,warmup,4984.0,976.0,4.8644,59.31
52.271,warmup,4984.0,976.0,4.8644,59.31
52.371,warmup,4984.0,976.0,4.8644,59.41
52.471,warmup,4984.0,976.0,4.8644,59.47
52.571,warmup,4984.0,976.0,4.8644,59.47
52.671,warmup,4984.0,976.0,4.8644,59.44
52.772,warmup,4984.0,976.0,4.8644,59.41
52.872,warmup,4984.0,976.0,4.8644,59.41
52.972,warmup,4984.0,976.0,4.8644,59.34
53.072,warmup,4984.0,976.0,4.8644,59.34
53.172,warmup,4984.0,976.0,4.8644,59.31
53.272,warmup,4984.0,976.0,4.8644,59.34
53.372,warmup,4984.0,976.0,4.8644,59.47
53.472,warmup,4984.0,976.0,4.8644,59.47
53.573,warmup,4984.0,976.0,4.8644,59.44
53.673,warmup,4984.0,976.0,4.8644,59.44
53.773,warmup,4984.0,976.0,4.8644,59.41
53.873,warmup,4984.0,976.0,4.8644,59.34
53.973,warmup,4984.0,976.0,4.8644,59.41
54.073,warmup,4984.0,976.0,4.8644,59.28
54.173,warmup,4984.0,976.0,4.8644,59.25
54.274,warmup,4984.0,976.0,4.8644,59.50
54.374,warmup,4984.0,976.0,4.8644,59.50
54.474,warmup,4984.0,976.0,4.8644,59.50
54.574,warmup,4984.0,976.0,4.8644,59.38
54.674,warmup,4984.0,976.0,4.8644,59.41
54.774,warmup,4984.0,976.0,4.8644,59.28
54.874,warmup,4984.0,976.0,4.8644,59.41
54.974,warmup,4984.0,976.0,4.8644,59.25
55.075,warmup,4984.0,976.0,4.8644,59.34
55.175,warmup,4984.0,976.0,4.8644,59.56
55.275,warmup,4984.0,976.0,4.8644,59.53
55.375,warmup,4984.0,976.0,4.8644,59.41
55.475,warmup,4984.0,976.0,4.8644,59.44
55.575,warmup,4984.0,976.0,4.8644,59.44
55.675,warmup,4984.0,976.0,4.8644,59.41
55.775,warmup,4984.0,976.0,4.8644,59.41
55.876,warmup,4984.0,976.0,4.8644,59.28
55.976,warmup,4984.0,976.0,4.8644,59.28
56.076,warmup,4984.0,976.0,4.8644,59.31
56.176,warmup,4984.0,976.0,4.8644,59.59
56.276,warmup,4984.0,976.0,4.8644,59.41
56.376,warmup,4984.0,976.0,4.8644,59.41
56.476,warmup,4984.0,976.0,4.8644,59.41
56.576,warmup,4984.0,976.0,4.8644,59.41
56.677,warmup,4984.0,976.0,4.8644,59.34
56.777,warmup,4984.0,976.0,4.8644,59.31
56.877,warmup,4984.0,976.0,4.8644,59.28
56.977,warmup,4984.0,976.0,4.8644,59.28
57.077,warmup,4984.0,976.0,4.8644,59.50
57.177,warmup,4984.0,984.0,4.9043,59.44
57.277,warmup,4984.0,984.0,4.9043,59.41
57.377,warmup,4984.0,984.0,4.9043,59.41
57.478,warmup,4984.0,984.0,4.9043,59.41
57.578,warmup,4984.0,984.0,4.9043,59.34
57.678,warmup,4984.0,984.0,4.9043,59.31
57.778,warmup,4984.0,984.0,4.9043,59.34
57.878,warmup,4984.0,976.0,4.8644,59.34
57.978,warmup,4984.0,976.0,4.8644,59.59
58.078,warmup,4984.0,976.0,4.8644,59.50
58.179,warmup,4984.0,976.0,4.8644,59.41
58.279,warmup,4984.0,976.0,4.8644,59.38
58.379,warmup,4984.0,976.0,4.8644,59.38
58.479,warmup,4984.0,976.0,4.8644,59.34
58.579,warmup,4984.0,976.0,4.8644,59.41
58.679,warmup,4984.0,976.0,4.8644,59.38
58.779,warmup,4984.0,976.0,4.8644,59.31
58.879,warmup,4984.0,976.0,4.8644,59.22
58.980,warmup,4984.0,976.0,4.8644,59.47
59.080,warmup,4984.0,976.0,4.8644,59.41
59.180,warmup,4984.0,976.0,4.8644,59.41
59.280,warmup,4984.0,976.0,4.8644,59.31
59.380,warmup,4984.0,976.0,4.8644,59.38
59.480,warmup,4984.0,976.0,4.8644,59.31
59.580,warmup,4984.0,976.0,4.8644,59.34
59.681,warmup,4984.0,976.0,4.8644,59.34
59.781,warmup,4984.0,976.0,4.8644,59.28
59.881,warmup,4984.0,976.0,4.8644,59.41
59.981,warmup,4984.0,976.0,4.8644,59.53
60.081,warmup,4984.0,976.0,4.8644,59.41
60.181,warmup,4984.0,984.0,4.9043,59.38
60.281,warmup,4984.0,976.0,4.8644,59.38
60.382,measure,4984.0,984.0,4.9043,59.34
60.482,measure,4984.0,984.0,4.9043,59.34
60.582,measure,4984.0,984.0,4.9043,59.25
60.682,measure,4984.0,984.0,4.9043,59.47
60.782,measure,4984.0,984.0,4.9043,59.44
60.882,measure,4984.0,984.0,4.9043,59.41
60.982,measure,4984.0,984.0,4.9043,59.41
61.082,measure,4984.0,984.0,4.9043,59.41
61.183,measure,4984.0,984.0,4.9043,59.34
61.283,measure,4984.0,984.0,4.9043,59.38
61.383,measure,4984.0,984.0,4.9043,59.25
61.483,measure,4984.0,984.0,4.9043,59.34
61.583,measure,4984.0,984.0,4.9043,59.47
61.683,measure,4984.0,984.0,4.9043,59.44
61.783,measure,4984.0,984.0,4.9043,59.41
61.883,measure,4984.0,984.0,4.9043,59.34
61.984,measure,4984.0,984.0,4.9043,59.41
62.084,measure,4984.0,984.0,4.9043,59.41
62.184,measure,4984.0,984.0,4.9043,59.31
62.284,measure,4984.0,984.0,4.9043,59.28
62.384,measure,4984.0,984.0,4.9043,59.31
62.484,measure,4984.0,984.0,4.9043,59.31
62.584,measure,4984.0,984.0,4.9043,59.50
62.685,measure,4984.0,984.0,4.9043,59.44
62.785,measure,4984.0,984.0,4.9043,59.44
62.885,measure,4984.0,984.0,4.9043,59.41
62.985,measure,4984.0,984.0,4.9043,59.34
63.085,measure,4984.0,984.0,4.9043,59.31
63.185,measure,4984.0,984.0,4.9043,59.31
63.285,measure,4984.0,984.0,4.9043,59.38
63.385,measure,4984.0,984.0,4.9043,59.38
63.486,measure,4984.0,976.0,4.8644,59.44
63.586,measure,4984.0,984.0,4.9043,59.44
63.686,measure,4984.0,984.0,4.9043,59.41
63.786,measure,4984.0,984.0,4.9043,59.41
63.886,measure,4984.0,976.0,4.8644,59.31
63.986,measure,4984.0,984.0,4.9043,59.34
64.086,measure,4984.0,984.0,4.9043,59.38
64.187,measure,4984.0,984.0,4.9043,59.34
64.287,measure,4984.0,984.0,4.9043,59.50
64.387,measure,4984.0,984.0,4.9043,59.50
64.487,measure,4984.0,984.0,4.9043,59.44
64.587,measure,4984.0,984.0,4.9043,59.47
64.687,measure,4984.0,984.0,4.9043,59.41
64.788,measure,4984.0,984.0,4.9043,59.41
64.888,measure,4984.0,984.0,4.9043,59.41
64.988,measure,4984.0,984.0,4.9043,59.38
65.089,measure,4984.0,984.0,4.9043,59.38
65.189,measure,4984.0,984.0,4.9043,59.31
65.289,measure,4984.0,984.0,4.9043,59.53
65.389,measure,4984.0,984.0,4.9043,59.44
65.489,measure,4984.0,984.0,4.9043,59.41
65.589,measure,4984.0,984.0,4.9043,59.38
65.689,measure,4984.0,984.0,4.9043,59.41
65.789,measure,4984.0,984.0,4.9043,59.38
65.890,measure,4984.0,984.0,4.9043,59.41
65.990,measure,4984.0,984.0,4.9043,59.31
66.090,measure,4984.0,984.0,4.9043,59.31
66.190,measure,4984.0,984.0,4.9043,59.53
66.290,measure,4984.0,984.0,4.9043,59.53
66.390,measure,4984.0,984.0,4.9043,59.41
66.490,measure,4984.0,984.0,4.9043,59.41
66.590,measure,4984.0,984.0,4.9043,59.38
66.691,measure,4984.0,984.0,4.9043,59.38
66.791,measure,4984.0,984.0,4.9043,59.34
66.891,measure,4984.0,984.0,4.9043,59.28
66.991,measure,4984.0,984.0,4.9043,59.31
67.091,measure,4984.0,984.0,4.9043,59.44
67.191,measure,4984.0,984.0,4.9043,59.44
67.291,measure,4984.0,984.0,4.9043,59.44
67.392,measure,4984.0,984.0,4.9043,59.41
67.492,measure,4984.0,984.0,4.9043,59.41
67.592,measure,4984.0,984.0,4.9043,59.34
67.692,measure,4984.0,984.0,4.9043,59.38
67.792,measure,4984.0,984.0,4.9043,59.34
67.892,measure,4984.0,984.0,4.9043,59.41
67.992,measure,4984.0,984.0,4.9043,59.47
68.092,measure,4984.0,984.0,4.9043,59.44
68.193,measure,4984.0,984.0,4.9043,59.41
68.293,measure,4984.0,984.0,4.9043,59.47
68.393,measure,4984.0,984.0,4.9043,59.34
68.493,measure,4984.0,984.0,4.9043,59.31
68.593,measure,4984.0,984.0,4.9043,59.38
68.693,measure,4984.0,984.0,4.9043,59.31
68.793,measure,4984.0,984.0,4.9043,59.34
68.893,measure,4984.0,984.0,4.9043,59.56
68.994,measure,4984.0,984.0,4.9043,59.44
69.094,measure,4984.0,984.0,4.9043,59.41
69.194,measure,4984.0,984.0,4.9043,59.38
69.294,measure,4984.0,984.0,4.9043,59.34
69.394,measure,4984.0,984.0,4.9043,59.25
69.494,measure,4984.0,984.0,4.9043,59.31
69.594,measure,4984.0,984.0,4.9043,59.31
69.694,measure,4984.0,984.0,4.9043,59.34
69.795,measure,4984.0,984.0,4.9043,59.28
69.895,measure,4984.0,984.0,4.9043,59.47
69.995,measure,4984.0,984.0,4.9043,59.41
70.095,measure,4984.0,984.0,4.9043,59.41
70.195,measure,4984.0,984.0,4.9043,59.34
70.295,measure,4984.0,984.0,4.9043,59.41
70.395,measure,4984.0,984.0,4.9043,59.41
70.496,measure,4984.0,984.0,4.9043,59.38
70.596,measure,4984.0,984.0,4.9043,59.28
70.696,measure,4984.0,984.0,4.9043,59.31
70.796,measure,4984.0,984.0,4.9043,59.47
70.896,measure,4984.0,984.0,4.9043,59.41
70.996,measure,4984.0,984.0,4.9043,59.34
71.096,measure,4984.0,984.0,4.9043,59.38
71.196,measure,4984.0,984.0,4.9043,59.38
71.297,measure,4984.0,984.0,4.9043,59.25
71.397,measure,4984.0,984.0,4.9043,59.34
71.497,measure,4984.0,984.0,4.9043,59.38
71.597,measure,4984.0,984.0,4.9043,59.25
71.697,measure,4984.0,984.0,4.9043,59.47
71.797,measure,4984.0,984.0,4.9043,59.50
71.897,measure,4984.0,984.0,4.9043,59.44
71.997,measure,4984.0,984.0,4.9043,59.34
72.098,measure,4984.0,984.0,4.9043,59.38
72.198,measure,4984.0,984.0,4.9043,59.34
72.298,measure,4984.0,984.0,4.9043,59.38
72.398,measure,4984.0,984.0,4.9043,59.31
72.498,measure,4984.0,984.0,4.9043,59.22
72.598,measure,4984.0,984.0,4.9043,59.47
72.698,measure,4984.0,984.0,4.9043,59.41
72.798,measure,4984.0,984.0,4.9043,59.44
72.899,measure,4984.0,984.0,4.9043,59.41
72.999,measure,4984.0,984.0,4.9043,59.41
73.099,measure,4984.0,984.0,4.9043,59.38
73.199,measure,4984.0,984.0,4.9043,59.34
73.299,measure,4984.0,984.0,4.9043,59.28
73.399,measure,4984.0,984.0,4.9043,59.25
73.499,measure,4984.0,984.0,4.9043,59.47
73.599,measure,4984.0,984.0,4.9043,59.41
73.700,measure,4984.0,984.0,4.9043,59.41
73.800,measure,4984.0,984.0,4.9043,59.34
73.900,measure,4984.0,984.0,4.9043,59.41
74.000,measure,4984.0,984.0,4.9043,59.41
74.100,measure,4984.0,984.0,4.9043,59.38
74.200,measure,4984.0,984.0,4.9043,59.31
74.300,measure,4984.0,984.0,4.9043,59.25
74.400,measure,4984.0,984.0,4.9043,59.41
74.501,measure,4984.0,984.0,4.9043,59.44
74.601,measure,4984.0,984.0,4.9043,59.44
74.701,measure,4984.0,984.0,4.9043,59.41
74.801,measure,4984.0,984.0,4.9043,59.38
74.901,measure,4984.0,984.0,4.9043,59.31
75.001,measure,4984.0,984.0,4.9043,59.38
75.101,measure,4984.0,984.0,4.9043,59.31
75.202,measure,4984.0,984.0,4.9043,59.28
75.302,measure,4984.0,984.0,4.9043,59.47
75.402,measure,4984.0,984.0,4.9043,59.50
75.502,measure,4984.0,984.0,4.9043,59.44
75.602,measure,4984.0,984.0,4.9043,59.34
75.702,measure,4984.0,984.0,4.9043,59.34
75.802,measure,4984.0,984.0,4.9043,59.31
75.903,measure,4984.0,976.0,4.8644,59.34
76.003,measure,4984.0,976.0,4.8644,59.38
76.103,measure,4984.0,976.0,4.8644,59.22
76.203,measure,4984.0,976.0,4.8644,59.44
76.303,measure,4984.0,976.0,4.8644,59.44
76.403,measure,4984.0,976.0,4.8644,59.47
76.503,measure,4984.0,976.0,4.8644,59.44
76.604,measure,4984.0,976.0,4.8644,59.38
76.704,measure,4984.0,976.0,4.8644,59.41
76.804,measure,4984.0,976.0,4.8644,59.28
76.904,measure,4984.0,976.0,4.8644,59.25
77.004,measure,4984.0,976.0,4.8644,59.31
77.104,measure,4984.0,976.0,4.8644,59.47
77.204,measure,4984.0,976.0,4.8644,59.47
77.304,measure,4984.0,976.0,4.8644,59.44
77.405,measure,4984.0,976.0,4.8644,59.34
77.505,measure,4984.0,984.0,4.9043,59.41
77.605,measure,4984.0,976.0,4.8644,59.38
77.705,measure,4984.0,976.0,4.8644,59.41
77.805,measure,4984.0,976.0,4.8644,59.34
77.905,measure,4984.0,976.0,4.8644,59.31
78.005,measure,4984.0,976.0,4.8644,59.56
78.106,measure,4984.0,976.0,4.8644,59.47
78.206,measure,4984.0,976.0,4.8644,59.44
78.306,measure,4984.0,984.0,4.9043,59.47
78.406,measure,4984.0,984.0,4.9043,59.38
78.506,measure,4984.0,992.0,4.9441,59.41
78.606,measure,4984.0,1016.0,5.0637,59.34
78.706,measure,4984.0,1048.0,5.2232,59.34
78.807,measure,4976.0,1080.0,5.3741,59.31
78.907,measure,4976.0,1104.0,5.4935,59.31
79.007,measure,4976.0,1128.0,5.6129,59.50
79.107,measure,4976.0,1160.0,5.7722,59.53
79.207,measure,4976.0,1168.0,5.8120,59.44
79.307,measure,4976.0,1176.0,5.8518,59.44
79.407,measure,4976.0,1184.0,5.8916,59.41
79.508,measure,4976.0,1160.0,5.7722,59.34
79.608,measure,4976.0,1128.0,5.6129,59.34
79.708,measure,4976.0,1096.0,5.4537,59.34
79.808,measure,4984.0,1072.0,5.3428,59.59
79.908,measure,4984.0,1048.0,5.2232,59.56
80.008,measure,4984.0,1040.0,5.1834,59.50
80.108,measure,4984.0,1024.0,5.1036,59.47
80.209,measure,4984.0,1016.0,5.0637,59.50
80.309,measure,4984.0,1008.0,5.0239,59.34
80.409,measure,4984.0,1000.0,4.9840,59.41
80.509,measure,4984.0,1000.0,4.9840,59.38
80.609,measure,4984.0,992.0,4.9441,59.34
80.709,measure,4984.0,992.0,4.9441,59.56
80.809,measure,4984.0,984.0,4.9043,59.47
80.909,measure,4984.0,984.0,4.9043,59.47
81.010,measure,4984.0,984.0,4.9043,59.44
81.110,measure,4984.0,984.0,4.9043,59.44
81.210,measure,4984.0,976.0,4.8644,59.34
81.310,measure,4984.0,976.0,4.8644,59.38
81.410,measure,4984.0,976.0,4.8644,59.31
81.510,measure,4984.0,976.0,4.8644,59.41
81.610,measure,4984.0,976.0,4.8644,59.25
81.710,measure,4984.0,976.0,4.8644,59.53
81.811,measure,4984.0,976.0,4.8644,59.41
81.911,measure,4984.0,976.0,4.8644,59.41
82.011,measure,4984.0,976.0,4.8644,59.41
82.111,measure,4984.0,976.0,4.8644,59.34
82.211,measure,4984.0,976.0,4.8644,59.41
82.311,measure,4984.0,976.0,4.8644,59.38
82.411,measure,4984.0,976.0,4.8644,59.31
82.511,measure,4984.0,976.0,4.8644,59.28
82.612,measure,4984.0,976.0,4.8644,59.56
82.712,measure,4984.0,976.0,4.8644,59.44
82.812,measure,4984.0,976.0,4.8644,59.41
82.912,measure,4984.0,976.0,4.8644,59.41
83.012,measure,4984.0,976.0,4.8644,59.38
83.112,measure,4984.0,976.0,4.8644,59.41
83.212,measure,4984.0,976.0,4.8644,59.38
83.312,measure,4984.0,976.0,4.8644,59.41
83.413,measure,4984.0,976.0,4.8644,59.31
83.513,measure,4984.0,976.0,4.8644,59.56
83.613,measure,4984.0,976.0,4.8644,59.44
83.713,measure,4984.0,976.0,4.8644,59.47
83.813,measure,4984.0,976.0,4.8644,59.38
83.913,measure,4984.0,976.0,4.8644,59.41
84.013,measure,4984.0,976.0,4.8644,59.38
84.114,measure,4984.0,976.0,4.8644,59.41
84.214,measure,4984.0,976.0,4.8644,59.38
84.314,measure,4984.0,976.0,4.8644,59.28
84.414,measure,4984.0,976.0,4.8644,59.31
84.514,measure,4984.0,976.0,4.8644,59.56
84.614,measure,4984.0,976.0,4.8644,59.44
84.714,measure,4984.0,976.0,4.8644,59.41
84.814,measure,4984.0,976.0,4.8644,59.41
84.915,measure,4984.0,976.0,4.8644,59.38
85.015,measure,4984.0,976.0,4.8644,59.38
85.115,measure,4984.0,976.0,4.8644,59.38
85.215,measure,4984.0,976.0,4.8644,59.25
85.315,measure,4984.0,976.0,4.8644,59.28
85.415,measure,4984.0,976.0,4.8644,59.47
85.515,measure,4984.0,976.0,4.8644,59.41
85.615,measure,4984.0,976.0,4.8644,59.41
85.716,measure,4984.0,984.0,4.9043,59.41
85.816,measure,4984.0,976.0,4.8644,59.34
85.916,measure,4984.0,976.0,4.8644,59.25
86.016,measure,4984.0,976.0,4.8644,59.31
86.116,measure,4984.0,976.0,4.8644,59.31
86.216,measure,4984.0,976.0,4.8644,59.34
86.316,measure,4984.0,976.0,4.8644,59.47
86.416,measure,4984.0,976.0,4.8644,59.44
86.517,measure,4984.0,976.0,4.8644,59.41
86.617,measure,4984.0,976.0,4.8644,59.41
86.717,measure,4984.0,984.0,4.9043,59.41
86.817,measure,4984.0,976.0,4.8644,59.41
86.917,measure,4984.0,976.0,4.8644,59.34
87.017,measure,4984.0,976.0,4.8644,59.28
87.117,measure,4984.0,984.0,4.9043,59.28
87.218,measure,4984.0,976.0,4.8644,59.50
87.318,measure,4984.0,976.0,4.8644,59.41
87.418,measure,4984.0,976.0,4.8644,59.38
87.518,measure,4984.0,976.0,4.8644,59.34
87.618,measure,4984.0,976.0,4.8644,59.31
87.718,measure,4984.0,984.0,4.9043,59.41
87.818,measure,4984.0,976.0,4.8644,59.31
87.919,measure,4984.0,984.0,4.9043,59.34
88.019,measure,4984.0,976.0,4.8644,59.31
88.119,measure,4984.0,984.0,4.9043,59.34
88.219,measure,4984.0,976.0,4.8644,59.41
88.319,measure,4984.0,976.0,4.8644,59.47
88.419,measure,4984.0,976.0,4.8644,59.41
88.519,measure,4984.0,976.0,4.8644,59.41
88.619,measure,4984.0,976.0,4.8644,59.34
88.720,measure,4984.0,976.0,4.8644,59.41
88.820,measure,4984.0,984.0,4.9043,59.31
88.920,measure,4984.0,984.0,4.9043,59.34
89.020,measure,4984.0,984.0,4.9043,59.50
89.120,measure,4984.0,984.0,4.9043,59.44
89.220,measure,4984.0,984.0,4.9043,59.41
89.321,measure,4984.0,984.0,4.9043,59.44
89.421,measure,4984.0,984.0,4.9043,59.41
89.521,measure,4984.0,984.0,4.9043,59.31
89.621,measure,4984.0,984.0,4.9043,59.38
89.722,measure,4984.0,984.0,4.9043,59.25
89.822,measure,4984.0,984.0,4.9043,59.28
89.922,measure,4984.0,984.0,4.9043,59.50
90.022,measure,4984.0,984.0,4.9043,59.50
90.122,measure,4984.0,984.0,4.9043,59.38
90.222,measure,4984.0,984.0,4.9043,59.41
90.322,measure,4984.0,984.0,4.9043,59.41
90.422,measure,4984.0,976.0,4.8644,59.34
90.523,measure,4984.0,976.0,4.8644,59.25
90.623,measure,4984.0,976.0,4.8644,59.34
90.723,measure,4984.0,976.0,4.8644,59.31
90.823,measure,4984.0,984.0,4.9043,59.47
90.923,measure,4984.0,976.0,4.8644,59.44
91.023,measure,4984.0,976.0,4.8644,59.38
91.123,measure,4984.0,976.0,4.8644,59.41
91.223,measure,4984.0,976.0,4.8644,59.44
91.324,measure,4984.0,976.0,4.8644,59.34
91.424,measure,4984.0,976.0,4.8644,59.41
91.524,measure,4984.0,976.0,4.8644,59.38
91.624,measure,4984.0,976.0,4.8644,59.38
91.724,measure,4984.0,976.0,4.8644,59.50
91.824,measure,4984.0,984.0,4.9043,59.53
91.924,measure,4984.0,976.0,4.8644,59.41
92.025,measure,4984.0,976.0,4.8644,59.44
92.125,measure,4984.0,976.0,4.8644,59.41
92.225,measure,4984.0,976.0,4.8644,59.38
92.325,measure,4984.0,976.0,4.8644,59.34
92.425,measure,4984.0,976.0,4.8644,59.41
92.525,measure,4984.0,976.0,4.8644,59.38
92.625,measure,4984.0,976.0,4.8644,59.59
92.725,measure,4984.0,976.0,4.8644,59.53
92.826,measure,4984.0,976.0,4.8644,59.41
92.926,measure,4984.0,984.0,4.9043,59.41
93.026,measure,4984.0,984.0,4.9043,59.41
93.126,measure,4984.0,976.0,4.8644,59.34
93.226,measure,4984.0,984.0,4.9043,59.34
93.326,measure,4984.0,984.0,4.9043,59.28
93.426,measure,4984.0,984.0,4.9043,59.41
93.526,measure,4984.0,976.0,4.8644,59.53
93.627,measure,4984.0,976.0,4.8644,59.50
93.727,measure,4984.0,976.0,4.8644,59.41
93.827,measure,4984.0,976.0,4.8644,59.38
93.927,measure,4984.0,976.0,4.8644,59.41
94.027,measure,4984.0,976.0,4.8644,59.34
94.127,measure,4984.0,976.0,4.8644,59.31
94.227,measure,4984.0,976.0,4.8644,59.28
94.327,measure,4984.0,976.0,4.8644,59.34
94.428,measure,4984.0,976.0,4.8644,59.50
94.528,measure,4984.0,976.0,4.8644,59.41
94.628,measure,4984.0,976.0,4.8644,59.41
94.728,measure,4984.0,976.0,4.8644,59.41
94.828,measure,4984.0,976.0,4.8644,59.41
94.928,measure,4984.0,976.0,4.8644,59.38
95.028,measure,4984.0,976.0,4.8644,59.44
95.128,measure,4984.0,976.0,4.8644,59.34
95.229,measure,4984.0,976.0,4.8644,59.41
95.329,measure,4984.0,976.0,4.8644,59.31
95.429,measure,4984.0,976.0,4.8644,59.53
95.529,measure,4984.0,976.0,4.8644,59.41
95.629,measure,4984.0,976.0,4.8644,59.41
95.729,measure,4984.0,976.0,4.8644,59.38
95.829,measure,4984.0,976.0,4.8644,59.34
95.930,measure,4984.0,976.0,4.8644,59.41
96.030,measure,4984.0,976.0,4.8644,59.31
96.130,measure,4984.0,976.0,4.8644,59.34
96.230,measure,4984.0,976.0,4.8644,59.28
96.330,measure,4984.0,976.0,4.8644,59.56
96.430,measure,4984.0,976.0,4.8644,59.41
96.530,measure,4984.0,976.0,4.8644,59.38
96.630,measure,4984.0,976.0,4.8644,59.41
96.731,measure,4984.0,976.0,4.8644,59.38
96.831,measure,4984.0,976.0,4.8644,59.25
96.931,measure,4984.0,976.0,4.8644,59.41
97.031,measure,4984.0,976.0,4.8644,59.31
97.131,measure,4984.0,976.0,4.8644,59.31
97.231,measure,4984.0,976.0,4.8644,59.53
97.331,measure,4984.0,976.0,4.8644,59.41
97.431,measure,4984.0,976.0,4.8644,59.44
97.532,measure,4984.0,976.0,4.8644,59.41
97.632,measure,4984.0,976.0,4.8644,59.38
97.732,measure,4984.0,976.0,4.8644,59.38
97.832,measure,4984.0,976.0,4.8644,59.31
97.932,measure,4984.0,976.0,4.8644,59.34
98.032,measure,4984.0,976.0,4.8644,59.28
98.132,measure,4984.0,976.0,4.8644,59.50
98.232,measure,4984.0,976.0,4.8644,59.41
98.333,measure,4984.0,976.0,4.8644,59.41
98.433,measure,4984.0,976.0,4.8644,59.38
98.533,measure,4984.0,976.0,4.8644,59.41
98.633,measure,4984.0,976.0,4.8644,59.41
98.733,measure,4984.0,976.0,4.8644,59.31
98.833,measure,4984.0,976.0,4.8644,59.34
98.933,measure,4984.0,976.0,4.8644,59.31
99.033,measure,4984.0,976.0,4.8644,59.47
99.134,measure,4984.0,976.0,4.8644,59.47
99.234,measure,4984.0,976.0,4.8644,59.44
99.334,measure,4984.0,976.0,4.8644,59.38
99.434,measure,4984.0,976.0,4.8644,59.38
99.534,measure,4984.0,976.0,4.8644,59.34
99.634,measure,4984.0,976.0,4.8644,59.31
99.734,measure,4984.0,976.0,4.8644,59.31
99.834,measure,4984.0,976.0,4.8644,59.28
99.935,measure,4984.0,976.0,4.8644,59.41
100.035,measure,4984.0,976.0,4.8644,59.44
100.135,measure,4984.0,976.0,4.8644,59.41
100.235,measure,4984.0,976.0,4.8644,59.41
100.335,measure,4984.0,976.0,4.8644,59.34
100.435,measure,4984.0,976.0,4.8644,59.41
100.535,measure,4984.0,976.0,4.8644,59.28
100.635,measure,4984.0,976.0,4.8644,59.31
100.736,measure,4984.0,976.0,4.8644,59.31
100.836,measure,4984.0,976.0,4.8644,59.47
100.936,measure,4984.0,976.0,4.8644,59.47
101.036,measure,4984.0,976.0,4.8644,59.44
101.136,measure,4984.0,976.0,4.8644,59.38
101.236,measure,4984.0,976.0,4.8644,59.44
101.336,measure,4984.0,976.0,4.8644,59.34
101.436,measure,4984.0,976.0,4.8644,59.38
101.537,measure,4984.0,976.0,4.8644,59.25
101.637,measure,4984.0,976.0,4.8644,59.31
101.737,measure,4984.0,976.0,4.8644,59.50
101.837,measure,4984.0,976.0,4.8644,59.44
101.937,measure,4984.0,976.0,4.8644,59.41
102.037,measure,4984.0,976.0,4.8644,59.44
102.137,measure,4984.0,976.0,4.8644,59.41
102.237,measure,4984.0,976.0,4.8644,59.34
102.338,measure,4984.0,976.0,4.8644,59.31
102.438,measure,4984.0,976.0,4.8644,59.38
102.538,measure,4984.0,976.0,4.8644,59.31
102.638,measure,4984.0,976.0,4.8644,59.44
102.738,measure,4984.0,976.0,4.8644,59.50
102.838,measure,4984.0,976.0,4.8644,59.41
102.938,measure,4984.0,976.0,4.8644,59.41
103.038,measure,4984.0,976.0,4.8644,59.41
103.139,measure,4984.0,976.0,4.8644,59.31
103.239,measure,4984.0,976.0,4.8644,59.28
103.339,measure,4984.0,976.0,4.8644,59.31
103.439,measure,4984.0,976.0,4.8644,59.31
103.539,measure,4984.0,976.0,4.8644,59.50
103.639,measure,4984.0,976.0,4.8644,59.50
103.739,measure,4984.0,976.0,4.8644,59.44
103.840,measure,4984.0,976.0,4.8644,59.41
103.940,measure,4984.0,976.0,4.8644,59.38
104.040,measure,4984.0,976.0,4.8644,59.28
104.140,measure,4984.0,976.0,4.8644,59.41
104.240,measure,4984.0,976.0,4.8644,59.31
104.340,measure,4984.0,976.0,4.8644,59.31
104.440,measure,4984.0,976.0,4.8644,59.56
104.541,measure,4984.0,976.0,4.8644,59.53
104.641,measure,4984.0,976.0,4.8644,59.50
104.741,measure,4984.0,976.0,4.8644,59.44
104.841,measure,4984.0,976.0,4.8644,59.28
104.941,measure,4984.0,976.0,4.8644,59.44
105.041,measure,4984.0,976.0,4.8644,59.41
105.141,measure,4984.0,976.0,4.8644,59.34
105.241,measure,4984.0,976.0,4.8644,59.28
105.342,measure,4984.0,976.0,4.8644,59.56
105.442,measure,4984.0,976.0,4.8644,59.50
105.542,measure,4984.0,976.0,4.8644,59.41
105.642,measure,4984.0,976.0,4.8644,59.41
105.742,measure,4984.0,976.0,4.8644,59.41
105.842,measure,4984.0,976.0,4.8644,59.38
105.943,measure,4984.0,976.0,4.8644,59.38
106.043,measure,4984.0,976.0,4.8644,59.31
106.143,measure,4984.0,976.0,4.8644,59.34
106.243,measure,4984.0,976.0,4.8644,59.53
106.343,measure,4984.0,976.0,4.8644,59.44
106.443,measure,4984.0,976.0,4.8644,59.41
106.543,measure,4984.0,976.0,4.8644,59.41
106.643,measure,4984.0,976.0,4.8644,59.34
106.744,measure,4984.0,976.0,4.8644,59.34
106.844,measure,4984.0,976.0,4.8644,59.41
106.944,measure,4984.0,976.0,4.8644,59.34
107.044,measure,4984.0,976.0,4.8644,59.31
107.144,measure,4984.0,976.0,4.8644,59.22
107.244,measure,4984.0,976.0,4.8644,59.53
107.344,measure,4984.0,976.0,4.8644,59.41
107.445,measure,4984.0,976.0,4.8644,59.41
107.545,measure,4984.0,976.0,4.8644,59.41
107.645,measure,4984.0,976.0,4.8644,59.38
107.745,measure,4984.0,976.0,4.8644,59.34
107.845,measure,4984.0,976.0,4.8644,59.34
107.945,measure,4984.0,976.0,4.8644,59.41
108.045,measure,4984.0,976.0,4.8644,59.34
108.145,measure,4984.0,976.0,4.8644,59.53
108.246,measure,4984.0,976.0,4.8644,59.44
108.346,measure,4984.0,976.0,4.8644,59.41
108.446,measure,4984.0,976.0,4.8644,59.41
108.546,measure,4984.0,976.0,4.8644,59.31
108.646,measure,4984.0,984.0,4.9043,59.28
108.746,measure,4984.0,976.0,4.8644,59.31
108.846,measure,4984.0,984.0,4.9043,59.34
108.947,measure,4984.0,984.0,4.9043,59.31
109.047,measure,4984.0,984.0,4.9043,59.22
109.147,measure,4984.0,984.0,4.9043,59.50
109.247,measure,4984.0,984.0,4.9043,59.41
109.347,measure,4984.0,976.0,4.8644,59.34
109.447,measure,4984.0,976.0,4.8644,59.38
109.547,measure,4984.0,976.0,4.8644,59.25
109.647,measure,4984.0,976.0,4.8644,59.28
109.748,measure,4984.0,976.0,4.8644,59.34
109.848,measure,4984.0,976.0,4.8644,59.25
109.948,measure,4984.0,976.0,4.8644,59.31
110.048,measure,4984.0,976.0,4.8644,59.41
110.148,measure,4984.0,976.0,4.8644,59.47
110.248,measure,4984.0,976.0,4.8644,59.41
110.349,measure,4984.0,976.0,4.8644,59.38
110.449,measure,4984.0,976.0,4.8644,59.31
110.549,measure,4984.0,976.0,4.8644,59.34
110.649,measure,4984.0,976.0,4.8644,59.38
110.749,measure,4984.0,976.0,4.8644,59.34
110.849,measure,4984.0,976.0,4.8644,59.31
110.949,measure,4984.0,976.0,4.8644,59.41
111.050,measure,4984.0,976.0,4.8644,59.44
111.150,measure,4984.0,976.0,4.8644,59.34
111.250,measure,4984.0,976.0,4.8644,59.38
111.350,measure,4984.0,976.0,4.8644,59.41
111.450,measure,4984.0,976.0,4.8644,59.34
111.550,measure,4984.0,976.0,4.8644,59.34
111.650,measure,4984.0,976.0,4.8644,59.28
111.750,measure,4984.0,976.0,4.8644,59.28
111.851,measure,4984.0,976.0,4.8644,59.44
111.951,measure,4984.0,976.0,4.8644,59.44
112.051,measure,4984.0,976.0,4.8644,59.41
112.151,measure,4984.0,976.0,4.8644,59.31
112.251,measure,4984.0,976.0,4.8644,59.38
112.351,measure,4984.0,976.0,4.8644,59.34
112.451,measure,4984.0,976.0,4.8644,59.34
112.552,measure,4984.0,976.0,4.8644,59.34
112.652,measure,4984.0,976.0,4.8644,59.22
112.752,measure,4984.0,976.0,4.8644,59.50
112.852,measure,4984.0,976.0,4.8644,59.47
112.952,measure,4984.0,976.0,4.8644,59.38
113.052,measure,4984.0,976.0,4.8644,59.47
113.152,measure,4984.0,976.0,4.8644,59.41
113.252,measure,4984.0,984.0,4.9043,59.38
113.353,measure,4984.0,976.0,4.8644,59.34
113.453,measure,4984.0,984.0,4.9043,59.34
113.553,measure,4984.0,976.0,4.8644,59.34
113.653,measure,4984.0,984.0,4.9043,59.41
113.753,measure,4984.0,976.0,4.8644,59.41
113.853,measure,4984.0,976.0,4.8644,59.41
113.953,measure,4984.0,976.0,4.8644,59.38
114.054,measure,4984.0,984.0,4.9043,59.41
114.155,measure,4984.0,976.0,4.8644,59.38
114.255,measure,4984.0,984.0,4.9043,59.34
114.355,measure,4984.0,984.0,4.9043,59.31
114.455,measure,4984.0,984.0,4.9043,59.28
114.555,measure,4984.0,984.0,4.9043,59.31
114.655,measure,4984.0,984.0,4.9043,59.41
114.755,measure,4984.0,984.0,4.9043,59.44
114.855,measure,4984.0,984.0,4.9043,59.41
114.956,measure,4984.0,976.0,4.8644,59.41
115.056,measure,4984.0,984.0,4.9043,59.28
115.156,measure,4984.0,976.0,4.8644,59.34
115.256,measure,4984.0,976.0,4.8644,59.31
115.356,measure,4984.0,976.0,4.8644,59.34
115.456,measure,4984.0,984.0,4.9043,59.25
115.556,measure,4984.0,984.0,4.9043,59.47
115.657,measure,4984.0,984.0,4.9043,59.47
115.757,measure,4984.0,984.0,4.9043,59.41
115.857,measure,4984.0,984.0,4.9043,59.41
115.957,measure,4984.0,976.0,4.8644,59.34
116.057,measure,4984.0,976.0,4.8644,59.34
116.157,measure,4984.0,984.0,4.9043,59.25
116.257,measure,4984.0,984.0,4.9043,59.31
116.357,measure,4984.0,984.0,4.9043,59.44
116.458,measure,4984.0,984.0,4.9043,59.50
116.558,measure,4984.0,984.0,4.9043,59.47
116.658,measure,4984.0,984.0,4.9043,59.41
116.758,measure,4984.0,984.0,4.9043,59.41
116.858,measure,4984.0,984.0,4.9043,59.38
116.958,measure,4984.0,984.0,4.9043,59.38
117.058,measure,4984.0,984.0,4.9043,59.31
117.158,measure,4984.0,984.0,4.9043,59.34
117.259,measure,4984.0,984.0,4.9043,59.44
117.359,measure,4984.0,984.0,4.9043,59.47
117.459,measure,4984.0,984.0,4.9043,59.44
117.559,measure,4984.0,984.0,4.9043,59.38
117.659,measure,4984.0,984.0,4.9043,59.41
117.759,measure,4984.0,984.0,4.9043,59.28
117.859,measure,4984.0,984.0,4.9043,59.38
117.959,measure,4984.0,984.0,4.9043,59.34
118.060,measure,4984.0,984.0,4.9043,59.28
118.160,measure,4984.0,984.0,4.9043,59.44
118.260,measure,4984.0,984.0,4.9043,59.44
118.360,measure,4984.0,984.0,4.9043,59.41
118.460,measure,4984.0,984.0,4.9043,59.34
118.560,measure,4984.0,984.0,4.9043,59.41
118.660,measure,4984.0,984.0,4.9043,59.31
118.761,measure,4984.0,984.0,4.9043,59.34
118.861,measure,4984.0,984.0,4.9043,59.28
118.961,measure,4984.0,984.0,4.9043,59.25
119.061,measure,4984.0,984.0,4.9043,59.34
119.161,measure,4984.0,984.0,4.9043,59.44
119.261,measure,4984.0,984.0,4.9043,59.41
119.361,measure,4984.0,984.0,4.9043,59.41
119.461,measure,4984.0,984.0,4.9043,59.38
119.562,measure,4984.0,984.0,4.9043,59.31
119.662,measure,4984.0,984.0,4.9043,59.31
119.762,measure,4984.0,976.0,4.8644,59.31
119.862,measure,4984.0,976.0,4.8644,59.31
119.962,measure,4984.0,976.0,4.8644,59.50
120.062,measure,4984.0,976.0,4.8644,59.41
120.162,measure,4984.0,976.0,4.8644,59.44
120.263,measure,4984.0,976.0,4.8644,59.41
120.363,measure,4984.0,976.0,4.8644,59.41
120.463,measure,4984.0,976.0,4.8644,59.38
120.563,measure,4984.0,976.0,4.8644,59.38
120.663,measure,4984.0,976.0,4.8644,59.28
120.763,measure,4984.0,976.0,4.8644,59.28
120.863,measure,4984.0,976.0,4.8644,59.25
120.963,measure,4984.0,976.0,4.8644,59.50
121.064,measure,4984.0,976.0,4.8644,59.47
121.164,measure,4984.0,976.0,4.8644,59.41
121.264,measure,4984.0,976.0,4.8644,59.34
121.364,measure,4984.0,976.0,4.8644,59.41
121.464,measure,4984.0,976.0,4.8644,59.38
121.564,measure,4984.0,976.0,4.8644,59.34
121.664,measure,4984.0,976.0,4.8644,59.34
121.764,measure,4984.0,976.0,4.8644,59.28
121.865,measure,4984.0,976.0,4.8644,59.50
121.965,measure,4984.0,976.0,4.8644,59.47
122.065,measure,4984.0,976.0,4.8644,59.41
122.165,measure,4984.0,976.0,4.8644,59.38
122.265,measure,4984.0,976.0,4.8644,59.41
122.365,measure,4984.0,976.0,4.8644,59.41
122.465,measure,4984.0,976.0,4.8644,59.31
122.565,measure,4984.0,976.0,4.8644,59.31
122.666,measure,4984.0,976.0,4.8644,59.34
122.766,measure,4984.0,976.0,4.8644,59.28
122.866,measure,4984.0,976.0,4.8644,59.41
122.966,measure,4984.0,976.0,4.8644,59.41
123.066,measure,4984.0,976.0,4.8644,59.41
123.166,measure,4984.0,976.0,4.8644,59.34
123.266,measure,4984.0,976.0,4.8644,59.28
123.366,measure,4984.0,976.0,4.8644,59.34
123.467,measure,4984.0,976.0,4.8644,59.28
123.567,measure,4984.0,984.0,4.9043,59.28
123.667,measure,4984.0,976.0,4.8644,59.25
123.767,measure,4984.0,976.0,4.8644,59.50
123.867,measure,4984.0,976.0,4.8644,59.44
123.967,measure,4984.0,976.0,4.8644,59.34
124.067,measure,4984.0,976.0,4.8644,59.41
124.168,measure,4984.0,976.0,4.8644,59.28
124.268,measure,4984.0,976.0,4.8644,59.28
124.368,measure,4984.0,976.0,4.8644,59.34
124.468,measure,4984.0,976.0,4.8644,59.31
124.568,measure,4984.0,976.0,4.8644,59.47
124.668,measure,4984.0,976.0,4.8644,59.53
124.768,measure,4984.0,976.0,4.8644,59.38
124.868,measure,4984.0,976.0,4.8644,59.34
124.969,measure,4984.0,976.0,4.8644,59.34
125.069,measure,4984.0,976.0,4.8644,59.34
125.169,measure,4984.0,976.0,4.8644,59.28
125.269,measure,4984.0,976.0,4.8644,59.34
125.369,measure,4984.0,976.0,4.8644,59.31
125.469,measure,4984.0,976.0,4.8644,59.44
125.569,measure,4984.0,976.0,4.8644,59.44
125.670,measure,4984.0,976.0,4.8644,59.41
125.770,measure,4984.0,976.0,4.8644,59.44
125.870,measure,4984.0,976.0,4.8644,59.38
125.970,measure,4984.0,976.0,4.8644,59.31
126.070,measure,4984.0,976.0,4.8644,59.25
126.170,measure,4984.0,976.0,4.8644,59.31
126.270,measure,4984.0,976.0,4.8644,59.25
126.370,measure,4984.0,976.0,4.8644,59.22
126.471,measure,4984.0,976.0,4.8644,59.41
126.571,measure,4984.0,976.0,4.8644,59.41
126.671,measure,4984.0,984.0,4.9043,59.41
126.771,measure,4984.0,984.0,4.9043,59.31
126.871,measure,4984.0,984.0,4.9043,59.38
126.971,measure,4984.0,984.0,4.9043,59.34
127.071,measure,4984.0,984.0,4.9043,59.31
127.171,measure,4984.0,984.0,4.9043,59.34
127.272,measure,4984.0,984.0,4.9043,59.31
127.372,measure,4984.0,984.0,4.9043,59.41
127.472,measure,4984.0,984.0,4.9043,59.41
127.572,measure,4984.0,984.0,4.9043,59.41
127.672,measure,4984.0,984.0,4.9043,59.31
127.772,measure,4984.0,984.0,4.9043,59.31
127.872,measure,4984.0,984.0,4.9043,59.31
127.973,measure,4984.0,984.0,4.9043,59.34
128.073,measure,4984.0,984.0,4.9043,59.25
128.173,measure,4984.0,976.0,4.8644,59.47
128.273,measure,4984.0,984.0,4.9043,59.47
128.373,measure,4984.0,976.0,4.8644,59.41
128.473,measure,4984.0,976.0,4.8644,59.41
128.573,measure,4984.0,984.0,4.9043,59.38
128.673,measure,4984.0,984.0,4.9043,59.31
128.774,measure,4984.0,984.0,4.9043,59.28
128.874,measure,4984.0,984.0,4.9043,59.34
128.974,measure,4984.0,976.0,4.8644,59.31
129.074,measure,4984.0,976.0,4.8644,59.47
129.174,measure,4984.0,984.0,4.9043,59.50
129.274,measure,4984.0,976.0,4.8644,59.44
129.374,measure,4984.0,976.0,4.8644,59.41
129.474,measure,4984.0,976.0,4.8644,59.38
129.575,measure,4984.0,984.0,4.9043,59.34
129.675,measure,4984.0,984.0,4.9043,59.31
129.775,measure,4984.0,984.0,4.9043,59.28
129.875,measure,4984.0,984.0,4.9043,59.28
129.975,measure,4984.0,984.0,4.9043,59.50
130.075,measure,4984.0,976.0,4.8644,59.41
130.175,measure,4984.0,976.0,4.8644,59.41
130.275,measure,4984.0,976.0,4.8644,59.34
130.376,measure,4984.0,976.0,4.8644,59.41
130.476,measure,4984.0,976.0,4.8644,59.34
130.576,measure,4984.0,976.0,4.8644,59.34
130.676,measure,4984.0,976.0,4.8644,59.28
130.776,measure,4984.0,984.0,4.9043,59.34
130.876,measure,4984.0,984.0,4.9043,59.53
130.976,measure,4984.0,984.0,4.9043,59.44
131.077,measure,4984.0,984.0,4.9043,59.44
131.177,measure,4984.0,984.0,4.9043,59.41
131.277,measure,4984.0,976.0,4.8644,59.38
131.377,measure,4984.0,976.0,4.8644,59.41
131.477,measure,4984.0,976.0,4.8644,59.31
131.577,measure,4984.0,976.0,4.8644,59.31
131.677,measure,4984.0,976.0,4.8644,59.25
131.777,measure,4984.0,984.0,4.9043,59.50
131.878,measure,4984.0,984.0,4.9043,59.53
131.978,measure,4984.0,984.0,4.9043,59.41
132.078,measure,4984.0,976.0,4.8644,59.41
132.178,measure,4984.0,984.0,4.9043,59.31
132.278,measure,4984.0,984.0,4.9043,59.31
132.378,measure,4984.0,984.0,4.9043,59.38
132.478,measure,4984.0,984.0,4.9043,59.25
132.578,measure,4984.0,984.0,4.9043,59.34
132.679,measure,4984.0,984.0,4.9043,59.25
132.779,measure,4984.0,984.0,4.9043,59.47
132.879,measure,4984.0,984.0,4.9043,59.44
132.979,measure,4984.0,984.0,4.9043,59.41
133.079,measure,4984.0,984.0,4.9043,59.41
133.179,measure,4984.0,984.0,4.9043,59.41
133.279,measure,4984.0,984.0,4.9043,59.34
133.379,measure,4984.0,984.0,4.9043,59.31
133.480,measure,4984.0,984.0,4.9043,59.25
133.580,measure,4984.0,984.0,4.9043,59.28
133.680,measure,4984.0,984.0,4.9043,59.50
133.780,measure,4984.0,984.0,4.9043,59.41
133.880,measure,4984.0,984.0,4.9043,59.41
133.980,measure,4984.0,984.0,4.9043,59.38
134.080,measure,4984.0,984.0,4.9043,59.38
134.181,measure,4984.0,984.0,4.9043,59.41
134.281,measure,4984.0,984.0,4.9043,59.31
134.381,measure,4984.0,984.0,4.9043,59.28
134.481,measure,4984.0,984.0,4.9043,59.25
134.581,measure,4984.0,984.0,4.9043,59.28
134.681,measure,4984.0,984.0,4.9043,59.41
134.781,measure,4984.0,984.0,4.9043,59.41
134.881,measure,4984.0,984.0,4.9043,59.41
134.982,measure,4984.0,984.0,4.9043,59.31
135.082,measure,4984.0,984.0,4.9043,59.34
135.182,measure,4984.0,984.0,4.9043,59.31
135.282,measure,4984.0,984.0,4.9043,59.28
135.382,measure,4984.0,984.0,4.9043,59.22
135.482,measure,4984.0,984.0,4.9043,59.25
135.582,measure,4984.0,984.0,4.9043,59.41
135.682,measure,4984.0,984.0,4.9043,59.41
135.783,measure,4984.0,984.0,4.9043,59.41
135.883,measure,4984.0,984.0,4.9043,59.38
135.983,measure,4984.0,984.0,4.9043,59.34
136.083,measure,4984.0,984.0,4.9043,59.28
136.183,measure,4984.0,984.0,4.9043,59.28
136.283,measure,4984.0,984.0,4.9043,59.22
136.383,measure,4984.0,984.0,4.9043,59.28
136.483,measure,4984.0,984.0,4.9043,59.47
136.584,measure,4984.0,984.0,4.9043,59.41
136.684,measure,4984.0,984.0,4.9043,59.38
136.784,measure,4984.0,984.0,4.9043,59.38
136.884,measure,4984.0,984.0,4.9043,59.34
136.984,measure,4984.0,984.0,4.9043,59.31
137.084,measure,4984.0,984.0,4.9043,59.31
137.184,measure,4984.0,984.0,4.9043,59.25
137.284,measure,4984.0,984.0,4.9043,59.53
137.385,measure,4984.0,984.0,4.9043,59.44
137.485,measure,4984.0,984.0,4.9043,59.41
137.585,measure,4984.0,984.0,4.9043,59.41
137.685,measure,4984.0,984.0,4.9043,59.38
137.785,measure,4984.0,984.0,4.9043,59.31
137.885,measure,4984.0,984.0,4.9043,59.31
137.985,measure,4984.0,984.0,4.9043,59.28
138.086,measure,4984.0,984.0,4.9043,59.28
138.186,measure,4984.0,984.0,4.9043,59.22
138.286,measure,4984.0,984.0,4.9043,59.41
138.386,measure,4984.0,984.0,4.9043,59.41
138.486,measure,4984.0,984.0,4.9043,59.34
138.586,measure,4984.0,984.0,4.9043,59.41
138.686,measure,4984.0,984.0,4.9043,59.34
138.786,measure,4984.0,984.0,4.9043,59.31
138.887,measure,4984.0,984.0,4.9043,59.34
138.987,measure,4984.0,984.0,4.9043,59.28
139.087,measure,4984.0,984.0,4.9043,59.47
139.187,measure,4984.0,984.0,4.9043,59.44
139.287,measure,4984.0,984.0,4.9043,59.38
139.388,measure,4984.0,984.0,4.9043,59.41
139.488,measure,4984.0,984.0,4.9043,59.41
139.588,measure,4984.0,984.0,4.9043,59.38
139.688,measure,4984.0,984.0,4.9043,59.31
139.788,measure,4984.0,984.0,4.9043,59.31
139.889,measure,4984.0,984.0,4.9043,59.28
139.989,measure,4984.0,984.0,4.9043,59.34
140.089,measure,4984.0,984.0,4.9043,59.41
140.189,measure,4984.0,984.0,4.9043,59.38
140.289,measure,4984.0,984.0,4.9043,59.38
140.389,measure,4984.0,984.0,4.9043,59.38
140.489,measure,4984.0,984.0,4.9043,59.31
140.589,measure,4984.0,984.0,4.9043,59.31
140.690,measure,4984.0,984.0,4.9043,59.28
140.790,measure,4984.0,984.0,4.9043,59.28
140.890,measure,4984.0,984.0,4.9043,59.22
140.990,measure,4984.0,984.0,4.9043,59.44
141.090,measure,4984.0,984.0,4.9043,59.44
141.190,measure,4984.0,984.0,4.9043,59.41
141.290,measure,4984.0,984.0,4.9043,59.31
141.390,measure,4984.0,984.0,4.9043,59.25
141.491,measure,4984.0,984.0,4.9043,59.25
141.591,measure,4984.0,984.0,4.9043,59.22
141.691,measure,4984.0,984.0,4.9043,59.31
141.791,measure,4984.0,984.0,4.9043,59.44
141.891,measure,4984.0,984.0,4.9043,59.44
141.991,measure,4984.0,984.0,4.9043,59.47
142.091,measure,4984.0,984.0,4.9043,59.34
142.191,measure,4984.0,984.0,4.9043,59.28
142.292,measure,4984.0,984.0,4.9043,59.31
142.392,measure,4984.0,984.0,4.9043,59.28
142.492,measure,4984.0,984.0,4.9043,59.28
142.592,measure,4984.0,984.0,4.9043,59.31
142.692,measure,4984.0,984.0,4.9043,59.50
142.792,measure,4984.0,984.0,4.9043,59.50
142.892,measure,4984.0,984.0,4.9043,59.47
142.992,measure,4984.0,984.0,4.9043,59.38
143.093,measure,4984.0,984.0,4.9043,59.34
143.193,measure,4984.0,984.0,4.9043,59.25
143.293,measure,4984.0,984.0,4.9043,59.28
143.393,measure,4984.0,984.0,4.9043,59.28
143.493,measure,4984.0,984.0,4.9043,59.28
143.593,measure,4984.0,984.0,4.9043,59.25
143.693,measure,4984.0,984.0,4.9043,59.44
143.793,measure,4984.0,984.0,4.9043,59.53
143.894,measure,4984.0,984.0,4.9043,59.41
143.994,measure,4984.0,984.0,4.9043,59.34
144.094,measure,4984.0,984.0,4.9043,59.28
144.194,measure,4984.0,984.0,4.9043,59.41
144.294,measure,4984.0,984.0,4.9043,59.31
144.394,measure,4984.0,984.0,4.9043,59.28
144.494,measure,4984.0,984.0,4.9043,59.28
144.594,measure,4984.0,984.0,4.9043,59.50
144.695,measure,4984.0,984.0,4.9043,59.41
144.795,measure,4984.0,984.0,4.9043,59.41
144.895,measure,4984.0,984.0,4.9043,59.38
144.995,measure,4984.0,984.0,4.9043,59.41
145.095,measure,4984.0,984.0,4.9043,59.34
145.195,measure,4984.0,984.0,4.9043,59.31
145.295,measure,4984.0,984.0,4.9043,59.28
145.395,measure,4984.0,984.0,4.9043,59.34
145.496,measure,4984.0,984.0,4.9043,59.53
145.596,measure,4984.0,984.0,4.9043,59.44
145.696,measure,4984.0,984.0,4.9043,59.41
145.796,measure,4984.0,984.0,4.9043,59.38
145.896,measure,4984.0,984.0,4.9043,59.25
145.996,measure,4984.0,984.0,4.9043,59.28
146.096,measure,4984.0,984.0,4.9043,59.34
146.196,measure,4984.0,984.0,4.9043,59.31
146.297,measure,4984.0,984.0,4.9043,59.22
146.397,measure,4984.0,984.0,4.9043,59.22
146.497,measure,4984.0,984.0,4.9043,59.38
146.597,measure,4984.0,984.0,4.9043,59.31
146.697,measure,4984.0,984.0,4.9043,59.28
146.797,measure,4984.0,984.0,4.9043,59.34
146.897,measure,4984.0,984.0,4.9043,59.34
146.997,measure,4984.0,984.0,4.9043,59.28
147.098,measure,4984.0,984.0,4.9043,59.31
147.198,measure,4984.0,984.0,4.9043,59.31
147.298,measure,4984.0,984.0,4.9043,59.22
147.398,measure,4984.0,984.0,4.9043,59.41
147.498,measure,4984.0,984.0,4.9043,59.41
147.598,measure,4984.0,984.0,4.9043,59.41
147.698,measure,4984.0,984.0,4.9043,59.28
147.798,measure,4984.0,984.0,4.9043,59.34
147.898,measure,4984.0,984.0,4.9043,59.25
147.999,measure,4984.0,984.0,4.9043,59.31
148.099,measure,4984.0,984.0,4.9043,59.28
148.199,measure,4984.0,984.0,4.9043,59.31
148.299,measure,4984.0,984.0,4.9043,59.34
148.399,measure,4984.0,984.0,4.9043,59.34
148.499,measure,4984.0,984.0,4.9043,59.25
148.599,measure,4984.0,984.0,4.9043,59.38
148.699,measure,4984.0,984.0,4.9043,59.31
148.800,measure,4984.0,976.0,4.8644,59.22
148.900,measure,4984.0,976.0,4.8644,59.28
149.000,measure,4984.0,984.0,4.9043,59.22
149.100,measure,4984.0,984.0,4.9043,59.28
149.200,measure,4984.0,984.0,4.9043,59.47
149.300,measure,4984.0,984.0,4.9043,59.41
149.400,measure,4984.0,984.0,4.9043,59.47
149.500,measure,4984.0,976.0,4.8644,59.41
149.601,measure,4984.0,976.0,4.8644,59.25
149.701,measure,4984.0,976.0,4.8644,59.25
149.801,measure,4984.0,984.0,4.9043,59.28
149.901,measure,4984.0,984.0,4.9043,59.25
150.001,measure,4984.0,976.0,4.8644,59.28
150.101,measure,4984.0,984.0,4.9043,59.41
150.201,measure,4984.0,984.0,4.9043,59.44
150.301,measure,4984.0,984.0,4.9043,59.41
150.402,measure,4984.0,976.0,4.8644,59.31
150.502,measure,4984.0,976.0,4.8644,59.41
150.602,measure,4984.0,976.0,4.8644,59.31
150.702,measure,4984.0,976.0,4.8644,59.22
150.802,measure,4984.0,976.0,4.8644,59.19
150.902,measure,4984.0,976.0,4.8644,59.41
151.002,measure,4984.0,976.0,4.8644,59.38
151.102,measure,4984.0,976.0,4.8644,59.38
151.203,measure,4984.0,976.0,4.8644,59.38
151.303,measure,4984.0,976.0,4.8644,59.38
151.403,measure,4984.0,976.0,4.8644,59.31
151.503,measure,4984.0,976.0,4.8644,59.34
151.603,measure,4984.0,976.0,4.8644,59.25
151.703,measure,4984.0,976.0,4.8644,59.19
151.803,measure,4984.0,976.0,4.8644,59.50
151.903,measure,4984.0,976.0,4.8644,59.44
152.004,measure,4984.0,976.0,4.8644,59.41
152.104,measure,4984.0,976.0,4.8644,59.41
152.204,measure,4984.0,976.0,4.8644,59.31
152.304,measure,4984.0,976.0,4.8644,59.31
152.404,measure,4984.0,976.0,4.8644,59.28
152.504,measure,4984.0,976.0,4.8644,59.28
152.604,measure,4984.0,976.0,4.8644,59.28
152.704,measure,4984.0,976.0,4.8644,59.44
152.805,measure,4984.0,984.0,4.9043,59.47
152.905,measure,4984.0,984.0,4.9043,59.44
153.005,measure,4984.0,976.0,4.8644,59.38
153.105,measure,4984.0,976.0,4.8644,59.34
153.205,measure,4984.0,976.0,4.8644,59.41
153.305,measure,4984.0,984.0,4.9043,59.25
153.405,measure,4984.0,976.0,4.8644,59.34
153.505,measure,4984.0,976.0,4.8644,59.28
153.606,measure,4984.0,976.0,4.8644,59.47
153.706,measure,4984.0,976.0,4.8644,59.47
153.806,measure,4984.0,976.0,4.8644,59.47
153.906,measure,4984.0,976.0,4.8644,59.38
154.006,measure,4984.0,976.0,4.8644,59.34
154.106,measure,4984.0,976.0,4.8644,59.28
154.206,measure,4984.0,976.0,4.8644,59.31
154.306,measure,4984.0,976.0,4.8644,59.28
154.407,measure,4984.0,976.0,4.8644,59.28
154.507,measure,4984.0,976.0,4.8644,59.31
154.607,measure,4984.0,976.0,4.8644,59.50
154.707,measure,4984.0,976.0,4.8644,59.41
154.807,measure,4984.0,976.0,4.8644,59.38
154.907,measure,4984.0,976.0,4.8644,59.31
155.008,measure,4984.0,976.0,4.8644,59.31
155.108,measure,4984.0,976.0,4.8644,59.31
155.208,measure,4984.0,976.0,4.8644,59.31
155.308,measure,4984.0,976.0,4.8644,59.25
155.408,measure,4984.0,976.0,4.8644,59.25
155.508,measure,4984.0,976.0,4.8644,59.41
155.608,measure,4984.0,976.0,4.8644,59.41
155.709,measure,4984.0,976.0,4.8644,59.31
155.809,measure,4984.0,976.0,4.8644,59.34
155.909,measure,4984.0,976.0,4.8644,59.38
156.009,measure,4984.0,976.0,4.8644,59.38
156.109,measure,4984.0,976.0,4.8644,59.31
156.209,measure,4984.0,976.0,4.8644,59.34
156.309,measure,4984.0,976.0,4.8644,59.22
156.409,measure,4984.0,976.0,4.8644,59.47
156.510,measure,4984.0,976.0,4.8644,59.41
156.610,measure,4984.0,976.0,4.8644,59.44
156.710,measure,4984.0,976.0,4.8644,59.38
156.810,measure,4984.0,976.0,4.8644,59.34
156.910,measure,4984.0,976.0,4.8644,59.34
157.010,measure,4984.0,976.0,4.8644,59.25
157.110,measure,4984.0,976.0,4.8644,59.25
157.210,measure,4984.0,976.0,4.8644,59.28
157.311,measure,4984.0,976.0,4.8644,59.22
157.411,measure,4984.0,976.0,4.8644,59.41
157.511,measure,4984.0,976.0,4.8644,59.34
157.611,measure,4984.0,976.0,4.8644,59.31
157.711,measure,4984.0,976.0,4.8644,59.28
157.811,measure,4984.0,976.0,4.8644,59.34
157.911,measure,4984.0,976.0,4.8644,59.25
158.011,measure,4984.0,976.0,4.8644,59.25
158.112,measure,4984.0,976.0,4.8644,59.22
158.212,measure,4984.0,976.0,4.8644,59.31
158.312,measure,4984.0,976.0,4.8644,59.38
158.412,measure,4984.0,976.0,4.8644,59.41
158.512,measure,4984.0,976.0,4.8644,59.31
158.612,measure,4984.0,976.0,4.8644,59.41
158.712,measure,4984.0,976.0,4.8644,59.31
158.812,measure,4984.0,976.0,4.8644,59.22
158.913,measure,4984.0,976.0,4.8644,59.28
159.013,measure,4984.0,976.0,4.8644,59.31
159.113,measure,4984.0,976.0,4.8644,59.19
159.213,measure,4984.0,976.0,4.8644,59.44
159.313,measure,4984.0,976.0,4.8644,59.41
159.413,measure,4984.0,976.0,4.8644,59.38
159.513,measure,4984.0,976.0,4.8644,59.34
159.613,measure,4984.0,976.0,4.8644,59.22
159.714,measure,4984.0,976.0,4.8644,59.28
159.814,measure,4984.0,976.0,4.8644,59.31
159.914,measure,4984.0,976.0,4.8644,59.28
160.014,measure,4984.0,976.0,4.8644,59.41
160.114,measure,4984.0,976.0,4.8644,59.41
160.214,measure,4984.0,976.0,4.8644,59.41
160.314,measure,4984.0,976.0,4.8644,59.31
160.414,measure,4984.0,976.0,4.8644,59.38
160.515,measure,4984.0,976.0,4.8644,59.28
160.615,measure,4984.0,976.0,4.8644,59.34
160.715,measure,4984.0,976.0,4.8644,59.28
160.815,measure,4984.0,976.0,4.8644,59.22
160.915,measure,4984.0,976.0,4.8644,59.16
161.015,measure,4984.0,976.0,4.8644,59.41
161.115,measure,4984.0,976.0,4.8644,59.41
161.215,measure,4984.0,976.0,4.8644,59.41
161.316,measure,4984.0,976.0,4.8644,59.28
161.416,measure,4984.0,976.0,4.8644,59.38
161.516,measure,4984.0,976.0,4.8644,59.25
161.616,measure,4984.0,976.0,4.8644,59.22
161.716,measure,4984.0,976.0,4.8644,59.34
161.816,measure,4984.0,976.0,4.8644,59.22
161.916,measure,4984.0,976.0,4.8644,59.41
162.017,measure,4984.0,976.0,4.8644,59.38
162.117,measure,4984.0,976.0,4.8644,59.25
162.217,measure,4984.0,976.0,4.8644,59.31
162.317,measure,4984.0,976.0,4.8644,59.31
162.417,measure,4984.0,976.0,4.8644,59.28
162.517,measure,4984.0,984.0,4.9043,59.22
162.617,measure,4984.0,976.0,4.8644,59.22
162.717,measure,4984.0,976.0,4.8644,59.41
162.818,measure,4984.0,976.0,4.8644,59.41
162.918,measure,4984.0,976.0,4.8644,59.41
163.018,measure,4984.0,976.0,4.8644,59.28
163.118,measure,4984.0,976.0,4.8644,59.25
163.218,measure,4984.0,976.0,4.8644,59.34
163.318,measure,4984.0,976.0,4.8644,59.28
163.419,measure,4984.0,976.0,4.8644,59.19
163.519,measure,4984.0,976.0,4.8644,59.28
163.619,measure,4984.0,976.0,4.8644,59.50
163.719,measure,4984.0,976.0,4.8644,59.41
163.819,measure,4984.0,976.0,4.8644,59.38
163.919,measure,4984.0,976.0,4.8644,59.44
164.019,measure,4984.0,976.0,4.8644,59.34
164.119,measure,4984.0,976.0,4.8644,59.25
164.220,measure,4984.0,976.0,4.8644,59.28
164.320,measure,4984.0,976.0,4.8644,59.25
164.420,measure,4984.0,976.0,4.8644,59.22
164.521,measure,4984.0,976.0,4.8644,59.25
164.621,measure,4984.0,976.0,4.8644,59.41
164.721,measure,4984.0,976.0,4.8644,59.41
164.821,measure,4984.0,976.0,4.8644,59.41
164.921,measure,4984.0,976.0,4.8644,59.38
165.022,measure,4984.0,976.0,4.8644,59.34
165.122,measure,4984.0,976.0,4.8644,59.28
165.222,measure,4984.0,976.0,4.8644,59.28
165.322,measure,4984.0,976.0,4.8644,59.16
165.422,measure,4984.0,976.0,4.8644,59.25
165.522,measure,4984.0,976.0,4.8644,59.41
165.622,measure,4984.0,976.0,4.8644,59.41
165.722,measure,4984.0,976.0,4.8644,59.41
165.823,measure,4984.0,976.0,4.8644,59.34
165.923,measure,4984.0,976.0,4.8644,59.25
166.023,measure,4984.0,976.0,4.8644,59.25
166.123,measure,4984.0,976.0,4.8644,59.41
166.223,measure,4984.0,976.0,4.8644,59.34
166.323,measure,4984.0,976.0,4.8644,59.22
166.423,measure,4984.0,976.0,4.8644,59.44
166.523,measure,4984.0,976.0,4.8644,59.41
166.624,measure,4984.0,976.0,4.8644,59.41
166.724,measure,4984.0,976.0,4.8644,59.31
166.824,measure,4984.0,976.0,4.8644,59.38
166.924,measure,4984.0,976.0,4.8644,59.34
167.024,measure,4984.0,976.0,4.8644,59.25
167.124,measure,4984.0,976.0,4.8644,59.28
167.224,measure,4984.0,976.0,4.8644,59.25
167.324,measure,4984.0,976.0,4.8644,59.47
167.425,measure,4984.0,976.0,4.8644,59.44
167.525,measure,4984.0,976.0,4.8644,59.41
167.625,measure,4984.0,976.0,4.8644,59.34
167.725,measure,4984.0,976.0,4.8644,59.38
167.825,measure,4984.0,976.0,4.8644,59.38
167.925,measure,4984.0,976.0,4.8644,59.31
168.025,measure,4984.0,976.0,4.8644,59.25
168.125,measure,4984.0,976.0,4.8644,59.28
168.226,measure,4984.0,976.0,4.8644,59.41
168.326,measure,4984.0,976.0,4.8644,59.44
168.426,measure,4984.0,976.0,4.8644,59.41
168.526,measure,4984.0,976.0,4.8644,59.38
168.626,measure,4984.0,976.0,4.8644,59.41
168.726,measure,4984.0,976.0,4.8644,59.38
168.826,measure,4984.0,984.0,4.9043,59.31
168.926,measure,4984.0,984.0,4.9043,59.28
169.027,measure,4984.0,984.0,4.9043,59.31
169.127,measure,4984.0,984.0,4.9043,59.25
169.227,measure,4984.0,976.0,4.8644,59.44
169.327,measure,4984.0,976.0,4.8644,59.41
169.427,measure,4984.0,976.0,4.8644,59.34
169.527,measure,4984.0,976.0,4.8644,59.34
169.627,measure,4984.0,976.0,4.8644,59.38
169.727,measure,4984.0,976.0,4.8644,59.31
169.828,measure,4984.0,976.0,4.8644,59.31
169.928,measure,4984.0,976.0,4.8644,59.31
170.028,measure,4984.0,976.0,4.8644,59.25
170.128,measure,4984.0,976.0,4.8644,59.41
170.228,measure,4984.0,976.0,4.8644,59.41
170.328,measure,4984.0,976.0,4.8644,59.34
170.428,measure,4984.0,976.0,4.8644,59.34
170.528,measure,4984.0,976.0,4.8644,59.31
170.629,measure,4984.0,976.0,4.8644,59.31
170.729,measure,4984.0,976.0,4.8644,59.19
170.829,measure,4984.0,976.0,4.8644,59.31
170.929,measure,4984.0,976.0,4.8644,59.22
171.029,measure,4984.0,976.0,4.8644,59.22
171.129,measure,4984.0,976.0,4.8644,59.41
171.229,measure,4984.0,976.0,4.8644,59.41
171.329,measure,4984.0,976.0,4.8644,59.34
171.430,measure,4984.0,976.0,4.8644,59.41
171.530,measure,4984.0,976.0,4.8644,59.34
171.630,measure,4984.0,976.0,4.8644,59.25
171.730,measure,4984.0,976.0,4.8644,59.22
171.830,measure,4984.0,976.0,4.8644,59.34
171.930,measure,4984.0,976.0,4.8644,59.41
172.030,measure,4984.0,976.0,4.8644,59.38
172.130,measure,4984.0,976.0,4.8644,59.34
172.231,measure,4984.0,976.0,4.8644,59.31
172.331,measure,4984.0,976.0,4.8644,59.38
172.431,measure,4984.0,976.0,4.8644,59.22
172.531,measure,4984.0,976.0,4.8644,59.28
172.631,measure,4984.0,976.0,4.8644,59.19
172.731,measure,4984.0,976.0,4.8644,59.28
172.831,measure,4984.0,976.0,4.8644,59.44
172.931,measure,4984.0,976.0,4.8644,59.41
173.032,measure,4984.0,976.0,4.8644,59.44
173.132,measure,4984.0,976.0,4.8644,59.34
173.232,measure,4984.0,976.0,4.8644,59.34
173.332,measure,4984.0,976.0,4.8644,59.28
173.432,measure,4984.0,976.0,4.8644,59.22
173.532,measure,4984.0,976.0,4.8644,59.25
173.632,measure,4984.0,976.0,4.8644,59.22
173.732,measure,4984.0,976.0,4.8644,59.41
173.833,measure,4984.0,976.0,4.8644,59.41
173.933,measure,4984.0,976.0,4.8644,59.44
174.033,measure,4984.0,976.0,4.8644,59.38
174.133,measure,4984.0,976.0,4.8644,59.34
174.233,measure,4984.0,976.0,4.8644,59.25
174.333,measure,4984.0,976.0,4.8644,59.25
174.433,measure,4984.0,976.0,4.8644,59.31
174.533,measure,4984.0,976.0,4.8644,59.31
174.634,measure,4984.0,976.0,4.8644,59.47
174.734,measure,4984.0,976.0,4.8644,59.41
174.834,measure,4984.0,976.0,4.8644,59.41
174.934,measure,4984.0,976.0,4.8644,59.34
175.034,measure,4984.0,976.0,4.8644,59.34
175.134,measure,4984.0,976.0,4.8644,59.34
175.234,measure,4984.0,976.0,4.8644,59.25
175.334,measure,4984.0,976.0,4.8644,59.25
175.435,measure,4984.0,976.0,4.8644,59.22
175.535,measure,4984.0,976.0,4.8644,59.41
175.635,measure,4984.0,976.0,4.8644,59.47
175.735,measure,4984.0,976.0,4.8644,59.31
175.835,measure,4984.0,976.0,4.8644,59.25
175.935,measure,4984.0,976.0,4.8644,59.38
176.035,measure,4984.0,976.0,4.8644,59.28
176.135,measure,4984.0,976.0,4.8644,59.28
176.236,measure,4984.0,976.0,4.8644,59.31
176.336,measure,4984.0,976.0,4.8644,59.31
176.436,measure,4984.0,976.0,4.8644,59.44
176.536,measure,4984.0,976.0,4.8644,59.47
176.636,measure,4984.0,976.0,4.8644,59.28
176.736,measure,4984.0,976.0,4.8644,59.31
176.836,measure,4984.0,976.0,4.8644,59.38
176.936,measure,4984.0,976.0,4.8644,59.38
177.037,measure,4984.0,976.0,4.8644,59.25
177.137,measure,4984.0,976.0,4.8644,59.31
177.237,measure,4984.0,976.0,4.8644,59.28
177.337,measure,4984.0,976.0,4.8644,59.47
177.437,measure,4984.0,976.0,4.8644,59.41
177.537,measure,4984.0,976.0,4.8644,59.38
177.637,measure,4984.0,976.0,4.8644,59.38
177.737,measure,4984.0,976.0,4.8644,59.31
177.838,measure,4984.0,976.0,4.8644,59.22
177.938,measure,4984.0,976.0,4.8644,59.28
178.038,measure,4984.0,976.0,4.8644,59.25
178.138,measure,4984.0,976.0,4.8644,59.28
178.238,measure,4984.0,976.0,4.8644,59.47
178.338,measure,4984.0,976.0,4.8644,59.38
178.438,measure,4984.0,976.0,4.8644,59.41
178.538,measure,4984.0,976.0,4.8644,59.38
178.639,measure,4984.0,976.0,4.8644,59.28
178.739,measure,4984.0,976.0,4.8644,59.34
178.839,measure,4984.0,976.0,4.8644,59.28
178.939,measure,4984.0,976.0,4.8644,59.28
179.039,measure,4984.0,976.0,4.8644,59.28
179.139,measure,4984.0,976.0,4.8644,59.44
179.239,measure,4984.0,976.0,4.8644,59.41
179.339,measure,4984.0,976.0,4.8644,59.38
179.440,measure,4984.0,976.0,4.8644,59.38
179.540,measure,4984.0,976.0,4.8644,59.28
179.640,measure,4984.0,976.0,4.8644,59.34
179.740,measure,4984.0,976.0,4.8644,59.34
179.840,measure,4984.0,976.0,4.8644,59.25
179.940,measure,4984.0,976.0,4.8644,59.28
180.040,measure,4984.0,976.0,4.8644,59.50
180.141,measure,4984.0,976.0,4.8644,59.44
180.241,measure,4984.0,976.0,4.8644,59.34
180.341,measure,4984.0,976.0,4.8644,59.38
180.441,measure,4984.0,976.0,4.8644,59.31
180.541,measure,4984.0,976.0,4.8644,59.38
180.641,measure,4984.0,976.0,4.8644,59.34
180.741,measure,4984.0,976.0,4.8644,59.31
180.842,measure,4984.0,976.0,4.8644,59.31
180.942,measure,4984.0,976.0,4.8644,59.28
181.042,measure,4984.0,976.0,4.8644,59.44
181.142,measure,4984.0,976.0,4.8644,59.41
181.242,measure,4984.0,976.0,4.8644,59.41
181.342,measure,4984.0,976.0,4.8644,59.31
181.442,measure,4984.0,976.0,4.8644,59.34
181.542,measure,4984.0,976.0,4.8644,59.22
181.643,measure,4984.0,976.0,4.8644,59.25
181.743,measure,4984.0,976.0,4.8644,59.25
181.843,measure,4984.0,976.0,4.8644,59.22
181.943,measure,4984.0,976.0,4.8644,59.50
182.043,measure,4984.0,976.0,4.8644,59.41
182.143,measure,4984.0,976.0,4.8644,59.41
182.243,measure,4984.0,976.0,4.8644,59.41
182.343,measure,4984.0,976.0,4.8644,59.34
182.444,measure,4984.0,976.0,4.8644,59.22
182.544,measure,4984.0,976.0,4.8644,59.28
182.644,measure,4984.0,976.0,4.8644,59.16
182.744,measure,4984.0,976.0,4.8644,59.25
182.844,measure,4984.0,976.0,4.8644,59.41
182.944,measure,4984.0,976.0,4.8644,59.31
183.044,measure,4984.0,976.0,4.8644,59.31
183.144,measure,4984.0,976.0,4.8644,59.31
183.245,measure,4984.0,976.0,4.8644,59.28
183.345,measure,4984.0,976.0,4.8644,59.22
183.445,measure,4984.0,976.0,4.8644,59.28
183.545,measure,4984.0,976.0,4.8644,59.19
183.645,measure,4984.0,976.0,4.8644,59.22
183.745,measure,4984.0,976.0,4.8644,59.41
183.845,measure,4984.0,976.0,4.8644,59.47
183.945,measure,4984.0,976.0,4.8644,59.44
184.046,measure,4984.0,976.0,4.8644,59.34
184.146,measure,4984.0,976.0,4.8644,59.31
184.246,measure,4984.0,976.0,4.8644,59.25
184.346,measure,4984.0,976.0,4.8644,59.25
184.446,measure,4984.0,976.0,4.8644,59.19
184.546,measure,4984.0,976.0,4.8644,59.16
184.646,measure,4984.0,976.0,4.8644,59.41
184.747,measure,4984.0,976.0,4.8644,59.41
184.847,measure,4984.0,976.0,4.8644,59.44
184.947,measure,4984.0,976.0,4.8644,59.31
185.047,measure,4984.0,976.0,4.8644,59.31
185.147,measure,4984.0,976.0,4.8644,59.38
185.247,measure,4984.0,976.0,4.8644,59.25
185.347,measure,4984.0,976.0,4.8644,59.28
185.447,measure,4984.0,976.0,4.8644,59.28
185.548,measure,4984.0,976.0,4.8644,59.47
185.648,measure,4984.0,976.0,4.8644,59.44
185.748,measure,4984.0,976.0,4.8644,59.41
185.848,measure,4984.0,976.0,4.8644,59.41
185.948,measure,4984.0,976.0,4.8644,59.38
186.048,measure,4984.0,976.0,4.8644,59.34
186.148,measure,4984.0,976.0,4.8644,59.31
186.248,measure,4984.0,984.0,4.9043,59.22
186.349,measure,4984.0,976.0,4.8644,59.25
186.449,measure,4984.0,976.0,4.8644,59.41
186.549,measure,4984.0,976.0,4.8644,59.38
186.649,measure,4984.0,976.0,4.8644,59.41
186.749,measure,4984.0,976.0,4.8644,59.34
186.849,measure,4984.0,976.0,4.8644,59.34
186.949,measure,4984.0,976.0,4.8644,59.25
187.050,measure,4984.0,976.0,4.8644,59.16
187.150,measure,4984.0,976.0,4.8644,59.22
187.250,measure,4984.0,976.0,4.8644,59.25
187.350,measure,4984.0,976.0,4.8644,59.41
187.450,measure,4984.0,976.0,4.8644,59.38
187.550,measure,4984.0,976.0,4.8644,59.31
187.650,measure,4984.0,976.0,4.8644,59.41
187.750,measure,4984.0,976.0,4.8644,59.31
187.851,measure,4984.0,976.0,4.8644,59.28
187.951,measure,4984.0,976.0,4.8644,59.28
188.051,measure,4984.0,976.0,4.8644,59.25
188.151,measure,4984.0,976.0,4.8644,59.25
188.251,measure,4984.0,976.0,4.8644,59.47
188.351,measure,4984.0,976.0,4.8644,59.41
188.451,measure,4984.0,976.0,4.8644,59.38
188.552,measure,4984.0,976.0,4.8644,59.31
188.652,measure,4984.0,976.0,4.8644,59.31
188.752,measure,4984.0,976.0,4.8644,59.25
188.852,measure,4984.0,976.0,4.8644,59.22
188.952,measure,4984.0,976.0,4.8644,59.25
189.052,measure,4984.0,976.0,4.8644,59.31
189.152,measure,4984.0,976.0,4.8644,59.50
189.252,measure,4984.0,984.0,4.9043,59.41
189.353,measure,4984.0,976.0,4.8644,59.38
189.453,measure,4984.0,976.0,4.8644,59.34
189.553,measure,4984.0,976.0,4.8644,59.34
189.653,measure,4984.0,976.0,4.8644,59.34
189.753,measure,4984.0,976.0,4.8644,59.25
189.853,measure,4984.0,976.0,4.8644,59.34
189.953,measure,4984.0,976.0,4.8644,59.12
190.054,measure,4984.0,976.0,4.8644,59.47
190.154,measure,4984.0,976.0,4.8644,59.47
190.254,measure,4984.0,976.0,4.8644,59.41
190.355,measure,4984.0,976.0,4.8644,59.41
190.455,measure,4984.0,976.0,4.8644,59.34
190.555,measure,4984.0,976.0,4.8644,59.34
190.655,measure,4984.0,976.0,4.8644,59.28
190.755,measure,4984.0,976.0,4.8644,59.31
190.855,measure,4984.0,976.0,4.8644,59.22
190.955,measure,4984.0,976.0,4.8644,59.41
191.055,measure,4984.0,976.0,4.8644,59.44
191.156,measure,4984.0,976.0,4.8644,59.44
191.256,measure,4984.0,976.0,4.8644,59.41
191.356,measure,4984.0,976.0,4.8644,59.38
191.456,measure,4984.0,976.0,4.8644,59.31
191.556,measure,4984.0,976.0,4.8644,59.28
191.656,measure,4984.0,976.0,4.8644,59.31
191.756,measure,4984.0,976.0,4.8644,59.25
191.857,measure,4984.0,976.0,4.8644,59.16
191.957,measure,4984.0,976.0,4.8644,59.44
192.057,measure,4984.0,976.0,4.8644,59.44
192.157,measure,4984.0,976.0,4.8644,59.31
192.257,measure,4984.0,976.0,4.8644,59.22
192.357,measure,4984.0,984.0,4.9043,59.31
192.457,measure,4984.0,984.0,4.9043,59.31
192.558,measure,4984.0,976.0,4.8644,59.28
192.658,measure,4984.0,976.0,4.8644,59.19
192.758,measure,4984.0,976.0,4.8644,59.25
192.858,measure,4984.0,976.0,4.8644,59.53
192.958,measure,4984.0,976.0,4.8644,59.38
193.058,measure,4984.0,976.0,4.8644,59.31
193.158,measure,4984.0,976.0,4.8644,59.28
193.258,measure,4984.0,976.0,4.8644,59.34
193.359,measure,4984.0,984.0,4.9043,59.34
193.459,measure,4984.0,976.0,4.8644,59.28
193.559,measure,4984.0,976.0,4.8644,59.31
193.659,measure,4984.0,976.0,4.8644,59.19
193.759,measure,4984.0,976.0,4.8644,59.41
193.859,measure,4984.0,976.0,4.8644,59.41
193.959,measure,4984.0,976.0,4.8644,59.31
194.059,measure,4984.0,976.0,4.8644,59.38
194.160,measure,4984.0,976.0,4.8644,59.38
194.260,measure,4984.0,976.0,4.8644,59.22
194.360,measure,4984.0,976.0,4.8644,59.22
194.460,measure,4984.0,976.0,4.8644,59.22
194.560,measure,4984.0,976.0,4.8644,59.22
194.660,measure,4984.0,976.0,4.8644,59.22
194.760,measure,4984.0,976.0,4.8644,59.31
194.860,measure,4984.0,976.0,4.8644,59.38
194.961,measure,4984.0,976.0,4.8644,59.38
195.061,measure,4984.0,976.0,4.8644,59.28
195.161,measure,4984.0,976.0,4.8644,59.31
195.261,measure,4984.0,984.0,4.9043,59.31
195.361,measure,4984.0,976.0,4.8644,59.28
195.461,measure,4984.0,976.0,4.8644,59.19
195.561,measure,4984.0,976.0,4.8644,59.19
195.661,measure,4984.0,976.0,4.8644,59.41
195.762,measure,4984.0,976.0,4.8644,59.34
195.862,measure,4984.0,976.0,4.8644,59.41
195.962,measure,4984.0,976.0,4.8644,59.34
196.062,measure,4984.0,976.0,4.8644,59.31
196.162,measure,4984.0,976.0,4.8644,59.34
196.262,measure,4984.0,976.0,4.8644,59.31
196.362,measure,4984.0,976.0,4.8644,59.25
196.462,measure,4984.0,976.0,4.8644,59.34
196.563,measure,4984.0,976.0,4.8644,59.38
196.663,measure,4984.0,976.0,4.8644,59.41
196.763,measure,4984.0,976.0,4.8644,59.34
196.863,measure,4984.0,976.0,4.8644,59.34
196.963,measure,4984.0,976.0,4.8644,59.34
197.063,measure,4984.0,976.0,4.8644,59.31
197.163,measure,4984.0,976.0,4.8644,59.31
197.263,measure,4984.0,976.0,4.8644,59.22
197.364,measure,4984.0,976.0,4.8644,59.22
197.464,measure,4984.0,976.0,4.8644,59.47
197.564,measure,4984.0,976.0,4.8644,59.44
197.664,measure,4984.0,976.0,4.8644,59.34
197.764,measure,4984.0,976.0,4.8644,59.34
197.864,measure,4984.0,976.0,4.8644,59.34
197.964,measure,4984.0,976.0,4.8644,59.28
198.064,measure,4984.0,976.0,4.8644,59.28
198.165,measure,4984.0,976.0,4.8644,59.34
198.265,measure,4984.0,976.0,4.8644,59.41
198.365,measure,4984.0,976.0,4.8644,59.38
198.465,measure,4984.0,976.0,4.8644,59.41
198.565,measure,4984.0,976.0,4.8644,59.34
198.665,measure,4984.0,976.0,4.8644,59.31
198.765,measure,4984.0,976.0,4.8644,59.34
198.865,measure,4984.0,976.0,4.8644,59.25
198.966,measure,4984.0,976.0,4.8644,59.31
199.066,measure,4984.0,976.0,4.8644,59.22
199.166,measure,4984.0,976.0,4.8644,59.47
199.266,measure,4984.0,976.0,4.8644,59.41
199.366,measure,4984.0,976.0,4.8644,59.38
199.466,measure,4984.0,984.0,4.9043,59.41
199.566,measure,4984.0,992.0,4.9441,59.34
199.666,measure,4984.0,992.0,4.9441,59.28
199.767,measure,4984.0,984.0,4.9043,59.25
199.867,measure,4984.0,984.0,4.9043,59.28
199.967,measure,4984.0,984.0,4.9043,59.25
200.067,measure,4984.0,1040.0,5.1834,59.22
200.167,measure,4984.0,1080.0,5.3827,59.44
200.267,measure,4976.0,1112.0,5.5333,59.41
200.367,measure,4976.0,1128.0,5.6129,59.31
200.468,measure,4976.0,1120.0,5.5731,59.28
200.568,measure,4976.0,1088.0,5.4139,59.34
200.668,measure,4984.0,1072.0,5.3428,59.31
200.768,measure,4976.0,1096.0,5.4537,59.28
200.868,measure,4976.0,1104.0,5.4935,59.22
200.968,measure,4976.0,1128.0,5.6129,59.25
201.068,measure,4976.0,1136.0,5.6527,59.53
201.169,measure,4976.0,1136.0,5.6527,59.47
201.269,measure,4976.0,1104.0,5.4935,59.34
201.369,measure,4984.0,1072.0,5.3428,59.44
201.469,measure,4984.0,1056.0,5.2631,59.41
201.569,measure,4984.0,1040.0,5.1834,59.31
201.669,measure,4984.0,1024.0,5.1036,59.34
201.769,measure,4984.0,1016.0,5.0637,59.28
201.870,measure,4984.0,1008.0,5.0239,59.25
201.970,measure,4984.0,1000.0,4.9840,59.47
202.070,measure,4984.0,992.0,4.9441,59.50
202.170,measure,4984.0,992.0,4.9441,59.41
202.270,measure,4984.0,992.0,4.9441,59.41
202.370,measure,4984.0,984.0,4.9043,59.41
202.470,measure,4984.0,984.0,4.9043,59.34
202.570,measure,4984.0,984.0,4.9043,59.38
202.671,measure,4984.0,984.0,4.9043,59.31
202.771,measure,4984.0,984.0,4.9043,59.25
202.871,measure,4984.0,984.0,4.9043,59.50
202.971,measure,4984.0,984.0,4.9043,59.47
203.071,measure,4984.0,976.0,4.8644,59.44
203.171,measure,4984.0,984.0,4.9043,59.47
203.271,measure,4984.0,976.0,4.8644,59.34
203.372,measure,4984.0,976.0,4.8644,59.38
203.472,measure,4984.0,976.0,4.8644,59.22
203.572,measure,4984.0,976.0,4.8644,59.28
203.672,measure,4984.0,976.0,4.8644,59.34
203.772,measure,4984.0,976.0,4.8644,59.22
203.872,measure,4984.0,976.0,4.8644,59.50
203.972,measure,4984.0,976.0,4.8644,59.41
204.073,measure,4984.0,976.0,4.8644,59.34
204.173,measure,4984.0,976.0,4.8644,59.41
204.273,measure,4984.0,976.0,4.8644,59.31
204.373,measure,4984.0,976.0,4.8644,59.38
204.473,measure,4984.0,976.0,4.8644,59.31
204.573,measure,4984.0,976.0,4.8644,59.28
204.673,measure,4984.0,976.0,4.8644,59.53
204.773,measure,4984.0,976.0,4.8644,59.47
204.874,measure,4984.0,976.0,4.8644,59.38
204.974,measure,4984.0,976.0,4.8644,59.38
205.074,measure,4984.0,976.0,4.8644,59.34
205.174,measure,4984.0,976.0,4.8644,59.41
205.274,measure,4984.0,976.0,4.8644,59.31
205.374,measure,4984.0,976.0,4.8644,59.31
205.474,measure,4984.0,976.0,4.8644,59.28
205.575,measure,4984.0,976.0,4.8644,59.31
205.675,measure,4984.0,976.0,4.8644,59.41
205.775,measure,4984.0,976.0,4.8644,59.41
205.875,measure,4984.0,976.0,4.8644,59.50
205.975,measure,4984.0,976.0,4.8644,59.34
206.075,measure,4984.0,976.0,4.8644,59.38
206.175,measure,4984.0,976.0,4.8644,59.34
206.276,measure,4984.0,976.0,4.8644,59.22
206.376,measure,4984.0,976.0,4.8644,59.28
206.476,measure,4984.0,976.0,4.8644,59.25
206.576,measure,4984.0,976.0,4.8644,59.41
206.676,measure,4984.0,976.0,4.8644,59.31
206.776,measure,4984.0,976.0,4.8644,59.38
206.876,measure,4984.0,976.0,4.8644,59.38
206.976,measure,4984.0,976.0,4.8644,59.38
207.077,measure,4984.0,976.0,4.8644,59.22
207.177,measure,4984.0,976.0,4.8644,59.28
207.277,measure,4984.0,976.0,4.8644,59.28
207.377,measure,4984.0,976.0,4.8644,59.19
207.477,measure,4984.0,976.0,4.8644,59.50
207.577,measure,4984.0,976.0,4.8644,59.41
207.677,measure,4984.0,976.0,4.8644,59.38
207.778,measure,4984.0,976.0,4.8644,59.34
207.878,measure,4984.0,976.0,4.8644,59.31
207.978,measure,4984.0,976.0,4.8644,59.28
208.078,measure,4984.0,976.0,4.8644,59.25
208.178,measure,4984.0,976.0,4.8644,59.25
208.278,measure,4984.0,976.0,4.8644,59.25
208.378,measure,4984.0,976.0,4.8644,59.22
208.478,measure,4984.0,976.0,4.8644,59.38
208.579,measure,4984.0,976.0,4.8644,59.44
208.679,measure,4984.0,976.0,4.8644,59.41
208.779,measure,4984.0,976.0,4.8644,59.31
208.879,measure,4984.0,976.0,4.8644,59.31
208.979,measure,4984.0,976.0,4.8644,59.25
209.079,measure,4984.0,976.0,4.8644,59.28
209.179,measure,4984.0,976.0,4.8644,59.25
209.280,measure,4984.0,976.0,4.8644,59.25
209.380,measure,4984.0,976.0,4.8644,59.41
209.480,measure,4984.0,976.0,4.8644,59.41
209.580,measure,4984.0,976.0,4.8644,59.22
209.680,measure,4984.0,976.0,4.8644,59.34
209.780,measure,4984.0,976.0,4.8644,59.28
209.880,measure,4984.0,984.0,4.9043,59.34
209.981,measure,4984.0,984.0,4.9043,59.31
210.081,measure,4984.0,984.0,4.9043,59.25
210.181,measure,4984.0,984.0,4.9043,59.25
210.281,measure,4984.0,984.0,4.9043,59.41
210.381,measure,4984.0,984.0,4.9043,59.41
210.481,measure,4984.0,984.0,4.9043,59.41
210.581,measure,4984.0,984.0,4.9043,59.31
210.682,measure,4984.0,984.0,4.9043,59.31
210.782,measure,4984.0,984.0,4.9043,59.28
210.882,measure,4984.0,984.0,4.9043,59.31
210.982,measure,4984.0,984.0,4.9043,59.34
211.082,measure,4984.0,984.0,4.9043,59.28
211.182,measure,4984.0,984.0,4.9043,59.44
211.282,measure,4984.0,984.0,4.9043,59.34
211.382,measure,4984.0,984.0,4.9043,59.47
211.483,measure,4984.0,984.0,4.9043,59.31
211.583,measure,4984.0,984.0,4.9043,59.31
211.683,measure,4984.0,984.0,4.9043,59.31
211.783,measure,4984.0,984.0,4.9043,59.34
211.883,measure,4984.0,984.0,4.9043,59.28
211.983,measure,4984.0,984.0,4.9043,59.28
212.083,measure,4984.0,984.0,4.9043,59.47
212.184,measure,4984.0,984.0,4.9043,59.44
212.284,measure,4984.0,984.0,4.9043,59.44
212.384,measure,4984.0,984.0,4.9043,59.28
212.484,measure,4984.0,984.0,4.9043,59.28
212.584,measure,4984.0,984.0,4.9043,59.31
212.684,measure,4984.0,984.0,4.9043,59.34
212.784,measure,4984.0,984.0,4.9043,59.34
212.885,measure,4984.0,984.0,4.9043,59.25
212.985,measure,4984.0,984.0,4.9043,59.31
213.085,measure,4984.0,984.0,4.9043,59.47
213.185,measure,4984.0,984.0,4.9043,59.38
213.285,measure,4984.0,984.0,4.9043,59.34
213.385,measure,4984.0,984.0,4.9043,59.31
213.485,measure,4984.0,984.0,4.9043,59.31
213.586,measure,4984.0,984.0,4.9043,59.34
213.686,measure,4984.0,984.0,4.9043,59.22
213.786,measure,4984.0,984.0,4.9043,59.31
213.886,measure,4984.0,984.0,4.9043,59.47
213.986,measure,4984.0,984.0,4.9043,59.41
214.086,measure,4984.0,984.0,4.9043,59.38
214.186,measure,4984.0,984.0,4.9043,59.34
214.287,measure,4984.0,976.0,4.8644,59.31
214.387,measure,4984.0,984.0,4.9043,59.28
214.487,measure,4984.0,984.0,4.9043,59.28
214.588,measure,4984.0,984.0,4.9043,59.28
214.688,measure,4984.0,984.0,4.9043,59.28
214.788,measure,4984.0,984.0,4.9043,59.41
214.888,measure,4984.0,984.0,4.9043,59.47
214.988,measure,4984.0,984.0,4.9043,59.38
215.088,measure,4984.0,984.0,4.9043,59.41
215.188,measure,4984.0,984.0,4.9043,59.38
215.289,measure,4984.0,984.0,4.9043,59.31
215.389,measure,4984.0,984.0,4.9043,59.38
215.489,measure,4984.0,984.0,4.9043,59.31
215.589,measure,4984.0,984.0,4.9043,59.28
215.689,measure,4984.0,984.0,4.9043,59.47
215.789,measure,4984.0,984.0,4.9043,59.44
215.889,measure,4984.0,984.0,4.9043,59.44
215.990,measure,4984.0,984.0,4.9043,59.41
216.090,measure,4984.0,984.0,4.9043,59.34
216.190,measure,4984.0,984.0,4.9043,59.28
216.290,measure,4984.0,984.0,4.9043,59.28
216.390,measure,4984.0,984.0,4.9043,59.25
216.490,measure,4984.0,984.0,4.9043,59.28
216.590,measure,4984.0,984.0,4.9043,59.50
216.690,measure,4984.0,984.0,4.9043,59.44
216.791,measure,4984.0,984.0,4.9043,59.41
216.891,measure,4984.0,984.0,4.9043,59.38
216.991,measure,4984.0,984.0,4.9043,59.28
217.091,measure,4984.0,984.0,4.9043,59.28
217.191,measure,4984.0,984.0,4.9043,59.34
217.291,measure,4984.0,984.0,4.9043,59.22
217.391,measure,4984.0,984.0,4.9043,59.25
217.492,measure,4984.0,984.0,4.9043,59.44
217.592,measure,4984.0,984.0,4.9043,59.41
217.692,measure,4984.0,984.0,4.9043,59.41
217.792,measure,4984.0,984.0,4.9043,59.31
217.892,measure,4984.0,984.0,4.9043,59.34
217.992,measure,4984.0,984.0,4.9043,59.31
218.092,measure,4984.0,984.0,4.9043,59.31
218.192,measure,4984.0,984.0,4.9043,59.28
218.293,measure,4984.0,984.0,4.9043,59.34
218.393,measure,4984.0,984.0,4.9043,59.47
218.493,measure,4984.0,984.0,4.9043,59.50
218.593,measure,4984.0,984.0,4.9043,59.44
218.693,measure,4984.0,984.0,4.9043,59.34
218.793,measure,4984.0,984.0,4.9043,59.28
218.893,measure,4984.0,984.0,4.9043,59.31
218.994,measure,4984.0,984.0,4.9043,59.38
219.094,measure,4984.0,984.0,4.9043,59.25
219.194,measure,4984.0,984.0,4.9043,59.31
219.294,measure,4984.0,984.0,4.9043,59.25
219.394,measure,4984.0,984.0,4.9043,59.47
219.494,measure,4984.0,984.0,4.9043,59.41
219.594,measure,4984.0,984.0,4.9043,59.41
219.694,measure,4984.0,984.0,4.9043,59.34
219.795,measure,4984.0,984.0,4.9043,59.38
219.895,measure,4984.0,984.0,4.9043,59.31
219.995,measure,4984.0,984.0,4.9043,59.31
220.095,measure,4984.0,984.0,4.9043,59.25
220.195,measure,4984.0,984.0,4.9043,59.28
220.295,measure,4984.0,984.0,4.9043,59.47
220.395,measure,4984.0,984.0,4.9043,59.44
220.496,measure,4984.0,984.0,4.9043,59.44
220.596,measure,4984.0,984.0,4.9043,59.47
220.696,measure,4984.0,984.0,4.9043,59.25
220.796,measure,4984.0,984.0,4.9043,59.34
220.896,measure,4984.0,984.0,4.9043,59.34
220.996,measure,4984.0,984.0,4.9043,59.22
221.096,measure,4984.0,984.0,4.9043,59.25
221.196,measure,4984.0,976.0,4.8644,59.44
221.297,measure,4984.0,976.0,4.8644,59.44
221.397,measure,4984.0,976.0,4.8644,59.41
221.497,measure,4984.0,976.0,4.8644,59.38
221.597,measure,4984.0,976.0,4.8644,59.41
221.697,measure,4984.0,976.0,4.8644,59.38
221.797,measure,4984.0,976.0,4.8644,59.28
221.897,measure,4984.0,984.0,4.9043,59.31
221.998,measure,4984.0,976.0,4.8644,59.25
222.098,measure,4984.0,976.0,4.8644,59.12
222.198,measure,4984.0,976.0,4.8644,59.41
222.298,measure,4984.0,976.0,4.8644,59.34
222.398,measure,4984.0,976.0,4.8644,59.38
222.498,measure,4984.0,976.0,4.8644,59.19
222.598,measure,4984.0,976.0,4.8644,59.28
222.698,measure,4984.0,976.0,4.8644,59.31
222.799,measure,4984.0,976.0,4.8644,59.25
222.899,measure,4984.0,976.0,4.8644,59.28
222.999,measure,4984.0,976.0,4.8644,59.25
223.099,measure,4984.0,976.0,4.8644,59.41
223.199,measure,4984.0,976.0,4.8644,59.41
223.299,measure,4984.0,976.0,4.8644,59.28
223.399,measure,4984.0,976.0,4.8644,59.25
223.500,measure,4984.0,976.0,4.8644,59.28
223.600,measure,4984.0,976.0,4.8644,59.34
223.700,measure,4984.0,976.0,4.8644,59.28
223.800,measure,4984.0,976.0,4.8644,59.25
223.900,measure,4984.0,976.0,4.8644,59.22
224.000,measure,4984.0,976.0,4.8644,59.38
224.100,measure,4984.0,976.0,4.8644,59.41
224.200,measure,4984.0,976.0,4.8644,59.38
224.301,measure,4984.0,976.0,4.8644,59.28
224.401,measure,4984.0,976.0,4.8644,59.38
224.501,measure,4984.0,976.0,4.8644,59.31
224.601,measure,4984.0,976.0,4.8644,59.28
224.701,measure,4984.0,976.0,4.8644,59.25
224.801,measure,4984.0,976.0,4.8644,59.38
224.901,measure,4984.0,976.0,4.8644,59.41
225.001,measure,4984.0,976.0,4.8644,59.41
225.102,measure,4984.0,976.0,4.8644,59.41
225.202,measure,4984.0,976.0,4.8644,59.31
225.302,measure,4984.0,976.0,4.8644,59.31
225.402,measure,4984.0,976.0,4.8644,59.38
225.502,measure,4984.0,976.0,4.8644,59.31
225.602,measure,4984.0,976.0,4.8644,59.22
225.703,measure,4984.0,976.0,4.8644,59.44
225.803,measure,4984.0,976.0,4.8644,59.41
225.903,measure,4984.0,976.0,4.8644,59.41
226.003,measure,4984.0,976.0,4.8644,59.34
226.103,measure,4984.0,976.0,4.8644,59.34
226.203,measure,4984.0,976.0,4.8644,59.38
226.303,measure,4984.0,976.0,4.8644,59.31
226.403,measure,4984.0,976.0,4.8644,59.28
226.504,measure,4984.0,976.0,4.8644,59.22
226.604,measure,4984.0,976.0,4.8644,59.44
226.704,measure,4984.0,976.0,4.8644,59.41
226.804,measure,4984.0,976.0,4.8644,59.44
226.904,measure,4984.0,976.0,4.8644,59.38
227.004,measure,4984.0,976.0,4.8644,59.38
227.104,measure,4984.0,976.0,4.8644,59.31
227.205,measure,4984.0,976.0,4.8644,59.28
227.305,measure,4984.0,976.0,4.8644,59.25
227.405,measure,4984.0,976.0,4.8644,59.19
227.505,measure,4984.0,976.0,4.8644,59.31
227.605,measure,4984.0,976.0,4.8644,59.47
227.705,measure,4984.0,976.0,4.8644,59.38
227.805,measure,4984.0,976.0,4.8644,59.31
227.905,measure,4984.0,976.0,4.8644,59.41
228.006,measure,4984.0,976.0,4.8644,59.31
228.106,measure,4984.0,976.0,4.8644,59.34
228.206,measure,4984.0,976.0,4.8644,59.31
228.306,measure,4984.0,976.0,4.8644,59.22
228.406,measure,4984.0,976.0,4.8644,59.47
228.506,measure,4984.0,976.0,4.8644,59.44
228.606,measure,4984.0,976.0,4.8644,59.44
228.707,measure,4984.0,976.0,4.8644,59.31
228.807,measure,4984.0,976.0,4.8644,59.34
228.907,measure,4984.0,984.0,4.9043,59.31
229.007,measure,4984.0,984.0,4.9043,59.28
229.107,measure,4984.0,984.0,4.9043,59.28
229.207,measure,4984.0,984.0,4.9043,59.31
229.307,measure,4984.0,976.0,4.8644,59.44
229.407,measure,4984.0,976.0,4.8644,59.44
229.508,measure,4984.0,976.0,4.8644,59.44
229.608,measure,4984.0,976.0,4.8644,59.41
229.708,measure,4984.0,976.0,4.8644,59.38
229.808,measure,4984.0,976.0,4.8644,59.22
229.908,measure,4984.0,976.0,4.8644,59.31
230.008,measure,4984.0,976.0,4.8644,59.28
230.108,measure,4984.0,976.0,4.8644,59.28
230.209,measure,4984.0,976.0,4.8644,59.44
230.309,measure,4984.0,976.0,4.8644,59.41
230.409,measure,4984.0,976.0,4.8644,59.41
230.509,measure,4984.0,976.0,4.8644,59.34
230.609,measure,4984.0,976.0,4.8644,59.38
230.709,measure,4984.0,976.0,4.8644,59.31
230.809,measure,4984.0,976.0,4.8644,59.28
230.909,measure,4984.0,976.0,4.8644,59.28
231.010,measure,4984.0,976.0,4.8644,59.28
231.110,measure,4984.0,976.0,4.8644,59.19
231.210,measure,4984.0,976.0,4.8644,59.41
231.310,measure,4984.0,976.0,4.8644,59.44
231.410,measure,4984.0,976.0,4.8644,59.41
231.510,measure,4984.0,976.0,4.8644,59.31
231.610,measure,4984.0,976.0,4.8644,59.34
231.711,measure,4984.0,976.0,4.8644,59.25
231.811,measure,4984.0,976.0,4.8644,59.28
231.911,measure,4984.0,976.0,4.8644,59.28
232.011,measure,4984.0,976.0,4.8644,59.28
232.111,measure,4984.0,976.0,4.8644,59.53
232.211,measure,4984.0,976.0,4.8644,59.41
232.311,measure,4984.0,976.0,4.8644,59.31
232.411,measure,4984.0,976.0,4.8644,59.41
232.512,measure,4984.0,976.0,4.8644,59.31
232.612,measure,4984.0,976.0,4.8644,59.34
232.712,measure,4984.0,976.0,4.8644,59.25
232.812,measure,4984.0,976.0,4.8644,59.25
232.912,measure,4984.0,976.0,4.8644,59.28
233.012,measure,4984.0,976.0,4.8644,59.50
233.112,measure,4984.0,976.0,4.8644,59.47
233.212,measure,4984.0,976.0,4.8644,59.41
233.313,measure,4984.0,976.0,4.8644,59.38
233.413,measure,4984.0,976.0,4.8644,59.34
233.513,measure,4984.0,976.0,4.8644,59.28
233.613,measure,4984.0,976.0,4.8644,59.22
233.713,measure,4984.0,976.0,4.8644,59.28
233.813,measure,4984.0,976.0,4.8644,59.25
233.913,measure,4984.0,976.0,4.8644,59.22
234.014,measure,4984.0,976.0,4.8644,59.44
234.114,measure,4984.0,976.0,4.8644,59.38
234.214,measure,4984.0,976.0,4.8644,59.41
234.314,measure,4984.0,976.0,4.8644,59.31
234.414,measure,4984.0,976.0,4.8644,59.28
234.514,measure,4984.0,976.0,4.8644,59.31
234.614,measure,4984.0,976.0,4.8644,59.28
234.714,measure,4984.0,976.0,4.8644,59.31
234.815,measure,4984.0,976.0,4.8644,59.22
234.915,measure,4984.0,976.0,4.8644,59.41
235.015,measure,4984.0,976.0,4.8644,59.34
235.115,measure,4984.0,976.0,4.8644,59.38
235.215,measure,4984.0,976.0,4.8644,59.38
235.315,measure,4984.0,976.0,4.8644,59.34
235.415,measure,4984.0,976.0,4.8644,59.25
235.515,measure,4984.0,984.0,4.9043,59.38
235.616,measure,4984.0,984.0,4.9043,59.25
235.716,measure,4984.0,984.0,4.9043,59.22
235.816,measure,4984.0,984.0,4.9043,59.38
235.916,measure,4984.0,984.0,4.9043,59.41
236.016,measure,4984.0,984.0,4.9043,59.34
236.116,measure,4984.0,984.0,4.9043,59.31
236.216,measure,4984.0,984.0,4.9043,59.34
236.317,measure,4984.0,984.0,4.9043,59.34
236.417,measure,4984.0,984.0,4.9043,59.25
236.517,measure,4984.0,984.0,4.9043,59.22
236.617,measure,4984.0,984.0,4.9043,59.22
236.717,measure,4984.0,984.0,4.9043,59.41
236.817,measure,4984.0,984.0,4.9043,59.44
236.917,measure,4984.0,984.0,4.9043,59.44
237.017,measure,4984.0,984.0,4.9043,59.34
237.118,measure,4984.0,984.0,4.9043,59.31
237.218,measure,4984.0,984.0,4.9043,59.28
237.318,measure,4984.0,984.0,4.9043,59.22
237.418,measure,4984.0,984.0,4.9043,59.28
237.518,measure,4984.0,984.0,4.9043,59.25
237.618,measure,4984.0,984.0,4.9043,59.38
237.719,measure,4984.0,984.0,4.9043,59.44
237.819,measure,4984.0,984.0,4.9043,59.41
237.919,measure,4984.0,984.0,4.9043,59.41
238.019,measure,4984.0,984.0,4.9043,59.41
238.119,measure,4984.0,984.0,4.9043,59.34
238.219,measure,4984.0,984.0,4.9043,59.25
238.319,measure,4984.0,984.0,4.9043,59.31
238.419,measure,4984.0,984.0,4.9043,59.28
238.520,measure,4984.0,984.0,4.9043,59.22
238.620,measure,4984.0,984.0,4.9043,59.47
238.720,measure,4984.0,984.0,4.9043,59.41
238.820,measure,4984.0,984.0,4.9043,59.34
238.920,measure,4984.0,984.0,4.9043,59.38
239.020,measure,4984.0,984.0,4.9043,59.22
239.121,measure,4984.0,984.0,4.9043,59.34
239.221,measure,4984.0,984.0,4.9043,59.31
239.321,measure,4984.0,984.0,4.9043,59.28
239.421,measure,4984.0,984.0,4.9043,59.25
239.522,measure,4984.0,984.0,4.9043,59.47
239.622,measure,4984.0,976.0,4.8644,59.38
239.722,measure,4984.0,976.0,4.8644,59.31
239.822,measure,4984.0,976.0,4.8644,59.31
239.922,measure,4984.0,976.0,4.8644,59.38
240.022,measure,4984.0,976.0,4.8644,59.38
240.122,measure,4984.0,976.0,4.8644,59.28
240.223,measure,4984.0,976.0,4.8644,59.25
240.323,measure,4984.0,976.0,4.8644,59.25
240.423,measure,4984.0,976.0,4.8644,59.44
240.523,measure,4984.0,976.0,4.8644,59.38
240.623,measure,4984.0,976.0,4.8644,59.34
240.723,measure,4984.0,976.0,4.8644,59.31
240.823,measure,4984.0,976.0,4.8644,59.31
240.924,measure,4984.0,976.0,4.8644,59.25
241.024,measure,4984.0,976.0,4.8644,59.19
241.124,measure,4984.0,976.0,4.8644,59.28
241.224,measure,4984.0,976.0,4.8644,59.28
241.324,measure,4984.0,976.0,4.8644,59.41
241.424,measure,4984.0,976.0,4.8644,59.41
241.524,measure,4984.0,976.0,4.8644,59.38
241.625,measure,4984.0,976.0,4.8644,59.38
241.725,measure,4984.0,976.0,4.8644,59.25
241.825,measure,4984.0,976.0,4.8644,59.41
241.925,measure,4984.0,976.0,4.8644,59.38
242.025,measure,4984.0,976.0,4.8644,59.25
242.125,measure,4984.0,976.0,4.8644,59.22
242.225,measure,4984.0,976.0,4.8644,59.47
242.325,measure,4984.0,976.0,4.8644,59.41
242.426,measure,4984.0,984.0,4.9043,59.41
242.526,measure,4984.0,976.0,4.8644,59.38
242.626,measure,4984.0,976.0,4.8644,59.31
242.726,measure,4984.0,976.0,4.8644,59.28
242.826,measure,4984.0,976.0,4.8644,59.25
242.926,measure,4984.0,976.0,4.8644,59.34
243.026,measure,4984.0,976.0,4.8644,59.41
243.127,measure,4984.0,976.0,4.8644,59.47
243.227,measure,4984.0,976.0,4.8644,59.34
243.327,measure,4984.0,976.0,4.8644,59.38
243.427,measure,4984.0,976.0,4.8644,59.38
243.527,measure,4984.0,976.0,4.8644,59.34
243.627,measure,4984.0,976.0,4.8644,59.31
243.727,measure,4984.0,976.0,4.8644,59.28
243.827,measure,4984.0,976.0,4.8644,59.22
243.928,measure,4984.0,976.0,4.8644,59.28
244.028,measure,4984.0,976.0,4.8644,59.47
244.128,measure,4984.0,976.0,4.8644,59.47
244.228,measure,4984.0,976.0,4.8644,59.41
244.328,measure,4984.0,976.0,4.8644,59.41
244.428,measure,4984.0,976.0,4.8644,59.38
244.528,measure,4984.0,976.0,4.8644,59.28
244.628,measure,4984.0,976.0,4.8644,59.25
244.729,measure,4984.0,976.0,4.8644,59.25
244.829,measure,4984.0,976.0,4.8644,59.31
244.929,measure,4984.0,976.0,4.8644,59.44
245.029,measure,4984.0,976.0,4.8644,59.41
245.129,measure,4984.0,976.0,4.8644,59.31
245.229,measure,4984.0,976.0,4.8644,59.34
245.329,measure,4984.0,976.0,4.8644,59.38
245.430,measure,4984.0,976.0,4.8644,59.34
245.530,measure,4984.0,976.0,4.8644,59.34
245.630,measure,4984.0,976.0,4.8644,59.22
245.730,measure,4984.0,976.0,4.8644,59.31
245.830,measure,4984.0,976.0,4.8644,59.41
245.930,measure,4984.0,976.0,4.8644,59.44
246.030,measure,4984.0,976.0,4.8644,59.41
246.130,measure,4984.0,976.0,4.8644,59.34
246.231,measure,4984.0,976.0,4.8644,59.28
246.331,measure,4984.0,976.0,4.8644,59.34
246.431,measure,4984.0,976.0,4.8644,59.31
246.531,measure,4984.0,976.0,4.8644,59.22
246.631,measure,4984.0,976.0,4.8644,59.28
246.731,measure,4984.0,976.0,4.8644,59.50
246.831,measure,4984.0,976.0,4.8644,59.50
246.932,measure,4984.0,976.0,4.8644,59.38
247.032,measure,4984.0,976.0,4.8644,59.31
247.132,measure,4984.0,976.0,4.8644,59.34
247.232,measure,4984.0,976.0,4.8644,59.25
247.332,measure,4984.0,976.0,4.8644,59.25
247.432,measure,4984.0,976.0,4.8644,59.25
247.532,measure,4984.0,976.0,4.8644,59.31
247.633,measure,4984.0,976.0,4.8644,59.28
247.733,measure,4984.0,976.0,4.8644,59.47
247.833,measure,4984.0,976.0,4.8644,59.34
247.933,measure,4984.0,976.0,4.8644,59.38
248.033,measure,4984.0,976.0,4.8644,59.41
248.133,measure,4984.0,976.0,4.8644,59.25
248.233,measure,4984.0,976.0,4.8644,59.28
248.333,measure,4984.0,976.0,4.8644,59.28
248.434,measure,4984.0,976.0,4.8644,59.31
248.534,measure,4984.0,976.0,4.8644,59.31
248.634,measure,4984.0,976.0,4.8644,59.44
248.734,measure,4984.0,976.0,4.8644,59.38
248.834,measure,4984.0,976.0,4.8644,59.41
248.934,measure,4984.0,976.0,4.8644,59.34
249.034,measure,4984.0,976.0,4.8644,59.28
249.134,measure,4984.0,976.0,4.8644,59.22
249.235,measure,4984.0,976.0,4.8644,59.34
249.335,measure,4984.0,976.0,4.8644,59.28
249.435,measure,4984.0,976.0,4.8644,59.28
249.535,measure,4984.0,976.0,4.8644,59.41
249.635,measure,4984.0,976.0,4.8644,59.41
249.735,measure,4984.0,976.0,4.8644,59.41
249.835,measure,4984.0,976.0,4.8644,59.34
249.936,measure,4984.0,976.0,4.8644,59.34
250.036,measure,4984.0,976.0,4.8644,59.28
250.136,measure,4984.0,976.0,4.8644,59.31
250.236,measure,4984.0,976.0,4.8644,59.19
250.336,measure,4984.0,976.0,4.8644,59.31
250.436,measure,4984.0,976.0,4.8644,59.47
250.536,measure,4984.0,976.0,4.8644,59.41
250.636,measure,4984.0,976.0,4.8644,59.41
250.737,measure,4984.0,976.0,4.8644,59.25
250.837,measure,4984.0,976.0,4.8644,59.38
250.937,measure,4984.0,976.0,4.8644,59.28
251.037,measure,4984.0,976.0,4.8644,59.19
251.137,measure,4984.0,976.0,4.8644,59.28
251.237,measure,4984.0,976.0,4.8644,59.28
251.337,measure,4984.0,976.0,4.8644,59.41
251.438,measure,4984.0,976.0,4.8644,59.47
251.538,measure,4984.0,976.0,4.8644,59.34
251.638,measure,4984.0,976.0,4.8644,59.41
251.738,measure,4984.0,976.0,4.8644,59.38
251.838,measure,4984.0,976.0,4.8644,59.38
251.938,measure,4984.0,976.0,4.8644,59.28
252.038,measure,4984.0,976.0,4.8644,59.34
252.138,measure,4984.0,976.0,4.8644,59.31
252.239,measure,4984.0,976.0,4.8644,59.41
252.339,measure,4984.0,976.0,4.8644,59.44
252.439,measure,4984.0,976.0,4.8644,59.47
252.539,measure,4984.0,976.0,4.8644,59.38
252.639,measure,4984.0,976.0,4.8644,59.38
252.739,measure,4984.0,976.0,4.8644,59.38
252.839,measure,4984.0,976.0,4.8644,59.28
252.940,measure,4984.0,976.0,4.8644,59.31
253.040,measure,4984.0,976.0,4.8644,59.31
253.140,measure,4984.0,976.0,4.8644,59.44
253.240,measure,4984.0,976.0,4.8644,59.41
253.340,measure,4984.0,976.0,4.8644,59.34
253.440,measure,4984.0,976.0,4.8644,59.34
253.540,measure,4984.0,976.0,4.8644,59.41
253.640,measure,4984.0,976.0,4.8644,59.31
253.741,measure,4984.0,976.0,4.8644,59.28
253.841,measure,4984.0,976.0,4.8644,59.31
253.941,measure,4984.0,976.0,4.8644,59.34
254.041,measure,4984.0,976.0,4.8644,59.41
254.141,measure,4984.0,976.0,4.8644,59.47
254.241,measure,4984.0,976.0,4.8644,59.41
254.341,measure,4984.0,976.0,4.8644,59.34
254.442,measure,4984.0,976.0,4.8644,59.38
254.542,measure,4984.0,976.0,4.8644,59.28
254.642,measure,4984.0,976.0,4.8644,59.31
254.742,measure,4984.0,976.0,4.8644,59.25
254.842,measure,4984.0,976.0,4.8644,59.31
254.942,measure,4984.0,976.0,4.8644,59.47
255.042,measure,4984.0,976.0,4.8644,59.44
255.142,measure,4984.0,976.0,4.8644,59.38
255.243,measure,4984.0,976.0,4.8644,59.34
255.343,measure,4984.0,976.0,4.8644,59.41
255.443,measure,4984.0,976.0,4.8644,59.41
255.543,measure,4984.0,976.0,4.8644,59.34
255.643,measure,4984.0,976.0,4.8644,59.28
255.743,measure,4984.0,976.0,4.8644,59.28
255.843,measure,4984.0,976.0,4.8644,59.50
255.943,measure,4984.0,976.0,4.8644,59.44
256.044,measure,4984.0,976.0,4.8644,59.41
256.144,measure,4984.0,976.0,4.8644,59.31
256.244,measure,4984.0,976.0,4.8644,59.31
256.344,measure,4984.0,976.0,4.8644,59.31
256.444,measure,4984.0,976.0,4.8644,59.28
256.544,measure,4984.0,976.0,4.8644,59.25
256.644,measure,4984.0,976.0,4.8644,59.28
256.744,measure,4984.0,976.0,4.8644,59.50
256.845,measure,4984.0,976.0,4.8644,59.47
256.945,measure,4984.0,976.0,4.8644,59.41
257.045,measure,4984.0,976.0,4.8644,59.31
257.145,measure,4984.0,976.0,4.8644,59.28
257.245,measure,4984.0,976.0,4.8644,59.31
257.345,measure,4984.0,976.0,4.8644,59.34
257.445,measure,4984.0,976.0,4.8644,59.28
257.545,measure,4984.0,976.0,4.8644,59.34
257.646,measure,4984.0,976.0,4.8644,59.53
257.746,measure,4984.0,976.0,4.8644,59.44
257.846,measure,4984.0,984.0,4.9043,59.38
257.946,measure,4984.0,976.0,4.8644,59.41
258.046,measure,4984.0,976.0,4.8644,59.34
258.146,measure,4984.0,976.0,4.8644,59.28
258.246,measure,4984.0,976.0,4.8644,59.25
258.347,measure,4984.0,976.0,4.8644,59.25
258.447,measure,4984.0,976.0,4.8644,59.25
258.547,measure,4984.0,976.0,4.8644,59.25
258.647,measure,4984.0,976.0,4.8644,59.50
258.747,measure,4984.0,976.0,4.8644,59.41
258.847,measure,4984.0,976.0,4.8644,59.38
258.947,measure,4984.0,976.0,4.8644,59.38
259.048,measure,4984.0,976.0,4.8644,59.34
259.148,measure,4984.0,976.0,4.8644,59.31
259.248,measure,4984.0,976.0,4.8644,59.28
259.348,measure,4984.0,976.0,4.8644,59.34
259.448,measure,4984.0,976.0,4.8644,59.28
259.548,measure,4984.0,976.0,4.8644,59.47
259.648,measure,4984.0,976.0,4.8644,59.44
259.748,measure,4984.0,976.0,4.8644,59.41
259.849,measure,4984.0,976.0,4.8644,59.41
259.949,measure,4984.0,976.0,4.8644,59.38
260.049,measure,4984.0,976.0,4.8644,59.31
260.149,measure,4984.0,976.0,4.8644,59.22
260.249,measure,4984.0,976.0,4.8644,59.25
260.349,measure,4984.0,976.0,4.8644,59.28
260.449,measure,4984.0,976.0,4.8644,59.53
260.549,measure,4984.0,976.0,4.8644,59.41
260.650,measure,4984.0,976.0,4.8644,59.41
260.750,measure,4984.0,976.0,4.8644,59.34
260.850,measure,4984.0,976.0,4.8644,59.34
260.950,measure,4984.0,976.0,4.8644,59.31
261.050,measure,4984.0,984.0,4.9043,59.34
261.150,measure,4984.0,976.0,4.8644,59.22
261.250,measure,4984.0,984.0,4.9043,59.25
261.350,measure,4984.0,976.0,4.8644,59.44
261.451,measure,4984.0,984.0,4.9043,59.44
261.551,measure,4984.0,984.0,4.9043,59.38
261.651,measure,4984.0,984.0,4.9043,59.28
261.751,measure,4984.0,984.0,4.9043,59.28
261.851,measure,4984.0,984.0,4.9043,59.38
261.951,measure,4984.0,984.0,4.9043,59.34
262.051,measure,4984.0,984.0,4.9043,59.31
262.151,measure,4984.0,984.0,4.9043,59.25
262.252,measure,4984.0,984.0,4.9043,59.22
262.352,measure,4984.0,984.0,4.9043,59.41
262.452,measure,4984.0,984.0,4.9043,59.38
262.552,measure,4984.0,984.0,4.9043,59.41
262.652,measure,4984.0,984.0,4.9043,59.31
262.752,measure,4984.0,984.0,4.9043,59.34
262.852,measure,4984.0,984.0,4.9043,59.25
262.952,measure,4984.0,984.0,4.9043,59.22
263.053,measure,4984.0,984.0,4.9043,59.25
263.153,measure,4984.0,984.0,4.9043,59.38
263.253,measure,4984.0,984.0,4.9043,59.41
263.353,measure,4984.0,984.0,4.9043,59.34
263.453,measure,4984.0,984.0,4.9043,59.34
263.553,measure,4984.0,984.0,4.9043,59.38
263.654,measure,4984.0,984.0,4.9043,59.34
263.754,measure,4984.0,984.0,4.9043,59.28
263.854,measure,4984.0,984.0,4.9043,59.34
263.955,measure,4984.0,984.0,4.9043,59.25
264.055,measure,4984.0,984.0,4.9043,59.31
264.155,measure,4984.0,984.0,4.9043,59.38
264.255,measure,4984.0,984.0,4.9043,59.34
264.355,measure,4984.0,984.0,4.9043,59.38
264.455,measure,4984.0,984.0,4.9043,59.31
264.556,measure,4984.0,984.0,4.9043,59.31
264.656,measure,4984.0,984.0,4.9043,59.28
264.756,measure,4984.0,984.0,4.9043,59.28
264.856,measure,4984.0,984.0,4.9043,59.25
264.956,measure,4984.0,984.0,4.9043,59.28
265.056,measure,4984.0,984.0,4.9043,59.41
265.156,measure,4984.0,984.0,4.9043,59.38
265.256,measure,4984.0,984.0,4.9043,59.31
265.357,measure,4984.0,984.0,4.9043,59.31
265.457,measure,4984.0,984.0,4.9043,59.38
265.557,measure,4984.0,984.0,4.9043,59.31
265.657,measure,4984.0,984.0,4.9043,59.31
265.757,measure,4984.0,984.0,4.9043,59.28
265.857,measure,4984.0,984.0,4.9043,59.31
265.957,measure,4984.0,984.0,4.9043,59.41
266.058,measure,4984.0,984.0,4.9043,59.41
266.158,measure,4984.0,984.0,4.9043,59.41
266.258,measure,4984.0,984.0,4.9043,59.41
266.358,measure,4984.0,984.0,4.9043,59.38
266.458,measure,4984.0,984.0,4.9043,59.31
266.558,measure,4984.0,984.0,4.9043,59.31
266.658,measure,4984.0,984.0,4.9043,59.31
266.758,measure,4984.0,984.0,4.9043,59.25
266.859,measure,4984.0,984.0,4.9043,59.47
266.959,measure,4984.0,984.0,4.9043,59.41
267.059,measure,4984.0,984.0,4.9043,59.44
267.159,measure,4984.0,984.0,4.9043,59.34
267.259,measure,4984.0,984.0,4.9043,59.41
267.359,measure,4984.0,984.0,4.9043,59.28
267.459,measure,4984.0,984.0,4.9043,59.25
267.560,measure,4984.0,984.0,4.9043,59.22
267.660,measure,4984.0,984.0,4.9043,59.31
267.760,measure,4984.0,984.0,4.9043,59.47
267.860,measure,4984.0,984.0,4.9043,59.44
267.960,measure,4984.0,984.0,4.9043,59.28
268.060,measure,4984.0,984.0,4.9043,59.34
268.160,measure,4984.0,984.0,4.9043,59.31
268.261,measure,4984.0,984.0,4.9043,59.28
268.361,measure,4984.0,984.0,4.9043,59.34
268.461,measure,4984.0,984.0,4.9043,59.28
268.561,measure,4984.0,984.0,4.9043,59.25
268.661,measure,4984.0,984.0,4.9043,59.53
268.761,measure,4984.0,984.0,4.9043,59.41
268.861,measure,4984.0,984.0,4.9043,59.38
268.961,measure,4984.0,984.0,4.9043,59.31
269.062,measure,4984.0,984.0,4.9043,59.38
269.162,measure,4984.0,984.0,4.9043,59.31
269.262,measure,4984.0,984.0,4.9043,59.31
269.362,measure,4984.0,984.0,4.9043,59.38
269.462,measure,4984.0,984.0,4.9043,59.47
269.562,measure,4984.0,984.0,4.9043,59.44
269.662,measure,4984.0,984.0,4.9043,59.38
269.762,measure,4984.0,984.0,4.9043,59.38
269.863,measure,4984.0,984.0,4.9043,59.41
269.963,measure,4984.0,984.0,4.9043,59.38
270.063,measure,4984.0,984.0,4.9043,59.31
270.163,measure,4984.0,984.0,4.9043,59.28
270.263,measure,4984.0,984.0,4.9043,59.31
270.363,measure,4984.0,984.0,4.9043,59.22
270.463,measure,4984.0,984.0,4.9043,59.41
270.564,measure,4984.0,984.0,4.9043,59.41
270.664,measure,4984.0,984.0,4.9043,59.41
270.764,measure,4984.0,984.0,4.9043,59.41
270.864,measure,4984.0,984.0,4.9043,59.31
270.964,measure,4984.0,984.0,4.9043,59.34
271.064,measure,4984.0,984.0,4.9043,59.28
271.164,measure,4984.0,984.0,4.9043,59.28
271.265,measure,4984.0,984.0,4.9043,59.28
271.365,measure,4984.0,984.0,4.9043,59.47
271.465,measure,4984.0,984.0,4.9043,59.47
271.565,measure,4984.0,984.0,4.9043,59.34
271.665,measure,4984.0,984.0,4.9043,59.41
271.765,measure,4984.0,984.0,4.9043,59.31
271.865,measure,4984.0,984.0,4.9043,59.25
271.965,measure,4984.0,984.0,4.9043,59.28
272.066,measure,4984.0,984.0,4.9043,59.28
272.166,measure,4984.0,984.0,4.9043,59.28
272.266,measure,4984.0,984.0,4.9043,59.28
272.366,measure,4984.0,984.0,4.9043,59.50
272.466,measure,4984.0,984.0,4.9043,59.31
272.566,measure,4984.0,984.0,4.9043,59.41
272.666,measure,4984.0,984.0,4.9043,59.38
272.767,measure,4984.0,984.0,4.9043,59.28
272.867,measure,4984.0,984.0,4.9043,59.34
272.967,measure,4984.0,984.0,4.9043,59.31
273.067,measure,4984.0,984.0,4.9043,59.25
273.167,measure,4984.0,984.0,4.9043,59.28
273.267,measure,4984.0,984.0,4.9043,59.47
273.367,measure,4984.0,984.0,4.9043,59.31
273.468,measure,4984.0,984.0,4.9043,59.38
273.568,measure,4984.0,984.0,4.9043,59.34
273.668,measure,4984.0,976.0,4.8644,59.41
273.768,measure,4984.0,976.0,4.8644,59.28
273.868,measure,4984.0,976.0,4.8644,59.28
273.968,measure,4984.0,984.0,4.9043,59.28
274.068,measure,4984.0,984.0,4.9043,59.31
274.169,measure,4984.0,984.0,4.9043,59.53
274.269,measure,4984.0,984.0,4.9043,59.41
274.369,measure,4984.0,984.0,4.9043,59.41
274.469,measure,4984.0,984.0,4.9043,59.38
274.569,measure,4984.0,984.0,4.9043,59.25
274.669,measure,4984.0,984.0,4.9043,59.25
274.769,measure,4984.0,984.0,4.9043,59.25
274.869,measure,4984.0,976.0,4.8644,59.31
274.970,measure,4984.0,976.0,4.8644,59.31
275.070,measure,4984.0,976.0,4.8644,59.25
275.170,measure,4984.0,984.0,4.9043,59.41
275.270,measure,4984.0,984.0,4.9043,59.31
275.370,measure,4984.0,984.0,4.9043,59.34
275.471,measure,4984.0,984.0,4.9043,59.31
275.571,measure,4984.0,984.0,4.9043,59.31
275.671,measure,4984.0,984.0,4.9043,59.25
275.771,measure,4984.0,976.0,4.8644,59.28
275.871,measure,4984.0,976.0,4.8644,59.28
275.971,measure,4984.0,976.0,4.8644,59.19
276.071,measure,4984.0,984.0,4.9043,59.47
276.171,measure,4984.0,984.0,4.9043,59.41
276.272,measure,4984.0,984.0,4.9043,59.34
276.372,measure,4984.0,984.0,4.9043,59.34
276.472,measure,4984.0,984.0,4.9043,59.34
276.572,measure,4984.0,984.0,4.9043,59.31
276.672,measure,4984.0,984.0,4.9043,59.25
276.772,measure,4984.0,976.0,4.8644,59.25
276.872,measure,4984.0,976.0,4.8644,59.31
276.973,measure,4984.0,976.0,4.8644,59.41
277.073,measure,4984.0,976.0,4.8644,59.34
277.173,measure,4984.0,976.0,4.8644,59.41
277.273,measure,4984.0,976.0,4.8644,59.25
277.373,measure,4984.0,976.0,4.8644,59.34
277.473,measure,4984.0,976.0,4.8644,59.31
277.573,measure,4984.0,976.0,4.8644,59.31
277.673,measure,4984.0,976.0,4.8644,59.22
277.774,measure,4984.0,976.0,4.8644,59.25
277.874,measure,4984.0,976.0,4.8644,59.41
277.974,measure,4984.0,976.0,4.8644,59.38
278.074,measure,4984.0,976.0,4.8644,59.28
278.174,measure,4984.0,976.0,4.8644,59.31
278.274,measure,4984.0,976.0,4.8644,59.38
278.374,measure,4984.0,976.0,4.8644,59.34
278.474,measure,4984.0,976.0,4.8644,59.31
278.575,measure,4984.0,976.0,4.8644,59.28
278.675,measure,4984.0,976.0,4.8644,59.28
278.775,measure,4984.0,976.0,4.8644,59.38
278.875,measure,4984.0,976.0,4.8644,59.41
278.975,measure,4984.0,976.0,4.8644,59.34
279.075,measure,4984.0,976.0,4.8644,59.31
279.175,measure,4984.0,976.0,4.8644,59.25
279.276,measure,4984.0,976.0,4.8644,59.34
279.376,measure,4984.0,976.0,4.8644,59.31
279.476,measure,4984.0,976.0,4.8644,59.25
279.576,measure,4984.0,976.0,4.8644,59.28
279.676,measure,4984.0,976.0,4.8644,59.41
279.776,measure,4984.0,976.0,4.8644,59.41
279.877,measure,4984.0,976.0,4.8644,59.41
279.977,measure,4984.0,976.0,4.8644,59.34
280.077,measure,4984.0,976.0,4.8644,59.28
280.177,measure,4984.0,976.0,4.8644,59.22
280.277,measure,4984.0,976.0,4.8644,59.19
280.377,measure,4984.0,976.0,4.8644,59.25
280.477,measure,4984.0,976.0,4.8644,59.25
280.577,measure,4984.0,976.0,4.8644,59.44
280.678,measure,4984.0,976.0,4.8644,59.41
280.778,measure,4984.0,976.0,4.8644,59.28
280.878,measure,4984.0,976.0,4.8644,59.31
280.978,measure,4984.0,976.0,4.8644,59.25
281.078,measure,4984.0,976.0,4.8644,59.25
281.178,measure,4984.0,976.0,4.8644,59.31
281.278,measure,4984.0,976.0,4.8644,59.16
281.379,measure,4984.0,976.0,4.8644,59.44
281.479,measure,4984.0,976.0,4.8644,59.44
281.579,measure,4984.0,976.0,4.8644,59.41
281.679,measure,4984.0,976.0,4.8644,59.41
281.779,measure,4984.0,976.0,4.8644,59.41
281.879,measure,4984.0,976.0,4.8644,59.31
281.979,measure,4984.0,976.0,4.8644,59.31
282.079,measure,4984.0,976.0,4.8644,59.28
282.180,measure,4984.0,976.0,4.8644,59.25
282.280,measure,4984.0,976.0,4.8644,59.53
282.380,measure,4984.0,976.0,4.8644,59.41
282.480,measure,4984.0,976.0,4.8644,59.41
282.580,measure,4984.0,976.0,4.8644,59.31
282.680,measure,4984.0,976.0,4.8644,59.41
282.780,measure,4984.0,976.0,4.8644,59.34
282.880,measure,4984.0,976.0,4.8644,59.31
282.981,measure,4984.0,976.0,4.8644,59.38
283.081,measure,4984.0,976.0,4.8644,59.22
283.181,measure,4984.0,976.0,4.8644,59.22
283.281,measure,4984.0,976.0,4.8644,59.41
283.381,measure,4984.0,976.0,4.8644,59.38
283.481,measure,4984.0,976.0,4.8644,59.41
283.581,measure,4984.0,976.0,4.8644,59.38
283.682,measure,4984.0,976.0,4.8644,59.28
283.782,measure,4984.0,976.0,4.8644,59.22
283.882,measure,4984.0,976.0,4.8644,59.22
283.982,measure,4984.0,976.0,4.8644,59.22
284.082,measure,4984.0,976.0,4.8644,59.28
284.182,measure,4984.0,976.0,4.8644,59.44
284.282,measure,4984.0,976.0,4.8644,59.47
284.382,measure,4984.0,984.0,4.9043,59.38
284.483,measure,4984.0,976.0,4.8644,59.34
284.583,measure,4984.0,976.0,4.8644,59.34
284.683,measure,4984.0,976.0,4.8644,59.31
284.783,measure,4984.0,976.0,4.8644,59.28
284.883,measure,4984.0,976.0,4.8644,59.28
284.983,measure,4984.0,976.0,4.8644,59.28
285.083,measure,4984.0,976.0,4.8644,59.47
285.184,measure,4984.0,976.0,4.8644,59.50
285.284,measure,4984.0,976.0,4.8644,59.28
285.384,measure,4984.0,984.0,4.9043,59.34
285.484,measure,4984.0,976.0,4.8644,59.31
285.584,measure,4984.0,984.0,4.9043,59.25
285.684,measure,4984.0,976.0,4.8644,59.25
285.784,measure,4984.0,984.0,4.9043,59.19
285.884,measure,4984.0,976.0,4.8644,59.22
285.985,measure,4984.0,984.0,4.9043,59.47
286.085,measure,4984.0,976.0,4.8644,59.44
286.185,measure,4984.0,984.0,4.9043,59.41
286.285,measure,4984.0,976.0,4.8644,59.34
286.385,measure,4984.0,984.0,4.9043,59.34
286.485,measure,4984.0,984.0,4.9043,59.31
286.586,measure,4984.0,984.0,4.9043,59.38
286.686,measure,4984.0,976.0,4.8644,59.25
286.786,measure,4984.0,984.0,4.9043,59.22
286.886,measure,4984.0,976.0,4.8644,59.22
286.986,measure,4984.0,976.0,4.8644,59.44
287.086,measure,4984.0,976.0,4.8644,59.41
287.186,measure,4984.0,976.0,4.8644,59.28
287.286,measure,4984.0,976.0,4.8644,59.31
287.387,measure,4984.0,976.0,4.8644,59.19
287.487,measure,4984.0,976.0,4.8644,59.28
287.587,measure,4984.0,984.0,4.9043,59.25
287.688,measure,4984.0,976.0,4.8644,59.25
287.788,measure,4984.0,984.0,4.9043,59.19
287.888,measure,4984.0,976.0,4.8644,59.47
287.988,measure,4984.0,984.0,4.9043,59.34
288.088,measure,4984.0,976.0,4.8644,59.38
288.188,measure,4984.0,976.0,4.8644,59.31
288.288,measure,4984.0,976.0,4.8644,59.31
288.388,measure,4984.0,976.0,4.8644,59.31
288.489,measure,4984.0,976.0,4.8644,59.25
288.589,measure,4984.0,984.0,4.9043,59.31
288.689,measure,4984.0,976.0,4.8644,59.19
288.789,measure,4984.0,976.0,4.8644,59.25
288.889,measure,4984.0,984.0,4.9043,59.41
288.989,measure,4984.0,984.0,4.9043,59.41
289.089,measure,4984.0,984.0,4.9043,59.25
289.189,measure,4984.0,984.0,4.9043,59.25
289.290,measure,4984.0,984.0,4.9043,59.38
289.390,measure,4984.0,984.0,4.9043,59.28
289.490,measure,4984.0,984.0,4.9043,59.31
289.590,measure,4984.0,984.0,4.9043,59.28
289.690,measure,4984.0,984.0,4.9043,59.25
289.790,measure,4984.0,984.0,4.9043,59.38
289.890,measure,4984.0,984.0,4.9043,59.38
289.990,measure,4984.0,984.0,4.9043,59.28
290.091,measure,4984.0,984.0,4.9043,59.31
290.191,measure,4984.0,984.0,4.9043,59.28
290.291,measure,4984.0,984.0,4.9043,59.19
290.391,measure,4984.0,976.0,4.8644,59.28
290.491,measure,4984.0,984.0,4.9043,59.22
290.591,measure,4984.0,984.0,4.9043,59.22
290.691,measure,4984.0,984.0,4.9043,59.41
290.792,measure,4984.0,984.0,4.9043,59.41
290.892,measure,4984.0,984.0,4.9043,59.31
290.992,measure,4984.0,984.0,4.9043,59.25
291.092,measure,4984.0,984.0,4.9043,59.34
291.192,measure,4984.0,984.0,4.9043,59.25
291.292,measure,4984.0,984.0,4.9043,59.28
291.392,measure,4984.0,976.0,4.8644,59.25
291.492,measure,4984.0,976.0,4.8644,59.22
291.593,measure,4984.0,984.0,4.9043,59.34
291.693,measure,4984.0,984.0,4.9043,59.44
291.793,measure,4984.0,984.0,4.9043,59.34
291.893,measure,4984.0,984.0,4.9043,59.31
291.993,measure,4984.0,976.0,4.8644,59.25
292.093,measure,4984.0,976.0,4.8644,59.31
292.193,measure,4984.0,976.0,4.8644,59.28
292.294,measure,4984.0,976.0,4.8644,59.31
292.394,measure,4984.0,976.0,4.8644,59.41
292.494,measure,4984.0,984.0,4.9043,59.41
292.594,measure,4984.0,984.0,4.9043,59.47
292.694,measure,4984.0,984.0,4.9043,59.31
292.794,measure,4984.0,976.0,4.8644,59.38
292.894,measure,4984.0,976.0,4.8644,59.34
292.994,measure,4984.0,976.0,4.8644,59.28
293.095,measure,4984.0,976.0,4.8644,59.28
293.195,measure,4984.0,976.0,4.8644,59.28
293.295,measure,4984.0,976.0,4.8644,59.25
293.395,measure,4984.0,976.0,4.8644,59.41
293.495,measure,4984.0,976.0,4.8644,59.41
293.595,measure,4984.0,984.0,4.9043,59.41
293.695,measure,4984.0,976.0,4.8644,59.34
293.796,measure,4984.0,976.0,4.8644,59.28
293.896,measure,4984.0,976.0,4.8644,59.22
293.996,measure,4984.0,976.0,4.8644,59.28
294.096,measure,4984.0,976.0,4.8644,59.34
294.196,measure,4984.0,976.0,4.8644,59.41
294.296,measure,4984.0,976.0,4.8644,59.34
294.396,measure,4984.0,976.0,4.8644,59.41
294.496,measure,4984.0,976.0,4.8644,59.34
294.597,measure,4984.0,984.0,4.9043,59.34
294.697,measure,4984.0,984.0,4.9043,59.31
294.797,measure,4984.0,984.0,4.9043,59.38
294.897,measure,4984.0,976.0,4.8644,59.28
294.997,measure,4984.0,976.0,4.8644,59.28
295.097,measure,4984.0,976.0,4.8644,59.22
295.197,measure,4984.0,976.0,4.8644,59.41
295.297,measure,4984.0,976.0,4.8644,59.41
295.398,measure,4984.0,976.0,4.8644,59.38
295.498,measure,4984.0,976.0,4.8644,59.38
295.598,measure,4984.0,976.0,4.8644,59.28
295.698,measure,4984.0,976.0,4.8644,59.31
295.798,measure,4984.0,976.0,4.8644,59.28
295.898,measure,4984.0,976.0,4.8644,59.25
295.998,measure,4984.0,976.0,4.8644,59.28
296.099,measure,4984.0,976.0,4.8644,59.44
296.199,measure,4984.0,976.0,4.8644,59.38
296.299,measure,4984.0,976.0,4.8644,59.38
296.399,measure,4984.0,976.0,4.8644,59.34
296.499,measure,4984.0,976.0,4.8644,59.31
296.599,measure,4984.0,976.0,4.8644,59.34
296.699,measure,4984.0,976.0,4.8644,59.28
296.799,measure,4984.0,976.0,4.8644,59.22
296.900,measure,4984.0,976.0,4.8644,59.44
297.000,measure,4984.0,976.0,4.8644,59.41
297.100,measure,4984.0,976.0,4.8644,59.41
297.200,measure,4984.0,976.0,4.8644,59.41
297.300,measure,4984.0,976.0,4.8644,59.34
297.400,measure,4984.0,976.0,4.8644,59.28
297.500,measure,4984.0,976.0,4.8644,59.28
297.601,measure,4984.0,976.0,4.8644,59.31
297.701,measure,4984.0,976.0,4.8644,59.28
297.801,measure,4984.0,976.0,4.8644,59.19
297.901,measure,4984.0,976.0,4.8644,59.47
298.001,measure,4984.0,976.0,4.8644,59.41
298.101,measure,4984.0,976.0,4.8644,59.34
298.201,measure,4984.0,976.0,4.8644,59.31
298.301,measure,4984.0,976.0,4.8644,59.25
298.402,measure,4984.0,976.0,4.8644,59.25
298.502,measure,4984.0,976.0,4.8644,59.25
298.602,measure,4984.0,976.0,4.8644,59.28
298.702,measure,4984.0,976.0,4.8644,59.25
298.802,measure,4984.0,976.0,4.8644,59.41
298.902,measure,4984.0,976.0,4.8644,59.47
299.002,measure,4984.0,976.0,4.8644,59.38
299.102,measure,4984.0,976.0,4.8644,59.41
299.203,measure,4984.0,976.0,4.8644,59.31
299.303,measure,4984.0,976.0,4.8644,59.25
299.403,measure,4984.0,976.0,4.8644,59.25
299.503,measure,4984.0,976.0,4.8644,59.25
299.603,measure,4984.0,976.0,4.8644,59.28
299.703,measure,4984.0,976.0,4.8644,59.50
299.803,measure,4984.0,976.0,4.8644,59.47
299.904,measure,4984.0,976.0,4.8644,59.41
300.004,measure,4984.0,976.0,4.8644,59.41
300.104,measure,4984.0,976.0,4.8644,59.38
300.204,measure,4984.0,976.0,4.8644,59.31
300.304,measure,4984.0,976.0,4.8644,59.31
300.404,measure,4984.0,976.0,4.8644,59.25
300.504,measure,4984.0,976.0,4.8644,59.22
300.605,measure,4984.0,976.0,4.8644,59.19
300.705,measure,4984.0,976.0,4.8644,59.47
300.805,measure,4984.0,976.0,4.8644,59.31
300.905,measure,4984.0,976.0,4.8644,59.31
301.005,measure,4984.0,976.0,4.8644,59.34
301.105,measure,4984.0,976.0,4.8644,59.28
301.205,measure,4984.0,976.0,4.8644,59.34
301.305,measure,4984.0,976.0,4.8644,59.25
301.406,measure,4984.0,976.0,4.8644,59.28
301.506,measure,4984.0,976.0,4.8644,59.22
301.606,measure,4984.0,976.0,4.8644,59.47
301.706,measure,4984.0,976.0,4.8644,59.38
301.806,measure,4984.0,976.0,4.8644,59.38
301.906,measure,4984.0,976.0,4.8644,59.38
302.006,measure,4984.0,976.0,4.8644,59.25
302.106,measure,4984.0,976.0,4.8644,59.25
302.207,measure,4984.0,976.0,4.8644,59.22
302.307,measure,4984.0,976.0,4.8644,59.25
302.407,measure,4984.0,976.0,4.8644,59.25
302.507,measure,4984.0,976.0,4.8644,59.41
302.607,measure,4984.0,976.0,4.8644,59.38
302.707,measure,4984.0,976.0,4.8644,59.34
302.808,measure,4984.0,976.0,4.8644,59.31
302.908,measure,4984.0,976.0,4.8644,59.25
303.008,measure,4984.0,976.0,4.8644,59.28
303.108,measure,4984.0,976.0,4.8644,59.19
303.208,measure,4984.0,976.0,4.8644,59.22
303.308,measure,4984.0,976.0,4.8644,59.31
303.408,measure,4984.0,976.0,4.8644,59.38
303.508,measure,4984.0,976.0,4.8644,59.34
303.609,measure,4984.0,976.0,4.8644,59.38
303.709,measure,4984.0,976.0,4.8644,59.28
303.809,measure,4984.0,976.0,4.8644,59.28
303.909,measure,4984.0,976.0,4.8644,59.25
304.009,measure,4984.0,976.0,4.8644,59.28
304.109,measure,4984.0,976.0,4.8644,59.31
304.209,measure,4984.0,976.0,4.8644,59.28
304.309,measure,4984.0,976.0,4.8644,59.44
304.410,measure,4984.0,976.0,4.8644,59.41
304.510,measure,4984.0,976.0,4.8644,59.38
304.610,measure,4984.0,976.0,4.8644,59.31
304.710,measure,4984.0,976.0,4.8644,59.28
304.810,measure,4984.0,984.0,4.9043,59.25
304.910,measure,4984.0,984.0,4.9043,59.22
305.010,measure,4984.0,984.0,4.9043,59.22
305.111,measure,4984.0,976.0,4.8644,59.28
305.211,measure,4984.0,976.0,4.8644,59.44
305.311,measure,4984.0,976.0,4.8644,59.41
305.411,measure,4984.0,976.0,4.8644,59.31
305.511,measure,4984.0,976.0,4.8644,59.41
305.611,measure,4984.0,976.0,4.8644,59.34
305.711,measure,4984.0,976.0,4.8644,59.28
305.811,measure,4984.0,976.0,4.8644,59.19
305.912,measure,4984.0,976.0,4.8644,59.28
306.012,measure,4984.0,976.0,4.8644,59.25
306.112,measure,4984.0,976.0,4.8644,59.41
306.212,measure,4984.0,976.0,4.8644,59.41
306.312,measure,4984.0,976.0,4.8644,59.44
306.412,measure,4984.0,976.0,4.8644,59.34
306.512,measure,4984.0,976.0,4.8644,59.34
306.612,measure,4984.0,976.0,4.8644,59.25
306.713,measure,4984.0,976.0,4.8644,59.34
306.813,measure,4984.0,976.0,4.8644,59.28
306.913,measure,4984.0,984.0,4.9043,59.22
307.013,measure,4984.0,976.0,4.8644,59.38
307.113,measure,4984.0,984.0,4.9043,59.41
307.213,measure,4984.0,976.0,4.8644,59.44
307.313,measure,4984.0,976.0,4.8644,59.34
307.414,measure,4984.0,976.0,4.8644,59.28
307.514,measure,4984.0,976.0,4.8644,59.34
307.614,measure,4984.0,976.0,4.8644,59.25
307.714,measure,4984.0,976.0,4.8644,59.25
307.814,measure,4984.0,976.0,4.8644,59.34
307.914,measure,4984.0,984.0,4.9043,59.41
308.014,measure,4984.0,976.0,4.8644,59.41
308.114,measure,4984.0,976.0,4.8644,59.41
308.215,measure,4984.0,976.0,4.8644,59.34
308.315,measure,4984.0,976.0,4.8644,59.41
308.415,measure,4984.0,976.0,4.8644,59.31
308.515,measure,4984.0,976.0,4.8644,59.31
308.615,measure,4984.0,976.0,4.8644,59.28
308.715,measure,4984.0,976.0,4.8644,59.25
308.815,measure,4984.0,976.0,4.8644,59.53
308.916,measure,4984.0,984.0,4.9043,59.44
309.016,measure,4984.0,976.0,4.8644,59.41
309.116,measure,4984.0,984.0,4.9043,59.41
309.216,measure,4984.0,976.0,4.8644,59.34
309.316,measure,4984.0,984.0,4.9043,59.31
309.416,measure,4984.0,984.0,4.9043,59.25
309.516,measure,4984.0,984.0,4.9043,59.22
309.616,measure,4984.0,984.0,4.9043,59.25
309.717,measure,4984.0,984.0,4.9043,59.44
309.817,measure,4984.0,984.0,4.9043,59.41
309.917,measure,4984.0,984.0,4.9043,59.34
310.017,measure,4984.0,984.0,4.9043,59.25
310.117,measure,4984.0,984.0,4.9043,59.34
310.217,measure,4984.0,984.0,4.9043,59.22
310.317,measure,4984.0,984.0,4.9043,59.25
310.417,measure,4984.0,984.0,4.9043,59.19
310.518,measure,4984.0,984.0,4.9043,59.22
310.618,measure,4984.0,984.0,4.9043,59.44
310.718,measure,4984.0,984.0,4.9043,59.44
310.818,measure,4984.0,984.0,4.9043,59.34
310.918,measure,4984.0,984.0,4.9043,59.38
311.018,measure,4984.0,984.0,4.9043,59.34
311.119,measure,4984.0,984.0,4.9043,59.31
311.219,measure,4984.0,984.0,4.9043,59.31
311.319,measure,4984.0,984.0,4.9043,59.22
311.419,measure,4984.0,984.0,4.9043,59.31
311.519,measure,4984.0,984.0,4.9043,59.28
311.619,measure,4984.0,984.0,4.9043,59.47
311.719,measure,4984.0,984.0,4.9043,59.41
311.819,measure,4984.0,984.0,4.9043,59.31
311.920,measure,4984.0,984.0,4.9043,59.34
312.020,measure,4984.0,984.0,4.9043,59.31
312.120,measure,4984.0,984.0,4.9043,59.34
312.220,measure,4984.0,984.0,4.9043,59.25
312.320,measure,4984.0,984.0,4.9043,59.19
312.420,measure,4984.0,984.0,4.9043,59.22
312.521,measure,4984.0,984.0,4.9043,59.53
312.621,measure,4984.0,984.0,4.9043,59.47
312.721,measure,4984.0,984.0,4.9043,59.41
312.821,measure,4984.0,984.0,4.9043,59.38
312.922,measure,4984.0,984.0,4.9043,59.25
313.022,measure,4984.0,984.0,4.9043,59.25
313.122,measure,4984.0,984.0,4.9043,59.25
313.222,measure,4984.0,984.0,4.9043,59.31
313.322,measure,4984.0,984.0,4.9043,59.25
313.422,measure,4984.0,984.0,4.9043,59.47
313.522,measure,4984.0,984.0,4.9043,59.38
313.622,measure,4984.0,984.0,4.9043,59.41
313.723,measure,4984.0,984.0,4.9043,59.31
313.823,measure,4984.0,984.0,4.9043,59.19
313.923,measure,4984.0,984.0,4.9043,59.31
314.023,measure,4984.0,984.0,4.9043,59.31
314.123,measure,4984.0,984.0,4.9043,59.28
314.223,measure,4984.0,984.0,4.9043,59.22
314.323,measure,4984.0,984.0,4.9043,59.34
314.423,measure,4984.0,984.0,4.9043,59.38
314.524,measure,4984.0,984.0,4.9043,59.34
314.624,measure,4984.0,984.0,4.9043,59.31
314.724,measure,4984.0,984.0,4.9043,59.38
314.824,measure,4984.0,984.0,4.9043,59.31
314.924,measure,4984.0,984.0,4.9043,59.31
315.024,measure,4984.0,984.0,4.9043,59.22
315.124,measure,4984.0,984.0,4.9043,59.22
315.224,measure,4984.0,984.0,4.9043,59.22
315.325,measure,4984.0,984.0,4.9043,59.38
315.425,measure,4984.0,984.0,4.9043,59.38
315.525,measure,4984.0,984.0,4.9043,59.28
315.625,measure,4984.0,984.0,4.9043,59.38
315.725,measure,4984.0,984.0,4.9043,59.28
315.825,measure,4984.0,984.0,4.9043,59.31
315.925,measure,4984.0,984.0,4.9043,59.25
316.025,measure,4984.0,984.0,4.9043,59.25
316.126,measure,4984.0,984.0,4.9043,59.25
316.226,measure,4984.0,984.0,4.9043,59.38
316.326,measure,4984.0,984.0,4.9043,59.34
316.426,measure,4984.0,984.0,4.9043,59.41
316.526,measure,4984.0,984.0,4.9043,59.22
316.626,measure,4984.0,984.0,4.9043,59.41
316.726,measure,4984.0,984.0,4.9043,59.38
316.827,measure,4984.0,984.0,4.9043,59.31
316.927,measure,4984.0,984.0,4.9043,59.22
317.027,measure,4984.0,984.0,4.9043,59.28
317.127,measure,4984.0,984.0,4.9043,59.41
317.227,measure,4984.0,984.0,4.9043,59.34
317.327,measure,4984.0,984.0,4.9043,59.31
317.427,measure,4984.0,984.0,4.9043,59.31
317.527,measure,4984.0,984.0,4.9043,59.22
317.628,measure,4984.0,984.0,4.9043,59.31
317.728,measure,4984.0,984.0,4.9043,59.28
317.828,measure,4984.0,984.0,4.9043,59.22
317.928,measure,4984.0,984.0,4.9043,59.25
318.028,measure,4984.0,984.0,4.9043,59.47
318.128,measure,4984.0,984.0,4.9043,59.41
318.228,measure,4984.0,984.0,4.9043,59.38
318.329,measure,4984.0,984.0,4.9043,59.38
318.429,measure,4984.0,984.0,4.9043,59.28
318.529,measure,4984.0,984.0,4.9043,59.28
318.629,measure,4984.0,984.0,4.9043,59.25
318.729,measure,4984.0,984.0,4.9043,59.25
318.829,measure,4984.0,984.0,4.9043,59.25
318.929,measure,4984.0,984.0,4.9043,59.44
319.029,measure,4984.0,984.0,4.9043,59.31
319.130,measure,4984.0,984.0,4.9043,59.38
319.230,measure,4984.0,984.0,4.9043,59.34
319.330,measure,4984.0,984.0,4.9043,59.25
319.430,measure,4984.0,984.0,4.9043,59.28
319.530,measure,4984.0,984.0,4.9043,59.19
319.630,measure,4984.0,984.0,4.9043,59.16
319.730,measure,4984.0,984.0,4.9043,59.41
319.830,measure,4984.0,984.0,4.9043,59.41
319.931,measure,4984.0,984.0,4.9043,59.34
320.031,measure,4984.0,984.0,4.9043,59.41
320.131,measure,4984.0,984.0,4.9043,59.31
320.231,measure,4984.0,984.0,4.9043,59.34
320.331,measure,4984.0,984.0,4.9043,59.28
320.431,measure,4984.0,984.0,4.9043,59.22
320.531,measure,4984.0,984.0,4.9043,59.25
320.631,measure,4984.0,984.0,4.9043,59.41
320.732,measure,4984.0,984.0,4.9043,59.41
320.832,measure,4984.0,976.0,4.8644,59.44
320.932,measure,4984.0,984.0,4.9043,59.31
321.032,measure,4984.0,976.0,4.8644,59.31
321.132,measure,4984.0,976.0,4.8644,59.34
321.232,measure,4984.0,984.0,4.9043,59.31
321.332,measure,4984.0,984.0,4.9043,59.31
321.432,measure,4984.0,992.0,4.9441,59.28
321.533,measure,4984.0,992.0,4.9441,59.41
321.633,measure,4984.0,992.0,4.9441,59.47
321.733,measure,4984.0,992.0,4.9441,59.44
321.833,measure,4984.0,1016.0,5.0637,59.38
321.933,measure,4984.0,1040.0,5.1834,59.34
322.033,measure,4984.0,1072.0,5.3428,59.25
322.133,measure,4976.0,1104.0,5.4935,59.28
322.234,measure,4976.0,1120.0,5.5731,59.38
322.334,measure,4976.0,1144.0,5.6925,59.28
322.434,measure,4976.0,1160.0,5.7722,59.25
322.534,measure,4976.0,1168.0,5.8120,59.44
322.634,measure,4976.0,1168.0,5.8120,59.41
322.734,measure,4976.0,1168.0,5.8120,59.34
322.835,measure,4976.0,1168.0,5.8120,59.38
322.935,measure,4976.0,1160.0,5.7722,59.38
323.035,measure,4976.0,1120.0,5.5731,59.31
323.135,measure,4976.0,1088.0,5.4139,59.31
323.235,measure,4984.0,1064.0,5.3030,59.31
323.335,measure,4984.0,1048.0,5.2232,59.38
323.435,measure,4984.0,1032.0,5.1435,59.50
323.535,measure,4984.0,1016.0,5.0637,59.53
323.636,measure,4984.0,1008.0,5.0239,59.38
323.736,measure,4984.0,1000.0,4.9840,59.38
323.836,measure,4984.0,1000.0,4.9840,59.38
323.936,measure,4984.0,992.0,4.9441,59.34
324.036,measure,4984.0,992.0,4.9441,59.34
324.136,measure,4984.0,984.0,4.9043,59.28
324.236,measure,4984.0,984.0,4.9043,59.31
324.337,measure,4984.0,984.0,4.9043,59.50
324.437,measure,4984.0,984.0,4.9043,59.47
324.537,measure,4984.0,976.0,4.8644,59.34
324.637,measure,4984.0,976.0,4.8644,59.31
324.737,measure,4984.0,976.0,4.8644,59.34
324.837,measure,4984.0,976.0,4.8644,59.38
324.937,measure,4984.0,976.0,4.8644,59.41
325.037,measure,4984.0,976.0,4.8644,59.28
325.138,measure,4984.0,976.0,4.8644,59.25
325.238,measure,4984.0,976.0,4.8644,59.25
325.338,measure,4984.0,976.0,4.8644,59.50
325.438,measure,4984.0,976.0,4.8644,59.44
325.538,measure,4984.0,976.0,4.8644,59.41
325.638,measure,4984.0,976.0,4.8644,59.38
325.738,measure,4984.0,976.0,4.8644,59.31
325.839,measure,4984.0,976.0,4.8644,59.28
325.939,measure,4984.0,976.0,4.8644,59.28
326.039,measure,4984.0,976.0,4.8644,59.19
326.139,measure,4984.0,976.0,4.8644,59.28
326.239,measure,4984.0,976.0,4.8644,59.44
326.339,measure,4984.0,976.0,4.8644,59.44
326.439,measure,4984.0,976.0,4.8644,59.41
326.540,measure,4984.0,976.0,4.8644,59.38
326.640,measure,4984.0,976.0,4.8644,59.38
326.740,measure,4984.0,976.0,4.8644,59.34
326.840,measure,4984.0,976.0,4.8644,59.28
326.940,measure,4984.0,976.0,4.8644,59.34
327.040,measure,4984.0,976.0,4.8644,59.22
327.140,measure,4984.0,976.0,4.8644,59.47
327.241,measure,4984.0,976.0,4.8644,59.50
327.341,measure,4984.0,976.0,4.8644,59.41
327.441,measure,4984.0,976.0,4.8644,59.41
327.541,measure,4984.0,976.0,4.8644,59.31
327.641,measure,4984.0,976.0,4.8644,59.34
327.741,measure,4984.0,976.0,4.8644,59.31
327.841,measure,4984.0,976.0,4.8644,59.25
327.942,measure,4984.0,976.0,4.8644,59.25
328.042,measure,4984.0,976.0,4.8644,59.25
328.142,measure,4984.0,976.0,4.8644,59.50
328.242,measure,4984.0,976.0,4.8644,59.38
328.342,measure,4984.0,976.0,4.8644,59.38
328.442,measure,4984.0,976.0,4.8644,59.38
328.542,measure,4984.0,976.0,4.8644,59.28
328.643,measure,4984.0,976.0,4.8644,59.28
328.743,measure,4984.0,976.0,4.8644,59.28
328.843,measure,4984.0,976.0,4.8644,59.28
328.943,measure,4984.0,976.0,4.8644,59.22
329.043,measure,4984.0,976.0,4.8644,59.50
329.143,measure,4984.0,976.0,4.8644,59.34
329.244,measure,4984.0,976.0,4.8644,59.41
329.344,measure,4984.0,976.0,4.8644,59.34
329.444,measure,4984.0,976.0,4.8644,59.34
329.544,measure,4984.0,976.0,4.8644,59.38
329.644,measure,4984.0,976.0,4.8644,59.28
329.744,measure,4984.0,976.0,4.8644,59.31
329.844,measure,4984.0,976.0,4.8644,59.22
329.945,measure,4984.0,976.0,4.8644,59.44
330.045,measure,4984.0,976.0,4.8644,59.41
330.145,measure,4984.0,976.0,4.8644,59.41
330.245,measure,4984.0,976.0,4.8644,59.31
330.345,measure,4984.0,976.0,4.8644,59.34
330.445,measure,4984.0,976.0,4.8644,59.19
330.545,measure,4984.0,976.0,4.8644,59.28
330.646,measure,4984.0,976.0,4.8644,59.28
330.746,measure,4984.0,976.0,4.8644,59.34
330.846,measure,4984.0,976.0,4.8644,59.38
330.946,measure,4984.0,976.0,4.8644,59.38
331.046,measure,4984.0,976.0,4.8644,59.38
331.146,measure,4984.0,976.0,4.8644,59.25
331.246,measure,4984.0,976.0,4.8644,59.38
331.347,measure,4984.0,976.0,4.8644,59.31
331.447,measure,4984.0,984.0,4.9043,59.31
331.547,measure,4984.0,984.0,4.9043,59.22
331.647,measure,4984.0,984.0,4.9043,59.38
331.747,measure,4984.0,976.0,4.8644,59.41
331.847,measure,4984.0,984.0,4.9043,59.41
331.947,measure,4984.0,984.0,4.9043,59.44
332.048,measure,4984.0,984.0,4.9043,59.31
332.148,measure,4984.0,984.0,4.9043,59.38
332.248,measure,4984.0,984.0,4.9043,59.31
332.348,measure,4984.0,984.0,4.9043,59.22
332.448,measure,4984.0,984.0,4.9043,59.25
332.548,measure,4984.0,984.0,4.9043,59.25
332.648,measure,4984.0,984.0,4.9043,59.25
332.749,measure,4984.0,984.0,4.9043,59.31
332.849,measure,4984.0,984.0,4.9043,59.41
332.949,measure,4984.0,984.0,4.9043,59.34
333.049,measure,4984.0,984.0,4.9043,59.25
333.149,measure,4984.0,976.0,4.8644,59.28
333.249,measure,4984.0,984.0,4.9043,59.25
333.350,measure,4984.0,976.0,4.8644,59.28
333.450,measure,4984.0,984.0,4.9043,59.25
333.550,measure,4984.0,984.0,4.9043,59.41
333.650,measure,4984.0,984.0,4.9043,59.41
333.750,measure,4984.0,984.0,4.9043,59.41
333.850,measure,4984.0,984.0,4.9043,59.38
333.950,measure,4984.0,984.0,4.9043,59.34
334.051,measure,4984.0,984.0,4.9043,59.34
334.151,measure,4984.0,984.0,4.9043,59.28
334.251,measure,4984.0,984.0,4.9043,59.28
334.351,measure,4984.0,984.0,4.9043,59.22
334.451,measure,4984.0,984.0,4.9043,59.25
334.551,measure,4984.0,984.0,4.9043,59.41
334.651,measure,4984.0,984.0,4.9043,59.38
334.752,measure,4984.0,984.0,4.9043,59.38
334.852,measure,4984.0,984.0,4.9043,59.38
334.952,measure,4984.0,984.0,4.9043,59.34
335.052,measure,4984.0,984.0,4.9043,59.34
335.152,measure,4984.0,976.0,4.8644,59.28
335.252,measure,4984.0,984.0,4.9043,59.28
335.352,measure,4984.0,984.0,4.9043,59.44
335.453,measure,4984.0,984.0,4.9043,59.44
335.553,measure,4984.0,984.0,4.9043,59.41
335.653,measure,4984.0,984.0,4.9043,59.38
335.753,measure,4984.0,984.0,4.9043,59.31
335.853,measure,4984.0,984.0,4.9043,59.28
335.953,measure,4984.0,976.0,4.8644,59.25
336.053,measure,4984.0,984.0,4.9043,59.31
336.154,measure,4984.0,976.0,4.8644,59.22
336.254,measure,4984.0,984.0,4.9043,59.19
336.355,measure,4984.0,976.0,4.8644,59.44
336.455,measure,4984.0,984.0,4.9043,59.38
336.555,measure,4984.0,984.0,4.9043,59.41
336.655,measure,4984.0,984.0,4.9043,59.41
336.755,measure,4984.0,984.0,4.9043,59.34
336.855,measure,4984.0,984.0,4.9043,59.34
336.955,measure,4984.0,984.0,4.9043,59.31
337.056,measure,4984.0,984.0,4.9043,59.28
337.156,measure,4984.0,984.0,4.9043,59.22
337.256,measure,4984.0,984.0,4.9043,59.41
337.356,measure,4984.0,984.0,4.9043,59.41
337.456,measure,4984.0,984.0,4.9043,59.41
337.556,measure,4984.0,984.0,4.9043,59.38
337.656,measure,4984.0,984.0,4.9043,59.31
337.757,measure,4984.0,984.0,4.9043,59.31
337.857,measure,4984.0,984.0,4.9043,59.31
337.957,measure,4984.0,984.0,4.9043,59.25
338.057,measure,4984.0,984.0,4.9043,59.22
338.157,measure,4984.0,984.0,4.9043,59.44
338.257,measure,4984.0,984.0,4.9043,59.41
338.358,measure,4984.0,984.0,4.9043,59.41
338.458,measure,4984.0,984.0,4.9043,59.34
338.558,measure,4984.0,984.0,4.9043,59.38
338.658,measure,4984.0,984.0,4.9043,59.34
338.758,measure,4984.0,984.0,4.9043,59.28
338.858,measure,4984.0,984.0,4.9043,59.25
338.958,measure,4984.0,984.0,4.9043,59.28
339.059,measure,4984.0,984.0,4.9043,59.47
339.159,measure,4984.0,984.0,4.9043,59.47
339.259,measure,4984.0,984.0,4.9043,59.41
339.359,measure,4984.0,984.0,4.9043,59.28
339.459,measure,4984.0,984.0,4.9043,59.31
339.559,measure,4984.0,984.0,4.9043,59.31
339.659,measure,4984.0,984.0,4.9043,59.28
339.760,measure,4984.0,984.0,4.9043,59.28
339.860,measure,4984.0,984.0,4.9043,59.28
339.960,measure,4984.0,984.0,4.9043,59.41
340.060,measure,4984.0,984.0,4.9043,59.50
340.160,measure,4984.0,984.0,4.9043,59.41
340.260,measure,4984.0,984.0,4.9043,59.31
340.360,measure,4984.0,984.0,4.9043,59.31
340.460,measure,4984.0,984.0,4.9043,59.31
340.561,measure,4984.0,984.0,4.9043,59.31
340.661,measure,4984.0,984.0,4.9043,59.31
340.761,measure,4984.0,984.0,4.9043,59.28
340.861,measure,4984.0,984.0,4.9043,59.47
340.961,measure,4984.0,984.0,4.9043,59.47
341.061,measure,4984.0,984.0,4.9043,59.44
341.161,measure,4984.0,984.0,4.9043,59.38
341.262,measure,4984.0,976.0,4.8644,59.38
341.362,measure,4984.0,984.0,4.9043,59.38
341.462,measure,4984.0,976.0,4.8644,59.28
341.562,measure,4984.0,984.0,4.9043,59.25
341.662,measure,4984.0,984.0,4.9043,59.28
341.762,measure,4984.0,984.0,4.9043,59.28
341.862,measure,4984.0,984.0,4.9043,59.47
341.963,measure,4984.0,984.0,4.9043,59.41
342.063,measure,4984.0,984.0,4.9043,59.31
342.163,measure,4984.0,984.0,4.9043,59.31
342.263,measure,4984.0,984.0,4.9043,59.31
342.363,measure,4984.0,984.0,4.9043,59.31
342.463,measure,4984.0,984.0,4.9043,59.25
342.563,measure,4984.0,976.0,4.8644,59.25
342.663,measure,4984.0,984.0,4.9043,59.25
342.764,measure,4984.0,984.0,4.9043,59.41
342.864,measure,4984.0,984.0,4.9043,59.41
342.964,measure,4984.0,984.0,4.9043,59.41
343.064,measure,4984.0,984.0,4.9043,59.38
343.164,measure,4984.0,984.0,4.9043,59.31
343.264,measure,4984.0,984.0,4.9043,59.31
343.364,measure,4984.0,984.0,4.9043,59.22
343.465,measure,4984.0,984.0,4.9043,59.28
343.565,measure,4984.0,976.0,4.8644,59.31
343.665,measure,4984.0,976.0,4.8644,59.41
343.765,measure,4984.0,984.0,4.9043,59.44
343.865,measure,4984.0,984.0,4.9043,59.34
343.965,measure,4984.0,984.0,4.9043,59.31
344.065,measure,4984.0,984.0,4.9043,59.28
344.166,measure,4984.0,984.0,4.9043,59.25
344.266,measure,4984.0,984.0,4.9043,59.19
344.366,measure,4984.0,976.0,4.8644,59.31
344.466,measure,4984.0,976.0,4.8644,59.28
344.566,measure,4984.0,976.0,4.8644,59.25
344.666,measure,4984.0,976.0,4.8644,59.47
344.766,measure,4984.0,984.0,4.9043,59.38
344.867,measure,4984.0,976.0,4.8644,59.38
344.967,measure,4984.0,976.0,4.8644,59.34
345.067,measure,4984.0,976.0,4.8644,59.31
345.167,measure,4984.0,984.0,4.9043,59.19
345.267,measure,4984.0,976.0,4.8644,59.22
345.367,measure,4984.0,976.0,4.8644,59.28
345.467,measure,4984.0,976.0,4.8644,59.25
345.568,measure,4984.0,976.0,4.8644,59.47
345.668,measure,4984.0,976.0,4.8644,59.41
345.768,measure,4984.0,984.0,4.9043,59.41
345.868,measure,4984.0,984.0,4.9043,59.38
345.968,measure,4984.0,984.0,4.9043,59.31
346.068,measure,4984.0,976.0,4.8644,59.31
346.168,measure,4984.0,984.0,4.9043,59.22
346.269,measure,4984.0,976.0,4.8644,59.25
346.369,measure,4984.0,976.0,4.8644,59.25
346.469,measure,4984.0,976.0,4.8644,59.41
346.569,measure,4984.0,976.0,4.8644,59.41
346.669,measure,4984.0,976.0,4.8644,59.38
346.769,measure,4984.0,976.0,4.8644,59.28
346.869,measure,4984.0,984.0,4.9043,59.41
346.969,measure,4984.0,976.0,4.8644,59.22
347.070,measure,4984.0,976.0,4.8644,59.25
347.170,measure,4984.0,984.0,4.9043,59.22
347.270,measure,4984.0,976.0,4.8644,59.31
347.370,measure,4984.0,976.0,4.8644,59.44
347.470,measure,4984.0,976.0,4.8644,59.41
347.570,measure,4984.0,976.0,4.8644,59.41
347.670,measure,4984.0,976.0,4.8644,59.34
347.770,measure,4984.0,976.0,4.8644,59.38
347.871,measure,4984.0,976.0,4.8644,59.34
347.971,measure,4984.0,976.0,4.8644,59.28
348.071,measure,4984.0,976.0,4.8644,59.25
348.171,measure,4984.0,984.0,4.9043,59.25
348.271,measure,4984.0,984.0,4.9043,59.31
348.371,measure,4984.0,976.0,4.8644,59.44
348.471,measure,4984.0,976.0,4.8644,59.41
348.572,measure,4984.0,976.0,4.8644,59.31
348.672,measure,4984.0,976.0,4.8644,59.31
348.772,measure,4984.0,984.0,4.9043,59.28
348.872,measure,4984.0,984.0,4.9043,59.25
348.972,measure,4984.0,984.0,4.9043,59.28
349.072,measure,4984.0,984.0,4.9043,59.28
349.172,measure,4984.0,984.0,4.9043,59.41
349.272,measure,4984.0,984.0,4.9043,59.44
349.373,measure,4984.0,984.0,4.9043,59.41
349.473,measure,4984.0,984.0,4.9043,59.25
349.573,measure,4984.0,984.0,4.9043,59.28
349.673,measure,4984.0,984.0,4.9043,59.28
349.773,measure,4984.0,984.0,4.9043,59.31
349.873,measure,4984.0,984.0,4.9043,59.38
349.974,measure,4984.0,984.0,4.9043,59.22
350.074,measure,4984.0,984.0,4.9043,59.41
350.174,measure,4984.0,984.0,4.9043,59.47
350.274,measure,4984.0,984.0,4.9043,59.34
350.374,measure,4984.0,984.0,4.9043,59.41
350.474,measure,4984.0,976.0,4.8644,59.31
350.574,measure,4984.0,976.0,4.8644,59.28
350.674,measure,4984.0,976.0,4.8644,59.25
350.775,measure,4984.0,976.0,4.8644,59.25
350.875,measure,4984.0,984.0,4.9043,59.28
350.975,measure,4984.0,984.0,4.9043,59.41
351.075,measure,4984.0,984.0,4.9043,59.41
351.175,measure,4984.0,984.0,4.9043,59.47
351.275,measure,4984.0,984.0,4.9043,59.34
351.375,measure,4984.0,984.0,4.9043,59.34
351.476,measure,4984.0,984.0,4.9043,59.22
351.576,measure,4984.0,984.0,4.9043,59.28
351.676,measure,4984.0,984.0,4.9043,59.25
351.776,measure,4984.0,984.0,4.9043,59.25
351.876,measure,4984.0,984.0,4.9043,59.44
351.976,measure,4984.0,984.0,4.9043,59.41
352.076,measure,4984.0,984.0,4.9043,59.41
352.176,measure,4984.0,984.0,4.9043,59.34
352.277,measure,4984.0,984.0,4.9043,59.41
352.377,measure,4984.0,984.0,4.9043,59.28
352.477,measure,4984.0,976.0,4.8644,59.31
352.577,measure,4984.0,984.0,4.9043,59.28
352.677,measure,4984.0,976.0,4.8644,59.22
352.777,measure,4984.0,976.0,4.8644,59.47
352.877,measure,4984.0,984.0,4.9043,59.44
352.978,measure,4984.0,984.0,4.9043,59.41
353.078,measure,4984.0,984.0,4.9043,59.31
353.178,measure,4984.0,984.0,4.9043,59.38
353.278,measure,4984.0,984.0,4.9043,59.31
353.378,measure,4984.0,984.0,4.9043,59.31
353.478,measure,4984.0,984.0,4.9043,59.22
353.578,measure,4984.0,984.0,4.9043,59.31
353.678,measure,4984.0,976.0,4.8644,59.47
353.779,measure,4984.0,984.0,4.9043,59.50
353.879,measure,4984.0,976.0,4.8644,59.22
353.979,measure,4984.0,984.0,4.9043,59.34
354.079,measure,4984.0,984.0,4.9043,59.31
354.179,measure,4984.0,984.0,4.9043,59.41
354.279,measure,4984.0,984.0,4.9043,59.28
354.379,measure,4984.0,984.0,4.9043,59.25
354.480,measure,4984.0,984.0,4.9043,59.28
354.580,measure,4984.0,984.0,4.9043,59.44
354.680,measure,4984.0,976.0,4.8644,59.44
354.780,measure,4984.0,976.0,4.8644,59.38
354.880,measure,4984.0,976.0,4.8644,59.34
354.980,measure,4984.0,984.0,4.9043,59.41
355.080,measure,4984.0,984.0,4.9043,59.34
355.181,measure,4984.0,984.0,4.9043,59.28
355.281,measure,4984.0,976.0,4.8644,59.16
355.381,measure,4984.0,984.0,4.9043,59.25
355.481,measure,4984.0,984.0,4.9043,59.16
355.581,measure,4984.0,984.0,4.9043,59.41
355.681,measure,4984.0,976.0,4.8644,59.44
355.781,measure,4984.0,976.0,4.8644,59.38
355.882,measure,4984.0,976.0,4.8644,59.34
355.982,measure,4984.0,984.0,4.9043,59.19
356.082,measure,4984.0,984.0,4.9043,59.22
356.182,measure,4984.0,984.0,4.9043,59.19
356.282,measure,4984.0,984.0,4.9043,59.25
356.382,measure,4984.0,984.0,4.9043,59.22
356.482,measure,4984.0,976.0,4.8644,59.50
356.582,measure,4984.0,976.0,4.8644,59.44
356.683,measure,4984.0,976.0,4.8644,59.34
356.783,measure,4984.0,976.0,4.8644,59.31
356.883,measure,4984.0,976.0,4.8644,59.31
356.983,measure,4984.0,976.0,4.8644,59.34
357.083,measure,4984.0,984.0,4.9043,59.25
357.183,measure,4984.0,984.0,4.9043,59.22
357.283,measure,4984.0,984.0,4.9043,59.22
357.384,measure,4984.0,984.0,4.9043,59.47
357.484,measure,4984.0,984.0,4.9043,59.31
357.584,measure,4984.0,984.0,4.9043,59.34
357.684,measure,4984.0,984.0,4.9043,59.38
357.784,measure,4984.0,984.0,4.9043,59.34
357.884,measure,4984.0,984.0,4.9043,59.31
357.984,measure,4984.0,984.0,4.9043,59.31
358.085,measure,4984.0,984.0,4.9043,59.22
358.185,measure,4984.0,984.0,4.9043,59.22
358.285,measure,4984.0,984.0,4.9043,59.25
358.385,measure,4984.0,984.0,4.9043,59.44
358.485,measure,4984.0,984.0,4.9043,59.34
358.585,measure,4984.0,984.0,4.9043,59.31
358.686,measure,4984.0,984.0,4.9043,59.28
358.786,measure,4984.0,984.0,4.9043,59.31
358.886,measure,4984.0,984.0,4.9043,59.31
358.986,measure,4984.0,984.0,4.9043,59.25
359.086,measure,4984.0,984.0,4.9043,59.25
359.186,measure,4984.0,984.0,4.9043,59.19
359.286,measure,4984.0,984.0,4.9043,59.47
359.387,measure,4984.0,984.0,4.9043,59.38
359.487,measure,4984.0,984.0,4.9043,59.38
359.588,measure,4984.0,984.0,4.9043,59.34
359.688,measure,4984.0,984.0,4.9043,59.38
359.788,measure,4984.0,984.0,4.9043,59.28
359.888,measure,4984.0,984.0,4.9043,59.31
359.988,measure,4984.0,984.0,4.9043,59.22
360.088,measure,4984.0,984.0,4.9043,59.22
360.189,measure,4984.0,984.0,4.9043,59.25
360.289,measure,4984.0,984.0,4.9043,59.31
