t_rel_s,phase,mv,ma,watt,temp_max_c
0.000,warmup,4984.0,1032.0,5.1435,58.44
0.100,warmup,4984.0,1024.0,5.1036,58.34
0.200,warmup,4984.0,992.0,4.9441,58.31
0.301,warmup,4984.0,976.0,4.8644,58.38
0.401,warmup,4984.0,968.0,4.8245,58.34
0.501,warmup,4992.0,952.0,4.7524,58.53
0.601,warmup,4992.0,944.0,4.7124,58.44
0.701,warmup,4992.0,944.0,4.7124,58.50
0.801,warmup,4992.0,936.0,4.6725,58.44
0.901,warmup,4992.0,936.0,4.6725,58.41
1.001,warmup,4992.0,928.0,4.6326,58.41
1.102,warmup,4992.0,928.0,4.6326,58.31
1.202,warmup,4992.0,920.0,4.5926,58.31
1.302,warmup,4992.0,920.0,4.5926,58.38
1.402,warmup,4992.0,920.0,4.5926,58.50
1.502,warmup,4992.0,920.0,4.5926,58.50
1.602,warmup,4992.0,920.0,4.5926,58.44
1.702,warmup,4992.0,920.0,4.5926,58.44
1.803,warmup,4992.0,920.0,4.5926,58.41
1.903,warmup,4992.0,920.0,4.5926,58.38
2.003,warmup,4992.0,920.0,4.5926,58.41
2.103,warmup,4992.0,920.0,4.5926,58.34
2.203,warmup,4992.0,920.0,4.5926,58.38
2.304,warmup,4992.0,920.0,4.5926,58.50
2.404,warmup,4992.0,920.0,4.5926,58.47
2.504,warmup,4992.0,920.0,4.5926,58.47
2.604,warmup,4992.0,920.0,4.5926,58.41
2.704,warmup,4992.0,920.0,4.5926,58.38
2.804,warmup,4992.0,920.0,4.5926,58.38
2.904,warmup,4992.0,920.0,4.5926,58.38
3.005,warmup,4992.0,920.0,4.5926,58.34
3.105,warmup,4992.0,920.0,4.5926,58.38
3.205,warmup,4992.0,920.0,4.5926,58.50
3.305,warmup,4992.0,920.0,4.5926,58.47
3.405,warmup,4992.0,920.0,4.5926,58.47
3.505,warmup,4992.0,920.0,4.5926,58.44
3.606,warmup,4992.0,920.0,4.5926,58.41
3.706,warmup,4992.0,920.0,4.5926,58.31
3.806,warmup,4992.0,920.0,4.5926,58.38
3.906,warmup,4992.0,920.0,4.5926,58.34
4.006,warmup,4992.0,920.0,4.5926,58.28
4.106,warmup,4992.0,920.0,4.5926,58.28
4.207,warmup,4992.0,920.0,4.5926,58.53
4.307,warmup,4992.0,920.0,4.5926,58.50
4.407,warmup,4992.0,920.0,4.5926,58.50
4.507,warmup,4992.0,920.0,4.5926,58.38
4.607,warmup,4992.0,920.0,4.5926,58.41
4.707,warmup,4992.0,920.0,4.5926,58.34
4.807,warmup,4992.0,920.0,4.5926,58.38
4.907,warmup,4992.0,920.0,4.5926,58.34
5.008,warmup,4992.0,920.0,4.5926,58.50
5.108,warmup,4992.0,920.0,4.5926,58.56
5.208,warmup,4992.0,920.0,4.5926,58.47
5.308,warmup,4992.0,920.0,4.5926,58.44
5.408,warmup,4992.0,920.0,4.5926,58.41
5.508,warmup,4992.0,920.0,4.5926,58.41
5.608,warmup,4992.0,920.0,4.5926,58.34
5.708,warmup,4992.0,920.0,4.5926,58.34
5.809,warmup,4992.0,920.0,4.5926,58.38
5.909,warmup,4992.0,920.0,4.5926,58.38
6.009,warmup,4992.0,920.0,4.5926,58.50
6.109,warmup,4992.0,920.0,4.5926,58.47
6.209,warmup,4992.0,920.0,4.5926,58.38
6.309,warmup,4992.0,920.0,4.5926,58.44
6.409,warmup,4992.0,920.0,4.5926,58.44
6.509,warmup,4992.0,920.0,4.5926,58.34
6.610,warmup,4992.0,920.0,4.5926,58.31
6.710,warmup,4992.0,920.0,4.5926,58.28
6.810,warmup,4992.0,920.0,4.5926,58.59
6.910,warmup,4992.0,920.0,4.5926,58.50
7.010,warmup,4992.0,920.0,4.5926,58.47
7.110,warmup,4992.0,920.0,4.5926,58.47
7.210,warmup,4992.0,920.0,4.5926,58.44
7.311,warmup,4992.0,920.0,4.5926,58.44
7.411,warmup,4992.0,920.0,4.5926,58.28
7.511,warmup,4992.0,920.0,4.5926,58.38
7.611,warmup,4992.0,920.0,4.5926,58.34
7.711,warmup,4992.0,920.0,4.5926,58.31
7.811,warmup,4992.0,920.0,4.5926,58.62
7.911,warmup,4992.0,920.0,4.5926,58.47
8.011,warmup,4992.0,920.0,4.5926,58.44
8.112,warmup,4992.0,920.0,4.5926,58.44
8.212,warmup,4992.0,920.0,4.5926,58.44
8.312,warmup,4992.0,920.0,4.5926,58.34
8.412,warmup,4992.0,920.0,4.5926,58.38
8.512,warmup,4992.0,920.0,4.5926,58.25
8.612,warmup,4992.0,920.0,4.5926,58.34
8.712,warmup,4992.0,920.0,4.5926,58.53
8.812,warmup,4992.0,920.0,4.5926,58.53
8.913,warmup,4992.0,920.0,4.5926,58.44
9.013,warmup,4992.0,920.0,4.5926,58.44
9.113,warmup,4992.0,920.0,4.5926,58.34
9.213,warmup,4992.0,920.0,4.5926,58.38
9.313,warmup,4992.0,920.0,4.5926,58.31
9.413,warmup,4992.0,920.0,4.5926,58.38
9.513,warmup,4992.0,920.0,4.5926,58.25
9.613,warmup,4992.0,920.0,4.5926,58.31
9.714,warmup,4992.0,920.0,4.5926,58.50
9.814,warmup,4992.0,920.0,4.5926,58.47
9.914,warmup,4992.0,920.0,4.5926,58.44
10.014,warmup,4992.0,920.0,4.5926,58.38
10.114,warmup,4992.0,920.0,4.5926,58.38
10.214,warmup,4992.0,920.0,4.5926,58.28
10.314,warmup,4992.0,920.0,4.5926,58.31
10.415,warmup,4992.0,920.0,4.5926,58.31
10.515,warmup,4992.0,920.0,4.5926,58.38
10.615,warmup,4992.0,920.0,4.5926,58.44
10.715,warmup,4992.0,920.0,4.5926,58.44
10.815,warmup,4992.0,920.0,4.5926,58.41
10.915,warmup,4992.0,920.0,4.5926,58.38
11.015,warmup,4992.0,920.0,4.5926,58.44
11.116,warmup,4992.0,920.0,4.5926,58.28
11.216,warmup,4992.0,920.0,4.5926,58.41
11.316,warmup,4992.0,920.0,4.5926,58.34
11.416,warmup,4992.0,920.0,4.5926,58.38
11.517,warmup,4992.0,920.0,4.5926,58.50
11.617,warmup,4992.0,920.0,4.5926,58.47
11.717,warmup,4992.0,920.0,4.5926,58.44
11.817,warmup,4992.0,920.0,4.5926,58.38
11.917,warmup,4992.0,920.0,4.5926,58.41
12.017,warmup,4992.0,920.0,4.5926,58.41
12.118,warmup,4992.0,920.0,4.5926,58.38
12.218,warmup,4992.0,920.0,4.5926,58.34
12.318,warmup,4992.0,920.0,4.5926,58.31
12.418,warmup,4992.0,920.0,4.5926,58.25
12.518,warmup,4992.0,920.0,4.5926,58.59
12.619,warmup,4992.0,920.0,4.5926,58.47
12.719,warmup,4992.0,920.0,4.5926,58.44
12.819,warmup,4992.0,920.0,4.5926,58.44
12.919,warmup,4992.0,920.0,4.5926,58.44
13.019,warmup,4992.0,920.0,4.5926,58.34
13.119,warmup,4992.0,920.0,4.5926,58.34
13.219,warmup,4992.0,920.0,4.5926,58.38
13.319,warmup,4992.0,920.0,4.5926,58.34
13.420,warmup,4992.0,920.0,4.5926,58.53
13.520,warmup,4992.0,920.0,4.5926,58.50
13.620,warmup,4992.0,920.0,4.5926,58.44
13.720,warmup,4992.0,920.0,4.5926,58.38
13.820,warmup,4992.0,920.0,4.5926,58.47
13.920,warmup,4992.0,920.0,4.5926,58.38
14.020,warmup,4992.0,920.0,4.5926,58.44
14.121,warmup,4992.0,920.0,4.5926,58.31
14.221,warmup,4992.0,920.0,4.5926,58.31
14.321,warmup,4992.0,920.0,4.5926,58.53
14.421,warmup,4992.0,920.0,4.5926,58.44
14.521,warmup,4992.0,920.0,4.5926,58.50
14.621,warmup,4992.0,920.0,4.5926,58.44
14.721,warmup,4992.0,920.0,4.5926,58.38
14.821,warmup,4992.0,920.0,4.5926,58.34
14.922,warmup,4992.0,920.0,4.5926,58.41
15.022,warmup,4992.0,920.0,4.5926,58.38
15.122,warmup,4992.0,920.0,4.5926,58.31
15.222,warmup,4992.0,920.0,4.5926,58.50
15.322,warmup,4992.0,920.0,4.5926,58.50
15.422,warmup,4992.0,920.0,4.5926,58.44
15.522,warmup,4992.0,920.0,4.5926,58.38
15.623,warmup,4992.0,920.0,4.5926,58.38
15.723,warmup,4992.0,920.0,4.5926,58.44
15.823,warmup,4992.0,920.0,4.5926,58.38
15.923,warmup,4992.0,920.0,4.5926,58.41
16.023,warmup,4992.0,920.0,4.5926,58.34
16.123,warmup,4992.0,920.0,4.5926,58.50
16.223,warmup,4992.0,920.0,4.5926,58.50
16.323,warmup,4992.0,920.0,4.5926,58.47
16.424,warmup,4992.0,920.0,4.5926,58.41
16.524,warmup,4992.0,920.0,4.5926,58.44
16.624,warmup,4992.0,920.0,4.5926,58.34
16.724,warmup,4992.0,920.0,4.5926,58.41
16.824,warmup,4992.0,920.0,4.5926,58.34
16.924,warmup,4992.0,920.0,4.5926,58.34
17.024,warmup,4992.0,920.0,4.5926,58.50
17.125,warmup,4992.0,920.0,4.5926,58.50
17.225,warmup,4992.0,920.0,4.5926,58.50
17.325,warmup,4992.0,920.0,4.5926,58.44
17.425,warmup,4992.0,920.0,4.5926,58.38
17.525,warmup,4992.0,920.0,4.5926,58.41
17.625,warmup,4992.0,920.0,4.5926,58.38
17.725,warmup,4992.0,920.0,4.5926,58.34
17.826,warmup,4992.0,920.0,4.5926,58.38
17.926,warmup,4992.0,920.0,4.5926,58.56
18.026,warmup,4992.0,920.0,4.5926,58.47
18.126,warmup,4992.0,920.0,4.5926,58.38
18.226,warmup,4992.0,920.0,4.5926,58.38
18.326,warmup,4992.0,920.0,4.5926,58.44
18.427,warmup,4992.0,920.0,4.5926,58.44
18.527,warmup,4992.0,920.0,4.5926,58.34
18.627,warmup,4992.0,920.0,4.5926,58.41
18.728,warmup,4992.0,920.0,4.5926,58.34
18.828,warmup,4992.0,920.0,4.5926,58.34
18.928,warmup,4992.0,920.0,4.5926,58.56
19.029,warmup,4992.0,920.0,4.5926,58.44
19.129,warmup,4992.0,920.0,4.5926,58.50
19.229,warmup,4992.0,920.0,4.5926,58.41
19.329,warmup,4992.0,920.0,4.5926,58.41
19.429,warmup,4992.0,920.0,4.5926,58.41
19.529,warmup,4992.0,920.0,4.5926,58.31
19.630,warmup,4992.0,920.0,4.5926,58.34
19.730,warmup,4992.0,920.0,4.5926,58.38
19.830,warmup,4992.0,920.0,4.5926,58.47
19.930,warmup,4992.0,920.0,4.5926,58.44
20.030,warmup,4992.0,920.0,4.5926,58.50
20.130,warmup,4992.0,920.0,4.5926,58.44
20.230,warmup,4992.0,920.0,4.5926,58.44
20.331,warmup,4992.0,920.0,4.5926,58.38
20.431,warmup,4992.0,920.0,4.5926,58.38
20.531,warmup,4992.0,920.0,4.5926,58.34
20.631,warmup,4992.0,920.0,4.5926,58.38
20.731,warmup,4992.0,920.0,4.5926,58.50
20.831,warmup,4992.0,920.0,4.5926,58.47
20.931,warmup,4992.0,920.0,4.5926,58.50
21.031,warmup,4992.0,920.0,4.5926,58.44
21.132,warmup,4992.0,920.0,4.5926,58.44
21.232,warmup,4992.0,920.0,4.5926,58.41
21.332,warmup,4992.0,920.0,4.5926,58.38
21.432,warmup,4992.0,920.0,4.5926,58.28
21.532,warmup,4992.0,920.0,4.5926,58.38
21.632,warmup,4992.0,920.0,4.5926,58.53
21.732,warmup,4992.0,920.0,4.5926,58.47
21.832,warmup,4992.0,920.0,4.5926,58.41
21.933,warmup,4992.0,920.0,4.5926,58.44
22.033,warmup,4992.0,920.0,4.5926,58.44
22.133,warmup,4992.0,920.0,4.5926,58.41
22.233,warmup,4992.0,920.0,4.5926,58.38
22.333,warmup,4992.0,920.0,4.5926,58.38
22.434,warmup,4992.0,920.0,4.5926,58.38
22.534,warmup,4992.0,920.0,4.5926,58.38
22.634,warmup,4992.0,920.0,4.5926,58.53
22.734,warmup,4992.0,920.0,4.5926,58.50
22.835,warmup,4992.0,920.0,4.5926,58.44
22.935,warmup,4992.0,920.0,4.5926,58.41
23.035,warmup,4992.0,920.0,4.5926,58.47
23.136,warmup,4992.0,920.0,4.5926,58.41
23.236,warmup,4992.0,920.0,4.5926,58.38
23.336,warmup,4992.0,920.0,4.5926,58.41
23.436,warmup,4992.0,920.0,4.5926,58.31
23.536,warmup,4992.0,920.0,4.5926,58.50
23.636,warmup,4992.0,920.0,4.5926,58.50
23.736,warmup,4992.0,920.0,4.5926,58.44
23.837,warmup,4992.0,920.0,4.5926,58.47
23.937,warmup,4992.0,920.0,4.5926,58.44
24.037,warmup,4992.0,920.0,4.5926,58.41
24.138,warmup,4992.0,920.0,4.5926,58.41
24.238,warmup,4992.0,920.0,4.5926,58.44
24.338,warmup,4992.0,920.0,4.5926,58.38
24.438,warmup,4992.0,920.0,4.5926,58.31
24.538,warmup,4992.0,920.0,4.5926,58.47
24.638,warmup,4992.0,920.0,4.5926,58.44
24.738,warmup,4992.0,920.0,4.5926,58.44
24.839,warmup,4992.0,920.0,4.5926,58.50
24.939,warmup,4992.0,920.0,4.5926,58.44
25.039,warmup,4992.0,920.0,4.5926,58.34
25.139,warmup,4992.0,920.0,4.5926,58.41
25.239,warmup,4992.0,920.0,4.5926,58.41
25.339,warmup,4992.0,920.0,4.5926,58.31
25.439,warmup,4992.0,920.0,4.5926,58.50
25.540,warmup,4992.0,920.0,4.5926,58.53
25.640,warmup,4992.0,920.0,4.5926,58.53
25.740,warmup,4992.0,920.0,4.5926,58.44
25.840,warmup,4992.0,920.0,4.5926,58.41
25.940,warmup,4992.0,920.0,4.5926,58.44
26.041,warmup,4992.0,920.0,4.5926,58.44
26.141,warmup,4992.0,920.0,4.5926,58.41
26.241,warmup,4992.0,920.0,4.5926,58.34
26.341,warmup,4992.0,920.0,4.5926,58.31
26.442,warmup,4992.0,920.0,4.5926,58.53
26.542,warmup,4992.0,920.0,4.5926,58.47
26.642,warmup,4992.0,920.0,4.5926,58.44
26.742,warmup,4992.0,920.0,4.5926,58.41
26.843,warmup,4992.0,920.0,4.5926,58.44
26.943,warmup,4992.0,920.0,4.5926,58.41
27.043,warmup,4992.0,920.0,4.5926,58.31
27.143,warmup,4992.0,920.0,4.5926,58.31
27.243,warmup,4992.0,920.0,4.5926,58.38
27.343,warmup,4992.0,920.0,4.5926,58.47
27.443,warmup,4992.0,920.0,4.5926,58.47
27.543,warmup,4992.0,920.0,4.5926,58.44
27.644,warmup,4992.0,920.0,4.5926,58.44
27.744,warmup,4992.0,920.0,4.5926,58.44
27.844,warmup,4992.0,920.0,4.5926,58.38
27.944,warmup,4992.0,920.0,4.5926,58.38
28.045,warmup,4992.0,920.0,4.5926,58.34
28.145,warmup,4992.0,920.0,4.5926,58.34
28.245,warmup,4992.0,920.0,4.5926,58.28
28.345,warmup,4992.0,920.0,4.5926,58.50
28.446,warmup,4992.0,920.0,4.5926,58.50
28.546,warmup,4992.0,920.0,4.5926,58.41
28.646,warmup,4992.0,920.0,4.5926,58.47
28.746,warmup,4992.0,920.0,4.5926,58.38
28.846,warmup,4992.0,920.0,4.5926,58.34
28.946,warmup,4992.0,920.0,4.5926,58.34
29.046,warmup,4992.0,920.0,4.5926,58.34
29.147,warmup,4992.0,920.0,4.5926,58.31
29.247,warmup,4992.0,920.0,4.5926,58.53
29.347,warmup,4992.0,920.0,4.5926,58.50
29.447,warmup,4992.0,920.0,4.5926,58.38
29.547,warmup,4992.0,920.0,4.5926,58.44
29.647,warmup,4992.0,920.0,4.5926,58.44
29.748,warmup,4992.0,920.0,4.5926,58.44
29.848,warmup,4992.0,920.0,4.5926,58.44
29.948,warmup,4992.0,920.0,4.5926,58.34
30.048,warmup,4992.0,920.0,4.5926,58.31
30.148,warmup,4992.0,920.0,4.5926,58.53
30.249,warmup,4992.0,920.0,4.5926,58.44
30.349,warmup,4992.0,920.0,4.5926,58.47
30.449,warmup,4992.0,920.0,4.5926,58.38
30.549,warmup,4992.0,920.0,4.5926,58.44
30.649,warmup,4992.0,920.0,4.5926,58.47
30.749,warmup,4992.0,920.0,4.5926,58.41
30.849,warmup,4992.0,920.0,4.5926,58.34
30.950,warmup,4992.0,920.0,4.5926,58.44
31.050,warmup,4992.0,920.0,4.5926,58.59
31.150,warmup,4992.0,920.0,4.5926,58.34
31.250,warmup,4992.0,920.0,4.5926,58.59
31.351,warmup,4992.0,920.0,4.5926,58.53
31.451,warmup,4992.0,920.0,4.5926,58.41
31.551,warmup,4992.0,920.0,4.5926,58.47
31.651,warmup,4992.0,920.0,4.5926,58.38
31.752,warmup,4992.0,920.0,4.5926,58.41
31.852,warmup,4992.0,920.0,4.5926,58.41
31.952,warmup,4992.0,920.0,4.5926,58.38
32.052,warmup,4992.0,920.0,4.5926,58.25
32.153,warmup,4992.0,920.0,4.5926,58.56
32.253,warmup,4992.0,920.0,4.5926,58.50
32.353,warmup,4992.0,920.0,4.5926,58.50
32.453,warmup,4992.0,920.0,4.5926,58.38
32.553,warmup,4992.0,920.0,4.5926,58.34
32.654,warmup,4992.0,920.0,4.5926,58.38
32.754,warmup,4992.0,920.0,4.5926,58.34
32.854,warmup,4992.0,920.0,4.5926,58.38
32.954,warmup,4992.0,920.0,4.5926,58.31
33.055,warmup,4992.0,920.0,4.5926,58.41
33.155,warmup,4992.0,920.0,4.5926,58.50
33.255,warmup,4992.0,920.0,4.5926,58.47
33.355,warmup,4992.0,920.0,4.5926,58.47
33.456,warmup,4992.0,920.0,4.5926,58.44
33.556,warmup,4992.0,920.0,4.5926,58.38
33.656,warmup,4992.0,920.0,4.5926,58.38
33.756,warmup,4992.0,920.0,4.5926,58.41
33.856,warmup,4992.0,920.0,4.5926,58.31
33.956,warmup,4992.0,920.0,4.5926,58.38
34.056,warmup,4992.0,920.0,4.5926,58.50
34.156,warmup,4992.0,920.0,4.5926,58.53
34.257,warmup,4992.0,920.0,4.5926,58.44
34.357,warmup,4992.0,920.0,4.5926,58.44
34.457,warmup,4992.0,920.0,4.5926,58.41
34.557,warmup,4992.0,920.0,4.5926,58.38
34.657,warmup,4992.0,920.0,4.5926,58.41
34.757,warmup,4992.0,920.0,4.5926,58.38
34.857,warmup,4992.0,920.0,4.5926,58.53
34.957,warmup,4992.0,920.0,4.5926,58.53
35.058,warmup,4992.0,920.0,4.5926,58.53
35.158,warmup,4992.0,920.0,4.5926,58.44
35.258,warmup,4992.0,920.0,4.5926,58.44
35.358,warmup,4992.0,920.0,4.5926,58.38
35.458,warmup,4992.0,920.0,4.5926,58.44
35.558,warmup,4992.0,920.0,4.5926,58.38
35.658,warmup,4992.0,920.0,4.5926,58.44
35.758,warmup,4992.0,920.0,4.5926,58.31
35.859,warmup,4992.0,920.0,4.5926,58.56
35.959,warmup,4992.0,920.0,4.5926,58.44
36.059,warmup,4992.0,920.0,4.5926,58.41
36.159,warmup,4992.0,920.0,4.5926,58.44
36.259,warmup,4992.0,920.0,4.5926,58.31
36.359,warmup,4992.0,920.0,4.5926,58.44
36.459,warmup,4992.0,920.0,4.5926,58.38
36.559,warmup,4992.0,920.0,4.5926,58.34
36.660,warmup,4992.0,920.0,4.5926,58.56
36.760,warmup,4992.0,920.0,4.5926,58.53
36.860,warmup,4992.0,920.0,4.5926,58.50
36.960,warmup,4992.0,920.0,4.5926,58.44
37.060,warmup,4992.0,920.0,4.5926,58.50
37.160,warmup,4992.0,920.0,4.5926,58.34
37.260,warmup,4992.0,920.0,4.5926,58.44
37.361,warmup,4992.0,920.0,4.5926,58.41
37.461,warmup,4992.0,920.0,4.5926,58.38
37.561,warmup,4992.0,920.0,4.5926,58.59
37.661,warmup,4992.0,920.0,4.5926,58.53
37.761,warmup,4992.0,920.0,4.5926,58.50
37.861,warmup,4992.0,920.0,4.5926,58.44
37.961,warmup,4992.0,920.0,4.5926,58.47
38.061,warmup,4992.0,920.0,4.5926,58.44
38.162,warmup,4992.0,920.0,4.5926,58.38
38.262,warmup,4992.0,920.0,4.5926,58.44
38.362,warmup,4992.0,920.0,4.5926,58.38
38.462,warmup,4992.0,920.0,4.5926,58.59
38.562,warmup,4992.0,920.0,4.5926,58.50
38.662,warmup,4992.0,920.0,4.5926,58.50
38.762,warmup,4992.0,920.0,4.5926,58.50
38.862,warmup,4992.0,920.0,4.5926,58.47
38.963,warmup,4992.0,920.0,4.5926,58.44
39.063,warmup,4992.0,920.0,4.5926,58.38
39.163,warmup,4992.0,920.0,4.5926,58.38
39.263,warmup,4992.0,920.0,4.5926,58.44
39.363,warmup,4992.0,920.0,4.5926,58.59
39.463,warmup,4992.0,920.0,4.5926,58.56
39.563,warmup,4992.0,920.0,4.5926,58.53
39.663,warmup,4992.0,920.0,4.5926,58.47
39.764,warmup,4992.0,920.0,4.5926,58.44
39.864,warmup,4992.0,920.0,4.5926,58.44
39.964,warmup,4992.0,920.0,4.5926,58.38
40.064,warmup,4992.0,920.0,4.5926,58.38
40.164,warmup,4992.0,920.0,4.5926,58.28
40.264,warmup,4992.0,920.0,4.5926,58.31
40.364,warmup,4992.0,920.0,4.5926,58.53
40.465,warmup,4992.0,920.0,4.5926,58.53
40.565,warmup,4992.0,920.0,4.5926,58.44
40.665,warmup,4992.0,920.0,4.5926,58.44
40.765,warmup,4992.0,920.0,4.5926,58.47
40.865,warmup,4992.0,920.0,4.5926,58.38
40.965,warmup,4992.0,920.0,4.5926,58.41
41.065,warmup,4992.0,920.0,4.5926,58.38
41.165,warmup,4992.0,920.0,4.5926,58.41
41.266,warmup,4992.0,920.0,4.5926,58.56
41.366,warmup,4992.0,920.0,4.5926,58.62
41.466,warmup,4992.0,920.0,4.5926,58.47
41.566,warmup,4992.0,920.0,4.5926,58.44
41.666,warmup,4992.0,920.0,4.5926,58.41
41.766,warmup,4992.0,920.0,4.5926,58.47
41.866,warmup,4992.0,920.0,4.5926,58.34
41.967,warmup,4992.0,920.0,4.5926,58.41
42.067,warmup,4992.0,920.0,4.5926,58.38
42.167,warmup,4992.0,920.0,4.5926,58.44
42.267,warmup,4992.0,920.0,4.5926,58.47
42.367,warmup,4992.0,920.0,4.5926,58.56
42.467,warmup,4992.0,920.0,4.5926,58.47
42.567,warmup,4992.0,920.0,4.5926,58.44
42.668,warmup,4992.0,920.0,4.5926,58.44
42.768,warmup,4992.0,920.0,4.5926,58.41
42.868,warmup,4992.0,920.0,4.5926,58.41
42.968,warmup,4992.0,920.0,4.5926,58.41
43.068,warmup,4992.0,920.0,4.5926,58.38
43.168,warmup,4992.0,920.0,4.5926,58.53
43.268,warmup,4992.0,920.0,4.5926,58.47
43.369,warmup,4992.0,920.0,4.5926,58.44
43.469,warmup,4992.0,920.0,4.5926,58.44
43.569,warmup,4992.0,920.0,4.5926,58.44
43.669,warmup,4992.0,920.0,4.5926,58.38
43.769,warmup,4992.0,920.0,4.5926,58.44
43.869,warmup,4992.0,920.0,4.5926,58.28
43.969,warmup,4992.0,920.0,4.5926,58.38
44.069,warmup,4992.0,920.0,4.5926,58.50
44.170,warmup,4992.0,920.0,4.5926,58.56
44.270,warmup,4992.0,920.0,4.5926,58.47
44.370,warmup,4992.0,920.0,4.5926,58.38
44.470,warmup,4992.0,920.0,4.5926,58.41
44.570,warmup,4992.0,920.0,4.5926,58.41
44.670,warmup,4992.0,920.0,4.5926,58.41
44.770,warmup,4992.0,920.0,4.5926,58.41
44.871,warmup,4992.0,920.0,4.5926,58.38
44.971,warmup,4992.0,920.0,4.5926,58.44
45.071,warmup,4992.0,920.0,4.5926,58.53
45.171,warmup,4992.0,920.0,4.5926,58.47
45.271,warmup,4992.0,920.0,4.5926,58.41
45.371,warmup,4992.0,920.0,4.5926,58.44
45.471,warmup,4992.0,920.0,4.5926,58.44
45.571,warmup,4992.0,920.0,4.5926,58.44
45.672,warmup,4992.0,920.0,4.5926,58.41
45.772,warmup,4992.0,920.0,4.5926,58.38
45.872,warmup,4992.0,920.0,4.5926,58.53
45.972,warmup,4992.0,920.0,4.5926,58.47
46.072,warmup,4992.0,920.0,4.5926,58.47
46.172,warmup,4992.0,920.0,4.5926,58.44
46.272,warmup,4992.0,920.0,4.5926,58.44
46.373,warmup,4992.0,920.0,4.5926,58.41
46.473,warmup,4992.0,928.0,4.6326,58.38
46.573,warmup,4992.0,928.0,4.6326,58.41
46.673,warmup,4992.0,928.0,4.6326,58.38
46.773,warmup,4992.0,928.0,4.6326,58.44
46.874,warmup,4992.0,928.0,4.6326,58.56
46.974,warmup,4992.0,928.0,4.6326,58.56
47.074,warmup,4992.0,928.0,4.6326,58.44
47.175,warmup,4992.0,928.0,4.6326,58.44
47.275,warmup,4992.0,920.0,4.5926,58.44
47.375,warmup,4992.0,920.0,4.5926,58.34
47.475,warmup,4992.0,920.0,4.5926,58.38
47.575,warmup,4992.0,920.0,4.5926,58.38
47.675,warmup,4992.0,920.0,4.5926,58.38
47.775,warmup,4992.0,920.0,4.5926,58.59
47.876,warmup,4992.0,920.0,4.5926,58.53
47.976,warmup,4992.0,920.0,4.5926,58.47
48.076,warmup,4992.0,920.0,4.5926,58.44
48.176,warmup,4992.0,920.0,4.5926,58.47
48.276,warmup,4992.0,920.0,4.5926,58.41
48.376,warmup,4992.0,920.0,4.5926,58.44
48.476,warmup,4992.0,920.0,4.5926,58.41
48.577,warmup,4992.0,920.0,4.5926,58.34
48.677,warmup,4992.0,920.0,4.5926,58.59
48.777,warmup,4992.0,920.0,4.5926,58.53
48.877,warmup,4992.0,920.0,4.5926,58.47
48.977,warmup,4992.0,920.0,4.5926,58.44
49.078,warmup,4992.0,920.0,4.5926,58.50
49.178,warmup,4992.0,920.0,4.5926,58.44
49.278,warmup,4992.0,920.0,4.5926,58.41
49.379,warmup,4992.0,920.0,4.5926,58.38
49.479,warmup,4992.0,920.0,4.5926,58.44
49.579,warmup,4992.0,920.0,4.5926,58.44
49.680,warmup,4992.0,920.0,4.5926,58.47
49.780,warmup,4992.0,920.0,4.5926,58.50
49.880,warmup,4992.0,920.0,4.5926,58.53
49.980,warmup,4992.0,920.0,4.5926,58.44
50.080,warmup,4992.0,920.0,4.5926,58.38
50.180,warmup,4992.0,920.0,4.5926,58.41
50.280,warmup,4992.0,920.0,4.5926,58.34
50.380,warmup,4992.0,920.0,4.5926,58.38
50.481,warmup,4992.0,920.0,4.5926,58.41
50.581,warmup,4992.0,920.0,4.5926,58.56
50.681,warmup,4992.0,920.0,4.5926,58.59
50.781,warmup,4992.0,920.0,4.5926,58.50
50.881,warmup,4992.0,920.0,4.5926,58.47
50.981,warmup,4992.0,920.0,4.5926,58.44
51.081,warmup,4992.0,920.0,4.5926,58.38
51.182,warmup,4992.0,920.0,4.5926,58.44
51.282,warmup,4992.0,920.0,4.5926,58.34
51.382,warmup,4992.0,920.0,4.5926,58.31
51.482,warmup,4992.0,920.0,4.5926,58.62
51.582,warmup,4992.0,920.0,4.5926,58.47
51.682,warmup,4992.0,920.0,4.5926,58.53
51.782,warmup,4992.0,920.0,4.5926,58.44
51.882,warmup,4992.0,920.0,4.5926,58.44
51.983,warmup,4992.0,920.0,4.5926,58.44
52.083,warmup,4992.0,920.0,4.5926,58.41
52.183,warmup,4992.0,920.0,4.5926,58.34
52.284,warmup,4992.0,920.0,4.5926,58.38
52.384,warmup,4992.0,920.0,4.5926,58.38
52.484,warmup,4992.0,920.0,4.5926,58.56
52.584,warmup,4992.0,920.0,4.5926,58.47
52.685,warmup,4992.0,920.0,4.5926,58.50
52.785,warmup,4992.0,920.0,4.5926,58.47
52.885,warmup,4992.0,920.0,4.5926,58.44
52.985,warmup,4992.0,920.0,4.5926,58.41
53.086,warmup,4992.0,920.0,4.5926,58.41
53.186,warmup,4992.0,920.0,4.5926,58.38
53.286,warmup,4992.0,920.0,4.5926,58.38
53.387,warmup,4992.0,920.0,4.5926,58.28
53.487,warmup,4992.0,920.0,4.5926,58.62
53.587,warmup,4992.0,920.0,4.5926,58.47
53.687,warmup,4992.0,920.0,4.5926,58.50
53.788,warmup,4992.0,920.0,4.5926,58.41
53.888,warmup,4992.0,920.0,4.5926,58.34
53.988,warmup,4992.0,920.0,4.5926,58.44
54.088,warmup,4992.0,920.0,4.5926,58.44
54.188,warmup,4992.0,920.0,4.5926,58.44
54.288,warmup,4992.0,920.0,4.5926,58.31
54.389,warmup,4992.0,920.0,4.5926,58.28
54.489,warmup,4992.0,920.0,4.5926,58.50
54.589,warmup,4992.0,920.0,4.5926,58.50
54.689,warmup,4992.0,920.0,4.5926,58.41
54.789,warmup,4992.0,920.0,4.5926,58.44
54.889,warmup,4992.0,920.0,4.5926,58.44
54.989,warmup,4992.0,920.0,4.5926,58.47
55.089,warmup,4992.0,920.0,4.5926,58.44
55.190,warmup,4992.0,920.0,4.5926,58.41
55.290,warmup,4992.0,920.0,4.5926,58.44
55.390,warmup,4992.0,920.0,4.5926,58.53
55.490,warmup,4992.0,920.0,4.5926,58.47
55.590,warmup,4992.0,920.0,4.5926,58.41
55.690,warmup,4992.0,920.0,4.5926,58.34
55.790,warmup,4992.0,920.0,4.5926,58.44
55.891,warmup,4992.0,920.0,4.5926,58.44
55.991,warmup,4992.0,920.0,4.5926,58.44
56.091,warmup,4992.0,920.0,4.5926,58.31
56.191,warmup,4992.0,920.0,4.5926,58.53
56.291,warmup,4992.0,920.0,4.5926,58.44
56.391,warmup,4992.0,920.0,4.5926,58.50
56.491,warmup,4992.0,920.0,4.5926,58.44
56.591,warmup,4992.0,920.0,4.5926,58.44
56.692,warmup,4992.0,920.0,4.5926,58.41
56.792,warmup,4992.0,920.0,4.5926,58.41
56.892,warmup,4992.0,920.0,4.5926,58.38
56.992,warmup,4992.0,920.0,4.5926,58.38
57.092,warmup,4992.0,920.0,4.5926,58.53
57.192,warmup,4992.0,920.0,4.5926,58.53
57.292,warmup,4992.0,920.0,4.5926,58.47
57.393,warmup,4992.0,920.0,4.5926,58.50
57.493,warmup,4992.0,920.0,4.5926,58.44
57.593,warmup,4992.0,920.0,4.5926,58.44
57.693,warmup,4992.0,920.0,4.5926,58.44
57.793,warmup,4992.0,920.0,4.5926,58.34
57.893,warmup,4992.0,920.0,4.5926,58.38
57.993,warmup,4992.0,920.0,4.5926,58.56
58.093,warmup,4992.0,920.0,4.5926,58.50
58.194,warmup,4992.0,920.0,4.5926,58.50
58.294,warmup,4992.0,920.0,4.5926,58.47
58.394,warmup,4992.0,920.0,4.5926,58.50
58.494,warmup,4992.0,920.0,4.5926,58.44
58.594,warmup,4992.0,920.0,4.5926,58.41
58.694,warmup,4992.0,920.0,4.5926,58.41
58.794,warmup,4992.0,920.0,4.5926,58.41
58.895,warmup,4992.0,920.0,4.5926,58.59
58.995,warmup,4992.0,920.0,4.5926,58.59
59.095,warmup,4992.0,920.0,4.5926,58.53
59.195,warmup,4992.0,920.0,4.5926,58.44
59.295,warmup,4992.0,920.0,4.5926,58.50
59.395,warmup,4992.0,920.0,4.5926,58.44
59.495,warmup,4992.0,920.0,4.5926,58.44
59.595,warmup,4992.0,920.0,4.5926,58.38
59.696,warmup,4992.0,920.0,4.5926,58.44
59.796,warmup,4992.0,920.0,4.5926,58.66
59.896,warmup,4992.0,920.0,4.5926,58.50
59.996,warmup,4992.0,920.0,4.5926,58.56
60.096,warmup,4992.0,920.0,4.5926,58.47
60.196,warmup,4992.0,920.0,4.5926,58.44
60.296,warmup,4992.0,920.0,4.5926,58.44
60.397,measure,4992.0,920.0,4.5926,58.44
60.497,measure,4992.0,920.0,4.5926,58.41
60.597,measure,4992.0,920.0,4.5926,58.34
60.697,measure,4992.0,920.0,4.5926,58.62
60.797,measure,4992.0,928.0,4.6326,58.50
60.897,measure,4992.0,928.0,4.6326,58.56
60.997,measure,4992.0,928.0,4.6326,58.47
61.098,measure,4992.0,920.0,4.5926,58.44
61.198,measure,4992.0,928.0,4.6326,58.44
61.298,measure,4992.0,928.0,4.6326,58.44
61.398,measure,4992.0,928.0,4.6326,58.44
61.498,measure,4992.0,928.0,4.6326,58.34
61.598,measure,4992.0,928.0,4.6326,58.53
61.698,measure,4992.0,928.0,4.6326,58.62
61.798,measure,4992.0,928.0,4.6326,58.50
61.899,measure,4992.0,928.0,4.6326,58.47
61.999,measure,4992.0,928.0,4.6326,58.44
62.099,measure,4992.0,928.0,4.6326,58.44
62.199,measure,4992.0,928.0,4.6326,58.38
62.299,measure,4992.0,928.0,4.6326,58.44
62.399,measure,4992.0,928.0,4.6326,58.34
62.499,measure,4992.0,928.0,4.6326,58.59
62.600,measure,4992.0,928.0,4.6326,58.62
62.700,measure,4992.0,928.0,4.6326,58.59
62.800,measure,4992.0,928.0,4.6326,58.44
62.900,measure,4992.0,928.0,4.6326,58.44
63.000,measure,4992.0,928.0,4.6326,58.44
63.100,measure,4992.0,928.0,4.6326,58.44
63.200,measure,4992.0,928.0,4.6326,58.38
63.301,measure,4992.0,928.0,4.6326,58.41
63.401,measure,4992.0,928.0,4.6326,58.41
63.501,measure,4992.0,928.0,4.6326,58.62
63.601,measure,4992.0,928.0,4.6326,58.50
63.701,measure,4992.0,920.0,4.5926,58.44
63.801,measure,4992.0,920.0,4.5926,58.44
63.901,measure,4992.0,920.0,4.5926,58.38
64.001,measure,4992.0,920.0,4.5926,58.41
64.102,measure,4992.0,920.0,4.5926,58.34
64.202,measure,4992.0,920.0,4.5926,58.41
64.302,measure,4992.0,920.0,4.5926,58.44
64.402,measure,4992.0,920.0,4.5926,58.56
64.502,measure,4992.0,920.0,4.5926,58.50
64.602,measure,4992.0,920.0,4.5926,58.47
64.702,measure,4992.0,920.0,4.5926,58.47
64.803,measure,4992.0,920.0,4.5926,58.44
64.903,measure,4992.0,920.0,4.5926,58.41
65.003,measure,4992.0,920.0,4.5926,58.41
65.103,measure,4992.0,920.0,4.5926,58.44
65.203,measure,4992.0,928.0,4.6326,58.34
65.303,measure,4992.0,920.0,4.5926,58.59
65.403,measure,4992.0,920.0,4.5926,58.59
65.503,measure,4992.0,920.0,4.5926,58.53
65.604,measure,4992.0,920.0,4.5926,58.44
65.704,measure,4992.0,920.0,4.5926,58.41
65.804,measure,4992.0,920.0,4.5926,58.41
65.904,measure,4992.0,920.0,4.5926,58.41
66.004,measure,4992.0,928.0,4.6326,58.38
66.104,measure,4992.0,928.0,4.6326,58.44
66.204,measure,4992.0,928.0,4.6326,58.41
66.305,measure,4992.0,928.0,4.6326,58.75
66.405,measure,4992.0,928.0,4.6326,58.66
66.505,measure,4992.0,928.0,4.6326,58.47
66.605,measure,4992.0,928.0,4.6326,58.41
66.705,measure,4992.0,928.0,4.6326,58.47
66.805,measure,4992.0,920.0,4.5926,58.44
66.906,measure,4992.0,928.0,4.6326,58.38
67.006,measure,4992.0,928.0,4.6326,58.44
67.106,measure,4992.0,928.0,4.6326,58.44
67.206,measure,4992.0,928.0,4.6326,58.62
67.306,measure,4992.0,928.0,4.6326,58.56
67.406,measure,4992.0,928.0,4.6326,58.50
67.507,measure,4992.0,928.0,4.6326,58.44
67.607,measure,4992.0,920.0,4.5926,58.50
67.707,measure,4992.0,928.0,4.6326,58.44
67.807,measure,4992.0,920.0,4.5926,58.44
67.907,measure,4992.0,920.0,4.5926,58.38
68.007,measure,4992.0,920.0,4.5926,58.34
68.107,measure,4992.0,920.0,4.5926,58.50
68.207,measure,4992.0,920.0,4.5926,58.50
68.308,measure,4992.0,928.0,4.6326,58.53
68.408,measure,4992.0,928.0,4.6326,58.50
68.508,measure,4992.0,928.0,4.6326,58.47
68.608,measure,4992.0,920.0,4.5926,58.44
68.709,measure,4992.0,920.0,4.5926,58.41
68.809,measure,4992.0,920.0,4.5926,58.38
68.909,measure,4992.0,920.0,4.5926,58.44
69.009,measure,4992.0,920.0,4.5926,58.34
69.110,measure,4992.0,920.0,4.5926,58.59
69.210,measure,4992.0,920.0,4.5926,58.59
69.310,measure,4992.0,928.0,4.6326,58.47
69.410,measure,4992.0,920.0,4.5926,58.41
69.510,measure,4992.0,920.0,4.5926,58.50
69.611,measure,4992.0,920.0,4.5926,58.38
69.711,measure,4992.0,928.0,4.6326,58.31
69.811,measure,4992.0,928.0,4.6326,58.41
69.911,measure,4992.0,928.0,4.6326,58.44
70.011,measure,4992.0,920.0,4.5926,58.53
70.111,measure,4992.0,928.0,4.6326,58.47
70.211,measure,4992.0,928.0,4.6326,58.44
70.312,measure,4992.0,928.0,4.6326,58.41
70.412,measure,4992.0,928.0,4.6326,58.44
70.512,measure,4992.0,928.0,4.6326,58.47
70.613,measure,4992.0,928.0,4.6326,58.38
70.713,measure,4992.0,928.0,4.6326,58.41
70.813,measure,4992.0,928.0,4.6326,58.44
70.914,measure,4992.0,928.0,4.6326,58.41
71.014,measure,4992.0,928.0,4.6326,58.66
71.114,measure,4992.0,928.0,4.6326,58.53
71.214,measure,4992.0,928.0,4.6326,58.44
71.315,measure,4992.0,928.0,4.6326,58.44
71.415,measure,4992.0,928.0,4.6326,58.47
71.515,measure,4992.0,928.0,4.6326,58.44
71.615,measure,4992.0,928.0,4.6326,58.44
71.715,measure,4992.0,928.0,4.6326,58.38
71.816,measure,4992.0,928.0,4.6326,58.34
71.916,measure,4992.0,928.0,4.6326,58.69
72.016,measure,4992.0,928.0,4.6326,58.59
72.116,measure,4992.0,928.0,4.6326,58.56
72.216,measure,4992.0,928.0,4.6326,58.44
72.316,measure,4992.0,928.0,4.6326,58.44
72.416,measure,4992.0,928.0,4.6326,58.44
72.516,measure,4992.0,928.0,4.6326,58.44
72.617,measure,4992.0,928.0,4.6326,58.34
72.717,measure,4992.0,928.0,4.6326,58.44
72.817,measure,4992.0,928.0,4.6326,58.34
72.917,measure,4992.0,928.0,4.6326,58.59
73.018,measure,4992.0,928.0,4.6326,58.56
73.118,measure,4992.0,928.0,4.6326,58.50
73.218,measure,4992.0,928.0,4.6326,58.41
73.318,measure,4992.0,928.0,4.6326,58.44
73.419,measure,4992.0,928.0,4.6326,58.38
73.519,measure,4992.0,928.0,4.6326,58.34
73.619,measure,4992.0,928.0,4.6326,58.38
73.720,measure,4992.0,928.0,4.6326,58.41
73.820,measure,4992.0,928.0,4.6326,58.62
73.920,measure,4992.0,928.0,4.6326,58.59
74.021,measure,4992.0,928.0,4.6326,58.59
74.121,measure,4992.0,928.0,4.6326,58.50
74.221,measure,4992.0,928.0,4.6326,58.47
74.322,measure,4992.0,928.0,4.6326,58.44
74.422,measure,4992.0,928.0,4.6326,58.38
74.522,measure,4992.0,928.0,4.6326,58.41
74.622,measure,4992.0,928.0,4.6326,58.38
74.722,measure,4992.0,928.0,4.6326,58.34
74.822,measure,4992.0,928.0,4.6326,58.59
74.922,measure,4992.0,928.0,4.6326,58.62
75.022,measure,4992.0,928.0,4.6326,58.56
75.123,measure,4992.0,928.0,4.6326,58.44
75.223,measure,4992.0,928.0,4.6326,58.44
75.323,measure,4992.0,928.0,4.6326,58.44
75.423,measure,4992.0,928.0,4.6326,58.44
75.523,measure,4992.0,928.0,4.6326,58.38
75.623,measure,4992.0,928.0,4.6326,58.41
75.723,measure,4992.0,928.0,4.6326,58.56
75.823,measure,4992.0,928.0,4.6326,58.66
75.924,measure,4992.0,928.0,4.6326,58.56
76.024,measure,4992.0,928.0,4.6326,58.44
76.124,measure,4992.0,928.0,4.6326,58.47
76.224,measure,4992.0,928.0,4.6326,58.44
76.324,measure,4992.0,928.0,4.6326,58.38
76.424,measure,4992.0,928.0,4.6326,58.44
76.525,measure,4992.0,928.0,4.6326,58.38
76.625,measure,4992.0,928.0,4.6326,58.59
76.725,measure,4992.0,928.0,4.6326,58.62
76.826,measure,4992.0,928.0,4.6326,58.47
76.926,measure,4992.0,928.0,4.6326,58.56
77.026,measure,4992.0,928.0,4.6326,58.50
77.126,measure,4992.0,928.0,4.6326,58.50
77.226,measure,4992.0,928.0,4.6326,58.44
77.326,measure,4992.0,928.0,4.6326,58.44
77.426,measure,4992.0,928.0,4.6326,58.41
77.527,measure,4992.0,928.0,4.6326,58.34
77.627,measure,4992.0,928.0,4.6326,58.62
77.727,measure,4992.0,928.0,4.6326,58.62
77.827,measure,4992.0,928.0,4.6326,58.44
77.927,measure,4992.0,928.0,4.6326,58.41
78.027,measure,4992.0,928.0,4.6326,58.44
78.128,measure,4992.0,928.0,4.6326,58.38
78.228,measure,4992.0,928.0,4.6326,58.38
78.329,measure,4992.0,928.0,4.6326,58.41
78.429,measure,4992.0,928.0,4.6326,58.41
78.529,measure,4992.0,928.0,4.6326,58.59
78.629,measure,4992.0,928.0,4.6326,58.62
78.730,measure,4992.0,928.0,4.6326,58.59
78.830,measure,4992.0,928.0,4.6326,58.50
78.930,measure,4992.0,920.0,4.5926,58.44
79.031,measure,4992.0,920.0,4.5926,58.41
79.131,measure,4992.0,920.0,4.5926,58.44
79.231,measure,4992.0,920.0,4.5926,58.31
79.331,measure,4992.0,920.0,4.5926,58.41
79.431,measure,4992.0,920.0,4.5926,58.44
79.531,measure,4992.0,928.0,4.6326,58.56
79.632,measure,4992.0,928.0,4.6326,58.56
79.732,measure,4992.0,928.0,4.6326,58.56
79.832,measure,4992.0,928.0,4.6326,58.53
79.932,measure,4992.0,928.0,4.6326,58.44
80.032,measure,4992.0,928.0,4.6326,58.44
80.132,measure,4992.0,928.0,4.6326,58.41
80.232,measure,4992.0,928.0,4.6326,58.44
80.333,measure,4992.0,928.0,4.6326,58.41
80.433,measure,4992.0,928.0,4.6326,58.62
80.533,measure,4992.0,928.0,4.6326,58.56
80.633,measure,4992.0,928.0,4.6326,58.50
80.733,measure,4992.0,920.0,4.5926,58.50
80.833,measure,4992.0,920.0,4.5926,58.47
80.933,measure,4992.0,920.0,4.5926,58.41
81.033,measure,4992.0,920.0,4.5926,58.44
81.134,measure,4992.0,920.0,4.5926,58.38
81.234,measure,4992.0,920.0,4.5926,58.44
81.334,measure,4992.0,920.0,4.5926,58.38
81.434,measure,4992.0,920.0,4.5926,58.56
81.534,measure,4992.0,920.0,4.5926,58.56
81.634,measure,4992.0,928.0,4.6326,58.56
81.735,measure,4992.0,928.0,4.6326,58.50
81.835,measure,4992.0,928.0,4.6326,58.34
81.935,measure,4992.0,928.0,4.6326,58.44
82.036,measure,4992.0,928.0,4.6326,58.44
82.136,measure,4992.0,928.0,4.6326,58.38
82.236,measure,4992.0,928.0,4.6326,58.38
82.337,measure,4992.0,928.0,4.6326,58.44
82.437,measure,4992.0,928.0,4.6326,58.59
82.537,measure,4992.0,928.0,4.6326,58.50
82.638,measure,4992.0,928.0,4.6326,58.50
82.738,measure,4992.0,928.0,4.6326,58.47
82.838,measure,4992.0,928.0,4.6326,58.50
82.938,measure,4992.0,928.0,4.6326,58.44
83.038,measure,4992.0,928.0,4.6326,58.41
83.139,measure,4992.0,928.0,4.6326,58.41
83.239,measure,4992.0,928.0,4.6326,58.44
83.339,measure,4992.0,928.0,4.6326,58.62
83.439,measure,4992.0,920.0,4.5926,58.56
83.539,measure,4992.0,928.0,4.6326,58.59
83.640,measure,4992.0,928.0,4.6326,58.47
83.740,measure,4992.0,928.0,4.6326,58.44
83.840,measure,4992.0,928.0,4.6326,58.44
83.940,measure,4992.0,928.0,4.6326,58.44
84.041,measure,4992.0,928.0,4.6326,58.44
84.141,measure,4992.0,928.0,4.6326,58.41
84.241,measure,4992.0,928.0,4.6326,58.34
84.342,measure,4992.0,928.0,4.6326,58.41
84.442,measure,4992.0,928.0,4.6326,58.41
84.542,measure,4992.0,928.0,4.6326,58.56
84.642,measure,4992.0,928.0,4.6326,58.59
84.743,measure,4992.0,928.0,4.6326,58.44
84.843,measure,4992.0,928.0,4.6326,58.47
84.943,measure,4992.0,928.0,4.6326,58.44
85.043,measure,4992.0,928.0,4.6326,58.41
85.143,measure,4992.0,928.0,4.6326,58.41
85.243,measure,4992.0,928.0,4.6326,58.44
85.343,measure,4992.0,928.0,4.6326,58.59
85.444,measure,4992.0,928.0,4.6326,58.59
85.544,measure,4992.0,928.0,4.6326,58.47
85.644,measure,4992.0,928.0,4.6326,58.44
85.744,measure,4992.0,928.0,4.6326,58.44
85.844,measure,4992.0,928.0,4.6326,58.41
85.944,measure,4992.0,928.0,4.6326,58.41
86.044,measure,4992.0,928.0,4.6326,58.44
86.145,measure,4992.0,928.0,4.6326,58.44
86.245,measure,4992.0,928.0,4.6326,58.34
86.346,measure,4992.0,928.0,4.6326,58.56
86.446,measure,4992.0,928.0,4.6326,58.59
86.546,measure,4992.0,928.0,4.6326,58.53
86.646,measure,4992.0,928.0,4.6326,58.44
86.747,measure,4992.0,928.0,4.6326,58.41
86.847,measure,4992.0,928.0,4.6326,58.44
86.947,measure,4992.0,928.0,4.6326,58.44
87.048,measure,4992.0,928.0,4.6326,58.44
87.148,measure,4992.0,928.0,4.6326,58.44
87.249,measure,4992.0,928.0,4.6326,58.44
87.349,measure,4992.0,928.0,4.6326,58.47
87.449,measure,4992.0,928.0,4.6326,58.69
87.550,measure,4992.0,928.0,4.6326,58.56
87.650,measure,4992.0,928.0,4.6326,58.53
87.750,measure,4992.0,928.0,4.6326,58.53
87.850,measure,4992.0,928.0,4.6326,58.41
87.950,measure,4992.0,928.0,4.6326,58.44
88.051,measure,4992.0,928.0,4.6326,58.41
88.151,measure,4992.0,928.0,4.6326,58.44
88.251,measure,4992.0,928.0,4.6326,58.44
88.352,measure,4992.0,928.0,4.6326,58.62
88.452,measure,4992.0,928.0,4.6326,58.50
88.552,measure,4992.0,928.0,4.6326,58.53
88.652,measure,4992.0,928.0,4.6326,58.47
88.752,measure,4992.0,928.0,4.6326,58.44
88.852,measure,4992.0,936.0,4.6725,58.44
88.953,measure,4992.0,936.0,4.6725,58.41
89.053,measure,4992.0,936.0,4.6725,58.44
89.153,measure,4992.0,936.0,4.6725,58.34
89.253,measure,4992.0,936.0,4.6725,58.44
89.353,measure,4992.0,936.0,4.6725,58.56
89.453,measure,4984.0,992.0,4.9441,58.53
89.553,measure,4984.0,1000.0,4.9840,58.56
89.654,measure,4984.0,1024.0,5.1036,58.44
89.754,measure,4984.0,1056.0,5.2631,58.47
89.854,measure,4984.0,1072.0,5.3428,58.50
89.954,measure,4976.0,1088.0,5.4139,58.47
90.054,measure,4984.0,1072.0,5.3428,58.41
90.154,measure,4984.0,1040.0,5.1834,58.44
90.254,measure,4984.0,1024.0,5.1036,58.72
90.354,measure,4984.0,1056.0,5.2631,58.50
90.455,measure,4976.0,1080.0,5.3741,58.56
90.555,measure,4976.0,1096.0,5.4537,58.50
90.655,measure,4976.0,1104.0,5.4935,58.50
90.755,measure,4976.0,1080.0,5.3741,58.50
90.855,measure,4984.0,1048.0,5.2232,58.44
90.955,measure,4984.0,1024.0,5.1036,58.53
91.055,measure,4984.0,1000.0,4.9840,58.47
91.156,measure,4984.0,984.0,4.9043,58.56
91.256,measure,4984.0,968.0,4.8245,58.59
91.356,measure,4992.0,960.0,4.7923,58.53
91.456,measure,4992.0,952.0,4.7524,58.53
91.556,measure,4992.0,944.0,4.7124,58.50
91.656,measure,4992.0,944.0,4.7124,58.44
91.756,measure,4992.0,936.0,4.6725,58.47
91.857,measure,4992.0,936.0,4.6725,58.41
91.957,measure,4992.0,936.0,4.6725,58.47
92.057,measure,4992.0,928.0,4.6326,58.62
92.157,measure,4992.0,928.0,4.6326,58.56
92.257,measure,4992.0,928.0,4.6326,58.62
92.357,measure,4992.0,928.0,4.6326,58.47
92.457,measure,4992.0,928.0,4.6326,58.50
92.558,measure,4992.0,928.0,4.6326,58.47
92.658,measure,4992.0,920.0,4.5926,58.44
92.758,measure,4992.0,928.0,4.6326,58.44
92.858,measure,4992.0,928.0,4.6326,58.41
92.958,measure,4992.0,928.0,4.6326,58.62
93.058,measure,4992.0,928.0,4.6326,58.56
93.158,measure,4992.0,928.0,4.6326,58.47
93.258,measure,4992.0,928.0,4.6326,58.47
93.359,measure,4992.0,928.0,4.6326,58.56
93.459,measure,4992.0,920.0,4.5926,58.50
93.559,measure,4992.0,928.0,4.6326,58.38
93.659,measure,4992.0,928.0,4.6326,58.44
93.759,measure,4992.0,928.0,4.6326,58.44
93.859,measure,4992.0,928.0,4.6326,58.62
93.959,measure,4992.0,928.0,4.6326,58.56
94.060,measure,4992.0,920.0,4.5926,58.50
94.160,measure,4992.0,920.0,4.5926,58.53
94.260,measure,4992.0,920.0,4.5926,58.50
94.360,measure,4992.0,920.0,4.5926,58.41
94.460,measure,4992.0,920.0,4.5926,58.47
94.560,measure,4992.0,920.0,4.5926,58.41
94.660,measure,4992.0,920.0,4.5926,58.50
94.760,measure,4992.0,920.0,4.5926,58.56
94.861,measure,4992.0,920.0,4.5926,58.59
94.961,measure,4992.0,928.0,4.6326,58.56
95.061,measure,4992.0,928.0,4.6326,58.50
95.161,measure,4992.0,928.0,4.6326,58.47
95.261,measure,4992.0,920.0,4.5926,58.47
95.361,measure,4992.0,920.0,4.5926,58.44
95.461,measure,4992.0,920.0,4.5926,58.44
95.562,measure,4992.0,920.0,4.5926,58.69
95.662,measure,4992.0,920.0,4.5926,58.62
95.762,measure,4992.0,920.0,4.5926,58.66
95.862,measure,4992.0,920.0,4.5926,58.50
95.962,measure,4992.0,920.0,4.5926,58.56
96.062,measure,4992.0,920.0,4.5926,58.53
96.162,measure,4992.0,920.0,4.5926,58.47
96.262,measure,4992.0,920.0,4.5926,58.50
96.363,measure,4992.0,920.0,4.5926,58.44
96.463,measure,4992.0,920.0,4.5926,58.69
96.563,measure,4992.0,920.0,4.5926,58.66
96.663,measure,4992.0,920.0,4.5926,58.62
96.763,measure,4992.0,920.0,4.5926,58.50
96.863,measure,4992.0,920.0,4.5926,58.47
96.963,measure,4992.0,928.0,4.6326,58.41
97.064,measure,4992.0,928.0,4.6326,58.44
97.164,measure,4992.0,928.0,4.6326,58.44
97.264,measure,4992.0,928.0,4.6326,58.44
97.364,measure,4992.0,928.0,4.6326,58.41
97.464,measure,4992.0,928.0,4.6326,58.66
97.564,measure,4992.0,928.0,4.6326,58.62
97.664,measure,4992.0,928.0,4.6326,58.50
97.764,measure,4992.0,928.0,4.6326,58.53
97.865,measure,4992.0,928.0,4.6326,58.47
97.965,measure,4992.0,928.0,4.6326,58.50
98.065,measure,4992.0,928.0,4.6326,58.44
98.165,measure,4992.0,920.0,4.5926,58.44
98.265,measure,4992.0,920.0,4.5926,58.66
98.365,measure,4992.0,920.0,4.5926,58.56
98.465,measure,4992.0,920.0,4.5926,58.66
98.566,measure,4992.0,920.0,4.5926,58.50
98.666,measure,4992.0,920.0,4.5926,58.50
98.766,measure,4992.0,920.0,4.5926,58.47
98.866,measure,4992.0,920.0,4.5926,58.53
98.966,measure,4992.0,920.0,4.5926,58.44
99.066,measure,4992.0,920.0,4.5926,58.47
99.167,measure,4992.0,920.0,4.5926,58.47
99.267,measure,4992.0,920.0,4.5926,58.62
99.368,measure,4992.0,920.0,4.5926,58.69
99.468,measure,4992.0,928.0,4.6326,58.62
99.568,measure,4992.0,928.0,4.6326,58.50
99.668,measure,4992.0,928.0,4.6326,58.47
99.768,measure,4992.0,928.0,4.6326,58.56
99.868,measure,4992.0,928.0,4.6326,58.47
99.968,measure,4992.0,920.0,4.5926,58.44
100.069,measure,4992.0,928.0,4.6326,58.47
100.169,measure,4992.0,920.0,4.5926,58.72
100.269,measure,4992.0,920.0,4.5926,58.62
100.369,measure,4992.0,920.0,4.5926,58.59
100.469,measure,4992.0,920.0,4.5926,58.56
100.569,measure,4992.0,920.0,4.5926,58.50
100.669,measure,4992.0,920.0,4.5926,58.44
100.770,measure,4992.0,920.0,4.5926,58.50
100.870,measure,4992.0,920.0,4.5926,58.44
100.970,measure,4992.0,920.0,4.5926,58.44
101.070,measure,4992.0,920.0,4.5926,58.38
101.171,measure,4992.0,920.0,4.5926,58.69
101.271,measure,4992.0,920.0,4.5926,58.62
101.371,measure,4992.0,920.0,4.5926,58.53
101.471,measure,4992.0,920.0,4.5926,58.50
101.571,measure,4992.0,920.0,4.5926,58.50
101.671,measure,4992.0,920.0,4.5926,58.56
101.771,measure,4992.0,920.0,4.5926,58.50
101.871,measure,4992.0,920.0,4.5926,58.44
101.972,measure,4992.0,920.0,4.5926,58.44
102.072,measure,4992.0,920.0,4.5926,58.75
102.172,measure,4992.0,928.0,4.6326,58.69
102.272,measure,4992.0,928.0,4.6326,58.56
102.372,measure,4992.0,928.0,4.6326,58.53
102.472,measure,4992.0,928.0,4.6326,58.47
102.573,measure,4992.0,928.0,4.6326,58.50
102.673,measure,4992.0,928.0,4.6326,58.47
102.773,measure,4992.0,928.0,4.6326,58.47
102.873,measure,4992.0,928.0,4.6326,58.38
102.974,measure,4992.0,928.0,4.6326,58.62
103.074,measure,4992.0,928.0,4.6326,58.66
103.174,measure,4992.0,928.0,4.6326,58.62
103.274,measure,4992.0,928.0,4.6326,58.47
103.374,measure,4992.0,928.0,4.6326,58.50
103.474,measure,4992.0,928.0,4.6326,58.47
103.574,measure,4992.0,928.0,4.6326,58.50
103.674,measure,4992.0,928.0,4.6326,58.44
103.775,measure,4992.0,928.0,4.6326,58.44
103.875,measure,4992.0,928.0,4.6326,58.47
103.975,measure,4992.0,928.0,4.6326,58.62
104.075,measure,4992.0,928.0,4.6326,58.62
104.175,measure,4992.0,928.0,4.6326,58.53
104.275,measure,4992.0,928.0,4.6326,58.56
104.375,measure,4992.0,928.0,4.6326,58.53
104.476,measure,4992.0,928.0,4.6326,58.44
104.576,measure,4992.0,928.0,4.6326,58.44
104.676,measure,4992.0,928.0,4.6326,58.50
104.776,measure,4992.0,928.0,4.6326,58.44
104.876,measure,4992.0,928.0,4.6326,58.66
104.976,measure,4992.0,928.0,4.6326,58.62
105.076,measure,4992.0,928.0,4.6326,58.50
105.177,measure,4992.0,928.0,4.6326,58.53
105.277,measure,4992.0,928.0,4.6326,58.53
105.377,measure,4992.0,928.0,4.6326,58.44
105.477,measure,4992.0,928.0,4.6326,58.50
105.577,measure,4992.0,928.0,4.6326,58.44
105.677,measure,4992.0,928.0,4.6326,58.47
105.777,measure,4992.0,928.0,4.6326,58.38
105.877,measure,4992.0,928.0,4.6326,58.59
105.978,measure,4992.0,928.0,4.6326,58.56
106.078,measure,4992.0,928.0,4.6326,58.53
106.178,measure,4992.0,928.0,4.6326,58.47
106.278,measure,4992.0,928.0,4.6326,58.47
106.378,measure,4992.0,928.0,4.6326,58.44
106.478,measure,4992.0,928.0,4.6326,58.44
106.578,measure,4992.0,928.0,4.6326,58.44
106.679,measure,4992.0,928.0,4.6326,58.41
106.779,measure,4992.0,928.0,4.6326,58.66
106.880,measure,4992.0,928.0,4.6326,58.50
106.980,measure,4992.0,928.0,4.6326,58.50
107.080,measure,4992.0,928.0,4.6326,58.53
107.180,measure,4992.0,928.0,4.6326,58.50
107.280,measure,4992.0,928.0,4.6326,58.47
107.380,measure,4992.0,928.0,4.6326,58.44
107.480,measure,4992.0,928.0,4.6326,58.50
107.580,measure,4992.0,928.0,4.6326,58.44
107.681,measure,4992.0,928.0,4.6326,58.69
107.781,measure,4992.0,928.0,4.6326,58.66
107.881,measure,4992.0,928.0,4.6326,58.53
107.981,measure,4992.0,928.0,4.6326,58.47
108.081,measure,4992.0,928.0,4.6326,58.53
108.181,measure,4992.0,928.0,4.6326,58.44
108.282,measure,4992.0,928.0,4.6326,58.44
108.382,measure,4992.0,928.0,4.6326,58.44
108.482,measure,4992.0,928.0,4.6326,58.41
108.582,measure,4992.0,928.0,4.6326,58.44
108.682,measure,4992.0,928.0,4.6326,58.56
108.782,measure,4992.0,928.0,4.6326,58.59
108.882,measure,4992.0,928.0,4.6326,58.53
108.983,measure,4992.0,928.0,4.6326,58.53
109.083,measure,4992.0,928.0,4.6326,58.56
109.183,measure,4992.0,928.0,4.6326,58.44
109.283,measure,4992.0,928.0,4.6326,58.50
109.383,measure,4992.0,928.0,4.6326,58.41
109.483,measure,4992.0,928.0,4.6326,58.38
109.583,measure,4992.0,928.0,4.6326,58.59
109.684,measure,4992.0,928.0,4.6326,58.56
109.784,measure,4992.0,928.0,4.6326,58.56
109.884,measure,4992.0,928.0,4.6326,58.44
109.985,measure,4992.0,928.0,4.6326,58.53
110.085,measure,4992.0,928.0,4.6326,58.50
110.185,measure,4992.0,928.0,4.6326,58.44
110.286,measure,4992.0,928.0,4.6326,58.47
110.386,measure,4992.0,928.0,4.6326,58.47
110.486,measure,4992.0,928.0,4.6326,58.44
110.586,measure,4992.0,928.0,4.6326,58.59
110.686,measure,4992.0,928.0,4.6326,58.50
110.787,measure,4992.0,928.0,4.6326,58.56
110.887,measure,4992.0,928.0,4.6326,58.59
110.987,measure,4992.0,928.0,4.6326,58.47
111.087,measure,4992.0,928.0,4.6326,58.56
111.188,measure,4992.0,928.0,4.6326,58.44
111.288,measure,4992.0,928.0,4.6326,58.47
111.388,measure,4992.0,928.0,4.6326,58.44
111.488,measure,4992.0,928.0,4.6326,58.69
111.588,measure,4992.0,928.0,4.6326,58.56
111.688,measure,4992.0,928.0,4.6326,58.50
111.788,measure,4992.0,928.0,4.6326,58.47
111.889,measure,4992.0,928.0,4.6326,58.53
111.989,measure,4992.0,928.0,4.6326,58.44
112.089,measure,4992.0,928.0,4.6326,58.44
112.189,measure,4992.0,928.0,4.6326,58.44
112.289,measure,4992.0,928.0,4.6326,58.44
112.389,measure,4992.0,928.0,4.6326,58.66
112.489,measure,4992.0,928.0,4.6326,58.56
112.589,measure,4992.0,928.0,4.6326,58.53
112.690,measure,4992.0,928.0,4.6326,58.50
112.790,measure,4992.0,928.0,4.6326,58.44
112.890,measure,4992.0,928.0,4.6326,58.50
112.990,measure,4992.0,928.0,4.6326,58.41
113.090,measure,4992.0,928.0,4.6326,58.50
113.190,measure,4992.0,928.0,4.6326,58.44
113.290,measure,4992.0,928.0,4.6326,58.62
113.390,measure,4992.0,928.0,4.6326,58.56
113.491,measure,4992.0,928.0,4.6326,58.56
113.591,measure,4992.0,928.0,4.6326,58.56
113.691,measure,4992.0,928.0,4.6326,58.50
113.791,measure,4992.0,928.0,4.6326,58.50
113.891,measure,4992.0,928.0,4.6326,58.50
113.991,measure,4992.0,928.0,4.6326,58.44
114.091,measure,4992.0,928.0,4.6326,58.44
114.191,measure,4992.0,928.0,4.6326,58.56
114.291,measure,4992.0,920.0,4.5926,58.59
114.392,measure,4992.0,928.0,4.6326,58.59
114.492,measure,4992.0,928.0,4.6326,58.53
114.592,measure,4992.0,928.0,4.6326,58.50
114.692,measure,4992.0,928.0,4.6326,58.47
114.792,measure,4992.0,928.0,4.6326,58.41
114.892,measure,4992.0,928.0,4.6326,58.44
114.992,measure,4992.0,928.0,4.6326,58.41
115.092,measure,4992.0,920.0,4.5926,58.59
115.193,measure,4992.0,920.0,4.5926,58.56
115.293,measure,4992.0,920.0,4.5926,58.62
115.393,measure,4992.0,928.0,4.6326,58.53
115.493,measure,4992.0,928.0,4.6326,58.56
115.593,measure,4992.0,920.0,4.5926,58.44
115.693,measure,4992.0,920.0,4.5926,58.53
115.793,measure,4992.0,920.0,4.5926,58.47
115.893,measure,4992.0,920.0,4.5926,58.47
115.994,measure,4992.0,920.0,4.5926,58.62
116.094,measure,4992.0,920.0,4.5926,58.62
116.194,measure,4992.0,920.0,4.5926,58.50
116.294,measure,4992.0,920.0,4.5926,58.56
116.394,measure,4992.0,920.0,4.5926,58.50
116.494,measure,4992.0,920.0,4.5926,58.50
116.594,measure,4992.0,920.0,4.5926,58.47
116.694,measure,4992.0,920.0,4.5926,58.44
116.795,measure,4992.0,920.0,4.5926,58.47
116.895,measure,4992.0,920.0,4.5926,58.62
116.995,measure,4992.0,920.0,4.5926,58.56
117.095,measure,4992.0,920.0,4.5926,58.53
117.195,measure,4992.0,920.0,4.5926,58.53
117.295,measure,4992.0,920.0,4.5926,58.53
117.395,measure,4992.0,928.0,4.6326,58.44
117.495,measure,4992.0,928.0,4.6326,58.50
117.596,measure,4992.0,928.0,4.6326,58.44
117.696,measure,4992.0,928.0,4.6326,58.44
117.796,measure,4992.0,928.0,4.6326,58.62
117.896,measure,4992.0,928.0,4.6326,58.62
117.996,measure,4992.0,928.0,4.6326,58.53
118.096,measure,4992.0,928.0,4.6326,58.59
118.196,measure,4992.0,928.0,4.6326,58.50
118.296,measure,4992.0,928.0,4.6326,58.50
118.397,measure,4992.0,928.0,4.6326,58.47
118.497,measure,4992.0,928.0,4.6326,58.44
118.597,measure,4992.0,928.0,4.6326,58.66
118.697,measure,4992.0,928.0,4.6326,58.66
118.797,measure,4992.0,928.0,4.6326,58.59
118.897,measure,4992.0,928.0,4.6326,58.56
118.997,measure,4992.0,928.0,4.6326,58.47
119.097,measure,4992.0,928.0,4.6326,58.47
119.198,measure,4992.0,920.0,4.5926,58.47
119.298,measure,4992.0,920.0,4.5926,58.47
119.398,measure,4992.0,920.0,4.5926,58.53
119.498,measure,4992.0,928.0,4.6326,58.44
119.598,measure,4992.0,928.0,4.6326,58.66
119.698,measure,4992.0,928.0,4.6326,58.66
119.798,measure,4992.0,928.0,4.6326,58.62
119.898,measure,4992.0,928.0,4.6326,58.53
119.999,measure,4992.0,928.0,4.6326,58.53
120.099,measure,4992.0,928.0,4.6326,58.56
120.199,measure,4992.0,928.0,4.6326,58.41
120.299,measure,4992.0,928.0,4.6326,58.44
120.399,measure,4992.0,928.0,4.6326,58.47
120.499,measure,4992.0,928.0,4.6326,58.69
120.599,measure,4992.0,928.0,4.6326,58.66
120.699,measure,4992.0,928.0,4.6326,58.56
120.800,measure,4992.0,928.0,4.6326,58.53
120.900,measure,4992.0,920.0,4.5926,58.44
121.000,measure,4992.0,920.0,4.5926,58.47
121.100,measure,4992.0,920.0,4.5926,58.44
121.200,measure,4992.0,920.0,4.5926,58.41
121.300,measure,4992.0,920.0,4.5926,58.41
121.400,measure,4992.0,920.0,4.5926,58.69
121.500,measure,4992.0,928.0,4.6326,58.59
121.601,measure,4992.0,928.0,4.6326,58.62
121.701,measure,4992.0,928.0,4.6326,58.50
121.801,measure,4992.0,928.0,4.6326,58.50
121.901,measure,4992.0,928.0,4.6326,58.50
122.001,measure,4992.0,928.0,4.6326,58.44
122.101,measure,4992.0,928.0,4.6326,58.41
122.201,measure,4992.0,928.0,4.6326,58.38
122.301,measure,4992.0,928.0,4.6326,58.47
122.401,measure,4992.0,928.0,4.6326,58.56
122.502,measure,4992.0,928.0,4.6326,58.56
122.602,measure,4992.0,928.0,4.6326,58.59
122.702,measure,4992.0,920.0,4.5926,58.47
122.802,measure,4992.0,920.0,4.5926,58.44
122.902,measure,4992.0,920.0,4.5926,58.41
123.002,measure,4992.0,920.0,4.5926,58.41
123.102,measure,4992.0,920.0,4.5926,58.44
123.202,measure,4992.0,920.0,4.5926,58.44
123.303,measure,4992.0,920.0,4.5926,58.56
123.403,measure,4992.0,920.0,4.5926,58.59
123.503,measure,4992.0,920.0,4.5926,58.53
123.603,measure,4992.0,920.0,4.5926,58.53
123.703,measure,4992.0,928.0,4.6326,58.47
123.803,measure,4992.0,928.0,4.6326,58.47
123.904,measure,4992.0,928.0,4.6326,58.47
124.004,measure,4992.0,920.0,4.5926,58.41
124.104,measure,4992.0,920.0,4.5926,58.44
124.205,measure,4992.0,920.0,4.5926,58.38
124.305,measure,4992.0,920.0,4.5926,58.56
124.405,measure,4992.0,920.0,4.5926,58.59
124.505,measure,4992.0,928.0,4.6326,58.53
124.606,measure,4992.0,928.0,4.6326,58.53
124.706,measure,4992.0,928.0,4.6326,58.50
124.806,measure,4992.0,928.0,4.6326,58.44
124.906,measure,4992.0,928.0,4.6326,58.47
125.006,measure,4992.0,928.0,4.6326,58.44
125.106,measure,4992.0,920.0,4.5926,58.47
125.206,measure,4992.0,920.0,4.5926,58.66
125.307,measure,4992.0,920.0,4.5926,58.47
125.407,measure,4992.0,920.0,4.5926,58.53
125.507,measure,4992.0,928.0,4.6326,58.47
125.607,measure,4992.0,928.0,4.6326,58.53
125.707,measure,4992.0,928.0,4.6326,58.44
125.807,measure,4992.0,928.0,4.6326,58.44
125.908,measure,4992.0,928.0,4.6326,58.44
126.008,measure,4992.0,928.0,4.6326,58.44
126.108,measure,4992.0,928.0,4.6326,58.69
126.208,measure,4992.0,928.0,4.6326,58.56
126.308,measure,4992.0,928.0,4.6326,58.53
126.408,measure,4992.0,928.0,4.6326,58.47
126.509,measure,4992.0,928.0,4.6326,58.53
126.609,measure,4992.0,928.0,4.6326,58.47
126.709,measure,4992.0,928.0,4.6326,58.50
126.809,measure,4992.0,928.0,4.6326,58.44
126.909,measure,4992.0,928.0,4.6326,58.47
127.009,measure,4992.0,928.0,4.6326,58.56
127.109,measure,4992.0,928.0,4.6326,58.66
127.209,measure,4992.0,928.0,4.6326,58.53
127.310,measure,4992.0,920.0,4.5926,58.53
127.410,measure,4992.0,920.0,4.5926,58.47
127.510,measure,4992.0,920.0,4.5926,58.53
127.610,measure,4992.0,920.0,4.5926,58.47
127.710,measure,4992.0,928.0,4.6326,58.44
127.810,measure,4992.0,928.0,4.6326,58.44
127.910,measure,4992.0,928.0,4.6326,58.72
128.011,measure,4992.0,928.0,4.6326,58.59
128.111,measure,4992.0,928.0,4.6326,58.56
128.211,measure,4992.0,928.0,4.6326,58.47
128.311,measure,4992.0,928.0,4.6326,58.50
128.412,measure,4992.0,928.0,4.6326,58.47
128.512,measure,4992.0,928.0,4.6326,58.44
128.612,measure,4992.0,928.0,4.6326,58.50
128.712,measure,4992.0,928.0,4.6326,58.44
128.812,measure,4992.0,928.0,4.6326,58.38
128.912,measure,4992.0,928.0,4.6326,58.59
129.013,measure,4992.0,928.0,4.6326,58.56
129.113,measure,4992.0,928.0,4.6326,58.56
129.213,measure,4992.0,928.0,4.6326,58.47
129.313,measure,4992.0,928.0,4.6326,58.50
129.413,measure,4992.0,928.0,4.6326,58.47
129.513,measure,4992.0,928.0,4.6326,58.50
129.613,measure,4992.0,928.0,4.6326,58.44
129.713,measure,4992.0,928.0,4.6326,58.44
129.814,measure,4992.0,928.0,4.6326,58.56
129.914,measure,4992.0,928.0,4.6326,58.59
130.014,measure,4992.0,928.0,4.6326,58.53
130.114,measure,4992.0,928.0,4.6326,58.50
130.214,measure,4992.0,928.0,4.6326,58.50
130.314,measure,4992.0,928.0,4.6326,58.47
130.414,measure,4992.0,928.0,4.6326,58.47
130.514,measure,4992.0,928.0,4.6326,58.44
130.615,measure,4992.0,928.0,4.6326,58.69
130.715,measure,4992.0,928.0,4.6326,58.59
130.815,measure,4992.0,928.0,4.6326,58.56
130.915,measure,4992.0,928.0,4.6326,58.53
131.015,measure,4992.0,928.0,4.6326,58.59
131.115,measure,4992.0,928.0,4.6326,58.44
131.215,measure,4992.0,928.0,4.6326,58.44
131.315,measure,4992.0,928.0,4.6326,58.53
131.416,measure,4992.0,928.0,4.6326,58.44
131.516,measure,4992.0,928.0,4.6326,58.50
131.616,measure,4992.0,928.0,4.6326,58.66
131.716,measure,4992.0,928.0,4.6326,58.62
131.816,measure,4992.0,928.0,4.6326,58.56
131.916,measure,4992.0,928.0,4.6326,58.47
132.016,measure,4992.0,928.0,4.6326,58.53
132.116,measure,4992.0,928.0,4.6326,58.50
132.216,measure,4992.0,928.0,4.6326,58.44
132.317,measure,4992.0,928.0,4.6326,58.47
132.417,measure,4992.0,928.0,4.6326,58.66
132.517,measure,4992.0,928.0,4.6326,58.66
132.617,measure,4992.0,928.0,4.6326,58.62
132.717,measure,4992.0,928.0,4.6326,58.50
132.817,measure,4992.0,928.0,4.6326,58.53
132.917,measure,4992.0,928.0,4.6326,58.44
133.017,measure,4992.0,928.0,4.6326,58.47
133.118,measure,4992.0,928.0,4.6326,58.44
133.218,measure,4992.0,928.0,4.6326,58.44
133.318,measure,4992.0,920.0,4.5926,58.66
133.418,measure,4992.0,920.0,4.5926,58.69
133.518,measure,4992.0,928.0,4.6326,58.62
133.618,measure,4992.0,920.0,4.5926,58.53
133.718,measure,4992.0,920.0,4.5926,58.56
133.818,measure,4992.0,928.0,4.6326,58.47
133.919,measure,4992.0,928.0,4.6326,58.47
134.019,measure,4992.0,928.0,4.6326,58.44
134.119,measure,4992.0,928.0,4.6326,58.47
134.219,measure,4992.0,928.0,4.6326,58.66
134.319,measure,4992.0,928.0,4.6326,58.66
134.419,measure,4992.0,928.0,4.6326,58.56
134.519,measure,4992.0,928.0,4.6326,58.56
134.619,measure,4992.0,928.0,4.6326,58.56
134.720,measure,4992.0,928.0,4.6326,58.47
134.820,measure,4992.0,928.0,4.6326,58.53
134.920,measure,4992.0,928.0,4.6326,58.44
135.020,measure,4992.0,928.0,4.6326,58.44
135.120,measure,4992.0,928.0,4.6326,58.66
135.220,measure,4992.0,928.0,4.6326,58.66
135.320,measure,4992.0,928.0,4.6326,58.50
135.420,measure,4992.0,928.0,4.6326,58.59
135.521,measure,4992.0,928.0,4.6326,58.59
135.621,measure,4992.0,928.0,4.6326,58.56
135.721,measure,4992.0,928.0,4.6326,58.53
135.821,measure,4992.0,928.0,4.6326,58.50
135.921,measure,4992.0,928.0,4.6326,58.44
136.021,measure,4992.0,928.0,4.6326,58.47
136.121,measure,4992.0,928.0,4.6326,58.72
136.221,measure,4992.0,928.0,4.6326,58.53
136.322,measure,4992.0,928.0,4.6326,58.53
136.422,measure,4992.0,920.0,4.5926,58.50
136.522,measure,4992.0,920.0,4.5926,58.41
136.622,measure,4992.0,920.0,4.5926,58.50
136.722,measure,4992.0,920.0,4.5926,58.44
136.822,measure,4992.0,928.0,4.6326,58.47
136.922,measure,4992.0,928.0,4.6326,58.41
137.022,measure,4992.0,928.0,4.6326,58.72
137.123,measure,4992.0,928.0,4.6326,58.53
137.223,measure,4992.0,928.0,4.6326,58.66
137.323,measure,4992.0,928.0,4.6326,58.56
137.423,measure,4992.0,928.0,4.6326,58.50
137.523,measure,4992.0,928.0,4.6326,58.44
137.623,measure,4992.0,928.0,4.6326,58.47
137.723,measure,4992.0,928.0,4.6326,58.44
137.823,measure,4992.0,928.0,4.6326,58.44
137.924,measure,4992.0,928.0,4.6326,58.44
138.024,measure,4992.0,928.0,4.6326,58.56
138.124,measure,4992.0,928.0,4.6326,58.59
138.224,measure,4992.0,928.0,4.6326,58.44
138.324,measure,4992.0,928.0,4.6326,58.53
138.424,measure,4992.0,928.0,4.6326,58.44
138.524,measure,4992.0,928.0,4.6326,58.41
138.624,measure,4992.0,928.0,4.6326,58.44
138.725,measure,4992.0,928.0,4.6326,58.44
138.825,measure,4992.0,928.0,4.6326,58.47
138.925,measure,4992.0,928.0,4.6326,58.59
139.025,measure,4992.0,928.0,4.6326,58.56
139.125,measure,4992.0,928.0,4.6326,58.50
139.225,measure,4992.0,928.0,4.6326,58.53
139.325,measure,4992.0,928.0,4.6326,58.50
139.425,measure,4992.0,928.0,4.6326,58.47
139.526,measure,4992.0,928.0,4.6326,58.44
139.626,measure,4992.0,928.0,4.6326,58.44
139.726,measure,4992.0,928.0,4.6326,58.44
139.826,measure,4992.0,928.0,4.6326,58.66
139.926,measure,4992.0,928.0,4.6326,58.59
140.026,measure,4992.0,928.0,4.6326,58.44
140.126,measure,4992.0,928.0,4.6326,58.56
140.226,measure,4992.0,920.0,4.5926,58.47
140.327,measure,4992.0,920.0,4.5926,58.47
140.427,measure,4992.0,920.0,4.5926,58.47
140.527,measure,4992.0,920.0,4.5926,58.44
140.627,measure,4992.0,920.0,4.5926,58.59
140.727,measure,4992.0,920.0,4.5926,58.59
140.827,measure,4992.0,928.0,4.6326,58.59
140.927,measure,4992.0,928.0,4.6326,58.53
141.027,measure,4992.0,928.0,4.6326,58.59
141.128,measure,4992.0,928.0,4.6326,58.50
141.228,measure,4992.0,928.0,4.6326,58.50
141.328,measure,4992.0,920.0,4.5926,58.41
141.428,measure,4992.0,920.0,4.5926,58.47
141.528,measure,4992.0,920.0,4.5926,58.69
141.628,measure,4992.0,920.0,4.5926,58.59
141.728,measure,4992.0,920.0,4.5926,58.59
141.828,measure,4992.0,920.0,4.5926,58.56
141.929,measure,4992.0,920.0,4.5926,58.50
142.029,measure,4992.0,928.0,4.6326,58.47
142.129,measure,4992.0,928.0,4.6326,58.53
142.229,measure,4992.0,920.0,4.5926,58.47
142.329,measure,4992.0,928.0,4.6326,58.44
142.429,measure,4992.0,920.0,4.5926,58.62
142.529,measure,4992.0,920.0,4.5926,58.62
142.629,measure,4992.0,928.0,4.6326,58.59
142.729,measure,4992.0,928.0,4.6326,58.53
142.830,measure,4992.0,920.0,4.5926,58.47
142.930,measure,4992.0,920.0,4.5926,58.53
143.030,measure,4992.0,928.0,4.6326,58.47
143.130,measure,4992.0,928.0,4.6326,58.44
143.230,measure,4992.0,928.0,4.6326,58.53
143.330,measure,4992.0,928.0,4.6326,58.62
143.430,measure,4992.0,928.0,4.6326,58.59
143.530,measure,4992.0,928.0,4.6326,58.50
143.631,measure,4992.0,928.0,4.6326,58.53
143.731,measure,4992.0,928.0,4.6326,58.50
143.831,measure,4992.0,928.0,4.6326,58.53
143.932,measure,4992.0,928.0,4.6326,58.44
144.032,measure,4992.0,928.0,4.6326,58.44
144.132,measure,4992.0,928.0,4.6326,58.44
144.232,measure,4992.0,928.0,4.6326,58.47
144.332,measure,4992.0,928.0,4.6326,58.66
144.432,measure,4992.0,920.0,4.5926,58.66
144.532,measure,4992.0,920.0,4.5926,58.56
144.633,measure,4992.0,920.0,4.5926,58.53
144.733,measure,4992.0,920.0,4.5926,58.50
144.833,measure,4992.0,920.0,4.5926,58.50
144.933,measure,4992.0,920.0,4.5926,58.53
145.033,measure,4992.0,920.0,4.5926,58.47
145.133,measure,4992.0,920.0,4.5926,58.72
145.233,measure,4992.0,920.0,4.5926,58.66
145.333,measure,4992.0,920.0,4.5926,58.69
145.434,measure,4992.0,920.0,4.5926,58.62
145.534,measure,4992.0,920.0,4.5926,58.50
145.634,measure,4992.0,920.0,4.5926,58.53
145.734,measure,4992.0,920.0,4.5926,58.47
145.834,measure,4992.0,920.0,4.5926,58.53
145.934,measure,4992.0,920.0,4.5926,58.47
146.034,measure,4992.0,920.0,4.5926,58.66
146.134,measure,4992.0,920.0,4.5926,58.66
146.235,measure,4992.0,920.0,4.5926,58.62
146.335,measure,4992.0,920.0,4.5926,58.56
146.435,measure,4992.0,920.0,4.5926,58.59
146.535,measure,4992.0,920.0,4.5926,58.47
146.635,measure,4992.0,920.0,4.5926,58.50
146.735,measure,4992.0,920.0,4.5926,58.47
146.835,measure,4992.0,920.0,4.5926,58.44
146.935,measure,4992.0,920.0,4.5926,58.44
147.036,measure,4992.0,928.0,4.6326,58.62
147.136,measure,4992.0,928.0,4.6326,58.59
147.236,measure,4992.0,928.0,4.6326,58.50
147.336,measure,4992.0,928.0,4.6326,58.59
147.436,measure,4992.0,928.0,4.6326,58.50
147.536,measure,4992.0,928.0,4.6326,58.50
147.636,measure,4992.0,928.0,4.6326,58.44
147.736,measure,4992.0,928.0,4.6326,58.50
147.837,measure,4992.0,928.0,4.6326,58.38
147.937,measure,4992.0,928.0,4.6326,58.66
148.037,measure,4992.0,928.0,4.6326,58.59
148.137,measure,4992.0,928.0,4.6326,58.59
148.237,measure,4992.0,928.0,4.6326,58.62
148.337,measure,4992.0,928.0,4.6326,58.47
148.437,measure,4992.0,928.0,4.6326,58.50
148.537,measure,4992.0,928.0,4.6326,58.47
148.638,measure,4992.0,928.0,4.6326,58.47
148.738,measure,4992.0,928.0,4.6326,58.44
148.838,measure,4992.0,928.0,4.6326,58.72
148.938,measure,4992.0,928.0,4.6326,58.53
149.038,measure,4992.0,928.0,4.6326,58.53
149.138,measure,4992.0,928.0,4.6326,58.50
149.238,measure,4992.0,928.0,4.6326,58.47
149.338,measure,4992.0,928.0,4.6326,58.56
149.439,measure,4992.0,928.0,4.6326,58.53
149.539,measure,4992.0,928.0,4.6326,58.47
149.639,measure,4992.0,928.0,4.6326,58.47
149.739,measure,4992.0,928.0,4.6326,58.47
149.839,measure,4992.0,928.0,4.6326,58.62
149.939,measure,4992.0,928.0,4.6326,58.47
150.039,measure,4992.0,928.0,4.6326,58.53
150.139,measure,4992.0,928.0,4.6326,58.59
150.240,measure,4992.0,928.0,4.6326,58.53
150.340,measure,4992.0,928.0,4.6326,58.50
150.440,measure,4992.0,928.0,4.6326,58.50
150.540,measure,4992.0,928.0,4.6326,58.47
150.640,measure,4992.0,928.0,4.6326,58.44
150.740,measure,4992.0,928.0,4.6326,58.56
150.840,measure,4992.0,928.0,4.6326,58.56
150.940,measure,4992.0,928.0,4.6326,58.59
151.041,measure,4992.0,928.0,4.6326,58.47
151.141,measure,4992.0,928.0,4.6326,58.50
151.241,measure,4992.0,928.0,4.6326,58.47
151.341,measure,4992.0,928.0,4.6326,58.56
151.441,measure,4992.0,928.0,4.6326,58.50
151.541,measure,4992.0,928.0,4.6326,58.44
151.641,measure,4992.0,928.0,4.6326,58.62
151.742,measure,4992.0,928.0,4.6326,58.56
151.842,measure,4992.0,928.0,4.6326,58.56
151.942,measure,4992.0,928.0,4.6326,58.56
152.042,measure,4992.0,928.0,4.6326,58.56
152.142,measure,4992.0,928.0,4.6326,58.44
152.242,measure,4992.0,928.0,4.6326,58.50
152.342,measure,4992.0,928.0,4.6326,58.56
152.442,measure,4992.0,928.0,4.6326,58.47
152.543,measure,4992.0,928.0,4.6326,58.69
152.643,measure,4992.0,928.0,4.6326,58.62
152.743,measure,4992.0,928.0,4.6326,58.50
152.843,measure,4992.0,928.0,4.6326,58.56
152.943,measure,4992.0,928.0,4.6326,58.47
153.043,measure,4992.0,928.0,4.6326,58.47
153.143,measure,4992.0,928.0,4.6326,58.44
153.244,measure,4992.0,928.0,4.6326,58.47
153.344,measure,4992.0,928.0,4.6326,58.47
153.444,measure,4992.0,928.0,4.6326,58.62
153.544,measure,4992.0,928.0,4.6326,58.72
153.644,measure,4992.0,928.0,4.6326,58.56
153.744,measure,4992.0,928.0,4.6326,58.59
153.844,measure,4992.0,928.0,4.6326,58.47
153.944,measure,4992.0,928.0,4.6326,58.50
154.045,measure,4992.0,928.0,4.6326,58.47
154.145,measure,4992.0,928.0,4.6326,58.44
154.245,measure,4992.0,928.0,4.6326,58.66
154.345,measure,4992.0,928.0,4.6326,58.66
154.445,measure,4992.0,928.0,4.6326,58.69
154.545,measure,4992.0,928.0,4.6326,58.62
154.645,measure,4992.0,928.0,4.6326,58.56
154.745,measure,4992.0,928.0,4.6326,58.53
154.846,measure,4992.0,928.0,4.6326,58.53
154.946,measure,4992.0,928.0,4.6326,58.53
155.046,measure,4992.0,928.0,4.6326,58.53
155.146,measure,4992.0,928.0,4.6326,58.66
155.246,measure,4992.0,928.0,4.6326,58.66
155.346,measure,4992.0,928.0,4.6326,58.66
155.447,measure,4992.0,928.0,4.6326,58.66
155.547,measure,4992.0,928.0,4.6326,58.56
155.647,measure,4992.0,928.0,4.6326,58.47
155.747,measure,4992.0,928.0,4.6326,58.56
155.847,measure,4992.0,928.0,4.6326,58.53
155.948,measure,4992.0,928.0,4.6326,58.53
156.048,measure,4992.0,928.0,4.6326,58.47
156.148,measure,4992.0,928.0,4.6326,58.66
156.248,measure,4992.0,928.0,4.6326,58.66
156.348,measure,4992.0,928.0,4.6326,58.62
156.448,measure,4992.0,928.0,4.6326,58.56
156.548,measure,4992.0,928.0,4.6326,58.56
156.648,measure,4992.0,928.0,4.6326,58.53
156.749,measure,4992.0,928.0,4.6326,58.53
156.849,measure,4992.0,928.0,4.6326,58.47
156.949,measure,4992.0,928.0,4.6326,58.53
157.049,measure,4992.0,928.0,4.6326,58.69
157.149,measure,4992.0,928.0,4.6326,58.69
157.249,measure,4992.0,928.0,4.6326,58.62
157.350,measure,4992.0,928.0,4.6326,58.59
157.450,measure,4992.0,928.0,4.6326,58.50
157.550,measure,4992.0,928.0,4.6326,58.50
157.650,measure,4992.0,928.0,4.6326,58.50
157.751,measure,4992.0,928.0,4.6326,58.56
157.851,measure,4992.0,928.0,4.6326,58.41
157.951,measure,4992.0,928.0,4.6326,58.69
158.051,measure,4992.0,928.0,4.6326,58.59
158.151,measure,4992.0,928.0,4.6326,58.62
158.251,measure,4992.0,928.0,4.6326,58.66
158.351,measure,4992.0,928.0,4.6326,58.53
158.451,measure,4992.0,928.0,4.6326,58.56
158.552,measure,4992.0,928.0,4.6326,58.56
158.652,measure,4992.0,928.0,4.6326,58.50
158.752,measure,4992.0,928.0,4.6326,58.47
158.852,measure,4992.0,928.0,4.6326,58.72
158.952,measure,4992.0,928.0,4.6326,58.75
159.052,measure,4992.0,928.0,4.6326,58.69
159.152,measure,4992.0,928.0,4.6326,58.53
159.252,measure,4992.0,928.0,4.6326,58.56
159.353,measure,4992.0,928.0,4.6326,58.44
159.453,measure,4992.0,928.0,4.6326,58.50
159.553,measure,4992.0,928.0,4.6326,58.53
159.653,measure,4992.0,928.0,4.6326,58.50
159.753,measure,4992.0,928.0,4.6326,58.72
159.853,measure,4992.0,928.0,4.6326,58.72
159.953,measure,4992.0,928.0,4.6326,58.62
160.053,measure,4992.0,928.0,4.6326,58.59
160.154,measure,4992.0,928.0,4.6326,58.50
160.254,measure,4992.0,928.0,4.6326,58.53
160.354,measure,4992.0,928.0,4.6326,58.56
160.454,measure,4992.0,928.0,4.6326,58.50
160.554,measure,4992.0,928.0,4.6326,58.47
160.654,measure,4992.0,928.0,4.6326,58.69
160.754,measure,4992.0,928.0,4.6326,58.72
160.854,measure,4992.0,928.0,4.6326,58.62
160.955,measure,4992.0,928.0,4.6326,58.56
161.055,measure,4992.0,928.0,4.6326,58.56
161.155,measure,4992.0,928.0,4.6326,58.59
161.255,measure,4992.0,928.0,4.6326,58.53
161.355,measure,4992.0,928.0,4.6326,58.53
161.455,measure,4992.0,928.0,4.6326,58.56
161.555,measure,4992.0,928.0,4.6326,58.47
161.655,measure,4992.0,928.0,4.6326,58.75
161.756,measure,4992.0,928.0,4.6326,58.69
161.856,measure,4992.0,928.0,4.6326,58.66
161.956,measure,4992.0,920.0,4.5926,58.53
162.056,measure,4992.0,920.0,4.5926,58.56
162.156,measure,4992.0,920.0,4.5926,58.53
162.256,measure,4992.0,920.0,4.5926,58.47
162.356,measure,4992.0,920.0,4.5926,58.44
162.456,measure,4992.0,920.0,4.5926,58.53
162.557,measure,4992.0,928.0,4.6326,58.81
162.657,measure,4992.0,928.0,4.6326,58.69
162.757,measure,4992.0,928.0,4.6326,58.62
162.857,measure,4992.0,928.0,4.6326,58.56
162.957,measure,4992.0,928.0,4.6326,58.56
163.057,measure,4992.0,928.0,4.6326,58.53
163.157,measure,4992.0,928.0,4.6326,58.50
163.257,measure,4992.0,928.0,4.6326,58.47
163.358,measure,4992.0,928.0,4.6326,58.53
163.458,measure,4992.0,928.0,4.6326,58.50
163.558,measure,4992.0,928.0,4.6326,58.59
163.658,measure,4992.0,928.0,4.6326,58.56
163.758,measure,4992.0,928.0,4.6326,58.56
163.858,measure,4992.0,928.0,4.6326,58.53
163.958,measure,4992.0,928.0,4.6326,58.56
164.059,measure,4992.0,928.0,4.6326,58.50
164.159,measure,4992.0,928.0,4.6326,58.56
164.259,measure,4992.0,928.0,4.6326,58.50
164.359,measure,4992.0,928.0,4.6326,58.59
164.459,measure,4992.0,928.0,4.6326,58.66
164.559,measure,4992.0,928.0,4.6326,58.59
164.659,measure,4992.0,928.0,4.6326,58.66
164.759,measure,4992.0,928.0,4.6326,58.56
164.860,measure,4992.0,928.0,4.6326,58.59
164.960,measure,4992.0,928.0,4.6326,58.56
165.060,measure,4992.0,928.0,4.6326,58.50
165.160,measure,4992.0,928.0,4.6326,58.47
165.260,measure,4992.0,928.0,4.6326,58.66
165.360,measure,4992.0,928.0,4.6326,58.66
165.461,measure,4992.0,920.0,4.5926,58.62
165.561,measure,4992.0,928.0,4.6326,58.59
165.661,measure,4992.0,928.0,4.6326,58.56
165.761,measure,4992.0,928.0,4.6326,58.62
165.862,measure,4992.0,928.0,4.6326,58.47
165.962,measure,4992.0,928.0,4.6326,58.50
166.062,measure,4992.0,928.0,4.6326,58.59
166.162,measure,4992.0,928.0,4.6326,58.53
166.263,measure,4992.0,928.0,4.6326,58.50
166.363,measure,4992.0,928.0,4.6326,58.62
166.463,measure,4992.0,928.0,4.6326,58.69
166.563,measure,4992.0,928.0,4.6326,58.59
166.663,measure,4992.0,928.0,4.6326,58.56
166.763,measure,4992.0,928.0,4.6326,58.47
166.863,measure,4992.0,928.0,4.6326,58.59
166.963,measure,4992.0,928.0,4.6326,58.53
167.064,measure,4992.0,928.0,4.6326,58.50
167.164,measure,4992.0,928.0,4.6326,58.66
167.264,measure,4992.0,928.0,4.6326,58.53
167.364,measure,4992.0,928.0,4.6326,58.62
167.464,measure,4992.0,928.0,4.6326,58.56
167.564,measure,4992.0,928.0,4.6326,58.66
167.664,measure,4992.0,928.0,4.6326,58.56
167.764,measure,4992.0,928.0,4.6326,58.53
167.865,measure,4992.0,928.0,4.6326,58.53
167.965,measure,4992.0,928.0,4.6326,58.53
168.065,measure,4992.0,928.0,4.6326,58.62
168.165,measure,4992.0,928.0,4.6326,58.72
168.265,measure,4992.0,928.0,4.6326,58.69
168.365,measure,4992.0,928.0,4.6326,58.62
168.465,measure,4992.0,928.0,4.6326,58.56
168.565,measure,4992.0,928.0,4.6326,58.53
168.666,measure,4992.0,928.0,4.6326,58.53
168.766,measure,4992.0,928.0,4.6326,58.50
168.866,measure,4992.0,928.0,4.6326,58.50
168.966,measure,4992.0,928.0,4.6326,58.50
169.067,measure,4992.0,928.0,4.6326,58.66
169.167,measure,4992.0,920.0,4.5926,58.59
169.268,measure,4992.0,928.0,4.6326,58.69
169.368,measure,4992.0,928.0,4.6326,58.62
169.468,measure,4992.0,928.0,4.6326,58.50
169.568,measure,4992.0,928.0,4.6326,58.53
169.668,measure,4992.0,928.0,4.6326,58.47
169.768,measure,4992.0,928.0,4.6326,58.44
169.869,measure,4992.0,928.0,4.6326,58.56
169.969,measure,4992.0,928.0,4.6326,58.66
170.069,measure,4992.0,928.0,4.6326,58.69
170.169,measure,4992.0,928.0,4.6326,58.62
170.269,measure,4992.0,928.0,4.6326,58.59
170.369,measure,4992.0,928.0,4.6326,58.59
170.469,measure,4992.0,928.0,4.6326,58.56
170.569,measure,4992.0,928.0,4.6326,58.50
170.669,measure,4992.0,928.0,4.6326,58.56
170.770,measure,4992.0,928.0,4.6326,58.59
170.870,measure,4992.0,928.0,4.6326,58.72
170.970,measure,4992.0,928.0,4.6326,58.69
171.070,measure,4992.0,928.0,4.6326,58.62
171.170,measure,4992.0,928.0,4.6326,58.66
171.270,measure,4992.0,928.0,4.6326,58.53
171.370,measure,4992.0,928.0,4.6326,58.53
171.471,measure,4992.0,928.0,4.6326,58.50
171.571,measure,4992.0,928.0,4.6326,58.50
171.671,measure,4992.0,928.0,4.6326,58.50
171.771,measure,4992.0,928.0,4.6326,58.47
171.871,measure,4992.0,928.0,4.6326,58.72
171.971,measure,4992.0,928.0,4.6326,58.62
172.071,measure,4992.0,928.0,4.6326,58.62
172.172,measure,4992.0,928.0,4.6326,58.56
172.272,measure,4992.0,928.0,4.6326,58.56
172.372,measure,4992.0,928.0,4.6326,58.53
172.472,measure,4992.0,928.0,4.6326,58.53
172.573,measure,4992.0,928.0,4.6326,58.53
172.673,measure,4992.0,928.0,4.6326,58.50
172.773,measure,4992.0,928.0,4.6326,58.66
172.873,measure,4992.0,928.0,4.6326,58.72
172.973,measure,4992.0,928.0,4.6326,58.62
173.074,measure,4992.0,928.0,4.6326,58.53
173.174,measure,4992.0,928.0,4.6326,58.53
173.274,measure,4992.0,928.0,4.6326,58.56
173.374,measure,4992.0,920.0,4.5926,58.59
173.474,measure,4992.0,920.0,4.5926,58.47
173.574,measure,4992.0,920.0,4.5926,58.50
173.674,measure,4992.0,920.0,4.5926,58.75
173.775,measure,4992.0,928.0,4.6326,58.66
173.875,measure,4992.0,928.0,4.6326,58.62
173.975,measure,4992.0,928.0,4.6326,58.62
174.075,measure,4992.0,928.0,4.6326,58.62
174.175,measure,4992.0,928.0,4.6326,58.56
174.275,measure,4992.0,928.0,4.6326,58.50
174.375,measure,4992.0,928.0,4.6326,58.59
174.475,measure,4992.0,928.0,4.6326,58.50
174.576,measure,4992.0,928.0,4.6326,58.69
174.676,measure,4992.0,928.0,4.6326,58.66
174.776,measure,4992.0,928.0,4.6326,58.62
174.876,measure,4992.0,928.0,4.6326,58.72
174.976,measure,4992.0,928.0,4.6326,58.56
175.076,measure,4992.0,928.0,4.6326,58.56
175.176,measure,4992.0,928.0,4.6326,58.53
175.277,measure,4992.0,928.0,4.6326,58.50
175.377,measure,4992.0,928.0,4.6326,58.44
175.477,measure,4992.0,928.0,4.6326,58.53
175.577,measure,4992.0,928.0,4.6326,58.69
175.677,measure,4992.0,928.0,4.6326,58.69
175.777,measure,4992.0,928.0,4.6326,58.66
175.877,measure,4992.0,928.0,4.6326,58.66
175.977,measure,4992.0,928.0,4.6326,58.62
176.078,measure,4992.0,928.0,4.6326,58.53
176.178,measure,4992.0,928.0,4.6326,58.47
176.278,measure,4992.0,928.0,4.6326,58.50
176.378,measure,4992.0,928.0,4.6326,58.78
176.478,measure,4992.0,928.0,4.6326,58.72
176.578,measure,4992.0,928.0,4.6326,58.59
176.679,measure,4992.0,928.0,4.6326,58.62
176.779,measure,4992.0,928.0,4.6326,58.53
176.879,measure,4992.0,928.0,4.6326,58.59
176.979,measure,4992.0,928.0,4.6326,58.53
177.080,measure,4992.0,928.0,4.6326,58.47
177.180,measure,4992.0,928.0,4.6326,58.53
177.280,measure,4992.0,928.0,4.6326,58.50
177.380,measure,4992.0,928.0,4.6326,58.66
177.480,measure,4992.0,928.0,4.6326,58.72
177.580,measure,4992.0,928.0,4.6326,58.62
177.680,measure,4992.0,928.0,4.6326,58.59
177.780,measure,4992.0,928.0,4.6326,58.56
177.881,measure,4992.0,928.0,4.6326,58.50
177.981,measure,4992.0,928.0,4.6326,58.50
178.081,measure,4992.0,928.0,4.6326,58.53
178.181,measure,4992.0,928.0,4.6326,58.78
178.281,measure,4992.0,928.0,4.6326,58.69
178.381,measure,4992.0,928.0,4.6326,58.69
178.481,measure,4992.0,928.0,4.6326,58.56
178.581,measure,4992.0,928.0,4.6326,58.56
178.682,measure,4992.0,928.0,4.6326,58.59
178.782,measure,4992.0,928.0,4.6326,58.56
178.882,measure,4992.0,928.0,4.6326,58.50
178.982,measure,4992.0,928.0,4.6326,58.50
179.082,measure,4992.0,928.0,4.6326,58.81
179.182,measure,4992.0,928.0,4.6326,58.66
179.282,measure,4992.0,928.0,4.6326,58.78
179.382,measure,4992.0,928.0,4.6326,58.59
179.483,measure,4992.0,928.0,4.6326,58.62
179.583,measure,4992.0,928.0,4.6326,58.56
179.683,measure,4992.0,928.0,4.6326,58.59
179.783,measure,4992.0,928.0,4.6326,58.50
179.883,measure,4992.0,928.0,4.6326,58.56
179.983,measure,4992.0,928.0,4.6326,58.53
180.083,measure,4992.0,928.0,4.6326,58.75
180.183,measure,4992.0,928.0,4.6326,58.72
180.284,measure,4992.0,928.0,4.6326,58.66
180.384,measure,4992.0,928.0,4.6326,58.62
180.484,measure,4992.0,928.0,4.6326,58.66
180.584,measure,4992.0,928.0,4.6326,58.59
180.684,measure,4992.0,928.0,4.6326,58.50
180.784,measure,4992.0,928.0,4.6326,58.56
180.884,measure,4992.0,928.0,4.6326,58.53
180.985,measure,4992.0,928.0,4.6326,58.81
181.085,measure,4992.0,928.0,4.6326,58.72
181.185,measure,4992.0,928.0,4.6326,58.66
181.285,measure,4992.0,928.0,4.6326,58.66
181.385,measure,4992.0,928.0,4.6326,58.53
181.485,measure,4992.0,928.0,4.6326,58.50
181.585,measure,4992.0,928.0,4.6326,58.56
181.686,measure,4992.0,928.0,4.6326,58.56
181.786,measure,4992.0,928.0,4.6326,58.47
181.886,measure,4992.0,928.0,4.6326,58.50
181.986,measure,4992.0,928.0,4.6326,58.75
182.086,measure,4992.0,928.0,4.6326,58.69
182.186,measure,4992.0,928.0,4.6326,58.62
182.286,measure,4992.0,928.0,4.6326,58.56
182.386,measure,4992.0,928.0,4.6326,58.56
182.487,measure,4992.0,928.0,4.6326,58.47
182.587,measure,4992.0,928.0,4.6326,58.50
182.687,measure,4992.0,928.0,4.6326,58.50
182.787,measure,4992.0,928.0,4.6326,58.47
182.887,measure,4992.0,928.0,4.6326,58.66
182.987,measure,4992.0,928.0,4.6326,58.72
183.087,measure,4992.0,928.0,4.6326,58.66
183.188,measure,4992.0,928.0,4.6326,58.59
183.288,measure,4992.0,928.0,4.6326,58.59
183.388,measure,4992.0,928.0,4.6326,58.59
183.488,measure,4992.0,928.0,4.6326,58.47
183.588,measure,4992.0,928.0,4.6326,58.50
183.688,measure,4992.0,928.0,4.6326,58.50
183.788,measure,4992.0,928.0,4.6326,58.66
183.888,measure,4992.0,928.0,4.6326,58.72
183.989,measure,4992.0,928.0,4.6326,58.66
184.089,measure,4992.0,928.0,4.6326,58.62
184.189,measure,4992.0,928.0,4.6326,58.56
184.289,measure,4992.0,928.0,4.6326,58.53
184.389,measure,4992.0,928.0,4.6326,58.56
184.489,measure,4992.0,928.0,4.6326,58.56
184.589,measure,4992.0,928.0,4.6326,58.47
184.690,measure,4992.0,928.0,4.6326,58.69
184.790,measure,4992.0,928.0,4.6326,58.69
184.890,measure,4992.0,928.0,4.6326,58.62
184.990,measure,4992.0,928.0,4.6326,58.59
185.090,measure,4992.0,928.0,4.6326,58.66
185.190,measure,4992.0,928.0,4.6326,58.59
185.290,measure,4992.0,928.0,4.6326,58.56
185.391,measure,4992.0,928.0,4.6326,58.56
185.491,measure,4992.0,928.0,4.6326,58.53
185.591,measure,4992.0,928.0,4.6326,58.69
185.691,measure,4992.0,928.0,4.6326,58.69
185.791,measure,4992.0,928.0,4.6326,58.72
185.891,measure,4992.0,928.0,4.6326,58.59
185.991,measure,4992.0,928.0,4.6326,58.62
186.092,measure,4992.0,928.0,4.6326,58.53
186.192,measure,4992.0,928.0,4.6326,58.50
186.292,measure,4992.0,928.0,4.6326,58.53
186.392,measure,4992.0,928.0,4.6326,58.47
186.492,measure,4992.0,928.0,4.6326,58.75
186.592,measure,4992.0,928.0,4.6326,58.75
186.692,measure,4992.0,928.0,4.6326,58.59
186.792,measure,4992.0,928.0,4.6326,58.59
186.892,measure,4992.0,928.0,4.6326,58.59
186.993,measure,4992.0,928.0,4.6326,58.56
187.093,measure,4992.0,928.0,4.6326,58.50
187.193,measure,4992.0,928.0,4.6326,58.62
187.293,measure,4992.0,928.0,4.6326,58.53
187.393,measure,4992.0,928.0,4.6326,58.72
187.493,measure,4992.0,928.0,4.6326,58.78
187.593,measure,4992.0,928.0,4.6326,58.62
187.693,measure,4992.0,928.0,4.6326,58.59
187.794,measure,4992.0,928.0,4.6326,58.56
187.894,measure,4992.0,928.0,4.6326,58.56
187.994,measure,4992.0,928.0,4.6326,58.56
188.094,measure,4992.0,928.0,4.6326,58.59
188.194,measure,4992.0,928.0,4.6326,58.53
188.294,measure,4992.0,928.0,4.6326,58.75
188.394,measure,4992.0,928.0,4.6326,58.62
188.494,measure,4992.0,928.0,4.6326,58.66
188.595,measure,4992.0,928.0,4.6326,58.56
188.695,measure,4992.0,928.0,4.6326,58.59
188.795,measure,4992.0,928.0,4.6326,58.53
188.895,measure,4992.0,928.0,4.6326,58.44
188.995,measure,4992.0,928.0,4.6326,58.56
189.095,measure,4992.0,928.0,4.6326,58.72
189.195,measure,4992.0,928.0,4.6326,58.81
189.295,measure,4992.0,928.0,4.6326,58.75
189.396,measure,4992.0,928.0,4.6326,58.59
189.496,measure,4992.0,928.0,4.6326,58.59
189.596,measure,4992.0,928.0,4.6326,58.56
189.696,measure,4992.0,928.0,4.6326,58.62
189.796,measure,4992.0,920.0,4.5926,58.62
189.896,measure,4992.0,920.0,4.5926,58.53
189.996,measure,4992.0,920.0,4.5926,58.56
190.096,measure,4992.0,920.0,4.5926,58.75
190.197,measure,4992.0,928.0,4.6326,58.75
190.297,measure,4992.0,928.0,4.6326,58.62
190.397,measure,4992.0,928.0,4.6326,58.66
190.497,measure,4992.0,928.0,4.6326,58.62
190.597,measure,4992.0,928.0,4.6326,58.56
190.697,measure,4992.0,920.0,4.5926,58.59
190.797,measure,4992.0,920.0,4.5926,58.50
190.897,measure,4992.0,920.0,4.5926,58.47
190.997,measure,4992.0,920.0,4.5926,58.75
191.098,measure,4992.0,920.0,4.5926,58.59
191.198,measure,4992.0,928.0,4.6326,58.66
191.298,measure,4992.0,928.0,4.6326,58.69
191.398,measure,4992.0,920.0,4.5926,58.56
191.498,measure,4992.0,920.0,4.5926,58.53
191.598,measure,4992.0,920.0,4.5926,58.50
191.698,measure,4992.0,920.0,4.5926,58.53
191.798,measure,4992.0,920.0,4.5926,58.47
191.899,measure,4992.0,920.0,4.5926,58.72
191.999,measure,4992.0,920.0,4.5926,58.66
192.099,measure,4992.0,920.0,4.5926,58.69
192.199,measure,4992.0,920.0,4.5926,58.62
192.299,measure,4992.0,920.0,4.5926,58.56
192.399,measure,4992.0,920.0,4.5926,58.53
192.499,measure,4992.0,920.0,4.5926,58.50
192.599,measure,4992.0,920.0,4.5926,58.53
192.700,measure,4992.0,920.0,4.5926,58.44
192.800,measure,4992.0,920.0,4.5926,58.75
192.900,measure,4992.0,920.0,4.5926,58.62
193.000,measure,4992.0,920.0,4.5926,58.59
193.100,measure,4992.0,920.0,4.5926,58.62
193.200,measure,4992.0,928.0,4.6326,58.56
193.300,measure,4992.0,928.0,4.6326,58.59
193.400,measure,4992.0,928.0,4.6326,58.56
193.501,measure,4992.0,928.0,4.6326,58.53
193.601,measure,4992.0,928.0,4.6326,58.47
193.701,measure,4992.0,920.0,4.5926,58.56
193.801,measure,4992.0,928.0,4.6326,58.69
193.901,measure,4992.0,928.0,4.6326,58.69
194.001,measure,4992.0,928.0,4.6326,58.66
194.101,measure,4992.0,920.0,4.5926,58.50
194.201,measure,4992.0,920.0,4.5926,58.59
194.301,measure,4992.0,928.0,4.6326,58.50
194.402,measure,4992.0,920.0,4.5926,58.53
194.502,measure,4992.0,920.0,4.5926,58.50
194.602,measure,4992.0,920.0,4.5926,58.50
194.702,measure,4992.0,920.0,4.5926,58.69
194.802,measure,4992.0,920.0,4.5926,58.69
194.902,measure,4992.0,920.0,4.5926,58.66
195.002,measure,4992.0,920.0,4.5926,58.53
195.102,measure,4992.0,920.0,4.5926,58.53
195.203,measure,4992.0,920.0,4.5926,58.59
195.303,measure,4992.0,928.0,4.6326,58.59
195.403,measure,4992.0,928.0,4.6326,58.53
195.503,measure,4992.0,928.0,4.6326,58.75
195.603,measure,4992.0,928.0,4.6326,58.72
195.703,measure,4992.0,928.0,4.6326,58.62
195.803,measure,4992.0,928.0,4.6326,58.59
195.903,measure,4992.0,928.0,4.6326,58.56
196.004,measure,4992.0,928.0,4.6326,58.56
196.104,measure,4992.0,928.0,4.6326,58.53
196.204,measure,4992.0,928.0,4.6326,58.44
196.304,measure,4992.0,928.0,4.6326,58.50
196.404,measure,4992.0,928.0,4.6326,58.53
196.504,measure,4992.0,928.0,4.6326,58.66
196.604,measure,4992.0,928.0,4.6326,58.69
196.705,measure,4992.0,928.0,4.6326,58.62
196.805,measure,4992.0,920.0,4.5926,58.69
196.905,measure,4992.0,920.0,4.5926,58.50
197.005,measure,4992.0,920.0,4.5926,58.50
197.105,measure,4992.0,920.0,4.5926,58.50
197.205,measure,4992.0,928.0,4.6326,58.47
197.305,measure,4992.0,928.0,4.6326,58.56
197.406,measure,4992.0,928.0,4.6326,58.72
197.506,measure,4992.0,928.0,4.6326,58.72
197.606,measure,4992.0,928.0,4.6326,58.62
197.706,measure,4992.0,928.0,4.6326,58.66
197.806,measure,4992.0,928.0,4.6326,58.50
197.906,measure,4992.0,928.0,4.6326,58.59
198.006,measure,4992.0,928.0,4.6326,58.53
198.106,measure,4992.0,928.0,4.6326,58.50
198.207,measure,4992.0,928.0,4.6326,58.78
198.307,measure,4992.0,928.0,4.6326,58.75
198.407,measure,4992.0,928.0,4.6326,58.69
198.507,measure,4992.0,928.0,4.6326,58.62
198.607,measure,4992.0,928.0,4.6326,58.59
198.707,measure,4992.0,928.0,4.6326,58.59
198.807,measure,4992.0,928.0,4.6326,58.56
198.908,measure,4992.0,928.0,4.6326,58.53
199.008,measure,4992.0,928.0,4.6326,58.50
199.108,measure,4992.0,928.0,4.6326,58.81
199.208,measure,4992.0,928.0,4.6326,58.72
199.308,measure,4992.0,928.0,4.6326,58.69
199.408,measure,4992.0,928.0,4.6326,58.59
199.508,measure,4992.0,928.0,4.6326,58.66
199.608,measure,4992.0,928.0,4.6326,58.56
199.709,measure,4992.0,928.0,4.6326,58.50
199.809,measure,4992.0,928.0,4.6326,58.50
199.909,measure,4992.0,928.0,4.6326,58.56
200.009,measure,4992.0,928.0,4.6326,58.75
200.109,measure,4992.0,928.0,4.6326,58.66
200.209,measure,4992.0,928.0,4.6326,58.75
200.309,measure,4992.0,928.0,4.6326,58.62
200.409,measure,4992.0,928.0,4.6326,58.69
200.510,measure,4992.0,928.0,4.6326,58.59
200.610,measure,4992.0,928.0,4.6326,58.56
200.710,measure,4992.0,928.0,4.6326,58.56
200.810,measure,4992.0,928.0,4.6326,58.53
200.911,measure,4992.0,920.0,4.5926,58.47
201.011,measure,4992.0,920.0,4.5926,58.78
201.111,measure,4992.0,928.0,4.6326,58.75
201.211,measure,4992.0,928.0,4.6326,58.66
201.311,measure,4992.0,928.0,4.6326,58.66
201.411,measure,4992.0,928.0,4.6326,58.56
201.512,measure,4992.0,928.0,4.6326,58.59
201.612,measure,4992.0,928.0,4.6326,58.59
201.712,measure,4992.0,928.0,4.6326,58.56
201.812,measure,4992.0,928.0,4.6326,58.50
201.912,measure,4992.0,928.0,4.6326,58.81
202.012,measure,4992.0,928.0,4.6326,58.72
202.112,measure,4992.0,928.0,4.6326,58.62
202.212,measure,4992.0,928.0,4.6326,58.62
202.313,measure,4992.0,928.0,4.6326,58.53
202.413,measure,4992.0,928.0,4.6326,58.56
202.513,measure,4992.0,928.0,4.6326,58.53
202.613,measure,4992.0,928.0,4.6326,58.62
202.713,measure,4992.0,928.0,4.6326,58.50
202.813,measure,4992.0,928.0,4.6326,58.75
202.913,measure,4992.0,928.0,4.6326,58.69
203.013,measure,4992.0,920.0,4.5926,58.69
203.114,measure,4992.0,920.0,4.5926,58.66
203.214,measure,4992.0,920.0,4.5926,58.59
203.314,measure,4992.0,920.0,4.5926,58.53
203.414,measure,4992.0,928.0,4.6326,58.56
203.514,measure,4992.0,928.0,4.6326,58.53
203.614,measure,4992.0,928.0,4.6326,58.50
203.714,measure,4992.0,928.0,4.6326,58.72
203.814,measure,4992.0,928.0,4.6326,58.75
203.915,measure,4992.0,928.0,4.6326,58.66
204.015,measure,4992.0,928.0,4.6326,58.69
204.115,measure,4992.0,928.0,4.6326,58.62
204.215,measure,4992.0,928.0,4.6326,58.59
204.315,measure,4992.0,928.0,4.6326,58.56
204.415,measure,4992.0,928.0,4.6326,58.59
204.515,measure,4992.0,928.0,4.6326,58.56
204.615,measure,4992.0,928.0,4.6326,58.50
204.716,measure,4992.0,928.0,4.6326,58.75
204.816,measure,4992.0,928.0,4.6326,58.75
204.916,measure,4992.0,928.0,4.6326,58.69
205.016,measure,4992.0,928.0,4.6326,58.56
205.116,measure,4992.0,928.0,4.6326,58.56
205.216,measure,4992.0,928.0,4.6326,58.53
205.316,measure,4992.0,928.0,4.6326,58.53
205.416,measure,4992.0,928.0,4.6326,58.44
205.517,measure,4992.0,928.0,4.6326,58.56
205.617,measure,4992.0,928.0,4.6326,58.84
205.717,measure,4992.0,928.0,4.6326,58.69
205.817,measure,4992.0,928.0,4.6326,58.59
205.917,measure,4992.0,928.0,4.6326,58.66
206.017,measure,4992.0,928.0,4.6326,58.62
206.118,measure,4992.0,928.0,4.6326,58.59
206.218,measure,4992.0,928.0,4.6326,58.56
206.318,measure,4992.0,928.0,4.6326,58.56
206.418,measure,4992.0,928.0,4.6326,58.59
206.519,measure,4992.0,928.0,4.6326,58.81
206.619,measure,4992.0,928.0,4.6326,58.62
206.719,measure,4992.0,928.0,4.6326,58.69
206.819,measure,4992.0,928.0,4.6326,58.62
206.919,measure,4992.0,928.0,4.6326,58.56
207.019,measure,4992.0,928.0,4.6326,58.59
207.119,measure,4992.0,928.0,4.6326,58.53
207.219,measure,4992.0,928.0,4.6326,58.53
207.320,measure,4992.0,928.0,4.6326,58.59
207.420,measure,4992.0,928.0,4.6326,58.56
207.520,measure,4992.0,928.0,4.6326,58.66
207.620,measure,4992.0,928.0,4.6326,58.69
207.720,measure,4992.0,928.0,4.6326,58.66
207.821,measure,4992.0,928.0,4.6326,58.56
207.921,measure,4992.0,928.0,4.6326,58.56
208.021,measure,4992.0,928.0,4.6326,58.62
208.121,measure,4992.0,928.0,4.6326,58.59
208.221,measure,4992.0,928.0,4.6326,58.50
208.321,measure,4992.0,928.0,4.6326,58.53
208.421,measure,4992.0,928.0,4.6326,58.72
208.522,measure,4992.0,928.0,4.6326,58.69
208.622,measure,4992.0,928.0,4.6326,58.75
208.722,measure,4992.0,928.0,4.6326,58.62
208.822,measure,4992.0,928.0,4.6326,58.59
208.922,measure,4992.0,928.0,4.6326,58.56
209.022,measure,4992.0,928.0,4.6326,58.59
209.123,measure,4992.0,928.0,4.6326,58.59
209.223,measure,4992.0,928.0,4.6326,58.53
209.323,measure,4992.0,928.0,4.6326,58.69
209.423,measure,4992.0,928.0,4.6326,58.69
209.523,measure,4992.0,928.0,4.6326,58.69
209.623,measure,4992.0,928.0,4.6326,58.62
209.724,measure,4992.0,928.0,4.6326,58.59
209.824,measure,4992.0,928.0,4.6326,58.62
209.924,measure,4992.0,928.0,4.6326,58.50
210.024,measure,4992.0,928.0,4.6326,58.53
210.125,measure,4992.0,920.0,4.5926,58.56
210.225,measure,4992.0,920.0,4.5926,58.56
210.325,measure,4992.0,920.0,4.5926,58.81
210.425,measure,4992.0,920.0,4.5926,58.66
210.526,measure,4992.0,920.0,4.5926,58.62
210.626,measure,4992.0,936.0,4.6725,58.62
210.726,measure,4992.0,936.0,4.6725,58.59
210.826,measure,4992.0,936.0,4.6725,58.59
210.926,measure,4984.0,960.0,4.7846,58.62
211.026,measure,4984.0,1008.0,5.0239,58.56
211.126,measure,4984.0,1040.0,5.1834,58.53
211.227,measure,4984.0,1072.0,5.3428,58.84
211.327,measure,4976.0,1088.0,5.4139,58.66
211.427,measure,4984.0,1064.0,5.3030,58.75
211.527,measure,4976.0,1096.0,5.4537,58.62
211.627,measure,4976.0,1104.0,5.4935,58.59
211.727,measure,4976.0,1112.0,5.5333,58.69
211.827,measure,4976.0,1120.0,5.5731,58.66
211.928,measure,4976.0,1096.0,5.4537,58.62
212.028,measure,4984.0,1056.0,5.2631,58.56
212.128,measure,4984.0,1032.0,5.1435,58.56
212.228,measure,4984.0,1008.0,5.0239,58.75
212.328,measure,4984.0,992.0,4.9441,58.66
212.428,measure,4984.0,976.0,4.8644,58.75
212.528,measure,4984.0,968.0,4.8245,58.75
212.628,measure,4992.0,960.0,4.7923,58.59
212.729,measure,4992.0,952.0,4.7524,58.59
212.829,measure,4992.0,944.0,4.7124,58.53
212.929,measure,4992.0,944.0,4.7124,58.59
213.029,measure,4992.0,936.0,4.6725,58.66
213.129,measure,4992.0,936.0,4.6725,58.81
213.229,measure,4992.0,936.0,4.6725,58.78
213.329,measure,4992.0,928.0,4.6326,58.66
213.429,measure,4992.0,928.0,4.6326,58.69
213.530,measure,4992.0,928.0,4.6326,58.66
213.630,measure,4992.0,928.0,4.6326,58.59
213.730,measure,4992.0,928.0,4.6326,58.62
213.830,measure,4992.0,928.0,4.6326,58.56
213.930,measure,4992.0,928.0,4.6326,58.66
214.030,measure,4992.0,928.0,4.6326,58.69
214.130,measure,4992.0,928.0,4.6326,58.75
214.231,measure,4992.0,928.0,4.6326,58.72
214.331,measure,4992.0,928.0,4.6326,58.66
214.431,measure,4992.0,920.0,4.5926,58.66
214.531,measure,4992.0,920.0,4.5926,58.50
214.631,measure,4992.0,920.0,4.5926,58.66
214.731,measure,4992.0,928.0,4.6326,58.53
214.831,measure,4992.0,920.0,4.5926,58.50
214.931,measure,4992.0,920.0,4.5926,58.72
215.032,measure,4992.0,920.0,4.5926,58.75
215.132,measure,4992.0,920.0,4.5926,58.62
215.232,measure,4992.0,920.0,4.5926,58.69
215.332,measure,4992.0,920.0,4.5926,58.66
215.432,measure,4992.0,920.0,4.5926,58.66
215.532,measure,4992.0,920.0,4.5926,58.56
215.632,measure,4992.0,920.0,4.5926,58.56
215.733,measure,4992.0,928.0,4.6326,58.56
215.833,measure,4992.0,928.0,4.6326,58.69
215.933,measure,4992.0,928.0,4.6326,58.69
216.033,measure,4992.0,928.0,4.6326,58.66
216.133,measure,4992.0,928.0,4.6326,58.69
216.233,measure,4992.0,928.0,4.6326,58.62
216.333,measure,4992.0,928.0,4.6326,58.56
216.433,measure,4992.0,928.0,4.6326,58.62
216.534,measure,4992.0,928.0,4.6326,58.53
216.634,measure,4992.0,928.0,4.6326,58.81
216.734,measure,4992.0,928.0,4.6326,58.72
216.834,measure,4992.0,928.0,4.6326,58.75
216.934,measure,4992.0,928.0,4.6326,58.81
217.034,measure,4992.0,928.0,4.6326,58.62
217.134,measure,4992.0,928.0,4.6326,58.62
217.235,measure,4992.0,920.0,4.5926,58.59
217.335,measure,4992.0,920.0,4.5926,58.62
217.435,measure,4992.0,920.0,4.5926,58.56
217.535,measure,4992.0,920.0,4.5926,58.78
217.635,measure,4992.0,920.0,4.5926,58.78
217.735,measure,4992.0,920.0,4.5926,58.62
217.835,measure,4992.0,920.0,4.5926,58.69
217.935,measure,4992.0,920.0,4.5926,58.66
218.036,measure,4992.0,920.0,4.5926,58.62
218.136,measure,4992.0,920.0,4.5926,58.62
218.236,measure,4992.0,920.0,4.5926,58.56
218.336,measure,4992.0,920.0,4.5926,58.59
218.436,measure,4992.0,920.0,4.5926,58.78
218.536,measure,4992.0,920.0,4.5926,58.72
218.636,measure,4992.0,920.0,4.5926,58.69
218.737,measure,4992.0,920.0,4.5926,58.75
218.837,measure,4992.0,928.0,4.6326,58.69
218.937,measure,4992.0,928.0,4.6326,58.66
219.037,measure,4992.0,928.0,4.6326,58.56
219.137,measure,4992.0,920.0,4.5926,58.69
219.237,measure,4992.0,920.0,4.5926,58.53
219.337,measure,4992.0,920.0,4.5926,58.88
219.437,measure,4992.0,920.0,4.5926,58.78
219.538,measure,4992.0,920.0,4.5926,58.78
219.638,measure,4992.0,920.0,4.5926,58.72
219.738,measure,4992.0,920.0,4.5926,58.66
219.838,measure,4992.0,928.0,4.6326,58.66
219.938,measure,4992.0,928.0,4.6326,58.59
220.038,measure,4992.0,928.0,4.6326,58.56
220.138,measure,4992.0,928.0,4.6326,58.59
220.238,measure,4992.0,928.0,4.6326,58.59
220.339,measure,4992.0,920.0,4.5926,58.88
220.439,measure,4992.0,920.0,4.5926,58.69
220.539,measure,4992.0,920.0,4.5926,58.69
220.639,measure,4992.0,920.0,4.5926,58.59
220.739,measure,4992.0,920.0,4.5926,58.62
220.839,measure,4992.0,920.0,4.5926,58.69
220.939,measure,4992.0,928.0,4.6326,58.56
221.039,measure,4992.0,928.0,4.6326,58.62
221.140,measure,4992.0,928.0,4.6326,58.62
221.240,measure,4992.0,928.0,4.6326,58.88
221.340,measure,4992.0,928.0,4.6326,58.62
221.440,measure,4992.0,928.0,4.6326,58.72
221.540,measure,4992.0,928.0,4.6326,58.72
221.640,measure,4992.0,928.0,4.6326,58.66
221.740,measure,4992.0,928.0,4.6326,58.56
221.841,measure,4992.0,928.0,4.6326,58.59
221.941,measure,4992.0,928.0,4.6326,58.66
222.041,measure,4992.0,928.0,4.6326,58.56
222.141,measure,4992.0,928.0,4.6326,58.84
222.241,measure,4992.0,928.0,4.6326,58.75
222.341,measure,4992.0,928.0,4.6326,58.69
222.441,measure,4992.0,928.0,4.6326,58.66
222.541,measure,4992.0,928.0,4.6326,58.66
222.641,measure,4992.0,928.0,4.6326,58.66
222.742,measure,4992.0,928.0,4.6326,58.59
222.842,measure,4992.0,928.0,4.6326,58.66
222.942,measure,4992.0,928.0,4.6326,58.50
223.042,measure,4992.0,928.0,4.6326,58.88
223.142,measure,4992.0,928.0,4.6326,58.78
223.242,measure,4992.0,928.0,4.6326,58.75
223.342,measure,4992.0,928.0,4.6326,58.66
223.442,measure,4992.0,928.0,4.6326,58.62
223.543,measure,4992.0,928.0,4.6326,58.66
223.643,measure,4992.0,928.0,4.6326,58.59
223.743,measure,4992.0,928.0,4.6326,58.56
223.843,measure,4992.0,928.0,4.6326,58.62
223.943,measure,4992.0,928.0,4.6326,58.81
224.043,measure,4992.0,928.0,4.6326,58.75
224.143,measure,4992.0,928.0,4.6326,58.75
224.244,measure,4992.0,928.0,4.6326,58.69
224.344,measure,4992.0,928.0,4.6326,58.66
224.444,measure,4992.0,928.0,4.6326,58.75
224.544,measure,4992.0,928.0,4.6326,58.69
224.644,measure,4992.0,928.0,4.6326,58.62
224.744,measure,4992.0,928.0,4.6326,58.66
224.844,measure,4992.0,928.0,4.6326,58.72
224.944,measure,4992.0,928.0,4.6326,58.72
225.045,measure,4992.0,928.0,4.6326,58.72
225.145,measure,4992.0,928.0,4.6326,58.69
225.245,measure,4992.0,928.0,4.6326,58.62
225.345,measure,4992.0,920.0,4.5926,58.75
225.445,measure,4992.0,920.0,4.5926,58.66
225.545,measure,4992.0,920.0,4.5926,58.69
225.645,measure,4992.0,920.0,4.5926,58.59
225.745,measure,4992.0,920.0,4.5926,58.81
225.846,measure,4992.0,920.0,4.5926,58.78
225.946,measure,4992.0,928.0,4.6326,58.69
226.046,measure,4992.0,928.0,4.6326,58.69
226.146,measure,4992.0,928.0,4.6326,58.62
226.246,measure,4992.0,928.0,4.6326,58.62
226.346,measure,4992.0,928.0,4.6326,58.62
226.446,measure,4992.0,928.0,4.6326,58.56
226.546,measure,4992.0,928.0,4.6326,58.59
226.647,measure,4992.0,928.0,4.6326,58.84
226.747,measure,4992.0,928.0,4.6326,58.84
226.847,measure,4992.0,928.0,4.6326,58.78
226.947,measure,4992.0,928.0,4.6326,58.72
227.047,measure,4992.0,928.0,4.6326,58.62
227.147,measure,4992.0,928.0,4.6326,58.72
227.247,measure,4992.0,928.0,4.6326,58.62
227.347,measure,4992.0,928.0,4.6326,58.62
227.448,measure,4992.0,928.0,4.6326,58.62
227.548,measure,4992.0,928.0,4.6326,58.81
227.648,measure,4992.0,928.0,4.6326,58.78
227.748,measure,4992.0,928.0,4.6326,58.75
227.848,measure,4992.0,928.0,4.6326,58.75
227.948,measure,4992.0,928.0,4.6326,58.72
228.048,measure,4992.0,928.0,4.6326,58.69
228.148,measure,4992.0,928.0,4.6326,58.59
228.249,measure,4992.0,928.0,4.6326,58.66
228.349,measure,4992.0,928.0,4.6326,58.59
228.449,measure,4992.0,928.0,4.6326,58.78
228.549,measure,4992.0,928.0,4.6326,58.81
228.649,measure,4992.0,928.0,4.6326,58.72
228.749,measure,4992.0,928.0,4.6326,58.72
228.849,measure,4992.0,928.0,4.6326,58.72
228.950,measure,4992.0,928.0,4.6326,58.62
229.050,measure,4992.0,928.0,4.6326,58.72
229.150,measure,4992.0,928.0,4.6326,58.59
229.250,measure,4992.0,928.0,4.6326,58.62
229.350,measure,4992.0,928.0,4.6326,58.88
229.450,measure,4992.0,928.0,4.6326,58.88
229.550,measure,4992.0,920.0,4.5926,58.75
229.650,measure,4992.0,928.0,4.6326,58.66
229.751,measure,4992.0,920.0,4.5926,58.66
229.851,measure,4992.0,928.0,4.6326,58.72
229.951,measure,4992.0,928.0,4.6326,58.62
230.051,measure,4992.0,928.0,4.6326,58.62
230.151,measure,4992.0,928.0,4.6326,58.69
230.251,measure,4992.0,928.0,4.6326,58.84
230.351,measure,4992.0,928.0,4.6326,58.84
230.451,measure,4992.0,928.0,4.6326,58.81
230.552,measure,4992.0,928.0,4.6326,58.69
230.652,measure,4992.0,928.0,4.6326,58.66
230.752,measure,4992.0,928.0,4.6326,58.66
230.852,measure,4992.0,928.0,4.6326,58.59
230.952,measure,4992.0,928.0,4.6326,58.59
231.052,measure,4992.0,928.0,4.6326,58.66
231.152,measure,4992.0,928.0,4.6326,58.62
231.253,measure,4992.0,928.0,4.6326,58.84
231.353,measure,4992.0,928.0,4.6326,58.75
231.453,measure,4992.0,928.0,4.6326,58.72
231.553,measure,4992.0,928.0,4.6326,58.66
231.653,measure,4992.0,928.0,4.6326,58.69
231.753,measure,4992.0,928.0,4.6326,58.72
231.853,measure,4992.0,928.0,4.6326,58.59
231.953,measure,4992.0,920.0,4.5926,58.66
232.053,measure,4992.0,920.0,4.5926,58.84
232.154,measure,4992.0,920.0,4.5926,58.88
232.254,measure,4992.0,920.0,4.5926,58.72
232.354,measure,4992.0,920.0,4.5926,58.78
232.454,measure,4992.0,920.0,4.5926,58.62
232.554,measure,4992.0,920.0,4.5926,58.69
232.654,measure,4992.0,920.0,4.5926,58.72
232.754,measure,4992.0,920.0,4.5926,58.66
232.854,measure,4992.0,920.0,4.5926,58.66
232.955,measure,4992.0,920.0,4.5926,58.62
233.055,measure,4992.0,920.0,4.5926,58.84
233.155,measure,4992.0,920.0,4.5926,58.78
233.255,measure,4992.0,920.0,4.5926,58.72
233.355,measure,4992.0,920.0,4.5926,58.69
233.455,measure,4992.0,920.0,4.5926,58.69
233.555,measure,4992.0,920.0,4.5926,58.66
233.655,measure,4992.0,920.0,4.5926,58.69
233.756,measure,4992.0,920.0,4.5926,58.66
233.856,measure,4992.0,920.0,4.5926,58.66
233.956,measure,4992.0,920.0,4.5926,58.81
234.056,measure,4992.0,920.0,4.5926,58.78
234.156,measure,4992.0,920.0,4.5926,58.78
234.256,measure,4992.0,928.0,4.6326,58.59
234.356,measure,4992.0,928.0,4.6326,58.66
234.456,measure,4992.0,928.0,4.6326,58.66
234.557,measure,4992.0,928.0,4.6326,58.62
234.657,measure,4992.0,928.0,4.6326,58.62
234.757,measure,4992.0,928.0,4.6326,58.69
234.857,measure,4992.0,928.0,4.6326,58.72
234.957,measure,4992.0,928.0,4.6326,58.78
235.057,measure,4992.0,928.0,4.6326,58.75
235.157,measure,4992.0,928.0,4.6326,58.69
235.257,measure,4992.0,928.0,4.6326,58.62
235.358,measure,4992.0,928.0,4.6326,58.59
235.458,measure,4992.0,928.0,4.6326,58.66
235.558,measure,4992.0,928.0,4.6326,58.66
235.658,measure,4992.0,928.0,4.6326,58.62
235.758,measure,4992.0,928.0,4.6326,58.78
235.858,measure,4992.0,920.0,4.5926,58.72
235.958,measure,4992.0,920.0,4.5926,58.78
236.058,measure,4992.0,920.0,4.5926,58.72
236.159,measure,4992.0,928.0,4.6326,58.66
236.259,measure,4992.0,928.0,4.6326,58.75
236.359,measure,4992.0,928.0,4.6326,58.62
236.459,measure,4992.0,928.0,4.6326,58.56
236.559,measure,4992.0,928.0,4.6326,58.62
236.659,measure,4992.0,928.0,4.6326,58.75
236.759,measure,4992.0,928.0,4.6326,58.81
236.860,measure,4992.0,928.0,4.6326,58.78
236.960,measure,4992.0,928.0,4.6326,58.78
237.060,measure,4992.0,928.0,4.6326,58.75
237.160,measure,4992.0,920.0,4.5926,58.59
237.260,measure,4992.0,928.0,4.6326,58.62
237.360,measure,4992.0,928.0,4.6326,58.56
237.460,measure,4992.0,928.0,4.6326,58.56
237.560,measure,4992.0,928.0,4.6326,58.81
237.661,measure,4992.0,928.0,4.6326,58.81
237.761,measure,4992.0,928.0,4.6326,58.78
237.861,measure,4992.0,928.0,4.6326,58.78
237.961,measure,4992.0,920.0,4.5926,58.69
238.061,measure,4992.0,920.0,4.5926,58.66
238.161,measure,4992.0,920.0,4.5926,58.75
238.262,measure,4992.0,928.0,4.6326,58.62
238.362,measure,4992.0,928.0,4.6326,58.66
238.462,measure,4992.0,928.0,4.6326,58.84
238.562,measure,4992.0,928.0,4.6326,58.78
238.662,measure,4992.0,928.0,4.6326,58.75
238.762,measure,4992.0,928.0,4.6326,58.75
238.862,measure,4992.0,928.0,4.6326,58.75
238.963,measure,4992.0,920.0,4.5926,58.69
239.063,measure,4992.0,928.0,4.6326,58.69
239.163,measure,4992.0,928.0,4.6326,58.69
239.263,measure,4992.0,928.0,4.6326,58.66
239.363,measure,4992.0,928.0,4.6326,58.62
239.464,measure,4992.0,928.0,4.6326,58.78
239.564,measure,4992.0,928.0,4.6326,58.81
239.664,measure,4992.0,928.0,4.6326,58.62
239.764,measure,4992.0,928.0,4.6326,58.72
239.864,measure,4992.0,928.0,4.6326,58.66
239.964,measure,4992.0,928.0,4.6326,58.66
240.064,measure,4992.0,928.0,4.6326,58.62
240.164,measure,4992.0,928.0,4.6326,58.62
240.265,measure,4992.0,928.0,4.6326,58.88
240.365,measure,4992.0,928.0,4.6326,58.84
240.465,measure,4992.0,928.0,4.6326,58.78
240.565,measure,4992.0,928.0,4.6326,58.69
240.665,measure,4992.0,928.0,4.6326,58.66
240.766,measure,4992.0,928.0,4.6326,58.75
240.866,measure,4992.0,928.0,4.6326,58.66
240.966,measure,4992.0,928.0,4.6326,58.62
241.066,measure,4992.0,928.0,4.6326,58.62
241.166,measure,4992.0,928.0,4.6326,58.66
241.266,measure,4992.0,928.0,4.6326,58.84
241.366,measure,4992.0,928.0,4.6326,58.81
241.467,measure,4992.0,928.0,4.6326,58.75
241.567,measure,4992.0,928.0,4.6326,58.75
241.667,measure,4992.0,928.0,4.6326,58.66
241.767,measure,4992.0,928.0,4.6326,58.59
241.867,measure,4992.0,928.0,4.6326,58.69
241.967,measure,4992.0,928.0,4.6326,58.69
242.067,measure,4992.0,928.0,4.6326,58.88
242.168,measure,4992.0,928.0,4.6326,58.84
242.268,measure,4992.0,920.0,4.5926,58.81
242.368,measure,4992.0,928.0,4.6326,58.66
242.468,measure,4992.0,928.0,4.6326,58.75
242.568,measure,4992.0,928.0,4.6326,58.69
242.668,measure,4992.0,928.0,4.6326,58.66
242.768,measure,4992.0,928.0,4.6326,58.69
242.868,measure,4992.0,928.0,4.6326,58.69
242.969,measure,4992.0,928.0,4.6326,58.66
243.069,measure,4992.0,920.0,4.5926,58.84
243.169,measure,4992.0,920.0,4.5926,58.84
243.269,measure,4992.0,920.0,4.5926,58.78
243.369,measure,4992.0,920.0,4.5926,58.75
243.469,measure,4992.0,928.0,4.6326,58.75
243.569,measure,4992.0,920.0,4.5926,58.69
243.670,measure,4992.0,920.0,4.5926,58.72
243.770,measure,4992.0,920.0,4.5926,58.62
243.870,measure,4992.0,920.0,4.5926,58.66
243.970,measure,4992.0,920.0,4.5926,58.91
244.070,measure,4992.0,920.0,4.5926,58.84
244.170,measure,4992.0,920.0,4.5926,58.72
244.270,measure,4992.0,920.0,4.5926,58.69
244.370,measure,4992.0,920.0,4.5926,58.72
244.471,measure,4992.0,920.0,4.5926,58.59
244.571,measure,4992.0,920.0,4.5926,58.66
244.671,measure,4992.0,920.0,4.5926,58.72
244.771,measure,4992.0,920.0,4.5926,58.66
244.871,measure,4992.0,920.0,4.5926,58.88
244.971,measure,4992.0,920.0,4.5926,58.88
245.072,measure,4992.0,920.0,4.5926,58.84
245.172,measure,4992.0,920.0,4.5926,58.69
245.272,measure,4992.0,920.0,4.5926,58.69
245.372,measure,4992.0,920.0,4.5926,58.69
245.472,measure,4992.0,928.0,4.6326,58.62
245.573,measure,4992.0,928.0,4.6326,58.72
245.673,measure,4992.0,928.0,4.6326,58.69
245.773,measure,4992.0,928.0,4.6326,58.91
245.873,measure,4992.0,928.0,4.6326,58.81
245.973,measure,4992.0,920.0,4.5926,58.69
246.073,measure,4992.0,920.0,4.5926,58.66
246.173,measure,4992.0,920.0,4.5926,58.72
246.274,measure,4992.0,920.0,4.5926,58.69
246.374,measure,4992.0,920.0,4.5926,58.66
246.474,measure,4992.0,928.0,4.6326,58.66
246.574,measure,4992.0,928.0,4.6326,58.69
246.674,measure,4992.0,928.0,4.6326,58.66
246.774,measure,4992.0,928.0,4.6326,58.91
246.874,measure,4992.0,928.0,4.6326,58.75
246.975,measure,4992.0,928.0,4.6326,58.72
247.075,measure,4992.0,928.0,4.6326,58.66
247.175,measure,4992.0,920.0,4.5926,58.69
247.275,measure,4992.0,928.0,4.6326,58.75
247.375,measure,4992.0,920.0,4.5926,58.62
247.475,measure,4992.0,928.0,4.6326,58.69
247.575,measure,4992.0,928.0,4.6326,58.66
247.675,measure,4992.0,928.0,4.6326,58.91
247.776,measure,4992.0,928.0,4.6326,58.84
247.876,measure,4992.0,928.0,4.6326,58.69
247.976,measure,4992.0,928.0,4.6326,58.78
248.076,measure,4992.0,928.0,4.6326,58.62
248.176,measure,4992.0,928.0,4.6326,58.75
248.276,measure,4992.0,928.0,4.6326,58.62
248.376,measure,4992.0,928.0,4.6326,58.66
248.476,measure,4992.0,928.0,4.6326,58.62
248.577,measure,4992.0,928.0,4.6326,58.69
248.677,measure,4992.0,928.0,4.6326,58.88
248.777,measure,4992.0,928.0,4.6326,58.84
248.877,measure,4992.0,928.0,4.6326,58.69
248.977,measure,4992.0,928.0,4.6326,58.69
249.077,measure,4992.0,928.0,4.6326,58.75
249.177,measure,4992.0,928.0,4.6326,58.62
249.277,measure,4992.0,920.0,4.5926,58.62
249.378,measure,4992.0,920.0,4.5926,58.66
249.478,measure,4992.0,928.0,4.6326,58.59
249.578,measure,4992.0,928.0,4.6326,58.91
249.678,measure,4992.0,928.0,4.6326,58.75
249.778,measure,4992.0,928.0,4.6326,58.69
249.878,measure,4992.0,928.0,4.6326,58.69
249.979,measure,4992.0,928.0,4.6326,58.62
250.079,measure,4992.0,928.0,4.6326,58.66
250.179,measure,4992.0,928.0,4.6326,58.59
250.280,measure,4992.0,928.0,4.6326,58.72
250.380,measure,4992.0,928.0,4.6326,58.62
250.480,measure,4992.0,928.0,4.6326,58.94
250.580,measure,4992.0,928.0,4.6326,58.84
250.680,measure,4992.0,928.0,4.6326,58.72
250.780,measure,4992.0,928.0,4.6326,58.78
250.880,measure,4992.0,928.0,4.6326,58.69
250.981,measure,4992.0,928.0,4.6326,58.62
251.081,measure,4992.0,928.0,4.6326,58.72
251.181,measure,4992.0,928.0,4.6326,58.66
251.281,measure,4992.0,928.0,4.6326,58.59
251.381,measure,4992.0,920.0,4.5926,58.81
251.481,measure,4992.0,928.0,4.6326,58.81
251.581,measure,4992.0,928.0,4.6326,58.78
251.682,measure,4992.0,928.0,4.6326,58.72
251.782,measure,4992.0,928.0,4.6326,58.66
251.882,measure,4992.0,928.0,4.6326,58.69
251.982,measure,4992.0,928.0,4.6326,58.62
252.083,measure,4992.0,928.0,4.6326,58.59
252.183,measure,4992.0,928.0,4.6326,58.59
252.283,measure,4992.0,928.0,4.6326,58.69
252.383,measure,4992.0,928.0,4.6326,58.88
252.484,measure,4992.0,928.0,4.6326,58.78
252.584,measure,4992.0,928.0,4.6326,58.75
252.684,measure,4992.0,928.0,4.6326,58.72
252.784,measure,4992.0,928.0,4.6326,58.69
252.884,measure,4992.0,928.0,4.6326,58.72
252.985,measure,4992.0,928.0,4.6326,58.69
253.085,measure,4992.0,928.0,4.6326,58.59
253.185,measure,4992.0,928.0,4.6326,58.75
253.285,measure,4992.0,928.0,4.6326,58.56
253.385,measure,4992.0,928.0,4.6326,58.78
253.485,measure,4992.0,928.0,4.6326,58.69
253.586,measure,4992.0,928.0,4.6326,58.66
253.686,measure,4992.0,928.0,4.6326,58.69
253.786,measure,4992.0,928.0,4.6326,58.75
253.886,measure,4992.0,928.0,4.6326,58.66
253.986,measure,4992.0,928.0,4.6326,58.62
254.087,measure,4992.0,928.0,4.6326,58.66
254.187,measure,4992.0,928.0,4.6326,58.53
254.287,measure,4992.0,928.0,4.6326,58.91
254.388,measure,4992.0,928.0,4.6326,58.84
254.488,measure,4992.0,928.0,4.6326,58.78
254.588,measure,4992.0,928.0,4.6326,58.69
254.689,measure,4992.0,928.0,4.6326,58.69
254.789,measure,4992.0,928.0,4.6326,58.62
254.889,measure,4992.0,928.0,4.6326,58.72
254.989,measure,4992.0,928.0,4.6326,58.62
255.089,measure,4992.0,928.0,4.6326,58.59
255.190,measure,4992.0,928.0,4.6326,58.94
255.290,measure,4992.0,920.0,4.5926,58.94
255.391,measure,4992.0,920.0,4.5926,58.81
255.491,measure,4992.0,920.0,4.5926,58.78
255.591,measure,4992.0,928.0,4.6326,58.75
255.691,measure,4992.0,928.0,4.6326,58.66
255.791,measure,4992.0,928.0,4.6326,58.69
255.891,measure,4992.0,928.0,4.6326,58.59
255.992,measure,4992.0,928.0,4.6326,58.59
256.092,measure,4992.0,928.0,4.6326,58.62
256.192,measure,4992.0,928.0,4.6326,58.84
256.292,measure,4992.0,928.0,4.6326,58.81
256.393,measure,4992.0,920.0,4.5926,58.91
256.493,measure,4992.0,920.0,4.5926,58.69
256.593,measure,4992.0,920.0,4.5926,58.69
256.693,measure,4992.0,928.0,4.6326,58.69
256.793,measure,4992.0,928.0,4.6326,58.69
256.894,measure,4992.0,928.0,4.6326,58.75
256.994,measure,4992.0,928.0,4.6326,58.66
257.094,measure,4992.0,920.0,4.5926,58.94
257.194,measure,4992.0,920.0,4.5926,58.94
257.294,measure,4992.0,920.0,4.5926,58.75
257.394,measure,4992.0,920.0,4.5926,58.69
257.494,measure,4992.0,920.0,4.5926,58.69
257.594,measure,4992.0,920.0,4.5926,58.72
257.695,measure,4992.0,920.0,4.5926,58.69
257.795,measure,4992.0,920.0,4.5926,58.62
257.895,measure,4992.0,920.0,4.5926,58.66
257.995,measure,4992.0,920.0,4.5926,58.62
258.095,measure,4992.0,920.0,4.5926,58.88
258.195,measure,4992.0,920.0,4.5926,58.78
258.295,measure,4992.0,928.0,4.6326,58.72
258.396,measure,4992.0,928.0,4.6326,58.72
258.496,measure,4992.0,928.0,4.6326,58.66
258.596,measure,4992.0,928.0,4.6326,58.69
258.696,measure,4992.0,928.0,4.6326,58.72
258.796,measure,4992.0,928.0,4.6326,58.69
258.896,measure,4992.0,928.0,4.6326,58.66
258.997,measure,4992.0,928.0,4.6326,58.94
259.097,measure,4992.0,928.0,4.6326,58.81
259.197,measure,4992.0,920.0,4.5926,58.84
259.297,measure,4992.0,920.0,4.5926,58.72
259.397,measure,4992.0,920.0,4.5926,58.66
259.497,measure,4992.0,920.0,4.5926,58.72
259.597,measure,4992.0,920.0,4.5926,58.66
259.697,measure,4992.0,920.0,4.5926,58.72
259.798,measure,4992.0,920.0,4.5926,58.66
259.898,measure,4992.0,920.0,4.5926,58.88
259.998,measure,4992.0,920.0,4.5926,58.84
260.098,measure,4992.0,920.0,4.5926,58.78
260.198,measure,4992.0,920.0,4.5926,58.72
260.298,measure,4992.0,920.0,4.5926,58.72
260.398,measure,4992.0,920.0,4.5926,58.69
260.498,measure,4992.0,920.0,4.5926,58.69
260.599,measure,4992.0,920.0,4.5926,58.69
260.699,measure,4992.0,920.0,4.5926,58.69
260.799,measure,4992.0,928.0,4.6326,58.62
260.899,measure,4992.0,928.0,4.6326,58.84
260.999,measure,4992.0,920.0,4.5926,58.72
261.099,measure,4992.0,920.0,4.5926,58.84
261.199,measure,4992.0,920.0,4.5926,58.75
261.299,measure,4992.0,920.0,4.5926,58.75
261.400,measure,4992.0,920.0,4.5926,58.66
261.500,measure,4992.0,920.0,4.5926,58.69
261.600,measure,4992.0,920.0,4.5926,58.66
261.700,measure,4992.0,920.0,4.5926,58.66
261.800,measure,4992.0,920.0,4.5926,58.81
261.900,measure,4992.0,928.0,4.6326,58.84
262.000,measure,4992.0,928.0,4.6326,58.72
262.101,measure,4992.0,920.0,4.5926,58.62
262.201,measure,4992.0,920.0,4.5926,58.66
262.301,measure,4992.0,920.0,4.5926,58.62
262.401,measure,4992.0,920.0,4.5926,58.66
262.501,measure,4992.0,920.0,4.5926,58.69
262.601,measure,4992.0,920.0,4.5926,58.72
262.701,measure,4992.0,920.0,4.5926,58.88
262.801,measure,4992.0,920.0,4.5926,58.81
262.902,measure,4992.0,928.0,4.6326,58.78
263.002,measure,4992.0,928.0,4.6326,58.81
263.102,measure,4992.0,920.0,4.5926,58.69
263.202,measure,4992.0,920.0,4.5926,58.59
263.302,measure,4992.0,920.0,4.5926,58.66
263.402,measure,4992.0,920.0,4.5926,58.72
263.502,measure,4992.0,920.0,4.5926,58.62
263.602,measure,4992.0,920.0,4.5926,58.78
263.703,measure,4992.0,920.0,4.5926,58.84
263.803,measure,4992.0,920.0,4.5926,58.78
263.903,measure,4992.0,920.0,4.5926,58.69
264.003,measure,4992.0,920.0,4.5926,58.72
264.103,measure,4992.0,920.0,4.5926,58.75
264.203,measure,4992.0,920.0,4.5926,58.75
264.304,measure,4992.0,920.0,4.5926,58.75
264.404,measure,4992.0,920.0,4.5926,58.69
264.504,measure,4992.0,920.0,4.5926,58.59
264.604,measure,4992.0,920.0,4.5926,58.88
264.705,measure,4992.0,920.0,4.5926,58.75
264.805,measure,4992.0,920.0,4.5926,58.75
264.905,measure,4992.0,928.0,4.6326,58.72
265.005,measure,4992.0,920.0,4.5926,58.69
265.105,measure,4992.0,920.0,4.5926,58.62
265.205,measure,4992.0,920.0,4.5926,58.62
265.305,measure,4992.0,920.0,4.5926,58.69
265.406,measure,4992.0,920.0,4.5926,58.81
265.506,measure,4992.0,920.0,4.5926,58.81
265.606,measure,4992.0,920.0,4.5926,58.84
265.706,measure,4992.0,920.0,4.5926,58.75
265.806,measure,4992.0,920.0,4.5926,58.78
265.906,measure,4992.0,920.0,4.5926,58.75
266.006,measure,4992.0,920.0,4.5926,58.69
266.106,measure,4992.0,920.0,4.5926,58.56
266.207,measure,4992.0,920.0,4.5926,58.72
266.307,measure,4992.0,920.0,4.5926,58.84
266.407,measure,4992.0,920.0,4.5926,58.91
266.507,measure,4992.0,920.0,4.5926,58.81
266.607,measure,4992.0,920.0,4.5926,58.72
266.707,measure,4992.0,920.0,4.5926,58.78
266.807,measure,4992.0,920.0,4.5926,58.66
266.907,measure,4992.0,920.0,4.5926,58.69
267.008,measure,4992.0,928.0,4.6326,58.62
267.108,measure,4992.0,928.0,4.6326,58.66
267.208,measure,4992.0,928.0,4.6326,58.84
267.308,measure,4992.0,928.0,4.6326,58.88
267.408,measure,4992.0,928.0,4.6326,58.84
267.508,measure,4992.0,928.0,4.6326,58.69
267.608,measure,4992.0,928.0,4.6326,58.75
267.709,measure,4992.0,928.0,4.6326,58.72
267.809,measure,4992.0,920.0,4.5926,58.66
267.909,measure,4992.0,920.0,4.5926,58.72
268.009,measure,4992.0,928.0,4.6326,58.66
268.109,measure,4992.0,928.0,4.6326,58.81
268.209,measure,4992.0,928.0,4.6326,58.94
268.310,measure,4992.0,928.0,4.6326,58.81
268.410,measure,4992.0,928.0,4.6326,58.84
268.510,measure,4992.0,920.0,4.5926,58.75
268.610,measure,4992.0,928.0,4.6326,58.75
268.710,measure,4992.0,920.0,4.5926,58.69
268.810,measure,4992.0,920.0,4.5926,58.75
268.910,measure,4992.0,920.0,4.5926,58.66
269.010,measure,4992.0,928.0,4.6326,58.94
269.111,measure,4992.0,928.0,4.6326,58.88
269.211,measure,4992.0,920.0,4.5926,58.91
269.312,measure,4992.0,920.0,4.5926,58.75
269.412,measure,4992.0,920.0,4.5926,58.81
269.512,measure,4992.0,928.0,4.6326,58.66
269.612,measure,4992.0,928.0,4.6326,58.66
269.712,measure,4992.0,928.0,4.6326,58.69
269.812,measure,4992.0,928.0,4.6326,58.75
269.913,measure,4992.0,928.0,4.6326,58.69
270.013,measure,4992.0,928.0,4.6326,58.91
270.113,measure,4992.0,928.0,4.6326,58.78
270.213,measure,4992.0,928.0,4.6326,58.78
270.313,measure,4992.0,928.0,4.6326,58.88
270.414,measure,4992.0,928.0,4.6326,58.66
270.514,measure,4992.0,928.0,4.6326,58.72
270.614,measure,4992.0,928.0,4.6326,58.72
270.714,measure,4992.0,928.0,4.6326,58.69
270.814,measure,4992.0,928.0,4.6326,58.66
270.914,measure,4992.0,928.0,4.6326,58.59
271.014,measure,4992.0,928.0,4.6326,58.88
271.114,measure,4992.0,928.0,4.6326,58.91
271.215,measure,4992.0,928.0,4.6326,58.84
271.315,measure,4992.0,928.0,4.6326,58.72
271.415,measure,4992.0,928.0,4.6326,58.78
271.515,measure,4992.0,928.0,4.6326,58.69
271.615,measure,4992.0,928.0,4.6326,58.62
271.715,measure,4992.0,928.0,4.6326,58.69
271.815,measure,4992.0,928.0,4.6326,58.94
271.915,measure,4992.0,928.0,4.6326,58.84
272.016,measure,4992.0,928.0,4.6326,58.81
272.116,measure,4992.0,928.0,4.6326,58.69
272.216,measure,4992.0,928.0,4.6326,58.72
272.316,measure,4992.0,928.0,4.6326,58.78
272.416,measure,4992.0,928.0,4.6326,58.72
272.516,measure,4992.0,928.0,4.6326,58.69
272.616,measure,4992.0,928.0,4.6326,58.66
272.717,measure,4992.0,928.0,4.6326,58.88
272.817,measure,4992.0,928.0,4.6326,58.91
272.917,measure,4992.0,928.0,4.6326,58.78
273.017,measure,4992.0,928.0,4.6326,58.84
273.117,measure,4992.0,928.0,4.6326,58.78
273.217,measure,4992.0,928.0,4.6326,58.78
273.317,measure,4992.0,928.0,4.6326,58.75
273.417,measure,4992.0,928.0,4.6326,58.69
273.518,measure,4992.0,928.0,4.6326,58.69
273.618,measure,4992.0,928.0,4.6326,58.94
273.718,measure,4992.0,928.0,4.6326,58.94
273.818,measure,4992.0,928.0,4.6326,58.78
273.918,measure,4992.0,928.0,4.6326,58.78
274.018,measure,4992.0,928.0,4.6326,58.75
274.118,measure,4992.0,928.0,4.6326,58.69
274.218,measure,4992.0,928.0,4.6326,58.72
274.319,measure,4992.0,928.0,4.6326,58.62
274.419,measure,4992.0,928.0,4.6326,58.66
274.519,measure,4992.0,928.0,4.6326,58.69
274.619,measure,4992.0,928.0,4.6326,58.94
274.719,measure,4992.0,928.0,4.6326,58.91
274.819,measure,4992.0,928.0,4.6326,58.78
274.919,measure,4992.0,928.0,4.6326,58.75
275.019,measure,4992.0,928.0,4.6326,58.69
275.120,measure,4992.0,928.0,4.6326,58.78
275.220,measure,4992.0,928.0,4.6326,58.69
275.320,measure,4992.0,928.0,4.6326,58.66
275.420,measure,4992.0,928.0,4.6326,58.66
275.520,measure,4992.0,928.0,4.6326,58.94
275.620,measure,4992.0,928.0,4.6326,58.81
275.720,measure,4992.0,928.0,4.6326,58.81
275.821,measure,4992.0,928.0,4.6326,58.75
275.921,measure,4992.0,928.0,4.6326,58.72
276.021,measure,4992.0,928.0,4.6326,58.72
276.121,measure,4992.0,928.0,4.6326,58.66
276.221,measure,4992.0,928.0,4.6326,58.72
276.321,measure,4992.0,928.0,4.6326,58.72
276.421,measure,4992.0,928.0,4.6326,58.66
276.521,measure,4992.0,928.0,4.6326,58.81
276.622,measure,4992.0,928.0,4.6326,58.81
276.722,measure,4992.0,928.0,4.6326,58.88
276.822,measure,4992.0,920.0,4.5926,58.72
276.922,measure,4992.0,928.0,4.6326,58.72
277.022,measure,4992.0,920.0,4.5926,58.66
277.122,measure,4992.0,920.0,4.5926,58.66
277.222,measure,4992.0,928.0,4.6326,58.69
277.322,measure,4992.0,928.0,4.6326,58.62
277.423,measure,4992.0,928.0,4.6326,58.88
277.523,measure,4992.0,928.0,4.6326,58.72
277.623,measure,4992.0,928.0,4.6326,58.81
277.723,measure,4992.0,928.0,4.6326,58.81
277.823,measure,4992.0,928.0,4.6326,58.81
277.923,measure,4992.0,928.0,4.6326,58.69
278.023,measure,4992.0,928.0,4.6326,58.66
278.123,measure,4992.0,928.0,4.6326,58.72
278.224,measure,4992.0,928.0,4.6326,58.62
278.324,measure,4992.0,928.0,4.6326,58.78
278.424,measure,4992.0,928.0,4.6326,58.69
278.524,measure,4992.0,928.0,4.6326,58.69
278.624,measure,4992.0,928.0,4.6326,58.66
278.724,measure,4992.0,928.0,4.6326,58.72
278.824,measure,4992.0,920.0,4.5926,58.72
278.925,measure,4992.0,920.0,4.5926,58.69
279.025,measure,4992.0,920.0,4.5926,58.69
279.125,measure,4992.0,920.0,4.5926,58.91
279.225,measure,4992.0,928.0,4.6326,58.84
279.325,measure,4992.0,928.0,4.6326,58.78
279.425,measure,4992.0,920.0,4.5926,58.78
279.525,measure,4992.0,920.0,4.5926,58.78
279.625,measure,4992.0,920.0,4.5926,58.72
279.726,measure,4992.0,920.0,4.5926,58.72
279.826,measure,4992.0,920.0,4.5926,58.75
279.926,measure,4992.0,920.0,4.5926,58.75
280.026,measure,4992.0,920.0,4.5926,58.81
280.126,measure,4992.0,920.0,4.5926,58.91
280.226,measure,4992.0,920.0,4.5926,58.78
280.326,measure,4992.0,928.0,4.6326,58.72
280.426,measure,4992.0,920.0,4.5926,58.78
280.527,measure,4992.0,928.0,4.6326,58.66
280.627,measure,4992.0,920.0,4.5926,58.72
280.727,measure,4992.0,920.0,4.5926,58.66
280.827,measure,4992.0,920.0,4.5926,58.69
280.927,measure,4992.0,920.0,4.5926,58.94
281.027,measure,4992.0,920.0,4.5926,58.88
281.127,measure,4992.0,920.0,4.5926,58.81
281.227,measure,4992.0,920.0,4.5926,58.84
281.328,measure,4992.0,920.0,4.5926,58.72
281.428,measure,4992.0,920.0,4.5926,58.72
281.528,measure,4992.0,920.0,4.5926,58.72
281.628,measure,4992.0,920.0,4.5926,58.66
281.728,measure,4992.0,920.0,4.5926,58.66
281.828,measure,4992.0,920.0,4.5926,58.84
281.928,measure,4992.0,920.0,4.5926,58.84
282.029,measure,4992.0,920.0,4.5926,58.84
282.129,measure,4992.0,920.0,4.5926,58.78
282.229,measure,4992.0,920.0,4.5926,58.81
282.329,measure,4992.0,928.0,4.6326,58.78
282.429,measure,4992.0,920.0,4.5926,58.72
282.529,measure,4992.0,920.0,4.5926,58.62
282.629,measure,4992.0,920.0,4.5926,58.66
282.729,measure,4992.0,920.0,4.5926,58.94
282.830,measure,4992.0,920.0,4.5926,58.88
282.930,measure,4992.0,920.0,4.5926,58.75
283.030,measure,4992.0,920.0,4.5926,58.84
283.130,measure,4992.0,920.0,4.5926,58.78
283.230,measure,4992.0,920.0,4.5926,58.69
283.330,measure,4992.0,920.0,4.5926,58.69
283.430,measure,4992.0,920.0,4.5926,58.75
283.530,measure,4992.0,920.0,4.5926,58.69
283.631,measure,4992.0,920.0,4.5926,58.94
283.731,measure,4992.0,928.0,4.6326,58.91
283.831,measure,4992.0,928.0,4.6326,58.84
283.931,measure,4992.0,928.0,4.6326,58.75
284.031,measure,4992.0,928.0,4.6326,58.78
284.131,measure,4992.0,928.0,4.6326,58.72
284.231,measure,4992.0,928.0,4.6326,58.72
284.331,measure,4992.0,928.0,4.6326,58.69
284.432,measure,4992.0,928.0,4.6326,58.69
284.532,measure,4992.0,928.0,4.6326,58.84
284.632,measure,4992.0,928.0,4.6326,58.91
284.732,measure,4992.0,928.0,4.6326,58.84
284.832,measure,4992.0,928.0,4.6326,58.81
284.932,measure,4992.0,928.0,4.6326,58.75
285.032,measure,4992.0,928.0,4.6326,58.78
285.133,measure,4992.0,928.0,4.6326,58.62
285.233,measure,4992.0,928.0,4.6326,58.75
285.333,measure,4992.0,928.0,4.6326,58.69
285.433,measure,4992.0,928.0,4.6326,58.91
285.533,measure,4992.0,928.0,4.6326,58.88
285.633,measure,4992.0,928.0,4.6326,58.78
285.733,measure,4992.0,928.0,4.6326,58.75
285.833,measure,4992.0,928.0,4.6326,58.69
285.934,measure,4992.0,920.0,4.5926,58.69
286.034,measure,4992.0,928.0,4.6326,58.78
286.134,measure,4992.0,928.0,4.6326,58.69
286.234,measure,4992.0,920.0,4.5926,58.72
286.334,measure,4992.0,920.0,4.5926,58.66
286.434,measure,4992.0,928.0,4.6326,58.91
286.534,measure,4992.0,928.0,4.6326,58.91
286.635,measure,4992.0,928.0,4.6326,58.72
286.735,measure,4992.0,928.0,4.6326,58.75
286.835,measure,4992.0,928.0,4.6326,58.75
286.935,measure,4992.0,928.0,4.6326,58.75
287.036,measure,4992.0,928.0,4.6326,58.72
287.136,measure,4992.0,928.0,4.6326,58.72
287.236,measure,4992.0,928.0,4.6326,58.75
287.336,measure,4992.0,920.0,4.5926,58.91
287.436,measure,4992.0,928.0,4.6326,58.94
287.536,measure,4992.0,928.0,4.6326,58.78
287.637,measure,4992.0,928.0,4.6326,58.78
287.737,measure,4992.0,928.0,4.6326,58.66
287.837,measure,4992.0,928.0,4.6326,58.75
287.937,measure,4992.0,928.0,4.6326,58.75
288.038,measure,4992.0,928.0,4.6326,58.66
288.138,measure,4992.0,928.0,4.6326,58.66
288.238,measure,4992.0,920.0,4.5926,58.66
288.339,measure,4992.0,920.0,4.5926,58.94
288.439,measure,4992.0,928.0,4.6326,58.94
288.539,measure,4992.0,928.0,4.6326,58.75
288.639,measure,4992.0,928.0,4.6326,58.72
288.740,measure,4992.0,928.0,4.6326,58.69
288.840,measure,4992.0,928.0,4.6326,58.72
288.940,measure,4992.0,928.0,4.6326,58.69
289.040,measure,4992.0,928.0,4.6326,58.69
289.140,measure,4992.0,928.0,4.6326,58.66
289.241,measure,4992.0,928.0,4.6326,58.94
289.341,measure,4992.0,928.0,4.6326,58.94
289.441,measure,4992.0,928.0,4.6326,58.91
289.541,measure,4992.0,928.0,4.6326,58.81
289.642,measure,4992.0,928.0,4.6326,58.75
289.742,measure,4992.0,928.0,4.6326,58.75
289.842,measure,4992.0,928.0,4.6326,58.69
289.942,measure,4992.0,928.0,4.6326,58.66
290.042,measure,4992.0,928.0,4.6326,58.69
290.142,measure,4992.0,928.0,4.6326,58.94
290.242,measure,4992.0,928.0,4.6326,58.88
290.342,measure,4992.0,928.0,4.6326,58.84
290.443,measure,4992.0,928.0,4.6326,58.75
290.543,measure,4992.0,928.0,4.6326,58.75
290.643,measure,4992.0,928.0,4.6326,58.75
290.743,measure,4992.0,928.0,4.6326,58.78
290.843,measure,4992.0,928.0,4.6326,58.66
290.943,measure,4992.0,928.0,4.6326,58.66
291.044,measure,4992.0,928.0,4.6326,58.75
291.144,measure,4992.0,928.0,4.6326,58.94
291.244,measure,4992.0,928.0,4.6326,58.88
291.344,measure,4992.0,928.0,4.6326,58.75
291.444,measure,4992.0,928.0,4.6326,58.78
291.544,measure,4992.0,928.0,4.6326,58.72
291.644,measure,4992.0,928.0,4.6326,58.72
291.744,measure,4992.0,928.0,4.6326,58.69
291.845,measure,4992.0,928.0,4.6326,58.66
291.945,measure,4992.0,928.0,4.6326,58.72
292.045,measure,4992.0,928.0,4.6326,58.84
292.145,measure,4992.0,928.0,4.6326,58.94
292.245,measure,4992.0,928.0,4.6326,58.88
292.345,measure,4992.0,928.0,4.6326,58.84
292.445,measure,4992.0,928.0,4.6326,58.75
292.545,measure,4992.0,928.0,4.6326,58.72
292.646,measure,4992.0,928.0,4.6326,58.62
292.746,measure,4992.0,928.0,4.6326,58.72
292.846,measure,4992.0,928.0,4.6326,58.72
292.946,measure,4992.0,928.0,4.6326,58.59
293.046,measure,4992.0,928.0,4.6326,58.94
293.146,measure,4992.0,928.0,4.6326,58.84
293.246,measure,4992.0,928.0,4.6326,58.75
293.346,measure,4992.0,928.0,4.6326,58.78
293.447,measure,4992.0,928.0,4.6326,58.78
293.547,measure,4992.0,928.0,4.6326,58.72
293.647,measure,4992.0,928.0,4.6326,58.66
293.747,measure,4992.0,928.0,4.6326,58.69
293.848,measure,4992.0,928.0,4.6326,58.62
293.948,measure,4992.0,928.0,4.6326,58.94
294.048,measure,4992.0,928.0,4.6326,58.84
294.148,measure,4992.0,928.0,4.6326,58.81
294.249,measure,4992.0,928.0,4.6326,58.78
294.349,measure,4992.0,928.0,4.6326,58.75
294.449,measure,4992.0,928.0,4.6326,58.75
294.549,measure,4992.0,928.0,4.6326,58.69
294.649,measure,4992.0,928.0,4.6326,58.69
294.750,measure,4992.0,928.0,4.6326,58.72
294.850,measure,4992.0,928.0,4.6326,58.94
294.950,measure,4992.0,928.0,4.6326,58.94
295.050,measure,4992.0,928.0,4.6326,58.84
295.150,measure,4992.0,928.0,4.6326,58.88
295.251,measure,4992.0,928.0,4.6326,58.81
295.351,measure,4992.0,928.0,4.6326,58.81
295.451,measure,4992.0,928.0,4.6326,58.72
295.551,measure,4992.0,928.0,4.6326,58.66
295.651,measure,4992.0,928.0,4.6326,58.75
295.752,measure,4992.0,928.0,4.6326,58.72
295.852,measure,4992.0,928.0,4.6326,58.94
295.952,measure,4992.0,928.0,4.6326,58.84
296.052,measure,4992.0,928.0,4.6326,58.72
296.153,measure,4992.0,928.0,4.6326,58.78
296.253,measure,4992.0,928.0,4.6326,58.69
296.353,measure,4992.0,928.0,4.6326,58.75
296.453,measure,4992.0,928.0,4.6326,58.66
296.553,measure,4992.0,928.0,4.6326,58.59
296.653,measure,4992.0,928.0,4.6326,58.75
296.753,measure,4992.0,928.0,4.6326,58.94
296.853,measure,4992.0,928.0,4.6326,58.91
296.954,measure,4992.0,928.0,4.6326,58.78
297.054,measure,4992.0,928.0,4.6326,58.84
297.154,measure,4992.0,928.0,4.6326,58.78
297.254,measure,4992.0,928.0,4.6326,58.72
297.354,measure,4992.0,928.0,4.6326,58.66
297.454,measure,4992.0,928.0,4.6326,58.69
297.554,measure,4992.0,928.0,4.6326,58.69
297.654,measure,4992.0,928.0,4.6326,58.72
297.755,measure,4992.0,928.0,4.6326,58.88
297.855,measure,4992.0,928.0,4.6326,58.81
297.955,measure,4992.0,928.0,4.6326,58.72
298.055,measure,4992.0,928.0,4.6326,58.66
298.155,measure,4992.0,928.0,4.6326,58.66
298.255,measure,4992.0,928.0,4.6326,58.75
298.355,measure,4992.0,928.0,4.6326,58.72
298.455,measure,4992.0,928.0,4.6326,58.72
298.556,measure,4992.0,928.0,4.6326,58.66
298.656,measure,4992.0,928.0,4.6326,58.78
298.756,measure,4992.0,928.0,4.6326,58.72
298.856,measure,4992.0,928.0,4.6326,58.81
298.956,measure,4992.0,928.0,4.6326,58.75
299.056,measure,4992.0,928.0,4.6326,58.75
299.156,measure,4992.0,928.0,4.6326,58.62
299.256,measure,4992.0,928.0,4.6326,58.78
299.357,measure,4992.0,928.0,4.6326,58.66
299.457,measure,4992.0,928.0,4.6326,58.62
299.557,measure,4992.0,928.0,4.6326,58.84
299.657,measure,4992.0,928.0,4.6326,58.78
299.757,measure,4992.0,928.0,4.6326,58.84
299.857,measure,4992.0,928.0,4.6326,58.78
299.957,measure,4992.0,928.0,4.6326,58.72
300.057,measure,4992.0,928.0,4.6326,58.66
300.158,measure,4992.0,928.0,4.6326,58.62
300.258,measure,4992.0,928.0,4.6326,58.66
300.358,measure,4992.0,928.0,4.6326,58.62
300.458,measure,4992.0,928.0,4.6326,58.81
300.558,measure,4992.0,928.0,4.6326,58.81
300.658,measure,4992.0,928.0,4.6326,58.75
300.758,measure,4992.0,928.0,4.6326,58.81
300.858,measure,4992.0,928.0,4.6326,58.69
300.959,measure,4992.0,928.0,4.6326,58.72
301.059,measure,4992.0,928.0,4.6326,58.66
301.159,measure,4992.0,928.0,4.6326,58.66
301.259,measure,4992.0,928.0,4.6326,58.66
301.359,measure,4992.0,928.0,4.6326,58.78
301.459,measure,4992.0,928.0,4.6326,58.78
301.559,measure,4992.0,928.0,4.6326,58.78
301.659,measure,4992.0,928.0,4.6326,58.78
301.760,measure,4992.0,928.0,4.6326,58.81
301.860,measure,4992.0,928.0,4.6326,58.69
301.960,measure,4992.0,928.0,4.6326,58.75
302.060,measure,4992.0,928.0,4.6326,58.69
302.160,measure,4992.0,928.0,4.6326,58.88
302.260,measure,4992.0,928.0,4.6326,58.81
302.360,measure,4992.0,928.0,4.6326,58.84
302.460,measure,4992.0,928.0,4.6326,58.72
302.560,measure,4992.0,928.0,4.6326,58.75
302.661,measure,4992.0,928.0,4.6326,58.69
302.761,measure,4992.0,928.0,4.6326,58.69
302.861,measure,4992.0,928.0,4.6326,58.72
302.961,measure,4992.0,928.0,4.6326,58.69
303.061,measure,4992.0,928.0,4.6326,58.94
303.161,measure,4992.0,928.0,4.6326,58.91
303.261,measure,4992.0,928.0,4.6326,58.84
303.361,measure,4992.0,928.0,4.6326,58.81
303.462,measure,4992.0,928.0,4.6326,58.75
303.562,measure,4992.0,928.0,4.6326,58.69
303.662,measure,4992.0,928.0,4.6326,58.66
303.762,measure,4992.0,928.0,4.6326,58.66
303.862,measure,4992.0,928.0,4.6326,58.56
303.962,measure,4992.0,928.0,4.6326,58.91
304.062,measure,4992.0,928.0,4.6326,58.94
304.162,measure,4992.0,928.0,4.6326,58.91
304.263,measure,4992.0,928.0,4.6326,58.66
304.363,measure,4992.0,920.0,4.5926,58.81
304.463,measure,4992.0,920.0,4.5926,58.72
304.563,measure,4992.0,920.0,4.5926,58.66
304.663,measure,4992.0,920.0,4.5926,58.62
304.763,measure,4992.0,928.0,4.6326,58.66
304.863,measure,4992.0,928.0,4.6326,58.94
304.963,measure,4992.0,928.0,4.6326,58.94
305.064,measure,4992.0,928.0,4.6326,58.84
305.164,measure,4992.0,928.0,4.6326,58.81
305.264,measure,4992.0,928.0,4.6326,58.75
305.364,measure,4992.0,928.0,4.6326,58.72
305.464,measure,4992.0,928.0,4.6326,58.69
305.564,measure,4992.0,928.0,4.6326,58.69
305.664,measure,4992.0,928.0,4.6326,58.62
305.764,measure,4992.0,928.0,4.6326,58.94
305.865,measure,4992.0,928.0,4.6326,58.88
305.965,measure,4992.0,928.0,4.6326,58.94
306.065,measure,4992.0,928.0,4.6326,58.75
306.165,measure,4992.0,928.0,4.6326,58.78
306.265,measure,4992.0,928.0,4.6326,58.69
306.365,measure,4992.0,928.0,4.6326,58.69
306.465,measure,4992.0,928.0,4.6326,58.66
306.566,measure,4992.0,928.0,4.6326,58.72
306.666,measure,4992.0,928.0,4.6326,58.66
306.766,measure,4992.0,928.0,4.6326,58.91
306.866,measure,4992.0,928.0,4.6326,58.81
306.966,measure,4992.0,928.0,4.6326,58.72
307.066,measure,4992.0,928.0,4.6326,58.84
307.166,measure,4992.0,928.0,4.6326,58.72
307.266,measure,4992.0,928.0,4.6326,58.66
307.367,measure,4992.0,928.0,4.6326,58.69
307.467,measure,4992.0,928.0,4.6326,58.66
307.567,measure,4992.0,928.0,4.6326,58.69
307.667,measure,4992.0,928.0,4.6326,58.94
307.767,measure,4992.0,920.0,4.5926,58.81
307.867,measure,4992.0,920.0,4.5926,58.72
307.967,measure,4992.0,928.0,4.6326,58.78
308.068,measure,4992.0,928.0,4.6326,58.69
308.168,measure,4992.0,928.0,4.6326,58.72
308.268,measure,4992.0,928.0,4.6326,58.62
308.368,measure,4992.0,920.0,4.5926,58.69
308.468,measure,4992.0,920.0,4.5926,58.59
308.568,measure,4992.0,920.0,4.5926,58.94
308.668,measure,4992.0,928.0,4.6326,58.84
308.768,measure,4992.0,928.0,4.6326,58.78
308.869,measure,4992.0,928.0,4.6326,58.66
308.969,measure,4992.0,928.0,4.6326,58.78
309.069,measure,4992.0,928.0,4.6326,58.75
309.169,measure,4992.0,928.0,4.6326,58.72
309.269,measure,4992.0,928.0,4.6326,58.66
309.370,measure,4992.0,928.0,4.6326,58.75
309.470,measure,4992.0,920.0,4.5926,58.62
309.570,measure,4992.0,920.0,4.5926,58.94
309.670,measure,4992.0,920.0,4.5926,58.84
309.770,measure,4992.0,920.0,4.5926,58.84
309.871,measure,4992.0,920.0,4.5926,58.72
309.971,measure,4992.0,928.0,4.6326,58.78
310.071,measure,4992.0,928.0,4.6326,58.69
310.171,measure,4992.0,928.0,4.6326,58.78
310.271,measure,4992.0,928.0,4.6326,58.66
310.372,measure,4992.0,928.0,4.6326,58.66
310.472,measure,4992.0,928.0,4.6326,58.91
310.572,measure,4992.0,928.0,4.6326,58.88
310.672,measure,4992.0,928.0,4.6326,58.81
310.772,measure,4992.0,928.0,4.6326,58.75
310.873,measure,4992.0,928.0,4.6326,58.72
310.973,measure,4992.0,928.0,4.6326,58.72
311.073,measure,4992.0,928.0,4.6326,58.69
311.173,measure,4992.0,928.0,4.6326,58.72
311.273,measure,4992.0,928.0,4.6326,58.62
311.373,measure,4992.0,928.0,4.6326,58.69
311.474,measure,4992.0,928.0,4.6326,58.94
311.574,measure,4992.0,928.0,4.6326,58.81
311.674,measure,4992.0,928.0,4.6326,58.78
311.774,measure,4992.0,928.0,4.6326,58.78
311.874,measure,4992.0,928.0,4.6326,58.81
311.974,measure,4992.0,928.0,4.6326,58.66
312.075,measure,4992.0,928.0,4.6326,58.69
312.175,measure,4992.0,928.0,4.6326,58.69
312.275,measure,4992.0,928.0,4.6326,58.72
312.376,measure,4992.0,928.0,4.6326,58.91
312.476,measure,4992.0,928.0,4.6326,58.75
312.576,measure,4992.0,928.0,4.6326,58.84
312.676,measure,4992.0,928.0,4.6326,58.75
312.776,measure,4992.0,928.0,4.6326,58.75
312.876,measure,4992.0,928.0,4.6326,58.81
312.976,measure,4992.0,928.0,4.6326,58.75
313.076,measure,4992.0,928.0,4.6326,58.69
313.177,measure,4992.0,928.0,4.6326,58.75
313.277,measure,4992.0,928.0,4.6326,58.91
313.377,measure,4992.0,928.0,4.6326,58.94
313.477,measure,4992.0,928.0,4.6326,58.75
313.577,measure,4992.0,928.0,4.6326,58.78
313.677,measure,4992.0,928.0,4.6326,58.78
313.777,measure,4992.0,928.0,4.6326,58.69
313.878,measure,4992.0,928.0,4.6326,58.78
313.978,measure,4992.0,928.0,4.6326,58.69
314.078,measure,4992.0,928.0,4.6326,58.69
314.178,measure,4992.0,928.0,4.6326,58.66
314.278,measure,4992.0,928.0,4.6326,58.94
314.379,measure,4992.0,928.0,4.6326,58.78
314.479,measure,4992.0,928.0,4.6326,58.84
314.579,measure,4992.0,928.0,4.6326,58.72
314.680,measure,4992.0,928.0,4.6326,58.72
314.780,measure,4992.0,928.0,4.6326,58.72
314.880,measure,4992.0,928.0,4.6326,58.66
314.981,measure,4992.0,928.0,4.6326,58.75
315.081,measure,4992.0,928.0,4.6326,58.69
315.181,measure,4992.0,928.0,4.6326,58.94
315.281,measure,4992.0,928.0,4.6326,58.88
315.382,measure,4992.0,928.0,4.6326,58.75
315.482,measure,4992.0,928.0,4.6326,58.78
315.582,measure,4992.0,928.0,4.6326,58.75
315.682,measure,4992.0,928.0,4.6326,58.66
315.783,measure,4992.0,928.0,4.6326,58.75
315.883,measure,4992.0,928.0,4.6326,58.72
315.983,measure,4992.0,928.0,4.6326,58.75
316.084,measure,4992.0,928.0,4.6326,58.69
316.184,measure,4992.0,928.0,4.6326,58.94
316.284,measure,4992.0,928.0,4.6326,58.91
316.384,measure,4992.0,928.0,4.6326,58.75
316.484,measure,4992.0,928.0,4.6326,58.81
316.584,measure,4992.0,928.0,4.6326,58.78
316.684,measure,4992.0,928.0,4.6326,58.69
316.785,measure,4992.0,928.0,4.6326,58.69
316.885,measure,4992.0,928.0,4.6326,58.75
316.985,measure,4992.0,928.0,4.6326,58.72
317.085,measure,4992.0,928.0,4.6326,58.94
317.185,measure,4992.0,928.0,4.6326,58.94
317.286,measure,4992.0,928.0,4.6326,58.84
317.386,measure,4992.0,928.0,4.6326,58.81
317.486,measure,4992.0,928.0,4.6326,58.81
317.586,measure,4992.0,928.0,4.6326,58.72
317.686,measure,4992.0,928.0,4.6326,58.75
317.786,measure,4992.0,928.0,4.6326,58.72
317.886,measure,4992.0,928.0,4.6326,58.72
317.986,measure,4992.0,928.0,4.6326,58.94
318.087,measure,4992.0,928.0,4.6326,58.94
318.187,measure,4992.0,928.0,4.6326,58.78
318.287,measure,4992.0,928.0,4.6326,58.81
318.387,measure,4992.0,928.0,4.6326,58.72
318.487,measure,4992.0,928.0,4.6326,58.72
318.587,measure,4992.0,928.0,4.6326,58.69
318.687,measure,4992.0,928.0,4.6326,58.72
318.787,measure,4992.0,928.0,4.6326,58.69
318.888,measure,4992.0,928.0,4.6326,58.62
318.988,measure,4992.0,928.0,4.6326,58.91
319.088,measure,4992.0,928.0,4.6326,58.78
319.188,measure,4992.0,928.0,4.6326,58.78
319.288,measure,4992.0,928.0,4.6326,58.72
319.388,measure,4992.0,928.0,4.6326,58.75
319.488,measure,4992.0,928.0,4.6326,58.66
319.588,measure,4992.0,928.0,4.6326,58.72
319.689,measure,4992.0,928.0,4.6326,58.66
319.789,measure,4992.0,928.0,4.6326,58.66
319.889,measure,4992.0,928.0,4.6326,58.94
319.989,measure,4992.0,928.0,4.6326,58.84
320.089,measure,4992.0,928.0,4.6326,58.78
320.189,measure,4992.0,928.0,4.6326,58.75
320.289,measure,4992.0,928.0,4.6326,58.69
320.389,measure,4992.0,928.0,4.6326,58.72
320.490,measure,4992.0,928.0,4.6326,58.72
320.590,measure,4992.0,928.0,4.6326,58.69
320.690,measure,4992.0,928.0,4.6326,58.78
320.790,measure,4992.0,928.0,4.6326,58.59
320.890,measure,4992.0,928.0,4.6326,58.88
320.990,measure,4992.0,928.0,4.6326,58.88
321.090,measure,4992.0,928.0,4.6326,58.69
321.191,measure,4992.0,928.0,4.6326,58.78
321.291,measure,4992.0,928.0,4.6326,58.75
321.391,measure,4992.0,928.0,4.6326,58.72
321.491,measure,4992.0,928.0,4.6326,58.72
321.591,measure,4992.0,928.0,4.6326,58.78
321.691,measure,4992.0,928.0,4.6326,58.88
321.791,measure,4992.0,928.0,4.6326,58.81
321.891,measure,4992.0,928.0,4.6326,58.75
321.992,measure,4992.0,928.0,4.6326,58.75
322.092,measure,4992.0,928.0,4.6326,58.78
322.192,measure,4992.0,928.0,4.6326,58.72
322.292,measure,4992.0,928.0,4.6326,58.66
322.392,measure,4992.0,928.0,4.6326,58.59
322.492,measure,4992.0,928.0,4.6326,58.59
322.592,measure,4992.0,928.0,4.6326,58.84
322.692,measure,4992.0,928.0,4.6326,58.84
322.793,measure,4992.0,928.0,4.6326,58.88
322.893,measure,4992.0,928.0,4.6326,58.81
322.993,measure,4992.0,928.0,4.6326,58.72
323.093,measure,4992.0,928.0,4.6326,58.69
323.193,measure,4992.0,928.0,4.6326,58.66
323.293,measure,4992.0,928.0,4.6326,58.69
323.393,measure,4992.0,928.0,4.6326,58.66
323.493,measure,4992.0,928.0,4.6326,58.91
323.594,measure,4992.0,928.0,4.6326,58.88
323.694,measure,4992.0,928.0,4.6326,58.81
323.794,measure,4992.0,928.0,4.6326,58.69
323.894,measure,4992.0,928.0,4.6326,58.62
323.994,measure,4992.0,928.0,4.6326,58.75
324.094,measure,4992.0,928.0,4.6326,58.69
324.194,measure,4992.0,928.0,4.6326,58.72
324.294,measure,4992.0,928.0,4.6326,58.69
324.395,measure,4992.0,928.0,4.6326,58.84
324.495,measure,4992.0,928.0,4.6326,58.88
324.595,measure,4992.0,928.0,4.6326,58.81
324.695,measure,4992.0,928.0,4.6326,58.75
324.795,measure,4992.0,928.0,4.6326,58.75
324.895,measure,4992.0,928.0,4.6326,58.72
324.995,measure,4992.0,928.0,4.6326,58.69
325.096,measure,4992.0,928.0,4.6326,58.72
325.196,measure,4992.0,928.0,4.6326,58.75
325.296,measure,4992.0,928.0,4.6326,58.66
325.396,measure,4992.0,928.0,4.6326,58.91
325.496,measure,4992.0,928.0,4.6326,58.91
325.596,measure,4992.0,928.0,4.6326,58.75
325.696,measure,4992.0,928.0,4.6326,58.75
325.796,measure,4992.0,928.0,4.6326,58.69
325.897,measure,4992.0,928.0,4.6326,58.72
325.997,measure,4992.0,928.0,4.6326,58.69
326.097,measure,4992.0,928.0,4.6326,58.75
326.197,measure,4992.0,928.0,4.6326,58.94
326.297,measure,4992.0,928.0,4.6326,58.91
326.397,measure,4992.0,928.0,4.6326,58.88
326.497,measure,4992.0,928.0,4.6326,58.75
326.597,measure,4992.0,928.0,4.6326,58.84
326.698,measure,4992.0,928.0,4.6326,58.72
326.798,measure,4992.0,928.0,4.6326,58.78
326.898,measure,4992.0,920.0,4.5926,58.69
326.998,measure,4992.0,920.0,4.5926,58.78
327.098,measure,4992.0,928.0,4.6326,58.94
327.198,measure,4992.0,928.0,4.6326,58.84
327.298,measure,4992.0,928.0,4.6326,58.75
327.398,measure,4992.0,928.0,4.6326,58.81
327.499,measure,4992.0,928.0,4.6326,58.78
327.599,measure,4992.0,920.0,4.5926,58.69
327.699,measure,4992.0,928.0,4.6326,58.72
327.799,measure,4992.0,928.0,4.6326,58.69
327.899,measure,4992.0,928.0,4.6326,58.66
327.999,measure,4992.0,920.0,4.5926,58.97
328.099,measure,4992.0,920.0,4.5926,58.84
328.199,measure,4992.0,920.0,4.5926,58.88
328.300,measure,4992.0,920.0,4.5926,58.75
328.400,measure,4992.0,928.0,4.6326,58.78
328.500,measure,4992.0,920.0,4.5926,58.69
328.600,measure,4992.0,920.0,4.5926,58.78
328.700,measure,4992.0,920.0,4.5926,58.75
328.800,measure,4992.0,920.0,4.5926,58.69
328.900,measure,4992.0,920.0,4.5926,58.94
329.000,measure,4992.0,920.0,4.5926,58.94
329.101,measure,4992.0,920.0,4.5926,58.88
329.201,measure,4992.0,920.0,4.5926,58.72
329.301,measure,4992.0,920.0,4.5926,58.78
329.401,measure,4992.0,920.0,4.5926,58.75
329.501,measure,4992.0,928.0,4.6326,58.72
329.601,measure,4992.0,928.0,4.6326,58.69
329.701,measure,4992.0,920.0,4.5926,58.75
329.801,measure,4992.0,928.0,4.6326,58.59
329.902,measure,4992.0,928.0,4.6326,58.91
330.002,measure,4992.0,928.0,4.6326,58.91
330.102,measure,4992.0,928.0,4.6326,58.78
330.202,measure,4992.0,928.0,4.6326,58.69
330.302,measure,4992.0,928.0,4.6326,58.69
330.402,measure,4992.0,920.0,4.5926,58.72
330.502,measure,4992.0,928.0,4.6326,58.72
330.602,measure,4992.0,928.0,4.6326,58.72
330.703,measure,4992.0,928.0,4.6326,58.72
330.803,measure,4992.0,928.0,4.6326,58.94
330.903,measure,4992.0,928.0,4.6326,58.81
331.003,measure,4992.0,928.0,4.6326,58.88
331.103,measure,4992.0,928.0,4.6326,58.72
331.203,measure,4992.0,928.0,4.6326,58.72
331.303,measure,4992.0,928.0,4.6326,58.75
331.403,measure,4992.0,928.0,4.6326,58.75
331.504,measure,4992.0,928.0,4.6326,58.72
331.604,measure,4992.0,928.0,4.6326,58.75
331.704,measure,4992.0,928.0,4.6326,58.94
331.804,measure,4992.0,928.0,4.6326,58.94
331.904,measure,4992.0,936.0,4.6725,58.75
332.004,measure,4992.0,936.0,4.6725,58.72
332.104,measure,4992.0,936.0,4.6725,58.66
332.205,measure,4984.0,968.0,4.8245,58.78
332.305,measure,4984.0,992.0,4.9441,58.66
332.405,measure,4984.0,1024.0,5.1036,58.66
332.505,measure,4984.0,1056.0,5.2631,58.72
332.605,measure,4984.0,1072.0,5.3428,58.72
332.705,measure,4976.0,1104.0,5.4935,58.88
332.805,measure,4976.0,1128.0,5.6129,58.91
332.906,measure,4976.0,1128.0,5.6129,58.81
333.006,measure,4976.0,1136.0,5.6527,58.72
333.106,measure,4976.0,1104.0,5.4935,58.75
333.206,measure,4984.0,1064.0,5.3030,58.72
333.306,measure,4984.0,1040.0,5.1834,58.75
333.406,measure,4984.0,1016.0,5.0637,58.69
333.506,measure,4984.0,992.0,4.9441,58.66
333.606,measure,4984.0,984.0,4.9043,58.81
333.707,measure,4984.0,968.0,4.8245,58.88
333.807,measure,4992.0,960.0,4.7923,58.72
333.907,measure,4992.0,952.0,4.7524,58.72
334.007,measure,4992.0,944.0,4.7124,58.81
334.107,measure,4992.0,944.0,4.7124,58.69
334.207,measure,4992.0,936.0,4.6725,58.72
334.307,measure,4992.0,936.0,4.6725,58.72
334.407,measure,4992.0,936.0,4.6725,58.94
334.508,measure,4992.0,928.0,4.6326,58.81
334.608,measure,4992.0,928.0,4.6326,58.84
334.708,measure,4992.0,928.0,4.6326,58.81
334.808,measure,4992.0,928.0,4.6326,58.72
334.908,measure,4992.0,928.0,4.6326,58.72
335.008,measure,4992.0,928.0,4.6326,58.72
335.108,measure,4992.0,928.0,4.6326,58.66
335.208,measure,4992.0,928.0,4.6326,58.69
335.309,measure,4992.0,928.0,4.6326,58.88
335.409,measure,4992.0,928.0,4.6326,58.91
335.509,measure,4992.0,928.0,4.6326,58.84
335.609,measure,4992.0,928.0,4.6326,58.78
335.709,measure,4992.0,928.0,4.6326,58.84
335.809,measure,4992.0,928.0,4.6326,58.72
335.909,measure,4992.0,928.0,4.6326,58.72
336.009,measure,4992.0,928.0,4.6326,58.75
336.110,measure,4992.0,928.0,4.6326,58.72
336.210,measure,4992.0,928.0,4.6326,58.94
336.310,measure,4992.0,928.0,4.6326,58.94
336.410,measure,4992.0,928.0,4.6326,58.84
336.510,measure,4992.0,928.0,4.6326,58.78
336.610,measure,4992.0,928.0,4.6326,58.84
336.710,measure,4992.0,928.0,4.6326,58.75
336.810,measure,4992.0,928.0,4.6326,58.72
336.911,measure,4992.0,928.0,4.6326,58.69
337.011,measure,4992.0,928.0,4.6326,58.75
337.111,measure,4992.0,928.0,4.6326,58.91
337.211,measure,4992.0,928.0,4.6326,58.88
337.311,measure,4992.0,928.0,4.6326,58.84
337.411,measure,4992.0,928.0,4.6326,58.88
337.511,measure,4992.0,928.0,4.6326,58.72
337.611,measure,4992.0,928.0,4.6326,58.78
337.712,measure,4992.0,928.0,4.6326,58.78
337.812,measure,4992.0,928.0,4.6326,58.78
337.912,measure,4992.0,928.0,4.6326,58.75
338.012,measure,4992.0,928.0,4.6326,58.94
338.112,measure,4992.0,928.0,4.6326,58.88
338.212,measure,4992.0,928.0,4.6326,58.88
338.312,measure,4992.0,928.0,4.6326,58.78
338.412,measure,4992.0,928.0,4.6326,58.78
338.513,measure,4992.0,928.0,4.6326,58.69
338.613,measure,4992.0,928.0,4.6326,58.72
338.713,measure,4992.0,928.0,4.6326,58.69
338.813,measure,4992.0,928.0,4.6326,58.78
338.913,measure,4992.0,928.0,4.6326,59.03
339.013,measure,4992.0,928.0,4.6326,58.94
339.113,measure,4992.0,928.0,4.6326,58.88
339.213,measure,4992.0,928.0,4.6326,58.75
339.313,measure,4992.0,928.0,4.6326,58.72
339.414,measure,4992.0,928.0,4.6326,58.75
339.514,measure,4992.0,928.0,4.6326,58.72
339.614,measure,4992.0,936.0,4.6725,58.66
339.714,measure,4992.0,936.0,4.6725,58.62
339.814,measure,4992.0,928.0,4.6326,58.97
339.914,measure,4992.0,928.0,4.6326,58.91
340.014,measure,4992.0,928.0,4.6326,58.81
340.114,measure,4992.0,928.0,4.6326,58.91
340.215,measure,4992.0,928.0,4.6326,58.81
340.315,measure,4992.0,928.0,4.6326,58.75
340.415,measure,4992.0,928.0,4.6326,58.75
340.515,measure,4992.0,928.0,4.6326,58.69
340.615,measure,4992.0,928.0,4.6326,58.69
340.715,measure,4992.0,928.0,4.6326,59.00
340.815,measure,4992.0,928.0,4.6326,58.94
340.915,measure,4992.0,928.0,4.6326,58.88
341.015,measure,4992.0,928.0,4.6326,58.88
341.116,measure,4992.0,928.0,4.6326,58.75
341.216,measure,4992.0,928.0,4.6326,58.78
341.316,measure,4992.0,928.0,4.6326,58.75
341.416,measure,4992.0,920.0,4.5926,58.69
341.516,measure,4992.0,928.0,4.6326,58.78
341.616,measure,4992.0,928.0,4.6326,58.66
341.716,measure,4992.0,928.0,4.6326,58.97
341.816,measure,4992.0,928.0,4.6326,58.84
341.917,measure,4992.0,928.0,4.6326,58.78
342.017,measure,4992.0,928.0,4.6326,58.78
342.117,measure,4992.0,928.0,4.6326,58.75
342.217,measure,4992.0,928.0,4.6326,58.78
342.317,measure,4992.0,928.0,4.6326,58.69
342.417,measure,4992.0,920.0,4.5926,58.72
342.517,measure,4992.0,928.0,4.6326,58.69
342.617,measure,4992.0,928.0,4.6326,58.88
342.718,measure,4992.0,928.0,4.6326,58.78
342.818,measure,4992.0,928.0,4.6326,58.88
342.918,measure,4992.0,928.0,4.6326,58.75
343.018,measure,4992.0,928.0,4.6326,58.78
343.118,measure,4992.0,928.0,4.6326,58.72
343.218,measure,4992.0,928.0,4.6326,58.78
343.318,measure,4992.0,928.0,4.6326,58.69
343.418,measure,4992.0,928.0,4.6326,58.75
343.519,measure,4992.0,928.0,4.6326,58.81
343.619,measure,4992.0,928.0,4.6326,58.91
343.719,measure,4992.0,928.0,4.6326,58.81
343.819,measure,4992.0,928.0,4.6326,58.88
343.919,measure,4992.0,928.0,4.6326,58.75
344.019,measure,4992.0,928.0,4.6326,58.75
344.119,measure,4992.0,928.0,4.6326,58.81
344.219,measure,4992.0,928.0,4.6326,58.72
344.320,measure,4992.0,928.0,4.6326,58.78
344.420,measure,4992.0,928.0,4.6326,58.84
344.520,measure,4992.0,928.0,4.6326,58.81
344.620,measure,4992.0,928.0,4.6326,58.84
344.720,measure,4992.0,928.0,4.6326,58.78
344.820,measure,4992.0,928.0,4.6326,58.78
344.921,measure,4992.0,928.0,4.6326,58.69
345.021,measure,4992.0,928.0,4.6326,58.75
345.121,measure,4992.0,928.0,4.6326,58.72
345.221,measure,4992.0,928.0,4.6326,58.62
345.322,measure,4992.0,928.0,4.6326,58.66
345.422,measure,4992.0,920.0,4.5926,58.84
345.522,measure,4992.0,920.0,4.5926,58.91
345.623,measure,4992.0,928.0,4.6326,58.88
345.723,measure,4992.0,928.0,4.6326,58.78
345.823,measure,4992.0,928.0,4.6326,58.81
345.923,measure,4992.0,928.0,4.6326,58.75
346.023,measure,4992.0,928.0,4.6326,58.72
346.123,measure,4992.0,928.0,4.6326,58.75
346.223,measure,4992.0,928.0,4.6326,58.72
346.323,measure,4992.0,928.0,4.6326,58.94
346.424,measure,4992.0,928.0,4.6326,58.81
346.524,measure,4992.0,928.0,4.6326,58.78
346.624,measure,4992.0,928.0,4.6326,58.75
346.724,measure,4992.0,928.0,4.6326,58.81
346.824,measure,4992.0,928.0,4.6326,58.78
346.924,measure,4992.0,928.0,4.6326,58.78
347.024,measure,4992.0,928.0,4.6326,58.69
347.125,measure,4992.0,928.0,4.6326,58.72
347.225,measure,4992.0,928.0,4.6326,58.94
347.325,measure,4992.0,928.0,4.6326,58.81
347.425,measure,4992.0,928.0,4.6326,58.81
347.525,measure,4992.0,928.0,4.6326,58.78
347.625,measure,4992.0,928.0,4.6326,58.78
347.725,measure,4992.0,928.0,4.6326,58.78
347.825,measure,4992.0,928.0,4.6326,58.72
347.925,measure,4992.0,928.0,4.6326,58.66
348.026,measure,4992.0,928.0,4.6326,58.66
348.126,measure,4992.0,928.0,4.6326,58.94
348.226,measure,4992.0,928.0,4.6326,58.91
348.326,measure,4992.0,928.0,4.6326,58.91
348.427,measure,4992.0,920.0,4.5926,58.75
348.527,measure,4992.0,928.0,4.6326,58.78
348.627,measure,4992.0,920.0,4.5926,58.72
348.727,measure,4992.0,928.0,4.6326,58.75
348.827,measure,4992.0,928.0,4.6326,58.66
348.927,measure,4992.0,928.0,4.6326,58.78
349.027,measure,4992.0,928.0,4.6326,58.94
349.127,measure,4992.0,928.0,4.6326,58.91
349.228,measure,4992.0,928.0,4.6326,58.88
349.328,measure,4992.0,928.0,4.6326,58.81
349.428,measure,4992.0,928.0,4.6326,58.75
349.528,measure,4992.0,928.0,4.6326,58.75
349.628,measure,4992.0,928.0,4.6326,58.78
349.728,measure,4992.0,928.0,4.6326,58.62
349.828,measure,4992.0,928.0,4.6326,58.75
349.929,measure,4992.0,928.0,4.6326,58.88
350.029,measure,4992.0,928.0,4.6326,58.84
350.129,measure,4992.0,928.0,4.6326,58.88
350.229,measure,4992.0,928.0,4.6326,58.81
350.329,measure,4992.0,928.0,4.6326,58.78
350.429,measure,4992.0,928.0,4.6326,58.69
350.529,measure,4992.0,928.0,4.6326,58.78
350.629,measure,4992.0,928.0,4.6326,58.69
350.729,measure,4992.0,928.0,4.6326,58.72
350.830,measure,4992.0,920.0,4.5926,58.94
350.930,measure,4992.0,928.0,4.6326,58.88
351.030,measure,4992.0,928.0,4.6326,58.78
351.130,measure,4992.0,928.0,4.6326,58.75
351.230,measure,4992.0,928.0,4.6326,58.81
351.330,measure,4992.0,928.0,4.6326,58.75
351.430,measure,4992.0,928.0,4.6326,58.72
351.530,measure,4992.0,928.0,4.6326,58.75
351.631,measure,4992.0,928.0,4.6326,58.72
351.731,measure,4992.0,920.0,4.5926,58.97
351.831,measure,4992.0,920.0,4.5926,58.84
351.931,measure,4992.0,928.0,4.6326,58.88
352.031,measure,4992.0,928.0,4.6326,58.81
352.131,measure,4992.0,928.0,4.6326,58.84
352.231,measure,4992.0,928.0,4.6326,58.81
352.332,measure,4992.0,928.0,4.6326,58.75
352.432,measure,4992.0,920.0,4.5926,58.69
352.532,measure,4992.0,920.0,4.5926,58.69
352.632,measure,4992.0,928.0,4.6326,58.94
352.732,measure,4992.0,928.0,4.6326,58.94
352.832,measure,4992.0,928.0,4.6326,58.81
352.932,measure,4992.0,928.0,4.6326,58.81
353.032,measure,4992.0,928.0,4.6326,58.81
353.133,measure,4992.0,928.0,4.6326,58.75
353.233,measure,4992.0,928.0,4.6326,58.69
353.333,measure,4992.0,928.0,4.6326,58.72
353.433,measure,4992.0,928.0,4.6326,58.75
353.533,measure,4992.0,928.0,4.6326,58.94
353.633,measure,4992.0,928.0,4.6326,58.94
353.733,measure,4992.0,928.0,4.6326,58.84
353.833,measure,4992.0,928.0,4.6326,58.88
353.934,measure,4992.0,920.0,4.5926,58.81
354.034,measure,4992.0,928.0,4.6326,58.72
354.134,measure,4992.0,928.0,4.6326,58.75
354.234,measure,4992.0,928.0,4.6326,58.75
354.334,measure,4992.0,928.0,4.6326,58.75
354.434,measure,4992.0,928.0,4.6326,58.94
354.534,measure,4992.0,928.0,4.6326,58.94
354.635,measure,4992.0,928.0,4.6326,58.88
354.735,measure,4992.0,928.0,4.6326,58.81
354.835,measure,4992.0,928.0,4.6326,58.72
354.935,measure,4992.0,928.0,4.6326,58.75
355.035,measure,4992.0,928.0,4.6326,58.78
355.135,measure,4992.0,928.0,4.6326,58.81
355.235,measure,4992.0,928.0,4.6326,58.78
355.335,measure,4992.0,928.0,4.6326,58.72
355.436,measure,4992.0,928.0,4.6326,58.94
355.536,measure,4992.0,928.0,4.6326,58.81
355.636,measure,4992.0,928.0,4.6326,58.75
355.736,measure,4992.0,928.0,4.6326,58.75
355.836,measure,4992.0,928.0,4.6326,58.72
355.936,measure,4992.0,928.0,4.6326,58.75
356.036,measure,4992.0,928.0,4.6326,58.75
356.137,measure,4992.0,928.0,4.6326,58.81
356.237,measure,4992.0,928.0,4.6326,58.78
356.337,measure,4992.0,928.0,4.6326,58.94
356.437,measure,4992.0,928.0,4.6326,58.81
356.537,measure,4992.0,928.0,4.6326,58.84
356.637,measure,4992.0,928.0,4.6326,58.78
356.737,measure,4992.0,928.0,4.6326,58.72
356.837,measure,4992.0,920.0,4.5926,58.72
356.938,measure,4992.0,920.0,4.5926,58.78
357.038,measure,4992.0,920.0,4.5926,58.69
357.138,measure,4992.0,928.0,4.6326,58.69
357.238,measure,4992.0,920.0,4.5926,58.94
357.338,measure,4992.0,928.0,4.6326,58.78
357.438,measure,4992.0,920.0,4.5926,58.94
357.538,measure,4992.0,920.0,4.5926,58.91
357.638,measure,4992.0,920.0,4.5926,58.81
357.739,measure,4992.0,928.0,4.6326,58.75
357.839,measure,4992.0,928.0,4.6326,58.81
357.939,measure,4992.0,928.0,4.6326,58.62
358.039,measure,4992.0,928.0,4.6326,58.66
358.139,measure,4992.0,928.0,4.6326,58.91
358.239,measure,4992.0,928.0,4.6326,58.88
358.339,measure,4992.0,928.0,4.6326,58.78
358.439,measure,4992.0,928.0,4.6326,58.81
358.540,measure,4992.0,928.0,4.6326,58.81
358.640,measure,4992.0,928.0,4.6326,58.72
358.740,measure,4992.0,928.0,4.6326,58.69
358.840,measure,4992.0,928.0,4.6326,58.72
358.940,measure,4992.0,928.0,4.6326,58.75
359.040,measure,4992.0,928.0,4.6326,58.84
359.140,measure,4992.0,928.0,4.6326,58.81
359.240,measure,4992.0,928.0,4.6326,58.81
359.341,measure,4992.0,928.0,4.6326,58.91
359.441,measure,4992.0,928.0,4.6326,58.72
359.541,measure,4992.0,928.0,4.6326,58.78
359.641,measure,4992.0,928.0,4.6326,58.75
359.741,measure,4992.0,928.0,4.6326,58.72
359.841,measure,4992.0,928.0,4.6326,58.62
359.941,measure,4992.0,928.0,4.6326,58.94
360.041,measure,4992.0,928.0,4.6326,58.91
360.142,measure,4992.0,928.0,4.6326,58.84
360.242,measure,4992.0,928.0,4.6326,58.75
