t_rel_s,phase,mv,ma,watt,temp_max_c
0.000,warmup,4984.0,1048.0,5.2232,59.34
0.100,warmup,4984.0,1040.0,5.1834,59.50
0.200,warmup,4984.0,1016.0,5.0637,59.50
0.301,warmup,4984.0,984.0,4.9043,59.41
0.401,warmup,4984.0,984.0,4.9043,59.41
0.501,warmup,4984.0,984.0,4.9043,59.41
0.601,warmup,4984.0,976.0,4.8644,59.38
0.701,warmup,4984.0,976.0,4.8644,59.31
0.801,warmup,4984.0,976.0,4.8644,59.38
0.902,warmup,4984.0,976.0,4.8644,59.38
1.002,warmup,4984.0,976.0,4.8644,59.31
1.102,warmup,4984.0,976.0,4.8644,59.56
1.202,warmup,4984.0,968.0,4.8245,59.47
1.302,warmup,4984.0,968.0,4.8245,59.47
1.402,warmup,4984.0,968.0,4.8245,59.44
1.502,warmup,4984.0,968.0,4.8245,59.38
1.602,warmup,4984.0,968.0,4.8245,59.38
1.703,warmup,4984.0,968.0,4.8245,59.41
1.803,warmup,4984.0,968.0,4.8245,59.38
1.903,warmup,4984.0,968.0,4.8245,59.38
2.003,warmup,4984.0,968.0,4.8245,59.62
2.103,warmup,4984.0,968.0,4.8245,59.44
2.203,warmup,4984.0,968.0,4.8245,59.47
2.303,warmup,4984.0,968.0,4.8245,59.41
2.404,warmup,4984.0,968.0,4.8245,59.38
2.504,warmup,4984.0,968.0,4.8245,59.38
2.604,warmup,4984.0,968.0,4.8245,59.41
2.704,warmup,4984.0,976.0,4.8644,59.31
2.804,warmup,4984.0,976.0,4.8644,59.41
2.904,warmup,4984.0,976.0,4.8644,59.47
3.004,warmup,4984.0,976.0,4.8644,59.50
3.105,warmup,4984.0,976.0,4.8644,59.47
3.205,warmup,4984.0,976.0,4.8644,59.41
3.305,warmup,4984.0,976.0,4.8644,59.38
3.405,warmup,4984.0,976.0,4.8644,59.41
3.505,warmup,4984.0,976.0,4.8644,59.41
3.605,warmup,4984.0,976.0,4.8644,59.31
3.705,warmup,4984.0,976.0,4.8644,59.31
3.806,warmup,4984.0,976.0,4.8644,59.47
3.906,warmup,4984.0,976.0,4.8644,59.50
4.006,warmup,4984.0,976.0,4.8644,59.50
4.106,warmup,4984.0,976.0,4.8644,59.41
4.206,warmup,4984.0,976.0,4.8644,59.47
4.306,warmup,4984.0,976.0,4.8644,59.31
4.406,warmup,4984.0,976.0,4.8644,59.38
4.507,warmup,4984.0,976.0,4.8644,59.25
4.607,warmup,4984.0,976.0,4.8644,59.38
4.707,warmup,4984.0,976.0,4.8644,59.41
4.807,warmup,4984.0,976.0,4.8644,59.47
4.907,warmup,4984.0,976.0,4.8644,59.50
5.007,warmup,4984.0,976.0,4.8644,59.41
5.107,warmup,4984.0,976.0,4.8644,59.38
5.208,warmup,4984.0,984.0,4.9043,59.34
5.308,warmup,4984.0,984.0,4.9043,59.34
5.408,warmup,4984.0,976.0,4.8644,59.28
5.508,warmup,4984.0,976.0,4.8644,59.38
5.608,warmup,4984.0,984.0,4.9043,59.31
5.708,warmup,4984.0,976.0,4.8644,59.47
5.808,warmup,4984.0,976.0,4.8644,59.47
5.909,warmup,4984.0,976.0,4.8644,59.41
6.009,warmup,4984.0,976.0,4.8644,59.28
6.109,warmup,4984.0,976.0,4.8644,59.44
6.209,warmup,4984.0,976.0,4.8644,59.31
6.309,warmup,4984.0,976.0,4.8644,59.38
6.409,warmup,4984.0,976.0,4.8644,59.31
6.509,warmup,4984.0,976.0,4.8644,59.59
6.610,warmup,4984.0,976.0,4.8644,59.50
6.710,warmup,4984.0,976.0,4.8644,59.44
6.810,warmup,4984.0,976.0,4.8644,59.44
6.910,warmup,4984.0,976.0,4.8644,59.44
7.010,warmup,4984.0,976.0,4.8644,59.41
7.110,warmup,4984.0,976.0,4.8644,59.34
7.210,warmup,4984.0,976.0,4.8644,59.38
7.311,warmup,4984.0,976.0,4.8644,59.41
7.411,warmup,4984.0,976.0,4.8644,59.59
7.511,warmup,4984.0,968.0,4.8245,59.50
7.611,warmup,4984.0,976.0,4.8644,59.47
7.711,warmup,4984.0,968.0,4.8245,59.41
7.811,warmup,4984.0,968.0,4.8245,59.41
7.911,warmup,4984.0,968.0,4.8245,59.41
8.012,warmup,4984.0,968.0,4.8245,59.38
8.112,warmup,4984.0,968.0,4.8245,59.34
8.212,warmup,4984.0,976.0,4.8644,59.34
8.312,warmup,4984.0,976.0,4.8644,59.53
8.412,warmup,4984.0,976.0,4.8644,59.53
8.512,warmup,4984.0,976.0,4.8644,59.47
8.612,warmup,4984.0,976.0,4.8644,59.47
8.712,warmup,4984.0,976.0,4.8644,59.41
8.813,warmup,4984.0,976.0,4.8644,59.41
8.913,warmup,4984.0,976.0,4.8644,59.38
9.013,warmup,4984.0,976.0,4.8644,59.41
9.113,warmup,4984.0,976.0,4.8644,59.34
9.213,warmup,4984.0,976.0,4.8644,59.34
9.313,warmup,4984.0,976.0,4.8644,59.44
9.413,warmup,4984.0,976.0,4.8644,59.53
9.514,warmup,4984.0,976.0,4.8644,59.38
9.614,warmup,4984.0,976.0,4.8644,59.41
9.714,warmup,4984.0,976.0,4.8644,59.41
9.814,warmup,4984.0,976.0,4.8644,59.38
9.914,warmup,4984.0,976.0,4.8644,59.41
10.014,warmup,4984.0,976.0,4.8644,59.38
10.114,warmup,4984.0,976.0,4.8644,59.34
10.215,warmup,4984.0,976.0,4.8644,59.59
10.315,warmup,4984.0,976.0,4.8644,59.56
10.415,warmup,4984.0,976.0,4.8644,59.47
10.515,warmup,4984.0,976.0,4.8644,59.47
10.615,warmup,4984.0,976.0,4.8644,59.44
10.715,warmup,4984.0,976.0,4.8644,59.38
10.815,warmup,4984.0,976.0,4.8644,59.41
10.916,warmup,4984.0,976.0,4.8644,59.34
11.016,warmup,4984.0,976.0,4.8644,59.34
11.116,warmup,4984.0,976.0,4.8644,59.28
11.217,warmup,4984.0,976.0,4.8644,59.44
11.317,warmup,4984.0,976.0,4.8644,59.47
11.417,warmup,4984.0,976.0,4.8644,59.41
11.517,warmup,4984.0,976.0,4.8644,59.44
11.617,warmup,4984.0,976.0,4.8644,59.41
11.717,warmup,4984.0,976.0,4.8644,59.41
11.817,warmup,4984.0,976.0,4.8644,59.28
11.918,warmup,4984.0,976.0,4.8644,59.41
12.018,warmup,4984.0,976.0,4.8644,59.53
12.118,warmup,4984.0,976.0,4.8644,59.50
12.218,warmup,4984.0,976.0,4.8644,59.50
12.318,warmup,4984.0,976.0,4.8644,59.41
12.418,warmup,4984.0,976.0,4.8644,59.44
12.518,warmup,4984.0,976.0,4.8644,59.41
12.618,warmup,4984.0,976.0,4.8644,59.41
12.719,warmup,4984.0,976.0,4.8644,59.31
12.819,warmup,4984.0,976.0,4.8644,59.25
12.919,warmup,4984.0,968.0,4.8245,59.50
13.019,warmup,4984.0,968.0,4.8245,59.53
13.119,warmup,4984.0,976.0,4.8644,59.44
13.219,warmup,4984.0,976.0,4.8644,59.41
13.319,warmup,4984.0,976.0,4.8644,59.44
13.420,warmup,4984.0,976.0,4.8644,59.41
13.520,warmup,4984.0,976.0,4.8644,59.41
13.620,warmup,4984.0,976.0,4.8644,59.38
13.720,warmup,4984.0,976.0,4.8644,59.31
13.820,warmup,4984.0,976.0,4.8644,59.56
13.920,warmup,4984.0,976.0,4.8644,59.53
14.020,warmup,4984.0,976.0,4.8644,59.56
14.121,warmup,4984.0,976.0,4.8644,59.44
14.221,warmup,4984.0,976.0,4.8644,59.47
14.321,warmup,4984.0,976.0,4.8644,59.41
14.421,warmup,4984.0,976.0,4.8644,59.38
14.521,warmup,4984.0,976.0,4.8644,59.38
14.621,warmup,4984.0,976.0,4.8644,59.31
14.721,warmup,4984.0,976.0,4.8644,59.31
14.822,warmup,4984.0,976.0,4.8644,59.56
14.922,warmup,4984.0,976.0,4.8644,59.41
15.022,warmup,4984.0,976.0,4.8644,59.44
15.122,warmup,4984.0,976.0,4.8644,59.44
15.222,warmup,4984.0,976.0,4.8644,59.38
15.322,warmup,4984.0,984.0,4.9043,59.38
15.422,warmup,4984.0,984.0,4.9043,59.31
15.522,warmup,4984.0,984.0,4.9043,59.38
15.623,warmup,4984.0,976.0,4.8644,59.31
15.723,warmup,4984.0,984.0,4.9043,59.53
15.823,warmup,4984.0,976.0,4.8644,59.41
15.923,warmup,4984.0,976.0,4.8644,59.44
16.023,warmup,4984.0,976.0,4.8644,59.47
16.123,warmup,4984.0,976.0,4.8644,59.38
16.223,warmup,4984.0,976.0,4.8644,59.44
16.324,warmup,4984.0,976.0,4.8644,59.34
16.424,warmup,4984.0,984.0,4.9043,59.28
16.524,warmup,4984.0,984.0,4.9043,59.34
16.624,warmup,4984.0,984.0,4.9043,59.22
16.724,warmup,4984.0,976.0,4.8644,59.44
16.824,warmup,4984.0,976.0,4.8644,59.47
16.924,warmup,4984.0,976.0,4.8644,59.41
17.024,warmup,4984.0,976.0,4.8644,59.41
17.125,warmup,4984.0,984.0,4.9043,59.34
17.225,warmup,4984.0,984.0,4.9043,59.38
17.325,warmup,4984.0,976.0,4.8644,59.34
17.425,warmup,4984.0,976.0,4.8644,59.34
17.525,warmup,4984.0,976.0,4.8644,59.28
17.625,warmup,4984.0,976.0,4.8644,59.50
17.725,warmup,4984.0,976.0,4.8644,59.41
17.826,warmup,4984.0,976.0,4.8644,59.44
17.926,warmup,4984.0,976.0,4.8644,59.38
18.026,warmup,4984.0,976.0,4.8644,59.41
18.126,warmup,4984.0,968.0,4.8245,59.34
18.226,warmup,4984.0,976.0,4.8644,59.41
18.326,warmup,4984.0,976.0,4.8644,59.28
18.426,warmup,4984.0,976.0,4.8644,59.34
18.527,warmup,4984.0,976.0,4.8644,59.44
18.627,warmup,4984.0,976.0,4.8644,59.47
18.727,warmup,4984.0,976.0,4.8644,59.38
18.827,warmup,4984.0,976.0,4.8644,59.41
18.927,warmup,4984.0,976.0,4.8644,59.41
19.027,warmup,4984.0,976.0,4.8644,59.31
19.127,warmup,4984.0,976.0,4.8644,59.28
19.227,warmup,4984.0,976.0,4.8644,59.28
19.328,warmup,4984.0,976.0,4.8644,59.34
19.428,warmup,4984.0,976.0,4.8644,59.50
19.528,warmup,4984.0,976.0,4.8644,59.41
19.628,warmup,4984.0,976.0,4.8644,59.41
19.728,warmup,4984.0,976.0,4.8644,59.41
19.828,warmup,4984.0,976.0,4.8644,59.41
19.928,warmup,4984.0,976.0,4.8644,59.34
20.029,warmup,4984.0,976.0,4.8644,59.38
20.129,warmup,4984.0,976.0,4.8644,59.34
20.229,warmup,4984.0,976.0,4.8644,59.28
20.329,warmup,4984.0,976.0,4.8644,59.47
20.429,warmup,4984.0,976.0,4.8644,59.41
20.529,warmup,4984.0,976.0,4.8644,59.38
20.629,warmup,4984.0,976.0,4.8644,59.41
20.730,warmup,4984.0,976.0,4.8644,59.41
20.830,warmup,4984.0,976.0,4.8644,59.34
20.930,warmup,4984.0,976.0,4.8644,59.44
21.030,warmup,4984.0,976.0,4.8644,59.22
21.130,warmup,4984.0,976.0,4.8644,59.31
21.230,warmup,4984.0,976.0,4.8644,59.47
21.330,warmup,4984.0,976.0,4.8644,59.53
21.431,warmup,4984.0,976.0,4.8644,59.41
21.531,warmup,4984.0,976.0,4.8644,59.41
21.631,warmup,4984.0,976.0,4.8644,59.38
21.731,warmup,4984.0,976.0,4.8644,59.38
21.831,warmup,4984.0,976.0,4.8644,59.38
21.931,warmup,4984.0,976.0,4.8644,59.31
22.031,warmup,4984.0,976.0,4.8644,59.41
22.131,warmup,4984.0,984.0,4.9043,59.47
22.232,warmup,4984.0,984.0,4.9043,59.44
22.332,warmup,4984.0,976.0,4.8644,59.38
22.432,warmup,4984.0,976.0,4.8644,59.44
22.532,warmup,4984.0,976.0,4.8644,59.41
22.632,warmup,4984.0,976.0,4.8644,59.38
22.732,warmup,4984.0,976.0,4.8644,59.38
22.832,warmup,4984.0,976.0,4.8644,59.34
22.933,warmup,4984.0,976.0,4.8644,59.31
23.033,warmup,4984.0,976.0,4.8644,59.44
23.133,warmup,4984.0,976.0,4.8644,59.50
23.233,warmup,4984.0,976.0,4.8644,59.50
23.333,warmup,4984.0,976.0,4.8644,59.41
23.433,warmup,4984.0,976.0,4.8644,59.34
23.533,warmup,4984.0,976.0,4.8644,59.34
23.633,warmup,4984.0,976.0,4.8644,59.34
23.734,warmup,4984.0,976.0,4.8644,59.31
23.834,warmup,4984.0,976.0,4.8644,59.34
23.934,warmup,4984.0,976.0,4.8644,59.34
24.034,warmup,4984.0,976.0,4.8644,59.50
24.134,warmup,4984.0,976.0,4.8644,59.41
24.234,warmup,4984.0,976.0,4.8644,59.44
24.334,warmup,4984.0,976.0,4.8644,59.38
24.435,warmup,4984.0,976.0,4.8644,59.41
24.535,warmup,4984.0,976.0,4.8644,59.41
24.635,warmup,4984.0,976.0,4.8644,59.41
24.735,warmup,4984.0,976.0,4.8644,59.34
24.835,warmup,4984.0,976.0,4.8644,59.50
24.935,warmup,4984.0,976.0,4.8644,59.44
25.035,warmup,4984.0,976.0,4.8644,59.47
25.136,warmup,4984.0,976.0,4.8644,59.38
25.236,warmup,4984.0,976.0,4.8644,59.41
25.336,warmup,4984.0,976.0,4.8644,59.31
25.436,warmup,4984.0,976.0,4.8644,59.38
25.536,warmup,4984.0,976.0,4.8644,59.31
25.636,warmup,4984.0,976.0,4.8644,59.28
25.736,warmup,4984.0,976.0,4.8644,59.53
25.837,warmup,4984.0,976.0,4.8644,59.47
25.937,warmup,4984.0,976.0,4.8644,59.41
26.037,warmup,4984.0,976.0,4.8644,59.41
26.137,warmup,4984.0,976.0,4.8644,59.41
26.237,warmup,4984.0,976.0,4.8644,59.38
26.337,warmup,4984.0,976.0,4.8644,59.47
26.437,warmup,4984.0,968.0,4.8245,59.34
26.537,warmup,4984.0,976.0,4.8644,59.31
26.638,warmup,4984.0,976.0,4.8644,59.53
26.738,warmup,4984.0,976.0,4.8644,59.47
26.838,warmup,4984.0,976.0,4.8644,59.41
26.938,warmup,4984.0,976.0,4.8644,59.38
27.038,warmup,4984.0,976.0,4.8644,59.41
27.138,warmup,4984.0,976.0,4.8644,59.34
27.238,warmup,4984.0,984.0,4.9043,59.31
27.339,warmup,4984.0,984.0,4.9043,59.34
27.439,warmup,4984.0,984.0,4.9043,59.34
27.539,warmup,4984.0,984.0,4.9043,59.53
27.639,warmup,4984.0,984.0,4.9043,59.50
27.739,warmup,4984.0,984.0,4.9043,59.44
27.839,warmup,4984.0,984.0,4.9043,59.41
27.939,warmup,4984.0,976.0,4.8644,59.38
28.040,warmup,4984.0,976.0,4.8644,59.38
28.140,warmup,4984.0,976.0,4.8644,59.41
28.240,warmup,4984.0,976.0,4.8644,59.31
28.340,warmup,4984.0,976.0,4.8644,59.38
28.440,warmup,4984.0,976.0,4.8644,59.34
28.540,warmup,4984.0,976.0,4.8644,59.47
28.640,warmup,4984.0,976.0,4.8644,59.41
28.740,warmup,4984.0,976.0,4.8644,59.44
28.841,warmup,4984.0,976.0,4.8644,59.34
28.941,warmup,4984.0,976.0,4.8644,59.31
29.041,warmup,4984.0,976.0,4.8644,59.38
29.141,warmup,4984.0,976.0,4.8644,59.31
29.241,warmup,4984.0,976.0,4.8644,59.38
29.341,warmup,4984.0,976.0,4.8644,59.25
29.441,warmup,4984.0,976.0,4.8644,59.50
29.542,warmup,4984.0,976.0,4.8644,59.44
29.642,warmup,4984.0,976.0,4.8644,59.41
29.742,warmup,4984.0,976.0,4.8644,59.41
29.842,warmup,4984.0,976.0,4.8644,59.38
29.942,warmup,4984.0,976.0,4.8644,59.41
30.042,warmup,4984.0,976.0,4.8644,59.38
30.142,warmup,4984.0,976.0,4.8644,59.28
30.243,warmup,4984.0,976.0,4.8644,59.31
30.343,warmup,4984.0,976.0,4.8644,59.34
30.443,warmup,4984.0,976.0,4.8644,59.44
30.543,warmup,4984.0,976.0,4.8644,59.47
30.643,warmup,4984.0,976.0,4.8644,59.38
30.743,warmup,4984.0,976.0,4.8644,59.34
30.843,warmup,4984.0,976.0,4.8644,59.34
30.944,warmup,4984.0,976.0,4.8644,59.28
31.044,warmup,4984.0,976.0,4.8644,59.38
31.144,warmup,4984.0,976.0,4.8644,59.28
31.244,warmup,4984.0,976.0,4.8644,59.31
31.344,warmup,4984.0,976.0,4.8644,59.59
31.444,warmup,4984.0,976.0,4.8644,59.44
31.544,warmup,4984.0,976.0,4.8644,59.41
31.645,warmup,4984.0,976.0,4.8644,59.34
31.745,warmup,4984.0,976.0,4.8644,59.44
31.845,warmup,4984.0,976.0,4.8644,59.25
31.945,warmup,4984.0,976.0,4.8644,59.34
32.045,warmup,4984.0,976.0,4.8644,59.28
32.145,warmup,4984.0,976.0,4.8644,59.28
32.245,warmup,4984.0,976.0,4.8644,59.41
32.345,warmup,4984.0,976.0,4.8644,59.53
32.446,warmup,4984.0,976.0,4.8644,59.34
32.546,warmup,4984.0,976.0,4.8644,59.41
32.646,warmup,4984.0,976.0,4.8644,59.38
32.746,warmup,4984.0,976.0,4.8644,59.34
32.846,warmup,4984.0,976.0,4.8644,59.34
32.946,warmup,4984.0,976.0,4.8644,59.31
33.046,warmup,4984.0,976.0,4.8644,59.31
33.147,warmup,4984.0,976.0,4.8644,59.34
33.247,warmup,4984.0,984.0,4.9043,59.47
33.347,warmup,4984.0,984.0,4.9043,59.44
33.447,warmup,4984.0,984.0,4.9043,59.31
33.547,warmup,4984.0,984.0,4.9043,59.38
33.648,warmup,4984.0,976.0,4.8644,59.28
33.748,warmup,4984.0,976.0,4.8644,59.31
33.848,warmup,4984.0,976.0,4.8644,59.31
33.948,warmup,4984.0,976.0,4.8644,59.28
34.048,warmup,4984.0,976.0,4.8644,59.41
34.148,warmup,4984.0,976.0,4.8644,59.38
34.248,warmup,4984.0,976.0,4.8644,59.44
34.349,warmup,4984.0,976.0,4.8644,59.34
34.449,warmup,4984.0,976.0,4.8644,59.41
34.550,warmup,4984.0,976.0,4.8644,59.31
34.650,warmup,4984.0,976.0,4.8644,59.38
34.750,warmup,4984.0,976.0,4.8644,59.31
34.850,warmup,4984.0,976.0,4.8644,59.31
34.950,warmup,4984.0,976.0,4.8644,59.25
35.050,warmup,4984.0,976.0,4.8644,59.47
35.150,warmup,4984.0,976.0,4.8644,59.44
35.251,warmup,4984.0,976.0,4.8644,59.41
35.351,warmup,4984.0,976.0,4.8644,59.38
35.451,warmup,4984.0,976.0,4.8644,59.28
35.551,warmup,4984.0,984.0,4.9043,59.34
35.651,warmup,4984.0,984.0,4.9043,59.31
35.751,warmup,4984.0,984.0,4.9043,59.31
35.851,warmup,4984.0,984.0,4.9043,59.31
35.952,warmup,4984.0,984.0,4.9043,59.44
36.052,warmup,4984.0,984.0,4.9043,59.41
36.152,warmup,4984.0,984.0,4.9043,59.38
36.252,warmup,4984.0,984.0,4.9043,59.34
36.352,warmup,4984.0,976.0,4.8644,59.41
36.452,warmup,4984.0,976.0,4.8644,59.34
36.552,warmup,4984.0,976.0,4.8644,59.31
36.653,warmup,4984.0,976.0,4.8644,59.28
36.753,warmup,4984.0,976.0,4.8644,59.25
36.853,warmup,4984.0,976.0,4.8644,59.44
36.953,warmup,4984.0,976.0,4.8644,59.41
37.053,warmup,4984.0,976.0,4.8644,59.38
37.153,warmup,4984.0,976.0,4.8644,59.41
37.253,warmup,4984.0,976.0,4.8644,59.34
37.354,warmup,4984.0,976.0,4.8644,59.41
37.454,warmup,4984.0,976.0,4.8644,59.31
37.554,warmup,4984.0,976.0,4.8644,59.22
37.654,warmup,4984.0,976.0,4.8644,59.25
37.754,warmup,4984.0,976.0,4.8644,59.41
37.854,warmup,4984.0,976.0,4.8644,59.47
37.954,warmup,4984.0,976.0,4.8644,59.41
38.054,warmup,4984.0,976.0,4.8644,59.34
38.155,warmup,4984.0,976.0,4.8644,59.38
38.255,warmup,4984.0,976.0,4.8644,59.34
38.355,warmup,4984.0,976.0,4.8644,59.34
38.455,warmup,4984.0,976.0,4.8644,59.25
38.555,warmup,4984.0,976.0,4.8644,59.31
38.655,warmup,4984.0,976.0,4.8644,59.44
38.755,warmup,4984.0,976.0,4.8644,59.41
38.856,warmup,4984.0,976.0,4.8644,59.38
38.956,warmup,4984.0,976.0,4.8644,59.38
39.056,warmup,4984.0,976.0,4.8644,59.34
39.156,warmup,4984.0,976.0,4.8644,59.34
39.256,warmup,4984.0,976.0,4.8644,59.31
39.356,warmup,4984.0,976.0,4.8644,59.31
39.456,warmup,4984.0,976.0,4.8644,59.28
39.556,warmup,4984.0,976.0,4.8644,59.47
39.657,warmup,4984.0,976.0,4.8644,59.44
39.757,warmup,4984.0,976.0,4.8644,59.31
39.857,warmup,4984.0,976.0,4.8644,59.34
39.957,warmup,4984.0,976.0,4.8644,59.34
40.057,warmup,4984.0,976.0,4.8644,59.31
40.157,warmup,4984.0,976.0,4.8644,59.31
40.257,warmup,4984.0,976.0,4.8644,59.28
40.358,warmup,4984.0,976.0,4.8644,59.25
40.458,warmup,4984.0,976.0,4.8644,59.53
40.558,warmup,4984.0,976.0,4.8644,59.50
40.658,warmup,4984.0,976.0,4.8644,59.41
40.758,warmup,4984.0,976.0,4.8644,59.38
40.858,warmup,4984.0,976.0,4.8644,59.41
40.958,warmup,4984.0,976.0,4.8644,59.41
41.059,warmup,4984.0,976.0,4.8644,59.34
41.159,warmup,4984.0,976.0,4.8644,59.41
41.259,warmup,4984.0,976.0,4.8644,59.25
41.359,warmup,4984.0,976.0,4.8644,59.53
41.459,warmup,4984.0,976.0,4.8644,59.53
41.559,warmup,4984.0,976.0,4.8644,59.34
41.659,warmup,4984.0,976.0,4.8644,59.38
41.759,warmup,4984.0,976.0,4.8644,59.41
41.860,warmup,4984.0,976.0,4.8644,59.28
41.960,warmup,4984.0,976.0,4.8644,59.31
42.060,warmup,4984.0,976.0,4.8644,59.31
42.160,warmup,4984.0,976.0,4.8644,59.31
42.260,warmup,4984.0,976.0,4.8644,59.53
42.360,warmup,4984.0,976.0,4.8644,59.41
42.460,warmup,4984.0,976.0,4.8644,59.41
42.561,warmup,4984.0,976.0,4.8644,59.38
42.661,warmup,4984.0,976.0,4.8644,59.31
42.761,warmup,4984.0,976.0,4.8644,59.38
42.861,warmup,4984.0,976.0,4.8644,59.31
42.961,warmup,4984.0,976.0,4.8644,59.31
43.061,warmup,4984.0,976.0,4.8644,59.31
43.161,warmup,4984.0,976.0,4.8644,59.47
43.262,warmup,4984.0,976.0,4.8644,59.53
43.362,warmup,4984.0,976.0,4.8644,59.38
43.462,warmup,4984.0,976.0,4.8644,59.47
43.562,warmup,4984.0,976.0,4.8644,59.34
43.662,warmup,4984.0,976.0,4.8644,59.34
43.762,warmup,4984.0,976.0,4.8644,59.31
43.862,warmup,4984.0,976.0,4.8644,59.34
43.962,warmup,4984.0,976.0,4.8644,59.28
44.063,warmup,4984.0,976.0,4.8644,59.53
44.163,warmup,4984.0,976.0,4.8644,59.50
44.263,warmup,4984.0,976.0,4.8644,59.38
44.363,warmup,4984.0,976.0,4.8644,59.41
44.463,warmup,4984.0,976.0,4.8644,59.38
44.563,warmup,4984.0,976.0,4.8644,59.31
44.663,warmup,4984.0,976.0,4.8644,59.38
44.764,warmup,4984.0,976.0,4.8644,59.34
44.864,warmup,4984.0,976.0,4.8644,59.34
44.964,warmup,4984.0,976.0,4.8644,59.25
45.064,warmup,4984.0,976.0,4.8644,59.50
45.164,warmup,4984.0,976.0,4.8644,59.34
45.264,warmup,4984.0,976.0,4.8644,59.38
45.364,warmup,4984.0,976.0,4.8644,59.28
45.465,warmup,4984.0,976.0,4.8644,59.31
45.565,warmup,4984.0,976.0,4.8644,59.22
45.665,warmup,4984.0,976.0,4.8644,59.31
45.765,warmup,4984.0,976.0,4.8644,59.34
45.865,warmup,4984.0,976.0,4.8644,59.25
45.965,warmup,4984.0,976.0,4.8644,59.47
46.065,warmup,4984.0,976.0,4.8644,59.38
46.166,warmup,4984.0,976.0,4.8644,59.41
46.266,warmup,4984.0,976.0,4.8644,59.41
46.366,warmup,4984.0,976.0,4.8644,59.28
46.466,warmup,4984.0,976.0,4.8644,59.34
46.566,warmup,4984.0,976.0,4.8644,59.28
46.666,warmup,4984.0,976.0,4.8644,59.38
46.766,warmup,4984.0,976.0,4.8644,59.38
46.866,warmup,4984.0,976.0,4.8644,59.25
46.967,warmup,4984.0,976.0,4.8644,59.50
47.067,warmup,4984.0,976.0,4.8644,59.41
47.167,warmup,4984.0,976.0,4.8644,59.41
47.267,warmup,4984.0,976.0,4.8644,59.41
47.367,warmup,4984.0,976.0,4.8644,59.34
47.467,warmup,4984.0,976.0,4.8644,59.31
47.567,warmup,4984.0,976.0,4.8644,59.28
47.668,warmup,4984.0,976.0,4.8644,59.25
47.768,warmup,4984.0,976.0,4.8644,59.28
47.868,warmup,4984.0,976.0,4.8644,59.47
47.968,warmup,4984.0,976.0,4.8644,59.38
48.068,warmup,4984.0,976.0,4.8644,59.38
48.168,warmup,4984.0,976.0,4.8644,59.31
48.268,warmup,4984.0,976.0,4.8644,59.34
48.369,warmup,4984.0,976.0,4.8644,59.28
48.469,warmup,4984.0,976.0,4.8644,59.31
48.569,warmup,4984.0,976.0,4.8644,59.25
48.669,warmup,4984.0,976.0,4.8644,59.28
48.769,warmup,4984.0,976.0,4.8644,59.41
48.869,warmup,4984.0,976.0,4.8644,59.47
48.969,warmup,4984.0,976.0,4.8644,59.41
49.070,warmup,4984.0,976.0,4.8644,59.28
49.170,warmup,4984.0,976.0,4.8644,59.34
49.270,warmup,4984.0,976.0,4.8644,59.31
49.370,warmup,4984.0,976.0,4.8644,59.22
49.470,warmup,4984.0,976.0,4.8644,59.25
49.570,warmup,4984.0,976.0,4.8644,59.28
49.670,warmup,4984.0,984.0,4.9043,59.47
49.771,warmup,4984.0,984.0,4.9043,59.47
49.871,warmup,4984.0,984.0,4.9043,59.34
49.971,warmup,4984.0,984.0,4.9043,59.41
50.071,warmup,4984.0,984.0,4.9043,59.34
50.171,warmup,4984.0,984.0,4.9043,59.28
50.271,warmup,4984.0,984.0,4.9043,59.34
50.371,warmup,4984.0,984.0,4.9043,59.34
50.472,warmup,4984.0,984.0,4.9043,59.28
50.572,warmup,4984.0,984.0,4.9043,59.47
50.672,warmup,4984.0,984.0,4.9043,59.44
50.772,warmup,4984.0,984.0,4.9043,59.38
50.872,warmup,4984.0,984.0,4.9043,59.38
50.972,warmup,4984.0,976.0,4.8644,59.34
51.072,warmup,4984.0,976.0,4.8644,59.22
51.173,warmup,4984.0,976.0,4.8644,59.31
51.273,warmup,4984.0,984.0,4.9043,59.31
51.373,warmup,4984.0,976.0,4.8644,59.28
51.473,warmup,4984.0,976.0,4.8644,59.44
51.573,warmup,4984.0,976.0,4.8644,59.41
51.673,warmup,4984.0,976.0,4.8644,59.41
51.773,warmup,4984.0,976.0,4.8644,59.38
51.874,warmup,4984.0,976.0,4.8644,59.34
51.974,warmup,4984.0,976.0,4.8644,59.25
52.074,warmup,4984.0,976.0,4.8644,59.28
52.174,warmup,4984.0,976.0,4.8644,59.22
52.274,warmup,4984.0,976.0,4.8644,59.25
52.374,warmup,4984.0,976.0,4.8644,59.47
52.474,warmup,4984.0,976.0,4.8644,59.44
52.575,warmup,4984.0,976.0,4.8644,59.41
52.675,warmup,4984.0,976.0,4.8644,59.38
52.775,warmup,4984.0,976.0,4.8644,59.34
52.875,warmup,4984.0,976.0,4.8644,59.41
52.975,warmup,4984.0,976.0,4.8644,59.31
53.075,warmup,4984.0,976.0,4.8644,59.28
53.175,warmup,4984.0,976.0,4.8644,59.31
53.275,warmup,4984.0,984.0,4.9043,59.50
53.376,warmup,4984.0,976.0,4.8644,59.41
53.476,warmup,4984.0,976.0,4.8644,59.41
53.576,warmup,4984.0,976.0,4.8644,59.31
53.676,warmup,4984.0,976.0,4.8644,59.34
53.776,warmup,4984.0,976.0,4.8644,59.34
53.876,warmup,4984.0,976.0,4.8644,59.25
53.976,warmup,4984.0,976.0,4.8644,59.31
54.077,warmup,4984.0,976.0,4.8644,59.28
54.177,warmup,4984.0,976.0,4.8644,59.47
54.277,warmup,4984.0,984.0,4.9043,59.34
54.377,warmup,4984.0,976.0,4.8644,59.41
54.477,warmup,4984.0,976.0,4.8644,59.41
54.577,warmup,4984.0,976.0,4.8644,59.34
54.677,warmup,4984.0,976.0,4.8644,59.38
54.778,warmup,4984.0,976.0,4.8644,59.25
54.878,warmup,4984.0,976.0,4.8644,59.34
54.978,warmup,4984.0,976.0,4.8644,59.31
55.078,warmup,4984.0,976.0,4.8644,59.50
55.178,warmup,4984.0,976.0,4.8644,59.47
55.278,warmup,4984.0,984.0,4.9043,59.44
55.379,warmup,4984.0,976.0,4.8644,59.38
55.479,warmup,4984.0,976.0,4.8644,59.34
55.579,warmup,4984.0,976.0,4.8644,59.25
55.679,warmup,4984.0,976.0,4.8644,59.31
55.779,warmup,4984.0,976.0,4.8644,59.38
55.879,warmup,4984.0,976.0,4.8644,59.31
55.979,warmup,4984.0,976.0,4.8644,59.41
56.080,warmup,4984.0,976.0,4.8644,59.41
56.180,warmup,4984.0,976.0,4.8644,59.34
56.280,warmup,4984.0,984.0,4.9043,59.44
56.380,warmup,4984.0,984.0,4.9043,59.38
56.480,warmup,4984.0,984.0,4.9043,59.38
56.580,warmup,4984.0,976.0,4.8644,59.34
56.680,warmup,4984.0,984.0,4.9043,59.31
56.781,warmup,4984.0,976.0,4.8644,59.25
56.881,warmup,4984.0,984.0,4.9043,59.47
56.981,warmup,4984.0,976.0,4.8644,59.50
57.081,warmup,4984.0,984.0,4.9043,59.41
57.181,warmup,4984.0,976.0,4.8644,59.41
57.281,warmup,4984.0,984.0,4.9043,59.31
57.381,warmup,4984.0,984.0,4.9043,59.28
57.482,warmup,4984.0,984.0,4.9043,59.25
57.582,warmup,4984.0,984.0,4.9043,59.25
57.682,warmup,4984.0,984.0,4.9043,59.28
57.782,warmup,4984.0,984.0,4.9043,59.50
57.883,warmup,4984.0,984.0,4.9043,59.50
57.983,warmup,4984.0,984.0,4.9043,59.38
58.083,warmup,4984.0,984.0,4.9043,59.38
58.183,warmup,4984.0,984.0,4.9043,59.34
58.284,warmup,4984.0,984.0,4.9043,59.41
58.384,warmup,4984.0,984.0,4.9043,59.28
58.484,warmup,4984.0,984.0,4.9043,59.31
58.584,warmup,4984.0,984.0,4.9043,59.34
58.684,warmup,4984.0,984.0,4.9043,59.28
58.784,warmup,4984.0,984.0,4.9043,59.50
58.884,warmup,4984.0,984.0,4.9043,59.53
58.985,warmup,4984.0,984.0,4.9043,59.47
59.085,warmup,4984.0,984.0,4.9043,59.34
59.185,warmup,4984.0,984.0,4.9043,59.38
59.285,warmup,4984.0,984.0,4.9043,59.34
59.385,warmup,4984.0,984.0,4.9043,59.31
59.485,warmup,4984.0,984.0,4.9043,59.28
59.586,warmup,4984.0,984.0,4.9043,59.28
59.686,warmup,4984.0,984.0,4.9043,59.47
59.786,warmup,4984.0,984.0,4.9043,59.44
59.886,warmup,4984.0,984.0,4.9043,59.44
59.986,warmup,4984.0,984.0,4.9043,59.41
60.086,warmup,4984.0,984.0,4.9043,59.41
60.186,warmup,4984.0,984.0,4.9043,59.34
60.286,warmup,4984.0,984.0,4.9043,59.25
60.387,measure,4984.0,984.0,4.9043,59.25
60.487,measure,4984.0,984.0,4.9043,59.28
60.587,measure,4984.0,984.0,4.9043,59.28
60.687,measure,4984.0,984.0,4.9043,59.41
60.787,measure,4984.0,984.0,4.9043,59.47
60.888,measure,4984.0,984.0,4.9043,59.38
60.988,measure,4984.0,984.0,4.9043,59.34
61.088,measure,4984.0,984.0,4.9043,59.34
61.188,measure,4984.0,984.0,4.9043,59.38
61.288,measure,4984.0,984.0,4.9043,59.31
61.388,measure,4984.0,984.0,4.9043,59.25
61.488,measure,4984.0,984.0,4.9043,59.22
61.588,measure,4984.0,984.0,4.9043,59.56
61.689,measure,4984.0,984.0,4.9043,59.47
61.789,measure,4984.0,984.0,4.9043,59.41
61.889,measure,4984.0,984.0,4.9043,59.41
61.989,measure,4984.0,984.0,4.9043,59.28
62.089,measure,4984.0,984.0,4.9043,59.34
62.189,measure,4984.0,984.0,4.9043,59.22
62.290,measure,4984.0,984.0,4.9043,59.25
62.390,measure,4984.0,984.0,4.9043,59.31
62.490,measure,4984.0,984.0,4.9043,59.53
62.590,measure,4984.0,984.0,4.9043,59.56
62.690,measure,4984.0,984.0,4.9043,59.44
62.790,measure,4984.0,984.0,4.9043,59.34
62.890,measure,4984.0,984.0,4.9043,59.34
62.991,measure,4984.0,984.0,4.9043,59.31
63.091,measure,4984.0,984.0,4.9043,59.34
63.191,measure,4984.0,984.0,4.9043,59.38
63.291,measure,4984.0,984.0,4.9043,59.22
63.391,measure,4984.0,984.0,4.9043,59.28
63.491,measure,4984.0,984.0,4.9043,59.47
63.591,measure,4984.0,984.0,4.9043,59.41
63.692,measure,4984.0,984.0,4.9043,59.41
63.792,measure,4984.0,984.0,4.9043,59.34
63.892,measure,4984.0,984.0,4.9043,59.28
63.992,measure,4984.0,984.0,4.9043,59.25
64.092,measure,4984.0,984.0,4.9043,59.38
64.192,measure,4984.0,984.0,4.9043,59.25
64.292,measure,4984.0,984.0,4.9043,59.25
64.392,measure,4984.0,984.0,4.9043,59.53
64.493,measure,4984.0,984.0,4.9043,59.41
64.593,measure,4984.0,984.0,4.9043,59.41
64.693,measure,4984.0,984.0,4.9043,59.38
64.793,measure,4984.0,984.0,4.9043,59.34
64.893,measure,4984.0,984.0,4.9043,59.34
64.993,measure,4984.0,976.0,4.8644,59.38
65.093,measure,4984.0,976.0,4.8644,59.34
65.194,measure,4984.0,976.0,4.8644,59.31
65.294,measure,4984.0,976.0,4.8644,59.44
65.394,measure,4984.0,976.0,4.8644,59.47
65.494,measure,4984.0,976.0,4.8644,59.41
65.594,measure,4984.0,984.0,4.9043,59.47
65.694,measure,4984.0,984.0,4.9043,59.31
65.794,measure,4984.0,984.0,4.9043,59.38
65.895,measure,4984.0,984.0,4.9043,59.31
65.995,measure,4984.0,976.0,4.8644,59.41
66.095,measure,4984.0,976.0,4.8644,59.28
66.195,measure,4984.0,976.0,4.8644,59.41
66.295,measure,4984.0,976.0,4.8644,59.50
66.395,measure,4984.0,976.0,4.8644,59.41
66.495,measure,4984.0,976.0,4.8644,59.31
66.596,measure,4984.0,984.0,4.9043,59.31
66.696,measure,4984.0,984.0,4.9043,59.34
66.796,measure,4984.0,984.0,4.9043,59.34
66.896,measure,4984.0,984.0,4.9043,59.31
66.996,measure,4984.0,984.0,4.9043,59.25
67.096,measure,4984.0,984.0,4.9043,59.41
67.196,measure,4984.0,976.0,4.8644,59.44
67.296,measure,4984.0,976.0,4.8644,59.41
67.397,measure,4984.0,976.0,4.8644,59.41
67.497,measure,4984.0,976.0,4.8644,59.38
67.597,measure,4984.0,984.0,4.9043,59.38
67.697,measure,4984.0,984.0,4.9043,59.34
67.797,measure,4984.0,984.0,4.9043,59.25
67.897,measure,4984.0,984.0,4.9043,59.34
67.997,measure,4984.0,976.0,4.8644,59.50
68.097,measure,4984.0,976.0,4.8644,59.44
68.198,measure,4984.0,984.0,4.9043,59.41
68.298,measure,4984.0,984.0,4.9043,59.34
68.398,measure,4984.0,976.0,4.8644,59.38
68.498,measure,4984.0,976.0,4.8644,59.38
68.598,measure,4984.0,984.0,4.9043,59.31
68.699,measure,4984.0,984.0,4.9043,59.41
68.799,measure,4984.0,984.0,4.9043,59.31
68.899,measure,4984.0,984.0,4.9043,59.47
68.999,measure,4984.0,976.0,4.8644,59.44
69.099,measure,4984.0,976.0,4.8644,59.44
69.199,measure,4984.0,976.0,4.8644,59.41
69.299,measure,4984.0,976.0,4.8644,59.34
69.399,measure,4984.0,976.0,4.8644,59.34
69.500,measure,4984.0,976.0,4.8644,59.25
69.600,measure,4984.0,976.0,4.8644,59.38
69.700,measure,4984.0,984.0,4.9043,59.34
69.800,measure,4984.0,984.0,4.9043,59.53
69.900,measure,4984.0,976.0,4.8644,59.41
70.000,measure,4984.0,976.0,4.8644,59.47
70.100,measure,4984.0,976.0,4.8644,59.44
70.201,measure,4984.0,976.0,4.8644,59.31
70.301,measure,4984.0,976.0,4.8644,59.34
70.401,measure,4984.0,976.0,4.8644,59.28
70.501,measure,4984.0,976.0,4.8644,59.28
70.601,measure,4984.0,976.0,4.8644,59.25
70.701,measure,4984.0,984.0,4.9043,59.41
70.801,measure,4984.0,976.0,4.8644,59.41
70.901,measure,4984.0,976.0,4.8644,59.53
71.002,measure,4984.0,976.0,4.8644,59.44
71.102,measure,4984.0,976.0,4.8644,59.28
71.202,measure,4984.0,976.0,4.8644,59.28
71.302,measure,4984.0,976.0,4.8644,59.38
71.402,measure,4984.0,976.0,4.8644,59.25
71.502,measure,4984.0,976.0,4.8644,59.41
71.602,measure,4984.0,976.0,4.8644,59.56
71.703,measure,4984.0,976.0,4.8644,59.47
71.803,measure,4984.0,976.0,4.8644,59.44
71.903,measure,4984.0,976.0,4.8644,59.41
72.003,measure,4984.0,976.0,4.8644,59.41
72.103,measure,4984.0,976.0,4.8644,59.34
72.203,measure,4984.0,976.0,4.8644,59.34
72.303,measure,4984.0,976.0,4.8644,59.34
72.403,measure,4984.0,976.0,4.8644,59.34
72.504,measure,4984.0,976.0,4.8644,59.53
72.604,measure,4984.0,976.0,4.8644,59.50
72.704,measure,4984.0,984.0,4.9043,59.44
72.804,measure,4984.0,976.0,4.8644,59.41
72.904,measure,4984.0,976.0,4.8644,59.41
73.004,measure,4984.0,976.0,4.8644,59.34
73.104,measure,4984.0,976.0,4.8644,59.34
73.205,measure,4984.0,976.0,4.8644,59.25
73.305,measure,4984.0,976.0,4.8644,59.38
73.405,measure,4984.0,976.0,4.8644,59.56
73.505,measure,4984.0,976.0,4.8644,59.50
73.605,measure,4984.0,976.0,4.8644,59.44
73.705,measure,4984.0,976.0,4.8644,59.41
73.805,measure,4984.0,976.0,4.8644,59.41
73.905,measure,4984.0,976.0,4.8644,59.38
74.006,measure,4984.0,976.0,4.8644,59.38
74.106,measure,4984.0,976.0,4.8644,59.41
74.206,measure,4984.0,976.0,4.8644,59.34
74.306,measure,4984.0,976.0,4.8644,59.31
74.408,measure,4984.0,984.0,4.9043,59.34
74.508,measure,4984.0,984.0,4.9043,59.50
74.609,measure,4984.0,992.0,4.9441,59.50
74.709,measure,4984.0,992.0,4.9441,59.41
74.809,measure,4984.0,984.0,4.9043,59.47
74.909,measure,4984.0,984.0,4.9043,59.41
75.009,measure,4984.0,984.0,4.9043,59.34
75.109,measure,4984.0,984.0,4.9043,59.34
75.210,measure,4984.0,984.0,4.9043,59.31
75.310,measure,4984.0,1032.0,5.1435,59.38
75.410,measure,4984.0,1048.0,5.2232,59.38
75.510,measure,4976.0,1080.0,5.3741,59.44
75.610,measure,4976.0,1112.0,5.5333,59.47
75.710,measure,4976.0,1112.0,5.5333,59.41
75.810,measure,4976.0,1088.0,5.4139,59.41
75.911,measure,4984.0,1072.0,5.3428,59.44
76.011,measure,4984.0,1056.0,5.2631,59.38
76.111,measure,4984.0,1072.0,5.3428,59.38
76.211,measure,4976.0,1080.0,5.3741,59.31
76.311,measure,4976.0,1096.0,5.4537,59.34
76.411,measure,4976.0,1096.0,5.4537,59.53
76.512,measure,4976.0,1112.0,5.5333,59.44
76.612,measure,4976.0,1120.0,5.5731,59.41
76.712,measure,4976.0,1088.0,5.4139,59.38
76.812,measure,4984.0,1064.0,5.3030,59.38
76.912,measure,4984.0,1048.0,5.2232,59.38
77.012,measure,4984.0,1032.0,5.1435,59.41
77.112,measure,4984.0,1024.0,5.1036,59.41
77.213,measure,4984.0,1016.0,5.0637,59.56
77.313,measure,4984.0,1008.0,5.0239,59.53
77.413,measure,4984.0,1000.0,4.9840,59.50
77.513,measure,4984.0,992.0,4.9441,59.41
77.613,measure,4984.0,992.0,4.9441,59.44
77.713,measure,4984.0,984.0,4.9043,59.41
77.813,measure,4984.0,984.0,4.9043,59.34
77.914,measure,4984.0,984.0,4.9043,59.44
78.014,measure,4984.0,984.0,4.9043,59.34
78.114,measure,4984.0,984.0,4.9043,59.41
78.214,measure,4984.0,984.0,4.9043,59.47
78.314,measure,4984.0,984.0,4.9043,59.47
78.414,measure,4984.0,976.0,4.8644,59.44
78.515,measure,4984.0,976.0,4.8644,59.41
78.615,measure,4984.0,976.0,4.8644,59.44
78.715,measure,4984.0,976.0,4.8644,59.41
78.815,measure,4984.0,976.0,4.8644,59.41
78.915,measure,4984.0,984.0,4.9043,59.34
79.015,measure,4984.0,976.0,4.8644,59.38
79.115,measure,4984.0,976.0,4.8644,59.50
79.216,measure,4984.0,976.0,4.8644,59.50
79.316,measure,4984.0,976.0,4.8644,59.47
79.416,measure,4984.0,976.0,4.8644,59.41
79.516,measure,4984.0,976.0,4.8644,59.41
79.616,measure,4984.0,976.0,4.8644,59.34
79.716,measure,4984.0,976.0,4.8644,59.38
79.816,measure,4984.0,976.0,4.8644,59.44
79.917,measure,4984.0,976.0,4.8644,59.38
80.017,measure,4984.0,976.0,4.8644,59.53
80.117,measure,4984.0,976.0,4.8644,59.50
80.217,measure,4984.0,976.0,4.8644,59.44
80.317,measure,4984.0,976.0,4.8644,59.44
80.417,measure,4984.0,976.0,4.8644,59.50
80.518,measure,4984.0,976.0,4.8644,59.44
80.618,measure,4984.0,976.0,4.8644,59.31
80.718,measure,4984.0,976.0,4.8644,59.38
80.818,measure,4984.0,976.0,4.8644,59.31
80.918,measure,4984.0,976.0,4.8644,59.53
81.018,measure,4984.0,976.0,4.8644,59.53
81.118,measure,4984.0,976.0,4.8644,59.53
81.219,measure,4984.0,976.0,4.8644,59.41
81.319,measure,4984.0,976.0,4.8644,59.41
81.419,measure,4984.0,976.0,4.8644,59.31
81.519,measure,4984.0,976.0,4.8644,59.41
81.619,measure,4984.0,976.0,4.8644,59.38
81.720,measure,4984.0,976.0,4.8644,59.25
81.820,measure,4984.0,976.0,4.8644,59.34
81.920,measure,4984.0,976.0,4.8644,59.62
82.020,measure,4984.0,976.0,4.8644,59.50
82.120,measure,4984.0,976.0,4.8644,59.41
82.221,measure,4984.0,976.0,4.8644,59.34
82.321,measure,4984.0,976.0,4.8644,59.41
82.421,measure,4984.0,976.0,4.8644,59.41
82.521,measure,4984.0,976.0,4.8644,59.34
82.621,measure,4984.0,976.0,4.8644,59.38
82.721,measure,4984.0,976.0,4.8644,59.34
82.821,measure,4984.0,976.0,4.8644,59.56
82.922,measure,4984.0,976.0,4.8644,59.53
83.022,measure,4984.0,976.0,4.8644,59.41
83.122,measure,4984.0,976.0,4.8644,59.47
83.222,measure,4984.0,976.0,4.8644,59.38
83.322,measure,4984.0,976.0,4.8644,59.41
83.422,measure,4984.0,976.0,4.8644,59.41
83.522,measure,4984.0,976.0,4.8644,59.38
83.623,measure,4984.0,976.0,4.8644,59.34
83.723,measure,4984.0,976.0,4.8644,59.28
83.823,measure,4984.0,976.0,4.8644,59.47
83.923,measure,4984.0,976.0,4.8644,59.44
84.023,measure,4984.0,976.0,4.8644,59.38
84.123,measure,4984.0,976.0,4.8644,59.41
84.223,measure,4984.0,976.0,4.8644,59.41
84.324,measure,4984.0,976.0,4.8644,59.41
84.424,measure,4984.0,976.0,4.8644,59.38
84.524,measure,4984.0,976.0,4.8644,59.38
84.624,measure,4984.0,976.0,4.8644,59.25
84.724,measure,4984.0,976.0,4.8644,59.53
84.824,measure,4984.0,976.0,4.8644,59.41
84.924,measure,4984.0,976.0,4.8644,59.41
85.025,measure,4984.0,976.0,4.8644,59.41
85.125,measure,4984.0,976.0,4.8644,59.38
85.225,measure,4984.0,976.0,4.8644,59.34
85.325,measure,4984.0,976.0,4.8644,59.34
85.425,measure,4984.0,976.0,4.8644,59.34
85.525,measure,4984.0,976.0,4.8644,59.31
85.625,measure,4984.0,984.0,4.9043,59.41
85.726,measure,4984.0,984.0,4.9043,59.50
85.826,measure,4984.0,984.0,4.9043,59.41
85.926,measure,4984.0,984.0,4.9043,59.41
86.026,measure,4984.0,984.0,4.9043,59.38
86.126,measure,4984.0,984.0,4.9043,59.41
86.226,measure,4984.0,984.0,4.9043,59.41
86.326,measure,4984.0,984.0,4.9043,59.31
86.427,measure,4984.0,984.0,4.9043,59.31
86.527,measure,4984.0,984.0,4.9043,59.28
86.627,measure,4984.0,984.0,4.9043,59.44
86.727,measure,4984.0,984.0,4.9043,59.44
86.827,measure,4984.0,984.0,4.9043,59.41
86.927,measure,4984.0,984.0,4.9043,59.41
87.027,measure,4984.0,984.0,4.9043,59.41
87.128,measure,4984.0,984.0,4.9043,59.34
87.228,measure,4984.0,984.0,4.9043,59.38
87.328,measure,4984.0,984.0,4.9043,59.31
87.428,measure,4984.0,984.0,4.9043,59.31
87.528,measure,4984.0,984.0,4.9043,59.44
87.628,measure,4984.0,984.0,4.9043,59.41
87.728,measure,4984.0,984.0,4.9043,59.41
87.828,measure,4984.0,984.0,4.9043,59.41
87.929,measure,4984.0,984.0,4.9043,59.41
88.029,measure,4984.0,984.0,4.9043,59.31
88.129,measure,4984.0,984.0,4.9043,59.34
88.229,measure,4984.0,984.0,4.9043,59.31
88.329,measure,4984.0,984.0,4.9043,59.31
88.429,measure,4984.0,984.0,4.9043,59.44
88.529,measure,4984.0,984.0,4.9043,59.44
88.630,measure,4984.0,984.0,4.9043,59.38
88.730,measure,4984.0,984.0,4.9043,59.41
88.830,measure,4984.0,976.0,4.8644,59.41
88.930,measure,4984.0,976.0,4.8644,59.31
89.030,measure,4984.0,976.0,4.8644,59.41
89.130,measure,4984.0,976.0,4.8644,59.31
89.230,measure,4984.0,976.0,4.8644,59.38
89.330,measure,4984.0,976.0,4.8644,59.53
89.431,measure,4984.0,976.0,4.8644,59.41
89.531,measure,4984.0,976.0,4.8644,59.41
89.631,measure,4984.0,976.0,4.8644,59.47
89.731,measure,4984.0,976.0,4.8644,59.31
89.831,measure,4984.0,976.0,4.8644,59.34
89.931,measure,4984.0,976.0,4.8644,59.38
90.031,measure,4984.0,976.0,4.8644,59.34
90.132,measure,4984.0,976.0,4.8644,59.34
90.232,measure,4984.0,976.0,4.8644,59.53
90.332,measure,4984.0,976.0,4.8644,59.44
90.432,measure,4984.0,976.0,4.8644,59.41
90.532,measure,4984.0,976.0,4.8644,59.38
90.632,measure,4984.0,976.0,4.8644,59.38
90.732,measure,4984.0,976.0,4.8644,59.31
90.832,measure,4984.0,976.0,4.8644,59.31
90.933,measure,4984.0,976.0,4.8644,59.28
91.033,measure,4984.0,976.0,4.8644,59.50
91.133,measure,4984.0,976.0,4.8644,59.53
91.233,measure,4984.0,976.0,4.8644,59.53
91.333,measure,4984.0,976.0,4.8644,59.41
91.433,measure,4984.0,976.0,4.8644,59.38
91.533,measure,4984.0,976.0,4.8644,59.34
91.634,measure,4984.0,976.0,4.8644,59.41
91.734,measure,4984.0,976.0,4.8644,59.31
91.834,measure,4984.0,976.0,4.8644,59.38
91.934,measure,4984.0,976.0,4.8644,59.59
92.034,measure,4984.0,976.0,4.8644,59.53
92.134,measure,4984.0,976.0,4.8644,59.47
92.234,measure,4984.0,976.0,4.8644,59.41
92.335,measure,4984.0,976.0,4.8644,59.41
92.435,measure,4984.0,976.0,4.8644,59.41
92.535,measure,4984.0,976.0,4.8644,59.31
92.635,measure,4984.0,976.0,4.8644,59.38
92.735,measure,4984.0,976.0,4.8644,59.34
92.835,measure,4984.0,976.0,4.8644,59.38
92.935,measure,4984.0,976.0,4.8644,59.56
93.035,measure,4984.0,976.0,4.8644,59.53
93.136,measure,4984.0,976.0,4.8644,59.41
93.236,measure,4984.0,976.0,4.8644,59.41
93.336,measure,4984.0,976.0,4.8644,59.38
93.436,measure,4984.0,976.0,4.8644,59.41
93.536,measure,4984.0,976.0,4.8644,59.28
93.636,measure,4984.0,976.0,4.8644,59.34
93.736,measure,4984.0,976.0,4.8644,59.56
93.837,measure,4984.0,976.0,4.8644,59.50
93.937,measure,4984.0,976.0,4.8644,59.50
94.037,measure,4984.0,976.0,4.8644,59.41
94.137,measure,4984.0,976.0,4.8644,59.38
94.237,measure,4984.0,976.0,4.8644,59.38
94.337,measure,4984.0,976.0,4.8644,59.38
94.437,measure,4984.0,976.0,4.8644,59.31
94.538,measure,4984.0,976.0,4.8644,59.38
94.638,measure,4984.0,976.0,4.8644,59.53
94.738,measure,4984.0,976.0,4.8644,59.53
94.838,measure,4984.0,984.0,4.9043,59.59
94.938,measure,4984.0,984.0,4.9043,59.41
95.038,measure,4984.0,984.0,4.9043,59.47
95.138,measure,4984.0,976.0,4.8644,59.34
95.238,measure,4984.0,984.0,4.9043,59.44
95.339,measure,4984.0,984.0,4.9043,59.41
95.439,measure,4984.0,984.0,4.9043,59.31
95.539,measure,4984.0,984.0,4.9043,59.41
95.639,measure,4984.0,984.0,4.9043,59.47
95.739,measure,4984.0,976.0,4.8644,59.53
95.839,measure,4984.0,984.0,4.9043,59.41
95.940,measure,4984.0,984.0,4.9043,59.34
96.040,measure,4984.0,976.0,4.8644,59.41
96.140,measure,4984.0,976.0,4.8644,59.38
96.240,measure,4984.0,984.0,4.9043,59.38
96.340,measure,4984.0,976.0,4.8644,59.41
96.440,measure,4984.0,984.0,4.9043,59.38
96.540,measure,4984.0,976.0,4.8644,59.56
96.640,measure,4984.0,976.0,4.8644,59.53
96.741,measure,4984.0,976.0,4.8644,59.41
96.841,measure,4984.0,976.0,4.8644,59.41
96.941,measure,4984.0,976.0,4.8644,59.34
97.041,measure,4984.0,976.0,4.8644,59.41
97.141,measure,4984.0,984.0,4.9043,59.41
97.241,measure,4984.0,984.0,4.9043,59.41
97.341,measure,4984.0,984.0,4.9043,59.31
97.442,measure,4984.0,984.0,4.9043,59.38
97.542,measure,4984.0,984.0,4.9043,59.56
97.642,measure,4984.0,984.0,4.9043,59.41
97.742,measure,4984.0,984.0,4.9043,59.41
97.842,measure,4984.0,984.0,4.9043,59.44
97.942,measure,4984.0,984.0,4.9043,59.41
98.042,measure,4984.0,984.0,4.9043,59.34
98.143,measure,4984.0,984.0,4.9043,59.38
98.243,measure,4984.0,984.0,4.9043,59.28
98.343,measure,4984.0,984.0,4.9043,59.22
98.443,measure,4984.0,984.0,4.9043,59.50
98.543,measure,4984.0,984.0,4.9043,59.41
98.643,measure,4984.0,984.0,4.9043,59.47
98.743,measure,4984.0,984.0,4.9043,59.41
98.844,measure,4984.0,976.0,4.8644,59.38
98.944,measure,4984.0,976.0,4.8644,59.38
99.044,measure,4984.0,976.0,4.8644,59.38
99.144,measure,4984.0,976.0,4.8644,59.28
99.244,measure,4984.0,976.0,4.8644,59.34
99.344,measure,4984.0,976.0,4.8644,59.50
99.444,measure,4984.0,984.0,4.9043,59.41
99.545,measure,4984.0,976.0,4.8644,59.41
99.645,measure,4984.0,984.0,4.9043,59.38
99.745,measure,4984.0,976.0,4.8644,59.41
99.845,measure,4984.0,976.0,4.8644,59.38
99.945,measure,4984.0,976.0,4.8644,59.34
100.045,measure,4984.0,976.0,4.8644,59.38
100.145,measure,4984.0,976.0,4.8644,59.38
100.245,measure,4984.0,976.0,4.8644,59.53
100.346,measure,4984.0,984.0,4.9043,59.53
100.446,measure,4984.0,984.0,4.9043,59.44
100.546,measure,4984.0,976.0,4.8644,59.41
100.646,measure,4984.0,976.0,4.8644,59.41
100.746,measure,4984.0,976.0,4.8644,59.38
100.846,measure,4984.0,976.0,4.8644,59.41
100.946,measure,4984.0,976.0,4.8644,59.38
101.047,measure,4984.0,976.0,4.8644,59.38
101.147,measure,4984.0,976.0,4.8644,59.34
101.247,measure,4984.0,976.0,4.8644,59.41
101.347,measure,4984.0,976.0,4.8644,59.41
101.447,measure,4984.0,984.0,4.9043,59.41
101.547,measure,4984.0,984.0,4.9043,59.41
101.647,measure,4984.0,984.0,4.9043,59.38
101.748,measure,4984.0,984.0,4.9043,59.38
101.848,measure,4984.0,984.0,4.9043,59.34
101.948,measure,4984.0,976.0,4.8644,59.38
102.048,measure,4984.0,984.0,4.9043,59.31
102.148,measure,4984.0,976.0,4.8644,59.47
102.248,measure,4984.0,984.0,4.9043,59.50
102.348,measure,4984.0,976.0,4.8644,59.34
102.449,measure,4984.0,984.0,4.9043,59.34
102.549,measure,4984.0,984.0,4.9043,59.41
102.649,measure,4984.0,984.0,4.9043,59.34
102.749,measure,4984.0,984.0,4.9043,59.38
102.849,measure,4984.0,984.0,4.9043,59.38
102.949,measure,4984.0,984.0,4.9043,59.34
103.049,measure,4984.0,984.0,4.9043,59.28
103.150,measure,4984.0,984.0,4.9043,59.50
103.250,measure,4984.0,984.0,4.9043,59.44
103.350,measure,4984.0,984.0,4.9043,59.44
103.450,measure,4984.0,984.0,4.9043,59.34
103.550,measure,4984.0,984.0,4.9043,59.34
103.650,measure,4984.0,984.0,4.9043,59.34
103.750,measure,4984.0,976.0,4.8644,59.38
103.851,measure,4984.0,984.0,4.9043,59.41
103.951,measure,4984.0,976.0,4.8644,59.50
104.051,measure,4984.0,984.0,4.9043,59.44
104.151,measure,4984.0,976.0,4.8644,59.34
104.251,measure,4984.0,984.0,4.9043,59.38
104.351,measure,4984.0,976.0,4.8644,59.41
104.451,measure,4984.0,984.0,4.9043,59.41
104.552,measure,4984.0,984.0,4.9043,59.38
104.652,measure,4984.0,984.0,4.9043,59.31
104.752,measure,4984.0,976.0,4.8644,59.31
104.852,measure,4984.0,984.0,4.9043,59.50
104.952,measure,4984.0,976.0,4.8644,59.47
105.052,measure,4984.0,984.0,4.9043,59.41
105.152,measure,4984.0,976.0,4.8644,59.41
105.253,measure,4984.0,984.0,4.9043,59.41
105.353,measure,4984.0,984.0,4.9043,59.38
105.453,measure,4984.0,984.0,4.9043,59.38
105.554,measure,4984.0,984.0,4.9043,59.38
105.654,measure,4984.0,984.0,4.9043,59.41
105.754,measure,4984.0,984.0,4.9043,59.44
105.854,measure,4984.0,984.0,4.9043,59.47
105.954,measure,4984.0,984.0,4.9043,59.41
106.054,measure,4984.0,984.0,4.9043,59.41
106.154,measure,4984.0,984.0,4.9043,59.41
106.255,measure,4984.0,984.0,4.9043,59.31
106.355,measure,4984.0,984.0,4.9043,59.31
106.455,measure,4984.0,984.0,4.9043,59.28
106.555,measure,4984.0,984.0,4.9043,59.41
106.655,measure,4984.0,984.0,4.9043,59.50
106.755,measure,4984.0,984.0,4.9043,59.44
106.855,measure,4984.0,984.0,4.9043,59.47
106.956,measure,4984.0,984.0,4.9043,59.41
107.056,measure,4984.0,984.0,4.9043,59.44
107.156,measure,4984.0,984.0,4.9043,59.34
107.256,measure,4984.0,984.0,4.9043,59.34
107.356,measure,4984.0,984.0,4.9043,59.38
107.456,measure,4984.0,984.0,4.9043,59.28
107.556,measure,4984.0,984.0,4.9043,59.50
107.657,measure,4984.0,984.0,4.9043,59.56
107.757,measure,4984.0,984.0,4.9043,59.47
107.857,measure,4984.0,984.0,4.9043,59.41
107.957,measure,4984.0,984.0,4.9043,59.44
108.057,measure,4984.0,984.0,4.9043,59.31
108.157,measure,4984.0,984.0,4.9043,59.31
108.257,measure,4984.0,984.0,4.9043,59.38
108.358,measure,4984.0,984.0,4.9043,59.38
108.458,measure,4984.0,984.0,4.9043,59.47
108.558,measure,4984.0,984.0,4.9043,59.50
108.658,measure,4984.0,984.0,4.9043,59.44
108.758,measure,4984.0,984.0,4.9043,59.44
108.858,measure,4984.0,984.0,4.9043,59.41
108.958,measure,4984.0,984.0,4.9043,59.41
109.058,measure,4984.0,984.0,4.9043,59.38
109.159,measure,4984.0,984.0,4.9043,59.38
109.259,measure,4984.0,976.0,4.8644,59.31
109.359,measure,4984.0,984.0,4.9043,59.38
109.459,measure,4984.0,984.0,4.9043,59.50
109.559,measure,4984.0,984.0,4.9043,59.47
109.659,measure,4984.0,992.0,4.9441,59.44
109.759,measure,4984.0,984.0,4.9043,59.44
109.860,measure,4984.0,984.0,4.9043,59.38
109.960,measure,4984.0,984.0,4.9043,59.38
110.060,measure,4984.0,984.0,4.9043,59.28
110.160,measure,4984.0,984.0,4.9043,59.41
110.260,measure,4984.0,984.0,4.9043,59.53
110.360,measure,4984.0,984.0,4.9043,59.53
110.460,measure,4984.0,984.0,4.9043,59.50
110.561,measure,4984.0,984.0,4.9043,59.44
110.661,measure,4984.0,984.0,4.9043,59.38
110.761,measure,4984.0,984.0,4.9043,59.34
110.861,measure,4984.0,984.0,4.9043,59.34
110.961,measure,4984.0,984.0,4.9043,59.34
111.061,measure,4984.0,984.0,4.9043,59.34
111.161,measure,4984.0,984.0,4.9043,59.59
111.262,measure,4984.0,984.0,4.9043,59.59
111.362,measure,4984.0,984.0,4.9043,59.53
111.462,measure,4984.0,984.0,4.9043,59.44
111.562,measure,4984.0,984.0,4.9043,59.41
111.662,measure,4984.0,984.0,4.9043,59.31
111.762,measure,4984.0,984.0,4.9043,59.34
111.862,measure,4984.0,984.0,4.9043,59.31
111.963,measure,4984.0,984.0,4.9043,59.41
112.063,measure,4984.0,984.0,4.9043,59.34
112.163,measure,4984.0,984.0,4.9043,59.53
112.263,measure,4984.0,984.0,4.9043,59.50
112.363,measure,4984.0,984.0,4.9043,59.41
112.463,measure,4984.0,984.0,4.9043,59.47
112.563,measure,4984.0,984.0,4.9043,59.44
112.664,measure,4984.0,984.0,4.9043,59.41
112.764,measure,4984.0,984.0,4.9043,59.38
112.864,measure,4984.0,984.0,4.9043,59.38
112.964,measure,4984.0,984.0,4.9043,59.31
113.064,measure,4984.0,984.0,4.9043,59.53
113.164,measure,4984.0,984.0,4.9043,59.50
113.264,measure,4984.0,984.0,4.9043,59.41
113.364,measure,4984.0,984.0,4.9043,59.44
113.465,measure,4984.0,984.0,4.9043,59.34
113.565,measure,4984.0,984.0,4.9043,59.44
113.665,measure,4984.0,984.0,4.9043,59.34
113.765,measure,4984.0,984.0,4.9043,59.38
113.865,measure,4984.0,976.0,4.8644,59.34
113.965,measure,4984.0,976.0,4.8644,59.31
114.065,measure,4984.0,976.0,4.8644,59.50
114.166,measure,4984.0,976.0,4.8644,59.44
114.266,measure,4984.0,976.0,4.8644,59.44
114.366,measure,4984.0,976.0,4.8644,59.41
114.466,measure,4984.0,976.0,4.8644,59.34
114.566,measure,4984.0,976.0,4.8644,59.34
114.666,measure,4984.0,976.0,4.8644,59.38
114.766,measure,4984.0,976.0,4.8644,59.38
114.867,measure,4984.0,976.0,4.8644,59.31
114.967,measure,4984.0,976.0,4.8644,59.53
115.067,measure,4984.0,976.0,4.8644,59.41
115.167,measure,4984.0,976.0,4.8644,59.41
115.267,measure,4984.0,976.0,4.8644,59.44
115.367,measure,4984.0,976.0,4.8644,59.41
115.467,measure,4984.0,976.0,4.8644,59.31
115.568,measure,4984.0,976.0,4.8644,59.31
115.668,measure,4984.0,976.0,4.8644,59.31
115.768,measure,4984.0,984.0,4.9043,59.28
115.868,measure,4984.0,976.0,4.8644,59.56
115.968,measure,4984.0,976.0,4.8644,59.47
116.068,measure,4984.0,976.0,4.8644,59.41
116.168,measure,4984.0,976.0,4.8644,59.44
116.269,measure,4984.0,976.0,4.8644,59.41
116.369,measure,4984.0,976.0,4.8644,59.38
116.469,measure,4984.0,976.0,4.8644,59.34
116.569,measure,4984.0,976.0,4.8644,59.34
116.669,measure,4984.0,976.0,4.8644,59.34
116.769,measure,4984.0,984.0,4.9043,59.53
116.869,measure,4984.0,976.0,4.8644,59.41
116.970,measure,4984.0,976.0,4.8644,59.47
117.070,measure,4984.0,976.0,4.8644,59.44
117.170,measure,4984.0,976.0,4.8644,59.34
117.270,measure,4984.0,976.0,4.8644,59.41
117.370,measure,4984.0,976.0,4.8644,59.38
117.470,measure,4984.0,976.0,4.8644,59.34
117.570,measure,4984.0,976.0,4.8644,59.38
117.670,measure,4984.0,976.0,4.8644,59.47
117.771,measure,4984.0,976.0,4.8644,59.47
117.871,measure,4984.0,976.0,4.8644,59.50
117.971,measure,4984.0,976.0,4.8644,59.38
118.071,measure,4984.0,976.0,4.8644,59.44
118.171,measure,4984.0,976.0,4.8644,59.38
118.271,measure,4984.0,976.0,4.8644,59.28
118.371,measure,4984.0,976.0,4.8644,59.31
118.471,measure,4984.0,976.0,4.8644,59.34
118.572,measure,4984.0,976.0,4.8644,59.47
118.672,measure,4984.0,976.0,4.8644,59.47
118.772,measure,4984.0,976.0,4.8644,59.47
118.872,measure,4984.0,976.0,4.8644,59.47
118.972,measure,4984.0,976.0,4.8644,59.34
119.072,measure,4984.0,976.0,4.8644,59.31
119.172,measure,4984.0,976.0,4.8644,59.34
119.273,measure,4984.0,984.0,4.9043,59.38
119.373,measure,4984.0,976.0,4.8644,59.34
119.473,measure,4984.0,976.0,4.8644,59.50
119.573,measure,4984.0,976.0,4.8644,59.44
119.673,measure,4984.0,976.0,4.8644,59.47
119.773,measure,4984.0,976.0,4.8644,59.47
119.873,measure,4984.0,976.0,4.8644,59.41
119.974,measure,4984.0,976.0,4.8644,59.41
120.074,measure,4984.0,976.0,4.8644,59.34
120.174,measure,4984.0,984.0,4.9043,59.28
120.274,measure,4984.0,976.0,4.8644,59.34
120.374,measure,4984.0,976.0,4.8644,59.47
120.474,measure,4984.0,976.0,4.8644,59.44
120.574,measure,4984.0,976.0,4.8644,59.47
120.675,measure,4984.0,976.0,4.8644,59.41
120.775,measure,4984.0,976.0,4.8644,59.38
120.875,measure,4984.0,976.0,4.8644,59.38
120.975,measure,4984.0,976.0,4.8644,59.38
121.075,measure,4984.0,984.0,4.9043,59.38
121.175,measure,4984.0,984.0,4.9043,59.38
121.275,measure,4984.0,976.0,4.8644,59.47
121.376,measure,4984.0,976.0,4.8644,59.47
121.476,measure,4984.0,976.0,4.8644,59.44
121.576,measure,4984.0,976.0,4.8644,59.47
121.676,measure,4984.0,984.0,4.9043,59.41
121.776,measure,4984.0,976.0,4.8644,59.41
121.876,measure,4984.0,976.0,4.8644,59.38
121.976,measure,4984.0,984.0,4.9043,59.38
122.076,measure,4984.0,976.0,4.8644,59.34
122.177,measure,4984.0,976.0,4.8644,59.53
122.277,measure,4984.0,976.0,4.8644,59.50
122.377,measure,4984.0,976.0,4.8644,59.56
122.477,measure,4984.0,976.0,4.8644,59.38
122.577,measure,4984.0,976.0,4.8644,59.50
122.677,measure,4984.0,976.0,4.8644,59.41
122.777,measure,4984.0,976.0,4.8644,59.34
122.878,measure,4984.0,984.0,4.9043,59.38
122.978,measure,4984.0,984.0,4.9043,59.38
123.078,measure,4984.0,984.0,4.9043,59.50
123.178,measure,4984.0,984.0,4.9043,59.53
123.278,measure,4984.0,976.0,4.8644,59.47
123.378,measure,4984.0,984.0,4.9043,59.41
123.478,measure,4984.0,976.0,4.8644,59.41
123.579,measure,4984.0,976.0,4.8644,59.41
123.679,measure,4984.0,976.0,4.8644,59.38
123.779,measure,4984.0,984.0,4.9043,59.41
123.879,measure,4984.0,976.0,4.8644,59.34
123.979,measure,4984.0,984.0,4.9043,59.50
124.079,measure,4984.0,976.0,4.8644,59.53
124.179,measure,4984.0,976.0,4.8644,59.50
124.280,measure,4984.0,976.0,4.8644,59.41
124.380,measure,4984.0,976.0,4.8644,59.34
124.480,measure,4984.0,976.0,4.8644,59.44
124.580,measure,4984.0,976.0,4.8644,59.34
124.680,measure,4984.0,976.0,4.8644,59.38
124.780,measure,4984.0,976.0,4.8644,59.31
124.880,measure,4984.0,976.0,4.8644,59.62
124.981,measure,4984.0,976.0,4.8644,59.56
125.081,measure,4984.0,976.0,4.8644,59.56
125.181,measure,4984.0,976.0,4.8644,59.44
125.281,measure,4984.0,976.0,4.8644,59.47
125.381,measure,4984.0,976.0,4.8644,59.38
125.481,measure,4984.0,976.0,4.8644,59.41
125.581,measure,4984.0,976.0,4.8644,59.34
125.682,measure,4984.0,976.0,4.8644,59.41
125.782,measure,4984.0,976.0,4.8644,59.38
125.882,measure,4984.0,976.0,4.8644,59.53
125.982,measure,4984.0,984.0,4.9043,59.50
126.082,measure,4984.0,976.0,4.8644,59.44
126.182,measure,4984.0,984.0,4.9043,59.47
126.282,measure,4984.0,976.0,4.8644,59.44
126.383,measure,4984.0,976.0,4.8644,59.34
126.483,measure,4984.0,976.0,4.8644,59.41
126.583,measure,4984.0,984.0,4.9043,59.38
126.683,measure,4984.0,976.0,4.8644,59.38
126.783,measure,4984.0,984.0,4.9043,59.50
126.883,measure,4984.0,984.0,4.9043,59.53
126.984,measure,4984.0,984.0,4.9043,59.50
127.084,measure,4984.0,984.0,4.9043,59.41
127.184,measure,4984.0,984.0,4.9043,59.41
127.284,measure,4984.0,984.0,4.9043,59.44
127.384,measure,4984.0,984.0,4.9043,59.38
127.484,measure,4984.0,984.0,4.9043,59.41
127.585,measure,4984.0,984.0,4.9043,59.28
127.685,measure,4984.0,976.0,4.8644,59.28
127.785,measure,4984.0,984.0,4.9043,59.50
127.885,measure,4984.0,984.0,4.9043,59.44
127.985,measure,4984.0,984.0,4.9043,59.44
128.085,measure,4984.0,984.0,4.9043,59.47
128.185,measure,4984.0,984.0,4.9043,59.38
128.286,measure,4984.0,984.0,4.9043,59.41
128.386,measure,4984.0,984.0,4.9043,59.41
128.486,measure,4984.0,984.0,4.9043,59.31
128.587,measure,4984.0,984.0,4.9043,59.34
128.687,measure,4984.0,984.0,4.9043,59.59
128.787,measure,4984.0,984.0,4.9043,59.47
128.887,measure,4984.0,984.0,4.9043,59.44
128.987,measure,4984.0,984.0,4.9043,59.34
129.088,measure,4984.0,984.0,4.9043,59.41
129.188,measure,4984.0,984.0,4.9043,59.41
129.288,measure,4984.0,984.0,4.9043,59.41
129.388,measure,4984.0,984.0,4.9043,59.38
129.488,measure,4984.0,984.0,4.9043,59.38
129.588,measure,4984.0,984.0,4.9043,59.56
129.688,measure,4984.0,984.0,4.9043,59.62
129.789,measure,4984.0,984.0,4.9043,59.47
129.889,measure,4984.0,984.0,4.9043,59.41
129.989,measure,4984.0,984.0,4.9043,59.38
130.089,measure,4984.0,984.0,4.9043,59.38
130.189,measure,4984.0,984.0,4.9043,59.38
130.289,measure,4984.0,984.0,4.9043,59.34
130.389,measure,4984.0,984.0,4.9043,59.41
130.490,measure,4984.0,984.0,4.9043,59.34
130.590,measure,4984.0,984.0,4.9043,59.56
130.690,measure,4984.0,984.0,4.9043,59.50
130.790,measure,4984.0,984.0,4.9043,59.41
130.890,measure,4984.0,984.0,4.9043,59.28
130.990,measure,4984.0,984.0,4.9043,59.34
131.090,measure,4984.0,984.0,4.9043,59.41
131.191,measure,4984.0,984.0,4.9043,59.34
131.291,measure,4984.0,984.0,4.9043,59.38
131.391,measure,4984.0,984.0,4.9043,59.41
131.491,measure,4984.0,984.0,4.9043,59.50
131.591,measure,4984.0,984.0,4.9043,59.50
131.691,measure,4984.0,984.0,4.9043,59.41
131.791,measure,4984.0,984.0,4.9043,59.41
131.892,measure,4984.0,984.0,4.9043,59.38
131.992,measure,4984.0,984.0,4.9043,59.41
132.092,measure,4984.0,984.0,4.9043,59.41
132.192,measure,4984.0,984.0,4.9043,59.28
132.292,measure,4984.0,984.0,4.9043,59.31
132.392,measure,4984.0,984.0,4.9043,59.38
132.492,measure,4984.0,984.0,4.9043,59.50
132.592,measure,4984.0,984.0,4.9043,59.41
132.693,measure,4984.0,984.0,4.9043,59.41
132.793,measure,4984.0,984.0,4.9043,59.41
132.893,measure,4984.0,984.0,4.9043,59.41
132.993,measure,4984.0,984.0,4.9043,59.28
133.093,measure,4984.0,984.0,4.9043,59.34
133.193,measure,4984.0,984.0,4.9043,59.34
133.293,measure,4984.0,984.0,4.9043,59.38
133.393,measure,4984.0,984.0,4.9043,59.41
133.494,measure,4984.0,984.0,4.9043,59.41
133.594,measure,4984.0,984.0,4.9043,59.41
133.694,measure,4984.0,984.0,4.9043,59.38
133.794,measure,4984.0,984.0,4.9043,59.41
133.894,measure,4984.0,984.0,4.9043,59.31
133.994,measure,4984.0,976.0,4.8644,59.38
134.094,measure,4984.0,976.0,4.8644,59.34
134.195,measure,4984.0,984.0,4.9043,59.31
134.295,measure,4984.0,984.0,4.9043,59.53
134.395,measure,4984.0,976.0,4.8644,59.41
134.495,measure,4984.0,984.0,4.9043,59.41
134.595,measure,4984.0,984.0,4.9043,59.38
134.695,measure,4984.0,984.0,4.9043,59.41
134.795,measure,4984.0,984.0,4.9043,59.34
134.895,measure,4984.0,984.0,4.9043,59.41
134.996,measure,4984.0,984.0,4.9043,59.28
135.096,measure,4984.0,984.0,4.9043,59.34
135.196,measure,4984.0,984.0,4.9043,59.44
135.296,measure,4984.0,984.0,4.9043,59.50
135.396,measure,4984.0,984.0,4.9043,59.38
135.496,measure,4984.0,984.0,4.9043,59.41
135.596,measure,4984.0,984.0,4.9043,59.34
135.697,measure,4984.0,984.0,4.9043,59.34
135.797,measure,4984.0,984.0,4.9043,59.34
135.897,measure,4984.0,984.0,4.9043,59.38
135.997,measure,4984.0,984.0,4.9043,59.34
136.097,measure,4984.0,984.0,4.9043,59.47
136.197,measure,4984.0,984.0,4.9043,59.44
136.297,measure,4984.0,984.0,4.9043,59.38
136.397,measure,4984.0,984.0,4.9043,59.38
136.497,measure,4984.0,984.0,4.9043,59.34
136.598,measure,4984.0,976.0,4.8644,59.31
136.698,measure,4984.0,976.0,4.8644,59.41
136.798,measure,4984.0,976.0,4.8644,59.28
136.898,measure,4984.0,976.0,4.8644,59.53
136.998,measure,4984.0,976.0,4.8644,59.41
137.098,measure,4984.0,976.0,4.8644,59.44
137.198,measure,4984.0,976.0,4.8644,59.41
137.299,measure,4984.0,984.0,4.9043,59.41
137.399,measure,4984.0,976.0,4.8644,59.41
137.499,measure,4984.0,976.0,4.8644,59.31
137.599,measure,4984.0,976.0,4.8644,59.34
137.699,measure,4984.0,976.0,4.8644,59.34
137.799,measure,4984.0,976.0,4.8644,59.47
137.899,measure,4984.0,976.0,4.8644,59.44
137.999,measure,4984.0,976.0,4.8644,59.44
138.100,measure,4984.0,976.0,4.8644,59.38
138.200,measure,4984.0,976.0,4.8644,59.41
138.300,measure,4984.0,984.0,4.9043,59.31
138.400,measure,4984.0,984.0,4.9043,59.31
138.500,measure,4984.0,976.0,4.8644,59.38
138.600,measure,4984.0,976.0,4.8644,59.28
138.700,measure,4984.0,984.0,4.9043,59.50
138.801,measure,4984.0,976.0,4.8644,59.50
138.901,measure,4984.0,976.0,4.8644,59.47
139.001,measure,4984.0,976.0,4.8644,59.41
139.101,measure,4984.0,976.0,4.8644,59.41
139.201,measure,4984.0,976.0,4.8644,59.34
139.301,measure,4984.0,984.0,4.9043,59.41
139.401,measure,4984.0,976.0,4.8644,59.41
139.501,measure,4984.0,976.0,4.8644,59.38
139.602,measure,4984.0,976.0,4.8644,59.59
139.702,measure,4984.0,976.0,4.8644,59.50
139.802,measure,4984.0,976.0,4.8644,59.50
139.902,measure,4984.0,976.0,4.8644,59.44
140.002,measure,4984.0,976.0,4.8644,59.41
140.102,measure,4984.0,976.0,4.8644,59.28
140.202,measure,4984.0,976.0,4.8644,59.38
140.303,measure,4984.0,984.0,4.9043,59.34
140.403,measure,4984.0,976.0,4.8644,59.41
140.503,measure,4984.0,976.0,4.8644,59.56
140.603,measure,4984.0,976.0,4.8644,59.56
140.703,measure,4984.0,976.0,4.8644,59.50
140.803,measure,4984.0,976.0,4.8644,59.34
140.903,measure,4984.0,976.0,4.8644,59.44
141.004,measure,4984.0,976.0,4.8644,59.38
141.104,measure,4984.0,976.0,4.8644,59.34
141.204,measure,4984.0,976.0,4.8644,59.31
141.304,measure,4984.0,984.0,4.9043,59.38
141.404,measure,4984.0,976.0,4.8644,59.31
141.504,measure,4984.0,976.0,4.8644,59.47
141.604,measure,4984.0,976.0,4.8644,59.56
141.705,measure,4984.0,976.0,4.8644,59.41
141.805,measure,4984.0,976.0,4.8644,59.41
141.905,measure,4984.0,976.0,4.8644,59.41
142.005,measure,4984.0,976.0,4.8644,59.34
142.105,measure,4984.0,976.0,4.8644,59.38
142.205,measure,4984.0,976.0,4.8644,59.31
142.305,measure,4984.0,976.0,4.8644,59.31
142.405,measure,4984.0,976.0,4.8644,59.50
142.505,measure,4984.0,976.0,4.8644,59.50
142.606,measure,4984.0,976.0,4.8644,59.41
142.706,measure,4984.0,976.0,4.8644,59.38
142.806,measure,4984.0,976.0,4.8644,59.41
142.906,measure,4984.0,976.0,4.8644,59.31
143.006,measure,4984.0,976.0,4.8644,59.38
143.106,measure,4984.0,976.0,4.8644,59.28
143.206,measure,4984.0,976.0,4.8644,59.25
143.307,measure,4984.0,976.0,4.8644,59.59
143.407,measure,4984.0,976.0,4.8644,59.44
143.507,measure,4984.0,976.0,4.8644,59.41
143.607,measure,4984.0,976.0,4.8644,59.44
143.707,measure,4984.0,976.0,4.8644,59.41
143.807,measure,4984.0,976.0,4.8644,59.31
143.907,measure,4984.0,976.0,4.8644,59.38
144.008,measure,4984.0,976.0,4.8644,59.34
144.108,measure,4984.0,976.0,4.8644,59.34
144.208,measure,4984.0,976.0,4.8644,59.28
144.308,measure,4984.0,976.0,4.8644,59.41
144.408,measure,4984.0,976.0,4.8644,59.38
144.508,measure,4984.0,976.0,4.8644,59.41
144.608,measure,4984.0,976.0,4.8644,59.41
144.708,measure,4984.0,976.0,4.8644,59.34
144.809,measure,4984.0,976.0,4.8644,59.31
144.909,measure,4984.0,976.0,4.8644,59.34
145.009,measure,4984.0,976.0,4.8644,59.25
145.109,measure,4984.0,976.0,4.8644,59.25
145.209,measure,4984.0,976.0,4.8644,59.47
145.309,measure,4984.0,976.0,4.8644,59.41
145.409,measure,4984.0,976.0,4.8644,59.50
145.509,measure,4984.0,976.0,4.8644,59.41
145.610,measure,4984.0,976.0,4.8644,59.41
145.710,measure,4984.0,976.0,4.8644,59.34
145.810,measure,4984.0,976.0,4.8644,59.34
145.910,measure,4984.0,976.0,4.8644,59.31
146.010,measure,4984.0,976.0,4.8644,59.31
146.110,measure,4984.0,976.0,4.8644,59.50
146.210,measure,4984.0,976.0,4.8644,59.44
146.311,measure,4984.0,976.0,4.8644,59.47
146.411,measure,4984.0,976.0,4.8644,59.34
146.511,measure,4984.0,976.0,4.8644,59.38
146.611,measure,4984.0,976.0,4.8644,59.31
146.711,measure,4984.0,984.0,4.9043,59.28
146.811,measure,4984.0,976.0,4.8644,59.25
146.911,measure,4984.0,976.0,4.8644,59.28
147.012,measure,4984.0,976.0,4.8644,59.41
147.112,measure,4984.0,976.0,4.8644,59.41
147.212,measure,4984.0,976.0,4.8644,59.41
147.312,measure,4984.0,976.0,4.8644,59.41
147.412,measure,4984.0,976.0,4.8644,59.41
147.512,measure,4984.0,984.0,4.9043,59.34
147.612,measure,4984.0,976.0,4.8644,59.34
147.713,measure,4984.0,984.0,4.9043,59.28
147.813,measure,4984.0,976.0,4.8644,59.34
147.913,measure,4984.0,976.0,4.8644,59.41
148.013,measure,4984.0,976.0,4.8644,59.47
148.113,measure,4984.0,984.0,4.9043,59.41
148.213,measure,4984.0,976.0,4.8644,59.34
148.313,measure,4984.0,984.0,4.9043,59.41
148.414,measure,4984.0,976.0,4.8644,59.38
148.514,measure,4984.0,984.0,4.9043,59.34
148.614,measure,4984.0,984.0,4.9043,59.25
148.714,measure,4984.0,984.0,4.9043,59.25
148.814,measure,4984.0,976.0,4.8644,59.44
148.914,measure,4984.0,976.0,4.8644,59.41
149.014,measure,4984.0,976.0,4.8644,59.41
149.114,measure,4984.0,976.0,4.8644,59.38
149.215,measure,4984.0,976.0,4.8644,59.28
149.315,measure,4984.0,976.0,4.8644,59.31
149.415,measure,4984.0,976.0,4.8644,59.31
149.515,measure,4984.0,984.0,4.9043,59.28
149.615,measure,4984.0,984.0,4.9043,59.25
149.715,measure,4984.0,984.0,4.9043,59.53
149.815,measure,4984.0,984.0,4.9043,59.47
149.916,measure,4984.0,984.0,4.9043,59.47
150.016,measure,4984.0,976.0,4.8644,59.38
150.116,measure,4984.0,976.0,4.8644,59.41
150.216,measure,4984.0,976.0,4.8644,59.31
150.316,measure,4984.0,984.0,4.9043,59.25
150.416,measure,4984.0,976.0,4.8644,59.31
150.516,measure,4984.0,984.0,4.9043,59.31
150.617,measure,4984.0,984.0,4.9043,59.50
150.717,measure,4984.0,984.0,4.9043,59.47
150.817,measure,4984.0,984.0,4.9043,59.38
150.917,measure,4984.0,984.0,4.9043,59.41
151.017,measure,4984.0,976.0,4.8644,59.38
151.117,measure,4984.0,984.0,4.9043,59.34
151.217,measure,4984.0,976.0,4.8644,59.31
151.317,measure,4984.0,976.0,4.8644,59.31
151.418,measure,4984.0,976.0,4.8644,59.34
151.518,measure,4984.0,984.0,4.9043,59.50
151.618,measure,4984.0,984.0,4.9043,59.41
151.718,measure,4984.0,984.0,4.9043,59.44
151.818,measure,4984.0,976.0,4.8644,59.41
151.918,measure,4984.0,984.0,4.9043,59.34
152.018,measure,4984.0,976.0,4.8644,59.34
152.119,measure,4984.0,984.0,4.9043,59.31
152.219,measure,4984.0,976.0,4.8644,59.28
152.319,measure,4984.0,984.0,4.9043,59.31
152.419,measure,4984.0,976.0,4.8644,59.47
152.519,measure,4984.0,984.0,4.9043,59.53
152.619,measure,4984.0,984.0,4.9043,59.53
152.720,measure,4984.0,984.0,4.9043,59.34
152.820,measure,4984.0,984.0,4.9043,59.31
152.920,measure,4984.0,984.0,4.9043,59.31
153.020,measure,4984.0,984.0,4.9043,59.28
153.121,measure,4984.0,984.0,4.9043,59.31
153.221,measure,4984.0,984.0,4.9043,59.31
153.321,measure,4984.0,984.0,4.9043,59.47
153.421,measure,4984.0,984.0,4.9043,59.47
153.521,measure,4984.0,984.0,4.9043,59.41
153.621,measure,4984.0,984.0,4.9043,59.41
153.721,measure,4984.0,984.0,4.9043,59.41
153.822,measure,4984.0,984.0,4.9043,59.38
153.922,measure,4984.0,984.0,4.9043,59.28
154.022,measure,4984.0,984.0,4.9043,59.22
154.122,measure,4984.0,984.0,4.9043,59.34
154.222,measure,4984.0,984.0,4.9043,59.53
154.322,measure,4984.0,984.0,4.9043,59.56
154.422,measure,4984.0,984.0,4.9043,59.47
154.522,measure,4984.0,984.0,4.9043,59.47
154.623,measure,4984.0,984.0,4.9043,59.34
154.723,measure,4984.0,984.0,4.9043,59.38
154.823,measure,4984.0,984.0,4.9043,59.31
154.923,measure,4984.0,984.0,4.9043,59.31
155.023,measure,4984.0,984.0,4.9043,59.34
155.123,measure,4984.0,984.0,4.9043,59.19
155.223,measure,4984.0,984.0,4.9043,59.50
155.324,measure,4984.0,984.0,4.9043,59.44
155.424,measure,4984.0,984.0,4.9043,59.38
155.524,measure,4984.0,984.0,4.9043,59.50
155.624,measure,4984.0,984.0,4.9043,59.28
155.724,measure,4984.0,984.0,4.9043,59.41
155.824,measure,4984.0,984.0,4.9043,59.25
155.924,measure,4984.0,984.0,4.9043,59.28
156.024,measure,4984.0,984.0,4.9043,59.28
156.125,measure,4984.0,984.0,4.9043,59.44
156.225,measure,4984.0,984.0,4.9043,59.47
156.325,measure,4984.0,984.0,4.9043,59.47
156.425,measure,4984.0,984.0,4.9043,59.41
156.525,measure,4984.0,984.0,4.9043,59.31
156.625,measure,4984.0,984.0,4.9043,59.38
156.725,measure,4984.0,984.0,4.9043,59.34
156.826,measure,4984.0,984.0,4.9043,59.34
156.926,measure,4984.0,984.0,4.9043,59.31
157.026,measure,4984.0,984.0,4.9043,59.47
157.126,measure,4984.0,984.0,4.9043,59.44
157.226,measure,4984.0,984.0,4.9043,59.34
157.326,measure,4984.0,984.0,4.9043,59.41
157.426,measure,4984.0,984.0,4.9043,59.38
157.527,measure,4984.0,984.0,4.9043,59.38
157.627,measure,4984.0,984.0,4.9043,59.31
157.727,measure,4984.0,984.0,4.9043,59.31
157.827,measure,4984.0,984.0,4.9043,59.34
157.927,measure,4984.0,984.0,4.9043,59.34
158.027,measure,4984.0,984.0,4.9043,59.50
158.127,measure,4984.0,984.0,4.9043,59.38
158.227,measure,4984.0,984.0,4.9043,59.41
158.328,measure,4984.0,984.0,4.9043,59.41
158.428,measure,4984.0,984.0,4.9043,59.34
158.528,measure,4984.0,984.0,4.9043,59.34
158.628,measure,4984.0,984.0,4.9043,59.34
158.728,measure,4984.0,984.0,4.9043,59.28
158.828,measure,4984.0,984.0,4.9043,59.28
158.928,measure,4984.0,984.0,4.9043,59.44
159.029,measure,4984.0,984.0,4.9043,59.41
159.129,measure,4984.0,984.0,4.9043,59.41
159.229,measure,4984.0,984.0,4.9043,59.31
159.329,measure,4984.0,984.0,4.9043,59.34
159.429,measure,4984.0,984.0,4.9043,59.25
159.529,measure,4984.0,984.0,4.9043,59.31
159.629,measure,4984.0,984.0,4.9043,59.28
159.729,measure,4984.0,984.0,4.9043,59.22
159.830,measure,4984.0,984.0,4.9043,59.41
159.930,measure,4984.0,984.0,4.9043,59.41
160.030,measure,4984.0,976.0,4.8644,59.41
160.130,measure,4984.0,976.0,4.8644,59.41
160.230,measure,4984.0,984.0,4.9043,59.31
160.330,measure,4984.0,976.0,4.8644,59.38
160.430,measure,4984.0,976.0,4.8644,59.28
160.531,measure,4984.0,976.0,4.8644,59.28
160.631,measure,4984.0,976.0,4.8644,59.31
160.731,measure,4984.0,976.0,4.8644,59.44
160.831,measure,4984.0,984.0,4.9043,59.41
160.931,measure,4984.0,984.0,4.9043,59.44
161.031,measure,4984.0,984.0,4.9043,59.38
161.131,measure,4984.0,976.0,4.8644,59.38
161.231,measure,4984.0,976.0,4.8644,59.34
161.332,measure,4984.0,976.0,4.8644,59.25
161.432,measure,4984.0,976.0,4.8644,59.28
161.532,measure,4984.0,976.0,4.8644,59.25
161.632,measure,4984.0,984.0,4.9043,59.47
161.732,measure,4984.0,976.0,4.8644,59.41
161.832,measure,4984.0,984.0,4.9043,59.44
161.932,measure,4984.0,984.0,4.9043,59.38
162.033,measure,4984.0,984.0,4.9043,59.34
162.133,measure,4984.0,984.0,4.9043,59.38
162.233,measure,4984.0,984.0,4.9043,59.34
162.333,measure,4984.0,976.0,4.8644,59.28
162.433,measure,4984.0,976.0,4.8644,59.28
162.533,measure,4984.0,976.0,4.8644,59.38
162.633,measure,4984.0,984.0,4.9043,59.41
162.733,measure,4984.0,976.0,4.8644,59.44
162.834,measure,4984.0,984.0,4.9043,59.38
162.934,measure,4984.0,984.0,4.9043,59.31
163.034,measure,4984.0,984.0,4.9043,59.25
163.134,measure,4984.0,976.0,4.8644,59.31
163.234,measure,4984.0,976.0,4.8644,59.28
163.334,measure,4984.0,976.0,4.8644,59.31
163.435,measure,4984.0,976.0,4.8644,59.41
163.535,measure,4984.0,976.0,4.8644,59.47
163.635,measure,4984.0,976.0,4.8644,59.38
163.735,measure,4984.0,976.0,4.8644,59.34
163.835,measure,4984.0,984.0,4.9043,59.34
163.935,measure,4984.0,976.0,4.8644,59.28
164.035,measure,4984.0,976.0,4.8644,59.25
164.135,measure,4984.0,976.0,4.8644,59.31
164.236,measure,4984.0,976.0,4.8644,59.22
164.336,measure,4984.0,976.0,4.8644,59.50
164.436,measure,4984.0,976.0,4.8644,59.41
164.536,measure,4984.0,976.0,4.8644,59.44
164.636,measure,4984.0,976.0,4.8644,59.41
164.736,measure,4984.0,976.0,4.8644,59.34
164.836,measure,4984.0,976.0,4.8644,59.28
164.937,measure,4984.0,976.0,4.8644,59.28
165.037,measure,4984.0,976.0,4.8644,59.31
165.137,measure,4984.0,976.0,4.8644,59.22
165.237,measure,4984.0,976.0,4.8644,59.41
165.337,measure,4984.0,976.0,4.8644,59.47
165.437,measure,4984.0,976.0,4.8644,59.41
165.537,measure,4984.0,976.0,4.8644,59.34
165.637,measure,4984.0,976.0,4.8644,59.31
165.738,measure,4984.0,976.0,4.8644,59.31
165.838,measure,4984.0,976.0,4.8644,59.34
165.938,measure,4984.0,976.0,4.8644,59.34
166.038,measure,4984.0,976.0,4.8644,59.25
166.138,measure,4984.0,976.0,4.8644,59.53
166.238,measure,4984.0,976.0,4.8644,59.50
166.338,measure,4984.0,976.0,4.8644,59.41
166.439,measure,4984.0,976.0,4.8644,59.41
166.539,measure,4984.0,976.0,4.8644,59.34
166.639,measure,4984.0,976.0,4.8644,59.34
166.739,measure,4984.0,976.0,4.8644,59.31
166.839,measure,4984.0,976.0,4.8644,59.25
166.939,measure,4984.0,976.0,4.8644,59.22
167.039,measure,4984.0,976.0,4.8644,59.47
167.140,measure,4984.0,976.0,4.8644,59.47
167.240,measure,4984.0,976.0,4.8644,59.50
167.340,measure,4984.0,976.0,4.8644,59.41
167.440,measure,4984.0,976.0,4.8644,59.34
167.540,measure,4984.0,976.0,4.8644,59.28
167.640,measure,4984.0,976.0,4.8644,59.31
167.740,measure,4984.0,976.0,4.8644,59.31
167.841,measure,4984.0,976.0,4.8644,59.28
167.941,measure,4984.0,976.0,4.8644,59.44
168.041,measure,4984.0,976.0,4.8644,59.41
168.141,measure,4984.0,976.0,4.8644,59.47
168.241,measure,4984.0,976.0,4.8644,59.38
168.341,measure,4984.0,976.0,4.8644,59.34
168.441,measure,4984.0,976.0,4.8644,59.31
168.542,measure,4984.0,976.0,4.8644,59.31
168.642,measure,4984.0,976.0,4.8644,59.25
168.742,measure,4984.0,976.0,4.8644,59.28
168.842,measure,4984.0,976.0,4.8644,59.56
168.942,measure,4984.0,976.0,4.8644,59.53
169.042,measure,4984.0,976.0,4.8644,59.44
169.142,measure,4984.0,976.0,4.8644,59.41
169.242,measure,4984.0,976.0,4.8644,59.41
169.343,measure,4984.0,976.0,4.8644,59.28
169.443,measure,4984.0,976.0,4.8644,59.38
169.543,measure,4984.0,976.0,4.8644,59.31
169.643,measure,4984.0,984.0,4.9043,59.25
169.743,measure,4984.0,984.0,4.9043,59.25
169.843,measure,4984.0,984.0,4.9043,59.44
169.943,measure,4984.0,984.0,4.9043,59.47
170.044,measure,4984.0,984.0,4.9043,59.41
170.144,measure,4984.0,984.0,4.9043,59.41
170.244,measure,4984.0,984.0,4.9043,59.38
170.344,measure,4984.0,976.0,4.8644,59.28
170.444,measure,4984.0,984.0,4.9043,59.31
170.544,measure,4984.0,976.0,4.8644,59.31
170.644,measure,4984.0,984.0,4.9043,59.31
170.745,measure,4984.0,976.0,4.8644,59.50
170.845,measure,4984.0,984.0,4.9043,59.41
170.945,measure,4984.0,984.0,4.9043,59.41
171.045,measure,4984.0,984.0,4.9043,59.41
171.145,measure,4984.0,984.0,4.9043,59.34
171.245,measure,4984.0,984.0,4.9043,59.31
171.345,measure,4984.0,984.0,4.9043,59.22
171.446,measure,4984.0,984.0,4.9043,59.31
171.546,measure,4984.0,976.0,4.8644,59.28
171.646,measure,4984.0,984.0,4.9043,59.28
171.746,measure,4984.0,976.0,4.8644,59.47
171.846,measure,4984.0,984.0,4.9043,59.44
171.946,measure,4984.0,976.0,4.8644,59.41
172.046,measure,4984.0,984.0,4.9043,59.38
172.147,measure,4984.0,984.0,4.9043,59.31
172.247,measure,4984.0,984.0,4.9043,59.31
172.347,measure,4984.0,976.0,4.8644,59.34
172.447,measure,4984.0,984.0,4.9043,59.38
172.547,measure,4984.0,976.0,4.8644,59.22
172.647,measure,4984.0,976.0,4.8644,59.50
172.747,measure,4984.0,976.0,4.8644,59.34
172.848,measure,4984.0,976.0,4.8644,59.41
172.948,measure,4984.0,976.0,4.8644,59.41
173.048,measure,4984.0,984.0,4.9043,59.34
173.148,measure,4984.0,976.0,4.8644,59.31
173.248,measure,4984.0,984.0,4.9043,59.34
173.348,measure,4984.0,984.0,4.9043,59.28
173.448,measure,4984.0,984.0,4.9043,59.31
173.549,measure,4984.0,976.0,4.8644,59.44
173.649,measure,4984.0,984.0,4.9043,59.53
173.749,measure,4984.0,976.0,4.8644,59.41
173.849,measure,4984.0,984.0,4.9043,59.41
173.949,measure,4984.0,984.0,4.9043,59.34
174.049,measure,4984.0,984.0,4.9043,59.28
174.149,measure,4984.0,984.0,4.9043,59.31
174.250,measure,4984.0,984.0,4.9043,59.28
174.350,measure,4984.0,984.0,4.9043,59.25
174.450,measure,4984.0,984.0,4.9043,59.38
174.550,measure,4984.0,976.0,4.8644,59.47
174.650,measure,4984.0,984.0,4.9043,59.41
174.750,measure,4984.0,976.0,4.8644,59.41
174.850,measure,4984.0,976.0,4.8644,59.31
174.951,measure,4984.0,976.0,4.8644,59.38
175.051,measure,4984.0,984.0,4.9043,59.28
175.151,measure,4984.0,976.0,4.8644,59.31
175.251,measure,4984.0,984.0,4.9043,59.25
175.351,measure,4984.0,976.0,4.8644,59.44
175.451,measure,4984.0,984.0,4.9043,59.47
175.551,measure,4984.0,976.0,4.8644,59.44
175.652,measure,4984.0,984.0,4.9043,59.38
175.752,measure,4984.0,976.0,4.8644,59.31
175.852,measure,4984.0,984.0,4.9043,59.34
175.952,measure,4984.0,976.0,4.8644,59.31
176.052,measure,4984.0,984.0,4.9043,59.31
176.152,measure,4984.0,984.0,4.9043,59.31
176.253,measure,4984.0,984.0,4.9043,59.22
176.354,measure,4984.0,984.0,4.9043,59.38
176.454,measure,4984.0,984.0,4.9043,59.38
176.554,measure,4984.0,984.0,4.9043,59.38
176.654,measure,4984.0,984.0,4.9043,59.34
176.754,measure,4984.0,984.0,4.9043,59.31
176.854,measure,4984.0,984.0,4.9043,59.31
176.954,measure,4984.0,984.0,4.9043,59.31
177.054,measure,4984.0,984.0,4.9043,59.22
177.155,measure,4984.0,984.0,4.9043,59.28
177.255,measure,4984.0,984.0,4.9043,59.41
177.355,measure,4984.0,984.0,4.9043,59.41
177.455,measure,4984.0,984.0,4.9043,59.41
177.555,measure,4984.0,984.0,4.9043,59.28
177.655,measure,4984.0,984.0,4.9043,59.31
177.755,measure,4984.0,984.0,4.9043,59.31
177.856,measure,4984.0,984.0,4.9043,59.25
177.956,measure,4984.0,984.0,4.9043,59.22
178.056,measure,4984.0,984.0,4.9043,59.22
178.156,measure,4984.0,984.0,4.9043,59.41
178.256,measure,4984.0,984.0,4.9043,59.38
178.356,measure,4984.0,984.0,4.9043,59.38
178.456,measure,4984.0,984.0,4.9043,59.44
178.557,measure,4984.0,984.0,4.9043,59.38
178.657,measure,4984.0,984.0,4.9043,59.25
178.757,measure,4984.0,984.0,4.9043,59.31
178.857,measure,4984.0,984.0,4.9043,59.25
178.957,measure,4984.0,984.0,4.9043,59.22
179.057,measure,4984.0,984.0,4.9043,59.50
179.158,measure,4984.0,984.0,4.9043,59.41
179.258,measure,4984.0,984.0,4.9043,59.38
179.358,measure,4984.0,984.0,4.9043,59.38
179.458,measure,4984.0,984.0,4.9043,59.34
179.558,measure,4984.0,984.0,4.9043,59.38
179.658,measure,4984.0,984.0,4.9043,59.34
179.758,measure,4984.0,984.0,4.9043,59.25
179.859,measure,4984.0,984.0,4.9043,59.25
179.959,measure,4984.0,984.0,4.9043,59.44
180.059,measure,4984.0,984.0,4.9043,59.41
180.159,measure,4984.0,984.0,4.9043,59.41
180.259,measure,4984.0,984.0,4.9043,59.28
180.359,measure,4984.0,984.0,4.9043,59.41
180.459,measure,4984.0,984.0,4.9043,59.31
180.559,measure,4984.0,984.0,4.9043,59.28
180.660,measure,4984.0,984.0,4.9043,59.31
180.760,measure,4984.0,984.0,4.9043,59.31
180.860,measure,4984.0,984.0,4.9043,59.44
180.960,measure,4984.0,984.0,4.9043,59.41
181.060,measure,4984.0,984.0,4.9043,59.41
181.160,measure,4984.0,984.0,4.9043,59.41
181.260,measure,4984.0,984.0,4.9043,59.38
181.361,measure,4984.0,984.0,4.9043,59.31
181.461,measure,4984.0,984.0,4.9043,59.28
181.561,measure,4984.0,984.0,4.9043,59.34
181.661,measure,4984.0,984.0,4.9043,59.28
181.761,measure,4984.0,984.0,4.9043,59.44
181.861,measure,4984.0,984.0,4.9043,59.44
181.961,measure,4984.0,984.0,4.9043,59.44
182.062,measure,4984.0,976.0,4.8644,59.38
182.162,measure,4984.0,984.0,4.9043,59.41
182.262,measure,4984.0,984.0,4.9043,59.31
182.362,measure,4984.0,984.0,4.9043,59.41
182.462,measure,4984.0,984.0,4.9043,59.25
182.562,measure,4984.0,984.0,4.9043,59.34
182.662,measure,4984.0,984.0,4.9043,59.44
182.762,measure,4984.0,984.0,4.9043,59.53
182.863,measure,4984.0,976.0,4.8644,59.50
182.963,measure,4984.0,976.0,4.8644,59.34
183.063,measure,4984.0,976.0,4.8644,59.31
183.163,measure,4984.0,984.0,4.9043,59.31
183.263,measure,4984.0,976.0,4.8644,59.22
183.363,measure,4984.0,984.0,4.9043,59.25
183.463,measure,4984.0,984.0,4.9043,59.31
183.563,measure,4984.0,984.0,4.9043,59.50
183.664,measure,4984.0,976.0,4.8644,59.41
183.764,measure,4984.0,984.0,4.9043,59.47
183.864,measure,4984.0,984.0,4.9043,59.38
183.964,measure,4984.0,984.0,4.9043,59.31
184.064,measure,4984.0,984.0,4.9043,59.28
184.164,measure,4984.0,984.0,4.9043,59.31
184.264,measure,4984.0,984.0,4.9043,59.28
184.365,measure,4984.0,984.0,4.9043,59.22
184.465,measure,4984.0,984.0,4.9043,59.41
184.565,measure,4984.0,984.0,4.9043,59.44
184.665,measure,4984.0,984.0,4.9043,59.41
184.765,measure,4984.0,976.0,4.8644,59.31
184.865,measure,4984.0,976.0,4.8644,59.41
184.965,measure,4984.0,976.0,4.8644,59.34
185.065,measure,4984.0,976.0,4.8644,59.22
185.166,measure,4984.0,976.0,4.8644,59.31
185.266,measure,4984.0,976.0,4.8644,59.22
185.366,measure,4984.0,984.0,4.9043,59.25
185.466,measure,4984.0,976.0,4.8644,59.50
185.566,measure,4984.0,984.0,4.9043,59.47
185.666,measure,4984.0,984.0,4.9043,59.38
185.766,measure,4984.0,984.0,4.9043,59.41
185.867,measure,4984.0,976.0,4.8644,59.28
185.967,measure,4984.0,976.0,4.8644,59.28
186.067,measure,4984.0,976.0,4.8644,59.31
186.167,measure,4984.0,976.0,4.8644,59.31
186.267,measure,4984.0,976.0,4.8644,59.25
186.367,measure,4984.0,984.0,4.9043,59.41
186.467,measure,4984.0,976.0,4.8644,59.34
186.567,measure,4984.0,976.0,4.8644,59.41
186.668,measure,4984.0,976.0,4.8644,59.38
186.768,measure,4984.0,976.0,4.8644,59.41
186.868,measure,4984.0,976.0,4.8644,59.28
186.968,measure,4984.0,976.0,4.8644,59.25
187.068,measure,4984.0,976.0,4.8644,59.31
187.168,measure,4984.0,976.0,4.8644,59.31
187.268,measure,4984.0,976.0,4.8644,59.47
187.369,measure,4984.0,976.0,4.8644,59.41
187.469,measure,4984.0,976.0,4.8644,59.34
187.569,measure,4984.0,976.0,4.8644,59.41
187.669,measure,4984.0,976.0,4.8644,59.41
187.769,measure,4984.0,976.0,4.8644,59.34
187.869,measure,4984.0,976.0,4.8644,59.28
187.969,measure,4984.0,976.0,4.8644,59.22
188.070,measure,4984.0,976.0,4.8644,59.25
188.170,measure,4984.0,976.0,4.8644,59.22
188.270,measure,4984.0,976.0,4.8644,59.41
188.370,measure,4984.0,976.0,4.8644,59.41
188.470,measure,4984.0,976.0,4.8644,59.38
188.570,measure,4984.0,976.0,4.8644,59.34
188.670,measure,4984.0,984.0,4.9043,59.28
188.771,measure,4984.0,976.0,4.8644,59.34
188.871,measure,4984.0,976.0,4.8644,59.28
188.971,measure,4984.0,976.0,4.8644,59.28
189.071,measure,4984.0,976.0,4.8644,59.31
189.171,measure,4984.0,976.0,4.8644,59.47
189.271,measure,4984.0,976.0,4.8644,59.38
189.371,measure,4984.0,976.0,4.8644,59.41
189.471,measure,4984.0,984.0,4.9043,59.31
189.572,measure,4984.0,984.0,4.9043,59.34
189.672,measure,4984.0,984.0,4.9043,59.28
189.772,measure,4984.0,984.0,4.9043,59.25
189.872,measure,4984.0,976.0,4.8644,59.34
189.972,measure,4984.0,976.0,4.8644,59.22
190.072,measure,4984.0,976.0,4.8644,59.41
190.172,measure,4984.0,976.0,4.8644,59.44
190.272,measure,4984.0,976.0,4.8644,59.38
190.373,measure,4984.0,976.0,4.8644,59.34
190.473,measure,4984.0,976.0,4.8644,59.31
190.573,measure,4984.0,976.0,4.8644,59.25
190.673,measure,4984.0,976.0,4.8644,59.31
190.773,measure,4984.0,976.0,4.8644,59.22
190.873,measure,4984.0,976.0,4.8644,59.31
190.973,measure,4984.0,976.0,4.8644,59.41
191.074,measure,4984.0,976.0,4.8644,59.44
191.174,measure,4984.0,976.0,4.8644,59.34
191.274,measure,4984.0,976.0,4.8644,59.44
191.374,measure,4984.0,976.0,4.8644,59.34
191.474,measure,4984.0,976.0,4.8644,59.31
191.574,measure,4984.0,976.0,4.8644,59.38
191.674,measure,4984.0,976.0,4.8644,59.25
191.775,measure,4984.0,976.0,4.8644,59.28
191.875,measure,4984.0,976.0,4.8644,59.47
191.975,measure,4984.0,976.0,4.8644,59.47
192.075,measure,4984.0,976.0,4.8644,59.38
192.175,measure,4984.0,976.0,4.8644,59.28
192.275,measure,4984.0,976.0,4.8644,59.38
192.375,measure,4984.0,976.0,4.8644,59.31
192.476,measure,4984.0,976.0,4.8644,59.34
192.576,measure,4984.0,984.0,4.9043,59.28
192.676,measure,4984.0,984.0,4.9043,59.25
192.776,measure,4984.0,984.0,4.9043,59.41
192.876,measure,4984.0,984.0,4.9043,59.41
192.976,measure,4984.0,984.0,4.9043,59.41
193.076,measure,4984.0,984.0,4.9043,59.31
193.176,measure,4984.0,984.0,4.9043,59.31
193.277,measure,4984.0,984.0,4.9043,59.31
193.377,measure,4984.0,984.0,4.9043,59.34
193.477,measure,4984.0,976.0,4.8644,59.34
193.577,measure,4984.0,984.0,4.9043,59.25
193.677,measure,4984.0,984.0,4.9043,59.41
193.777,measure,4984.0,984.0,4.9043,59.41
193.878,measure,4984.0,984.0,4.9043,59.34
193.978,measure,4984.0,984.0,4.9043,59.34
194.078,measure,4984.0,976.0,4.8644,59.31
194.178,measure,4984.0,984.0,4.9043,59.34
194.278,measure,4984.0,976.0,4.8644,59.34
194.378,measure,4984.0,984.0,4.9043,59.28
194.478,measure,4984.0,984.0,4.9043,59.25
194.578,measure,4984.0,984.0,4.9043,59.44
194.679,measure,4984.0,984.0,4.9043,59.41
194.779,measure,4984.0,984.0,4.9043,59.41
194.879,measure,4984.0,984.0,4.9043,59.31
194.979,measure,4984.0,984.0,4.9043,59.38
195.079,measure,4984.0,984.0,4.9043,59.31
195.179,measure,4984.0,984.0,4.9043,59.31
195.279,measure,4984.0,976.0,4.8644,59.22
195.380,measure,4984.0,984.0,4.9043,59.28
195.480,measure,4984.0,976.0,4.8644,59.41
195.580,measure,4984.0,984.0,4.9043,59.41
195.680,measure,4984.0,984.0,4.9043,59.47
195.780,measure,4984.0,984.0,4.9043,59.34
195.880,measure,4984.0,984.0,4.9043,59.34
195.980,measure,4984.0,984.0,4.9043,59.34
196.081,measure,4984.0,976.0,4.8644,59.28
196.181,measure,4984.0,984.0,4.9043,59.31
196.281,measure,4984.0,976.0,4.8644,59.25
196.381,measure,4984.0,976.0,4.8644,59.50
196.481,measure,4984.0,984.0,4.9043,59.41
196.581,measure,4984.0,992.0,4.9441,59.41
196.681,measure,4984.0,992.0,4.9441,59.34
196.782,measure,4984.0,992.0,4.9441,59.34
196.882,measure,4984.0,1024.0,5.1036,59.34
196.982,measure,4984.0,1072.0,5.3428,59.28
197.082,measure,4976.0,1104.0,5.4935,59.38
197.182,measure,4976.0,1120.0,5.5731,59.28
197.282,measure,4976.0,1128.0,5.6129,59.47
197.383,measure,4976.0,1112.0,5.5333,59.47
197.483,measure,4976.0,1120.0,5.5731,59.44
197.583,measure,4976.0,1136.0,5.6527,59.41
197.683,measure,4976.0,1136.0,5.6527,59.41
197.783,measure,4976.0,1136.0,5.6527,59.41
197.883,measure,4976.0,1128.0,5.6129,59.41
197.983,measure,4976.0,1104.0,5.4935,59.34
198.084,measure,4976.0,1072.0,5.3343,59.31
198.184,measure,4984.0,1056.0,5.2631,59.28
198.284,measure,4984.0,1040.0,5.1834,59.47
198.384,measure,4984.0,1024.0,5.1036,59.50
198.484,measure,4984.0,1016.0,5.0637,59.41
198.584,measure,4984.0,1008.0,5.0239,59.41
198.684,measure,4984.0,1000.0,4.9840,59.38
198.785,measure,4984.0,1000.0,4.9840,59.34
198.885,measure,4984.0,992.0,4.9441,59.38
198.985,measure,4984.0,992.0,4.9441,59.31
199.085,measure,4984.0,984.0,4.9043,59.31
199.185,measure,4984.0,984.0,4.9043,59.47
199.285,measure,4984.0,984.0,4.9043,59.41
199.385,measure,4984.0,984.0,4.9043,59.41
199.486,measure,4984.0,984.0,4.9043,59.41
199.586,measure,4984.0,984.0,4.9043,59.28
199.686,measure,4984.0,984.0,4.9043,59.38
199.787,measure,4984.0,984.0,4.9043,59.31
199.887,measure,4984.0,976.0,4.8644,59.28
199.987,measure,4984.0,976.0,4.8644,59.25
200.087,measure,4984.0,976.0,4.8644,59.50
200.187,measure,4984.0,976.0,4.8644,59.47
200.287,measure,4984.0,976.0,4.8644,59.44
200.387,measure,4984.0,976.0,4.8644,59.38
200.488,measure,4984.0,976.0,4.8644,59.31
200.588,measure,4984.0,976.0,4.8644,59.41
200.688,measure,4984.0,976.0,4.8644,59.28
200.788,measure,4984.0,984.0,4.9043,59.31
200.888,measure,4984.0,984.0,4.9043,59.34
200.988,measure,4984.0,984.0,4.9043,59.50
201.088,measure,4984.0,984.0,4.9043,59.47
201.188,measure,4984.0,984.0,4.9043,59.41
201.289,measure,4984.0,976.0,4.8644,59.41
201.389,measure,4984.0,984.0,4.9043,59.31
201.489,measure,4984.0,984.0,4.9043,59.38
201.589,measure,4984.0,984.0,4.9043,59.28
201.689,measure,4984.0,984.0,4.9043,59.31
201.789,measure,4984.0,984.0,4.9043,59.38
201.889,measure,4984.0,984.0,4.9043,59.28
201.990,measure,4984.0,984.0,4.9043,59.53
202.090,measure,4984.0,984.0,4.9043,59.41
202.190,measure,4984.0,976.0,4.8644,59.41
202.290,measure,4984.0,976.0,4.8644,59.31
202.390,measure,4984.0,976.0,4.8644,59.31
202.490,measure,4984.0,976.0,4.8644,59.31
202.590,measure,4984.0,976.0,4.8644,59.28
202.691,measure,4984.0,976.0,4.8644,59.31
202.791,measure,4984.0,976.0,4.8644,59.28
202.891,measure,4984.0,976.0,4.8644,59.53
202.991,measure,4984.0,976.0,4.8644,59.38
203.091,measure,4984.0,976.0,4.8644,59.34
203.191,measure,4984.0,976.0,4.8644,59.41
203.291,measure,4984.0,976.0,4.8644,59.34
203.391,measure,4984.0,976.0,4.8644,59.34
203.492,measure,4984.0,976.0,4.8644,59.34
203.592,measure,4984.0,976.0,4.8644,59.31
203.692,measure,4984.0,976.0,4.8644,59.28
203.792,measure,4984.0,984.0,4.9043,59.28
203.892,measure,4984.0,976.0,4.8644,59.44
203.992,measure,4984.0,976.0,4.8644,59.47
204.092,measure,4984.0,976.0,4.8644,59.34
204.193,measure,4984.0,976.0,4.8644,59.34
204.293,measure,4984.0,976.0,4.8644,59.34
204.393,measure,4984.0,976.0,4.8644,59.31
204.493,measure,4984.0,976.0,4.8644,59.38
204.593,measure,4984.0,976.0,4.8644,59.31
204.693,measure,4984.0,976.0,4.8644,59.28
204.793,measure,4984.0,976.0,4.8644,59.41
204.893,measure,4984.0,976.0,4.8644,59.41
204.994,measure,4984.0,976.0,4.8644,59.31
205.094,measure,4984.0,976.0,4.8644,59.41
205.194,measure,4984.0,976.0,4.8644,59.31
205.294,measure,4984.0,976.0,4.8644,59.25
205.394,measure,4984.0,976.0,4.8644,59.34
205.494,measure,4984.0,976.0,4.8644,59.25
205.594,measure,4984.0,976.0,4.8644,59.44
205.695,measure,4984.0,976.0,4.8644,59.50
205.795,measure,4984.0,976.0,4.8644,59.41
205.895,measure,4984.0,976.0,4.8644,59.38
205.995,measure,4984.0,976.0,4.8644,59.34
206.095,measure,4984.0,976.0,4.8644,59.38
206.195,measure,4984.0,976.0,4.8644,59.34
206.295,measure,4984.0,976.0,4.8644,59.34
206.395,measure,4984.0,976.0,4.8644,59.28
206.496,measure,4984.0,976.0,4.8644,59.41
206.596,measure,4984.0,976.0,4.8644,59.41
206.696,measure,4984.0,984.0,4.9043,59.41
206.796,measure,4984.0,984.0,4.9043,59.41
206.896,measure,4984.0,984.0,4.9043,59.41
206.996,measure,4984.0,984.0,4.9043,59.31
207.097,measure,4984.0,984.0,4.9043,59.28
207.197,measure,4984.0,976.0,4.8644,59.34
207.297,measure,4984.0,976.0,4.8644,59.25
207.397,measure,4984.0,976.0,4.8644,59.34
207.497,measure,4984.0,976.0,4.8644,59.41
207.597,measure,4984.0,976.0,4.8644,59.41
207.697,measure,4984.0,976.0,4.8644,59.41
207.798,measure,4984.0,976.0,4.8644,59.34
207.898,measure,4984.0,976.0,4.8644,59.28
207.998,measure,4984.0,976.0,4.8644,59.34
208.098,measure,4984.0,976.0,4.8644,59.28
208.198,measure,4984.0,976.0,4.8644,59.34
208.298,measure,4984.0,976.0,4.8644,59.44
208.398,measure,4984.0,976.0,4.8644,59.41
208.498,measure,4984.0,976.0,4.8644,59.44
208.599,measure,4984.0,976.0,4.8644,59.34
208.699,measure,4984.0,976.0,4.8644,59.41
208.799,measure,4984.0,976.0,4.8644,59.25
208.899,measure,4984.0,976.0,4.8644,59.28
208.999,measure,4984.0,976.0,4.8644,59.31
209.099,measure,4984.0,976.0,4.8644,59.28
209.199,measure,4984.0,976.0,4.8644,59.22
209.300,measure,4984.0,976.0,4.8644,59.41
209.400,measure,4984.0,976.0,4.8644,59.47
209.500,measure,4984.0,976.0,4.8644,59.31
209.600,measure,4984.0,976.0,4.8644,59.41
209.700,measure,4984.0,976.0,4.8644,59.28
209.800,measure,4984.0,976.0,4.8644,59.31
209.900,measure,4984.0,976.0,4.8644,59.34
210.000,measure,4984.0,976.0,4.8644,59.28
210.101,measure,4984.0,976.0,4.8644,59.28
210.201,measure,4984.0,976.0,4.8644,59.44
210.301,measure,4984.0,976.0,4.8644,59.47
210.401,measure,4984.0,976.0,4.8644,59.38
210.501,measure,4984.0,976.0,4.8644,59.41
210.601,measure,4984.0,976.0,4.8644,59.38
210.701,measure,4984.0,976.0,4.8644,59.34
210.801,measure,4984.0,976.0,4.8644,59.31
210.902,measure,4984.0,976.0,4.8644,59.31
211.002,measure,4984.0,976.0,4.8644,59.50
211.102,measure,4984.0,976.0,4.8644,59.53
211.202,measure,4984.0,976.0,4.8644,59.41
211.302,measure,4984.0,976.0,4.8644,59.41
211.402,measure,4984.0,976.0,4.8644,59.41
211.502,measure,4984.0,976.0,4.8644,59.38
211.602,measure,4984.0,976.0,4.8644,59.34
211.703,measure,4984.0,976.0,4.8644,59.38
211.803,measure,4984.0,976.0,4.8644,59.28
211.903,measure,4984.0,976.0,4.8644,59.59
212.003,measure,4984.0,976.0,4.8644,59.47
212.103,measure,4984.0,976.0,4.8644,59.44
212.203,measure,4984.0,976.0,4.8644,59.41
212.303,measure,4984.0,976.0,4.8644,59.34
212.404,measure,4984.0,976.0,4.8644,59.31
212.504,measure,4984.0,976.0,4.8644,59.25
212.604,measure,4984.0,976.0,4.8644,59.19
212.704,measure,4984.0,976.0,4.8644,59.25
212.804,measure,4984.0,976.0,4.8644,59.28
212.904,measure,4984.0,976.0,4.8644,59.47
213.004,measure,4984.0,976.0,4.8644,59.41
213.104,measure,4984.0,976.0,4.8644,59.41
213.205,measure,4984.0,976.0,4.8644,59.41
213.305,measure,4984.0,976.0,4.8644,59.38
213.405,measure,4984.0,976.0,4.8644,59.28
213.505,measure,4984.0,976.0,4.8644,59.31
213.605,measure,4984.0,976.0,4.8644,59.31
213.705,measure,4984.0,976.0,4.8644,59.25
213.805,measure,4984.0,976.0,4.8644,59.53
213.906,measure,4984.0,976.0,4.8644,59.47
214.006,measure,4984.0,976.0,4.8644,59.38
214.106,measure,4984.0,976.0,4.8644,59.41
214.206,measure,4984.0,976.0,4.8644,59.34
214.306,measure,4984.0,976.0,4.8644,59.25
214.406,measure,4984.0,976.0,4.8644,59.31
214.506,measure,4984.0,976.0,4.8644,59.34
214.607,measure,4984.0,976.0,4.8644,59.25
214.707,measure,4984.0,976.0,4.8644,59.47
214.807,measure,4984.0,976.0,4.8644,59.44
214.907,measure,4984.0,976.0,4.8644,59.41
215.007,measure,4984.0,976.0,4.8644,59.41
215.107,measure,4984.0,984.0,4.9043,59.41
215.207,measure,4984.0,976.0,4.8644,59.38
215.308,measure,4984.0,976.0,4.8644,59.25
215.408,measure,4984.0,976.0,4.8644,59.38
215.508,measure,4984.0,976.0,4.8644,59.31
215.608,measure,4984.0,976.0,4.8644,59.28
215.708,measure,4984.0,976.0,4.8644,59.41
215.808,measure,4984.0,976.0,4.8644,59.41
215.908,measure,4984.0,976.0,4.8644,59.41
216.009,measure,4984.0,976.0,4.8644,59.31
216.109,measure,4984.0,976.0,4.8644,59.34
216.209,measure,4984.0,976.0,4.8644,59.38
216.309,measure,4984.0,976.0,4.8644,59.28
216.409,measure,4984.0,976.0,4.8644,59.28
216.509,measure,4984.0,976.0,4.8644,59.34
216.609,measure,4984.0,976.0,4.8644,59.41
216.709,measure,4984.0,976.0,4.8644,59.41
216.810,measure,4984.0,976.0,4.8644,59.38
216.910,measure,4984.0,976.0,4.8644,59.41
217.010,measure,4984.0,976.0,4.8644,59.41
217.110,measure,4984.0,976.0,4.8644,59.31
217.210,measure,4984.0,976.0,4.8644,59.31
217.310,measure,4984.0,976.0,4.8644,59.25
217.410,measure,4984.0,976.0,4.8644,59.28
217.511,measure,4984.0,976.0,4.8644,59.44
217.611,measure,4984.0,976.0,4.8644,59.41
217.711,measure,4984.0,976.0,4.8644,59.41
217.811,measure,4984.0,976.0,4.8644,59.28
217.911,measure,4984.0,976.0,4.8644,59.38
218.011,measure,4984.0,976.0,4.8644,59.41
218.111,measure,4984.0,984.0,4.9043,59.25
218.211,measure,4984.0,976.0,4.8644,59.25
218.312,measure,4984.0,984.0,4.9043,59.25
218.412,measure,4984.0,976.0,4.8644,59.50
218.512,measure,4984.0,976.0,4.8644,59.41
218.612,measure,4984.0,976.0,4.8644,59.44
218.712,measure,4984.0,976.0,4.8644,59.31
218.812,measure,4984.0,976.0,4.8644,59.44
218.912,measure,4984.0,976.0,4.8644,59.38
219.013,measure,4984.0,976.0,4.8644,59.28
219.113,measure,4984.0,976.0,4.8644,59.34
219.213,measure,4984.0,984.0,4.9043,59.25
219.313,measure,4984.0,984.0,4.9043,59.44
219.413,measure,4984.0,976.0,4.8644,59.41
219.513,measure,4984.0,976.0,4.8644,59.41
219.613,measure,4984.0,976.0,4.8644,59.34
219.714,measure,4984.0,976.0,4.8644,59.34
219.814,measure,4984.0,976.0,4.8644,59.34
219.914,measure,4984.0,976.0,4.8644,59.34
220.014,measure,4984.0,976.0,4.8644,59.38
220.114,measure,4984.0,976.0,4.8644,59.34
220.214,measure,4984.0,976.0,4.8644,59.47
220.314,measure,4984.0,976.0,4.8644,59.41
220.415,measure,4984.0,976.0,4.8644,59.38
220.515,measure,4984.0,976.0,4.8644,59.41
220.615,measure,4984.0,976.0,4.8644,59.31
220.715,measure,4984.0,976.0,4.8644,59.31
220.815,measure,4984.0,976.0,4.8644,59.34
220.915,measure,4984.0,976.0,4.8644,59.25
221.015,measure,4984.0,976.0,4.8644,59.22
221.115,measure,4984.0,976.0,4.8644,59.50
221.216,measure,4984.0,976.0,4.8644,59.38
221.316,measure,4984.0,984.0,4.9043,59.41
221.416,measure,4984.0,976.0,4.8644,59.41
221.516,measure,4984.0,984.0,4.9043,59.41
221.616,measure,4984.0,976.0,4.8644,59.34
221.716,measure,4984.0,976.0,4.8644,59.34
221.816,measure,4984.0,976.0,4.8644,59.34
221.917,measure,4984.0,976.0,4.8644,59.28
222.017,measure,4984.0,976.0,4.8644,59.44
222.117,measure,4984.0,976.0,4.8644,59.31
222.217,measure,4984.0,976.0,4.8644,59.41
222.317,measure,4984.0,984.0,4.9043,59.44
222.417,measure,4984.0,976.0,4.8644,59.34
222.517,measure,4984.0,976.0,4.8644,59.31
222.618,measure,4984.0,976.0,4.8644,59.34
222.718,measure,4984.0,984.0,4.9043,59.28
222.818,measure,4984.0,976.0,4.8644,59.34
222.918,measure,4984.0,984.0,4.9043,59.25
223.018,measure,4984.0,984.0,4.9043,59.44
223.118,measure,4984.0,984.0,4.9043,59.44
223.218,measure,4984.0,984.0,4.9043,59.41
223.318,measure,4984.0,984.0,4.9043,59.34
223.419,measure,4984.0,984.0,4.9043,59.28
223.519,measure,4984.0,984.0,4.9043,59.38
223.619,measure,4984.0,984.0,4.9043,59.28
223.719,measure,4984.0,984.0,4.9043,59.25
223.819,measure,4984.0,984.0,4.9043,59.50
223.920,measure,4984.0,984.0,4.9043,59.56
224.020,measure,4984.0,984.0,4.9043,59.47
224.120,measure,4984.0,984.0,4.9043,59.34
224.220,measure,4984.0,984.0,4.9043,59.34
224.321,measure,4984.0,984.0,4.9043,59.38
224.421,measure,4984.0,984.0,4.9043,59.34
224.521,measure,4984.0,984.0,4.9043,59.41
224.621,measure,4984.0,984.0,4.9043,59.34
224.721,measure,4984.0,984.0,4.9043,59.25
224.821,measure,4984.0,984.0,4.9043,59.47
224.921,measure,4984.0,984.0,4.9043,59.44
225.022,measure,4984.0,984.0,4.9043,59.34
225.122,measure,4984.0,984.0,4.9043,59.34
225.222,measure,4984.0,984.0,4.9043,59.31
225.322,measure,4984.0,984.0,4.9043,59.22
225.422,measure,4984.0,984.0,4.9043,59.34
225.522,measure,4984.0,984.0,4.9043,59.34
225.622,measure,4984.0,984.0,4.9043,59.50
225.722,measure,4984.0,984.0,4.9043,59.47
225.823,measure,4984.0,984.0,4.9043,59.47
225.923,measure,4984.0,984.0,4.9043,59.44
226.023,measure,4984.0,984.0,4.9043,59.38
226.123,measure,4984.0,984.0,4.9043,59.25
226.223,measure,4984.0,984.0,4.9043,59.34
226.323,measure,4984.0,984.0,4.9043,59.38
226.423,measure,4984.0,984.0,4.9043,59.28
226.524,measure,4984.0,984.0,4.9043,59.28
226.624,measure,4984.0,984.0,4.9043,59.47
226.724,measure,4984.0,984.0,4.9043,59.41
226.824,measure,4984.0,984.0,4.9043,59.38
226.924,measure,4984.0,984.0,4.9043,59.41
227.024,measure,4984.0,984.0,4.9043,59.38
227.124,measure,4984.0,984.0,4.9043,59.34
227.224,measure,4984.0,984.0,4.9043,59.34
227.325,measure,4984.0,984.0,4.9043,59.28
227.425,measure,4984.0,984.0,4.9043,59.31
227.525,measure,4984.0,984.0,4.9043,59.50
227.625,measure,4984.0,984.0,4.9043,59.47
227.725,measure,4984.0,984.0,4.9043,59.38
227.825,measure,4984.0,984.0,4.9043,59.38
227.925,measure,4984.0,984.0,4.9043,59.38
228.026,measure,4984.0,984.0,4.9043,59.34
228.126,measure,4984.0,984.0,4.9043,59.31
228.226,measure,4984.0,984.0,4.9043,59.31
228.326,measure,4984.0,984.0,4.9043,59.28
228.426,measure,4984.0,984.0,4.9043,59.47
228.526,measure,4984.0,984.0,4.9043,59.53
228.626,measure,4984.0,984.0,4.9043,59.41
228.726,measure,4984.0,984.0,4.9043,59.38
228.827,measure,4984.0,984.0,4.9043,59.34
228.927,measure,4984.0,984.0,4.9043,59.31
229.027,measure,4984.0,984.0,4.9043,59.34
229.127,measure,4984.0,984.0,4.9043,59.34
229.227,measure,4984.0,984.0,4.9043,59.25
229.327,measure,4984.0,984.0,4.9043,59.25
229.427,measure,4984.0,984.0,4.9043,59.44
229.528,measure,4984.0,984.0,4.9043,59.41
229.628,measure,4984.0,992.0,4.9441,59.50
229.728,measure,4984.0,984.0,4.9043,59.41
229.828,measure,4984.0,984.0,4.9043,59.34
229.928,measure,4984.0,984.0,4.9043,59.22
230.028,measure,4984.0,984.0,4.9043,59.31
230.128,measure,4984.0,984.0,4.9043,59.25
230.228,measure,4984.0,984.0,4.9043,59.25
230.329,measure,4984.0,984.0,4.9043,59.44
230.429,measure,4984.0,984.0,4.9043,59.41
230.529,measure,4984.0,984.0,4.9043,59.44
230.629,measure,4984.0,984.0,4.9043,59.41
230.729,measure,4984.0,984.0,4.9043,59.41
230.829,measure,4984.0,984.0,4.9043,59.38
230.929,measure,4984.0,984.0,4.9043,59.34
231.030,measure,4984.0,984.0,4.9043,59.34
231.130,measure,4984.0,976.0,4.8644,59.28
231.230,measure,4984.0,976.0,4.8644,59.50
231.330,measure,4984.0,976.0,4.8644,59.50
231.430,measure,4984.0,984.0,4.9043,59.44
231.530,measure,4984.0,984.0,4.9043,59.31
231.630,measure,4984.0,984.0,4.9043,59.38
231.730,measure,4984.0,976.0,4.8644,59.28
231.831,measure,4984.0,976.0,4.8644,59.38
231.931,measure,4984.0,976.0,4.8644,59.28
232.031,measure,4984.0,976.0,4.8644,59.28
232.131,measure,4984.0,976.0,4.8644,59.31
232.231,measure,4984.0,976.0,4.8644,59.41
232.331,measure,4984.0,976.0,4.8644,59.44
232.431,measure,4984.0,976.0,4.8644,59.44
232.532,measure,4984.0,984.0,4.9043,59.31
232.632,measure,4984.0,984.0,4.9043,59.28
232.732,measure,4984.0,984.0,4.9043,59.31
232.832,measure,4984.0,976.0,4.8644,59.34
232.932,measure,4984.0,976.0,4.8644,59.25
233.032,measure,4984.0,976.0,4.8644,59.47
233.132,measure,4984.0,976.0,4.8644,59.41
233.232,measure,4984.0,976.0,4.8644,59.41
233.333,measure,4984.0,976.0,4.8644,59.38
233.433,measure,4984.0,976.0,4.8644,59.38
233.533,measure,4984.0,976.0,4.8644,59.31
233.633,measure,4984.0,976.0,4.8644,59.28
233.733,measure,4984.0,976.0,4.8644,59.28
233.833,measure,4984.0,976.0,4.8644,59.25
233.933,measure,4984.0,976.0,4.8644,59.47
234.034,measure,4984.0,976.0,4.8644,59.41
234.134,measure,4984.0,976.0,4.8644,59.41
234.234,measure,4984.0,976.0,4.8644,59.38
234.334,measure,4984.0,976.0,4.8644,59.38
234.434,measure,4984.0,976.0,4.8644,59.31
234.534,measure,4984.0,976.0,4.8644,59.25
234.634,measure,4984.0,976.0,4.8644,59.31
234.734,measure,4984.0,976.0,4.8644,59.28
234.835,measure,4984.0,976.0,4.8644,59.47
234.935,measure,4984.0,976.0,4.8644,59.44
235.035,measure,4984.0,976.0,4.8644,59.41
235.135,measure,4984.0,976.0,4.8644,59.34
235.235,measure,4984.0,976.0,4.8644,59.28
235.335,measure,4984.0,976.0,4.8644,59.34
235.435,measure,4984.0,976.0,4.8644,59.25
235.536,measure,4984.0,976.0,4.8644,59.22
235.636,measure,4984.0,976.0,4.8644,59.16
235.736,measure,4984.0,976.0,4.8644,59.44
235.836,measure,4984.0,976.0,4.8644,59.44
235.936,measure,4984.0,976.0,4.8644,59.41
236.036,measure,4984.0,976.0,4.8644,59.31
236.136,measure,4984.0,976.0,4.8644,59.38
236.236,measure,4984.0,976.0,4.8644,59.34
236.337,measure,4984.0,976.0,4.8644,59.38
236.437,measure,4984.0,976.0,4.8644,59.28
236.537,measure,4984.0,976.0,4.8644,59.31
236.637,measure,4984.0,976.0,4.8644,59.56
236.737,measure,4984.0,976.0,4.8644,59.41
236.837,measure,4984.0,976.0,4.8644,59.47
236.938,measure,4984.0,976.0,4.8644,59.41
237.038,measure,4984.0,976.0,4.8644,59.38
237.138,measure,4984.0,976.0,4.8644,59.38
237.238,measure,4984.0,976.0,4.8644,59.34
237.338,measure,4984.0,976.0,4.8644,59.34
237.438,measure,4984.0,976.0,4.8644,59.34
237.538,measure,4984.0,976.0,4.8644,59.50
237.638,measure,4984.0,976.0,4.8644,59.56
237.739,measure,4984.0,976.0,4.8644,59.47
237.839,measure,4984.0,976.0,4.8644,59.44
237.939,measure,4984.0,976.0,4.8644,59.38
238.039,measure,4984.0,976.0,4.8644,59.31
238.139,measure,4984.0,976.0,4.8644,59.34
238.239,measure,4984.0,976.0,4.8644,59.34
238.339,measure,4984.0,976.0,4.8644,59.34
238.440,measure,4984.0,976.0,4.8644,59.47
238.540,measure,4984.0,976.0,4.8644,59.47
238.640,measure,4984.0,976.0,4.8644,59.41
238.740,measure,4984.0,976.0,4.8644,59.41
238.840,measure,4984.0,976.0,4.8644,59.38
238.940,measure,4984.0,976.0,4.8644,59.38
239.041,measure,4984.0,976.0,4.8644,59.31
239.141,measure,4984.0,976.0,4.8644,59.34
239.241,measure,4984.0,976.0,4.8644,59.28
239.341,measure,4984.0,976.0,4.8644,59.44
239.441,measure,4984.0,976.0,4.8644,59.50
239.541,measure,4984.0,976.0,4.8644,59.44
239.641,measure,4984.0,976.0,4.8644,59.34
239.741,measure,4984.0,976.0,4.8644,59.38
239.842,measure,4984.0,976.0,4.8644,59.34
239.942,measure,4984.0,976.0,4.8644,59.31
240.042,measure,4984.0,976.0,4.8644,59.31
240.142,measure,4984.0,976.0,4.8644,59.34
240.242,measure,4984.0,976.0,4.8644,59.53
240.342,measure,4984.0,976.0,4.8644,59.56
240.442,measure,4984.0,976.0,4.8644,59.56
240.543,measure,4984.0,976.0,4.8644,59.44
240.643,measure,4984.0,976.0,4.8644,59.41
240.743,measure,4984.0,976.0,4.8644,59.31
240.843,measure,4984.0,976.0,4.8644,59.28
240.943,measure,4984.0,976.0,4.8644,59.34
241.043,measure,4984.0,976.0,4.8644,59.28
241.143,measure,4984.0,976.0,4.8644,59.28
241.243,measure,4984.0,976.0,4.8644,59.50
241.344,measure,4984.0,976.0,4.8644,59.47
241.444,measure,4984.0,976.0,4.8644,59.44
241.544,measure,4984.0,976.0,4.8644,59.41
241.644,measure,4984.0,976.0,4.8644,59.38
241.744,measure,4984.0,976.0,4.8644,59.31
241.844,measure,4984.0,976.0,4.8644,59.34
241.944,measure,4984.0,976.0,4.8644,59.31
242.045,measure,4984.0,976.0,4.8644,59.31
242.145,measure,4984.0,976.0,4.8644,59.53
242.245,measure,4984.0,976.0,4.8644,59.47
242.345,measure,4984.0,976.0,4.8644,59.44
242.445,measure,4984.0,976.0,4.8644,59.41
242.545,measure,4984.0,976.0,4.8644,59.41
242.645,measure,4984.0,976.0,4.8644,59.34
242.745,measure,4984.0,976.0,4.8644,59.38
242.846,measure,4984.0,976.0,4.8644,59.31
242.946,measure,4984.0,976.0,4.8644,59.28
243.046,measure,4984.0,976.0,4.8644,59.31
243.146,measure,4984.0,976.0,4.8644,59.44
243.246,measure,4984.0,976.0,4.8644,59.41
243.346,measure,4984.0,976.0,4.8644,59.41
243.446,measure,4984.0,976.0,4.8644,59.41
243.547,measure,4984.0,976.0,4.8644,59.34
243.647,measure,4984.0,976.0,4.8644,59.31
243.747,measure,4984.0,976.0,4.8644,59.28
243.847,measure,4984.0,976.0,4.8644,59.25
243.947,measure,4984.0,976.0,4.8644,59.28
244.047,measure,4984.0,976.0,4.8644,59.44
244.147,measure,4984.0,976.0,4.8644,59.41
244.247,measure,4984.0,976.0,4.8644,59.44
244.348,measure,4984.0,976.0,4.8644,59.38
244.448,measure,4984.0,976.0,4.8644,59.34
244.548,measure,4984.0,976.0,4.8644,59.34
244.648,measure,4984.0,976.0,4.8644,59.41
244.748,measure,4984.0,976.0,4.8644,59.34
244.848,measure,4984.0,976.0,4.8644,59.25
244.948,measure,4984.0,976.0,4.8644,59.59
245.049,measure,4984.0,976.0,4.8644,59.44
245.149,measure,4984.0,976.0,4.8644,59.44
245.249,measure,4984.0,976.0,4.8644,59.41
245.349,measure,4984.0,976.0,4.8644,59.38
245.449,measure,4984.0,976.0,4.8644,59.34
245.549,measure,4984.0,976.0,4.8644,59.28
245.649,measure,4984.0,976.0,4.8644,59.28
245.750,measure,4984.0,976.0,4.8644,59.28
245.850,measure,4984.0,984.0,4.9043,59.47
245.950,measure,4984.0,976.0,4.8644,59.44
246.050,measure,4984.0,976.0,4.8644,59.44
246.150,measure,4984.0,976.0,4.8644,59.41
246.250,measure,4984.0,976.0,4.8644,59.38
246.350,measure,4984.0,976.0,4.8644,59.41
246.450,measure,4984.0,976.0,4.8644,59.38
246.551,measure,4984.0,976.0,4.8644,59.34
246.651,measure,4984.0,976.0,4.8644,59.38
246.751,measure,4984.0,976.0,4.8644,59.41
246.851,measure,4984.0,984.0,4.9043,59.44
246.951,measure,4984.0,976.0,4.8644,59.44
247.051,measure,4984.0,984.0,4.9043,59.41
247.151,measure,4984.0,976.0,4.8644,59.41
247.251,measure,4984.0,984.0,4.9043,59.34
247.352,measure,4984.0,984.0,4.9043,59.38
247.452,measure,4984.0,984.0,4.9043,59.25
247.552,measure,4984.0,984.0,4.9043,59.34
247.652,measure,4984.0,984.0,4.9043,59.28
247.752,measure,4984.0,984.0,4.9043,59.44
247.853,measure,4984.0,984.0,4.9043,59.44
247.953,measure,4984.0,984.0,4.9043,59.41
248.053,measure,4984.0,984.0,4.9043,59.41
248.153,measure,4984.0,984.0,4.9043,59.28
248.254,measure,4984.0,984.0,4.9043,59.31
248.354,measure,4984.0,984.0,4.9043,59.31
248.454,measure,4984.0,984.0,4.9043,59.34
248.554,measure,4984.0,984.0,4.9043,59.50
248.654,measure,4984.0,984.0,4.9043,59.44
248.754,measure,4984.0,984.0,4.9043,59.41
248.854,measure,4984.0,984.0,4.9043,59.41
248.954,measure,4984.0,984.0,4.9043,59.41
249.055,measure,4984.0,984.0,4.9043,59.41
249.155,measure,4984.0,984.0,4.9043,59.31
249.255,measure,4984.0,984.0,4.9043,59.38
249.355,measure,4984.0,984.0,4.9043,59.34
249.455,measure,4984.0,984.0,4.9043,59.50
249.555,measure,4984.0,984.0,4.9043,59.44
249.655,measure,4984.0,984.0,4.9043,59.44
249.756,measure,4984.0,984.0,4.9043,59.41
249.856,measure,4984.0,984.0,4.9043,59.44
249.956,measure,4984.0,984.0,4.9043,59.38
250.056,measure,4984.0,984.0,4.9043,59.38
250.156,measure,4984.0,984.0,4.9043,59.31
250.256,measure,4984.0,984.0,4.9043,59.31
250.356,measure,4984.0,984.0,4.9043,59.53
250.456,measure,4984.0,984.0,4.9043,59.50
250.557,measure,4984.0,984.0,4.9043,59.44
250.657,measure,4984.0,984.0,4.9043,59.38
250.757,measure,4984.0,984.0,4.9043,59.38
250.857,measure,4984.0,984.0,4.9043,59.34
250.957,measure,4984.0,984.0,4.9043,59.38
251.057,measure,4984.0,984.0,4.9043,59.38
251.157,measure,4984.0,984.0,4.9043,59.31
251.258,measure,4984.0,984.0,4.9043,59.41
251.358,measure,4984.0,984.0,4.9043,59.53
251.458,measure,4984.0,984.0,4.9043,59.44
251.558,measure,4984.0,984.0,4.9043,59.38
251.658,measure,4984.0,984.0,4.9043,59.38
251.758,measure,4984.0,984.0,4.9043,59.38
251.858,measure,4984.0,984.0,4.9043,59.34
251.958,measure,4984.0,984.0,4.9043,59.41
252.059,measure,4984.0,984.0,4.9043,59.31
252.159,measure,4984.0,984.0,4.9043,59.53
252.259,measure,4984.0,984.0,4.9043,59.53
252.359,measure,4984.0,984.0,4.9043,59.44
252.459,measure,4984.0,984.0,4.9043,59.41
252.559,measure,4984.0,984.0,4.9043,59.41
252.659,measure,4984.0,984.0,4.9043,59.34
252.759,measure,4984.0,984.0,4.9043,59.41
252.860,measure,4984.0,984.0,4.9043,59.31
252.960,measure,4984.0,984.0,4.9043,59.31
253.060,measure,4984.0,984.0,4.9043,59.59
253.160,measure,4984.0,984.0,4.9043,59.50
253.260,measure,4984.0,984.0,4.9043,59.47
253.360,measure,4984.0,984.0,4.9043,59.44
253.460,measure,4984.0,984.0,4.9043,59.41
253.561,measure,4984.0,984.0,4.9043,59.41
253.661,measure,4984.0,984.0,4.9043,59.34
253.761,measure,4984.0,984.0,4.9043,59.38
253.861,measure,4984.0,984.0,4.9043,59.28
253.961,measure,4984.0,984.0,4.9043,59.50
254.061,measure,4984.0,984.0,4.9043,59.53
254.161,measure,4984.0,984.0,4.9043,59.47
254.261,measure,4984.0,984.0,4.9043,59.44
254.362,measure,4984.0,984.0,4.9043,59.41
254.462,measure,4984.0,984.0,4.9043,59.34
254.562,measure,4984.0,984.0,4.9043,59.41
254.662,measure,4984.0,984.0,4.9043,59.31
254.762,measure,4984.0,984.0,4.9043,59.31
254.862,measure,4984.0,984.0,4.9043,59.34
254.962,measure,4984.0,984.0,4.9043,59.53
255.062,measure,4984.0,984.0,4.9043,59.47
255.163,measure,4984.0,984.0,4.9043,59.47
255.263,measure,4984.0,984.0,4.9043,59.41
255.363,measure,4984.0,984.0,4.9043,59.41
255.463,measure,4984.0,984.0,4.9043,59.41
255.563,measure,4984.0,984.0,4.9043,59.38
255.663,measure,4984.0,984.0,4.9043,59.38
255.763,measure,4984.0,984.0,4.9043,59.34
255.863,measure,4984.0,984.0,4.9043,59.50
255.964,measure,4984.0,984.0,4.9043,59.47
256.064,measure,4984.0,984.0,4.9043,59.41
256.164,measure,4984.0,984.0,4.9043,59.41
256.264,measure,4984.0,984.0,4.9043,59.41
256.364,measure,4984.0,984.0,4.9043,59.41
256.464,measure,4984.0,984.0,4.9043,59.31
256.564,measure,4984.0,984.0,4.9043,59.41
256.665,measure,4984.0,984.0,4.9043,59.34
256.765,measure,4984.0,984.0,4.9043,59.38
256.865,measure,4984.0,984.0,4.9043,59.44
256.965,measure,4984.0,976.0,4.8644,59.44
257.065,measure,4984.0,984.0,4.9043,59.44
257.165,measure,4984.0,984.0,4.9043,59.41
257.265,measure,4984.0,984.0,4.9043,59.38
257.365,measure,4984.0,984.0,4.9043,59.41
257.465,measure,4984.0,984.0,4.9043,59.38
257.566,measure,4984.0,976.0,4.8644,59.28
257.666,measure,4984.0,976.0,4.8644,59.31
257.766,measure,4984.0,976.0,4.8644,59.47
257.866,measure,4984.0,976.0,4.8644,59.47
257.966,measure,4984.0,976.0,4.8644,59.34
258.066,measure,4984.0,976.0,4.8644,59.41
258.166,measure,4984.0,976.0,4.8644,59.41
258.267,measure,4984.0,984.0,4.9043,59.38
258.367,measure,4984.0,984.0,4.9043,59.31
258.467,measure,4984.0,984.0,4.9043,59.41
258.567,measure,4984.0,976.0,4.8644,59.31
258.667,measure,4984.0,984.0,4.9043,59.44
258.767,measure,4984.0,984.0,4.9043,59.44
258.867,measure,4984.0,984.0,4.9043,59.41
258.967,measure,4984.0,984.0,4.9043,59.41
259.068,measure,4984.0,984.0,4.9043,59.38
259.168,measure,4984.0,984.0,4.9043,59.34
259.268,measure,4984.0,984.0,4.9043,59.38
259.368,measure,4984.0,984.0,4.9043,59.31
259.468,measure,4984.0,984.0,4.9043,59.28
259.568,measure,4984.0,976.0,4.8644,59.44
259.668,measure,4984.0,976.0,4.8644,59.41
259.768,measure,4984.0,976.0,4.8644,59.41
259.869,measure,4984.0,976.0,4.8644,59.41
259.969,measure,4984.0,976.0,4.8644,59.38
260.069,measure,4984.0,976.0,4.8644,59.38
260.169,measure,4984.0,976.0,4.8644,59.38
260.269,measure,4984.0,976.0,4.8644,59.38
260.369,measure,4984.0,976.0,4.8644,59.56
260.469,measure,4984.0,976.0,4.8644,59.44
260.569,measure,4984.0,976.0,4.8644,59.47
260.670,measure,4984.0,976.0,4.8644,59.41
260.770,measure,4984.0,976.0,4.8644,59.44
260.870,measure,4984.0,976.0,4.8644,59.41
260.970,measure,4984.0,976.0,4.8644,59.34
261.070,measure,4984.0,976.0,4.8644,59.41
261.170,measure,4984.0,984.0,4.9043,59.41
261.270,measure,4984.0,984.0,4.9043,59.56
261.370,measure,4984.0,976.0,4.8644,59.50
261.471,measure,4984.0,976.0,4.8644,59.53
261.571,measure,4984.0,976.0,4.8644,59.38
261.671,measure,4984.0,976.0,4.8644,59.41
261.771,measure,4984.0,976.0,4.8644,59.41
261.871,measure,4984.0,976.0,4.8644,59.41
261.971,measure,4984.0,976.0,4.8644,59.31
262.071,measure,4984.0,976.0,4.8644,59.34
262.171,measure,4984.0,976.0,4.8644,59.38
262.272,measure,4984.0,976.0,4.8644,59.50
262.372,measure,4984.0,976.0,4.8644,59.47
262.472,measure,4984.0,976.0,4.8644,59.41
262.572,measure,4984.0,976.0,4.8644,59.41
262.672,measure,4984.0,976.0,4.8644,59.41
262.772,measure,4984.0,976.0,4.8644,59.38
262.872,measure,4984.0,984.0,4.9043,59.41
262.973,measure,4984.0,976.0,4.8644,59.41
263.073,measure,4984.0,976.0,4.8644,59.56
263.173,measure,4984.0,984.0,4.9043,59.50
263.273,measure,4984.0,984.0,4.9043,59.53
263.373,measure,4984.0,984.0,4.9043,59.47
263.473,measure,4984.0,984.0,4.9043,59.44
263.573,measure,4984.0,984.0,4.9043,59.41
263.673,measure,4984.0,984.0,4.9043,59.41
263.774,measure,4984.0,984.0,4.9043,59.41
263.874,measure,4984.0,976.0,4.8644,59.38
263.974,measure,4984.0,976.0,4.8644,59.53
264.074,measure,4984.0,976.0,4.8644,59.53
264.174,measure,4984.0,976.0,4.8644,59.41
264.274,measure,4984.0,976.0,4.8644,59.41
264.374,measure,4984.0,976.0,4.8644,59.44
264.474,measure,4984.0,976.0,4.8644,59.44
264.575,measure,4984.0,976.0,4.8644,59.41
264.675,measure,4984.0,976.0,4.8644,59.41
264.775,measure,4984.0,976.0,4.8644,59.38
264.875,measure,4984.0,976.0,4.8644,59.56
264.975,measure,4984.0,976.0,4.8644,59.53
265.075,measure,4984.0,976.0,4.8644,59.44
265.175,measure,4984.0,984.0,4.9043,59.44
265.275,measure,4984.0,984.0,4.9043,59.44
265.376,measure,4984.0,984.0,4.9043,59.31
265.476,measure,4984.0,984.0,4.9043,59.41
265.576,measure,4984.0,984.0,4.9043,59.38
265.676,measure,4984.0,984.0,4.9043,59.28
265.776,measure,4984.0,984.0,4.9043,59.28
265.876,measure,4984.0,984.0,4.9043,59.66
265.976,measure,4984.0,984.0,4.9043,59.44
266.076,measure,4984.0,984.0,4.9043,59.44
266.177,measure,4984.0,984.0,4.9043,59.41
266.277,measure,4984.0,984.0,4.9043,59.34
266.377,measure,4984.0,984.0,4.9043,59.41
266.477,measure,4984.0,984.0,4.9043,59.34
266.577,measure,4984.0,984.0,4.9043,59.41
266.677,measure,4984.0,984.0,4.9043,59.28
266.777,measure,4984.0,984.0,4.9043,59.56
266.877,measure,4984.0,984.0,4.9043,59.50
266.978,measure,4984.0,984.0,4.9043,59.44
267.078,measure,4984.0,984.0,4.9043,59.41
267.178,measure,4984.0,984.0,4.9043,59.41
267.278,measure,4984.0,984.0,4.9043,59.38
267.378,measure,4984.0,984.0,4.9043,59.38
267.478,measure,4984.0,984.0,4.9043,59.41
267.578,measure,4984.0,984.0,4.9043,59.31
267.678,measure,4984.0,984.0,4.9043,59.56
267.779,measure,4984.0,984.0,4.9043,59.50
267.879,measure,4984.0,984.0,4.9043,59.44
267.979,measure,4984.0,984.0,4.9043,59.44
268.079,measure,4984.0,976.0,4.8644,59.41
268.179,measure,4984.0,984.0,4.9043,59.34
268.279,measure,4984.0,984.0,4.9043,59.34
268.379,measure,4984.0,984.0,4.9043,59.38
268.480,measure,4984.0,984.0,4.9043,59.38
268.580,measure,4984.0,984.0,4.9043,59.22
268.680,measure,4984.0,984.0,4.9043,59.53
268.780,measure,4984.0,984.0,4.9043,59.47
268.880,measure,4984.0,984.0,4.9043,59.44
268.980,measure,4984.0,984.0,4.9043,59.41
269.080,measure,4984.0,984.0,4.9043,59.34
269.180,measure,4984.0,984.0,4.9043,59.41
269.281,measure,4984.0,984.0,4.9043,59.38
269.381,measure,4984.0,984.0,4.9043,59.31
269.481,measure,4984.0,984.0,4.9043,59.38
269.581,measure,4984.0,984.0,4.9043,59.41
269.681,measure,4984.0,984.0,4.9043,59.44
269.781,measure,4984.0,984.0,4.9043,59.34
269.881,measure,4984.0,984.0,4.9043,59.34
269.981,measure,4984.0,984.0,4.9043,59.41
270.082,measure,4984.0,984.0,4.9043,59.34
270.182,measure,4984.0,984.0,4.9043,59.34
270.282,measure,4984.0,984.0,4.9043,59.31
270.382,measure,4984.0,984.0,4.9043,59.34
270.482,measure,4984.0,984.0,4.9043,59.47
270.582,measure,4984.0,984.0,4.9043,59.53
270.682,measure,4984.0,984.0,4.9043,59.41
270.782,measure,4984.0,984.0,4.9043,59.34
270.883,measure,4984.0,984.0,4.9043,59.34
270.983,measure,4984.0,984.0,4.9043,59.41
271.083,measure,4984.0,976.0,4.8644,59.31
271.183,measure,4984.0,984.0,4.9043,59.34
271.283,measure,4984.0,984.0,4.9043,59.47
271.383,measure,4984.0,984.0,4.9043,59.47
271.483,measure,4984.0,984.0,4.9043,59.47
271.583,measure,4984.0,984.0,4.9043,59.44
271.684,measure,4984.0,984.0,4.9043,59.34
271.784,measure,4984.0,984.0,4.9043,59.41
271.884,measure,4984.0,976.0,4.8644,59.38
271.984,measure,4984.0,984.0,4.9043,59.34
272.084,measure,4984.0,976.0,4.8644,59.38
272.184,measure,4984.0,984.0,4.9043,59.38
272.284,measure,4984.0,976.0,4.8644,59.47
272.384,measure,4984.0,984.0,4.9043,59.47
272.485,measure,4984.0,984.0,4.9043,59.34
272.585,measure,4984.0,984.0,4.9043,59.41
272.685,measure,4984.0,984.0,4.9043,59.41
272.785,measure,4984.0,984.0,4.9043,59.31
272.885,measure,4984.0,984.0,4.9043,59.34
272.985,measure,4984.0,984.0,4.9043,59.31
273.085,measure,4984.0,976.0,4.8644,59.50
273.185,measure,4984.0,984.0,4.9043,59.47
273.286,measure,4984.0,976.0,4.8644,59.47
273.386,measure,4984.0,984.0,4.9043,59.41
273.486,measure,4984.0,984.0,4.9043,59.41
273.587,measure,4984.0,984.0,4.9043,59.41
273.687,measure,4984.0,984.0,4.9043,59.31
273.787,measure,4984.0,984.0,4.9043,59.38
273.887,measure,4984.0,984.0,4.9043,59.34
273.987,measure,4984.0,984.0,4.9043,59.34
274.087,measure,4984.0,984.0,4.9043,59.53
274.187,measure,4984.0,984.0,4.9043,59.50
274.288,measure,4984.0,984.0,4.9043,59.41
274.388,measure,4984.0,984.0,4.9043,59.44
274.488,measure,4984.0,984.0,4.9043,59.41
274.588,measure,4984.0,984.0,4.9043,59.38
274.688,measure,4984.0,984.0,4.9043,59.41
274.788,measure,4984.0,984.0,4.9043,59.28
274.888,measure,4984.0,984.0,4.9043,59.53
274.988,measure,4984.0,984.0,4.9043,59.56
275.089,measure,4984.0,984.0,4.9043,59.50
275.189,measure,4984.0,984.0,4.9043,59.41
275.289,measure,4984.0,984.0,4.9043,59.41
275.389,measure,4984.0,984.0,4.9043,59.41
275.489,measure,4984.0,984.0,4.9043,59.41
275.589,measure,4984.0,984.0,4.9043,59.41
275.689,measure,4984.0,984.0,4.9043,59.38
275.789,measure,4984.0,984.0,4.9043,59.56
275.890,measure,4984.0,984.0,4.9043,59.50
275.990,measure,4984.0,984.0,4.9043,59.44
276.090,measure,4984.0,984.0,4.9043,59.41
276.190,measure,4984.0,984.0,4.9043,59.44
276.290,measure,4984.0,984.0,4.9043,59.38
276.390,measure,4984.0,984.0,4.9043,59.41
276.490,measure,4984.0,984.0,4.9043,59.38
276.590,measure,4984.0,984.0,4.9043,59.31
276.691,measure,4984.0,984.0,4.9043,59.56
276.791,measure,4984.0,984.0,4.9043,59.47
276.891,measure,4984.0,984.0,4.9043,59.50
276.991,measure,4984.0,984.0,4.9043,59.41
277.091,measure,4984.0,984.0,4.9043,59.41
277.191,measure,4984.0,984.0,4.9043,59.34
277.291,measure,4984.0,984.0,4.9043,59.41
277.392,measure,4984.0,984.0,4.9043,59.34
277.492,measure,4984.0,984.0,4.9043,59.41
277.592,measure,4984.0,984.0,4.9043,59.38
277.692,measure,4984.0,984.0,4.9043,59.59
277.792,measure,4984.0,984.0,4.9043,59.53
277.892,measure,4984.0,984.0,4.9043,59.41
277.992,measure,4984.0,984.0,4.9043,59.41
278.092,measure,4984.0,984.0,4.9043,59.41
278.193,measure,4984.0,984.0,4.9043,59.38
278.293,measure,4984.0,984.0,4.9043,59.31
278.393,measure,4984.0,984.0,4.9043,59.34
278.493,measure,4984.0,984.0,4.9043,59.31
278.593,measure,4984.0,984.0,4.9043,59.56
278.693,measure,4984.0,984.0,4.9043,59.53
278.793,measure,4984.0,984.0,4.9043,59.47
278.893,measure,4984.0,984.0,4.9043,59.38
278.994,measure,4984.0,984.0,4.9043,59.38
279.094,measure,4984.0,984.0,4.9043,59.41
279.194,measure,4984.0,984.0,4.9043,59.41
279.294,measure,4984.0,984.0,4.9043,59.31
279.394,measure,4984.0,984.0,4.9043,59.38
279.494,measure,4984.0,984.0,4.9043,59.59
279.594,measure,4984.0,984.0,4.9043,59.56
279.695,measure,4984.0,984.0,4.9043,59.47
279.795,measure,4984.0,984.0,4.9043,59.41
279.895,measure,4984.0,984.0,4.9043,59.38
279.995,measure,4984.0,984.0,4.9043,59.38
280.095,measure,4984.0,984.0,4.9043,59.31
280.195,measure,4984.0,984.0,4.9043,59.38
280.295,measure,4984.0,984.0,4.9043,59.38
280.395,measure,4984.0,984.0,4.9043,59.38
280.496,measure,4984.0,984.0,4.9043,59.53
280.596,measure,4984.0,984.0,4.9043,59.47
280.696,measure,4984.0,984.0,4.9043,59.44
280.796,measure,4984.0,984.0,4.9043,59.44
280.896,measure,4984.0,984.0,4.9043,59.34
280.996,measure,4984.0,984.0,4.9043,59.34
281.096,measure,4984.0,984.0,4.9043,59.41
281.197,measure,4984.0,984.0,4.9043,59.41
281.297,measure,4984.0,984.0,4.9043,59.25
281.397,measure,4984.0,984.0,4.9043,59.56
281.497,measure,4984.0,984.0,4.9043,59.41
281.597,measure,4984.0,984.0,4.9043,59.47
281.697,measure,4984.0,984.0,4.9043,59.41
281.797,measure,4984.0,984.0,4.9043,59.41
281.897,measure,4984.0,984.0,4.9043,59.44
281.998,measure,4984.0,984.0,4.9043,59.34
282.098,measure,4984.0,984.0,4.9043,59.34
282.198,measure,4984.0,984.0,4.9043,59.34
282.298,measure,4984.0,976.0,4.8644,59.47
282.398,measure,4984.0,976.0,4.8644,59.50
282.498,measure,4984.0,976.0,4.8644,59.41
282.598,measure,4984.0,976.0,4.8644,59.41
282.699,measure,4984.0,984.0,4.9043,59.41
282.799,measure,4984.0,984.0,4.9043,59.34
282.899,measure,4984.0,984.0,4.9043,59.34
282.999,measure,4984.0,984.0,4.9043,59.34
283.099,measure,4984.0,984.0,4.9043,59.38
283.199,measure,4984.0,984.0,4.9043,59.44
283.299,measure,4984.0,984.0,4.9043,59.44
283.400,measure,4984.0,984.0,4.9043,59.44
283.500,measure,4984.0,984.0,4.9043,59.44
283.600,measure,4984.0,976.0,4.8644,59.38
283.700,measure,4984.0,984.0,4.9043,59.41
283.800,measure,4984.0,976.0,4.8644,59.38
283.900,measure,4984.0,976.0,4.8644,59.34
284.000,measure,4984.0,976.0,4.8644,59.34
284.100,measure,4984.0,976.0,4.8644,59.50
284.201,measure,4984.0,976.0,4.8644,59.50
284.301,measure,4984.0,976.0,4.8644,59.47
284.401,measure,4984.0,976.0,4.8644,59.41
284.501,measure,4984.0,976.0,4.8644,59.41
284.601,measure,4984.0,976.0,4.8644,59.41
284.701,measure,4984.0,984.0,4.9043,59.34
284.801,measure,4984.0,984.0,4.9043,59.31
284.902,measure,4984.0,984.0,4.9043,59.34
285.002,measure,4984.0,984.0,4.9043,59.44
285.102,measure,4984.0,984.0,4.9043,59.47
285.202,measure,4984.0,976.0,4.8644,59.50
285.302,measure,4984.0,976.0,4.8644,59.41
285.402,measure,4984.0,976.0,4.8644,59.41
285.502,measure,4984.0,976.0,4.8644,59.34
285.602,measure,4984.0,976.0,4.8644,59.38
285.703,measure,4984.0,976.0,4.8644,59.41
285.803,measure,4984.0,976.0,4.8644,59.34
285.903,measure,4984.0,976.0,4.8644,59.44
286.003,measure,4984.0,976.0,4.8644,59.47
286.103,measure,4984.0,976.0,4.8644,59.41
286.203,measure,4984.0,976.0,4.8644,59.38
286.303,measure,4984.0,976.0,4.8644,59.41
286.403,measure,4984.0,976.0,4.8644,59.41
286.504,measure,4984.0,976.0,4.8644,59.38
286.604,measure,4984.0,976.0,4.8644,59.34
286.704,measure,4984.0,976.0,4.8644,59.41
286.804,measure,4984.0,984.0,4.9043,59.44
286.904,measure,4984.0,984.0,4.9043,59.47
287.004,measure,4984.0,976.0,4.8644,59.41
287.104,measure,4984.0,976.0,4.8644,59.44
287.205,measure,4984.0,976.0,4.8644,59.41
287.305,measure,4984.0,976.0,4.8644,59.41
287.405,measure,4984.0,976.0,4.8644,59.34
287.505,measure,4984.0,976.0,4.8644,59.31
287.605,measure,4984.0,976.0,4.8644,59.31
287.705,measure,4984.0,976.0,4.8644,59.53
287.805,measure,4984.0,984.0,4.9043,59.53
287.905,measure,4984.0,984.0,4.9043,59.41
288.006,measure,4984.0,984.0,4.9043,59.41
288.106,measure,4984.0,984.0,4.9043,59.38
288.206,measure,4984.0,984.0,4.9043,59.41
288.306,measure,4984.0,976.0,4.8644,59.34
288.406,measure,4984.0,984.0,4.9043,59.31
288.506,measure,4984.0,976.0,4.8644,59.31
288.606,measure,4984.0,976.0,4.8644,59.53
288.707,measure,4984.0,976.0,4.8644,59.50
288.807,measure,4984.0,984.0,4.9043,59.50
288.907,measure,4984.0,976.0,4.8644,59.41
289.007,measure,4984.0,976.0,4.8644,59.41
289.107,measure,4984.0,976.0,4.8644,59.38
289.207,measure,4984.0,976.0,4.8644,59.41
289.307,measure,4984.0,984.0,4.9043,59.31
289.407,measure,4984.0,976.0,4.8644,59.38
289.508,measure,4984.0,984.0,4.9043,59.53
289.608,measure,4984.0,984.0,4.9043,59.53
289.708,measure,4984.0,984.0,4.9043,59.50
289.808,measure,4984.0,984.0,4.9043,59.50
289.908,measure,4984.0,984.0,4.9043,59.41
290.009,measure,4984.0,984.0,4.9043,59.38
290.109,measure,4984.0,984.0,4.9043,59.41
290.209,measure,4984.0,984.0,4.9043,59.34
290.309,measure,4984.0,984.0,4.9043,59.38
290.409,measure,4984.0,984.0,4.9043,59.53
290.509,measure,4984.0,984.0,4.9043,59.44
290.609,measure,4984.0,984.0,4.9043,59.47
290.709,measure,4984.0,984.0,4.9043,59.41
290.809,measure,4984.0,984.0,4.9043,59.44
290.910,measure,4984.0,984.0,4.9043,59.44
291.010,measure,4984.0,984.0,4.9043,59.41
291.110,measure,4984.0,984.0,4.9043,59.38
291.210,measure,4984.0,984.0,4.9043,59.31
291.310,measure,4984.0,984.0,4.9043,59.31
291.410,measure,4984.0,976.0,4.8644,59.56
291.510,measure,4984.0,976.0,4.8644,59.41
291.610,measure,4984.0,976.0,4.8644,59.41
291.711,measure,4984.0,976.0,4.8644,59.41
291.811,measure,4984.0,976.0,4.8644,59.38
291.911,measure,4984.0,984.0,4.9043,59.44
292.011,measure,4984.0,984.0,4.9043,59.38
292.111,measure,4984.0,984.0,4.9043,59.38
292.211,measure,4984.0,984.0,4.9043,59.38
292.311,measure,4984.0,984.0,4.9043,59.50
292.412,measure,4984.0,984.0,4.9043,59.47
292.512,measure,4984.0,984.0,4.9043,59.44
292.612,measure,4984.0,984.0,4.9043,59.41
292.712,measure,4984.0,984.0,4.9043,59.41
292.812,measure,4984.0,984.0,4.9043,59.34
292.912,measure,4984.0,984.0,4.9043,59.41
293.012,measure,4984.0,984.0,4.9043,59.41
293.112,measure,4984.0,984.0,4.9043,59.28
293.213,measure,4984.0,984.0,4.9043,59.56
293.313,measure,4984.0,984.0,4.9043,59.44
293.413,measure,4984.0,976.0,4.8644,59.44
293.513,measure,4984.0,984.0,4.9043,59.38
293.613,measure,4984.0,976.0,4.8644,59.44
293.713,measure,4984.0,976.0,4.8644,59.34
293.813,measure,4984.0,976.0,4.8644,59.34
293.913,measure,4984.0,984.0,4.9043,59.34
294.013,measure,4984.0,976.0,4.8644,59.41
294.114,measure,4984.0,984.0,4.9043,59.41
294.214,measure,4984.0,976.0,4.8644,59.47
294.314,measure,4984.0,984.0,4.9043,59.41
294.414,measure,4984.0,976.0,4.8644,59.44
294.514,measure,4984.0,976.0,4.8644,59.31
294.614,measure,4984.0,976.0,4.8644,59.41
294.714,measure,4984.0,976.0,4.8644,59.34
294.815,measure,4984.0,976.0,4.8644,59.31
294.915,measure,4984.0,984.0,4.9043,59.34
295.015,measure,4984.0,984.0,4.9043,59.47
295.115,measure,4984.0,984.0,4.9043,59.44
295.215,measure,4984.0,984.0,4.9043,59.44
295.315,measure,4984.0,984.0,4.9043,59.41
295.415,measure,4984.0,984.0,4.9043,59.41
295.515,measure,4984.0,984.0,4.9043,59.38
295.616,measure,4984.0,984.0,4.9043,59.34
295.716,measure,4984.0,984.0,4.9043,59.31
295.816,measure,4984.0,984.0,4.9043,59.34
295.916,measure,4984.0,984.0,4.9043,59.38
296.016,measure,4984.0,984.0,4.9043,59.47
296.116,measure,4984.0,984.0,4.9043,59.53
296.216,measure,4984.0,984.0,4.9043,59.41
296.317,measure,4984.0,984.0,4.9043,59.41
296.417,measure,4984.0,984.0,4.9043,59.38
296.517,measure,4984.0,984.0,4.9043,59.34
296.617,measure,4984.0,984.0,4.9043,59.28
296.717,measure,4984.0,984.0,4.9043,59.34
296.817,measure,4984.0,984.0,4.9043,59.50
296.917,measure,4984.0,984.0,4.9043,59.50
297.017,measure,4984.0,984.0,4.9043,59.44
297.117,measure,4984.0,984.0,4.9043,59.50
297.218,measure,4984.0,984.0,4.9043,59.41
297.318,measure,4984.0,984.0,4.9043,59.41
297.418,measure,4984.0,984.0,4.9043,59.41
297.518,measure,4984.0,984.0,4.9043,59.34
297.618,measure,4984.0,984.0,4.9043,59.38
297.718,measure,4984.0,984.0,4.9043,59.38
297.818,measure,4984.0,984.0,4.9043,59.41
297.918,measure,4984.0,984.0,4.9043,59.53
298.019,measure,4984.0,984.0,4.9043,59.41
298.119,measure,4984.0,984.0,4.9043,59.44
298.219,measure,4984.0,984.0,4.9043,59.41
298.320,measure,4984.0,984.0,4.9043,59.34
298.420,measure,4984.0,984.0,4.9043,59.41
298.520,measure,4984.0,984.0,4.9043,59.38
298.620,measure,4984.0,984.0,4.9043,59.34
298.720,measure,4984.0,984.0,4.9043,59.50
298.820,measure,4984.0,984.0,4.9043,59.47
298.920,measure,4984.0,984.0,4.9043,59.47
299.021,measure,4984.0,984.0,4.9043,59.41
299.121,measure,4984.0,984.0,4.9043,59.38
299.221,measure,4984.0,984.0,4.9043,59.34
299.321,measure,4984.0,984.0,4.9043,59.41
299.421,measure,4984.0,984.0,4.9043,59.34
299.521,measure,4984.0,984.0,4.9043,59.38
299.621,measure,4984.0,984.0,4.9043,59.47
299.721,measure,4984.0,984.0,4.9043,59.56
299.822,measure,4984.0,984.0,4.9043,59.47
299.922,measure,4984.0,984.0,4.9043,59.41
300.022,measure,4984.0,984.0,4.9043,59.41
300.122,measure,4984.0,984.0,4.9043,59.38
300.222,measure,4984.0,984.0,4.9043,59.38
300.322,measure,4984.0,984.0,4.9043,59.38
300.422,measure,4984.0,984.0,4.9043,59.56
300.522,measure,4984.0,984.0,4.9043,59.50
300.623,measure,4984.0,984.0,4.9043,59.50
300.723,measure,4984.0,984.0,4.9043,59.50
300.823,measure,4984.0,984.0,4.9043,59.47
300.923,measure,4984.0,984.0,4.9043,59.44
301.023,measure,4984.0,984.0,4.9043,59.38
301.123,measure,4984.0,984.0,4.9043,59.38
301.223,measure,4984.0,984.0,4.9043,59.38
301.323,measure,4984.0,984.0,4.9043,59.56
301.424,measure,4984.0,984.0,4.9043,59.56
301.524,measure,4984.0,984.0,4.9043,59.50
301.624,measure,4984.0,984.0,4.9043,59.50
301.724,measure,4984.0,984.0,4.9043,59.41
301.824,measure,4984.0,984.0,4.9043,59.41
301.924,measure,4984.0,984.0,4.9043,59.38
302.024,measure,4984.0,984.0,4.9043,59.31
302.125,measure,4984.0,984.0,4.9043,59.38
302.225,measure,4984.0,984.0,4.9043,59.59
302.325,measure,4984.0,984.0,4.9043,59.50
302.425,measure,4984.0,984.0,4.9043,59.47
302.525,measure,4984.0,984.0,4.9043,59.44
302.625,measure,4984.0,984.0,4.9043,59.44
302.725,measure,4984.0,984.0,4.9043,59.44
302.825,measure,4984.0,984.0,4.9043,59.41
302.926,measure,4984.0,984.0,4.9043,59.34
303.026,measure,4984.0,984.0,4.9043,59.34
303.126,measure,4984.0,984.0,4.9043,59.34
303.226,measure,4984.0,984.0,4.9043,59.50
303.326,measure,4984.0,984.0,4.9043,59.47
303.426,measure,4984.0,984.0,4.9043,59.44
303.526,measure,4984.0,984.0,4.9043,59.44
303.626,measure,4984.0,984.0,4.9043,59.41
303.727,measure,4984.0,984.0,4.9043,59.41
303.827,measure,4984.0,984.0,4.9043,59.38
303.927,measure,4984.0,976.0,4.8644,59.38
304.027,measure,4984.0,976.0,4.8644,59.31
304.127,measure,4984.0,984.0,4.9043,59.47
304.227,measure,4984.0,984.0,4.9043,59.47
304.327,measure,4984.0,984.0,4.9043,59.47
304.428,measure,4984.0,984.0,4.9043,59.44
304.528,measure,4984.0,984.0,4.9043,59.31
304.628,measure,4984.0,984.0,4.9043,59.41
304.728,measure,4984.0,984.0,4.9043,59.34
304.828,measure,4984.0,984.0,4.9043,59.31
304.928,measure,4984.0,984.0,4.9043,59.25
305.028,measure,4984.0,984.0,4.9043,59.28
305.128,measure,4984.0,984.0,4.9043,59.50
305.229,measure,4984.0,984.0,4.9043,59.47
305.329,measure,4984.0,984.0,4.9043,59.47
305.429,measure,4984.0,984.0,4.9043,59.31
305.529,measure,4984.0,984.0,4.9043,59.34
305.629,measure,4984.0,984.0,4.9043,59.38
305.730,measure,4984.0,984.0,4.9043,59.28
305.830,measure,4984.0,984.0,4.9043,59.28
305.930,measure,4984.0,976.0,4.8644,59.38
306.030,measure,4984.0,976.0,4.8644,59.59
306.130,measure,4984.0,976.0,4.8644,59.47
306.230,measure,4984.0,984.0,4.9043,59.41
306.330,measure,4984.0,984.0,4.9043,59.41
306.430,measure,4984.0,984.0,4.9043,59.38
306.531,measure,4984.0,984.0,4.9043,59.38
306.631,measure,4984.0,984.0,4.9043,59.31
306.731,measure,4984.0,984.0,4.9043,59.28
306.831,measure,4984.0,976.0,4.8644,59.31
306.931,measure,4984.0,976.0,4.8644,59.50
307.031,measure,4984.0,976.0,4.8644,59.41
307.131,measure,4984.0,984.0,4.9043,59.44
307.232,measure,4984.0,984.0,4.9043,59.38
307.332,measure,4984.0,984.0,4.9043,59.38
307.432,measure,4984.0,984.0,4.9043,59.31
307.532,measure,4984.0,984.0,4.9043,59.34
307.632,measure,4984.0,984.0,4.9043,59.34
307.732,measure,4984.0,976.0,4.8644,59.38
307.832,measure,4984.0,976.0,4.8644,59.50
307.932,measure,4984.0,976.0,4.8644,59.50
308.033,measure,4984.0,976.0,4.8644,59.38
308.133,measure,4984.0,976.0,4.8644,59.38
308.233,measure,4984.0,984.0,4.9043,59.41
308.333,measure,4984.0,984.0,4.9043,59.31
308.433,measure,4984.0,984.0,4.9043,59.34
308.533,measure,4984.0,976.0,4.8644,59.34
308.633,measure,4984.0,976.0,4.8644,59.31
308.733,measure,4984.0,976.0,4.8644,59.50
308.834,measure,4984.0,976.0,4.8644,59.47
308.934,measure,4984.0,976.0,4.8644,59.44
309.034,measure,4984.0,976.0,4.8644,59.44
309.134,measure,4984.0,976.0,4.8644,59.47
309.234,measure,4984.0,976.0,4.8644,59.38
309.334,measure,4984.0,976.0,4.8644,59.34
309.434,measure,4984.0,976.0,4.8644,59.38
309.534,measure,4984.0,976.0,4.8644,59.38
309.635,measure,4984.0,976.0,4.8644,59.56
309.735,measure,4984.0,976.0,4.8644,59.41
309.835,measure,4984.0,976.0,4.8644,59.47
309.935,measure,4984.0,976.0,4.8644,59.41
310.035,measure,4984.0,976.0,4.8644,59.41
310.135,measure,4984.0,976.0,4.8644,59.41
310.235,measure,4984.0,976.0,4.8644,59.31
310.336,measure,4984.0,976.0,4.8644,59.41
310.436,measure,4984.0,976.0,4.8644,59.38
310.536,measure,4984.0,976.0,4.8644,59.47
310.636,measure,4984.0,976.0,4.8644,59.47
310.736,measure,4984.0,976.0,4.8644,59.41
310.836,measure,4984.0,976.0,4.8644,59.38
310.936,measure,4984.0,976.0,4.8644,59.41
311.036,measure,4984.0,976.0,4.8644,59.41
311.137,measure,4984.0,976.0,4.8644,59.41
311.237,measure,4984.0,976.0,4.8644,59.41
311.337,measure,4984.0,976.0,4.8644,59.28
311.437,measure,4984.0,976.0,4.8644,59.47
311.537,measure,4984.0,976.0,4.8644,59.53
311.637,measure,4984.0,976.0,4.8644,59.47
311.737,measure,4984.0,976.0,4.8644,59.41
311.838,measure,4984.0,976.0,4.8644,59.44
311.938,measure,4984.0,976.0,4.8644,59.41
312.038,measure,4984.0,976.0,4.8644,59.44
312.138,measure,4984.0,976.0,4.8644,59.41
312.238,measure,4984.0,976.0,4.8644,59.31
312.338,measure,4984.0,976.0,4.8644,59.50
312.438,measure,4984.0,976.0,4.8644,59.53
312.538,measure,4984.0,976.0,4.8644,59.41
312.639,measure,4984.0,976.0,4.8644,59.47
312.739,measure,4984.0,976.0,4.8644,59.31
312.839,measure,4984.0,976.0,4.8644,59.41
312.939,measure,4984.0,976.0,4.8644,59.41
313.039,measure,4984.0,976.0,4.8644,59.31
313.139,measure,4984.0,984.0,4.9043,59.41
313.239,measure,4984.0,976.0,4.8644,59.50
313.340,measure,4984.0,984.0,4.9043,59.47
313.440,measure,4984.0,984.0,4.9043,59.47
313.540,measure,4984.0,984.0,4.9043,59.44
313.640,measure,4984.0,984.0,4.9043,59.44
313.740,measure,4984.0,984.0,4.9043,59.41
313.840,measure,4984.0,976.0,4.8644,59.41
313.940,measure,4984.0,976.0,4.8644,59.34
314.040,measure,4984.0,976.0,4.8644,59.28
314.141,measure,4984.0,976.0,4.8644,59.50
314.241,measure,4984.0,976.0,4.8644,59.56
314.341,measure,4984.0,976.0,4.8644,59.47
314.441,measure,4984.0,976.0,4.8644,59.47
314.541,measure,4984.0,976.0,4.8644,59.41
314.641,measure,4984.0,976.0,4.8644,59.41
314.741,measure,4984.0,976.0,4.8644,59.34
314.842,measure,4984.0,976.0,4.8644,59.38
314.942,measure,4984.0,976.0,4.8644,59.41
315.042,measure,4984.0,976.0,4.8644,59.53
315.142,measure,4984.0,976.0,4.8644,59.50
315.242,measure,4984.0,976.0,4.8644,59.47
315.342,measure,4984.0,976.0,4.8644,59.44
315.442,measure,4984.0,976.0,4.8644,59.47
315.543,measure,4984.0,976.0,4.8644,59.34
315.643,measure,4984.0,976.0,4.8644,59.41
315.743,measure,4984.0,976.0,4.8644,59.28
315.843,measure,4984.0,976.0,4.8644,59.41
315.943,measure,4984.0,976.0,4.8644,59.56
316.043,measure,4984.0,976.0,4.8644,59.50
316.143,measure,4984.0,976.0,4.8644,59.50
316.243,measure,4984.0,976.0,4.8644,59.41
316.344,measure,4984.0,976.0,4.8644,59.41
316.444,measure,4984.0,976.0,4.8644,59.34
316.544,measure,4984.0,976.0,4.8644,59.34
316.644,measure,4984.0,976.0,4.8644,59.34
316.744,measure,4984.0,976.0,4.8644,59.41
316.844,measure,4984.0,976.0,4.8644,59.41
316.944,measure,4984.0,976.0,4.8644,59.47
317.045,measure,4984.0,976.0,4.8644,59.47
317.145,measure,4984.0,976.0,4.8644,59.41
317.245,measure,4984.0,976.0,4.8644,59.44
317.345,measure,4984.0,976.0,4.8644,59.41
317.445,measure,4984.0,984.0,4.9043,59.31
317.545,measure,4984.0,976.0,4.8644,59.41
317.645,measure,4984.0,984.0,4.9043,59.28
317.746,measure,4984.0,984.0,4.9043,59.28
317.846,measure,4984.0,992.0,4.9441,59.59
317.946,measure,4984.0,992.0,4.9441,59.47
318.046,measure,4984.0,1000.0,4.9840,59.47
318.146,measure,4984.0,1048.0,5.2232,59.44
318.246,measure,4984.0,1072.0,5.3428,59.41
318.346,measure,4976.0,1104.0,5.4935,59.38
318.447,measure,4976.0,1128.0,5.6129,59.41
318.547,measure,4976.0,1128.0,5.6129,59.38
318.647,measure,4976.0,1096.0,5.4537,59.31
318.747,measure,4976.0,1080.0,5.3741,59.38
318.847,measure,4976.0,1112.0,5.5333,59.50
318.947,measure,4976.0,1120.0,5.5731,59.47
319.048,measure,4976.0,1128.0,5.6129,59.44
319.148,measure,4976.0,1136.0,5.6527,59.44
319.248,measure,4976.0,1136.0,5.6527,59.44
319.348,measure,4976.0,1104.0,5.4935,59.38
319.448,measure,4976.0,1080.0,5.3741,59.41
319.548,measure,4984.0,1056.0,5.2631,59.38
319.648,measure,4984.0,1040.0,5.1834,59.41
319.748,measure,4984.0,1024.0,5.1036,59.53
319.849,measure,4984.0,1016.0,5.0637,59.47
319.949,measure,4984.0,1008.0,5.0239,59.41
320.049,measure,4984.0,1000.0,4.9840,59.41
320.149,measure,4984.0,1000.0,4.9840,59.41
320.249,measure,4984.0,992.0,4.9441,59.41
320.349,measure,4984.0,992.0,4.9441,59.38
320.449,measure,4984.0,984.0,4.9043,59.41
320.550,measure,4984.0,984.0,4.9043,59.34
320.650,measure,4984.0,984.0,4.9043,59.53
320.750,measure,4984.0,984.0,4.9043,59.47
320.850,measure,4984.0,984.0,4.9043,59.44
320.950,measure,4984.0,984.0,4.9043,59.41
321.050,measure,4984.0,984.0,4.9043,59.41
321.151,measure,4984.0,976.0,4.8644,59.41
321.251,measure,4984.0,976.0,4.8644,59.38
321.351,measure,4984.0,976.0,4.8644,59.31
321.451,measure,4984.0,976.0,4.8644,59.25
321.551,measure,4984.0,976.0,4.8644,59.47
321.651,measure,4984.0,976.0,4.8644,59.50
321.751,measure,4984.0,976.0,4.8644,59.44
321.852,measure,4984.0,976.0,4.8644,59.41
321.952,measure,4984.0,976.0,4.8644,59.34
322.052,measure,4984.0,976.0,4.8644,59.34
322.152,measure,4984.0,976.0,4.8644,59.38
322.252,measure,4984.0,976.0,4.8644,59.41
322.352,measure,4984.0,976.0,4.8644,59.31
322.453,measure,4984.0,976.0,4.8644,59.28
322.553,measure,4984.0,976.0,4.8644,59.62
322.653,measure,4984.0,976.0,4.8644,59.47
322.753,measure,4984.0,984.0,4.9043,59.44
322.854,measure,4984.0,976.0,4.8644,59.41
322.954,measure,4984.0,976.0,4.8644,59.31
323.054,measure,4984.0,976.0,4.8644,59.41
323.154,measure,4984.0,976.0,4.8644,59.41
323.254,measure,4984.0,976.0,4.8644,59.34
323.354,measure,4984.0,976.0,4.8644,59.34
323.454,measure,4984.0,976.0,4.8644,59.47
323.555,measure,4984.0,976.0,4.8644,59.50
323.655,measure,4984.0,976.0,4.8644,59.47
323.755,measure,4984.0,976.0,4.8644,59.41
323.855,measure,4984.0,976.0,4.8644,59.38
323.955,measure,4984.0,976.0,4.8644,59.41
324.055,measure,4984.0,976.0,4.8644,59.41
324.155,measure,4984.0,976.0,4.8644,59.41
324.256,measure,4984.0,976.0,4.8644,59.38
324.356,measure,4984.0,984.0,4.9043,59.47
324.456,measure,4984.0,976.0,4.8644,59.53
324.556,measure,4984.0,976.0,4.8644,59.50
324.656,measure,4984.0,984.0,4.9043,59.38
324.756,measure,4984.0,976.0,4.8644,59.41
324.856,measure,4984.0,976.0,4.8644,59.41
324.957,measure,4984.0,976.0,4.8644,59.34
325.057,measure,4984.0,976.0,4.8644,59.44
325.157,measure,4984.0,976.0,4.8644,59.34
325.257,measure,4984.0,976.0,4.8644,59.47
325.357,measure,4984.0,976.0,4.8644,59.44
325.457,measure,4984.0,976.0,4.8644,59.47
325.557,measure,4984.0,976.0,4.8644,59.41
325.658,measure,4984.0,976.0,4.8644,59.44
325.758,measure,4984.0,976.0,4.8644,59.34
325.858,measure,4984.0,976.0,4.8644,59.28
325.958,measure,4984.0,976.0,4.8644,59.28
326.058,measure,4984.0,976.0,4.8644,59.38
326.158,measure,4984.0,976.0,4.8644,59.41
326.258,measure,4984.0,976.0,4.8644,59.50
326.358,measure,4984.0,976.0,4.8644,59.47
326.459,measure,4984.0,976.0,4.8644,59.41
326.559,measure,4984.0,976.0,4.8644,59.44
326.659,measure,4984.0,976.0,4.8644,59.34
326.759,measure,4984.0,976.0,4.8644,59.34
326.859,measure,4984.0,976.0,4.8644,59.38
326.959,measure,4984.0,976.0,4.8644,59.31
327.059,measure,4984.0,976.0,4.8644,59.47
327.160,measure,4984.0,976.0,4.8644,59.53
327.260,measure,4984.0,976.0,4.8644,59.47
327.360,measure,4984.0,976.0,4.8644,59.41
327.460,measure,4984.0,976.0,4.8644,59.34
327.560,measure,4984.0,976.0,4.8644,59.41
327.660,measure,4984.0,976.0,4.8644,59.34
327.760,measure,4984.0,976.0,4.8644,59.38
327.861,measure,4984.0,976.0,4.8644,59.31
327.961,measure,4984.0,976.0,4.8644,59.50
328.061,measure,4984.0,976.0,4.8644,59.53
328.161,measure,4984.0,976.0,4.8644,59.41
328.261,measure,4984.0,976.0,4.8644,59.41
328.361,measure,4984.0,976.0,4.8644,59.41
328.461,measure,4984.0,976.0,4.8644,59.38
328.561,measure,4984.0,976.0,4.8644,59.41
328.662,measure,4984.0,984.0,4.9043,59.34
328.762,measure,4984.0,984.0,4.9043,59.34
328.862,measure,4984.0,984.0,4.9043,59.50
328.962,measure,4984.0,984.0,4.9043,59.47
329.062,measure,4984.0,984.0,4.9043,59.41
329.162,measure,4984.0,984.0,4.9043,59.38
329.262,measure,4984.0,984.0,4.9043,59.41
329.363,measure,4984.0,984.0,4.9043,59.38
329.463,measure,4984.0,984.0,4.9043,59.41
329.563,measure,4984.0,984.0,4.9043,59.28
329.663,measure,4984.0,984.0,4.9043,59.28
329.763,measure,4984.0,984.0,4.9043,59.50
329.863,measure,4984.0,984.0,4.9043,59.53
329.963,measure,4984.0,984.0,4.9043,59.47
330.064,measure,4984.0,984.0,4.9043,59.47
330.164,measure,4984.0,984.0,4.9043,59.41
330.264,measure,4984.0,976.0,4.8644,59.41
330.364,measure,4984.0,976.0,4.8644,59.41
330.464,measure,4984.0,976.0,4.8644,59.34
330.564,measure,4984.0,976.0,4.8644,59.34
330.664,measure,4984.0,976.0,4.8644,59.56
330.764,measure,4984.0,984.0,4.9043,59.50
330.865,measure,4984.0,984.0,4.9043,59.44
330.965,measure,4984.0,984.0,4.9043,59.38
331.065,measure,4984.0,984.0,4.9043,59.44
331.165,measure,4984.0,984.0,4.9043,59.41
331.265,measure,4984.0,984.0,4.9043,59.41
331.365,measure,4984.0,984.0,4.9043,59.38
331.465,measure,4984.0,984.0,4.9043,59.38
331.566,measure,4984.0,984.0,4.9043,59.56
331.666,measure,4984.0,984.0,4.9043,59.50
331.766,measure,4984.0,984.0,4.9043,59.50
331.866,measure,4984.0,984.0,4.9043,59.41
331.966,measure,4984.0,984.0,4.9043,59.41
332.066,measure,4984.0,984.0,4.9043,59.38
332.166,measure,4984.0,984.0,4.9043,59.41
332.266,measure,4984.0,976.0,4.8644,59.34
332.367,measure,4984.0,984.0,4.9043,59.34
332.467,measure,4984.0,976.0,4.8644,59.50
332.567,measure,4984.0,976.0,4.8644,59.50
332.667,measure,4984.0,976.0,4.8644,59.44
332.767,measure,4984.0,984.0,4.9043,59.41
332.867,measure,4984.0,984.0,4.9043,59.44
332.967,measure,4984.0,984.0,4.9043,59.38
333.068,measure,4984.0,976.0,4.8644,59.41
333.168,measure,4984.0,984.0,4.9043,59.31
333.268,measure,4984.0,976.0,4.8644,59.34
333.368,measure,4984.0,976.0,4.8644,59.34
333.468,measure,4984.0,976.0,4.8644,59.62
333.568,measure,4984.0,976.0,4.8644,59.41
333.668,measure,4984.0,976.0,4.8644,59.41
333.768,measure,4984.0,984.0,4.9043,59.44
333.869,measure,4984.0,984.0,4.9043,59.44
333.969,measure,4984.0,984.0,4.9043,59.34
334.069,measure,4984.0,984.0,4.9043,59.34
334.169,measure,4984.0,976.0,4.8644,59.38
334.269,measure,4984.0,976.0,4.8644,59.25
334.369,measure,4984.0,976.0,4.8644,59.56
334.469,measure,4984.0,976.0,4.8644,59.41
334.570,measure,4984.0,976.0,4.8644,59.47
334.670,measure,4984.0,976.0,4.8644,59.41
334.770,measure,4984.0,976.0,4.8644,59.38
334.870,measure,4984.0,984.0,4.9043,59.38
334.970,measure,4984.0,984.0,4.9043,59.31
335.070,measure,4984.0,976.0,4.8644,59.34
335.170,measure,4984.0,976.0,4.8644,59.38
335.270,measure,4984.0,976.0,4.8644,59.44
335.371,measure,4984.0,976.0,4.8644,59.47
335.471,measure,4984.0,976.0,4.8644,59.41
335.571,measure,4984.0,976.0,4.8644,59.38
335.671,measure,4984.0,976.0,4.8644,59.44
335.771,measure,4984.0,976.0,4.8644,59.41
335.871,measure,4984.0,984.0,4.9043,59.41
335.971,measure,4984.0,984.0,4.9043,59.34
336.072,measure,4984.0,984.0,4.9043,59.34
336.172,measure,4984.0,984.0,4.9043,59.50
336.272,measure,4984.0,984.0,4.9043,59.44
336.372,measure,4984.0,984.0,4.9043,59.41
336.472,measure,4984.0,984.0,4.9043,59.41
336.572,measure,4984.0,984.0,4.9043,59.38
336.672,measure,4984.0,984.0,4.9043,59.28
336.772,measure,4984.0,984.0,4.9043,59.31
336.873,measure,4984.0,976.0,4.8644,59.28
336.973,measure,4984.0,984.0,4.9043,59.38
337.073,measure,4984.0,984.0,4.9043,59.56
337.173,measure,4984.0,984.0,4.9043,59.44
337.273,measure,4984.0,984.0,4.9043,59.47
337.373,measure,4984.0,984.0,4.9043,59.47
337.473,measure,4984.0,976.0,4.8644,59.41
337.574,measure,4984.0,976.0,4.8644,59.34
337.674,measure,4984.0,976.0,4.8644,59.38
337.774,measure,4984.0,976.0,4.8644,59.38
337.874,measure,4984.0,976.0,4.8644,59.31
337.974,measure,4984.0,984.0,4.9043,59.41
338.074,measure,4984.0,976.0,4.8644,59.47
338.175,measure,4984.0,976.0,4.8644,59.41
338.275,measure,4984.0,976.0,4.8644,59.44
338.375,measure,4984.0,976.0,4.8644,59.47
338.475,measure,4984.0,976.0,4.8644,59.28
338.575,measure,4984.0,984.0,4.9043,59.41
338.675,measure,4984.0,984.0,4.9043,59.34
338.775,measure,4984.0,984.0,4.9043,59.28
338.875,measure,4984.0,984.0,4.9043,59.53
338.976,measure,4984.0,984.0,4.9043,59.41
339.076,measure,4984.0,984.0,4.9043,59.50
339.176,measure,4984.0,984.0,4.9043,59.41
339.276,measure,4984.0,984.0,4.9043,59.41
339.376,measure,4984.0,984.0,4.9043,59.34
339.476,measure,4984.0,984.0,4.9043,59.41
339.576,measure,4984.0,984.0,4.9043,59.41
339.676,measure,4984.0,984.0,4.9043,59.41
339.777,measure,4984.0,984.0,4.9043,59.53
339.877,measure,4984.0,984.0,4.9043,59.47
339.977,measure,4984.0,984.0,4.9043,59.44
340.077,measure,4984.0,984.0,4.9043,59.50
340.177,measure,4984.0,984.0,4.9043,59.41
340.277,measure,4984.0,984.0,4.9043,59.41
340.377,measure,4984.0,984.0,4.9043,59.41
340.477,measure,4984.0,984.0,4.9043,59.41
340.578,measure,4984.0,984.0,4.9043,59.34
340.678,measure,4984.0,984.0,4.9043,59.53
340.778,measure,4984.0,984.0,4.9043,59.53
340.878,measure,4984.0,984.0,4.9043,59.53
340.978,measure,4984.0,984.0,4.9043,59.41
341.078,measure,4984.0,984.0,4.9043,59.41
341.178,measure,4984.0,984.0,4.9043,59.41
341.279,measure,4984.0,984.0,4.9043,59.34
341.379,measure,4984.0,984.0,4.9043,59.38
341.479,measure,4984.0,984.0,4.9043,59.41
341.579,measure,4984.0,984.0,4.9043,59.53
341.679,measure,4984.0,984.0,4.9043,59.47
341.779,measure,4984.0,984.0,4.9043,59.50
341.879,measure,4984.0,984.0,4.9043,59.41
341.979,measure,4984.0,984.0,4.9043,59.41
342.080,measure,4984.0,984.0,4.9043,59.41
342.180,measure,4984.0,984.0,4.9043,59.38
342.280,measure,4984.0,984.0,4.9043,59.34
342.380,measure,4984.0,984.0,4.9043,59.38
342.480,measure,4984.0,984.0,4.9043,59.53
342.580,measure,4984.0,984.0,4.9043,59.53
342.680,measure,4984.0,984.0,4.9043,59.41
342.781,measure,4984.0,984.0,4.9043,59.41
342.881,measure,4984.0,984.0,4.9043,59.41
342.981,measure,4984.0,984.0,4.9043,59.41
343.081,measure,4984.0,984.0,4.9043,59.38
343.181,measure,4984.0,984.0,4.9043,59.38
343.281,measure,4984.0,984.0,4.9043,59.31
343.381,measure,4984.0,984.0,4.9043,59.53
343.482,measure,4984.0,984.0,4.9043,59.50
343.582,measure,4984.0,984.0,4.9043,59.41
343.682,measure,4984.0,984.0,4.9043,59.44
343.782,measure,4984.0,984.0,4.9043,59.44
343.882,measure,4984.0,984.0,4.9043,59.38
343.982,measure,4984.0,984.0,4.9043,59.34
344.082,measure,4984.0,984.0,4.9043,59.34
344.182,measure,4984.0,984.0,4.9043,59.34
344.283,measure,4984.0,984.0,4.9043,59.31
344.383,measure,4984.0,984.0,4.9043,59.50
344.483,measure,4984.0,984.0,4.9043,59.47
344.583,measure,4984.0,984.0,4.9043,59.41
344.683,measure,4984.0,984.0,4.9043,59.41
344.783,measure,4984.0,984.0,4.9043,59.28
344.883,measure,4984.0,984.0,4.9043,59.31
344.984,measure,4984.0,984.0,4.9043,59.38
345.084,measure,4984.0,984.0,4.9043,59.31
345.184,measure,4984.0,984.0,4.9043,59.34
345.284,measure,4984.0,984.0,4.9043,59.56
345.384,measure,4984.0,984.0,4.9043,59.56
345.484,measure,4984.0,984.0,4.9043,59.41
345.584,measure,4984.0,984.0,4.9043,59.44
345.685,measure,4984.0,984.0,4.9043,59.41
345.785,measure,4984.0,984.0,4.9043,59.38
345.885,measure,4984.0,984.0,4.9043,59.31
345.985,measure,4984.0,984.0,4.9043,59.31
346.085,measure,4984.0,984.0,4.9043,59.38
346.185,measure,4984.0,984.0,4.9043,59.56
346.285,measure,4984.0,984.0,4.9043,59.41
346.386,measure,4984.0,984.0,4.9043,59.44
346.486,measure,4984.0,984.0,4.9043,59.44
346.587,measure,4984.0,984.0,4.9043,59.38
346.687,measure,4984.0,984.0,4.9043,59.41
346.787,measure,4984.0,984.0,4.9043,59.38
346.887,measure,4984.0,984.0,4.9043,59.41
346.987,measure,4984.0,984.0,4.9043,59.31
347.087,measure,4984.0,984.0,4.9043,59.34
347.187,measure,4984.0,984.0,4.9043,59.56
347.287,measure,4984.0,984.0,4.9043,59.41
347.388,measure,4984.0,984.0,4.9043,59.41
347.488,measure,4984.0,984.0,4.9043,59.41
347.588,measure,4984.0,984.0,4.9043,59.41
347.688,measure,4984.0,984.0,4.9043,59.41
347.788,measure,4984.0,984.0,4.9043,59.38
347.888,measure,4984.0,984.0,4.9043,59.38
347.988,measure,4984.0,984.0,4.9043,59.31
348.088,measure,4984.0,984.0,4.9043,59.53
348.189,measure,4984.0,984.0,4.9043,59.44
348.289,measure,4984.0,984.0,4.9043,59.44
348.389,measure,4984.0,984.0,4.9043,59.34
348.489,measure,4984.0,984.0,4.9043,59.31
348.589,measure,4984.0,984.0,4.9043,59.28
348.689,measure,4984.0,984.0,4.9043,59.31
348.789,measure,4984.0,984.0,4.9043,59.38
348.890,measure,4984.0,984.0,4.9043,59.31
348.990,measure,4984.0,984.0,4.9043,59.31
349.090,measure,4984.0,984.0,4.9043,59.44
349.190,measure,4984.0,984.0,4.9043,59.44
349.290,measure,4984.0,984.0,4.9043,59.41
349.390,measure,4984.0,984.0,4.9043,59.38
349.490,measure,4984.0,984.0,4.9043,59.38
349.590,measure,4984.0,984.0,4.9043,59.41
349.691,measure,4984.0,992.0,4.9441,59.31
349.791,measure,4984.0,984.0,4.9043,59.34
349.891,measure,4984.0,984.0,4.9043,59.31
349.991,measure,4984.0,984.0,4.9043,59.50
350.091,measure,4984.0,984.0,4.9043,59.47
350.191,measure,4984.0,984.0,4.9043,59.38
350.291,measure,4984.0,984.0,4.9043,59.38
350.392,measure,4984.0,984.0,4.9043,59.38
350.492,measure,4984.0,984.0,4.9043,59.34
350.592,measure,4984.0,984.0,4.9043,59.41
350.692,measure,4984.0,984.0,4.9043,59.34
350.792,measure,4984.0,984.0,4.9043,59.25
350.892,measure,4984.0,984.0,4.9043,59.47
350.992,measure,4984.0,984.0,4.9043,59.44
351.092,measure,4984.0,984.0,4.9043,59.47
351.193,measure,4984.0,984.0,4.9043,59.41
351.293,measure,4984.0,984.0,4.9043,59.41
351.393,measure,4984.0,984.0,4.9043,59.34
351.493,measure,4984.0,984.0,4.9043,59.31
351.593,measure,4984.0,984.0,4.9043,59.25
351.693,measure,4984.0,984.0,4.9043,59.28
351.793,measure,4984.0,984.0,4.9043,59.50
351.894,measure,4984.0,984.0,4.9043,59.38
351.994,measure,4984.0,984.0,4.9043,59.31
352.094,measure,4984.0,984.0,4.9043,59.31
352.194,measure,4984.0,984.0,4.9043,59.38
352.294,measure,4984.0,984.0,4.9043,59.41
352.394,measure,4984.0,984.0,4.9043,59.38
352.494,measure,4984.0,984.0,4.9043,59.34
352.594,measure,4984.0,984.0,4.9043,59.47
352.695,measure,4984.0,984.0,4.9043,59.47
352.795,measure,4984.0,976.0,4.8644,59.47
352.895,measure,4984.0,976.0,4.8644,59.34
352.995,measure,4984.0,976.0,4.8644,59.34
353.095,measure,4984.0,984.0,4.9043,59.34
353.195,measure,4984.0,984.0,4.9043,59.31
353.295,measure,4984.0,984.0,4.9043,59.31
353.396,measure,4984.0,984.0,4.9043,59.25
353.496,measure,4984.0,984.0,4.9043,59.47
353.596,measure,4984.0,984.0,4.9043,59.41
353.696,measure,4984.0,984.0,4.9043,59.47
353.796,measure,4984.0,984.0,4.9043,59.41
353.896,measure,4984.0,984.0,4.9043,59.41
353.996,measure,4984.0,984.0,4.9043,59.38
354.096,measure,4984.0,984.0,4.9043,59.31
354.197,measure,4984.0,984.0,4.9043,59.31
354.297,measure,4984.0,984.0,4.9043,59.38
354.397,measure,4984.0,984.0,4.9043,59.56
354.497,measure,4984.0,984.0,4.9043,59.53
354.597,measure,4984.0,984.0,4.9043,59.41
354.697,measure,4984.0,984.0,4.9043,59.44
354.797,measure,4984.0,984.0,4.9043,59.34
354.898,measure,4984.0,984.0,4.9043,59.34
354.998,measure,4984.0,984.0,4.9043,59.28
355.098,measure,4984.0,984.0,4.9043,59.38
355.198,measure,4984.0,984.0,4.9043,59.31
355.298,measure,4984.0,984.0,4.9043,59.53
355.398,measure,4984.0,984.0,4.9043,59.50
355.498,measure,4984.0,984.0,4.9043,59.44
355.598,measure,4984.0,984.0,4.9043,59.41
355.699,measure,4984.0,984.0,4.9043,59.38
355.799,measure,4984.0,984.0,4.9043,59.41
355.899,measure,4984.0,984.0,4.9043,59.38
355.999,measure,4984.0,984.0,4.9043,59.31
356.099,measure,4984.0,984.0,4.9043,59.34
356.199,measure,4984.0,984.0,4.9043,59.28
356.299,measure,4984.0,984.0,4.9043,59.47
356.399,measure,4984.0,984.0,4.9043,59.47
356.500,measure,4984.0,984.0,4.9043,59.41
356.600,measure,4984.0,984.0,4.9043,59.44
356.700,measure,4984.0,984.0,4.9043,59.41
356.800,measure,4984.0,984.0,4.9043,59.41
356.900,measure,4984.0,984.0,4.9043,59.34
357.000,measure,4984.0,976.0,4.8644,59.38
357.100,measure,4984.0,984.0,4.9043,59.56
357.201,measure,4984.0,984.0,4.9043,59.53
357.301,measure,4984.0,984.0,4.9043,59.41
357.401,measure,4984.0,984.0,4.9043,59.41
357.501,measure,4984.0,984.0,4.9043,59.41
357.601,measure,4984.0,976.0,4.8644,59.38
357.701,measure,4984.0,976.0,4.8644,59.41
357.801,measure,4984.0,976.0,4.8644,59.28
357.901,measure,4984.0,976.0,4.8644,59.34
358.001,measure,4984.0,976.0,4.8644,59.28
358.102,measure,4984.0,976.0,4.8644,59.47
358.202,measure,4984.0,976.0,4.8644,59.41
358.302,measure,4984.0,976.0,4.8644,59.44
358.402,measure,4984.0,976.0,4.8644,59.41
358.502,measure,4984.0,976.0,4.8644,59.41
358.602,measure,4984.0,976.0,4.8644,59.41
358.702,measure,4984.0,976.0,4.8644,59.34
358.802,measure,4984.0,976.0,4.8644,59.34
358.903,measure,4984.0,976.0,4.8644,59.34
359.003,measure,4984.0,976.0,4.8644,59.50
359.103,measure,4984.0,976.0,4.8644,59.44
359.203,measure,4984.0,976.0,4.8644,59.38
359.303,measure,4984.0,976.0,4.8644,59.44
359.403,measure,4984.0,976.0,4.8644,59.34
359.503,measure,4984.0,976.0,4.8644,59.38
359.603,measure,4984.0,976.0,4.8644,59.31
359.704,measure,4984.0,976.0,4.8644,59.41
359.804,measure,4984.0,976.0,4.8644,59.34
359.904,measure,4984.0,976.0,4.8644,59.53
360.004,measure,4984.0,976.0,4.8644,59.41
360.104,measure,4984.0,976.0,4.8644,59.47
360.204,measure,4984.0,976.0,4.8644,59.44
360.304,measure,4984.0,976.0,4.8644,59.41
