t_rel_s,phase,mv,ma,watt,temp_max_c
0.000,warmup,4984.0,1056.0,5.2631,59.25
0.100,warmup,4984.0,1040.0,5.1834,59.22
0.201,warmup,4984.0,1008.0,5.0239,59.19
0.301,warmup,4984.0,984.0,4.9043,59.47
0.401,warmup,4984.0,976.0,4.8644,59.41
0.501,warmup,4984.0,968.0,4.8245,59.38
0.601,warmup,4984.0,952.0,4.7448,59.34
0.701,warmup,4992.0,952.0,4.7524,59.25
0.801,warmup,4992.0,944.0,4.7124,59.28
0.902,warmup,4992.0,936.0,4.6725,59.22
1.002,warmup,4992.0,936.0,4.6725,59.25
1.102,warmup,4992.0,936.0,4.6725,59.25
1.202,warmup,4992.0,928.0,4.6326,59.38
1.302,warmup,4992.0,928.0,4.6326,59.41
1.402,warmup,4992.0,928.0,4.6326,59.41
1.502,warmup,4992.0,928.0,4.6326,59.31
1.602,warmup,4992.0,928.0,4.6326,59.31
1.703,warmup,4992.0,928.0,4.6326,59.22
1.803,warmup,4992.0,928.0,4.6326,59.28
1.903,warmup,4992.0,928.0,4.6326,59.22
2.003,warmup,4992.0,928.0,4.6326,59.22
2.103,warmup,4992.0,928.0,4.6326,59.44
2.203,warmup,4992.0,928.0,4.6326,59.41
2.304,warmup,4992.0,928.0,4.6326,59.34
2.404,warmup,4992.0,928.0,4.6326,59.31
2.504,warmup,4992.0,928.0,4.6326,59.31
2.604,warmup,4992.0,928.0,4.6326,59.31
2.704,warmup,4992.0,928.0,4.6326,59.25
2.804,warmup,4992.0,928.0,4.6326,59.19
2.904,warmup,4992.0,928.0,4.6326,59.19
3.005,warmup,4992.0,928.0,4.6326,59.41
3.105,warmup,4992.0,928.0,4.6326,59.41
3.205,warmup,4992.0,920.0,4.5926,59.41
3.305,warmup,4992.0,920.0,4.5926,59.25
3.405,warmup,4992.0,928.0,4.6326,59.34
3.505,warmup,4992.0,928.0,4.6326,59.16
3.605,warmup,4992.0,928.0,4.6326,59.12
3.706,warmup,4992.0,928.0,4.6326,59.25
3.806,warmup,4992.0,928.0,4.6326,59.22
3.907,warmup,4992.0,928.0,4.6326,59.19
4.007,warmup,4992.0,928.0,4.6326,59.38
4.107,warmup,4992.0,928.0,4.6326,59.34
4.208,warmup,4992.0,928.0,4.6326,59.41
4.308,warmup,4992.0,928.0,4.6326,59.31
4.408,warmup,4992.0,928.0,4.6326,59.25
4.509,warmup,4992.0,928.0,4.6326,59.28
4.609,warmup,4992.0,928.0,4.6326,59.28
4.709,warmup,4992.0,928.0,4.6326,59.31
4.809,warmup,4992.0,928.0,4.6326,59.22
4.909,warmup,4992.0,928.0,4.6326,59.22
5.010,warmup,4992.0,928.0,4.6326,59.16
5.110,warmup,4992.0,928.0,4.6326,59.41
5.210,warmup,4992.0,928.0,4.6326,59.41
5.310,warmup,4992.0,928.0,4.6326,59.31
5.410,warmup,4992.0,928.0,4.6326,59.28
5.511,warmup,4992.0,928.0,4.6326,59.28
5.611,warmup,4992.0,928.0,4.6326,59.19
5.711,warmup,4992.0,928.0,4.6326,59.25
5.811,warmup,4992.0,928.0,4.6326,59.12
5.911,warmup,4992.0,928.0,4.6326,59.16
6.011,warmup,4992.0,928.0,4.6326,59.38
6.112,warmup,4992.0,928.0,4.6326,59.38
6.212,warmup,4992.0,928.0,4.6326,59.38
6.312,warmup,4992.0,928.0,4.6326,59.25
6.413,warmup,4992.0,928.0,4.6326,59.28
6.513,warmup,4992.0,928.0,4.6326,59.25
6.613,warmup,4992.0,928.0,4.6326,59.25
6.714,warmup,4992.0,928.0,4.6326,59.16
6.814,warmup,4992.0,928.0,4.6326,59.12
6.914,warmup,4992.0,928.0,4.6326,59.22
7.014,warmup,4992.0,928.0,4.6326,59.41
7.114,warmup,4992.0,928.0,4.6326,59.38
7.214,warmup,4992.0,928.0,4.6326,59.28
7.314,warmup,4992.0,928.0,4.6326,59.31
7.415,warmup,4992.0,928.0,4.6326,59.28
7.515,warmup,4992.0,928.0,4.6326,59.19
7.615,warmup,4992.0,928.0,4.6326,59.19
7.715,warmup,4992.0,928.0,4.6326,59.25
7.815,warmup,4992.0,928.0,4.6326,59.12
7.915,warmup,4992.0,928.0,4.6326,59.12
8.015,warmup,4992.0,928.0,4.6326,59.38
8.116,warmup,4992.0,928.0,4.6326,59.41
8.216,warmup,4992.0,928.0,4.6326,59.25
8.316,warmup,4992.0,928.0,4.6326,59.22
8.416,warmup,4992.0,928.0,4.6326,59.28
8.516,warmup,4992.0,928.0,4.6326,59.28
8.616,warmup,4992.0,928.0,4.6326,59.19
8.716,warmup,4992.0,928.0,4.6326,59.12
8.816,warmup,4992.0,928.0,4.6326,59.41
8.917,warmup,4992.0,928.0,4.6326,59.38
9.017,warmup,4992.0,928.0,4.6326,59.31
9.117,warmup,4992.0,928.0,4.6326,59.22
9.217,warmup,4992.0,928.0,4.6326,59.31
9.317,warmup,4992.0,928.0,4.6326,59.22
9.417,warmup,4992.0,928.0,4.6326,59.19
9.517,warmup,4992.0,928.0,4.6326,59.19
9.618,warmup,4992.0,928.0,4.6326,59.22
9.718,warmup,4992.0,928.0,4.6326,59.31
9.818,warmup,4992.0,928.0,4.6326,59.34
9.918,warmup,4992.0,928.0,4.6326,59.31
10.018,warmup,4992.0,928.0,4.6326,59.22
10.118,warmup,4992.0,928.0,4.6326,59.22
10.218,warmup,4992.0,928.0,4.6326,59.22
10.318,warmup,4992.0,928.0,4.6326,59.25
10.419,warmup,4992.0,928.0,4.6326,59.19
10.519,warmup,4992.0,928.0,4.6326,59.12
10.619,warmup,4992.0,928.0,4.6326,59.31
10.720,warmup,4992.0,928.0,4.6326,59.34
10.820,warmup,4992.0,928.0,4.6326,59.34
10.920,warmup,4992.0,920.0,4.5926,59.25
11.021,warmup,4992.0,920.0,4.5926,59.19
11.121,warmup,4992.0,920.0,4.5926,59.22
11.221,warmup,4992.0,920.0,4.5926,59.25
11.321,warmup,4992.0,920.0,4.5926,59.16
11.421,warmup,4992.0,928.0,4.6326,59.19
11.521,warmup,4992.0,928.0,4.6326,59.06
11.622,warmup,4992.0,928.0,4.6326,59.41
11.722,warmup,4992.0,928.0,4.6326,59.38
11.822,warmup,4992.0,928.0,4.6326,59.25
11.922,warmup,4992.0,928.0,4.6326,59.31
12.022,warmup,4992.0,928.0,4.6326,59.28
12.122,warmup,4992.0,928.0,4.6326,59.12
12.223,warmup,4992.0,928.0,4.6326,59.19
12.323,warmup,4992.0,928.0,4.6326,59.19
12.423,warmup,4992.0,928.0,4.6326,59.12
12.523,warmup,4992.0,928.0,4.6326,59.19
12.623,warmup,4992.0,928.0,4.6326,59.38
12.723,warmup,4992.0,928.0,4.6326,59.31
12.824,warmup,4992.0,928.0,4.6326,59.34
12.924,warmup,4992.0,928.0,4.6326,59.22
13.024,warmup,4992.0,920.0,4.5926,59.19
13.125,warmup,4992.0,920.0,4.5926,59.25
13.225,warmup,4992.0,920.0,4.5926,59.16
13.325,warmup,4992.0,920.0,4.5926,59.19
13.426,warmup,4992.0,920.0,4.5926,59.16
13.526,warmup,4992.0,920.0,4.5926,59.41
13.626,warmup,4992.0,920.0,4.5926,59.41
13.726,warmup,4992.0,928.0,4.6326,59.28
13.827,warmup,4992.0,928.0,4.6326,59.31
13.927,warmup,4992.0,928.0,4.6326,59.19
14.027,warmup,4992.0,928.0,4.6326,59.31
14.128,warmup,4992.0,928.0,4.6326,59.16
14.228,warmup,4992.0,928.0,4.6326,59.16
14.328,warmup,4992.0,928.0,4.6326,59.12
14.428,warmup,4992.0,928.0,4.6326,59.16
14.528,warmup,4992.0,928.0,4.6326,59.19
14.629,warmup,4992.0,928.0,4.6326,59.34
14.729,warmup,4992.0,928.0,4.6326,59.28
14.829,warmup,4992.0,928.0,4.6326,59.22
14.929,warmup,4992.0,928.0,4.6326,59.22
15.029,warmup,4992.0,928.0,4.6326,59.19
15.129,warmup,4992.0,928.0,4.6326,59.19
15.229,warmup,4992.0,928.0,4.6326,59.12
15.330,warmup,4992.0,928.0,4.6326,59.09
15.430,warmup,4992.0,920.0,4.5926,59.19
15.530,warmup,4992.0,920.0,4.5926,59.31
15.631,warmup,4992.0,920.0,4.5926,59.25
15.731,warmup,4992.0,928.0,4.6326,59.34
15.831,warmup,4992.0,920.0,4.5926,59.25
15.932,warmup,4992.0,920.0,4.5926,59.16
16.032,warmup,4992.0,920.0,4.5926,59.22
16.132,warmup,4992.0,920.0,4.5926,59.16
16.233,warmup,4992.0,920.0,4.5926,59.22
16.333,warmup,4992.0,920.0,4.5926,59.16
16.433,warmup,4992.0,920.0,4.5926,59.16
16.533,warmup,4992.0,920.0,4.5926,59.41
16.634,warmup,4992.0,920.0,4.5926,59.41
16.734,warmup,4992.0,920.0,4.5926,59.34
16.834,warmup,4992.0,920.0,4.5926,59.19
16.934,warmup,4992.0,920.0,4.5926,59.19
17.034,warmup,4992.0,920.0,4.5926,59.22
17.134,warmup,4992.0,920.0,4.5926,59.09
17.234,warmup,4992.0,920.0,4.5926,59.06
17.334,warmup,4992.0,920.0,4.5926,59.09
17.435,warmup,4992.0,920.0,4.5926,59.34
17.535,warmup,4992.0,920.0,4.5926,59.28
17.635,warmup,4992.0,920.0,4.5926,59.31
17.735,warmup,4992.0,920.0,4.5926,59.16
17.835,warmup,4992.0,928.0,4.6326,59.19
17.935,warmup,4992.0,920.0,4.5926,59.22
18.035,warmup,4992.0,920.0,4.5926,59.19
18.136,warmup,4992.0,920.0,4.5926,59.16
18.236,warmup,4992.0,920.0,4.5926,59.09
18.336,warmup,4992.0,920.0,4.5926,59.12
18.436,warmup,4992.0,920.0,4.5926,59.34
18.536,warmup,4992.0,920.0,4.5926,59.34
18.636,warmup,4992.0,920.0,4.5926,59.25
18.736,warmup,4992.0,920.0,4.5926,59.19
18.836,warmup,4992.0,920.0,4.5926,59.19
18.936,warmup,4992.0,920.0,4.5926,59.12
19.037,warmup,4992.0,920.0,4.5926,59.09
19.137,warmup,4992.0,920.0,4.5926,59.16
19.237,warmup,4992.0,920.0,4.5926,59.31
19.337,warmup,4992.0,920.0,4.5926,59.22
19.437,warmup,4992.0,920.0,4.5926,59.25
19.537,warmup,4992.0,920.0,4.5926,59.25
19.637,warmup,4992.0,920.0,4.5926,59.22
19.737,warmup,4992.0,920.0,4.5926,59.22
19.838,warmup,4992.0,920.0,4.5926,59.12
19.938,warmup,4992.0,920.0,4.5926,59.06
20.038,warmup,4992.0,920.0,4.5926,59.12
20.138,warmup,4992.0,920.0,4.5926,59.34
20.238,warmup,4992.0,920.0,4.5926,59.34
20.338,warmup,4992.0,920.0,4.5926,59.22
20.438,warmup,4992.0,920.0,4.5926,59.22
20.539,warmup,4992.0,920.0,4.5926,59.16
20.639,warmup,4992.0,920.0,4.5926,59.09
20.739,warmup,4992.0,920.0,4.5926,59.16
20.839,warmup,4992.0,920.0,4.5926,59.03
20.939,warmup,4992.0,920.0,4.5926,59.12
21.039,warmup,4992.0,920.0,4.5926,59.34
21.139,warmup,4992.0,920.0,4.5926,59.31
21.239,warmup,4992.0,920.0,4.5926,59.19
21.339,warmup,4992.0,920.0,4.5926,59.16
21.440,warmup,4992.0,920.0,4.5926,59.19
21.540,warmup,4992.0,920.0,4.5926,59.19
21.640,warmup,4992.0,920.0,4.5926,59.22
21.740,warmup,4992.0,920.0,4.5926,59.09
21.840,warmup,4992.0,920.0,4.5926,59.09
21.940,warmup,4992.0,920.0,4.5926,59.28
22.040,warmup,4992.0,920.0,4.5926,59.34
22.141,warmup,4992.0,920.0,4.5926,59.25
22.241,warmup,4992.0,920.0,4.5926,59.19
22.341,warmup,4992.0,920.0,4.5926,59.22
22.441,warmup,4992.0,920.0,4.5926,59.19
22.541,warmup,4992.0,920.0,4.5926,59.09
22.641,warmup,4992.0,920.0,4.5926,59.06
22.741,warmup,4992.0,920.0,4.5926,59.38
22.841,warmup,4992.0,920.0,4.5926,59.38
22.942,warmup,4992.0,920.0,4.5926,59.34
23.042,warmup,4992.0,920.0,4.5926,59.19
23.142,warmup,4992.0,920.0,4.5926,59.22
23.242,warmup,4992.0,920.0,4.5926,59.16
23.342,warmup,4992.0,920.0,4.5926,59.09
23.442,warmup,4992.0,920.0,4.5926,59.09
23.542,warmup,4992.0,920.0,4.5926,59.12
23.642,warmup,4992.0,920.0,4.5926,59.28
23.743,warmup,4992.0,920.0,4.5926,59.28
23.843,warmup,4992.0,920.0,4.5926,59.34
23.943,warmup,4992.0,920.0,4.5926,59.28
24.043,warmup,4992.0,920.0,4.5926,59.09
24.143,warmup,4992.0,920.0,4.5926,59.19
24.243,warmup,4992.0,920.0,4.5926,59.09
24.343,warmup,4992.0,920.0,4.5926,59.16
24.443,warmup,4992.0,920.0,4.5926,59.06
24.544,warmup,4992.0,920.0,4.5926,59.06
24.644,warmup,4992.0,920.0,4.5926,59.28
24.744,warmup,4992.0,920.0,4.5926,59.31
24.844,warmup,4992.0,920.0,4.5926,59.22
24.944,warmup,4992.0,920.0,4.5926,59.22
25.044,warmup,4992.0,920.0,4.5926,59.12
25.144,warmup,4992.0,920.0,4.5926,59.16
25.244,warmup,4992.0,920.0,4.5926,59.16
25.345,warmup,4992.0,920.0,4.5926,59.06
25.445,warmup,4992.0,920.0,4.5926,59.12
25.545,warmup,4992.0,920.0,4.5926,59.31
25.645,warmup,4992.0,920.0,4.5926,59.25
25.745,warmup,4992.0,920.0,4.5926,59.25
25.845,warmup,4992.0,920.0,4.5926,59.22
25.945,warmup,4992.0,920.0,4.5926,59.03
26.045,warmup,4992.0,920.0,4.5926,59.06
26.146,warmup,4992.0,920.0,4.5926,59.16
26.246,warmup,4992.0,920.0,4.5926,59.12
26.346,warmup,4992.0,920.0,4.5926,59.06
26.446,warmup,4992.0,920.0,4.5926,59.25
26.546,warmup,4992.0,920.0,4.5926,59.22
26.646,warmup,4992.0,920.0,4.5926,59.16
26.746,warmup,4992.0,928.0,4.6326,59.16
26.846,warmup,4992.0,920.0,4.5926,59.12
26.946,warmup,4992.0,920.0,4.5926,59.16
27.047,warmup,4992.0,928.0,4.6326,59.03
27.147,warmup,4992.0,928.0,4.6326,59.06
27.247,warmup,4992.0,928.0,4.6326,59.09
27.347,warmup,4992.0,920.0,4.5926,59.12
27.447,warmup,4992.0,920.0,4.5926,59.19
27.547,warmup,4992.0,920.0,4.5926,59.28
27.647,warmup,4992.0,920.0,4.5926,59.12
27.747,warmup,4992.0,920.0,4.5926,59.09
27.848,warmup,4992.0,920.0,4.5926,59.16
27.948,warmup,4992.0,920.0,4.5926,59.09
28.048,warmup,4992.0,920.0,4.5926,59.12
28.148,warmup,4992.0,920.0,4.5926,59.03
28.248,warmup,4992.0,920.0,4.5926,59.00
28.348,warmup,4992.0,920.0,4.5926,59.28
28.448,warmup,4992.0,920.0,4.5926,59.22
28.548,warmup,4992.0,920.0,4.5926,59.09
28.648,warmup,4992.0,920.0,4.5926,59.12
28.749,warmup,4992.0,920.0,4.5926,59.12
28.849,warmup,4992.0,920.0,4.5926,59.09
28.949,warmup,4992.0,920.0,4.5926,59.03
29.049,warmup,4992.0,920.0,4.5926,59.12
29.149,warmup,4992.0,920.0,4.5926,59.03
29.249,warmup,4992.0,920.0,4.5926,59.28
29.349,warmup,4992.0,920.0,4.5926,59.19
29.449,warmup,4992.0,920.0,4.5926,59.16
29.550,warmup,4992.0,920.0,4.5926,59.12
29.650,warmup,4992.0,920.0,4.5926,59.19
29.750,warmup,4992.0,920.0,4.5926,59.12
29.850,warmup,4992.0,920.0,4.5926,59.06
29.950,warmup,4992.0,920.0,4.5926,59.06
30.050,warmup,4992.0,920.0,4.5926,59.25
30.150,warmup,4992.0,920.0,4.5926,59.25
30.250,warmup,4992.0,920.0,4.5926,59.25
30.351,warmup,4992.0,920.0,4.5926,59.19
30.451,warmup,4992.0,920.0,4.5926,59.16
30.551,warmup,4992.0,920.0,4.5926,59.09
30.651,warmup,4992.0,920.0,4.5926,59.06
30.751,warmup,4992.0,920.0,4.5926,59.03
30.851,warmup,4992.0,920.0,4.5926,59.03
30.951,warmup,4992.0,920.0,4.5926,59.25
31.051,warmup,4992.0,920.0,4.5926,59.31
31.152,warmup,4992.0,920.0,4.5926,59.22
31.252,warmup,4992.0,920.0,4.5926,59.09
31.352,warmup,4992.0,920.0,4.5926,59.06
31.452,warmup,4992.0,920.0,4.5926,59.09
31.552,warmup,4992.0,920.0,4.5926,59.09
31.652,warmup,4992.0,920.0,4.5926,59.03
31.752,warmup,4992.0,920.0,4.5926,59.03
31.852,warmup,4992.0,920.0,4.5926,59.25
31.952,warmup,4992.0,920.0,4.5926,59.25
32.053,warmup,4992.0,920.0,4.5926,59.22
32.153,warmup,4992.0,928.0,4.6326,59.16
32.253,warmup,4992.0,928.0,4.6326,59.06
32.353,warmup,4992.0,920.0,4.5926,59.12
32.453,warmup,4992.0,920.0,4.5926,59.06
32.553,warmup,4992.0,920.0,4.5926,59.03
32.653,warmup,4992.0,920.0,4.5926,59.03
32.753,warmup,4992.0,920.0,4.5926,59.25
32.854,warmup,4992.0,920.0,4.5926,59.31
32.954,warmup,4992.0,920.0,4.5926,59.25
33.054,warmup,4992.0,920.0,4.5926,59.16
33.154,warmup,4992.0,920.0,4.5926,59.16
33.254,warmup,4992.0,920.0,4.5926,59.03
33.354,warmup,4992.0,920.0,4.5926,59.09
33.454,warmup,4992.0,920.0,4.5926,59.03
33.554,warmup,4992.0,920.0,4.5926,59.09
33.655,warmup,4992.0,920.0,4.5926,59.31
33.755,warmup,4992.0,920.0,4.5926,59.22
33.855,warmup,4992.0,920.0,4.5926,59.09
33.955,warmup,4992.0,920.0,4.5926,59.09
34.055,warmup,4992.0,920.0,4.5926,59.06
34.155,warmup,4992.0,920.0,4.5926,59.03
34.255,warmup,4992.0,920.0,4.5926,59.06
34.355,warmup,4992.0,920.0,4.5926,59.06
34.456,warmup,4992.0,920.0,4.5926,59.03
34.556,warmup,4992.0,920.0,4.5926,59.38
34.656,warmup,4992.0,920.0,4.5926,59.25
34.756,warmup,4992.0,920.0,4.5926,59.16
34.856,warmup,4992.0,920.0,4.5926,59.16
34.956,warmup,4992.0,920.0,4.5926,59.09
35.056,warmup,4992.0,920.0,4.5926,59.09
35.156,warmup,4992.0,920.0,4.5926,59.03
35.257,warmup,4992.0,920.0,4.5926,59.06
35.357,warmup,4992.0,920.0,4.5926,59.09
35.457,warmup,4992.0,920.0,4.5926,59.25
35.557,warmup,4992.0,920.0,4.5926,59.34
35.657,warmup,4992.0,920.0,4.5926,59.25
35.757,warmup,4992.0,920.0,4.5926,59.12
35.857,warmup,4992.0,920.0,4.5926,59.12
35.957,warmup,4992.0,928.0,4.6326,59.09
36.058,warmup,4992.0,928.0,4.6326,59.00
36.158,warmup,4992.0,928.0,4.6326,59.09
36.258,warmup,4992.0,928.0,4.6326,58.97
36.358,warmup,4992.0,928.0,4.6326,59.00
36.458,warmup,4992.0,928.0,4.6326,59.31
36.558,warmup,4992.0,928.0,4.6326,59.12
36.658,warmup,4992.0,920.0,4.5926,59.19
36.759,warmup,4992.0,920.0,4.5926,59.16
36.859,warmup,4992.0,920.0,4.5926,58.97
36.959,warmup,4992.0,920.0,4.5926,59.12
37.059,warmup,4992.0,920.0,4.5926,59.03
37.159,warmup,4992.0,920.0,4.5926,59.03
37.259,warmup,4992.0,928.0,4.6326,58.97
37.359,warmup,4992.0,920.0,4.5926,59.34
37.459,warmup,4992.0,920.0,4.5926,59.19
37.560,warmup,4992.0,920.0,4.5926,59.16
37.660,warmup,4992.0,920.0,4.5926,59.09
37.760,warmup,4992.0,920.0,4.5926,59.12
37.860,warmup,4992.0,920.0,4.5926,58.97
37.960,warmup,4992.0,920.0,4.5926,59.00
38.060,warmup,4992.0,920.0,4.5926,59.03
38.160,warmup,4992.0,920.0,4.5926,59.00
38.261,warmup,4992.0,920.0,4.5926,59.00
38.361,warmup,4992.0,920.0,4.5926,59.16
38.461,warmup,4992.0,920.0,4.5926,59.12
38.561,warmup,4992.0,920.0,4.5926,59.09
38.661,warmup,4992.0,920.0,4.5926,59.09
38.761,warmup,4992.0,920.0,4.5926,59.03
38.861,warmup,4992.0,920.0,4.5926,59.06
38.961,warmup,4992.0,920.0,4.5926,59.00
39.062,warmup,4992.0,920.0,4.5926,59.09
39.162,warmup,4992.0,920.0,4.5926,59.22
39.262,warmup,4992.0,920.0,4.5926,59.09
39.362,warmup,4992.0,920.0,4.5926,59.16
39.462,warmup,4992.0,928.0,4.6326,59.12
39.562,warmup,4992.0,928.0,4.6326,59.09
39.662,warmup,4992.0,928.0,4.6326,58.97
39.762,warmup,4992.0,920.0,4.5926,59.09
39.863,warmup,4992.0,920.0,4.5926,59.00
39.963,warmup,4992.0,920.0,4.5926,59.03
40.063,warmup,4992.0,920.0,4.5926,59.00
40.163,warmup,4992.0,920.0,4.5926,59.16
40.263,warmup,4992.0,920.0,4.5926,59.19
40.363,warmup,4992.0,928.0,4.6326,59.16
40.463,warmup,4992.0,920.0,4.5926,59.09
40.564,warmup,4992.0,920.0,4.5926,59.03
40.664,warmup,4992.0,920.0,4.5926,59.00
40.764,warmup,4992.0,920.0,4.5926,59.06
40.864,warmup,4992.0,920.0,4.5926,58.94
40.964,warmup,4992.0,920.0,4.5926,59.16
41.064,warmup,4992.0,920.0,4.5926,59.19
41.164,warmup,4992.0,920.0,4.5926,59.09
41.264,warmup,4992.0,920.0,4.5926,59.03
41.365,warmup,4992.0,920.0,4.5926,59.06
41.465,warmup,4992.0,920.0,4.5926,58.97
41.565,warmup,4992.0,920.0,4.5926,59.06
41.665,warmup,4992.0,920.0,4.5926,59.00
41.765,warmup,4992.0,920.0,4.5926,59.03
41.865,warmup,4992.0,920.0,4.5926,59.09
41.965,warmup,4992.0,920.0,4.5926,59.22
42.066,warmup,4992.0,920.0,4.5926,59.19
42.166,warmup,4992.0,920.0,4.5926,59.06
42.266,warmup,4992.0,920.0,4.5926,59.09
42.366,warmup,4992.0,920.0,4.5926,59.09
42.466,warmup,4992.0,920.0,4.5926,59.00
42.566,warmup,4992.0,920.0,4.5926,59.00
42.666,warmup,4992.0,920.0,4.5926,58.94
42.766,warmup,4992.0,920.0,4.5926,59.25
42.867,warmup,4992.0,920.0,4.5926,59.19
42.967,warmup,4992.0,920.0,4.5926,59.16
43.067,warmup,4992.0,920.0,4.5926,59.09
43.167,warmup,4992.0,920.0,4.5926,59.12
43.267,warmup,4992.0,920.0,4.5926,59.09
43.367,warmup,4992.0,920.0,4.5926,59.00
43.467,warmup,4992.0,920.0,4.5926,59.03
43.567,warmup,4992.0,920.0,4.5926,58.97
43.668,warmup,4992.0,920.0,4.5926,59.25
43.768,warmup,4992.0,920.0,4.5926,59.22
43.868,warmup,4992.0,920.0,4.5926,59.16
43.968,warmup,4992.0,920.0,4.5926,59.06
44.068,warmup,4992.0,920.0,4.5926,59.06
44.168,warmup,4992.0,920.0,4.5926,59.16
44.268,warmup,4992.0,920.0,4.5926,59.06
44.368,warmup,4992.0,920.0,4.5926,59.00
44.469,warmup,4992.0,920.0,4.5926,59.00
44.569,warmup,4992.0,920.0,4.5926,59.19
44.669,warmup,4992.0,920.0,4.5926,59.28
44.769,warmup,4992.0,920.0,4.5926,59.09
44.869,warmup,4992.0,920.0,4.5926,59.06
44.969,warmup,4992.0,920.0,4.5926,59.00
45.069,warmup,4992.0,920.0,4.5926,58.97
45.169,warmup,4992.0,920.0,4.5926,58.97
45.270,warmup,4992.0,920.0,4.5926,59.06
45.370,warmup,4992.0,920.0,4.5926,59.00
45.470,warmup,4992.0,920.0,4.5926,59.25
45.570,warmup,4992.0,920.0,4.5926,59.25
45.670,warmup,4992.0,920.0,4.5926,59.22
45.770,warmup,4992.0,920.0,4.5926,59.06
45.870,warmup,4992.0,920.0,4.5926,59.06
45.970,warmup,4992.0,920.0,4.5926,59.03
46.071,warmup,4992.0,920.0,4.5926,58.97
46.171,warmup,4992.0,920.0,4.5926,59.06
46.271,warmup,4992.0,920.0,4.5926,59.00
46.371,warmup,4992.0,920.0,4.5926,59.22
46.471,warmup,4992.0,920.0,4.5926,59.22
46.571,warmup,4992.0,920.0,4.5926,59.03
46.671,warmup,4992.0,920.0,4.5926,59.03
46.771,warmup,4992.0,920.0,4.5926,59.06
46.872,warmup,4992.0,920.0,4.5926,59.03
46.972,warmup,4992.0,920.0,4.5926,58.94
47.072,warmup,4992.0,920.0,4.5926,59.00
47.172,warmup,4992.0,920.0,4.5926,59.00
47.272,warmup,4992.0,920.0,4.5926,58.94
47.372,warmup,4992.0,920.0,4.5926,59.19
47.472,warmup,4992.0,920.0,4.5926,59.16
47.572,warmup,4992.0,920.0,4.5926,59.06
47.673,warmup,4992.0,920.0,4.5926,58.94
47.773,warmup,4992.0,920.0,4.5926,58.97
47.873,warmup,4992.0,920.0,4.5926,58.94
47.973,warmup,4992.0,920.0,4.5926,59.00
48.073,warmup,4992.0,928.0,4.6326,58.94
48.173,warmup,4992.0,928.0,4.6326,58.97
48.273,warmup,4992.0,928.0,4.6326,59.22
48.373,warmup,4992.0,920.0,4.5926,59.12
48.474,warmup,4992.0,920.0,4.5926,59.09
48.574,warmup,4992.0,920.0,4.5926,59.06
48.674,warmup,4992.0,920.0,4.5926,59.00
48.774,warmup,4992.0,920.0,4.5926,58.94
48.874,warmup,4992.0,920.0,4.5926,58.97
48.974,warmup,4992.0,920.0,4.5926,58.97
49.074,warmup,4992.0,920.0,4.5926,59.03
49.174,warmup,4992.0,920.0,4.5926,59.25
49.275,warmup,4992.0,920.0,4.5926,59.06
49.375,warmup,4992.0,920.0,4.5926,59.06
49.475,warmup,4992.0,920.0,4.5926,59.00
49.575,warmup,4992.0,920.0,4.5926,59.00
49.675,warmup,4992.0,920.0,4.5926,58.94
49.775,warmup,4992.0,920.0,4.5926,58.94
49.875,warmup,4992.0,920.0,4.5926,58.97
49.975,warmup,4992.0,920.0,4.5926,58.91
50.076,warmup,4992.0,920.0,4.5926,59.16
50.176,warmup,4992.0,920.0,4.5926,59.16
50.276,warmup,4992.0,920.0,4.5926,59.12
50.376,warmup,4992.0,920.0,4.5926,59.06
50.476,warmup,4992.0,920.0,4.5926,59.06
50.576,warmup,4992.0,920.0,4.5926,58.97
50.676,warmup,4992.0,920.0,4.5926,58.94
50.776,warmup,4992.0,920.0,4.5926,59.03
50.877,warmup,4992.0,920.0,4.5926,58.94
50.977,warmup,4992.0,920.0,4.5926,59.19
51.077,warmup,4992.0,920.0,4.5926,59.19
51.177,warmup,4992.0,920.0,4.5926,59.09
51.277,warmup,4992.0,920.0,4.5926,59.00
51.377,warmup,4992.0,920.0,4.5926,59.06
51.477,warmup,4992.0,920.0,4.5926,58.97
51.577,warmup,4992.0,920.0,4.5926,58.94
51.678,warmup,4992.0,920.0,4.5926,58.94
51.778,warmup,4992.0,920.0,4.5926,58.94
51.878,warmup,4992.0,920.0,4.5926,59.16
51.978,warmup,4992.0,920.0,4.5926,59.09
52.078,warmup,4992.0,920.0,4.5926,59.09
52.178,warmup,4992.0,920.0,4.5926,59.03
52.278,warmup,4992.0,920.0,4.5926,58.97
52.379,warmup,4992.0,920.0,4.5926,59.00
52.479,warmup,4992.0,920.0,4.5926,58.94
52.579,warmup,4992.0,928.0,4.6326,59.00
52.679,warmup,4992.0,928.0,4.6326,59.00
52.779,warmup,4992.0,928.0,4.6326,59.19
52.879,warmup,4992.0,928.0,4.6326,59.06
52.980,warmup,4992.0,928.0,4.6326,59.06
53.080,warmup,4992.0,928.0,4.6326,59.00
53.180,warmup,4992.0,928.0,4.6326,59.03
53.280,warmup,4992.0,928.0,4.6326,58.97
53.380,warmup,4992.0,928.0,4.6326,58.94
53.480,warmup,4992.0,928.0,4.6326,59.00
53.580,warmup,4992.0,928.0,4.6326,58.94
53.680,warmup,4992.0,928.0,4.6326,59.22
53.781,warmup,4992.0,928.0,4.6326,59.19
53.881,warmup,4992.0,928.0,4.6326,59.12
53.981,warmup,4992.0,928.0,4.6326,59.06
54.081,warmup,4992.0,928.0,4.6326,59.06
54.181,warmup,4992.0,928.0,4.6326,58.94
54.282,warmup,4992.0,928.0,4.6326,59.00
54.382,warmup,4992.0,928.0,4.6326,58.94
54.482,warmup,4992.0,920.0,4.5926,58.94
54.582,warmup,4992.0,920.0,4.5926,59.09
54.682,warmup,4992.0,928.0,4.6326,59.09
54.782,warmup,4992.0,920.0,4.5926,59.12
54.883,warmup,4992.0,920.0,4.5926,59.12
54.983,warmup,4992.0,920.0,4.5926,59.03
55.083,warmup,4992.0,920.0,4.5926,58.94
55.183,warmup,4992.0,920.0,4.5926,58.94
55.283,warmup,4992.0,920.0,4.5926,58.94
55.383,warmup,4992.0,920.0,4.5926,58.94
55.484,warmup,4992.0,920.0,4.5926,58.97
55.584,warmup,4992.0,920.0,4.5926,59.09
55.684,warmup,4992.0,920.0,4.5926,59.09
55.784,warmup,4992.0,920.0,4.5926,59.12
55.884,warmup,4992.0,920.0,4.5926,58.97
55.984,warmup,4992.0,920.0,4.5926,58.91
56.084,warmup,4992.0,920.0,4.5926,58.97
56.184,warmup,4992.0,920.0,4.5926,58.97
56.285,warmup,4992.0,920.0,4.5926,58.91
56.385,warmup,4992.0,920.0,4.5926,59.16
56.485,warmup,4992.0,920.0,4.5926,59.16
56.585,warmup,4992.0,920.0,4.5926,59.16
56.685,warmup,4992.0,928.0,4.6326,59.00
56.785,warmup,4992.0,928.0,4.6326,58.94
56.885,warmup,4992.0,928.0,4.6326,59.06
56.985,warmup,4992.0,928.0,4.6326,58.94
57.086,warmup,4992.0,928.0,4.6326,58.97
57.186,warmup,4992.0,928.0,4.6326,58.91
57.286,warmup,4992.0,928.0,4.6326,59.16
57.386,warmup,4992.0,928.0,4.6326,59.12
57.486,warmup,4992.0,928.0,4.6326,59.12
57.586,warmup,4992.0,928.0,4.6326,59.00
57.686,warmup,4992.0,928.0,4.6326,59.03
57.787,warmup,4992.0,928.0,4.6326,58.94
57.887,warmup,4992.0,928.0,4.6326,58.94
57.987,warmup,4992.0,928.0,4.6326,58.94
58.087,warmup,4992.0,920.0,4.5926,58.94
58.187,warmup,4992.0,920.0,4.5926,59.16
58.287,warmup,4992.0,920.0,4.5926,59.12
58.387,warmup,4992.0,928.0,4.6326,59.03
58.487,warmup,4992.0,928.0,4.6326,58.94
58.588,warmup,4992.0,920.0,4.5926,59.09
58.688,warmup,4992.0,920.0,4.5926,59.00
58.788,warmup,4992.0,928.0,4.6326,58.94
58.888,warmup,4992.0,920.0,4.5926,58.94
58.988,warmup,4992.0,920.0,4.5926,58.91
59.088,warmup,4992.0,920.0,4.5926,58.94
59.188,warmup,4992.0,920.0,4.5926,59.22
59.288,warmup,4992.0,920.0,4.5926,59.16
59.389,warmup,4992.0,920.0,4.5926,59.00
59.489,warmup,4992.0,920.0,4.5926,59.09
59.589,warmup,4992.0,920.0,4.5926,59.00
59.689,warmup,4992.0,920.0,4.5926,58.97
59.789,warmup,4992.0,920.0,4.5926,58.94
59.889,warmup,4992.0,920.0,4.5926,58.94
59.989,warmup,4992.0,920.0,4.5926,58.94
60.090,warmup,4992.0,920.0,4.5926,59.09
60.190,warmup,4992.0,920.0,4.5926,59.22
60.290,warmup,4992.0,920.0,4.5926,59.06
60.390,measure,4992.0,928.0,4.6326,59.00
60.490,measure,4992.0,928.0,4.6326,58.97
60.590,measure,4992.0,928.0,4.6326,58.91
60.690,measure,4992.0,928.0,4.6326,58.94
60.790,measure,4992.0,928.0,4.6326,58.84
60.891,measure,4992.0,928.0,4.6326,58.94
60.991,measure,4992.0,928.0,4.6326,58.88
61.091,measure,4992.0,928.0,4.6326,59.12
61.192,measure,4992.0,928.0,4.6326,58.94
61.292,measure,4992.0,928.0,4.6326,59.06
61.392,measure,4992.0,928.0,4.6326,59.00
61.492,measure,4992.0,928.0,4.6326,59.00
61.593,measure,4992.0,928.0,4.6326,58.97
61.693,measure,4992.0,928.0,4.6326,58.94
61.793,measure,4992.0,928.0,4.6326,58.94
61.893,measure,4992.0,928.0,4.6326,58.94
61.993,measure,4992.0,928.0,4.6326,59.19
62.093,measure,4992.0,928.0,4.6326,59.09
62.194,measure,4992.0,928.0,4.6326,59.06
62.294,measure,4992.0,928.0,4.6326,59.03
62.394,measure,4992.0,928.0,4.6326,58.94
62.494,measure,4992.0,928.0,4.6326,58.97
62.594,measure,4992.0,928.0,4.6326,58.94
62.694,measure,4992.0,928.0,4.6326,58.88
62.794,measure,4992.0,928.0,4.6326,58.91
62.894,measure,4992.0,928.0,4.6326,59.19
62.995,measure,4992.0,928.0,4.6326,59.09
63.095,measure,4992.0,928.0,4.6326,58.94
63.195,measure,4992.0,928.0,4.6326,59.00
63.295,measure,4992.0,928.0,4.6326,58.91
63.395,measure,4992.0,928.0,4.6326,58.91
63.495,measure,4992.0,928.0,4.6326,58.91
63.595,measure,4992.0,920.0,4.5926,58.94
63.695,measure,4992.0,920.0,4.5926,58.91
63.796,measure,4992.0,920.0,4.5926,58.88
63.896,measure,4992.0,928.0,4.6326,59.09
63.996,measure,4992.0,928.0,4.6326,58.97
64.096,measure,4992.0,928.0,4.6326,59.06
64.196,measure,4992.0,928.0,4.6326,58.94
64.296,measure,4992.0,928.0,4.6326,58.91
64.397,measure,4992.0,920.0,4.5926,58.88
64.497,measure,4992.0,920.0,4.5926,58.88
64.597,measure,4992.0,920.0,4.5926,58.91
64.697,measure,4992.0,920.0,4.5926,58.81
64.797,measure,4992.0,920.0,4.5926,59.16
64.897,measure,4992.0,928.0,4.6326,59.03
64.997,measure,4992.0,928.0,4.6326,58.97
65.098,measure,4992.0,928.0,4.6326,58.97
65.198,measure,4992.0,928.0,4.6326,58.97
65.298,measure,4992.0,928.0,4.6326,58.94
65.399,measure,4992.0,928.0,4.6326,58.88
65.499,measure,4992.0,928.0,4.6326,58.91
65.599,measure,4992.0,928.0,4.6326,58.94
65.700,measure,4992.0,928.0,4.6326,58.84
65.800,measure,4992.0,928.0,4.6326,59.09
65.900,measure,4992.0,928.0,4.6326,58.97
66.000,measure,4992.0,928.0,4.6326,58.97
66.101,measure,4992.0,928.0,4.6326,58.97
66.201,measure,4992.0,928.0,4.6326,58.88
66.301,measure,4992.0,928.0,4.6326,58.88
66.402,measure,4992.0,928.0,4.6326,58.91
66.502,measure,4992.0,928.0,4.6326,58.88
66.602,measure,4992.0,928.0,4.6326,58.88
66.702,measure,4992.0,928.0,4.6326,59.09
66.802,measure,4992.0,928.0,4.6326,59.16
66.902,measure,4992.0,928.0,4.6326,58.97
67.003,measure,4992.0,928.0,4.6326,58.97
67.103,measure,4992.0,928.0,4.6326,58.91
67.203,measure,4992.0,928.0,4.6326,58.88
67.303,measure,4992.0,928.0,4.6326,58.91
67.403,measure,4992.0,928.0,4.6326,58.94
67.503,measure,4992.0,928.0,4.6326,58.88
67.603,measure,4992.0,928.0,4.6326,59.09
67.704,measure,4992.0,928.0,4.6326,59.09
67.804,measure,4992.0,928.0,4.6326,59.00
67.904,measure,4992.0,928.0,4.6326,58.94
68.004,measure,4992.0,928.0,4.6326,58.97
68.104,measure,4992.0,928.0,4.6326,58.91
68.204,measure,4992.0,928.0,4.6326,58.94
68.304,measure,4992.0,928.0,4.6326,58.88
68.404,measure,4992.0,928.0,4.6326,58.94
68.505,measure,4992.0,928.0,4.6326,58.88
68.605,measure,4992.0,928.0,4.6326,59.00
68.705,measure,4992.0,928.0,4.6326,59.03
68.805,measure,4992.0,928.0,4.6326,59.00
68.905,measure,4992.0,928.0,4.6326,58.97
69.005,measure,4992.0,928.0,4.6326,58.91
69.105,measure,4992.0,928.0,4.6326,58.94
69.205,measure,4992.0,928.0,4.6326,58.84
69.306,measure,4992.0,928.0,4.6326,58.94
69.406,measure,4992.0,928.0,4.6326,58.84
69.506,measure,4992.0,928.0,4.6326,59.16
69.606,measure,4992.0,928.0,4.6326,59.03
69.706,measure,4992.0,928.0,4.6326,59.00
69.806,measure,4992.0,928.0,4.6326,58.88
69.906,measure,4992.0,928.0,4.6326,58.88
70.006,measure,4992.0,928.0,4.6326,58.94
70.107,measure,4992.0,928.0,4.6326,58.88
70.207,measure,4992.0,928.0,4.6326,58.88
70.307,measure,4992.0,928.0,4.6326,58.81
70.407,measure,4992.0,928.0,4.6326,59.03
70.507,measure,4992.0,928.0,4.6326,58.94
70.607,measure,4992.0,928.0,4.6326,58.94
70.707,measure,4992.0,928.0,4.6326,58.91
70.807,measure,4992.0,920.0,4.5926,58.97
70.908,measure,4992.0,928.0,4.6326,58.88
71.008,measure,4992.0,928.0,4.6326,58.91
71.108,measure,4992.0,928.0,4.6326,58.91
71.208,measure,4992.0,928.0,4.6326,58.91
71.308,measure,4992.0,928.0,4.6326,59.06
71.408,measure,4992.0,928.0,4.6326,59.00
71.508,measure,4992.0,928.0,4.6326,58.94
71.608,measure,4992.0,928.0,4.6326,58.97
71.709,measure,4992.0,928.0,4.6326,58.94
71.809,measure,4992.0,928.0,4.6326,58.94
71.909,measure,4992.0,928.0,4.6326,58.91
72.009,measure,4992.0,928.0,4.6326,58.88
72.109,measure,4992.0,928.0,4.6326,58.88
72.209,measure,4992.0,928.0,4.6326,58.94
72.309,measure,4992.0,928.0,4.6326,59.00
72.409,measure,4992.0,928.0,4.6326,58.97
72.510,measure,4992.0,928.0,4.6326,58.97
72.610,measure,4992.0,928.0,4.6326,58.94
72.710,measure,4992.0,928.0,4.6326,58.88
72.810,measure,4992.0,928.0,4.6326,58.94
72.910,measure,4992.0,928.0,4.6326,58.91
73.010,measure,4992.0,928.0,4.6326,58.91
73.110,measure,4992.0,928.0,4.6326,59.00
73.210,measure,4992.0,928.0,4.6326,59.03
73.311,measure,4992.0,928.0,4.6326,59.00
73.411,measure,4992.0,928.0,4.6326,58.94
73.511,measure,4992.0,928.0,4.6326,58.91
73.611,measure,4992.0,928.0,4.6326,58.88
73.711,measure,4992.0,928.0,4.6326,58.81
73.811,measure,4992.0,928.0,4.6326,58.81
73.911,measure,4992.0,928.0,4.6326,58.88
74.012,measure,4992.0,928.0,4.6326,59.00
74.112,measure,4992.0,928.0,4.6326,59.00
74.212,measure,4992.0,928.0,4.6326,58.97
74.312,measure,4992.0,928.0,4.6326,58.91
74.412,measure,4992.0,928.0,4.6326,58.94
74.512,measure,4992.0,928.0,4.6326,58.91
74.612,measure,4992.0,928.0,4.6326,58.88
74.712,measure,4992.0,928.0,4.6326,58.84
74.812,measure,4992.0,928.0,4.6326,58.84
74.913,measure,4992.0,928.0,4.6326,59.03
75.013,measure,4992.0,928.0,4.6326,59.00
75.113,measure,4992.0,928.0,4.6326,58.94
75.213,measure,4992.0,928.0,4.6326,58.94
75.313,measure,4992.0,928.0,4.6326,58.94
75.413,measure,4992.0,928.0,4.6326,58.94
75.513,measure,4992.0,928.0,4.6326,58.94
75.613,measure,4992.0,928.0,4.6326,58.91
75.714,measure,4992.0,928.0,4.6326,58.81
75.814,measure,4992.0,928.0,4.6326,59.06
75.914,measure,4992.0,928.0,4.6326,59.06
76.014,measure,4992.0,928.0,4.6326,58.94
76.114,measure,4992.0,928.0,4.6326,58.97
76.214,measure,4992.0,928.0,4.6326,58.97
76.314,measure,4992.0,928.0,4.6326,58.91
76.415,measure,4992.0,928.0,4.6326,58.84
76.515,measure,4992.0,928.0,4.6326,58.84
76.615,measure,4992.0,928.0,4.6326,58.81
76.715,measure,4992.0,928.0,4.6326,59.09
76.815,measure,4992.0,928.0,4.6326,59.06
76.915,measure,4992.0,928.0,4.6326,59.00
77.015,measure,4992.0,928.0,4.6326,58.97
77.115,measure,4992.0,928.0,4.6326,58.88
77.216,measure,4992.0,928.0,4.6326,58.91
77.316,measure,4992.0,928.0,4.6326,58.91
77.416,measure,4992.0,928.0,4.6326,58.81
77.516,measure,4992.0,928.0,4.6326,58.88
77.616,measure,4992.0,928.0,4.6326,59.06
77.716,measure,4992.0,928.0,4.6326,59.09
77.816,measure,4992.0,928.0,4.6326,58.94
77.916,measure,4992.0,928.0,4.6326,58.94
78.017,measure,4992.0,928.0,4.6326,58.88
78.117,measure,4992.0,928.0,4.6326,58.94
78.217,measure,4992.0,928.0,4.6326,58.84
78.317,measure,4992.0,928.0,4.6326,58.88
78.417,measure,4992.0,928.0,4.6326,58.88
78.517,measure,4992.0,928.0,4.6326,59.09
78.617,measure,4992.0,928.0,4.6326,58.97
78.717,measure,4992.0,928.0,4.6326,58.94
78.817,measure,4992.0,928.0,4.6326,58.94
78.918,measure,4992.0,928.0,4.6326,58.94
79.018,measure,4992.0,928.0,4.6326,58.94
79.118,measure,4992.0,928.0,4.6326,58.84
79.218,measure,4992.0,928.0,4.6326,58.94
79.318,measure,4992.0,928.0,4.6326,58.84
79.418,measure,4992.0,928.0,4.6326,59.06
79.518,measure,4992.0,928.0,4.6326,59.12
79.618,measure,4992.0,928.0,4.6326,58.94
79.719,measure,4992.0,928.0,4.6326,58.94
79.819,measure,4992.0,928.0,4.6326,58.94
79.919,measure,4992.0,928.0,4.6326,58.91
80.019,measure,4992.0,928.0,4.6326,58.91
80.119,measure,4992.0,928.0,4.6326,58.91
80.219,measure,4992.0,928.0,4.6326,58.84
80.319,measure,4992.0,928.0,4.6326,58.88
80.420,measure,4992.0,928.0,4.6326,59.06
80.520,measure,4992.0,928.0,4.6326,58.94
80.620,measure,4992.0,928.0,4.6326,58.97
80.720,measure,4992.0,928.0,4.6326,58.88
80.820,measure,4992.0,928.0,4.6326,58.88
80.920,measure,4992.0,928.0,4.6326,58.91
81.020,measure,4992.0,928.0,4.6326,58.94
81.120,measure,4992.0,928.0,4.6326,58.81
81.221,measure,4992.0,928.0,4.6326,58.84
81.321,measure,4992.0,928.0,4.6326,59.06
81.421,measure,4992.0,928.0,4.6326,58.94
81.521,measure,4992.0,928.0,4.6326,58.94
81.621,measure,4992.0,928.0,4.6326,58.97
81.721,measure,4992.0,928.0,4.6326,58.91
81.821,measure,4992.0,928.0,4.6326,58.88
81.921,measure,4992.0,936.0,4.6725,58.72
82.022,measure,4992.0,936.0,4.6725,58.81
82.122,measure,4992.0,952.0,4.7524,58.88
82.222,measure,4984.0,1000.0,4.9840,59.00
82.322,measure,4984.0,1024.0,5.1036,58.94
82.422,measure,4984.0,1056.0,5.2631,58.97
82.522,measure,4984.0,1080.0,5.3827,58.88
82.622,measure,4984.0,1072.0,5.3428,58.94
82.723,measure,4984.0,1080.0,5.3827,58.88
82.823,measure,4976.0,1104.0,5.4935,58.91
82.923,measure,4976.0,1120.0,5.5731,58.88
83.023,measure,4976.0,1128.0,5.6129,58.88
83.123,measure,4976.0,1136.0,5.6527,59.06
83.223,measure,4976.0,1120.0,5.5731,59.12
83.323,measure,4976.0,1080.0,5.3741,58.97
83.424,measure,4984.0,1048.0,5.2232,58.94
83.524,measure,4984.0,1024.0,5.1036,58.97
83.624,measure,4984.0,1000.0,4.9840,58.94
83.724,measure,4984.0,984.0,4.9043,58.91
83.824,measure,4984.0,968.0,4.8245,58.84
83.924,measure,4984.0,960.0,4.7846,58.84
84.024,measure,4992.0,952.0,4.7524,59.03
84.124,measure,4992.0,944.0,4.7124,59.03
84.225,measure,4992.0,944.0,4.7124,58.94
84.325,measure,4992.0,936.0,4.6725,58.97
84.425,measure,4992.0,936.0,4.6725,58.91
84.525,measure,4992.0,936.0,4.6725,58.88
84.625,measure,4992.0,936.0,4.6725,58.81
84.725,measure,4992.0,928.0,4.6326,58.94
84.825,measure,4992.0,928.0,4.6326,58.81
84.925,measure,4992.0,928.0,4.6326,59.00
85.026,measure,4992.0,928.0,4.6326,58.97
85.126,measure,4992.0,928.0,4.6326,59.00
85.226,measure,4992.0,928.0,4.6326,58.94
85.326,measure,4992.0,928.0,4.6326,58.91
85.426,measure,4992.0,928.0,4.6326,58.88
85.526,measure,4992.0,928.0,4.6326,58.94
85.626,measure,4992.0,928.0,4.6326,58.78
85.726,measure,4992.0,928.0,4.6326,58.88
85.827,measure,4992.0,928.0,4.6326,59.00
85.927,measure,4992.0,928.0,4.6326,58.97
86.027,measure,4992.0,928.0,4.6326,59.00
86.127,measure,4992.0,928.0,4.6326,58.97
86.227,measure,4992.0,928.0,4.6326,58.94
86.327,measure,4992.0,928.0,4.6326,58.94
86.427,measure,4992.0,928.0,4.6326,58.94
86.527,measure,4992.0,928.0,4.6326,58.88
86.628,measure,4992.0,928.0,4.6326,58.91
86.728,measure,4992.0,928.0,4.6326,59.00
86.828,measure,4992.0,928.0,4.6326,59.09
86.928,measure,4992.0,928.0,4.6326,58.94
87.028,measure,4992.0,928.0,4.6326,58.97
87.128,measure,4992.0,928.0,4.6326,58.88
87.228,measure,4992.0,928.0,4.6326,58.94
87.329,measure,4992.0,928.0,4.6326,58.91
87.429,measure,4992.0,928.0,4.6326,58.75
87.529,measure,4992.0,928.0,4.6326,58.84
87.629,measure,4992.0,928.0,4.6326,59.06
87.729,measure,4992.0,928.0,4.6326,59.03
87.829,measure,4992.0,928.0,4.6326,58.94
87.929,measure,4992.0,928.0,4.6326,58.88
88.029,measure,4992.0,928.0,4.6326,58.97
88.130,measure,4992.0,928.0,4.6326,58.84
88.230,measure,4992.0,928.0,4.6326,58.81
88.330,measure,4992.0,928.0,4.6326,58.84
88.430,measure,4992.0,928.0,4.6326,58.78
88.530,measure,4992.0,928.0,4.6326,59.06
88.630,measure,4992.0,928.0,4.6326,59.00
88.730,measure,4992.0,928.0,4.6326,58.94
88.830,measure,4992.0,928.0,4.6326,58.88
88.931,measure,4992.0,928.0,4.6326,58.81
89.031,measure,4992.0,928.0,4.6326,58.88
89.131,measure,4992.0,920.0,4.5926,58.84
89.231,measure,4992.0,920.0,4.5926,58.84
89.331,measure,4992.0,920.0,4.5926,58.88
89.431,measure,4992.0,920.0,4.5926,59.06
89.531,measure,4992.0,928.0,4.6326,59.06
89.631,measure,4992.0,928.0,4.6326,58.84
89.732,measure,4992.0,928.0,4.6326,58.97
89.832,measure,4992.0,928.0,4.6326,58.88
89.932,measure,4992.0,928.0,4.6326,58.88
90.032,measure,4992.0,928.0,4.6326,58.88
90.132,measure,4992.0,928.0,4.6326,58.81
90.232,measure,4992.0,920.0,4.5926,58.88
90.332,measure,4992.0,920.0,4.5926,59.06
90.432,measure,4992.0,920.0,4.5926,59.09
90.533,measure,4992.0,928.0,4.6326,58.91
90.633,measure,4992.0,928.0,4.6326,58.91
90.733,measure,4992.0,920.0,4.5926,58.91
90.833,measure,4992.0,920.0,4.5926,58.94
90.933,measure,4992.0,920.0,4.5926,58.84
91.033,measure,4992.0,920.0,4.5926,58.84
91.133,measure,4992.0,920.0,4.5926,58.94
91.234,measure,4992.0,920.0,4.5926,58.84
91.334,measure,4992.0,920.0,4.5926,59.06
91.434,measure,4992.0,920.0,4.5926,58.97
91.534,measure,4992.0,928.0,4.6326,58.94
91.634,measure,4992.0,928.0,4.6326,58.91
91.734,measure,4992.0,928.0,4.6326,58.94
91.834,measure,4992.0,928.0,4.6326,58.88
91.934,measure,4992.0,928.0,4.6326,58.88
92.035,measure,4992.0,928.0,4.6326,58.81
92.135,measure,4992.0,928.0,4.6326,58.84
92.235,measure,4992.0,928.0,4.6326,59.09
92.335,measure,4992.0,928.0,4.6326,58.94
92.435,measure,4992.0,928.0,4.6326,58.94
92.535,measure,4992.0,928.0,4.6326,58.84
92.635,measure,4992.0,928.0,4.6326,58.88
92.736,measure,4992.0,928.0,4.6326,58.94
92.836,measure,4992.0,928.0,4.6326,58.91
92.936,measure,4992.0,928.0,4.6326,58.81
93.036,measure,4992.0,928.0,4.6326,58.81
93.136,measure,4992.0,928.0,4.6326,59.09
93.236,measure,4992.0,928.0,4.6326,59.03
93.337,measure,4992.0,928.0,4.6326,58.94
93.437,measure,4992.0,928.0,4.6326,58.94
93.537,measure,4992.0,928.0,4.6326,58.91
93.637,measure,4992.0,928.0,4.6326,58.88
93.737,measure,4992.0,928.0,4.6326,58.84
93.837,measure,4992.0,928.0,4.6326,58.88
93.937,measure,4992.0,928.0,4.6326,58.78
94.038,measure,4992.0,928.0,4.6326,58.78
94.138,measure,4992.0,928.0,4.6326,58.94
94.238,measure,4992.0,928.0,4.6326,58.94
94.338,measure,4992.0,928.0,4.6326,58.91
94.438,measure,4992.0,928.0,4.6326,58.91
94.538,measure,4992.0,928.0,4.6326,58.94
94.638,measure,4992.0,928.0,4.6326,58.88
94.739,measure,4992.0,928.0,4.6326,58.81
94.839,measure,4992.0,928.0,4.6326,58.78
94.939,measure,4992.0,928.0,4.6326,58.88
95.039,measure,4992.0,928.0,4.6326,59.00
95.139,measure,4992.0,928.0,4.6326,58.94
95.239,measure,4992.0,928.0,4.6326,58.91
95.339,measure,4992.0,928.0,4.6326,58.91
95.440,measure,4992.0,928.0,4.6326,58.81
95.540,measure,4992.0,928.0,4.6326,58.91
95.640,measure,4992.0,928.0,4.6326,58.91
95.740,measure,4992.0,928.0,4.6326,58.81
95.840,measure,4992.0,928.0,4.6326,58.75
95.940,measure,4992.0,928.0,4.6326,58.97
96.040,measure,4992.0,928.0,4.6326,58.97
96.141,measure,4992.0,928.0,4.6326,58.91
96.241,measure,4992.0,928.0,4.6326,58.91
96.341,measure,4992.0,928.0,4.6326,58.91
96.441,measure,4992.0,928.0,4.6326,58.81
96.541,measure,4992.0,928.0,4.6326,58.84
96.641,measure,4992.0,928.0,4.6326,58.88
96.741,measure,4992.0,928.0,4.6326,58.81
96.842,measure,4992.0,928.0,4.6326,58.94
96.942,measure,4992.0,928.0,4.6326,59.00
97.042,measure,4992.0,928.0,4.6326,58.91
97.142,measure,4992.0,928.0,4.6326,58.84
97.242,measure,4992.0,928.0,4.6326,58.84
97.342,measure,4992.0,928.0,4.6326,58.84
97.442,measure,4992.0,928.0,4.6326,58.81
97.543,measure,4992.0,928.0,4.6326,58.81
97.643,measure,4992.0,928.0,4.6326,58.78
97.743,measure,4992.0,928.0,4.6326,59.03
97.843,measure,4992.0,928.0,4.6326,59.00
97.943,measure,4992.0,928.0,4.6326,58.97
98.043,measure,4992.0,928.0,4.6326,58.94
98.143,measure,4992.0,928.0,4.6326,58.84
98.244,measure,4992.0,928.0,4.6326,58.88
98.344,measure,4992.0,928.0,4.6326,58.84
98.444,measure,4992.0,928.0,4.6326,58.84
98.544,measure,4992.0,928.0,4.6326,58.78
98.644,measure,4992.0,928.0,4.6326,59.03
98.744,measure,4992.0,928.0,4.6326,58.94
98.844,measure,4992.0,928.0,4.6326,58.88
98.944,measure,4992.0,928.0,4.6326,58.94
99.045,measure,4992.0,928.0,4.6326,58.88
99.145,measure,4992.0,928.0,4.6326,58.91
99.245,measure,4992.0,928.0,4.6326,58.84
99.345,measure,4992.0,928.0,4.6326,58.78
99.445,measure,4992.0,928.0,4.6326,58.81
99.545,measure,4992.0,928.0,4.6326,58.97
99.645,measure,4992.0,928.0,4.6326,58.94
99.746,measure,4992.0,928.0,4.6326,58.91
99.846,measure,4992.0,928.0,4.6326,58.94
99.946,measure,4992.0,928.0,4.6326,58.97
100.046,measure,4992.0,928.0,4.6326,58.84
100.146,measure,4992.0,928.0,4.6326,58.88
100.246,measure,4992.0,928.0,4.6326,58.84
100.346,measure,4992.0,928.0,4.6326,58.81
100.447,measure,4992.0,928.0,4.6326,59.00
100.547,measure,4992.0,928.0,4.6326,58.97
100.647,measure,4992.0,928.0,4.6326,58.94
100.747,measure,4992.0,928.0,4.6326,58.94
100.847,measure,4992.0,928.0,4.6326,58.84
100.947,measure,4992.0,928.0,4.6326,58.94
101.047,measure,4992.0,928.0,4.6326,58.81
101.148,measure,4992.0,928.0,4.6326,58.84
101.248,measure,4992.0,928.0,4.6326,58.81
101.348,measure,4992.0,928.0,4.6326,59.00
101.448,measure,4992.0,928.0,4.6326,59.03
101.548,measure,4992.0,928.0,4.6326,58.94
101.648,measure,4992.0,928.0,4.6326,58.91
101.748,measure,4992.0,928.0,4.6326,58.88
101.848,measure,4992.0,928.0,4.6326,58.84
101.949,measure,4992.0,928.0,4.6326,58.81
102.049,measure,4992.0,928.0,4.6326,58.84
102.149,measure,4992.0,928.0,4.6326,58.88
102.249,measure,4992.0,928.0,4.6326,59.06
102.349,measure,4992.0,928.0,4.6326,58.97
102.449,measure,4992.0,928.0,4.6326,58.97
102.549,measure,4992.0,928.0,4.6326,58.94
102.649,measure,4992.0,928.0,4.6326,58.84
102.750,measure,4992.0,928.0,4.6326,58.91
102.850,measure,4992.0,928.0,4.6326,58.88
102.950,measure,4992.0,928.0,4.6326,58.88
103.050,measure,4992.0,928.0,4.6326,58.94
103.150,measure,4992.0,928.0,4.6326,59.06
103.250,measure,4992.0,928.0,4.6326,59.06
103.350,measure,4992.0,928.0,4.6326,59.03
103.451,measure,4992.0,928.0,4.6326,58.94
103.551,measure,4992.0,928.0,4.6326,58.88
103.651,measure,4992.0,928.0,4.6326,58.91
103.751,measure,4992.0,928.0,4.6326,58.88
103.851,measure,4992.0,928.0,4.6326,58.84
103.951,measure,4992.0,928.0,4.6326,58.84
104.051,measure,4992.0,928.0,4.6326,59.09
104.151,measure,4992.0,928.0,4.6326,59.09
104.252,measure,4992.0,928.0,4.6326,58.88
104.352,measure,4992.0,928.0,4.6326,58.94
104.452,measure,4992.0,928.0,4.6326,58.88
104.552,measure,4992.0,928.0,4.6326,58.88
104.652,measure,4992.0,928.0,4.6326,58.78
104.752,measure,4992.0,928.0,4.6326,58.78
104.852,measure,4992.0,928.0,4.6326,58.78
104.952,measure,4992.0,928.0,4.6326,58.78
105.053,measure,4992.0,928.0,4.6326,59.12
105.153,measure,4992.0,928.0,4.6326,59.03
105.253,measure,4992.0,928.0,4.6326,58.91
105.353,measure,4992.0,928.0,4.6326,58.91
105.453,measure,4992.0,928.0,4.6326,58.84
105.553,measure,4992.0,928.0,4.6326,58.81
105.653,measure,4992.0,928.0,4.6326,58.88
105.753,measure,4992.0,928.0,4.6326,58.78
105.854,measure,4992.0,928.0,4.6326,58.84
105.954,measure,4992.0,928.0,4.6326,59.00
106.054,measure,4992.0,928.0,4.6326,58.91
106.154,measure,4992.0,928.0,4.6326,58.94
106.254,measure,4992.0,928.0,4.6326,58.84
106.354,measure,4992.0,928.0,4.6326,58.84
106.454,measure,4992.0,928.0,4.6326,58.81
106.554,measure,4992.0,928.0,4.6326,58.81
106.655,measure,4992.0,928.0,4.6326,58.78
106.755,measure,4992.0,928.0,4.6326,58.88
106.855,measure,4992.0,928.0,4.6326,59.09
106.955,measure,4992.0,928.0,4.6326,58.94
107.055,measure,4992.0,928.0,4.6326,58.97
107.155,measure,4992.0,928.0,4.6326,58.84
107.255,measure,4992.0,928.0,4.6326,58.84
107.356,measure,4992.0,928.0,4.6326,58.91
107.456,measure,4992.0,928.0,4.6326,58.88
107.556,measure,4992.0,928.0,4.6326,58.81
107.656,measure,4992.0,928.0,4.6326,58.91
107.756,measure,4992.0,928.0,4.6326,58.94
107.856,measure,4992.0,928.0,4.6326,58.97
107.956,measure,4992.0,928.0,4.6326,58.94
108.056,measure,4992.0,936.0,4.6725,58.91
108.157,measure,4992.0,936.0,4.6725,58.84
108.257,measure,4992.0,936.0,4.6725,58.81
108.357,measure,4992.0,928.0,4.6326,58.75
108.457,measure,4992.0,928.0,4.6326,58.84
108.557,measure,4992.0,928.0,4.6326,58.84
108.657,measure,4992.0,928.0,4.6326,59.00
108.757,measure,4992.0,928.0,4.6326,58.91
108.857,measure,4992.0,928.0,4.6326,58.94
108.958,measure,4992.0,928.0,4.6326,58.88
109.058,measure,4992.0,928.0,4.6326,58.91
109.158,measure,4992.0,928.0,4.6326,58.78
109.258,measure,4992.0,928.0,4.6326,58.88
109.358,measure,4992.0,928.0,4.6326,58.81
109.458,measure,4992.0,928.0,4.6326,58.78
109.558,measure,4992.0,928.0,4.6326,58.97
109.658,measure,4992.0,928.0,4.6326,58.94
109.759,measure,4992.0,928.0,4.6326,58.94
109.859,measure,4992.0,928.0,4.6326,58.91
109.959,measure,4992.0,928.0,4.6326,58.91
110.059,measure,4992.0,928.0,4.6326,58.84
110.159,measure,4992.0,928.0,4.6326,58.81
110.259,measure,4992.0,928.0,4.6326,58.84
110.359,measure,4992.0,928.0,4.6326,58.78
110.460,measure,4992.0,928.0,4.6326,59.00
110.560,measure,4992.0,928.0,4.6326,58.97
110.660,measure,4992.0,928.0,4.6326,58.91
110.760,measure,4992.0,928.0,4.6326,58.94
110.860,measure,4992.0,928.0,4.6326,58.91
110.960,measure,4992.0,928.0,4.6326,58.81
111.060,measure,4992.0,928.0,4.6326,58.81
111.160,measure,4992.0,928.0,4.6326,58.78
111.261,measure,4992.0,928.0,4.6326,58.75
111.361,measure,4992.0,928.0,4.6326,59.00
111.461,measure,4992.0,928.0,4.6326,58.94
111.561,measure,4992.0,928.0,4.6326,58.88
111.661,measure,4992.0,928.0,4.6326,58.88
111.761,measure,4992.0,928.0,4.6326,58.91
111.861,measure,4992.0,928.0,4.6326,58.84
111.961,measure,4992.0,928.0,4.6326,58.81
112.062,measure,4992.0,928.0,4.6326,58.81
112.162,measure,4992.0,928.0,4.6326,58.81
112.262,measure,4992.0,928.0,4.6326,59.03
112.362,measure,4992.0,928.0,4.6326,59.03
112.462,measure,4992.0,928.0,4.6326,58.91
112.562,measure,4992.0,928.0,4.6326,58.91
112.662,measure,4992.0,928.0,4.6326,58.78
112.762,measure,4992.0,928.0,4.6326,58.94
112.863,measure,4992.0,928.0,4.6326,58.88
112.963,measure,4992.0,928.0,4.6326,58.81
113.063,measure,4992.0,928.0,4.6326,58.78
113.163,measure,4992.0,928.0,4.6326,59.00
113.263,measure,4992.0,928.0,4.6326,59.00
113.363,measure,4992.0,928.0,4.6326,58.94
113.463,measure,4992.0,928.0,4.6326,58.91
113.563,measure,4992.0,928.0,4.6326,58.84
113.664,measure,4992.0,928.0,4.6326,58.84
113.764,measure,4992.0,928.0,4.6326,58.84
113.864,measure,4992.0,928.0,4.6326,58.75
113.964,measure,4992.0,928.0,4.6326,58.84
114.064,measure,4992.0,928.0,4.6326,59.06
114.164,measure,4992.0,928.0,4.6326,59.03
114.264,measure,4992.0,928.0,4.6326,58.88
114.364,measure,4992.0,928.0,4.6326,58.94
114.465,measure,4992.0,928.0,4.6326,58.84
114.565,measure,4992.0,928.0,4.6326,58.78
114.665,measure,4992.0,928.0,4.6326,58.81
114.765,measure,4992.0,928.0,4.6326,58.84
114.865,measure,4992.0,928.0,4.6326,58.84
114.965,measure,4992.0,928.0,4.6326,59.06
115.065,measure,4992.0,928.0,4.6326,59.00
115.165,measure,4992.0,928.0,4.6326,58.91
115.266,measure,4992.0,928.0,4.6326,58.94
115.366,measure,4992.0,928.0,4.6326,58.81
115.466,measure,4992.0,928.0,4.6326,58.88
115.566,measure,4992.0,928.0,4.6326,58.84
115.666,measure,4992.0,928.0,4.6326,58.72
115.766,measure,4992.0,920.0,4.5926,58.84
115.866,measure,4992.0,920.0,4.5926,59.03
115.966,measure,4992.0,920.0,4.5926,59.00
116.067,measure,4992.0,928.0,4.6326,58.94
116.167,measure,4992.0,928.0,4.6326,58.94
116.267,measure,4992.0,928.0,4.6326,58.84
116.367,measure,4992.0,928.0,4.6326,58.88
116.467,measure,4992.0,928.0,4.6326,58.81
116.567,measure,4992.0,928.0,4.6326,58.81
116.667,measure,4992.0,928.0,4.6326,58.75
116.767,measure,4992.0,928.0,4.6326,58.78
116.868,measure,4992.0,928.0,4.6326,59.06
116.968,measure,4992.0,928.0,4.6326,58.91
117.068,measure,4992.0,928.0,4.6326,58.91
117.168,measure,4992.0,928.0,4.6326,58.84
117.268,measure,4992.0,928.0,4.6326,58.88
117.368,measure,4992.0,928.0,4.6326,58.81
117.468,measure,4992.0,928.0,4.6326,58.88
117.568,measure,4992.0,928.0,4.6326,58.81
117.669,measure,4992.0,928.0,4.6326,58.75
117.769,measure,4992.0,928.0,4.6326,59.00
117.869,measure,4992.0,928.0,4.6326,58.94
117.969,measure,4992.0,928.0,4.6326,58.94
118.069,measure,4992.0,928.0,4.6326,58.91
118.169,measure,4992.0,928.0,4.6326,58.84
118.269,measure,4992.0,928.0,4.6326,58.81
118.369,measure,4992.0,928.0,4.6326,58.78
118.470,measure,4992.0,928.0,4.6326,58.78
118.570,measure,4992.0,928.0,4.6326,58.78
118.670,measure,4992.0,920.0,4.5926,58.97
118.770,measure,4992.0,920.0,4.5926,59.00
118.870,measure,4992.0,920.0,4.5926,58.88
118.970,measure,4992.0,920.0,4.5926,58.84
119.070,measure,4992.0,920.0,4.5926,58.88
119.171,measure,4992.0,928.0,4.6326,58.91
119.271,measure,4992.0,920.0,4.5926,58.84
119.371,measure,4992.0,920.0,4.5926,58.81
119.471,measure,4992.0,920.0,4.5926,58.78
119.571,measure,4992.0,920.0,4.5926,58.91
119.671,measure,4992.0,920.0,4.5926,58.94
119.771,measure,4992.0,920.0,4.5926,58.94
119.871,measure,4992.0,920.0,4.5926,58.91
119.972,measure,4992.0,920.0,4.5926,58.88
120.072,measure,4992.0,920.0,4.5926,58.81
120.172,measure,4992.0,928.0,4.6326,58.75
120.272,measure,4992.0,928.0,4.6326,58.84
120.372,measure,4992.0,928.0,4.6326,58.75
120.472,measure,4992.0,928.0,4.6326,58.94
120.572,measure,4992.0,928.0,4.6326,58.97
120.673,measure,4992.0,928.0,4.6326,58.84
120.773,measure,4992.0,928.0,4.6326,58.91
120.873,measure,4992.0,928.0,4.6326,58.91
120.973,measure,4992.0,920.0,4.5926,58.78
121.073,measure,4992.0,920.0,4.5926,58.91
121.173,measure,4992.0,928.0,4.6326,58.84
121.273,measure,4992.0,928.0,4.6326,58.81
121.373,measure,4992.0,928.0,4.6326,58.97
121.474,measure,4992.0,928.0,4.6326,58.94
121.574,measure,4992.0,928.0,4.6326,58.84
121.674,measure,4992.0,928.0,4.6326,58.94
121.774,measure,4992.0,928.0,4.6326,58.91
121.874,measure,4992.0,920.0,4.5926,58.84
121.974,measure,4992.0,920.0,4.5926,58.81
122.074,measure,4992.0,928.0,4.6326,58.88
122.175,measure,4992.0,928.0,4.6326,58.84
122.275,measure,4992.0,928.0,4.6326,58.78
122.375,measure,4992.0,928.0,4.6326,58.94
122.475,measure,4992.0,928.0,4.6326,58.88
122.575,measure,4992.0,928.0,4.6326,58.91
122.675,measure,4992.0,928.0,4.6326,58.91
122.775,measure,4992.0,928.0,4.6326,58.91
122.875,measure,4992.0,928.0,4.6326,58.81
122.976,measure,4992.0,928.0,4.6326,58.84
123.076,measure,4992.0,928.0,4.6326,58.81
123.176,measure,4992.0,928.0,4.6326,58.94
123.276,measure,4992.0,928.0,4.6326,58.97
123.376,measure,4992.0,928.0,4.6326,58.94
123.476,measure,4992.0,928.0,4.6326,58.94
123.576,measure,4992.0,928.0,4.6326,58.94
123.677,measure,4992.0,928.0,4.6326,58.84
123.777,measure,4992.0,928.0,4.6326,58.84
123.877,measure,4992.0,928.0,4.6326,58.84
123.977,measure,4992.0,928.0,4.6326,58.84
124.077,measure,4992.0,928.0,4.6326,58.81
124.177,measure,4992.0,928.0,4.6326,59.00
124.277,measure,4992.0,928.0,4.6326,59.00
124.378,measure,4992.0,928.0,4.6326,58.81
124.478,measure,4992.0,928.0,4.6326,58.88
124.578,measure,4992.0,928.0,4.6326,58.84
124.678,measure,4992.0,928.0,4.6326,58.81
124.778,measure,4992.0,928.0,4.6326,58.81
124.878,measure,4992.0,928.0,4.6326,58.81
124.978,measure,4992.0,928.0,4.6326,59.00
125.078,measure,4992.0,928.0,4.6326,58.97
125.179,measure,4992.0,928.0,4.6326,58.97
125.279,measure,4992.0,928.0,4.6326,58.88
125.380,measure,4992.0,928.0,4.6326,58.94
125.480,measure,4992.0,928.0,4.6326,58.84
125.580,measure,4992.0,928.0,4.6326,58.81
125.680,measure,4992.0,928.0,4.6326,58.81
125.780,measure,4992.0,928.0,4.6326,58.81
125.880,measure,4992.0,928.0,4.6326,58.94
125.980,measure,4992.0,928.0,4.6326,58.97
126.081,measure,4992.0,928.0,4.6326,58.94
126.181,measure,4992.0,928.0,4.6326,58.88
126.281,measure,4992.0,928.0,4.6326,58.81
126.381,measure,4992.0,928.0,4.6326,58.84
126.481,measure,4992.0,928.0,4.6326,58.84
126.581,measure,4992.0,928.0,4.6326,58.78
126.681,measure,4992.0,928.0,4.6326,58.78
126.781,measure,4992.0,928.0,4.6326,59.03
126.882,measure,4992.0,928.0,4.6326,58.94
126.982,measure,4992.0,928.0,4.6326,58.97
127.082,measure,4992.0,928.0,4.6326,58.88
127.182,measure,4992.0,928.0,4.6326,58.88
127.282,measure,4992.0,920.0,4.5926,58.81
127.382,measure,4992.0,928.0,4.6326,58.78
127.482,measure,4992.0,928.0,4.6326,58.81
127.582,measure,4992.0,920.0,4.5926,58.78
127.683,measure,4992.0,920.0,4.5926,59.03
127.783,measure,4992.0,920.0,4.5926,59.00
127.883,measure,4992.0,920.0,4.5926,59.00
127.983,measure,4992.0,920.0,4.5926,58.91
128.083,measure,4992.0,920.0,4.5926,58.88
128.183,measure,4992.0,928.0,4.6326,58.84
128.283,measure,4992.0,928.0,4.6326,58.91
128.384,measure,4992.0,928.0,4.6326,58.84
128.484,measure,4992.0,928.0,4.6326,58.81
128.584,measure,4992.0,928.0,4.6326,58.69
128.684,measure,4992.0,928.0,4.6326,59.00
128.784,measure,4992.0,928.0,4.6326,59.03
128.884,measure,4992.0,928.0,4.6326,58.88
128.984,measure,4992.0,928.0,4.6326,58.91
129.084,measure,4992.0,928.0,4.6326,58.81
129.185,measure,4992.0,928.0,4.6326,58.75
129.285,measure,4992.0,928.0,4.6326,58.81
129.385,measure,4992.0,928.0,4.6326,58.81
129.485,measure,4992.0,928.0,4.6326,58.78
129.585,measure,4992.0,928.0,4.6326,59.00
129.685,measure,4992.0,920.0,4.5926,58.88
129.785,measure,4992.0,920.0,4.5926,58.91
129.885,measure,4992.0,928.0,4.6326,58.84
129.986,measure,4992.0,920.0,4.5926,58.88
130.086,measure,4992.0,920.0,4.5926,58.78
130.186,measure,4992.0,920.0,4.5926,58.78
130.287,measure,4992.0,920.0,4.5926,58.75
130.387,measure,4992.0,920.0,4.5926,58.78
130.487,measure,4992.0,928.0,4.6326,58.78
130.587,measure,4992.0,928.0,4.6326,58.91
130.687,measure,4992.0,928.0,4.6326,58.94
130.787,measure,4992.0,928.0,4.6326,58.94
130.887,measure,4992.0,928.0,4.6326,58.88
130.988,measure,4992.0,928.0,4.6326,58.81
131.088,measure,4992.0,928.0,4.6326,58.88
131.188,measure,4992.0,928.0,4.6326,58.69
131.288,measure,4992.0,928.0,4.6326,58.78
131.388,measure,4992.0,920.0,4.5926,58.75
131.488,measure,4992.0,928.0,4.6326,59.03
131.588,measure,4992.0,928.0,4.6326,58.94
131.689,measure,4992.0,928.0,4.6326,58.88
131.789,measure,4992.0,928.0,4.6326,58.88
131.889,measure,4992.0,928.0,4.6326,58.78
131.989,measure,4992.0,928.0,4.6326,58.69
132.089,measure,4992.0,928.0,4.6326,58.72
132.189,measure,4992.0,928.0,4.6326,58.81
132.290,measure,4992.0,928.0,4.6326,58.75
132.390,measure,4992.0,928.0,4.6326,58.97
132.490,measure,4992.0,928.0,4.6326,58.88
132.590,measure,4992.0,928.0,4.6326,58.88
132.690,measure,4992.0,928.0,4.6326,58.91
132.790,measure,4992.0,928.0,4.6326,58.75
132.890,measure,4992.0,928.0,4.6326,58.84
132.991,measure,4992.0,928.0,4.6326,58.78
133.091,measure,4992.0,928.0,4.6326,58.72
133.191,measure,4992.0,928.0,4.6326,58.75
133.291,measure,4992.0,928.0,4.6326,58.72
133.391,measure,4992.0,928.0,4.6326,58.94
133.491,measure,4992.0,928.0,4.6326,58.94
133.591,measure,4992.0,928.0,4.6326,58.81
133.691,measure,4992.0,928.0,4.6326,58.84
133.792,measure,4992.0,928.0,4.6326,58.72
133.892,measure,4992.0,928.0,4.6326,58.84
133.992,measure,4992.0,928.0,4.6326,58.78
134.092,measure,4992.0,928.0,4.6326,58.84
134.192,measure,4992.0,928.0,4.6326,58.81
134.292,measure,4992.0,928.0,4.6326,58.94
134.392,measure,4992.0,928.0,4.6326,58.84
134.493,measure,4992.0,928.0,4.6326,58.81
134.593,measure,4992.0,928.0,4.6326,58.84
134.693,measure,4992.0,928.0,4.6326,58.84
134.793,measure,4992.0,928.0,4.6326,58.75
134.893,measure,4992.0,928.0,4.6326,58.78
134.993,measure,4992.0,928.0,4.6326,58.75
135.093,measure,4992.0,928.0,4.6326,58.94
135.193,measure,4992.0,928.0,4.6326,58.94
135.294,measure,4992.0,928.0,4.6326,58.91
135.394,measure,4992.0,928.0,4.6326,58.91
135.494,measure,4992.0,928.0,4.6326,58.84
135.594,measure,4992.0,928.0,4.6326,58.72
135.694,measure,4992.0,928.0,4.6326,58.75
135.794,measure,4992.0,928.0,4.6326,58.78
135.894,measure,4992.0,928.0,4.6326,58.78
135.995,measure,4992.0,928.0,4.6326,58.72
136.095,measure,4992.0,928.0,4.6326,58.94
136.195,measure,4992.0,928.0,4.6326,58.88
136.295,measure,4992.0,928.0,4.6326,58.84
136.395,measure,4992.0,928.0,4.6326,58.78
136.495,measure,4992.0,928.0,4.6326,58.84
136.595,measure,4992.0,928.0,4.6326,58.78
136.695,measure,4992.0,928.0,4.6326,58.75
136.796,measure,4992.0,928.0,4.6326,58.72
136.896,measure,4992.0,928.0,4.6326,59.00
136.996,measure,4992.0,928.0,4.6326,58.97
137.096,measure,4992.0,928.0,4.6326,58.94
137.196,measure,4992.0,928.0,4.6326,58.81
137.296,measure,4992.0,928.0,4.6326,58.88
137.396,measure,4992.0,928.0,4.6326,58.84
137.496,measure,4992.0,928.0,4.6326,58.78
137.597,measure,4992.0,928.0,4.6326,58.75
137.697,measure,4992.0,928.0,4.6326,58.78
137.797,measure,4992.0,928.0,4.6326,59.06
137.897,measure,4992.0,928.0,4.6326,58.94
137.997,measure,4992.0,928.0,4.6326,58.94
138.097,measure,4992.0,928.0,4.6326,58.84
138.197,measure,4992.0,928.0,4.6326,58.91
138.297,measure,4992.0,928.0,4.6326,58.81
138.398,measure,4992.0,928.0,4.6326,58.78
138.498,measure,4992.0,928.0,4.6326,58.84
138.598,measure,4992.0,928.0,4.6326,58.78
138.698,measure,4992.0,928.0,4.6326,58.94
138.798,measure,4992.0,928.0,4.6326,58.94
138.898,measure,4992.0,928.0,4.6326,58.94
138.998,measure,4992.0,928.0,4.6326,58.94
139.099,measure,4992.0,928.0,4.6326,58.88
139.199,measure,4992.0,928.0,4.6326,58.91
139.299,measure,4992.0,928.0,4.6326,58.78
139.399,measure,4992.0,928.0,4.6326,58.81
139.499,measure,4992.0,928.0,4.6326,58.72
139.599,measure,4992.0,928.0,4.6326,59.12
139.699,measure,4992.0,928.0,4.6326,59.03
139.799,measure,4992.0,928.0,4.6326,58.91
139.900,measure,4992.0,928.0,4.6326,58.94
140.000,measure,4992.0,928.0,4.6326,58.84
140.100,measure,4992.0,928.0,4.6326,58.84
140.200,measure,4992.0,928.0,4.6326,58.81
140.300,measure,4992.0,928.0,4.6326,58.78
140.400,measure,4992.0,928.0,4.6326,58.75
140.500,measure,4992.0,928.0,4.6326,59.09
140.600,measure,4992.0,928.0,4.6326,59.00
140.701,measure,4992.0,928.0,4.6326,59.00
140.801,measure,4992.0,928.0,4.6326,58.91
140.901,measure,4992.0,928.0,4.6326,58.94
141.001,measure,4992.0,928.0,4.6326,58.78
141.101,measure,4992.0,928.0,4.6326,58.81
141.201,measure,4992.0,928.0,4.6326,58.81
141.301,measure,4992.0,928.0,4.6326,58.78
141.402,measure,4992.0,928.0,4.6326,58.94
141.502,measure,4992.0,928.0,4.6326,58.94
141.602,measure,4992.0,928.0,4.6326,58.88
141.702,measure,4992.0,928.0,4.6326,58.84
141.802,measure,4992.0,928.0,4.6326,58.94
141.902,measure,4992.0,928.0,4.6326,58.84
142.002,measure,4992.0,928.0,4.6326,58.84
142.102,measure,4992.0,928.0,4.6326,58.81
142.203,measure,4992.0,928.0,4.6326,58.78
142.303,measure,4992.0,928.0,4.6326,58.75
142.403,measure,4992.0,928.0,4.6326,58.97
142.503,measure,4992.0,928.0,4.6326,58.97
142.603,measure,4992.0,928.0,4.6326,58.94
142.703,measure,4992.0,928.0,4.6326,58.88
142.803,measure,4992.0,928.0,4.6326,58.78
142.904,measure,4992.0,928.0,4.6326,58.75
143.004,measure,4992.0,928.0,4.6326,58.75
143.104,measure,4992.0,928.0,4.6326,58.81
143.204,measure,4992.0,928.0,4.6326,58.78
143.304,measure,4992.0,928.0,4.6326,58.94
143.404,measure,4992.0,928.0,4.6326,58.94
143.504,measure,4992.0,928.0,4.6326,58.91
143.604,measure,4992.0,928.0,4.6326,58.94
143.705,measure,4992.0,928.0,4.6326,58.81
143.805,measure,4992.0,928.0,4.6326,58.81
143.905,measure,4992.0,928.0,4.6326,58.75
144.005,measure,4992.0,928.0,4.6326,58.78
144.105,measure,4992.0,928.0,4.6326,58.72
144.205,measure,4992.0,928.0,4.6326,58.69
144.305,measure,4992.0,928.0,4.6326,58.91
144.406,measure,4992.0,928.0,4.6326,58.91
144.506,measure,4992.0,928.0,4.6326,58.84
144.606,measure,4992.0,928.0,4.6326,58.78
144.706,measure,4992.0,928.0,4.6326,58.81
144.806,measure,4992.0,928.0,4.6326,58.78
144.906,measure,4992.0,928.0,4.6326,58.78
145.006,measure,4992.0,928.0,4.6326,58.78
145.106,measure,4992.0,928.0,4.6326,58.75
145.207,measure,4992.0,928.0,4.6326,58.88
145.307,measure,4992.0,928.0,4.6326,58.94
145.407,measure,4992.0,928.0,4.6326,58.88
145.507,measure,4992.0,928.0,4.6326,58.81
145.608,measure,4992.0,928.0,4.6326,58.81
145.708,measure,4992.0,928.0,4.6326,58.72
145.808,measure,4992.0,928.0,4.6326,58.81
145.908,measure,4992.0,928.0,4.6326,58.78
146.008,measure,4992.0,928.0,4.6326,58.69
146.109,measure,4992.0,928.0,4.6326,59.00
146.209,measure,4992.0,928.0,4.6326,58.94
146.309,measure,4992.0,928.0,4.6326,58.88
146.409,measure,4992.0,928.0,4.6326,58.88
146.509,measure,4992.0,928.0,4.6326,58.75
146.609,measure,4992.0,928.0,4.6326,58.78
146.709,measure,4992.0,928.0,4.6326,58.75
146.810,measure,4992.0,928.0,4.6326,58.84
146.910,measure,4992.0,928.0,4.6326,58.69
147.010,measure,4992.0,928.0,4.6326,58.72
147.110,measure,4992.0,928.0,4.6326,58.91
147.210,measure,4992.0,928.0,4.6326,58.81
147.310,measure,4992.0,928.0,4.6326,58.84
147.410,measure,4992.0,928.0,4.6326,58.78
147.511,measure,4992.0,928.0,4.6326,58.78
147.611,measure,4992.0,928.0,4.6326,58.75
147.711,measure,4992.0,928.0,4.6326,58.75
147.811,measure,4992.0,928.0,4.6326,58.75
147.911,measure,4992.0,928.0,4.6326,58.72
148.011,measure,4992.0,928.0,4.6326,58.88
148.111,measure,4992.0,928.0,4.6326,58.88
148.211,measure,4992.0,928.0,4.6326,58.84
148.312,measure,4992.0,928.0,4.6326,58.88
148.412,measure,4992.0,928.0,4.6326,58.81
148.512,measure,4992.0,928.0,4.6326,58.81
148.612,measure,4992.0,928.0,4.6326,58.81
148.712,measure,4992.0,928.0,4.6326,58.75
148.812,measure,4992.0,928.0,4.6326,58.94
148.912,measure,4992.0,928.0,4.6326,58.94
149.012,measure,4992.0,928.0,4.6326,58.91
149.113,measure,4992.0,928.0,4.6326,58.84
149.213,measure,4992.0,928.0,4.6326,58.75
149.313,measure,4992.0,928.0,4.6326,58.75
149.413,measure,4992.0,928.0,4.6326,58.75
149.513,measure,4992.0,928.0,4.6326,58.72
149.613,measure,4992.0,928.0,4.6326,58.62
149.713,measure,4992.0,928.0,4.6326,58.91
149.814,measure,4992.0,928.0,4.6326,58.94
149.914,measure,4992.0,928.0,4.6326,58.81
150.014,measure,4992.0,928.0,4.6326,58.84
150.114,measure,4992.0,928.0,4.6326,58.81
150.214,measure,4992.0,928.0,4.6326,58.81
150.314,measure,4992.0,928.0,4.6326,58.69
150.414,measure,4992.0,928.0,4.6326,58.72
150.514,measure,4992.0,928.0,4.6326,58.66
150.615,measure,4992.0,928.0,4.6326,59.00
150.715,measure,4992.0,928.0,4.6326,58.91
150.815,measure,4992.0,928.0,4.6326,58.91
150.915,measure,4992.0,928.0,4.6326,58.81
151.015,measure,4992.0,928.0,4.6326,58.84
151.115,measure,4992.0,928.0,4.6326,58.72
151.215,measure,4992.0,928.0,4.6326,58.78
151.315,measure,4992.0,928.0,4.6326,58.75
151.416,measure,4992.0,928.0,4.6326,58.84
151.516,measure,4992.0,928.0,4.6326,59.00
151.616,measure,4992.0,928.0,4.6326,58.94
151.716,measure,4992.0,928.0,4.6326,58.88
151.816,measure,4992.0,928.0,4.6326,58.84
151.916,measure,4992.0,928.0,4.6326,58.91
152.016,measure,4992.0,928.0,4.6326,58.75
152.116,measure,4992.0,928.0,4.6326,58.84
152.217,measure,4992.0,928.0,4.6326,58.81
152.317,measure,4992.0,928.0,4.6326,58.75
152.417,measure,4992.0,928.0,4.6326,58.91
152.517,measure,4992.0,928.0,4.6326,58.97
152.617,measure,4992.0,928.0,4.6326,58.91
152.717,measure,4992.0,928.0,4.6326,58.84
152.817,measure,4992.0,928.0,4.6326,58.84
152.917,measure,4992.0,928.0,4.6326,58.84
153.018,measure,4992.0,928.0,4.6326,58.78
153.118,measure,4992.0,928.0,4.6326,58.78
153.218,measure,4992.0,928.0,4.6326,58.75
153.318,measure,4992.0,928.0,4.6326,59.00
153.418,measure,4992.0,928.0,4.6326,58.91
153.518,measure,4992.0,928.0,4.6326,58.97
153.618,measure,4992.0,928.0,4.6326,58.84
153.719,measure,4992.0,928.0,4.6326,58.88
153.819,measure,4992.0,928.0,4.6326,58.81
153.919,measure,4992.0,928.0,4.6326,58.75
154.019,measure,4992.0,928.0,4.6326,58.75
154.119,measure,4992.0,928.0,4.6326,58.81
154.219,measure,4992.0,928.0,4.6326,59.00
154.319,measure,4992.0,928.0,4.6326,59.03
154.419,measure,4992.0,928.0,4.6326,58.91
154.520,measure,4992.0,928.0,4.6326,58.81
154.620,measure,4992.0,928.0,4.6326,58.81
154.720,measure,4992.0,928.0,4.6326,58.84
154.820,measure,4992.0,928.0,4.6326,58.75
154.920,measure,4992.0,928.0,4.6326,58.78
155.020,measure,4992.0,928.0,4.6326,58.75
155.120,measure,4992.0,928.0,4.6326,59.00
155.220,measure,4992.0,928.0,4.6326,58.94
155.321,measure,4992.0,928.0,4.6326,58.81
155.421,measure,4992.0,928.0,4.6326,58.81
155.521,measure,4992.0,928.0,4.6326,58.88
155.621,measure,4992.0,928.0,4.6326,58.88
155.721,measure,4992.0,928.0,4.6326,58.78
155.821,measure,4992.0,928.0,4.6326,58.78
155.921,measure,4992.0,928.0,4.6326,58.72
156.021,measure,4992.0,928.0,4.6326,58.69
156.122,measure,4992.0,928.0,4.6326,58.91
156.222,measure,4992.0,928.0,4.6326,58.91
156.322,measure,4992.0,928.0,4.6326,58.88
156.422,measure,4992.0,928.0,4.6326,58.78
156.522,measure,4992.0,928.0,4.6326,58.69
156.622,measure,4992.0,928.0,4.6326,58.75
156.722,measure,4992.0,928.0,4.6326,58.72
156.823,measure,4992.0,928.0,4.6326,58.72
156.923,measure,4992.0,928.0,4.6326,58.75
157.023,measure,4992.0,928.0,4.6326,59.03
157.123,measure,4992.0,928.0,4.6326,58.88
157.223,measure,4992.0,928.0,4.6326,58.81
157.323,measure,4992.0,928.0,4.6326,58.81
157.423,measure,4992.0,928.0,4.6326,58.78
157.523,measure,4992.0,928.0,4.6326,58.84
157.624,measure,4992.0,928.0,4.6326,58.72
157.724,measure,4992.0,928.0,4.6326,58.69
157.824,measure,4992.0,928.0,4.6326,58.78
157.924,measure,4992.0,928.0,4.6326,58.75
158.024,measure,4992.0,928.0,4.6326,58.88
158.124,measure,4992.0,928.0,4.6326,58.88
158.224,measure,4992.0,928.0,4.6326,58.78
158.324,measure,4992.0,928.0,4.6326,58.78
158.425,measure,4992.0,928.0,4.6326,58.78
158.525,measure,4992.0,928.0,4.6326,58.81
158.625,measure,4992.0,928.0,4.6326,58.78
158.725,measure,4992.0,928.0,4.6326,58.75
158.825,measure,4992.0,928.0,4.6326,58.75
158.925,measure,4992.0,928.0,4.6326,58.94
159.025,measure,4992.0,928.0,4.6326,58.78
159.125,measure,4992.0,928.0,4.6326,58.88
159.226,measure,4992.0,928.0,4.6326,58.81
159.326,measure,4992.0,928.0,4.6326,58.78
159.426,measure,4992.0,928.0,4.6326,58.72
159.526,measure,4992.0,928.0,4.6326,58.72
159.626,measure,4992.0,928.0,4.6326,58.72
159.726,measure,4992.0,928.0,4.6326,58.72
159.827,measure,4992.0,928.0,4.6326,58.94
159.927,measure,4992.0,928.0,4.6326,58.91
160.027,measure,4992.0,928.0,4.6326,58.78
160.127,measure,4992.0,928.0,4.6326,58.81
160.227,measure,4992.0,928.0,4.6326,58.84
160.327,measure,4992.0,928.0,4.6326,58.75
160.427,measure,4992.0,928.0,4.6326,58.81
160.528,measure,4992.0,928.0,4.6326,58.69
160.628,measure,4992.0,928.0,4.6326,58.69
160.728,measure,4992.0,928.0,4.6326,58.84
160.828,measure,4992.0,928.0,4.6326,58.91
160.928,measure,4992.0,928.0,4.6326,58.84
161.028,measure,4992.0,928.0,4.6326,58.81
161.128,measure,4992.0,928.0,4.6326,58.81
161.228,measure,4992.0,928.0,4.6326,58.69
161.329,measure,4992.0,928.0,4.6326,58.81
161.429,measure,4992.0,928.0,4.6326,58.72
161.529,measure,4992.0,928.0,4.6326,58.94
161.629,measure,4992.0,928.0,4.6326,58.91
161.729,measure,4992.0,928.0,4.6326,58.88
161.829,measure,4992.0,928.0,4.6326,58.88
161.929,measure,4992.0,928.0,4.6326,58.81
162.029,measure,4992.0,928.0,4.6326,58.72
162.129,measure,4992.0,928.0,4.6326,58.78
162.230,measure,4992.0,928.0,4.6326,58.66
162.330,measure,4992.0,928.0,4.6326,58.69
162.430,measure,4992.0,928.0,4.6326,58.91
162.530,measure,4992.0,928.0,4.6326,58.88
162.630,measure,4992.0,928.0,4.6326,58.94
162.730,measure,4992.0,928.0,4.6326,58.78
162.830,measure,4992.0,928.0,4.6326,58.78
162.931,measure,4992.0,928.0,4.6326,58.78
163.031,measure,4992.0,928.0,4.6326,58.75
163.131,measure,4992.0,928.0,4.6326,58.75
163.231,measure,4992.0,928.0,4.6326,58.75
163.331,measure,4992.0,928.0,4.6326,58.94
163.431,measure,4992.0,928.0,4.6326,58.94
163.531,measure,4992.0,928.0,4.6326,58.84
163.631,measure,4992.0,928.0,4.6326,58.81
163.732,measure,4992.0,928.0,4.6326,58.78
163.832,measure,4992.0,928.0,4.6326,58.78
163.932,measure,4992.0,928.0,4.6326,58.75
164.032,measure,4992.0,928.0,4.6326,58.75
164.132,measure,4992.0,928.0,4.6326,58.72
164.232,measure,4992.0,928.0,4.6326,58.97
164.332,measure,4992.0,928.0,4.6326,58.91
164.432,measure,4992.0,928.0,4.6326,58.81
164.533,measure,4992.0,928.0,4.6326,58.88
164.633,measure,4992.0,928.0,4.6326,58.78
164.733,measure,4992.0,928.0,4.6326,58.75
164.833,measure,4992.0,928.0,4.6326,58.81
164.933,measure,4992.0,928.0,4.6326,58.72
165.033,measure,4992.0,928.0,4.6326,58.66
165.133,measure,4992.0,928.0,4.6326,58.97
165.233,measure,4992.0,928.0,4.6326,58.94
165.334,measure,4992.0,928.0,4.6326,58.84
165.434,measure,4992.0,928.0,4.6326,58.88
165.534,measure,4992.0,928.0,4.6326,58.78
165.634,measure,4992.0,928.0,4.6326,58.78
165.734,measure,4992.0,928.0,4.6326,58.75
165.834,measure,4992.0,928.0,4.6326,58.66
165.934,measure,4992.0,928.0,4.6326,58.75
166.035,measure,4992.0,928.0,4.6326,58.97
166.135,measure,4992.0,928.0,4.6326,58.94
166.235,measure,4992.0,928.0,4.6326,58.88
166.335,measure,4992.0,928.0,4.6326,58.78
166.435,measure,4992.0,928.0,4.6326,58.81
166.535,measure,4992.0,928.0,4.6326,58.75
166.635,measure,4992.0,928.0,4.6326,58.78
166.736,measure,4992.0,928.0,4.6326,58.72
166.836,measure,4992.0,928.0,4.6326,58.75
166.936,measure,4992.0,928.0,4.6326,58.75
167.036,measure,4992.0,928.0,4.6326,58.97
167.136,measure,4992.0,928.0,4.6326,58.91
167.236,measure,4992.0,928.0,4.6326,58.88
167.336,measure,4992.0,928.0,4.6326,58.88
167.436,measure,4992.0,928.0,4.6326,58.75
167.537,measure,4992.0,928.0,4.6326,58.78
167.637,measure,4992.0,928.0,4.6326,58.75
167.737,measure,4992.0,928.0,4.6326,58.75
167.837,measure,4992.0,928.0,4.6326,58.66
167.937,measure,4992.0,928.0,4.6326,59.00
168.037,measure,4992.0,928.0,4.6326,58.84
168.137,measure,4992.0,928.0,4.6326,58.88
168.237,measure,4992.0,928.0,4.6326,58.84
168.338,measure,4992.0,928.0,4.6326,58.78
168.438,measure,4992.0,928.0,4.6326,58.78
168.538,measure,4992.0,928.0,4.6326,58.72
168.638,measure,4992.0,928.0,4.6326,58.72
168.738,measure,4992.0,928.0,4.6326,58.72
168.838,measure,4992.0,928.0,4.6326,59.00
168.938,measure,4992.0,928.0,4.6326,58.81
169.038,measure,4992.0,928.0,4.6326,58.84
169.139,measure,4992.0,928.0,4.6326,58.78
169.239,measure,4992.0,928.0,4.6326,58.75
169.339,measure,4992.0,928.0,4.6326,58.72
169.439,measure,4992.0,928.0,4.6326,58.78
169.539,measure,4992.0,928.0,4.6326,58.69
169.639,measure,4992.0,928.0,4.6326,58.69
169.739,measure,4992.0,928.0,4.6326,58.69
169.840,measure,4992.0,928.0,4.6326,58.94
169.940,measure,4992.0,928.0,4.6326,58.75
170.040,measure,4992.0,928.0,4.6326,58.81
170.140,measure,4992.0,928.0,4.6326,58.78
170.240,measure,4992.0,928.0,4.6326,58.78
170.340,measure,4992.0,928.0,4.6326,58.75
170.440,measure,4992.0,928.0,4.6326,58.78
170.540,measure,4992.0,928.0,4.6326,58.75
170.641,measure,4992.0,928.0,4.6326,58.69
170.741,measure,4992.0,928.0,4.6326,58.84
170.841,measure,4992.0,928.0,4.6326,58.81
170.941,measure,4992.0,920.0,4.5926,58.81
171.041,measure,4992.0,920.0,4.5926,58.72
171.141,measure,4992.0,928.0,4.6326,58.72
171.241,measure,4992.0,928.0,4.6326,58.75
171.341,measure,4992.0,928.0,4.6326,58.75
171.441,measure,4992.0,928.0,4.6326,58.62
171.542,measure,4992.0,928.0,4.6326,58.94
171.642,measure,4992.0,928.0,4.6326,58.84
171.742,measure,4992.0,928.0,4.6326,58.81
171.842,measure,4992.0,920.0,4.5926,58.81
171.942,measure,4992.0,928.0,4.6326,58.78
172.042,measure,4992.0,928.0,4.6326,58.78
172.142,measure,4992.0,928.0,4.6326,58.75
172.242,measure,4992.0,928.0,4.6326,58.66
172.343,measure,4992.0,928.0,4.6326,58.72
172.443,measure,4992.0,928.0,4.6326,58.69
172.543,measure,4992.0,928.0,4.6326,58.91
172.643,measure,4992.0,928.0,4.6326,58.91
172.743,measure,4992.0,928.0,4.6326,58.78
172.843,measure,4992.0,928.0,4.6326,58.81
172.943,measure,4992.0,928.0,4.6326,58.78
173.044,measure,4992.0,928.0,4.6326,58.78
173.144,measure,4992.0,928.0,4.6326,58.69
173.244,measure,4992.0,928.0,4.6326,58.69
173.344,measure,4992.0,928.0,4.6326,58.94
173.444,measure,4992.0,928.0,4.6326,58.81
173.544,measure,4992.0,928.0,4.6326,58.84
173.644,measure,4992.0,928.0,4.6326,58.81
173.744,measure,4992.0,928.0,4.6326,58.81
173.845,measure,4992.0,928.0,4.6326,58.72
173.945,measure,4992.0,928.0,4.6326,58.69
174.045,measure,4992.0,928.0,4.6326,58.66
174.145,measure,4992.0,928.0,4.6326,58.75
174.245,measure,4992.0,928.0,4.6326,58.94
174.345,measure,4992.0,928.0,4.6326,58.84
174.445,measure,4992.0,928.0,4.6326,58.91
174.545,measure,4992.0,928.0,4.6326,58.78
174.646,measure,4992.0,928.0,4.6326,58.72
174.746,measure,4992.0,928.0,4.6326,58.69
174.846,measure,4992.0,928.0,4.6326,58.75
174.946,measure,4992.0,928.0,4.6326,58.72
175.046,measure,4992.0,928.0,4.6326,58.69
175.146,measure,4992.0,928.0,4.6326,58.91
175.246,measure,4992.0,928.0,4.6326,58.84
175.346,measure,4992.0,928.0,4.6326,58.91
175.447,measure,4992.0,928.0,4.6326,58.81
175.547,measure,4992.0,928.0,4.6326,58.78
175.647,measure,4992.0,928.0,4.6326,58.75
175.747,measure,4992.0,928.0,4.6326,58.72
175.847,measure,4992.0,928.0,4.6326,58.69
175.947,measure,4992.0,928.0,4.6326,58.72
176.047,measure,4992.0,928.0,4.6326,58.94
176.147,measure,4992.0,928.0,4.6326,58.88
176.248,measure,4992.0,928.0,4.6326,58.81
176.348,measure,4992.0,928.0,4.6326,58.91
176.448,measure,4992.0,928.0,4.6326,58.88
176.548,measure,4992.0,928.0,4.6326,58.69
176.648,measure,4992.0,928.0,4.6326,58.69
176.748,measure,4992.0,928.0,4.6326,58.78
176.848,measure,4992.0,928.0,4.6326,58.78
176.949,measure,4992.0,928.0,4.6326,58.94
177.049,measure,4992.0,928.0,4.6326,58.81
177.149,measure,4992.0,928.0,4.6326,58.88
177.249,measure,4992.0,928.0,4.6326,58.84
177.349,measure,4992.0,928.0,4.6326,58.72
177.449,measure,4992.0,928.0,4.6326,58.69
177.549,measure,4992.0,928.0,4.6326,58.78
177.649,measure,4992.0,928.0,4.6326,58.75
177.750,measure,4992.0,928.0,4.6326,58.72
177.850,measure,4992.0,928.0,4.6326,58.91
177.950,measure,4992.0,928.0,4.6326,58.97
178.050,measure,4992.0,928.0,4.6326,58.75
178.150,measure,4992.0,928.0,4.6326,58.78
178.250,measure,4992.0,928.0,4.6326,58.75
178.350,measure,4992.0,928.0,4.6326,58.84
178.451,measure,4992.0,928.0,4.6326,58.72
178.551,measure,4992.0,928.0,4.6326,58.72
178.651,measure,4992.0,928.0,4.6326,58.69
178.751,measure,4992.0,928.0,4.6326,58.72
178.851,measure,4992.0,928.0,4.6326,58.94
178.951,measure,4992.0,928.0,4.6326,58.91
179.051,measure,4992.0,928.0,4.6326,58.84
179.151,measure,4992.0,928.0,4.6326,58.88
179.252,measure,4992.0,928.0,4.6326,58.81
179.352,measure,4992.0,928.0,4.6326,58.72
179.452,measure,4992.0,928.0,4.6326,58.72
179.552,measure,4992.0,928.0,4.6326,58.72
179.652,measure,4992.0,928.0,4.6326,58.78
179.752,measure,4992.0,928.0,4.6326,58.94
179.852,measure,4992.0,928.0,4.6326,58.84
179.953,measure,4992.0,928.0,4.6326,58.84
180.053,measure,4992.0,928.0,4.6326,58.75
180.153,measure,4992.0,928.0,4.6326,58.78
180.253,measure,4992.0,928.0,4.6326,58.78
180.353,measure,4992.0,928.0,4.6326,58.69
180.453,measure,4992.0,928.0,4.6326,58.75
180.553,measure,4992.0,928.0,4.6326,58.72
180.653,measure,4992.0,928.0,4.6326,58.97
180.754,measure,4992.0,928.0,4.6326,58.94
180.854,measure,4992.0,928.0,4.6326,58.88
180.954,measure,4992.0,928.0,4.6326,58.78
181.054,measure,4992.0,928.0,4.6326,58.69
181.154,measure,4992.0,928.0,4.6326,58.75
181.254,measure,4992.0,928.0,4.6326,58.72
181.354,measure,4992.0,928.0,4.6326,58.62
181.454,measure,4992.0,928.0,4.6326,58.62
181.555,measure,4992.0,928.0,4.6326,58.69
181.655,measure,4992.0,928.0,4.6326,58.91
181.755,measure,4992.0,928.0,4.6326,58.91
181.855,measure,4992.0,928.0,4.6326,58.81
181.955,measure,4992.0,928.0,4.6326,58.72
182.055,measure,4992.0,928.0,4.6326,58.81
182.155,measure,4992.0,928.0,4.6326,58.75
182.256,measure,4992.0,928.0,4.6326,58.72
182.356,measure,4992.0,928.0,4.6326,58.69
182.456,measure,4992.0,928.0,4.6326,58.72
182.556,measure,4992.0,928.0,4.6326,58.91
182.656,measure,4992.0,928.0,4.6326,58.91
182.756,measure,4992.0,928.0,4.6326,58.81
182.856,measure,4992.0,928.0,4.6326,58.78
182.956,measure,4992.0,928.0,4.6326,58.69
183.057,measure,4992.0,928.0,4.6326,58.75
183.157,measure,4992.0,928.0,4.6326,58.69
183.257,measure,4992.0,928.0,4.6326,58.75
183.357,measure,4992.0,928.0,4.6326,58.62
183.457,measure,4992.0,928.0,4.6326,58.91
183.557,measure,4992.0,928.0,4.6326,58.84
183.657,measure,4992.0,928.0,4.6326,58.81
183.758,measure,4992.0,928.0,4.6326,58.78
183.858,measure,4992.0,928.0,4.6326,58.78
183.958,measure,4992.0,928.0,4.6326,58.75
184.058,measure,4992.0,928.0,4.6326,58.69
184.158,measure,4992.0,928.0,4.6326,58.72
184.258,measure,4992.0,928.0,4.6326,58.62
184.358,measure,4992.0,928.0,4.6326,58.88
184.458,measure,4992.0,928.0,4.6326,58.84
184.559,measure,4992.0,928.0,4.6326,58.81
184.659,measure,4992.0,928.0,4.6326,58.75
184.759,measure,4992.0,928.0,4.6326,58.69
184.859,measure,4992.0,928.0,4.6326,58.66
184.959,measure,4992.0,928.0,4.6326,58.81
185.059,measure,4992.0,928.0,4.6326,58.66
185.159,measure,4992.0,928.0,4.6326,58.69
185.259,measure,4992.0,928.0,4.6326,58.88
185.360,measure,4992.0,928.0,4.6326,58.72
185.460,measure,4992.0,928.0,4.6326,58.78
185.560,measure,4992.0,928.0,4.6326,58.75
185.660,measure,4992.0,928.0,4.6326,58.72
185.760,measure,4992.0,928.0,4.6326,58.78
185.860,measure,4992.0,928.0,4.6326,58.75
185.960,measure,4992.0,928.0,4.6326,58.66
186.061,measure,4992.0,928.0,4.6326,58.91
186.161,measure,4992.0,928.0,4.6326,58.88
186.261,measure,4992.0,928.0,4.6326,58.84
186.361,measure,4992.0,928.0,4.6326,58.78
186.461,measure,4992.0,928.0,4.6326,58.75
186.561,measure,4992.0,928.0,4.6326,58.75
186.661,measure,4992.0,928.0,4.6326,58.66
186.761,measure,4992.0,928.0,4.6326,58.69
186.862,measure,4992.0,928.0,4.6326,58.72
186.962,measure,4992.0,928.0,4.6326,58.66
187.062,measure,4992.0,928.0,4.6326,58.94
187.162,measure,4992.0,928.0,4.6326,58.91
187.262,measure,4992.0,928.0,4.6326,58.84
187.362,measure,4992.0,928.0,4.6326,58.72
187.462,measure,4992.0,928.0,4.6326,58.78
187.562,measure,4992.0,928.0,4.6326,58.75
187.663,measure,4992.0,928.0,4.6326,58.78
187.763,measure,4992.0,928.0,4.6326,58.69
187.863,measure,4992.0,928.0,4.6326,58.69
187.963,measure,4992.0,928.0,4.6326,58.88
188.063,measure,4992.0,928.0,4.6326,58.94
188.163,measure,4992.0,928.0,4.6326,58.84
188.263,measure,4992.0,928.0,4.6326,58.78
188.364,measure,4992.0,928.0,4.6326,58.66
188.464,measure,4992.0,928.0,4.6326,58.75
188.564,measure,4992.0,928.0,4.6326,58.78
188.664,measure,4992.0,928.0,4.6326,58.69
188.764,measure,4992.0,928.0,4.6326,58.94
188.864,measure,4992.0,928.0,4.6326,58.88
188.964,measure,4992.0,928.0,4.6326,58.88
189.065,measure,4992.0,928.0,4.6326,58.75
189.165,measure,4992.0,928.0,4.6326,58.78
189.265,measure,4992.0,928.0,4.6326,58.72
189.365,measure,4992.0,928.0,4.6326,58.75
189.465,measure,4992.0,928.0,4.6326,58.75
189.565,measure,4992.0,928.0,4.6326,58.66
189.665,measure,4992.0,928.0,4.6326,59.00
189.765,measure,4992.0,928.0,4.6326,58.94
189.866,measure,4992.0,928.0,4.6326,58.88
189.966,measure,4992.0,928.0,4.6326,58.81
190.066,measure,4992.0,928.0,4.6326,58.69
190.166,measure,4992.0,928.0,4.6326,58.78
190.266,measure,4992.0,928.0,4.6326,58.72
190.366,measure,4992.0,928.0,4.6326,58.66
190.466,measure,4992.0,928.0,4.6326,58.69
190.566,measure,4992.0,928.0,4.6326,58.66
190.667,measure,4992.0,928.0,4.6326,59.00
190.767,measure,4992.0,928.0,4.6326,58.94
190.867,measure,4992.0,928.0,4.6326,58.78
190.967,measure,4992.0,928.0,4.6326,58.81
191.067,measure,4992.0,928.0,4.6326,58.81
191.167,measure,4992.0,928.0,4.6326,58.75
191.267,measure,4992.0,928.0,4.6326,58.75
191.368,measure,4992.0,928.0,4.6326,58.78
191.468,measure,4992.0,928.0,4.6326,58.69
191.568,measure,4992.0,928.0,4.6326,58.91
191.668,measure,4992.0,928.0,4.6326,58.81
191.768,measure,4992.0,928.0,4.6326,58.81
191.868,measure,4992.0,928.0,4.6326,58.78
191.968,measure,4992.0,928.0,4.6326,58.72
192.068,measure,4992.0,928.0,4.6326,58.69
192.169,measure,4992.0,928.0,4.6326,58.66
192.269,measure,4992.0,928.0,4.6326,58.72
192.369,measure,4992.0,920.0,4.5926,58.59
192.469,measure,4992.0,920.0,4.5926,58.66
192.569,measure,4992.0,920.0,4.5926,58.94
192.669,measure,4992.0,920.0,4.5926,58.88
192.769,measure,4992.0,928.0,4.6326,58.81
192.870,measure,4992.0,928.0,4.6326,58.69
192.970,measure,4992.0,928.0,4.6326,58.78
193.070,measure,4992.0,928.0,4.6326,58.75
193.170,measure,4992.0,928.0,4.6326,58.66
193.270,measure,4992.0,920.0,4.5926,58.75
193.370,measure,4992.0,928.0,4.6326,58.56
193.470,measure,4992.0,928.0,4.6326,58.91
193.570,measure,4992.0,928.0,4.6326,58.78
193.671,measure,4992.0,928.0,4.6326,58.94
193.771,measure,4992.0,928.0,4.6326,58.75
193.871,measure,4992.0,928.0,4.6326,58.78
193.971,measure,4992.0,928.0,4.6326,58.75
194.071,measure,4992.0,928.0,4.6326,58.66
194.171,measure,4992.0,928.0,4.6326,58.69
194.271,measure,4992.0,928.0,4.6326,58.62
194.372,measure,4992.0,928.0,4.6326,59.00
194.472,measure,4992.0,928.0,4.6326,58.81
194.572,measure,4992.0,928.0,4.6326,58.81
194.672,measure,4992.0,928.0,4.6326,58.66
194.772,measure,4992.0,928.0,4.6326,58.69
194.872,measure,4992.0,928.0,4.6326,58.75
194.972,measure,4992.0,928.0,4.6326,58.72
195.072,measure,4992.0,928.0,4.6326,58.69
195.173,measure,4992.0,928.0,4.6326,58.72
195.273,measure,4992.0,928.0,4.6326,58.88
195.373,measure,4992.0,928.0,4.6326,58.75
195.473,measure,4992.0,928.0,4.6326,58.75
195.573,measure,4992.0,928.0,4.6326,58.69
195.673,measure,4992.0,928.0,4.6326,58.72
195.773,measure,4992.0,928.0,4.6326,58.75
195.873,measure,4992.0,928.0,4.6326,58.75
195.974,measure,4992.0,928.0,4.6326,58.69
196.074,measure,4992.0,928.0,4.6326,58.66
196.174,measure,4992.0,928.0,4.6326,58.81
196.274,measure,4992.0,928.0,4.6326,58.94
196.374,measure,4992.0,928.0,4.6326,58.81
196.474,measure,4992.0,928.0,4.6326,58.81
196.574,measure,4992.0,928.0,4.6326,58.69
196.674,measure,4992.0,928.0,4.6326,58.75
196.775,measure,4992.0,928.0,4.6326,58.78
196.875,measure,4992.0,928.0,4.6326,58.62
196.975,measure,4992.0,928.0,4.6326,58.69
197.075,measure,4992.0,928.0,4.6326,58.84
197.175,measure,4992.0,928.0,4.6326,58.81
197.275,measure,4992.0,928.0,4.6326,58.78
197.375,measure,4992.0,928.0,4.6326,58.81
197.475,measure,4992.0,928.0,4.6326,58.72
197.576,measure,4992.0,928.0,4.6326,58.72
197.676,measure,4992.0,928.0,4.6326,58.75
197.776,measure,4992.0,928.0,4.6326,58.66
197.876,measure,4992.0,928.0,4.6326,58.66
197.976,measure,4992.0,928.0,4.6326,58.84
198.076,measure,4992.0,928.0,4.6326,58.84
198.176,measure,4992.0,928.0,4.6326,58.72
198.276,measure,4992.0,928.0,4.6326,58.75
198.377,measure,4992.0,928.0,4.6326,58.75
198.477,measure,4992.0,928.0,4.6326,58.72
198.577,measure,4992.0,928.0,4.6326,58.69
198.677,measure,4992.0,928.0,4.6326,58.62
198.777,measure,4992.0,928.0,4.6326,58.69
198.877,measure,4992.0,928.0,4.6326,58.62
198.977,measure,4992.0,928.0,4.6326,58.81
199.077,measure,4992.0,928.0,4.6326,58.78
199.178,measure,4992.0,928.0,4.6326,58.72
199.278,measure,4992.0,928.0,4.6326,58.75
199.378,measure,4992.0,928.0,4.6326,58.69
199.478,measure,4992.0,928.0,4.6326,58.69
199.578,measure,4992.0,928.0,4.6326,58.69
199.678,measure,4992.0,920.0,4.5926,58.66
199.778,measure,4992.0,920.0,4.5926,58.91
199.878,measure,4992.0,920.0,4.5926,58.91
199.979,measure,4992.0,928.0,4.6326,58.72
200.080,measure,4992.0,928.0,4.6326,58.75
200.180,measure,4992.0,928.0,4.6326,58.78
200.280,measure,4992.0,928.0,4.6326,58.66
200.380,measure,4992.0,928.0,4.6326,58.66
200.480,measure,4992.0,928.0,4.6326,58.66
200.580,measure,4992.0,928.0,4.6326,58.59
200.680,measure,4992.0,928.0,4.6326,58.84
200.780,measure,4992.0,928.0,4.6326,58.94
200.881,measure,4992.0,928.0,4.6326,58.75
200.981,measure,4992.0,928.0,4.6326,58.75
201.081,measure,4992.0,928.0,4.6326,58.81
201.181,measure,4992.0,928.0,4.6326,58.69
201.281,measure,4992.0,928.0,4.6326,58.72
201.381,measure,4992.0,928.0,4.6326,58.66
201.481,measure,4992.0,928.0,4.6326,58.59
201.581,measure,4992.0,928.0,4.6326,58.88
201.682,measure,4992.0,928.0,4.6326,58.88
201.782,measure,4992.0,928.0,4.6326,58.75
201.882,measure,4992.0,928.0,4.6326,58.75
201.982,measure,4992.0,928.0,4.6326,58.66
202.082,measure,4992.0,928.0,4.6326,58.69
202.182,measure,4992.0,928.0,4.6326,58.72
202.282,measure,4992.0,928.0,4.6326,58.66
202.382,measure,4992.0,928.0,4.6326,58.62
202.483,measure,4992.0,928.0,4.6326,58.88
202.583,measure,4992.0,928.0,4.6326,58.81
202.683,measure,4992.0,928.0,4.6326,58.75
202.783,measure,4992.0,928.0,4.6326,58.72
202.883,measure,4992.0,928.0,4.6326,58.72
202.983,measure,4992.0,928.0,4.6326,58.75
203.083,measure,4992.0,928.0,4.6326,58.75
203.183,measure,4992.0,936.0,4.6725,58.72
203.284,measure,4992.0,936.0,4.6725,58.69
203.384,measure,4992.0,944.0,4.7124,58.91
203.484,measure,4984.0,992.0,4.9441,58.88
203.584,measure,4984.0,1024.0,5.1036,58.91
203.684,measure,4984.0,1048.0,5.2232,58.75
203.784,measure,4984.0,1040.0,5.1834,58.75
203.884,measure,4984.0,1056.0,5.2631,58.75
203.985,measure,4984.0,1064.0,5.3030,58.69
204.085,measure,4984.0,1072.0,5.3428,58.72
204.185,measure,4976.0,1080.0,5.3741,58.69
204.285,measure,4976.0,1072.0,5.3343,58.75
204.385,measure,4984.0,1040.0,5.1834,58.91
204.485,measure,4984.0,1056.0,5.2631,58.91
204.585,measure,4984.0,1072.0,5.3428,58.78
204.686,measure,4976.0,1080.0,5.3741,58.84
204.786,measure,4976.0,1096.0,5.4537,58.72
204.886,measure,4976.0,1096.0,5.4537,58.81
204.986,measure,4976.0,1104.0,5.4935,58.75
205.086,measure,4976.0,1088.0,5.4139,58.78
205.186,measure,4984.0,1056.0,5.2631,58.69
205.286,measure,4984.0,1032.0,5.1435,58.94
205.387,measure,4984.0,1008.0,5.0239,58.75
205.487,measure,4984.0,992.0,4.9441,58.88
205.587,measure,4984.0,976.0,4.8644,58.81
205.687,measure,4984.0,968.0,4.8245,58.81
205.788,measure,4992.0,952.0,4.7524,58.81
205.888,measure,4992.0,952.0,4.7524,58.69
205.988,measure,4992.0,944.0,4.7124,58.66
206.088,measure,4992.0,936.0,4.6725,58.72
206.189,measure,4992.0,936.0,4.6725,58.62
206.289,measure,4992.0,936.0,4.6725,58.88
206.389,measure,4992.0,936.0,4.6725,58.91
206.489,measure,4992.0,928.0,4.6326,58.72
206.590,measure,4992.0,928.0,4.6326,58.78
206.690,measure,4992.0,928.0,4.6326,58.75
206.790,measure,4992.0,928.0,4.6326,58.66
206.890,measure,4992.0,928.0,4.6326,58.78
206.991,measure,4992.0,928.0,4.6326,58.72
207.091,measure,4992.0,928.0,4.6326,58.69
207.191,measure,4992.0,928.0,4.6326,58.97
207.291,measure,4992.0,928.0,4.6326,58.94
207.391,measure,4992.0,928.0,4.6326,58.72
207.491,measure,4992.0,928.0,4.6326,58.81
207.592,measure,4992.0,928.0,4.6326,58.72
207.692,measure,4992.0,928.0,4.6326,58.75
207.792,measure,4992.0,928.0,4.6326,58.78
207.892,measure,4992.0,928.0,4.6326,58.72
207.992,measure,4992.0,928.0,4.6326,58.62
208.092,measure,4992.0,928.0,4.6326,58.91
208.193,measure,4992.0,928.0,4.6326,58.88
208.293,measure,4992.0,928.0,4.6326,58.84
208.393,measure,4992.0,928.0,4.6326,58.81
208.493,measure,4992.0,928.0,4.6326,58.81
208.593,measure,4992.0,928.0,4.6326,58.78
208.693,measure,4992.0,928.0,4.6326,58.75
208.793,measure,4992.0,928.0,4.6326,58.69
208.893,measure,4992.0,920.0,4.5926,58.72
208.994,measure,4992.0,920.0,4.5926,58.66
209.094,measure,4992.0,920.0,4.5926,58.94
209.194,measure,4992.0,920.0,4.5926,58.84
209.294,measure,4992.0,928.0,4.6326,58.78
209.394,measure,4992.0,928.0,4.6326,58.75
209.494,measure,4992.0,928.0,4.6326,58.78
209.594,measure,4992.0,928.0,4.6326,58.69
209.694,measure,4992.0,928.0,4.6326,58.69
209.795,measure,4992.0,928.0,4.6326,58.75
209.895,measure,4992.0,928.0,4.6326,58.66
209.995,measure,4992.0,928.0,4.6326,58.94
210.095,measure,4992.0,920.0,4.5926,58.75
210.195,measure,4992.0,920.0,4.5926,58.81
210.295,measure,4992.0,928.0,4.6326,58.78
210.395,measure,4992.0,928.0,4.6326,58.81
210.495,measure,4992.0,928.0,4.6326,58.59
210.596,measure,4992.0,928.0,4.6326,58.69
210.696,measure,4992.0,928.0,4.6326,58.62
210.796,measure,4992.0,920.0,4.5926,58.66
210.896,measure,4992.0,920.0,4.5926,58.62
210.996,measure,4992.0,928.0,4.6326,58.78
211.096,measure,4992.0,928.0,4.6326,58.78
211.196,measure,4992.0,928.0,4.6326,58.72
211.297,measure,4992.0,928.0,4.6326,58.72
211.397,measure,4992.0,928.0,4.6326,58.75
211.497,measure,4992.0,928.0,4.6326,58.62
211.597,measure,4992.0,920.0,4.5926,58.69
211.698,measure,4992.0,928.0,4.6326,58.69
211.798,measure,4992.0,920.0,4.5926,58.59
211.898,measure,4992.0,920.0,4.5926,58.94
211.998,measure,4992.0,920.0,4.5926,58.81
212.098,measure,4992.0,920.0,4.5926,58.75
212.198,measure,4992.0,920.0,4.5926,58.78
212.299,measure,4992.0,928.0,4.6326,58.69
212.399,measure,4992.0,928.0,4.6326,58.69
212.499,measure,4992.0,928.0,4.6326,58.66
212.599,measure,4992.0,928.0,4.6326,58.69
212.699,measure,4992.0,928.0,4.6326,58.62
212.799,measure,4992.0,928.0,4.6326,58.94
212.899,measure,4992.0,928.0,4.6326,58.81
212.999,measure,4992.0,928.0,4.6326,58.72
213.100,measure,4992.0,928.0,4.6326,58.69
213.200,measure,4992.0,928.0,4.6326,58.72
213.300,measure,4992.0,928.0,4.6326,58.69
213.400,measure,4992.0,928.0,4.6326,58.72
213.500,measure,4992.0,928.0,4.6326,58.59
213.600,measure,4992.0,928.0,4.6326,58.66
213.700,measure,4992.0,928.0,4.6326,58.84
213.800,measure,4992.0,928.0,4.6326,58.84
213.901,measure,4992.0,928.0,4.6326,58.75
214.001,measure,4992.0,920.0,4.5926,58.69
214.101,measure,4992.0,928.0,4.6326,58.69
214.201,measure,4992.0,928.0,4.6326,58.62
214.301,measure,4992.0,928.0,4.6326,58.69
214.401,measure,4992.0,928.0,4.6326,58.62
214.501,measure,4992.0,928.0,4.6326,58.69
214.601,measure,4992.0,928.0,4.6326,58.84
214.702,measure,4992.0,928.0,4.6326,58.84
214.802,measure,4992.0,928.0,4.6326,58.78
214.902,measure,4992.0,928.0,4.6326,58.72
215.002,measure,4992.0,928.0,4.6326,58.75
215.102,measure,4992.0,928.0,4.6326,58.66
215.202,measure,4992.0,928.0,4.6326,58.69
215.302,measure,4992.0,928.0,4.6326,58.69
215.402,measure,4992.0,928.0,4.6326,58.66
215.503,measure,4992.0,928.0,4.6326,58.81
215.603,measure,4992.0,928.0,4.6326,58.81
215.703,measure,4992.0,928.0,4.6326,58.69
215.803,measure,4992.0,928.0,4.6326,58.78
215.903,measure,4992.0,928.0,4.6326,58.66
216.003,measure,4992.0,928.0,4.6326,58.75
216.103,measure,4992.0,920.0,4.5926,58.72
216.203,measure,4992.0,920.0,4.5926,58.72
216.304,measure,4992.0,920.0,4.5926,58.91
216.404,measure,4992.0,920.0,4.5926,58.78
216.504,measure,4992.0,928.0,4.6326,58.88
216.604,measure,4992.0,928.0,4.6326,58.72
216.704,measure,4992.0,920.0,4.5926,58.75
216.804,measure,4992.0,920.0,4.5926,58.66
216.904,measure,4992.0,920.0,4.5926,58.75
217.004,measure,4992.0,920.0,4.5926,58.75
217.105,measure,4992.0,920.0,4.5926,58.66
217.205,measure,4992.0,920.0,4.5926,58.94
217.305,measure,4992.0,920.0,4.5926,58.81
217.405,measure,4992.0,920.0,4.5926,58.78
217.505,measure,4992.0,920.0,4.5926,58.72
217.605,measure,4992.0,920.0,4.5926,58.72
217.705,measure,4992.0,928.0,4.6326,58.75
217.805,measure,4992.0,920.0,4.5926,58.78
217.905,measure,4992.0,920.0,4.5926,58.69
218.006,measure,4992.0,920.0,4.5926,58.69
218.106,measure,4992.0,928.0,4.6326,58.94
218.206,measure,4992.0,928.0,4.6326,58.88
218.306,measure,4992.0,928.0,4.6326,58.84
218.406,measure,4992.0,928.0,4.6326,58.78
218.506,measure,4992.0,928.0,4.6326,58.78
218.606,measure,4992.0,928.0,4.6326,58.69
218.707,measure,4992.0,928.0,4.6326,58.62
218.807,measure,4992.0,928.0,4.6326,58.66
218.907,measure,4992.0,928.0,4.6326,58.66
219.007,measure,4992.0,928.0,4.6326,58.97
219.107,measure,4992.0,928.0,4.6326,58.81
219.207,measure,4992.0,928.0,4.6326,58.78
219.307,measure,4992.0,928.0,4.6326,58.75
219.407,measure,4992.0,928.0,4.6326,58.81
219.508,measure,4992.0,928.0,4.6326,58.72
219.608,measure,4992.0,928.0,4.6326,58.72
219.708,measure,4992.0,928.0,4.6326,58.72
219.808,measure,4992.0,928.0,4.6326,58.62
219.908,measure,4992.0,928.0,4.6326,58.62
220.008,measure,4992.0,928.0,4.6326,58.91
220.108,measure,4992.0,928.0,4.6326,58.84
220.208,measure,4992.0,928.0,4.6326,58.78
220.309,measure,4992.0,928.0,4.6326,58.75
220.409,measure,4992.0,928.0,4.6326,58.72
220.509,measure,4992.0,928.0,4.6326,58.69
220.609,measure,4992.0,928.0,4.6326,58.72
220.709,measure,4992.0,928.0,4.6326,58.69
220.809,measure,4992.0,928.0,4.6326,58.72
220.909,measure,4992.0,928.0,4.6326,58.91
221.009,measure,4992.0,928.0,4.6326,58.78
221.110,measure,4992.0,928.0,4.6326,58.75
221.210,measure,4992.0,928.0,4.6326,58.72
221.310,measure,4992.0,928.0,4.6326,58.66
221.410,measure,4992.0,928.0,4.6326,58.72
221.510,measure,4992.0,928.0,4.6326,58.56
221.610,measure,4992.0,928.0,4.6326,58.66
221.710,measure,4992.0,928.0,4.6326,58.75
221.810,measure,4992.0,928.0,4.6326,58.88
221.911,measure,4992.0,928.0,4.6326,58.88
222.011,measure,4992.0,928.0,4.6326,58.72
222.111,measure,4992.0,928.0,4.6326,58.78
222.211,measure,4992.0,928.0,4.6326,58.75
222.311,measure,4992.0,928.0,4.6326,58.66
222.411,measure,4992.0,928.0,4.6326,58.62
222.511,measure,4992.0,928.0,4.6326,58.66
222.611,measure,4992.0,928.0,4.6326,58.62
222.712,measure,4992.0,928.0,4.6326,58.66
222.812,measure,4992.0,928.0,4.6326,58.78
222.912,measure,4992.0,928.0,4.6326,58.69
223.012,measure,4992.0,928.0,4.6326,58.75
223.112,measure,4992.0,928.0,4.6326,58.72
223.212,measure,4992.0,928.0,4.6326,58.66
223.312,measure,4992.0,928.0,4.6326,58.66
223.412,measure,4992.0,928.0,4.6326,58.69
223.512,measure,4992.0,928.0,4.6326,58.59
223.613,measure,4992.0,928.0,4.6326,58.66
223.713,measure,4992.0,928.0,4.6326,58.75
223.813,measure,4992.0,928.0,4.6326,58.78
223.913,measure,4992.0,928.0,4.6326,58.72
224.013,measure,4992.0,920.0,4.5926,58.66
224.113,measure,4992.0,928.0,4.6326,58.69
224.213,measure,4992.0,928.0,4.6326,58.66
224.313,measure,4992.0,928.0,4.6326,58.66
224.414,measure,4992.0,928.0,4.6326,58.66
224.514,measure,4992.0,928.0,4.6326,58.81
224.614,measure,4992.0,928.0,4.6326,58.78
224.714,measure,4992.0,928.0,4.6326,58.81
224.814,measure,4992.0,928.0,4.6326,58.75
224.914,measure,4992.0,928.0,4.6326,58.72
225.014,measure,4992.0,928.0,4.6326,58.69
225.114,measure,4992.0,928.0,4.6326,58.62
225.215,measure,4992.0,928.0,4.6326,58.59
225.315,measure,4992.0,928.0,4.6326,58.66
225.415,measure,4992.0,928.0,4.6326,58.78
225.515,measure,4992.0,928.0,4.6326,58.84
225.615,measure,4992.0,928.0,4.6326,58.78
225.715,measure,4992.0,928.0,4.6326,58.75
225.815,measure,4992.0,928.0,4.6326,58.69
225.915,measure,4992.0,928.0,4.6326,58.69
226.016,measure,4992.0,928.0,4.6326,58.72
226.116,measure,4992.0,928.0,4.6326,58.56
226.216,measure,4992.0,928.0,4.6326,58.62
226.316,measure,4992.0,928.0,4.6326,58.91
226.416,measure,4992.0,928.0,4.6326,58.78
226.516,measure,4992.0,928.0,4.6326,58.84
226.616,measure,4992.0,928.0,4.6326,58.69
226.716,measure,4992.0,928.0,4.6326,58.66
226.817,measure,4992.0,928.0,4.6326,58.69
226.917,measure,4992.0,928.0,4.6326,58.66
227.017,measure,4992.0,928.0,4.6326,58.66
227.117,measure,4992.0,928.0,4.6326,58.66
227.217,measure,4992.0,928.0,4.6326,58.84
227.317,measure,4992.0,928.0,4.6326,58.88
227.417,measure,4992.0,928.0,4.6326,58.88
227.517,measure,4992.0,928.0,4.6326,58.81
227.618,measure,4992.0,928.0,4.6326,58.78
227.718,measure,4992.0,928.0,4.6326,58.66
227.818,measure,4992.0,936.0,4.6725,58.69
227.918,measure,4992.0,936.0,4.6725,58.59
228.018,measure,4992.0,928.0,4.6326,58.69
228.118,measure,4992.0,936.0,4.6725,58.59
228.218,measure,4992.0,936.0,4.6725,58.81
228.319,measure,4992.0,936.0,4.6725,58.78
228.419,measure,4992.0,936.0,4.6725,58.72
228.519,measure,4992.0,928.0,4.6326,58.75
228.619,measure,4992.0,928.0,4.6326,58.72
228.719,measure,4992.0,928.0,4.6326,58.72
228.819,measure,4992.0,928.0,4.6326,58.56
228.919,measure,4992.0,928.0,4.6326,58.66
229.019,measure,4992.0,928.0,4.6326,58.78
229.120,measure,4992.0,928.0,4.6326,58.81
229.220,measure,4992.0,928.0,4.6326,58.81
229.320,measure,4992.0,928.0,4.6326,58.69
229.420,measure,4992.0,928.0,4.6326,58.72
229.520,measure,4992.0,928.0,4.6326,58.66
229.620,measure,4992.0,928.0,4.6326,58.66
229.720,measure,4992.0,928.0,4.6326,58.62
229.820,measure,4992.0,928.0,4.6326,58.69
229.921,measure,4992.0,928.0,4.6326,58.91
230.021,measure,4992.0,928.0,4.6326,58.84
230.121,measure,4992.0,928.0,4.6326,58.78
230.221,measure,4992.0,928.0,4.6326,58.69
230.321,measure,4992.0,928.0,4.6326,58.72
230.421,measure,4992.0,928.0,4.6326,58.69
230.521,measure,4992.0,928.0,4.6326,58.72
230.621,measure,4992.0,928.0,4.6326,58.69
230.722,measure,4992.0,928.0,4.6326,58.53
230.822,measure,4992.0,928.0,4.6326,58.88
230.922,measure,4992.0,928.0,4.6326,58.84
231.022,measure,4992.0,928.0,4.6326,58.78
231.122,measure,4992.0,928.0,4.6326,58.69
231.222,measure,4992.0,928.0,4.6326,58.75
231.322,measure,4992.0,928.0,4.6326,58.66
231.423,measure,4992.0,928.0,4.6326,58.69
231.523,measure,4992.0,928.0,4.6326,58.53
231.623,measure,4992.0,928.0,4.6326,58.56
231.723,measure,4992.0,928.0,4.6326,58.56
231.823,measure,4992.0,928.0,4.6326,58.84
231.923,measure,4992.0,928.0,4.6326,58.78
232.023,measure,4992.0,928.0,4.6326,58.81
232.123,measure,4992.0,928.0,4.6326,58.69
232.224,measure,4992.0,928.0,4.6326,58.72
232.324,measure,4992.0,928.0,4.6326,58.75
232.424,measure,4992.0,920.0,4.5926,58.62
232.524,measure,4992.0,928.0,4.6326,58.62
232.624,measure,4992.0,920.0,4.5926,58.66
232.724,measure,4992.0,920.0,4.5926,58.88
232.824,measure,4992.0,928.0,4.6326,58.72
232.924,measure,4992.0,928.0,4.6326,58.72
233.025,measure,4992.0,928.0,4.6326,58.69
233.125,measure,4992.0,928.0,4.6326,58.66
233.225,measure,4992.0,928.0,4.6326,58.72
233.325,measure,4992.0,928.0,4.6326,58.66
233.425,measure,4992.0,928.0,4.6326,58.59
233.525,measure,4992.0,928.0,4.6326,58.56
233.625,measure,4992.0,928.0,4.6326,58.88
233.726,measure,4992.0,920.0,4.5926,58.78
233.826,measure,4992.0,928.0,4.6326,58.81
233.926,measure,4992.0,928.0,4.6326,58.69
234.026,measure,4992.0,928.0,4.6326,58.66
234.126,measure,4992.0,928.0,4.6326,58.69
234.226,measure,4992.0,928.0,4.6326,58.62
234.326,measure,4992.0,920.0,4.5926,58.66
234.426,measure,4992.0,920.0,4.5926,58.56
234.527,measure,4992.0,920.0,4.5926,58.75
234.627,measure,4992.0,920.0,4.5926,58.84
234.727,measure,4992.0,920.0,4.5926,58.81
234.827,measure,4992.0,920.0,4.5926,58.72
234.927,measure,4992.0,928.0,4.6326,58.72
235.027,measure,4992.0,928.0,4.6326,58.66
235.127,measure,4992.0,928.0,4.6326,58.59
235.227,measure,4992.0,928.0,4.6326,58.66
235.328,measure,4992.0,928.0,4.6326,58.59
235.428,measure,4992.0,928.0,4.6326,58.78
235.528,measure,4992.0,928.0,4.6326,58.75
235.628,measure,4992.0,928.0,4.6326,58.75
235.728,measure,4992.0,928.0,4.6326,58.75
235.828,measure,4992.0,928.0,4.6326,58.62
235.928,measure,4992.0,928.0,4.6326,58.59
236.028,measure,4992.0,928.0,4.6326,58.59
236.129,measure,4992.0,928.0,4.6326,58.62
236.229,measure,4992.0,928.0,4.6326,58.62
236.329,measure,4992.0,928.0,4.6326,58.81
236.429,measure,4992.0,928.0,4.6326,58.75
236.529,measure,4992.0,928.0,4.6326,58.75
236.629,measure,4992.0,928.0,4.6326,58.72
236.729,measure,4992.0,928.0,4.6326,58.66
236.829,measure,4992.0,920.0,4.5926,58.62
236.930,measure,4992.0,928.0,4.6326,58.59
237.030,measure,4992.0,928.0,4.6326,58.62
237.130,measure,4992.0,928.0,4.6326,58.59
237.230,measure,4992.0,928.0,4.6326,58.91
237.330,measure,4992.0,928.0,4.6326,58.81
237.430,measure,4992.0,928.0,4.6326,58.72
237.530,measure,4992.0,928.0,4.6326,58.69
237.630,measure,4992.0,928.0,4.6326,58.69
237.731,measure,4992.0,928.0,4.6326,58.69
237.831,measure,4992.0,928.0,4.6326,58.56
237.931,measure,4992.0,928.0,4.6326,58.56
238.031,measure,4992.0,928.0,4.6326,58.72
238.131,measure,4992.0,928.0,4.6326,58.81
238.231,measure,4992.0,928.0,4.6326,58.75
238.331,measure,4992.0,928.0,4.6326,58.72
238.431,measure,4992.0,928.0,4.6326,58.69
238.532,measure,4992.0,920.0,4.5926,58.69
238.632,measure,4992.0,928.0,4.6326,58.62
238.732,measure,4992.0,928.0,4.6326,58.66
238.832,measure,4992.0,928.0,4.6326,58.56
238.932,measure,4992.0,928.0,4.6326,58.59
239.032,measure,4992.0,928.0,4.6326,58.81
239.132,measure,4992.0,928.0,4.6326,58.75
239.233,measure,4992.0,928.0,4.6326,58.75
239.333,measure,4992.0,928.0,4.6326,58.78
239.433,measure,4992.0,928.0,4.6326,58.69
239.533,measure,4992.0,928.0,4.6326,58.62
239.633,measure,4992.0,920.0,4.5926,58.72
239.733,measure,4992.0,920.0,4.5926,58.62
239.833,measure,4992.0,928.0,4.6326,58.59
239.933,measure,4992.0,928.0,4.6326,58.88
240.034,measure,4992.0,928.0,4.6326,58.78
240.134,measure,4992.0,928.0,4.6326,58.78
240.234,measure,4992.0,928.0,4.6326,58.69
240.334,measure,4992.0,928.0,4.6326,58.75
240.434,measure,4992.0,928.0,4.6326,58.66
240.534,measure,4992.0,928.0,4.6326,58.69
240.634,measure,4992.0,920.0,4.5926,58.69
240.735,measure,4992.0,920.0,4.5926,58.62
240.835,measure,4992.0,920.0,4.5926,58.81
240.935,measure,4992.0,920.0,4.5926,58.78
241.035,measure,4992.0,928.0,4.6326,58.75
241.135,measure,4992.0,928.0,4.6326,58.69
241.235,measure,4992.0,928.0,4.6326,58.66
241.335,measure,4992.0,928.0,4.6326,58.62
241.435,measure,4992.0,928.0,4.6326,58.56
241.536,measure,4992.0,920.0,4.5926,58.62
241.636,measure,4992.0,920.0,4.5926,58.62
241.736,measure,4992.0,920.0,4.5926,58.84
241.836,measure,4992.0,920.0,4.5926,58.94
241.936,measure,4992.0,920.0,4.5926,58.72
242.036,measure,4992.0,928.0,4.6326,58.72
242.136,measure,4992.0,928.0,4.6326,58.78
242.236,measure,4992.0,928.0,4.6326,58.66
242.337,measure,4992.0,920.0,4.5926,58.66
242.437,measure,4992.0,920.0,4.5926,58.59
242.537,measure,4992.0,920.0,4.5926,58.66
242.637,measure,4992.0,920.0,4.5926,58.88
242.737,measure,4992.0,920.0,4.5926,58.84
242.837,measure,4992.0,920.0,4.5926,58.69
242.937,measure,4992.0,920.0,4.5926,58.66
243.037,measure,4992.0,920.0,4.5926,58.59
243.138,measure,4992.0,920.0,4.5926,58.62
243.238,measure,4992.0,920.0,4.5926,58.59
243.338,measure,4992.0,928.0,4.6326,58.62
243.438,measure,4992.0,928.0,4.6326,58.62
243.538,measure,4992.0,928.0,4.6326,58.59
243.638,measure,4992.0,928.0,4.6326,58.88
243.738,measure,4992.0,928.0,4.6326,58.75
243.838,measure,4992.0,928.0,4.6326,58.69
243.939,measure,4992.0,928.0,4.6326,58.62
244.039,measure,4992.0,928.0,4.6326,58.69
244.139,measure,4992.0,928.0,4.6326,58.59
244.239,measure,4992.0,928.0,4.6326,58.62
244.339,measure,4992.0,928.0,4.6326,58.62
244.439,measure,4992.0,928.0,4.6326,58.56
244.539,measure,4992.0,928.0,4.6326,58.91
244.639,measure,4992.0,928.0,4.6326,58.75
244.740,measure,4992.0,928.0,4.6326,58.75
244.840,measure,4992.0,928.0,4.6326,58.66
244.940,measure,4992.0,928.0,4.6326,58.72
245.040,measure,4992.0,928.0,4.6326,58.62
245.140,measure,4992.0,928.0,4.6326,58.62
245.240,measure,4992.0,928.0,4.6326,58.66
245.340,measure,4992.0,928.0,4.6326,58.62
245.440,measure,4992.0,928.0,4.6326,58.78
245.541,measure,4992.0,928.0,4.6326,58.75
245.641,measure,4992.0,928.0,4.6326,58.69
245.741,measure,4992.0,920.0,4.5926,58.72
245.841,measure,4992.0,920.0,4.5926,58.72
245.941,measure,4992.0,920.0,4.5926,58.62
246.041,measure,4992.0,920.0,4.5926,58.62
246.141,measure,4992.0,928.0,4.6326,58.66
246.241,measure,4992.0,928.0,4.6326,58.59
246.342,measure,4992.0,928.0,4.6326,58.72
246.442,measure,4992.0,928.0,4.6326,58.75
246.542,measure,4992.0,928.0,4.6326,58.75
246.642,measure,4992.0,920.0,4.5926,58.66
246.742,measure,4992.0,920.0,4.5926,58.72
246.842,measure,4992.0,920.0,4.5926,58.62
246.942,measure,4992.0,920.0,4.5926,58.59
247.042,measure,4992.0,928.0,4.6326,58.59
247.143,measure,4992.0,928.0,4.6326,58.59
247.243,measure,4992.0,928.0,4.6326,58.78
247.343,measure,4992.0,928.0,4.6326,58.81
247.443,measure,4992.0,928.0,4.6326,58.69
247.543,measure,4992.0,928.0,4.6326,58.66
247.643,measure,4992.0,928.0,4.6326,58.66
247.743,measure,4992.0,928.0,4.6326,58.69
247.844,measure,4992.0,928.0,4.6326,58.59
247.944,measure,4992.0,928.0,4.6326,58.59
248.044,measure,4992.0,928.0,4.6326,58.56
248.144,measure,4992.0,928.0,4.6326,58.75
248.244,measure,4992.0,928.0,4.6326,58.78
248.344,measure,4992.0,928.0,4.6326,58.75
248.444,measure,4992.0,928.0,4.6326,58.69
248.544,measure,4992.0,928.0,4.6326,58.66
248.645,measure,4992.0,928.0,4.6326,58.66
248.745,measure,4992.0,928.0,4.6326,58.59
248.845,measure,4992.0,928.0,4.6326,58.69
248.945,measure,4992.0,928.0,4.6326,58.50
249.045,measure,4992.0,928.0,4.6326,58.78
249.145,measure,4992.0,928.0,4.6326,58.75
249.245,measure,4992.0,928.0,4.6326,58.75
249.346,measure,4992.0,928.0,4.6326,58.66
249.446,measure,4992.0,928.0,4.6326,58.66
249.546,measure,4992.0,928.0,4.6326,58.66
249.646,measure,4992.0,928.0,4.6326,58.62
249.746,measure,4992.0,928.0,4.6326,58.62
249.846,measure,4992.0,928.0,4.6326,58.56
249.946,measure,4992.0,928.0,4.6326,58.53
250.046,measure,4992.0,928.0,4.6326,58.81
250.147,measure,4992.0,928.0,4.6326,58.72
250.247,measure,4992.0,928.0,4.6326,58.72
250.347,measure,4992.0,928.0,4.6326,58.66
250.447,measure,4992.0,928.0,4.6326,58.59
250.547,measure,4992.0,928.0,4.6326,58.66
250.647,measure,4992.0,928.0,4.6326,58.62
250.747,measure,4992.0,928.0,4.6326,58.59
250.847,measure,4992.0,928.0,4.6326,58.81
250.948,measure,4992.0,928.0,4.6326,58.75
251.048,measure,4992.0,928.0,4.6326,58.81
251.148,measure,4992.0,928.0,4.6326,58.72
251.248,measure,4992.0,928.0,4.6326,58.72
251.348,measure,4992.0,928.0,4.6326,58.66
251.448,measure,4992.0,928.0,4.6326,58.66
251.548,measure,4992.0,928.0,4.6326,58.50
251.649,measure,4992.0,928.0,4.6326,58.53
251.749,measure,4992.0,928.0,4.6326,58.78
251.849,measure,4992.0,928.0,4.6326,58.81
251.949,measure,4992.0,928.0,4.6326,58.69
252.049,measure,4992.0,928.0,4.6326,58.72
252.149,measure,4992.0,928.0,4.6326,58.66
252.249,measure,4992.0,928.0,4.6326,58.66
252.349,measure,4992.0,928.0,4.6326,58.62
252.450,measure,4992.0,928.0,4.6326,58.56
252.550,measure,4992.0,928.0,4.6326,58.62
252.650,measure,4992.0,928.0,4.6326,58.81
252.750,measure,4992.0,928.0,4.6326,58.81
252.850,measure,4992.0,928.0,4.6326,58.72
252.950,measure,4992.0,928.0,4.6326,58.78
253.050,measure,4992.0,928.0,4.6326,58.69
253.151,measure,4992.0,928.0,4.6326,58.62
253.251,measure,4992.0,928.0,4.6326,58.56
253.351,measure,4992.0,928.0,4.6326,58.53
253.451,measure,4992.0,928.0,4.6326,58.62
253.551,measure,4992.0,928.0,4.6326,58.75
253.651,measure,4992.0,928.0,4.6326,58.69
253.751,measure,4992.0,928.0,4.6326,58.72
253.851,measure,4992.0,928.0,4.6326,58.66
253.952,measure,4992.0,928.0,4.6326,58.62
254.052,measure,4992.0,928.0,4.6326,58.66
254.152,measure,4992.0,928.0,4.6326,58.62
254.252,measure,4992.0,928.0,4.6326,58.59
254.352,measure,4992.0,928.0,4.6326,58.56
254.452,measure,4992.0,928.0,4.6326,58.56
254.552,measure,4992.0,928.0,4.6326,58.81
254.653,measure,4992.0,928.0,4.6326,58.69
254.753,measure,4992.0,928.0,4.6326,58.69
254.853,measure,4992.0,928.0,4.6326,58.62
254.953,measure,4992.0,920.0,4.5926,58.53
255.053,measure,4992.0,920.0,4.5926,58.59
255.153,measure,4992.0,920.0,4.5926,58.59
255.253,measure,4992.0,920.0,4.5926,58.59
255.353,measure,4992.0,928.0,4.6326,58.59
255.454,measure,4992.0,928.0,4.6326,58.72
255.554,measure,4992.0,928.0,4.6326,58.72
255.654,measure,4992.0,928.0,4.6326,58.72
255.754,measure,4992.0,928.0,4.6326,58.56
255.854,measure,4992.0,928.0,4.6326,58.56
255.954,measure,4992.0,928.0,4.6326,58.66
256.054,measure,4992.0,928.0,4.6326,58.56
256.154,measure,4992.0,928.0,4.6326,58.56
256.255,measure,4992.0,928.0,4.6326,58.53
256.355,measure,4992.0,928.0,4.6326,58.81
256.455,measure,4992.0,928.0,4.6326,58.72
256.555,measure,4992.0,928.0,4.6326,58.66
256.655,measure,4992.0,928.0,4.6326,58.59
256.755,measure,4992.0,928.0,4.6326,58.69
256.855,measure,4992.0,928.0,4.6326,58.62
256.956,measure,4992.0,928.0,4.6326,58.53
257.056,measure,4992.0,928.0,4.6326,58.53
257.156,measure,4992.0,928.0,4.6326,58.44
257.256,measure,4992.0,928.0,4.6326,58.53
257.356,measure,4992.0,928.0,4.6326,58.69
257.456,measure,4992.0,928.0,4.6326,58.72
257.556,measure,4992.0,928.0,4.6326,58.66
257.656,measure,4992.0,928.0,4.6326,58.56
257.757,measure,4992.0,928.0,4.6326,58.59
257.857,measure,4992.0,920.0,4.5926,58.59
257.957,measure,4992.0,920.0,4.5926,58.59
258.057,measure,4992.0,920.0,4.5926,58.59
258.157,measure,4992.0,920.0,4.5926,58.53
258.257,measure,4992.0,920.0,4.5926,58.78
258.357,measure,4992.0,920.0,4.5926,58.72
258.457,measure,4992.0,928.0,4.6326,58.69
258.558,measure,4992.0,928.0,4.6326,58.62
258.658,measure,4992.0,928.0,4.6326,58.56
258.758,measure,4992.0,920.0,4.5926,58.56
258.858,measure,4992.0,920.0,4.5926,58.62
258.958,measure,4992.0,920.0,4.5926,58.50
259.058,measure,4992.0,920.0,4.5926,58.75
259.158,measure,4992.0,928.0,4.6326,58.75
259.259,measure,4992.0,928.0,4.6326,58.59
259.359,measure,4992.0,928.0,4.6326,58.66
259.459,measure,4992.0,928.0,4.6326,58.56
259.559,measure,4992.0,928.0,4.6326,58.66
259.659,measure,4992.0,928.0,4.6326,58.53
259.759,measure,4992.0,928.0,4.6326,58.50
259.859,measure,4992.0,920.0,4.5926,58.53
259.959,measure,4992.0,920.0,4.5926,58.56
260.060,measure,4992.0,920.0,4.5926,58.66
260.160,measure,4992.0,920.0,4.5926,58.66
260.260,measure,4992.0,920.0,4.5926,58.72
260.360,measure,4992.0,920.0,4.5926,58.66
260.460,measure,4992.0,920.0,4.5926,58.62
260.560,measure,4992.0,920.0,4.5926,58.59
260.660,measure,4992.0,920.0,4.5926,58.59
260.760,measure,4992.0,920.0,4.5926,58.59
260.861,measure,4992.0,920.0,4.5926,58.72
260.961,measure,4992.0,920.0,4.5926,58.75
261.061,measure,4992.0,920.0,4.5926,58.78
261.161,measure,4992.0,920.0,4.5926,58.66
261.261,measure,4992.0,920.0,4.5926,58.72
261.361,measure,4992.0,920.0,4.5926,58.59
261.461,measure,4992.0,920.0,4.5926,58.56
261.562,measure,4992.0,920.0,4.5926,58.50
261.662,measure,4992.0,920.0,4.5926,58.53
261.762,measure,4992.0,920.0,4.5926,58.75
261.862,measure,4992.0,920.0,4.5926,58.75
261.962,measure,4992.0,920.0,4.5926,58.69
262.062,measure,4992.0,920.0,4.5926,58.69
262.162,measure,4992.0,920.0,4.5926,58.59
262.262,measure,4992.0,920.0,4.5926,58.66
262.363,measure,4992.0,928.0,4.6326,58.59
262.463,measure,4992.0,920.0,4.5926,58.56
262.563,measure,4992.0,928.0,4.6326,58.59
262.663,measure,4992.0,928.0,4.6326,58.78
262.763,measure,4992.0,928.0,4.6326,58.69
262.863,measure,4992.0,920.0,4.5926,58.69
262.963,measure,4992.0,920.0,4.5926,58.56
263.064,measure,4992.0,920.0,4.5926,58.62
263.164,measure,4992.0,920.0,4.5926,58.53
263.264,measure,4992.0,920.0,4.5926,58.59
263.364,measure,4992.0,920.0,4.5926,58.56
263.464,measure,4992.0,920.0,4.5926,58.53
263.564,measure,4992.0,928.0,4.6326,58.75
263.664,measure,4992.0,928.0,4.6326,58.81
263.764,measure,4992.0,928.0,4.6326,58.78
263.865,measure,4992.0,920.0,4.5926,58.69
263.965,measure,4992.0,920.0,4.5926,58.62
264.065,measure,4992.0,920.0,4.5926,58.62
264.165,measure,4992.0,920.0,4.5926,58.56
264.265,measure,4992.0,920.0,4.5926,58.59
264.365,measure,4992.0,920.0,4.5926,58.53
264.465,measure,4992.0,920.0,4.5926,58.78
264.566,measure,4992.0,928.0,4.6326,58.78
264.666,measure,4992.0,928.0,4.6326,58.72
264.766,measure,4992.0,928.0,4.6326,58.59
264.866,measure,4992.0,928.0,4.6326,58.69
264.966,measure,4992.0,920.0,4.5926,58.59
265.066,measure,4992.0,928.0,4.6326,58.62
265.166,measure,4992.0,928.0,4.6326,58.56
265.266,measure,4992.0,928.0,4.6326,58.56
265.367,measure,4992.0,928.0,4.6326,58.81
265.467,measure,4992.0,928.0,4.6326,58.78
265.567,measure,4992.0,920.0,4.5926,58.59
265.667,measure,4992.0,928.0,4.6326,58.59
265.767,measure,4992.0,920.0,4.5926,58.66
265.867,measure,4992.0,920.0,4.5926,58.62
265.967,measure,4992.0,920.0,4.5926,58.59
266.067,measure,4992.0,920.0,4.5926,58.56
266.168,measure,4992.0,920.0,4.5926,58.62
266.268,measure,4992.0,920.0,4.5926,58.56
266.368,measure,4992.0,920.0,4.5926,58.84
266.468,measure,4992.0,920.0,4.5926,58.66
266.568,measure,4992.0,920.0,4.5926,58.69
266.668,measure,4992.0,928.0,4.6326,58.62
266.768,measure,4992.0,928.0,4.6326,58.59
266.868,measure,4992.0,928.0,4.6326,58.59
266.969,measure,4992.0,928.0,4.6326,58.59
267.069,measure,4992.0,920.0,4.5926,58.50
267.169,measure,4992.0,920.0,4.5926,58.53
267.269,measure,4992.0,920.0,4.5926,58.84
267.369,measure,4992.0,920.0,4.5926,58.69
267.469,measure,4992.0,920.0,4.5926,58.66
267.569,measure,4992.0,920.0,4.5926,58.62
267.670,measure,4992.0,928.0,4.6326,58.59
267.770,measure,4992.0,920.0,4.5926,58.59
267.870,measure,4992.0,920.0,4.5926,58.56
267.970,measure,4992.0,920.0,4.5926,58.53
268.070,measure,4992.0,920.0,4.5926,58.50
268.170,measure,4992.0,920.0,4.5926,58.53
268.270,measure,4992.0,920.0,4.5926,58.75
268.370,measure,4992.0,920.0,4.5926,58.62
268.471,measure,4992.0,920.0,4.5926,58.53
268.571,measure,4992.0,920.0,4.5926,58.56
268.671,measure,4992.0,920.0,4.5926,58.56
268.771,measure,4992.0,920.0,4.5926,58.50
268.871,measure,4992.0,920.0,4.5926,58.53
268.971,measure,4992.0,920.0,4.5926,58.50
269.071,measure,4992.0,920.0,4.5926,58.62
269.172,measure,4992.0,920.0,4.5926,58.62
269.272,measure,4992.0,920.0,4.5926,58.69
269.372,measure,4992.0,920.0,4.5926,58.66
269.472,measure,4992.0,920.0,4.5926,58.62
269.572,measure,4992.0,920.0,4.5926,58.56
269.672,measure,4992.0,928.0,4.6326,58.59
269.772,measure,4992.0,920.0,4.5926,58.53
269.872,measure,4992.0,928.0,4.6326,58.56
269.973,measure,4992.0,920.0,4.5926,58.56
270.073,measure,4992.0,920.0,4.5926,58.72
270.173,measure,4992.0,920.0,4.5926,58.66
270.273,measure,4992.0,920.0,4.5926,58.59
270.373,measure,4992.0,920.0,4.5926,58.59
270.473,measure,4992.0,920.0,4.5926,58.50
270.573,measure,4992.0,920.0,4.5926,58.59
270.673,measure,4992.0,920.0,4.5926,58.50
270.774,measure,4992.0,920.0,4.5926,58.50
270.874,measure,4992.0,920.0,4.5926,58.50
270.974,measure,4992.0,920.0,4.5926,58.66
271.074,measure,4992.0,920.0,4.5926,58.72
271.174,measure,4992.0,920.0,4.5926,58.59
271.274,measure,4992.0,920.0,4.5926,58.62
271.374,measure,4992.0,920.0,4.5926,58.50
271.474,measure,4992.0,920.0,4.5926,58.50
271.575,measure,4992.0,920.0,4.5926,58.59
271.675,measure,4992.0,920.0,4.5926,58.53
271.775,measure,4992.0,928.0,4.6326,58.50
271.875,measure,4992.0,928.0,4.6326,58.69
271.975,measure,4992.0,928.0,4.6326,58.66
272.075,measure,4992.0,920.0,4.5926,58.69
272.175,measure,4992.0,920.0,4.5926,58.56
272.276,measure,4992.0,928.0,4.6326,58.59
272.376,measure,4992.0,928.0,4.6326,58.56
272.476,measure,4992.0,928.0,4.6326,58.53
272.576,measure,4992.0,928.0,4.6326,58.50
272.676,measure,4992.0,928.0,4.6326,58.72
272.776,measure,4992.0,928.0,4.6326,58.78
272.876,measure,4992.0,928.0,4.6326,58.72
272.976,measure,4992.0,928.0,4.6326,58.69
273.077,measure,4992.0,928.0,4.6326,58.62
273.177,measure,4992.0,928.0,4.6326,58.53
273.277,measure,4992.0,928.0,4.6326,58.59
273.377,measure,4992.0,920.0,4.5926,58.50
273.477,measure,4992.0,928.0,4.6326,58.59
273.577,measure,4992.0,920.0,4.5926,58.47
273.677,measure,4992.0,920.0,4.5926,58.69
273.777,measure,4992.0,928.0,4.6326,58.72
273.878,measure,4992.0,928.0,4.6326,58.62
273.978,measure,4992.0,928.0,4.6326,58.62
274.078,measure,4992.0,928.0,4.6326,58.62
274.178,measure,4992.0,920.0,4.5926,58.50
274.278,measure,4992.0,920.0,4.5926,58.47
274.378,measure,4992.0,928.0,4.6326,58.56
274.478,measure,4992.0,928.0,4.6326,58.72
274.578,measure,4992.0,928.0,4.6326,58.66
274.679,measure,4992.0,928.0,4.6326,58.75
274.779,measure,4992.0,928.0,4.6326,58.62
274.880,measure,4992.0,928.0,4.6326,58.66
274.980,measure,4992.0,928.0,4.6326,58.62
275.080,measure,4992.0,928.0,4.6326,58.56
275.180,measure,4992.0,928.0,4.6326,58.53
275.280,measure,4992.0,928.0,4.6326,58.53
275.380,measure,4992.0,928.0,4.6326,58.50
275.480,measure,4992.0,928.0,4.6326,58.69
275.580,measure,4992.0,920.0,4.5926,58.72
275.681,measure,4992.0,920.0,4.5926,58.62
275.781,measure,4992.0,920.0,4.5926,58.59
275.881,measure,4992.0,928.0,4.6326,58.66
275.981,measure,4992.0,928.0,4.6326,58.53
276.081,measure,4992.0,928.0,4.6326,58.56
276.181,measure,4992.0,928.0,4.6326,58.59
276.281,measure,4992.0,928.0,4.6326,58.44
276.381,measure,4992.0,928.0,4.6326,58.69
276.482,measure,4992.0,928.0,4.6326,58.75
276.582,measure,4992.0,928.0,4.6326,58.69
276.682,measure,4992.0,928.0,4.6326,58.69
276.782,measure,4992.0,928.0,4.6326,58.56
276.882,measure,4992.0,928.0,4.6326,58.59
276.982,measure,4992.0,928.0,4.6326,58.62
277.082,measure,4992.0,928.0,4.6326,58.50
277.182,measure,4992.0,928.0,4.6326,58.50
277.283,measure,4992.0,928.0,4.6326,58.75
277.383,measure,4992.0,920.0,4.5926,58.75
277.483,measure,4992.0,928.0,4.6326,58.53
277.583,measure,4992.0,920.0,4.5926,58.69
277.683,measure,4992.0,920.0,4.5926,58.59
277.783,measure,4992.0,920.0,4.5926,58.56
277.883,measure,4992.0,928.0,4.6326,58.56
277.983,measure,4992.0,928.0,4.6326,58.56
278.084,measure,4992.0,928.0,4.6326,58.59
278.184,measure,4992.0,928.0,4.6326,58.78
278.284,measure,4992.0,928.0,4.6326,58.72
278.384,measure,4992.0,920.0,4.5926,58.62
278.484,measure,4992.0,920.0,4.5926,58.62
278.584,measure,4992.0,920.0,4.5926,58.56
278.684,measure,4992.0,920.0,4.5926,58.59
278.784,measure,4992.0,920.0,4.5926,58.47
278.885,measure,4992.0,928.0,4.6326,58.50
278.985,measure,4992.0,928.0,4.6326,58.59
279.085,measure,4992.0,928.0,4.6326,58.69
279.185,measure,4992.0,928.0,4.6326,58.69
279.285,measure,4992.0,920.0,4.5926,58.59
279.385,measure,4992.0,920.0,4.5926,58.62
279.485,measure,4992.0,920.0,4.5926,58.56
279.585,measure,4992.0,920.0,4.5926,58.53
279.686,measure,4992.0,920.0,4.5926,58.56
279.786,measure,4992.0,920.0,4.5926,58.56
279.886,measure,4992.0,920.0,4.5926,58.53
279.986,measure,4992.0,928.0,4.6326,58.56
280.086,measure,4992.0,928.0,4.6326,58.69
280.186,measure,4992.0,928.0,4.6326,58.75
280.286,measure,4992.0,928.0,4.6326,58.66
280.386,measure,4992.0,928.0,4.6326,58.62
280.487,measure,4992.0,920.0,4.5926,58.50
280.587,measure,4992.0,928.0,4.6326,58.47
280.687,measure,4992.0,920.0,4.5926,58.59
280.787,measure,4992.0,928.0,4.6326,58.56
280.887,measure,4992.0,928.0,4.6326,58.47
280.987,measure,4992.0,928.0,4.6326,58.84
281.087,measure,4992.0,928.0,4.6326,58.75
281.187,measure,4992.0,928.0,4.6326,58.66
281.288,measure,4992.0,928.0,4.6326,58.59
281.388,measure,4992.0,928.0,4.6326,58.59
281.488,measure,4992.0,928.0,4.6326,58.50
281.588,measure,4992.0,928.0,4.6326,58.50
281.688,measure,4992.0,928.0,4.6326,58.50
281.788,measure,4992.0,928.0,4.6326,58.47
281.888,measure,4992.0,920.0,4.5926,58.69
281.988,measure,4992.0,928.0,4.6326,58.66
282.089,measure,4992.0,928.0,4.6326,58.69
282.189,measure,4992.0,928.0,4.6326,58.62
282.289,measure,4992.0,928.0,4.6326,58.56
282.389,measure,4992.0,920.0,4.5926,58.59
282.489,measure,4992.0,920.0,4.5926,58.53
282.589,measure,4992.0,920.0,4.5926,58.56
282.689,measure,4992.0,920.0,4.5926,58.53
282.789,measure,4992.0,920.0,4.5926,58.69
282.889,measure,4992.0,920.0,4.5926,58.69
282.990,measure,4992.0,920.0,4.5926,58.59
283.090,measure,4992.0,920.0,4.5926,58.62
283.190,measure,4992.0,928.0,4.6326,58.56
283.290,measure,4992.0,928.0,4.6326,58.56
283.390,measure,4992.0,928.0,4.6326,58.53
283.490,measure,4992.0,928.0,4.6326,58.56
283.590,measure,4992.0,920.0,4.5926,58.50
283.690,measure,4992.0,920.0,4.5926,58.69
283.791,measure,4992.0,920.0,4.5926,58.62
283.891,measure,4992.0,920.0,4.5926,58.62
283.991,measure,4992.0,928.0,4.6326,58.56
284.091,measure,4992.0,928.0,4.6326,58.59
284.191,measure,4992.0,928.0,4.6326,58.53
284.291,measure,4992.0,928.0,4.6326,58.62
284.391,measure,4992.0,928.0,4.6326,58.59
284.491,measure,4992.0,928.0,4.6326,58.53
284.592,measure,4992.0,920.0,4.5926,58.66
284.692,measure,4992.0,920.0,4.5926,58.69
284.792,measure,4992.0,920.0,4.5926,58.62
284.892,measure,4992.0,920.0,4.5926,58.56
284.992,measure,4992.0,920.0,4.5926,58.56
285.092,measure,4992.0,928.0,4.6326,58.59
285.192,measure,4992.0,928.0,4.6326,58.53
285.292,measure,4992.0,928.0,4.6326,58.53
285.392,measure,4992.0,928.0,4.6326,58.72
285.493,measure,4992.0,928.0,4.6326,58.78
285.593,measure,4992.0,928.0,4.6326,58.59
285.693,measure,4992.0,920.0,4.5926,58.62
285.793,measure,4992.0,920.0,4.5926,58.56
285.893,measure,4992.0,920.0,4.5926,58.53
285.993,measure,4992.0,920.0,4.5926,58.59
286.093,measure,4992.0,928.0,4.6326,58.53
286.193,measure,4992.0,928.0,4.6326,58.53
286.294,measure,4992.0,928.0,4.6326,58.78
286.394,measure,4992.0,928.0,4.6326,58.72
286.494,measure,4992.0,928.0,4.6326,58.66
286.594,measure,4992.0,920.0,4.5926,58.59
286.694,measure,4992.0,920.0,4.5926,58.62
286.794,measure,4992.0,920.0,4.5926,58.66
286.894,measure,4992.0,920.0,4.5926,58.59
286.994,measure,4992.0,920.0,4.5926,58.53
287.095,measure,4992.0,928.0,4.6326,58.53
287.195,measure,4992.0,928.0,4.6326,58.75
287.295,measure,4992.0,928.0,4.6326,58.72
287.395,measure,4992.0,928.0,4.6326,58.75
287.495,measure,4992.0,928.0,4.6326,58.69
287.595,measure,4992.0,928.0,4.6326,58.66
287.695,measure,4992.0,928.0,4.6326,58.53
287.795,measure,4992.0,920.0,4.5926,58.53
287.896,measure,4992.0,920.0,4.5926,58.53
287.996,measure,4992.0,920.0,4.5926,58.59
288.096,measure,4992.0,928.0,4.6326,58.78
288.196,measure,4992.0,928.0,4.6326,58.81
288.296,measure,4992.0,928.0,4.6326,58.72
288.396,measure,4992.0,928.0,4.6326,58.66
288.496,measure,4992.0,928.0,4.6326,58.59
288.596,measure,4992.0,928.0,4.6326,58.56
288.697,measure,4992.0,928.0,4.6326,58.56
288.797,measure,4992.0,928.0,4.6326,58.56
288.897,measure,4992.0,928.0,4.6326,58.50
288.997,measure,4992.0,928.0,4.6326,58.56
289.097,measure,4992.0,928.0,4.6326,58.75
289.197,measure,4992.0,928.0,4.6326,58.66
289.297,measure,4992.0,928.0,4.6326,58.59
289.397,measure,4992.0,928.0,4.6326,58.53
289.498,measure,4992.0,928.0,4.6326,58.50
289.598,measure,4992.0,920.0,4.5926,58.56
289.698,measure,4992.0,920.0,4.5926,58.50
289.798,measure,4992.0,920.0,4.5926,58.53
289.898,measure,4992.0,920.0,4.5926,58.47
289.998,measure,4992.0,920.0,4.5926,58.69
290.098,measure,4992.0,920.0,4.5926,58.62
290.198,measure,4992.0,928.0,4.6326,58.62
290.299,measure,4992.0,928.0,4.6326,58.59
290.399,measure,4992.0,920.0,4.5926,58.59
290.499,measure,4992.0,920.0,4.5926,58.53
290.599,measure,4992.0,920.0,4.5926,58.56
290.699,measure,4992.0,920.0,4.5926,58.59
290.799,measure,4992.0,920.0,4.5926,58.53
290.899,measure,4992.0,920.0,4.5926,58.78
290.999,measure,4992.0,920.0,4.5926,58.66
291.100,measure,4992.0,920.0,4.5926,58.62
291.200,measure,4992.0,920.0,4.5926,58.69
291.300,measure,4992.0,928.0,4.6326,58.56
291.400,measure,4992.0,928.0,4.6326,58.59
291.501,measure,4992.0,928.0,4.6326,58.53
291.601,measure,4992.0,928.0,4.6326,58.50
291.701,measure,4992.0,920.0,4.5926,58.62
291.801,measure,4992.0,920.0,4.5926,58.50
291.902,measure,4992.0,920.0,4.5926,58.81
292.002,measure,4992.0,920.0,4.5926,58.66
292.102,measure,4992.0,920.0,4.5926,58.59
292.202,measure,4992.0,928.0,4.6326,58.59
292.302,measure,4992.0,928.0,4.6326,58.59
292.402,measure,4992.0,928.0,4.6326,58.59
292.503,measure,4992.0,928.0,4.6326,58.56
292.603,measure,4992.0,928.0,4.6326,58.53
292.703,measure,4992.0,928.0,4.6326,58.50
292.803,measure,4992.0,928.0,4.6326,58.84
292.903,measure,4992.0,928.0,4.6326,58.62
293.003,measure,4992.0,928.0,4.6326,58.62
293.103,measure,4992.0,928.0,4.6326,58.59
293.203,measure,4992.0,928.0,4.6326,58.56
293.304,measure,4992.0,928.0,4.6326,58.53
293.404,measure,4992.0,928.0,4.6326,58.44
293.504,measure,4992.0,928.0,4.6326,58.56
293.604,measure,4992.0,928.0,4.6326,58.50
293.704,measure,4992.0,920.0,4.5926,58.53
293.805,measure,4992.0,920.0,4.5926,58.59
293.905,measure,4992.0,920.0,4.5926,58.62
294.005,measure,4992.0,920.0,4.5926,58.62
294.105,measure,4992.0,920.0,4.5926,58.47
294.205,measure,4992.0,920.0,4.5926,58.53
294.305,measure,4992.0,928.0,4.6326,58.53
294.405,measure,4992.0,928.0,4.6326,58.50
294.506,measure,4992.0,928.0,4.6326,58.50
294.606,measure,4992.0,928.0,4.6326,58.47
294.706,measure,4992.0,928.0,4.6326,58.62
294.806,measure,4992.0,928.0,4.6326,58.62
294.906,measure,4992.0,928.0,4.6326,58.53
295.006,measure,4992.0,928.0,4.6326,58.56
295.106,measure,4992.0,928.0,4.6326,58.56
295.206,measure,4992.0,928.0,4.6326,58.50
295.306,measure,4992.0,928.0,4.6326,58.50
295.407,measure,4992.0,928.0,4.6326,58.50
295.507,measure,4992.0,928.0,4.6326,58.53
295.607,measure,4992.0,928.0,4.6326,58.62
295.707,measure,4992.0,928.0,4.6326,58.56
295.807,measure,4992.0,928.0,4.6326,58.56
295.907,measure,4992.0,920.0,4.5926,58.62
296.007,measure,4992.0,920.0,4.5926,58.53
296.107,measure,4992.0,920.0,4.5926,58.50
296.208,measure,4992.0,920.0,4.5926,58.59
296.308,measure,4992.0,928.0,4.6326,58.53
296.408,measure,4992.0,928.0,4.6326,58.56
296.508,measure,4992.0,928.0,4.6326,58.66
296.608,measure,4992.0,920.0,4.5926,58.69
296.708,measure,4992.0,920.0,4.5926,58.53
296.808,measure,4992.0,920.0,4.5926,58.59
296.908,measure,4992.0,920.0,4.5926,58.50
297.008,measure,4992.0,920.0,4.5926,58.44
297.109,measure,4992.0,920.0,4.5926,58.53
297.209,measure,4992.0,920.0,4.5926,58.56
297.309,measure,4992.0,920.0,4.5926,58.50
297.409,measure,4992.0,920.0,4.5926,58.56
297.509,measure,4992.0,928.0,4.6326,58.62
297.609,measure,4992.0,928.0,4.6326,58.59
297.709,measure,4992.0,920.0,4.5926,58.59
297.809,measure,4992.0,920.0,4.5926,58.56
297.910,measure,4992.0,920.0,4.5926,58.47
298.010,measure,4992.0,920.0,4.5926,58.50
298.110,measure,4992.0,920.0,4.5926,58.44
298.210,measure,4992.0,920.0,4.5926,58.69
298.310,measure,4992.0,920.0,4.5926,58.72
298.410,measure,4992.0,920.0,4.5926,58.66
298.510,measure,4992.0,920.0,4.5926,58.59
298.611,measure,4992.0,920.0,4.5926,58.53
298.711,measure,4992.0,920.0,4.5926,58.59
298.811,measure,4992.0,920.0,4.5926,58.59
298.911,measure,4992.0,920.0,4.5926,58.44
299.011,measure,4992.0,920.0,4.5926,58.50
299.111,measure,4992.0,920.0,4.5926,58.66
299.211,measure,4992.0,920.0,4.5926,58.75
299.311,measure,4992.0,920.0,4.5926,58.72
299.412,measure,4992.0,928.0,4.6326,58.50
299.512,measure,4992.0,928.0,4.6326,58.53
299.612,measure,4992.0,920.0,4.5926,58.50
299.712,measure,4992.0,928.0,4.6326,58.53
299.812,measure,4992.0,928.0,4.6326,58.47
299.912,measure,4992.0,928.0,4.6326,58.47
300.012,measure,4992.0,928.0,4.6326,58.69
300.113,measure,4992.0,928.0,4.6326,58.69
300.213,measure,4992.0,920.0,4.5926,58.66
300.313,measure,4992.0,920.0,4.5926,58.53
300.413,measure,4992.0,928.0,4.6326,58.59
300.513,measure,4992.0,928.0,4.6326,58.50
300.613,measure,4992.0,920.0,4.5926,58.53
300.713,measure,4992.0,920.0,4.5926,58.50
300.813,measure,4992.0,920.0,4.5926,58.47
300.914,measure,4992.0,920.0,4.5926,58.81
301.014,measure,4992.0,920.0,4.5926,58.69
301.114,measure,4992.0,920.0,4.5926,58.59
301.214,measure,4992.0,920.0,4.5926,58.59
301.314,measure,4992.0,920.0,4.5926,58.66
301.414,measure,4992.0,928.0,4.6326,58.56
301.514,measure,4992.0,928.0,4.6326,58.53
301.614,measure,4992.0,928.0,4.6326,58.53
301.715,measure,4992.0,928.0,4.6326,58.47
301.815,measure,4992.0,928.0,4.6326,58.75
301.915,measure,4992.0,920.0,4.5926,58.75
302.015,measure,4992.0,920.0,4.5926,58.59
302.115,measure,4992.0,920.0,4.5926,58.56
302.215,measure,4992.0,920.0,4.5926,58.59
302.315,measure,4992.0,920.0,4.5926,58.53
302.415,measure,4992.0,920.0,4.5926,58.59
302.516,measure,4992.0,928.0,4.6326,58.47
302.616,measure,4992.0,928.0,4.6326,58.50
302.716,measure,4992.0,928.0,4.6326,58.44
302.816,measure,4992.0,928.0,4.6326,58.75
302.916,measure,4992.0,928.0,4.6326,58.56
303.016,measure,4992.0,920.0,4.5926,58.66
303.116,measure,4992.0,920.0,4.5926,58.50
303.217,measure,4992.0,920.0,4.5926,58.53
303.317,measure,4992.0,920.0,4.5926,58.50
303.417,measure,4992.0,920.0,4.5926,58.53
303.517,measure,4992.0,928.0,4.6326,58.44
303.617,measure,4992.0,920.0,4.5926,58.44
303.717,measure,4992.0,920.0,4.5926,58.75
303.817,measure,4992.0,920.0,4.5926,58.66
303.917,measure,4992.0,920.0,4.5926,58.56
304.018,measure,4992.0,920.0,4.5926,58.50
304.118,measure,4992.0,920.0,4.5926,58.56
304.218,measure,4992.0,920.0,4.5926,58.53
304.318,measure,4992.0,920.0,4.5926,58.50
304.418,measure,4992.0,920.0,4.5926,58.50
304.518,measure,4992.0,928.0,4.6326,58.47
304.618,measure,4992.0,928.0,4.6326,58.81
304.718,measure,4992.0,928.0,4.6326,58.66
304.819,measure,4992.0,928.0,4.6326,58.53
304.919,measure,4992.0,928.0,4.6326,58.50
305.019,measure,4992.0,920.0,4.5926,58.59
305.119,measure,4992.0,928.0,4.6326,58.53
305.219,measure,4992.0,920.0,4.5926,58.41
305.319,measure,4992.0,920.0,4.5926,58.50
305.419,measure,4992.0,920.0,4.5926,58.50
305.519,measure,4992.0,928.0,4.6326,58.44
305.620,measure,4992.0,928.0,4.6326,58.66
305.720,measure,4992.0,920.0,4.5926,58.59
305.820,measure,4992.0,920.0,4.5926,58.56
305.920,measure,4992.0,920.0,4.5926,58.53
306.020,measure,4992.0,920.0,4.5926,58.53
306.120,measure,4992.0,920.0,4.5926,58.53
306.220,measure,4992.0,920.0,4.5926,58.44
306.321,measure,4992.0,928.0,4.6326,58.50
306.421,measure,4992.0,928.0,4.6326,58.44
306.521,measure,4992.0,920.0,4.5926,58.62
306.621,measure,4992.0,928.0,4.6326,58.62
306.721,measure,4992.0,928.0,4.6326,58.56
306.821,measure,4992.0,928.0,4.6326,58.59
306.921,measure,4992.0,928.0,4.6326,58.47
307.021,measure,4992.0,928.0,4.6326,58.47
307.122,measure,4992.0,928.0,4.6326,58.56
307.222,measure,4992.0,928.0,4.6326,58.47
307.322,measure,4992.0,928.0,4.6326,58.47
307.422,measure,4992.0,928.0,4.6326,58.69
307.522,measure,4992.0,928.0,4.6326,58.62
307.622,measure,4992.0,928.0,4.6326,58.50
307.722,measure,4992.0,928.0,4.6326,58.53
307.823,measure,4992.0,928.0,4.6326,58.50
307.923,measure,4992.0,928.0,4.6326,58.47
308.023,measure,4992.0,928.0,4.6326,58.44
308.123,measure,4992.0,928.0,4.6326,58.44
308.223,measure,4992.0,928.0,4.6326,58.44
308.323,measure,4992.0,928.0,4.6326,58.66
308.423,measure,4992.0,928.0,4.6326,58.62
308.523,measure,4992.0,928.0,4.6326,58.47
308.624,measure,4992.0,928.0,4.6326,58.56
308.724,measure,4992.0,928.0,4.6326,58.47
308.824,measure,4992.0,928.0,4.6326,58.53
308.924,measure,4992.0,928.0,4.6326,58.44
309.024,measure,4992.0,928.0,4.6326,58.44
309.124,measure,4992.0,928.0,4.6326,58.44
309.224,measure,4992.0,928.0,4.6326,58.72
309.325,measure,4992.0,928.0,4.6326,58.62
309.425,measure,4992.0,928.0,4.6326,58.59
309.525,measure,4992.0,928.0,4.6326,58.50
309.625,measure,4992.0,928.0,4.6326,58.47
309.725,measure,4992.0,928.0,4.6326,58.56
309.825,measure,4992.0,928.0,4.6326,58.44
309.925,measure,4992.0,928.0,4.6326,58.47
310.025,measure,4992.0,928.0,4.6326,58.66
310.126,measure,4992.0,928.0,4.6326,58.72
310.226,measure,4992.0,928.0,4.6326,58.66
310.326,measure,4992.0,928.0,4.6326,58.50
310.426,measure,4992.0,928.0,4.6326,58.56
310.526,measure,4992.0,928.0,4.6326,58.44
310.626,measure,4992.0,928.0,4.6326,58.50
310.726,measure,4992.0,928.0,4.6326,58.53
310.826,measure,4992.0,928.0,4.6326,58.47
310.927,measure,4992.0,928.0,4.6326,58.69
311.027,measure,4992.0,928.0,4.6326,58.72
311.127,measure,4992.0,928.0,4.6326,58.66
311.227,measure,4992.0,928.0,4.6326,58.53
311.327,measure,4992.0,928.0,4.6326,58.56
311.427,measure,4992.0,928.0,4.6326,58.56
311.527,measure,4992.0,928.0,4.6326,58.50
311.627,measure,4992.0,928.0,4.6326,58.44
311.728,measure,4992.0,928.0,4.6326,58.50
311.828,measure,4992.0,928.0,4.6326,58.75
311.928,measure,4992.0,928.0,4.6326,58.72
312.028,measure,4992.0,928.0,4.6326,58.62
312.128,measure,4992.0,928.0,4.6326,58.56
312.228,measure,4992.0,920.0,4.5926,58.56
312.328,measure,4992.0,920.0,4.5926,58.56
312.429,measure,4992.0,920.0,4.5926,58.47
312.529,measure,4992.0,920.0,4.5926,58.50
312.629,measure,4992.0,920.0,4.5926,58.47
312.729,measure,4992.0,928.0,4.6326,58.69
312.829,measure,4992.0,928.0,4.6326,58.69
312.929,measure,4992.0,928.0,4.6326,58.66
313.030,measure,4992.0,928.0,4.6326,58.56
313.130,measure,4992.0,928.0,4.6326,58.56
313.230,measure,4992.0,928.0,4.6326,58.50
313.330,measure,4992.0,928.0,4.6326,58.53
313.430,measure,4992.0,928.0,4.6326,58.47
313.531,measure,4992.0,928.0,4.6326,58.50
313.631,measure,4992.0,928.0,4.6326,58.50
313.731,measure,4992.0,928.0,4.6326,58.72
313.831,measure,4992.0,928.0,4.6326,58.66
313.931,measure,4992.0,928.0,4.6326,58.56
314.032,measure,4992.0,928.0,4.6326,58.62
314.132,measure,4992.0,928.0,4.6326,58.56
314.232,measure,4992.0,928.0,4.6326,58.50
314.332,measure,4992.0,928.0,4.6326,58.47
314.432,measure,4992.0,928.0,4.6326,58.53
314.532,measure,4992.0,928.0,4.6326,58.47
314.632,measure,4992.0,928.0,4.6326,58.69
314.732,measure,4992.0,928.0,4.6326,58.66
314.833,measure,4992.0,928.0,4.6326,58.62
314.933,measure,4992.0,928.0,4.6326,58.53
315.033,measure,4992.0,928.0,4.6326,58.50
315.133,measure,4992.0,928.0,4.6326,58.50
315.233,measure,4992.0,920.0,4.5926,58.56
315.333,measure,4992.0,920.0,4.5926,58.47
315.433,measure,4992.0,920.0,4.5926,58.44
315.533,measure,4992.0,920.0,4.5926,58.75
315.634,measure,4992.0,920.0,4.5926,58.66
315.734,measure,4992.0,920.0,4.5926,58.53
315.834,measure,4992.0,928.0,4.6326,58.53
315.934,measure,4992.0,920.0,4.5926,58.59
316.034,measure,4992.0,920.0,4.5926,58.47
316.134,measure,4992.0,920.0,4.5926,58.50
316.234,measure,4992.0,920.0,4.5926,58.47
316.334,measure,4992.0,920.0,4.5926,58.47
316.435,measure,4992.0,920.0,4.5926,58.47
316.535,measure,4992.0,920.0,4.5926,58.69
316.635,measure,4992.0,920.0,4.5926,58.62
316.735,measure,4992.0,920.0,4.5926,58.56
316.835,measure,4992.0,928.0,4.6326,58.59
316.936,measure,4992.0,920.0,4.5926,58.62
317.036,measure,4992.0,920.0,4.5926,58.53
317.136,measure,4992.0,920.0,4.5926,58.47
317.236,measure,4992.0,920.0,4.5926,58.47
317.336,measure,4992.0,920.0,4.5926,58.53
317.436,measure,4992.0,920.0,4.5926,58.62
317.536,measure,4992.0,920.0,4.5926,58.59
317.636,measure,4992.0,920.0,4.5926,58.56
317.737,measure,4992.0,920.0,4.5926,58.59
317.837,measure,4992.0,920.0,4.5926,58.59
317.937,measure,4992.0,920.0,4.5926,58.56
318.037,measure,4992.0,920.0,4.5926,58.44
318.137,measure,4992.0,920.0,4.5926,58.53
318.237,measure,4992.0,920.0,4.5926,58.47
318.337,measure,4992.0,920.0,4.5926,58.78
318.437,measure,4992.0,920.0,4.5926,58.72
318.538,measure,4992.0,920.0,4.5926,58.53
318.638,measure,4992.0,920.0,4.5926,58.59
318.738,measure,4992.0,920.0,4.5926,58.50
318.838,measure,4992.0,928.0,4.6326,58.53
318.938,measure,4992.0,928.0,4.6326,58.44
319.038,measure,4992.0,920.0,4.5926,58.47
319.139,measure,4992.0,920.0,4.5926,58.41
319.239,measure,4992.0,920.0,4.5926,58.44
319.339,measure,4992.0,920.0,4.5926,58.72
319.439,measure,4992.0,920.0,4.5926,58.59
319.540,measure,4992.0,920.0,4.5926,58.56
319.640,measure,4992.0,920.0,4.5926,58.56
319.740,measure,4992.0,920.0,4.5926,58.56
319.840,measure,4992.0,920.0,4.5926,58.50
319.941,measure,4992.0,928.0,4.6326,58.50
320.041,measure,4992.0,920.0,4.5926,58.47
320.141,measure,4992.0,920.0,4.5926,58.44
320.241,measure,4992.0,928.0,4.6326,58.72
320.341,measure,4992.0,928.0,4.6326,58.72
320.442,measure,4992.0,920.0,4.5926,58.53
320.542,measure,4992.0,920.0,4.5926,58.53
320.643,measure,4992.0,920.0,4.5926,58.50
320.743,measure,4992.0,928.0,4.6326,58.53
320.843,measure,4992.0,920.0,4.5926,58.53
320.943,measure,4992.0,928.0,4.6326,58.50
321.043,measure,4992.0,928.0,4.6326,58.44
321.143,measure,4992.0,928.0,4.6326,58.44
321.244,measure,4992.0,928.0,4.6326,58.69
321.344,measure,4992.0,928.0,4.6326,58.62
321.444,measure,4992.0,928.0,4.6326,58.53
321.544,measure,4992.0,928.0,4.6326,58.47
321.644,measure,4992.0,928.0,4.6326,58.50
321.744,measure,4992.0,928.0,4.6326,58.56
321.844,measure,4992.0,928.0,4.6326,58.47
321.945,measure,4992.0,928.0,4.6326,58.44
322.045,measure,4992.0,928.0,4.6326,58.44
322.145,measure,4992.0,928.0,4.6326,58.69
322.245,measure,4992.0,928.0,4.6326,58.59
322.345,measure,4992.0,928.0,4.6326,58.56
322.445,measure,4992.0,928.0,4.6326,58.53
322.545,measure,4992.0,920.0,4.5926,58.53
322.645,measure,4992.0,920.0,4.5926,58.53
322.746,measure,4992.0,920.0,4.5926,58.44
322.846,measure,4992.0,920.0,4.5926,58.47
322.946,measure,4992.0,928.0,4.6326,58.44
323.046,measure,4992.0,928.0,4.6326,58.69
323.146,measure,4992.0,928.0,4.6326,58.56
323.246,measure,4992.0,928.0,4.6326,58.56
323.346,measure,4992.0,928.0,4.6326,58.53
323.446,measure,4992.0,928.0,4.6326,58.56
323.547,measure,4992.0,928.0,4.6326,58.56
323.647,measure,4992.0,928.0,4.6326,58.47
323.747,measure,4992.0,928.0,4.6326,58.44
323.847,measure,4992.0,920.0,4.5926,58.47
323.947,measure,4992.0,928.0,4.6326,58.44
324.047,measure,4992.0,928.0,4.6326,58.56
324.148,measure,4992.0,928.0,4.6326,58.56
324.248,measure,4992.0,928.0,4.6326,58.53
324.348,measure,4992.0,928.0,4.6326,58.47
324.448,measure,4992.0,928.0,4.6326,58.53
324.548,measure,4992.0,920.0,4.5926,58.53
324.648,measure,4992.0,920.0,4.5926,58.47
324.748,measure,4992.0,920.0,4.5926,58.44
324.848,measure,4992.0,920.0,4.5926,58.41
324.949,measure,4992.0,928.0,4.6326,58.75
325.049,measure,4992.0,936.0,4.6725,58.59
325.149,measure,4992.0,936.0,4.6725,58.66
325.249,measure,4992.0,936.0,4.6725,58.53
325.349,measure,4992.0,936.0,4.6725,58.53
325.449,measure,4984.0,992.0,4.9441,58.50
325.549,measure,4984.0,1024.0,5.1036,58.44
325.650,measure,4984.0,1056.0,5.2631,58.34
325.750,measure,4984.0,1080.0,5.3827,58.44
325.850,measure,4984.0,1056.0,5.2631,58.44
325.950,measure,4984.0,1032.0,5.1435,58.59
326.050,measure,4984.0,1024.0,5.1036,58.59
326.150,measure,4984.0,1048.0,5.2232,58.59
326.250,measure,4984.0,1056.0,5.2631,58.59
326.351,measure,4984.0,1048.0,5.2232,58.56
326.451,measure,4984.0,1056.0,5.2631,58.62
326.551,measure,4976.0,1072.0,5.3343,58.44
326.651,measure,4976.0,1080.0,5.3741,58.44
326.751,measure,4976.0,1080.0,5.3741,58.66
326.851,measure,4984.0,1048.0,5.2232,58.62
326.951,measure,4984.0,1024.0,5.1036,58.69
327.051,measure,4984.0,1000.0,4.9840,58.62
327.152,measure,4984.0,984.0,4.9043,58.56
327.252,measure,4984.0,976.0,4.8644,58.56
327.352,measure,4984.0,960.0,4.7846,58.44
327.452,measure,4992.0,952.0,4.7524,58.56
327.552,measure,4992.0,952.0,4.7524,58.47
327.652,measure,4992.0,944.0,4.7124,58.72
327.752,measure,4992.0,936.0,4.6725,58.66
327.852,measure,4992.0,936.0,4.6725,58.59
327.953,measure,4992.0,936.0,4.6725,58.56
328.053,measure,4992.0,936.0,4.6725,58.53
328.153,measure,4992.0,928.0,4.6326,58.44
328.253,measure,4992.0,928.0,4.6326,58.53
328.353,measure,4992.0,928.0,4.6326,58.47
328.453,measure,4992.0,928.0,4.6326,58.44
328.553,measure,4992.0,928.0,4.6326,58.66
328.654,measure,4992.0,928.0,4.6326,58.66
328.754,measure,4992.0,928.0,4.6326,58.53
328.854,measure,4992.0,928.0,4.6326,58.53
328.954,measure,4992.0,928.0,4.6326,58.56
329.054,measure,4992.0,928.0,4.6326,58.50
329.154,measure,4992.0,928.0,4.6326,58.47
329.254,measure,4992.0,928.0,4.6326,58.44
329.354,measure,4992.0,928.0,4.6326,58.50
329.455,measure,4992.0,928.0,4.6326,58.72
329.555,measure,4992.0,928.0,4.6326,58.62
329.655,measure,4992.0,928.0,4.6326,58.56
329.755,measure,4992.0,928.0,4.6326,58.56
329.855,measure,4992.0,928.0,4.6326,58.50
329.955,measure,4992.0,928.0,4.6326,58.50
330.055,measure,4992.0,928.0,4.6326,58.53
330.156,measure,4992.0,928.0,4.6326,58.50
330.256,measure,4992.0,928.0,4.6326,58.50
330.356,measure,4992.0,928.0,4.6326,58.72
330.456,measure,4992.0,928.0,4.6326,58.62
330.556,measure,4992.0,928.0,4.6326,58.56
330.656,measure,4992.0,928.0,4.6326,58.53
330.756,measure,4992.0,928.0,4.6326,58.50
330.857,measure,4992.0,920.0,4.5926,58.44
330.957,measure,4992.0,928.0,4.6326,58.47
331.057,measure,4992.0,928.0,4.6326,58.44
331.157,measure,4992.0,928.0,4.6326,58.41
331.257,measure,4992.0,928.0,4.6326,58.66
331.357,measure,4992.0,928.0,4.6326,58.62
331.457,measure,4992.0,928.0,4.6326,58.62
331.557,measure,4992.0,928.0,4.6326,58.53
331.658,measure,4992.0,928.0,4.6326,58.47
331.758,measure,4992.0,920.0,4.5926,58.47
331.858,measure,4992.0,920.0,4.5926,58.53
331.958,measure,4992.0,920.0,4.5926,58.44
332.058,measure,4992.0,920.0,4.5926,58.69
332.158,measure,4992.0,928.0,4.6326,58.62
332.258,measure,4992.0,928.0,4.6326,58.62
332.359,measure,4992.0,928.0,4.6326,58.56
332.459,measure,4992.0,920.0,4.5926,58.56
332.559,measure,4992.0,920.0,4.5926,58.50
332.659,measure,4992.0,920.0,4.5926,58.44
332.759,measure,4992.0,920.0,4.5926,58.44
332.859,measure,4992.0,920.0,4.5926,58.50
332.959,measure,4992.0,920.0,4.5926,58.44
333.060,measure,4992.0,920.0,4.5926,58.62
333.160,measure,4992.0,928.0,4.6326,58.69
333.260,measure,4992.0,928.0,4.6326,58.56
333.360,measure,4992.0,928.0,4.6326,58.56
333.461,measure,4992.0,928.0,4.6326,58.56
333.561,measure,4992.0,920.0,4.5926,58.47
333.661,measure,4992.0,920.0,4.5926,58.53
333.761,measure,4992.0,920.0,4.5926,58.47
333.861,measure,4992.0,928.0,4.6326,58.44
333.961,measure,4992.0,928.0,4.6326,58.62
334.062,measure,4992.0,928.0,4.6326,58.72
334.162,measure,4992.0,928.0,4.6326,58.62
334.262,measure,4992.0,928.0,4.6326,58.66
334.362,measure,4992.0,928.0,4.6326,58.50
334.462,measure,4992.0,928.0,4.6326,58.50
334.562,measure,4992.0,928.0,4.6326,58.44
334.662,measure,4992.0,928.0,4.6326,58.44
334.763,measure,4992.0,928.0,4.6326,58.47
334.863,measure,4992.0,920.0,4.5926,58.69
334.963,measure,4992.0,920.0,4.5926,58.66
335.063,measure,4992.0,920.0,4.5926,58.59
335.163,measure,4992.0,928.0,4.6326,58.53
335.263,measure,4992.0,928.0,4.6326,58.56
335.363,measure,4992.0,928.0,4.6326,58.50
335.463,measure,4992.0,928.0,4.6326,58.44
335.564,measure,4992.0,928.0,4.6326,58.50
335.664,measure,4992.0,928.0,4.6326,58.47
335.764,measure,4992.0,928.0,4.6326,58.44
335.864,measure,4992.0,920.0,4.5926,58.66
335.964,measure,4992.0,920.0,4.5926,58.53
336.064,measure,4992.0,928.0,4.6326,58.59
336.164,measure,4992.0,928.0,4.6326,58.50
336.264,measure,4992.0,928.0,4.6326,58.50
336.365,measure,4992.0,928.0,4.6326,58.53
336.465,measure,4992.0,928.0,4.6326,58.44
336.565,measure,4992.0,928.0,4.6326,58.44
336.665,measure,4992.0,928.0,4.6326,58.50
336.765,measure,4992.0,928.0,4.6326,58.69
336.865,measure,4992.0,928.0,4.6326,58.59
336.965,measure,4992.0,928.0,4.6326,58.66
337.065,measure,4992.0,928.0,4.6326,58.50
337.166,measure,4992.0,928.0,4.6326,58.56
337.266,measure,4992.0,928.0,4.6326,58.50
337.366,measure,4992.0,928.0,4.6326,58.44
337.466,measure,4992.0,928.0,4.6326,58.56
337.566,measure,4992.0,928.0,4.6326,58.44
337.667,measure,4992.0,920.0,4.5926,58.44
337.767,measure,4992.0,920.0,4.5926,58.66
337.867,measure,4992.0,920.0,4.5926,58.56
337.968,measure,4992.0,920.0,4.5926,58.59
338.068,measure,4992.0,920.0,4.5926,58.50
338.168,measure,4992.0,920.0,4.5926,58.53
338.268,measure,4992.0,920.0,4.5926,58.47
338.368,measure,4992.0,928.0,4.6326,58.44
338.468,measure,4992.0,928.0,4.6326,58.44
338.568,measure,4992.0,928.0,4.6326,58.44
338.668,measure,4992.0,928.0,4.6326,58.69
338.769,measure,4992.0,928.0,4.6326,58.53
338.869,measure,4992.0,920.0,4.5926,58.56
338.969,measure,4992.0,920.0,4.5926,58.50
339.069,measure,4992.0,920.0,4.5926,58.50
339.169,measure,4992.0,920.0,4.5926,58.53
339.269,measure,4992.0,920.0,4.5926,58.47
339.369,measure,4992.0,928.0,4.6326,58.47
339.469,measure,4992.0,928.0,4.6326,58.44
339.570,measure,4992.0,928.0,4.6326,58.69
339.670,measure,4992.0,920.0,4.5926,58.56
339.770,measure,4992.0,920.0,4.5926,58.56
339.870,measure,4992.0,920.0,4.5926,58.62
339.970,measure,4992.0,920.0,4.5926,58.44
340.070,measure,4992.0,920.0,4.5926,58.44
340.170,measure,4992.0,920.0,4.5926,58.41
340.270,measure,4992.0,920.0,4.5926,58.44
340.371,measure,4992.0,928.0,4.6326,58.44
340.471,measure,4992.0,928.0,4.6326,58.44
340.571,measure,4992.0,920.0,4.5926,58.59
340.671,measure,4992.0,920.0,4.5926,58.56
340.771,measure,4992.0,920.0,4.5926,58.47
340.871,measure,4992.0,920.0,4.5926,58.47
340.971,measure,4992.0,920.0,4.5926,58.50
341.072,measure,4992.0,920.0,4.5926,58.44
341.172,measure,4992.0,920.0,4.5926,58.44
341.272,measure,4992.0,920.0,4.5926,58.44
341.372,measure,4992.0,928.0,4.6326,58.66
341.472,measure,4992.0,928.0,4.6326,58.56
341.572,measure,4992.0,928.0,4.6326,58.56
341.672,measure,4992.0,920.0,4.5926,58.53
341.772,measure,4992.0,920.0,4.5926,58.47
341.873,measure,4992.0,920.0,4.5926,58.47
341.973,measure,4992.0,920.0,4.5926,58.44
342.073,measure,4992.0,920.0,4.5926,58.53
342.173,measure,4992.0,920.0,4.5926,58.44
342.273,measure,4992.0,920.0,4.5926,58.56
342.373,measure,4992.0,928.0,4.6326,58.66
342.473,measure,4992.0,928.0,4.6326,58.62
342.573,measure,4992.0,928.0,4.6326,58.44
342.674,measure,4992.0,928.0,4.6326,58.44
342.774,measure,4992.0,928.0,4.6326,58.47
342.874,measure,4992.0,920.0,4.5926,58.47
342.974,measure,4992.0,928.0,4.6326,58.44
343.074,measure,4992.0,928.0,4.6326,58.53
343.174,measure,4992.0,928.0,4.6326,58.59
343.274,measure,4992.0,928.0,4.6326,58.62
343.374,measure,4992.0,928.0,4.6326,58.59
343.475,measure,4992.0,928.0,4.6326,58.50
343.575,measure,4992.0,928.0,4.6326,58.56
343.675,measure,4992.0,928.0,4.6326,58.50
343.775,measure,4992.0,928.0,4.6326,58.44
343.875,measure,4992.0,928.0,4.6326,58.41
343.975,measure,4992.0,928.0,4.6326,58.44
344.075,measure,4992.0,928.0,4.6326,58.62
344.175,measure,4992.0,928.0,4.6326,58.56
344.276,measure,4992.0,928.0,4.6326,58.53
344.376,measure,4992.0,928.0,4.6326,58.53
344.476,measure,4992.0,928.0,4.6326,58.50
344.576,measure,4992.0,928.0,4.6326,58.44
344.676,measure,4992.0,928.0,4.6326,58.50
344.776,measure,4992.0,928.0,4.6326,58.47
344.876,measure,4992.0,928.0,4.6326,58.44
344.976,measure,4992.0,928.0,4.6326,58.44
345.077,measure,4992.0,928.0,4.6326,58.59
345.177,measure,4992.0,928.0,4.6326,58.59
345.277,measure,4992.0,928.0,4.6326,58.59
345.377,measure,4992.0,928.0,4.6326,58.56
345.477,measure,4992.0,928.0,4.6326,58.53
345.577,measure,4992.0,928.0,4.6326,58.47
345.677,measure,4992.0,928.0,4.6326,58.47
345.777,measure,4992.0,928.0,4.6326,58.44
345.878,measure,4992.0,928.0,4.6326,58.47
345.978,measure,4992.0,928.0,4.6326,58.75
346.078,measure,4992.0,928.0,4.6326,58.62
346.178,measure,4992.0,928.0,4.6326,58.50
346.278,measure,4992.0,928.0,4.6326,58.50
346.379,measure,4992.0,928.0,4.6326,58.50
346.479,measure,4992.0,928.0,4.6326,58.44
346.580,measure,4992.0,928.0,4.6326,58.53
346.680,measure,4992.0,928.0,4.6326,58.44
346.780,measure,4992.0,928.0,4.6326,58.44
346.880,measure,4992.0,928.0,4.6326,58.66
346.980,measure,4992.0,928.0,4.6326,58.59
347.080,measure,4992.0,928.0,4.6326,58.44
347.180,measure,4992.0,928.0,4.6326,58.53
347.280,measure,4992.0,928.0,4.6326,58.50
347.381,measure,4992.0,928.0,4.6326,58.47
347.481,measure,4992.0,928.0,4.6326,58.47
347.581,measure,4992.0,928.0,4.6326,58.44
347.681,measure,4992.0,928.0,4.6326,58.62
347.781,measure,4992.0,928.0,4.6326,58.62
347.881,measure,4992.0,928.0,4.6326,58.62
347.981,measure,4992.0,928.0,4.6326,58.53
348.081,measure,4992.0,928.0,4.6326,58.53
348.182,measure,4992.0,936.0,4.6725,58.50
348.282,measure,4992.0,928.0,4.6326,58.44
348.382,measure,4992.0,928.0,4.6326,58.53
348.482,measure,4992.0,928.0,4.6326,58.47
348.582,measure,4992.0,928.0,4.6326,58.47
348.682,measure,4992.0,928.0,4.6326,58.62
348.783,measure,4992.0,928.0,4.6326,58.69
348.883,measure,4992.0,928.0,4.6326,58.66
348.983,measure,4992.0,928.0,4.6326,58.53
349.083,measure,4992.0,928.0,4.6326,58.56
349.183,measure,4992.0,928.0,4.6326,58.44
349.283,measure,4992.0,928.0,4.6326,58.44
349.383,measure,4992.0,928.0,4.6326,58.44
349.484,measure,4992.0,928.0,4.6326,58.44
349.584,measure,4992.0,928.0,4.6326,58.66
349.684,measure,4992.0,928.0,4.6326,58.69
349.784,measure,4992.0,928.0,4.6326,58.62
349.885,measure,4992.0,928.0,4.6326,58.66
349.985,measure,4992.0,928.0,4.6326,58.59
350.085,measure,4992.0,928.0,4.6326,58.56
350.185,measure,4992.0,928.0,4.6326,58.50
350.285,measure,4992.0,928.0,4.6326,58.47
350.386,measure,4992.0,928.0,4.6326,58.44
350.486,measure,4992.0,928.0,4.6326,58.72
350.586,measure,4992.0,928.0,4.6326,58.66
350.686,measure,4992.0,928.0,4.6326,58.56
350.787,measure,4992.0,928.0,4.6326,58.47
350.887,measure,4992.0,928.0,4.6326,58.53
350.987,measure,4992.0,928.0,4.6326,58.56
351.087,measure,4992.0,928.0,4.6326,58.50
351.188,measure,4992.0,928.0,4.6326,58.44
351.288,measure,4992.0,928.0,4.6326,58.47
351.388,measure,4992.0,928.0,4.6326,58.47
351.489,measure,4992.0,928.0,4.6326,58.44
351.589,measure,4992.0,928.0,4.6326,58.62
351.689,measure,4992.0,928.0,4.6326,58.62
351.789,measure,4992.0,928.0,4.6326,58.59
351.889,measure,4992.0,928.0,4.6326,58.53
351.989,measure,4992.0,928.0,4.6326,58.50
352.089,measure,4992.0,928.0,4.6326,58.44
352.189,measure,4992.0,928.0,4.6326,58.50
352.290,measure,4992.0,928.0,4.6326,58.47
352.390,measure,4992.0,928.0,4.6326,58.44
352.490,measure,4992.0,928.0,4.6326,58.62
352.590,measure,4992.0,928.0,4.6326,58.53
352.690,measure,4992.0,928.0,4.6326,58.62
352.790,measure,4992.0,928.0,4.6326,58.53
352.890,measure,4992.0,928.0,4.6326,58.56
352.990,measure,4992.0,928.0,4.6326,58.56
353.091,measure,4992.0,928.0,4.6326,58.44
353.191,measure,4992.0,928.0,4.6326,58.50
353.291,measure,4992.0,928.0,4.6326,58.44
353.391,measure,4992.0,928.0,4.6326,58.69
353.491,measure,4992.0,928.0,4.6326,58.62
353.591,measure,4992.0,928.0,4.6326,58.56
353.691,measure,4992.0,928.0,4.6326,58.53
353.791,measure,4992.0,928.0,4.6326,58.53
353.892,measure,4992.0,928.0,4.6326,58.50
353.992,measure,4992.0,928.0,4.6326,58.44
354.092,measure,4992.0,928.0,4.6326,58.44
354.192,measure,4992.0,928.0,4.6326,58.44
354.292,measure,4992.0,928.0,4.6326,58.66
354.392,measure,4992.0,928.0,4.6326,58.66
354.492,measure,4992.0,928.0,4.6326,58.62
354.593,measure,4992.0,928.0,4.6326,58.56
354.693,measure,4992.0,928.0,4.6326,58.50
354.793,measure,4992.0,928.0,4.6326,58.50
354.893,measure,4992.0,928.0,4.6326,58.47
354.993,measure,4992.0,928.0,4.6326,58.47
355.093,measure,4992.0,928.0,4.6326,58.47
355.193,measure,4992.0,928.0,4.6326,58.59
355.293,measure,4992.0,928.0,4.6326,58.59
355.394,measure,4992.0,928.0,4.6326,58.62
355.494,measure,4992.0,928.0,4.6326,58.53
355.594,measure,4992.0,928.0,4.6326,58.56
355.694,measure,4992.0,928.0,4.6326,58.44
355.794,measure,4992.0,928.0,4.6326,58.50
355.894,measure,4992.0,928.0,4.6326,58.47
355.994,measure,4992.0,928.0,4.6326,58.44
356.094,measure,4992.0,928.0,4.6326,58.44
356.195,measure,4992.0,928.0,4.6326,58.62
356.295,measure,4992.0,928.0,4.6326,58.50
356.395,measure,4992.0,928.0,4.6326,58.53
356.495,measure,4992.0,928.0,4.6326,58.47
356.595,measure,4992.0,928.0,4.6326,58.44
356.695,measure,4992.0,928.0,4.6326,58.44
356.796,measure,4992.0,928.0,4.6326,58.56
356.896,measure,4992.0,928.0,4.6326,58.44
356.996,measure,4992.0,928.0,4.6326,58.44
357.096,measure,4992.0,928.0,4.6326,58.66
357.196,measure,4992.0,928.0,4.6326,58.56
357.296,measure,4992.0,928.0,4.6326,58.50
357.397,measure,4992.0,928.0,4.6326,58.56
357.497,measure,4992.0,928.0,4.6326,58.47
357.597,measure,4992.0,928.0,4.6326,58.44
357.697,measure,4992.0,928.0,4.6326,58.47
357.797,measure,4992.0,928.0,4.6326,58.44
357.898,measure,4992.0,928.0,4.6326,58.47
357.998,measure,4992.0,928.0,4.6326,58.69
358.098,measure,4992.0,928.0,4.6326,58.69
358.198,measure,4992.0,920.0,4.5926,58.50
358.299,measure,4992.0,920.0,4.5926,58.47
358.399,measure,4992.0,920.0,4.5926,58.50
358.499,measure,4992.0,920.0,4.5926,58.47
358.599,measure,4992.0,920.0,4.5926,58.44
358.699,measure,4992.0,920.0,4.5926,58.44
358.799,measure,4992.0,928.0,4.6326,58.47
358.899,measure,4992.0,928.0,4.6326,58.44
358.999,measure,4992.0,920.0,4.5926,58.62
359.100,measure,4992.0,920.0,4.5926,58.50
359.200,measure,4992.0,920.0,4.5926,58.53
359.300,measure,4992.0,920.0,4.5926,58.47
359.400,measure,4992.0,920.0,4.5926,58.50
359.500,measure,4992.0,920.0,4.5926,58.53
359.600,measure,4992.0,920.0,4.5926,58.47
359.700,measure,4992.0,920.0,4.5926,58.41
359.800,measure,4992.0,920.0,4.5926,58.44
359.900,measure,4992.0,928.0,4.6326,58.69
360.001,measure,4992.0,928.0,4.6326,58.62
360.101,measure,4992.0,928.0,4.6326,58.56
360.201,measure,4992.0,928.0,4.6326,58.47
360.301,measure,4992.0,928.0,4.6326,58.53
