t_rel_s,phase,mv,ma,watt,temp_max_c
0.000,warmup,4984.0,1016.0,5.0637,58.62
0.100,warmup,4984.0,1008.0,5.0239,58.59
0.200,warmup,4984.0,984.0,4.9043,58.56
0.300,warmup,4992.0,968.0,4.8323,58.53
0.401,warmup,4984.0,968.0,4.8245,58.56
0.501,warmup,4984.0,968.0,4.8245,58.78
0.601,warmup,4984.0,968.0,4.8245,58.69
0.701,warmup,4984.0,968.0,4.8245,58.72
0.801,warmup,4984.0,968.0,4.8245,58.69
0.901,warmup,4984.0,968.0,4.8245,58.66
1.001,warmup,4984.0,968.0,4.8245,58.62
1.102,warmup,4984.0,968.0,4.8245,58.59
1.202,warmup,4984.0,968.0,4.8245,58.59
1.302,warmup,4984.0,968.0,4.8245,58.53
1.402,warmup,4984.0,968.0,4.8245,58.75
1.502,warmup,4984.0,968.0,4.8245,58.66
1.602,warmup,4984.0,968.0,4.8245,58.69
1.703,warmup,4984.0,968.0,4.8245,58.59
1.803,warmup,4984.0,968.0,4.8245,58.66
1.903,warmup,4984.0,968.0,4.8245,58.56
2.003,warmup,4984.0,968.0,4.8245,58.66
2.103,warmup,4984.0,968.0,4.8245,58.66
2.203,warmup,4984.0,968.0,4.8245,58.62
2.303,warmup,4984.0,968.0,4.8245,58.78
2.404,warmup,4984.0,968.0,4.8245,58.72
2.504,warmup,4984.0,968.0,4.8245,58.66
2.604,warmup,4984.0,968.0,4.8245,58.66
2.704,warmup,4984.0,968.0,4.8245,58.62
2.804,warmup,4984.0,968.0,4.8245,58.66
2.904,warmup,4984.0,968.0,4.8245,58.66
3.004,warmup,4984.0,968.0,4.8245,58.66
3.104,warmup,4984.0,968.0,4.8245,58.62
3.205,warmup,4984.0,968.0,4.8245,58.75
3.305,warmup,4984.0,968.0,4.8245,58.78
3.405,warmup,4984.0,968.0,4.8245,58.72
3.505,warmup,4984.0,968.0,4.8245,58.72
3.605,warmup,4984.0,968.0,4.8245,58.66
3.705,warmup,4984.0,968.0,4.8245,58.59
3.805,warmup,4984.0,968.0,4.8245,58.56
3.906,warmup,4984.0,968.0,4.8245,58.59
4.006,warmup,4984.0,968.0,4.8245,58.81
4.106,warmup,4984.0,968.0,4.8245,58.81
4.206,warmup,4984.0,968.0,4.8245,58.78
4.306,warmup,4984.0,968.0,4.8245,58.69
4.406,warmup,4984.0,968.0,4.8245,58.72
4.506,warmup,4984.0,968.0,4.8245,58.59
4.607,warmup,4984.0,968.0,4.8245,58.66
4.707,warmup,4984.0,968.0,4.8245,58.66
4.807,warmup,4984.0,968.0,4.8245,58.59
4.907,warmup,4984.0,968.0,4.8245,58.66
5.007,warmup,4984.0,968.0,4.8245,58.84
5.107,warmup,4984.0,968.0,4.8245,58.81
5.207,warmup,4984.0,968.0,4.8245,58.72
5.308,warmup,4984.0,968.0,4.8245,58.75
5.408,warmup,4984.0,968.0,4.8245,58.72
5.508,warmup,4984.0,968.0,4.8245,58.66
5.608,warmup,4984.0,968.0,4.8245,58.78
5.708,warmup,4984.0,968.0,4.8245,58.56
5.808,warmup,4984.0,968.0,4.8245,58.66
5.908,warmup,4984.0,968.0,4.8245,58.78
6.009,warmup,4984.0,968.0,4.8245,58.75
6.109,warmup,4984.0,968.0,4.8245,58.69
6.209,warmup,4984.0,968.0,4.8245,58.72
6.309,warmup,4984.0,968.0,4.8245,58.72
6.409,warmup,4984.0,968.0,4.8245,58.75
6.509,warmup,4984.0,968.0,4.8245,58.66
6.609,warmup,4984.0,968.0,4.8245,58.62
6.710,warmup,4984.0,968.0,4.8245,58.62
6.810,warmup,4984.0,968.0,4.8245,58.81
6.910,warmup,4984.0,968.0,4.8245,58.75
7.010,warmup,4984.0,968.0,4.8245,58.72
7.110,warmup,4984.0,968.0,4.8245,58.81
7.210,warmup,4984.0,968.0,4.8245,58.72
7.310,warmup,4984.0,968.0,4.8245,58.72
7.411,warmup,4984.0,968.0,4.8245,58.66
7.511,warmup,4984.0,968.0,4.8245,58.69
7.611,warmup,4984.0,968.0,4.8245,58.59
7.711,warmup,4984.0,968.0,4.8245,58.62
7.811,warmup,4984.0,968.0,4.8245,58.75
7.911,warmup,4984.0,968.0,4.8245,58.78
8.012,warmup,4984.0,968.0,4.8245,58.69
8.112,warmup,4984.0,968.0,4.8245,58.75
8.212,warmup,4984.0,968.0,4.8245,58.69
8.312,warmup,4984.0,968.0,4.8245,58.72
8.412,warmup,4984.0,968.0,4.8245,58.69
8.512,warmup,4984.0,968.0,4.8245,58.62
8.612,warmup,4984.0,968.0,4.8245,58.84
8.713,warmup,4984.0,968.0,4.8245,58.75
8.813,warmup,4984.0,976.0,4.8644,58.81
8.913,warmup,4984.0,976.0,4.8644,58.72
9.013,warmup,4984.0,976.0,4.8644,58.72
9.113,warmup,4984.0,968.0,4.8245,58.75
9.213,warmup,4984.0,976.0,4.8644,58.72
9.313,warmup,4984.0,976.0,4.8644,58.69
9.413,warmup,4984.0,976.0,4.8644,58.66
9.514,warmup,4984.0,976.0,4.8644,58.94
9.614,warmup,4984.0,976.0,4.8644,58.91
9.714,warmup,4984.0,976.0,4.8644,58.72
9.814,warmup,4984.0,976.0,4.8644,58.78
9.914,warmup,4984.0,976.0,4.8644,58.75
10.014,warmup,4984.0,976.0,4.8644,58.66
10.114,warmup,4984.0,976.0,4.8644,58.72
10.215,warmup,4984.0,976.0,4.8644,58.56
10.315,warmup,4984.0,976.0,4.8644,58.62
10.415,warmup,4984.0,976.0,4.8644,58.94
10.515,warmup,4984.0,976.0,4.8644,58.84
10.615,warmup,4984.0,976.0,4.8644,58.75
10.715,warmup,4984.0,976.0,4.8644,58.72
10.815,warmup,4984.0,976.0,4.8644,58.69
10.915,warmup,4984.0,976.0,4.8644,58.72
11.016,warmup,4984.0,976.0,4.8644,58.72
11.116,warmup,4984.0,976.0,4.8644,58.75
11.216,warmup,4984.0,976.0,4.8644,58.66
11.316,warmup,4984.0,976.0,4.8644,58.66
11.416,warmup,4984.0,976.0,4.8644,58.84
11.516,warmup,4984.0,976.0,4.8644,58.81
11.616,warmup,4984.0,976.0,4.8644,58.78
11.717,warmup,4984.0,976.0,4.8644,58.72
11.817,warmup,4984.0,976.0,4.8644,58.72
11.917,warmup,4984.0,976.0,4.8644,58.75
12.017,warmup,4984.0,976.0,4.8644,58.66
12.117,warmup,4984.0,976.0,4.8644,58.66
12.217,warmup,4984.0,976.0,4.8644,58.62
12.317,warmup,4984.0,976.0,4.8644,58.91
12.417,warmup,4984.0,976.0,4.8644,58.81
12.518,warmup,4984.0,976.0,4.8644,58.78
12.618,warmup,4984.0,976.0,4.8644,58.81
12.718,warmup,4984.0,976.0,4.8644,58.75
12.818,warmup,4984.0,976.0,4.8644,58.72
12.918,warmup,4984.0,976.0,4.8644,58.72
13.018,warmup,4984.0,976.0,4.8644,58.72
13.118,warmup,4984.0,976.0,4.8644,58.69
13.219,warmup,4984.0,976.0,4.8644,58.94
13.319,warmup,4984.0,976.0,4.8644,58.91
13.419,warmup,4984.0,976.0,4.8644,58.84
13.519,warmup,4984.0,976.0,4.8644,58.75
13.619,warmup,4984.0,976.0,4.8644,58.69
13.719,warmup,4984.0,976.0,4.8644,58.69
13.819,warmup,4984.0,976.0,4.8644,58.66
13.919,warmup,4984.0,976.0,4.8644,58.69
14.020,warmup,4984.0,976.0,4.8644,58.66
14.120,warmup,4984.0,976.0,4.8644,58.62
14.220,warmup,4984.0,976.0,4.8644,58.88
14.320,warmup,4984.0,976.0,4.8644,58.88
14.420,warmup,4984.0,976.0,4.8644,58.75
14.520,warmup,4984.0,976.0,4.8644,58.69
14.620,warmup,4984.0,976.0,4.8644,58.69
14.720,warmup,4984.0,976.0,4.8644,58.66
14.821,warmup,4984.0,976.0,4.8644,58.72
14.921,warmup,4984.0,976.0,4.8644,58.69
15.021,warmup,4984.0,976.0,4.8644,58.91
15.121,warmup,4984.0,976.0,4.8644,58.88
15.221,warmup,4984.0,976.0,4.8644,58.91
15.321,warmup,4984.0,976.0,4.8644,58.81
15.421,warmup,4984.0,976.0,4.8644,58.78
15.522,warmup,4984.0,976.0,4.8644,58.62
15.622,warmup,4984.0,976.0,4.8644,58.66
15.722,warmup,4984.0,976.0,4.8644,58.72
15.822,warmup,4984.0,976.0,4.8644,58.66
15.922,warmup,4984.0,976.0,4.8644,58.88
16.022,warmup,4984.0,976.0,4.8644,58.84
16.122,warmup,4984.0,976.0,4.8644,58.78
16.222,warmup,4984.0,976.0,4.8644,58.69
16.323,warmup,4984.0,976.0,4.8644,58.72
16.423,warmup,4984.0,976.0,4.8644,58.75
16.523,warmup,4984.0,976.0,4.8644,58.66
16.623,warmup,4984.0,976.0,4.8644,58.59
16.723,warmup,4984.0,976.0,4.8644,58.69
16.823,warmup,4984.0,976.0,4.8644,58.91
16.923,warmup,4984.0,976.0,4.8644,58.91
17.024,warmup,4984.0,976.0,4.8644,58.84
17.124,warmup,4984.0,968.0,4.8245,58.78
17.224,warmup,4984.0,968.0,4.8245,58.75
17.324,warmup,4984.0,968.0,4.8245,58.69
17.424,warmup,4984.0,968.0,4.8245,58.59
17.524,warmup,4984.0,968.0,4.8245,58.72
17.624,warmup,4984.0,968.0,4.8245,58.69
17.724,warmup,4984.0,968.0,4.8245,58.91
17.825,warmup,4984.0,968.0,4.8245,58.94
17.925,warmup,4984.0,968.0,4.8245,58.88
18.025,warmup,4984.0,968.0,4.8245,58.75
18.125,warmup,4984.0,968.0,4.8245,58.75
18.225,warmup,4984.0,968.0,4.8245,58.66
18.325,warmup,4984.0,968.0,4.8245,58.75
18.425,warmup,4984.0,968.0,4.8245,58.69
18.525,warmup,4984.0,968.0,4.8245,58.72
18.626,warmup,4984.0,968.0,4.8245,58.97
18.726,warmup,4984.0,968.0,4.8245,58.91
18.826,warmup,4984.0,968.0,4.8245,58.88
18.926,warmup,4984.0,968.0,4.8245,58.78
19.026,warmup,4984.0,968.0,4.8245,58.75
19.126,warmup,4984.0,968.0,4.8245,58.75
19.226,warmup,4984.0,968.0,4.8245,58.75
19.327,warmup,4984.0,968.0,4.8245,58.75
19.427,warmup,4984.0,968.0,4.8245,58.72
19.527,warmup,4984.0,968.0,4.8245,58.88
19.627,warmup,4984.0,968.0,4.8245,58.81
19.727,warmup,4984.0,968.0,4.8245,58.88
19.827,warmup,4984.0,968.0,4.8245,58.75
19.927,warmup,4984.0,968.0,4.8245,58.81
20.027,warmup,4984.0,968.0,4.8245,58.72
20.128,warmup,4984.0,968.0,4.8245,58.75
20.228,warmup,4984.0,968.0,4.8245,58.66
20.328,warmup,4984.0,968.0,4.8245,58.72
20.428,warmup,4984.0,968.0,4.8245,58.94
20.528,warmup,4984.0,968.0,4.8245,58.84
20.628,warmup,4984.0,968.0,4.8245,58.88
20.728,warmup,4984.0,968.0,4.8245,58.84
20.828,warmup,4984.0,968.0,4.8245,58.78
20.929,warmup,4984.0,968.0,4.8245,58.75
21.029,warmup,4984.0,968.0,4.8245,58.75
21.129,warmup,4984.0,968.0,4.8245,58.69
21.229,warmup,4984.0,968.0,4.8245,58.66
21.329,warmup,4984.0,968.0,4.8245,59.00
21.429,warmup,4984.0,968.0,4.8245,58.91
21.529,warmup,4984.0,968.0,4.8245,58.84
21.629,warmup,4984.0,968.0,4.8245,58.84
21.730,warmup,4984.0,968.0,4.8245,58.72
21.830,warmup,4984.0,968.0,4.8245,58.78
21.930,warmup,4984.0,968.0,4.8245,58.78
22.030,warmup,4984.0,968.0,4.8245,58.75
22.130,warmup,4984.0,968.0,4.8245,58.69
22.230,warmup,4984.0,968.0,4.8245,59.00
22.330,warmup,4984.0,968.0,4.8245,58.91
22.431,warmup,4984.0,968.0,4.8245,58.94
22.531,warmup,4984.0,968.0,4.8245,58.84
22.631,warmup,4984.0,968.0,4.8245,58.91
22.731,warmup,4984.0,968.0,4.8245,58.75
22.831,warmup,4984.0,968.0,4.8245,58.75
22.931,warmup,4984.0,968.0,4.8245,58.78
23.031,warmup,4984.0,968.0,4.8245,58.75
23.132,warmup,4984.0,968.0,4.8245,58.75
23.232,warmup,4984.0,968.0,4.8245,58.97
23.332,warmup,4984.0,968.0,4.8245,59.03
23.432,warmup,4984.0,968.0,4.8245,58.88
23.532,warmup,4984.0,968.0,4.8245,58.84
23.632,warmup,4984.0,968.0,4.8245,58.75
23.732,warmup,4984.0,968.0,4.8245,58.75
23.833,warmup,4984.0,968.0,4.8245,58.72
23.933,warmup,4984.0,968.0,4.8245,58.78
24.033,warmup,4984.0,968.0,4.8245,58.72
24.133,warmup,4984.0,968.0,4.8245,58.94
24.233,warmup,4984.0,968.0,4.8245,58.97
24.333,warmup,4984.0,968.0,4.8245,58.91
24.433,warmup,4984.0,968.0,4.8245,58.84
24.534,warmup,4984.0,968.0,4.8245,58.81
24.634,warmup,4984.0,968.0,4.8245,58.94
24.734,warmup,4984.0,968.0,4.8245,58.81
24.834,warmup,4984.0,968.0,4.8245,58.69
24.934,warmup,4984.0,968.0,4.8245,58.81
25.034,warmup,4984.0,968.0,4.8245,58.69
25.134,warmup,4984.0,968.0,4.8245,58.94
25.235,warmup,4984.0,968.0,4.8245,58.94
25.335,warmup,4984.0,968.0,4.8245,58.88
25.435,warmup,4984.0,968.0,4.8245,58.84
25.535,warmup,4984.0,968.0,4.8245,58.84
25.635,warmup,4984.0,968.0,4.8245,58.78
25.735,warmup,4984.0,968.0,4.8245,58.72
25.835,warmup,4984.0,968.0,4.8245,58.72
25.936,warmup,4984.0,968.0,4.8245,58.75
26.036,warmup,4984.0,968.0,4.8245,58.94
26.136,warmup,4984.0,968.0,4.8245,58.84
26.236,warmup,4984.0,968.0,4.8245,58.88
26.336,warmup,4984.0,968.0,4.8245,58.75
26.436,warmup,4984.0,968.0,4.8245,58.84
26.536,warmup,4984.0,968.0,4.8245,58.78
26.637,warmup,4984.0,968.0,4.8245,58.75
26.737,warmup,4984.0,968.0,4.8245,58.75
26.837,warmup,4984.0,968.0,4.8245,58.78
26.937,warmup,4984.0,968.0,4.8245,58.97
27.037,warmup,4984.0,968.0,4.8245,58.94
27.137,warmup,4984.0,968.0,4.8245,58.94
27.237,warmup,4984.0,968.0,4.8245,58.84
27.337,warmup,4984.0,968.0,4.8245,58.88
27.438,warmup,4984.0,968.0,4.8245,58.81
27.538,warmup,4984.0,968.0,4.8245,58.78
27.638,warmup,4984.0,968.0,4.8245,58.72
27.738,warmup,4984.0,968.0,4.8245,58.75
27.838,warmup,4984.0,968.0,4.8245,58.88
27.938,warmup,4984.0,968.0,4.8245,58.91
28.038,warmup,4984.0,968.0,4.8245,58.94
28.139,warmup,4984.0,968.0,4.8245,58.81
28.239,warmup,4984.0,968.0,4.8245,58.88
28.339,warmup,4984.0,968.0,4.8245,58.84
28.439,warmup,4984.0,968.0,4.8245,58.72
28.539,warmup,4984.0,968.0,4.8245,58.84
28.639,warmup,4984.0,968.0,4.8245,58.69
28.739,warmup,4984.0,968.0,4.8245,58.94
28.840,warmup,4984.0,968.0,4.8245,58.94
28.940,warmup,4984.0,968.0,4.8245,58.88
29.040,warmup,4984.0,968.0,4.8245,58.84
29.140,warmup,4984.0,968.0,4.8245,58.81
29.240,warmup,4984.0,968.0,4.8245,58.75
29.340,warmup,4984.0,968.0,4.8245,58.78
29.440,warmup,4984.0,968.0,4.8245,58.72
29.540,warmup,4992.0,968.0,4.8323,58.75
29.641,warmup,4992.0,968.0,4.8323,58.91
29.741,warmup,4984.0,968.0,4.8245,58.91
29.841,warmup,4984.0,968.0,4.8245,58.94
29.941,warmup,4984.0,968.0,4.8245,58.78
30.041,warmup,4984.0,968.0,4.8245,58.81
30.141,warmup,4984.0,968.0,4.8245,58.75
30.241,warmup,4984.0,968.0,4.8245,58.78
30.342,warmup,4984.0,968.0,4.8245,58.81
30.442,warmup,4984.0,968.0,4.8245,58.78
30.542,warmup,4984.0,968.0,4.8245,58.94
30.642,warmup,4984.0,968.0,4.8245,58.91
30.742,warmup,4984.0,968.0,4.8245,58.97
30.842,warmup,4984.0,968.0,4.8245,58.84
30.942,warmup,4984.0,968.0,4.8245,58.84
31.043,warmup,4984.0,968.0,4.8245,58.84
31.143,warmup,4984.0,968.0,4.8245,58.81
31.243,warmup,4984.0,968.0,4.8245,58.81
31.343,warmup,4984.0,968.0,4.8245,58.81
31.443,warmup,4984.0,968.0,4.8245,58.94
31.543,warmup,4984.0,968.0,4.8245,59.00
31.643,warmup,4984.0,968.0,4.8245,58.94
31.743,warmup,4984.0,968.0,4.8245,58.88
31.844,warmup,4984.0,968.0,4.8245,58.91
31.944,warmup,4984.0,968.0,4.8245,58.81
32.044,warmup,4984.0,968.0,4.8245,58.84
32.144,warmup,4984.0,968.0,4.8245,58.78
32.244,warmup,4984.0,968.0,4.8245,58.78
32.344,warmup,4984.0,968.0,4.8245,58.97
32.445,warmup,4984.0,968.0,4.8245,58.94
32.545,warmup,4984.0,968.0,4.8245,58.91
32.645,warmup,4984.0,968.0,4.8245,58.84
32.745,warmup,4984.0,968.0,4.8245,58.94
32.845,warmup,4984.0,968.0,4.8245,58.88
32.945,warmup,4984.0,968.0,4.8245,58.84
33.045,warmup,4984.0,968.0,4.8245,58.88
33.145,warmup,4984.0,968.0,4.8245,58.84
33.246,warmup,4984.0,968.0,4.8245,59.00
33.346,warmup,4984.0,968.0,4.8245,58.94
33.446,warmup,4984.0,968.0,4.8245,58.94
33.546,warmup,4984.0,968.0,4.8245,58.81
33.646,warmup,4984.0,968.0,4.8245,58.88
33.746,warmup,4984.0,968.0,4.8245,58.81
33.846,warmup,4984.0,968.0,4.8245,58.84
33.947,warmup,4984.0,968.0,4.8245,58.84
34.047,warmup,4984.0,968.0,4.8245,58.78
34.147,warmup,4984.0,968.0,4.8245,59.03
34.247,warmup,4984.0,968.0,4.8245,58.94
34.347,warmup,4984.0,968.0,4.8245,58.97
34.447,warmup,4984.0,968.0,4.8245,58.88
34.547,warmup,4984.0,968.0,4.8245,58.88
34.647,warmup,4984.0,968.0,4.8245,58.81
34.748,warmup,4984.0,968.0,4.8245,58.84
34.848,warmup,4984.0,968.0,4.8245,58.81
34.948,warmup,4984.0,968.0,4.8245,58.81
35.048,warmup,4984.0,968.0,4.8245,59.09
35.148,warmup,4984.0,968.0,4.8245,59.03
35.248,warmup,4984.0,968.0,4.8245,59.00
35.348,warmup,4984.0,968.0,4.8245,58.91
35.449,warmup,4984.0,968.0,4.8245,58.91
35.549,warmup,4984.0,968.0,4.8245,58.88
35.649,warmup,4984.0,968.0,4.8245,58.94
35.749,warmup,4984.0,968.0,4.8245,58.88
35.849,warmup,4984.0,968.0,4.8245,58.88
35.949,warmup,4984.0,968.0,4.8245,58.84
36.049,warmup,4984.0,968.0,4.8245,59.09
36.150,warmup,4984.0,968.0,4.8245,58.94
36.250,warmup,4984.0,968.0,4.8245,58.84
36.350,warmup,4984.0,968.0,4.8245,58.94
36.450,warmup,4984.0,968.0,4.8245,58.88
36.550,warmup,4984.0,968.0,4.8245,58.91
36.650,warmup,4984.0,968.0,4.8245,58.84
36.750,warmup,4984.0,968.0,4.8245,58.84
36.851,warmup,4984.0,968.0,4.8245,58.75
36.951,warmup,4984.0,968.0,4.8245,59.00
37.051,warmup,4984.0,968.0,4.8245,59.00
37.151,warmup,4984.0,968.0,4.8245,58.94
37.251,warmup,4984.0,968.0,4.8245,58.91
37.351,warmup,4984.0,968.0,4.8245,58.91
37.451,warmup,4984.0,968.0,4.8245,58.81
37.552,warmup,4984.0,968.0,4.8245,58.84
37.652,warmup,4984.0,968.0,4.8245,58.88
37.752,warmup,4984.0,968.0,4.8245,58.88
37.852,warmup,4984.0,968.0,4.8245,59.03
37.952,warmup,4984.0,968.0,4.8245,59.03
38.052,warmup,4984.0,968.0,4.8245,58.97
38.152,warmup,4984.0,968.0,4.8245,58.94
38.252,warmup,4984.0,968.0,4.8245,58.91
38.353,warmup,4984.0,968.0,4.8245,58.81
38.453,warmup,4984.0,968.0,4.8245,58.78
38.553,warmup,4984.0,968.0,4.8245,58.84
38.653,warmup,4984.0,968.0,4.8245,58.81
38.753,warmup,4984.0,968.0,4.8245,59.09
38.853,warmup,4984.0,968.0,4.8245,58.94
38.953,warmup,4984.0,968.0,4.8245,58.94
39.054,warmup,4984.0,968.0,4.8245,58.97
39.154,warmup,4984.0,968.0,4.8245,58.88
39.254,warmup,4984.0,968.0,4.8245,58.88
39.354,warmup,4984.0,968.0,4.8245,58.81
39.454,warmup,4984.0,968.0,4.8245,58.88
39.554,warmup,4984.0,968.0,4.8245,58.84
39.654,warmup,4984.0,968.0,4.8245,58.78
39.754,warmup,4984.0,968.0,4.8245,59.06
39.855,warmup,4984.0,968.0,4.8245,58.94
39.955,warmup,4984.0,968.0,4.8245,58.94
40.055,warmup,4984.0,968.0,4.8245,58.88
40.155,warmup,4984.0,968.0,4.8245,58.88
40.255,warmup,4984.0,968.0,4.8245,58.84
40.355,warmup,4984.0,968.0,4.8245,58.91
40.455,warmup,4984.0,968.0,4.8245,58.84
40.556,warmup,4984.0,968.0,4.8245,58.81
40.656,warmup,4984.0,968.0,4.8245,59.03
40.756,warmup,4984.0,968.0,4.8245,58.94
40.856,warmup,4984.0,968.0,4.8245,58.94
40.956,warmup,4984.0,968.0,4.8245,58.91
41.056,warmup,4984.0,968.0,4.8245,58.88
41.156,warmup,4984.0,968.0,4.8245,58.84
41.256,warmup,4984.0,968.0,4.8245,58.88
41.357,warmup,4984.0,968.0,4.8245,58.91
41.457,warmup,4984.0,968.0,4.8245,58.81
41.557,warmup,4984.0,968.0,4.8245,58.97
41.657,warmup,4984.0,968.0,4.8245,58.97
41.757,warmup,4984.0,968.0,4.8245,58.94
41.857,warmup,4984.0,968.0,4.8245,58.94
41.957,warmup,4984.0,968.0,4.8245,58.91
42.057,warmup,4984.0,968.0,4.8245,58.94
42.158,warmup,4984.0,968.0,4.8245,58.94
42.258,warmup,4984.0,968.0,4.8245,58.81
42.358,warmup,4984.0,968.0,4.8245,58.88
42.458,warmup,4984.0,968.0,4.8245,58.97
42.558,warmup,4984.0,968.0,4.8245,58.97
42.658,warmup,4984.0,968.0,4.8245,58.94
42.758,warmup,4984.0,968.0,4.8245,58.91
42.858,warmup,4984.0,968.0,4.8245,58.91
42.959,warmup,4984.0,968.0,4.8245,58.88
43.059,warmup,4984.0,968.0,4.8245,58.88
43.159,warmup,4984.0,968.0,4.8245,58.94
43.259,warmup,4984.0,968.0,4.8245,59.00
43.359,warmup,4984.0,968.0,4.8245,59.00
43.459,warmup,4984.0,968.0,4.8245,59.03
43.559,warmup,4984.0,968.0,4.8245,58.94
43.659,warmup,4984.0,968.0,4.8245,58.94
43.760,warmup,4984.0,968.0,4.8245,58.94
43.860,warmup,4984.0,968.0,4.8245,58.91
43.960,warmup,4984.0,968.0,4.8245,58.91
44.060,warmup,4984.0,968.0,4.8245,58.84
44.160,warmup,4984.0,968.0,4.8245,59.09
44.260,warmup,4984.0,968.0,4.8245,59.06
44.360,warmup,4984.0,968.0,4.8245,59.00
44.460,warmup,4984.0,968.0,4.8245,58.91
44.561,warmup,4984.0,968.0,4.8245,58.94
44.661,warmup,4984.0,968.0,4.8245,58.94
44.761,warmup,4984.0,968.0,4.8245,58.91
44.861,warmup,4984.0,968.0,4.8245,58.94
44.961,warmup,4984.0,968.0,4.8245,58.94
45.061,warmup,4984.0,968.0,4.8245,58.88
45.161,warmup,4984.0,968.0,4.8245,59.06
45.262,warmup,4984.0,968.0,4.8245,59.03
45.362,warmup,4984.0,968.0,4.8245,58.97
45.462,warmup,4984.0,968.0,4.8245,58.97
45.562,warmup,4984.0,968.0,4.8245,58.91
45.662,warmup,4984.0,968.0,4.8245,58.94
45.762,warmup,4984.0,968.0,4.8245,58.91
45.862,warmup,4984.0,968.0,4.8245,58.91
45.962,warmup,4984.0,968.0,4.8245,59.09
46.063,warmup,4984.0,968.0,4.8245,59.06
46.163,warmup,4984.0,968.0,4.8245,59.06
46.263,warmup,4984.0,968.0,4.8245,58.91
46.363,warmup,4984.0,968.0,4.8245,59.00
46.463,warmup,4984.0,968.0,4.8245,58.97
46.563,warmup,4984.0,968.0,4.8245,58.91
46.663,warmup,4984.0,968.0,4.8245,58.84
46.763,warmup,4984.0,968.0,4.8245,58.94
46.864,warmup,4984.0,968.0,4.8245,58.88
46.964,warmup,4984.0,968.0,4.8245,59.09
47.064,warmup,4984.0,968.0,4.8245,59.00
47.164,warmup,4984.0,968.0,4.8245,59.00
47.264,warmup,4984.0,968.0,4.8245,58.94
47.364,warmup,4984.0,968.0,4.8245,58.94
47.464,warmup,4984.0,968.0,4.8245,58.88
47.564,warmup,4984.0,968.0,4.8245,58.88
47.665,warmup,4984.0,968.0,4.8245,58.88
47.765,warmup,4984.0,968.0,4.8245,59.16
47.865,warmup,4984.0,968.0,4.8245,59.06
47.965,warmup,4984.0,968.0,4.8245,59.06
48.065,warmup,4984.0,968.0,4.8245,59.00
48.165,warmup,4984.0,968.0,4.8245,58.94
48.265,warmup,4984.0,968.0,4.8245,58.91
48.366,warmup,4984.0,968.0,4.8245,58.91
48.466,warmup,4984.0,968.0,4.8245,58.91
48.566,warmup,4984.0,968.0,4.8245,58.94
48.666,warmup,4984.0,968.0,4.8245,58.91
48.766,warmup,4984.0,968.0,4.8245,59.12
48.866,warmup,4984.0,968.0,4.8245,59.09
48.966,warmup,4984.0,968.0,4.8245,59.03
49.067,warmup,4984.0,968.0,4.8245,59.03
49.167,warmup,4984.0,968.0,4.8245,59.03
49.267,warmup,4984.0,968.0,4.8245,58.94
49.367,warmup,4984.0,968.0,4.8245,58.94
49.467,warmup,4984.0,968.0,4.8245,58.91
49.567,warmup,4984.0,968.0,4.8245,58.94
49.667,warmup,4984.0,968.0,4.8245,59.16
49.767,warmup,4984.0,968.0,4.8245,59.09
49.868,warmup,4984.0,968.0,4.8245,59.06
49.968,warmup,4984.0,968.0,4.8245,58.94
50.068,warmup,4984.0,968.0,4.8245,58.97
50.168,warmup,4984.0,968.0,4.8245,58.94
50.268,warmup,4984.0,968.0,4.8245,58.91
50.368,warmup,4984.0,968.0,4.8245,58.94
50.468,warmup,4984.0,976.0,4.8644,58.88
50.569,warmup,4984.0,976.0,4.8644,58.91
50.669,warmup,4984.0,976.0,4.8644,59.19
50.769,warmup,4984.0,968.0,4.8245,58.97
50.869,warmup,4984.0,968.0,4.8245,59.03
50.969,warmup,4984.0,968.0,4.8245,58.94
51.069,warmup,4984.0,968.0,4.8245,58.91
51.169,warmup,4984.0,968.0,4.8245,58.94
51.270,warmup,4984.0,968.0,4.8245,58.91
51.370,warmup,4984.0,968.0,4.8245,58.91
51.470,warmup,4984.0,968.0,4.8245,58.91
51.570,warmup,4984.0,968.0,4.8245,59.12
51.670,warmup,4984.0,968.0,4.8245,59.16
51.770,warmup,4984.0,968.0,4.8245,58.97
51.870,warmup,4984.0,968.0,4.8245,59.03
51.971,warmup,4984.0,968.0,4.8245,58.94
52.071,warmup,4984.0,968.0,4.8245,58.91
52.171,warmup,4984.0,968.0,4.8245,58.88
52.271,warmup,4984.0,968.0,4.8245,58.94
52.371,warmup,4984.0,968.0,4.8245,58.81
52.471,warmup,4984.0,968.0,4.8245,59.19
52.571,warmup,4984.0,968.0,4.8245,59.00
52.672,warmup,4984.0,968.0,4.8245,59.06
52.772,warmup,4984.0,968.0,4.8245,58.94
52.872,warmup,4984.0,968.0,4.8245,59.00
52.972,warmup,4984.0,968.0,4.8245,58.94
53.072,warmup,4984.0,968.0,4.8245,58.91
53.172,warmup,4984.0,968.0,4.8245,58.81
53.272,warmup,4984.0,968.0,4.8245,58.91
53.373,warmup,4984.0,968.0,4.8245,59.00
53.473,warmup,4984.0,968.0,4.8245,59.00
53.573,warmup,4984.0,968.0,4.8245,59.03
53.673,warmup,4984.0,968.0,4.8245,59.03
53.773,warmup,4984.0,968.0,4.8245,58.91
53.873,warmup,4984.0,968.0,4.8245,58.97
53.973,warmup,4984.0,968.0,4.8245,58.94
54.074,warmup,4984.0,968.0,4.8245,58.91
54.174,warmup,4984.0,968.0,4.8245,58.88
54.274,warmup,4984.0,968.0,4.8245,59.12
54.374,warmup,4984.0,968.0,4.8245,59.06
54.474,warmup,4984.0,968.0,4.8245,59.16
54.574,warmup,4984.0,968.0,4.8245,58.94
54.674,warmup,4984.0,968.0,4.8245,59.00
54.775,warmup,4984.0,968.0,4.8245,58.94
54.875,warmup,4984.0,968.0,4.8245,58.97
54.975,warmup,4984.0,968.0,4.8245,58.94
55.075,warmup,4984.0,968.0,4.8245,58.91
55.175,warmup,4984.0,968.0,4.8245,59.16
55.275,warmup,4984.0,968.0,4.8245,59.09
55.375,warmup,4984.0,968.0,4.8245,59.06
55.476,warmup,4984.0,968.0,4.8245,59.00
55.576,warmup,4984.0,968.0,4.8245,58.97
55.676,warmup,4984.0,968.0,4.8245,58.97
55.776,warmup,4984.0,968.0,4.8245,58.94
55.876,warmup,4984.0,968.0,4.8245,58.94
55.976,warmup,4984.0,968.0,4.8245,58.94
56.076,warmup,4984.0,968.0,4.8245,59.09
56.177,warmup,4984.0,968.0,4.8245,59.06
56.277,warmup,4984.0,968.0,4.8245,59.03
56.377,warmup,4984.0,968.0,4.8245,58.94
56.477,warmup,4984.0,968.0,4.8245,59.03
56.577,warmup,4984.0,968.0,4.8245,58.97
56.677,warmup,4984.0,968.0,4.8245,58.94
56.777,warmup,4984.0,968.0,4.8245,58.94
56.878,warmup,4984.0,968.0,4.8245,58.91
56.978,warmup,4984.0,968.0,4.8245,58.97
57.078,warmup,4984.0,968.0,4.8245,59.09
57.178,warmup,4984.0,968.0,4.8245,59.12
57.278,warmup,4984.0,968.0,4.8245,59.03
57.378,warmup,4984.0,968.0,4.8245,58.97
57.478,warmup,4984.0,968.0,4.8245,58.94
57.579,warmup,4984.0,968.0,4.8245,58.94
57.679,warmup,4984.0,968.0,4.8245,58.94
57.779,warmup,4984.0,968.0,4.8245,58.97
57.879,warmup,4984.0,968.0,4.8245,59.09
57.979,warmup,4984.0,968.0,4.8245,59.09
58.079,warmup,4984.0,968.0,4.8245,59.09
58.179,warmup,4984.0,968.0,4.8245,59.03
58.279,warmup,4984.0,968.0,4.8245,59.00
58.380,warmup,4984.0,968.0,4.8245,59.00
58.480,warmup,4984.0,968.0,4.8245,58.94
58.580,warmup,4984.0,968.0,4.8245,58.94
58.680,warmup,4984.0,968.0,4.8245,58.97
58.780,warmup,4984.0,976.0,4.8644,59.19
58.880,warmup,4984.0,976.0,4.8644,59.09
58.980,warmup,4984.0,968.0,4.8245,59.06
59.081,warmup,4984.0,968.0,4.8245,58.94
59.181,warmup,4984.0,968.0,4.8245,59.03
59.281,warmup,4984.0,968.0,4.8245,58.97
59.381,warmup,4984.0,968.0,4.8245,59.03
59.481,warmup,4984.0,968.0,4.8245,58.94
59.581,warmup,4984.0,968.0,4.8245,58.97
59.681,warmup,4984.0,968.0,4.8245,59.16
59.782,warmup,4984.0,976.0,4.8644,59.09
59.882,warmup,4984.0,968.0,4.8245,59.12
59.982,warmup,4984.0,968.0,4.8245,59.09
60.082,warmup,4984.0,968.0,4.8245,59.03
60.182,warmup,4984.0,968.0,4.8245,58.97
60.282,warmup,4984.0,968.0,4.8245,58.94
60.382,measure,4984.0,968.0,4.8245,58.94
60.483,measure,4984.0,968.0,4.8245,59.00
60.583,measure,4984.0,968.0,4.8245,58.94
60.683,measure,4984.0,968.0,4.8245,59.25
60.783,measure,4984.0,976.0,4.8644,59.12
60.883,measure,4984.0,976.0,4.8644,59.19
60.983,measure,4984.0,976.0,4.8644,59.09
61.083,measure,4984.0,976.0,4.8644,59.03
61.183,measure,4984.0,976.0,4.8644,59.00
61.284,measure,4984.0,976.0,4.8644,59.03
61.384,measure,4984.0,976.0,4.8644,58.97
61.484,measure,4984.0,976.0,4.8644,58.94
61.584,measure,4984.0,976.0,4.8644,59.16
61.684,measure,4984.0,976.0,4.8644,59.16
61.784,measure,4984.0,976.0,4.8644,59.06
61.884,measure,4984.0,976.0,4.8644,59.00
61.985,measure,4984.0,976.0,4.8644,59.06
62.085,measure,4984.0,976.0,4.8644,59.06
62.185,measure,4984.0,976.0,4.8644,58.97
62.285,measure,4984.0,976.0,4.8644,58.94
62.385,measure,4984.0,976.0,4.8644,58.91
62.485,measure,4984.0,976.0,4.8644,59.22
62.585,measure,4984.0,976.0,4.8644,59.16
62.686,measure,4984.0,976.0,4.8644,58.97
62.786,measure,4984.0,976.0,4.8644,59.06
62.886,measure,4984.0,976.0,4.8644,59.09
62.987,measure,4984.0,976.0,4.8644,59.00
63.087,measure,4984.0,976.0,4.8644,59.06
63.187,measure,4984.0,976.0,4.8644,59.03
63.288,measure,4984.0,976.0,4.8644,59.00
63.388,measure,4984.0,976.0,4.8644,59.25
63.488,measure,4984.0,976.0,4.8644,59.22
63.588,measure,4984.0,976.0,4.8644,59.22
63.688,measure,4984.0,976.0,4.8644,59.09
63.788,measure,4984.0,976.0,4.8644,59.09
63.888,measure,4984.0,976.0,4.8644,58.94
63.989,measure,4984.0,976.0,4.8644,58.94
64.089,measure,4984.0,976.0,4.8644,59.00
64.189,measure,4984.0,976.0,4.8644,58.94
64.289,measure,4984.0,976.0,4.8644,58.97
64.389,measure,4984.0,976.0,4.8644,59.22
64.489,measure,4984.0,976.0,4.8644,59.09
64.589,measure,4984.0,976.0,4.8644,59.09
64.690,measure,4984.0,976.0,4.8644,59.19
64.790,measure,4984.0,976.0,4.8644,59.03
64.890,measure,4984.0,976.0,4.8644,59.00
64.990,measure,4984.0,976.0,4.8644,59.00
65.090,measure,4984.0,976.0,4.8644,59.00
65.190,measure,4984.0,976.0,4.8644,58.97
65.290,measure,4984.0,976.0,4.8644,59.22
65.391,measure,4984.0,976.0,4.8644,59.28
65.491,measure,4984.0,976.0,4.8644,59.12
65.591,measure,4984.0,976.0,4.8644,59.09
65.691,measure,4984.0,984.0,4.9043,59.03
65.791,measure,4984.0,984.0,4.9043,59.06
65.891,measure,4984.0,984.0,4.9043,59.09
65.991,measure,4984.0,984.0,4.9043,59.00
66.092,measure,4984.0,984.0,4.9043,59.00
66.192,measure,4984.0,984.0,4.9043,59.22
66.292,measure,4984.0,984.0,4.9043,59.25
66.392,measure,4984.0,984.0,4.9043,59.09
66.492,measure,4984.0,984.0,4.9043,59.12
66.592,measure,4984.0,984.0,4.9043,59.00
66.692,measure,4984.0,984.0,4.9043,58.97
66.793,measure,4984.0,984.0,4.9043,59.06
66.893,measure,4984.0,984.0,4.9043,58.97
66.993,measure,4984.0,984.0,4.9043,59.00
67.093,measure,4984.0,984.0,4.9043,59.03
67.193,measure,4984.0,984.0,4.9043,59.25
67.293,measure,4984.0,984.0,4.9043,59.12
67.393,measure,4984.0,976.0,4.8644,59.09
67.494,measure,4984.0,984.0,4.9043,59.06
67.594,measure,4984.0,976.0,4.8644,59.00
67.694,measure,4984.0,976.0,4.8644,59.06
67.794,measure,4984.0,976.0,4.8644,58.97
67.894,measure,4984.0,976.0,4.8644,59.06
67.994,measure,4984.0,984.0,4.9043,59.00
68.094,measure,4984.0,984.0,4.9043,59.28
68.194,measure,4984.0,984.0,4.9043,59.12
68.295,measure,4984.0,984.0,4.9043,59.12
68.395,measure,4984.0,984.0,4.9043,59.03
68.495,measure,4984.0,984.0,4.9043,59.03
68.595,measure,4984.0,984.0,4.9043,59.06
68.695,measure,4984.0,984.0,4.9043,59.06
68.795,measure,4984.0,984.0,4.9043,59.06
68.895,measure,4984.0,984.0,4.9043,59.00
68.996,measure,4984.0,984.0,4.9043,59.03
69.096,measure,4984.0,984.0,4.9043,59.12
69.196,measure,4984.0,984.0,4.9043,59.09
69.296,measure,4984.0,984.0,4.9043,59.16
69.396,measure,4984.0,984.0,4.9043,59.03
69.496,measure,4984.0,984.0,4.9043,59.09
69.596,measure,4984.0,976.0,4.8644,59.03
69.696,measure,4984.0,976.0,4.8644,59.03
69.797,measure,4984.0,984.0,4.9043,59.00
69.897,measure,4984.0,984.0,4.9043,59.06
69.997,measure,4984.0,984.0,4.9043,59.19
70.097,measure,4984.0,984.0,4.9043,59.12
70.197,measure,4984.0,984.0,4.9043,59.09
70.297,measure,4984.0,984.0,4.9043,59.06
70.397,measure,4984.0,984.0,4.9043,59.09
70.498,measure,4984.0,984.0,4.9043,59.12
70.598,measure,4984.0,984.0,4.9043,59.00
70.698,measure,4984.0,984.0,4.9043,59.00
70.798,measure,4984.0,984.0,4.9043,58.97
70.898,measure,4984.0,984.0,4.9043,59.31
70.998,measure,4984.0,984.0,4.9043,59.09
71.098,measure,4984.0,984.0,4.9043,59.09
71.198,measure,4984.0,984.0,4.9043,59.00
71.299,measure,4984.0,992.0,4.9441,59.03
71.399,measure,4984.0,992.0,4.9441,59.03
71.499,measure,4984.0,992.0,4.9441,59.00
71.599,measure,4984.0,992.0,4.9441,58.97
71.699,measure,4984.0,1000.0,4.9840,59.00
71.799,measure,4984.0,1040.0,5.1834,59.16
71.899,measure,4984.0,1072.0,5.3428,59.22
72.000,measure,4976.0,1104.0,5.4935,59.09
72.100,measure,4976.0,1120.0,5.5731,59.12
72.200,measure,4976.0,1136.0,5.6527,59.06
72.300,measure,4976.0,1160.0,5.7722,59.06
72.400,measure,4976.0,1176.0,5.8518,59.06
72.500,measure,4976.0,1184.0,5.8916,59.12
72.600,measure,4976.0,1176.0,5.8518,59.09
72.701,measure,4976.0,1136.0,5.6527,59.34
72.801,measure,4976.0,1104.0,5.4935,59.25
72.901,measure,4984.0,1080.0,5.3827,59.12
73.001,measure,4984.0,1056.0,5.2631,59.16
73.101,measure,4984.0,1040.0,5.1834,59.03
73.201,measure,4984.0,1024.0,5.1036,59.12
73.301,measure,4984.0,1016.0,5.0637,59.09
73.401,measure,4984.0,1008.0,5.0239,59.09
73.502,measure,4984.0,1000.0,4.9840,59.28
73.602,measure,4984.0,992.0,4.9441,59.31
73.702,measure,4984.0,992.0,4.9441,59.19
73.802,measure,4984.0,984.0,4.9043,59.19
73.902,measure,4984.0,984.0,4.9043,59.19
74.002,measure,4984.0,984.0,4.9043,59.09
74.102,measure,4984.0,984.0,4.9043,59.09
74.202,measure,4984.0,984.0,4.9043,59.16
74.303,measure,4984.0,984.0,4.9043,59.09
74.403,measure,4984.0,984.0,4.9043,59.28
74.503,measure,4984.0,976.0,4.8644,59.34
74.603,measure,4984.0,976.0,4.8644,59.12
74.703,measure,4984.0,976.0,4.8644,59.12
74.803,measure,4984.0,976.0,4.8644,59.12
74.903,measure,4984.0,976.0,4.8644,59.09
75.003,measure,4984.0,976.0,4.8644,59.09
75.104,measure,4984.0,976.0,4.8644,59.03
75.204,measure,4984.0,976.0,4.8644,59.09
75.304,measure,4984.0,976.0,4.8644,59.31
75.404,measure,4984.0,976.0,4.8644,59.22
75.504,measure,4984.0,976.0,4.8644,59.16
75.604,measure,4984.0,976.0,4.8644,59.12
75.704,measure,4984.0,976.0,4.8644,59.16
75.804,measure,4984.0,976.0,4.8644,59.09
75.905,measure,4984.0,976.0,4.8644,59.09
76.005,measure,4984.0,976.0,4.8644,58.97
76.105,measure,4984.0,976.0,4.8644,59.09
76.205,measure,4984.0,976.0,4.8644,59.34
76.305,measure,4984.0,976.0,4.8644,59.38
76.405,measure,4984.0,976.0,4.8644,59.22
76.505,measure,4984.0,976.0,4.8644,59.22
76.605,measure,4984.0,976.0,4.8644,59.12
76.706,measure,4984.0,976.0,4.8644,59.06
76.806,measure,4984.0,976.0,4.8644,59.09
76.906,measure,4984.0,976.0,4.8644,59.06
77.006,measure,4984.0,976.0,4.8644,59.00
77.106,measure,4984.0,976.0,4.8644,59.31
77.206,measure,4984.0,976.0,4.8644,59.28
77.306,measure,4984.0,976.0,4.8644,59.31
77.407,measure,4984.0,976.0,4.8644,59.19
77.507,measure,4984.0,976.0,4.8644,59.16
77.607,measure,4984.0,976.0,4.8644,59.09
77.707,measure,4984.0,976.0,4.8644,59.12
77.807,measure,4984.0,976.0,4.8644,59.03
77.907,measure,4984.0,976.0,4.8644,59.09
78.007,measure,4984.0,976.0,4.8644,59.06
78.107,measure,4984.0,976.0,4.8644,59.38
78.208,measure,4984.0,976.0,4.8644,59.22
78.308,measure,4984.0,976.0,4.8644,59.31
78.408,measure,4984.0,976.0,4.8644,59.16
78.508,measure,4984.0,976.0,4.8644,59.19
78.608,measure,4984.0,976.0,4.8644,59.09
78.708,measure,4984.0,976.0,4.8644,59.09
78.808,measure,4984.0,976.0,4.8644,59.09
78.908,measure,4984.0,976.0,4.8644,59.00
79.009,measure,4984.0,976.0,4.8644,59.31
79.109,measure,4984.0,976.0,4.8644,59.19
79.209,measure,4984.0,984.0,4.9043,59.28
79.309,measure,4984.0,984.0,4.9043,59.09
79.409,measure,4984.0,984.0,4.9043,59.03
79.509,measure,4984.0,976.0,4.8644,59.22
79.609,measure,4984.0,976.0,4.8644,59.12
79.709,measure,4984.0,976.0,4.8644,59.12
79.810,measure,4984.0,976.0,4.8644,59.06
79.910,measure,4984.0,976.0,4.8644,59.38
80.010,measure,4984.0,976.0,4.8644,59.19
80.110,measure,4984.0,976.0,4.8644,59.22
80.210,measure,4984.0,984.0,4.9043,59.19
80.310,measure,4984.0,976.0,4.8644,59.06
80.410,measure,4984.0,984.0,4.9043,59.06
80.510,measure,4984.0,976.0,4.8644,59.12
80.611,measure,4984.0,984.0,4.9043,59.09
80.711,measure,4984.0,976.0,4.8644,59.06
80.811,measure,4984.0,976.0,4.8644,59.28
80.911,measure,4984.0,976.0,4.8644,59.19
81.011,measure,4984.0,976.0,4.8644,59.25
81.111,measure,4984.0,976.0,4.8644,59.19
81.211,measure,4984.0,976.0,4.8644,59.19
81.311,measure,4984.0,976.0,4.8644,59.09
81.412,measure,4984.0,976.0,4.8644,59.09
81.512,measure,4984.0,976.0,4.8644,59.06
81.612,measure,4984.0,976.0,4.8644,59.16
81.712,measure,4984.0,976.0,4.8644,59.00
81.812,measure,4984.0,976.0,4.8644,59.22
81.912,measure,4984.0,976.0,4.8644,59.25
82.012,measure,4984.0,976.0,4.8644,59.16
82.113,measure,4984.0,976.0,4.8644,59.16
82.213,measure,4984.0,976.0,4.8644,59.12
82.313,measure,4984.0,976.0,4.8644,58.97
82.413,measure,4984.0,984.0,4.9043,59.12
82.513,measure,4984.0,984.0,4.9043,59.06
82.613,measure,4984.0,984.0,4.9043,59.09
82.713,measure,4984.0,976.0,4.8644,59.25
82.813,measure,4984.0,976.0,4.8644,59.19
82.914,measure,4984.0,976.0,4.8644,59.22
83.014,measure,4984.0,976.0,4.8644,59.12
83.114,measure,4984.0,976.0,4.8644,59.06
83.214,measure,4984.0,976.0,4.8644,59.06
83.314,measure,4984.0,976.0,4.8644,59.06
83.414,measure,4984.0,976.0,4.8644,59.09
83.514,measure,4984.0,976.0,4.8644,59.38
83.615,measure,4984.0,976.0,4.8644,59.25
83.715,measure,4984.0,976.0,4.8644,59.25
83.815,measure,4984.0,976.0,4.8644,59.19
83.915,measure,4984.0,976.0,4.8644,59.16
84.015,measure,4984.0,976.0,4.8644,59.12
84.115,measure,4984.0,976.0,4.8644,59.09
84.215,measure,4984.0,976.0,4.8644,59.09
84.315,measure,4984.0,984.0,4.9043,59.06
84.416,measure,4984.0,984.0,4.9043,59.34
84.516,measure,4984.0,976.0,4.8644,59.31
84.616,measure,4984.0,984.0,4.9043,59.28
84.716,measure,4984.0,976.0,4.8644,59.22
84.816,measure,4984.0,976.0,4.8644,59.06
84.916,measure,4984.0,976.0,4.8644,59.16
85.016,measure,4984.0,976.0,4.8644,59.12
85.117,measure,4984.0,976.0,4.8644,59.09
85.217,measure,4984.0,976.0,4.8644,59.06
85.317,measure,4984.0,976.0,4.8644,59.22
85.417,measure,4984.0,984.0,4.9043,59.25
85.517,measure,4984.0,976.0,4.8644,59.22
85.617,measure,4984.0,984.0,4.9043,59.12
85.717,measure,4984.0,976.0,4.8644,59.19
85.817,measure,4984.0,976.0,4.8644,59.19
85.918,measure,4984.0,976.0,4.8644,59.16
86.018,measure,4984.0,976.0,4.8644,59.19
86.118,measure,4984.0,976.0,4.8644,59.12
86.218,measure,4984.0,976.0,4.8644,59.09
86.318,measure,4984.0,976.0,4.8644,59.28
86.418,measure,4984.0,984.0,4.9043,59.28
86.518,measure,4984.0,976.0,4.8644,59.16
86.618,measure,4984.0,984.0,4.9043,59.19
86.719,measure,4984.0,976.0,4.8644,59.12
86.819,measure,4984.0,984.0,4.9043,59.12
86.919,measure,4984.0,984.0,4.9043,59.12
87.019,measure,4984.0,984.0,4.9043,59.09
87.119,measure,4984.0,976.0,4.8644,59.28
87.219,measure,4984.0,984.0,4.9043,59.22
87.319,measure,4984.0,976.0,4.8644,59.28
87.420,measure,4984.0,984.0,4.9043,59.19
87.520,measure,4984.0,984.0,4.9043,59.22
87.621,measure,4984.0,984.0,4.9043,59.12
87.721,measure,4984.0,984.0,4.9043,59.12
87.821,measure,4984.0,984.0,4.9043,59.12
87.921,measure,4984.0,976.0,4.8644,59.00
88.021,measure,4984.0,976.0,4.8644,59.12
88.121,measure,4984.0,976.0,4.8644,59.31
88.221,measure,4984.0,976.0,4.8644,59.28
88.321,measure,4984.0,976.0,4.8644,59.12
88.422,measure,4984.0,984.0,4.9043,59.16
88.522,measure,4984.0,984.0,4.9043,59.19
88.622,measure,4984.0,984.0,4.9043,59.09
88.722,measure,4984.0,984.0,4.9043,59.16
88.822,measure,4984.0,984.0,4.9043,59.09
88.922,measure,4984.0,976.0,4.8644,59.31
89.022,measure,4984.0,976.0,4.8644,59.31
89.123,measure,4984.0,976.0,4.8644,59.28
89.223,measure,4984.0,976.0,4.8644,59.22
89.323,measure,4984.0,976.0,4.8644,59.16
89.423,measure,4984.0,976.0,4.8644,59.19
89.523,measure,4984.0,976.0,4.8644,59.19
89.623,measure,4984.0,976.0,4.8644,59.12
89.723,measure,4984.0,976.0,4.8644,59.06
89.823,measure,4984.0,976.0,4.8644,59.12
89.924,measure,4984.0,976.0,4.8644,59.25
90.024,measure,4984.0,976.0,4.8644,59.31
90.124,measure,4984.0,976.0,4.8644,59.12
90.224,measure,4984.0,976.0,4.8644,59.16
90.324,measure,4984.0,976.0,4.8644,59.16
90.424,measure,4984.0,976.0,4.8644,59.16
90.524,measure,4984.0,976.0,4.8644,59.12
90.625,measure,4984.0,976.0,4.8644,59.06
90.725,measure,4984.0,976.0,4.8644,59.12
90.825,measure,4984.0,976.0,4.8644,59.34
90.925,measure,4984.0,976.0,4.8644,59.31
91.025,measure,4984.0,984.0,4.9043,59.19
91.125,measure,4984.0,984.0,4.9043,59.19
91.225,measure,4984.0,976.0,4.8644,59.12
91.325,measure,4984.0,984.0,4.9043,59.12
91.426,measure,4984.0,976.0,4.8644,59.16
91.526,measure,4984.0,984.0,4.9043,59.16
91.626,measure,4984.0,984.0,4.9043,59.09
91.726,measure,4984.0,984.0,4.9043,59.38
91.826,measure,4984.0,984.0,4.9043,59.38
91.926,measure,4984.0,984.0,4.9043,59.31
92.026,measure,4984.0,984.0,4.9043,59.19
92.127,measure,4984.0,984.0,4.9043,59.16
92.227,measure,4984.0,984.0,4.9043,59.16
92.327,measure,4984.0,984.0,4.9043,59.06
92.427,measure,4984.0,984.0,4.9043,59.12
92.527,measure,4984.0,984.0,4.9043,59.09
92.627,measure,4984.0,984.0,4.9043,59.06
92.727,measure,4984.0,984.0,4.9043,59.34
92.827,measure,4984.0,984.0,4.9043,59.25
92.928,measure,4984.0,984.0,4.9043,59.22
93.028,measure,4984.0,984.0,4.9043,59.16
93.128,measure,4984.0,984.0,4.9043,59.16
93.228,measure,4984.0,984.0,4.9043,59.12
93.328,measure,4984.0,984.0,4.9043,59.06
93.428,measure,4984.0,984.0,4.9043,59.09
93.528,measure,4984.0,984.0,4.9043,59.09
93.628,measure,4984.0,984.0,4.9043,59.31
93.729,measure,4984.0,984.0,4.9043,59.25
93.829,measure,4984.0,984.0,4.9043,59.25
93.929,measure,4984.0,984.0,4.9043,59.16
94.029,measure,4984.0,984.0,4.9043,59.16
94.129,measure,4984.0,984.0,4.9043,59.12
94.229,measure,4984.0,984.0,4.9043,59.16
94.329,measure,4984.0,984.0,4.9043,59.06
94.430,measure,4984.0,976.0,4.8644,59.09
94.530,measure,4984.0,984.0,4.9043,59.25
94.630,measure,4984.0,984.0,4.9043,59.22
94.730,measure,4984.0,984.0,4.9043,59.28
94.830,measure,4984.0,984.0,4.9043,59.19
94.930,measure,4984.0,984.0,4.9043,59.19
95.030,measure,4984.0,984.0,4.9043,59.09
95.130,measure,4984.0,976.0,4.8644,59.12
95.231,measure,4984.0,976.0,4.8644,59.12
95.331,measure,4984.0,976.0,4.8644,59.12
95.431,measure,4984.0,976.0,4.8644,59.28
95.531,measure,4984.0,984.0,4.9043,59.25
95.631,measure,4984.0,984.0,4.9043,59.25
95.731,measure,4984.0,984.0,4.9043,59.16
95.831,measure,4984.0,984.0,4.9043,59.16
95.931,measure,4984.0,984.0,4.9043,59.12
96.032,measure,4984.0,984.0,4.9043,59.09
96.132,measure,4984.0,984.0,4.9043,59.12
96.232,measure,4984.0,984.0,4.9043,59.16
96.332,measure,4984.0,984.0,4.9043,59.31
96.432,measure,4984.0,984.0,4.9043,59.28
96.532,measure,4984.0,984.0,4.9043,59.19
96.632,measure,4984.0,984.0,4.9043,59.12
96.733,measure,4984.0,984.0,4.9043,59.16
96.833,measure,4984.0,984.0,4.9043,59.12
96.933,measure,4984.0,984.0,4.9043,59.12
97.033,measure,4984.0,984.0,4.9043,59.09
97.133,measure,4984.0,984.0,4.9043,59.06
97.233,measure,4984.0,984.0,4.9043,59.28
97.333,measure,4984.0,984.0,4.9043,59.28
97.433,measure,4984.0,984.0,4.9043,59.22
97.534,measure,4984.0,984.0,4.9043,59.16
97.634,measure,4984.0,984.0,4.9043,59.12
97.734,measure,4984.0,984.0,4.9043,59.06
97.834,measure,4984.0,984.0,4.9043,59.16
97.934,measure,4984.0,984.0,4.9043,59.12
98.034,measure,4984.0,984.0,4.9043,59.16
98.134,measure,4984.0,984.0,4.9043,59.31
98.235,measure,4984.0,984.0,4.9043,59.28
98.335,measure,4984.0,984.0,4.9043,59.16
98.435,measure,4984.0,984.0,4.9043,59.22
98.535,measure,4984.0,984.0,4.9043,59.16
98.635,measure,4984.0,984.0,4.9043,59.16
98.735,measure,4984.0,984.0,4.9043,59.12
98.835,measure,4984.0,984.0,4.9043,59.09
98.935,measure,4984.0,984.0,4.9043,59.03
99.036,measure,4984.0,984.0,4.9043,59.31
99.136,measure,4984.0,984.0,4.9043,59.28
99.236,measure,4984.0,976.0,4.8644,59.22
99.336,measure,4984.0,976.0,4.8644,59.16
99.436,measure,4984.0,976.0,4.8644,59.22
99.536,measure,4984.0,976.0,4.8644,59.12
99.636,measure,4984.0,976.0,4.8644,59.16
99.737,measure,4984.0,984.0,4.9043,59.12
99.837,measure,4984.0,976.0,4.8644,59.16
99.937,measure,4984.0,976.0,4.8644,59.31
100.037,measure,4984.0,976.0,4.8644,59.25
100.137,measure,4984.0,976.0,4.8644,59.28
100.237,measure,4984.0,976.0,4.8644,59.28
100.337,measure,4984.0,976.0,4.8644,59.22
100.437,measure,4984.0,976.0,4.8644,59.19
100.538,measure,4984.0,976.0,4.8644,59.16
100.638,measure,4984.0,976.0,4.8644,59.06
100.738,measure,4984.0,976.0,4.8644,59.12
100.838,measure,4984.0,976.0,4.8644,59.34
100.938,measure,4984.0,976.0,4.8644,59.25
101.038,measure,4984.0,976.0,4.8644,59.25
101.138,measure,4984.0,976.0,4.8644,59.16
101.238,measure,4984.0,976.0,4.8644,59.19
101.339,measure,4984.0,976.0,4.8644,59.16
101.439,measure,4984.0,976.0,4.8644,59.16
101.539,measure,4984.0,976.0,4.8644,59.09
101.639,measure,4984.0,976.0,4.8644,59.09
101.739,measure,4984.0,976.0,4.8644,59.38
101.839,measure,4984.0,976.0,4.8644,59.28
101.939,measure,4984.0,976.0,4.8644,59.31
102.040,measure,4984.0,976.0,4.8644,59.25
102.140,measure,4984.0,976.0,4.8644,59.22
102.240,measure,4984.0,976.0,4.8644,59.19
102.340,measure,4984.0,976.0,4.8644,59.19
102.440,measure,4984.0,976.0,4.8644,59.09
102.540,measure,4984.0,976.0,4.8644,59.12
102.640,measure,4984.0,976.0,4.8644,59.38
102.741,measure,4984.0,976.0,4.8644,59.34
102.841,measure,4984.0,976.0,4.8644,59.19
102.941,measure,4984.0,976.0,4.8644,59.25
103.041,measure,4984.0,976.0,4.8644,59.28
103.141,measure,4984.0,976.0,4.8644,59.16
103.241,measure,4984.0,976.0,4.8644,59.12
103.341,measure,4984.0,976.0,4.8644,59.12
103.441,measure,4984.0,976.0,4.8644,59.09
103.542,measure,4984.0,976.0,4.8644,59.12
103.642,measure,4984.0,976.0,4.8644,59.38
103.742,measure,4984.0,976.0,4.8644,59.28
103.842,measure,4984.0,976.0,4.8644,59.28
103.942,measure,4984.0,976.0,4.8644,59.19
104.042,measure,4984.0,976.0,4.8644,59.19
104.142,measure,4984.0,976.0,4.8644,59.16
104.242,measure,4984.0,976.0,4.8644,59.06
104.343,measure,4984.0,976.0,4.8644,59.16
104.443,measure,4984.0,976.0,4.8644,59.16
104.543,measure,4984.0,976.0,4.8644,59.41
104.643,measure,4984.0,976.0,4.8644,59.31
104.743,measure,4984.0,976.0,4.8644,59.25
104.843,measure,4984.0,976.0,4.8644,59.28
104.943,measure,4984.0,976.0,4.8644,59.22
105.043,measure,4984.0,976.0,4.8644,59.12
105.144,measure,4984.0,976.0,4.8644,59.16
105.244,measure,4984.0,976.0,4.8644,59.16
105.344,measure,4984.0,976.0,4.8644,59.09
105.444,measure,4984.0,976.0,4.8644,59.41
105.544,measure,4984.0,976.0,4.8644,59.34
105.644,measure,4984.0,976.0,4.8644,59.22
105.744,measure,4984.0,976.0,4.8644,59.19
105.844,measure,4984.0,976.0,4.8644,59.25
105.945,measure,4984.0,976.0,4.8644,59.19
106.045,measure,4984.0,976.0,4.8644,59.03
106.145,measure,4984.0,976.0,4.8644,59.12
106.245,measure,4984.0,976.0,4.8644,59.09
106.345,measure,4984.0,976.0,4.8644,59.22
106.445,measure,4984.0,976.0,4.8644,59.28
106.545,measure,4984.0,976.0,4.8644,59.19
106.646,measure,4984.0,976.0,4.8644,59.22
106.746,measure,4984.0,976.0,4.8644,59.19
106.846,measure,4984.0,976.0,4.8644,59.09
106.946,measure,4984.0,976.0,4.8644,59.12
107.046,measure,4984.0,976.0,4.8644,59.12
107.146,measure,4984.0,976.0,4.8644,59.12
107.246,measure,4984.0,976.0,4.8644,59.25
107.346,measure,4984.0,976.0,4.8644,59.31
107.447,measure,4984.0,976.0,4.8644,59.25
107.547,measure,4984.0,976.0,4.8644,59.19
107.647,measure,4984.0,976.0,4.8644,59.16
107.747,measure,4984.0,976.0,4.8644,59.16
107.847,measure,4984.0,976.0,4.8644,59.16
107.947,measure,4984.0,976.0,4.8644,59.03
108.047,measure,4984.0,976.0,4.8644,59.12
108.147,measure,4984.0,976.0,4.8644,59.19
108.248,measure,4984.0,976.0,4.8644,59.38
108.348,measure,4984.0,976.0,4.8644,59.25
108.448,measure,4984.0,976.0,4.8644,59.19
108.548,measure,4984.0,976.0,4.8644,59.22
108.648,measure,4984.0,976.0,4.8644,59.19
108.748,measure,4984.0,976.0,4.8644,59.16
108.848,measure,4984.0,976.0,4.8644,59.16
108.949,measure,4984.0,976.0,4.8644,59.16
109.049,measure,4984.0,976.0,4.8644,59.12
109.149,measure,4984.0,976.0,4.8644,59.41
109.249,measure,4984.0,976.0,4.8644,59.28
109.349,measure,4984.0,976.0,4.8644,59.22
109.449,measure,4984.0,976.0,4.8644,59.19
109.549,measure,4984.0,976.0,4.8644,59.25
109.649,measure,4984.0,976.0,4.8644,59.16
109.750,measure,4984.0,976.0,4.8644,59.12
109.850,measure,4984.0,976.0,4.8644,59.12
109.950,measure,4984.0,976.0,4.8644,59.28
110.050,measure,4984.0,976.0,4.8644,59.28
110.150,measure,4984.0,976.0,4.8644,59.38
110.250,measure,4984.0,976.0,4.8644,59.19
110.350,measure,4984.0,976.0,4.8644,59.25
110.450,measure,4984.0,984.0,4.9043,59.16
110.551,measure,4984.0,984.0,4.9043,59.16
110.651,measure,4984.0,984.0,4.9043,59.22
110.751,measure,4984.0,984.0,4.9043,59.09
110.851,measure,4984.0,976.0,4.8644,59.41
110.951,measure,4984.0,984.0,4.9043,59.03
111.051,measure,4984.0,976.0,4.8644,59.28
111.151,measure,4984.0,976.0,4.8644,59.31
111.252,measure,4984.0,976.0,4.8644,59.25
111.352,measure,4984.0,976.0,4.8644,59.16
111.452,measure,4984.0,976.0,4.8644,59.12
111.552,measure,4984.0,976.0,4.8644,59.19
111.652,measure,4984.0,976.0,4.8644,59.09
111.752,measure,4984.0,976.0,4.8644,59.16
111.852,measure,4984.0,976.0,4.8644,59.34
111.952,measure,4984.0,984.0,4.9043,59.28
112.053,measure,4984.0,976.0,4.8644,59.25
112.153,measure,4984.0,976.0,4.8644,59.19
112.253,measure,4984.0,976.0,4.8644,59.19
112.353,measure,4984.0,976.0,4.8644,59.19
112.454,measure,4984.0,976.0,4.8644,59.16
112.554,measure,4984.0,976.0,4.8644,59.16
112.654,measure,4984.0,976.0,4.8644,59.16
112.754,measure,4984.0,976.0,4.8644,59.38
112.854,measure,4984.0,976.0,4.8644,59.34
112.954,measure,4984.0,976.0,4.8644,59.22
113.054,measure,4984.0,976.0,4.8644,59.25
113.155,measure,4984.0,976.0,4.8644,59.16
113.255,measure,4984.0,976.0,4.8644,59.22
113.355,measure,4984.0,976.0,4.8644,59.16
113.455,measure,4984.0,976.0,4.8644,59.25
113.555,measure,4984.0,976.0,4.8644,59.34
113.655,measure,4984.0,976.0,4.8644,59.31
113.755,measure,4984.0,976.0,4.8644,59.34
113.855,measure,4984.0,976.0,4.8644,59.25
113.956,measure,4984.0,976.0,4.8644,59.22
114.056,measure,4984.0,976.0,4.8644,59.25
114.156,measure,4984.0,976.0,4.8644,59.12
114.256,measure,4984.0,976.0,4.8644,59.09
114.356,measure,4984.0,976.0,4.8644,59.09
114.456,measure,4984.0,976.0,4.8644,59.41
114.556,measure,4984.0,976.0,4.8644,59.38
114.657,measure,4984.0,976.0,4.8644,59.38
114.757,measure,4984.0,976.0,4.8644,59.25
114.857,measure,4984.0,976.0,4.8644,59.22
114.957,measure,4984.0,976.0,4.8644,59.25
115.057,measure,4984.0,976.0,4.8644,59.22
115.157,measure,4984.0,976.0,4.8644,59.16
115.257,measure,4984.0,976.0,4.8644,59.16
115.357,measure,4984.0,976.0,4.8644,59.22
115.458,measure,4984.0,976.0,4.8644,59.38
115.558,measure,4984.0,976.0,4.8644,59.38
115.658,measure,4984.0,976.0,4.8644,59.25
115.758,measure,4984.0,976.0,4.8644,59.28
115.858,measure,4984.0,976.0,4.8644,59.19
115.958,measure,4984.0,976.0,4.8644,59.25
116.058,measure,4984.0,976.0,4.8644,59.16
116.159,measure,4984.0,984.0,4.9043,59.12
116.259,measure,4984.0,976.0,4.8644,59.22
116.359,measure,4984.0,976.0,4.8644,59.38
116.459,measure,4984.0,984.0,4.9043,59.38
116.559,measure,4984.0,984.0,4.9043,59.25
116.659,measure,4984.0,984.0,4.9043,59.28
116.759,measure,4984.0,984.0,4.9043,59.19
116.859,measure,4984.0,984.0,4.9043,59.06
116.960,measure,4984.0,984.0,4.9043,59.09
117.060,measure,4984.0,984.0,4.9043,59.12
117.160,measure,4984.0,984.0,4.9043,59.12
117.260,measure,4984.0,984.0,4.9043,59.06
117.360,measure,4984.0,984.0,4.9043,59.22
117.460,measure,4984.0,984.0,4.9043,59.25
117.560,measure,4984.0,984.0,4.9043,59.28
117.660,measure,4984.0,976.0,4.8644,59.16
117.761,measure,4984.0,976.0,4.8644,59.22
117.861,measure,4984.0,976.0,4.8644,59.09
117.961,measure,4984.0,976.0,4.8644,59.22
118.061,measure,4984.0,976.0,4.8644,59.19
118.161,measure,4984.0,976.0,4.8644,59.09
118.261,measure,4984.0,976.0,4.8644,59.38
118.361,measure,4984.0,976.0,4.8644,59.34
118.462,measure,4984.0,976.0,4.8644,59.28
118.562,measure,4984.0,976.0,4.8644,59.22
118.662,measure,4984.0,976.0,4.8644,59.22
118.762,measure,4984.0,976.0,4.8644,59.22
118.862,measure,4984.0,976.0,4.8644,59.09
118.962,measure,4984.0,976.0,4.8644,59.09
119.062,measure,4984.0,976.0,4.8644,59.22
119.162,measure,4984.0,976.0,4.8644,59.28
119.263,measure,4984.0,976.0,4.8644,59.31
119.363,measure,4984.0,976.0,4.8644,59.25
119.463,measure,4984.0,976.0,4.8644,59.28
119.563,measure,4984.0,976.0,4.8644,59.22
119.663,measure,4984.0,976.0,4.8644,59.09
119.763,measure,4984.0,976.0,4.8644,59.28
119.863,measure,4984.0,976.0,4.8644,59.16
119.963,measure,4984.0,976.0,4.8644,59.09
120.064,measure,4984.0,976.0,4.8644,59.31
120.164,measure,4984.0,976.0,4.8644,59.28
120.264,measure,4984.0,976.0,4.8644,59.28
120.364,measure,4984.0,976.0,4.8644,59.12
120.464,measure,4984.0,976.0,4.8644,59.16
120.564,measure,4984.0,976.0,4.8644,59.16
120.664,measure,4984.0,976.0,4.8644,59.22
120.764,measure,4984.0,976.0,4.8644,59.12
120.865,measure,4984.0,976.0,4.8644,59.06
120.965,measure,4984.0,976.0,4.8644,59.34
121.065,measure,4984.0,976.0,4.8644,59.28
121.165,measure,4984.0,976.0,4.8644,59.28
121.265,measure,4984.0,976.0,4.8644,59.19
121.365,measure,4984.0,976.0,4.8644,59.22
121.465,measure,4984.0,976.0,4.8644,59.16
121.566,measure,4984.0,976.0,4.8644,59.12
121.666,measure,4984.0,976.0,4.8644,59.12
121.766,measure,4984.0,976.0,4.8644,59.09
121.866,measure,4984.0,976.0,4.8644,59.31
121.966,measure,4984.0,976.0,4.8644,59.28
122.066,measure,4984.0,976.0,4.8644,59.25
122.166,measure,4984.0,976.0,4.8644,59.16
122.266,measure,4984.0,976.0,4.8644,59.25
122.367,measure,4984.0,976.0,4.8644,59.16
122.467,measure,4984.0,976.0,4.8644,59.16
122.567,measure,4984.0,976.0,4.8644,59.12
122.667,measure,4984.0,976.0,4.8644,59.12
122.767,measure,4984.0,976.0,4.8644,59.31
122.867,measure,4984.0,976.0,4.8644,59.31
122.967,measure,4984.0,976.0,4.8644,59.19
123.068,measure,4984.0,976.0,4.8644,59.25
123.168,measure,4984.0,976.0,4.8644,59.19
123.268,measure,4984.0,976.0,4.8644,59.16
123.368,measure,4984.0,976.0,4.8644,59.28
123.468,measure,4984.0,976.0,4.8644,59.12
123.568,measure,4984.0,976.0,4.8644,59.12
123.668,measure,4984.0,976.0,4.8644,59.38
123.768,measure,4984.0,976.0,4.8644,59.34
123.869,measure,4984.0,976.0,4.8644,59.19
123.969,measure,4984.0,976.0,4.8644,59.28
124.069,measure,4984.0,976.0,4.8644,59.16
124.169,measure,4984.0,976.0,4.8644,59.12
124.269,measure,4984.0,976.0,4.8644,59.16
124.369,measure,4984.0,976.0,4.8644,59.12
124.469,measure,4984.0,976.0,4.8644,59.12
124.570,measure,4984.0,976.0,4.8644,59.28
124.670,measure,4984.0,976.0,4.8644,59.34
124.770,measure,4984.0,976.0,4.8644,59.34
124.870,measure,4984.0,976.0,4.8644,59.25
124.970,measure,4984.0,976.0,4.8644,59.25
125.070,measure,4984.0,976.0,4.8644,59.19
125.170,measure,4984.0,976.0,4.8644,59.19
125.270,measure,4984.0,976.0,4.8644,59.16
125.371,measure,4984.0,976.0,4.8644,59.06
125.471,measure,4984.0,976.0,4.8644,59.34
125.571,measure,4984.0,976.0,4.8644,59.34
125.671,measure,4984.0,976.0,4.8644,59.16
125.771,measure,4984.0,976.0,4.8644,59.22
125.871,measure,4984.0,976.0,4.8644,59.28
125.971,measure,4984.0,976.0,4.8644,59.19
126.071,measure,4984.0,976.0,4.8644,59.19
126.172,measure,4984.0,976.0,4.8644,59.19
126.272,measure,4984.0,976.0,4.8644,59.16
126.372,measure,4984.0,976.0,4.8644,59.34
126.472,measure,4984.0,976.0,4.8644,59.34
126.572,measure,4984.0,976.0,4.8644,59.31
126.672,measure,4984.0,976.0,4.8644,59.28
126.772,measure,4984.0,976.0,4.8644,59.16
126.873,measure,4984.0,976.0,4.8644,59.16
126.973,measure,4984.0,976.0,4.8644,59.19
127.073,measure,4984.0,976.0,4.8644,59.12
127.173,measure,4984.0,976.0,4.8644,59.16
127.273,measure,4984.0,976.0,4.8644,59.38
127.373,measure,4984.0,976.0,4.8644,59.41
127.473,measure,4984.0,976.0,4.8644,59.25
127.574,measure,4984.0,976.0,4.8644,59.31
127.674,measure,4984.0,976.0,4.8644,59.12
127.774,measure,4984.0,976.0,4.8644,59.19
127.874,measure,4984.0,976.0,4.8644,59.22
127.974,measure,4984.0,976.0,4.8644,59.19
128.074,measure,4984.0,976.0,4.8644,59.16
128.174,measure,4984.0,976.0,4.8644,59.41
128.274,measure,4984.0,976.0,4.8644,59.41
128.375,measure,4984.0,976.0,4.8644,59.31
128.475,measure,4984.0,976.0,4.8644,59.28
128.575,measure,4984.0,976.0,4.8644,59.16
128.675,measure,4984.0,976.0,4.8644,59.28
128.775,measure,4984.0,976.0,4.8644,59.25
128.875,measure,4984.0,976.0,4.8644,59.09
128.975,measure,4984.0,976.0,4.8644,59.19
129.076,measure,4984.0,976.0,4.8644,59.12
129.176,measure,4984.0,976.0,4.8644,59.41
129.276,measure,4984.0,976.0,4.8644,59.31
129.376,measure,4984.0,976.0,4.8644,59.28
129.476,measure,4984.0,976.0,4.8644,59.28
129.576,measure,4984.0,976.0,4.8644,59.16
129.676,measure,4984.0,976.0,4.8644,59.22
129.776,measure,4984.0,976.0,4.8644,59.16
129.877,measure,4984.0,976.0,4.8644,59.25
129.977,measure,4984.0,976.0,4.8644,59.19
130.077,measure,4984.0,976.0,4.8644,59.41
130.177,measure,4984.0,976.0,4.8644,59.31
130.277,measure,4984.0,976.0,4.8644,59.22
130.377,measure,4984.0,976.0,4.8644,59.19
130.477,measure,4984.0,976.0,4.8644,59.28
130.577,measure,4984.0,976.0,4.8644,59.12
130.678,measure,4984.0,976.0,4.8644,59.16
130.778,measure,4984.0,976.0,4.8644,59.19
130.878,measure,4984.0,976.0,4.8644,59.12
130.978,measure,4984.0,976.0,4.8644,59.34
131.078,measure,4984.0,976.0,4.8644,59.31
131.178,measure,4984.0,976.0,4.8644,59.25
131.278,measure,4984.0,976.0,4.8644,59.28
131.378,measure,4984.0,976.0,4.8644,59.19
131.479,measure,4984.0,976.0,4.8644,59.19
131.579,measure,4984.0,976.0,4.8644,59.19
131.679,measure,4984.0,976.0,4.8644,59.16
131.779,measure,4984.0,976.0,4.8644,59.16
131.879,measure,4984.0,976.0,4.8644,59.38
131.979,measure,4984.0,976.0,4.8644,59.34
132.079,measure,4984.0,976.0,4.8644,59.31
132.179,measure,4984.0,976.0,4.8644,59.19
132.280,measure,4984.0,976.0,4.8644,59.16
132.380,measure,4984.0,976.0,4.8644,59.19
132.480,measure,4984.0,976.0,4.8644,59.12
132.580,measure,4984.0,976.0,4.8644,59.16
132.680,measure,4984.0,976.0,4.8644,59.16
132.780,measure,4984.0,976.0,4.8644,59.34
132.880,measure,4984.0,976.0,4.8644,59.44
132.981,measure,4984.0,976.0,4.8644,59.34
133.081,measure,4984.0,976.0,4.8644,59.28
133.181,measure,4984.0,976.0,4.8644,59.25
133.281,measure,4984.0,976.0,4.8644,59.12
133.381,measure,4984.0,976.0,4.8644,59.16
133.481,measure,4984.0,976.0,4.8644,59.22
133.581,measure,4984.0,976.0,4.8644,59.16
133.682,measure,4984.0,976.0,4.8644,59.31
133.782,measure,4984.0,976.0,4.8644,59.34
133.882,measure,4984.0,976.0,4.8644,59.31
133.982,measure,4984.0,976.0,4.8644,59.22
134.082,measure,4984.0,976.0,4.8644,59.22
134.182,measure,4984.0,976.0,4.8644,59.16
134.282,measure,4984.0,976.0,4.8644,59.16
134.382,measure,4984.0,976.0,4.8644,59.16
134.483,measure,4984.0,976.0,4.8644,59.09
134.583,measure,4984.0,976.0,4.8644,59.34
134.683,measure,4984.0,976.0,4.8644,59.41
134.783,measure,4984.0,976.0,4.8644,59.38
134.883,measure,4984.0,976.0,4.8644,59.19
134.983,measure,4984.0,976.0,4.8644,59.25
135.083,measure,4984.0,976.0,4.8644,59.22
135.184,measure,4984.0,976.0,4.8644,59.16
135.284,measure,4984.0,976.0,4.8644,59.22
135.384,measure,4984.0,976.0,4.8644,59.16
135.484,measure,4984.0,976.0,4.8644,59.34
135.584,measure,4984.0,976.0,4.8644,59.34
135.684,measure,4984.0,976.0,4.8644,59.34
135.784,measure,4984.0,976.0,4.8644,59.25
135.884,measure,4984.0,976.0,4.8644,59.25
135.985,measure,4984.0,976.0,4.8644,59.28
136.085,measure,4984.0,976.0,4.8644,59.22
136.185,measure,4984.0,976.0,4.8644,59.22
136.285,measure,4984.0,976.0,4.8644,59.16
136.385,measure,4984.0,976.0,4.8644,59.38
136.485,measure,4984.0,976.0,4.8644,59.16
136.585,measure,4984.0,976.0,4.8644,59.25
136.686,measure,4984.0,976.0,4.8644,59.34
136.786,measure,4984.0,976.0,4.8644,59.31
136.886,measure,4984.0,976.0,4.8644,59.22
136.986,measure,4984.0,976.0,4.8644,59.09
137.086,measure,4984.0,976.0,4.8644,59.19
137.186,measure,4984.0,976.0,4.8644,59.16
137.287,measure,4984.0,976.0,4.8644,59.38
137.387,measure,4984.0,976.0,4.8644,59.38
137.487,measure,4984.0,976.0,4.8644,59.41
137.587,measure,4984.0,976.0,4.8644,59.25
137.688,measure,4984.0,976.0,4.8644,59.28
137.788,measure,4984.0,976.0,4.8644,59.09
137.888,measure,4984.0,976.0,4.8644,59.19
137.988,measure,4984.0,976.0,4.8644,59.16
138.088,measure,4984.0,976.0,4.8644,59.09
138.188,measure,4984.0,976.0,4.8644,59.09
138.288,measure,4984.0,976.0,4.8644,59.41
138.388,measure,4984.0,976.0,4.8644,59.38
138.489,measure,4984.0,976.0,4.8644,59.28
138.589,measure,4984.0,976.0,4.8644,59.19
138.689,measure,4984.0,976.0,4.8644,59.22
138.789,measure,4984.0,976.0,4.8644,59.28
138.889,measure,4984.0,976.0,4.8644,59.22
138.989,measure,4984.0,976.0,4.8644,59.16
139.089,measure,4984.0,976.0,4.8644,59.16
139.190,measure,4984.0,976.0,4.8644,59.44
139.290,measure,4984.0,976.0,4.8644,59.31
139.390,measure,4984.0,976.0,4.8644,59.34
139.490,measure,4984.0,976.0,4.8644,59.25
139.590,measure,4984.0,976.0,4.8644,59.22
139.690,measure,4984.0,976.0,4.8644,59.25
139.790,measure,4984.0,976.0,4.8644,59.25
139.891,measure,4984.0,976.0,4.8644,59.19
139.991,measure,4984.0,976.0,4.8644,59.22
140.091,measure,4984.0,976.0,4.8644,59.41
140.191,measure,4984.0,976.0,4.8644,59.34
140.291,measure,4984.0,976.0,4.8644,59.34
140.391,measure,4984.0,976.0,4.8644,59.38
140.491,measure,4984.0,976.0,4.8644,59.25
140.591,measure,4984.0,976.0,4.8644,59.12
140.692,measure,4984.0,976.0,4.8644,59.16
140.792,measure,4984.0,976.0,4.8644,59.16
140.892,measure,4984.0,976.0,4.8644,59.22
140.992,measure,4984.0,976.0,4.8644,59.41
141.092,measure,4984.0,976.0,4.8644,59.41
141.192,measure,4984.0,976.0,4.8644,59.25
141.292,measure,4984.0,976.0,4.8644,59.31
141.392,measure,4984.0,976.0,4.8644,59.28
141.493,measure,4984.0,976.0,4.8644,59.25
141.593,measure,4984.0,976.0,4.8644,59.25
141.693,measure,4984.0,976.0,4.8644,59.16
141.793,measure,4984.0,976.0,4.8644,59.19
141.893,measure,4984.0,976.0,4.8644,59.41
141.993,measure,4984.0,976.0,4.8644,59.38
142.093,measure,4984.0,976.0,4.8644,59.28
142.193,measure,4984.0,976.0,4.8644,59.34
142.294,measure,4984.0,976.0,4.8644,59.22
142.394,measure,4984.0,984.0,4.9043,59.16
142.494,measure,4984.0,984.0,4.9043,59.22
142.594,measure,4984.0,984.0,4.9043,59.16
142.694,measure,4984.0,984.0,4.9043,59.19
142.794,measure,4984.0,984.0,4.9043,59.25
142.894,measure,4984.0,984.0,4.9043,59.28
142.994,measure,4984.0,976.0,4.8644,59.31
143.095,measure,4984.0,976.0,4.8644,59.25
143.195,measure,4984.0,976.0,4.8644,59.19
143.295,measure,4984.0,976.0,4.8644,59.22
143.395,measure,4984.0,976.0,4.8644,59.25
143.495,measure,4984.0,976.0,4.8644,59.25
143.595,measure,4984.0,976.0,4.8644,59.12
143.695,measure,4984.0,976.0,4.8644,59.19
143.795,measure,4984.0,976.0,4.8644,59.38
143.896,measure,4984.0,976.0,4.8644,59.22
143.996,measure,4984.0,976.0,4.8644,59.31
144.096,measure,4984.0,976.0,4.8644,59.28
144.196,measure,4984.0,976.0,4.8644,59.19
144.296,measure,4984.0,976.0,4.8644,59.12
144.396,measure,4984.0,976.0,4.8644,59.25
144.496,measure,4984.0,976.0,4.8644,59.16
144.597,measure,4984.0,976.0,4.8644,59.16
144.697,measure,4984.0,976.0,4.8644,59.28
144.797,measure,4984.0,976.0,4.8644,59.31
144.897,measure,4984.0,976.0,4.8644,59.34
144.997,measure,4984.0,976.0,4.8644,59.25
145.097,measure,4984.0,976.0,4.8644,59.28
145.197,measure,4984.0,976.0,4.8644,59.22
145.297,measure,4984.0,976.0,4.8644,59.25
145.398,measure,4984.0,976.0,4.8644,59.22
145.498,measure,4984.0,976.0,4.8644,59.12
145.598,measure,4984.0,976.0,4.8644,59.41
145.698,measure,4984.0,976.0,4.8644,59.31
145.798,measure,4984.0,976.0,4.8644,59.34
145.898,measure,4984.0,976.0,4.8644,59.28
145.998,measure,4984.0,976.0,4.8644,59.28
146.098,measure,4984.0,976.0,4.8644,59.25
146.199,measure,4984.0,976.0,4.8644,59.22
146.299,measure,4984.0,976.0,4.8644,59.16
146.399,measure,4984.0,976.0,4.8644,59.22
146.499,measure,4984.0,976.0,4.8644,59.41
146.599,measure,4984.0,976.0,4.8644,59.31
146.699,measure,4984.0,976.0,4.8644,59.38
146.799,measure,4984.0,976.0,4.8644,59.28
146.899,measure,4984.0,976.0,4.8644,59.25
147.000,measure,4984.0,976.0,4.8644,59.22
147.100,measure,4984.0,976.0,4.8644,59.25
147.200,measure,4984.0,976.0,4.8644,59.19
147.300,measure,4984.0,976.0,4.8644,59.12
147.400,measure,4984.0,976.0,4.8644,59.41
147.500,measure,4984.0,976.0,4.8644,59.34
147.600,measure,4984.0,976.0,4.8644,59.28
147.700,measure,4984.0,976.0,4.8644,59.28
147.801,measure,4984.0,976.0,4.8644,59.38
147.901,measure,4984.0,976.0,4.8644,59.25
148.001,measure,4984.0,976.0,4.8644,59.22
148.101,measure,4984.0,976.0,4.8644,59.16
148.201,measure,4984.0,976.0,4.8644,59.19
148.301,measure,4984.0,976.0,4.8644,59.34
148.401,measure,4984.0,976.0,4.8644,59.31
148.502,measure,4984.0,976.0,4.8644,59.34
148.602,measure,4984.0,976.0,4.8644,59.31
148.702,measure,4984.0,976.0,4.8644,59.22
148.802,measure,4984.0,976.0,4.8644,59.25
148.902,measure,4984.0,976.0,4.8644,59.16
149.002,measure,4984.0,976.0,4.8644,59.22
149.102,measure,4984.0,976.0,4.8644,59.09
149.202,measure,4984.0,976.0,4.8644,59.31
149.303,measure,4984.0,976.0,4.8644,59.31
149.403,measure,4984.0,976.0,4.8644,59.25
149.503,measure,4984.0,976.0,4.8644,59.28
149.603,measure,4984.0,976.0,4.8644,59.22
149.703,measure,4984.0,976.0,4.8644,59.19
149.803,measure,4984.0,976.0,4.8644,59.22
149.903,measure,4984.0,976.0,4.8644,59.22
150.004,measure,4984.0,976.0,4.8644,59.12
150.104,measure,4984.0,976.0,4.8644,59.38
150.204,measure,4984.0,976.0,4.8644,59.41
150.304,measure,4984.0,976.0,4.8644,59.34
150.404,measure,4984.0,976.0,4.8644,59.38
150.504,measure,4984.0,976.0,4.8644,59.28
150.604,measure,4984.0,976.0,4.8644,59.16
150.704,measure,4984.0,976.0,4.8644,59.19
150.805,measure,4984.0,976.0,4.8644,59.19
150.905,measure,4984.0,976.0,4.8644,59.16
151.005,measure,4984.0,976.0,4.8644,59.41
151.105,measure,4984.0,976.0,4.8644,59.38
151.205,measure,4984.0,976.0,4.8644,59.34
151.305,measure,4984.0,976.0,4.8644,59.34
151.405,measure,4984.0,976.0,4.8644,59.25
151.506,measure,4984.0,976.0,4.8644,59.16
151.606,measure,4984.0,976.0,4.8644,59.25
151.706,measure,4984.0,976.0,4.8644,59.12
151.806,measure,4984.0,976.0,4.8644,59.19
151.906,measure,4984.0,976.0,4.8644,59.44
152.006,measure,4984.0,976.0,4.8644,59.41
152.106,measure,4984.0,976.0,4.8644,59.41
152.206,measure,4984.0,976.0,4.8644,59.31
152.307,measure,4984.0,976.0,4.8644,59.31
152.407,measure,4984.0,976.0,4.8644,59.25
152.507,measure,4984.0,976.0,4.8644,59.19
152.607,measure,4984.0,976.0,4.8644,59.31
152.707,measure,4984.0,976.0,4.8644,59.16
152.807,measure,4984.0,976.0,4.8644,59.44
152.907,measure,4984.0,976.0,4.8644,59.41
153.008,measure,4984.0,976.0,4.8644,59.28
153.108,measure,4984.0,976.0,4.8644,59.38
153.208,measure,4984.0,976.0,4.8644,59.22
153.308,measure,4984.0,976.0,4.8644,59.31
153.408,measure,4984.0,976.0,4.8644,59.12
153.508,measure,4984.0,976.0,4.8644,59.22
153.608,measure,4984.0,976.0,4.8644,59.19
153.708,measure,4984.0,976.0,4.8644,59.38
153.809,measure,4984.0,976.0,4.8644,59.38
153.909,measure,4984.0,976.0,4.8644,59.34
154.009,measure,4984.0,976.0,4.8644,59.31
154.109,measure,4984.0,976.0,4.8644,59.28
154.209,measure,4984.0,976.0,4.8644,59.28
154.309,measure,4984.0,976.0,4.8644,59.22
154.409,measure,4984.0,976.0,4.8644,59.19
154.509,measure,4984.0,976.0,4.8644,59.19
154.610,measure,4984.0,976.0,4.8644,59.19
154.710,measure,4984.0,976.0,4.8644,59.47
154.810,measure,4984.0,976.0,4.8644,59.28
154.910,measure,4984.0,976.0,4.8644,59.28
155.010,measure,4984.0,976.0,4.8644,59.25
155.110,measure,4984.0,976.0,4.8644,59.31
155.210,measure,4984.0,976.0,4.8644,59.22
155.311,measure,4984.0,976.0,4.8644,59.16
155.411,measure,4984.0,976.0,4.8644,59.19
155.511,measure,4984.0,976.0,4.8644,59.25
155.611,measure,4984.0,976.0,4.8644,59.53
155.711,measure,4984.0,976.0,4.8644,59.41
155.811,measure,4984.0,976.0,4.8644,59.38
155.911,measure,4984.0,976.0,4.8644,59.28
156.011,measure,4984.0,976.0,4.8644,59.22
156.112,measure,4984.0,976.0,4.8644,59.28
156.212,measure,4984.0,976.0,4.8644,59.19
156.312,measure,4984.0,976.0,4.8644,59.25
156.412,measure,4984.0,976.0,4.8644,59.16
156.512,measure,4984.0,976.0,4.8644,59.34
156.612,measure,4984.0,976.0,4.8644,59.31
156.712,measure,4984.0,976.0,4.8644,59.34
156.812,measure,4984.0,976.0,4.8644,59.28
156.913,measure,4984.0,976.0,4.8644,59.31
157.013,measure,4984.0,976.0,4.8644,59.12
157.113,measure,4984.0,976.0,4.8644,59.28
157.213,measure,4984.0,976.0,4.8644,59.22
157.313,measure,4984.0,976.0,4.8644,59.19
157.413,measure,4984.0,976.0,4.8644,59.38
157.513,measure,4984.0,976.0,4.8644,59.31
157.613,measure,4984.0,976.0,4.8644,59.31
157.714,measure,4984.0,976.0,4.8644,59.31
157.814,measure,4984.0,976.0,4.8644,59.28
157.914,measure,4984.0,976.0,4.8644,59.22
158.014,measure,4984.0,976.0,4.8644,59.34
158.114,measure,4984.0,976.0,4.8644,59.19
158.214,measure,4984.0,976.0,4.8644,59.31
158.314,measure,4984.0,976.0,4.8644,59.41
158.414,measure,4984.0,976.0,4.8644,59.38
158.515,measure,4984.0,976.0,4.8644,59.25
158.615,measure,4984.0,976.0,4.8644,59.25
158.715,measure,4984.0,976.0,4.8644,59.31
158.815,measure,4984.0,984.0,4.9043,59.25
158.915,measure,4984.0,984.0,4.9043,59.28
159.015,measure,4984.0,984.0,4.9043,59.28
159.115,measure,4984.0,984.0,4.9043,59.22
159.215,measure,4984.0,984.0,4.9043,59.41
159.316,measure,4984.0,976.0,4.8644,59.34
159.416,measure,4984.0,984.0,4.9043,59.31
159.516,measure,4984.0,976.0,4.8644,59.38
159.616,measure,4984.0,976.0,4.8644,59.28
159.716,measure,4984.0,976.0,4.8644,59.22
159.816,measure,4984.0,976.0,4.8644,59.25
159.916,measure,4984.0,976.0,4.8644,59.25
160.016,measure,4984.0,976.0,4.8644,59.25
160.117,measure,4984.0,976.0,4.8644,59.38
160.217,measure,4984.0,984.0,4.9043,59.41
160.317,measure,4984.0,976.0,4.8644,59.25
160.417,measure,4984.0,984.0,4.9043,59.31
160.517,measure,4984.0,976.0,4.8644,59.28
160.617,measure,4984.0,976.0,4.8644,59.25
160.717,measure,4984.0,976.0,4.8644,59.22
160.817,measure,4984.0,976.0,4.8644,59.28
160.918,measure,4984.0,976.0,4.8644,59.22
161.018,measure,4984.0,976.0,4.8644,59.19
161.118,measure,4984.0,976.0,4.8644,59.41
161.218,measure,4984.0,984.0,4.9043,59.31
161.318,measure,4984.0,976.0,4.8644,59.31
161.418,measure,4984.0,976.0,4.8644,59.22
161.518,measure,4984.0,976.0,4.8644,59.25
161.618,measure,4984.0,976.0,4.8644,59.22
161.719,measure,4984.0,976.0,4.8644,59.22
161.819,measure,4984.0,976.0,4.8644,59.28
161.919,measure,4984.0,976.0,4.8644,59.41
162.019,measure,4984.0,976.0,4.8644,59.41
162.119,measure,4984.0,976.0,4.8644,59.28
162.219,measure,4984.0,984.0,4.9043,59.34
162.319,measure,4984.0,976.0,4.8644,59.31
162.420,measure,4984.0,984.0,4.9043,59.19
162.520,measure,4984.0,976.0,4.8644,59.22
162.620,measure,4984.0,976.0,4.8644,59.19
162.720,measure,4984.0,976.0,4.8644,59.19
162.821,measure,4984.0,976.0,4.8644,59.41
162.921,measure,4984.0,976.0,4.8644,59.41
163.021,measure,4984.0,976.0,4.8644,59.41
163.121,measure,4984.0,976.0,4.8644,59.31
163.221,measure,4984.0,976.0,4.8644,59.31
163.321,measure,4984.0,976.0,4.8644,59.28
163.421,measure,4984.0,976.0,4.8644,59.31
163.521,measure,4984.0,976.0,4.8644,59.22
163.622,measure,4984.0,976.0,4.8644,59.28
163.722,measure,4984.0,976.0,4.8644,59.44
163.822,measure,4984.0,976.0,4.8644,59.47
163.922,measure,4984.0,976.0,4.8644,59.31
164.022,measure,4984.0,976.0,4.8644,59.31
164.122,measure,4984.0,976.0,4.8644,59.31
164.222,measure,4984.0,976.0,4.8644,59.28
164.322,measure,4984.0,976.0,4.8644,59.25
164.423,measure,4984.0,976.0,4.8644,59.19
164.523,measure,4984.0,976.0,4.8644,59.25
164.623,measure,4984.0,976.0,4.8644,59.41
164.723,measure,4984.0,976.0,4.8644,59.41
164.823,measure,4984.0,976.0,4.8644,59.38
164.923,measure,4984.0,976.0,4.8644,59.38
165.023,measure,4984.0,976.0,4.8644,59.22
165.123,measure,4984.0,976.0,4.8644,59.28
165.224,measure,4984.0,976.0,4.8644,59.28
165.324,measure,4984.0,976.0,4.8644,59.25
165.424,measure,4984.0,976.0,4.8644,59.12
165.524,measure,4984.0,976.0,4.8644,59.19
165.624,measure,4984.0,976.0,4.8644,59.41
165.724,measure,4984.0,976.0,4.8644,59.34
165.824,measure,4984.0,976.0,4.8644,59.31
165.924,measure,4984.0,976.0,4.8644,59.28
166.024,measure,4984.0,976.0,4.8644,59.31
166.125,measure,4984.0,976.0,4.8644,59.25
166.225,measure,4984.0,976.0,4.8644,59.22
166.325,measure,4984.0,976.0,4.8644,59.19
166.425,measure,4984.0,976.0,4.8644,59.19
166.525,measure,4984.0,976.0,4.8644,59.38
166.625,measure,4984.0,976.0,4.8644,59.31
166.725,measure,4984.0,976.0,4.8644,59.38
166.826,measure,4984.0,976.0,4.8644,59.22
166.926,measure,4984.0,976.0,4.8644,59.25
167.026,measure,4984.0,976.0,4.8644,59.31
167.126,measure,4984.0,976.0,4.8644,59.31
167.226,measure,4984.0,976.0,4.8644,59.22
167.326,measure,4984.0,976.0,4.8644,59.19
167.426,measure,4984.0,976.0,4.8644,59.47
167.526,measure,4984.0,976.0,4.8644,59.31
167.627,measure,4984.0,976.0,4.8644,59.34
167.727,measure,4984.0,976.0,4.8644,59.22
167.827,measure,4984.0,976.0,4.8644,59.34
167.927,measure,4984.0,976.0,4.8644,59.22
168.027,measure,4984.0,976.0,4.8644,59.25
168.127,measure,4984.0,976.0,4.8644,59.28
168.227,measure,4984.0,976.0,4.8644,59.28
168.327,measure,4984.0,984.0,4.9043,59.41
168.428,measure,4984.0,984.0,4.9043,59.34
168.528,measure,4984.0,984.0,4.9043,59.38
168.628,measure,4984.0,984.0,4.9043,59.28
168.728,measure,4984.0,984.0,4.9043,59.28
168.828,measure,4984.0,984.0,4.9043,59.28
168.928,measure,4984.0,984.0,4.9043,59.38
169.028,measure,4984.0,984.0,4.9043,59.22
169.128,measure,4984.0,984.0,4.9043,59.16
169.228,measure,4984.0,984.0,4.9043,59.38
169.329,measure,4984.0,984.0,4.9043,59.38
169.429,measure,4984.0,984.0,4.9043,59.38
169.529,measure,4984.0,984.0,4.9043,59.28
169.629,measure,4984.0,984.0,4.9043,59.28
169.729,measure,4984.0,984.0,4.9043,59.28
169.829,measure,4984.0,984.0,4.9043,59.25
169.929,measure,4984.0,984.0,4.9043,59.25
170.029,measure,4984.0,984.0,4.9043,59.25
170.130,measure,4984.0,976.0,4.8644,59.31
170.230,measure,4984.0,976.0,4.8644,59.38
170.330,measure,4984.0,984.0,4.9043,59.38
170.430,measure,4984.0,984.0,4.9043,59.28
170.530,measure,4984.0,984.0,4.9043,59.31
170.630,measure,4984.0,984.0,4.9043,59.25
170.730,measure,4984.0,984.0,4.9043,59.28
170.831,measure,4984.0,984.0,4.9043,59.25
170.931,measure,4984.0,984.0,4.9043,59.16
171.031,measure,4984.0,984.0,4.9043,59.41
171.131,measure,4984.0,976.0,4.8644,59.38
171.231,measure,4984.0,976.0,4.8644,59.38
171.331,measure,4984.0,984.0,4.9043,59.31
171.431,measure,4984.0,984.0,4.9043,59.38
171.531,measure,4984.0,984.0,4.9043,59.34
171.632,measure,4984.0,984.0,4.9043,59.34
171.732,measure,4984.0,984.0,4.9043,59.19
171.832,measure,4984.0,984.0,4.9043,59.25
171.932,measure,4984.0,984.0,4.9043,59.41
172.032,measure,4984.0,984.0,4.9043,59.44
172.132,measure,4984.0,984.0,4.9043,59.38
172.232,measure,4984.0,984.0,4.9043,59.34
172.332,measure,4984.0,984.0,4.9043,59.19
172.433,measure,4984.0,984.0,4.9043,59.25
172.533,measure,4984.0,984.0,4.9043,59.31
172.633,measure,4984.0,984.0,4.9043,59.22
172.733,measure,4984.0,984.0,4.9043,59.25
172.833,measure,4984.0,984.0,4.9043,59.47
172.933,measure,4984.0,976.0,4.8644,59.47
173.033,measure,4984.0,984.0,4.9043,59.34
173.134,measure,4984.0,976.0,4.8644,59.34
173.234,measure,4984.0,976.0,4.8644,59.31
173.334,measure,4984.0,976.0,4.8644,59.31
173.434,measure,4984.0,976.0,4.8644,59.31
173.534,measure,4984.0,976.0,4.8644,59.22
173.634,measure,4984.0,976.0,4.8644,59.19
173.734,measure,4984.0,976.0,4.8644,59.41
173.834,measure,4984.0,976.0,4.8644,59.44
173.935,measure,4984.0,976.0,4.8644,59.31
174.035,measure,4984.0,976.0,4.8644,59.34
174.135,measure,4984.0,976.0,4.8644,59.38
174.235,measure,4984.0,976.0,4.8644,59.28
174.335,measure,4984.0,976.0,4.8644,59.25
174.435,measure,4984.0,976.0,4.8644,59.28
174.535,measure,4984.0,976.0,4.8644,59.28
174.636,measure,4984.0,976.0,4.8644,59.47
174.736,measure,4984.0,976.0,4.8644,59.41
174.836,measure,4984.0,976.0,4.8644,59.38
174.936,measure,4984.0,976.0,4.8644,59.34
175.036,measure,4984.0,976.0,4.8644,59.28
175.136,measure,4984.0,976.0,4.8644,59.34
175.236,measure,4984.0,976.0,4.8644,59.28
175.336,measure,4984.0,976.0,4.8644,59.25
175.437,measure,4984.0,976.0,4.8644,59.22
175.537,measure,4984.0,976.0,4.8644,59.41
175.637,measure,4984.0,976.0,4.8644,59.47
175.737,measure,4984.0,976.0,4.8644,59.31
175.837,measure,4984.0,976.0,4.8644,59.38
175.937,measure,4984.0,976.0,4.8644,59.22
176.037,measure,4984.0,976.0,4.8644,59.25
176.138,measure,4984.0,976.0,4.8644,59.38
176.238,measure,4984.0,976.0,4.8644,59.16
176.338,measure,4984.0,976.0,4.8644,59.22
176.438,measure,4984.0,976.0,4.8644,59.41
176.538,measure,4984.0,976.0,4.8644,59.47
176.638,measure,4984.0,976.0,4.8644,59.41
176.738,measure,4984.0,976.0,4.8644,59.34
176.838,measure,4984.0,976.0,4.8644,59.34
176.939,measure,4984.0,976.0,4.8644,59.25
177.039,measure,4984.0,976.0,4.8644,59.34
177.139,measure,4984.0,976.0,4.8644,59.31
177.239,measure,4984.0,976.0,4.8644,59.22
177.339,measure,4984.0,976.0,4.8644,59.19
177.439,measure,4984.0,976.0,4.8644,59.38
177.539,measure,4984.0,976.0,4.8644,59.41
177.640,measure,4984.0,976.0,4.8644,59.31
177.740,measure,4984.0,976.0,4.8644,59.28
177.840,measure,4984.0,976.0,4.8644,59.38
177.940,measure,4984.0,976.0,4.8644,59.28
178.040,measure,4984.0,976.0,4.8644,59.34
178.140,measure,4984.0,976.0,4.8644,59.28
178.240,measure,4984.0,976.0,4.8644,59.22
178.340,measure,4984.0,976.0,4.8644,59.47
178.441,measure,4984.0,976.0,4.8644,59.34
178.541,measure,4984.0,976.0,4.8644,59.38
178.641,measure,4984.0,976.0,4.8644,59.28
178.741,measure,4984.0,976.0,4.8644,59.28
178.841,measure,4984.0,976.0,4.8644,59.25
178.941,measure,4984.0,976.0,4.8644,59.25
179.042,measure,4984.0,976.0,4.8644,59.22
179.142,measure,4984.0,976.0,4.8644,59.28
179.242,measure,4984.0,976.0,4.8644,59.41
179.342,measure,4984.0,976.0,4.8644,59.31
179.442,measure,4984.0,976.0,4.8644,59.34
179.542,measure,4984.0,976.0,4.8644,59.38
179.642,measure,4984.0,976.0,4.8644,59.31
179.742,measure,4984.0,976.0,4.8644,59.25
179.843,measure,4984.0,976.0,4.8644,59.22
179.943,measure,4984.0,976.0,4.8644,59.25
180.043,measure,4984.0,976.0,4.8644,59.22
180.143,measure,4984.0,976.0,4.8644,59.41
180.243,measure,4984.0,976.0,4.8644,59.34
180.343,measure,4984.0,976.0,4.8644,59.41
180.443,measure,4984.0,976.0,4.8644,59.31
180.543,measure,4984.0,976.0,4.8644,59.28
180.644,measure,4984.0,976.0,4.8644,59.31
180.744,measure,4984.0,976.0,4.8644,59.31
180.844,measure,4984.0,976.0,4.8644,59.25
180.944,measure,4984.0,976.0,4.8644,59.28
181.044,measure,4984.0,976.0,4.8644,59.25
181.144,measure,4984.0,976.0,4.8644,59.34
181.244,measure,4984.0,976.0,4.8644,59.38
181.345,measure,4984.0,976.0,4.8644,59.31
181.445,measure,4984.0,976.0,4.8644,59.28
181.545,measure,4984.0,976.0,4.8644,59.22
181.645,measure,4984.0,976.0,4.8644,59.31
181.745,measure,4984.0,976.0,4.8644,59.22
181.845,measure,4984.0,976.0,4.8644,59.22
181.945,measure,4984.0,976.0,4.8644,59.41
182.045,measure,4984.0,976.0,4.8644,59.38
182.146,measure,4984.0,976.0,4.8644,59.41
182.246,measure,4984.0,976.0,4.8644,59.31
182.346,measure,4984.0,976.0,4.8644,59.22
182.446,measure,4984.0,976.0,4.8644,59.25
182.546,measure,4984.0,976.0,4.8644,59.28
182.646,measure,4984.0,976.0,4.8644,59.31
182.746,measure,4984.0,976.0,4.8644,59.28
182.847,measure,4984.0,976.0,4.8644,59.41
182.947,measure,4984.0,976.0,4.8644,59.41
183.047,measure,4984.0,976.0,4.8644,59.31
183.147,measure,4984.0,976.0,4.8644,59.34
183.247,measure,4984.0,976.0,4.8644,59.28
183.347,measure,4984.0,976.0,4.8644,59.28
183.447,measure,4984.0,976.0,4.8644,59.25
183.547,measure,4984.0,976.0,4.8644,59.28
183.648,measure,4984.0,976.0,4.8644,59.19
183.748,measure,4984.0,976.0,4.8644,59.41
183.848,measure,4984.0,976.0,4.8644,59.19
183.948,measure,4984.0,976.0,4.8644,59.38
184.048,measure,4984.0,976.0,4.8644,59.38
184.148,measure,4984.0,976.0,4.8644,59.38
184.249,measure,4984.0,976.0,4.8644,59.28
184.349,measure,4984.0,976.0,4.8644,59.28
184.449,measure,4984.0,976.0,4.8644,59.31
184.549,measure,4984.0,976.0,4.8644,59.22
184.649,measure,4984.0,976.0,4.8644,59.19
184.749,measure,4984.0,976.0,4.8644,59.44
184.849,measure,4984.0,976.0,4.8644,59.41
184.950,measure,4984.0,976.0,4.8644,59.31
185.050,measure,4984.0,976.0,4.8644,59.34
185.150,measure,4984.0,976.0,4.8644,59.34
185.250,measure,4984.0,976.0,4.8644,59.31
185.350,measure,4984.0,976.0,4.8644,59.31
185.450,measure,4984.0,976.0,4.8644,59.25
185.550,measure,4984.0,976.0,4.8644,59.50
185.650,measure,4984.0,976.0,4.8644,59.41
185.751,measure,4984.0,976.0,4.8644,59.16
185.851,measure,4984.0,976.0,4.8644,59.41
185.951,measure,4984.0,976.0,4.8644,59.38
186.051,measure,4984.0,976.0,4.8644,59.31
186.151,measure,4984.0,976.0,4.8644,59.31
186.251,measure,4984.0,976.0,4.8644,59.28
186.351,measure,4984.0,976.0,4.8644,59.25
186.452,measure,4984.0,976.0,4.8644,59.50
186.552,measure,4984.0,976.0,4.8644,59.44
186.652,measure,4984.0,976.0,4.8644,59.41
186.752,measure,4984.0,984.0,4.9043,59.41
186.852,measure,4984.0,976.0,4.8644,59.38
186.952,measure,4984.0,976.0,4.8644,59.41
187.052,measure,4984.0,976.0,4.8644,59.25
187.153,measure,4984.0,976.0,4.8644,59.28
187.254,measure,4984.0,976.0,4.8644,59.28
187.354,measure,4984.0,976.0,4.8644,59.31
187.454,measure,4984.0,976.0,4.8644,59.44
187.554,measure,4984.0,976.0,4.8644,59.41
187.654,measure,4984.0,976.0,4.8644,59.44
187.754,measure,4984.0,976.0,4.8644,59.28
187.854,measure,4984.0,976.0,4.8644,59.34
187.954,measure,4984.0,976.0,4.8644,59.28
188.055,measure,4984.0,976.0,4.8644,59.31
188.155,measure,4984.0,976.0,4.8644,59.31
188.255,measure,4984.0,976.0,4.8644,59.28
188.355,measure,4984.0,976.0,4.8644,59.41
188.455,measure,4984.0,976.0,4.8644,59.47
188.555,measure,4984.0,976.0,4.8644,59.41
188.655,measure,4984.0,976.0,4.8644,59.31
188.756,measure,4984.0,984.0,4.9043,59.38
188.856,measure,4984.0,976.0,4.8644,59.28
188.956,measure,4984.0,976.0,4.8644,59.28
189.056,measure,4984.0,976.0,4.8644,59.25
189.156,measure,4984.0,976.0,4.8644,59.28
189.256,measure,4984.0,976.0,4.8644,59.47
189.356,measure,4984.0,976.0,4.8644,59.47
189.456,measure,4984.0,976.0,4.8644,59.34
189.557,measure,4984.0,976.0,4.8644,59.41
189.657,measure,4984.0,976.0,4.8644,59.38
189.757,measure,4984.0,976.0,4.8644,59.31
189.857,measure,4984.0,984.0,4.9043,59.31
189.957,measure,4984.0,984.0,4.9043,59.25
190.057,measure,4984.0,984.0,4.9043,59.28
190.157,measure,4984.0,984.0,4.9043,59.50
190.257,measure,4984.0,984.0,4.9043,59.50
190.358,measure,4984.0,984.0,4.9043,59.38
190.458,measure,4984.0,984.0,4.9043,59.38
190.558,measure,4984.0,976.0,4.8644,59.38
190.658,measure,4984.0,976.0,4.8644,59.28
190.758,measure,4984.0,976.0,4.8644,59.25
190.858,measure,4984.0,976.0,4.8644,59.19
190.958,measure,4984.0,976.0,4.8644,59.28
191.059,measure,4984.0,976.0,4.8644,59.31
191.159,measure,4984.0,976.0,4.8644,59.53
191.259,measure,4984.0,976.0,4.8644,59.41
191.359,measure,4984.0,976.0,4.8644,59.34
191.459,measure,4984.0,976.0,4.8644,59.34
191.559,measure,4984.0,976.0,4.8644,59.31
191.659,measure,4984.0,976.0,4.8644,59.31
191.759,measure,4984.0,976.0,4.8644,59.28
191.860,measure,4984.0,976.0,4.8644,59.34
191.960,measure,4984.0,976.0,4.8644,59.28
192.060,measure,4984.0,976.0,4.8644,59.47
192.160,measure,4984.0,976.0,4.8644,59.41
192.260,measure,4984.0,976.0,4.8644,59.41
192.360,measure,4984.0,976.0,4.8644,59.34
192.460,measure,4984.0,976.0,4.8644,59.28
192.560,measure,4984.0,976.0,4.8644,59.31
192.661,measure,4984.0,984.0,4.9043,59.31
192.761,measure,4984.0,984.0,4.9043,59.34
192.861,measure,4984.0,992.0,4.9441,59.34
192.961,measure,4984.0,1032.0,5.1435,59.47
193.061,measure,4984.0,1064.0,5.3030,59.50
193.161,measure,4976.0,1088.0,5.4139,59.38
193.262,measure,4976.0,1104.0,5.4935,59.41
193.362,measure,4976.0,1120.0,5.5731,59.38
193.462,measure,4976.0,1152.0,5.7324,59.38
193.562,measure,4976.0,1160.0,5.7722,59.31
193.662,measure,4976.0,1168.0,5.8120,59.31
193.762,measure,4976.0,1168.0,5.8120,59.31
193.862,measure,4976.0,1168.0,5.8120,59.34
193.963,measure,4976.0,1136.0,5.6527,59.53
194.063,measure,4976.0,1104.0,5.4935,59.41
194.163,measure,4984.0,1072.0,5.3428,59.41
194.263,measure,4984.0,1056.0,5.2631,59.38
194.363,measure,4984.0,1040.0,5.1834,59.34
194.463,measure,4984.0,1024.0,5.1036,59.34
194.563,measure,4984.0,1016.0,5.0637,59.34
194.664,measure,4984.0,1008.0,5.0239,59.38
194.764,measure,4984.0,1000.0,4.9840,59.28
194.864,measure,4984.0,992.0,4.9441,59.50
194.964,measure,4984.0,992.0,4.9441,59.41
195.064,measure,4984.0,992.0,4.9441,59.44
195.164,measure,4984.0,984.0,4.9043,59.34
195.264,measure,4984.0,984.0,4.9043,59.34
195.364,measure,4984.0,984.0,4.9043,59.28
195.465,measure,4984.0,984.0,4.9043,59.22
195.565,measure,4984.0,976.0,4.8644,59.22
195.665,measure,4984.0,976.0,4.8644,59.34
195.765,measure,4984.0,976.0,4.8644,59.44
195.865,measure,4984.0,976.0,4.8644,59.47
195.965,measure,4984.0,976.0,4.8644,59.41
196.065,measure,4984.0,976.0,4.8644,59.41
196.166,measure,4984.0,976.0,4.8644,59.41
196.266,measure,4984.0,976.0,4.8644,59.31
196.366,measure,4984.0,976.0,4.8644,59.38
196.466,measure,4984.0,976.0,4.8644,59.28
196.566,measure,4984.0,976.0,4.8644,59.38
196.666,measure,4984.0,976.0,4.8644,59.44
196.766,measure,4984.0,976.0,4.8644,59.41
196.866,measure,4984.0,976.0,4.8644,59.41
196.967,measure,4984.0,976.0,4.8644,59.31
197.067,measure,4984.0,976.0,4.8644,59.38
197.167,measure,4984.0,976.0,4.8644,59.38
197.267,measure,4984.0,976.0,4.8644,59.34
197.367,measure,4984.0,976.0,4.8644,59.31
197.467,measure,4984.0,976.0,4.8644,59.22
197.567,measure,4984.0,976.0,4.8644,59.41
197.668,measure,4984.0,976.0,4.8644,59.41
197.768,measure,4984.0,976.0,4.8644,59.44
197.868,measure,4984.0,976.0,4.8644,59.34
197.968,measure,4984.0,976.0,4.8644,59.41
198.068,measure,4984.0,976.0,4.8644,59.38
198.168,measure,4984.0,976.0,4.8644,59.38
198.268,measure,4984.0,976.0,4.8644,59.25
198.369,measure,4984.0,976.0,4.8644,59.31
198.469,measure,4984.0,976.0,4.8644,59.41
198.569,measure,4984.0,976.0,4.8644,59.41
198.669,measure,4984.0,976.0,4.8644,59.44
198.769,measure,4984.0,976.0,4.8644,59.41
198.869,measure,4984.0,976.0,4.8644,59.38
198.969,measure,4984.0,976.0,4.8644,59.34
199.070,measure,4984.0,976.0,4.8644,59.38
199.170,measure,4984.0,976.0,4.8644,59.28
199.270,measure,4984.0,976.0,4.8644,59.31
199.370,measure,4984.0,976.0,4.8644,59.47
199.470,measure,4984.0,976.0,4.8644,59.41
199.570,measure,4984.0,976.0,4.8644,59.50
199.670,measure,4984.0,976.0,4.8644,59.41
199.771,measure,4984.0,976.0,4.8644,59.38
199.871,measure,4984.0,976.0,4.8644,59.41
199.971,measure,4984.0,976.0,4.8644,59.31
200.071,measure,4984.0,976.0,4.8644,59.31
200.171,measure,4984.0,976.0,4.8644,59.28
200.271,measure,4984.0,976.0,4.8644,59.28
200.371,measure,4984.0,976.0,4.8644,59.44
200.471,measure,4984.0,976.0,4.8644,59.41
200.572,measure,4984.0,976.0,4.8644,59.34
200.672,measure,4984.0,976.0,4.8644,59.41
200.772,measure,4984.0,976.0,4.8644,59.28
200.872,measure,4984.0,976.0,4.8644,59.31
200.972,measure,4984.0,976.0,4.8644,59.31
201.072,measure,4984.0,976.0,4.8644,59.31
201.172,measure,4984.0,976.0,4.8644,59.25
201.273,measure,4984.0,976.0,4.8644,59.38
201.373,measure,4984.0,976.0,4.8644,59.47
201.473,measure,4984.0,976.0,4.8644,59.34
201.573,measure,4984.0,976.0,4.8644,59.34
201.673,measure,4984.0,976.0,4.8644,59.31
201.773,measure,4984.0,976.0,4.8644,59.34
201.874,measure,4984.0,976.0,4.8644,59.28
201.974,measure,4984.0,976.0,4.8644,59.28
202.074,measure,4984.0,976.0,4.8644,59.44
202.174,measure,4984.0,976.0,4.8644,59.50
202.274,measure,4984.0,976.0,4.8644,59.50
202.374,measure,4984.0,976.0,4.8644,59.38
202.474,measure,4984.0,976.0,4.8644,59.44
202.575,measure,4984.0,976.0,4.8644,59.31
202.675,measure,4984.0,976.0,4.8644,59.34
202.775,measure,4984.0,976.0,4.8644,59.38
202.875,measure,4984.0,976.0,4.8644,59.25
202.975,measure,4984.0,976.0,4.8644,59.28
203.075,measure,4984.0,976.0,4.8644,59.47
203.175,measure,4984.0,976.0,4.8644,59.44
203.276,measure,4984.0,976.0,4.8644,59.41
203.376,measure,4984.0,976.0,4.8644,59.34
203.476,measure,4984.0,984.0,4.9043,59.31
203.576,measure,4984.0,984.0,4.9043,59.28
203.676,measure,4984.0,976.0,4.8644,59.34
203.776,measure,4984.0,976.0,4.8644,59.25
203.876,measure,4984.0,976.0,4.8644,59.41
203.977,measure,4984.0,976.0,4.8644,59.44
204.077,measure,4984.0,976.0,4.8644,59.44
204.177,measure,4984.0,976.0,4.8644,59.41
204.277,measure,4984.0,976.0,4.8644,59.41
204.377,measure,4984.0,976.0,4.8644,59.41
204.477,measure,4984.0,976.0,4.8644,59.31
204.577,measure,4984.0,976.0,4.8644,59.31
204.678,measure,4984.0,976.0,4.8644,59.34
204.778,measure,4984.0,976.0,4.8644,59.34
204.878,measure,4984.0,976.0,4.8644,59.47
204.978,measure,4984.0,976.0,4.8644,59.44
205.078,measure,4984.0,976.0,4.8644,59.38
205.178,measure,4984.0,976.0,4.8644,59.41
205.278,measure,4984.0,976.0,4.8644,59.25
205.379,measure,4984.0,976.0,4.8644,59.38
205.479,measure,4984.0,984.0,4.9043,59.41
205.579,measure,4984.0,984.0,4.9043,59.31
205.679,measure,4984.0,984.0,4.9043,59.28
205.779,measure,4984.0,984.0,4.9043,59.53
205.879,measure,4984.0,984.0,4.9043,59.47
205.980,measure,4984.0,984.0,4.9043,59.41
206.080,measure,4984.0,984.0,4.9043,59.28
206.180,measure,4984.0,984.0,4.9043,59.28
206.280,measure,4984.0,984.0,4.9043,59.41
206.380,measure,4984.0,984.0,4.9043,59.38
206.480,measure,4984.0,984.0,4.9043,59.28
206.580,measure,4984.0,984.0,4.9043,59.34
206.681,measure,4984.0,984.0,4.9043,59.47
206.781,measure,4984.0,984.0,4.9043,59.47
206.881,measure,4984.0,984.0,4.9043,59.44
206.981,measure,4984.0,984.0,4.9043,59.34
207.081,measure,4984.0,984.0,4.9043,59.38
207.181,measure,4984.0,984.0,4.9043,59.38
207.281,measure,4984.0,984.0,4.9043,59.34
207.382,measure,4984.0,984.0,4.9043,59.28
207.482,measure,4984.0,984.0,4.9043,59.31
207.582,measure,4984.0,984.0,4.9043,59.31
207.682,measure,4984.0,984.0,4.9043,59.50
207.782,measure,4984.0,984.0,4.9043,59.41
207.882,measure,4984.0,984.0,4.9043,59.44
207.983,measure,4984.0,984.0,4.9043,59.41
208.083,measure,4984.0,984.0,4.9043,59.41
208.183,measure,4984.0,984.0,4.9043,59.38
208.283,measure,4984.0,984.0,4.9043,59.34
208.383,measure,4984.0,984.0,4.9043,59.28
208.483,measure,4984.0,984.0,4.9043,59.34
208.583,measure,4984.0,984.0,4.9043,59.47
208.684,measure,4984.0,984.0,4.9043,59.50
208.784,measure,4984.0,984.0,4.9043,59.41
208.884,measure,4984.0,984.0,4.9043,59.41
208.984,measure,4984.0,984.0,4.9043,59.28
209.084,measure,4984.0,984.0,4.9043,59.31
209.184,measure,4984.0,984.0,4.9043,59.31
209.284,measure,4984.0,984.0,4.9043,59.28
209.385,measure,4984.0,984.0,4.9043,59.38
209.485,measure,4984.0,984.0,4.9043,59.22
209.585,measure,4984.0,984.0,4.9043,59.47
209.685,measure,4984.0,984.0,4.9043,59.41
209.785,measure,4984.0,984.0,4.9043,59.41
209.885,measure,4984.0,984.0,4.9043,59.38
209.985,measure,4984.0,984.0,4.9043,59.41
210.086,measure,4984.0,984.0,4.9043,59.28
210.186,measure,4984.0,984.0,4.9043,59.38
210.287,measure,4984.0,984.0,4.9043,59.34
210.387,measure,4984.0,984.0,4.9043,59.25
210.487,measure,4984.0,984.0,4.9043,59.50
210.587,measure,4984.0,984.0,4.9043,59.41
210.687,measure,4984.0,984.0,4.9043,59.41
210.787,measure,4984.0,984.0,4.9043,59.41
210.888,measure,4984.0,984.0,4.9043,59.38
210.988,measure,4984.0,984.0,4.9043,59.31
211.088,measure,4984.0,984.0,4.9043,59.41
211.188,measure,4984.0,984.0,4.9043,59.25
211.288,measure,4984.0,984.0,4.9043,59.28
211.388,measure,4984.0,984.0,4.9043,59.50
211.488,measure,4984.0,984.0,4.9043,59.47
211.589,measure,4984.0,984.0,4.9043,59.41
211.689,measure,4984.0,984.0,4.9043,59.34
211.789,measure,4984.0,984.0,4.9043,59.34
211.889,measure,4984.0,984.0,4.9043,59.34
211.989,measure,4984.0,984.0,4.9043,59.31
212.089,measure,4984.0,984.0,4.9043,59.31
212.190,measure,4984.0,984.0,4.9043,59.28
212.290,measure,4984.0,984.0,4.9043,59.28
212.390,measure,4984.0,984.0,4.9043,59.47
212.490,measure,4984.0,984.0,4.9043,59.41
212.590,measure,4984.0,984.0,4.9043,59.41
212.690,measure,4984.0,984.0,4.9043,59.41
212.790,measure,4984.0,984.0,4.9043,59.34
212.891,measure,4984.0,984.0,4.9043,59.28
212.991,measure,4984.0,984.0,4.9043,59.34
213.091,measure,4984.0,984.0,4.9043,59.28
213.191,measure,4984.0,984.0,4.9043,59.25
213.291,measure,4984.0,984.0,4.9043,59.44
213.391,measure,4984.0,984.0,4.9043,59.41
213.491,measure,4984.0,984.0,4.9043,59.41
213.592,measure,4984.0,984.0,4.9043,59.38
213.692,measure,4984.0,984.0,4.9043,59.34
213.792,measure,4984.0,984.0,4.9043,59.34
213.892,measure,4984.0,984.0,4.9043,59.34
213.992,measure,4984.0,984.0,4.9043,59.22
214.092,measure,4984.0,984.0,4.9043,59.28
214.192,measure,4984.0,984.0,4.9043,59.47
214.293,measure,4984.0,984.0,4.9043,59.41
214.393,measure,4984.0,984.0,4.9043,59.41
214.493,measure,4984.0,984.0,4.9043,59.38
214.593,measure,4984.0,984.0,4.9043,59.38
214.693,measure,4984.0,984.0,4.9043,59.31
214.793,measure,4984.0,984.0,4.9043,59.38
214.893,measure,4984.0,984.0,4.9043,59.38
214.994,measure,4984.0,984.0,4.9043,59.22
215.094,measure,4984.0,976.0,4.8644,59.47
215.194,measure,4984.0,984.0,4.9043,59.41
215.294,measure,4984.0,976.0,4.8644,59.41
215.394,measure,4984.0,984.0,4.9043,59.41
215.494,measure,4984.0,984.0,4.9043,59.34
215.594,measure,4984.0,984.0,4.9043,59.31
215.695,measure,4984.0,984.0,4.9043,59.34
215.795,measure,4984.0,984.0,4.9043,59.31
215.895,measure,4984.0,984.0,4.9043,59.38
215.995,measure,4984.0,984.0,4.9043,59.44
216.095,measure,4984.0,984.0,4.9043,59.44
216.195,measure,4984.0,984.0,4.9043,59.41
216.295,measure,4984.0,984.0,4.9043,59.34
216.396,measure,4984.0,984.0,4.9043,59.34
216.496,measure,4984.0,984.0,4.9043,59.34
216.596,measure,4984.0,984.0,4.9043,59.31
216.696,measure,4984.0,984.0,4.9043,59.41
216.796,measure,4984.0,984.0,4.9043,59.38
216.896,measure,4984.0,984.0,4.9043,59.50
216.996,measure,4984.0,984.0,4.9043,59.44
217.097,measure,4984.0,984.0,4.9043,59.44
217.197,measure,4984.0,976.0,4.8644,59.41
217.297,measure,4984.0,976.0,4.8644,59.41
217.397,measure,4984.0,976.0,4.8644,59.25
217.497,measure,4984.0,984.0,4.9043,59.31
217.597,measure,4984.0,984.0,4.9043,59.38
217.697,measure,4984.0,984.0,4.9043,59.31
217.797,measure,4984.0,984.0,4.9043,59.47
217.898,measure,4984.0,984.0,4.9043,59.47
217.998,measure,4984.0,984.0,4.9043,59.41
218.098,measure,4984.0,976.0,4.8644,59.38
218.198,measure,4984.0,984.0,4.9043,59.31
218.298,measure,4984.0,976.0,4.8644,59.38
218.398,measure,4984.0,984.0,4.9043,59.31
218.498,measure,4984.0,984.0,4.9043,59.34
218.598,measure,4984.0,984.0,4.9043,59.31
218.699,measure,4984.0,976.0,4.8644,59.47
218.799,measure,4984.0,984.0,4.9043,59.47
218.899,measure,4984.0,976.0,4.8644,59.50
218.999,measure,4984.0,976.0,4.8644,59.41
219.099,measure,4984.0,976.0,4.8644,59.34
219.199,measure,4984.0,976.0,4.8644,59.34
219.299,measure,4984.0,976.0,4.8644,59.31
219.400,measure,4984.0,976.0,4.8644,59.34
219.500,measure,4984.0,976.0,4.8644,59.28
219.600,measure,4984.0,976.0,4.8644,59.53
219.700,measure,4984.0,976.0,4.8644,59.44
219.800,measure,4984.0,976.0,4.8644,59.34
219.900,measure,4984.0,976.0,4.8644,59.41
220.000,measure,4984.0,976.0,4.8644,59.41
220.100,measure,4984.0,976.0,4.8644,59.31
220.201,measure,4984.0,976.0,4.8644,59.34
220.301,measure,4984.0,976.0,4.8644,59.34
220.401,measure,4984.0,976.0,4.8644,59.28
220.501,measure,4984.0,976.0,4.8644,59.50
220.601,measure,4984.0,976.0,4.8644,59.41
220.701,measure,4984.0,976.0,4.8644,59.47
220.801,measure,4984.0,976.0,4.8644,59.41
220.901,measure,4984.0,976.0,4.8644,59.38
221.002,measure,4984.0,976.0,4.8644,59.34
221.102,measure,4984.0,976.0,4.8644,59.31
221.202,measure,4984.0,976.0,4.8644,59.38
221.302,measure,4984.0,976.0,4.8644,59.38
221.402,measure,4984.0,976.0,4.8644,59.47
221.502,measure,4984.0,976.0,4.8644,59.47
221.602,measure,4984.0,976.0,4.8644,59.41
221.703,measure,4984.0,976.0,4.8644,59.34
221.803,measure,4984.0,976.0,4.8644,59.41
221.903,measure,4984.0,976.0,4.8644,59.38
222.003,measure,4984.0,976.0,4.8644,59.38
222.103,measure,4984.0,976.0,4.8644,59.28
222.203,measure,4984.0,976.0,4.8644,59.28
222.303,measure,4984.0,976.0,4.8644,59.50
222.404,measure,4984.0,976.0,4.8644,59.47
222.504,measure,4984.0,976.0,4.8644,59.50
222.604,measure,4984.0,976.0,4.8644,59.41
222.704,measure,4984.0,976.0,4.8644,59.41
222.804,measure,4984.0,976.0,4.8644,59.41
222.904,measure,4984.0,976.0,4.8644,59.34
223.004,measure,4984.0,976.0,4.8644,59.28
223.104,measure,4984.0,976.0,4.8644,59.28
223.205,measure,4984.0,976.0,4.8644,59.28
223.305,measure,4984.0,976.0,4.8644,59.53
223.405,measure,4984.0,976.0,4.8644,59.44
223.505,measure,4984.0,976.0,4.8644,59.44
223.605,measure,4984.0,976.0,4.8644,59.41
223.705,measure,4984.0,976.0,4.8644,59.41
223.805,measure,4984.0,976.0,4.8644,59.31
223.906,measure,4984.0,976.0,4.8644,59.28
224.006,measure,4984.0,976.0,4.8644,59.41
224.106,measure,4984.0,976.0,4.8644,59.31
224.206,measure,4984.0,976.0,4.8644,59.44
224.306,measure,4984.0,976.0,4.8644,59.41
224.406,measure,4984.0,976.0,4.8644,59.41
224.506,measure,4984.0,976.0,4.8644,59.41
224.607,measure,4984.0,976.0,4.8644,59.41
224.707,measure,4984.0,976.0,4.8644,59.38
224.807,measure,4984.0,976.0,4.8644,59.31
224.907,measure,4984.0,976.0,4.8644,59.38
225.007,measure,4984.0,976.0,4.8644,59.31
225.107,measure,4984.0,976.0,4.8644,59.50
225.207,measure,4984.0,976.0,4.8644,59.41
225.308,measure,4984.0,976.0,4.8644,59.44
225.408,measure,4984.0,976.0,4.8644,59.38
225.508,measure,4984.0,976.0,4.8644,59.41
225.608,measure,4984.0,976.0,4.8644,59.41
225.708,measure,4984.0,976.0,4.8644,59.34
225.808,measure,4984.0,984.0,4.9043,59.34
225.909,measure,4984.0,976.0,4.8644,59.34
226.009,measure,4984.0,984.0,4.9043,59.28
226.109,measure,4984.0,976.0,4.8644,59.41
226.209,measure,4984.0,976.0,4.8644,59.41
226.309,measure,4984.0,976.0,4.8644,59.44
226.409,measure,4984.0,976.0,4.8644,59.38
226.509,measure,4984.0,976.0,4.8644,59.38
226.610,measure,4984.0,976.0,4.8644,59.28
226.710,measure,4984.0,976.0,4.8644,59.41
226.810,measure,4984.0,976.0,4.8644,59.31
226.910,measure,4984.0,976.0,4.8644,59.31
227.010,measure,4984.0,976.0,4.8644,59.53
227.110,measure,4984.0,976.0,4.8644,59.47
227.210,measure,4984.0,976.0,4.8644,59.44
227.311,measure,4984.0,976.0,4.8644,59.34
227.411,measure,4984.0,976.0,4.8644,59.34
227.511,measure,4984.0,976.0,4.8644,59.34
227.611,measure,4984.0,976.0,4.8644,59.34
227.711,measure,4984.0,976.0,4.8644,59.28
227.811,measure,4984.0,984.0,4.9043,59.31
227.911,measure,4984.0,976.0,4.8644,59.41
228.012,measure,4984.0,976.0,4.8644,59.41
228.112,measure,4984.0,976.0,4.8644,59.41
228.212,measure,4984.0,976.0,4.8644,59.31
228.312,measure,4984.0,976.0,4.8644,59.28
228.412,measure,4984.0,976.0,4.8644,59.31
228.512,measure,4984.0,976.0,4.8644,59.38
228.612,measure,4984.0,976.0,4.8644,59.28
228.713,measure,4984.0,976.0,4.8644,59.34
228.813,measure,4984.0,976.0,4.8644,59.41
228.913,measure,4984.0,976.0,4.8644,59.47
229.013,measure,4984.0,976.0,4.8644,59.41
229.113,measure,4984.0,976.0,4.8644,59.38
229.213,measure,4984.0,976.0,4.8644,59.31
229.314,measure,4984.0,976.0,4.8644,59.31
229.414,measure,4984.0,976.0,4.8644,59.34
229.514,measure,4984.0,976.0,4.8644,59.28
229.614,measure,4984.0,976.0,4.8644,59.34
229.714,measure,4984.0,984.0,4.9043,59.47
229.814,measure,4984.0,984.0,4.9043,59.44
229.914,measure,4984.0,984.0,4.9043,59.44
230.015,measure,4984.0,984.0,4.9043,59.41
230.115,measure,4984.0,984.0,4.9043,59.38
230.215,measure,4984.0,984.0,4.9043,59.31
230.315,measure,4984.0,984.0,4.9043,59.28
230.415,measure,4984.0,984.0,4.9043,59.34
230.515,measure,4984.0,984.0,4.9043,59.28
230.615,measure,4984.0,984.0,4.9043,59.50
230.716,measure,4984.0,984.0,4.9043,59.47
230.816,measure,4984.0,984.0,4.9043,59.47
230.916,measure,4984.0,984.0,4.9043,59.41
231.016,measure,4984.0,984.0,4.9043,59.41
231.116,measure,4984.0,984.0,4.9043,59.31
231.216,measure,4984.0,984.0,4.9043,59.41
231.317,measure,4984.0,984.0,4.9043,59.31
231.417,measure,4984.0,984.0,4.9043,59.44
231.517,measure,4984.0,984.0,4.9043,59.38
231.617,measure,4984.0,984.0,4.9043,59.34
231.717,measure,4984.0,984.0,4.9043,59.50
231.817,measure,4984.0,984.0,4.9043,59.44
231.918,measure,4984.0,984.0,4.9043,59.41
232.018,measure,4984.0,984.0,4.9043,59.41
232.118,measure,4984.0,984.0,4.9043,59.41
232.218,measure,4984.0,984.0,4.9043,59.34
232.318,measure,4984.0,976.0,4.8644,59.41
232.418,measure,4984.0,984.0,4.9043,59.28
232.518,measure,4984.0,976.0,4.8644,59.44
232.619,measure,4984.0,984.0,4.9043,59.47
232.719,measure,4984.0,976.0,4.8644,59.41
232.819,measure,4984.0,984.0,4.9043,59.38
232.919,measure,4984.0,984.0,4.9043,59.38
233.019,measure,4984.0,984.0,4.9043,59.38
233.119,measure,4984.0,976.0,4.8644,59.41
233.219,measure,4984.0,984.0,4.9043,59.31
233.320,measure,4984.0,976.0,4.8644,59.41
233.420,measure,4984.0,984.0,4.9043,59.44
233.520,measure,4984.0,976.0,4.8644,59.47
233.621,measure,4984.0,984.0,4.9043,59.41
233.721,measure,4984.0,976.0,4.8644,59.41
233.821,measure,4984.0,984.0,4.9043,59.41
233.921,measure,4984.0,984.0,4.9043,59.28
234.021,measure,4984.0,984.0,4.9043,59.38
234.121,measure,4984.0,984.0,4.9043,59.28
234.222,measure,4984.0,984.0,4.9043,59.31
234.322,measure,4984.0,984.0,4.9043,59.50
234.422,measure,4984.0,984.0,4.9043,59.44
234.522,measure,4984.0,984.0,4.9043,59.47
234.622,measure,4984.0,984.0,4.9043,59.41
234.722,measure,4984.0,984.0,4.9043,59.44
234.822,measure,4984.0,984.0,4.9043,59.41
234.923,measure,4984.0,984.0,4.9043,59.31
235.023,measure,4984.0,984.0,4.9043,59.31
235.123,measure,4984.0,984.0,4.9043,59.31
235.223,measure,4984.0,984.0,4.9043,59.44
235.323,measure,4984.0,984.0,4.9043,59.44
235.423,measure,4984.0,984.0,4.9043,59.41
235.523,measure,4984.0,984.0,4.9043,59.41
235.623,measure,4984.0,984.0,4.9043,59.41
235.724,measure,4984.0,984.0,4.9043,59.38
235.824,measure,4984.0,984.0,4.9043,59.41
235.924,measure,4984.0,984.0,4.9043,59.41
236.024,measure,4984.0,984.0,4.9043,59.31
236.124,measure,4984.0,984.0,4.9043,59.47
236.224,measure,4984.0,984.0,4.9043,59.41
236.324,measure,4984.0,984.0,4.9043,59.53
236.425,measure,4984.0,984.0,4.9043,59.50
236.525,measure,4984.0,984.0,4.9043,59.41
236.625,measure,4984.0,984.0,4.9043,59.38
236.725,measure,4984.0,976.0,4.8644,59.38
236.825,measure,4984.0,984.0,4.9043,59.38
236.925,measure,4984.0,984.0,4.9043,59.38
237.025,measure,4984.0,984.0,4.9043,59.50
237.125,measure,4984.0,984.0,4.9043,59.50
237.226,measure,4984.0,984.0,4.9043,59.47
237.326,measure,4984.0,984.0,4.9043,59.44
237.426,measure,4984.0,984.0,4.9043,59.41
237.526,measure,4984.0,984.0,4.9043,59.38
237.626,measure,4984.0,984.0,4.9043,59.31
237.726,measure,4984.0,984.0,4.9043,59.41
237.826,measure,4984.0,984.0,4.9043,59.34
237.927,measure,4984.0,984.0,4.9043,59.56
238.027,measure,4984.0,984.0,4.9043,59.53
238.127,measure,4984.0,984.0,4.9043,59.47
238.227,measure,4984.0,984.0,4.9043,59.41
238.327,measure,4984.0,984.0,4.9043,59.41
238.427,measure,4984.0,984.0,4.9043,59.38
238.527,measure,4984.0,984.0,4.9043,59.44
238.627,measure,4984.0,984.0,4.9043,59.28
238.728,measure,4984.0,984.0,4.9043,59.38
238.828,measure,4984.0,984.0,4.9043,59.59
238.928,measure,4984.0,984.0,4.9043,59.47
239.028,measure,4984.0,984.0,4.9043,59.53
239.128,measure,4984.0,984.0,4.9043,59.41
239.228,measure,4984.0,984.0,4.9043,59.41
239.328,measure,4984.0,984.0,4.9043,59.44
239.428,measure,4984.0,984.0,4.9043,59.31
239.529,measure,4984.0,984.0,4.9043,59.38
239.629,measure,4984.0,976.0,4.8644,59.31
239.729,measure,4984.0,976.0,4.8644,59.34
239.829,measure,4984.0,984.0,4.9043,59.53
239.929,measure,4984.0,984.0,4.9043,59.44
240.029,measure,4984.0,984.0,4.9043,59.41
240.129,measure,4984.0,984.0,4.9043,59.44
240.230,measure,4984.0,976.0,4.8644,59.31
240.330,measure,4984.0,984.0,4.9043,59.38
240.430,measure,4984.0,984.0,4.9043,59.31
240.530,measure,4984.0,984.0,4.9043,59.41
240.630,measure,4984.0,984.0,4.9043,59.38
240.730,measure,4984.0,976.0,4.8644,59.47
240.830,measure,4984.0,976.0,4.8644,59.41
240.930,measure,4984.0,984.0,4.9043,59.47
241.031,measure,4984.0,984.0,4.9043,59.44
241.131,measure,4984.0,984.0,4.9043,59.38
241.231,measure,4984.0,984.0,4.9043,59.38
241.331,measure,4984.0,984.0,4.9043,59.38
241.431,measure,4984.0,984.0,4.9043,59.28
241.531,measure,4984.0,984.0,4.9043,59.28
241.631,measure,4984.0,984.0,4.9043,59.22
241.732,measure,4984.0,984.0,4.9043,59.50
241.832,measure,4984.0,984.0,4.9043,59.44
241.932,measure,4984.0,984.0,4.9043,59.47
242.032,measure,4984.0,984.0,4.9043,59.34
242.132,measure,4984.0,984.0,4.9043,59.34
242.232,measure,4984.0,984.0,4.9043,59.28
242.332,measure,4984.0,984.0,4.9043,59.41
242.432,measure,4984.0,984.0,4.9043,59.34
242.533,measure,4984.0,984.0,4.9043,59.38
242.633,measure,4984.0,984.0,4.9043,59.41
242.733,measure,4984.0,976.0,4.8644,59.44
242.833,measure,4984.0,976.0,4.8644,59.41
242.933,measure,4984.0,984.0,4.9043,59.38
243.033,measure,4984.0,984.0,4.9043,59.41
243.133,measure,4984.0,984.0,4.9043,59.31
243.233,measure,4984.0,984.0,4.9043,59.34
243.334,measure,4984.0,984.0,4.9043,59.34
243.434,measure,4984.0,984.0,4.9043,59.34
243.534,measure,4984.0,984.0,4.9043,59.47
243.634,measure,4984.0,984.0,4.9043,59.44
243.734,measure,4984.0,984.0,4.9043,59.41
243.834,measure,4984.0,984.0,4.9043,59.41
243.934,measure,4984.0,984.0,4.9043,59.34
244.035,measure,4984.0,984.0,4.9043,59.31
244.135,measure,4984.0,984.0,4.9043,59.34
244.235,measure,4984.0,976.0,4.8644,59.41
244.335,measure,4984.0,976.0,4.8644,59.34
244.435,measure,4984.0,976.0,4.8644,59.47
244.535,measure,4984.0,976.0,4.8644,59.44
244.635,measure,4984.0,976.0,4.8644,59.34
244.735,measure,4984.0,976.0,4.8644,59.41
244.836,measure,4984.0,976.0,4.8644,59.41
244.936,measure,4984.0,976.0,4.8644,59.34
245.036,measure,4984.0,976.0,4.8644,59.34
245.136,measure,4984.0,976.0,4.8644,59.38
245.236,measure,4984.0,976.0,4.8644,59.31
245.336,measure,4984.0,976.0,4.8644,59.44
245.436,measure,4984.0,976.0,4.8644,59.50
245.537,measure,4984.0,976.0,4.8644,59.41
245.637,measure,4984.0,976.0,4.8644,59.41
245.737,measure,4984.0,976.0,4.8644,59.44
245.837,measure,4984.0,976.0,4.8644,59.38
245.937,measure,4984.0,976.0,4.8644,59.41
246.037,measure,4984.0,976.0,4.8644,59.41
246.137,measure,4984.0,976.0,4.8644,59.38
246.237,measure,4984.0,976.0,4.8644,59.44
246.338,measure,4984.0,976.0,4.8644,59.44
246.438,measure,4984.0,976.0,4.8644,59.53
246.538,measure,4984.0,976.0,4.8644,59.47
246.638,measure,4984.0,976.0,4.8644,59.41
246.738,measure,4984.0,976.0,4.8644,59.41
246.838,measure,4984.0,976.0,4.8644,59.41
246.938,measure,4984.0,976.0,4.8644,59.31
247.039,measure,4984.0,976.0,4.8644,59.34
247.139,measure,4984.0,984.0,4.9043,59.47
247.239,measure,4984.0,976.0,4.8644,59.47
247.339,measure,4984.0,976.0,4.8644,59.41
247.439,measure,4984.0,976.0,4.8644,59.34
247.539,measure,4984.0,984.0,4.9043,59.41
247.639,measure,4984.0,976.0,4.8644,59.38
247.740,measure,4984.0,976.0,4.8644,59.41
247.840,measure,4984.0,976.0,4.8644,59.38
247.940,measure,4984.0,976.0,4.8644,59.38
248.040,measure,4984.0,976.0,4.8644,59.50
248.140,measure,4984.0,984.0,4.9043,59.44
248.241,measure,4984.0,976.0,4.8644,59.50
248.341,measure,4984.0,984.0,4.9043,59.41
248.441,measure,4984.0,976.0,4.8644,59.44
248.541,measure,4984.0,976.0,4.8644,59.41
248.641,measure,4984.0,976.0,4.8644,59.38
248.741,measure,4984.0,976.0,4.8644,59.41
248.842,measure,4984.0,976.0,4.8644,59.38
248.942,measure,4984.0,976.0,4.8644,59.50
249.042,measure,4984.0,976.0,4.8644,59.47
249.142,measure,4984.0,976.0,4.8644,59.44
249.242,measure,4984.0,976.0,4.8644,59.41
249.342,measure,4984.0,976.0,4.8644,59.38
249.442,measure,4984.0,976.0,4.8644,59.41
249.543,measure,4984.0,976.0,4.8644,59.38
249.643,measure,4984.0,976.0,4.8644,59.34
249.743,measure,4984.0,976.0,4.8644,59.41
249.843,measure,4984.0,976.0,4.8644,59.50
249.943,measure,4984.0,976.0,4.8644,59.47
250.043,measure,4984.0,976.0,4.8644,59.50
250.143,measure,4984.0,976.0,4.8644,59.41
250.244,measure,4984.0,976.0,4.8644,59.41
250.344,measure,4984.0,976.0,4.8644,59.41
250.444,measure,4984.0,976.0,4.8644,59.41
250.544,measure,4984.0,976.0,4.8644,59.38
250.644,measure,4984.0,976.0,4.8644,59.38
250.744,measure,4984.0,976.0,4.8644,59.28
250.844,measure,4984.0,976.0,4.8644,59.50
250.945,measure,4984.0,984.0,4.9043,59.47
251.045,measure,4984.0,976.0,4.8644,59.44
251.145,measure,4984.0,976.0,4.8644,59.41
251.245,measure,4984.0,984.0,4.9043,59.34
251.345,measure,4984.0,984.0,4.9043,59.41
251.445,measure,4984.0,976.0,4.8644,59.38
251.545,measure,4984.0,976.0,4.8644,59.31
251.646,measure,4984.0,976.0,4.8644,59.56
251.746,measure,4984.0,976.0,4.8644,59.47
251.846,measure,4984.0,976.0,4.8644,59.50
251.946,measure,4984.0,976.0,4.8644,59.44
252.046,measure,4984.0,976.0,4.8644,59.41
252.146,measure,4984.0,976.0,4.8644,59.41
252.246,measure,4984.0,976.0,4.8644,59.34
252.347,measure,4984.0,976.0,4.8644,59.41
252.447,measure,4984.0,976.0,4.8644,59.31
252.547,measure,4984.0,976.0,4.8644,59.56
252.647,measure,4984.0,976.0,4.8644,59.47
252.747,measure,4984.0,976.0,4.8644,59.56
252.847,measure,4984.0,976.0,4.8644,59.41
252.947,measure,4984.0,984.0,4.9043,59.44
253.047,measure,4984.0,976.0,4.8644,59.41
253.148,measure,4984.0,976.0,4.8644,59.41
253.248,measure,4984.0,976.0,4.8644,59.31
253.348,measure,4984.0,984.0,4.9043,59.41
253.448,measure,4984.0,984.0,4.9043,59.31
253.548,measure,4984.0,984.0,4.9043,59.53
253.648,measure,4984.0,976.0,4.8644,59.53
253.749,measure,4984.0,976.0,4.8644,59.44
253.849,measure,4984.0,976.0,4.8644,59.41
253.949,measure,4984.0,976.0,4.8644,59.41
254.049,measure,4984.0,976.0,4.8644,59.34
254.149,measure,4984.0,976.0,4.8644,59.38
254.249,measure,4984.0,976.0,4.8644,59.34
254.349,measure,4984.0,984.0,4.9043,59.41
254.450,measure,4984.0,976.0,4.8644,59.50
254.550,measure,4984.0,976.0,4.8644,59.47
254.650,measure,4984.0,976.0,4.8644,59.44
254.750,measure,4984.0,984.0,4.9043,59.44
254.850,measure,4984.0,976.0,4.8644,59.38
254.950,measure,4984.0,976.0,4.8644,59.41
255.050,measure,4984.0,976.0,4.8644,59.41
255.151,measure,4984.0,976.0,4.8644,59.38
255.251,measure,4984.0,976.0,4.8644,59.41
255.351,measure,4984.0,984.0,4.9043,59.53
255.451,measure,4984.0,984.0,4.9043,59.50
255.551,measure,4984.0,984.0,4.9043,59.50
255.651,measure,4984.0,984.0,4.9043,59.41
255.751,measure,4984.0,984.0,4.9043,59.41
255.852,measure,4984.0,976.0,4.8644,59.41
255.952,measure,4984.0,984.0,4.9043,59.31
256.052,measure,4984.0,976.0,4.8644,59.31
256.152,measure,4984.0,984.0,4.9043,59.38
256.252,measure,4984.0,976.0,4.8644,59.38
256.352,measure,4984.0,984.0,4.9043,59.56
256.452,measure,4984.0,984.0,4.9043,59.47
256.553,measure,4984.0,984.0,4.9043,59.41
256.653,measure,4984.0,984.0,4.9043,59.47
256.753,measure,4984.0,984.0,4.9043,59.38
256.854,measure,4984.0,984.0,4.9043,59.41
256.954,measure,4984.0,984.0,4.9043,59.34
257.054,measure,4984.0,984.0,4.9043,59.38
257.154,measure,4984.0,984.0,4.9043,59.28
257.254,measure,4984.0,984.0,4.9043,59.56
257.354,measure,4984.0,984.0,4.9043,59.50
257.454,measure,4984.0,984.0,4.9043,59.47
257.555,measure,4984.0,984.0,4.9043,59.47
257.655,measure,4984.0,984.0,4.9043,59.41
257.755,measure,4984.0,984.0,4.9043,59.41
257.855,measure,4984.0,984.0,4.9043,59.41
257.955,measure,4984.0,984.0,4.9043,59.34
258.055,measure,4984.0,984.0,4.9043,59.31
258.155,measure,4984.0,984.0,4.9043,59.28
258.256,measure,4984.0,984.0,4.9043,59.56
258.356,measure,4984.0,984.0,4.9043,59.47
258.456,measure,4984.0,984.0,4.9043,59.44
258.556,measure,4984.0,984.0,4.9043,59.41
258.656,measure,4984.0,984.0,4.9043,59.38
258.756,measure,4984.0,984.0,4.9043,59.34
258.856,measure,4984.0,984.0,4.9043,59.34
258.957,measure,4984.0,984.0,4.9043,59.38
259.057,measure,4984.0,984.0,4.9043,59.34
259.157,measure,4984.0,984.0,4.9043,59.56
259.257,measure,4984.0,984.0,4.9043,59.47
259.357,measure,4984.0,984.0,4.9043,59.44
259.457,measure,4984.0,984.0,4.9043,59.41
259.557,measure,4984.0,984.0,4.9043,59.44
259.658,measure,4984.0,984.0,4.9043,59.41
259.758,measure,4984.0,984.0,4.9043,59.31
259.858,measure,4984.0,984.0,4.9043,59.34
259.958,measure,4984.0,984.0,4.9043,59.34
260.058,measure,4984.0,984.0,4.9043,59.59
260.158,measure,4984.0,984.0,4.9043,59.50
260.258,measure,4984.0,984.0,4.9043,59.41
260.358,measure,4984.0,984.0,4.9043,59.41
260.459,measure,4984.0,984.0,4.9043,59.41
260.559,measure,4984.0,984.0,4.9043,59.34
260.659,measure,4984.0,984.0,4.9043,59.28
260.759,measure,4984.0,984.0,4.9043,59.38
260.859,measure,4984.0,984.0,4.9043,59.34
260.959,measure,4984.0,984.0,4.9043,59.53
261.059,measure,4984.0,984.0,4.9043,59.41
261.160,measure,4984.0,984.0,4.9043,59.44
261.260,measure,4984.0,984.0,4.9043,59.44
261.360,measure,4984.0,984.0,4.9043,59.41
261.460,measure,4984.0,984.0,4.9043,59.41
261.560,measure,4984.0,984.0,4.9043,59.41
261.660,measure,4984.0,984.0,4.9043,59.34
261.760,measure,4984.0,984.0,4.9043,59.44
261.860,measure,4984.0,984.0,4.9043,59.50
261.961,measure,4984.0,984.0,4.9043,59.41
262.061,measure,4984.0,984.0,4.9043,59.44
262.161,measure,4984.0,976.0,4.8644,59.41
262.261,measure,4984.0,976.0,4.8644,59.44
262.361,measure,4984.0,976.0,4.8644,59.41
262.461,measure,4984.0,976.0,4.8644,59.34
262.561,measure,4984.0,976.0,4.8644,59.34
262.662,measure,4984.0,976.0,4.8644,59.34
262.762,measure,4984.0,976.0,4.8644,59.50
262.862,measure,4984.0,976.0,4.8644,59.50
262.962,measure,4984.0,976.0,4.8644,59.44
263.062,measure,4984.0,976.0,4.8644,59.44
263.162,measure,4984.0,976.0,4.8644,59.41
263.262,measure,4984.0,976.0,4.8644,59.41
263.362,measure,4984.0,976.0,4.8644,59.34
263.463,measure,4984.0,984.0,4.9043,59.31
263.563,measure,4984.0,984.0,4.9043,59.31
263.663,measure,4984.0,984.0,4.9043,59.47
263.763,measure,4984.0,984.0,4.9043,59.53
263.863,measure,4984.0,984.0,4.9043,59.44
263.963,measure,4984.0,984.0,4.9043,59.41
264.063,measure,4984.0,984.0,4.9043,59.41
264.164,measure,4984.0,976.0,4.8644,59.41
264.264,measure,4984.0,976.0,4.8644,59.38
264.364,measure,4984.0,976.0,4.8644,59.38
264.464,measure,4984.0,976.0,4.8644,59.28
264.564,measure,4984.0,984.0,4.9043,59.50
264.664,measure,4984.0,976.0,4.8644,59.50
264.764,measure,4984.0,976.0,4.8644,59.41
264.864,measure,4984.0,976.0,4.8644,59.41
264.965,measure,4984.0,976.0,4.8644,59.41
265.065,measure,4984.0,976.0,4.8644,59.41
265.165,measure,4984.0,976.0,4.8644,59.38
265.265,measure,4984.0,984.0,4.9043,59.41
265.365,measure,4984.0,976.0,4.8644,59.41
265.465,measure,4984.0,984.0,4.9043,59.53
265.565,measure,4984.0,984.0,4.9043,59.44
265.665,measure,4984.0,984.0,4.9043,59.47
265.766,measure,4984.0,984.0,4.9043,59.41
265.866,measure,4984.0,984.0,4.9043,59.41
265.966,measure,4984.0,984.0,4.9043,59.41
266.066,measure,4984.0,984.0,4.9043,59.41
266.166,measure,4984.0,976.0,4.8644,59.41
266.266,measure,4984.0,976.0,4.8644,59.38
266.366,measure,4984.0,984.0,4.9043,59.53
266.467,measure,4984.0,984.0,4.9043,59.53
266.567,measure,4984.0,984.0,4.9043,59.53
266.667,measure,4984.0,984.0,4.9043,59.41
266.767,measure,4984.0,984.0,4.9043,59.38
266.867,measure,4984.0,984.0,4.9043,59.41
266.967,measure,4984.0,984.0,4.9043,59.38
267.067,measure,4984.0,984.0,4.9043,59.34
267.168,measure,4984.0,984.0,4.9043,59.34
267.268,measure,4984.0,984.0,4.9043,59.56
267.368,measure,4984.0,984.0,4.9043,59.53
267.468,measure,4984.0,984.0,4.9043,59.50
267.568,measure,4984.0,984.0,4.9043,59.44
267.668,measure,4984.0,984.0,4.9043,59.47
267.768,measure,4984.0,984.0,4.9043,59.34
267.869,measure,4984.0,984.0,4.9043,59.44
267.969,measure,4984.0,984.0,4.9043,59.41
268.069,measure,4984.0,984.0,4.9043,59.31
268.169,measure,4984.0,984.0,4.9043,59.53
268.269,measure,4984.0,984.0,4.9043,59.53
268.369,measure,4984.0,984.0,4.9043,59.47
268.469,measure,4984.0,984.0,4.9043,59.41
268.569,measure,4984.0,976.0,4.8644,59.44
268.670,measure,4984.0,984.0,4.9043,59.28
268.770,measure,4984.0,984.0,4.9043,59.41
268.870,measure,4984.0,984.0,4.9043,59.38
268.970,measure,4984.0,976.0,4.8644,59.41
269.070,measure,4984.0,976.0,4.8644,59.50
269.170,measure,4984.0,976.0,4.8644,59.50
269.270,measure,4984.0,976.0,4.8644,59.53
269.371,measure,4984.0,976.0,4.8644,59.41
269.471,measure,4984.0,976.0,4.8644,59.41
269.571,measure,4984.0,976.0,4.8644,59.38
269.671,measure,4984.0,976.0,4.8644,59.41
269.771,measure,4984.0,976.0,4.8644,59.38
269.871,measure,4984.0,976.0,4.8644,59.34
269.971,measure,4984.0,976.0,4.8644,59.38
270.072,measure,4984.0,984.0,4.9043,59.50
270.172,measure,4984.0,976.0,4.8644,59.53
270.272,measure,4984.0,976.0,4.8644,59.41
270.372,measure,4984.0,976.0,4.8644,59.50
270.472,measure,4984.0,976.0,4.8644,59.44
270.572,measure,4984.0,976.0,4.8644,59.38
270.672,measure,4984.0,984.0,4.9043,59.41
270.772,measure,4984.0,976.0,4.8644,59.34
270.873,measure,4984.0,976.0,4.8644,59.41
270.973,measure,4984.0,976.0,4.8644,59.59
271.073,measure,4984.0,976.0,4.8644,59.44
271.173,measure,4984.0,976.0,4.8644,59.50
271.273,measure,4984.0,976.0,4.8644,59.44
271.374,measure,4984.0,976.0,4.8644,59.44
271.474,measure,4984.0,976.0,4.8644,59.41
271.574,measure,4984.0,984.0,4.9043,59.34
271.674,measure,4984.0,984.0,4.9043,59.41
271.774,measure,4984.0,984.0,4.9043,59.41
271.874,measure,4984.0,984.0,4.9043,59.38
271.974,measure,4984.0,976.0,4.8644,59.50
272.075,measure,4984.0,976.0,4.8644,59.47
272.175,measure,4984.0,976.0,4.8644,59.44
272.275,measure,4984.0,976.0,4.8644,59.41
272.375,measure,4984.0,976.0,4.8644,59.41
272.475,measure,4984.0,976.0,4.8644,59.41
272.575,measure,4984.0,976.0,4.8644,59.41
272.675,measure,4984.0,976.0,4.8644,59.41
272.776,measure,4984.0,976.0,4.8644,59.38
272.876,measure,4984.0,976.0,4.8644,59.53
272.976,measure,4984.0,976.0,4.8644,59.53
273.076,measure,4984.0,976.0,4.8644,59.50
273.176,measure,4984.0,976.0,4.8644,59.47
273.276,measure,4984.0,976.0,4.8644,59.41
273.376,measure,4984.0,976.0,4.8644,59.41
273.476,measure,4984.0,976.0,4.8644,59.38
273.577,measure,4984.0,976.0,4.8644,59.41
273.677,measure,4984.0,976.0,4.8644,59.41
273.777,measure,4984.0,984.0,4.9043,59.66
273.877,measure,4984.0,984.0,4.9043,59.50
273.977,measure,4984.0,984.0,4.9043,59.47
274.077,measure,4984.0,984.0,4.9043,59.41
274.177,measure,4984.0,984.0,4.9043,59.41
274.278,measure,4984.0,984.0,4.9043,59.41
274.378,measure,4984.0,984.0,4.9043,59.38
274.478,measure,4984.0,984.0,4.9043,59.34
274.578,measure,4984.0,984.0,4.9043,59.41
274.678,measure,4984.0,984.0,4.9043,59.53
274.778,measure,4984.0,984.0,4.9043,59.50
274.878,measure,4984.0,984.0,4.9043,59.47
274.979,measure,4984.0,984.0,4.9043,59.44
275.079,measure,4984.0,984.0,4.9043,59.41
275.179,measure,4984.0,976.0,4.8644,59.38
275.279,measure,4984.0,984.0,4.9043,59.41
275.379,measure,4984.0,976.0,4.8644,59.41
275.479,measure,4984.0,984.0,4.9043,59.34
275.579,measure,4984.0,976.0,4.8644,59.50
275.680,measure,4984.0,984.0,4.9043,59.47
275.780,measure,4984.0,984.0,4.9043,59.47
275.880,measure,4984.0,984.0,4.9043,59.44
275.980,measure,4984.0,984.0,4.9043,59.44
276.080,measure,4984.0,984.0,4.9043,59.41
276.180,measure,4984.0,984.0,4.9043,59.41
276.280,measure,4984.0,984.0,4.9043,59.41
276.381,measure,4984.0,976.0,4.8644,59.34
276.481,measure,4984.0,984.0,4.9043,59.50
276.581,measure,4984.0,976.0,4.8644,59.50
276.681,measure,4984.0,984.0,4.9043,59.50
276.781,measure,4984.0,976.0,4.8644,59.41
276.881,measure,4984.0,984.0,4.9043,59.41
276.982,measure,4984.0,984.0,4.9043,59.41
277.082,measure,4984.0,976.0,4.8644,59.41
277.182,measure,4984.0,976.0,4.8644,59.34
277.282,measure,4984.0,976.0,4.8644,59.38
277.382,measure,4984.0,976.0,4.8644,59.53
277.482,measure,4984.0,984.0,4.9043,59.50
277.582,measure,4984.0,976.0,4.8644,59.47
277.683,measure,4984.0,984.0,4.9043,59.47
277.783,measure,4984.0,976.0,4.8644,59.44
277.883,measure,4984.0,984.0,4.9043,59.41
277.983,measure,4984.0,984.0,4.9043,59.38
278.083,measure,4984.0,984.0,4.9043,59.34
278.183,measure,4984.0,984.0,4.9043,59.41
278.283,measure,4984.0,984.0,4.9043,59.28
278.384,measure,4984.0,984.0,4.9043,59.50
278.484,measure,4984.0,984.0,4.9043,59.44
278.584,measure,4984.0,984.0,4.9043,59.41
278.684,measure,4984.0,984.0,4.9043,59.47
278.784,measure,4984.0,984.0,4.9043,59.38
278.884,measure,4984.0,984.0,4.9043,59.38
278.984,measure,4984.0,984.0,4.9043,59.41
279.085,measure,4984.0,984.0,4.9043,59.34
279.185,measure,4984.0,984.0,4.9043,59.34
279.285,measure,4984.0,984.0,4.9043,59.62
279.385,measure,4984.0,984.0,4.9043,59.50
279.485,measure,4984.0,984.0,4.9043,59.50
279.585,measure,4984.0,984.0,4.9043,59.50
279.685,measure,4984.0,984.0,4.9043,59.38
279.786,measure,4984.0,984.0,4.9043,59.41
279.886,measure,4984.0,984.0,4.9043,59.41
279.986,measure,4984.0,984.0,4.9043,59.41
280.086,measure,4984.0,984.0,4.9043,59.34
280.186,measure,4984.0,984.0,4.9043,59.53
280.287,measure,4984.0,984.0,4.9043,59.47
280.387,measure,4984.0,984.0,4.9043,59.47
280.487,measure,4984.0,984.0,4.9043,59.44
280.587,measure,4984.0,984.0,4.9043,59.44
280.688,measure,4984.0,984.0,4.9043,59.38
280.788,measure,4984.0,984.0,4.9043,59.38
280.888,measure,4984.0,984.0,4.9043,59.41
280.988,measure,4984.0,984.0,4.9043,59.34
281.088,measure,4984.0,984.0,4.9043,59.53
281.188,measure,4984.0,984.0,4.9043,59.47
281.288,measure,4984.0,984.0,4.9043,59.41
281.389,measure,4984.0,984.0,4.9043,59.38
281.489,measure,4984.0,984.0,4.9043,59.41
281.589,measure,4984.0,984.0,4.9043,59.44
281.689,measure,4984.0,984.0,4.9043,59.38
281.789,measure,4984.0,984.0,4.9043,59.41
281.889,measure,4984.0,984.0,4.9043,59.34
281.989,measure,4984.0,984.0,4.9043,59.53
282.090,measure,4984.0,984.0,4.9043,59.59
282.190,measure,4984.0,984.0,4.9043,59.56
282.290,measure,4984.0,984.0,4.9043,59.50
282.390,measure,4984.0,984.0,4.9043,59.44
282.490,measure,4984.0,984.0,4.9043,59.41
282.590,measure,4984.0,984.0,4.9043,59.38
282.690,measure,4984.0,984.0,4.9043,59.34
282.791,measure,4984.0,984.0,4.9043,59.38
282.891,measure,4984.0,984.0,4.9043,59.53
282.991,measure,4984.0,984.0,4.9043,59.59
283.091,measure,4984.0,984.0,4.9043,59.50
283.191,measure,4984.0,984.0,4.9043,59.50
283.291,measure,4984.0,984.0,4.9043,59.44
283.391,measure,4984.0,984.0,4.9043,59.41
283.492,measure,4984.0,984.0,4.9043,59.41
283.592,measure,4984.0,984.0,4.9043,59.41
283.692,measure,4984.0,984.0,4.9043,59.31
283.792,measure,4984.0,984.0,4.9043,59.59
283.892,measure,4984.0,984.0,4.9043,59.56
283.992,measure,4984.0,984.0,4.9043,59.56
284.092,measure,4984.0,984.0,4.9043,59.50
284.193,measure,4984.0,984.0,4.9043,59.44
284.293,measure,4984.0,984.0,4.9043,59.41
284.393,measure,4984.0,984.0,4.9043,59.44
284.493,measure,4984.0,984.0,4.9043,59.38
284.593,measure,4984.0,984.0,4.9043,59.41
284.693,measure,4984.0,984.0,4.9043,59.59
284.793,measure,4984.0,984.0,4.9043,59.59
284.893,measure,4984.0,976.0,4.8644,59.41
284.994,measure,4984.0,976.0,4.8644,59.44
285.094,measure,4984.0,984.0,4.9043,59.41
285.194,measure,4984.0,984.0,4.9043,59.47
285.294,measure,4984.0,976.0,4.8644,59.41
285.394,measure,4984.0,984.0,4.9043,59.41
285.494,measure,4984.0,976.0,4.8644,59.41
285.594,measure,4984.0,984.0,4.9043,59.41
285.695,measure,4984.0,976.0,4.8644,59.56
285.795,measure,4984.0,976.0,4.8644,59.53
285.895,measure,4984.0,976.0,4.8644,59.47
285.995,measure,4984.0,984.0,4.9043,59.44
286.095,measure,4984.0,984.0,4.9043,59.47
286.195,measure,4984.0,984.0,4.9043,59.50
286.295,measure,4984.0,984.0,4.9043,59.38
286.395,measure,4984.0,984.0,4.9043,59.41
286.496,measure,4984.0,984.0,4.9043,59.34
286.596,measure,4984.0,984.0,4.9043,59.50
286.696,measure,4984.0,984.0,4.9043,59.53
286.796,measure,4984.0,976.0,4.8644,59.47
286.896,measure,4984.0,976.0,4.8644,59.47
286.996,measure,4984.0,976.0,4.8644,59.44
287.096,measure,4984.0,984.0,4.9043,59.38
287.197,measure,4984.0,976.0,4.8644,59.41
287.297,measure,4984.0,976.0,4.8644,59.38
287.397,measure,4984.0,976.0,4.8644,59.38
287.497,measure,4984.0,976.0,4.8644,59.56
287.597,measure,4984.0,976.0,4.8644,59.59
287.697,measure,4984.0,976.0,4.8644,59.44
287.798,measure,4984.0,976.0,4.8644,59.50
287.898,measure,4984.0,976.0,4.8644,59.38
287.998,measure,4984.0,976.0,4.8644,59.44
288.098,measure,4984.0,984.0,4.9043,59.44
288.198,measure,4984.0,984.0,4.9043,59.41
288.298,measure,4984.0,984.0,4.9043,59.41
288.398,measure,4984.0,984.0,4.9043,59.34
288.499,measure,4984.0,984.0,4.9043,59.50
288.599,measure,4984.0,984.0,4.9043,59.53
288.699,measure,4984.0,976.0,4.8644,59.50
288.799,measure,4984.0,976.0,4.8644,59.41
288.899,measure,4984.0,976.0,4.8644,59.44
288.999,measure,4984.0,984.0,4.9043,59.41
289.099,measure,4984.0,984.0,4.9043,59.38
289.199,measure,4984.0,984.0,4.9043,59.38
289.300,measure,4984.0,984.0,4.9043,59.28
289.400,measure,4984.0,976.0,4.8644,59.53
289.500,measure,4984.0,976.0,4.8644,59.53
289.600,measure,4984.0,976.0,4.8644,59.50
289.700,measure,4984.0,976.0,4.8644,59.47
289.800,measure,4984.0,976.0,4.8644,59.47
289.900,measure,4984.0,976.0,4.8644,59.41
290.001,measure,4984.0,976.0,4.8644,59.34
290.101,measure,4984.0,976.0,4.8644,59.41
290.201,measure,4984.0,976.0,4.8644,59.28
290.301,measure,4984.0,976.0,4.8644,59.47
290.401,measure,4984.0,984.0,4.9043,59.50
290.501,measure,4984.0,984.0,4.9043,59.50
290.601,measure,4984.0,984.0,4.9043,59.41
290.701,measure,4984.0,984.0,4.9043,59.44
290.802,measure,4984.0,984.0,4.9043,59.41
290.902,measure,4984.0,976.0,4.8644,59.41
291.002,measure,4984.0,976.0,4.8644,59.38
291.102,measure,4984.0,976.0,4.8644,59.34
291.202,measure,4984.0,984.0,4.9043,59.47
291.302,measure,4984.0,976.0,4.8644,59.50
291.402,measure,4984.0,976.0,4.8644,59.44
291.503,measure,4984.0,976.0,4.8644,59.41
291.603,measure,4984.0,976.0,4.8644,59.41
291.703,measure,4984.0,976.0,4.8644,59.44
291.803,measure,4984.0,976.0,4.8644,59.41
291.903,measure,4984.0,976.0,4.8644,59.41
292.003,measure,4984.0,976.0,4.8644,59.41
292.103,measure,4984.0,976.0,4.8644,59.47
292.203,measure,4984.0,976.0,4.8644,59.56
292.304,measure,4984.0,976.0,4.8644,59.53
292.404,measure,4984.0,976.0,4.8644,59.47
292.504,measure,4984.0,976.0,4.8644,59.41
292.604,measure,4984.0,976.0,4.8644,59.44
292.704,measure,4984.0,976.0,4.8644,59.41
292.804,measure,4984.0,976.0,4.8644,59.41
292.904,measure,4984.0,976.0,4.8644,59.41
293.005,measure,4984.0,976.0,4.8644,59.53
293.105,measure,4984.0,976.0,4.8644,59.56
293.205,measure,4984.0,976.0,4.8644,59.47
293.305,measure,4984.0,976.0,4.8644,59.38
293.405,measure,4984.0,976.0,4.8644,59.41
293.505,measure,4984.0,976.0,4.8644,59.41
293.605,measure,4984.0,976.0,4.8644,59.41
293.705,measure,4984.0,976.0,4.8644,59.41
293.806,measure,4984.0,976.0,4.8644,59.34
293.906,measure,4984.0,976.0,4.8644,59.56
294.006,measure,4984.0,976.0,4.8644,59.50
294.106,measure,4984.0,976.0,4.8644,59.50
294.206,measure,4984.0,976.0,4.8644,59.41
294.306,measure,4984.0,976.0,4.8644,59.41
294.407,measure,4984.0,976.0,4.8644,59.41
294.507,measure,4984.0,976.0,4.8644,59.41
294.607,measure,4984.0,976.0,4.8644,59.38
294.707,measure,4984.0,976.0,4.8644,59.41
294.807,measure,4984.0,976.0,4.8644,59.50
294.907,measure,4984.0,976.0,4.8644,59.56
295.007,measure,4984.0,976.0,4.8644,59.56
295.108,measure,4984.0,976.0,4.8644,59.41
295.208,measure,4984.0,976.0,4.8644,59.38
295.308,measure,4984.0,976.0,4.8644,59.41
295.408,measure,4984.0,984.0,4.9043,59.44
295.508,measure,4984.0,976.0,4.8644,59.38
295.608,measure,4984.0,976.0,4.8644,59.38
295.708,measure,4984.0,976.0,4.8644,59.50
295.809,measure,4984.0,976.0,4.8644,59.56
295.909,measure,4984.0,976.0,4.8644,59.47
296.009,measure,4984.0,976.0,4.8644,59.44
296.109,measure,4984.0,976.0,4.8644,59.47
296.209,measure,4984.0,976.0,4.8644,59.41
296.309,measure,4984.0,984.0,4.9043,59.31
296.409,measure,4984.0,984.0,4.9043,59.41
296.510,measure,4984.0,984.0,4.9043,59.34
296.610,measure,4984.0,984.0,4.9043,59.56
296.710,measure,4984.0,984.0,4.9043,59.53
296.810,measure,4984.0,976.0,4.8644,59.56
296.910,measure,4984.0,976.0,4.8644,59.50
297.010,measure,4984.0,976.0,4.8644,59.47
297.110,measure,4984.0,976.0,4.8644,59.41
297.210,measure,4984.0,976.0,4.8644,59.41
297.311,measure,4984.0,984.0,4.9043,59.41
297.411,measure,4984.0,976.0,4.8644,59.31
297.511,measure,4984.0,976.0,4.8644,59.53
297.611,measure,4984.0,976.0,4.8644,59.53
297.711,measure,4984.0,976.0,4.8644,59.56
297.811,measure,4984.0,976.0,4.8644,59.50
297.911,measure,4984.0,976.0,4.8644,59.47
298.012,measure,4984.0,976.0,4.8644,59.50
298.112,measure,4984.0,976.0,4.8644,59.34
298.212,measure,4984.0,976.0,4.8644,59.44
298.312,measure,4984.0,976.0,4.8644,59.41
298.412,measure,4984.0,976.0,4.8644,59.59
298.512,measure,4984.0,976.0,4.8644,59.56
298.612,measure,4984.0,976.0,4.8644,59.53
298.713,measure,4984.0,976.0,4.8644,59.44
298.813,measure,4984.0,976.0,4.8644,59.44
298.913,measure,4984.0,976.0,4.8644,59.41
299.013,measure,4984.0,976.0,4.8644,59.44
299.113,measure,4984.0,976.0,4.8644,59.41
299.213,measure,4984.0,976.0,4.8644,59.41
299.313,measure,4984.0,976.0,4.8644,59.38
299.414,measure,4984.0,984.0,4.9043,59.59
299.514,measure,4984.0,984.0,4.9043,59.59
299.614,measure,4984.0,984.0,4.9043,59.50
299.714,measure,4984.0,976.0,4.8644,59.47
299.814,measure,4984.0,976.0,4.8644,59.41
299.914,measure,4984.0,976.0,4.8644,59.47
300.015,measure,4984.0,976.0,4.8644,59.44
300.115,measure,4984.0,976.0,4.8644,59.34
300.215,measure,4984.0,976.0,4.8644,59.41
300.315,measure,4984.0,976.0,4.8644,59.62
300.415,measure,4984.0,984.0,4.9043,59.53
300.515,measure,4984.0,984.0,4.9043,59.47
300.615,measure,4984.0,984.0,4.9043,59.53
300.716,measure,4984.0,976.0,4.8644,59.47
300.816,measure,4984.0,984.0,4.9043,59.44
300.916,measure,4984.0,976.0,4.8644,59.44
301.016,measure,4984.0,984.0,4.9043,59.41
301.116,measure,4984.0,976.0,4.8644,59.38
301.216,measure,4984.0,984.0,4.9043,59.41
301.317,measure,4984.0,976.0,4.8644,59.59
301.417,measure,4984.0,984.0,4.9043,59.53
301.517,measure,4984.0,984.0,4.9043,59.50
301.617,measure,4984.0,984.0,4.9043,59.41
301.717,measure,4984.0,976.0,4.8644,59.47
301.817,measure,4984.0,984.0,4.9043,59.44
301.917,measure,4984.0,984.0,4.9043,59.47
302.018,measure,4984.0,984.0,4.9043,59.41
302.118,measure,4984.0,976.0,4.8644,59.41
302.218,measure,4984.0,976.0,4.8644,59.56
302.318,measure,4984.0,976.0,4.8644,59.59
302.418,measure,4984.0,984.0,4.9043,59.47
302.518,measure,4984.0,976.0,4.8644,59.41
302.618,measure,4984.0,984.0,4.9043,59.41
302.719,measure,4984.0,984.0,4.9043,59.44
302.819,measure,4984.0,984.0,4.9043,59.41
302.919,measure,4984.0,976.0,4.8644,59.41
303.019,measure,4984.0,984.0,4.9043,59.41
303.119,measure,4984.0,976.0,4.8644,59.59
303.219,measure,4984.0,984.0,4.9043,59.47
303.320,measure,4984.0,976.0,4.8644,59.47
303.420,measure,4984.0,984.0,4.9043,59.50
303.520,measure,4984.0,984.0,4.9043,59.47
303.621,measure,4984.0,984.0,4.9043,59.38
303.721,measure,4984.0,984.0,4.9043,59.41
303.821,measure,4984.0,984.0,4.9043,59.41
303.921,measure,4984.0,984.0,4.9043,59.41
304.021,measure,4984.0,984.0,4.9043,59.41
304.121,measure,4984.0,984.0,4.9043,59.59
304.221,measure,4984.0,984.0,4.9043,59.53
304.322,measure,4984.0,984.0,4.9043,59.44
304.422,measure,4984.0,984.0,4.9043,59.41
304.522,measure,4984.0,984.0,4.9043,59.34
304.622,measure,4984.0,984.0,4.9043,59.34
304.722,measure,4984.0,984.0,4.9043,59.41
304.822,measure,4984.0,984.0,4.9043,59.38
304.922,measure,4984.0,984.0,4.9043,59.41
305.023,measure,4984.0,976.0,4.8644,59.53
305.123,measure,4984.0,976.0,4.8644,59.47
305.223,measure,4984.0,976.0,4.8644,59.47
305.323,measure,4984.0,976.0,4.8644,59.47
305.423,measure,4984.0,976.0,4.8644,59.44
305.523,measure,4984.0,984.0,4.9043,59.38
305.623,measure,4984.0,984.0,4.9043,59.34
305.724,measure,4984.0,984.0,4.9043,59.38
305.824,measure,4984.0,984.0,4.9043,59.38
305.924,measure,4984.0,984.0,4.9043,59.56
306.024,measure,4984.0,984.0,4.9043,59.47
306.124,measure,4984.0,984.0,4.9043,59.44
306.224,measure,4984.0,984.0,4.9043,59.47
306.324,measure,4984.0,984.0,4.9043,59.47
306.425,measure,4984.0,984.0,4.9043,59.41
306.525,measure,4984.0,984.0,4.9043,59.38
306.625,measure,4984.0,984.0,4.9043,59.38
306.725,measure,4984.0,976.0,4.8644,59.44
306.825,measure,4984.0,984.0,4.9043,59.50
306.925,measure,4984.0,984.0,4.9043,59.50
307.025,measure,4984.0,984.0,4.9043,59.50
307.125,measure,4984.0,976.0,4.8644,59.41
307.226,measure,4984.0,976.0,4.8644,59.41
307.326,measure,4984.0,976.0,4.8644,59.41
307.426,measure,4984.0,984.0,4.9043,59.38
307.526,measure,4984.0,984.0,4.9043,59.41
307.626,measure,4984.0,984.0,4.9043,59.34
307.726,measure,4984.0,984.0,4.9043,59.53
307.826,measure,4984.0,976.0,4.8644,59.50
307.927,measure,4984.0,984.0,4.9043,59.44
308.027,measure,4984.0,984.0,4.9043,59.44
308.127,measure,4984.0,976.0,4.8644,59.44
308.227,measure,4984.0,976.0,4.8644,59.34
308.327,measure,4984.0,976.0,4.8644,59.41
308.427,measure,4984.0,976.0,4.8644,59.41
308.527,measure,4984.0,976.0,4.8644,59.34
308.627,measure,4984.0,984.0,4.9043,59.56
308.728,measure,4984.0,976.0,4.8644,59.50
308.828,measure,4984.0,976.0,4.8644,59.50
308.928,measure,4984.0,976.0,4.8644,59.50
309.028,measure,4984.0,984.0,4.9043,59.44
309.128,measure,4984.0,984.0,4.9043,59.41
309.228,measure,4984.0,976.0,4.8644,59.41
309.328,measure,4984.0,976.0,4.8644,59.38
309.429,measure,4984.0,976.0,4.8644,59.38
309.529,measure,4984.0,984.0,4.9043,59.53
309.629,measure,4984.0,984.0,4.9043,59.50
309.729,measure,4984.0,984.0,4.9043,59.47
309.829,measure,4984.0,984.0,4.9043,59.47
309.929,measure,4984.0,984.0,4.9043,59.44
310.029,measure,4984.0,976.0,4.8644,59.41
310.129,measure,4984.0,976.0,4.8644,59.44
310.230,measure,4984.0,976.0,4.8644,59.41
310.330,measure,4984.0,976.0,4.8644,59.41
310.430,measure,4984.0,976.0,4.8644,59.59
310.530,measure,4984.0,976.0,4.8644,59.50
310.630,measure,4984.0,984.0,4.9043,59.50
310.730,measure,4984.0,976.0,4.8644,59.44
310.830,measure,4984.0,976.0,4.8644,59.41
310.931,measure,4984.0,976.0,4.8644,59.44
311.031,measure,4984.0,976.0,4.8644,59.41
311.131,measure,4984.0,976.0,4.8644,59.34
311.231,measure,4984.0,976.0,4.8644,59.41
311.331,measure,4984.0,976.0,4.8644,59.59
311.431,measure,4984.0,976.0,4.8644,59.50
311.531,measure,4984.0,976.0,4.8644,59.53
311.632,measure,4984.0,984.0,4.9043,59.41
311.732,measure,4984.0,984.0,4.9043,59.53
311.832,measure,4984.0,976.0,4.8644,59.47
311.932,measure,4984.0,976.0,4.8644,59.41
312.032,measure,4984.0,976.0,4.8644,59.34
312.132,measure,4984.0,976.0,4.8644,59.38
312.232,measure,4984.0,976.0,4.8644,59.38
312.332,measure,4984.0,976.0,4.8644,59.53
312.433,measure,4984.0,976.0,4.8644,59.56
312.533,measure,4984.0,976.0,4.8644,59.41
312.633,measure,4984.0,976.0,4.8644,59.44
312.733,measure,4984.0,976.0,4.8644,59.41
312.833,measure,4984.0,976.0,4.8644,59.47
312.933,measure,4984.0,976.0,4.8644,59.41
313.033,measure,4984.0,976.0,4.8644,59.41
313.134,measure,4984.0,976.0,4.8644,59.62
313.234,measure,4984.0,976.0,4.8644,59.50
313.334,measure,4984.0,976.0,4.8644,59.50
313.434,measure,4984.0,976.0,4.8644,59.44
313.534,measure,4984.0,976.0,4.8644,59.50
313.634,measure,4984.0,976.0,4.8644,59.41
313.734,measure,4984.0,976.0,4.8644,59.44
313.835,measure,4984.0,976.0,4.8644,59.47
313.935,measure,4984.0,992.0,4.9441,59.41
314.035,measure,4984.0,992.0,4.9441,59.59
314.135,measure,4984.0,1000.0,4.9840,59.56
314.235,measure,4984.0,1032.0,5.1435,59.53
314.335,measure,4984.0,1064.0,5.3030,59.47
314.435,measure,4976.0,1096.0,5.4537,59.47
314.536,measure,4976.0,1120.0,5.5731,59.44
314.636,measure,4976.0,1128.0,5.6129,59.44
314.736,measure,4976.0,1128.0,5.6129,59.44
314.836,measure,4976.0,1144.0,5.6925,59.41
314.936,measure,4976.0,1160.0,5.7722,59.62
315.036,measure,4976.0,1160.0,5.7722,59.62
315.136,measure,4976.0,1160.0,5.7722,59.59
315.237,measure,4976.0,1144.0,5.6925,59.47
315.337,measure,4976.0,1104.0,5.4935,59.53
315.437,measure,4976.0,1080.0,5.3741,59.53
315.537,measure,4984.0,1056.0,5.2631,59.41
315.637,measure,4984.0,1040.0,5.1834,59.44
315.737,measure,4984.0,1032.0,5.1435,59.47
315.838,measure,4984.0,1016.0,5.0637,59.41
315.938,measure,4984.0,1008.0,5.0239,59.59
316.038,measure,4984.0,1000.0,4.9840,59.66
316.138,measure,4984.0,1000.0,4.9840,59.53
316.238,measure,4984.0,992.0,4.9441,59.53
316.338,measure,4984.0,992.0,4.9441,59.47
316.439,measure,4984.0,992.0,4.9441,59.47
316.539,measure,4984.0,984.0,4.9043,59.44
316.639,measure,4984.0,984.0,4.9043,59.41
316.739,measure,4984.0,984.0,4.9043,59.44
316.839,measure,4984.0,984.0,4.9043,59.62
316.939,measure,4984.0,984.0,4.9043,59.59
317.039,measure,4984.0,984.0,4.9043,59.53
317.140,measure,4984.0,984.0,4.9043,59.50
317.240,measure,4984.0,984.0,4.9043,59.50
317.340,measure,4984.0,976.0,4.8644,59.41
317.440,measure,4984.0,976.0,4.8644,59.47
317.540,measure,4984.0,976.0,4.8644,59.44
317.640,measure,4984.0,976.0,4.8644,59.41
317.740,measure,4984.0,976.0,4.8644,59.56
317.841,measure,4984.0,984.0,4.9043,59.69
317.941,measure,4984.0,984.0,4.9043,59.56
318.041,measure,4984.0,984.0,4.9043,59.53
318.141,measure,4984.0,984.0,4.9043,59.50
318.241,measure,4984.0,976.0,4.8644,59.44
318.341,measure,4984.0,976.0,4.8644,59.41
318.441,measure,4984.0,976.0,4.8644,59.41
318.542,measure,4984.0,976.0,4.8644,59.41
318.642,measure,4984.0,976.0,4.8644,59.38
318.742,measure,4984.0,976.0,4.8644,59.62
318.842,measure,4984.0,976.0,4.8644,59.59
318.942,measure,4984.0,976.0,4.8644,59.47
319.042,measure,4984.0,976.0,4.8644,59.50
319.142,measure,4984.0,976.0,4.8644,59.50
319.243,measure,4984.0,976.0,4.8644,59.44
319.343,measure,4984.0,976.0,4.8644,59.38
319.443,measure,4984.0,976.0,4.8644,59.41
319.543,measure,4984.0,976.0,4.8644,59.41
319.643,measure,4984.0,976.0,4.8644,59.66
319.743,measure,4984.0,976.0,4.8644,59.53
319.843,measure,4984.0,984.0,4.9043,59.56
319.944,measure,4984.0,984.0,4.9043,59.50
320.044,measure,4984.0,984.0,4.9043,59.50
320.144,measure,4984.0,984.0,4.9043,59.47
320.244,measure,4984.0,976.0,4.8644,59.44
320.344,measure,4984.0,976.0,4.8644,59.41
320.444,measure,4984.0,976.0,4.8644,59.41
320.544,measure,4984.0,976.0,4.8644,59.38
320.644,measure,4984.0,976.0,4.8644,59.47
320.745,measure,4984.0,976.0,4.8644,59.53
320.845,measure,4984.0,976.0,4.8644,59.50
320.945,measure,4984.0,976.0,4.8644,59.41
321.045,measure,4984.0,976.0,4.8644,59.44
321.145,measure,4984.0,976.0,4.8644,59.41
321.245,measure,4984.0,976.0,4.8644,59.41
321.345,measure,4984.0,976.0,4.8644,59.38
321.446,measure,4984.0,976.0,4.8644,59.41
321.546,measure,4984.0,976.0,4.8644,59.56
321.646,measure,4984.0,976.0,4.8644,59.53
321.746,measure,4984.0,976.0,4.8644,59.56
321.846,measure,4984.0,976.0,4.8644,59.50
321.946,measure,4984.0,984.0,4.9043,59.47
322.046,measure,4984.0,976.0,4.8644,59.41
322.147,measure,4984.0,984.0,4.9043,59.47
322.247,measure,4984.0,984.0,4.9043,59.41
322.347,measure,4984.0,984.0,4.9043,59.41
322.447,measure,4984.0,984.0,4.9043,59.53
322.547,measure,4984.0,984.0,4.9043,59.50
322.647,measure,4984.0,984.0,4.9043,59.50
322.747,measure,4984.0,984.0,4.9043,59.44
322.848,measure,4984.0,984.0,4.9043,59.47
322.948,measure,4984.0,984.0,4.9043,59.38
323.048,measure,4984.0,984.0,4.9043,59.44
323.148,measure,4984.0,984.0,4.9043,59.41
323.248,measure,4984.0,984.0,4.9043,59.47
323.348,measure,4984.0,984.0,4.9043,59.53
323.448,measure,4984.0,984.0,4.9043,59.56
323.549,measure,4984.0,984.0,4.9043,59.50
323.649,measure,4984.0,976.0,4.8644,59.50
323.749,measure,4984.0,976.0,4.8644,59.50
323.849,measure,4984.0,976.0,4.8644,59.41
323.949,measure,4984.0,984.0,4.9043,59.47
324.049,measure,4984.0,984.0,4.9043,59.41
324.149,measure,4984.0,984.0,4.9043,59.41
324.250,measure,4984.0,984.0,4.9043,59.50
324.350,measure,4984.0,984.0,4.9043,59.56
324.450,measure,4984.0,984.0,4.9043,59.47
324.550,measure,4984.0,984.0,4.9043,59.47
324.650,measure,4984.0,984.0,4.9043,59.47
324.750,measure,4984.0,984.0,4.9043,59.41
324.850,measure,4984.0,984.0,4.9043,59.44
324.951,measure,4984.0,984.0,4.9043,59.50
325.051,measure,4984.0,984.0,4.9043,59.47
325.151,measure,4984.0,984.0,4.9043,59.41
325.251,measure,4984.0,984.0,4.9043,59.59
325.351,measure,4984.0,984.0,4.9043,59.47
325.451,measure,4984.0,984.0,4.9043,59.47
325.551,measure,4984.0,984.0,4.9043,59.47
325.652,measure,4984.0,984.0,4.9043,59.41
325.752,measure,4984.0,984.0,4.9043,59.41
325.852,measure,4984.0,984.0,4.9043,59.44
325.952,measure,4984.0,984.0,4.9043,59.38
326.052,measure,4984.0,984.0,4.9043,59.59
326.152,measure,4984.0,984.0,4.9043,59.50
326.252,measure,4984.0,984.0,4.9043,59.50
326.353,measure,4984.0,984.0,4.9043,59.53
326.453,measure,4984.0,984.0,4.9043,59.41
326.553,measure,4984.0,984.0,4.9043,59.44
326.653,measure,4984.0,984.0,4.9043,59.41
326.754,measure,4984.0,984.0,4.9043,59.41
326.854,measure,4984.0,984.0,4.9043,59.38
326.954,measure,4984.0,984.0,4.9043,59.56
327.054,measure,4984.0,984.0,4.9043,59.56
327.154,measure,4984.0,984.0,4.9043,59.53
327.254,measure,4984.0,984.0,4.9043,59.50
327.355,measure,4984.0,984.0,4.9043,59.47
327.455,measure,4984.0,984.0,4.9043,59.41
327.555,measure,4984.0,984.0,4.9043,59.47
327.655,measure,4984.0,984.0,4.9043,59.44
327.755,measure,4984.0,984.0,4.9043,59.38
327.855,measure,4984.0,984.0,4.9043,59.56
327.955,measure,4984.0,984.0,4.9043,59.53
328.056,measure,4984.0,984.0,4.9043,59.56
328.156,measure,4984.0,984.0,4.9043,59.50
328.256,measure,4984.0,984.0,4.9043,59.50
328.356,measure,4984.0,984.0,4.9043,59.41
328.456,measure,4984.0,984.0,4.9043,59.41
328.556,measure,4984.0,984.0,4.9043,59.38
328.656,measure,4984.0,984.0,4.9043,59.41
328.757,measure,4984.0,984.0,4.9043,59.59
328.857,measure,4984.0,984.0,4.9043,59.50
328.957,measure,4984.0,984.0,4.9043,59.53
329.057,measure,4984.0,984.0,4.9043,59.47
329.157,measure,4984.0,984.0,4.9043,59.44
329.257,measure,4984.0,984.0,4.9043,59.44
329.357,measure,4984.0,984.0,4.9043,59.44
329.458,measure,4984.0,984.0,4.9043,59.41
329.558,measure,4984.0,984.0,4.9043,59.31
329.658,measure,4984.0,984.0,4.9043,59.62
329.758,measure,4984.0,984.0,4.9043,59.62
329.858,measure,4984.0,984.0,4.9043,59.62
329.958,measure,4984.0,984.0,4.9043,59.50
330.058,measure,4984.0,984.0,4.9043,59.59
330.158,measure,4984.0,984.0,4.9043,59.41
330.259,measure,4984.0,984.0,4.9043,59.44
330.359,measure,4984.0,984.0,4.9043,59.44
330.459,measure,4984.0,984.0,4.9043,59.41
330.559,measure,4984.0,984.0,4.9043,59.59
330.659,measure,4984.0,984.0,4.9043,59.59
330.759,measure,4984.0,984.0,4.9043,59.56
330.859,measure,4984.0,984.0,4.9043,59.53
330.960,measure,4984.0,984.0,4.9043,59.53
331.060,measure,4984.0,984.0,4.9043,59.47
331.160,measure,4984.0,984.0,4.9043,59.44
331.260,measure,4984.0,984.0,4.9043,59.41
331.360,measure,4984.0,984.0,4.9043,59.41
331.460,measure,4984.0,984.0,4.9043,59.66
331.560,measure,4984.0,984.0,4.9043,59.53
331.661,measure,4984.0,984.0,4.9043,59.53
331.761,measure,4984.0,984.0,4.9043,59.44
331.861,measure,4984.0,984.0,4.9043,59.53
331.961,measure,4984.0,984.0,4.9043,59.41
332.061,measure,4984.0,984.0,4.9043,59.41
332.161,measure,4984.0,984.0,4.9043,59.38
332.261,measure,4984.0,984.0,4.9043,59.50
332.361,measure,4984.0,984.0,4.9043,59.41
332.462,measure,4984.0,984.0,4.9043,59.59
332.562,measure,4984.0,984.0,4.9043,59.62
332.662,measure,4984.0,976.0,4.8644,59.47
332.762,measure,4984.0,976.0,4.8644,59.47
332.862,measure,4984.0,976.0,4.8644,59.47
332.962,measure,4984.0,976.0,4.8644,59.41
333.062,measure,4984.0,976.0,4.8644,59.41
333.163,measure,4984.0,984.0,4.9043,59.41
333.263,measure,4984.0,984.0,4.9043,59.47
333.363,measure,4984.0,976.0,4.8644,59.53
333.463,measure,4984.0,984.0,4.9043,59.66
333.563,measure,4984.0,984.0,4.9043,59.47
333.663,measure,4984.0,984.0,4.9043,59.47
333.763,measure,4984.0,976.0,4.8644,59.41
333.864,measure,4984.0,976.0,4.8644,59.44
333.964,measure,4984.0,976.0,4.8644,59.47
334.064,measure,4984.0,976.0,4.8644,59.41
334.164,measure,4984.0,984.0,4.9043,59.41
334.264,measure,4984.0,984.0,4.9043,59.41
334.364,measure,4984.0,976.0,4.8644,59.59
334.464,measure,4984.0,976.0,4.8644,59.50
334.565,measure,4984.0,976.0,4.8644,59.50
334.665,measure,4984.0,976.0,4.8644,59.44
334.765,measure,4984.0,976.0,4.8644,59.44
334.865,measure,4984.0,976.0,4.8644,59.41
334.965,measure,4984.0,976.0,4.8644,59.38
335.065,measure,4984.0,976.0,4.8644,59.38
335.165,measure,4984.0,976.0,4.8644,59.44
335.265,measure,4984.0,976.0,4.8644,59.66
335.366,measure,4984.0,976.0,4.8644,59.50
335.466,measure,4984.0,976.0,4.8644,59.53
335.566,measure,4984.0,976.0,4.8644,59.41
335.666,measure,4984.0,976.0,4.8644,59.41
335.766,measure,4984.0,976.0,4.8644,59.38
335.866,measure,4984.0,976.0,4.8644,59.38
335.966,measure,4984.0,976.0,4.8644,59.41
336.067,measure,4984.0,976.0,4.8644,59.41
336.167,measure,4984.0,976.0,4.8644,59.59
336.267,measure,4984.0,976.0,4.8644,59.56
336.367,measure,4984.0,976.0,4.8644,59.44
336.467,measure,4984.0,976.0,4.8644,59.53
336.567,measure,4984.0,976.0,4.8644,59.44
336.668,measure,4984.0,976.0,4.8644,59.41
336.768,measure,4984.0,976.0,4.8644,59.41
336.868,measure,4984.0,976.0,4.8644,59.38
336.968,measure,4984.0,976.0,4.8644,59.41
337.068,measure,4984.0,976.0,4.8644,59.38
337.168,measure,4984.0,976.0,4.8644,59.50
337.268,measure,4984.0,984.0,4.9043,59.50
337.369,measure,4984.0,984.0,4.9043,59.50
337.469,measure,4984.0,984.0,4.9043,59.41
337.569,measure,4984.0,984.0,4.9043,59.38
337.669,measure,4984.0,984.0,4.9043,59.41
337.769,measure,4984.0,984.0,4.9043,59.41
337.869,measure,4984.0,984.0,4.9043,59.41
337.969,measure,4984.0,984.0,4.9043,59.34
338.070,measure,4984.0,984.0,4.9043,59.69
338.170,measure,4984.0,984.0,4.9043,59.53
338.270,measure,4984.0,984.0,4.9043,59.44
338.370,measure,4984.0,984.0,4.9043,59.47
338.470,measure,4984.0,984.0,4.9043,59.50
338.570,measure,4984.0,984.0,4.9043,59.44
338.670,measure,4984.0,984.0,4.9043,59.44
338.770,measure,4984.0,984.0,4.9043,59.34
338.871,measure,4984.0,984.0,4.9043,59.41
338.971,measure,4984.0,984.0,4.9043,59.53
339.071,measure,4984.0,984.0,4.9043,59.47
339.171,measure,4984.0,984.0,4.9043,59.50
339.271,measure,4984.0,984.0,4.9043,59.47
339.371,measure,4984.0,984.0,4.9043,59.47
339.472,measure,4984.0,984.0,4.9043,59.31
339.572,measure,4984.0,984.0,4.9043,59.44
339.672,measure,4984.0,984.0,4.9043,59.38
339.772,measure,4984.0,976.0,4.8644,59.34
339.872,measure,4984.0,976.0,4.8644,59.50
339.972,measure,4984.0,976.0,4.8644,59.47
340.072,measure,4984.0,976.0,4.8644,59.41
340.172,measure,4984.0,976.0,4.8644,59.44
340.273,measure,4984.0,976.0,4.8644,59.41
340.373,measure,4984.0,984.0,4.9043,59.34
340.473,measure,4984.0,984.0,4.9043,59.41
340.573,measure,4984.0,984.0,4.9043,59.41
340.673,measure,4984.0,976.0,4.8644,59.41
340.773,measure,4984.0,976.0,4.8644,59.53
340.873,measure,4984.0,976.0,4.8644,59.50
340.974,measure,4984.0,976.0,4.8644,59.47
341.074,measure,4984.0,976.0,4.8644,59.47
341.174,measure,4984.0,976.0,4.8644,59.47
341.274,measure,4984.0,976.0,4.8644,59.44
341.374,measure,4984.0,976.0,4.8644,59.41
341.474,measure,4984.0,976.0,4.8644,59.34
341.575,measure,4984.0,976.0,4.8644,59.38
341.675,measure,4984.0,976.0,4.8644,59.47
341.775,measure,4984.0,976.0,4.8644,59.50
341.875,measure,4984.0,976.0,4.8644,59.38
341.975,measure,4984.0,976.0,4.8644,59.41
342.075,measure,4984.0,976.0,4.8644,59.38
342.175,measure,4984.0,976.0,4.8644,59.41
342.276,measure,4984.0,976.0,4.8644,59.41
342.376,measure,4984.0,976.0,4.8644,59.41
342.476,measure,4984.0,976.0,4.8644,59.38
342.576,measure,4984.0,976.0,4.8644,59.56
342.676,measure,4984.0,976.0,4.8644,59.50
342.776,measure,4984.0,976.0,4.8644,59.47
342.876,measure,4984.0,976.0,4.8644,59.44
342.976,measure,4984.0,976.0,4.8644,59.41
343.077,measure,4984.0,976.0,4.8644,59.44
343.177,measure,4984.0,976.0,4.8644,59.38
343.277,measure,4984.0,976.0,4.8644,59.34
343.377,measure,4984.0,984.0,4.9043,59.38
343.477,measure,4984.0,984.0,4.9043,59.47
343.577,measure,4984.0,984.0,4.9043,59.50
343.677,measure,4984.0,976.0,4.8644,59.44
343.778,measure,4984.0,976.0,4.8644,59.50
343.878,measure,4984.0,984.0,4.9043,59.47
343.978,measure,4984.0,984.0,4.9043,59.41
344.078,measure,4984.0,984.0,4.9043,59.41
344.178,measure,4984.0,984.0,4.9043,59.44
344.278,measure,4984.0,984.0,4.9043,59.38
344.378,measure,4984.0,984.0,4.9043,59.56
344.479,measure,4984.0,984.0,4.9043,59.47
344.579,measure,4984.0,984.0,4.9043,59.47
344.679,measure,4984.0,984.0,4.9043,59.47
344.779,measure,4984.0,984.0,4.9043,59.41
344.879,measure,4984.0,984.0,4.9043,59.41
344.979,measure,4984.0,984.0,4.9043,59.38
345.079,measure,4984.0,984.0,4.9043,59.41
345.180,measure,4984.0,976.0,4.8644,59.41
345.280,measure,4984.0,984.0,4.9043,59.59
345.380,measure,4984.0,976.0,4.8644,59.50
345.480,measure,4984.0,984.0,4.9043,59.50
345.580,measure,4984.0,984.0,4.9043,59.41
345.680,measure,4984.0,984.0,4.9043,59.41
345.780,measure,4984.0,984.0,4.9043,59.41
345.881,measure,4984.0,984.0,4.9043,59.41
345.981,measure,4984.0,976.0,4.8644,59.41
346.081,measure,4984.0,976.0,4.8644,59.41
346.181,measure,4984.0,976.0,4.8644,59.56
346.281,measure,4984.0,976.0,4.8644,59.50
346.381,measure,4984.0,976.0,4.8644,59.50
346.481,measure,4984.0,984.0,4.9043,59.47
346.582,measure,4984.0,976.0,4.8644,59.44
346.682,measure,4984.0,976.0,4.8644,59.44
346.782,measure,4984.0,976.0,4.8644,59.41
346.882,measure,4984.0,984.0,4.9043,59.38
346.982,measure,4984.0,976.0,4.8644,59.38
347.082,measure,4984.0,984.0,4.9043,59.62
347.182,measure,4984.0,976.0,4.8644,59.50
347.283,measure,4984.0,984.0,4.9043,59.53
347.383,measure,4984.0,976.0,4.8644,59.50
347.483,measure,4984.0,984.0,4.9043,59.44
347.583,measure,4984.0,984.0,4.9043,59.38
347.683,measure,4984.0,984.0,4.9043,59.41
347.783,measure,4984.0,984.0,4.9043,59.41
347.883,measure,4984.0,984.0,4.9043,59.34
347.984,measure,4984.0,984.0,4.9043,59.34
348.084,measure,4984.0,984.0,4.9043,59.59
348.184,measure,4984.0,976.0,4.8644,59.59
348.284,measure,4984.0,976.0,4.8644,59.59
348.384,measure,4984.0,976.0,4.8644,59.41
348.484,measure,4984.0,984.0,4.9043,59.47
348.584,measure,4984.0,976.0,4.8644,59.41
348.685,measure,4984.0,984.0,4.9043,59.34
348.785,measure,4984.0,976.0,4.8644,59.34
348.885,measure,4984.0,984.0,4.9043,59.38
348.985,measure,4984.0,984.0,4.9043,59.69
349.085,measure,4984.0,984.0,4.9043,59.53
349.185,measure,4984.0,976.0,4.8644,59.44
349.286,measure,4984.0,984.0,4.9043,59.50
349.386,measure,4984.0,976.0,4.8644,59.38
349.487,measure,4984.0,984.0,4.9043,59.44
349.587,measure,4984.0,984.0,4.9043,59.41
349.687,measure,4984.0,984.0,4.9043,59.31
349.787,measure,4984.0,984.0,4.9043,59.41
349.887,measure,4984.0,984.0,4.9043,59.59
349.987,measure,4984.0,984.0,4.9043,59.62
350.088,measure,4984.0,984.0,4.9043,59.50
350.188,measure,4984.0,984.0,4.9043,59.50
350.288,measure,4984.0,984.0,4.9043,59.44
350.388,measure,4984.0,984.0,4.9043,59.41
350.488,measure,4984.0,992.0,4.9441,59.34
350.588,measure,4984.0,992.0,4.9441,59.28
350.689,measure,4984.0,984.0,4.9043,59.31
350.789,measure,4984.0,984.0,4.9043,59.34
350.889,measure,4984.0,984.0,4.9043,59.53
350.989,measure,4984.0,984.0,4.9043,59.50
351.089,measure,4984.0,984.0,4.9043,59.47
351.189,measure,4984.0,984.0,4.9043,59.44
351.289,measure,4984.0,984.0,4.9043,59.38
351.389,measure,4984.0,984.0,4.9043,59.41
351.490,measure,4984.0,984.0,4.9043,59.34
351.590,measure,4984.0,984.0,4.9043,59.34
351.690,measure,4984.0,984.0,4.9043,59.38
351.790,measure,4984.0,984.0,4.9043,59.56
351.890,measure,4984.0,984.0,4.9043,59.53
351.990,measure,4984.0,984.0,4.9043,59.41
352.090,measure,4984.0,984.0,4.9043,59.41
352.191,measure,4984.0,984.0,4.9043,59.41
352.291,measure,4984.0,984.0,4.9043,59.44
352.391,measure,4984.0,984.0,4.9043,59.34
352.491,measure,4984.0,984.0,4.9043,59.38
352.591,measure,4984.0,984.0,4.9043,59.31
352.691,measure,4984.0,984.0,4.9043,59.38
352.791,measure,4984.0,984.0,4.9043,59.56
352.892,measure,4984.0,984.0,4.9043,59.47
352.992,measure,4984.0,984.0,4.9043,59.41
353.092,measure,4984.0,984.0,4.9043,59.47
353.192,measure,4984.0,984.0,4.9043,59.38
353.292,measure,4984.0,984.0,4.9043,59.34
353.392,measure,4984.0,984.0,4.9043,59.34
353.492,measure,4984.0,976.0,4.8644,59.38
353.592,measure,4984.0,984.0,4.9043,59.38
353.693,measure,4984.0,984.0,4.9043,59.44
353.793,measure,4984.0,984.0,4.9043,59.47
353.893,measure,4984.0,984.0,4.9043,59.47
353.993,measure,4984.0,984.0,4.9043,59.38
354.093,measure,4984.0,984.0,4.9043,59.44
354.193,measure,4984.0,976.0,4.8644,59.31
354.293,measure,4984.0,976.0,4.8644,59.38
354.394,measure,4984.0,976.0,4.8644,59.34
354.494,measure,4984.0,976.0,4.8644,59.34
354.594,measure,4984.0,976.0,4.8644,59.50
354.694,measure,4984.0,984.0,4.9043,59.44
354.794,measure,4984.0,976.0,4.8644,59.44
354.894,measure,4984.0,976.0,4.8644,59.41
354.994,measure,4984.0,976.0,4.8644,59.41
355.095,measure,4984.0,976.0,4.8644,59.34
355.195,measure,4984.0,976.0,4.8644,59.34
355.295,measure,4984.0,976.0,4.8644,59.38
355.395,measure,4984.0,984.0,4.9043,59.38
355.495,measure,4984.0,976.0,4.8644,59.50
355.595,measure,4984.0,984.0,4.9043,59.47
355.695,measure,4984.0,984.0,4.9043,59.44
355.795,measure,4984.0,984.0,4.9043,59.44
355.896,measure,4984.0,984.0,4.9043,59.44
355.996,measure,4984.0,984.0,4.9043,59.34
356.096,measure,4984.0,984.0,4.9043,59.41
356.196,measure,4984.0,984.0,4.9043,59.41
356.296,measure,4984.0,984.0,4.9043,59.38
356.396,measure,4984.0,984.0,4.9043,59.50
356.496,measure,4984.0,984.0,4.9043,59.47
356.597,measure,4984.0,984.0,4.9043,59.38
356.697,measure,4984.0,984.0,4.9043,59.44
356.797,measure,4984.0,984.0,4.9043,59.41
356.897,measure,4984.0,984.0,4.9043,59.38
356.997,measure,4984.0,984.0,4.9043,59.41
357.097,measure,4984.0,976.0,4.8644,59.34
357.197,measure,4984.0,976.0,4.8644,59.34
357.297,measure,4984.0,976.0,4.8644,59.50
357.398,measure,4984.0,976.0,4.8644,59.44
357.498,measure,4984.0,976.0,4.8644,59.41
357.598,measure,4984.0,976.0,4.8644,59.41
357.698,measure,4984.0,976.0,4.8644,59.41
357.798,measure,4984.0,984.0,4.9043,59.38
357.898,measure,4984.0,984.0,4.9043,59.34
357.998,measure,4984.0,984.0,4.9043,59.34
358.098,measure,4984.0,976.0,4.8644,59.38
358.199,measure,4984.0,976.0,4.8644,59.53
358.299,measure,4984.0,976.0,4.8644,59.47
358.399,measure,4984.0,976.0,4.8644,59.41
358.499,measure,4984.0,976.0,4.8644,59.41
358.599,measure,4984.0,976.0,4.8644,59.44
358.699,measure,4984.0,976.0,4.8644,59.41
358.799,measure,4984.0,984.0,4.9043,59.41
358.900,measure,4984.0,976.0,4.8644,59.38
359.000,measure,4984.0,984.0,4.9043,59.41
359.100,measure,4984.0,976.0,4.8644,59.50
359.200,measure,4984.0,976.0,4.8644,59.59
359.300,measure,4984.0,976.0,4.8644,59.44
359.400,measure,4984.0,976.0,4.8644,59.44
359.500,measure,4984.0,976.0,4.8644,59.41
359.600,measure,4984.0,976.0,4.8644,59.38
359.701,measure,4984.0,976.0,4.8644,59.38
359.801,measure,4984.0,984.0,4.9043,59.41
359.901,measure,4984.0,976.0,4.8644,59.38
360.001,measure,4984.0,984.0,4.9043,59.53
360.101,measure,4984.0,976.0,4.8644,59.53
360.201,measure,4984.0,976.0,4.8644,59.41
360.301,measure,4984.0,976.0,4.8644,59.44
