t_rel_s,phase,mv,ma,watt,temp_max_c
0.000,warmup,4976.0,1144.0,5.6925,60.00
0.100,warmup,4976.0,1112.0,5.5333,60.03
0.201,warmup,4976.0,1072.0,5.3343,60.09
0.301,warmup,4984.0,1032.0,5.1435,60.06
0.401,warmup,4976.0,1120.0,5.5731,60.06
0.501,warmup,4976.0,1096.0,5.4537,60.25
0.601,warmup,4976.0,1072.0,5.3343,60.28
0.701,warmup,4976.0,1128.0,5.6129,60.19
0.802,warmup,4976.0,1128.0,5.6129,60.22
0.902,warmup,4976.0,1096.0,5.4537,60.16
1.002,warmup,4976.0,1112.0,5.5333,60.12
1.102,warmup,4976.0,1152.0,5.7324,60.19
1.202,warmup,4976.0,1112.0,5.5333,60.00
1.302,warmup,4976.0,1088.0,5.4139,59.97
1.402,warmup,4976.0,1160.0,5.7722,60.28
1.502,warmup,4976.0,1128.0,5.6129,60.19
1.603,warmup,4976.0,1096.0,5.4537,60.25
1.703,warmup,4976.0,1168.0,5.8120,60.22
1.803,warmup,4976.0,1136.0,5.6527,60.16
1.903,warmup,4976.0,1104.0,5.4935,60.06
2.003,warmup,4976.0,1120.0,5.5731,60.12
2.103,warmup,4976.0,1152.0,5.7324,60.12
2.203,warmup,4976.0,1112.0,5.5333,60.03
2.303,warmup,4976.0,1088.0,5.4139,60.25
2.404,warmup,4976.0,1160.0,5.7722,60.31
2.504,warmup,4976.0,1128.0,5.6129,60.16
2.604,warmup,4976.0,1096.0,5.4537,60.22
2.704,warmup,4976.0,1168.0,5.8120,60.12
2.804,warmup,4976.0,1136.0,5.6527,60.09
2.904,warmup,4976.0,1104.0,5.4935,60.09
3.004,warmup,4976.0,1120.0,5.5731,60.06
3.104,warmup,4976.0,1152.0,5.7324,60.06
3.205,warmup,4976.0,1112.0,5.5333,60.09
3.305,warmup,4976.0,1088.0,5.4139,60.34
3.405,warmup,4976.0,1160.0,5.7722,60.22
3.505,warmup,4976.0,1128.0,5.6129,60.12
3.605,warmup,4976.0,1096.0,5.4537,60.06
3.705,warmup,4976.0,1152.0,5.7324,60.16
3.805,warmup,4976.0,1144.0,5.6925,60.12
3.906,warmup,4976.0,1104.0,5.4935,60.09
4.006,warmup,4976.0,1120.0,5.5731,60.09
4.106,warmup,4976.0,1152.0,5.7324,59.97
4.206,warmup,4976.0,1120.0,5.5731,60.25
4.306,warmup,4976.0,1088.0,5.4139,60.16
4.406,warmup,4976.0,1160.0,5.7722,60.16
4.506,warmup,4976.0,1128.0,5.6129,60.09
4.606,warmup,4976.0,1096.0,5.4537,60.12
4.707,warmup,4976.0,1168.0,5.8120,60.12
4.807,warmup,4976.0,1136.0,5.6527,60.16
4.907,warmup,4976.0,1104.0,5.4935,60.09
5.007,warmup,4976.0,1120.0,5.5731,60.09
5.107,warmup,4976.0,1152.0,5.7324,60.38
5.207,warmup,4976.0,1112.0,5.5333,60.19
5.307,warmup,4976.0,1088.0,5.4139,60.19
5.407,warmup,4976.0,1160.0,5.7722,60.12
5.508,warmup,4976.0,1128.0,5.6129,60.16
5.608,warmup,4976.0,1096.0,5.4537,60.09
5.708,warmup,4976.0,1168.0,5.8120,60.19
5.808,warmup,4976.0,1136.0,5.6527,60.12
5.908,warmup,4976.0,1104.0,5.4935,60.09
6.008,warmup,4976.0,1128.0,5.6129,60.06
6.109,warmup,4976.0,1152.0,5.7324,60.28
6.209,warmup,4976.0,1112.0,5.5333,60.28
6.309,warmup,4976.0,1088.0,5.4139,60.22
6.409,warmup,4976.0,1160.0,5.7722,60.22
6.509,warmup,4976.0,1128.0,5.6129,60.16
6.609,warmup,4976.0,1096.0,5.4537,60.19
6.709,warmup,4976.0,1160.0,5.7722,60.19
6.810,warmup,4976.0,1136.0,5.6527,60.09
6.910,warmup,4976.0,1104.0,5.4935,60.12
7.010,warmup,4976.0,1128.0,5.6129,60.25
7.110,warmup,4976.0,1152.0,5.7324,60.19
7.210,warmup,4976.0,1120.0,5.5731,60.25
7.310,warmup,4976.0,1088.0,5.4139,60.19
7.410,warmup,4976.0,1160.0,5.7722,60.06
7.510,warmup,4976.0,1128.0,5.6129,60.16
7.611,warmup,4976.0,1096.0,5.4537,60.12
7.711,warmup,4976.0,1160.0,5.7722,60.06
7.811,warmup,4976.0,1144.0,5.6925,60.22
7.911,warmup,4976.0,1104.0,5.4935,60.28
8.011,warmup,4976.0,1128.0,5.6129,60.25
8.111,warmup,4976.0,1152.0,5.7324,60.28
8.212,warmup,4976.0,1112.0,5.5333,60.25
8.312,warmup,4976.0,1088.0,5.4139,60.16
8.412,warmup,4976.0,1160.0,5.7722,60.09
8.512,warmup,4976.0,1128.0,5.6129,60.16
8.612,warmup,4976.0,1096.0,5.4537,60.06
8.712,warmup,4976.0,1168.0,5.8120,60.12
8.812,warmup,4976.0,1136.0,5.6527,60.34
8.912,warmup,4976.0,1104.0,5.4935,60.28
9.013,warmup,4976.0,1128.0,5.6129,60.22
9.113,warmup,4976.0,1152.0,5.7324,60.16
9.213,warmup,4976.0,1112.0,5.5333,60.19
9.313,warmup,4976.0,1088.0,5.4139,60.12
9.413,warmup,4976.0,1160.0,5.7722,60.16
9.513,warmup,4976.0,1128.0,5.6129,60.19
9.613,warmup,4976.0,1096.0,5.4537,60.16
9.713,warmup,4976.0,1168.0,5.8120,60.34
9.814,warmup,4976.0,1136.0,5.6527,60.34
9.914,warmup,4976.0,1104.0,5.4935,60.25
10.014,warmup,4976.0,1128.0,5.6129,60.22
10.114,warmup,4976.0,1152.0,5.7324,60.16
10.214,warmup,4976.0,1112.0,5.5333,60.19
10.314,warmup,4976.0,1088.0,5.4139,60.16
10.414,warmup,4976.0,1160.0,5.7722,60.12
10.515,warmup,4976.0,1128.0,5.6129,60.22
10.615,warmup,4976.0,1096.0,5.4537,60.31
10.715,warmup,4976.0,1168.0,5.8120,60.34
10.815,warmup,4976.0,1136.0,5.6527,60.19
10.915,warmup,4976.0,1104.0,5.4935,60.25
11.015,warmup,4976.0,1128.0,5.6129,60.19
11.115,warmup,4976.0,1152.0,5.7324,60.25
11.215,warmup,4976.0,1112.0,5.5333,60.09
11.316,warmup,4976.0,1080.0,5.3741,60.06
11.416,warmup,4976.0,1160.0,5.7722,60.09
11.516,warmup,4976.0,1128.0,5.6129,60.25
11.616,warmup,4976.0,1096.0,5.4537,60.31
11.716,warmup,4976.0,1160.0,5.7722,60.25
11.817,warmup,4976.0,1136.0,5.6527,60.22
11.917,warmup,4976.0,1104.0,5.4935,60.19
12.017,warmup,4976.0,1136.0,5.6527,60.12
12.117,warmup,4976.0,1152.0,5.7324,60.19
12.217,warmup,4976.0,1112.0,5.5333,60.19
12.317,warmup,4976.0,1088.0,5.4139,60.12
12.417,warmup,4976.0,1160.0,5.7722,60.34
12.517,warmup,4976.0,1128.0,5.6129,60.31
12.618,warmup,4976.0,1096.0,5.4537,60.19
12.718,warmup,4976.0,1168.0,5.8120,60.34
12.818,warmup,4976.0,1136.0,5.6527,60.19
12.918,warmup,4976.0,1104.0,5.4935,60.16
13.018,warmup,4976.0,1136.0,5.6527,60.22
13.118,warmup,4976.0,1144.0,5.6925,60.19
13.218,warmup,4976.0,1112.0,5.5333,60.16
13.318,warmup,4976.0,1088.0,5.4139,60.31
13.419,warmup,4976.0,1160.0,5.7722,60.38
13.519,warmup,4976.0,1128.0,5.6129,60.31
13.619,warmup,4976.0,1096.0,5.4537,60.22
13.719,warmup,4976.0,1160.0,5.7722,60.22
13.819,warmup,4976.0,1136.0,5.6527,60.19
13.919,warmup,4976.0,1104.0,5.4935,60.22
14.019,warmup,4976.0,1136.0,5.6527,60.12
14.120,warmup,4976.0,1152.0,5.7324,60.34
14.220,warmup,4976.0,1112.0,5.5333,60.38
14.320,warmup,4976.0,1096.0,5.4537,60.34
14.420,warmup,4976.0,1160.0,5.7722,60.28
14.520,warmup,4976.0,1128.0,5.6129,60.22
14.620,warmup,4976.0,1096.0,5.4537,60.22
14.720,warmup,4976.0,1168.0,5.8120,60.25
14.820,warmup,4976.0,1136.0,5.6527,60.22
14.921,warmup,4976.0,1104.0,5.4935,60.16
15.021,warmup,4976.0,1136.0,5.6527,60.22
15.121,warmup,4976.0,1152.0,5.7324,60.41
15.221,warmup,4976.0,1112.0,5.5333,60.34
15.321,warmup,4976.0,1096.0,5.4537,60.25
15.421,warmup,4976.0,1160.0,5.7722,60.31
15.521,warmup,4976.0,1128.0,5.6129,60.19
15.621,warmup,4976.0,1096.0,5.4537,60.22
15.722,warmup,4976.0,1168.0,5.8120,60.28
15.822,warmup,4976.0,1136.0,5.6527,60.25
15.922,warmup,4976.0,1104.0,5.4935,60.19
16.022,warmup,4976.0,1144.0,5.6925,60.38
16.122,warmup,4976.0,1152.0,5.7324,60.38
16.222,warmup,4976.0,1112.0,5.5333,60.34
16.322,warmup,4976.0,1096.0,5.4537,60.34
16.423,warmup,4976.0,1160.0,5.7722,60.22
16.523,warmup,4976.0,1120.0,5.5731,60.22
16.623,warmup,4976.0,1088.0,5.4139,60.28
16.723,warmup,4976.0,1160.0,5.7722,60.19
16.823,warmup,4976.0,1128.0,5.6129,60.22
16.923,warmup,4976.0,1096.0,5.4537,60.16
17.023,warmup,4976.0,1136.0,5.6527,60.38
17.123,warmup,4976.0,1144.0,5.6925,60.34
17.224,warmup,4976.0,1112.0,5.5333,60.38
17.324,warmup,4976.0,1096.0,5.4537,60.31
17.424,warmup,4976.0,1160.0,5.7722,60.28
17.524,warmup,4976.0,1120.0,5.5731,60.25
17.624,warmup,4976.0,1096.0,5.4537,60.19
17.724,warmup,4976.0,1168.0,5.8120,60.22
17.824,warmup,4976.0,1136.0,5.6527,60.25
17.925,warmup,4976.0,1104.0,5.4935,60.44
18.025,warmup,4976.0,1144.0,5.6925,60.28
18.125,warmup,4976.0,1144.0,5.6925,60.31
18.225,warmup,4976.0,1112.0,5.5333,60.31
18.325,warmup,4976.0,1104.0,5.4935,60.28
18.425,warmup,4976.0,1160.0,5.7722,60.22
18.525,warmup,4976.0,1120.0,5.5731,60.22
18.625,warmup,4976.0,1088.0,5.4139,60.19
18.726,warmup,4976.0,1160.0,5.7722,60.25
18.826,warmup,4976.0,1128.0,5.6129,60.44
18.926,warmup,4976.0,1096.0,5.4537,60.38
19.026,warmup,4976.0,1144.0,5.6925,60.34
19.126,warmup,4976.0,1144.0,5.6925,60.22
19.226,warmup,4976.0,1112.0,5.5333,60.28
19.326,warmup,4976.0,1104.0,5.4935,60.31
19.426,warmup,4976.0,1160.0,5.7722,60.28
19.527,warmup,4976.0,1120.0,5.5731,60.22
19.627,warmup,4976.0,1088.0,5.4139,60.25
19.727,warmup,4976.0,1160.0,5.7722,60.31
19.827,warmup,4976.0,1128.0,5.6129,60.41
19.927,warmup,4976.0,1096.0,5.4537,60.34
20.027,warmup,4976.0,1144.0,5.6925,60.25
20.127,warmup,4976.0,1144.0,5.6925,60.38
20.228,warmup,4976.0,1104.0,5.4935,60.19
20.328,warmup,4976.0,1104.0,5.4935,60.28
20.428,warmup,4976.0,1152.0,5.7324,60.22
20.528,warmup,4976.0,1120.0,5.5731,60.28
20.628,warmup,4976.0,1088.0,5.4139,60.34
20.728,warmup,4976.0,1160.0,5.7722,60.38
20.828,warmup,4976.0,1128.0,5.6129,60.38
20.929,warmup,4976.0,1096.0,5.4537,60.25
21.029,warmup,4976.0,1136.0,5.6527,60.31
21.129,warmup,4976.0,1144.0,5.6925,60.25
21.229,warmup,4976.0,1104.0,5.4935,60.31
21.329,warmup,4976.0,1104.0,5.4935,60.22
21.429,warmup,4976.0,1160.0,5.7722,60.28
21.529,warmup,4976.0,1120.0,5.5731,60.41
21.629,warmup,4976.0,1088.0,5.4139,60.38
21.730,warmup,4976.0,1168.0,5.8120,60.38
21.830,warmup,4976.0,1128.0,5.6129,60.34
21.930,warmup,4976.0,1096.0,5.4537,60.31
22.030,warmup,4976.0,1160.0,5.7722,60.28
22.130,warmup,4976.0,1144.0,5.6925,60.25
22.230,warmup,4976.0,1104.0,5.4935,60.34
22.330,warmup,4976.0,1112.0,5.5333,60.28
22.430,warmup,4976.0,1160.0,5.7722,60.38
22.531,warmup,4976.0,1120.0,5.5731,60.47
22.631,warmup,4976.0,1088.0,5.4139,60.41
22.731,warmup,4976.0,1168.0,5.8120,60.38
22.831,warmup,4976.0,1128.0,5.6129,60.31
22.931,warmup,4976.0,1096.0,5.4537,60.28
23.031,warmup,4976.0,1144.0,5.6925,60.28
23.131,warmup,4976.0,1144.0,5.6925,60.25
23.231,warmup,4976.0,1104.0,5.4935,60.31
23.332,warmup,4976.0,1112.0,5.5333,60.41
23.432,warmup,4976.0,1152.0,5.7324,60.34
23.532,warmup,4976.0,1112.0,5.5333,60.28
23.632,warmup,4976.0,1088.0,5.4139,60.34
23.732,warmup,4976.0,1160.0,5.7722,60.34
23.832,warmup,4976.0,1120.0,5.5731,60.31
23.932,warmup,4976.0,1096.0,5.4537,60.25
24.032,warmup,4976.0,1144.0,5.6925,60.28
24.133,warmup,4976.0,1144.0,5.6925,60.34
24.233,warmup,4976.0,1104.0,5.4935,60.41
24.333,warmup,4976.0,1112.0,5.5333,60.38
24.433,warmup,4976.0,1160.0,5.7722,60.38
24.533,warmup,4976.0,1120.0,5.5731,60.38
24.633,warmup,4976.0,1088.0,5.4139,60.34
24.733,warmup,4976.0,1168.0,5.8120,60.28
24.833,warmup,4976.0,1128.0,5.6129,60.34
24.934,warmup,4976.0,1096.0,5.4537,60.25
25.034,warmup,4976.0,1152.0,5.7324,60.31
25.134,warmup,4976.0,1144.0,5.6925,60.38
25.234,warmup,4976.0,1104.0,5.4935,60.44
25.334,warmup,4976.0,1120.0,5.5731,60.38
25.434,warmup,4976.0,1152.0,5.7324,60.28
25.534,warmup,4976.0,1112.0,5.5333,60.34
25.635,warmup,4976.0,1088.0,5.4139,60.28
25.735,warmup,4976.0,1160.0,5.7722,60.28
25.835,warmup,4976.0,1128.0,5.6129,60.34
25.935,warmup,4976.0,1096.0,5.4537,60.28
26.035,warmup,4976.0,1152.0,5.7324,60.47
26.135,warmup,4976.0,1144.0,5.6925,60.38
26.236,warmup,4976.0,1112.0,5.5333,60.44
26.336,warmup,4976.0,1120.0,5.5731,60.38
26.436,warmup,4976.0,1160.0,5.7722,60.34
26.536,warmup,4976.0,1120.0,5.5731,60.38
26.636,warmup,4976.0,1088.0,5.4139,60.34
26.736,warmup,4976.0,1168.0,5.8120,60.34
26.836,warmup,4976.0,1128.0,5.6129,60.31
26.936,warmup,4976.0,1096.0,5.4537,60.47
27.037,warmup,4976.0,1168.0,5.8120,60.53
27.137,warmup,4976.0,1136.0,5.6527,60.44
27.237,warmup,4976.0,1104.0,5.4935,60.41
27.337,warmup,4976.0,1120.0,5.5731,60.38
27.437,warmup,4976.0,1152.0,5.7324,60.28
27.537,warmup,4976.0,1112.0,5.5333,60.34
27.637,warmup,4976.0,1088.0,5.4139,60.31
27.738,warmup,4976.0,1160.0,5.7722,60.25
27.838,warmup,4976.0,1128.0,5.6129,60.53
27.938,warmup,4976.0,1096.0,5.4537,60.47
28.038,warmup,4976.0,1160.0,5.7722,60.44
28.138,warmup,4976.0,1144.0,5.6925,60.41
28.238,warmup,4976.0,1104.0,5.4935,60.41
28.338,warmup,4976.0,1128.0,5.6129,60.38
28.438,warmup,4976.0,1160.0,5.7722,60.38
28.539,warmup,4976.0,1120.0,5.5731,60.25
28.639,warmup,4976.0,1088.0,5.4139,60.34
28.739,warmup,4976.0,1168.0,5.8120,60.31
28.839,warmup,4976.0,1128.0,5.6129,60.50
28.939,warmup,4976.0,1096.0,5.4537,60.41
29.039,warmup,4976.0,1152.0,5.7324,60.38
29.139,warmup,4976.0,1144.0,5.6925,60.34
29.239,warmup,4976.0,1112.0,5.5333,60.34
29.340,warmup,4976.0,1128.0,5.6129,60.38
29.440,warmup,4976.0,1160.0,5.7722,60.28
29.540,warmup,4976.0,1120.0,5.5731,60.34
29.640,warmup,4976.0,1088.0,5.4139,60.28
29.740,warmup,4976.0,1160.0,5.7722,60.56
29.840,warmup,4976.0,1128.0,5.6129,60.44
29.940,warmup,4976.0,1096.0,5.4537,60.44
30.040,warmup,4976.0,1168.0,5.8120,60.41
30.141,warmup,4976.0,1144.0,5.6925,60.41
30.241,warmup,4976.0,1104.0,5.4935,60.34
30.341,warmup,4976.0,1128.0,5.6129,60.38
30.441,warmup,4976.0,1152.0,5.7324,60.38
30.541,warmup,4976.0,1112.0,5.5333,60.25
30.641,warmup,4976.0,1088.0,5.4139,60.53
30.741,warmup,4976.0,1160.0,5.7722,60.41
30.841,warmup,4976.0,1128.0,5.6129,60.41
30.942,warmup,4976.0,1096.0,5.4537,60.38
31.042,warmup,4976.0,1160.0,5.7722,60.41
31.142,warmup,4976.0,1144.0,5.6925,60.31
31.242,warmup,4976.0,1104.0,5.4935,60.28
31.342,warmup,4976.0,1128.0,5.6129,60.31
31.442,warmup,4976.0,1152.0,5.7324,60.28
31.542,warmup,4976.0,1120.0,5.5731,60.44
31.642,warmup,4976.0,1088.0,5.4139,60.41
31.743,warmup,4976.0,1160.0,5.7722,60.47
31.843,warmup,4976.0,1128.0,5.6129,60.38
31.943,warmup,4976.0,1096.0,5.4537,60.38
32.043,warmup,4976.0,1168.0,5.8120,60.34
32.143,warmup,4976.0,1144.0,5.6925,60.38
32.243,warmup,4976.0,1104.0,5.4935,60.34
32.343,warmup,4976.0,1128.0,5.6129,60.38
32.444,warmup,4976.0,1152.0,5.7324,60.47
32.544,warmup,4976.0,1120.0,5.5731,60.47
32.644,warmup,4976.0,1088.0,5.4139,60.38
32.744,warmup,4976.0,1168.0,5.8120,60.38
32.844,warmup,4976.0,1128.0,5.6129,60.38
32.944,warmup,4976.0,1096.0,5.4537,60.38
33.044,warmup,4976.0,1160.0,5.7722,60.38
33.145,warmup,4976.0,1144.0,5.6925,60.38
33.245,warmup,4976.0,1104.0,5.4935,60.31
33.345,warmup,4976.0,1128.0,5.6129,60.31
33.445,warmup,4976.0,1160.0,5.7722,60.44
33.545,warmup,4976.0,1120.0,5.5731,60.41
33.645,warmup,4976.0,1088.0,5.4139,60.44
33.745,warmup,4976.0,1160.0,5.7722,60.38
33.845,warmup,4976.0,1128.0,5.6129,60.38
33.946,warmup,4976.0,1096.0,5.4537,60.38
34.046,warmup,4976.0,1168.0,5.8120,60.38
34.146,warmup,4976.0,1136.0,5.6527,60.31
34.246,warmup,4976.0,1104.0,5.4935,60.50
34.346,warmup,4976.0,1128.0,5.6129,60.44
34.446,warmup,4976.0,1160.0,5.7722,60.41
34.546,warmup,4976.0,1120.0,5.5731,60.41
34.647,warmup,4976.0,1088.0,5.4139,60.44
34.747,warmup,4976.0,1168.0,5.8120,60.38
34.847,warmup,4976.0,1128.0,5.6129,60.38
34.947,warmup,4976.0,1096.0,5.4537,60.38
35.047,warmup,4976.0,1168.0,5.8120,60.38
35.147,warmup,4976.0,1136.0,5.6527,60.38
35.247,warmup,4976.0,1104.0,5.4935,60.53
35.347,warmup,4976.0,1128.0,5.6129,60.44
35.448,warmup,4976.0,1152.0,5.7324,60.41
35.548,warmup,4976.0,1120.0,5.5731,60.34
35.648,warmup,4976.0,1088.0,5.4139,60.38
35.748,warmup,4976.0,1160.0,5.7722,60.38
35.848,warmup,4976.0,1128.0,5.6129,60.28
35.948,warmup,4976.0,1096.0,5.4537,60.38
36.048,warmup,4976.0,1168.0,5.8120,60.38
36.149,warmup,4976.0,1144.0,5.6925,60.44
36.249,warmup,4976.0,1104.0,5.4935,60.53
36.349,warmup,4976.0,1136.0,5.6527,60.41
36.449,warmup,4976.0,1152.0,5.7324,60.38
36.549,warmup,4976.0,1120.0,5.5731,60.38
36.649,warmup,4976.0,1088.0,5.4139,60.38
36.749,warmup,4976.0,1168.0,5.8120,60.41
36.849,warmup,4976.0,1128.0,5.6129,60.34
36.950,warmup,4976.0,1096.0,5.4537,60.50
37.050,warmup,4976.0,1160.0,5.7722,60.47
37.150,warmup,4976.0,1136.0,5.6527,60.44
37.250,warmup,4976.0,1104.0,5.4935,60.44
37.350,warmup,4976.0,1136.0,5.6527,60.38
37.450,warmup,4976.0,1152.0,5.7324,60.38
37.550,warmup,4976.0,1112.0,5.5333,60.38
37.651,warmup,4976.0,1088.0,5.4139,60.38
37.751,warmup,4976.0,1160.0,5.7722,60.38
37.851,warmup,4976.0,1128.0,5.6129,60.56
37.951,warmup,4976.0,1096.0,5.4537,60.53
38.051,warmup,4976.0,1168.0,5.8120,60.47
38.151,warmup,4976.0,1136.0,5.6527,60.38
38.251,warmup,4976.0,1104.0,5.4935,60.41
38.351,warmup,4976.0,1136.0,5.6527,60.38
38.452,warmup,4976.0,1152.0,5.7324,60.38
38.552,warmup,4976.0,1112.0,5.5333,60.44
38.652,warmup,4976.0,1088.0,5.4139,60.38
38.752,warmup,4976.0,1160.0,5.7722,60.50
38.852,warmup,4976.0,1120.0,5.5731,60.56
38.952,warmup,4976.0,1096.0,5.4537,60.50
39.052,warmup,4976.0,1168.0,5.8120,60.50
39.153,warmup,4976.0,1136.0,5.6527,60.41
39.253,warmup,4976.0,1104.0,5.4935,60.38
39.353,warmup,4976.0,1136.0,5.6527,60.38
39.453,warmup,4976.0,1152.0,5.7324,60.38
39.553,warmup,4976.0,1112.0,5.5333,60.31
39.653,warmup,4976.0,1096.0,5.4537,60.69
39.753,warmup,4976.0,1160.0,5.7722,60.53
39.853,warmup,4976.0,1120.0,5.5731,60.47
39.954,warmup,4976.0,1088.0,5.4139,60.47
40.054,warmup,4976.0,1168.0,5.8120,60.41
40.154,warmup,4976.0,1136.0,5.6527,60.44
40.254,warmup,4976.0,1104.0,5.4935,60.41
40.354,warmup,4976.0,1144.0,5.6925,60.38
40.454,warmup,4976.0,1144.0,5.6925,60.31
40.554,warmup,4976.0,1112.0,5.5333,60.38
40.654,warmup,4976.0,1096.0,5.4537,60.59
40.755,warmup,4976.0,1160.0,5.7722,60.50
40.855,warmup,4976.0,1120.0,5.5731,60.50
40.955,warmup,4976.0,1088.0,5.4139,60.47
41.055,warmup,4976.0,1160.0,5.7722,60.38
41.155,warmup,4976.0,1136.0,5.6527,60.38
41.255,warmup,4976.0,1104.0,5.4935,60.44
41.355,warmup,4976.0,1144.0,5.6925,60.38
41.456,warmup,4976.0,1152.0,5.7324,60.38
41.556,warmup,4976.0,1112.0,5.5333,60.53
41.656,warmup,4976.0,1104.0,5.4935,60.56
41.756,warmup,4976.0,1160.0,5.7722,60.47
41.856,warmup,4976.0,1128.0,5.6129,60.47
41.956,warmup,4976.0,1096.0,5.4537,60.44
42.056,warmup,4976.0,1168.0,5.8120,60.50
42.157,warmup,4976.0,1144.0,5.6925,60.41
42.257,warmup,4976.0,1104.0,5.4935,60.41
42.357,warmup,4976.0,1144.0,5.6925,60.34
42.457,warmup,4976.0,1152.0,5.7324,60.41
42.557,warmup,4976.0,1112.0,5.5333,60.56
42.657,warmup,4976.0,1104.0,5.4935,60.53
42.757,warmup,4976.0,1160.0,5.7722,60.56
42.858,warmup,4976.0,1120.0,5.5731,60.38
42.958,warmup,4976.0,1096.0,5.4537,60.47
43.058,warmup,4976.0,1168.0,5.8120,60.44
43.158,warmup,4976.0,1136.0,5.6527,60.41
43.258,warmup,4976.0,1104.0,5.4935,60.38
43.358,warmup,4976.0,1144.0,5.6925,60.38
43.458,warmup,4976.0,1152.0,5.7324,60.62
43.558,warmup,4976.0,1112.0,5.5333,60.50
43.659,warmup,4976.0,1112.0,5.5333,60.44
43.759,warmup,4976.0,1168.0,5.8120,60.44
43.859,warmup,4976.0,1128.0,5.6129,60.50
43.959,warmup,4976.0,1096.0,5.4537,60.41
44.059,warmup,4976.0,1168.0,5.8120,60.38
44.159,warmup,4976.0,1144.0,5.6925,60.41
44.259,warmup,4976.0,1104.0,5.4935,60.41
44.360,warmup,4976.0,1152.0,5.7324,60.66
44.460,warmup,4976.0,1152.0,5.7324,60.59
44.560,warmup,4976.0,1120.0,5.5731,60.50
44.660,warmup,4976.0,1112.0,5.5333,60.50
44.760,warmup,4976.0,1168.0,5.8120,60.50
44.860,warmup,4976.0,1128.0,5.6129,60.50
44.960,warmup,4976.0,1096.0,5.4537,60.38
45.061,warmup,4976.0,1168.0,5.8120,60.44
45.161,warmup,4976.0,1136.0,5.6527,60.38
45.261,warmup,4976.0,1104.0,5.4935,60.41
45.361,warmup,4976.0,1152.0,5.7324,60.44
45.461,warmup,4976.0,1152.0,5.7324,60.53
45.561,warmup,4976.0,1112.0,5.5333,60.50
45.661,warmup,4976.0,1112.0,5.5333,60.41
45.762,warmup,4976.0,1160.0,5.7722,60.47
45.862,warmup,4976.0,1120.0,5.5731,60.44
45.962,warmup,4976.0,1096.0,5.4537,60.44
46.062,warmup,4976.0,1168.0,5.8120,60.34
46.162,warmup,4976.0,1136.0,5.6527,60.38
46.262,warmup,4976.0,1104.0,5.4935,60.53
46.362,warmup,4976.0,1152.0,5.7324,60.50
46.463,warmup,4976.0,1152.0,5.7324,60.41
46.563,warmup,4976.0,1112.0,5.5333,60.38
46.663,warmup,4976.0,1112.0,5.5333,60.44
46.763,warmup,4976.0,1160.0,5.7722,60.50
46.863,warmup,4976.0,1120.0,5.5731,60.44
46.963,warmup,4976.0,1088.0,5.4139,60.41
47.063,warmup,4976.0,1168.0,5.8120,60.56
47.163,warmup,4976.0,1128.0,5.6129,60.59
47.264,warmup,4976.0,1096.0,5.4537,60.56
47.364,warmup,4976.0,1160.0,5.7722,60.53
47.464,warmup,4976.0,1144.0,5.6925,60.53
47.564,warmup,4976.0,1104.0,5.4935,60.41
47.664,warmup,4976.0,1112.0,5.5333,60.38
47.764,warmup,4976.0,1152.0,5.7324,60.44
47.864,warmup,4976.0,1112.0,5.5333,60.47
47.965,warmup,4976.0,1088.0,5.4139,60.56
48.065,warmup,4976.0,1160.0,5.7722,60.56
48.165,warmup,4976.0,1128.0,5.6129,60.41
48.265,warmup,4976.0,1096.0,5.4537,60.47
48.365,warmup,4976.0,1152.0,5.7324,60.44
48.465,warmup,4976.0,1144.0,5.6925,60.41
48.565,warmup,4976.0,1112.0,5.5333,60.44
48.665,warmup,4976.0,1112.0,5.5333,60.47
48.766,warmup,4976.0,1152.0,5.7324,60.38
48.866,warmup,4976.0,1120.0,5.5731,60.66
48.966,warmup,4976.0,1088.0,5.4139,60.62
49.066,warmup,4976.0,1168.0,5.8120,60.50
49.166,warmup,4976.0,1128.0,5.6129,60.44
49.266,warmup,4976.0,1096.0,5.4537,60.47
49.366,warmup,4976.0,1144.0,5.6925,60.47
49.467,warmup,4976.0,1144.0,5.6925,60.38
49.567,warmup,4976.0,1104.0,5.4935,60.47
49.667,warmup,4976.0,1112.0,5.5333,60.41
49.767,warmup,4976.0,1152.0,5.7324,60.62
49.867,warmup,4976.0,1112.0,5.5333,60.62
49.967,warmup,4976.0,1088.0,5.4139,60.50
50.067,warmup,4976.0,1160.0,5.7722,60.44
50.167,warmup,4976.0,1128.0,5.6129,60.41
50.268,warmup,4976.0,1096.0,5.4537,60.41
50.368,warmup,4976.0,1168.0,5.8120,60.47
50.468,warmup,4976.0,1136.0,5.6527,60.34
50.568,warmup,4976.0,1104.0,5.4935,60.44
50.668,warmup,4976.0,1112.0,5.5333,60.59
50.768,warmup,4976.0,1152.0,5.7324,60.59
50.868,warmup,4976.0,1112.0,5.5333,60.56
50.969,warmup,4976.0,1088.0,5.4139,60.50
51.069,warmup,4976.0,1160.0,5.7722,60.53
51.169,warmup,4976.0,1128.0,5.6129,60.41
51.269,warmup,4976.0,1096.0,5.4537,60.47
51.369,warmup,4976.0,1152.0,5.7324,60.38
51.469,warmup,4976.0,1144.0,5.6925,60.47
51.569,warmup,4976.0,1112.0,5.5333,60.66
51.669,warmup,4976.0,1120.0,5.5731,60.59
51.770,warmup,4976.0,1152.0,5.7324,60.56
51.870,warmup,4976.0,1112.0,5.5333,60.53
51.970,warmup,4976.0,1088.0,5.4139,60.50
52.070,warmup,4976.0,1160.0,5.7722,60.50
52.170,warmup,4976.0,1128.0,5.6129,60.47
52.270,warmup,4976.0,1096.0,5.4537,60.44
52.370,warmup,4976.0,1152.0,5.7324,60.41
52.471,warmup,4976.0,1144.0,5.6925,60.59
52.571,warmup,4976.0,1112.0,5.5333,60.66
52.671,warmup,4976.0,1128.0,5.6129,60.62
52.771,warmup,4976.0,1160.0,5.7722,60.50
52.871,warmup,4976.0,1120.0,5.5731,60.47
52.971,warmup,4976.0,1088.0,5.4139,60.47
53.071,warmup,4976.0,1160.0,5.7722,60.47
53.171,warmup,4976.0,1128.0,5.6129,60.47
53.272,warmup,4976.0,1096.0,5.4537,60.44
53.372,warmup,4976.0,1152.0,5.7324,60.69
53.472,warmup,4976.0,1144.0,5.6925,60.66
53.572,warmup,4976.0,1112.0,5.5333,60.56
53.672,warmup,4976.0,1128.0,5.6129,60.59
53.772,warmup,4976.0,1160.0,5.7722,60.47
53.872,warmup,4976.0,1120.0,5.5731,60.53
53.972,warmup,4976.0,1088.0,5.4139,60.50
54.073,warmup,4976.0,1168.0,5.8120,60.41
54.173,warmup,4976.0,1136.0,5.6527,60.41
54.273,warmup,4976.0,1104.0,5.4935,60.38
54.373,warmup,4976.0,1160.0,5.7722,60.72
54.473,warmup,4976.0,1144.0,5.6925,60.56
54.573,warmup,4976.0,1112.0,5.5333,60.53
54.673,warmup,4976.0,1128.0,5.6129,60.53
54.773,warmup,4976.0,1160.0,5.7722,60.44
54.874,warmup,4976.0,1120.0,5.5731,60.47
54.974,warmup,4976.0,1088.0,5.4139,60.53
55.074,warmup,4976.0,1168.0,5.8120,60.41
55.174,warmup,4976.0,1128.0,5.6129,60.44
55.274,warmup,4976.0,1096.0,5.4537,60.69
55.374,warmup,4976.0,1160.0,5.7722,60.66
55.474,warmup,4976.0,1144.0,5.6925,60.59
55.575,warmup,4976.0,1112.0,5.5333,60.53
55.675,warmup,4976.0,1128.0,5.6129,60.47
55.775,warmup,4976.0,1152.0,5.7324,60.50
55.875,warmup,4976.0,1120.0,5.5731,60.50
55.975,warmup,4976.0,1088.0,5.4139,60.53
56.075,warmup,4976.0,1168.0,5.8120,60.44
56.175,warmup,4976.0,1128.0,5.6129,60.47
56.275,warmup,4976.0,1096.0,5.4537,60.62
56.376,warmup,4976.0,1160.0,5.7722,60.62
56.476,warmup,4976.0,1144.0,5.6925,60.53
56.576,warmup,4976.0,1104.0,5.4935,60.56
56.676,warmup,4976.0,1128.0,5.6129,60.53
56.776,warmup,4976.0,1152.0,5.7324,60.44
56.876,warmup,4976.0,1120.0,5.5731,60.50
56.976,warmup,4976.0,1088.0,5.4139,60.47
57.076,warmup,4976.0,1160.0,5.7722,60.62
57.177,warmup,4976.0,1128.0,5.6129,60.66
57.277,warmup,4976.0,1096.0,5.4537,60.56
57.377,warmup,4976.0,1168.0,5.8120,60.50
57.477,warmup,4976.0,1136.0,5.6527,60.56
57.577,warmup,4976.0,1104.0,5.4935,60.47
57.677,warmup,4976.0,1128.0,5.6129,60.50
57.777,warmup,4976.0,1152.0,5.7324,60.50
57.878,warmup,4976.0,1120.0,5.5731,60.44
57.978,warmup,4976.0,1088.0,5.4139,60.69
58.078,warmup,4976.0,1160.0,5.7722,60.59
58.178,warmup,4976.0,1128.0,5.6129,60.69
58.278,warmup,4976.0,1096.0,5.4537,60.53
58.378,warmup,4976.0,1168.0,5.8120,60.56
58.478,warmup,4976.0,1136.0,5.6527,60.50
58.578,warmup,4976.0,1104.0,5.4935,60.47
58.679,warmup,4976.0,1128.0,5.6129,60.44
58.779,warmup,4976.0,1152.0,5.7324,60.44
58.879,warmup,4976.0,1120.0,5.5731,60.44
58.979,warmup,4976.0,1088.0,5.4139,60.66
59.079,warmup,4976.0,1160.0,5.7722,60.62
59.179,warmup,4976.0,1128.0,5.6129,60.66
59.279,warmup,4976.0,1096.0,5.4537,60.53
59.379,warmup,4976.0,1168.0,5.8120,60.53
59.480,warmup,4976.0,1136.0,5.6527,60.50
59.580,warmup,4976.0,1104.0,5.4935,60.53
59.680,warmup,4976.0,1128.0,5.6129,60.53
59.780,warmup,4976.0,1152.0,5.7324,60.69
59.880,warmup,4976.0,1112.0,5.5333,60.72
59.980,warmup,4976.0,1088.0,5.4139,60.62
60.080,warmup,4976.0,1160.0,5.7722,60.50
60.181,warmup,4976.0,1128.0,5.6129,60.53
60.281,warmup,4976.0,1096.0,5.4537,60.66
60.381,measure,4976.0,1160.0,5.7722,60.44
60.481,measure,4976.0,1144.0,5.6925,60.56
60.581,measure,4976.0,1104.0,5.4935,60.50
60.681,measure,4976.0,1128.0,5.6129,60.47
60.781,measure,4976.0,1152.0,5.7324,60.72
60.881,measure,4976.0,1120.0,5.5731,60.59
60.982,measure,4976.0,1088.0,5.4139,60.56
61.082,measure,4976.0,1160.0,5.7722,60.59
61.182,measure,4976.0,1128.0,5.6129,60.50
61.282,measure,4976.0,1096.0,5.4537,60.59
61.382,measure,4976.0,1168.0,5.8120,60.50
61.482,measure,4976.0,1144.0,5.6925,60.56
61.582,measure,4976.0,1104.0,5.4935,60.72
61.682,measure,4976.0,1128.0,5.6129,60.72
61.783,measure,4976.0,1152.0,5.7324,60.69
61.883,measure,4976.0,1120.0,5.5731,60.62
61.983,measure,4976.0,1088.0,5.4139,60.50
62.083,measure,4976.0,1160.0,5.7722,60.56
62.183,measure,4976.0,1128.0,5.6129,60.50
62.283,measure,4976.0,1096.0,5.4537,60.59
62.383,measure,4976.0,1168.0,5.8120,60.50
62.484,measure,4976.0,1136.0,5.6527,60.72
62.584,measure,4976.0,1104.0,5.4935,60.75
62.684,measure,4976.0,1128.0,5.6129,60.62
62.784,measure,4976.0,1152.0,5.7324,60.59
62.884,measure,4976.0,1112.0,5.5333,60.56
62.984,measure,4976.0,1088.0,5.4139,60.59
63.084,measure,4976.0,1160.0,5.7722,60.53
63.184,measure,4976.0,1128.0,5.6129,60.50
63.285,measure,4976.0,1096.0,5.4537,60.47
63.385,measure,4976.0,1168.0,5.8120,60.72
63.485,measure,4976.0,1136.0,5.6527,60.72
63.585,measure,4976.0,1104.0,5.4935,60.72
63.685,measure,4976.0,1136.0,5.6527,60.59
63.785,measure,4976.0,1152.0,5.7324,60.56
63.885,measure,4976.0,1112.0,5.5333,60.59
63.986,measure,4976.0,1088.0,5.4139,60.62
64.086,measure,4976.0,1160.0,5.7722,60.50
64.186,measure,4976.0,1128.0,5.6129,60.50
64.286,measure,4976.0,1096.0,5.4537,60.72
64.386,measure,4976.0,1168.0,5.8120,60.78
64.486,measure,4976.0,1144.0,5.6925,60.62
64.586,measure,4976.0,1104.0,5.4935,60.66
64.686,measure,4976.0,1136.0,5.6527,60.56
64.787,measure,4976.0,1152.0,5.7324,60.66
64.887,measure,4976.0,1120.0,5.5731,60.56
64.987,measure,4976.0,1088.0,5.4139,60.50
65.087,measure,4976.0,1160.0,5.7722,60.47
65.187,measure,4976.0,1128.0,5.6129,60.47
65.287,measure,4976.0,1096.0,5.4537,60.78
65.387,measure,4976.0,1168.0,5.8120,60.69
65.488,measure,4976.0,1136.0,5.6527,60.69
65.588,measure,4976.0,1104.0,5.4935,60.56
65.688,measure,4976.0,1136.0,5.6527,60.56
65.788,measure,4976.0,1152.0,5.7324,60.56
65.888,measure,4976.0,1120.0,5.5731,60.53
65.988,measure,4976.0,1088.0,5.4139,60.53
66.088,measure,4976.0,1160.0,5.7722,60.47
66.188,measure,4976.0,1128.0,5.6129,60.72
66.289,measure,4976.0,1096.0,5.4537,60.78
66.389,measure,4976.0,1168.0,5.8120,60.62
66.489,measure,4976.0,1136.0,5.6527,60.66
66.589,measure,4976.0,1104.0,5.4935,60.53
66.689,measure,4976.0,1144.0,5.6925,60.47
66.789,measure,4976.0,1144.0,5.6925,60.59
66.889,measure,4976.0,1112.0,5.5333,60.56
66.990,measure,4976.0,1088.0,5.4139,60.47
67.090,measure,4976.0,1160.0,5.7722,60.84
67.190,measure,4976.0,1120.0,5.5731,60.66
67.290,measure,4976.0,1096.0,5.4537,60.59
67.390,measure,4976.0,1168.0,5.8120,60.62
67.490,measure,4976.0,1136.0,5.6527,60.56
67.590,measure,4976.0,1104.0,5.4935,60.62
67.691,measure,4976.0,1144.0,5.6925,60.59
67.791,measure,4976.0,1144.0,5.6925,60.50
67.891,measure,4976.0,1112.0,5.5333,60.53
67.991,measure,4976.0,1096.0,5.4537,60.53
68.091,measure,4976.0,1160.0,5.7722,60.72
68.191,measure,4976.0,1120.0,5.5731,60.72
68.291,measure,4976.0,1096.0,5.4537,60.75
68.391,measure,4976.0,1160.0,5.7722,60.59
68.492,measure,4976.0,1136.0,5.6527,60.56
68.592,measure,4976.0,1104.0,5.4935,60.56
68.692,measure,4976.0,1144.0,5.6925,60.62
68.792,measure,4976.0,1152.0,5.7324,60.59
68.892,measure,4976.0,1120.0,5.5731,60.50
68.992,measure,4976.0,1104.0,5.4935,60.72
69.092,measure,4976.0,1160.0,5.7722,60.75
69.192,measure,4976.0,1128.0,5.6129,60.62
69.293,measure,4976.0,1096.0,5.4537,60.69
69.393,measure,4976.0,1168.0,5.8120,60.59
69.493,measure,4976.0,1136.0,5.6527,60.66
69.593,measure,4976.0,1104.0,5.4935,60.62
69.693,measure,4976.0,1144.0,5.6925,60.47
69.793,measure,4976.0,1152.0,5.7324,60.53
69.893,measure,4976.0,1120.0,5.5731,60.72
69.993,measure,4976.0,1104.0,5.4935,60.66
70.094,measure,4976.0,1160.0,5.7722,60.62
70.194,measure,4976.0,1128.0,5.6129,60.66
70.294,measure,4976.0,1096.0,5.4537,60.62
70.394,measure,4976.0,1168.0,5.8120,60.53
70.494,measure,4976.0,1152.0,5.7324,60.59
70.594,measure,4976.0,1120.0,5.5731,60.56
70.694,measure,4976.0,1192.0,5.9314,60.53
70.795,measure,4976.0,1224.0,6.0906,60.69
70.895,measure,4976.0,1208.0,6.0110,60.72
70.995,measure,4968.0,1224.0,6.0808,60.75
71.095,measure,4968.0,1312.0,6.5180,60.53
71.195,measure,4968.0,1248.0,6.2001,60.56
71.295,measure,4968.0,1240.0,6.1603,60.56
71.395,measure,4968.0,1328.0,6.5975,60.56
71.496,measure,4968.0,1304.0,6.4783,60.66
71.596,measure,4968.0,1272.0,6.3193,60.53
71.696,measure,4968.0,1336.0,6.6372,60.78
71.796,measure,4968.0,1336.0,6.6372,60.78
71.896,measure,4968.0,1256.0,6.2398,60.69
71.996,measure,4976.0,1224.0,6.0906,60.72
72.096,measure,4968.0,1248.0,6.2001,60.69
72.196,measure,4976.0,1192.0,5.9314,60.59
72.297,measure,4976.0,1144.0,5.6925,60.69
72.397,measure,4976.0,1208.0,6.0110,60.62
72.497,measure,4976.0,1168.0,5.8120,60.56
72.597,measure,4976.0,1128.0,5.6129,60.78
72.697,measure,4976.0,1176.0,5.8518,60.75
72.797,measure,4976.0,1160.0,5.7722,60.72
72.897,measure,4976.0,1120.0,5.5731,60.66
72.998,measure,4976.0,1120.0,5.5731,60.62
73.098,measure,4976.0,1168.0,5.8120,60.56
73.198,measure,4976.0,1128.0,5.6129,60.66
73.298,measure,4976.0,1096.0,5.4537,60.69
73.398,measure,4976.0,1168.0,5.8120,60.62
73.498,measure,4976.0,1136.0,5.6527,60.72
73.598,measure,4976.0,1104.0,5.4935,60.84
73.698,measure,4976.0,1152.0,5.7324,60.59
73.799,measure,4976.0,1152.0,5.7324,60.62
73.899,measure,4976.0,1112.0,5.5333,60.59
73.999,measure,4976.0,1112.0,5.5333,60.62
74.099,measure,4976.0,1160.0,5.7722,60.53
74.199,measure,4976.0,1120.0,5.5731,60.59
74.299,measure,4976.0,1088.0,5.4139,60.56
74.399,measure,4976.0,1168.0,5.8120,60.75
74.500,measure,4976.0,1128.0,5.6129,60.78
74.600,measure,4976.0,1096.0,5.4537,60.84
74.700,measure,4976.0,1144.0,5.6925,60.69
74.800,measure,4976.0,1144.0,5.6925,60.62
74.900,measure,4976.0,1112.0,5.5333,60.62
75.000,measure,4976.0,1112.0,5.5333,60.62
75.100,measure,4976.0,1160.0,5.7722,60.72
75.201,measure,4976.0,1120.0,5.5731,60.62
75.301,measure,4976.0,1088.0,5.4139,60.84
75.401,measure,4976.0,1168.0,5.8120,60.81
75.501,measure,4976.0,1128.0,5.6129,60.75
75.601,measure,4976.0,1096.0,5.4537,60.72
75.701,measure,4976.0,1168.0,5.8120,60.69
75.801,measure,4976.0,1144.0,5.6925,60.66
75.902,measure,4976.0,1104.0,5.4935,60.62
76.002,measure,4976.0,1112.0,5.5333,60.56
76.102,measure,4976.0,1160.0,5.7722,60.59
76.202,measure,4976.0,1120.0,5.5731,60.81
76.302,measure,4976.0,1088.0,5.4139,60.81
76.402,measure,4976.0,1168.0,5.8120,60.72
76.502,measure,4976.0,1128.0,5.6129,60.69
76.602,measure,4976.0,1096.0,5.4537,60.69
76.703,measure,4976.0,1168.0,5.8120,60.59
76.803,measure,4976.0,1144.0,5.6925,60.62
76.903,measure,4976.0,1104.0,5.4935,60.69
77.003,measure,4976.0,1120.0,5.5731,60.62
77.103,measure,4976.0,1160.0,5.7722,60.81
77.203,measure,4976.0,1120.0,5.5731,60.78
77.303,measure,4976.0,1088.0,5.4139,60.72
77.404,measure,4976.0,1168.0,5.8120,60.66
77.504,measure,4976.0,1128.0,5.6129,60.66
77.604,measure,4976.0,1096.0,5.4537,60.72
77.704,measure,4976.0,1168.0,5.8120,60.62
77.804,measure,4976.0,1136.0,5.6527,60.66
77.904,measure,4976.0,1104.0,5.4935,60.62
78.004,measure,4976.0,1120.0,5.5731,60.88
78.104,measure,4976.0,1152.0,5.7324,60.78
78.205,measure,4976.0,1120.0,5.5731,60.75
78.305,measure,4976.0,1088.0,5.4139,60.72
78.405,measure,4976.0,1168.0,5.8120,60.69
78.505,measure,4976.0,1128.0,5.6129,60.66
78.605,measure,4976.0,1096.0,5.4537,60.59
78.705,measure,4976.0,1168.0,5.8120,60.56
78.805,measure,4976.0,1144.0,5.6925,60.59
78.906,measure,4976.0,1104.0,5.4935,60.91
79.006,measure,4976.0,1120.0,5.5731,60.91
79.106,measure,4976.0,1160.0,5.7722,60.69
79.206,measure,4976.0,1120.0,5.5731,60.72
79.306,measure,4976.0,1088.0,5.4139,60.75
79.406,measure,4976.0,1160.0,5.7722,60.69
79.506,measure,4976.0,1128.0,5.6129,60.62
79.607,measure,4976.0,1096.0,5.4537,60.59
79.707,measure,4976.0,1168.0,5.8120,60.66
79.807,measure,4976.0,1136.0,5.6527,60.56
79.907,measure,4976.0,1104.0,5.4935,60.88
80.007,measure,4976.0,1120.0,5.5731,60.72
80.107,measure,4976.0,1152.0,5.7324,60.69
80.207,measure,4976.0,1120.0,5.5731,60.59
80.307,measure,4976.0,1088.0,5.4139,60.62
80.408,measure,4976.0,1160.0,5.7722,60.66
80.508,measure,4976.0,1128.0,5.6129,60.69
80.608,measure,4976.0,1096.0,5.4537,60.56
80.708,measure,4976.0,1176.0,5.8518,60.66
80.808,measure,4976.0,1144.0,5.6925,60.88
80.908,measure,4976.0,1104.0,5.4935,60.81
81.008,measure,4976.0,1128.0,5.6129,60.75
81.109,measure,4976.0,1160.0,5.7722,60.75
81.209,measure,4976.0,1120.0,5.5731,60.66
81.309,measure,4976.0,1088.0,5.4139,60.59
81.409,measure,4976.0,1160.0,5.7722,60.66
81.509,measure,4976.0,1128.0,5.6129,60.59
81.609,measure,4976.0,1096.0,5.4537,60.69
81.709,measure,4976.0,1160.0,5.7722,60.62
81.809,measure,4976.0,1144.0,5.6925,60.78
81.910,measure,4976.0,1112.0,5.5333,60.78
82.010,measure,4976.0,1128.0,5.6129,60.69
82.110,measure,4976.0,1160.0,5.7722,60.59
82.210,measure,4976.0,1120.0,5.5731,60.62
82.310,measure,4976.0,1088.0,5.4139,60.66
82.410,measure,4976.0,1168.0,5.8120,60.66
82.510,measure,4976.0,1128.0,5.6129,60.62
82.610,measure,4976.0,1096.0,5.4537,60.78
82.711,measure,4976.0,1160.0,5.7722,60.84
82.811,measure,4976.0,1144.0,5.6925,60.75
82.911,measure,4976.0,1104.0,5.4935,60.69
83.011,measure,4976.0,1128.0,5.6129,60.72
83.111,measure,4976.0,1152.0,5.7324,60.69
83.211,measure,4976.0,1112.0,5.5333,60.66
83.311,measure,4976.0,1088.0,5.4139,60.62
83.412,measure,4976.0,1160.0,5.7722,60.56
83.512,measure,4976.0,1128.0,5.6129,60.88
83.612,measure,4976.0,1096.0,5.4537,60.78
83.712,measure,4976.0,1160.0,5.7722,60.78
83.812,measure,4976.0,1144.0,5.6925,60.78
83.912,measure,4976.0,1104.0,5.4935,60.69
84.012,measure,4976.0,1128.0,5.6129,60.66
84.113,measure,4976.0,1160.0,5.7722,60.66
84.213,measure,4976.0,1120.0,5.5731,60.66
84.313,measure,4976.0,1088.0,5.4139,60.69
84.413,measure,4976.0,1168.0,5.8120,60.84
84.513,measure,4976.0,1128.0,5.6129,60.78
84.613,measure,4976.0,1096.0,5.4537,60.75
84.713,measure,4976.0,1168.0,5.8120,60.75
84.814,measure,4976.0,1136.0,5.6527,60.72
84.914,measure,4976.0,1104.0,5.4935,60.66
85.014,measure,4976.0,1128.0,5.6129,60.66
85.114,measure,4976.0,1160.0,5.7722,60.66
85.214,measure,4976.0,1120.0,5.5731,60.72
85.314,measure,4976.0,1088.0,5.4139,60.88
85.414,measure,4976.0,1168.0,5.8120,60.84
85.514,measure,4976.0,1128.0,5.6129,60.78
85.615,measure,4976.0,1096.0,5.4537,60.75
85.715,measure,4976.0,1168.0,5.8120,60.75
85.815,measure,4976.0,1136.0,5.6527,60.75
85.915,measure,4976.0,1104.0,5.4935,60.66
86.015,measure,4976.0,1128.0,5.6129,60.66
86.115,measure,4976.0,1152.0,5.7324,60.62
86.215,measure,4976.0,1120.0,5.5731,60.91
86.316,measure,4976.0,1088.0,5.4139,60.88
86.416,measure,4976.0,1160.0,5.7722,60.81
86.516,measure,4976.0,1128.0,5.6129,60.72
86.616,measure,4976.0,1096.0,5.4537,60.75
86.716,measure,4976.0,1168.0,5.8120,60.69
86.816,measure,4976.0,1144.0,5.6925,60.75
86.916,measure,4976.0,1104.0,5.4935,60.69
87.017,measure,4976.0,1128.0,5.6129,60.69
87.117,measure,4976.0,1152.0,5.7324,60.88
87.217,measure,4976.0,1120.0,5.5731,60.84
87.317,measure,4976.0,1088.0,5.4139,60.88
87.417,measure,4976.0,1160.0,5.7722,60.75
87.517,measure,4976.0,1128.0,5.6129,60.75
87.617,measure,4976.0,1096.0,5.4537,60.66
87.717,measure,4976.0,1168.0,5.8120,60.72
87.818,measure,4976.0,1136.0,5.6527,60.72
87.918,measure,4976.0,1104.0,5.4935,60.62
88.018,measure,4976.0,1128.0,5.6129,60.88
88.118,measure,4976.0,1152.0,5.7324,60.88
88.218,measure,4976.0,1120.0,5.5731,60.88
88.318,measure,4976.0,1088.0,5.4139,60.78
88.418,measure,4976.0,1160.0,5.7722,60.81
88.519,measure,4976.0,1128.0,5.6129,60.75
88.619,measure,4976.0,1096.0,5.4537,60.72
88.719,measure,4976.0,1168.0,5.8120,60.72
88.819,measure,4976.0,1144.0,5.6925,60.66
88.919,measure,4976.0,1104.0,5.4935,60.88
89.019,measure,4976.0,1136.0,5.6527,60.84
89.120,measure,4976.0,1152.0,5.7324,60.88
89.220,measure,4976.0,1120.0,5.5731,60.72
89.320,measure,4976.0,1088.0,5.4139,60.78
89.420,measure,4976.0,1160.0,5.7722,60.69
89.520,measure,4976.0,1128.0,5.6129,60.69
89.620,measure,4976.0,1096.0,5.4537,60.59
89.720,measure,4976.0,1168.0,5.8120,60.62
89.821,measure,4976.0,1136.0,5.6527,60.59
89.921,measure,4976.0,1104.0,5.4935,60.88
90.021,measure,4976.0,1136.0,5.6527,60.88
90.121,measure,4976.0,1152.0,5.7324,60.75
90.221,measure,4976.0,1112.0,5.5333,60.69
90.321,measure,4976.0,1096.0,5.4537,60.78
90.422,measure,4976.0,1160.0,5.7722,60.69
90.522,measure,4976.0,1128.0,5.6129,60.62
90.622,measure,4976.0,1096.0,5.4537,60.72
90.722,measure,4976.0,1168.0,5.8120,60.72
90.822,measure,4976.0,1136.0,5.6527,60.91
90.922,measure,4976.0,1112.0,5.5333,60.84
91.022,measure,4976.0,1144.0,5.6925,60.75
91.122,measure,4976.0,1152.0,5.7324,60.75
91.223,measure,4976.0,1112.0,5.5333,60.69
91.323,measure,4976.0,1096.0,5.4537,60.72
91.423,measure,4976.0,1168.0,5.8120,60.75
91.523,measure,4976.0,1128.0,5.6129,60.66
91.623,measure,4976.0,1096.0,5.4537,60.75
91.723,measure,4976.0,1168.0,5.8120,60.91
91.823,measure,4976.0,1136.0,5.6527,60.81
91.924,measure,4976.0,1104.0,5.4935,60.78
92.024,measure,4976.0,1136.0,5.6527,60.69
92.124,measure,4976.0,1152.0,5.7324,60.75
92.224,measure,4976.0,1112.0,5.5333,60.72
92.324,measure,4976.0,1096.0,5.4537,60.78
92.424,measure,4976.0,1160.0,5.7722,60.66
92.524,measure,4976.0,1120.0,5.5731,60.66
92.624,measure,4976.0,1096.0,5.4537,60.97
92.725,measure,4976.0,1168.0,5.8120,60.88
92.825,measure,4976.0,1136.0,5.6527,60.88
92.925,measure,4976.0,1104.0,5.4935,60.78
93.025,measure,4976.0,1144.0,5.6925,60.78
93.125,measure,4976.0,1152.0,5.7324,60.62
93.225,measure,4976.0,1112.0,5.5333,60.72
93.326,measure,4976.0,1104.0,5.4935,60.66
93.426,measure,4976.0,1160.0,5.7722,60.72
93.526,measure,4976.0,1120.0,5.5731,60.69
93.626,measure,4976.0,1096.0,5.4537,60.88
93.726,measure,4976.0,1160.0,5.7722,60.84
93.826,measure,4976.0,1136.0,5.6527,60.78
93.927,measure,4976.0,1104.0,5.4935,60.72
94.027,measure,4976.0,1144.0,5.6925,60.78
94.127,measure,4976.0,1144.0,5.6925,60.75
94.227,measure,4976.0,1112.0,5.5333,60.69
94.327,measure,4976.0,1104.0,5.4935,60.72
94.427,measure,4976.0,1160.0,5.7722,60.78
94.528,measure,4976.0,1128.0,5.6129,60.91
94.628,measure,4976.0,1096.0,5.4537,60.91
94.728,measure,4976.0,1168.0,5.8120,60.78
94.828,measure,4976.0,1136.0,5.6527,60.78
94.928,measure,4976.0,1104.0,5.4935,60.75
95.028,measure,4976.0,1152.0,5.7324,60.59
95.128,measure,4976.0,1144.0,5.6925,60.78
95.229,measure,4976.0,1112.0,5.5333,60.66
95.329,measure,4976.0,1104.0,5.4935,60.69
95.429,measure,4976.0,1160.0,5.7722,60.69
95.529,measure,4976.0,1120.0,5.5731,60.88
95.629,measure,4976.0,1088.0,5.4139,60.78
95.729,measure,4976.0,1168.0,5.8120,60.84
95.829,measure,4976.0,1136.0,5.6527,60.75
95.930,measure,4976.0,1104.0,5.4935,60.72
96.030,measure,4976.0,1152.0,5.7324,60.69
96.130,measure,4976.0,1144.0,5.6925,60.81
96.230,measure,4976.0,1112.0,5.5333,60.66
96.330,measure,4976.0,1104.0,5.4935,60.69
96.430,measure,4976.0,1160.0,5.7722,60.91
96.530,measure,4976.0,1120.0,5.5731,60.91
96.631,measure,4976.0,1096.0,5.4537,60.81
96.731,measure,4976.0,1168.0,5.8120,60.75
96.831,measure,4976.0,1136.0,5.6527,60.72
96.931,measure,4976.0,1104.0,5.4935,60.69
97.031,measure,4976.0,1152.0,5.7324,60.66
97.131,measure,4976.0,1152.0,5.7324,60.75
97.231,measure,4976.0,1112.0,5.5333,60.66
97.331,measure,4976.0,1112.0,5.5333,60.94
97.432,measure,4976.0,1168.0,5.8120,60.78
97.532,measure,4976.0,1128.0,5.6129,60.88
97.632,measure,4976.0,1096.0,5.4537,60.72
97.732,measure,4976.0,1168.0,5.8120,60.75
97.832,measure,4976.0,1136.0,5.6527,60.69
97.932,measure,4976.0,1104.0,5.4935,60.72
98.032,measure,4976.0,1152.0,5.7324,60.66
98.133,measure,4976.0,1152.0,5.7324,60.78
98.233,measure,4976.0,1112.0,5.5333,60.88
98.333,measure,4976.0,1112.0,5.5333,60.88
98.433,measure,4976.0,1160.0,5.7722,60.84
98.533,measure,4976.0,1120.0,5.5731,60.78
98.633,measure,4976.0,1096.0,5.4537,60.78
98.733,measure,4976.0,1168.0,5.8120,60.75
98.833,measure,4976.0,1136.0,5.6527,60.69
98.934,measure,4976.0,1104.0,5.4935,60.66
99.034,measure,4976.0,1152.0,5.7324,60.69
99.134,measure,4976.0,1152.0,5.7324,60.88
99.234,measure,4976.0,1112.0,5.5333,60.84
99.334,measure,4976.0,1120.0,5.5731,60.88
99.434,measure,4976.0,1160.0,5.7722,60.75
99.534,measure,4976.0,1128.0,5.6129,60.84
99.635,measure,4976.0,1096.0,5.4537,60.69
99.735,measure,4976.0,1168.0,5.8120,60.69
99.835,measure,4976.0,1136.0,5.6527,60.75
99.935,measure,4976.0,1104.0,5.4935,60.69
100.035,measure,4976.0,1168.0,5.8120,60.88
100.135,measure,4976.0,1144.0,5.6925,60.81
100.235,measure,4976.0,1112.0,5.5333,60.81
100.336,measure,4976.0,1120.0,5.5731,60.81
100.436,measure,4976.0,1160.0,5.7722,60.81
100.536,measure,4976.0,1128.0,5.6129,60.75
100.636,measure,4976.0,1096.0,5.4537,60.75
100.736,measure,4976.0,1168.0,5.8120,60.75
100.836,measure,4976.0,1136.0,5.6527,60.69
100.936,measure,4976.0,1104.0,5.4935,60.88
101.037,measure,4976.0,1152.0,5.7324,60.88
101.137,measure,4976.0,1152.0,5.7324,60.88
101.237,measure,4976.0,1112.0,5.5333,60.88
101.337,measure,4976.0,1120.0,5.5731,60.78
101.437,measure,4976.0,1160.0,5.7722,60.78
101.537,measure,4976.0,1120.0,5.5731,60.72
101.637,measure,4976.0,1096.0,5.4537,60.75
101.737,measure,4976.0,1168.0,5.8120,60.75
101.838,measure,4976.0,1128.0,5.6129,60.66
101.938,measure,4976.0,1096.0,5.4537,60.94
102.038,measure,4976.0,1152.0,5.7324,60.84
102.138,measure,4976.0,1144.0,5.6925,60.78
102.238,measure,4976.0,1112.0,5.5333,60.88
102.338,measure,4976.0,1120.0,5.5731,60.78
102.438,measure,4976.0,1160.0,5.7722,60.69
102.539,measure,4976.0,1128.0,5.6129,60.75
102.639,measure,4976.0,1096.0,5.4537,60.69
102.739,measure,4976.0,1168.0,5.8120,60.91
102.839,measure,4976.0,1136.0,5.6527,60.91
102.939,measure,4976.0,1104.0,5.4935,60.91
103.039,measure,4976.0,1160.0,5.7722,60.88
103.139,measure,4976.0,1144.0,5.6925,60.88
103.239,measure,4976.0,1112.0,5.5333,60.78
103.340,measure,4976.0,1128.0,5.6129,60.75
103.440,measure,4976.0,1152.0,5.7324,60.84
103.540,measure,4976.0,1120.0,5.5731,60.81
103.640,measure,4976.0,1096.0,5.4537,60.94
103.740,measure,4976.0,1168.0,5.8120,60.91
103.840,measure,4976.0,1136.0,5.6527,60.91
103.940,measure,4976.0,1104.0,5.4935,60.88
104.041,measure,4976.0,1168.0,5.8120,60.91
104.141,measure,4976.0,1152.0,5.7324,60.75
104.241,measure,4976.0,1112.0,5.5333,60.72
104.341,measure,4976.0,1128.0,5.6129,60.75
104.441,measure,4976.0,1160.0,5.7722,60.75
104.541,measure,4976.0,1120.0,5.5731,60.94
104.641,measure,4976.0,1096.0,5.4537,60.97
104.742,measure,4976.0,1168.0,5.8120,60.88
104.842,measure,4976.0,1128.0,5.6129,60.78
104.942,measure,4976.0,1096.0,5.4537,60.84
105.042,measure,4976.0,1160.0,5.7722,60.78
105.142,measure,4976.0,1144.0,5.6925,60.81
105.242,measure,4976.0,1112.0,5.5333,60.75
105.342,measure,4976.0,1128.0,5.6129,60.66
105.443,measure,4976.0,1152.0,5.7324,61.00
105.543,measure,4976.0,1120.0,5.5731,61.00
105.643,measure,4976.0,1088.0,5.4139,60.91
105.743,measure,4976.0,1160.0,5.7722,60.88
105.843,measure,4976.0,1128.0,5.6129,60.88
105.943,measure,4976.0,1096.0,5.4537,60.88
106.043,measure,4976.0,1168.0,5.8120,60.75
106.143,measure,4976.0,1144.0,5.6925,60.75
106.244,measure,4976.0,1112.0,5.5333,60.84
106.344,measure,4976.0,1128.0,5.6129,61.00
106.444,measure,4976.0,1152.0,5.7324,60.94
106.544,measure,4976.0,1120.0,5.5731,60.88
106.644,measure,4976.0,1088.0,5.4139,60.75
106.744,measure,4976.0,1168.0,5.8120,60.88
106.844,measure,4976.0,1128.0,5.6129,60.78
106.945,measure,4976.0,1096.0,5.4537,60.81
107.045,measure,4976.0,1152.0,5.7324,60.81
107.145,measure,4976.0,1144.0,5.6925,60.81
107.245,measure,4976.0,1112.0,5.5333,60.69
107.345,measure,4976.0,1128.0,5.6129,61.00
107.445,measure,4976.0,1160.0,5.7722,60.88
107.545,measure,4976.0,1120.0,5.5731,60.91
107.645,measure,4976.0,1096.0,5.4537,60.84
107.746,measure,4976.0,1168.0,5.8120,60.78
107.846,measure,4976.0,1136.0,5.6527,60.88
107.946,measure,4976.0,1104.0,5.4935,60.84
108.046,measure,4976.0,1168.0,5.8120,60.75
108.146,measure,4976.0,1144.0,5.6925,60.75
108.246,measure,4976.0,1112.0,5.5333,61.00
108.346,measure,4976.0,1136.0,5.6527,60.88
108.447,measure,4976.0,1152.0,5.7324,60.88
108.547,measure,4976.0,1120.0,5.5731,60.88
108.647,measure,4976.0,1088.0,5.4139,60.81
108.747,measure,4976.0,1168.0,5.8120,60.78
108.847,measure,4976.0,1128.0,5.6129,60.75
108.947,measure,4976.0,1096.0,5.4537,60.75
109.047,measure,4976.0,1160.0,5.7722,60.84
109.147,measure,4976.0,1144.0,5.6925,60.72
109.248,measure,4976.0,1112.0,5.5333,60.88
109.348,measure,4976.0,1136.0,5.6527,60.88
109.448,measure,4976.0,1160.0,5.7722,60.88
109.548,measure,4976.0,1120.0,5.5731,60.78
109.648,measure,4976.0,1088.0,5.4139,60.88
109.748,measure,4976.0,1168.0,5.8120,60.75
109.848,measure,4976.0,1128.0,5.6129,60.72
109.949,measure,4976.0,1096.0,5.4537,60.72
110.049,measure,4976.0,1168.0,5.8120,60.78
110.149,measure,4976.0,1144.0,5.6925,61.00
110.249,measure,4976.0,1104.0,5.4935,60.94
110.349,measure,4976.0,1136.0,5.6527,60.88
110.449,measure,4976.0,1152.0,5.7324,60.78
110.549,measure,4976.0,1120.0,5.5731,60.84
110.649,measure,4976.0,1088.0,5.4139,60.78
110.750,measure,4976.0,1168.0,5.8120,60.72
110.850,measure,4976.0,1128.0,5.6129,60.75
110.950,measure,4976.0,1096.0,5.4537,60.75
111.050,measure,4976.0,1168.0,5.8120,60.97
111.150,measure,4976.0,1144.0,5.6925,60.88
111.250,measure,4976.0,1104.0,5.4935,60.88
111.350,measure,4976.0,1136.0,5.6527,60.84
111.451,measure,4976.0,1160.0,5.7722,60.84
111.551,measure,4976.0,1120.0,5.5731,60.88
111.651,measure,4976.0,1088.0,5.4139,60.81
111.751,measure,4976.0,1168.0,5.8120,60.78
111.851,measure,4976.0,1128.0,5.6129,60.72
111.951,measure,4976.0,1096.0,5.4537,60.91
112.051,measure,4976.0,1168.0,5.8120,60.94
112.151,measure,4976.0,1136.0,5.6527,60.88
112.252,measure,4976.0,1104.0,5.4935,60.91
112.352,measure,4976.0,1136.0,5.6527,60.84
112.452,measure,4976.0,1152.0,5.7324,60.78
112.552,measure,4976.0,1120.0,5.5731,60.78
112.652,measure,4976.0,1088.0,5.4139,60.72
112.752,measure,4976.0,1168.0,5.8120,60.78
112.852,measure,4976.0,1128.0,5.6129,60.91
112.953,measure,4976.0,1104.0,5.4935,60.91
113.053,measure,4976.0,1176.0,5.8518,60.88
113.153,measure,4976.0,1144.0,5.6925,60.75
113.253,measure,4976.0,1104.0,5.4935,60.88
113.353,measure,4976.0,1136.0,5.6527,60.88
113.453,measure,4976.0,1152.0,5.7324,60.78
113.553,measure,4976.0,1120.0,5.5731,60.75
113.654,measure,4976.0,1096.0,5.4537,60.75
113.754,measure,4976.0,1168.0,5.8120,60.88
113.854,measure,4976.0,1128.0,5.6129,60.97
113.954,measure,4976.0,1096.0,5.4537,60.88
114.054,measure,4976.0,1168.0,5.8120,60.81
114.154,measure,4976.0,1144.0,5.6925,60.91
114.254,measure,4976.0,1104.0,5.4935,60.78
114.355,measure,4976.0,1136.0,5.6527,60.84
114.455,measure,4976.0,1152.0,5.7324,60.84
114.555,measure,4976.0,1120.0,5.5731,60.78
114.655,measure,4976.0,1096.0,5.4537,61.00
114.755,measure,4976.0,1168.0,5.8120,60.97
114.855,measure,4976.0,1128.0,5.6129,60.88
114.955,measure,4976.0,1104.0,5.4935,60.94
115.055,measure,4976.0,1176.0,5.8518,60.88
115.156,measure,4976.0,1144.0,5.6925,60.78
115.256,measure,4976.0,1112.0,5.5333,60.88
115.356,measure,4976.0,1144.0,5.6925,60.84
115.456,measure,4976.0,1152.0,5.7324,60.81
115.556,measure,4976.0,1120.0,5.5731,60.91
115.656,measure,4976.0,1096.0,5.4537,60.97
115.756,measure,4976.0,1160.0,5.7722,60.88
115.857,measure,4976.0,1128.0,5.6129,60.88
115.957,measure,4976.0,1096.0,5.4537,60.91
116.057,measure,4976.0,1168.0,5.8120,60.84
116.157,measure,4976.0,1144.0,5.6925,60.88
116.257,measure,4976.0,1112.0,5.5333,60.81
116.357,measure,4976.0,1144.0,5.6925,60.84
116.457,measure,4976.0,1152.0,5.7324,61.03
116.558,measure,4976.0,1120.0,5.5731,61.09
116.658,measure,4976.0,1104.0,5.4935,60.88
116.758,measure,4976.0,1168.0,5.8120,60.88
116.858,measure,4976.0,1128.0,5.6129,60.88
116.958,measure,4976.0,1096.0,5.4537,60.75
117.058,measure,4976.0,1168.0,5.8120,60.88
117.158,measure,4976.0,1136.0,5.6527,60.78
117.258,measure,4976.0,1104.0,5.4935,60.84
117.359,measure,4976.0,1144.0,5.6925,61.09
117.459,measure,4976.0,1152.0,5.7324,60.97
117.559,measure,4976.0,1112.0,5.5333,60.91
117.659,measure,4976.0,1104.0,5.4935,60.88
117.759,measure,4976.0,1160.0,5.7722,60.88
117.859,measure,4976.0,1120.0,5.5731,60.78
117.959,measure,4976.0,1096.0,5.4537,60.78
118.060,measure,4976.0,1168.0,5.8120,60.81
118.160,measure,4976.0,1136.0,5.6527,60.81
118.260,measure,4976.0,1104.0,5.4935,61.06
118.360,measure,4976.0,1144.0,5.6925,61.03
118.460,measure,4976.0,1152.0,5.7324,60.91
118.560,measure,4976.0,1112.0,5.5333,60.88
118.660,measure,4976.0,1104.0,5.4935,60.91
118.761,measure,4976.0,1160.0,5.7722,60.88
118.861,measure,4976.0,1120.0,5.5731,60.88
118.961,measure,4976.0,1096.0,5.4537,60.84
119.061,measure,4976.0,1168.0,5.8120,60.88
119.161,measure,4976.0,1136.0,5.6527,61.09
119.261,measure,4976.0,1104.0,5.4935,61.03
119.361,measure,4976.0,1144.0,5.6925,60.88
119.462,measure,4976.0,1152.0,5.7324,60.91
119.562,measure,4976.0,1112.0,5.5333,60.91
119.662,measure,4976.0,1104.0,5.4935,60.88
119.762,measure,4976.0,1168.0,5.8120,60.88
119.862,measure,4976.0,1128.0,5.6129,60.81
119.962,measure,4976.0,1096.0,5.4537,60.81
120.062,measure,4976.0,1168.0,5.8120,61.09
120.162,measure,4976.0,1136.0,5.6527,60.97
120.263,measure,4976.0,1104.0,5.4935,60.94
120.363,measure,4976.0,1144.0,5.6925,60.91
120.463,measure,4976.0,1152.0,5.7324,60.84
120.563,measure,4976.0,1112.0,5.5333,60.81
120.663,measure,4976.0,1112.0,5.5333,60.88
120.763,measure,4976.0,1160.0,5.7722,60.81
120.863,measure,4976.0,1128.0,5.6129,60.88
120.964,measure,4976.0,1096.0,5.4537,60.84
121.064,measure,4976.0,1168.0,5.8120,61.03
121.164,measure,4976.0,1136.0,5.6527,60.94
121.264,measure,4976.0,1104.0,5.4935,60.91
121.364,measure,4976.0,1144.0,5.6925,60.91
121.464,measure,4976.0,1152.0,5.7324,60.88
121.564,measure,4976.0,1112.0,5.5333,60.84
121.665,measure,4976.0,1112.0,5.5333,60.84
121.765,measure,4976.0,1160.0,5.7722,60.88
121.865,measure,4976.0,1120.0,5.5731,60.78
121.965,measure,4976.0,1096.0,5.4537,61.00
122.065,measure,4976.0,1168.0,5.8120,60.94
122.165,measure,4976.0,1136.0,5.6527,60.97
122.265,measure,4976.0,1104.0,5.4935,60.91
122.365,measure,4976.0,1144.0,5.6925,60.91
122.466,measure,4976.0,1152.0,5.7324,60.88
122.566,measure,4976.0,1112.0,5.5333,60.88
122.666,measure,4976.0,1112.0,5.5333,60.91
122.766,measure,4976.0,1160.0,5.7722,60.84
122.866,measure,4976.0,1128.0,5.6129,60.81
122.966,measure,4976.0,1096.0,5.4537,61.00
123.066,measure,4976.0,1168.0,5.8120,60.91
123.167,measure,4976.0,1136.0,5.6527,60.91
123.267,measure,4976.0,1104.0,5.4935,60.94
123.367,measure,4976.0,1160.0,5.7722,60.88
123.467,measure,4976.0,1144.0,5.6925,60.91
123.567,measure,4976.0,1112.0,5.5333,60.88
123.667,measure,4976.0,1112.0,5.5333,60.88
123.767,measure,4976.0,1160.0,5.7722,60.84
123.867,measure,4976.0,1120.0,5.5731,60.94
123.968,measure,4976.0,1088.0,5.4139,60.97
124.068,measure,4976.0,1168.0,5.8120,60.88
124.168,measure,4976.0,1136.0,5.6527,60.84
124.268,measure,4976.0,1104.0,5.4935,60.91
124.368,measure,4976.0,1152.0,5.7324,60.88
124.468,measure,4976.0,1144.0,5.6925,60.88
124.568,measure,4976.0,1112.0,5.5333,60.78
124.669,measure,4976.0,1120.0,5.5731,60.88
124.769,measure,4976.0,1160.0,5.7722,61.00
124.869,measure,4976.0,1120.0,5.5731,61.00
124.969,measure,4976.0,1088.0,5.4139,60.94
125.069,measure,4976.0,1168.0,5.8120,60.94
125.169,measure,4976.0,1136.0,5.6527,60.88
125.269,measure,4976.0,1104.0,5.4935,60.84
125.369,measure,4976.0,1160.0,5.7722,60.84
125.470,measure,4976.0,1144.0,5.6925,60.84
125.570,measure,4976.0,1112.0,5.5333,60.84
125.670,measure,4976.0,1120.0,5.5731,61.03
125.770,measure,4976.0,1152.0,5.7324,60.97
125.870,measure,4976.0,1120.0,5.5731,60.94
125.970,measure,4976.0,1088.0,5.4139,60.94
126.070,measure,4976.0,1168.0,5.8120,60.88
126.171,measure,4976.0,1128.0,5.6129,60.84
126.271,measure,4976.0,1096.0,5.4537,60.88
126.371,measure,4976.0,1160.0,5.7722,60.84
126.471,measure,4976.0,1144.0,5.6925,60.81
126.571,measure,4976.0,1112.0,5.5333,61.00
126.671,measure,4976.0,1120.0,5.5731,60.97
126.771,measure,4976.0,1152.0,5.7324,60.91
126.871,measure,4976.0,1120.0,5.5731,60.88
126.972,measure,4976.0,1088.0,5.4139,60.91
127.072,measure,4976.0,1168.0,5.8120,60.88
127.172,measure,4976.0,1128.0,5.6129,60.81
127.272,measure,4976.0,1096.0,5.4537,60.88
127.372,measure,4976.0,1152.0,5.7324,60.84
127.472,measure,4976.0,1144.0,5.6925,61.00
127.573,measure,4976.0,1112.0,5.5333,61.00
127.673,measure,4976.0,1120.0,5.5731,60.91
127.773,measure,4976.0,1160.0,5.7722,60.94
127.873,measure,4976.0,1120.0,5.5731,60.91
127.973,measure,4976.0,1088.0,5.4139,60.97
128.073,measure,4976.0,1168.0,5.8120,60.88
128.173,measure,4976.0,1128.0,5.6129,60.88
128.273,measure,4976.0,1096.0,5.4537,60.88
128.374,measure,4976.0,1168.0,5.8120,60.81
128.474,measure,4976.0,1144.0,5.6925,61.00
128.574,measure,4976.0,1104.0,5.4935,60.97
128.674,measure,4976.0,1120.0,5.5731,60.94
128.774,measure,4976.0,1160.0,5.7722,60.91
128.874,measure,4976.0,1120.0,5.5731,60.88
128.974,measure,4976.0,1088.0,5.4139,60.88
129.075,measure,4976.0,1168.0,5.8120,60.78
129.175,measure,4976.0,1128.0,5.6129,60.84
129.275,measure,4976.0,1096.0,5.4537,61.09
129.375,measure,4976.0,1168.0,5.8120,61.06
129.475,measure,4976.0,1144.0,5.6925,60.97
129.575,measure,4976.0,1104.0,5.4935,60.88
129.675,measure,4976.0,1128.0,5.6129,60.88
129.775,measure,4976.0,1160.0,5.7722,60.88
129.876,measure,4976.0,1120.0,5.5731,60.91
129.976,measure,4976.0,1088.0,5.4139,60.81
130.076,measure,4976.0,1168.0,5.8120,60.88
130.176,measure,4976.0,1128.0,5.6129,61.06
130.276,measure,4976.0,1096.0,5.4537,61.03
130.376,measure,4976.0,1168.0,5.8120,60.91
130.476,measure,4976.0,1144.0,5.6925,61.00
130.577,measure,4976.0,1112.0,5.5333,60.88
130.677,measure,4976.0,1128.0,5.6129,60.88
130.777,measure,4976.0,1160.0,5.7722,60.88
130.877,measure,4976.0,1120.0,5.5731,60.81
130.977,measure,4976.0,1088.0,5.4139,61.12
131.077,measure,4976.0,1168.0,5.8120,61.09
131.177,measure,4976.0,1136.0,5.6527,61.00
131.277,measure,4976.0,1104.0,5.4935,60.97
131.378,measure,4976.0,1168.0,5.8120,60.97
131.478,measure,4976.0,1144.0,5.6925,60.94
131.578,measure,4976.0,1112.0,5.5333,60.88
131.678,measure,4976.0,1128.0,5.6129,60.88
131.778,measure,4976.0,1152.0,5.7324,60.84
131.878,measure,4976.0,1120.0,5.5731,61.06
131.978,measure,4976.0,1088.0,5.4139,61.12
132.079,measure,4976.0,1160.0,5.7722,61.03
132.179,measure,4976.0,1128.0,5.6129,60.91
132.279,measure,4976.0,1096.0,5.4537,60.97
132.379,measure,4976.0,1168.0,5.8120,60.88
132.479,measure,4976.0,1144.0,5.6925,60.88
132.579,measure,4976.0,1104.0,5.4935,60.91
132.680,measure,4976.0,1128.0,5.6129,60.84
132.780,measure,4976.0,1160.0,5.7722,60.84
132.880,measure,4976.0,1120.0,5.5731,61.03
132.980,measure,4976.0,1088.0,5.4139,61.09
133.080,measure,4976.0,1168.0,5.8120,61.00
133.180,measure,4976.0,1128.0,5.6129,60.97
133.280,measure,4976.0,1104.0,5.4935,60.91
133.381,measure,4976.0,1176.0,5.8518,60.88
133.481,measure,4976.0,1144.0,5.6925,60.91
133.581,measure,4976.0,1104.0,5.4935,60.88
133.681,measure,4976.0,1128.0,5.6129,60.81
133.781,measure,4976.0,1160.0,5.7722,61.09
133.881,measure,4976.0,1120.0,5.5731,61.06
133.981,measure,4976.0,1088.0,5.4139,61.09
134.082,measure,4976.0,1168.0,5.8120,61.00
134.182,measure,4976.0,1128.0,5.6129,60.94
134.282,measure,4976.0,1096.0,5.4537,60.88
134.382,measure,4976.0,1168.0,5.8120,60.91
134.482,measure,4976.0,1144.0,5.6925,60.88
134.582,measure,4976.0,1112.0,5.5333,60.88
134.682,measure,4976.0,1136.0,5.6527,60.81
134.783,measure,4976.0,1160.0,5.7722,61.03
134.883,measure,4976.0,1120.0,5.5731,61.00
134.983,measure,4976.0,1096.0,5.4537,60.88
135.083,measure,4976.0,1168.0,5.8120,60.94
135.183,measure,4976.0,1128.0,5.6129,60.94
135.283,measure,4976.0,1096.0,5.4537,60.94
135.383,measure,4976.0,1168.0,5.8120,60.84
135.483,measure,4976.0,1144.0,5.6925,60.88
135.584,measure,4976.0,1112.0,5.5333,60.81
135.684,measure,4976.0,1136.0,5.6527,61.06
135.784,measure,4976.0,1152.0,5.7324,61.03
135.884,measure,4976.0,1120.0,5.5731,60.91
135.984,measure,4976.0,1088.0,5.4139,60.94
136.084,measure,4976.0,1160.0,5.7722,60.91
136.184,measure,4976.0,1128.0,5.6129,60.88
136.285,measure,4976.0,1096.0,5.4537,60.91
136.385,measure,4976.0,1168.0,5.8120,60.88
136.485,measure,4976.0,1144.0,5.6925,60.84
136.585,measure,4976.0,1112.0,5.5333,61.03
136.685,measure,4976.0,1136.0,5.6527,61.03
136.785,measure,4976.0,1152.0,5.7324,60.97
136.885,measure,4976.0,1120.0,5.5731,60.91
136.986,measure,4976.0,1088.0,5.4139,60.97
137.086,measure,4976.0,1168.0,5.8120,60.88
137.186,measure,4976.0,1128.0,5.6129,60.84
137.286,measure,4976.0,1096.0,5.4537,60.84
137.386,measure,4976.0,1168.0,5.8120,60.88
137.486,measure,4976.0,1144.0,5.6925,60.81
137.586,measure,4976.0,1104.0,5.4935,60.94
137.686,measure,4976.0,1136.0,5.6527,61.00
137.787,measure,4976.0,1152.0,5.7324,60.97
137.887,measure,4976.0,1120.0,5.5731,60.91
137.987,measure,4976.0,1088.0,5.4139,60.94
138.087,measure,4976.0,1168.0,5.8120,60.88
138.187,measure,4976.0,1128.0,5.6129,60.88
138.287,measure,4976.0,1096.0,5.4537,60.81
138.387,measure,4976.0,1168.0,5.8120,60.81
138.488,measure,4976.0,1144.0,5.6925,60.97
138.588,measure,4976.0,1112.0,5.5333,60.97
138.688,measure,4976.0,1144.0,5.6925,60.91
138.788,measure,4976.0,1160.0,5.7722,60.88
138.888,measure,4976.0,1120.0,5.5731,60.88
138.988,measure,4976.0,1096.0,5.4537,60.88
139.088,measure,4976.0,1168.0,5.8120,60.84
139.188,measure,4976.0,1136.0,5.6527,60.88
139.289,measure,4976.0,1096.0,5.4537,61.03
139.389,measure,4976.0,1176.0,5.8518,61.06
139.489,measure,4976.0,1144.0,5.6925,60.97
139.589,measure,4976.0,1112.0,5.5333,60.94
139.689,measure,4976.0,1144.0,5.6925,60.88
139.789,measure,4976.0,1160.0,5.7722,60.84
139.889,measure,4976.0,1120.0,5.5731,60.88
139.990,measure,4976.0,1096.0,5.4537,60.88
140.090,measure,4976.0,1168.0,5.8120,60.91
140.190,measure,4976.0,1128.0,5.6129,61.00
140.290,measure,4976.0,1096.0,5.4537,61.03
140.390,measure,4976.0,1168.0,5.8120,61.03
140.490,measure,4976.0,1144.0,5.6925,60.94
140.590,measure,4976.0,1112.0,5.5333,60.94
140.690,measure,4976.0,1144.0,5.6925,60.84
140.791,measure,4976.0,1152.0,5.7324,60.84
140.891,measure,4976.0,1120.0,5.5731,60.88
140.991,measure,4976.0,1096.0,5.4537,60.81
141.091,measure,4976.0,1160.0,5.7722,61.03
141.191,measure,4976.0,1128.0,5.6129,61.00
141.291,measure,4976.0,1096.0,5.4537,60.94
141.391,measure,4976.0,1168.0,5.8120,60.94
141.492,measure,4976.0,1144.0,5.6925,60.94
141.592,measure,4976.0,1104.0,5.4935,60.84
141.692,measure,4976.0,1144.0,5.6925,60.91
141.792,measure,4976.0,1152.0,5.7324,60.88
141.892,measure,4976.0,1120.0,5.5731,60.91
141.992,measure,4976.0,1104.0,5.4935,61.09
142.092,measure,4976.0,1168.0,5.8120,61.09
142.193,measure,4976.0,1128.0,5.6129,61.03
142.293,measure,4976.0,1096.0,5.4537,60.97
142.393,measure,4976.0,1168.0,5.8120,60.94
142.493,measure,4976.0,1136.0,5.6527,60.91
142.593,measure,4976.0,1104.0,5.4935,60.88
142.693,measure,4976.0,1144.0,5.6925,60.88
142.793,measure,4976.0,1152.0,5.7324,60.88
142.893,measure,4976.0,1112.0,5.5333,61.12
142.994,measure,4976.0,1104.0,5.4935,61.09
143.094,measure,4976.0,1168.0,5.8120,60.97
143.194,measure,4976.0,1128.0,5.6129,60.97
143.294,measure,4976.0,1096.0,5.4537,60.97
143.394,measure,4976.0,1168.0,5.8120,60.97
143.494,measure,4976.0,1136.0,5.6527,60.91
143.594,measure,4976.0,1104.0,5.4935,60.88
143.695,measure,4976.0,1152.0,5.7324,60.88
143.795,measure,4976.0,1152.0,5.7324,61.12
143.895,measure,4976.0,1112.0,5.5333,61.03
143.995,measure,4976.0,1104.0,5.4935,61.03
144.095,measure,4976.0,1160.0,5.7722,60.97
144.195,measure,4976.0,1128.0,5.6129,60.97
144.295,measure,4976.0,1096.0,5.4537,60.94
144.396,measure,4976.0,1168.0,5.8120,60.88
144.496,measure,4976.0,1136.0,5.6527,60.88
144.596,measure,4976.0,1104.0,5.4935,60.84
144.696,measure,4976.0,1152.0,5.7324,61.12
144.796,measure,4976.0,1152.0,5.7324,61.03
144.896,measure,4976.0,1112.0,5.5333,61.03
144.996,measure,4976.0,1112.0,5.5333,60.94
145.097,measure,4976.0,1160.0,5.7722,60.94
145.197,measure,4976.0,1128.0,5.6129,60.91
145.297,measure,4976.0,1096.0,5.4537,60.91
145.397,measure,4976.0,1168.0,5.8120,60.84
145.497,measure,4976.0,1136.0,5.6527,60.94
145.597,measure,4976.0,1104.0,5.4935,61.09
145.697,measure,4976.0,1152.0,5.7324,60.88
145.797,measure,4976.0,1152.0,5.7324,61.09
145.898,measure,4976.0,1112.0,5.5333,60.97
145.998,measure,4976.0,1112.0,5.5333,60.91
146.098,measure,4976.0,1160.0,5.7722,60.97
146.198,measure,4976.0,1120.0,5.5731,60.97
146.298,measure,4976.0,1096.0,5.4537,60.91
146.398,measure,4976.0,1168.0,5.8120,60.88
146.498,measure,4976.0,1136.0,5.6527,60.94
146.599,measure,4976.0,1104.0,5.4935,61.12
146.699,measure,4976.0,1160.0,5.7722,61.06
146.799,measure,4976.0,1144.0,5.6925,61.00
146.899,measure,4976.0,1112.0,5.5333,61.00
146.999,measure,4976.0,1112.0,5.5333,60.94
147.099,measure,4976.0,1160.0,5.7722,60.88
147.200,measure,4976.0,1128.0,5.6129,60.97
147.300,measure,4976.0,1096.0,5.4537,60.91
147.400,measure,4976.0,1168.0,5.8120,60.94
147.500,measure,4976.0,1136.0,5.6527,60.97
147.600,measure,4976.0,1104.0,5.4935,61.12
147.701,measure,4976.0,1152.0,5.7324,61.09
147.801,measure,4976.0,1152.0,5.7324,60.94
147.901,measure,4976.0,1112.0,5.5333,60.94
148.001,measure,4976.0,1112.0,5.5333,60.88
148.101,measure,4976.0,1160.0,5.7722,60.91
148.201,measure,4976.0,1120.0,5.5731,60.84
148.302,measure,4976.0,1088.0,5.4139,60.88
148.402,measure,4976.0,1160.0,5.7722,60.88
148.502,measure,4976.0,1136.0,5.6527,61.09
148.602,measure,4976.0,1104.0,5.4935,61.12
148.702,measure,4976.0,1152.0,5.7324,60.97
148.802,measure,4976.0,1144.0,5.6925,61.03
148.902,measure,4976.0,1112.0,5.5333,60.88
149.002,measure,4976.0,1120.0,5.5731,60.91
149.103,measure,4976.0,1152.0,5.7324,60.91
149.203,measure,4976.0,1120.0,5.5731,60.88
149.303,measure,4976.0,1088.0,5.4139,60.84
149.403,measure,4976.0,1168.0,5.8120,61.12
149.503,measure,4976.0,1128.0,5.6129,61.09
149.603,measure,4976.0,1096.0,5.4537,61.00
149.703,measure,4976.0,1160.0,5.7722,61.03
149.804,measure,4976.0,1144.0,5.6925,61.06
149.904,measure,4976.0,1112.0,5.5333,60.94
150.004,measure,4976.0,1120.0,5.5731,60.91
150.104,measure,4976.0,1160.0,5.7722,60.88
150.204,measure,4976.0,1120.0,5.5731,60.91
150.304,measure,4976.0,1088.0,5.4139,61.16
150.404,measure,4976.0,1168.0,5.8120,61.16
150.504,measure,4976.0,1128.0,5.6129,60.97
150.605,measure,4976.0,1096.0,5.4537,60.97
150.705,measure,4976.0,1152.0,5.7324,60.94
150.805,measure,4976.0,1144.0,5.6925,60.88
150.905,measure,4976.0,1112.0,5.5333,60.97
151.005,measure,4976.0,1120.0,5.5731,60.91
151.105,measure,4976.0,1160.0,5.7722,60.91
151.205,measure,4976.0,1120.0,5.5731,60.88
151.306,measure,4976.0,1088.0,5.4139,61.16
151.406,measure,4976.0,1168.0,5.8120,61.03
151.506,measure,4976.0,1128.0,5.6129,60.94
151.606,measure,4976.0,1096.0,5.4537,60.91
151.706,measure,4976.0,1152.0,5.7324,60.97
151.806,measure,4976.0,1144.0,5.6925,60.91
151.906,measure,4976.0,1112.0,5.5333,60.84
152.007,measure,4976.0,1120.0,5.5731,60.84
152.107,measure,4976.0,1160.0,5.7722,60.91
152.207,measure,4976.0,1120.0,5.5731,61.19
152.307,measure,4976.0,1088.0,5.4139,61.06
152.407,measure,4976.0,1168.0,5.8120,60.94
152.507,measure,4976.0,1128.0,5.6129,60.88
152.607,measure,4976.0,1096.0,5.4537,60.91
152.708,measure,4976.0,1176.0,5.8518,60.88
152.808,measure,4976.0,1144.0,5.6925,60.78
152.908,measure,4976.0,1112.0,5.5333,60.97
153.008,measure,4976.0,1120.0,5.5731,60.88
153.108,measure,4976.0,1160.0,5.7722,61.06
153.208,measure,4976.0,1120.0,5.5731,61.03
153.308,measure,4976.0,1088.0,5.4139,61.00
153.409,measure,4976.0,1168.0,5.8120,60.91
153.509,measure,4976.0,1128.0,5.6129,60.91
153.609,measure,4976.0,1096.0,5.4537,60.97
153.709,measure,4976.0,1152.0,5.7324,60.91
153.809,measure,4976.0,1144.0,5.6925,60.91
153.909,measure,4976.0,1112.0,5.5333,60.91
154.009,measure,4976.0,1128.0,5.6129,61.12
154.110,measure,4976.0,1160.0,5.7722,61.06
154.210,measure,4976.0,1120.0,5.5731,61.03
154.310,measure,4976.0,1088.0,5.4139,60.94
154.410,measure,4976.0,1168.0,5.8120,60.91
154.510,measure,4976.0,1128.0,5.6129,60.88
154.610,measure,4976.0,1096.0,5.4537,60.88
154.710,measure,4976.0,1168.0,5.8120,60.97
154.810,measure,4976.0,1144.0,5.6925,60.88
154.911,measure,4976.0,1104.0,5.4935,61.12
155.011,measure,4976.0,1128.0,5.6129,61.06
155.111,measure,4976.0,1160.0,5.7722,60.97
155.211,measure,4976.0,1120.0,5.5731,60.91
155.311,measure,4976.0,1088.0,5.4139,60.97
155.411,measure,4976.0,1168.0,5.8120,60.94
155.511,measure,4976.0,1128.0,5.6129,60.88
155.612,measure,4976.0,1096.0,5.4537,60.91
155.712,measure,4976.0,1168.0,5.8120,60.88
155.812,measure,4976.0,1144.0,5.6925,61.00
155.912,measure,4976.0,1112.0,5.5333,61.00
156.012,measure,4976.0,1128.0,5.6129,61.03
156.112,measure,4976.0,1160.0,5.7722,61.09
156.213,measure,4976.0,1120.0,5.5731,60.97
156.313,measure,4976.0,1088.0,5.4139,60.94
156.413,measure,4976.0,1168.0,5.8120,60.94
156.513,measure,4976.0,1128.0,5.6129,60.88
156.613,measure,4976.0,1096.0,5.4537,60.97
156.713,measure,4976.0,1168.0,5.8120,61.06
156.813,measure,4976.0,1144.0,5.6925,61.06
156.913,measure,4976.0,1112.0,5.5333,60.97
157.014,measure,4976.0,1136.0,5.6527,61.03
157.114,measure,4976.0,1160.0,5.7722,60.91
157.214,measure,4976.0,1120.0,5.5731,60.94
157.314,measure,4976.0,1088.0,5.4139,60.91
157.414,measure,4976.0,1168.0,5.8120,60.88
157.514,measure,4976.0,1128.0,5.6129,60.88
157.614,measure,4976.0,1096.0,5.4537,61.03
157.715,measure,4976.0,1168.0,5.8120,61.03
157.815,measure,4976.0,1144.0,5.6925,61.09
157.915,measure,4976.0,1104.0,5.4935,61.00
158.015,measure,4976.0,1136.0,5.6527,61.00
158.115,measure,4976.0,1152.0,5.7324,60.94
158.215,measure,4976.0,1112.0,5.5333,60.91
158.315,measure,4976.0,1088.0,5.4139,60.81
158.415,measure,4976.0,1160.0,5.7722,60.88
158.516,measure,4976.0,1128.0,5.6129,61.12
158.616,measure,4976.0,1096.0,5.4537,61.09
158.716,measure,4976.0,1168.0,5.8120,60.97
158.816,measure,4976.0,1136.0,5.6527,60.97
158.916,measure,4976.0,1104.0,5.4935,60.97
159.016,measure,4976.0,1128.0,5.6129,60.88
159.116,measure,4976.0,1152.0,5.7324,60.94
159.216,measure,4976.0,1112.0,5.5333,60.94
159.317,measure,4976.0,1088.0,5.4139,60.94
159.417,measure,4976.0,1160.0,5.7722,61.16
159.517,measure,4976.0,1128.0,5.6129,61.12
159.617,measure,4976.0,1096.0,5.4537,61.12
159.717,measure,4976.0,1168.0,5.8120,60.97
159.817,measure,4976.0,1144.0,5.6925,60.97
159.917,measure,4976.0,1112.0,5.5333,60.97
160.018,measure,4976.0,1136.0,5.6527,60.91
160.118,measure,4976.0,1160.0,5.7722,60.91
160.218,measure,4976.0,1120.0,5.5731,60.91
160.318,measure,4976.0,1088.0,5.4139,61.09
160.418,measure,4976.0,1168.0,5.8120,61.03
160.518,measure,4976.0,1128.0,5.6129,60.94
160.618,measure,4976.0,1104.0,5.4935,61.00
160.718,measure,4976.0,1168.0,5.8120,60.94
160.819,measure,4976.0,1144.0,5.6925,60.91
160.919,measure,4976.0,1104.0,5.4935,60.91
161.019,measure,4976.0,1136.0,5.6527,60.97
161.119,measure,4976.0,1152.0,5.7324,60.88
161.219,measure,4976.0,1120.0,5.5731,61.16
161.319,measure,4976.0,1088.0,5.4139,61.16
161.419,measure,4976.0,1168.0,5.8120,61.06
161.520,measure,4976.0,1128.0,5.6129,61.03
161.620,measure,4976.0,1096.0,5.4537,61.00
161.720,measure,4976.0,1168.0,5.8120,60.94
161.820,measure,4976.0,1136.0,5.6527,60.97
161.920,measure,4976.0,1104.0,5.4935,60.94
162.020,measure,4976.0,1136.0,5.6527,60.91
162.120,measure,4976.0,1152.0,5.7324,60.91
162.221,measure,4976.0,1112.0,5.5333,61.09
162.321,measure,4976.0,1088.0,5.4139,61.00
162.421,measure,4976.0,1160.0,5.7722,61.03
162.521,measure,4976.0,1128.0,5.6129,60.88
162.621,measure,4976.0,1096.0,5.4537,60.94
162.721,measure,4976.0,1168.0,5.8120,60.97
162.821,measure,4976.0,1136.0,5.6527,60.88
162.921,measure,4976.0,1104.0,5.4935,60.88
163.022,measure,4976.0,1136.0,5.6527,60.97
163.122,measure,4976.0,1144.0,5.6925,61.12
163.222,measure,4976.0,1112.0,5.5333,61.00
163.322,measure,4976.0,1088.0,5.4139,61.09
163.422,measure,4976.0,1160.0,5.7722,61.00
163.522,measure,4976.0,1120.0,5.5731,61.00
163.622,measure,4976.0,1096.0,5.4537,60.97
163.723,measure,4976.0,1168.0,5.8120,60.88
163.823,measure,4976.0,1136.0,5.6527,60.91
163.923,measure,4976.0,1104.0,5.4935,60.91
164.023,measure,4976.0,1144.0,5.6925,61.16
164.123,measure,4976.0,1152.0,5.7324,61.03
164.223,measure,4976.0,1112.0,5.5333,61.06
164.323,measure,4976.0,1096.0,5.4537,61.00
164.423,measure,4976.0,1160.0,5.7722,60.91
164.524,measure,4976.0,1128.0,5.6129,60.91
164.624,measure,4976.0,1096.0,5.4537,60.91
164.724,measure,4976.0,1168.0,5.8120,60.97
164.824,measure,4976.0,1136.0,5.6527,60.94
164.924,measure,4976.0,1104.0,5.4935,60.88
165.024,measure,4976.0,1144.0,5.6925,61.12
165.124,measure,4976.0,1152.0,5.7324,61.03
165.225,measure,4976.0,1112.0,5.5333,61.00
165.325,measure,4976.0,1104.0,5.4935,60.91
165.425,measure,4976.0,1168.0,5.8120,61.03
165.525,measure,4976.0,1128.0,5.6129,60.88
165.625,measure,4976.0,1096.0,5.4537,60.94
165.725,measure,4976.0,1168.0,5.8120,60.88
165.825,measure,4976.0,1136.0,5.6527,60.88
165.925,measure,4976.0,1104.0,5.4935,61.00
166.026,measure,4976.0,1144.0,5.6925,61.00
166.126,measure,4976.0,1152.0,5.7324,61.06
166.226,measure,4976.0,1112.0,5.5333,61.00
166.326,measure,4976.0,1104.0,5.4935,60.97
166.426,measure,4976.0,1160.0,5.7722,60.91
166.526,measure,4976.0,1128.0,5.6129,60.91
166.626,measure,4976.0,1096.0,5.4537,60.88
166.727,measure,4976.0,1168.0,5.8120,60.88
166.827,measure,4976.0,1136.0,5.6527,61.03
166.927,measure,4976.0,1104.0,5.4935,61.06
167.027,measure,4976.0,1144.0,5.6925,60.94
167.127,measure,4976.0,1152.0,5.7324,60.97
167.227,measure,4976.0,1112.0,5.5333,60.88
167.327,measure,4976.0,1104.0,5.4935,60.94
167.427,measure,4976.0,1160.0,5.7722,60.88
167.528,measure,4976.0,1120.0,5.5731,60.88
167.628,measure,4976.0,1096.0,5.4537,60.91
167.728,measure,4976.0,1168.0,5.8120,61.06
167.828,measure,4976.0,1136.0,5.6527,61.00
167.928,measure,4976.0,1104.0,5.4935,61.03
168.028,measure,4976.0,1152.0,5.7324,61.00
168.128,measure,4976.0,1144.0,5.6925,60.94
168.229,measure,4976.0,1112.0,5.5333,60.97
168.329,measure,4976.0,1104.0,5.4935,60.94
168.429,measure,4976.0,1160.0,5.7722,60.91
168.529,measure,4976.0,1128.0,5.6129,60.91
168.629,measure,4976.0,1096.0,5.4537,61.03
168.729,measure,4976.0,1168.0,5.8120,61.06
168.829,measure,4976.0,1136.0,5.6527,61.06
168.930,measure,4976.0,1104.0,5.4935,60.97
169.030,measure,4976.0,1152.0,5.7324,60.88
169.130,measure,4976.0,1152.0,5.7324,60.88
169.230,measure,4976.0,1120.0,5.5731,60.97
169.330,measure,4976.0,1112.0,5.5333,60.91
169.430,measure,4976.0,1160.0,5.7722,61.12
169.530,measure,4976.0,1128.0,5.6129,61.16
169.630,measure,4976.0,1096.0,5.4537,61.06
169.731,measure,4976.0,1168.0,5.8120,60.97
169.831,measure,4976.0,1136.0,5.6527,61.03
169.931,measure,4976.0,1104.0,5.4935,60.91
170.031,measure,4976.0,1144.0,5.6925,60.94
170.131,measure,4976.0,1152.0,5.7324,60.94
170.231,measure,4976.0,1120.0,5.5731,60.91
170.331,measure,4976.0,1112.0,5.5333,60.94
170.432,measure,4976.0,1168.0,5.8120,61.06
170.532,measure,4976.0,1128.0,5.6129,61.12
170.632,measure,4976.0,1096.0,5.4537,60.97
170.732,measure,4976.0,1168.0,5.8120,60.94
170.832,measure,4976.0,1136.0,5.6527,60.97
170.932,measure,4976.0,1104.0,5.4935,60.94
171.032,measure,4976.0,1152.0,5.7324,60.94
171.133,measure,4976.0,1152.0,5.7324,60.94
171.233,measure,4976.0,1120.0,5.5731,60.88
171.333,measure,4976.0,1120.0,5.5731,61.12
171.433,measure,4976.0,1168.0,5.8120,61.06
171.533,measure,4976.0,1128.0,5.6129,61.03
171.633,measure,4976.0,1096.0,5.4537,61.00
171.733,measure,4976.0,1168.0,5.8120,60.94
171.834,measure,4976.0,1136.0,5.6527,60.94
171.934,measure,4976.0,1104.0,5.4935,60.97
172.034,measure,4976.0,1152.0,5.7324,60.91
172.134,measure,4976.0,1152.0,5.7324,61.09
172.234,measure,4976.0,1112.0,5.5333,61.16
172.334,measure,4976.0,1120.0,5.5731,61.09
172.434,measure,4976.0,1160.0,5.7722,61.09
172.534,measure,4976.0,1120.0,5.5731,61.09
172.635,measure,4976.0,1096.0,5.4537,61.00
172.735,measure,4976.0,1168.0,5.8120,60.91
172.835,measure,4976.0,1136.0,5.6527,61.00
172.935,measure,4976.0,1104.0,5.4935,60.91
173.035,measure,4976.0,1152.0,5.7324,61.12
173.135,measure,4976.0,1152.0,5.7324,61.09
173.235,measure,4976.0,1112.0,5.5333,61.03
173.335,measure,4976.0,1120.0,5.5731,61.09
173.436,measure,4976.0,1160.0,5.7722,61.03
173.536,measure,4976.0,1120.0,5.5731,61.00
173.636,measure,4976.0,1096.0,5.4537,60.94
173.736,measure,4976.0,1168.0,5.8120,60.94
173.836,measure,4976.0,1128.0,5.6129,60.94
173.936,measure,4976.0,1096.0,5.4537,60.97
174.036,measure,4976.0,1152.0,5.7324,61.12
174.136,measure,4976.0,1144.0,5.6925,61.19
174.237,measure,4976.0,1112.0,5.5333,61.00
174.337,measure,4976.0,1120.0,5.5731,60.97
174.437,measure,4976.0,1160.0,5.7722,61.03
174.537,measure,4976.0,1120.0,5.5731,61.00
174.637,measure,4976.0,1088.0,5.4139,60.94
174.737,measure,4976.0,1168.0,5.8120,60.94
174.837,measure,4976.0,1128.0,5.6129,60.94
174.938,measure,4976.0,1096.0,5.4537,61.19
175.038,measure,4976.0,1152.0,5.7324,61.22
175.138,measure,4976.0,1152.0,5.7324,61.00
175.238,measure,4976.0,1112.0,5.5333,61.03
175.338,measure,4976.0,1128.0,5.6129,61.00
175.438,measure,4976.0,1168.0,5.8120,60.94
175.538,measure,4976.0,1128.0,5.6129,60.97
175.638,measure,4976.0,1096.0,5.4537,60.94
175.739,measure,4976.0,1168.0,5.8120,60.84
175.839,measure,4976.0,1136.0,5.6527,60.91
175.939,measure,4976.0,1104.0,5.4935,61.12
176.039,measure,4976.0,1168.0,5.8120,61.09
176.139,measure,4976.0,1152.0,5.7324,61.03
176.240,measure,4976.0,1112.0,5.5333,61.09
176.340,measure,4976.0,1128.0,5.6129,60.94
176.440,measure,4976.0,1160.0,5.7722,60.91
176.541,measure,4976.0,1128.0,5.6129,61.00
176.641,measure,4976.0,1096.0,5.4537,61.03
176.741,measure,4976.0,1168.0,5.8120,60.91
176.841,measure,4976.0,1136.0,5.6527,61.09
176.941,measure,4976.0,1104.0,5.4935,61.03
177.041,measure,4976.0,1160.0,5.7722,61.03
177.141,measure,4976.0,1152.0,5.7324,61.06
177.242,measure,4976.0,1112.0,5.5333,60.94
177.342,measure,4976.0,1128.0,5.6129,60.94
177.442,measure,4976.0,1160.0,5.7722,60.91
177.542,measure,4976.0,1128.0,5.6129,61.00
177.642,measure,4976.0,1096.0,5.4537,60.91
177.742,measure,4976.0,1168.0,5.8120,61.12
177.842,measure,4976.0,1136.0,5.6527,61.06
177.943,measure,4976.0,1104.0,5.4935,61.06
178.043,measure,4976.0,1160.0,5.7722,61.00
178.143,measure,4976.0,1152.0,5.7324,60.91
178.243,measure,4976.0,1112.0,5.5333,61.06
178.343,measure,4976.0,1128.0,5.6129,60.94
178.443,measure,4976.0,1160.0,5.7722,60.94
178.543,measure,4976.0,1120.0,5.5731,60.94
178.643,measure,4976.0,1096.0,5.4537,60.88
178.744,measure,4976.0,1168.0,5.8120,61.16
178.844,measure,4976.0,1136.0,5.6527,61.06
178.944,measure,4976.0,1104.0,5.4935,61.03
179.044,measure,4976.0,1160.0,5.7722,60.91
179.144,measure,4976.0,1144.0,5.6925,61.00
179.244,measure,4976.0,1112.0,5.5333,61.06
179.344,measure,4976.0,1136.0,5.6527,60.97
179.445,measure,4976.0,1160.0,5.7722,60.88
179.545,measure,4976.0,1120.0,5.5731,60.88
179.645,measure,4976.0,1096.0,5.4537,61.16
179.745,measure,4976.0,1168.0,5.8120,60.97
179.845,measure,4976.0,1136.0,5.6527,61.03
179.945,measure,4976.0,1104.0,5.4935,61.03
180.045,measure,4976.0,1160.0,5.7722,60.97
180.145,measure,4976.0,1152.0,5.7324,60.91
180.246,measure,4976.0,1112.0,5.5333,60.94
180.346,measure,4976.0,1136.0,5.6527,60.94
180.446,measure,4976.0,1160.0,5.7722,60.97
180.546,measure,4976.0,1120.0,5.5731,61.09
180.646,measure,4976.0,1088.0,5.4139,61.09
180.746,measure,4976.0,1168.0,5.8120,61.03
180.846,measure,4976.0,1136.0,5.6527,61.00
180.947,measure,4976.0,1104.0,5.4935,61.06
181.047,measure,4976.0,1168.0,5.8120,60.94
181.147,measure,4976.0,1144.0,5.6925,60.97
181.247,measure,4976.0,1112.0,5.5333,60.88
181.348,measure,4976.0,1136.0,5.6527,60.91
181.448,measure,4976.0,1160.0,5.7722,60.88
181.548,measure,4976.0,1120.0,5.5731,61.06
181.648,measure,4976.0,1088.0,5.4139,61.00
181.748,measure,4976.0,1168.0,5.8120,61.00
181.848,measure,4976.0,1136.0,5.6527,61.06
181.948,measure,4976.0,1104.0,5.4935,60.97
182.049,measure,4976.0,1168.0,5.8120,60.94
182.149,measure,4976.0,1144.0,5.6925,60.91
182.249,measure,4976.0,1112.0,5.5333,60.91
182.349,measure,4976.0,1136.0,5.6527,61.09
182.449,measure,4976.0,1160.0,5.7722,61.03
182.549,measure,4976.0,1120.0,5.5731,61.03
182.649,measure,4976.0,1096.0,5.4537,61.00
182.749,measure,4976.0,1168.0,5.8120,61.00
182.850,measure,4976.0,1136.0,5.6527,60.94
182.950,measure,4976.0,1104.0,5.4935,60.91
183.050,measure,4976.0,1168.0,5.8120,60.91
183.150,measure,4976.0,1144.0,5.6925,60.91
183.250,measure,4976.0,1104.0,5.4935,61.09
183.350,measure,4976.0,1136.0,5.6527,61.12
183.450,measure,4976.0,1160.0,5.7722,61.00
183.551,measure,4976.0,1120.0,5.5731,61.03
183.651,measure,4976.0,1096.0,5.4537,60.94
183.751,measure,4976.0,1168.0,5.8120,61.06
183.851,measure,4976.0,1136.0,5.6527,60.88
183.951,measure,4976.0,1104.0,5.4935,60.91
184.051,measure,4976.0,1176.0,5.8518,60.88
184.151,measure,4976.0,1144.0,5.6925,61.09
184.252,measure,4976.0,1112.0,5.5333,61.16
184.352,measure,4976.0,1136.0,5.6527,61.00
184.452,measure,4976.0,1160.0,5.7722,61.00
184.552,measure,4976.0,1120.0,5.5731,60.97
184.652,measure,4976.0,1096.0,5.4537,61.03
184.752,measure,4976.0,1168.0,5.8120,60.94
184.852,measure,4976.0,1136.0,5.6527,60.94
184.953,measure,4976.0,1104.0,5.4935,60.88
185.053,measure,4976.0,1176.0,5.8518,61.12
185.153,measure,4976.0,1144.0,5.6925,61.06
185.253,measure,4976.0,1112.0,5.5333,61.09
185.353,measure,4976.0,1144.0,5.6925,61.00
185.453,measure,4976.0,1152.0,5.7324,60.91
185.553,measure,4976.0,1120.0,5.5731,61.03
185.654,measure,4976.0,1096.0,5.4537,60.94
185.754,measure,4976.0,1168.0,5.8120,60.88
185.854,measure,4976.0,1128.0,5.6129,60.91
185.954,measure,4976.0,1104.0,5.4935,61.06
186.054,measure,4976.0,1168.0,5.8120,61.06
186.154,measure,4976.0,1144.0,5.6925,61.03
186.254,measure,4976.0,1112.0,5.5333,61.00
186.354,measure,4976.0,1136.0,5.6527,61.03
186.455,measure,4976.0,1160.0,5.7722,60.94
186.555,measure,4976.0,1120.0,5.5731,60.91
186.655,measure,4976.0,1096.0,5.4537,60.94
186.755,measure,4976.0,1168.0,5.8120,60.94
186.855,measure,4976.0,1136.0,5.6527,60.91
186.955,measure,4976.0,1104.0,5.4935,61.06
187.055,measure,4976.0,1176.0,5.8518,61.06
187.156,measure,4976.0,1144.0,5.6925,61.00
187.256,measure,4976.0,1112.0,5.5333,61.00
187.356,measure,4976.0,1144.0,5.6925,60.97
187.456,measure,4976.0,1152.0,5.7324,60.94
187.556,measure,4976.0,1120.0,5.5731,60.91
187.656,measure,4976.0,1096.0,5.4537,60.88
187.756,measure,4976.0,1168.0,5.8120,61.03
187.857,measure,4976.0,1128.0,5.6129,61.09
187.957,measure,4976.0,1096.0,5.4537,61.03
188.057,measure,4976.0,1168.0,5.8120,61.00
188.157,measure,4976.0,1144.0,5.6925,61.03
188.257,measure,4976.0,1112.0,5.5333,60.97
188.357,measure,4976.0,1144.0,5.6925,61.00
188.457,measure,4976.0,1152.0,5.7324,60.97
188.558,measure,4976.0,1120.0,5.5731,60.91
188.658,measure,4976.0,1104.0,5.4935,61.12
188.758,measure,4976.0,1168.0,5.8120,61.06
188.858,measure,4976.0,1128.0,5.6129,61.06
188.958,measure,4976.0,1096.0,5.4537,61.03
189.058,measure,4976.0,1168.0,5.8120,60.97
189.158,measure,4976.0,1136.0,5.6527,61.00
189.258,measure,4976.0,1104.0,5.4935,60.88
189.359,measure,4976.0,1144.0,5.6925,60.91
189.459,measure,4976.0,1152.0,5.7324,60.88
189.559,measure,4976.0,1120.0,5.5731,61.12
189.659,measure,4976.0,1104.0,5.4935,61.06
189.759,measure,4976.0,1168.0,5.8120,61.12
189.859,measure,4976.0,1128.0,5.6129,61.00
189.959,measure,4976.0,1096.0,5.4537,60.97
190.060,measure,4976.0,1168.0,5.8120,61.00
190.160,measure,4976.0,1136.0,5.6527,61.03
190.260,measure,4976.0,1104.0,5.4935,60.94
190.360,measure,4976.0,1144.0,5.6925,60.88
190.460,measure,4976.0,1152.0,5.7324,60.94
190.560,measure,4976.0,1120.0,5.5731,61.09
190.660,measure,4976.0,1104.0,5.4935,61.09
190.761,measure,4976.0,1168.0,5.8120,61.09
190.861,measure,4976.0,1128.0,5.6129,61.06
190.961,measure,4976.0,1096.0,5.4537,60.94
191.061,measure,4976.0,1168.0,5.8120,61.00
191.161,measure,4976.0,1136.0,5.6527,61.00
191.261,measure,4976.0,1104.0,5.4935,60.91
191.361,measure,4976.0,1144.0,5.6925,60.94
191.461,measure,4976.0,1152.0,5.7324,61.16
191.562,measure,4976.0,1120.0,5.5731,61.19
191.662,measure,4976.0,1128.0,5.6129,61.06
191.762,measure,4976.0,1176.0,5.8518,60.94
191.862,measure,4976.0,1144.0,5.6925,61.00
191.962,measure,4976.0,1168.0,5.8120,60.97
192.062,measure,4968.0,1264.0,6.2796,60.97
192.162,measure,4968.0,1256.0,6.2398,60.94
192.263,measure,4968.0,1240.0,6.1603,60.91
192.363,measure,4968.0,1328.0,6.5975,60.97
192.463,measure,4968.0,1312.0,6.5180,61.16
192.563,measure,4968.0,1296.0,6.4385,61.06
192.663,measure,4968.0,1296.0,6.4385,61.03
192.763,measure,4968.0,1360.0,6.7565,61.03
192.863,measure,4968.0,1328.0,6.5975,61.00
192.964,measure,4968.0,1280.0,6.3590,60.94
193.064,measure,4968.0,1320.0,6.5578,60.97
193.164,measure,4968.0,1248.0,6.2001,60.88
193.264,measure,4976.0,1192.0,5.9314,60.91
193.364,measure,4976.0,1216.0,6.0508,61.22
193.464,measure,4976.0,1208.0,6.0110,61.00
193.564,measure,4976.0,1160.0,5.7722,61.09
193.665,measure,4976.0,1144.0,5.6925,61.06
193.765,measure,4976.0,1192.0,5.9314,61.00
193.865,measure,4976.0,1144.0,5.6925,61.00
193.965,measure,4976.0,1112.0,5.5333,61.03
194.065,measure,4976.0,1176.0,5.8518,60.94
194.165,measure,4976.0,1144.0,5.6925,60.88
194.265,measure,4976.0,1104.0,5.4935,61.09
194.365,measure,4976.0,1152.0,5.7324,61.09
194.466,measure,4976.0,1152.0,5.7324,61.00
194.566,measure,4976.0,1112.0,5.5333,61.06
194.666,measure,4976.0,1112.0,5.5333,60.94
194.766,measure,4976.0,1160.0,5.7722,60.97
194.866,measure,4976.0,1120.0,5.5731,60.97
194.966,measure,4976.0,1096.0,5.4537,60.94
195.066,measure,4976.0,1168.0,5.8120,60.88
195.166,measure,4976.0,1128.0,5.6129,61.12
195.267,measure,4976.0,1096.0,5.4537,61.09
195.367,measure,4976.0,1144.0,5.6925,61.03
195.467,measure,4976.0,1144.0,5.6925,60.97
195.567,measure,4976.0,1112.0,5.5333,61.00
195.667,measure,4976.0,1112.0,5.5333,60.94
195.767,measure,4976.0,1160.0,5.7722,61.00
195.867,measure,4976.0,1120.0,5.5731,60.91
195.967,measure,4976.0,1088.0,5.4139,60.97
196.068,measure,4976.0,1168.0,5.8120,61.16
196.168,measure,4976.0,1128.0,5.6129,61.09
196.268,measure,4976.0,1096.0,5.4537,60.97
196.368,measure,4976.0,1144.0,5.6925,60.97
196.468,measure,4976.0,1144.0,5.6925,61.00
196.568,measure,4976.0,1104.0,5.4935,61.00
196.668,measure,4976.0,1112.0,5.5333,60.88
196.768,measure,4976.0,1160.0,5.7722,60.97
196.869,measure,4976.0,1120.0,5.5731,60.91
196.969,measure,4976.0,1088.0,5.4139,61.09
197.069,measure,4976.0,1168.0,5.8120,61.09
197.169,measure,4976.0,1128.0,5.6129,61.06
197.269,measure,4976.0,1096.0,5.4537,61.03
197.369,measure,4976.0,1168.0,5.8120,60.97
197.469,measure,4976.0,1136.0,5.6527,60.97
197.569,measure,4976.0,1104.0,5.4935,60.91
197.670,measure,4976.0,1112.0,5.5333,60.88
197.770,measure,4976.0,1160.0,5.7722,60.91
197.870,measure,4976.0,1120.0,5.5731,61.09
197.970,measure,4976.0,1088.0,5.4139,61.16
198.070,measure,4976.0,1168.0,5.8120,61.09
198.170,measure,4976.0,1128.0,5.6129,61.03
198.270,measure,4976.0,1096.0,5.4537,61.03
198.371,measure,4976.0,1168.0,5.8120,61.00
198.471,measure,4976.0,1144.0,5.6925,60.97
198.571,measure,4976.0,1104.0,5.4935,60.94
198.671,measure,4976.0,1120.0,5.5731,60.94
198.771,measure,4976.0,1160.0,5.7722,61.16
198.871,measure,4976.0,1120.0,5.5731,61.12
198.971,measure,4976.0,1088.0,5.4139,61.03
199.071,measure,4976.0,1168.0,5.8120,61.00
199.172,measure,4976.0,1128.0,5.6129,61.03
199.272,measure,4976.0,1096.0,5.4537,60.94
199.372,measure,4976.0,1168.0,5.8120,60.88
199.472,measure,4976.0,1144.0,5.6925,60.94
199.572,measure,4976.0,1112.0,5.5333,60.88
199.672,measure,4976.0,1120.0,5.5731,61.03
199.772,measure,4976.0,1160.0,5.7722,61.09
199.873,measure,4976.0,1120.0,5.5731,61.03
199.973,measure,4976.0,1088.0,5.4139,61.00
200.073,measure,4976.0,1168.0,5.8120,60.97
200.173,measure,4976.0,1128.0,5.6129,60.97
200.273,measure,4976.0,1096.0,5.4537,60.97
200.373,measure,4976.0,1168.0,5.8120,60.88
200.473,measure,4976.0,1144.0,5.6925,60.97
200.574,measure,4976.0,1104.0,5.4935,61.12
200.674,measure,4976.0,1120.0,5.5731,61.19
200.774,measure,4976.0,1152.0,5.7324,61.06
200.874,measure,4976.0,1120.0,5.5731,60.97
200.974,measure,4976.0,1088.0,5.4139,61.03
201.074,measure,4976.0,1160.0,5.7722,60.97
201.174,measure,4976.0,1128.0,5.6129,60.91
201.274,measure,4976.0,1096.0,5.4537,60.91
201.375,measure,4976.0,1152.0,5.7324,60.97
201.475,measure,4976.0,1144.0,5.6925,61.12
201.575,measure,4976.0,1112.0,5.5333,61.16
201.675,measure,4976.0,1128.0,5.6129,61.06
201.775,measure,4976.0,1160.0,5.7722,61.06
201.875,measure,4976.0,1120.0,5.5731,61.03
201.975,measure,4976.0,1088.0,5.4139,61.00
202.075,measure,4976.0,1168.0,5.8120,60.91
202.176,measure,4976.0,1136.0,5.6527,60.91
202.276,measure,4976.0,1096.0,5.4537,60.91
202.376,measure,4976.0,1168.0,5.8120,61.16
202.476,measure,4976.0,1144.0,5.6925,61.09
202.576,measure,4976.0,1112.0,5.5333,61.03
202.676,measure,4976.0,1136.0,5.6527,61.03
202.776,measure,4976.0,1160.0,5.7722,61.00
202.876,measure,4976.0,1120.0,5.5731,61.06
202.977,measure,4976.0,1088.0,5.4139,60.94
203.077,measure,4976.0,1168.0,5.8120,60.97
203.177,measure,4976.0,1128.0,5.6129,60.97
203.277,measure,4976.0,1096.0,5.4537,61.19
203.377,measure,4976.0,1168.0,5.8120,61.12
203.477,measure,4976.0,1144.0,5.6925,61.03
203.577,measure,4976.0,1112.0,5.5333,61.09
203.678,measure,4976.0,1128.0,5.6129,61.00
203.778,measure,4976.0,1152.0,5.7324,61.00
203.878,measure,4976.0,1120.0,5.5731,60.97
203.978,measure,4976.0,1088.0,5.4139,60.97
204.078,measure,4976.0,1160.0,5.7722,60.91
204.178,measure,4976.0,1128.0,5.6129,60.88
204.278,measure,4976.0,1096.0,5.4537,61.16
204.378,measure,4976.0,1168.0,5.8120,61.00
204.479,measure,4976.0,1144.0,5.6925,61.00
204.579,measure,4976.0,1104.0,5.4935,60.94
204.679,measure,4976.0,1128.0,5.6129,60.97
204.779,measure,4976.0,1152.0,5.7324,60.88
204.879,measure,4976.0,1120.0,5.5731,60.88
204.979,measure,4976.0,1088.0,5.4139,60.97
205.079,measure,4976.0,1168.0,5.8120,61.03
205.179,measure,4976.0,1128.0,5.6129,61.12
205.280,measure,4976.0,1096.0,5.4537,61.06
205.380,measure,4976.0,1168.0,5.8120,61.00
205.480,measure,4976.0,1144.0,5.6925,61.00
205.580,measure,4976.0,1104.0,5.4935,60.97
205.680,measure,4976.0,1128.0,5.6129,60.91
205.780,measure,4976.0,1152.0,5.7324,60.97
205.880,measure,4976.0,1120.0,5.5731,60.88
205.981,measure,4976.0,1088.0,5.4139,60.94
206.081,measure,4976.0,1168.0,5.8120,61.03
206.181,measure,4976.0,1128.0,5.6129,61.09
206.281,measure,4976.0,1096.0,5.4537,61.03
206.381,measure,4976.0,1168.0,5.8120,61.00
206.481,measure,4976.0,1144.0,5.6925,61.03
206.581,measure,4976.0,1104.0,5.4935,60.94
206.681,measure,4976.0,1128.0,5.6129,60.97
206.782,measure,4976.0,1152.0,5.7324,60.94
206.882,measure,4976.0,1112.0,5.5333,60.94
206.982,measure,4976.0,1088.0,5.4139,61.16
207.082,measure,4976.0,1168.0,5.8120,61.16
207.182,measure,4976.0,1128.0,5.6129,61.03
207.282,measure,4976.0,1096.0,5.4537,61.03
207.382,measure,4976.0,1168.0,5.8120,61.06
207.482,measure,4976.0,1144.0,5.6925,60.94
207.583,measure,4976.0,1104.0,5.4935,61.00
207.683,measure,4976.0,1128.0,5.6129,60.91
207.783,measure,4976.0,1152.0,5.7324,60.91
207.883,measure,4976.0,1120.0,5.5731,61.19
207.983,measure,4976.0,1088.0,5.4139,61.09
208.083,measure,4976.0,1168.0,5.8120,61.16
208.183,measure,4976.0,1128.0,5.6129,61.03
208.284,measure,4976.0,1096.0,5.4537,61.00
208.384,measure,4976.0,1168.0,5.8120,60.91
208.484,measure,4976.0,1144.0,5.6925,60.97
208.584,measure,4976.0,1104.0,5.4935,60.91
208.684,measure,4976.0,1136.0,5.6527,60.88
208.784,measure,4976.0,1152.0,5.7324,61.06
208.884,measure,4976.0,1120.0,5.5731,61.06
208.984,measure,4976.0,1088.0,5.4139,61.03
209.085,measure,4976.0,1168.0,5.8120,61.00
209.185,measure,4976.0,1128.0,5.6129,61.03
209.285,measure,4976.0,1096.0,5.4537,60.94
209.385,measure,4976.0,1168.0,5.8120,60.97
209.485,measure,4976.0,1136.0,5.6527,60.94
209.585,measure,4976.0,1104.0,5.4935,60.91
209.685,measure,4976.0,1128.0,5.6129,61.16
209.786,measure,4976.0,1152.0,5.7324,61.12
209.886,measure,4976.0,1112.0,5.5333,61.06
209.986,measure,4976.0,1088.0,5.4139,61.00
210.086,measure,4976.0,1160.0,5.7722,61.00
210.186,measure,4976.0,1128.0,5.6129,60.94
210.286,measure,4976.0,1096.0,5.4537,60.97
210.386,measure,4976.0,1168.0,5.8120,60.91
210.486,measure,4976.0,1136.0,5.6527,61.03
210.587,measure,4976.0,1104.0,5.4935,61.19
210.687,measure,4976.0,1136.0,5.6527,61.09
210.787,measure,4976.0,1144.0,5.6925,61.03
210.887,measure,4976.0,1112.0,5.5333,60.97
210.987,measure,4976.0,1088.0,5.4139,60.97
211.087,measure,4976.0,1160.0,5.7722,61.00
211.187,measure,4976.0,1128.0,5.6129,60.91
211.287,measure,4976.0,1096.0,5.4537,60.91
211.388,measure,4976.0,1168.0,5.8120,60.91
211.488,measure,4976.0,1136.0,5.6527,61.16
211.588,measure,4976.0,1104.0,5.4935,61.12
211.688,measure,4976.0,1136.0,5.6527,60.97
211.788,measure,4976.0,1144.0,5.6925,61.00
211.888,measure,4976.0,1112.0,5.5333,60.94
211.988,measure,4976.0,1088.0,5.4139,61.00
212.088,measure,4976.0,1160.0,5.7722,61.00
212.189,measure,4976.0,1128.0,5.6129,60.91
212.289,measure,4976.0,1096.0,5.4537,60.88
212.389,measure,4976.0,1168.0,5.8120,61.12
212.489,measure,4976.0,1136.0,5.6527,61.16
212.589,measure,4976.0,1104.0,5.4935,61.09
212.689,measure,4976.0,1136.0,5.6527,61.00
212.789,measure,4976.0,1152.0,5.7324,61.00
212.890,measure,4976.0,1112.0,5.5333,61.03
212.990,measure,4976.0,1096.0,5.4537,60.97
213.090,measure,4976.0,1160.0,5.7722,61.03
213.190,measure,4976.0,1128.0,5.6129,60.97
213.290,measure,4976.0,1096.0,5.4537,61.22
213.390,measure,4976.0,1168.0,5.8120,61.19
213.490,measure,4976.0,1136.0,5.6527,61.03
213.590,measure,4976.0,1104.0,5.4935,61.03
213.691,measure,4976.0,1136.0,5.6527,61.03
213.791,measure,4976.0,1152.0,5.7324,61.00
213.891,measure,4976.0,1112.0,5.5333,60.97
213.991,measure,4976.0,1096.0,5.4537,60.91
214.091,measure,4976.0,1160.0,5.7722,60.94
214.191,measure,4976.0,1128.0,5.6129,61.16
214.291,measure,4976.0,1096.0,5.4537,61.12
214.391,measure,4976.0,1168.0,5.8120,61.12
214.492,measure,4976.0,1144.0,5.6925,61.09
214.592,measure,4976.0,1104.0,5.4935,61.00
214.692,measure,4976.0,1144.0,5.6925,60.97
214.792,measure,4976.0,1152.0,5.7324,60.91
214.892,measure,4976.0,1120.0,5.5731,61.00
214.992,measure,4976.0,1104.0,5.4935,60.94
215.092,measure,4976.0,1168.0,5.8120,60.94
215.193,measure,4976.0,1128.0,5.6129,61.16
215.293,measure,4976.0,1096.0,5.4537,61.03
215.393,measure,4976.0,1168.0,5.8120,61.09
215.493,measure,4976.0,1144.0,5.6925,61.06
215.593,measure,4976.0,1104.0,5.4935,61.00
215.693,measure,4976.0,1152.0,5.7324,60.97
215.793,measure,4976.0,1152.0,5.7324,60.94
215.894,measure,4976.0,1112.0,5.5333,61.00
215.994,measure,4976.0,1104.0,5.4935,60.88
216.094,measure,4976.0,1160.0,5.7722,61.19
216.194,measure,4976.0,1120.0,5.5731,61.03
216.294,measure,4976.0,1096.0,5.4537,61.06
216.394,measure,4976.0,1168.0,5.8120,60.94
216.494,measure,4976.0,1128.0,5.6129,61.06
216.594,measure,4976.0,1096.0,5.4537,60.97
216.695,measure,4976.0,1144.0,5.6925,60.94
216.795,measure,4976.0,1144.0,5.6925,60.97
216.895,measure,4976.0,1112.0,5.5333,60.94
216.995,measure,4976.0,1104.0,5.4935,61.22
217.095,measure,4976.0,1160.0,5.7722,61.06
217.195,measure,4976.0,1120.0,5.5731,61.00
217.295,measure,4976.0,1088.0,5.4139,61.09
217.396,measure,4976.0,1168.0,5.8120,61.06
217.496,measure,4976.0,1136.0,5.6527,61.00
217.596,measure,4976.0,1104.0,5.4935,60.97
217.696,measure,4976.0,1144.0,5.6925,60.91
217.796,measure,4976.0,1152.0,5.7324,60.88
217.896,measure,4976.0,1112.0,5.5333,60.91
217.996,measure,4976.0,1112.0,5.5333,61.19
218.097,measure,4976.0,1168.0,5.8120,61.03
218.197,measure,4976.0,1128.0,5.6129,61.03
218.297,measure,4976.0,1096.0,5.4537,61.00
218.397,measure,4976.0,1168.0,5.8120,61.00
218.497,measure,4976.0,1136.0,5.6527,60.97
218.597,measure,4976.0,1104.0,5.4935,60.91
218.697,measure,4976.0,1152.0,5.7324,61.00
218.798,measure,4976.0,1152.0,5.7324,60.94
218.898,measure,4976.0,1120.0,5.5731,61.06
218.998,measure,4976.0,1112.0,5.5333,61.03
219.098,measure,4976.0,1168.0,5.8120,60.97
219.198,measure,4976.0,1128.0,5.6129,60.97
219.298,measure,4976.0,1096.0,5.4537,61.00
219.398,measure,4976.0,1168.0,5.8120,60.94
219.498,measure,4976.0,1144.0,5.6925,60.88
219.599,measure,4976.0,1104.0,5.4935,61.00
219.699,measure,4976.0,1152.0,5.7324,60.97
219.799,measure,4976.0,1152.0,5.7324,61.03
219.899,measure,4976.0,1112.0,5.5333,61.12
219.999,measure,4976.0,1112.0,5.5333,61.06
220.099,measure,4976.0,1160.0,5.7722,61.00
220.199,measure,4976.0,1128.0,5.6129,61.03
220.300,measure,4976.0,1096.0,5.4537,60.94
220.400,measure,4976.0,1176.0,5.8518,60.88
220.500,measure,4976.0,1136.0,5.6527,60.91
220.600,measure,4976.0,1104.0,5.4935,60.94
220.700,measure,4976.0,1152.0,5.7324,61.12
220.800,measure,4976.0,1152.0,5.7324,61.03
220.900,measure,4976.0,1112.0,5.5333,61.06
221.000,measure,4976.0,1120.0,5.5731,61.00
221.101,measure,4976.0,1160.0,5.7722,60.94
221.201,measure,4976.0,1128.0,5.6129,60.97
221.301,measure,4976.0,1096.0,5.4537,60.94
221.401,measure,4976.0,1168.0,5.8120,60.97
221.501,measure,4976.0,1136.0,5.6527,60.91
221.601,measure,4976.0,1104.0,5.4935,61.12
221.701,measure,4976.0,1152.0,5.7324,60.97
221.802,measure,4976.0,1152.0,5.7324,61.00
221.902,measure,4976.0,1112.0,5.5333,61.06
222.002,measure,4976.0,1120.0,5.5731,61.09
222.102,measure,4976.0,1160.0,5.7722,60.88
222.202,measure,4976.0,1128.0,5.6129,60.94
222.302,measure,4976.0,1096.0,5.4537,60.88
222.402,measure,4976.0,1168.0,5.8120,60.91
222.503,measure,4976.0,1136.0,5.6527,61.12
222.603,measure,4976.0,1104.0,5.4935,61.06
222.703,measure,4976.0,1152.0,5.7324,61.03
222.803,measure,4976.0,1152.0,5.7324,61.03
222.903,measure,4976.0,1112.0,5.5333,61.03
223.003,measure,4976.0,1120.0,5.5731,60.94
223.103,measure,4976.0,1160.0,5.7722,60.97
223.203,measure,4976.0,1120.0,5.5731,60.91
223.304,measure,4976.0,1096.0,5.4537,60.88
223.404,measure,4976.0,1168.0,5.8120,61.09
223.504,measure,4976.0,1136.0,5.6527,61.06
223.604,measure,4976.0,1104.0,5.4935,61.06
223.704,measure,4976.0,1160.0,5.7722,61.06
223.804,measure,4976.0,1152.0,5.7324,61.06
223.904,measure,4976.0,1112.0,5.5333,60.97
224.005,measure,4976.0,1128.0,5.6129,60.97
224.105,measure,4976.0,1160.0,5.7722,60.94
224.205,measure,4976.0,1128.0,5.6129,60.94
224.305,measure,4976.0,1096.0,5.4537,61.06
224.405,measure,4976.0,1176.0,5.8518,61.22
224.505,measure,4976.0,1136.0,5.6527,61.00
224.605,measure,4976.0,1104.0,5.4935,60.94
224.706,measure,4976.0,1176.0,5.8518,60.94
224.806,measure,4976.0,1144.0,5.6925,60.91
224.906,measure,4976.0,1112.0,5.5333,60.97
225.006,measure,4976.0,1120.0,5.5731,60.91
225.106,measure,4976.0,1152.0,5.7324,61.00
225.206,measure,4976.0,1120.0,5.5731,61.09
225.306,measure,4976.0,1088.0,5.4139,61.12
225.407,measure,4976.0,1168.0,5.8120,60.97
225.507,measure,4976.0,1128.0,5.6129,61.03
225.607,measure,4976.0,1096.0,5.4537,60.97
225.707,measure,4976.0,1168.0,5.8120,60.97
225.807,measure,4976.0,1144.0,5.6925,60.97
225.907,measure,4976.0,1104.0,5.4935,60.91
226.007,measure,4976.0,1120.0,5.5731,60.84
226.107,measure,4976.0,1152.0,5.7324,61.12
226.208,measure,4976.0,1120.0,5.5731,61.06
226.308,measure,4976.0,1088.0,5.4139,61.06
226.408,measure,4976.0,1168.0,5.8120,60.97
226.508,measure,4976.0,1128.0,5.6129,60.97
226.608,measure,4976.0,1096.0,5.4537,60.97
226.708,measure,4976.0,1152.0,5.7324,60.91
226.808,measure,4976.0,1144.0,5.6925,60.94
226.909,measure,4976.0,1112.0,5.5333,60.88
227.009,measure,4976.0,1128.0,5.6129,61.19
227.109,measure,4976.0,1160.0,5.7722,61.16
227.209,measure,4976.0,1120.0,5.5731,61.03
227.309,measure,4976.0,1088.0,5.4139,61.03
227.409,measure,4976.0,1168.0,5.8120,61.03
227.509,measure,4976.0,1136.0,5.6527,60.97
227.610,measure,4976.0,1104.0,5.4935,61.03
227.710,measure,4976.0,1160.0,5.7722,60.97
227.810,measure,4976.0,1152.0,5.7324,60.88
227.910,measure,4976.0,1112.0,5.5333,61.25
228.010,measure,4976.0,1128.0,5.6129,61.16
228.110,measure,4976.0,1160.0,5.7722,61.16
228.210,measure,4976.0,1120.0,5.5731,60.97
228.311,measure,4976.0,1096.0,5.4537,61.03
228.411,measure,4976.0,1168.0,5.8120,61.03
228.511,measure,4976.0,1136.0,5.6527,60.97
228.611,measure,4976.0,1104.0,5.4935,60.94
228.711,measure,4976.0,1160.0,5.7722,60.97
228.811,measure,4976.0,1152.0,5.7324,60.97
228.911,measure,4976.0,1112.0,5.5333,61.16
229.011,measure,4976.0,1136.0,5.6527,61.19
229.112,measure,4976.0,1160.0,5.7722,60.97
229.212,measure,4976.0,1120.0,5.5731,61.00
229.312,measure,4976.0,1088.0,5.4139,60.94
229.412,measure,4976.0,1168.0,5.8120,61.00
229.512,measure,4976.0,1128.0,5.6129,60.94
229.612,measure,4976.0,1096.0,5.4537,60.88
229.712,measure,4976.0,1168.0,5.8120,60.94
229.813,measure,4976.0,1136.0,5.6527,61.09
229.913,measure,4976.0,1104.0,5.4935,61.06
230.013,measure,4976.0,1128.0,5.6129,61.03
230.113,measure,4976.0,1152.0,5.7324,60.97
230.213,measure,4976.0,1120.0,5.5731,60.97
230.313,measure,4976.0,1088.0,5.4139,60.97
230.413,measure,4976.0,1168.0,5.8120,60.88
230.514,measure,4976.0,1128.0,5.6129,60.97
230.614,measure,4976.0,1096.0,5.4537,60.91
230.714,measure,4976.0,1168.0,5.8120,61.16
230.814,measure,4976.0,1136.0,5.6527,61.06
230.914,measure,4976.0,1104.0,5.4935,61.09
231.014,measure,4976.0,1128.0,5.6129,61.00
231.114,measure,4976.0,1152.0,5.7324,60.94
231.215,measure,4976.0,1112.0,5.5333,60.94
231.315,measure,4976.0,1088.0,5.4139,60.94
231.415,measure,4976.0,1160.0,5.7722,60.94
231.515,measure,4976.0,1128.0,5.6129,60.91
231.615,measure,4976.0,1096.0,5.4537,60.97
231.715,measure,4976.0,1160.0,5.7722,61.06
231.815,measure,4976.0,1144.0,5.6925,61.03
231.916,measure,4976.0,1112.0,5.5333,60.91
232.016,measure,4976.0,1136.0,5.6527,60.97
232.116,measure,4976.0,1160.0,5.7722,60.97
232.216,measure,4976.0,1120.0,5.5731,60.88
232.316,measure,4976.0,1088.0,5.4139,60.88
232.416,measure,4976.0,1168.0,5.8120,60.91
232.516,measure,4976.0,1136.0,5.6527,60.91
232.617,measure,4976.0,1104.0,5.4935,61.06
232.717,measure,4976.0,1176.0,5.8518,61.09
232.817,measure,4976.0,1144.0,5.6925,61.12
232.917,measure,4976.0,1112.0,5.5333,61.00
233.017,measure,4976.0,1136.0,5.6527,61.00
233.117,measure,4976.0,1152.0,5.7324,60.91
233.217,measure,4976.0,1120.0,5.5731,60.88
233.318,measure,4976.0,1088.0,5.4139,60.91
233.418,measure,4976.0,1168.0,5.8120,60.94
233.518,measure,4976.0,1128.0,5.6129,61.06
233.618,measure,4976.0,1096.0,5.4537,61.09
233.718,measure,4976.0,1168.0,5.8120,61.03
233.818,measure,4976.0,1136.0,5.6527,61.00
233.918,measure,4976.0,1104.0,5.4935,60.97
234.019,measure,4976.0,1136.0,5.6527,61.00
234.119,measure,4976.0,1160.0,5.7722,60.88
234.219,measure,4976.0,1120.0,5.5731,60.97
234.319,measure,4976.0,1096.0,5.4537,60.88
234.419,measure,4976.0,1168.0,5.8120,61.06
234.519,measure,4976.0,1136.0,5.6527,61.09
234.619,measure,4976.0,1104.0,5.4935,61.00
234.720,measure,4976.0,1168.0,5.8120,61.00
234.820,measure,4976.0,1144.0,5.6925,61.06
234.920,measure,4976.0,1112.0,5.5333,60.94
235.020,measure,4976.0,1144.0,5.6925,60.97
235.120,measure,4976.0,1160.0,5.7722,61.06
235.220,measure,4976.0,1120.0,5.5731,61.00
235.320,measure,4976.0,1096.0,5.4537,61.09
235.421,measure,4976.0,1168.0,5.8120,61.06
235.521,measure,4976.0,1128.0,5.6129,61.06
235.621,measure,4976.0,1096.0,5.4537,61.00
235.721,measure,4976.0,1168.0,5.8120,60.94
235.821,measure,4976.0,1136.0,5.6527,60.97
235.921,measure,4976.0,1104.0,5.4935,60.97
236.021,measure,4976.0,1136.0,5.6527,60.97
236.122,measure,4976.0,1152.0,5.7324,60.97
236.222,measure,4976.0,1120.0,5.5731,61.16
236.322,measure,4976.0,1096.0,5.4537,61.16
236.422,measure,4976.0,1160.0,5.7722,61.12
236.522,measure,4976.0,1128.0,5.6129,61.03
236.622,measure,4976.0,1096.0,5.4537,61.00
236.722,measure,4976.0,1168.0,5.8120,61.00
236.822,measure,4976.0,1144.0,5.6925,60.97
236.923,measure,4976.0,1112.0,5.5333,60.94
237.023,measure,4976.0,1144.0,5.6925,60.94
237.123,measure,4976.0,1160.0,5.7722,61.19
237.223,measure,4976.0,1120.0,5.5731,61.16
237.323,measure,4976.0,1104.0,5.4935,61.03
237.423,measure,4976.0,1168.0,5.8120,61.00
237.523,measure,4976.0,1136.0,5.6527,61.03
237.624,measure,4976.0,1104.0,5.4935,60.97
237.724,measure,4976.0,1176.0,5.8518,60.97
237.824,measure,4976.0,1144.0,5.6925,60.91
237.924,measure,4976.0,1112.0,5.5333,60.91
238.024,measure,4976.0,1152.0,5.7324,61.19
238.124,measure,4976.0,1152.0,5.7324,61.12
238.224,measure,4976.0,1112.0,5.5333,61.06
238.325,measure,4976.0,1096.0,5.4537,61.03
238.425,measure,4976.0,1160.0,5.7722,60.94
238.525,measure,4976.0,1128.0,5.6129,60.94
238.625,measure,4976.0,1096.0,5.4537,61.03
238.725,measure,4976.0,1176.0,5.8518,60.94
238.825,measure,4976.0,1136.0,5.6527,60.88
238.925,measure,4976.0,1104.0,5.4935,61.06
239.026,measure,4976.0,1144.0,5.6925,61.19
239.126,measure,4976.0,1152.0,5.7324,61.12
239.226,measure,4976.0,1120.0,5.5731,61.06
239.326,measure,4976.0,1104.0,5.4935,61.03
239.426,measure,4976.0,1168.0,5.8120,60.97
239.526,measure,4976.0,1128.0,5.6129,61.00
239.627,measure,4976.0,1096.0,5.4537,60.91
239.727,measure,4976.0,1168.0,5.8120,60.97
239.827,measure,4976.0,1144.0,5.6925,61.19
239.927,measure,4976.0,1112.0,5.5333,61.22
240.027,measure,4976.0,1144.0,5.6925,61.16
240.127,measure,4976.0,1152.0,5.7324,61.09
240.227,measure,4976.0,1120.0,5.5731,61.06
240.328,measure,4976.0,1104.0,5.4935,61.00
240.428,measure,4976.0,1168.0,5.8120,60.97
240.528,measure,4976.0,1128.0,5.6129,60.88
240.628,measure,4976.0,1096.0,5.4537,61.03
240.728,measure,4976.0,1168.0,5.8120,61.16
240.828,measure,4976.0,1144.0,5.6925,61.12
240.928,measure,4976.0,1104.0,5.4935,61.12
241.029,measure,4976.0,1152.0,5.7324,61.03
241.129,measure,4976.0,1160.0,5.7722,61.03
241.229,measure,4976.0,1120.0,5.5731,61.03
241.329,measure,4976.0,1112.0,5.5333,61.03
241.429,measure,4976.0,1168.0,5.8120,61.00
241.529,measure,4976.0,1128.0,5.6129,61.03
241.629,measure,4976.0,1096.0,5.4537,61.19
241.730,measure,4976.0,1168.0,5.8120,61.16
241.830,measure,4976.0,1144.0,5.6925,61.22
241.930,measure,4976.0,1104.0,5.4935,61.00
242.030,measure,4976.0,1160.0,5.7722,61.03
242.130,measure,4976.0,1152.0,5.7324,61.00
242.230,measure,4976.0,1112.0,5.5333,61.00
242.330,measure,4976.0,1112.0,5.5333,60.94
242.431,measure,4976.0,1160.0,5.7722,60.97
242.531,measure,4976.0,1120.0,5.5731,61.16
242.631,measure,4976.0,1096.0,5.4537,61.16
242.731,measure,4976.0,1168.0,5.8120,61.09
242.831,measure,4976.0,1136.0,5.6527,61.00
242.931,measure,4976.0,1104.0,5.4935,61.06
243.031,measure,4976.0,1152.0,5.7324,61.00
243.132,measure,4976.0,1152.0,5.7324,61.00
243.232,measure,4976.0,1120.0,5.5731,60.88
243.332,measure,4976.0,1112.0,5.5333,60.88
243.432,measure,4976.0,1168.0,5.8120,60.91
243.532,measure,4976.0,1128.0,5.6129,61.22
243.632,measure,4976.0,1096.0,5.4537,61.12
243.732,measure,4976.0,1168.0,5.8120,61.03
243.833,measure,4976.0,1144.0,5.6925,61.03
243.933,measure,4976.0,1112.0,5.5333,60.94
244.033,measure,4976.0,1160.0,5.7722,60.94
244.133,measure,4976.0,1152.0,5.7324,60.97
244.233,measure,4976.0,1120.0,5.5731,60.94
244.333,measure,4976.0,1120.0,5.5731,60.97
244.433,measure,4976.0,1168.0,5.8120,61.16
244.533,measure,4976.0,1128.0,5.6129,61.19
244.634,measure,4976.0,1096.0,5.4537,61.03
244.734,measure,4976.0,1176.0,5.8518,61.06
244.834,measure,4976.0,1136.0,5.6527,60.97
244.934,measure,4976.0,1104.0,5.4935,61.00
245.034,measure,4976.0,1168.0,5.8120,60.94
245.134,measure,4976.0,1144.0,5.6925,60.94
245.234,measure,4976.0,1112.0,5.5333,60.94
245.335,measure,4976.0,1120.0,5.5731,60.94
245.435,measure,4976.0,1160.0,5.7722,61.19
245.535,measure,4976.0,1120.0,5.5731,61.16
245.635,measure,4976.0,1096.0,5.4537,61.12
245.735,measure,4976.0,1168.0,5.8120,61.00
245.835,measure,4976.0,1136.0,5.6527,60.97
245.935,measure,4976.0,1104.0,5.4935,60.97
246.036,measure,4976.0,1152.0,5.7324,60.94
246.136,measure,4976.0,1152.0,5.7324,61.03
246.236,measure,4976.0,1112.0,5.5333,60.88
246.336,measure,4976.0,1120.0,5.5731,61.22
246.436,measure,4976.0,1160.0,5.7722,61.06
246.536,measure,4976.0,1128.0,5.6129,61.12
246.636,measure,4976.0,1096.0,5.4537,61.12
246.737,measure,4976.0,1168.0,5.8120,60.94
246.837,measure,4976.0,1136.0,5.6527,60.97
246.937,measure,4976.0,1104.0,5.4935,60.97
247.037,measure,4976.0,1152.0,5.7324,60.94
247.137,measure,4976.0,1144.0,5.6925,61.03
247.237,measure,4976.0,1112.0,5.5333,61.22
247.337,measure,4976.0,1120.0,5.5731,61.09
247.437,measure,4976.0,1160.0,5.7722,61.16
247.538,measure,4976.0,1120.0,5.5731,61.06
247.638,measure,4976.0,1088.0,5.4139,61.00
247.738,measure,4976.0,1168.0,5.8120,60.94
247.838,measure,4976.0,1128.0,5.6129,60.91
247.938,measure,4976.0,1104.0,5.4935,60.97
248.038,measure,4976.0,1152.0,5.7324,60.94
248.138,measure,4976.0,1144.0,5.6925,61.06
248.239,measure,4976.0,1112.0,5.5333,61.16
248.339,measure,4976.0,1120.0,5.5731,61.06
248.439,measure,4976.0,1160.0,5.7722,60.97
248.539,measure,4976.0,1120.0,5.5731,61.00
248.639,measure,4976.0,1096.0,5.4537,60.94
248.739,measure,4976.0,1168.0,5.8120,61.00
248.839,measure,4976.0,1128.0,5.6129,60.94
248.939,measure,4976.0,1096.0,5.4537,60.94
249.040,measure,4976.0,1168.0,5.8120,60.91
249.140,measure,4976.0,1144.0,5.6925,61.19
249.240,measure,4976.0,1104.0,5.4935,61.06
249.340,measure,4976.0,1120.0,5.5731,61.00
249.440,measure,4976.0,1160.0,5.7722,61.06
249.540,measure,4976.0,1120.0,5.5731,61.09
249.640,measure,4976.0,1088.0,5.4139,60.91
249.741,measure,4976.0,1168.0,5.8120,60.97
249.841,measure,4976.0,1136.0,5.6527,60.97
249.941,measure,4976.0,1104.0,5.4935,61.12
250.041,measure,4976.0,1168.0,5.8120,61.09
250.141,measure,4976.0,1144.0,5.6925,61.03
250.241,measure,4976.0,1112.0,5.5333,61.09
250.341,measure,4976.0,1128.0,5.6129,61.00
250.442,measure,4976.0,1160.0,5.7722,60.97
250.542,measure,4976.0,1120.0,5.5731,60.94
250.642,measure,4976.0,1088.0,5.4139,60.94
250.742,measure,4976.0,1168.0,5.8120,60.91
250.842,measure,4976.0,1136.0,5.6527,61.03
250.942,measure,4976.0,1096.0,5.4537,61.09
251.042,measure,4976.0,1176.0,5.8518,61.12
251.143,measure,4976.0,1144.0,5.6925,61.03
251.243,measure,4976.0,1112.0,5.5333,61.06
251.343,measure,4976.0,1128.0,5.6129,60.97
251.443,measure,4976.0,1160.0,5.7722,60.97
251.543,measure,4976.0,1120.0,5.5731,60.94
251.643,measure,4976.0,1088.0,5.4139,60.97
251.743,measure,4976.0,1168.0,5.8120,61.19
251.844,measure,4976.0,1136.0,5.6527,61.09
251.944,measure,4976.0,1104.0,5.4935,61.12
252.044,measure,4976.0,1168.0,5.8120,61.00
252.144,measure,4976.0,1144.0,5.6925,60.97
252.244,measure,4976.0,1112.0,5.5333,60.97
252.344,measure,4976.0,1128.0,5.6129,61.00
252.444,measure,4976.0,1160.0,5.7722,61.00
252.545,measure,4976.0,1120.0,5.5731,61.00
252.645,measure,4976.0,1088.0,5.4139,61.19
252.745,measure,4976.0,1168.0,5.8120,61.12
252.845,measure,4976.0,1128.0,5.6129,61.09
252.945,measure,4976.0,1096.0,5.4537,61.03
253.045,measure,4976.0,1160.0,5.7722,61.03
253.145,measure,4976.0,1144.0,5.6925,61.03
253.245,measure,4976.0,1112.0,5.5333,60.94
253.346,measure,4976.0,1128.0,5.6129,60.88
253.446,measure,4976.0,1160.0,5.7722,60.97
253.546,measure,4976.0,1120.0,5.5731,61.19
253.646,measure,4976.0,1088.0,5.4139,61.16
253.746,measure,4976.0,1168.0,5.8120,61.09
253.846,measure,4976.0,1128.0,5.6129,61.03
253.947,measure,4976.0,1096.0,5.4537,61.03
254.047,measure,4976.0,1168.0,5.8120,60.97
254.147,measure,4976.0,1136.0,5.6527,61.06
254.247,measure,4976.0,1104.0,5.4935,60.94
254.347,measure,4976.0,1128.0,5.6129,60.97
254.447,measure,4976.0,1160.0,5.7722,60.97
254.547,measure,4976.0,1120.0,5.5731,61.19
254.648,measure,4976.0,1088.0,5.4139,61.09
254.748,measure,4976.0,1168.0,5.8120,61.12
254.848,measure,4976.0,1128.0,5.6129,61.09
254.948,measure,4976.0,1096.0,5.4537,60.94
255.048,measure,4976.0,1168.0,5.8120,61.06
255.148,measure,4976.0,1144.0,5.6925,60.97
255.248,measure,4976.0,1112.0,5.5333,60.94
255.349,measure,4976.0,1136.0,5.6527,61.28
255.449,measure,4976.0,1152.0,5.7324,61.16
255.549,measure,4976.0,1120.0,5.5731,61.16
255.649,measure,4976.0,1088.0,5.4139,61.06
255.749,measure,4976.0,1168.0,5.8120,61.00
255.849,measure,4976.0,1128.0,5.6129,61.03
255.949,measure,4976.0,1096.0,5.4537,61.00
256.049,measure,4976.0,1168.0,5.8120,60.97
256.150,measure,4976.0,1144.0,5.6925,61.03
256.250,measure,4976.0,1104.0,5.4935,60.97
256.350,measure,4976.0,1136.0,5.6527,61.16
256.450,measure,4976.0,1160.0,5.7722,61.06
256.550,measure,4976.0,1120.0,5.5731,61.06
256.650,measure,4976.0,1088.0,5.4139,61.06
256.750,measure,4976.0,1168.0,5.8120,61.06
256.851,measure,4976.0,1128.0,5.6129,60.97
256.951,measure,4976.0,1104.0,5.4935,60.91
257.051,measure,4976.0,1168.0,5.8120,60.91
257.151,measure,4976.0,1144.0,5.6925,60.97
257.251,measure,4976.0,1112.0,5.5333,61.19
257.351,measure,4976.0,1136.0,5.6527,61.22
257.451,measure,4976.0,1160.0,5.7722,61.09
257.551,measure,4976.0,1120.0,5.5731,61.06
257.652,measure,4976.0,1096.0,5.4537,61.06
257.752,measure,4976.0,1168.0,5.8120,61.06
257.852,measure,4976.0,1128.0,5.6129,60.97
257.952,measure,4976.0,1096.0,5.4537,60.97
258.052,measure,4976.0,1168.0,5.8120,60.97
258.152,measure,4976.0,1144.0,5.6925,61.25
258.252,measure,4976.0,1112.0,5.5333,61.16
258.353,measure,4976.0,1136.0,5.6527,61.12
258.453,measure,4976.0,1160.0,5.7722,61.06
258.553,measure,4976.0,1120.0,5.5731,61.06
258.653,measure,4976.0,1096.0,5.4537,61.03
258.753,measure,4976.0,1168.0,5.8120,60.97
258.853,measure,4976.0,1128.0,5.6129,60.97
258.953,measure,4976.0,1096.0,5.4537,60.94
259.053,measure,4976.0,1168.0,5.8120,60.91
259.154,measure,4976.0,1144.0,5.6925,61.19
259.254,measure,4976.0,1112.0,5.5333,61.06
259.354,measure,4976.0,1144.0,5.6925,61.03
259.454,measure,4976.0,1160.0,5.7722,61.06
259.554,measure,4976.0,1120.0,5.5731,61.03
259.654,measure,4976.0,1096.0,5.4537,61.00
259.754,measure,4976.0,1168.0,5.8120,61.00
259.855,measure,4976.0,1128.0,5.6129,60.97
259.955,measure,4976.0,1104.0,5.4935,60.94
260.055,measure,4976.0,1176.0,5.8518,61.25
260.155,measure,4976.0,1144.0,5.6925,61.06
260.255,measure,4976.0,1112.0,5.5333,61.09
260.355,measure,4976.0,1144.0,5.6925,61.06
260.455,measure,4976.0,1152.0,5.7324,60.97
260.555,measure,4976.0,1120.0,5.5731,61.03
260.656,measure,4976.0,1096.0,5.4537,60.97
260.756,measure,4976.0,1168.0,5.8120,60.94
260.856,measure,4976.0,1128.0,5.6129,60.94
260.956,measure,4976.0,1104.0,5.4935,61.16
261.056,measure,4976.0,1176.0,5.8518,61.06
261.156,measure,4976.0,1144.0,5.6925,61.09
261.256,measure,4976.0,1112.0,5.5333,61.09
261.357,measure,4976.0,1144.0,5.6925,61.03
261.457,measure,4976.0,1160.0,5.7722,60.97
261.557,measure,4976.0,1120.0,5.5731,60.97
261.657,measure,4976.0,1104.0,5.4935,60.97
261.757,measure,4976.0,1168.0,5.8120,60.97
261.857,measure,4976.0,1136.0,5.6527,61.12
261.957,measure,4976.0,1104.0,5.4935,61.00
262.057,measure,4976.0,1176.0,5.8518,61.09
262.158,measure,4976.0,1144.0,5.6925,61.00
262.258,measure,4976.0,1112.0,5.5333,61.00
262.358,measure,4976.0,1144.0,5.6925,60.97
262.458,measure,4976.0,1160.0,5.7722,61.00
262.558,measure,4976.0,1120.0,5.5731,60.94
262.658,measure,4976.0,1104.0,5.4935,60.94
262.758,measure,4976.0,1168.0,5.8120,61.03
262.859,measure,4976.0,1128.0,5.6129,61.12
262.959,measure,4976.0,1104.0,5.4935,61.09
263.059,measure,4976.0,1168.0,5.8120,61.00
263.159,measure,4976.0,1144.0,5.6925,61.00
263.259,measure,4976.0,1112.0,5.5333,60.97
263.359,measure,4976.0,1152.0,5.7324,60.97
263.459,measure,4976.0,1160.0,5.7722,60.94
263.560,measure,4976.0,1120.0,5.5731,61.03
263.660,measure,4976.0,1112.0,5.5333,61.09
263.760,measure,4976.0,1168.0,5.8120,61.19
263.860,measure,4976.0,1136.0,5.6527,61.12
263.960,measure,4976.0,1104.0,5.4935,61.03
264.060,measure,4976.0,1176.0,5.8518,61.03
264.160,measure,4976.0,1144.0,5.6925,61.00
264.261,measure,4976.0,1112.0,5.5333,60.94
264.361,measure,4976.0,1152.0,5.7324,61.03
264.461,measure,4976.0,1152.0,5.7324,60.88
264.561,measure,4976.0,1120.0,5.5731,61.19
264.661,measure,4976.0,1112.0,5.5333,61.12
264.761,measure,4976.0,1168.0,5.8120,61.09
264.861,measure,4976.0,1128.0,5.6129,61.03
264.962,measure,4976.0,1096.0,5.4537,61.03
265.062,measure,4976.0,1168.0,5.8120,61.00
265.162,measure,4976.0,1144.0,5.6925,60.94
265.262,measure,4976.0,1112.0,5.5333,60.97
265.362,measure,4976.0,1152.0,5.7324,61.03
265.462,measure,4976.0,1160.0,5.7722,61.16
265.562,measure,4976.0,1120.0,5.5731,61.12
265.663,measure,4976.0,1112.0,5.5333,61.19
265.763,measure,4976.0,1168.0,5.8120,61.00
265.863,measure,4976.0,1128.0,5.6129,61.06
265.963,measure,4976.0,1096.0,5.4537,61.06
266.063,measure,4976.0,1168.0,5.8120,61.00
266.163,measure,4976.0,1144.0,5.6925,61.00
266.263,measure,4976.0,1112.0,5.5333,60.91
266.363,measure,4976.0,1152.0,5.7324,61.16
266.464,measure,4976.0,1152.0,5.7324,61.19
266.564,measure,4976.0,1120.0,5.5731,61.16
266.664,measure,4976.0,1112.0,5.5333,61.06
266.764,measure,4976.0,1168.0,5.8120,61.06
266.864,measure,4976.0,1128.0,5.6129,61.00
266.964,measure,4976.0,1096.0,5.4537,60.97
267.064,measure,4976.0,1168.0,5.8120,60.97
267.165,measure,4976.0,1136.0,5.6527,61.03
267.265,measure,4976.0,1104.0,5.4935,61.16
267.365,measure,4976.0,1152.0,5.7324,61.19
267.465,measure,4976.0,1152.0,5.7324,61.12
267.565,measure,4976.0,1112.0,5.5333,61.12
267.665,measure,4976.0,1112.0,5.5333,61.03
267.765,measure,4976.0,1160.0,5.7722,61.03
267.865,measure,4976.0,1120.0,5.5731,60.97
267.966,measure,4976.0,1096.0,5.4537,61.00
268.066,measure,4976.0,1168.0,5.8120,60.94
268.166,measure,4976.0,1136.0,5.6527,61.16
268.266,measure,4976.0,1104.0,5.4935,61.16
268.366,measure,4976.0,1152.0,5.7324,61.03
268.466,measure,4976.0,1152.0,5.7324,61.06
268.566,measure,4976.0,1112.0,5.5333,61.09
268.667,measure,4976.0,1120.0,5.5731,60.97
268.767,measure,4976.0,1168.0,5.8120,60.97
268.867,measure,4976.0,1128.0,5.6129,61.00
268.967,measure,4976.0,1096.0,5.4537,61.00
269.067,measure,4976.0,1168.0,5.8120,61.16
269.167,measure,4976.0,1136.0,5.6527,61.19
269.267,measure,4976.0,1104.0,5.4935,61.03
269.367,measure,4976.0,1152.0,5.7324,61.09
269.468,measure,4976.0,1152.0,5.7324,61.03
269.568,measure,4976.0,1112.0,5.5333,61.03
269.668,measure,4976.0,1120.0,5.5731,60.97
269.768,measure,4976.0,1168.0,5.8120,60.97
269.868,measure,4976.0,1128.0,5.6129,60.94
269.968,measure,4976.0,1096.0,5.4537,61.25
270.068,measure,4976.0,1176.0,5.8518,61.19
270.169,measure,4976.0,1136.0,5.6527,61.16
270.269,measure,4976.0,1104.0,5.4935,61.03
270.369,measure,4976.0,1176.0,5.8518,61.06
270.469,measure,4976.0,1144.0,5.6925,61.03
270.569,measure,4976.0,1112.0,5.5333,61.00
270.669,measure,4976.0,1120.0,5.5731,60.94
270.769,measure,4976.0,1160.0,5.7722,60.97
270.869,measure,4976.0,1128.0,5.6129,61.03
270.970,measure,4976.0,1096.0,5.4537,61.19
271.070,measure,4976.0,1168.0,5.8120,61.25
271.170,measure,4976.0,1136.0,5.6527,61.12
271.270,measure,4976.0,1104.0,5.4935,61.09
271.370,measure,4976.0,1160.0,5.7722,61.09
271.470,measure,4976.0,1144.0,5.6925,61.03
271.570,measure,4976.0,1112.0,5.5333,61.06
271.671,measure,4976.0,1120.0,5.5731,60.97
271.771,measure,4976.0,1160.0,5.7722,61.00
271.871,measure,4976.0,1120.0,5.5731,61.19
271.971,measure,4976.0,1088.0,5.4139,61.16
272.071,measure,4976.0,1168.0,5.8120,61.06
272.171,measure,4976.0,1128.0,5.6129,61.06
272.271,measure,4976.0,1096.0,5.4537,61.00
272.372,measure,4976.0,1168.0,5.8120,61.09
272.472,measure,4976.0,1144.0,5.6925,61.00
272.572,measure,4976.0,1112.0,5.5333,60.97
272.672,measure,4976.0,1120.0,5.5731,61.00
272.772,measure,4976.0,1160.0,5.7722,61.00
272.872,measure,4976.0,1120.0,5.5731,61.22
272.972,measure,4976.0,1088.0,5.4139,61.09
273.072,measure,4976.0,1168.0,5.8120,61.06
273.173,measure,4976.0,1136.0,5.6527,60.94
273.273,measure,4976.0,1104.0,5.4935,61.06
273.373,measure,4976.0,1176.0,5.8518,61.00
273.473,measure,4976.0,1144.0,5.6925,60.97
273.573,measure,4976.0,1112.0,5.5333,60.94
273.673,measure,4976.0,1128.0,5.6129,60.97
273.773,measure,4976.0,1160.0,5.7722,61.22
273.874,measure,4976.0,1120.0,5.5731,61.16
273.974,measure,4976.0,1088.0,5.4139,61.12
274.074,measure,4976.0,1168.0,5.8120,61.06
274.174,measure,4976.0,1128.0,5.6129,61.09
274.274,measure,4976.0,1096.0,5.4537,61.03
274.374,measure,4976.0,1152.0,5.7324,60.97
274.474,measure,4976.0,1144.0,5.6925,60.97
274.575,measure,4976.0,1112.0,5.5333,60.91
274.675,measure,4976.0,1128.0,5.6129,61.09
274.775,measure,4976.0,1160.0,5.7722,61.09
274.875,measure,4976.0,1120.0,5.5731,61.09
274.975,measure,4976.0,1096.0,5.4537,61.03
275.075,measure,4976.0,1168.0,5.8120,61.03
275.175,measure,4976.0,1136.0,5.6527,60.97
275.276,measure,4976.0,1096.0,5.4537,60.97
275.376,measure,4976.0,1176.0,5.8518,60.97
275.476,measure,4976.0,1144.0,5.6925,60.91
275.576,measure,4976.0,1112.0,5.5333,61.12
275.676,measure,4976.0,1128.0,5.6129,61.16
275.776,measure,4976.0,1160.0,5.7722,61.03
275.876,measure,4976.0,1120.0,5.5731,61.00
275.977,measure,4976.0,1088.0,5.4139,61.03
276.077,measure,4976.0,1168.0,5.8120,61.03
276.177,measure,4976.0,1136.0,5.6527,60.97
276.277,measure,4976.0,1096.0,5.4537,61.03
276.377,measure,4976.0,1168.0,5.8120,60.94
276.477,measure,4976.0,1144.0,5.6925,61.09
276.577,measure,4976.0,1112.0,5.5333,61.09
276.677,measure,4976.0,1128.0,5.6129,61.09
276.778,measure,4976.0,1160.0,5.7722,61.00
276.878,measure,4976.0,1120.0,5.5731,61.03
276.978,measure,4976.0,1096.0,5.4537,60.97
277.078,measure,4976.0,1168.0,5.8120,61.06
277.178,measure,4976.0,1136.0,5.6527,61.00
277.278,measure,4976.0,1104.0,5.4935,60.97
277.379,measure,4976.0,1168.0,5.8120,60.94
277.479,measure,4976.0,1144.0,5.6925,61.16
277.579,measure,4976.0,1112.0,5.5333,61.12
277.679,measure,4976.0,1128.0,5.6129,61.09
277.779,measure,4976.0,1152.0,5.7324,61.06
277.879,measure,4976.0,1120.0,5.5731,61.03
277.979,measure,4976.0,1088.0,5.4139,61.03
278.080,measure,4976.0,1160.0,5.7722,61.03
278.180,measure,4976.0,1128.0,5.6129,61.00
278.280,measure,4976.0,1096.0,5.4537,61.12
278.380,measure,4976.0,1168.0,5.8120,60.94
278.480,measure,4976.0,1144.0,5.6925,61.06
278.580,measure,4976.0,1112.0,5.5333,61.00
278.680,measure,4976.0,1136.0,5.6527,61.00
278.781,measure,4976.0,1160.0,5.7722,60.91
278.881,measure,4976.0,1120.0,5.5731,61.00
278.981,measure,4976.0,1088.0,5.4139,61.06
279.081,measure,4976.0,1168.0,5.8120,60.91
279.181,measure,4976.0,1128.0,5.6129,60.88
279.281,measure,4976.0,1096.0,5.4537,61.09
279.382,measure,4976.0,1160.0,5.7722,61.16
279.482,measure,4976.0,1144.0,5.6925,61.00
279.582,measure,4976.0,1112.0,5.5333,61.03
279.682,measure,4976.0,1136.0,5.6527,61.06
279.782,measure,4976.0,1152.0,5.7324,61.00
279.882,measure,4976.0,1120.0,5.5731,61.00
279.982,measure,4976.0,1088.0,5.4139,61.00
280.083,measure,4976.0,1168.0,5.8120,60.97
280.183,measure,4976.0,1136.0,5.6527,61.12
280.283,measure,4976.0,1104.0,5.4935,61.06
280.383,measure,4976.0,1168.0,5.8120,61.09
280.483,measure,4976.0,1144.0,5.6925,61.06
280.583,measure,4976.0,1112.0,5.5333,60.94
280.683,measure,4976.0,1136.0,5.6527,61.03
280.784,measure,4976.0,1160.0,5.7722,61.03
280.884,measure,4976.0,1120.0,5.5731,60.97
280.984,measure,4976.0,1096.0,5.4537,61.16
281.084,measure,4976.0,1168.0,5.8120,61.09
281.184,measure,4976.0,1128.0,5.6129,61.09
281.284,measure,4976.0,1096.0,5.4537,61.06
281.384,measure,4976.0,1168.0,5.8120,61.06
281.485,measure,4976.0,1136.0,5.6527,61.09
281.585,measure,4976.0,1104.0,5.4935,60.91
281.685,measure,4976.0,1136.0,5.6527,61.00
281.785,measure,4976.0,1160.0,5.7722,60.94
281.885,measure,4976.0,1120.0,5.5731,61.12
281.985,measure,4976.0,1096.0,5.4537,61.16
282.085,measure,4976.0,1168.0,5.8120,61.09
282.186,measure,4976.0,1128.0,5.6129,61.03
282.286,measure,4976.0,1104.0,5.4935,61.06
282.386,measure,4976.0,1168.0,5.8120,61.03
282.486,measure,4976.0,1144.0,5.6925,60.91
282.586,measure,4976.0,1104.0,5.4935,61.00
282.686,measure,4976.0,1136.0,5.6527,60.97
282.786,measure,4976.0,1152.0,5.7324,60.91
282.886,measure,4976.0,1120.0,5.5731,61.16
282.987,measure,4976.0,1096.0,5.4537,61.16
283.087,measure,4976.0,1168.0,5.8120,61.09
283.187,measure,4976.0,1128.0,5.6129,61.06
283.287,measure,4976.0,1096.0,5.4537,61.00
283.387,measure,4976.0,1168.0,5.8120,61.03
283.487,measure,4976.0,1136.0,5.6527,60.94
283.587,measure,4976.0,1104.0,5.4935,60.97
283.688,measure,4976.0,1144.0,5.6925,61.19
283.788,measure,4976.0,1160.0,5.7722,61.19
283.888,measure,4976.0,1120.0,5.5731,61.16
283.988,measure,4976.0,1096.0,5.4537,61.03
284.088,measure,4976.0,1168.0,5.8120,61.00
284.188,measure,4976.0,1128.0,5.6129,61.03
284.288,measure,4976.0,1096.0,5.4537,60.94
284.389,measure,4976.0,1168.0,5.8120,61.03
284.489,measure,4976.0,1136.0,5.6527,60.91
284.589,measure,4976.0,1104.0,5.4935,60.94
284.689,measure,4976.0,1136.0,5.6527,61.19
284.789,measure,4976.0,1160.0,5.7722,61.22
284.889,measure,4976.0,1120.0,5.5731,61.12
284.989,measure,4976.0,1096.0,5.4537,61.09
285.089,measure,4976.0,1168.0,5.8120,61.03
285.190,measure,4976.0,1128.0,5.6129,61.03
285.290,measure,4976.0,1096.0,5.4537,61.03
285.390,measure,4976.0,1168.0,5.8120,60.94
285.490,measure,4976.0,1144.0,5.6925,60.91
285.590,measure,4976.0,1112.0,5.5333,61.12
285.690,measure,4976.0,1144.0,5.6925,61.22
285.790,measure,4976.0,1160.0,5.7722,61.12
285.891,measure,4976.0,1120.0,5.5731,61.16
285.991,measure,4976.0,1104.0,5.4935,61.06
286.091,measure,4976.0,1168.0,5.8120,61.03
286.191,measure,4976.0,1128.0,5.6129,61.06
286.291,measure,4976.0,1096.0,5.4537,60.94
286.391,measure,4976.0,1168.0,5.8120,61.00
286.491,measure,4976.0,1136.0,5.6527,60.91
286.591,measure,4976.0,1104.0,5.4935,61.22
286.692,measure,4976.0,1144.0,5.6925,61.12
286.792,measure,4976.0,1152.0,5.7324,61.09
286.892,measure,4976.0,1120.0,5.5731,61.00
286.992,measure,4976.0,1104.0,5.4935,61.00
287.092,measure,4976.0,1168.0,5.8120,60.94
287.192,measure,4976.0,1128.0,5.6129,60.91
287.292,measure,4976.0,1096.0,5.4537,60.94
287.393,measure,4976.0,1168.0,5.8120,60.97
287.493,measure,4976.0,1136.0,5.6527,61.19
287.593,measure,4976.0,1104.0,5.4935,61.16
287.693,measure,4976.0,1144.0,5.6925,61.09
287.793,measure,4976.0,1152.0,5.7324,61.09
287.893,measure,4976.0,1120.0,5.5731,60.94
287.993,measure,4976.0,1104.0,5.4935,61.00
288.094,measure,4976.0,1168.0,5.8120,60.97
288.194,measure,4976.0,1128.0,5.6129,60.94
288.294,measure,4976.0,1096.0,5.4537,60.97
288.394,measure,4976.0,1168.0,5.8120,61.19
288.494,measure,4976.0,1144.0,5.6925,61.06
288.594,measure,4976.0,1104.0,5.4935,61.12
288.694,measure,4976.0,1144.0,5.6925,61.00
288.795,measure,4976.0,1152.0,5.7324,61.03
288.895,measure,4976.0,1120.0,5.5731,61.00
288.995,measure,4976.0,1112.0,5.5333,61.00
289.095,measure,4976.0,1168.0,5.8120,61.00
289.195,measure,4976.0,1128.0,5.6129,60.97
289.295,measure,4976.0,1096.0,5.4537,61.12
289.395,measure,4976.0,1168.0,5.8120,61.12
289.496,measure,4976.0,1136.0,5.6527,61.09
289.596,measure,4976.0,1104.0,5.4935,61.00
289.696,measure,4976.0,1152.0,5.7324,60.97
289.796,measure,4976.0,1144.0,5.6925,61.00
289.896,measure,4976.0,1112.0,5.5333,61.00
289.996,measure,4976.0,1104.0,5.4935,61.00
290.096,measure,4976.0,1160.0,5.7722,60.94
290.196,measure,4976.0,1128.0,5.6129,61.09
290.297,measure,4976.0,1096.0,5.4537,61.12
290.397,measure,4976.0,1168.0,5.8120,61.09
290.497,measure,4976.0,1144.0,5.6925,61.03
290.597,measure,4976.0,1104.0,5.4935,61.00
290.697,measure,4976.0,1152.0,5.7324,61.00
290.797,measure,4976.0,1152.0,5.7324,61.00
290.897,measure,4976.0,1120.0,5.5731,61.00
290.998,measure,4976.0,1112.0,5.5333,61.00
291.098,measure,4976.0,1168.0,5.8120,60.97
291.198,measure,4976.0,1128.0,5.6129,61.09
291.298,measure,4976.0,1096.0,5.4537,61.06
291.398,measure,4976.0,1176.0,5.8518,61.06
291.498,measure,4976.0,1136.0,5.6527,61.06
291.598,measure,4976.0,1104.0,5.4935,60.94
291.698,measure,4976.0,1160.0,5.7722,61.03
291.799,measure,4976.0,1144.0,5.6925,61.00
291.899,measure,4976.0,1112.0,5.5333,60.97
291.999,measure,4976.0,1112.0,5.5333,61.16
292.099,measure,4976.0,1160.0,5.7722,61.16
292.199,measure,4976.0,1120.0,5.5731,61.12
292.299,measure,4976.0,1096.0,5.4537,61.06
292.399,measure,4976.0,1168.0,5.8120,61.00
292.500,measure,4976.0,1136.0,5.6527,61.00
292.600,measure,4976.0,1104.0,5.4935,60.97
292.700,measure,4976.0,1160.0,5.7722,60.88
292.800,measure,4976.0,1144.0,5.6925,60.88
292.900,measure,4976.0,1112.0,5.5333,61.19
293.000,measure,4976.0,1112.0,5.5333,61.16
293.100,measure,4976.0,1160.0,5.7722,61.03
293.201,measure,4976.0,1120.0,5.5731,61.03
293.301,measure,4976.0,1088.0,5.4139,61.00
293.401,measure,4976.0,1168.0,5.8120,61.03
293.501,measure,4976.0,1136.0,5.6527,60.94
293.601,measure,4976.0,1104.0,5.4935,60.94
293.701,measure,4976.0,1152.0,5.7324,60.88
293.801,measure,4976.0,1144.0,5.6925,61.12
293.901,measure,4976.0,1112.0,5.5333,61.16
294.002,measure,4976.0,1120.0,5.5731,61.09
294.102,measure,4976.0,1160.0,5.7722,60.94
294.202,measure,4976.0,1120.0,5.5731,60.97
294.302,measure,4976.0,1088.0,5.4139,61.06
294.402,measure,4976.0,1168.0,5.8120,60.91
294.502,measure,4976.0,1128.0,5.6129,60.97
294.602,measure,4976.0,1096.0,5.4537,60.94
294.703,measure,4976.0,1168.0,5.8120,61.16
294.803,measure,4976.0,1144.0,5.6925,61.12
294.903,measure,4976.0,1104.0,5.4935,61.06
295.003,measure,4976.0,1120.0,5.5731,61.06
295.103,measure,4976.0,1160.0,5.7722,61.12
295.203,measure,4976.0,1120.0,5.5731,60.97
295.303,measure,4976.0,1088.0,5.4139,61.06
295.403,measure,4976.0,1168.0,5.8120,60.94
295.504,measure,4976.0,1128.0,5.6129,60.94
295.604,measure,4976.0,1096.0,5.4537,61.22
295.704,measure,4976.0,1152.0,5.7324,61.19
295.804,measure,4976.0,1144.0,5.6925,61.03
295.904,measure,4976.0,1112.0,5.5333,60.97
296.004,measure,4976.0,1120.0,5.5731,61.06
296.104,measure,4976.0,1160.0,5.7722,61.00
296.204,measure,4976.0,1120.0,5.5731,60.97
296.305,measure,4976.0,1096.0,5.4537,60.94
296.405,measure,4976.0,1168.0,5.8120,61.00
296.505,measure,4976.0,1136.0,5.6527,61.22
296.605,measure,4976.0,1104.0,5.4935,61.16
296.705,measure,4976.0,1160.0,5.7722,61.09
296.805,measure,4976.0,1144.0,5.6925,61.06
296.905,measure,4976.0,1112.0,5.5333,61.03
297.006,measure,4976.0,1128.0,5.6129,61.00
297.106,measure,4976.0,1160.0,5.7722,60.97
297.206,measure,4976.0,1128.0,5.6129,60.94
297.306,measure,4976.0,1096.0,5.4537,60.91
297.406,measure,4976.0,1168.0,5.8120,61.19
297.506,measure,4976.0,1136.0,5.6527,61.16
297.606,measure,4976.0,1104.0,5.4935,61.16
297.707,measure,4976.0,1168.0,5.8120,61.16
297.807,measure,4976.0,1144.0,5.6925,61.09
297.907,measure,4976.0,1104.0,5.4935,61.00
298.007,measure,4976.0,1120.0,5.5731,61.03
298.107,measure,4976.0,1160.0,5.7722,61.03
298.207,measure,4976.0,1120.0,5.5731,60.91
298.308,measure,4976.0,1088.0,5.4139,60.91
298.408,measure,4976.0,1160.0,5.7722,61.19
298.508,measure,4976.0,1128.0,5.6129,61.09
298.608,measure,4976.0,1096.0,5.4537,61.09
298.708,measure,4976.0,1168.0,5.8120,61.03
298.808,measure,4976.0,1144.0,5.6925,60.97
298.908,measure,4976.0,1104.0,5.4935,61.03
299.008,measure,4976.0,1128.0,5.6129,60.97
299.109,measure,4976.0,1160.0,5.7722,61.03
299.209,measure,4976.0,1120.0,5.5731,61.00
299.309,measure,4976.0,1088.0,5.4139,61.25
299.409,measure,4976.0,1168.0,5.8120,61.19
299.509,measure,4976.0,1128.0,5.6129,61.12
299.609,measure,4976.0,1096.0,5.4537,61.09
299.709,measure,4976.0,1168.0,5.8120,60.97
299.810,measure,4976.0,1144.0,5.6925,61.00
299.910,measure,4976.0,1112.0,5.5333,61.00
300.010,measure,4976.0,1128.0,5.6129,61.03
300.110,measure,4976.0,1160.0,5.7722,60.94
300.210,measure,4976.0,1120.0,5.5731,61.16
300.310,measure,4976.0,1088.0,5.4139,61.16
300.410,measure,4976.0,1168.0,5.8120,61.09
300.510,measure,4976.0,1128.0,5.6129,61.09
300.611,measure,4976.0,1096.0,5.4537,61.03
300.711,measure,4976.0,1168.0,5.8120,61.00
300.811,measure,4976.0,1136.0,5.6527,60.91
300.911,measure,4976.0,1104.0,5.4935,60.97
301.011,measure,4976.0,1128.0,5.6129,60.91
301.111,measure,4976.0,1160.0,5.7722,60.94
301.211,measure,4976.0,1120.0,5.5731,61.12
301.312,measure,4976.0,1088.0,5.4139,61.09
301.412,measure,4976.0,1168.0,5.8120,61.00
301.512,measure,4976.0,1128.0,5.6129,61.03
301.612,measure,4976.0,1096.0,5.4537,60.97
301.712,measure,4976.0,1168.0,5.8120,61.00
301.812,measure,4976.0,1144.0,5.6925,60.91
301.912,measure,4976.0,1104.0,5.4935,60.94
302.012,measure,4976.0,1128.0,5.6129,60.94
302.113,measure,4976.0,1152.0,5.7324,61.19
302.213,measure,4976.0,1112.0,5.5333,61.00
302.313,measure,4976.0,1088.0,5.4139,61.09
302.413,measure,4976.0,1160.0,5.7722,61.03
302.513,measure,4976.0,1128.0,5.6129,61.03
302.613,measure,4976.0,1096.0,5.4537,60.91
302.714,measure,4976.0,1160.0,5.7722,60.94
302.814,measure,4976.0,1144.0,5.6925,60.97
302.914,measure,4976.0,1112.0,5.5333,60.94
303.014,measure,4976.0,1136.0,5.6527,61.09
303.114,measure,4976.0,1160.0,5.7722,61.06
303.214,measure,4976.0,1120.0,5.5731,61.03
303.314,measure,4976.0,1088.0,5.4139,61.00
303.415,measure,4976.0,1168.0,5.8120,61.03
303.515,measure,4976.0,1128.0,5.6129,60.97
303.615,measure,4976.0,1096.0,5.4537,61.00
303.715,measure,4976.0,1168.0,5.8120,60.97
303.815,measure,4976.0,1136.0,5.6527,60.94
303.915,measure,4976.0,1104.0,5.4935,61.09
304.015,measure,4976.0,1128.0,5.6129,61.09
304.116,measure,4976.0,1152.0,5.7324,61.09
304.216,measure,4976.0,1120.0,5.5731,60.94
304.316,measure,4976.0,1088.0,5.4139,61.00
304.416,measure,4976.0,1168.0,5.8120,60.94
304.516,measure,4976.0,1128.0,5.6129,61.00
304.616,measure,4976.0,1096.0,5.4537,60.91
304.716,measure,4976.0,1168.0,5.8120,60.97
304.816,measure,4976.0,1136.0,5.6527,61.06
304.917,measure,4976.0,1104.0,5.4935,61.03
305.017,measure,4976.0,1128.0,5.6129,61.03
305.117,measure,4976.0,1152.0,5.7324,60.91
305.217,measure,4976.0,1120.0,5.5731,61.00
305.317,measure,4976.0,1088.0,5.4139,61.00
305.417,measure,4976.0,1168.0,5.8120,60.94
305.517,measure,4976.0,1128.0,5.6129,60.94
305.617,measure,4976.0,1096.0,5.4537,60.97
305.718,measure,4976.0,1168.0,5.8120,61.16
305.818,measure,4976.0,1136.0,5.6527,61.12
305.918,measure,4976.0,1104.0,5.4935,60.97
306.018,measure,4976.0,1128.0,5.6129,61.06
306.118,measure,4976.0,1152.0,5.7324,61.00
306.218,measure,4976.0,1112.0,5.5333,61.00
306.318,measure,4976.0,1088.0,5.4139,60.97
306.419,measure,4976.0,1160.0,5.7722,60.91
306.519,measure,4976.0,1128.0,5.6129,60.97
306.619,measure,4976.0,1096.0,5.4537,61.16
306.719,measure,4976.0,1168.0,5.8120,61.09
306.819,measure,4976.0,1136.0,5.6527,61.03
306.919,measure,4976.0,1104.0,5.4935,61.03
307.019,measure,4976.0,1136.0,5.6527,60.91
307.119,measure,4976.0,1152.0,5.7324,60.97
307.220,measure,4976.0,1120.0,5.5731,60.88
307.320,measure,4976.0,1088.0,5.4139,60.91
307.420,measure,4976.0,1160.0,5.7722,60.88
307.520,measure,4976.0,1128.0,5.6129,61.16
307.620,measure,4976.0,1096.0,5.4537,61.06
307.720,measure,4976.0,1168.0,5.8120,61.00
307.820,measure,4976.0,1136.0,5.6527,61.06
307.920,measure,4976.0,1104.0,5.4935,61.00
308.021,measure,4976.0,1136.0,5.6527,60.88
308.121,measure,4976.0,1152.0,5.7324,61.00
308.221,measure,4976.0,1112.0,5.5333,60.97
308.321,measure,4976.0,1096.0,5.4537,60.97
308.421,measure,4976.0,1168.0,5.8120,61.12
308.521,measure,4976.0,1128.0,5.6129,61.06
308.621,measure,4976.0,1096.0,5.4537,60.97
308.722,measure,4976.0,1168.0,5.8120,61.00
308.822,measure,4976.0,1136.0,5.6527,61.00
308.922,measure,4976.0,1104.0,5.4935,60.94
309.022,measure,4976.0,1136.0,5.6527,61.00
309.122,measure,4976.0,1152.0,5.7324,60.91
309.222,measure,4976.0,1112.0,5.5333,60.91
309.322,measure,4976.0,1096.0,5.4537,61.19
309.422,measure,4976.0,1168.0,5.8120,61.16
309.523,measure,4976.0,1128.0,5.6129,60.97
309.623,measure,4976.0,1096.0,5.4537,61.03
309.723,measure,4976.0,1168.0,5.8120,60.97
309.823,measure,4976.0,1136.0,5.6527,61.03
309.923,measure,4976.0,1104.0,5.4935,60.91
310.023,measure,4976.0,1136.0,5.6527,60.91
310.123,measure,4976.0,1152.0,5.7324,60.94
310.224,measure,4976.0,1112.0,5.5333,61.19
310.324,measure,4976.0,1096.0,5.4537,61.12
310.424,measure,4976.0,1160.0,5.7722,61.03
310.524,measure,4976.0,1128.0,5.6129,61.06
310.624,measure,4976.0,1096.0,5.4537,61.03
310.724,measure,4976.0,1168.0,5.8120,60.94
310.824,measure,4976.0,1136.0,5.6527,60.91
310.924,measure,4976.0,1104.0,5.4935,60.94
311.025,measure,4976.0,1136.0,5.6527,60.94
311.125,measure,4976.0,1152.0,5.7324,61.16
311.225,measure,4976.0,1112.0,5.5333,61.16
311.325,measure,4976.0,1096.0,5.4537,61.12
311.425,measure,4976.0,1160.0,5.7722,61.00
311.525,measure,4976.0,1128.0,5.6129,61.00
311.625,measure,4976.0,1096.0,5.4537,60.97
311.726,measure,4976.0,1168.0,5.8120,60.97
311.826,measure,4976.0,1136.0,5.6527,60.94
311.926,measure,4976.0,1104.0,5.4935,60.88
312.026,measure,4976.0,1144.0,5.6925,60.91
312.126,measure,4976.0,1144.0,5.6925,61.19
312.226,measure,4976.0,1112.0,5.5333,61.06
312.326,measure,4976.0,1104.0,5.4935,61.09
312.426,measure,4976.0,1160.0,5.7722,61.03
312.527,measure,4976.0,1120.0,5.5731,60.97
312.627,measure,4976.0,1088.0,5.4139,60.97
312.727,measure,4976.0,1176.0,5.8518,60.97
312.827,measure,4976.0,1144.0,5.6925,60.94
312.927,measure,4976.0,1112.0,5.5333,60.91
313.027,measure,4976.0,1200.0,5.9712,61.12
313.128,measure,4968.0,1240.0,6.1603,61.00
313.228,measure,4968.0,1232.0,6.1206,61.06
313.328,measure,4968.0,1264.0,6.2796,61.00
313.428,measure,4968.0,1304.0,6.4783,60.97
313.528,measure,4968.0,1288.0,6.3988,60.97
313.628,measure,4968.0,1272.0,6.3193,60.94
313.728,measure,4968.0,1360.0,6.7565,60.94
313.829,measure,4968.0,1328.0,6.5975,60.97
313.929,measure,4968.0,1296.0,6.4385,61.19
314.029,measure,4968.0,1368.0,6.7962,61.19
314.129,measure,4968.0,1296.0,6.4385,61.00
314.229,measure,4968.0,1232.0,6.1206,61.06
314.329,measure,4976.0,1200.0,5.9712,61.09
314.429,measure,4968.0,1240.0,6.1603,61.03
314.530,measure,4976.0,1184.0,5.8916,61.03
314.630,measure,4976.0,1144.0,5.6925,60.94
314.730,measure,4976.0,1208.0,6.0110,60.97
314.830,measure,4976.0,1168.0,5.8120,61.00
314.930,measure,4976.0,1128.0,5.6129,61.12
315.030,measure,4976.0,1168.0,5.8120,61.06
315.130,measure,4976.0,1160.0,5.7722,61.03
315.230,measure,4976.0,1120.0,5.5731,60.97
315.331,measure,4976.0,1120.0,5.5731,61.03
315.431,measure,4976.0,1168.0,5.8120,61.00
315.531,measure,4976.0,1128.0,5.6129,60.94
315.631,measure,4976.0,1096.0,5.4537,60.88
315.731,measure,4976.0,1176.0,5.8518,60.94
315.831,measure,4976.0,1136.0,5.6527,61.16
315.931,measure,4976.0,1104.0,5.4935,61.06
316.031,measure,4976.0,1160.0,5.7722,61.03
316.132,measure,4976.0,1144.0,5.6925,61.06
316.232,measure,4976.0,1112.0,5.5333,61.03
316.332,measure,4976.0,1112.0,5.5333,60.94
316.432,measure,4976.0,1160.0,5.7722,60.94
316.532,measure,4976.0,1128.0,5.6129,60.94
316.632,measure,4976.0,1096.0,5.4537,60.97
316.732,measure,4976.0,1168.0,5.8120,61.12
316.833,measure,4976.0,1136.0,5.6527,61.06
316.933,measure,4976.0,1104.0,5.4935,61.09
317.033,measure,4976.0,1152.0,5.7324,60.97
317.133,measure,4976.0,1144.0,5.6925,61.00
317.233,measure,4976.0,1112.0,5.5333,60.94
317.333,measure,4976.0,1112.0,5.5333,60.91
317.433,measure,4976.0,1160.0,5.7722,60.91
317.533,measure,4976.0,1120.0,5.5731,60.94
317.634,measure,4976.0,1096.0,5.4537,61.06
317.734,measure,4976.0,1168.0,5.8120,61.12
317.834,measure,4976.0,1128.0,5.6129,61.06
317.934,measure,4976.0,1096.0,5.4537,61.03
318.034,measure,4976.0,1144.0,5.6925,61.00
318.134,measure,4976.0,1144.0,5.6925,61.00
318.234,measure,4976.0,1104.0,5.4935,61.00
318.335,measure,4976.0,1112.0,5.5333,61.00
318.435,measure,4976.0,1152.0,5.7324,60.94
318.535,measure,4976.0,1120.0,5.5731,61.16
318.635,measure,4976.0,1088.0,5.4139,61.09
318.735,measure,4976.0,1168.0,5.8120,60.97
318.835,measure,4976.0,1128.0,5.6129,61.09
318.935,measure,4976.0,1096.0,5.4537,61.06
319.035,measure,4976.0,1168.0,5.8120,60.97
319.136,measure,4976.0,1144.0,5.6925,61.00
319.236,measure,4976.0,1104.0,5.4935,60.97
319.336,measure,4976.0,1120.0,5.5731,60.91
319.436,measure,4976.0,1160.0,5.7722,61.09
319.536,measure,4976.0,1120.0,5.5731,61.06
319.636,measure,4976.0,1096.0,5.4537,61.03
319.736,measure,4976.0,1168.0,5.8120,61.00
319.837,measure,4976.0,1136.0,5.6527,61.03
319.937,measure,4976.0,1104.0,5.4935,60.94
320.037,measure,4976.0,1168.0,5.8120,61.00
320.137,measure,4976.0,1144.0,5.6925,60.91
320.237,measure,4976.0,1104.0,5.4935,61.12
320.337,measure,4976.0,1120.0,5.5731,61.19
320.437,measure,4976.0,1152.0,5.7324,61.06
320.537,measure,4976.0,1120.0,5.5731,61.06
320.638,measure,4976.0,1088.0,5.4139,61.03
320.738,measure,4976.0,1168.0,5.8120,60.94
320.838,measure,4976.0,1128.0,5.6129,61.00
320.938,measure,4976.0,1096.0,5.4537,60.97
321.038,measure,4976.0,1152.0,5.7324,61.00
321.138,measure,4976.0,1144.0,5.6925,60.91
321.238,measure,4976.0,1112.0,5.5333,61.19
321.338,measure,4976.0,1120.0,5.5731,61.12
321.439,measure,4976.0,1160.0,5.7722,61.09
321.539,measure,4976.0,1120.0,5.5731,61.12
321.639,measure,4976.0,1096.0,5.4537,60.94
321.739,measure,4976.0,1168.0,5.8120,60.94
321.839,measure,4976.0,1136.0,5.6527,60.97
321.939,measure,4976.0,1104.0,5.4935,60.91
322.039,measure,4976.0,1176.0,5.8518,61.22
322.139,measure,4976.0,1144.0,5.6925,61.12
322.240,measure,4976.0,1112.0,5.5333,61.09
322.340,measure,4976.0,1120.0,5.5731,61.03
322.440,measure,4976.0,1160.0,5.7722,61.00
322.540,measure,4976.0,1120.0,5.5731,60.94
322.640,measure,4976.0,1088.0,5.4139,61.00
322.740,measure,4976.0,1168.0,5.8120,60.94
322.840,measure,4976.0,1136.0,5.6527,60.88
322.941,measure,4976.0,1104.0,5.4935,61.12
323.041,measure,4976.0,1176.0,5.8518,61.09
323.141,measure,4976.0,1144.0,5.6925,61.16
323.241,measure,4976.0,1112.0,5.5333,61.06
323.341,measure,4976.0,1128.0,5.6129,61.09
323.441,measure,4976.0,1160.0,5.7722,61.06
323.541,measure,4976.0,1120.0,5.5731,60.91
323.641,measure,4976.0,1096.0,5.4537,60.91
323.742,measure,4976.0,1176.0,5.8518,60.91
323.842,measure,4976.0,1136.0,5.6527,60.88
323.942,measure,4976.0,1104.0,5.4935,61.19
324.042,measure,4976.0,1160.0,5.7722,61.09
324.142,measure,4976.0,1152.0,5.7324,60.94
324.242,measure,4976.0,1112.0,5.5333,61.06
324.342,measure,4976.0,1128.0,5.6129,60.94
324.443,measure,4976.0,1160.0,5.7722,60.97
324.543,measure,4976.0,1128.0,5.6129,60.88
324.643,measure,4976.0,1096.0,5.4537,60.91
324.743,measure,4976.0,1168.0,5.8120,60.91
324.843,measure,4976.0,1136.0,5.6527,61.22
324.943,measure,4976.0,1104.0,5.4935,61.16
325.043,measure,4976.0,1160.0,5.7722,61.00
325.143,measure,4976.0,1152.0,5.7324,61.03
325.244,measure,4976.0,1112.0,5.5333,60.94
325.344,measure,4976.0,1128.0,5.6129,61.00
325.444,measure,4976.0,1160.0,5.7722,61.00
325.544,measure,4976.0,1120.0,5.5731,60.94
325.644,measure,4976.0,1096.0,5.4537,60.97
325.744,measure,4976.0,1168.0,5.8120,60.91
325.844,measure,4976.0,1136.0,5.6527,61.12
325.945,measure,4976.0,1104.0,5.4935,61.03
326.045,measure,4976.0,1176.0,5.8518,61.00
326.145,measure,4976.0,1144.0,5.6925,60.97
326.245,measure,4976.0,1112.0,5.5333,60.97
326.345,measure,4976.0,1128.0,5.6129,60.94
326.445,measure,4976.0,1160.0,5.7722,61.00
326.545,measure,4976.0,1120.0,5.5731,60.91
326.646,measure,4976.0,1096.0,5.4537,60.94
326.746,measure,4976.0,1168.0,5.8120,61.22
326.846,measure,4976.0,1136.0,5.6527,61.00
326.946,measure,4976.0,1104.0,5.4935,61.03
327.046,measure,4976.0,1176.0,5.8518,60.94
327.146,measure,4976.0,1144.0,5.6925,61.00
327.246,measure,4976.0,1112.0,5.5333,60.94
327.347,measure,4976.0,1136.0,5.6527,60.97
327.447,measure,4976.0,1160.0,5.7722,60.88
327.547,measure,4976.0,1120.0,5.5731,60.88
327.647,measure,4976.0,1088.0,5.4139,61.16
327.747,measure,4976.0,1168.0,5.8120,61.06
327.847,measure,4976.0,1128.0,5.6129,61.06
327.947,measure,4976.0,1096.0,5.4537,61.00
328.047,measure,4976.0,1168.0,5.8120,61.06
328.148,measure,4976.0,1144.0,5.6925,60.94
328.248,measure,4976.0,1104.0,5.4935,60.94
328.348,measure,4976.0,1136.0,5.6527,60.88
328.448,measure,4976.0,1152.0,5.7324,60.91
328.548,measure,4976.0,1120.0,5.5731,61.03
328.648,measure,4976.0,1088.0,5.4139,61.06
328.748,measure,4976.0,1168.0,5.8120,61.12
328.849,measure,4976.0,1128.0,5.6129,61.03
328.949,measure,4976.0,1096.0,5.4537,60.94
329.049,measure,4976.0,1168.0,5.8120,60.94
329.149,measure,4976.0,1144.0,5.6925,60.94
329.249,measure,4976.0,1112.0,5.5333,60.97
329.349,measure,4976.0,1136.0,5.6527,60.94
329.449,measure,4976.0,1160.0,5.7722,61.09
329.549,measure,4976.0,1120.0,5.5731,61.06
329.650,measure,4976.0,1096.0,5.4537,61.12
329.750,measure,4976.0,1168.0,5.8120,61.00
329.850,measure,4976.0,1136.0,5.6527,60.94
329.950,measure,4976.0,1104.0,5.4935,61.00
330.050,measure,4976.0,1168.0,5.8120,60.97
330.150,measure,4976.0,1144.0,5.6925,60.97
330.250,measure,4976.0,1112.0,5.5333,60.91
330.351,measure,4976.0,1136.0,5.6527,61.12
330.451,measure,4976.0,1152.0,5.7324,61.00
330.551,measure,4976.0,1120.0,5.5731,61.06
330.651,measure,4976.0,1088.0,5.4139,61.00
330.751,measure,4976.0,1168.0,5.8120,60.94
330.851,measure,4976.0,1128.0,5.6129,61.00
330.951,measure,4976.0,1096.0,5.4537,61.00
331.051,measure,4976.0,1176.0,5.8518,60.94
331.152,measure,4976.0,1144.0,5.6925,60.91
331.252,measure,4976.0,1112.0,5.5333,61.06
331.352,measure,4976.0,1136.0,5.6527,61.06
331.452,measure,4976.0,1160.0,5.7722,61.03
331.552,measure,4976.0,1120.0,5.5731,61.00
331.652,measure,4976.0,1096.0,5.4537,60.97
331.752,measure,4976.0,1168.0,5.8120,60.97
331.853,measure,4976.0,1136.0,5.6527,60.94
331.953,measure,4976.0,1104.0,5.4935,60.88
332.053,measure,4976.0,1168.0,5.8120,61.00
332.153,measure,4976.0,1144.0,5.6925,61.25
332.253,measure,4976.0,1112.0,5.5333,61.12
332.353,measure,4976.0,1136.0,5.6527,61.06
332.453,measure,4976.0,1152.0,5.7324,60.97
332.554,measure,4976.0,1120.0,5.5731,60.94
332.654,measure,4976.0,1096.0,5.4537,60.88
332.754,measure,4976.0,1168.0,5.8120,60.91
332.854,measure,4976.0,1128.0,5.6129,60.97
332.954,measure,4976.0,1096.0,5.4537,60.94
333.054,measure,4976.0,1168.0,5.8120,60.94
333.154,measure,4976.0,1144.0,5.6925,61.09
333.254,measure,4976.0,1112.0,5.5333,61.12
333.355,measure,4976.0,1144.0,5.6925,61.00
333.455,measure,4976.0,1152.0,5.7324,61.03
333.555,measure,4976.0,1120.0,5.5731,61.03
333.655,measure,4976.0,1096.0,5.4537,60.91
333.755,measure,4976.0,1168.0,5.8120,60.94
333.855,measure,4976.0,1128.0,5.6129,60.97
333.955,measure,4976.0,1104.0,5.4935,61.12
334.056,measure,4976.0,1176.0,5.8518,61.09
334.156,measure,4976.0,1144.0,5.6925,61.09
334.256,measure,4976.0,1112.0,5.5333,61.12
334.356,measure,4976.0,1144.0,5.6925,61.03
334.456,measure,4976.0,1152.0,5.7324,60.94
334.556,measure,4976.0,1120.0,5.5731,61.00
334.656,measure,4976.0,1104.0,5.4935,60.97
334.757,measure,4976.0,1168.0,5.8120,60.88
334.857,measure,4976.0,1128.0,5.6129,61.16
334.957,measure,4976.0,1096.0,5.4537,61.12
335.057,measure,4976.0,1168.0,5.8120,61.12
335.157,measure,4976.0,1144.0,5.6925,61.03
335.257,measure,4976.0,1104.0,5.4935,61.00
335.357,measure,4976.0,1144.0,5.6925,61.03
335.457,measure,4976.0,1160.0,5.7722,60.97
335.558,measure,4976.0,1120.0,5.5731,60.88
335.658,measure,4976.0,1104.0,5.4935,60.91
335.758,measure,4976.0,1168.0,5.8120,61.16
335.858,measure,4976.0,1128.0,5.6129,61.16
335.958,measure,4976.0,1096.0,5.4537,61.16
336.058,measure,4976.0,1168.0,5.8120,60.94
336.158,measure,4976.0,1144.0,5.6925,61.03
336.259,measure,4976.0,1104.0,5.4935,61.00
336.359,measure,4976.0,1152.0,5.7324,60.88
336.459,measure,4976.0,1152.0,5.7324,60.94
336.559,measure,4976.0,1112.0,5.5333,60.94
336.659,measure,4976.0,1104.0,5.4935,61.22
336.759,measure,4976.0,1168.0,5.8120,61.22
336.859,measure,4976.0,1128.0,5.6129,60.97
336.959,measure,4976.0,1096.0,5.4537,61.03
337.060,measure,4976.0,1168.0,5.8120,60.97
337.160,measure,4976.0,1136.0,5.6527,60.94
337.260,measure,4976.0,1104.0,5.4935,60.94
337.360,measure,4976.0,1144.0,5.6925,60.97
337.460,measure,4976.0,1152.0,5.7324,60.97
337.560,measure,4976.0,1112.0,5.5333,60.91
337.660,measure,4976.0,1104.0,5.4935,61.25
337.761,measure,4976.0,1168.0,5.8120,61.16
337.861,measure,4976.0,1128.0,5.6129,61.03
337.961,measure,4976.0,1096.0,5.4537,61.03
338.061,measure,4976.0,1168.0,5.8120,60.94
338.161,measure,4976.0,1136.0,5.6527,61.00
338.261,measure,4976.0,1104.0,5.4935,61.00
338.361,measure,4976.0,1160.0,5.7722,60.91
338.462,measure,4976.0,1152.0,5.7324,60.94
338.562,measure,4976.0,1112.0,5.5333,61.16
338.662,measure,4976.0,1104.0,5.4935,61.09
338.762,measure,4976.0,1168.0,5.8120,61.09
338.862,measure,4976.0,1128.0,5.6129,61.06
338.962,measure,4976.0,1096.0,5.4537,61.00
339.062,measure,4976.0,1168.0,5.8120,60.91
339.163,measure,4976.0,1136.0,5.6527,60.97
339.263,measure,4976.0,1104.0,5.4935,60.94
339.363,measure,4976.0,1160.0,5.7722,60.91
339.463,measure,4976.0,1152.0,5.7324,60.91
339.563,measure,4976.0,1112.0,5.5333,61.12
339.663,measure,4976.0,1112.0,5.5333,61.03
339.763,measure,4976.0,1160.0,5.7722,61.03
339.863,measure,4976.0,1128.0,5.6129,61.03
339.964,measure,4976.0,1096.0,5.4537,60.91
340.064,measure,4976.0,1168.0,5.8120,60.97
340.164,measure,4976.0,1136.0,5.6527,60.91
340.264,measure,4976.0,1104.0,5.4935,60.91
340.364,measure,4976.0,1152.0,5.7324,60.91
340.464,measure,4976.0,1152.0,5.7324,61.19
340.564,measure,4976.0,1112.0,5.5333,61.06
340.665,measure,4976.0,1112.0,5.5333,61.06
340.765,measure,4976.0,1160.0,5.7722,61.00
340.865,measure,4976.0,1120.0,5.5731,61.00
340.965,measure,4976.0,1088.0,5.4139,60.88
341.065,measure,4976.0,1168.0,5.8120,60.94
341.165,measure,4976.0,1136.0,5.6527,60.81
341.265,measure,4976.0,1104.0,5.4935,60.88
341.366,measure,4976.0,1144.0,5.6925,61.16
341.466,measure,4976.0,1144.0,5.6925,61.09
341.566,measure,4976.0,1112.0,5.5333,60.97
341.666,measure,4976.0,1112.0,5.5333,61.03
341.766,measure,4976.0,1160.0,5.7722,60.94
341.866,measure,4976.0,1120.0,5.5731,60.97
341.966,measure,4976.0,1096.0,5.4537,60.91
342.067,measure,4976.0,1168.0,5.8120,60.97
342.167,measure,4976.0,1136.0,5.6527,60.91
342.267,measure,4976.0,1104.0,5.4935,61.12
342.367,measure,4976.0,1152.0,5.7324,61.00
342.467,measure,4976.0,1152.0,5.7324,61.06
342.567,measure,4976.0,1112.0,5.5333,60.94
342.667,measure,4976.0,1120.0,5.5731,61.03
342.768,measure,4976.0,1160.0,5.7722,61.03
342.868,measure,4976.0,1120.0,5.5731,60.91
342.968,measure,4976.0,1088.0,5.4139,60.88
343.068,measure,4976.0,1168.0,5.8120,60.88
343.168,measure,4976.0,1128.0,5.6129,61.06
343.268,measure,4976.0,1096.0,5.4537,61.06
343.368,measure,4976.0,1152.0,5.7324,61.16
343.468,measure,4976.0,1144.0,5.6925,61.00
343.569,measure,4976.0,1112.0,5.5333,60.91
343.669,measure,4976.0,1128.0,5.6129,60.97
343.769,measure,4976.0,1160.0,5.7722,60.97
343.869,measure,4976.0,1120.0,5.5731,60.91
343.969,measure,4976.0,1096.0,5.4537,60.88
344.069,measure,4976.0,1168.0,5.8120,61.12
344.169,measure,4976.0,1128.0,5.6129,61.06
344.270,measure,4976.0,1104.0,5.4935,61.00
344.370,measure,4976.0,1168.0,5.8120,60.97
344.470,measure,4976.0,1144.0,5.6925,60.97
344.570,measure,4976.0,1112.0,5.5333,60.97
344.670,measure,4976.0,1120.0,5.5731,60.94
344.770,measure,4976.0,1160.0,5.7722,60.97
344.870,measure,4976.0,1120.0,5.5731,60.94
344.970,measure,4976.0,1088.0,5.4139,61.12
345.071,measure,4976.0,1168.0,5.8120,61.03
345.171,measure,4976.0,1128.0,5.6129,61.03
345.271,measure,4976.0,1104.0,5.4935,60.97
345.371,measure,4976.0,1168.0,5.8120,60.94
345.471,measure,4976.0,1144.0,5.6925,60.91
345.571,measure,4976.0,1112.0,5.5333,60.97
345.671,measure,4976.0,1120.0,5.5731,60.91
345.772,measure,4976.0,1160.0,5.7722,60.94
345.872,measure,4976.0,1120.0,5.5731,61.09
345.972,measure,4976.0,1088.0,5.4139,61.09
346.072,measure,4976.0,1168.0,5.8120,61.09
346.172,measure,4976.0,1136.0,5.6527,60.97
346.272,measure,4976.0,1104.0,5.4935,60.97
346.373,measure,4976.0,1168.0,5.8120,60.97
346.473,measure,4976.0,1144.0,5.6925,60.91
346.573,measure,4976.0,1112.0,5.5333,60.94
346.673,measure,4976.0,1128.0,5.6129,60.91
346.773,measure,4976.0,1160.0,5.7722,61.06
346.873,measure,4976.0,1120.0,5.5731,61.00
346.973,measure,4976.0,1088.0,5.4139,61.12
347.074,measure,4976.0,1168.0,5.8120,60.97
347.174,measure,4976.0,1136.0,5.6527,61.00
347.274,measure,4976.0,1104.0,5.4935,60.91
347.374,measure,4976.0,1168.0,5.8120,60.97
347.474,measure,4976.0,1144.0,5.6925,60.91
347.574,measure,4976.0,1112.0,5.5333,60.97
347.674,measure,4976.0,1128.0,5.6129,61.03
347.774,measure,4976.0,1152.0,5.7324,61.09
347.875,measure,4976.0,1120.0,5.5731,61.06
347.975,measure,4976.0,1088.0,5.4139,61.03
348.075,measure,4976.0,1168.0,5.8120,60.94
348.175,measure,4976.0,1136.0,5.6527,60.97
348.275,measure,4976.0,1104.0,5.4935,60.94
348.375,measure,4976.0,1168.0,5.8120,60.91
348.475,measure,4976.0,1144.0,5.6925,60.94
348.576,measure,4976.0,1112.0,5.5333,61.12
348.676,measure,4976.0,1128.0,5.6129,61.09
348.776,measure,4976.0,1160.0,5.7722,61.09
348.876,measure,4976.0,1120.0,5.5731,60.97
348.976,measure,4976.0,1096.0,5.4537,61.00
349.076,measure,4976.0,1176.0,5.8518,60.94
349.176,measure,4976.0,1136.0,5.6527,60.88
349.277,measure,4976.0,1104.0,5.4935,60.94
349.377,measure,4976.0,1168.0,5.8120,60.88
349.477,measure,4976.0,1152.0,5.7324,61.12
349.577,measure,4976.0,1112.0,5.5333,61.16
349.677,measure,4976.0,1128.0,5.6129,61.12
349.777,measure,4976.0,1160.0,5.7722,61.03
349.877,measure,4976.0,1120.0,5.5731,61.00
349.977,measure,4976.0,1096.0,5.4537,60.97
350.078,measure,4976.0,1168.0,5.8120,60.94
350.178,measure,4976.0,1128.0,5.6129,60.88
350.278,measure,4976.0,1096.0,5.4537,60.94
350.378,measure,4976.0,1168.0,5.8120,61.06
350.478,measure,4976.0,1144.0,5.6925,61.06
350.578,measure,4976.0,1104.0,5.4935,61.19
350.678,measure,4976.0,1128.0,5.6129,61.03
350.779,measure,4976.0,1160.0,5.7722,61.03
350.879,measure,4976.0,1120.0,5.5731,61.00
350.979,measure,4976.0,1096.0,5.4537,60.91
351.079,measure,4976.0,1168.0,5.8120,60.91
351.179,measure,4976.0,1136.0,5.6527,60.88
351.279,measure,4976.0,1104.0,5.4935,60.88
351.379,measure,4976.0,1168.0,5.8120,61.12
351.480,measure,4976.0,1152.0,5.7324,61.06
351.580,measure,4976.0,1112.0,5.5333,61.03
351.680,measure,4976.0,1136.0,5.6527,61.00
351.780,measure,4976.0,1160.0,5.7722,61.03
351.880,measure,4976.0,1120.0,5.5731,61.00
351.980,measure,4976.0,1096.0,5.4537,60.88
352.080,measure,4976.0,1168.0,5.8120,61.03
352.181,measure,4976.0,1136.0,5.6527,60.88
352.281,measure,4976.0,1104.0,5.4935,61.12
352.381,measure,4976.0,1176.0,5.8518,61.25
352.481,measure,4976.0,1144.0,5.6925,60.94
352.581,measure,4976.0,1112.0,5.5333,61.06
352.681,measure,4976.0,1136.0,5.6527,61.03
352.781,measure,4976.0,1152.0,5.7324,60.94
352.881,measure,4976.0,1120.0,5.5731,60.88
352.982,measure,4976.0,1088.0,5.4139,60.91
353.082,measure,4976.0,1168.0,5.8120,61.00
353.182,measure,4976.0,1128.0,5.6129,61.25
353.282,measure,4976.0,1096.0,5.4537,61.12
353.382,measure,4976.0,1168.0,5.8120,61.06
353.482,measure,4976.0,1144.0,5.6925,61.03
353.582,measure,4976.0,1112.0,5.5333,60.84
353.683,measure,4976.0,1136.0,5.6527,60.97
353.783,measure,4976.0,1152.0,5.7324,60.88
353.883,measure,4976.0,1120.0,5.5731,60.94
353.983,measure,4976.0,1088.0,5.4139,60.88
354.083,measure,4976.0,1160.0,5.7722,60.94
354.183,measure,4976.0,1128.0,5.6129,61.09
354.283,measure,4976.0,1104.0,5.4935,61.03
354.384,measure,4976.0,1168.0,5.8120,61.06
354.484,measure,4976.0,1144.0,5.6925,60.97
354.584,measure,4976.0,1112.0,5.5333,60.91
354.684,measure,4976.0,1136.0,5.6527,60.94
354.784,measure,4976.0,1160.0,5.7722,60.88
354.884,measure,4976.0,1120.0,5.5731,60.88
354.984,measure,4976.0,1088.0,5.4139,60.91
355.084,measure,4976.0,1168.0,5.8120,61.09
355.185,measure,4976.0,1128.0,5.6129,61.03
355.285,measure,4976.0,1096.0,5.4537,61.00
355.385,measure,4976.0,1168.0,5.8120,60.94
355.485,measure,4976.0,1144.0,5.6925,60.91
355.585,measure,4976.0,1112.0,5.5333,60.88
355.685,measure,4976.0,1136.0,5.6527,60.94
355.785,measure,4976.0,1160.0,5.7722,60.91
355.886,measure,4976.0,1120.0,5.5731,60.88
355.986,measure,4976.0,1096.0,5.4537,61.03
356.086,measure,4976.0,1168.0,5.8120,61.09
356.186,measure,4976.0,1136.0,5.6527,61.09
356.286,measure,4976.0,1104.0,5.4935,61.06
356.386,measure,4976.0,1168.0,5.8120,60.97
356.486,measure,4976.0,1152.0,5.7324,60.88
356.587,measure,4976.0,1112.0,5.5333,60.91
356.687,measure,4976.0,1144.0,5.6925,60.88
356.787,measure,4976.0,1160.0,5.7722,60.91
356.887,measure,4976.0,1120.0,5.5731,61.12
356.987,measure,4976.0,1096.0,5.4537,61.06
357.087,measure,4976.0,1168.0,5.8120,60.97
357.187,measure,4976.0,1136.0,5.6527,61.06
357.288,measure,4976.0,1104.0,5.4935,61.00
357.388,measure,4976.0,1168.0,5.8120,60.91
357.488,measure,4976.0,1144.0,5.6925,60.97
357.588,measure,4976.0,1112.0,5.5333,61.00
357.688,measure,4976.0,1144.0,5.6925,60.94
357.788,measure,4976.0,1160.0,5.7722,61.06
357.889,measure,4976.0,1120.0,5.5731,61.16
357.989,measure,4976.0,1096.0,5.4537,61.03
358.089,measure,4976.0,1168.0,5.8120,61.00
358.189,measure,4976.0,1128.0,5.6129,60.97
358.289,measure,4976.0,1104.0,5.4935,60.94
358.389,measure,4976.0,1176.0,5.8518,60.94
358.489,measure,4976.0,1144.0,5.6925,60.91
358.590,measure,4976.0,1104.0,5.4935,60.91
358.690,measure,4976.0,1144.0,5.6925,61.09
358.790,measure,4976.0,1160.0,5.7722,61.06
358.890,measure,4976.0,1120.0,5.5731,61.06
358.990,measure,4976.0,1104.0,5.4935,60.94
359.090,measure,4976.0,1168.0,5.8120,61.00
359.190,measure,4976.0,1128.0,5.6129,60.88
359.291,measure,4976.0,1096.0,5.4537,61.00
359.391,measure,4976.0,1168.0,5.8120,61.00
359.491,measure,4976.0,1144.0,5.6925,60.91
359.591,measure,4976.0,1112.0,5.5333,61.09
359.691,measure,4976.0,1144.0,5.6925,61.19
359.791,measure,4976.0,1152.0,5.7324,61.09
359.891,measure,4976.0,1120.0,5.5731,61.03
359.992,measure,4976.0,1104.0,5.4935,61.06
360.092,measure,4976.0,1168.0,5.8120,60.97
360.192,measure,4976.0,1128.0,5.6129,60.94
360.292,measure,4976.0,1096.0,5.4537,60.94
