t_rel_s,phase,mv,ma,watt,temp_max_c
0.000,warmup,4976.0,1152.0,5.7324,60.12
0.100,warmup,4976.0,1120.0,5.5731,60.12
0.200,warmup,4976.0,1072.0,5.3343,60.09
0.300,warmup,4984.0,1032.0,5.1435,60.00
0.401,warmup,4976.0,1120.0,5.5731,59.94
0.501,warmup,4976.0,1192.0,5.9314,60.06
0.601,warmup,4968.0,1280.0,6.3590,60.00
0.701,warmup,4968.0,1336.0,6.6372,60.00
0.801,warmup,4968.0,1392.0,6.9155,59.91
0.901,warmup,4968.0,1408.0,6.9949,60.22
1.002,warmup,4960.0,1472.0,7.3011,60.03
1.102,warmup,4960.0,1496.0,7.4202,60.06
1.202,warmup,4960.0,1568.0,7.7773,59.97
1.302,warmup,4960.0,1584.0,7.8566,60.03
1.402,warmup,4952.0,1616.0,8.0024,60.03
1.502,warmup,4952.0,1648.0,8.1609,60.00
1.602,warmup,4952.0,1648.0,8.1609,60.00
1.703,warmup,4952.0,1680.0,8.3194,60.03
1.803,warmup,4952.0,1704.0,8.4382,60.25
1.903,warmup,4952.0,1688.0,8.3590,60.12
2.003,warmup,4952.0,1720.0,8.5174,60.25
2.103,warmup,4952.0,1712.0,8.4778,60.03
2.203,warmup,4952.0,1712.0,8.4778,60.03
2.303,warmup,4952.0,1736.0,8.5967,60.38
2.404,warmup,4952.0,1728.0,8.5571,60.12
2.504,warmup,4952.0,1728.0,8.5571,60.09
2.604,warmup,4952.0,1728.0,8.5571,60.09
2.704,warmup,4952.0,1704.0,8.4382,60.12
2.804,warmup,4952.0,1712.0,8.4778,60.22
2.904,warmup,4952.0,1688.0,8.3590,60.25
3.004,warmup,4952.0,1704.0,8.4382,60.19
3.105,warmup,4952.0,1680.0,8.3194,60.16
3.205,warmup,4952.0,1696.0,8.3986,60.16
3.305,warmup,4952.0,1672.0,8.2797,60.12
3.405,warmup,4952.0,1688.0,8.3590,60.09
3.505,warmup,4952.0,1664.0,8.2401,60.12
3.605,warmup,4952.0,1688.0,8.3590,60.16
3.705,warmup,4952.0,1664.0,8.2401,60.28
3.806,warmup,4952.0,1688.0,8.3590,60.31
3.906,warmup,4952.0,1664.0,8.2401,60.28
4.006,warmup,4952.0,1688.0,8.3590,60.19
4.106,warmup,4952.0,1656.0,8.2005,60.19
4.206,warmup,4952.0,1680.0,8.3194,60.12
4.306,warmup,4952.0,1664.0,8.2401,60.22
4.406,warmup,4952.0,1688.0,8.3590,60.41
4.507,warmup,4952.0,1664.0,8.2401,60.22
4.607,warmup,4952.0,1680.0,8.3194,60.25
4.707,warmup,4952.0,1656.0,8.2005,60.28
4.807,warmup,4952.0,1680.0,8.3194,60.19
4.907,warmup,4952.0,1656.0,8.2005,60.25
5.007,warmup,4952.0,1680.0,8.3194,60.25
5.107,warmup,4952.0,1656.0,8.2005,60.25
5.208,warmup,4952.0,1672.0,8.2797,60.22
5.308,warmup,4952.0,1656.0,8.2005,60.31
5.408,warmup,4952.0,1664.0,8.2401,60.44
5.508,warmup,4952.0,1656.0,8.2005,60.38
5.608,warmup,4952.0,1648.0,8.1609,60.34
5.708,warmup,4952.0,1656.0,8.2005,60.31
5.808,warmup,4952.0,1632.0,8.0817,60.28
5.909,warmup,4952.0,1656.0,8.2005,60.34
6.009,warmup,4952.0,1632.0,8.0817,60.25
6.109,warmup,4952.0,1656.0,8.2005,60.47
6.209,warmup,4952.0,1640.0,8.1213,60.28
6.309,warmup,4952.0,1656.0,8.2005,60.31
6.409,warmup,4952.0,1648.0,8.1609,60.44
6.509,warmup,4952.0,1648.0,8.1609,60.38
6.610,warmup,4952.0,1656.0,8.2005,60.38
6.710,warmup,4952.0,1656.0,8.2005,60.34
6.810,warmup,4952.0,1664.0,8.2401,60.47
6.910,warmup,4952.0,1680.0,8.3194,60.44
7.010,warmup,4952.0,1664.0,8.2401,60.31
7.110,warmup,4952.0,1672.0,8.2797,60.34
7.210,warmup,4952.0,1664.0,8.2401,60.38
7.311,warmup,4952.0,1672.0,8.2797,60.44
7.411,warmup,4952.0,1664.0,8.2401,60.41
7.511,warmup,4952.0,1664.0,8.2401,60.44
7.611,warmup,4952.0,1664.0,8.2401,60.44
7.711,warmup,4952.0,1656.0,8.2005,60.31
7.811,warmup,4952.0,1672.0,8.2797,60.38
7.911,warmup,4952.0,1696.0,8.3986,60.34
8.012,warmup,4952.0,1688.0,8.3590,60.34
8.112,warmup,4952.0,1712.0,8.4778,60.41
8.212,warmup,4952.0,1720.0,8.5174,60.50
8.312,warmup,4952.0,1704.0,8.4382,60.47
8.412,warmup,4952.0,1736.0,8.5967,60.53
8.512,warmup,4952.0,1688.0,8.3590,60.41
8.613,warmup,4952.0,1712.0,8.4778,60.66
8.713,warmup,4952.0,1672.0,8.2797,60.38
8.813,warmup,4952.0,1704.0,8.4382,60.44
8.913,warmup,4952.0,1664.0,8.2401,60.38
9.013,warmup,4952.0,1696.0,8.3986,60.59
9.113,warmup,4952.0,1664.0,8.2401,60.56
9.213,warmup,4952.0,1696.0,8.3986,60.84
9.314,warmup,4952.0,1656.0,8.2005,60.56
9.414,warmup,4952.0,1688.0,8.3590,60.44
9.514,warmup,4952.0,1656.0,8.2005,60.41
9.614,warmup,4952.0,1688.0,8.3590,60.47
9.714,warmup,4952.0,1656.0,8.2005,60.44
9.814,warmup,4952.0,1688.0,8.3590,60.53
9.914,warmup,4952.0,1656.0,8.2005,60.41
10.015,warmup,4952.0,1696.0,8.3986,60.59
10.115,warmup,4952.0,1656.0,8.2005,60.59
10.215,warmup,4952.0,1688.0,8.3590,60.59
10.315,warmup,4952.0,1656.0,8.2005,60.50
10.415,warmup,4952.0,1688.0,8.3590,60.62
10.515,warmup,4952.0,1656.0,8.2005,60.44
10.616,warmup,4952.0,1688.0,8.3590,60.84
10.716,warmup,4952.0,1656.0,8.2005,60.50
10.816,warmup,4952.0,1688.0,8.3590,60.62
10.916,warmup,4952.0,1656.0,8.2005,60.59
11.016,warmup,4952.0,1688.0,8.3590,60.75
11.116,warmup,4952.0,1656.0,8.2005,60.59
11.216,warmup,4952.0,1688.0,8.3590,60.53
11.317,warmup,4952.0,1656.0,8.2005,60.56
11.417,warmup,4952.0,1688.0,8.3590,60.53
11.517,warmup,4952.0,1656.0,8.2005,60.50
11.617,warmup,4952.0,1688.0,8.3590,60.59
11.717,warmup,4952.0,1664.0,8.2401,60.53
11.817,warmup,4952.0,1688.0,8.3590,60.78
11.917,warmup,4952.0,1656.0,8.2005,60.72
12.018,warmup,4952.0,1688.0,8.3590,60.84
12.118,warmup,4952.0,1656.0,8.2005,60.62
12.218,warmup,4952.0,1688.0,8.3590,60.69
12.318,warmup,4952.0,1664.0,8.2401,60.75
12.418,warmup,4952.0,1688.0,8.3590,60.81
12.518,warmup,4952.0,1656.0,8.2005,60.56
12.618,warmup,4952.0,1688.0,8.3590,60.53
12.719,warmup,4952.0,1664.0,8.2401,60.78
12.819,warmup,4952.0,1688.0,8.3590,60.81
12.919,warmup,4952.0,1664.0,8.2401,60.75
13.019,warmup,4952.0,1688.0,8.3590,60.62
13.119,warmup,4952.0,1664.0,8.2401,60.62
13.219,warmup,4952.0,1688.0,8.3590,60.75
13.320,warmup,4952.0,1664.0,8.2401,60.59
13.420,warmup,4952.0,1688.0,8.3590,60.66
13.520,warmup,4952.0,1664.0,8.2401,60.69
13.620,warmup,4952.0,1688.0,8.3590,60.69
13.720,warmup,4952.0,1672.0,8.2797,60.78
13.820,warmup,4952.0,1688.0,8.3590,60.88
13.920,warmup,4952.0,1664.0,8.2401,60.78
14.021,warmup,4952.0,1688.0,8.3590,60.78
14.121,warmup,4952.0,1664.0,8.2401,60.75
14.221,warmup,4952.0,1688.0,8.3590,60.81
14.321,warmup,4952.0,1664.0,8.2401,60.59
14.421,warmup,4952.0,1680.0,8.3194,60.97
14.521,warmup,4952.0,1672.0,8.2797,60.62
14.621,warmup,4952.0,1680.0,8.3194,60.88
14.722,warmup,4952.0,1664.0,8.2401,60.88
14.822,warmup,4952.0,1688.0,8.3590,60.75
14.922,warmup,4952.0,1680.0,8.3194,60.72
15.022,warmup,4952.0,1704.0,8.4382,60.75
15.122,warmup,4952.0,1696.0,8.3986,60.94
15.222,warmup,4952.0,1760.0,8.7155,60.91
15.322,warmup,4952.0,1784.0,8.8344,60.84
15.423,warmup,4944.0,1832.0,9.0574,61.03
15.523,warmup,4944.0,1848.0,9.1365,61.03
15.623,warmup,4944.0,1848.0,9.1365,60.91
15.723,warmup,4944.0,1840.0,9.0970,60.88
15.823,warmup,4944.0,1856.0,9.1761,61.12
15.923,warmup,4944.0,1864.0,9.2156,60.94
16.023,warmup,4944.0,1888.0,9.3343,60.78
16.124,warmup,4944.0,1880.0,9.2947,61.16
16.224,warmup,4944.0,1848.0,9.1365,60.84
16.324,warmup,4944.0,1800.0,8.8992,60.75
16.424,warmup,4952.0,1784.0,8.8344,60.81
16.524,warmup,4952.0,1744.0,8.6363,61.03
16.624,warmup,4952.0,1744.0,8.6363,60.88
16.724,warmup,4952.0,1696.0,8.3986,60.91
16.825,warmup,4952.0,1712.0,8.4778,60.91
16.925,warmup,4952.0,1696.0,8.3986,60.91
17.025,warmup,4952.0,1712.0,8.4778,60.91
17.125,warmup,4952.0,1696.0,8.3986,60.81
17.225,warmup,4952.0,1696.0,8.3986,60.91
17.325,warmup,4952.0,1688.0,8.3590,60.88
17.425,warmup,4952.0,1696.0,8.3986,61.06
17.526,warmup,4952.0,1688.0,8.3590,61.09
17.626,warmup,4952.0,1688.0,8.3590,61.00
17.726,warmup,4952.0,1680.0,8.3194,60.91
17.826,warmup,4952.0,1680.0,8.3194,60.88
17.926,warmup,4952.0,1680.0,8.3194,60.84
18.026,warmup,4952.0,1680.0,8.3194,60.88
18.126,warmup,4952.0,1680.0,8.3194,60.91
18.227,warmup,4952.0,1680.0,8.3194,60.94
18.327,warmup,4952.0,1672.0,8.2797,61.19
18.427,warmup,4952.0,1680.0,8.3194,61.03
18.527,warmup,4952.0,1680.0,8.3194,61.00
18.627,warmup,4952.0,1680.0,8.3194,61.00
18.727,warmup,4952.0,1672.0,8.2797,60.97
18.827,warmup,4952.0,1680.0,8.3194,60.97
18.928,warmup,4952.0,1680.0,8.3194,61.12
19.028,warmup,4952.0,1680.0,8.3194,60.97
19.128,warmup,4952.0,1680.0,8.3194,60.91
19.228,warmup,4952.0,1680.0,8.3194,61.16
19.328,warmup,4952.0,1680.0,8.3194,61.09
19.428,warmup,4952.0,1680.0,8.3194,61.00
19.528,warmup,4952.0,1680.0,8.3194,61.00
19.629,warmup,4952.0,1672.0,8.2797,60.94
19.729,warmup,4952.0,1672.0,8.2797,60.97
19.829,warmup,4952.0,1672.0,8.2797,61.00
19.929,warmup,4952.0,1672.0,8.2797,60.97
20.029,warmup,4952.0,1672.0,8.2797,60.88
20.129,warmup,4952.0,1672.0,8.2797,61.06
20.229,warmup,4952.0,1672.0,8.2797,61.06
20.330,warmup,4952.0,1680.0,8.3194,61.03
20.430,warmup,4952.0,1672.0,8.2797,61.03
20.530,warmup,4952.0,1680.0,8.3194,61.00
20.630,warmup,4952.0,1672.0,8.2797,61.16
20.730,warmup,4952.0,1672.0,8.2797,61.09
20.830,warmup,4952.0,1672.0,8.2797,61.03
20.930,warmup,4952.0,1680.0,8.3194,60.97
21.031,warmup,4952.0,1672.0,8.2797,61.06
21.131,warmup,4952.0,1680.0,8.3194,61.12
21.231,warmup,4952.0,1672.0,8.2797,61.09
21.331,warmup,4952.0,1680.0,8.3194,61.16
21.431,warmup,4952.0,1672.0,8.2797,61.06
21.531,warmup,4952.0,1672.0,8.2797,61.03
21.631,warmup,4952.0,1664.0,8.2401,61.00
21.731,warmup,4952.0,1672.0,8.2797,61.03
21.832,warmup,4952.0,1672.0,8.2797,61.06
21.932,warmup,4952.0,1680.0,8.3194,61.03
22.032,warmup,4952.0,1672.0,8.2797,61.09
22.132,warmup,4952.0,1680.0,8.3194,61.25
22.232,warmup,4952.0,1672.0,8.2797,61.19
22.332,warmup,4952.0,1680.0,8.3194,61.31
22.432,warmup,4952.0,1672.0,8.2797,61.09
22.533,warmup,4952.0,1672.0,8.2797,61.12
22.633,warmup,4952.0,1672.0,8.2797,61.06
22.733,warmup,4952.0,1680.0,8.3194,61.28
22.833,warmup,4952.0,1672.0,8.2797,60.97
22.933,warmup,4952.0,1680.0,8.3194,60.97
23.033,warmup,4952.0,1672.0,8.2797,61.28
23.133,warmup,4952.0,1680.0,8.3194,61.22
23.234,warmup,4952.0,1672.0,8.2797,61.12
23.334,warmup,4952.0,1688.0,8.3590,61.16
23.434,warmup,4952.0,1672.0,8.2797,61.06
23.534,warmup,4952.0,1680.0,8.3194,61.25
23.634,warmup,4952.0,1672.0,8.2797,61.12
23.734,warmup,4952.0,1680.0,8.3194,61.09
23.834,warmup,4952.0,1672.0,8.2797,61.28
23.935,warmup,4952.0,1688.0,8.3590,61.25
24.035,warmup,4952.0,1672.0,8.2797,61.28
24.135,warmup,4952.0,1688.0,8.3590,61.31
24.235,warmup,4952.0,1664.0,8.2401,61.19
24.335,warmup,4952.0,1688.0,8.3590,61.16
24.435,warmup,4952.0,1672.0,8.2797,61.25
24.535,warmup,4952.0,1680.0,8.3194,61.25
24.636,warmup,4952.0,1672.0,8.2797,61.19
24.736,warmup,4952.0,1688.0,8.3590,61.31
24.836,warmup,4952.0,1664.0,8.2401,61.28
24.936,warmup,4952.0,1680.0,8.3194,61.28
25.036,warmup,4952.0,1664.0,8.2401,61.22
25.136,warmup,4952.0,1688.0,8.3590,61.28
25.236,warmup,4952.0,1672.0,8.2797,61.16
25.337,warmup,4952.0,1688.0,8.3590,61.34
25.437,warmup,4952.0,1664.0,8.2401,61.09
25.537,warmup,4952.0,1680.0,8.3194,61.34
25.637,warmup,4952.0,1664.0,8.2401,61.34
25.737,warmup,4952.0,1688.0,8.3590,61.31
25.837,warmup,4952.0,1672.0,8.2797,61.31
25.937,warmup,4952.0,1688.0,8.3590,61.34
26.037,warmup,4952.0,1672.0,8.2797,61.25
26.138,warmup,4952.0,1688.0,8.3590,61.47
26.238,warmup,4952.0,1664.0,8.2401,61.16
26.338,warmup,4952.0,1688.0,8.3590,61.22
26.438,warmup,4952.0,1664.0,8.2401,61.19
26.538,warmup,4952.0,1688.0,8.3590,61.38
26.638,warmup,4952.0,1664.0,8.2401,61.34
26.738,warmup,4952.0,1688.0,8.3590,61.41
26.839,warmup,4952.0,1664.0,8.2401,61.31
26.939,warmup,4952.0,1688.0,8.3590,61.22
27.039,warmup,4952.0,1664.0,8.2401,61.28
27.139,warmup,4952.0,1688.0,8.3590,61.34
27.239,warmup,4952.0,1664.0,8.2401,61.31
27.339,warmup,4952.0,1688.0,8.3590,61.41
27.439,warmup,4952.0,1664.0,8.2401,61.44
27.540,warmup,4952.0,1688.0,8.3590,61.53
27.640,warmup,4952.0,1664.0,8.2401,61.34
27.740,warmup,4952.0,1680.0,8.3194,61.31
27.840,warmup,4952.0,1664.0,8.2401,61.41
27.940,warmup,4952.0,1696.0,8.3986,61.50
28.040,warmup,4952.0,1664.0,8.2401,61.16
28.140,warmup,4952.0,1688.0,8.3590,61.31
28.241,warmup,4952.0,1664.0,8.2401,61.44
28.341,warmup,4952.0,1688.0,8.3590,61.50
28.441,warmup,4952.0,1664.0,8.2401,61.47
28.541,warmup,4952.0,1688.0,8.3590,61.38
28.641,warmup,4952.0,1664.0,8.2401,61.34
28.741,warmup,4952.0,1688.0,8.3590,61.47
28.841,warmup,4952.0,1664.0,8.2401,61.34
28.942,warmup,4952.0,1688.0,8.3590,61.56
29.042,warmup,4952.0,1664.0,8.2401,61.31
29.142,warmup,4952.0,1688.0,8.3590,61.41
29.242,warmup,4952.0,1664.0,8.2401,61.56
29.342,warmup,4952.0,1688.0,8.3590,61.53
29.442,warmup,4952.0,1664.0,8.2401,61.47
29.542,warmup,4952.0,1696.0,8.3986,61.47
29.643,warmup,4952.0,1664.0,8.2401,61.41
29.743,warmup,4952.0,1696.0,8.3986,61.38
29.843,warmup,4952.0,1664.0,8.2401,61.41
29.943,warmup,4952.0,1696.0,8.3986,61.69
30.043,warmup,4952.0,1664.0,8.2401,61.31
30.143,warmup,4952.0,1696.0,8.3986,61.59
30.243,warmup,4952.0,1664.0,8.2401,61.56
30.344,warmup,4952.0,1688.0,8.3590,61.47
30.444,warmup,4952.0,1656.0,8.2005,61.44
30.544,warmup,4952.0,1688.0,8.3590,61.50
30.644,warmup,4952.0,1664.0,8.2401,61.41
30.744,warmup,4952.0,1688.0,8.3590,61.53
30.844,warmup,4952.0,1656.0,8.2005,61.34
30.944,warmup,4952.0,1696.0,8.3986,61.75
31.045,warmup,4952.0,1656.0,8.2005,61.50
31.145,warmup,4952.0,1688.0,8.3590,61.50
31.245,warmup,4952.0,1656.0,8.2005,61.59
31.345,warmup,4952.0,1688.0,8.3590,61.69
31.445,warmup,4952.0,1656.0,8.2005,61.38
31.545,warmup,4952.0,1688.0,8.3590,61.44
31.645,warmup,4952.0,1664.0,8.2401,61.56
31.746,warmup,4952.0,1696.0,8.3986,61.41
31.846,warmup,4952.0,1664.0,8.2401,61.41
31.946,warmup,4952.0,1696.0,8.3986,61.56
32.046,warmup,4952.0,1656.0,8.2005,61.59
32.146,warmup,4952.0,1696.0,8.3986,61.62
32.246,warmup,4952.0,1656.0,8.2005,61.47
32.346,warmup,4952.0,1672.0,8.2797,61.47
32.447,warmup,4952.0,1656.0,8.2005,61.47
32.547,warmup,4952.0,1680.0,8.3194,61.53
32.647,warmup,4952.0,1664.0,8.2401,61.44
32.747,warmup,4952.0,1704.0,8.4382,61.78
32.847,warmup,4952.0,1664.0,8.2401,61.41
32.947,warmup,4952.0,1704.0,8.4382,61.44
33.048,warmup,4952.0,1664.0,8.2401,61.62
33.148,warmup,4952.0,1696.0,8.3986,61.56
33.248,warmup,4952.0,1664.0,8.2401,61.47
33.348,warmup,4952.0,1696.0,8.3986,61.59
33.448,warmup,4952.0,1656.0,8.2005,61.50
33.548,warmup,4952.0,1696.0,8.3986,61.50
33.648,warmup,4952.0,1664.0,8.2401,61.44
33.749,warmup,4952.0,1696.0,8.3986,61.50
33.849,warmup,4952.0,1664.0,8.2401,61.44
33.949,warmup,4952.0,1696.0,8.3986,61.75
34.049,warmup,4952.0,1664.0,8.2401,61.69
34.149,warmup,4952.0,1696.0,8.3986,61.81
34.249,warmup,4952.0,1664.0,8.2401,61.53
34.349,warmup,4952.0,1688.0,8.3590,61.56
34.450,warmup,4952.0,1664.0,8.2401,61.56
34.550,warmup,4952.0,1696.0,8.3986,61.69
34.650,warmup,4952.0,1664.0,8.2401,61.47
34.750,warmup,4952.0,1696.0,8.3986,61.91
34.850,warmup,4952.0,1664.0,8.2401,61.75
34.950,warmup,4952.0,1696.0,8.3986,61.62
35.050,warmup,4952.0,1664.0,8.2401,61.62
35.151,warmup,4952.0,1696.0,8.3986,61.59
35.251,warmup,4952.0,1664.0,8.2401,61.53
35.351,warmup,4952.0,1696.0,8.3986,61.62
35.451,warmup,4952.0,1664.0,8.2401,61.47
35.551,warmup,4952.0,1696.0,8.3986,61.72
35.651,warmup,4952.0,1664.0,8.2401,61.59
35.751,warmup,4952.0,1680.0,8.3194,61.56
35.852,warmup,4952.0,1664.0,8.2401,61.72
35.952,warmup,4952.0,1696.0,8.3986,61.81
36.052,warmup,4952.0,1664.0,8.2401,61.62
36.152,warmup,4952.0,1688.0,8.3590,61.94
36.252,warmup,4952.0,1672.0,8.2797,61.69
36.353,warmup,4952.0,1688.0,8.3590,61.50
36.453,warmup,4952.0,1664.0,8.2401,61.56
36.553,warmup,4952.0,1688.0,8.3590,61.56
36.653,warmup,4952.0,1672.0,8.2797,61.53
36.753,warmup,4952.0,1688.0,8.3590,61.75
36.853,warmup,4952.0,1664.0,8.2401,61.72
36.954,warmup,4952.0,1688.0,8.3590,61.75
37.054,warmup,4952.0,1664.0,8.2401,61.66
37.154,warmup,4952.0,1688.0,8.3590,61.72
37.254,warmup,4952.0,1656.0,8.2005,61.72
37.354,warmup,4952.0,1688.0,8.3590,61.75
37.454,warmup,4952.0,1664.0,8.2401,61.62
37.554,warmup,4952.0,1688.0,8.3590,61.84
37.655,warmup,4952.0,1672.0,8.2797,61.84
37.755,warmup,4952.0,1688.0,8.3590,61.75
37.855,warmup,4952.0,1672.0,8.2797,61.88
37.955,warmup,4952.0,1688.0,8.3590,61.88
38.055,warmup,4952.0,1672.0,8.2797,61.66
38.155,warmup,4952.0,1688.0,8.3590,61.59
38.255,warmup,4952.0,1672.0,8.2797,61.72
38.356,warmup,4952.0,1688.0,8.3590,61.62
38.456,warmup,4952.0,1672.0,8.2797,61.62
38.556,warmup,4952.0,1688.0,8.3590,61.84
38.656,warmup,4952.0,1672.0,8.2797,61.78
38.756,warmup,4952.0,1688.0,8.3590,61.78
38.856,warmup,4952.0,1672.0,8.2797,61.78
38.956,warmup,4952.0,1688.0,8.3590,61.78
39.057,warmup,4952.0,1680.0,8.3194,61.84
39.157,warmup,4952.0,1696.0,8.3986,61.78
39.257,warmup,4952.0,1680.0,8.3194,61.88
39.357,warmup,4952.0,1696.0,8.3986,61.88
39.457,warmup,4952.0,1680.0,8.3194,61.81
39.557,warmup,4952.0,1696.0,8.3986,61.84
39.657,warmup,4952.0,1680.0,8.3194,61.88
39.758,warmup,4952.0,1696.0,8.3986,61.75
39.858,warmup,4952.0,1680.0,8.3194,61.75
39.958,warmup,4952.0,1688.0,8.3590,61.97
40.058,warmup,4952.0,1680.0,8.3194,61.78
40.158,warmup,4952.0,1688.0,8.3590,61.78
40.258,warmup,4952.0,1672.0,8.2797,61.78
40.358,warmup,4952.0,1688.0,8.3590,61.94
40.459,warmup,4952.0,1680.0,8.3194,61.88
40.559,warmup,4952.0,1688.0,8.3590,61.88
40.659,warmup,4952.0,1680.0,8.3194,61.81
40.759,warmup,4952.0,1688.0,8.3590,61.88
40.859,warmup,4952.0,1680.0,8.3194,61.81
40.959,warmup,4952.0,1688.0,8.3590,62.00
41.059,warmup,4952.0,1680.0,8.3194,61.88
41.159,warmup,4952.0,1688.0,8.3590,61.81
41.260,warmup,4952.0,1680.0,8.3194,61.94
41.360,warmup,4952.0,1680.0,8.3194,62.00
41.460,warmup,4952.0,1680.0,8.3194,61.88
41.560,warmup,4952.0,1688.0,8.3590,61.81
41.660,warmup,4952.0,1680.0,8.3194,62.06
41.760,warmup,4952.0,1680.0,8.3194,61.81
41.860,warmup,4952.0,1672.0,8.2797,61.75
41.961,warmup,4952.0,1688.0,8.3590,61.78
42.061,warmup,4952.0,1688.0,8.3590,61.75
42.161,warmup,4952.0,1680.0,8.3194,61.94
42.261,warmup,4952.0,1680.0,8.3194,61.88
42.361,warmup,4952.0,1680.0,8.3194,62.03
42.461,warmup,4952.0,1656.0,8.2005,61.88
42.561,warmup,4952.0,1680.0,8.3194,61.88
42.662,warmup,4952.0,1648.0,8.1609,61.88
42.762,warmup,4952.0,1680.0,8.3194,62.09
42.862,warmup,4952.0,1656.0,8.2005,61.81
42.962,warmup,4952.0,1696.0,8.3986,61.78
43.062,warmup,4952.0,1696.0,8.3986,62.06
43.162,warmup,4952.0,1696.0,8.3986,61.94
43.262,warmup,4952.0,1696.0,8.3986,61.91
43.363,warmup,4952.0,1688.0,8.3590,61.84
43.463,warmup,4952.0,1688.0,8.3590,61.91
43.563,warmup,4952.0,1688.0,8.3590,61.88
43.663,warmup,4952.0,1688.0,8.3590,61.91
43.763,warmup,4952.0,1680.0,8.3194,61.84
43.863,warmup,4952.0,1688.0,8.3590,61.84
43.963,warmup,4952.0,1680.0,8.3194,62.06
44.063,warmup,4952.0,1688.0,8.3590,61.97
44.164,warmup,4952.0,1680.0,8.3194,62.03
44.264,warmup,4952.0,1688.0,8.3590,61.94
44.364,warmup,4952.0,1680.0,8.3194,61.88
44.464,warmup,4952.0,1680.0,8.3194,62.03
44.564,warmup,4952.0,1680.0,8.3194,61.94
44.664,warmup,4952.0,1680.0,8.3194,61.84
44.764,warmup,4952.0,1680.0,8.3194,61.97
44.865,warmup,4952.0,1688.0,8.3590,62.06
44.965,warmup,4952.0,1680.0,8.3194,62.06
45.065,warmup,4952.0,1688.0,8.3590,62.06
45.165,warmup,4952.0,1680.0,8.3194,61.94
45.265,warmup,4952.0,1688.0,8.3590,62.00
45.365,warmup,4952.0,1680.0,8.3194,61.91
45.465,warmup,4952.0,1688.0,8.3590,61.88
45.566,warmup,4952.0,1680.0,8.3194,61.88
45.666,warmup,4952.0,1688.0,8.3590,61.94
45.766,warmup,4952.0,1680.0,8.3194,62.09
45.866,warmup,4952.0,1688.0,8.3590,62.09
45.966,warmup,4952.0,1672.0,8.2797,62.12
46.066,warmup,4952.0,1688.0,8.3590,62.00
46.166,warmup,4952.0,1680.0,8.3194,62.06
46.267,warmup,4952.0,1688.0,8.3590,62.09
46.367,warmup,4952.0,1672.0,8.2797,62.00
46.467,warmup,4952.0,1688.0,8.3590,62.22
46.567,warmup,4952.0,1680.0,8.3194,62.03
46.667,warmup,4952.0,1688.0,8.3590,61.88
46.767,warmup,4952.0,1672.0,8.2797,62.12
46.867,warmup,4952.0,1688.0,8.3590,62.12
46.968,warmup,4952.0,1672.0,8.2797,61.97
47.068,warmup,4952.0,1688.0,8.3590,62.09
47.168,warmup,4952.0,1672.0,8.2797,61.97
47.268,warmup,4952.0,1688.0,8.3590,62.03
47.368,warmup,4952.0,1672.0,8.2797,61.91
47.468,warmup,4952.0,1688.0,8.3590,62.00
47.568,warmup,4952.0,1672.0,8.2797,62.03
47.669,warmup,4952.0,1688.0,8.3590,62.19
47.769,warmup,4952.0,1672.0,8.2797,62.12
47.869,warmup,4952.0,1688.0,8.3590,62.31
47.969,warmup,4952.0,1672.0,8.2797,62.03
48.069,warmup,4952.0,1688.0,8.3590,62.06
48.169,warmup,4952.0,1672.0,8.2797,62.00
48.269,warmup,4952.0,1680.0,8.3194,62.19
48.370,warmup,4952.0,1672.0,8.2797,61.94
48.470,warmup,4952.0,1672.0,8.2797,61.97
48.570,warmup,4952.0,1680.0,8.3194,62.22
48.670,warmup,4952.0,1696.0,8.3986,62.22
48.770,warmup,4952.0,1680.0,8.3194,62.12
48.870,warmup,4952.0,1696.0,8.3986,62.16
48.970,warmup,4952.0,1672.0,8.2797,62.09
49.071,warmup,4952.0,1696.0,8.3986,62.16
49.171,warmup,4952.0,1672.0,8.2797,61.97
49.271,warmup,4952.0,1688.0,8.3590,62.06
49.371,warmup,4952.0,1672.0,8.2797,62.06
49.471,warmup,4952.0,1688.0,8.3590,62.12
49.571,warmup,4952.0,1672.0,8.2797,62.25
49.672,warmup,4952.0,1696.0,8.3986,62.22
49.772,warmup,4952.0,1672.0,8.2797,62.09
49.872,warmup,4952.0,1696.0,8.3986,62.09
49.972,warmup,4952.0,1672.0,8.2797,62.12
50.072,warmup,4952.0,1688.0,8.3590,62.06
50.172,warmup,4952.0,1672.0,8.2797,62.12
50.272,warmup,4952.0,1696.0,8.3986,62.44
50.373,warmup,4952.0,1672.0,8.2797,61.97
50.473,warmup,4952.0,1688.0,8.3590,62.25
50.573,warmup,4952.0,1664.0,8.2401,62.25
50.673,warmup,4952.0,1688.0,8.3590,62.19
50.773,warmup,4952.0,1664.0,8.2401,62.16
50.873,warmup,4952.0,1688.0,8.3590,62.28
50.973,warmup,4952.0,1664.0,8.2401,62.12
51.074,warmup,4952.0,1688.0,8.3590,62.38
51.174,warmup,4952.0,1664.0,8.2401,62.12
51.274,warmup,4952.0,1696.0,8.3986,62.19
51.374,warmup,4952.0,1672.0,8.2797,62.25
51.474,warmup,4952.0,1696.0,8.3986,62.25
51.574,warmup,4952.0,1672.0,8.2797,62.19
51.674,warmup,4952.0,1696.0,8.3986,62.44
51.775,warmup,4952.0,1664.0,8.2401,62.06
51.875,warmup,4952.0,1696.0,8.3986,62.16
51.975,warmup,4952.0,1664.0,8.2401,62.16
52.075,warmup,4952.0,1688.0,8.3590,62.16
52.175,warmup,4952.0,1664.0,8.2401,62.06
52.275,warmup,4952.0,1680.0,8.3194,62.28
52.375,warmup,4952.0,1664.0,8.2401,62.28
52.476,warmup,4952.0,1696.0,8.3986,62.38
52.576,warmup,4952.0,1664.0,8.2401,62.25
52.676,warmup,4952.0,1688.0,8.3590,62.22
52.776,warmup,4952.0,1664.0,8.2401,62.12
52.876,warmup,4952.0,1688.0,8.3590,62.34
52.976,warmup,4952.0,1664.0,8.2401,62.16
53.076,warmup,4952.0,1696.0,8.3986,62.38
53.177,warmup,4952.0,1664.0,8.2401,62.16
53.277,warmup,4952.0,1688.0,8.3590,62.22
53.377,warmup,4952.0,1664.0,8.2401,62.31
53.477,warmup,4952.0,1696.0,8.3986,62.41
53.577,warmup,4952.0,1664.0,8.2401,62.19
53.677,warmup,4952.0,1688.0,8.3590,62.31
53.777,warmup,4952.0,1656.0,8.2005,62.12
53.878,warmup,4952.0,1688.0,8.3590,62.22
53.978,warmup,4952.0,1656.0,8.2005,62.09
54.078,warmup,4952.0,1696.0,8.3986,62.34
54.178,warmup,4952.0,1664.0,8.2401,62.25
54.278,warmup,4952.0,1696.0,8.3986,62.34
54.378,warmup,4952.0,1664.0,8.2401,62.22
54.478,warmup,4952.0,1696.0,8.3986,62.50
54.579,warmup,4952.0,1664.0,8.2401,62.19
54.679,warmup,4952.0,1688.0,8.3590,62.16
54.779,warmup,4952.0,1664.0,8.2401,62.25
54.879,warmup,4952.0,1704.0,8.4382,62.44
54.979,warmup,4952.0,1664.0,8.2401,62.19
55.079,warmup,4952.0,1704.0,8.4382,62.34
55.180,warmup,4952.0,1664.0,8.2401,62.31
55.280,warmup,4952.0,1696.0,8.3986,62.31
55.380,warmup,4952.0,1664.0,8.2401,62.25
55.480,warmup,4952.0,1704.0,8.4382,62.34
55.580,warmup,4952.0,1664.0,8.2401,62.25
55.680,warmup,4952.0,1704.0,8.4382,62.38
55.780,warmup,4952.0,1664.0,8.2401,62.19
55.881,warmup,4952.0,1696.0,8.3986,62.44
55.981,warmup,4952.0,1664.0,8.2401,62.31
56.081,warmup,4952.0,1704.0,8.4382,62.31
56.181,warmup,4952.0,1664.0,8.2401,62.34
56.281,warmup,4952.0,1688.0,8.3590,62.41
56.381,warmup,4952.0,1672.0,8.2797,62.25
56.481,warmup,4952.0,1704.0,8.4382,62.59
56.582,warmup,4952.0,1672.0,8.2797,62.25
56.682,warmup,4952.0,1704.0,8.4382,62.34
56.782,warmup,4952.0,1672.0,8.2797,62.28
56.882,warmup,4952.0,1696.0,8.3986,62.53
56.982,warmup,4952.0,1664.0,8.2401,62.38
57.082,warmup,4952.0,1696.0,8.3986,62.31
57.183,warmup,4952.0,1664.0,8.2401,62.31
57.283,warmup,4952.0,1696.0,8.3986,62.38
57.383,warmup,4952.0,1664.0,8.2401,62.22
57.483,warmup,4952.0,1696.0,8.3986,62.38
57.583,warmup,4952.0,1664.0,8.2401,62.22
57.683,warmup,4952.0,1696.0,8.3986,62.56
57.783,warmup,4952.0,1672.0,8.2797,62.44
57.884,warmup,4952.0,1696.0,8.3986,62.69
57.984,warmup,4952.0,1672.0,8.2797,62.38
58.084,warmup,4952.0,1696.0,8.3986,62.47
58.184,warmup,4952.0,1672.0,8.2797,62.31
58.284,warmup,4952.0,1696.0,8.3986,62.56
58.384,warmup,4952.0,1672.0,8.2797,62.25
58.484,warmup,4952.0,1696.0,8.3986,62.31
58.585,warmup,4952.0,1672.0,8.2797,62.44
58.685,warmup,4952.0,1696.0,8.3986,62.38
58.785,warmup,4952.0,1672.0,8.2797,62.44
58.885,warmup,4952.0,1696.0,8.3986,62.38
58.985,warmup,4952.0,1672.0,8.2797,62.34
59.085,warmup,4952.0,1696.0,8.3986,62.38
59.185,warmup,4952.0,1672.0,8.2797,62.34
59.286,warmup,4952.0,1696.0,8.3986,62.38
59.386,warmup,4952.0,1672.0,8.2797,62.41
59.486,warmup,4952.0,1696.0,8.3986,62.50
59.586,warmup,4952.0,1672.0,8.2797,62.56
59.686,warmup,4952.0,1696.0,8.3986,62.59
59.787,warmup,4952.0,1672.0,8.2797,62.47
59.887,warmup,4952.0,1696.0,8.3986,62.38
59.987,warmup,4952.0,1680.0,8.3194,62.50
60.087,warmup,4952.0,1696.0,8.3986,62.31
60.187,warmup,4952.0,1680.0,8.3194,62.31
60.287,warmup,4952.0,1696.0,8.3986,62.78
60.387,measure,4952.0,1648.0,8.1609,62.31
60.488,measure,4952.0,1672.0,8.2797,62.44
60.588,measure,4952.0,1656.0,8.2005,62.53
60.688,measure,4952.0,1664.0,8.2401,62.50
60.788,measure,4952.0,1664.0,8.2401,62.47
60.888,measure,4952.0,1696.0,8.3986,62.44
60.988,measure,4952.0,1688.0,8.3590,62.34
61.089,measure,4952.0,1712.0,8.4778,62.69
61.189,measure,4952.0,1688.0,8.3590,62.34
61.289,measure,4952.0,1712.0,8.4778,62.31
61.389,measure,4952.0,1688.0,8.3590,62.53
61.489,measure,4952.0,1704.0,8.4382,62.50
61.590,measure,4952.0,1680.0,8.3194,62.47
61.690,measure,4952.0,1704.0,8.4382,62.72
61.790,measure,4952.0,1680.0,8.3194,62.38
61.890,measure,4952.0,1704.0,8.4382,62.44
61.990,measure,4952.0,1680.0,8.3194,62.41
62.090,measure,4952.0,1704.0,8.4382,62.41
62.190,measure,4952.0,1680.0,8.3194,62.34
62.291,measure,4952.0,1704.0,8.4382,62.44
62.391,measure,4952.0,1680.0,8.3194,62.56
62.491,measure,4952.0,1704.0,8.4382,62.56
62.591,measure,4952.0,1672.0,8.2797,62.50
62.691,measure,4952.0,1704.0,8.4382,62.75
62.791,measure,4952.0,1688.0,8.3590,62.50
62.891,measure,4952.0,1696.0,8.3986,62.50
62.992,measure,4952.0,1672.0,8.2797,62.38
63.092,measure,4952.0,1696.0,8.3986,62.75
63.192,measure,4952.0,1680.0,8.3194,62.47
63.292,measure,4952.0,1696.0,8.3986,62.62
63.392,measure,4952.0,1680.0,8.3194,62.69
63.492,measure,4952.0,1696.0,8.3986,62.66
63.592,measure,4952.0,1672.0,8.2797,62.47
63.693,measure,4952.0,1688.0,8.3590,62.41
63.793,measure,4952.0,1672.0,8.2797,62.50
63.893,measure,4952.0,1688.0,8.3590,62.38
63.993,measure,4952.0,1672.0,8.2797,62.47
64.093,measure,4952.0,1680.0,8.3194,62.44
64.193,measure,4952.0,1672.0,8.2797,62.69
64.293,measure,4952.0,1680.0,8.3194,62.59
64.394,measure,4952.0,1672.0,8.2797,62.59
64.494,measure,4952.0,1680.0,8.3194,62.66
64.594,measure,4952.0,1672.0,8.2797,62.53
64.694,measure,4952.0,1680.0,8.3194,62.53
64.794,measure,4952.0,1672.0,8.2797,62.66
64.894,measure,4952.0,1680.0,8.3194,62.66
64.994,measure,4952.0,1672.0,8.2797,62.38
65.095,measure,4952.0,1688.0,8.3590,62.44
65.195,measure,4952.0,1680.0,8.3194,62.72
65.295,measure,4952.0,1688.0,8.3590,62.59
65.395,measure,4952.0,1680.0,8.3194,62.47
65.495,measure,4952.0,1680.0,8.3194,62.59
65.595,measure,4952.0,1680.0,8.3194,62.56
65.695,measure,4952.0,1680.0,8.3194,62.50
65.796,measure,4952.0,1680.0,8.3194,62.50
65.896,measure,4952.0,1680.0,8.3194,62.56
65.996,measure,4952.0,1672.0,8.2797,62.53
66.096,measure,4952.0,1680.0,8.3194,62.66
66.196,measure,4952.0,1656.0,8.2005,62.62
66.296,measure,4952.0,1680.0,8.3194,62.72
66.396,measure,4952.0,1656.0,8.2005,62.56
66.497,measure,4952.0,1680.0,8.3194,62.81
66.597,measure,4952.0,1664.0,8.2401,62.56
66.697,measure,4952.0,1688.0,8.3590,62.53
66.797,measure,4952.0,1696.0,8.3986,62.47
66.897,measure,4952.0,1688.0,8.3590,62.66
66.997,measure,4952.0,1688.0,8.3590,62.69
67.097,measure,4952.0,1688.0,8.3590,62.75
67.198,measure,4952.0,1680.0,8.3194,62.69
67.298,measure,4952.0,1680.0,8.3194,62.62
67.398,measure,4952.0,1680.0,8.3194,62.59
67.498,measure,4952.0,1680.0,8.3194,62.62
67.598,measure,4952.0,1680.0,8.3194,62.50
67.698,measure,4952.0,1680.0,8.3194,62.62
67.798,measure,4952.0,1672.0,8.2797,62.56
67.899,measure,4952.0,1680.0,8.3194,62.75
67.999,measure,4952.0,1688.0,8.3590,62.72
68.099,measure,4952.0,1680.0,8.3194,62.59
68.199,measure,4952.0,1688.0,8.3590,62.84
68.299,measure,4952.0,1680.0,8.3194,62.72
68.399,measure,4952.0,1680.0,8.3194,62.53
68.499,measure,4952.0,1680.0,8.3194,62.59
68.600,measure,4952.0,1680.0,8.3194,62.84
68.700,measure,4952.0,1680.0,8.3194,62.56
68.800,measure,4952.0,1680.0,8.3194,62.56
68.900,measure,4952.0,1680.0,8.3194,62.75
69.000,measure,4952.0,1688.0,8.3590,62.69
69.100,measure,4952.0,1680.0,8.3194,62.62
69.200,measure,4952.0,1688.0,8.3590,62.66
69.301,measure,4952.0,1680.0,8.3194,62.59
69.401,measure,4952.0,1688.0,8.3590,62.72
69.501,measure,4952.0,1680.0,8.3194,62.62
69.601,measure,4952.0,1688.0,8.3590,62.88
69.701,measure,4952.0,1680.0,8.3194,62.66
69.801,measure,4952.0,1688.0,8.3590,62.66
69.901,measure,4952.0,1680.0,8.3194,62.81
70.002,measure,4952.0,1688.0,8.3590,62.84
70.102,measure,4952.0,1680.0,8.3194,62.69
70.202,measure,4952.0,1688.0,8.3590,62.62
70.302,measure,4952.0,1680.0,8.3194,62.84
70.402,measure,4952.0,1688.0,8.3590,62.62
70.502,measure,4952.0,1680.0,8.3194,62.56
70.602,measure,4952.0,1688.0,8.3590,62.69
70.703,measure,4952.0,1672.0,8.2797,62.75
70.803,measure,4952.0,1664.0,8.2401,62.72
70.903,measure,4952.0,1680.0,8.3194,62.75
71.003,measure,4952.0,1648.0,8.1609,62.69
71.103,measure,4952.0,1672.0,8.2797,62.81
71.203,measure,4952.0,1640.0,8.1213,62.59
71.303,measure,4952.0,1680.0,8.3194,63.00
71.404,measure,4952.0,1664.0,8.2401,62.78
71.504,measure,4952.0,1696.0,8.3986,62.81
71.604,measure,4952.0,1704.0,8.4382,62.81
71.704,measure,4952.0,1696.0,8.3986,62.84
71.804,measure,4952.0,1704.0,8.4382,62.84
71.904,measure,4952.0,1688.0,8.3590,62.72
72.004,measure,4952.0,1696.0,8.3986,62.97
72.105,measure,4952.0,1680.0,8.3194,62.66
72.205,measure,4952.0,1696.0,8.3986,62.66
72.305,measure,4952.0,1680.0,8.3194,62.62
72.405,measure,4952.0,1688.0,8.3590,62.69
72.505,measure,4952.0,1680.0,8.3194,62.81
72.605,measure,4952.0,1688.0,8.3590,62.75
72.705,measure,4952.0,1672.0,8.2797,62.78
72.806,measure,4952.0,1688.0,8.3590,62.88
72.906,measure,4952.0,1672.0,8.2797,62.72
73.006,measure,4952.0,1688.0,8.3590,62.81
73.106,measure,4952.0,1672.0,8.2797,62.72
73.206,measure,4952.0,1688.0,8.3590,62.91
73.306,measure,4952.0,1672.0,8.2797,62.56
73.406,measure,4952.0,1688.0,8.3590,63.06
73.506,measure,4952.0,1672.0,8.2797,62.81
73.607,measure,4952.0,1688.0,8.3590,62.78
73.707,measure,4952.0,1672.0,8.2797,62.69
73.807,measure,4952.0,1688.0,8.3590,62.75
73.907,measure,4952.0,1664.0,8.2401,62.75
74.007,measure,4952.0,1688.0,8.3590,62.81
74.107,measure,4952.0,1672.0,8.2797,62.69
74.207,measure,4952.0,1688.0,8.3590,62.72
74.308,measure,4952.0,1664.0,8.2401,62.84
74.408,measure,4952.0,1688.0,8.3590,62.81
74.508,measure,4952.0,1664.0,8.2401,62.84
74.608,measure,4952.0,1688.0,8.3590,62.94
74.708,measure,4952.0,1664.0,8.2401,62.75
74.808,measure,4952.0,1688.0,8.3590,63.09
74.908,measure,4952.0,1664.0,8.2401,62.78
75.009,measure,4952.0,1688.0,8.3590,62.78
75.109,measure,4952.0,1664.0,8.2401,62.97
75.209,measure,4952.0,1688.0,8.3590,63.00
75.309,measure,4952.0,1664.0,8.2401,62.91
75.409,measure,4952.0,1688.0,8.3590,62.84
75.509,measure,4952.0,1664.0,8.2401,62.84
75.609,measure,4952.0,1688.0,8.3590,62.78
75.710,measure,4952.0,1664.0,8.2401,62.72
75.810,measure,4952.0,1696.0,8.3986,62.84
75.910,measure,4952.0,1672.0,8.2797,62.81
76.010,measure,4952.0,1696.0,8.3986,62.84
76.110,measure,4952.0,1664.0,8.2401,62.91
76.210,measure,4952.0,1688.0,8.3590,63.09
76.310,measure,4952.0,1664.0,8.2401,62.91
76.411,measure,4952.0,1688.0,8.3590,62.84
76.511,measure,4952.0,1664.0,8.2401,62.84
76.611,measure,4952.0,1696.0,8.3986,63.00
76.711,measure,4952.0,1664.0,8.2401,62.81
76.811,measure,4952.0,1696.0,8.3986,62.72
76.911,measure,4952.0,1664.0,8.2401,62.84
77.011,measure,4952.0,1688.0,8.3590,62.94
77.112,measure,4952.0,1664.0,8.2401,62.97
77.212,measure,4952.0,1696.0,8.3986,63.09
77.312,measure,4952.0,1664.0,8.2401,62.84
77.412,measure,4952.0,1688.0,8.3590,62.84
77.512,measure,4952.0,1664.0,8.2401,62.81
77.612,measure,4952.0,1688.0,8.3590,62.84
77.712,measure,4952.0,1664.0,8.2401,62.78
77.813,measure,4952.0,1688.0,8.3590,62.91
77.913,measure,4952.0,1656.0,8.2005,62.88
78.013,measure,4952.0,1688.0,8.3590,62.94
78.113,measure,4952.0,1664.0,8.2401,62.91
78.213,measure,4952.0,1688.0,8.3590,63.25
78.313,measure,4952.0,1656.0,8.2005,62.84
78.413,measure,4952.0,1688.0,8.3590,63.03
78.514,measure,4952.0,1656.0,8.2005,62.78
78.614,measure,4952.0,1688.0,8.3590,63.16
78.714,measure,4952.0,1656.0,8.2005,62.78
78.814,measure,4952.0,1688.0,8.3590,62.88
78.914,measure,4952.0,1656.0,8.2005,62.94
79.014,measure,4952.0,1696.0,8.3986,62.91
79.114,measure,4952.0,1664.0,8.2401,62.84
79.215,measure,4952.0,1696.0,8.3986,62.94
79.315,measure,4952.0,1664.0,8.2401,62.81
79.415,measure,4952.0,1696.0,8.3986,63.06
79.515,measure,4952.0,1656.0,8.2005,62.81
79.615,measure,4952.0,1696.0,8.3986,62.97
79.715,measure,4952.0,1656.0,8.2005,62.84
79.815,measure,4952.0,1688.0,8.3590,63.03
79.916,measure,4952.0,1656.0,8.2005,63.09
80.016,measure,4952.0,1696.0,8.3986,63.12
80.116,measure,4952.0,1656.0,8.2005,62.88
80.216,measure,4952.0,1696.0,8.3986,62.88
80.316,measure,4952.0,1656.0,8.2005,62.88
80.416,measure,4952.0,1688.0,8.3590,62.94
80.517,measure,4952.0,1656.0,8.2005,62.78
80.617,measure,4952.0,1696.0,8.3986,63.00
80.717,measure,4952.0,1656.0,8.2005,63.03
80.817,measure,4952.0,1696.0,8.3986,63.06
80.917,measure,4952.0,1656.0,8.2005,62.88
81.017,measure,4952.0,1696.0,8.3986,63.00
81.117,measure,4952.0,1656.0,8.2005,62.84
81.218,measure,4952.0,1696.0,8.3986,63.06
81.318,measure,4952.0,1664.0,8.2401,62.84
81.418,measure,4952.0,1696.0,8.3986,63.06
81.518,measure,4952.0,1664.0,8.2401,62.88
81.618,measure,4952.0,1696.0,8.3986,63.00
81.718,measure,4952.0,1664.0,8.2401,63.00
81.818,measure,4952.0,1696.0,8.3986,63.16
81.919,measure,4952.0,1664.0,8.2401,62.88
82.019,measure,4952.0,1704.0,8.4382,63.22
82.119,measure,4952.0,1672.0,8.2797,62.94
82.219,measure,4952.0,1696.0,8.3986,62.94
82.319,measure,4952.0,1664.0,8.2401,62.84
82.419,measure,4952.0,1704.0,8.4382,63.00
82.520,measure,4952.0,1672.0,8.2797,62.94
82.620,measure,4952.0,1704.0,8.4382,63.06
82.720,measure,4952.0,1672.0,8.2797,63.03
82.820,measure,4952.0,1696.0,8.3986,63.19
82.920,measure,4952.0,1664.0,8.2401,62.97
83.020,measure,4952.0,1696.0,8.3986,62.91
83.120,measure,4952.0,1664.0,8.2401,62.97
83.221,measure,4952.0,1696.0,8.3986,63.12
83.321,measure,4952.0,1664.0,8.2401,62.81
83.421,measure,4952.0,1696.0,8.3986,63.28
83.521,measure,4952.0,1664.0,8.2401,62.97
83.621,measure,4952.0,1688.0,8.3590,63.12
83.721,measure,4952.0,1664.0,8.2401,63.00
83.821,measure,4952.0,1688.0,8.3590,62.94
83.922,measure,4952.0,1664.0,8.2401,62.84
84.022,measure,4952.0,1696.0,8.3986,63.00
84.122,measure,4952.0,1672.0,8.2797,62.84
84.222,measure,4952.0,1688.0,8.3590,62.94
84.322,measure,4952.0,1672.0,8.2797,62.91
84.422,measure,4952.0,1696.0,8.3986,63.09
84.522,measure,4952.0,1664.0,8.2401,63.16
84.623,measure,4952.0,1680.0,8.3194,63.09
84.723,measure,4952.0,1656.0,8.2005,63.03
84.823,measure,4952.0,1680.0,8.3194,63.22
84.923,measure,4952.0,1656.0,8.2005,62.94
85.023,measure,4952.0,1688.0,8.3590,63.03
85.123,measure,4952.0,1664.0,8.2401,63.09
85.223,measure,4952.0,1680.0,8.3194,63.19
85.324,measure,4952.0,1664.0,8.2401,62.84
85.424,measure,4952.0,1672.0,8.2797,63.03
85.524,measure,4952.0,1664.0,8.2401,63.03
85.624,measure,4952.0,1664.0,8.2401,63.00
85.724,measure,4952.0,1672.0,8.2797,63.12
85.824,measure,4952.0,1656.0,8.2005,62.97
85.924,measure,4952.0,1680.0,8.3194,62.88
86.025,measure,4952.0,1696.0,8.3986,63.12
86.125,measure,4952.0,1688.0,8.3590,62.88
86.225,measure,4952.0,1720.0,8.5174,63.16
86.325,measure,4952.0,1704.0,8.4382,63.06
86.425,measure,4952.0,1712.0,8.4778,63.12
86.525,measure,4952.0,1696.0,8.3986,63.16
86.625,measure,4952.0,1704.0,8.4382,63.12
86.726,measure,4952.0,1688.0,8.3590,63.03
86.826,measure,4952.0,1704.0,8.4382,63.34
86.926,measure,4952.0,1688.0,8.3590,63.22
87.026,measure,4952.0,1696.0,8.3986,62.97
87.126,measure,4952.0,1680.0,8.3194,62.88
87.226,measure,4952.0,1696.0,8.3986,63.22
87.326,measure,4952.0,1680.0,8.3194,63.03
87.427,measure,4952.0,1688.0,8.3590,63.00
87.527,measure,4952.0,1680.0,8.3194,63.00
87.627,measure,4952.0,1688.0,8.3590,63.00
87.727,measure,4952.0,1680.0,8.3194,63.09
87.827,measure,4952.0,1688.0,8.3590,62.97
87.927,measure,4952.0,1664.0,8.2401,63.12
88.027,measure,4952.0,1680.0,8.3194,63.16
88.128,measure,4952.0,1648.0,8.1609,62.91
88.228,measure,4952.0,1664.0,8.2401,63.22
88.328,measure,4952.0,1656.0,8.2005,63.12
88.428,measure,4952.0,1696.0,8.3986,63.19
88.528,measure,4952.0,1688.0,8.3590,63.06
88.628,measure,4952.0,1704.0,8.4382,63.19
88.728,measure,4952.0,1696.0,8.3986,63.19
88.829,measure,4952.0,1696.0,8.3986,62.94
88.929,measure,4952.0,1688.0,8.3590,63.28
89.029,measure,4952.0,1688.0,8.3590,63.22
89.129,measure,4952.0,1688.0,8.3590,63.09
89.229,measure,4952.0,1688.0,8.3590,63.12
89.329,measure,4952.0,1688.0,8.3590,63.09
89.429,measure,4952.0,1688.0,8.3590,63.03
89.530,measure,4952.0,1688.0,8.3590,63.16
89.630,measure,4952.0,1688.0,8.3590,63.03
89.730,measure,4952.0,1688.0,8.3590,63.16
89.830,measure,4952.0,1688.0,8.3590,63.12
89.930,measure,4952.0,1688.0,8.3590,63.34
90.030,measure,4952.0,1688.0,8.3590,63.22
90.130,measure,4952.0,1688.0,8.3590,63.16
90.231,measure,4952.0,1688.0,8.3590,63.00
90.331,measure,4952.0,1688.0,8.3590,63.28
90.431,measure,4952.0,1688.0,8.3590,63.12
90.531,measure,4952.0,1688.0,8.3590,63.03
90.631,measure,4952.0,1688.0,8.3590,63.31
90.731,measure,4952.0,1688.0,8.3590,63.06
90.831,measure,4952.0,1688.0,8.3590,63.22
90.931,measure,4952.0,1688.0,8.3590,63.12
91.032,measure,4952.0,1688.0,8.3590,63.16
91.132,measure,4952.0,1688.0,8.3590,63.19
91.232,measure,4952.0,1688.0,8.3590,63.06
91.332,measure,4952.0,1688.0,8.3590,63.09
91.432,measure,4952.0,1688.0,8.3590,63.12
91.532,measure,4952.0,1688.0,8.3590,63.12
91.632,measure,4952.0,1688.0,8.3590,63.03
91.733,measure,4952.0,1688.0,8.3590,63.28
91.833,measure,4952.0,1680.0,8.3194,63.22
91.933,measure,4952.0,1688.0,8.3590,63.12
92.033,measure,4952.0,1680.0,8.3194,63.28
92.133,measure,4952.0,1688.0,8.3590,63.22
92.233,measure,4952.0,1680.0,8.3194,63.12
92.333,measure,4952.0,1688.0,8.3590,63.12
92.433,measure,4952.0,1680.0,8.3194,63.25
92.534,measure,4952.0,1688.0,8.3590,63.06
92.634,measure,4952.0,1688.0,8.3590,63.25
92.734,measure,4952.0,1688.0,8.3590,63.12
92.834,measure,4952.0,1688.0,8.3590,63.19
92.934,measure,4952.0,1688.0,8.3590,63.22
93.034,measure,4952.0,1688.0,8.3590,63.09
93.134,measure,4952.0,1688.0,8.3590,63.28
93.235,measure,4952.0,1688.0,8.3590,63.12
93.335,measure,4952.0,1688.0,8.3590,63.22
93.435,measure,4952.0,1680.0,8.3194,63.28
93.535,measure,4952.0,1688.0,8.3590,63.28
93.635,measure,4952.0,1680.0,8.3194,63.22
93.735,measure,4952.0,1688.0,8.3590,63.41
93.835,measure,4952.0,1680.0,8.3194,63.22
93.935,measure,4952.0,1688.0,8.3590,63.16
94.036,measure,4952.0,1680.0,8.3194,63.06
94.136,measure,4952.0,1688.0,8.3590,63.31
94.236,measure,4952.0,1680.0,8.3194,63.09
94.336,measure,4952.0,1688.0,8.3590,63.06
94.436,measure,4952.0,1680.0,8.3194,63.22
94.536,measure,4952.0,1688.0,8.3590,63.19
94.636,measure,4952.0,1680.0,8.3194,63.12
94.736,measure,4952.0,1688.0,8.3590,63.16
94.837,measure,4952.0,1680.0,8.3194,63.12
94.937,measure,4952.0,1688.0,8.3590,63.31
95.037,measure,4952.0,1680.0,8.3194,63.09
95.137,measure,4952.0,1688.0,8.3590,63.50
95.237,measure,4952.0,1680.0,8.3194,63.22
95.337,measure,4952.0,1688.0,8.3590,63.22
95.437,measure,4952.0,1672.0,8.2797,63.28
95.538,measure,4952.0,1680.0,8.3194,63.38
95.638,measure,4952.0,1672.0,8.2797,63.16
95.738,measure,4952.0,1688.0,8.3590,63.19
95.838,measure,4952.0,1672.0,8.2797,63.28
95.938,measure,4952.0,1688.0,8.3590,63.16
96.038,measure,4952.0,1672.0,8.2797,62.97
96.138,measure,4952.0,1688.0,8.3590,63.22
96.238,measure,4952.0,1672.0,8.2797,63.00
96.339,measure,4952.0,1688.0,8.3590,63.25
96.439,measure,4952.0,1680.0,8.3194,63.12
96.539,measure,4952.0,1696.0,8.3986,63.28
96.639,measure,4952.0,1680.0,8.3194,63.19
96.739,measure,4952.0,1688.0,8.3590,63.25
96.839,measure,4952.0,1672.0,8.2797,63.12
96.939,measure,4952.0,1688.0,8.3590,63.34
97.040,measure,4952.0,1672.0,8.2797,63.19
97.140,measure,4952.0,1696.0,8.3986,63.22
97.240,measure,4952.0,1672.0,8.2797,63.31
97.340,measure,4952.0,1688.0,8.3590,63.34
97.440,measure,4952.0,1672.0,8.2797,63.16
97.540,measure,4952.0,1696.0,8.3986,63.56
97.640,measure,4952.0,1672.0,8.2797,63.28
97.740,measure,4952.0,1696.0,8.3986,63.22
97.841,measure,4952.0,1672.0,8.2797,63.12
97.941,measure,4952.0,1688.0,8.3590,63.19
98.041,measure,4952.0,1672.0,8.2797,63.06
98.141,measure,4952.0,1688.0,8.3590,63.25
98.241,measure,4952.0,1672.0,8.2797,63.22
98.341,measure,4952.0,1696.0,8.3986,63.22
98.441,measure,4952.0,1672.0,8.2797,63.16
98.541,measure,4952.0,1688.0,8.3590,63.28
98.642,measure,4952.0,1672.0,8.2797,63.16
98.742,measure,4952.0,1696.0,8.3986,63.34
98.842,measure,4952.0,1672.0,8.2797,63.19
98.942,measure,4952.0,1688.0,8.3590,63.50
99.042,measure,4952.0,1672.0,8.2797,63.25
99.142,measure,4952.0,1696.0,8.3986,63.34
99.242,measure,4952.0,1672.0,8.2797,63.19
99.342,measure,4952.0,1696.0,8.3986,63.47
99.443,measure,4952.0,1672.0,8.2797,63.22
99.543,measure,4952.0,1696.0,8.3986,63.22
99.643,measure,4952.0,1672.0,8.2797,63.12
99.743,measure,4952.0,1696.0,8.3986,63.25
99.843,measure,4952.0,1672.0,8.2797,63.16
99.943,measure,4952.0,1696.0,8.3986,63.28
100.043,measure,4952.0,1672.0,8.2797,63.25
100.144,measure,4952.0,1704.0,8.4382,63.47
100.244,measure,4952.0,1672.0,8.2797,63.19
100.344,measure,4952.0,1688.0,8.3590,63.50
100.444,measure,4952.0,1672.0,8.2797,63.28
100.544,measure,4952.0,1696.0,8.3986,63.34
100.644,measure,4952.0,1672.0,8.2797,63.38
100.744,measure,4952.0,1696.0,8.3986,63.44
100.844,measure,4952.0,1672.0,8.2797,63.38
100.945,measure,4952.0,1696.0,8.3986,63.28
101.045,measure,4952.0,1672.0,8.2797,63.34
101.145,measure,4952.0,1696.0,8.3986,63.28
101.245,measure,4952.0,1672.0,8.2797,63.25
101.345,measure,4952.0,1696.0,8.3986,63.56
101.445,measure,4952.0,1664.0,8.2401,63.22
101.545,measure,4952.0,1696.0,8.3986,63.25
101.645,measure,4952.0,1664.0,8.2401,63.16
101.746,measure,4952.0,1680.0,8.3194,63.31
101.846,measure,4952.0,1672.0,8.2797,63.28
101.946,measure,4952.0,1696.0,8.3986,63.31
102.046,measure,4952.0,1664.0,8.2401,63.28
102.146,measure,4952.0,1696.0,8.3986,63.41
102.246,measure,4952.0,1664.0,8.2401,63.25
102.346,measure,4952.0,1704.0,8.4382,63.28
102.447,measure,4952.0,1672.0,8.2797,63.31
102.547,measure,4952.0,1688.0,8.3590,63.38
102.647,measure,4952.0,1672.0,8.2797,63.38
102.747,measure,4952.0,1704.0,8.4382,63.59
102.847,measure,4952.0,1672.0,8.2797,63.28
102.947,measure,4952.0,1704.0,8.4382,63.31
103.047,measure,4952.0,1672.0,8.2797,63.28
103.147,measure,4952.0,1704.0,8.4382,63.34
103.248,measure,4952.0,1672.0,8.2797,63.12
103.348,measure,4952.0,1704.0,8.4382,63.38
103.448,measure,4952.0,1672.0,8.2797,63.25
103.548,measure,4952.0,1704.0,8.4382,63.34
103.648,measure,4952.0,1672.0,8.2797,63.31
103.748,measure,4952.0,1704.0,8.4382,63.34
103.848,measure,4952.0,1664.0,8.2401,63.28
103.948,measure,4952.0,1704.0,8.4382,63.44
104.048,measure,4952.0,1664.0,8.2401,63.25
104.149,measure,4952.0,1704.0,8.4382,63.66
104.249,measure,4952.0,1664.0,8.2401,63.28
104.349,measure,4952.0,1704.0,8.4382,63.31
104.449,measure,4952.0,1664.0,8.2401,63.44
104.549,measure,4952.0,1696.0,8.3986,63.47
104.649,measure,4952.0,1664.0,8.2401,63.34
104.749,measure,4952.0,1704.0,8.4382,63.28
104.849,measure,4952.0,1664.0,8.2401,63.28
104.950,measure,4952.0,1704.0,8.4382,63.34
105.050,measure,4952.0,1664.0,8.2401,63.25
105.150,measure,4952.0,1704.0,8.4382,63.34
105.250,measure,4952.0,1664.0,8.2401,63.28
105.350,measure,4952.0,1704.0,8.4382,63.41
105.450,measure,4952.0,1664.0,8.2401,63.38
105.550,measure,4952.0,1704.0,8.4382,63.53
105.651,measure,4952.0,1664.0,8.2401,63.31
105.751,measure,4952.0,1704.0,8.4382,63.38
105.851,measure,4952.0,1664.0,8.2401,63.44
105.951,measure,4952.0,1704.0,8.4382,63.50
106.051,measure,4952.0,1664.0,8.2401,63.22
106.151,measure,4952.0,1704.0,8.4382,63.31
106.251,measure,4952.0,1672.0,8.2797,63.47
106.351,measure,4952.0,1704.0,8.4382,63.47
106.452,measure,4952.0,1672.0,8.2797,63.31
106.552,measure,4952.0,1704.0,8.4382,63.69
106.652,measure,4952.0,1664.0,8.2401,63.34
106.752,measure,4952.0,1704.0,8.4382,63.34
106.852,measure,4952.0,1664.0,8.2401,63.28
106.952,measure,4952.0,1704.0,8.4382,63.38
107.052,measure,4952.0,1672.0,8.2797,63.28
107.152,measure,4952.0,1704.0,8.4382,63.50
107.253,measure,4952.0,1664.0,8.2401,63.38
107.353,measure,4952.0,1704.0,8.4382,63.56
107.453,measure,4952.0,1672.0,8.2797,63.34
107.553,measure,4952.0,1704.0,8.4382,63.66
107.653,measure,4952.0,1672.0,8.2797,63.41
107.753,measure,4952.0,1704.0,8.4382,63.50
107.853,measure,4952.0,1672.0,8.2797,63.28
107.953,measure,4952.0,1704.0,8.4382,63.62
108.054,measure,4952.0,1672.0,8.2797,63.28
108.154,measure,4952.0,1696.0,8.3986,63.50
108.254,measure,4952.0,1664.0,8.2401,63.50
108.354,measure,4952.0,1704.0,8.4382,63.44
108.454,measure,4952.0,1672.0,8.2797,63.34
108.554,measure,4952.0,1704.0,8.4382,63.38
108.654,measure,4952.0,1672.0,8.2797,63.31
108.755,measure,4952.0,1688.0,8.3590,63.44
108.855,measure,4952.0,1656.0,8.2005,63.31
108.955,measure,4952.0,1704.0,8.4382,63.41
109.055,measure,4952.0,1680.0,8.3194,63.41
109.155,measure,4952.0,1704.0,8.4382,63.50
109.255,measure,4952.0,1672.0,8.2797,63.56
109.355,measure,4952.0,1704.0,8.4382,63.72
109.455,measure,4952.0,1680.0,8.3194,63.38
109.556,measure,4952.0,1696.0,8.3986,63.34
109.656,measure,4952.0,1672.0,8.2797,63.56
109.756,measure,4952.0,1704.0,8.4382,63.66
109.856,measure,4952.0,1672.0,8.2797,63.28
109.956,measure,4952.0,1696.0,8.3986,63.41
110.056,measure,4952.0,1672.0,8.2797,63.47
110.157,measure,4952.0,1696.0,8.3986,63.41
110.257,measure,4952.0,1672.0,8.2797,63.41
110.357,measure,4952.0,1704.0,8.4382,63.44
110.457,measure,4952.0,1680.0,8.3194,63.47
110.557,measure,4952.0,1696.0,8.3986,63.41
110.657,measure,4952.0,1680.0,8.3194,63.34
110.758,measure,4952.0,1696.0,8.3986,63.62
110.858,measure,4952.0,1680.0,8.3194,63.38
110.958,measure,4952.0,1696.0,8.3986,63.50
111.058,measure,4952.0,1680.0,8.3194,63.62
111.158,measure,4952.0,1696.0,8.3986,63.56
111.258,measure,4952.0,1680.0,8.3194,63.41
111.358,measure,4952.0,1696.0,8.3986,63.69
111.459,measure,4952.0,1680.0,8.3194,63.41
111.559,measure,4952.0,1696.0,8.3986,63.34
111.659,measure,4952.0,1680.0,8.3194,63.28
111.759,measure,4952.0,1704.0,8.4382,63.38
111.859,measure,4952.0,1688.0,8.3590,63.50
111.959,measure,4952.0,1696.0,8.3986,63.47
112.059,measure,4952.0,1680.0,8.3194,63.66
112.159,measure,4952.0,1696.0,8.3986,63.41
112.260,measure,4952.0,1688.0,8.3590,63.38
112.360,measure,4952.0,1696.0,8.3986,63.44
112.460,measure,4952.0,1688.0,8.3590,63.62
112.560,measure,4952.0,1696.0,8.3986,63.53
112.660,measure,4952.0,1680.0,8.3194,63.34
112.760,measure,4952.0,1696.0,8.3986,63.69
112.860,measure,4952.0,1680.0,8.3194,63.56
112.960,measure,4952.0,1696.0,8.3986,63.62
113.061,measure,4952.0,1680.0,8.3194,63.69
113.161,measure,4952.0,1696.0,8.3986,63.66
113.261,measure,4952.0,1680.0,8.3194,63.47
113.361,measure,4952.0,1688.0,8.3590,63.47
113.461,measure,4952.0,1672.0,8.2797,63.34
113.561,measure,4952.0,1696.0,8.3986,63.44
113.661,measure,4952.0,1688.0,8.3590,63.53
113.762,measure,4952.0,1696.0,8.3986,63.53
113.862,measure,4952.0,1680.0,8.3194,63.38
113.962,measure,4952.0,1696.0,8.3986,63.50
114.062,measure,4952.0,1688.0,8.3590,63.47
114.162,measure,4952.0,1696.0,8.3986,63.66
114.262,measure,4952.0,1688.0,8.3590,63.53
114.362,measure,4952.0,1688.0,8.3590,63.56
114.463,measure,4952.0,1688.0,8.3590,63.69
114.563,measure,4952.0,1688.0,8.3590,63.62
114.663,measure,4952.0,1672.0,8.2797,63.53
114.763,measure,4952.0,1688.0,8.3590,63.47
114.863,measure,4952.0,1688.0,8.3590,63.59
114.963,measure,4952.0,1696.0,8.3986,63.41
115.063,measure,4952.0,1688.0,8.3590,63.41
115.164,measure,4952.0,1696.0,8.3986,63.72
115.264,measure,4952.0,1688.0,8.3590,63.44
115.364,measure,4952.0,1696.0,8.3986,63.41
115.464,measure,4952.0,1688.0,8.3590,63.59
115.564,measure,4952.0,1696.0,8.3986,63.59
115.664,measure,4952.0,1688.0,8.3590,63.59
115.764,measure,4952.0,1696.0,8.3986,63.53
115.864,measure,4952.0,1688.0,8.3590,63.47
115.965,measure,4952.0,1688.0,8.3590,63.50
116.065,measure,4952.0,1688.0,8.3590,63.59
116.165,measure,4952.0,1688.0,8.3590,63.75
116.265,measure,4952.0,1688.0,8.3590,63.62
116.365,measure,4952.0,1688.0,8.3590,63.62
116.465,measure,4952.0,1688.0,8.3590,63.59
116.565,measure,4952.0,1688.0,8.3590,63.69
116.666,measure,4952.0,1688.0,8.3590,63.50
116.766,measure,4952.0,1688.0,8.3590,63.44
116.866,measure,4952.0,1688.0,8.3590,63.81
116.966,measure,4952.0,1688.0,8.3590,63.53
117.066,measure,4952.0,1688.0,8.3590,63.66
117.166,measure,4952.0,1688.0,8.3590,63.50
117.266,measure,4952.0,1688.0,8.3590,63.59
117.367,measure,4952.0,1680.0,8.3194,63.66
117.467,measure,4952.0,1688.0,8.3590,63.62
117.567,measure,4952.0,1688.0,8.3590,63.72
117.667,measure,4952.0,1688.0,8.3590,63.66
117.767,measure,4952.0,1688.0,8.3590,63.50
117.867,measure,4952.0,1688.0,8.3590,63.50
117.967,measure,4952.0,1688.0,8.3590,63.72
118.067,measure,4952.0,1688.0,8.3590,63.66
118.168,measure,4952.0,1688.0,8.3590,63.72
118.268,measure,4952.0,1688.0,8.3590,63.72
118.368,measure,4952.0,1688.0,8.3590,63.62
118.468,measure,4952.0,1688.0,8.3590,63.56
118.568,measure,4952.0,1688.0,8.3590,63.50
118.668,measure,4952.0,1688.0,8.3590,63.50
118.768,measure,4952.0,1688.0,8.3590,63.53
118.869,measure,4952.0,1688.0,8.3590,63.59
118.969,measure,4952.0,1680.0,8.3194,63.53
119.069,measure,4952.0,1696.0,8.3986,63.75
119.169,measure,4952.0,1688.0,8.3590,63.59
119.269,measure,4952.0,1696.0,8.3986,63.56
119.369,measure,4952.0,1688.0,8.3590,63.59
119.469,measure,4952.0,1696.0,8.3986,63.66
119.570,measure,4952.0,1688.0,8.3590,63.59
119.670,measure,4952.0,1696.0,8.3986,63.81
119.770,measure,4952.0,1680.0,8.3194,63.56
119.870,measure,4952.0,1696.0,8.3986,63.50
119.970,measure,4952.0,1680.0,8.3194,63.81
120.070,measure,4952.0,1696.0,8.3986,63.78
120.170,measure,4952.0,1680.0,8.3194,63.50
120.270,measure,4952.0,1696.0,8.3986,63.62
120.371,measure,4952.0,1680.0,8.3194,63.53
120.471,measure,4952.0,1688.0,8.3590,63.53
120.571,measure,4952.0,1680.0,8.3194,63.56
120.671,measure,4952.0,1696.0,8.3986,63.66
120.771,measure,4952.0,1680.0,8.3194,63.50
120.871,measure,4952.0,1688.0,8.3590,63.69
120.971,measure,4952.0,1680.0,8.3194,63.78
121.072,measure,4952.0,1688.0,8.3590,63.84
121.172,measure,4952.0,1680.0,8.3194,63.62
121.272,measure,4952.0,1688.0,8.3590,63.69
121.372,measure,4952.0,1680.0,8.3194,63.72
121.472,measure,4952.0,1688.0,8.3590,63.78
121.572,measure,4952.0,1672.0,8.2797,63.62
121.672,measure,4952.0,1696.0,8.3986,63.59
121.772,measure,4952.0,1672.0,8.2797,63.75
121.873,measure,4952.0,1688.0,8.3590,63.75
121.973,measure,4952.0,1672.0,8.2797,63.66
122.073,measure,4952.0,1688.0,8.3590,63.97
122.173,measure,4952.0,1672.0,8.2797,63.62
122.273,measure,4952.0,1688.0,8.3590,63.53
122.373,measure,4952.0,1672.0,8.2797,63.56
122.473,measure,4952.0,1688.0,8.3590,63.62
122.574,measure,4952.0,1672.0,8.2797,63.56
122.674,measure,4952.0,1688.0,8.3590,63.78
122.774,measure,4952.0,1672.0,8.2797,63.69
122.874,measure,4952.0,1696.0,8.3986,63.81
122.974,measure,4952.0,1680.0,8.3194,63.62
123.074,measure,4952.0,1696.0,8.3986,63.91
123.174,measure,4952.0,1672.0,8.2797,63.69
123.274,measure,4952.0,1688.0,8.3590,63.78
123.375,measure,4952.0,1672.0,8.2797,63.53
123.475,measure,4952.0,1688.0,8.3590,63.88
123.575,measure,4952.0,1672.0,8.2797,63.53
123.675,measure,4952.0,1696.0,8.3986,63.62
123.775,measure,4952.0,1672.0,8.2797,63.81
123.875,measure,4952.0,1696.0,8.3986,63.66
123.975,measure,4952.0,1672.0,8.2797,63.53
124.076,measure,4952.0,1696.0,8.3986,63.75
124.176,measure,4952.0,1672.0,8.2797,63.62
124.276,measure,4952.0,1696.0,8.3986,63.81
124.376,measure,4952.0,1672.0,8.2797,63.59
124.476,measure,4952.0,1696.0,8.3986,63.66
124.576,measure,4952.0,1672.0,8.2797,63.72
124.676,measure,4952.0,1696.0,8.3986,63.78
124.776,measure,4952.0,1672.0,8.2797,63.66
124.877,measure,4952.0,1696.0,8.3986,63.91
124.977,measure,4952.0,1672.0,8.2797,63.66
125.077,measure,4952.0,1696.0,8.3986,63.66
125.177,measure,4952.0,1672.0,8.2797,63.81
125.277,measure,4952.0,1696.0,8.3986,63.72
125.377,measure,4952.0,1672.0,8.2797,63.56
125.477,measure,4952.0,1696.0,8.3986,63.72
125.578,measure,4952.0,1672.0,8.2797,63.69
125.678,measure,4952.0,1688.0,8.3590,63.75
125.778,measure,4952.0,1672.0,8.2797,63.69
125.878,measure,4952.0,1696.0,8.3986,63.69
125.978,measure,4952.0,1664.0,8.2401,63.66
126.078,measure,4952.0,1696.0,8.3986,63.84
126.178,measure,4952.0,1664.0,8.2401,63.62
126.278,measure,4952.0,1696.0,8.3986,63.91
126.379,measure,4952.0,1664.0,8.2401,63.78
126.479,measure,4952.0,1696.0,8.3986,63.78
126.579,measure,4952.0,1664.0,8.2401,63.75
126.679,measure,4952.0,1696.0,8.3986,63.91
126.779,measure,4952.0,1672.0,8.2797,63.69
126.879,measure,4952.0,1696.0,8.3986,64.03
126.979,measure,4952.0,1664.0,8.2401,63.81
127.080,measure,4952.0,1696.0,8.3986,63.72
127.180,measure,4952.0,1664.0,8.2401,63.66
127.280,measure,4952.0,1696.0,8.3986,63.78
127.380,measure,4952.0,1664.0,8.2401,63.78
127.480,measure,4952.0,1696.0,8.3986,63.81
127.580,measure,4952.0,1664.0,8.2401,63.66
127.680,measure,4952.0,1696.0,8.3986,63.72
127.780,measure,4952.0,1664.0,8.2401,63.72
127.881,measure,4952.0,1696.0,8.3986,63.81
127.981,measure,4952.0,1664.0,8.2401,63.69
128.081,measure,4952.0,1696.0,8.3986,63.97
128.181,measure,4952.0,1664.0,8.2401,63.78
128.281,measure,4952.0,1696.0,8.3986,63.97
128.381,measure,4952.0,1664.0,8.2401,63.81
128.481,measure,4952.0,1704.0,8.4382,63.81
128.581,measure,4952.0,1664.0,8.2401,63.69
128.682,measure,4952.0,1704.0,8.4382,64.00
128.782,measure,4952.0,1664.0,8.2401,63.66
128.882,measure,4952.0,1696.0,8.3986,63.78
128.982,measure,4952.0,1664.0,8.2401,63.66
129.082,measure,4952.0,1696.0,8.3986,63.81
129.182,measure,4952.0,1664.0,8.2401,63.78
129.282,measure,4952.0,1704.0,8.4382,63.81
129.383,measure,4952.0,1664.0,8.2401,63.69
129.483,measure,4952.0,1704.0,8.4382,63.84
129.583,measure,4952.0,1664.0,8.2401,63.66
129.683,measure,4952.0,1704.0,8.4382,64.06
129.783,measure,4952.0,1672.0,8.2797,63.72
129.883,measure,4952.0,1704.0,8.4382,63.91
129.983,measure,4952.0,1664.0,8.2401,63.81
130.084,measure,4952.0,1704.0,8.4382,64.03
130.184,measure,4952.0,1664.0,8.2401,63.78
130.284,measure,4952.0,1704.0,8.4382,63.72
130.384,measure,4952.0,1672.0,8.2797,63.81
130.484,measure,4952.0,1704.0,8.4382,63.88
130.584,measure,4952.0,1664.0,8.2401,63.75
130.684,measure,4952.0,1704.0,8.4382,64.09
130.784,measure,4952.0,1672.0,8.2797,63.66
130.885,measure,4952.0,1704.0,8.4382,63.91
130.985,measure,4952.0,1672.0,8.2797,63.84
131.085,measure,4952.0,1704.0,8.4382,63.84
131.185,measure,4952.0,1672.0,8.2797,63.81
131.285,measure,4952.0,1704.0,8.4382,63.81
131.385,measure,4952.0,1664.0,8.2401,63.72
131.485,measure,4952.0,1704.0,8.4382,64.00
131.585,measure,4952.0,1672.0,8.2797,63.69
131.686,measure,4952.0,1704.0,8.4382,63.91
131.786,measure,4952.0,1664.0,8.2401,63.81
131.886,measure,4952.0,1696.0,8.3986,63.94
131.986,measure,4952.0,1664.0,8.2401,63.81
132.086,measure,4952.0,1704.0,8.4382,64.16
132.186,measure,4952.0,1672.0,8.2797,63.78
132.286,measure,4952.0,1704.0,8.4382,63.81
132.387,measure,4952.0,1664.0,8.2401,63.72
132.487,measure,4952.0,1688.0,8.3590,63.78
132.587,measure,4952.0,1672.0,8.2797,63.78
132.687,measure,4952.0,1704.0,8.4382,63.84
132.787,measure,4952.0,1672.0,8.2797,63.88
132.887,measure,4952.0,1704.0,8.4382,64.00
132.987,measure,4952.0,1672.0,8.2797,63.78
133.087,measure,4952.0,1704.0,8.4382,64.09
133.188,measure,4952.0,1672.0,8.2797,63.88
133.288,measure,4952.0,1704.0,8.4382,63.94
133.388,measure,4952.0,1672.0,8.2797,63.72
133.488,measure,4952.0,1704.0,8.4382,64.06
133.588,measure,4952.0,1672.0,8.2797,63.81
133.688,measure,4952.0,1696.0,8.3986,63.91
133.788,measure,4952.0,1672.0,8.2797,63.88
133.889,measure,4952.0,1704.0,8.4382,64.03
133.989,measure,4952.0,1680.0,8.3194,63.81
134.089,measure,4952.0,1704.0,8.4382,63.81
134.189,measure,4952.0,1672.0,8.2797,63.78
134.289,measure,4952.0,1696.0,8.3986,63.94
134.389,measure,4952.0,1672.0,8.2797,63.81
134.489,measure,4952.0,1704.0,8.4382,63.91
134.589,measure,4952.0,1672.0,8.2797,63.69
134.690,measure,4952.0,1696.0,8.3986,63.94
134.790,measure,4952.0,1672.0,8.2797,63.78
134.890,measure,4952.0,1704.0,8.4382,63.97
134.990,measure,4952.0,1680.0,8.3194,63.81
135.090,measure,4952.0,1696.0,8.3986,63.94
135.190,measure,4952.0,1680.0,8.3194,63.97
135.290,measure,4952.0,1696.0,8.3986,64.00
135.391,measure,4952.0,1672.0,8.2797,63.84
135.491,measure,4952.0,1696.0,8.3986,64.09
135.591,measure,4952.0,1680.0,8.3194,63.88
135.691,measure,4952.0,1704.0,8.4382,63.81
135.791,measure,4952.0,1680.0,8.3194,63.81
135.891,measure,4952.0,1696.0,8.3986,63.81
135.992,measure,4952.0,1680.0,8.3194,63.78
136.093,measure,4952.0,1712.0,8.4778,63.84
136.193,measure,4952.0,1696.0,8.3986,63.75
136.293,measure,4952.0,1712.0,8.4778,64.00
136.393,measure,4952.0,1744.0,8.6363,63.91
136.493,measure,4944.0,1800.0,8.8992,64.00
136.593,measure,4944.0,1832.0,9.0574,64.12
136.693,measure,4944.0,1872.0,9.2552,64.22
136.794,measure,4944.0,1856.0,9.1761,63.84
136.894,measure,4944.0,1888.0,9.3343,64.22
136.994,measure,4944.0,1888.0,9.3343,64.12
137.094,measure,4944.0,1912.0,9.4529,64.00
137.194,measure,4944.0,1912.0,9.4529,64.00
137.294,measure,4944.0,1920.0,9.4925,63.97
137.395,measure,4944.0,1912.0,9.4529,63.88
137.495,measure,4944.0,1880.0,9.2947,64.03
137.595,measure,4944.0,1832.0,9.0574,63.84
137.695,measure,4944.0,1808.0,8.9388,63.94
137.795,measure,4944.0,1776.0,8.7805,63.97
137.895,measure,4952.0,1768.0,8.7551,63.91
137.995,measure,4952.0,1744.0,8.6363,64.12
138.096,measure,4952.0,1736.0,8.5967,64.00
138.196,measure,4952.0,1720.0,8.5174,63.94
138.296,measure,4952.0,1720.0,8.5174,64.16
138.396,measure,4952.0,1704.0,8.4382,64.00
138.496,measure,4952.0,1704.0,8.4382,64.00
138.596,measure,4952.0,1696.0,8.3986,64.25
138.696,measure,4952.0,1704.0,8.4382,64.12
138.797,measure,4952.0,1696.0,8.3986,63.81
138.897,measure,4952.0,1696.0,8.3986,63.81
138.997,measure,4952.0,1688.0,8.3590,63.91
139.097,measure,4952.0,1696.0,8.3986,63.81
139.197,measure,4952.0,1696.0,8.3986,63.81
139.297,measure,4952.0,1696.0,8.3986,63.84
139.397,measure,4952.0,1696.0,8.3986,63.94
139.498,measure,4952.0,1688.0,8.3590,64.00
139.598,measure,4952.0,1688.0,8.3590,63.97
139.698,measure,4952.0,1688.0,8.3590,64.00
139.798,measure,4952.0,1688.0,8.3590,64.06
139.898,measure,4952.0,1688.0,8.3590,63.94
139.998,measure,4952.0,1688.0,8.3590,64.19
140.098,measure,4952.0,1688.0,8.3590,64.00
140.199,measure,4952.0,1688.0,8.3590,64.06
140.299,measure,4952.0,1688.0,8.3590,63.91
140.399,measure,4952.0,1688.0,8.3590,64.19
140.499,measure,4952.0,1688.0,8.3590,63.88
140.599,measure,4952.0,1688.0,8.3590,63.88
140.699,measure,4952.0,1688.0,8.3590,64.16
140.799,measure,4952.0,1688.0,8.3590,63.91
140.900,measure,4952.0,1680.0,8.3194,63.81
141.000,measure,4952.0,1688.0,8.3590,63.91
141.100,measure,4952.0,1688.0,8.3590,63.81
141.200,measure,4952.0,1688.0,8.3590,64.16
141.300,measure,4952.0,1688.0,8.3590,63.94
141.400,measure,4952.0,1688.0,8.3590,64.28
141.500,measure,4952.0,1680.0,8.3194,64.00
141.601,measure,4952.0,1688.0,8.3590,64.09
141.701,measure,4952.0,1680.0,8.3194,64.12
141.801,measure,4952.0,1688.0,8.3590,64.12
141.901,measure,4952.0,1680.0,8.3194,63.94
142.001,measure,4952.0,1688.0,8.3590,63.84
142.101,measure,4952.0,1688.0,8.3590,64.19
142.201,measure,4952.0,1688.0,8.3590,63.97
142.302,measure,4952.0,1688.0,8.3590,63.94
142.402,measure,4952.0,1688.0,8.3590,64.31
142.502,measure,4952.0,1680.0,8.3194,63.88
142.602,measure,4952.0,1688.0,8.3590,63.94
142.702,measure,4952.0,1680.0,8.3194,63.88
142.802,measure,4952.0,1696.0,8.3986,64.00
142.902,measure,4952.0,1680.0,8.3194,63.97
143.003,measure,4952.0,1688.0,8.3590,64.06
143.103,measure,4952.0,1680.0,8.3194,63.97
143.203,measure,4952.0,1696.0,8.3986,64.12
143.303,measure,4952.0,1680.0,8.3194,63.94
143.403,measure,4952.0,1688.0,8.3590,63.94
143.503,measure,4952.0,1680.0,8.3194,64.09
143.603,measure,4952.0,1688.0,8.3590,64.16
143.704,measure,4952.0,1680.0,8.3194,63.81
143.804,measure,4952.0,1688.0,8.3590,64.25
143.904,measure,4952.0,1672.0,8.2797,64.00
144.004,measure,4952.0,1688.0,8.3590,63.97
144.104,measure,4952.0,1680.0,8.3194,63.94
144.204,measure,4952.0,1696.0,8.3986,63.94
144.304,measure,4952.0,1680.0,8.3194,63.91
144.404,measure,4952.0,1688.0,8.3590,64.06
144.505,measure,4952.0,1680.0,8.3194,63.94
144.605,measure,4952.0,1688.0,8.3590,64.19
144.705,measure,4952.0,1672.0,8.2797,63.94
144.805,measure,4952.0,1696.0,8.3986,64.00
144.905,measure,4952.0,1680.0,8.3194,64.00
145.005,measure,4952.0,1696.0,8.3986,64.12
145.105,measure,4952.0,1680.0,8.3194,63.91
145.206,measure,4952.0,1696.0,8.3986,64.31
145.306,measure,4952.0,1680.0,8.3194,64.03
145.406,measure,4952.0,1696.0,8.3986,64.03
145.506,measure,4952.0,1680.0,8.3194,64.12
145.606,measure,4952.0,1696.0,8.3986,64.22
145.706,measure,4952.0,1680.0,8.3194,64.03
145.806,measure,4952.0,1696.0,8.3986,64.09
145.907,measure,4952.0,1672.0,8.2797,63.94
146.007,measure,4952.0,1696.0,8.3986,64.03
146.107,measure,4952.0,1672.0,8.2797,63.94
146.207,measure,4952.0,1688.0,8.3590,63.94
146.307,measure,4952.0,1672.0,8.2797,64.06
146.407,measure,4952.0,1696.0,8.3986,64.16
146.507,measure,4952.0,1680.0,8.3194,63.88
146.608,measure,4952.0,1696.0,8.3986,64.22
146.708,measure,4952.0,1680.0,8.3194,64.06
146.808,measure,4952.0,1696.0,8.3986,64.03
146.908,measure,4952.0,1680.0,8.3194,64.09
147.008,measure,4952.0,1696.0,8.3986,64.22
147.108,measure,4952.0,1680.0,8.3194,64.00
147.208,measure,4952.0,1704.0,8.4382,63.97
147.309,measure,4952.0,1680.0,8.3194,64.12
147.409,measure,4952.0,1696.0,8.3986,64.06
147.509,measure,4952.0,1680.0,8.3194,64.19
147.609,measure,4952.0,1696.0,8.3986,64.12
147.709,measure,4952.0,1672.0,8.2797,64.00
147.809,measure,4952.0,1696.0,8.3986,64.19
147.909,measure,4952.0,1672.0,8.2797,64.06
148.010,measure,4952.0,1696.0,8.3986,64.00
148.110,measure,4952.0,1672.0,8.2797,64.03
148.210,measure,4952.0,1696.0,8.3986,64.12
148.310,measure,4952.0,1672.0,8.2797,64.06
148.410,measure,4952.0,1696.0,8.3986,64.22
148.510,measure,4952.0,1672.0,8.2797,64.06
148.610,measure,4952.0,1696.0,8.3986,64.38
148.711,measure,4952.0,1672.0,8.2797,64.09
148.811,measure,4952.0,1704.0,8.4382,64.28
148.911,measure,4952.0,1672.0,8.2797,64.00
149.011,measure,4952.0,1704.0,8.4382,64.31
149.111,measure,4952.0,1672.0,8.2797,63.88
149.211,measure,4952.0,1704.0,8.4382,64.06
149.311,measure,4952.0,1672.0,8.2797,64.25
149.412,measure,4952.0,1696.0,8.3986,64.09
149.512,measure,4952.0,1672.0,8.2797,64.12
149.612,measure,4952.0,1688.0,8.3590,64.09
149.712,measure,4952.0,1672.0,8.2797,64.00
149.812,measure,4952.0,1704.0,8.4382,64.28
149.912,measure,4952.0,1672.0,8.2797,64.06
150.012,measure,4952.0,1696.0,8.3986,64.19
150.112,measure,4952.0,1672.0,8.2797,64.09
150.213,measure,4952.0,1696.0,8.3986,64.22
150.313,measure,4952.0,1672.0,8.2797,64.19
150.413,measure,4952.0,1704.0,8.4382,64.31
150.513,measure,4952.0,1672.0,8.2797,64.06
150.613,measure,4952.0,1696.0,8.3986,64.06
150.713,measure,4952.0,1672.0,8.2797,64.22
150.813,measure,4952.0,1696.0,8.3986,64.06
150.913,measure,4952.0,1664.0,8.2401,64.00
151.014,measure,4952.0,1704.0,8.4382,64.16
151.114,measure,4952.0,1664.0,8.2401,63.91
151.214,measure,4952.0,1696.0,8.3986,64.28
151.314,measure,4952.0,1672.0,8.2797,64.03
151.414,measure,4952.0,1696.0,8.3986,64.16
151.514,measure,4952.0,1664.0,8.2401,64.06
151.614,measure,4952.0,1696.0,8.3986,64.25
151.715,measure,4952.0,1664.0,8.2401,63.97
151.815,measure,4952.0,1704.0,8.4382,64.31
151.915,measure,4952.0,1672.0,8.2797,64.03
152.015,measure,4952.0,1704.0,8.4382,64.19
152.115,measure,4952.0,1672.0,8.2797,64.22
152.215,measure,4952.0,1704.0,8.4382,64.31
152.315,measure,4952.0,1672.0,8.2797,64.06
152.415,measure,4952.0,1704.0,8.4382,64.41
152.516,measure,4952.0,1672.0,8.2797,64.12
152.616,measure,4952.0,1704.0,8.4382,64.06
152.716,measure,4952.0,1672.0,8.2797,63.94
152.816,measure,4952.0,1712.0,8.4778,64.12
152.916,measure,4952.0,1672.0,8.2797,63.94
153.016,measure,4952.0,1704.0,8.4382,64.25
153.116,measure,4952.0,1672.0,8.2797,64.12
153.217,measure,4952.0,1704.0,8.4382,64.31
153.317,measure,4952.0,1664.0,8.2401,64.06
153.417,measure,4952.0,1704.0,8.4382,64.22
153.517,measure,4952.0,1672.0,8.2797,64.09
153.617,measure,4952.0,1704.0,8.4382,64.31
153.717,measure,4952.0,1664.0,8.2401,64.00
153.817,measure,4952.0,1704.0,8.4382,64.47
153.917,measure,4952.0,1672.0,8.2797,64.16
154.018,measure,4952.0,1704.0,8.4382,64.31
154.118,measure,4952.0,1672.0,8.2797,64.19
154.218,measure,4952.0,1704.0,8.4382,64.41
154.318,measure,4952.0,1672.0,8.2797,64.06
154.418,measure,4952.0,1704.0,8.4382,64.22
154.518,measure,4952.0,1672.0,8.2797,64.06
154.618,measure,4952.0,1704.0,8.4382,64.16
154.718,measure,4952.0,1672.0,8.2797,64.09
154.819,measure,4952.0,1704.0,8.4382,64.22
154.919,measure,4952.0,1672.0,8.2797,64.03
155.019,measure,4952.0,1704.0,8.4382,64.28
155.119,measure,4952.0,1672.0,8.2797,64.06
155.219,measure,4952.0,1704.0,8.4382,64.41
155.319,measure,4952.0,1672.0,8.2797,64.12
155.419,measure,4952.0,1704.0,8.4382,64.31
155.520,measure,4952.0,1672.0,8.2797,64.31
155.620,measure,4952.0,1704.0,8.4382,64.41
155.720,measure,4952.0,1672.0,8.2797,64.19
155.820,measure,4952.0,1704.0,8.4382,64.16
155.920,measure,4952.0,1664.0,8.2401,64.19
156.020,measure,4952.0,1688.0,8.3590,64.12
156.120,measure,4952.0,1664.0,8.2401,64.12
156.220,measure,4952.0,1672.0,8.2797,64.31
156.321,measure,4952.0,1664.0,8.2401,64.00
156.421,measure,4952.0,1664.0,8.2401,64.22
156.521,measure,4952.0,1672.0,8.2797,64.19
156.621,measure,4952.0,1672.0,8.2797,64.16
156.721,measure,4952.0,1680.0,8.3194,64.19
156.821,measure,4952.0,1712.0,8.4778,64.28
156.921,measure,4952.0,1696.0,8.3986,64.06
157.022,measure,4952.0,1720.0,8.5174,64.34
157.122,measure,4952.0,1688.0,8.3590,64.12
157.222,measure,4952.0,1712.0,8.4778,64.47
157.322,measure,4952.0,1680.0,8.3194,64.28
157.422,measure,4952.0,1704.0,8.4382,64.38
157.522,measure,4952.0,1680.0,8.3194,64.16
157.622,measure,4952.0,1704.0,8.4382,64.50
157.723,measure,4952.0,1680.0,8.3194,64.12
157.823,measure,4952.0,1704.0,8.4382,64.16
157.923,measure,4952.0,1680.0,8.3194,64.09
158.023,measure,4952.0,1704.0,8.4382,64.22
158.123,measure,4952.0,1680.0,8.3194,64.03
158.223,measure,4952.0,1704.0,8.4382,64.28
158.323,measure,4952.0,1680.0,8.3194,64.12
158.424,measure,4952.0,1704.0,8.4382,64.31
158.524,measure,4952.0,1680.0,8.3194,64.22
158.624,measure,4952.0,1704.0,8.4382,64.47
158.724,measure,4952.0,1680.0,8.3194,64.28
158.824,measure,4952.0,1696.0,8.3986,64.25
158.924,measure,4952.0,1680.0,8.3194,64.12
159.024,measure,4952.0,1696.0,8.3986,64.44
159.125,measure,4952.0,1680.0,8.3194,64.19
159.225,measure,4952.0,1696.0,8.3986,64.12
159.325,measure,4952.0,1680.0,8.3194,64.31
159.425,measure,4952.0,1696.0,8.3986,64.16
159.525,measure,4952.0,1680.0,8.3194,64.22
159.625,measure,4952.0,1696.0,8.3986,64.25
159.725,measure,4952.0,1680.0,8.3194,64.12
159.826,measure,4952.0,1696.0,8.3986,64.22
159.926,measure,4952.0,1688.0,8.3590,64.19
160.026,measure,4952.0,1696.0,8.3986,64.16
160.126,measure,4952.0,1688.0,8.3590,64.25
160.226,measure,4952.0,1704.0,8.4382,64.25
160.326,measure,4952.0,1688.0,8.3590,64.31
160.426,measure,4952.0,1696.0,8.3986,64.34
160.526,measure,4952.0,1688.0,8.3590,64.25
160.627,measure,4952.0,1696.0,8.3986,64.28
160.727,measure,4952.0,1688.0,8.3590,64.38
160.827,measure,4952.0,1696.0,8.3986,64.31
160.927,measure,4952.0,1680.0,8.3194,64.12
161.027,measure,4952.0,1696.0,8.3986,64.47
161.127,measure,4952.0,1680.0,8.3194,64.12
161.227,measure,4952.0,1696.0,8.3986,64.28
161.327,measure,4952.0,1680.0,8.3194,64.25
161.428,measure,4952.0,1688.0,8.3590,64.22
161.528,measure,4952.0,1680.0,8.3194,64.09
161.628,measure,4952.0,1696.0,8.3986,64.28
161.728,measure,4952.0,1680.0,8.3194,64.12
161.828,measure,4952.0,1696.0,8.3986,64.28
161.928,measure,4952.0,1688.0,8.3590,64.31
162.028,measure,4952.0,1696.0,8.3986,64.25
162.129,measure,4952.0,1688.0,8.3590,64.44
162.229,measure,4952.0,1688.0,8.3590,64.34
162.329,measure,4952.0,1680.0,8.3194,64.25
162.429,measure,4952.0,1688.0,8.3590,64.38
162.529,measure,4952.0,1680.0,8.3194,64.31
162.629,measure,4952.0,1688.0,8.3590,64.31
162.729,measure,4952.0,1688.0,8.3590,64.06
162.830,measure,4952.0,1688.0,8.3590,64.47
162.930,measure,4952.0,1688.0,8.3590,64.16
163.030,measure,4952.0,1688.0,8.3590,64.25
163.130,measure,4952.0,1688.0,8.3590,64.25
163.230,measure,4952.0,1688.0,8.3590,64.22
163.330,measure,4952.0,1688.0,8.3590,64.34
163.430,measure,4952.0,1688.0,8.3590,64.22
163.531,measure,4952.0,1680.0,8.3194,64.22
163.631,measure,4952.0,1688.0,8.3590,64.25
163.731,measure,4952.0,1688.0,8.3590,64.28
163.831,measure,4952.0,1688.0,8.3590,64.38
163.931,measure,4952.0,1688.0,8.3590,64.38
164.031,measure,4952.0,1688.0,8.3590,64.25
164.131,measure,4952.0,1688.0,8.3590,64.50
164.232,measure,4952.0,1688.0,8.3590,64.41
164.332,measure,4952.0,1688.0,8.3590,64.31
164.432,measure,4952.0,1680.0,8.3194,64.09
164.532,measure,4952.0,1680.0,8.3194,64.38
164.632,measure,4952.0,1688.0,8.3590,64.09
164.732,measure,4952.0,1688.0,8.3590,64.16
164.832,measure,4952.0,1688.0,8.3590,64.47
164.933,measure,4952.0,1688.0,8.3590,64.28
165.033,measure,4952.0,1688.0,8.3590,64.19
165.133,measure,4952.0,1688.0,8.3590,64.31
165.233,measure,4952.0,1688.0,8.3590,64.25
165.333,measure,4952.0,1688.0,8.3590,64.38
165.433,measure,4952.0,1688.0,8.3590,64.31
165.533,measure,4952.0,1688.0,8.3590,64.56
165.634,measure,4952.0,1688.0,8.3590,64.28
165.734,measure,4952.0,1688.0,8.3590,64.31
165.834,measure,4952.0,1688.0,8.3590,64.34
165.934,measure,4952.0,1688.0,8.3590,64.41
166.034,measure,4952.0,1688.0,8.3590,64.28
166.134,measure,4952.0,1696.0,8.3986,64.25
166.234,measure,4952.0,1688.0,8.3590,64.44
166.334,measure,4952.0,1696.0,8.3986,64.25
166.435,measure,4952.0,1688.0,8.3590,64.16
166.535,measure,4952.0,1688.0,8.3590,64.31
166.635,measure,4952.0,1688.0,8.3590,64.16
166.735,measure,4952.0,1696.0,8.3986,64.25
166.835,measure,4952.0,1688.0,8.3590,64.28
166.935,measure,4952.0,1696.0,8.3986,64.28
167.035,measure,4952.0,1688.0,8.3590,64.31
167.136,measure,4952.0,1696.0,8.3986,64.31
167.236,measure,4952.0,1688.0,8.3590,64.47
167.336,measure,4952.0,1696.0,8.3986,64.53
167.436,measure,4952.0,1688.0,8.3590,64.31
167.536,measure,4952.0,1696.0,8.3986,64.31
167.636,measure,4952.0,1680.0,8.3194,64.41
167.736,measure,4952.0,1696.0,8.3986,64.44
167.837,measure,4952.0,1680.0,8.3194,64.28
167.937,measure,4952.0,1688.0,8.3590,64.59
168.037,measure,4952.0,1680.0,8.3194,64.22
168.137,measure,4952.0,1696.0,8.3986,64.28
168.237,measure,4952.0,1680.0,8.3194,64.22
168.337,measure,4952.0,1688.0,8.3590,64.31
168.437,measure,4952.0,1680.0,8.3194,64.19
168.538,measure,4952.0,1696.0,8.3986,64.31
168.638,measure,4952.0,1680.0,8.3194,64.34
168.738,measure,4952.0,1688.0,8.3590,64.47
168.838,measure,4952.0,1680.0,8.3194,64.25
168.938,measure,4952.0,1688.0,8.3590,64.25
169.038,measure,4952.0,1680.0,8.3194,64.31
169.138,measure,4952.0,1696.0,8.3986,64.41
169.239,measure,4952.0,1680.0,8.3194,64.31
169.339,measure,4952.0,1680.0,8.3194,64.53
169.439,measure,4952.0,1680.0,8.3194,64.34
169.539,measure,4952.0,1696.0,8.3986,64.28
169.639,measure,4952.0,1680.0,8.3194,64.25
169.739,measure,4952.0,1696.0,8.3986,64.50
169.839,measure,4952.0,1680.0,8.3194,64.25
169.939,measure,4952.0,1696.0,8.3986,64.25
170.040,measure,4952.0,1680.0,8.3194,64.22
170.140,measure,4952.0,1696.0,8.3986,64.31
170.240,measure,4952.0,1680.0,8.3194,64.22
170.340,measure,4952.0,1696.0,8.3986,64.38
170.440,measure,4952.0,1680.0,8.3194,64.31
170.540,measure,4952.0,1696.0,8.3986,64.47
170.640,measure,4952.0,1680.0,8.3194,64.25
170.741,measure,4952.0,1696.0,8.3986,64.62
170.841,measure,4952.0,1680.0,8.3194,64.31
170.941,measure,4952.0,1696.0,8.3986,64.38
171.041,measure,4952.0,1680.0,8.3194,64.50
171.141,measure,4952.0,1704.0,8.4382,64.53
171.241,measure,4952.0,1680.0,8.3194,64.38
171.341,measure,4952.0,1696.0,8.3986,64.34
171.441,measure,4952.0,1680.0,8.3194,64.50
171.542,measure,4952.0,1704.0,8.4382,64.31
171.642,measure,4952.0,1680.0,8.3194,64.22
171.742,measure,4952.0,1704.0,8.4382,64.41
171.842,measure,4952.0,1680.0,8.3194,64.22
171.942,measure,4952.0,1696.0,8.3986,64.44
172.042,measure,4952.0,1680.0,8.3194,64.31
172.142,measure,4952.0,1704.0,8.4382,64.44
172.243,measure,4952.0,1680.0,8.3194,64.31
172.343,measure,4952.0,1704.0,8.4382,64.38
172.443,measure,4952.0,1680.0,8.3194,64.44
172.543,measure,4952.0,1704.0,8.4382,64.66
172.643,measure,4952.0,1680.0,8.3194,64.31
172.743,measure,4952.0,1704.0,8.4382,64.31
172.843,measure,4952.0,1680.0,8.3194,64.34
172.944,measure,4952.0,1696.0,8.3986,64.47
173.044,measure,4952.0,1672.0,8.2797,64.41
173.144,measure,4952.0,1696.0,8.3986,64.62
173.244,measure,4952.0,1672.0,8.2797,64.34
173.344,measure,4952.0,1704.0,8.4382,64.31
173.444,measure,4952.0,1672.0,8.2797,64.25
173.544,measure,4952.0,1696.0,8.3986,64.34
173.645,measure,4952.0,1672.0,8.2797,64.28
173.745,measure,4952.0,1704.0,8.4382,64.44
173.845,measure,4952.0,1672.0,8.2797,64.25
173.945,measure,4952.0,1696.0,8.3986,64.56
174.045,measure,4952.0,1672.0,8.2797,64.41
174.145,measure,4952.0,1704.0,8.4382,64.41
174.245,measure,4952.0,1672.0,8.2797,64.38
174.345,measure,4952.0,1704.0,8.4382,64.47
174.446,measure,4952.0,1672.0,8.2797,64.25
174.546,measure,4952.0,1704.0,8.4382,64.66
174.646,measure,4952.0,1672.0,8.2797,64.31
174.746,measure,4952.0,1704.0,8.4382,64.31
174.846,measure,4952.0,1672.0,8.2797,64.47
174.946,measure,4952.0,1704.0,8.4382,64.47
175.046,measure,4952.0,1672.0,8.2797,64.38
175.147,measure,4952.0,1696.0,8.3986,64.38
175.247,measure,4952.0,1672.0,8.2797,64.34
175.347,measure,4952.0,1704.0,8.4382,64.38
175.447,measure,4952.0,1672.0,8.2797,64.31
175.547,measure,4952.0,1704.0,8.4382,64.38
175.647,measure,4952.0,1672.0,8.2797,64.28
175.747,measure,4952.0,1704.0,8.4382,64.53
175.848,measure,4952.0,1672.0,8.2797,64.50
175.948,measure,4952.0,1704.0,8.4382,64.62
176.048,measure,4952.0,1672.0,8.2797,64.34
176.148,measure,4952.0,1704.0,8.4382,64.34
176.248,measure,4952.0,1664.0,8.2401,64.41
176.348,measure,4952.0,1696.0,8.3986,64.56
176.449,measure,4952.0,1672.0,8.2797,64.34
176.549,measure,4952.0,1704.0,8.4382,64.38
176.649,measure,4952.0,1672.0,8.2797,64.22
176.749,measure,4952.0,1704.0,8.4382,64.44
176.849,measure,4952.0,1672.0,8.2797,64.44
176.949,measure,4952.0,1704.0,8.4382,64.38
177.049,measure,4952.0,1672.0,8.2797,64.28
177.150,measure,4952.0,1712.0,8.4778,64.53
177.250,measure,4952.0,1672.0,8.2797,64.22
177.350,measure,4952.0,1704.0,8.4382,64.62
177.450,measure,4952.0,1664.0,8.2401,64.31
177.550,measure,4952.0,1704.0,8.4382,64.50
177.650,measure,4952.0,1672.0,8.2797,64.50
177.751,measure,4952.0,1712.0,8.4778,64.59
177.851,measure,4952.0,1672.0,8.2797,64.44
177.951,measure,4952.0,1704.0,8.4382,64.75
178.051,measure,4952.0,1672.0,8.2797,64.34
178.151,measure,4952.0,1704.0,8.4382,64.44
178.251,measure,4952.0,1672.0,8.2797,64.31
178.351,measure,4952.0,1712.0,8.4778,64.78
178.452,measure,4952.0,1672.0,8.2797,64.25
178.552,measure,4952.0,1704.0,8.4382,64.50
178.652,measure,4952.0,1672.0,8.2797,64.41
178.752,measure,4952.0,1704.0,8.4382,64.44
178.852,measure,4952.0,1672.0,8.2797,64.41
178.952,measure,4952.0,1704.0,8.4382,64.53
179.052,measure,4952.0,1672.0,8.2797,64.44
179.153,measure,4952.0,1712.0,8.4778,64.47
179.253,measure,4952.0,1672.0,8.2797,64.31
179.353,measure,4952.0,1704.0,8.4382,64.78
179.453,measure,4952.0,1672.0,8.2797,64.41
179.553,measure,4952.0,1704.0,8.4382,64.69
179.653,measure,4952.0,1672.0,8.2797,64.59
179.753,measure,4952.0,1704.0,8.4382,64.66
179.854,measure,4952.0,1680.0,8.3194,64.28
179.954,measure,4952.0,1712.0,8.4778,64.41
180.054,measure,4952.0,1680.0,8.3194,64.53
180.154,measure,4952.0,1704.0,8.4382,64.44
180.254,measure,4952.0,1672.0,8.2797,64.28
180.354,measure,4952.0,1704.0,8.4382,64.53
180.454,measure,4952.0,1672.0,8.2797,64.25
180.554,measure,4952.0,1704.0,8.4382,64.56
180.655,measure,4952.0,1680.0,8.3194,64.31
180.755,measure,4952.0,1704.0,8.4382,64.53
180.855,measure,4952.0,1680.0,8.3194,64.47
180.955,measure,4952.0,1704.0,8.4382,64.62
181.055,measure,4952.0,1680.0,8.3194,64.56
181.155,measure,4952.0,1704.0,8.4382,64.69
181.255,measure,4952.0,1680.0,8.3194,64.34
181.356,measure,4952.0,1704.0,8.4382,64.38
181.456,measure,4952.0,1672.0,8.2797,64.53
181.556,measure,4952.0,1704.0,8.4382,64.69
181.656,measure,4952.0,1672.0,8.2797,64.38
181.756,measure,4952.0,1696.0,8.3986,64.81
181.856,measure,4952.0,1680.0,8.3194,64.38
181.957,measure,4952.0,1704.0,8.4382,64.44
182.057,measure,4952.0,1680.0,8.3194,64.47
182.157,measure,4952.0,1704.0,8.4382,64.44
182.257,measure,4952.0,1680.0,8.3194,64.50
182.357,measure,4952.0,1696.0,8.3986,64.47
182.457,measure,4952.0,1680.0,8.3194,64.41
182.557,measure,4952.0,1704.0,8.4382,64.50
182.658,measure,4952.0,1680.0,8.3194,64.47
182.758,measure,4952.0,1704.0,8.4382,64.75
182.858,measure,4952.0,1680.0,8.3194,64.56
182.958,measure,4952.0,1704.0,8.4382,64.59
183.058,measure,4952.0,1680.0,8.3194,64.31
183.158,measure,4952.0,1704.0,8.4382,64.78
183.258,measure,4952.0,1680.0,8.3194,64.47
183.358,measure,4952.0,1696.0,8.3986,64.50
183.459,measure,4952.0,1688.0,8.3590,64.66
183.559,measure,4952.0,1704.0,8.4382,64.44
183.659,measure,4952.0,1688.0,8.3590,64.41
183.759,measure,4952.0,1704.0,8.4382,64.44
183.859,measure,4952.0,1688.0,8.3590,64.31
183.959,measure,4952.0,1704.0,8.4382,64.41
184.059,measure,4952.0,1688.0,8.3590,64.44
184.160,measure,4952.0,1704.0,8.4382,64.50
184.260,measure,4952.0,1688.0,8.3590,64.62
184.360,measure,4952.0,1704.0,8.4382,64.62
184.460,measure,4952.0,1688.0,8.3590,64.41
184.560,measure,4952.0,1704.0,8.4382,64.66
184.660,measure,4952.0,1688.0,8.3590,64.50
184.760,measure,4952.0,1704.0,8.4382,64.50
184.860,measure,4952.0,1688.0,8.3590,64.69
184.961,measure,4952.0,1696.0,8.3986,64.69
185.061,measure,4952.0,1688.0,8.3590,64.47
185.161,measure,4952.0,1704.0,8.4382,64.53
185.261,measure,4952.0,1688.0,8.3590,64.44
185.361,measure,4952.0,1704.0,8.4382,64.38
185.461,measure,4952.0,1696.0,8.3986,64.53
185.561,measure,4952.0,1704.0,8.4382,64.41
185.661,measure,4952.0,1688.0,8.3590,64.44
185.762,measure,4952.0,1704.0,8.4382,64.53
185.862,measure,4952.0,1688.0,8.3590,64.56
185.962,measure,4952.0,1696.0,8.3986,64.62
186.062,measure,4952.0,1696.0,8.3986,64.53
186.162,measure,4952.0,1696.0,8.3986,64.50
186.262,measure,4952.0,1696.0,8.3986,64.66
186.362,measure,4952.0,1704.0,8.4382,64.62
186.463,measure,4952.0,1696.0,8.3986,64.47
186.563,measure,4952.0,1696.0,8.3986,64.75
186.663,measure,4952.0,1688.0,8.3590,64.62
186.763,measure,4952.0,1696.0,8.3986,64.41
186.863,measure,4952.0,1688.0,8.3590,64.53
186.963,measure,4952.0,1696.0,8.3986,64.72
187.063,measure,4952.0,1688.0,8.3590,64.56
187.163,measure,4952.0,1696.0,8.3986,64.47
187.264,measure,4952.0,1688.0,8.3590,64.53
187.364,measure,4952.0,1688.0,8.3590,64.41
187.464,measure,4952.0,1688.0,8.3590,64.62
187.564,measure,4952.0,1696.0,8.3986,64.47
187.664,measure,4952.0,1688.0,8.3590,64.59
187.764,measure,4952.0,1688.0,8.3590,64.69
187.864,measure,4952.0,1656.0,8.2005,64.56
187.965,measure,4952.0,1680.0,8.3194,64.75
188.065,measure,4952.0,1656.0,8.2005,64.53
188.165,measure,4952.0,1704.0,8.4382,64.69
188.265,measure,4952.0,1704.0,8.4382,64.38
188.365,measure,4952.0,1704.0,8.4382,64.69
188.465,measure,4952.0,1704.0,8.4382,64.53
188.565,measure,4952.0,1696.0,8.3986,64.56
188.665,measure,4952.0,1696.0,8.3986,64.78
188.766,measure,4952.0,1696.0,8.3986,64.53
188.866,measure,4952.0,1696.0,8.3986,64.56
188.966,measure,4952.0,1696.0,8.3986,64.50
189.066,measure,4952.0,1696.0,8.3986,64.50
189.166,measure,4952.0,1688.0,8.3590,64.50
189.266,measure,4952.0,1696.0,8.3986,64.50
189.366,measure,4952.0,1696.0,8.3986,64.38
189.466,measure,4952.0,1696.0,8.3986,64.66
189.567,measure,4952.0,1688.0,8.3590,64.59
189.667,measure,4952.0,1696.0,8.3986,64.84
189.767,measure,4952.0,1688.0,8.3590,64.56
189.867,measure,4952.0,1696.0,8.3986,64.59
189.967,measure,4952.0,1688.0,8.3590,64.53
190.067,measure,4952.0,1696.0,8.3986,64.75
190.167,measure,4952.0,1688.0,8.3590,64.66
190.268,measure,4952.0,1696.0,8.3986,64.47
190.368,measure,4952.0,1688.0,8.3590,64.78
190.468,measure,4952.0,1696.0,8.3986,64.59
190.568,measure,4952.0,1688.0,8.3590,64.59
190.668,measure,4952.0,1696.0,8.3986,64.56
190.768,measure,4952.0,1688.0,8.3590,64.50
190.868,measure,4952.0,1696.0,8.3986,64.44
190.968,measure,4952.0,1688.0,8.3590,64.44
191.069,measure,4952.0,1696.0,8.3986,64.56
191.169,measure,4952.0,1688.0,8.3590,64.53
191.269,measure,4952.0,1688.0,8.3590,64.53
191.369,measure,4952.0,1680.0,8.3194,64.59
191.469,measure,4952.0,1696.0,8.3986,64.78
191.569,measure,4952.0,1688.0,8.3590,64.62
191.669,measure,4952.0,1688.0,8.3590,64.50
191.770,measure,4952.0,1688.0,8.3590,64.66
191.870,measure,4952.0,1696.0,8.3986,64.66
191.970,measure,4952.0,1688.0,8.3590,64.41
192.070,measure,4952.0,1696.0,8.3986,64.47
192.170,measure,4952.0,1680.0,8.3194,64.69
192.270,measure,4952.0,1696.0,8.3986,64.50
192.370,measure,4952.0,1680.0,8.3194,64.66
192.470,measure,4952.0,1696.0,8.3986,64.53
192.571,measure,4952.0,1680.0,8.3194,64.53
192.671,measure,4952.0,1696.0,8.3986,64.62
192.771,measure,4952.0,1680.0,8.3194,64.44
192.871,measure,4952.0,1696.0,8.3986,64.50
192.971,measure,4952.0,1680.0,8.3194,64.59
193.071,measure,4952.0,1688.0,8.3590,64.59
193.171,measure,4952.0,1680.0,8.3194,64.62
193.271,measure,4952.0,1696.0,8.3986,64.72
193.372,measure,4952.0,1680.0,8.3194,64.59
193.472,measure,4952.0,1696.0,8.3986,64.91
193.572,measure,4952.0,1680.0,8.3194,64.56
193.672,measure,4952.0,1696.0,8.3986,64.50
193.772,measure,4952.0,1680.0,8.3194,64.38
193.872,measure,4952.0,1696.0,8.3986,64.88
193.972,measure,4952.0,1680.0,8.3194,64.41
194.073,measure,4952.0,1696.0,8.3986,64.50
194.173,measure,4952.0,1680.0,8.3194,64.56
194.273,measure,4952.0,1696.0,8.3986,64.56
194.373,measure,4952.0,1680.0,8.3194,64.47
194.473,measure,4952.0,1696.0,8.3986,64.59
194.573,measure,4952.0,1680.0,8.3194,64.47
194.673,measure,4952.0,1696.0,8.3986,64.72
194.774,measure,4952.0,1680.0,8.3194,64.50
194.874,measure,4952.0,1696.0,8.3986,64.84
194.974,measure,4952.0,1680.0,8.3194,64.59
195.074,measure,4952.0,1680.0,8.3194,64.62
195.174,measure,4952.0,1680.0,8.3194,64.53
195.274,measure,4952.0,1680.0,8.3194,64.75
195.374,measure,4952.0,1688.0,8.3590,64.53
195.474,measure,4952.0,1704.0,8.4382,64.50
195.575,measure,4952.0,1680.0,8.3194,64.72
195.675,measure,4952.0,1704.0,8.4382,64.56
195.775,measure,4952.0,1680.0,8.3194,64.44
195.875,measure,4952.0,1696.0,8.3986,64.59
195.975,measure,4952.0,1680.0,8.3194,64.56
196.075,measure,4952.0,1704.0,8.4382,64.75
196.175,measure,4952.0,1680.0,8.3194,64.50
196.276,measure,4952.0,1696.0,8.3986,64.53
196.376,measure,4952.0,1680.0,8.3194,64.50
196.476,measure,4952.0,1704.0,8.4382,64.75
196.576,measure,4952.0,1680.0,8.3194,64.69
196.676,measure,4952.0,1696.0,8.3986,64.78
196.776,measure,4952.0,1680.0,8.3194,64.44
196.876,measure,4952.0,1704.0,8.4382,64.56
196.976,measure,4952.0,1680.0,8.3194,64.66
197.077,measure,4952.0,1696.0,8.3986,64.75
197.177,measure,4952.0,1672.0,8.2797,64.47
197.277,measure,4952.0,1704.0,8.4382,64.84
197.377,measure,4952.0,1672.0,8.2797,64.44
197.477,measure,4952.0,1696.0,8.3986,64.53
197.577,measure,4952.0,1672.0,8.2797,64.47
197.677,measure,4952.0,1696.0,8.3986,64.62
197.778,measure,4952.0,1672.0,8.2797,64.62
197.878,measure,4952.0,1696.0,8.3986,64.66
197.978,measure,4952.0,1672.0,8.2797,64.41
198.078,measure,4952.0,1696.0,8.3986,64.81
198.178,measure,4952.0,1672.0,8.2797,64.47
198.278,measure,4952.0,1696.0,8.3986,64.62
198.378,measure,4952.0,1672.0,8.2797,64.66
198.478,measure,4952.0,1696.0,8.3986,64.69
198.579,measure,4952.0,1672.0,8.2797,64.47
198.679,measure,4952.0,1696.0,8.3986,64.81
198.779,measure,4952.0,1672.0,8.2797,64.59
198.879,measure,4952.0,1704.0,8.4382,64.53
198.979,measure,4952.0,1672.0,8.2797,64.53
199.079,measure,4952.0,1704.0,8.4382,64.78
199.179,measure,4952.0,1672.0,8.2797,64.50
199.279,measure,4952.0,1704.0,8.4382,64.47
199.380,measure,4952.0,1672.0,8.2797,64.44
199.480,measure,4952.0,1704.0,8.4382,64.56
199.580,measure,4952.0,1672.0,8.2797,64.69
199.680,measure,4952.0,1704.0,8.4382,64.66
199.780,measure,4952.0,1672.0,8.2797,64.47
199.880,measure,4952.0,1704.0,8.4382,64.66
199.980,measure,4952.0,1672.0,8.2797,64.44
200.080,measure,4952.0,1704.0,8.4382,64.84
200.181,measure,4952.0,1672.0,8.2797,64.56
200.281,measure,4952.0,1704.0,8.4382,64.62
200.381,measure,4952.0,1672.0,8.2797,64.66
200.481,measure,4952.0,1696.0,8.3986,64.72
200.581,measure,4952.0,1664.0,8.2401,64.59
200.681,measure,4952.0,1704.0,8.4382,64.56
200.781,measure,4952.0,1664.0,8.2401,64.53
200.882,measure,4952.0,1704.0,8.4382,64.62
200.982,measure,4952.0,1672.0,8.2797,64.41
201.082,measure,4952.0,1704.0,8.4382,64.75
201.182,measure,4952.0,1664.0,8.2401,64.41
201.282,measure,4952.0,1696.0,8.3986,64.75
201.382,measure,4952.0,1664.0,8.2401,64.62
201.482,measure,4952.0,1704.0,8.4382,64.66
201.582,measure,4952.0,1672.0,8.2797,64.56
201.683,measure,4952.0,1704.0,8.4382,64.69
201.783,measure,4952.0,1672.0,8.2797,64.66
201.883,measure,4952.0,1704.0,8.4382,64.81
201.983,measure,4952.0,1672.0,8.2797,64.47
202.083,measure,4952.0,1704.0,8.4382,65.00
202.183,measure,4952.0,1672.0,8.2797,64.50
202.283,measure,4952.0,1696.0,8.3986,64.72
202.383,measure,4952.0,1664.0,8.2401,64.62
202.484,measure,4952.0,1704.0,8.4382,64.91
202.584,measure,4952.0,1672.0,8.2797,64.50
202.684,measure,4952.0,1712.0,8.4778,64.53
202.784,measure,4952.0,1672.0,8.2797,64.50
202.884,measure,4952.0,1712.0,8.4778,64.62
202.984,measure,4952.0,1680.0,8.3194,64.50
203.084,measure,4952.0,1712.0,8.4778,64.66
203.184,measure,4952.0,1672.0,8.2797,64.72
203.285,measure,4952.0,1704.0,8.4382,64.81
203.385,measure,4952.0,1672.0,8.2797,64.53
203.485,measure,4952.0,1704.0,8.4382,64.62
203.585,measure,4952.0,1672.0,8.2797,64.62
203.685,measure,4952.0,1704.0,8.4382,64.75
203.785,measure,4952.0,1672.0,8.2797,64.47
203.885,measure,4952.0,1704.0,8.4382,64.91
203.985,measure,4952.0,1672.0,8.2797,64.47
204.086,measure,4952.0,1704.0,8.4382,64.53
204.186,measure,4952.0,1672.0,8.2797,64.69
204.286,measure,4952.0,1704.0,8.4382,64.78
204.386,measure,4952.0,1664.0,8.2401,64.59
204.486,measure,4952.0,1704.0,8.4382,64.53
204.586,measure,4952.0,1672.0,8.2797,64.47
204.686,measure,4952.0,1704.0,8.4382,64.62
204.786,measure,4952.0,1672.0,8.2797,64.53
204.887,measure,4952.0,1704.0,8.4382,64.62
204.987,measure,4952.0,1672.0,8.2797,64.62
205.087,measure,4952.0,1704.0,8.4382,64.78
205.187,measure,4952.0,1672.0,8.2797,64.59
205.287,measure,4952.0,1704.0,8.4382,64.78
205.387,measure,4952.0,1680.0,8.3194,64.62
205.487,measure,4952.0,1704.0,8.4382,64.75
205.588,measure,4952.0,1680.0,8.3194,64.78
205.688,measure,4952.0,1704.0,8.4382,64.78
205.788,measure,4952.0,1672.0,8.2797,64.41
205.888,measure,4952.0,1704.0,8.4382,65.00
205.988,measure,4952.0,1680.0,8.3194,64.62
206.088,measure,4952.0,1704.0,8.4382,64.66
206.188,measure,4952.0,1672.0,8.2797,64.53
206.288,measure,4952.0,1696.0,8.3986,64.56
206.389,measure,4952.0,1680.0,8.3194,64.47
206.489,measure,4952.0,1704.0,8.4382,64.66
206.589,measure,4952.0,1672.0,8.2797,64.41
206.689,measure,4952.0,1704.0,8.4382,64.66
206.789,measure,4952.0,1680.0,8.3194,64.59
206.889,measure,4952.0,1704.0,8.4382,64.69
206.989,measure,4952.0,1680.0,8.3194,64.72
207.089,measure,4952.0,1704.0,8.4382,64.69
207.190,measure,4952.0,1688.0,8.3590,64.56
207.290,measure,4952.0,1704.0,8.4382,64.94
207.390,measure,4952.0,1680.0,8.3194,64.66
207.490,measure,4952.0,1696.0,8.3986,64.50
207.590,measure,4952.0,1680.0,8.3194,64.50
207.690,measure,4952.0,1704.0,8.4382,64.88
207.791,measure,4952.0,1680.0,8.3194,64.66
207.891,measure,4952.0,1704.0,8.4382,64.59
207.991,measure,4952.0,1680.0,8.3194,64.59
208.091,measure,4952.0,1696.0,8.3986,64.62
208.191,measure,4952.0,1680.0,8.3194,64.62
208.291,measure,4952.0,1704.0,8.4382,64.66
208.391,measure,4952.0,1688.0,8.3590,64.47
208.491,measure,4952.0,1704.0,8.4382,64.75
208.592,measure,4952.0,1688.0,8.3590,64.53
208.692,measure,4952.0,1704.0,8.4382,64.91
208.792,measure,4952.0,1688.0,8.3590,64.69
208.892,measure,4952.0,1704.0,8.4382,64.72
208.992,measure,4952.0,1688.0,8.3590,64.78
209.092,measure,4952.0,1704.0,8.4382,64.81
209.192,measure,4952.0,1688.0,8.3590,64.62
209.293,measure,4952.0,1704.0,8.4382,64.47
209.393,measure,4952.0,1688.0,8.3590,64.78
209.493,measure,4952.0,1704.0,8.4382,64.59
209.593,measure,4952.0,1688.0,8.3590,64.69
209.693,measure,4952.0,1704.0,8.4382,64.97
209.793,measure,4952.0,1672.0,8.2797,64.59
209.893,measure,4952.0,1704.0,8.4382,64.56
209.993,measure,4952.0,1688.0,8.3590,64.66
210.094,measure,4952.0,1696.0,8.3986,64.56
210.194,measure,4952.0,1688.0,8.3590,64.66
210.294,measure,4952.0,1696.0,8.3986,64.69
210.394,measure,4952.0,1688.0,8.3590,64.56
210.494,measure,4952.0,1696.0,8.3986,64.75
210.594,measure,4952.0,1688.0,8.3590,64.62
210.694,measure,4952.0,1696.0,8.3986,64.62
210.794,measure,4952.0,1688.0,8.3590,64.75
210.895,measure,4952.0,1696.0,8.3986,64.72
210.995,measure,4952.0,1696.0,8.3986,64.47
211.095,measure,4952.0,1696.0,8.3986,64.81
211.195,measure,4952.0,1688.0,8.3590,64.50
211.295,measure,4952.0,1696.0,8.3986,64.47
211.395,measure,4952.0,1680.0,8.3194,64.66
211.495,measure,4952.0,1696.0,8.3986,64.75
211.596,measure,4952.0,1688.0,8.3590,64.59
211.696,measure,4952.0,1688.0,8.3590,64.59
211.796,measure,4952.0,1688.0,8.3590,64.59
211.896,measure,4952.0,1688.0,8.3590,64.72
211.996,measure,4952.0,1688.0,8.3590,64.53
212.096,measure,4952.0,1696.0,8.3986,64.62
212.196,measure,4952.0,1688.0,8.3590,64.78
212.296,measure,4952.0,1696.0,8.3986,64.66
212.397,measure,4952.0,1688.0,8.3590,64.72
212.497,measure,4952.0,1688.0,8.3590,64.81
212.597,measure,4952.0,1688.0,8.3590,64.69
212.697,measure,4952.0,1688.0,8.3590,64.59
212.797,measure,4952.0,1696.0,8.3986,64.81
212.897,measure,4952.0,1688.0,8.3590,64.75
212.997,measure,4952.0,1688.0,8.3590,64.53
213.097,measure,4952.0,1688.0,8.3590,64.56
213.198,measure,4952.0,1688.0,8.3590,64.66
213.298,measure,4952.0,1688.0,8.3590,64.66
213.398,measure,4952.0,1688.0,8.3590,64.69
213.498,measure,4952.0,1688.0,8.3590,64.56
213.598,measure,4952.0,1688.0,8.3590,64.81
213.698,measure,4952.0,1688.0,8.3590,64.62
213.798,measure,4952.0,1688.0,8.3590,64.56
213.899,measure,4952.0,1688.0,8.3590,64.78
213.999,measure,4952.0,1696.0,8.3986,64.69
214.099,measure,4952.0,1688.0,8.3590,64.75
214.199,measure,4952.0,1696.0,8.3986,64.94
214.299,measure,4952.0,1688.0,8.3590,64.72
214.399,measure,4952.0,1696.0,8.3986,64.59
214.499,measure,4952.0,1696.0,8.3986,64.59
214.599,measure,4952.0,1696.0,8.3986,64.78
214.700,measure,4952.0,1688.0,8.3590,64.44
214.800,measure,4952.0,1696.0,8.3986,64.47
214.900,measure,4952.0,1688.0,8.3590,64.78
215.000,measure,4952.0,1696.0,8.3986,64.53
215.100,measure,4952.0,1688.0,8.3590,64.72
215.200,measure,4952.0,1696.0,8.3986,64.62
215.300,measure,4952.0,1688.0,8.3590,64.59
215.400,measure,4952.0,1696.0,8.3986,64.72
215.501,measure,4952.0,1688.0,8.3590,64.53
215.601,measure,4952.0,1696.0,8.3986,64.59
215.701,measure,4952.0,1688.0,8.3590,64.62
215.801,measure,4952.0,1696.0,8.3986,64.72
215.901,measure,4952.0,1688.0,8.3590,64.78
216.001,measure,4952.0,1696.0,8.3986,64.81
216.101,measure,4952.0,1688.0,8.3590,64.66
216.201,measure,4952.0,1696.0,8.3986,64.62
216.302,measure,4952.0,1688.0,8.3590,64.78
216.402,measure,4952.0,1696.0,8.3986,64.59
216.502,measure,4952.0,1688.0,8.3590,64.47
216.602,measure,4952.0,1696.0,8.3986,64.84
216.702,measure,4952.0,1688.0,8.3590,64.50
216.802,measure,4952.0,1696.0,8.3986,64.56
216.902,measure,4952.0,1680.0,8.3194,64.72
217.003,measure,4952.0,1680.0,8.3194,64.66
217.103,measure,4952.0,1696.0,8.3986,64.62
217.203,measure,4952.0,1704.0,8.4382,64.66
217.303,measure,4952.0,1688.0,8.3590,64.59
217.403,measure,4952.0,1696.0,8.3986,64.75
217.503,measure,4952.0,1688.0,8.3590,64.62
217.603,measure,4952.0,1696.0,8.3986,64.59
217.703,measure,4952.0,1688.0,8.3590,64.75
217.804,measure,4952.0,1696.0,8.3986,64.72
217.904,measure,4952.0,1688.0,8.3590,64.56
218.004,measure,4952.0,1696.0,8.3986,64.94
218.104,measure,4952.0,1688.0,8.3590,64.62
218.204,measure,4952.0,1696.0,8.3986,64.56
218.304,measure,4952.0,1688.0,8.3590,64.47
218.404,measure,4952.0,1696.0,8.3986,64.62
218.504,measure,4952.0,1680.0,8.3194,64.44
218.605,measure,4952.0,1696.0,8.3986,64.69
218.705,measure,4952.0,1680.0,8.3194,64.66
218.805,measure,4952.0,1696.0,8.3986,64.66
218.905,measure,4952.0,1680.0,8.3194,64.59
219.005,measure,4952.0,1696.0,8.3986,64.72
219.105,measure,4952.0,1688.0,8.3590,64.66
219.206,measure,4952.0,1704.0,8.4382,64.78
219.306,measure,4952.0,1688.0,8.3590,64.59
219.406,measure,4952.0,1704.0,8.4382,64.91
219.506,measure,4952.0,1688.0,8.3590,64.59
219.606,measure,4952.0,1696.0,8.3986,64.62
219.706,measure,4952.0,1680.0,8.3194,64.78
219.806,measure,4952.0,1696.0,8.3986,64.81
219.906,measure,4952.0,1680.0,8.3194,64.62
220.007,measure,4952.0,1696.0,8.3986,64.66
220.107,measure,4952.0,1680.0,8.3194,64.53
220.207,measure,4952.0,1696.0,8.3986,64.62
220.307,measure,4952.0,1680.0,8.3194,64.62
220.407,measure,4952.0,1696.0,8.3986,64.66
220.507,measure,4952.0,1680.0,8.3194,64.66
220.607,measure,4952.0,1696.0,8.3986,64.69
220.707,measure,4952.0,1680.0,8.3194,64.59
220.808,measure,4952.0,1696.0,8.3986,64.91
220.908,measure,4952.0,1680.0,8.3194,64.59
221.008,measure,4952.0,1696.0,8.3986,64.66
221.108,measure,4952.0,1680.0,8.3194,64.75
221.208,measure,4952.0,1696.0,8.3986,64.81
221.308,measure,4952.0,1680.0,8.3194,64.66
221.408,measure,4952.0,1696.0,8.3986,64.69
221.509,measure,4952.0,1672.0,8.2797,64.69
221.609,measure,4952.0,1696.0,8.3986,64.62
221.709,measure,4952.0,1672.0,8.2797,64.62
221.809,measure,4952.0,1696.0,8.3986,64.91
221.909,measure,4952.0,1680.0,8.3194,64.50
222.009,measure,4952.0,1704.0,8.4382,64.59
222.109,measure,4952.0,1680.0,8.3194,64.53
222.209,measure,4952.0,1704.0,8.4382,64.59
222.310,measure,4952.0,1672.0,8.2797,64.66
222.410,measure,4952.0,1696.0,8.3986,64.72
222.510,measure,4952.0,1672.0,8.2797,64.62
222.610,measure,4952.0,1696.0,8.3986,64.84
222.710,measure,4952.0,1672.0,8.2797,64.56
222.810,measure,4952.0,1696.0,8.3986,64.91
222.910,measure,4952.0,1672.0,8.2797,64.59
223.010,measure,4952.0,1704.0,8.4382,64.78
223.111,measure,4952.0,1672.0,8.2797,64.47
223.211,measure,4952.0,1704.0,8.4382,64.88
223.311,measure,4952.0,1672.0,8.2797,64.72
223.411,measure,4952.0,1696.0,8.3986,64.69
223.511,measure,4952.0,1672.0,8.2797,64.78
223.611,measure,4952.0,1704.0,8.4382,64.62
223.711,measure,4952.0,1672.0,8.2797,64.53
223.812,measure,4952.0,1696.0,8.3986,64.72
223.912,measure,4952.0,1672.0,8.2797,64.53
224.012,measure,4952.0,1704.0,8.4382,64.81
224.112,measure,4952.0,1672.0,8.2797,64.56
224.212,measure,4952.0,1704.0,8.4382,64.69
224.312,measure,4952.0,1672.0,8.2797,64.66
224.412,measure,4952.0,1704.0,8.4382,64.78
224.512,measure,4952.0,1672.0,8.2797,64.56
224.613,measure,4952.0,1704.0,8.4382,64.78
224.713,measure,4952.0,1672.0,8.2797,64.59
224.813,measure,4952.0,1704.0,8.4382,64.59
224.913,measure,4952.0,1672.0,8.2797,64.75
225.013,measure,4952.0,1704.0,8.4382,64.78
225.113,measure,4952.0,1672.0,8.2797,64.66
225.213,measure,4952.0,1704.0,8.4382,64.72
225.314,measure,4952.0,1672.0,8.2797,64.56
225.414,measure,4952.0,1704.0,8.4382,64.66
225.514,measure,4952.0,1672.0,8.2797,64.50
225.614,measure,4952.0,1704.0,8.4382,64.66
225.714,measure,4952.0,1672.0,8.2797,64.50
225.814,measure,4952.0,1704.0,8.4382,64.78
225.914,measure,4952.0,1664.0,8.2401,64.72
226.015,measure,4952.0,1704.0,8.4382,64.81
226.115,measure,4952.0,1672.0,8.2797,64.66
226.215,measure,4952.0,1704.0,8.4382,64.78
226.315,measure,4952.0,1672.0,8.2797,64.66
226.415,measure,4952.0,1704.0,8.4382,64.84
226.515,measure,4952.0,1664.0,8.2401,64.50
226.615,measure,4952.0,1704.0,8.4382,64.97
226.715,measure,4952.0,1672.0,8.2797,64.72
226.816,measure,4952.0,1712.0,8.4778,64.62
226.916,measure,4952.0,1672.0,8.2797,64.75
227.016,measure,4952.0,1704.0,8.4382,64.69
227.116,measure,4952.0,1672.0,8.2797,64.56
227.216,measure,4952.0,1712.0,8.4778,64.78
227.316,measure,4952.0,1672.0,8.2797,64.50
227.416,measure,4952.0,1704.0,8.4382,64.69
227.517,measure,4952.0,1672.0,8.2797,64.53
227.617,measure,4952.0,1704.0,8.4382,64.78
227.717,measure,4952.0,1664.0,8.2401,64.69
227.817,measure,4952.0,1704.0,8.4382,64.84
227.917,measure,4952.0,1672.0,8.2797,64.56
228.017,measure,4952.0,1704.0,8.4382,65.00
228.117,measure,4952.0,1672.0,8.2797,64.59
228.217,measure,4952.0,1704.0,8.4382,64.78
228.318,measure,4952.0,1664.0,8.2401,64.78
228.418,measure,4952.0,1704.0,8.4382,64.91
228.518,measure,4952.0,1664.0,8.2401,64.53
228.618,measure,4952.0,1704.0,8.4382,64.72
228.718,measure,4952.0,1672.0,8.2797,64.78
228.818,measure,4952.0,1704.0,8.4382,64.72
228.918,measure,4952.0,1672.0,8.2797,64.53
229.019,measure,4952.0,1704.0,8.4382,64.72
229.119,measure,4952.0,1672.0,8.2797,64.50
229.219,measure,4952.0,1704.0,8.4382,64.91
229.319,measure,4952.0,1672.0,8.2797,64.56
229.419,measure,4952.0,1704.0,8.4382,64.72
229.519,measure,4952.0,1672.0,8.2797,64.66
229.619,measure,4952.0,1704.0,8.4382,64.72
229.719,measure,4952.0,1672.0,8.2797,64.78
229.820,measure,4952.0,1704.0,8.4382,64.84
229.920,measure,4952.0,1672.0,8.2797,64.62
230.020,measure,4952.0,1704.0,8.4382,64.62
230.120,measure,4952.0,1680.0,8.3194,64.66
230.220,measure,4952.0,1712.0,8.4778,64.59
230.320,measure,4952.0,1680.0,8.3194,64.62
230.420,measure,4952.0,1712.0,8.4778,65.00
230.521,measure,4952.0,1680.0,8.3194,64.53
230.621,measure,4952.0,1704.0,8.4382,64.72
230.721,measure,4952.0,1680.0,8.3194,64.69
230.821,measure,4952.0,1704.0,8.4382,64.75
230.921,measure,4952.0,1672.0,8.2797,64.69
231.021,measure,4952.0,1704.0,8.4382,64.78
231.121,measure,4952.0,1672.0,8.2797,64.53
231.221,measure,4952.0,1704.0,8.4382,64.88
231.322,measure,4952.0,1672.0,8.2797,64.56
231.422,measure,4952.0,1704.0,8.4382,65.06
231.522,measure,4952.0,1672.0,8.2797,64.72
231.623,measure,4952.0,1696.0,8.3986,64.84
231.723,measure,4952.0,1680.0,8.3194,64.62
231.823,measure,4952.0,1704.0,8.4382,64.94
231.923,measure,4952.0,1680.0,8.3194,64.53
232.023,measure,4952.0,1696.0,8.3986,64.62
232.123,measure,4952.0,1672.0,8.2797,64.62
232.223,measure,4952.0,1704.0,8.4382,64.69
232.323,measure,4952.0,1680.0,8.3194,64.53
232.424,measure,4952.0,1704.0,8.4382,64.75
232.524,measure,4952.0,1680.0,8.3194,64.69
232.624,measure,4952.0,1696.0,8.3986,64.81
232.724,measure,4952.0,1672.0,8.2797,64.62
232.824,measure,4952.0,1696.0,8.3986,64.72
232.924,measure,4952.0,1680.0,8.3194,64.75
233.024,measure,4952.0,1696.0,8.3986,64.78
233.125,measure,4952.0,1680.0,8.3194,64.50
233.225,measure,4952.0,1696.0,8.3986,64.88
233.325,measure,4952.0,1680.0,8.3194,64.72
233.425,measure,4952.0,1696.0,8.3986,64.69
233.525,measure,4952.0,1680.0,8.3194,64.81
233.625,measure,4952.0,1696.0,8.3986,64.84
233.725,measure,4952.0,1680.0,8.3194,64.53
233.826,measure,4952.0,1696.0,8.3986,64.62
233.926,measure,4952.0,1680.0,8.3194,64.53
234.026,measure,4952.0,1696.0,8.3986,64.66
234.126,measure,4952.0,1688.0,8.3590,64.69
234.226,measure,4952.0,1696.0,8.3986,64.69
234.326,measure,4952.0,1688.0,8.3590,64.75
234.426,measure,4952.0,1696.0,8.3986,64.78
234.526,measure,4952.0,1688.0,8.3590,64.66
234.627,measure,4952.0,1696.0,8.3986,64.78
234.727,measure,4952.0,1688.0,8.3590,64.75
234.827,measure,4952.0,1696.0,8.3986,64.75
234.927,measure,4952.0,1688.0,8.3590,64.78
235.027,measure,4952.0,1696.0,8.3986,64.81
235.127,measure,4952.0,1680.0,8.3194,64.72
235.227,measure,4952.0,1696.0,8.3986,64.94
235.327,measure,4952.0,1688.0,8.3590,64.78
235.428,measure,4952.0,1704.0,8.4382,64.66
235.528,measure,4952.0,1688.0,8.3590,64.53
235.628,measure,4952.0,1704.0,8.4382,64.56
235.728,measure,4952.0,1688.0,8.3590,64.59
235.828,measure,4952.0,1696.0,8.3986,64.56
235.928,measure,4952.0,1688.0,8.3590,64.69
236.028,measure,4952.0,1696.0,8.3986,64.72
236.129,measure,4952.0,1688.0,8.3590,64.72
236.229,measure,4952.0,1696.0,8.3986,64.66
236.329,measure,4952.0,1688.0,8.3590,64.81
236.429,measure,4952.0,1696.0,8.3986,64.69
236.529,measure,4952.0,1696.0,8.3986,64.66
236.629,measure,4952.0,1696.0,8.3986,64.81
236.729,measure,4952.0,1696.0,8.3986,64.78
236.829,measure,4952.0,1696.0,8.3986,64.75
236.930,measure,4952.0,1688.0,8.3590,64.81
237.030,measure,4952.0,1696.0,8.3986,64.81
237.130,measure,4952.0,1688.0,8.3590,64.66
237.230,measure,4952.0,1696.0,8.3986,64.62
237.330,measure,4952.0,1688.0,8.3590,64.62
237.430,measure,4952.0,1688.0,8.3590,64.62
237.530,measure,4952.0,1688.0,8.3590,64.81
237.631,measure,4952.0,1696.0,8.3986,64.59
237.731,measure,4952.0,1688.0,8.3590,64.56
237.831,measure,4952.0,1688.0,8.3590,64.72
237.931,measure,4952.0,1688.0,8.3590,64.75
238.031,measure,4952.0,1688.0,8.3590,64.66
238.131,measure,4952.0,1688.0,8.3590,64.78
238.231,measure,4952.0,1688.0,8.3590,64.72
238.332,measure,4952.0,1688.0,8.3590,64.88
238.432,measure,4952.0,1688.0,8.3590,64.78
238.532,measure,4952.0,1696.0,8.3986,64.72
238.632,measure,4952.0,1688.0,8.3590,64.59
238.732,measure,4952.0,1696.0,8.3986,64.94
238.832,measure,4952.0,1688.0,8.3590,64.75
238.932,measure,4952.0,1688.0,8.3590,64.66
239.032,measure,4952.0,1688.0,8.3590,64.88
239.133,measure,4952.0,1696.0,8.3986,64.69
239.233,measure,4952.0,1688.0,8.3590,64.69
239.333,measure,4952.0,1688.0,8.3590,64.72
239.433,measure,4952.0,1688.0,8.3590,64.62
239.533,measure,4952.0,1688.0,8.3590,64.81
239.633,measure,4952.0,1688.0,8.3590,64.75
239.733,measure,4952.0,1696.0,8.3986,65.00
239.834,measure,4952.0,1688.0,8.3590,64.78
239.934,measure,4952.0,1688.0,8.3590,64.78
240.034,measure,4952.0,1688.0,8.3590,64.66
240.134,measure,4952.0,1688.0,8.3590,64.88
240.234,measure,4952.0,1688.0,8.3590,64.69
240.334,measure,4952.0,1696.0,8.3986,64.56
240.434,measure,4952.0,1688.0,8.3590,64.81
240.534,measure,4952.0,1696.0,8.3986,64.78
240.635,measure,4952.0,1688.0,8.3590,64.66
240.735,measure,4952.0,1688.0,8.3590,64.75
240.835,measure,4952.0,1688.0,8.3590,64.66
240.935,measure,4952.0,1696.0,8.3986,64.78
241.035,measure,4952.0,1688.0,8.3590,64.62
241.135,measure,4952.0,1696.0,8.3986,64.59
241.235,measure,4952.0,1688.0,8.3590,64.72
241.336,measure,4952.0,1688.0,8.3590,64.81
241.436,measure,4952.0,1688.0,8.3590,64.56
241.536,measure,4952.0,1696.0,8.3986,64.81
241.636,measure,4952.0,1688.0,8.3590,64.72
241.736,measure,4952.0,1696.0,8.3986,64.69
241.836,measure,4952.0,1688.0,8.3590,64.81
241.936,measure,4952.0,1696.0,8.3986,64.78
242.036,measure,4952.0,1688.0,8.3590,64.59
242.137,measure,4952.0,1696.0,8.3986,65.00
242.237,measure,4952.0,1688.0,8.3590,64.78
242.337,measure,4952.0,1696.0,8.3986,64.62
242.437,measure,4952.0,1680.0,8.3194,64.56
242.537,measure,4952.0,1696.0,8.3986,64.72
242.637,measure,4952.0,1688.0,8.3590,64.66
242.737,measure,4952.0,1696.0,8.3986,64.78
242.837,measure,4952.0,1680.0,8.3194,64.66
242.938,measure,4952.0,1696.0,8.3986,64.66
243.038,measure,4952.0,1680.0,8.3194,64.62
243.138,measure,4952.0,1696.0,8.3986,64.69
243.238,measure,4952.0,1680.0,8.3194,64.78
243.338,measure,4952.0,1696.0,8.3986,64.84
243.438,measure,4952.0,1680.0,8.3194,64.66
243.538,measure,4952.0,1696.0,8.3986,64.94
243.639,measure,4952.0,1680.0,8.3194,64.75
243.739,measure,4952.0,1696.0,8.3986,64.78
243.839,measure,4952.0,1688.0,8.3590,64.56
243.939,measure,4952.0,1704.0,8.4382,64.81
244.039,measure,4952.0,1688.0,8.3590,64.56
244.139,measure,4952.0,1696.0,8.3986,64.62
244.239,measure,4952.0,1680.0,8.3194,64.53
244.339,measure,4952.0,1696.0,8.3986,64.69
244.440,measure,4952.0,1680.0,8.3194,64.62
244.540,measure,4952.0,1696.0,8.3986,64.72
244.640,measure,4952.0,1680.0,8.3194,64.66
244.740,measure,4952.0,1704.0,8.4382,64.84
244.840,measure,4952.0,1680.0,8.3194,64.66
244.940,measure,4952.0,1696.0,8.3986,64.69
245.040,measure,4952.0,1680.0,8.3194,64.75
245.141,measure,4952.0,1696.0,8.3986,64.78
245.241,measure,4952.0,1680.0,8.3194,64.78
245.341,measure,4952.0,1696.0,8.3986,64.84
245.441,measure,4952.0,1680.0,8.3194,64.62
245.541,measure,4952.0,1696.0,8.3986,64.59
245.641,measure,4952.0,1680.0,8.3194,64.78
245.741,measure,4952.0,1688.0,8.3590,64.69
245.841,measure,4952.0,1680.0,8.3194,64.56
245.942,measure,4952.0,1696.0,8.3986,64.97
246.042,measure,4952.0,1680.0,8.3194,64.53
246.142,measure,4952.0,1696.0,8.3986,64.72
246.242,measure,4952.0,1680.0,8.3194,64.66
246.342,measure,4952.0,1696.0,8.3986,64.78
246.442,measure,4952.0,1672.0,8.2797,64.69
246.542,measure,4952.0,1696.0,8.3986,64.78
246.643,measure,4952.0,1680.0,8.3194,64.59
246.743,measure,4952.0,1704.0,8.4382,64.88
246.843,measure,4952.0,1680.0,8.3194,64.66
246.943,measure,4952.0,1704.0,8.4382,64.78
247.043,measure,4952.0,1680.0,8.3194,64.75
247.143,measure,4952.0,1704.0,8.4382,64.84
247.243,measure,4952.0,1680.0,8.3194,64.69
247.343,measure,4952.0,1704.0,8.4382,64.91
247.444,measure,4952.0,1680.0,8.3194,64.66
247.544,measure,4952.0,1704.0,8.4382,64.66
247.644,measure,4952.0,1680.0,8.3194,64.56
247.744,measure,4952.0,1704.0,8.4382,64.75
247.844,measure,4952.0,1680.0,8.3194,64.53
247.944,measure,4952.0,1704.0,8.4382,64.75
248.044,measure,4952.0,1680.0,8.3194,64.69
248.145,measure,4952.0,1704.0,8.4382,64.69
248.245,measure,4952.0,1672.0,8.2797,64.56
248.345,measure,4952.0,1704.0,8.4382,64.75
248.445,measure,4952.0,1672.0,8.2797,64.66
248.545,measure,4952.0,1696.0,8.3986,64.81
248.645,measure,4952.0,1672.0,8.2797,64.59
248.745,measure,4952.0,1704.0,8.4382,65.00
248.845,measure,4952.0,1672.0,8.2797,64.69
248.945,measure,4952.0,1704.0,8.4382,64.75
249.046,measure,4952.0,1672.0,8.2797,64.81
249.146,measure,4952.0,1704.0,8.4382,64.94
249.246,measure,4952.0,1672.0,8.2797,64.62
249.346,measure,4952.0,1704.0,8.4382,64.69
249.446,measure,4952.0,1672.0,8.2797,64.53
249.546,measure,4952.0,1712.0,8.4778,64.66
249.646,measure,4952.0,1680.0,8.3194,64.69
249.746,measure,4952.0,1704.0,8.4382,64.75
249.847,measure,4952.0,1672.0,8.2797,64.72
249.947,measure,4952.0,1704.0,8.4382,64.78
250.047,measure,4952.0,1680.0,8.3194,64.72
250.147,measure,4952.0,1712.0,8.4778,64.94
250.247,measure,4952.0,1672.0,8.2797,64.62
250.347,measure,4952.0,1704.0,8.4382,64.78
250.447,measure,4952.0,1672.0,8.2797,64.78
250.547,measure,4952.0,1704.0,8.4382,64.91
250.648,measure,4952.0,1672.0,8.2797,64.81
250.748,measure,4952.0,1704.0,8.4382,64.75
250.848,measure,4952.0,1672.0,8.2797,64.75
250.948,measure,4952.0,1704.0,8.4382,64.72
251.048,measure,4952.0,1672.0,8.2797,64.69
251.148,measure,4952.0,1704.0,8.4382,64.97
251.248,measure,4952.0,1672.0,8.2797,64.62
251.349,measure,4952.0,1704.0,8.4382,64.75
251.449,measure,4952.0,1672.0,8.2797,64.84
251.549,measure,4952.0,1704.0,8.4382,64.81
251.649,measure,4952.0,1672.0,8.2797,64.75
251.749,measure,4952.0,1704.0,8.4382,64.84
251.849,measure,4952.0,1672.0,8.2797,64.69
251.949,measure,4952.0,1704.0,8.4382,64.94
252.049,measure,4952.0,1664.0,8.2401,64.66
252.150,measure,4952.0,1704.0,8.4382,65.00
252.250,measure,4952.0,1672.0,8.2797,64.72
252.350,measure,4952.0,1704.0,8.4382,64.91
252.450,measure,4952.0,1672.0,8.2797,64.78
252.550,measure,4952.0,1704.0,8.4382,65.00
252.650,measure,4952.0,1672.0,8.2797,64.66
252.750,measure,4952.0,1704.0,8.4382,64.69
252.851,measure,4952.0,1672.0,8.2797,64.81
252.951,measure,4952.0,1712.0,8.4778,64.75
253.051,measure,4952.0,1672.0,8.2797,64.56
253.151,measure,4952.0,1712.0,8.4778,64.84
253.251,measure,4952.0,1680.0,8.3194,64.59
253.351,measure,4952.0,1712.0,8.4778,64.84
253.451,measure,4952.0,1672.0,8.2797,64.75
253.551,measure,4952.0,1712.0,8.4778,64.78
253.652,measure,4952.0,1672.0,8.2797,64.72
253.752,measure,4952.0,1696.0,8.3986,64.88
253.852,measure,4952.0,1680.0,8.3194,64.84
253.952,measure,4952.0,1712.0,8.4778,65.00
254.052,measure,4952.0,1680.0,8.3194,64.66
254.152,measure,4952.0,1704.0,8.4382,64.69
254.252,measure,4952.0,1672.0,8.2797,64.78
254.353,measure,4952.0,1712.0,8.4778,64.91
254.453,measure,4952.0,1672.0,8.2797,64.66
254.553,measure,4952.0,1704.0,8.4382,65.06
254.653,measure,4952.0,1672.0,8.2797,64.66
254.753,measure,4952.0,1704.0,8.4382,64.69
254.853,measure,4952.0,1672.0,8.2797,64.66
254.953,measure,4952.0,1704.0,8.4382,64.84
255.054,measure,4952.0,1672.0,8.2797,64.50
255.154,measure,4952.0,1704.0,8.4382,64.81
255.254,measure,4952.0,1672.0,8.2797,64.75
255.354,measure,4952.0,1704.0,8.4382,64.88
255.454,measure,4952.0,1672.0,8.2797,64.69
255.554,measure,4952.0,1704.0,8.4382,64.78
255.654,measure,4952.0,1672.0,8.2797,64.81
255.754,measure,4952.0,1704.0,8.4382,64.91
255.855,measure,4952.0,1672.0,8.2797,64.59
255.955,measure,4952.0,1704.0,8.4382,65.03
256.055,measure,4952.0,1672.0,8.2797,64.75
256.155,measure,4952.0,1688.0,8.3590,64.75
256.255,measure,4952.0,1672.0,8.2797,64.66
256.355,measure,4952.0,1704.0,8.4382,64.72
256.456,measure,4952.0,1672.0,8.2797,64.59
256.556,measure,4952.0,1704.0,8.4382,64.84
256.656,measure,4952.0,1672.0,8.2797,64.62
256.756,measure,4952.0,1704.0,8.4382,64.88
256.856,measure,4952.0,1680.0,8.3194,64.72
256.956,measure,4952.0,1704.0,8.4382,64.81
257.057,measure,4952.0,1680.0,8.3194,64.84
257.157,measure,4952.0,1712.0,8.4778,64.88
257.257,measure,4952.0,1696.0,8.3986,64.75
257.357,measure,4952.0,1712.0,8.4778,65.00
257.457,measure,4952.0,1720.0,8.5174,64.78
257.557,measure,4944.0,1784.0,8.8201,64.81
257.658,measure,4944.0,1816.0,8.9783,65.12
257.758,measure,4944.0,1856.0,9.1761,65.09
257.858,measure,4944.0,1872.0,9.2552,64.78
257.958,measure,4944.0,1848.0,9.1365,64.84
258.058,measure,4944.0,1856.0,9.1761,64.75
258.158,measure,4944.0,1904.0,9.4134,64.94
258.258,measure,4944.0,1896.0,9.3738,64.88
258.359,measure,4944.0,1920.0,9.4925,64.97
258.459,measure,4944.0,1864.0,9.2156,64.84
258.559,measure,4944.0,1848.0,9.1365,64.91
258.659,measure,4944.0,1800.0,8.8992,64.78
258.759,measure,4944.0,1792.0,8.8596,65.03
258.859,measure,4944.0,1760.0,8.7014,64.84
258.959,measure,4944.0,1760.0,8.7014,64.91
259.059,measure,4952.0,1728.0,8.5571,64.94
259.160,measure,4952.0,1736.0,8.5967,64.94
259.260,measure,4952.0,1712.0,8.4778,64.75
259.360,measure,4952.0,1720.0,8.5174,64.78
259.460,measure,4952.0,1704.0,8.4382,64.94
259.560,measure,4952.0,1712.0,8.4778,64.75
259.660,measure,4952.0,1672.0,8.2797,64.72
259.760,measure,4952.0,1704.0,8.4382,64.78
259.861,measure,4952.0,1696.0,8.3986,64.84
259.961,measure,4952.0,1704.0,8.4382,64.91
260.061,measure,4952.0,1696.0,8.3986,64.75
260.161,measure,4952.0,1704.0,8.4382,64.78
260.261,measure,4952.0,1688.0,8.3590,64.81
260.361,measure,4952.0,1696.0,8.3986,64.78
260.461,measure,4952.0,1688.0,8.3590,64.69
260.562,measure,4952.0,1696.0,8.3986,64.88
260.662,measure,4952.0,1688.0,8.3590,64.81
260.762,measure,4952.0,1696.0,8.3986,65.03
260.862,measure,4952.0,1688.0,8.3590,64.91
260.962,measure,4952.0,1696.0,8.3986,64.84
261.062,measure,4952.0,1688.0,8.3590,64.75
261.162,measure,4952.0,1696.0,8.3986,64.94
261.262,measure,4952.0,1688.0,8.3590,64.75
261.363,measure,4952.0,1696.0,8.3986,64.69
261.463,measure,4952.0,1688.0,8.3590,65.00
261.563,measure,4952.0,1688.0,8.3590,64.78
261.663,measure,4952.0,1688.0,8.3590,64.88
261.763,measure,4952.0,1696.0,8.3986,64.81
261.863,measure,4952.0,1688.0,8.3590,64.78
261.963,measure,4952.0,1696.0,8.3986,64.78
262.064,measure,4952.0,1688.0,8.3590,64.81
262.164,measure,4952.0,1696.0,8.3986,64.84
262.264,measure,4952.0,1680.0,8.3194,64.81
262.364,measure,4952.0,1696.0,8.3986,64.78
262.464,measure,4952.0,1696.0,8.3986,64.84
262.564,measure,4952.0,1696.0,8.3986,64.91
262.664,measure,4952.0,1696.0,8.3986,64.88
262.764,measure,4952.0,1696.0,8.3986,64.69
262.865,measure,4952.0,1688.0,8.3590,65.03
262.965,measure,4952.0,1696.0,8.3986,64.72
263.065,measure,4952.0,1696.0,8.3986,64.75
263.165,measure,4952.0,1696.0,8.3986,64.75
263.265,measure,4952.0,1696.0,8.3986,64.72
263.365,measure,4952.0,1696.0,8.3986,64.84
263.465,measure,4952.0,1696.0,8.3986,64.78
263.566,measure,4952.0,1696.0,8.3986,64.78
263.666,measure,4952.0,1696.0,8.3986,64.88
263.766,measure,4952.0,1696.0,8.3986,64.78
263.866,measure,4952.0,1696.0,8.3986,64.78
263.966,measure,4952.0,1696.0,8.3986,64.81
264.066,measure,4952.0,1696.0,8.3986,64.81
264.166,measure,4952.0,1696.0,8.3986,64.78
264.266,measure,4952.0,1696.0,8.3986,64.97
264.367,measure,4952.0,1696.0,8.3986,64.88
264.467,measure,4952.0,1696.0,8.3986,64.84
264.567,measure,4952.0,1696.0,8.3986,65.00
264.667,measure,4952.0,1696.0,8.3986,64.94
264.767,measure,4952.0,1696.0,8.3986,64.72
264.867,measure,4952.0,1696.0,8.3986,64.72
264.967,measure,4952.0,1696.0,8.3986,64.66
265.068,measure,4952.0,1696.0,8.3986,64.78
265.168,measure,4952.0,1696.0,8.3986,64.91
265.268,measure,4952.0,1696.0,8.3986,64.84
265.368,measure,4952.0,1696.0,8.3986,64.78
265.468,measure,4952.0,1704.0,8.4382,64.91
265.568,measure,4952.0,1696.0,8.3986,64.75
265.668,measure,4952.0,1688.0,8.3590,64.91
265.768,measure,4952.0,1696.0,8.3986,64.84
265.869,measure,4952.0,1712.0,8.4778,64.84
265.969,measure,4952.0,1696.0,8.3986,64.91
266.069,measure,4952.0,1704.0,8.4382,64.97
266.169,measure,4952.0,1688.0,8.3590,64.84
266.269,measure,4952.0,1696.0,8.3986,64.84
266.369,measure,4952.0,1688.0,8.3590,64.91
266.469,measure,4952.0,1696.0,8.3986,64.78
266.570,measure,4952.0,1680.0,8.3194,64.75
266.670,measure,4952.0,1688.0,8.3590,64.75
266.770,measure,4952.0,1680.0,8.3194,64.75
266.870,measure,4952.0,1696.0,8.3986,64.94
266.970,measure,4952.0,1680.0,8.3194,64.75
267.070,measure,4952.0,1696.0,8.3986,64.81
267.170,measure,4952.0,1688.0,8.3590,64.81
267.271,measure,4952.0,1696.0,8.3986,64.91
267.371,measure,4952.0,1688.0,8.3590,64.88
267.471,measure,4952.0,1696.0,8.3986,64.94
267.571,measure,4952.0,1688.0,8.3590,64.78
267.671,measure,4952.0,1696.0,8.3986,65.09
267.771,measure,4952.0,1680.0,8.3194,64.88
267.871,measure,4952.0,1704.0,8.4382,64.91
267.972,measure,4952.0,1688.0,8.3590,64.69
268.072,measure,4952.0,1704.0,8.4382,65.06
268.172,measure,4952.0,1688.0,8.3590,64.81
268.272,measure,4952.0,1704.0,8.4382,64.78
268.372,measure,4952.0,1688.0,8.3590,64.78
268.472,measure,4952.0,1704.0,8.4382,64.78
268.572,measure,4952.0,1680.0,8.3194,64.75
268.673,measure,4952.0,1696.0,8.3986,64.91
268.773,measure,4952.0,1680.0,8.3194,64.69
268.873,measure,4952.0,1704.0,8.4382,64.97
268.973,measure,4952.0,1688.0,8.3590,64.97
269.073,measure,4952.0,1704.0,8.4382,65.12
269.173,measure,4952.0,1680.0,8.3194,64.84
269.273,measure,4952.0,1704.0,8.4382,64.94
269.374,measure,4952.0,1680.0,8.3194,64.75
269.474,measure,4952.0,1704.0,8.4382,65.00
269.574,measure,4952.0,1680.0,8.3194,64.81
269.674,measure,4952.0,1696.0,8.3986,64.78
269.774,measure,4952.0,1680.0,8.3194,64.84
269.874,measure,4952.0,1696.0,8.3986,64.91
269.974,measure,4952.0,1680.0,8.3194,64.75
270.074,measure,4952.0,1704.0,8.4382,64.88
270.175,measure,4952.0,1680.0,8.3194,64.78
270.275,measure,4952.0,1704.0,8.4382,64.81
270.375,measure,4952.0,1680.0,8.3194,64.69
270.475,measure,4952.0,1704.0,8.4382,64.78
270.575,measure,4952.0,1680.0,8.3194,64.78
270.675,measure,4952.0,1704.0,8.4382,64.94
270.775,measure,4952.0,1680.0,8.3194,64.75
270.876,measure,4952.0,1704.0,8.4382,65.06
270.976,measure,4952.0,1680.0,8.3194,64.84
271.076,measure,4952.0,1704.0,8.4382,65.00
271.176,measure,4952.0,1680.0,8.3194,64.91
271.276,measure,4952.0,1704.0,8.4382,64.97
271.376,measure,4952.0,1680.0,8.3194,64.75
271.476,measure,4952.0,1696.0,8.3986,65.12
271.577,measure,4952.0,1672.0,8.2797,64.69
271.677,measure,4952.0,1696.0,8.3986,64.78
271.777,measure,4952.0,1672.0,8.2797,64.78
271.877,measure,4952.0,1696.0,8.3986,64.84
271.977,measure,4952.0,1672.0,8.2797,64.75
272.077,measure,4952.0,1704.0,8.4382,64.91
272.177,measure,4952.0,1680.0,8.3194,64.72
272.278,measure,4952.0,1704.0,8.4382,65.00
272.378,measure,4952.0,1672.0,8.2797,64.75
272.478,measure,4952.0,1704.0,8.4382,64.91
272.578,measure,4952.0,1672.0,8.2797,64.84
272.678,measure,4952.0,1704.0,8.4382,64.94
272.778,measure,4952.0,1672.0,8.2797,64.75
272.878,measure,4952.0,1704.0,8.4382,65.09
272.979,measure,4952.0,1672.0,8.2797,64.78
273.079,measure,4952.0,1704.0,8.4382,64.72
273.179,measure,4952.0,1680.0,8.3194,64.75
273.279,measure,4952.0,1696.0,8.3986,65.00
273.379,measure,4952.0,1672.0,8.2797,64.59
273.479,measure,4952.0,1680.0,8.3194,64.84
273.579,measure,4952.0,1680.0,8.3194,64.84
273.680,measure,4952.0,1704.0,8.4382,64.84
273.780,measure,4952.0,1680.0,8.3194,64.75
273.880,measure,4952.0,1712.0,8.4778,64.81
273.980,measure,4952.0,1680.0,8.3194,64.78
274.080,measure,4952.0,1704.0,8.4382,65.00
274.180,measure,4952.0,1680.0,8.3194,64.72
274.280,measure,4952.0,1704.0,8.4382,65.09
274.380,measure,4952.0,1672.0,8.2797,64.78
274.481,measure,4952.0,1712.0,8.4778,64.91
274.581,measure,4952.0,1672.0,8.2797,64.97
274.681,measure,4952.0,1704.0,8.4382,65.03
274.781,measure,4952.0,1672.0,8.2797,64.75
274.881,measure,4952.0,1704.0,8.4382,64.75
274.981,measure,4952.0,1672.0,8.2797,64.84
275.081,measure,4952.0,1712.0,8.4778,64.81
275.182,measure,4952.0,1672.0,8.2797,64.72
275.282,measure,4952.0,1704.0,8.4382,64.84
275.382,measure,4952.0,1672.0,8.2797,64.84
275.482,measure,4952.0,1704.0,8.4382,64.97
275.582,measure,4952.0,1672.0,8.2797,64.78
275.682,measure,4952.0,1712.0,8.4778,64.81
275.782,measure,4952.0,1672.0,8.2797,64.78
275.883,measure,4952.0,1704.0,8.4382,64.91
275.983,measure,4952.0,1672.0,8.2797,64.91
276.083,measure,4952.0,1704.0,8.4382,65.00
276.183,measure,4952.0,1664.0,8.2401,64.72
276.283,measure,4952.0,1712.0,8.4778,65.16
276.383,measure,4952.0,1672.0,8.2797,64.84
276.483,measure,4952.0,1712.0,8.4778,64.97
276.584,measure,4952.0,1672.0,8.2797,64.75
276.684,measure,4952.0,1696.0,8.3986,65.09
276.784,measure,4952.0,1664.0,8.2401,64.69
276.884,measure,4952.0,1688.0,8.3590,64.78
276.984,measure,4952.0,1672.0,8.2797,64.72
277.084,measure,4952.0,1688.0,8.3590,64.78
277.184,measure,4952.0,1672.0,8.2797,64.88
277.285,measure,4952.0,1712.0,8.4778,64.88
277.385,measure,4952.0,1680.0,8.3194,64.75
277.485,measure,4952.0,1704.0,8.4382,65.06
277.585,measure,4952.0,1672.0,8.2797,64.78
277.685,measure,4952.0,1704.0,8.4382,65.16
277.785,measure,4952.0,1672.0,8.2797,64.81
277.885,measure,4952.0,1704.0,8.4382,64.91
277.986,measure,4952.0,1664.0,8.2401,64.66
278.086,measure,4952.0,1704.0,8.4382,65.03
278.186,measure,4952.0,1664.0,8.2401,64.88
278.286,measure,4952.0,1704.0,8.4382,64.81
278.386,measure,4952.0,1672.0,8.2797,64.91
278.486,measure,4952.0,1704.0,8.4382,64.81
278.586,measure,4952.0,1664.0,8.2401,64.75
278.687,measure,4952.0,1696.0,8.3986,64.94
278.787,measure,4952.0,1680.0,8.3194,64.69
278.887,measure,4952.0,1712.0,8.4778,64.94
278.987,measure,4952.0,1680.0,8.3194,64.84
279.087,measure,4952.0,1712.0,8.4778,64.91
279.187,measure,4952.0,1680.0,8.3194,64.91
279.287,measure,4952.0,1712.0,8.4778,64.91
279.388,measure,4952.0,1680.0,8.3194,65.00
279.488,measure,4952.0,1704.0,8.4382,65.03
279.588,measure,4952.0,1672.0,8.2797,64.69
279.688,measure,4952.0,1712.0,8.4778,64.88
279.788,measure,4952.0,1680.0,8.3194,64.94
279.888,measure,4952.0,1704.0,8.4382,64.78
279.988,measure,4952.0,1672.0,8.2797,64.84
280.089,measure,4952.0,1704.0,8.4382,65.16
280.189,measure,4952.0,1672.0,8.2797,64.81
280.289,measure,4952.0,1696.0,8.3986,64.81
280.389,measure,4952.0,1680.0,8.3194,64.75
280.489,measure,4952.0,1704.0,8.4382,64.88
280.589,measure,4952.0,1680.0,8.3194,64.84
280.689,measure,4952.0,1704.0,8.4382,64.91
280.789,measure,4952.0,1688.0,8.3590,64.94
280.890,measure,4952.0,1704.0,8.4382,65.03
280.990,measure,4952.0,1680.0,8.3194,64.81
281.090,measure,4952.0,1704.0,8.4382,64.88
281.190,measure,4952.0,1680.0,8.3194,64.91
281.290,measure,4952.0,1704.0,8.4382,64.97
281.390,measure,4952.0,1680.0,8.3194,64.81
281.490,measure,4952.0,1704.0,8.4382,65.06
281.591,measure,4952.0,1680.0,8.3194,64.88
281.691,measure,4952.0,1704.0,8.4382,64.78
281.791,measure,4952.0,1688.0,8.3590,64.91
281.891,measure,4952.0,1704.0,8.4382,64.78
281.991,measure,4952.0,1688.0,8.3590,64.75
282.091,measure,4952.0,1696.0,8.3986,64.78
282.191,measure,4952.0,1680.0,8.3194,64.78
282.292,measure,4952.0,1704.0,8.4382,64.88
282.392,measure,4952.0,1688.0,8.3590,64.84
282.492,measure,4952.0,1704.0,8.4382,64.91
282.592,measure,4952.0,1688.0,8.3590,64.91
282.692,measure,4952.0,1696.0,8.3986,64.97
282.792,measure,4952.0,1680.0,8.3194,64.78
282.892,measure,4952.0,1696.0,8.3986,65.03
282.992,measure,4952.0,1680.0,8.3194,64.84
283.093,measure,4952.0,1696.0,8.3986,64.88
283.193,measure,4952.0,1680.0,8.3194,65.03
283.293,measure,4952.0,1696.0,8.3986,65.00
283.393,measure,4952.0,1688.0,8.3590,64.81
283.493,measure,4952.0,1704.0,8.4382,64.78
283.593,measure,4952.0,1688.0,8.3590,64.94
283.693,measure,4952.0,1696.0,8.3986,64.81
283.793,measure,4952.0,1688.0,8.3590,64.84
283.894,measure,4952.0,1696.0,8.3986,64.84
283.994,measure,4952.0,1688.0,8.3590,64.91
284.094,measure,4952.0,1696.0,8.3986,64.88
284.194,measure,4952.0,1680.0,8.3194,64.81
284.294,measure,4952.0,1696.0,8.3986,64.88
284.395,measure,4952.0,1688.0,8.3590,64.91
284.495,measure,4952.0,1696.0,8.3986,64.81
284.595,measure,4952.0,1688.0,8.3590,65.06
284.695,measure,4952.0,1688.0,8.3590,65.00
284.795,measure,4952.0,1688.0,8.3590,64.78
284.895,measure,4952.0,1696.0,8.3986,64.81
284.995,measure,4952.0,1688.0,8.3590,64.97
285.096,measure,4952.0,1696.0,8.3986,64.75
285.196,measure,4952.0,1696.0,8.3986,64.75
285.296,measure,4952.0,1696.0,8.3986,65.09
285.396,measure,4952.0,1688.0,8.3590,64.78
285.496,measure,4952.0,1696.0,8.3986,64.84
285.596,measure,4952.0,1688.0,8.3590,64.84
285.696,measure,4952.0,1696.0,8.3986,64.81
285.796,measure,4952.0,1688.0,8.3590,64.78
285.897,measure,4952.0,1696.0,8.3986,64.88
285.997,measure,4952.0,1688.0,8.3590,64.81
286.097,measure,4952.0,1696.0,8.3986,65.00
286.197,measure,4952.0,1688.0,8.3590,64.88
286.297,measure,4952.0,1696.0,8.3986,64.91
286.397,measure,4952.0,1688.0,8.3590,65.00
286.497,measure,4952.0,1688.0,8.3590,64.84
286.597,measure,4952.0,1688.0,8.3590,64.78
286.698,measure,4952.0,1688.0,8.3590,65.00
286.798,measure,4952.0,1696.0,8.3986,64.94
286.898,measure,4952.0,1696.0,8.3986,64.75
286.998,measure,4952.0,1680.0,8.3194,65.00
287.098,measure,4952.0,1696.0,8.3986,64.75
287.198,measure,4952.0,1696.0,8.3986,64.75
287.298,measure,4952.0,1696.0,8.3986,64.84
287.399,measure,4952.0,1696.0,8.3986,64.84
287.499,measure,4952.0,1696.0,8.3986,64.84
287.599,measure,4952.0,1696.0,8.3986,64.84
287.699,measure,4952.0,1696.0,8.3986,64.81
287.799,measure,4952.0,1696.0,8.3986,65.00
287.899,measure,4952.0,1688.0,8.3590,64.84
287.999,measure,4952.0,1696.0,8.3986,64.88
288.099,measure,4952.0,1696.0,8.3986,64.94
288.200,measure,4952.0,1696.0,8.3986,64.88
288.300,measure,4952.0,1688.0,8.3590,64.94
288.400,measure,4952.0,1696.0,8.3986,65.16
288.500,measure,4952.0,1688.0,8.3590,65.03
288.600,measure,4952.0,1696.0,8.3986,64.75
288.700,measure,4952.0,1688.0,8.3590,64.78
288.800,measure,4952.0,1696.0,8.3986,65.00
288.901,measure,4952.0,1688.0,8.3590,64.69
289.001,measure,4952.0,1688.0,8.3590,64.94
289.101,measure,4952.0,1688.0,8.3590,64.91
289.201,measure,4952.0,1696.0,8.3986,64.84
289.301,measure,4952.0,1696.0,8.3986,64.78
289.401,measure,4952.0,1696.0,8.3986,64.91
289.501,measure,4952.0,1688.0,8.3590,64.78
289.601,measure,4952.0,1696.0,8.3986,64.94
289.701,measure,4952.0,1688.0,8.3590,64.75
289.802,measure,4952.0,1696.0,8.3986,65.03
289.902,measure,4952.0,1688.0,8.3590,64.78
290.002,measure,4952.0,1696.0,8.3986,64.88
290.102,measure,4952.0,1688.0,8.3590,64.94
290.202,measure,4952.0,1688.0,8.3590,64.97
290.302,measure,4952.0,1688.0,8.3590,64.88
290.402,measure,4952.0,1696.0,8.3986,64.78
290.502,measure,4952.0,1688.0,8.3590,64.94
290.603,measure,4952.0,1696.0,8.3986,64.78
290.703,measure,4952.0,1688.0,8.3590,64.72
290.803,measure,4952.0,1696.0,8.3986,64.81
290.903,measure,4952.0,1680.0,8.3194,64.84
291.003,measure,4952.0,1688.0,8.3590,64.81
291.103,measure,4952.0,1680.0,8.3194,64.81
291.203,measure,4952.0,1688.0,8.3590,65.03
291.304,measure,4952.0,1680.0,8.3194,64.78
291.404,measure,4952.0,1696.0,8.3986,64.91
291.504,measure,4952.0,1680.0,8.3194,64.94
291.604,measure,4952.0,1696.0,8.3986,65.00
291.704,measure,4952.0,1680.0,8.3194,64.78
291.804,measure,4952.0,1696.0,8.3986,64.84
291.904,measure,4952.0,1680.0,8.3194,64.94
292.004,measure,4952.0,1696.0,8.3986,64.88
292.105,measure,4952.0,1680.0,8.3194,64.75
292.205,measure,4952.0,1696.0,8.3986,65.09
292.305,measure,4952.0,1680.0,8.3194,64.72
292.405,measure,4952.0,1696.0,8.3986,64.81
292.505,measure,4952.0,1680.0,8.3194,64.72
292.605,measure,4952.0,1696.0,8.3986,64.88
292.705,measure,4952.0,1680.0,8.3194,64.91
292.806,measure,4952.0,1696.0,8.3986,64.91
292.906,measure,4952.0,1680.0,8.3194,64.81
293.006,measure,4952.0,1696.0,8.3986,64.94
293.106,measure,4952.0,1680.0,8.3194,64.78
293.206,measure,4952.0,1696.0,8.3986,65.09
293.306,measure,4952.0,1680.0,8.3194,64.97
293.406,measure,4952.0,1696.0,8.3986,64.94
293.507,measure,4952.0,1672.0,8.2797,64.72
293.607,measure,4952.0,1696.0,8.3986,65.09
293.707,measure,4952.0,1680.0,8.3194,64.88
293.807,measure,4952.0,1696.0,8.3986,64.84
293.907,measure,4952.0,1680.0,8.3194,65.06
294.007,measure,4952.0,1696.0,8.3986,64.84
294.108,measure,4952.0,1680.0,8.3194,64.75
294.208,measure,4952.0,1696.0,8.3986,64.94
294.308,measure,4952.0,1680.0,8.3194,64.69
294.408,measure,4952.0,1696.0,8.3986,64.88
294.508,measure,4952.0,1680.0,8.3194,64.91
294.608,measure,4952.0,1696.0,8.3986,64.91
294.708,measure,4952.0,1680.0,8.3194,64.88
294.808,measure,4952.0,1696.0,8.3986,65.00
294.909,measure,4952.0,1672.0,8.2797,65.00
295.009,measure,4952.0,1688.0,8.3590,65.00
295.109,measure,4952.0,1680.0,8.3194,64.81
295.209,measure,4952.0,1696.0,8.3986,64.81
295.309,measure,4952.0,1680.0,8.3194,64.91
295.409,measure,4952.0,1696.0,8.3986,65.03
295.509,measure,4952.0,1680.0,8.3194,64.91
295.610,measure,4952.0,1704.0,8.4382,64.81
295.710,measure,4952.0,1680.0,8.3194,64.78
295.810,measure,4952.0,1696.0,8.3986,64.78
295.910,measure,4952.0,1680.0,8.3194,64.75
296.010,measure,4952.0,1704.0,8.4382,64.91
296.110,measure,4952.0,1672.0,8.2797,64.72
296.210,measure,4952.0,1704.0,8.4382,65.00
296.310,measure,4952.0,1680.0,8.3194,64.66
296.411,measure,4952.0,1704.0,8.4382,65.00
296.511,measure,4952.0,1680.0,8.3194,64.78
296.611,measure,4952.0,1704.0,8.4382,64.91
296.711,measure,4952.0,1680.0,8.3194,64.91
296.811,measure,4952.0,1712.0,8.4778,65.06
296.911,measure,4952.0,1680.0,8.3194,64.78
297.011,measure,4952.0,1704.0,8.4382,65.12
297.112,measure,4952.0,1680.0,8.3194,64.84
297.212,measure,4952.0,1712.0,8.4778,64.91
297.312,measure,4952.0,1680.0,8.3194,64.97
297.412,measure,4952.0,1704.0,8.4382,65.09
297.512,measure,4952.0,1672.0,8.2797,64.84
297.612,measure,4952.0,1704.0,8.4382,64.84
297.712,measure,4952.0,1672.0,8.2797,64.78
297.813,measure,4952.0,1704.0,8.4382,64.81
297.913,measure,4952.0,1672.0,8.2797,64.78
298.013,measure,4952.0,1704.0,8.4382,64.88
298.113,measure,4952.0,1672.0,8.2797,64.81
298.213,measure,4952.0,1704.0,8.4382,65.00
298.313,measure,4952.0,1672.0,8.2797,64.94
298.414,measure,4952.0,1704.0,8.4382,65.19
298.514,measure,4952.0,1672.0,8.2797,64.81
298.614,measure,4952.0,1704.0,8.4382,64.91
298.714,measure,4952.0,1672.0,8.2797,64.97
298.814,measure,4952.0,1704.0,8.4382,65.06
298.914,measure,4952.0,1672.0,8.2797,64.75
299.014,measure,4952.0,1704.0,8.4382,64.91
299.115,measure,4952.0,1672.0,8.2797,64.84
299.215,measure,4952.0,1704.0,8.4382,64.88
299.315,measure,4952.0,1672.0,8.2797,64.88
299.415,measure,4952.0,1704.0,8.4382,64.94
299.515,measure,4952.0,1672.0,8.2797,64.75
299.615,measure,4952.0,1704.0,8.4382,65.06
299.715,measure,4952.0,1672.0,8.2797,64.69
299.816,measure,4952.0,1696.0,8.3986,65.03
299.916,measure,4952.0,1672.0,8.2797,64.84
300.016,measure,4952.0,1704.0,8.4382,64.94
300.116,measure,4952.0,1672.0,8.2797,64.94
300.216,measure,4952.0,1704.0,8.4382,65.00
300.316,measure,4952.0,1672.0,8.2797,64.78
300.416,measure,4952.0,1712.0,8.4778,64.78
300.517,measure,4952.0,1672.0,8.2797,64.81
300.617,measure,4952.0,1704.0,8.4382,64.88
300.717,measure,4952.0,1672.0,8.2797,64.75
300.817,measure,4952.0,1712.0,8.4778,65.19
300.917,measure,4952.0,1672.0,8.2797,64.75
301.017,measure,4952.0,1712.0,8.4778,64.88
301.117,measure,4952.0,1672.0,8.2797,64.88
301.217,measure,4952.0,1704.0,8.4382,64.88
301.318,measure,4952.0,1672.0,8.2797,64.81
301.418,measure,4952.0,1712.0,8.4778,65.00
301.518,measure,4952.0,1672.0,8.2797,64.78
301.618,measure,4952.0,1712.0,8.4778,65.12
301.718,measure,4952.0,1680.0,8.3194,64.78
301.818,measure,4952.0,1712.0,8.4778,65.19
301.918,measure,4952.0,1680.0,8.3194,64.88
302.019,measure,4952.0,1712.0,8.4778,65.00
302.119,measure,4952.0,1680.0,8.3194,64.78
302.219,measure,4952.0,1712.0,8.4778,65.09
302.319,measure,4952.0,1672.0,8.2797,64.84
302.419,measure,4952.0,1704.0,8.4382,64.81
302.519,measure,4952.0,1672.0,8.2797,64.94
302.619,measure,4952.0,1704.0,8.4382,64.84
302.720,measure,4952.0,1672.0,8.2797,64.72
302.820,measure,4952.0,1704.0,8.4382,64.97
302.920,measure,4952.0,1680.0,8.3194,64.91
303.020,measure,4952.0,1704.0,8.4382,65.03
303.120,measure,4952.0,1672.0,8.2797,64.78
303.220,measure,4952.0,1704.0,8.4382,64.94
303.320,measure,4952.0,1672.0,8.2797,64.88
303.421,measure,4952.0,1704.0,8.4382,65.00
303.521,measure,4952.0,1680.0,8.3194,64.75
303.621,measure,4952.0,1704.0,8.4382,65.09
303.721,measure,4952.0,1672.0,8.2797,64.81
303.821,measure,4952.0,1704.0,8.4382,64.84
303.921,measure,4952.0,1672.0,8.2797,64.97
304.021,measure,4952.0,1704.0,8.4382,65.03
304.122,measure,4952.0,1680.0,8.3194,64.75
304.222,measure,4952.0,1704.0,8.4382,64.81
304.322,measure,4952.0,1680.0,8.3194,64.78
304.422,measure,4952.0,1704.0,8.4382,64.88
304.522,measure,4952.0,1680.0,8.3194,64.84
304.622,measure,4952.0,1704.0,8.4382,64.91
304.723,measure,4952.0,1680.0,8.3194,64.88
304.823,measure,4952.0,1704.0,8.4382,64.94
304.923,measure,4952.0,1688.0,8.3590,64.75
305.023,measure,4952.0,1704.0,8.4382,65.09
305.123,measure,4952.0,1680.0,8.3194,64.78
305.223,measure,4952.0,1704.0,8.4382,64.91
305.323,measure,4952.0,1688.0,8.3590,65.03
305.424,measure,4952.0,1704.0,8.4382,65.03
305.524,measure,4952.0,1680.0,8.3194,64.91
305.624,measure,4952.0,1704.0,8.4382,65.16
305.724,measure,4952.0,1680.0,8.3194,64.94
305.824,measure,4952.0,1704.0,8.4382,64.78
305.924,measure,4952.0,1688.0,8.3590,64.75
306.024,measure,4952.0,1704.0,8.4382,64.78
306.125,measure,4952.0,1688.0,8.3590,64.75
306.225,measure,4952.0,1704.0,8.4382,64.88
306.325,measure,4952.0,1688.0,8.3590,64.88
306.425,measure,4952.0,1696.0,8.3986,64.97
306.525,measure,4952.0,1688.0,8.3590,64.84
306.625,measure,4952.0,1704.0,8.4382,64.88
306.725,measure,4952.0,1688.0,8.3590,65.00
306.825,measure,4952.0,1704.0,8.4382,64.97
306.926,measure,4952.0,1688.0,8.3590,64.84
307.026,measure,4952.0,1704.0,8.4382,64.97
307.126,measure,4952.0,1688.0,8.3590,64.88
307.226,measure,4952.0,1704.0,8.4382,64.97
307.326,measure,4952.0,1688.0,8.3590,64.88
307.426,measure,4952.0,1696.0,8.3986,65.00
307.526,measure,4952.0,1688.0,8.3590,64.78
307.627,measure,4952.0,1696.0,8.3986,64.78
307.727,measure,4952.0,1688.0,8.3590,64.75
307.827,measure,4952.0,1696.0,8.3986,64.78
307.927,measure,4952.0,1688.0,8.3590,64.84
308.027,measure,4952.0,1696.0,8.3986,64.84
308.127,measure,4952.0,1688.0,8.3590,64.81
308.227,measure,4952.0,1696.0,8.3986,64.97
308.328,measure,4952.0,1688.0,8.3590,64.84
308.428,measure,4952.0,1696.0,8.3986,65.00
308.528,measure,4952.0,1688.0,8.3590,64.94
308.628,measure,4952.0,1696.0,8.3986,64.88
308.728,measure,4952.0,1680.0,8.3194,65.12
308.828,measure,4952.0,1696.0,8.3986,64.88
308.928,measure,4952.0,1688.0,8.3590,64.88
309.028,measure,4952.0,1696.0,8.3986,64.75
309.129,measure,4952.0,1696.0,8.3986,64.97
309.229,measure,4952.0,1696.0,8.3986,64.81
309.329,measure,4952.0,1688.0,8.3590,64.78
309.429,measure,4952.0,1696.0,8.3986,65.09
309.529,measure,4952.0,1688.0,8.3590,64.81
309.629,measure,4952.0,1696.0,8.3986,64.78
309.729,measure,4952.0,1696.0,8.3986,64.81
309.830,measure,4952.0,1696.0,8.3986,64.75
309.930,measure,4952.0,1688.0,8.3590,64.97
310.030,measure,4952.0,1696.0,8.3986,64.78
310.130,measure,4952.0,1688.0,8.3590,65.03
310.230,measure,4952.0,1696.0,8.3986,64.94
310.330,measure,4952.0,1688.0,8.3590,64.84
310.430,measure,4952.0,1696.0,8.3986,64.78
310.530,measure,4952.0,1696.0,8.3986,64.94
310.631,measure,4952.0,1696.0,8.3986,64.91
310.731,measure,4952.0,1696.0,8.3986,64.78
310.831,measure,4952.0,1696.0,8.3986,65.09
310.931,measure,4952.0,1696.0,8.3986,64.91
311.031,measure,4952.0,1696.0,8.3986,64.94
311.131,measure,4952.0,1696.0,8.3986,64.81
311.231,measure,4952.0,1696.0,8.3986,64.78
311.332,measure,4952.0,1696.0,8.3986,64.78
311.432,measure,4952.0,1696.0,8.3986,64.78
311.532,measure,4952.0,1696.0,8.3986,64.88
311.632,measure,4952.0,1696.0,8.3986,64.88
311.732,measure,4952.0,1696.0,8.3986,64.84
311.832,measure,4952.0,1696.0,8.3986,64.78
311.932,measure,4952.0,1696.0,8.3986,65.00
312.032,measure,4952.0,1696.0,8.3986,64.88
312.133,measure,4952.0,1696.0,8.3986,64.81
312.233,measure,4952.0,1688.0,8.3590,64.97
312.333,measure,4952.0,1696.0,8.3986,64.94
312.433,measure,4952.0,1688.0,8.3590,64.75
312.533,measure,4952.0,1696.0,8.3986,65.12
312.633,measure,4952.0,1688.0,8.3590,64.94
312.733,measure,4952.0,1696.0,8.3986,64.72
312.833,measure,4952.0,1688.0,8.3590,64.88
312.934,measure,4952.0,1696.0,8.3986,64.84
313.034,measure,4952.0,1688.0,8.3590,64.78
313.134,measure,4952.0,1696.0,8.3986,64.91
313.234,measure,4952.0,1688.0,8.3590,64.78
313.334,measure,4952.0,1696.0,8.3986,64.91
313.434,measure,4952.0,1688.0,8.3590,64.81
313.534,measure,4952.0,1696.0,8.3986,64.88
313.635,measure,4952.0,1688.0,8.3590,64.84
313.735,measure,4952.0,1696.0,8.3986,64.97
313.835,measure,4952.0,1688.0,8.3590,64.88
313.935,measure,4952.0,1696.0,8.3986,65.12
314.035,measure,4952.0,1688.0,8.3590,64.94
314.135,measure,4952.0,1696.0,8.3986,64.81
314.235,measure,4952.0,1688.0,8.3590,64.75
314.336,measure,4952.0,1696.0,8.3986,65.09
314.436,measure,4952.0,1688.0,8.3590,64.78
314.536,measure,4952.0,1688.0,8.3590,64.69
314.636,measure,4952.0,1688.0,8.3590,64.78
314.736,measure,4952.0,1704.0,8.4382,64.88
314.836,measure,4952.0,1688.0,8.3590,64.81
314.936,measure,4952.0,1696.0,8.3986,64.84
315.036,measure,4952.0,1688.0,8.3590,64.78
315.137,measure,4952.0,1696.0,8.3986,64.97
315.237,measure,4952.0,1680.0,8.3194,64.78
315.337,measure,4952.0,1696.0,8.3986,65.03
315.437,measure,4952.0,1680.0,8.3194,64.81
315.537,measure,4952.0,1696.0,8.3986,64.94
315.637,measure,4952.0,1680.0,8.3194,65.00
315.737,measure,4952.0,1696.0,8.3986,65.00
315.838,measure,4952.0,1680.0,8.3194,64.84
315.938,measure,4952.0,1696.0,8.3986,64.78
316.038,measure,4952.0,1688.0,8.3590,64.97
316.138,measure,4952.0,1688.0,8.3590,64.78
316.238,measure,4952.0,1688.0,8.3590,64.72
316.338,measure,4952.0,1704.0,8.4382,65.12
316.438,measure,4952.0,1680.0,8.3194,64.72
316.539,measure,4952.0,1696.0,8.3986,64.97
316.639,measure,4952.0,1680.0,8.3194,64.84
316.739,measure,4952.0,1680.0,8.3194,64.81
316.839,measure,4952.0,1680.0,8.3194,64.84
316.939,measure,4952.0,1696.0,8.3986,64.84
317.039,measure,4952.0,1680.0,8.3194,64.88
317.139,measure,4952.0,1696.0,8.3986,64.97
317.240,measure,4952.0,1680.0,8.3194,64.78
317.340,measure,4952.0,1696.0,8.3986,64.78
317.440,measure,4952.0,1680.0,8.3194,64.88
317.540,measure,4952.0,1704.0,8.4382,64.94
317.640,measure,4952.0,1680.0,8.3194,64.78
317.740,measure,4952.0,1696.0,8.3986,65.06
317.840,measure,4952.0,1680.0,8.3194,64.72
317.941,measure,4952.0,1696.0,8.3986,64.81
318.041,measure,4952.0,1680.0,8.3194,64.75
318.141,measure,4952.0,1696.0,8.3986,64.81
318.241,measure,4952.0,1680.0,8.3194,64.94
318.341,measure,4952.0,1696.0,8.3986,64.88
318.441,measure,4952.0,1672.0,8.2797,64.84
318.541,measure,4952.0,1696.0,8.3986,65.00
318.641,measure,4952.0,1672.0,8.2797,64.78
318.742,measure,4952.0,1696.0,8.3986,64.84
318.842,measure,4952.0,1680.0,8.3194,64.81
318.942,measure,4952.0,1704.0,8.4382,65.00
319.042,measure,4952.0,1672.0,8.2797,64.75
319.142,measure,4952.0,1696.0,8.3986,65.16
319.242,measure,4952.0,1680.0,8.3194,64.91
319.342,measure,4952.0,1704.0,8.4382,64.91
319.443,measure,4952.0,1680.0,8.3194,64.97
319.543,measure,4952.0,1696.0,8.3986,65.06
319.643,measure,4952.0,1672.0,8.2797,64.75
319.743,measure,4952.0,1696.0,8.3986,64.94
319.843,measure,4952.0,1672.0,8.2797,64.75
319.943,measure,4952.0,1696.0,8.3986,64.78
320.043,measure,4952.0,1672.0,8.2797,64.75
320.144,measure,4952.0,1696.0,8.3986,64.88
320.244,measure,4952.0,1672.0,8.2797,64.84
320.344,measure,4952.0,1696.0,8.3986,64.94
320.444,measure,4952.0,1672.0,8.2797,64.81
320.544,measure,4952.0,1704.0,8.4382,65.06
320.644,measure,4952.0,1680.0,8.3194,64.81
320.744,measure,4952.0,1696.0,8.3986,64.94
320.844,measure,4952.0,1680.0,8.3194,64.94
320.945,measure,4952.0,1704.0,8.4382,65.06
321.045,measure,4952.0,1680.0,8.3194,64.91
321.145,measure,4952.0,1704.0,8.4382,65.22
321.245,measure,4952.0,1672.0,8.2797,64.88
321.345,measure,4952.0,1704.0,8.4382,64.91
321.445,measure,4952.0,1672.0,8.2797,64.75
321.545,measure,4952.0,1704.0,8.4382,65.12
321.645,measure,4952.0,1680.0,8.3194,64.69
321.746,measure,4952.0,1704.0,8.4382,64.78
321.846,measure,4952.0,1680.0,8.3194,64.72
321.946,measure,4952.0,1712.0,8.4778,64.91
322.046,measure,4952.0,1672.0,8.2797,64.88
322.146,measure,4952.0,1704.0,8.4382,64.97
322.246,measure,4952.0,1672.0,8.2797,64.88
322.346,measure,4952.0,1704.0,8.4382,65.03
322.446,measure,4952.0,1680.0,8.3194,64.75
322.547,measure,4952.0,1712.0,8.4778,65.09
322.647,measure,4952.0,1680.0,8.3194,64.81
322.747,measure,4952.0,1704.0,8.4382,64.97
322.847,measure,4952.0,1680.0,8.3194,64.94
322.947,measure,4952.0,1704.0,8.4382,65.09
323.047,measure,4952.0,1680.0,8.3194,64.81
323.147,measure,4952.0,1704.0,8.4382,64.88
323.247,measure,4952.0,1680.0,8.3194,64.97
323.348,measure,4952.0,1712.0,8.4778,64.81
323.448,measure,4952.0,1672.0,8.2797,64.72
323.548,measure,4952.0,1704.0,8.4382,64.91
323.648,measure,4952.0,1672.0,8.2797,64.75
323.748,measure,4952.0,1696.0,8.3986,64.97
323.848,measure,4952.0,1672.0,8.2797,64.84
323.948,measure,4952.0,1704.0,8.4382,64.81
324.049,measure,4952.0,1672.0,8.2797,64.75
324.149,measure,4952.0,1704.0,8.4382,64.97
324.249,measure,4952.0,1672.0,8.2797,64.94
324.349,measure,4952.0,1712.0,8.4778,65.12
324.449,measure,4952.0,1672.0,8.2797,64.78
324.549,measure,4952.0,1712.0,8.4778,64.81
324.649,measure,4952.0,1672.0,8.2797,64.84
324.749,measure,4952.0,1704.0,8.4382,65.03
324.850,measure,4952.0,1672.0,8.2797,64.81
324.950,measure,4952.0,1712.0,8.4778,65.19
325.050,measure,4952.0,1672.0,8.2797,64.75
325.150,measure,4952.0,1712.0,8.4778,64.88
325.250,measure,4952.0,1672.0,8.2797,64.75
325.350,measure,4952.0,1704.0,8.4382,64.91
325.450,measure,4952.0,1672.0,8.2797,64.81
325.551,measure,4952.0,1712.0,8.4778,64.94
325.651,measure,4952.0,1672.0,8.2797,64.88
325.751,measure,4952.0,1712.0,8.4778,65.16
325.851,measure,4952.0,1672.0,8.2797,64.81
325.951,measure,4952.0,1704.0,8.4382,65.00
326.051,measure,4952.0,1672.0,8.2797,64.84
326.151,measure,4952.0,1704.0,8.4382,65.12
326.251,measure,4952.0,1672.0,8.2797,64.75
326.352,measure,4952.0,1712.0,8.4778,65.19
326.452,measure,4952.0,1672.0,8.2797,64.84
326.552,measure,4952.0,1704.0,8.4382,64.84
326.652,measure,4952.0,1672.0,8.2797,64.91
326.752,measure,4952.0,1712.0,8.4778,64.84
326.852,measure,4952.0,1672.0,8.2797,64.81
326.952,measure,4952.0,1712.0,8.4778,65.00
327.053,measure,4952.0,1680.0,8.3194,64.75
327.153,measure,4952.0,1712.0,8.4778,65.03
327.253,measure,4952.0,1680.0,8.3194,64.81
327.353,measure,4952.0,1712.0,8.4778,64.94
327.453,measure,4952.0,1680.0,8.3194,64.91
327.553,measure,4952.0,1696.0,8.3986,64.94
327.653,measure,4952.0,1680.0,8.3194,64.75
327.754,measure,4952.0,1712.0,8.4778,65.19
327.854,measure,4952.0,1680.0,8.3194,64.81
327.954,measure,4952.0,1712.0,8.4778,64.88
328.054,measure,4952.0,1680.0,8.3194,65.00
328.154,measure,4952.0,1712.0,8.4778,65.12
328.254,measure,4952.0,1680.0,8.3194,64.75
328.354,measure,4952.0,1712.0,8.4778,64.88
328.454,measure,4952.0,1680.0,8.3194,64.91
328.555,measure,4952.0,1712.0,8.4778,64.84
328.655,measure,4952.0,1680.0,8.3194,64.84
328.755,measure,4952.0,1712.0,8.4778,64.91
328.855,measure,4952.0,1680.0,8.3194,64.75
328.955,measure,4952.0,1712.0,8.4778,64.97
329.055,measure,4952.0,1680.0,8.3194,64.75
329.155,measure,4952.0,1704.0,8.4382,65.12
329.256,measure,4952.0,1680.0,8.3194,64.97
329.356,measure,4952.0,1704.0,8.4382,64.91
329.456,measure,4952.0,1680.0,8.3194,64.94
329.556,measure,4952.0,1704.0,8.4382,65.06
329.656,measure,4952.0,1680.0,8.3194,64.88
329.756,measure,4952.0,1704.0,8.4382,64.78
329.856,measure,4952.0,1680.0,8.3194,64.94
329.956,measure,4952.0,1704.0,8.4382,64.81
330.057,measure,4952.0,1680.0,8.3194,64.75
330.157,measure,4952.0,1704.0,8.4382,65.19
330.257,measure,4952.0,1688.0,8.3590,64.88
330.357,measure,4952.0,1704.0,8.4382,64.88
330.457,measure,4952.0,1680.0,8.3194,64.78
330.557,measure,4952.0,1704.0,8.4382,64.97
330.657,measure,4952.0,1688.0,8.3590,64.84
330.758,measure,4952.0,1704.0,8.4382,64.91
330.858,measure,4952.0,1688.0,8.3590,64.78
330.958,measure,4952.0,1696.0,8.3986,65.00
331.058,measure,4952.0,1680.0,8.3194,64.88
331.158,measure,4952.0,1704.0,8.4382,65.09
331.258,measure,4952.0,1680.0,8.3194,65.00
331.358,measure,4952.0,1696.0,8.3986,65.00
331.459,measure,4952.0,1680.0,8.3194,64.78
331.559,measure,4952.0,1696.0,8.3986,65.03
331.659,measure,4952.0,1680.0,8.3194,64.94
331.759,measure,4952.0,1704.0,8.4382,64.81
331.859,measure,4952.0,1688.0,8.3590,65.06
331.959,measure,4952.0,1696.0,8.3986,64.91
332.059,measure,4952.0,1680.0,8.3194,64.97
332.159,measure,4952.0,1696.0,8.3986,64.88
332.260,measure,4952.0,1688.0,8.3590,64.81
332.360,measure,4952.0,1704.0,8.4382,64.84
332.460,measure,4952.0,1688.0,8.3590,64.88
332.560,measure,4952.0,1704.0,8.4382,64.81
332.660,measure,4952.0,1680.0,8.3194,64.94
332.760,measure,4952.0,1704.0,8.4382,64.94
332.860,measure,4952.0,1696.0,8.3986,64.97
332.960,measure,4952.0,1704.0,8.4382,65.00
333.061,measure,4952.0,1688.0,8.3590,64.91
333.161,measure,4952.0,1696.0,8.3986,64.84
333.261,measure,4952.0,1688.0,8.3590,65.09
333.361,measure,4952.0,1696.0,8.3986,65.03
333.461,measure,4952.0,1688.0,8.3590,64.69
333.561,measure,4952.0,1696.0,8.3986,64.78
333.661,measure,4952.0,1688.0,8.3590,64.78
333.762,measure,4952.0,1696.0,8.3986,64.91
333.862,measure,4952.0,1688.0,8.3590,64.94
333.962,measure,4952.0,1696.0,8.3986,64.84
334.062,measure,4952.0,1688.0,8.3590,64.78
334.162,measure,4952.0,1696.0,8.3986,64.91
334.262,measure,4952.0,1688.0,8.3590,64.81
334.362,measure,4952.0,1696.0,8.3986,65.00
334.462,measure,4952.0,1664.0,8.2401,64.84
334.563,measure,4952.0,1696.0,8.3986,64.97
334.663,measure,4952.0,1696.0,8.3986,65.03
334.763,measure,4952.0,1696.0,8.3986,65.00
334.863,measure,4952.0,1688.0,8.3590,64.88
334.963,measure,4952.0,1696.0,8.3986,65.06
335.063,measure,4952.0,1696.0,8.3986,65.00
335.163,measure,4952.0,1696.0,8.3986,64.81
335.264,measure,4952.0,1696.0,8.3986,64.75
335.364,measure,4952.0,1696.0,8.3986,65.06
335.464,measure,4952.0,1696.0,8.3986,64.81
335.564,measure,4952.0,1696.0,8.3986,64.78
335.664,measure,4952.0,1688.0,8.3590,64.91
335.764,measure,4952.0,1696.0,8.3986,64.91
335.864,measure,4952.0,1688.0,8.3590,64.88
335.964,measure,4952.0,1696.0,8.3986,64.78
336.065,measure,4952.0,1688.0,8.3590,64.78
336.165,measure,4952.0,1688.0,8.3590,64.88
336.265,measure,4952.0,1688.0,8.3590,64.91
336.365,measure,4952.0,1688.0,8.3590,65.12
336.465,measure,4952.0,1696.0,8.3986,64.94
336.565,measure,4952.0,1688.0,8.3590,64.97
336.665,measure,4952.0,1696.0,8.3986,64.84
336.766,measure,4952.0,1688.0,8.3590,65.03
336.866,measure,4952.0,1688.0,8.3590,64.88
336.966,measure,4952.0,1688.0,8.3590,64.78
337.066,measure,4952.0,1696.0,8.3986,65.06
337.166,measure,4952.0,1688.0,8.3590,64.75
337.266,measure,4952.0,1696.0,8.3986,64.81
337.366,measure,4952.0,1696.0,8.3986,64.81
337.466,measure,4952.0,1696.0,8.3986,64.81
337.567,measure,4952.0,1688.0,8.3590,64.91
337.667,measure,4952.0,1696.0,8.3986,64.94
337.767,measure,4952.0,1696.0,8.3986,64.97
337.867,measure,4952.0,1696.0,8.3986,65.00
337.967,measure,4952.0,1696.0,8.3986,64.94
338.067,measure,4952.0,1696.0,8.3986,65.19
338.167,measure,4952.0,1696.0,8.3986,64.94
338.268,measure,4952.0,1696.0,8.3986,65.00
338.368,measure,4952.0,1696.0,8.3986,65.00
338.468,measure,4952.0,1696.0,8.3986,65.12
338.568,measure,4952.0,1696.0,8.3986,64.94
338.668,measure,4952.0,1696.0,8.3986,64.78
338.768,measure,4952.0,1696.0,8.3986,65.06
338.868,measure,4952.0,1696.0,8.3986,64.91
338.969,measure,4952.0,1688.0,8.3590,64.78
339.069,measure,4952.0,1704.0,8.4382,64.94
339.169,measure,4952.0,1696.0,8.3986,64.78
339.269,measure,4952.0,1704.0,8.4382,64.91
339.369,measure,4952.0,1688.0,8.3590,64.88
339.469,measure,4952.0,1696.0,8.3986,64.91
339.569,measure,4952.0,1688.0,8.3590,64.94
339.669,measure,4952.0,1704.0,8.4382,65.03
339.770,measure,4952.0,1688.0,8.3590,64.78
339.870,measure,4952.0,1704.0,8.4382,65.09
339.970,measure,4952.0,1688.0,8.3590,64.91
340.070,measure,4952.0,1696.0,8.3986,64.81
340.170,measure,4952.0,1688.0,8.3590,65.03
340.270,measure,4952.0,1696.0,8.3986,65.03
340.370,measure,4952.0,1688.0,8.3590,64.94
340.471,measure,4952.0,1696.0,8.3986,64.81
340.571,measure,4952.0,1680.0,8.3194,64.81
340.671,measure,4952.0,1696.0,8.3986,64.84
340.771,measure,4952.0,1680.0,8.3194,64.78
340.871,measure,4952.0,1696.0,8.3986,64.91
340.971,measure,4952.0,1680.0,8.3194,64.78
341.071,measure,4952.0,1696.0,8.3986,65.00
341.172,measure,4952.0,1680.0,8.3194,64.91
341.272,measure,4952.0,1696.0,8.3986,65.16
341.372,measure,4952.0,1680.0,8.3194,64.94
341.472,measure,4952.0,1696.0,8.3986,64.97
341.572,measure,4952.0,1680.0,8.3194,64.97
341.672,measure,4952.0,1696.0,8.3986,64.94
341.772,measure,4952.0,1688.0,8.3590,64.75
341.872,measure,4952.0,1696.0,8.3986,65.16
341.973,measure,4952.0,1680.0,8.3194,64.97
342.073,measure,4952.0,1696.0,8.3986,64.94
342.173,measure,4952.0,1688.0,8.3590,64.91
342.273,measure,4952.0,1696.0,8.3986,65.12
342.373,measure,4952.0,1680.0,8.3194,64.84
342.473,measure,4952.0,1696.0,8.3986,64.84
342.573,measure,4952.0,1680.0,8.3194,64.81
342.673,measure,4952.0,1696.0,8.3986,64.88
342.774,measure,4952.0,1680.0,8.3194,64.88
342.874,measure,4952.0,1696.0,8.3986,65.00
342.974,measure,4952.0,1680.0,8.3194,64.94
343.074,measure,4952.0,1696.0,8.3986,65.06
343.174,measure,4952.0,1672.0,8.2797,64.81
343.274,measure,4952.0,1696.0,8.3986,65.16
343.374,measure,4952.0,1672.0,8.2797,64.84
343.474,measure,4952.0,1696.0,8.3986,65.06
343.575,measure,4952.0,1672.0,8.2797,64.75
343.675,measure,4952.0,1696.0,8.3986,65.12
343.775,measure,4952.0,1672.0,8.2797,64.97
343.875,measure,4952.0,1696.0,8.3986,64.94
343.975,measure,4952.0,1672.0,8.2797,65.00
344.075,measure,4952.0,1696.0,8.3986,64.84
344.175,measure,4952.0,1672.0,8.2797,64.84
344.276,measure,4952.0,1696.0,8.3986,65.00
344.376,measure,4952.0,1680.0,8.3194,64.81
344.476,measure,4952.0,1696.0,8.3986,65.03
344.576,measure,4952.0,1680.0,8.3194,64.81
344.676,measure,4952.0,1696.0,8.3986,64.97
344.776,measure,4952.0,1672.0,8.2797,64.94
344.876,measure,4952.0,1696.0,8.3986,64.97
344.976,measure,4952.0,1672.0,8.2797,65.00
345.077,measure,4952.0,1696.0,8.3986,65.12
345.177,measure,4952.0,1680.0,8.3194,64.84
345.277,measure,4952.0,1704.0,8.4382,64.81
345.377,measure,4952.0,1680.0,8.3194,65.00
345.477,measure,4952.0,1704.0,8.4382,65.03
345.577,measure,4952.0,1680.0,8.3194,64.78
345.677,measure,4952.0,1704.0,8.4382,65.28
345.777,measure,4952.0,1672.0,8.2797,64.84
345.878,measure,4952.0,1704.0,8.4382,64.97
345.978,measure,4952.0,1680.0,8.3194,64.84
346.078,measure,4952.0,1704.0,8.4382,64.94
346.178,measure,4952.0,1672.0,8.2797,64.88
346.278,measure,4952.0,1704.0,8.4382,65.00
346.378,measure,4952.0,1672.0,8.2797,64.81
346.478,measure,4952.0,1704.0,8.4382,65.12
346.578,measure,4952.0,1672.0,8.2797,65.06
346.679,measure,4952.0,1704.0,8.4382,65.00
346.779,measure,4952.0,1672.0,8.2797,64.94
346.879,measure,4952.0,1704.0,8.4382,65.16
346.979,measure,4952.0,1672.0,8.2797,64.88
347.079,measure,4952.0,1704.0,8.4382,65.22
347.179,measure,4952.0,1672.0,8.2797,64.88
347.279,measure,4952.0,1704.0,8.4382,64.84
347.379,measure,4952.0,1672.0,8.2797,64.97
347.480,measure,4952.0,1704.0,8.4382,65.03
347.580,measure,4952.0,1672.0,8.2797,64.88
347.680,measure,4952.0,1704.0,8.4382,64.88
347.780,measure,4952.0,1680.0,8.3194,64.84
347.880,measure,4952.0,1704.0,8.4382,64.81
347.980,measure,4952.0,1672.0,8.2797,64.81
348.080,measure,4952.0,1704.0,8.4382,64.97
348.180,measure,4952.0,1672.0,8.2797,64.75
348.281,measure,4952.0,1704.0,8.4382,65.09
348.381,measure,4952.0,1672.0,8.2797,64.81
348.481,measure,4952.0,1704.0,8.4382,65.12
348.581,measure,4952.0,1672.0,8.2797,64.94
348.681,measure,4952.0,1704.0,8.4382,65.03
348.781,measure,4952.0,1672.0,8.2797,65.03
348.881,measure,4952.0,1704.0,8.4382,65.12
348.982,measure,4952.0,1672.0,8.2797,64.84
349.082,measure,4952.0,1704.0,8.4382,64.84
349.182,measure,4952.0,1672.0,8.2797,64.94
349.282,measure,4952.0,1696.0,8.3986,64.94
349.382,measure,4952.0,1672.0,8.2797,64.88
349.482,measure,4952.0,1704.0,8.4382,65.03
349.582,measure,4952.0,1672.0,8.2797,64.84
349.682,measure,4952.0,1704.0,8.4382,65.03
349.783,measure,4952.0,1672.0,8.2797,64.75
349.883,measure,4952.0,1704.0,8.4382,64.97
349.983,measure,4952.0,1672.0,8.2797,64.84
350.083,measure,4952.0,1704.0,8.4382,65.00
350.183,measure,4952.0,1672.0,8.2797,64.94
350.283,measure,4952.0,1704.0,8.4382,65.12
350.383,measure,4952.0,1672.0,8.2797,64.88
350.484,measure,4952.0,1704.0,8.4382,65.28
350.584,measure,4952.0,1664.0,8.2401,64.88
350.684,measure,4952.0,1704.0,8.4382,65.06
350.784,measure,4952.0,1672.0,8.2797,64.78
350.884,measure,4952.0,1704.0,8.4382,65.22
350.984,measure,4952.0,1672.0,8.2797,64.75
351.084,measure,4952.0,1712.0,8.4778,64.94
351.184,measure,4952.0,1672.0,8.2797,65.06
351.285,measure,4952.0,1712.0,8.4778,65.03
351.385,measure,4952.0,1680.0,8.3194,64.94
351.485,measure,4952.0,1696.0,8.3986,64.97
351.585,measure,4952.0,1672.0,8.2797,64.78
351.685,measure,4952.0,1712.0,8.4778,65.16
351.785,measure,4952.0,1680.0,8.3194,64.94
351.885,measure,4952.0,1704.0,8.4382,65.28
351.985,measure,4952.0,1672.0,8.2797,64.88
352.086,measure,4952.0,1712.0,8.4778,65.16
352.186,measure,4952.0,1680.0,8.3194,64.97
352.286,measure,4952.0,1712.0,8.4778,65.22
352.386,measure,4952.0,1672.0,8.2797,64.88
352.486,measure,4952.0,1712.0,8.4778,64.94
352.586,measure,4952.0,1672.0,8.2797,65.00
352.686,measure,4952.0,1704.0,8.4382,65.00
352.786,measure,4952.0,1672.0,8.2797,64.78
352.887,measure,4952.0,1704.0,8.4382,65.00
352.987,measure,4952.0,1672.0,8.2797,65.03
353.087,measure,4952.0,1712.0,8.4778,65.09
353.187,measure,4952.0,1680.0,8.3194,64.88
353.287,measure,4952.0,1704.0,8.4382,65.03
353.387,measure,4952.0,1672.0,8.2797,64.91
353.487,measure,4952.0,1704.0,8.4382,65.06
353.587,measure,4952.0,1680.0,8.3194,64.84
353.688,measure,4952.0,1704.0,8.4382,65.22
353.788,measure,4952.0,1680.0,8.3194,64.81
353.888,measure,4952.0,1704.0,8.4382,65.06
353.988,measure,4952.0,1680.0,8.3194,65.00
354.088,measure,4952.0,1704.0,8.4382,65.22
354.188,measure,4952.0,1680.0,8.3194,64.91
354.288,measure,4952.0,1704.0,8.4382,65.28
354.389,measure,4952.0,1680.0,8.3194,65.03
354.489,measure,4952.0,1704.0,8.4382,64.97
354.589,measure,4952.0,1680.0,8.3194,64.75
354.689,measure,4952.0,1704.0,8.4382,64.91
354.789,measure,4952.0,1680.0,8.3194,65.00
354.889,measure,4952.0,1704.0,8.4382,65.06
354.989,measure,4952.0,1680.0,8.3194,64.88
355.089,measure,4952.0,1704.0,8.4382,65.00
355.190,measure,4952.0,1688.0,8.3590,64.94
355.290,measure,4952.0,1712.0,8.4778,65.06
355.390,measure,4952.0,1688.0,8.3590,65.12
355.490,measure,4952.0,1704.0,8.4382,65.12
355.590,measure,4952.0,1680.0,8.3194,65.09
355.690,measure,4952.0,1704.0,8.4382,65.19
355.790,measure,4952.0,1672.0,8.2797,65.06
355.891,measure,4952.0,1704.0,8.4382,64.97
355.991,measure,4952.0,1688.0,8.3590,64.97
356.091,measure,4952.0,1704.0,8.4382,65.25
356.191,measure,4952.0,1688.0,8.3590,64.84
356.291,measure,4952.0,1704.0,8.4382,64.91
356.391,measure,4952.0,1688.0,8.3590,64.91
356.491,measure,4952.0,1704.0,8.4382,65.09
356.591,measure,4952.0,1688.0,8.3590,65.00
356.692,measure,4952.0,1704.0,8.4382,65.00
356.792,measure,4952.0,1688.0,8.3590,64.91
356.892,measure,4952.0,1704.0,8.4382,65.06
356.992,measure,4952.0,1688.0,8.3590,64.91
357.092,measure,4952.0,1704.0,8.4382,65.19
357.192,measure,4952.0,1688.0,8.3590,64.97
357.292,measure,4952.0,1704.0,8.4382,65.06
357.393,measure,4952.0,1688.0,8.3590,65.12
357.493,measure,4952.0,1704.0,8.4382,65.12
357.593,measure,4952.0,1688.0,8.3590,65.06
357.693,measure,4952.0,1704.0,8.4382,64.94
357.793,measure,4952.0,1688.0,8.3590,65.09
357.893,measure,4952.0,1704.0,8.4382,64.88
357.993,measure,4952.0,1688.0,8.3590,64.84
358.093,measure,4952.0,1704.0,8.4382,65.25
358.194,measure,4952.0,1688.0,8.3590,64.91
358.294,measure,4952.0,1704.0,8.4382,64.88
358.394,measure,4952.0,1688.0,8.3590,65.00
358.494,measure,4952.0,1696.0,8.3986,65.00
358.594,measure,4952.0,1688.0,8.3590,65.06
358.694,measure,4952.0,1696.0,8.3986,65.03
358.794,measure,4952.0,1688.0,8.3590,65.19
358.895,measure,4952.0,1696.0,8.3986,65.12
358.995,measure,4952.0,1680.0,8.3194,64.94
359.095,measure,4952.0,1704.0,8.4382,64.81
359.195,measure,4952.0,1688.0,8.3590,65.12
359.295,measure,4952.0,1696.0,8.3986,65.12
359.395,measure,4952.0,1696.0,8.3986,65.03
359.495,measure,4952.0,1696.0,8.3986,65.19
359.596,measure,4952.0,1696.0,8.3986,64.94
359.696,measure,4952.0,1696.0,8.3986,64.91
359.796,measure,4952.0,1688.0,8.3590,65.00
359.896,measure,4952.0,1696.0,8.3986,64.84
359.996,measure,4952.0,1688.0,8.3590,64.88
360.096,measure,4952.0,1696.0,8.3986,64.94
360.196,measure,4952.0,1696.0,8.3986,64.94
360.296,measure,4952.0,1696.0,8.3986,65.06
