t_rel_s,phase,mv,ma,watt,temp_max_c
0.000,warmup,4976.0,1144.0,5.6925,59.91
0.100,warmup,4976.0,1112.0,5.5333,59.91
0.200,warmup,4976.0,1072.0,5.3343,59.97
0.301,warmup,4984.0,1032.0,5.1435,59.91
0.401,warmup,4976.0,1136.0,5.6527,59.88
0.501,warmup,4976.0,1152.0,5.7324,60.00
0.601,warmup,4976.0,1168.0,5.8120,60.06
0.701,warmup,4976.0,1224.0,6.0906,60.00
0.801,warmup,4976.0,1184.0,5.8916,59.97
0.902,warmup,4976.0,1240.0,6.1702,59.94
1.002,warmup,4976.0,1232.0,6.1304,59.91
1.102,warmup,4976.0,1240.0,6.1702,59.91
1.202,warmup,4968.0,1280.0,6.3590,59.91
1.302,warmup,4976.0,1224.0,6.0906,59.91
1.402,warmup,4968.0,1272.0,6.3193,59.84
1.502,warmup,4968.0,1256.0,6.2398,60.03
1.602,warmup,4968.0,1256.0,6.2398,60.12
1.703,warmup,4968.0,1280.0,6.3590,59.97
1.803,warmup,4976.0,1240.0,6.1702,60.00
1.903,warmup,4968.0,1288.0,6.3988,59.91
2.003,warmup,4968.0,1264.0,6.2796,59.88
2.103,warmup,4968.0,1272.0,6.3193,59.91
2.203,warmup,4968.0,1304.0,6.4783,60.00
2.303,warmup,4976.0,1248.0,6.2100,60.09
2.404,warmup,4968.0,1288.0,6.3988,60.09
2.504,warmup,4968.0,1272.0,6.3193,60.06
2.604,warmup,4968.0,1272.0,6.3193,60.06
2.704,warmup,4968.0,1304.0,6.4783,59.97
2.804,warmup,4968.0,1248.0,6.2001,59.97
2.904,warmup,4968.0,1288.0,6.3988,60.03
3.004,warmup,4968.0,1280.0,6.3590,59.94
3.104,warmup,4968.0,1272.0,6.3193,59.97
3.205,warmup,4968.0,1296.0,6.4385,60.19
3.305,warmup,4968.0,1248.0,6.2001,60.12
3.405,warmup,4968.0,1296.0,6.4385,60.09
3.505,warmup,4968.0,1272.0,6.3193,60.09
3.605,warmup,4968.0,1272.0,6.3193,60.06
3.705,warmup,4968.0,1296.0,6.4385,60.00
3.805,warmup,4968.0,1248.0,6.2001,59.97
3.906,warmup,4968.0,1288.0,6.3988,59.97
4.006,warmup,4968.0,1272.0,6.3193,59.94
4.106,warmup,4968.0,1272.0,6.3193,60.22
4.206,warmup,4968.0,1304.0,6.4783,60.16
4.306,warmup,4968.0,1248.0,6.2001,60.16
4.406,warmup,4968.0,1288.0,6.3988,60.03
4.506,warmup,4968.0,1280.0,6.3590,60.09
4.606,warmup,4968.0,1272.0,6.3193,60.03
4.707,warmup,4968.0,1304.0,6.4783,60.00
4.807,warmup,4968.0,1248.0,6.2001,60.00
4.907,warmup,4968.0,1288.0,6.3988,59.97
5.007,warmup,4968.0,1272.0,6.3193,59.91
5.107,warmup,4968.0,1272.0,6.3193,60.22
5.207,warmup,4968.0,1296.0,6.4385,60.16
5.308,warmup,4968.0,1248.0,6.2001,60.06
5.408,warmup,4968.0,1288.0,6.3988,60.16
5.508,warmup,4968.0,1280.0,6.3590,60.03
5.608,warmup,4968.0,1272.0,6.3193,60.03
5.708,warmup,4968.0,1304.0,6.4783,60.00
5.808,warmup,4968.0,1248.0,6.2001,59.97
5.908,warmup,4968.0,1288.0,6.3988,60.22
6.009,warmup,4968.0,1272.0,6.3193,60.31
6.109,warmup,4968.0,1264.0,6.2796,60.19
6.209,warmup,4968.0,1304.0,6.4783,60.06
6.309,warmup,4968.0,1240.0,6.1603,60.06
6.409,warmup,4968.0,1288.0,6.3988,60.06
6.509,warmup,4968.0,1272.0,6.3193,59.97
6.609,warmup,4968.0,1264.0,6.2796,60.03
6.710,warmup,4968.0,1296.0,6.4385,60.06
6.810,warmup,4968.0,1240.0,6.1603,60.25
6.910,warmup,4968.0,1288.0,6.3988,60.28
7.010,warmup,4968.0,1272.0,6.3193,60.16
7.110,warmup,4968.0,1264.0,6.2796,60.12
7.210,warmup,4968.0,1304.0,6.4783,60.09
7.310,warmup,4968.0,1248.0,6.2001,60.12
7.410,warmup,4968.0,1288.0,6.3988,60.03
7.511,warmup,4968.0,1280.0,6.3590,60.12
7.611,warmup,4968.0,1272.0,6.3193,60.06
7.711,warmup,4968.0,1296.0,6.4385,60.03
7.811,warmup,4968.0,1256.0,6.2398,60.22
7.911,warmup,4968.0,1288.0,6.3988,60.22
8.011,warmup,4968.0,1280.0,6.3590,60.12
8.111,warmup,4968.0,1272.0,6.3193,60.22
8.212,warmup,4968.0,1304.0,6.4783,60.12
8.312,warmup,4968.0,1248.0,6.2001,60.09
8.412,warmup,4968.0,1288.0,6.3988,60.09
8.512,warmup,4968.0,1280.0,6.3590,60.06
8.612,warmup,4968.0,1272.0,6.3193,60.09
8.713,warmup,4968.0,1304.0,6.4783,60.34
8.813,warmup,4968.0,1248.0,6.2001,60.28
8.913,warmup,4968.0,1288.0,6.3988,60.22
9.013,warmup,4968.0,1280.0,6.3590,60.12
9.113,warmup,4968.0,1272.0,6.3193,60.19
9.213,warmup,4968.0,1304.0,6.4783,60.03
9.313,warmup,4968.0,1248.0,6.2001,60.12
9.414,warmup,4968.0,1288.0,6.3988,60.12
9.514,warmup,4968.0,1288.0,6.3988,60.09
9.614,warmup,4968.0,1272.0,6.3193,60.31
9.714,warmup,4968.0,1304.0,6.4783,60.28
9.814,warmup,4968.0,1248.0,6.2001,60.22
9.914,warmup,4968.0,1288.0,6.3988,60.16
10.014,warmup,4968.0,1288.0,6.3988,60.12
10.115,warmup,4968.0,1264.0,6.2796,60.19
10.215,warmup,4968.0,1304.0,6.4783,60.16
10.315,warmup,4968.0,1248.0,6.2001,60.12
10.415,warmup,4968.0,1288.0,6.3988,60.12
10.515,warmup,4968.0,1272.0,6.3193,60.09
10.615,warmup,4968.0,1264.0,6.2796,60.34
10.716,warmup,4968.0,1296.0,6.4385,60.28
10.816,warmup,4968.0,1248.0,6.2001,60.19
10.916,warmup,4968.0,1288.0,6.3988,60.22
11.016,warmup,4968.0,1280.0,6.3590,60.19
11.116,warmup,4968.0,1272.0,6.3193,60.19
11.216,warmup,4968.0,1304.0,6.4783,60.00
11.317,warmup,4968.0,1248.0,6.2001,60.12
11.417,warmup,4968.0,1288.0,6.3988,60.12
11.517,warmup,4968.0,1280.0,6.3590,60.38
11.617,warmup,4968.0,1264.0,6.2796,60.25
11.717,warmup,4968.0,1296.0,6.4385,60.28
11.817,warmup,4968.0,1248.0,6.2001,60.19
11.917,warmup,4968.0,1288.0,6.3988,60.12
12.017,warmup,4968.0,1280.0,6.3590,60.16
12.118,warmup,4968.0,1256.0,6.2398,60.12
12.218,warmup,4968.0,1296.0,6.4385,60.12
12.318,warmup,4968.0,1248.0,6.2001,60.12
12.418,warmup,4968.0,1280.0,6.3590,60.34
12.518,warmup,4968.0,1280.0,6.3590,60.34
12.618,warmup,4968.0,1264.0,6.2796,60.19
12.718,warmup,4968.0,1296.0,6.4385,60.25
12.818,warmup,4968.0,1256.0,6.2398,60.22
12.919,warmup,4968.0,1288.0,6.3988,60.22
13.019,warmup,4968.0,1288.0,6.3988,60.16
13.119,warmup,4968.0,1264.0,6.2796,60.16
13.219,warmup,4968.0,1296.0,6.4385,60.12
13.319,warmup,4968.0,1256.0,6.2398,60.12
13.419,warmup,4968.0,1288.0,6.3988,60.25
13.519,warmup,4968.0,1280.0,6.3590,60.25
13.620,warmup,4968.0,1264.0,6.2796,60.22
13.720,warmup,4968.0,1296.0,6.4385,60.22
13.820,warmup,4968.0,1248.0,6.2001,60.19
13.920,warmup,4968.0,1288.0,6.3988,60.06
14.020,warmup,4968.0,1288.0,6.3988,60.19
14.120,warmup,4968.0,1264.0,6.2796,60.16
14.220,warmup,4968.0,1296.0,6.4385,60.19
14.320,warmup,4968.0,1256.0,6.2398,60.41
14.421,warmup,4968.0,1280.0,6.3590,60.31
14.521,warmup,4968.0,1280.0,6.3590,60.22
14.621,warmup,4968.0,1264.0,6.2796,60.19
14.721,warmup,4968.0,1296.0,6.4385,60.19
14.821,warmup,4968.0,1256.0,6.2398,60.16
14.921,warmup,4968.0,1288.0,6.3988,60.16
15.021,warmup,4968.0,1280.0,6.3590,60.19
15.122,warmup,4968.0,1264.0,6.2796,60.16
15.222,warmup,4968.0,1304.0,6.4783,60.31
15.322,warmup,4968.0,1264.0,6.2796,60.25
15.422,warmup,4968.0,1280.0,6.3590,60.31
15.522,warmup,4968.0,1288.0,6.3988,60.22
15.622,warmup,4968.0,1256.0,6.2398,60.16
15.722,warmup,4968.0,1296.0,6.4385,60.25
15.822,warmup,4968.0,1256.0,6.2398,60.19
15.923,warmup,4968.0,1280.0,6.3590,60.25
16.023,warmup,4968.0,1288.0,6.3988,60.12
16.123,warmup,4968.0,1256.0,6.2398,60.34
16.223,warmup,4968.0,1296.0,6.4385,60.31
16.323,warmup,4968.0,1256.0,6.2398,60.28
16.423,warmup,4968.0,1280.0,6.3590,60.22
16.523,warmup,4968.0,1296.0,6.4385,60.22
16.624,warmup,4968.0,1256.0,6.2398,60.12
16.724,warmup,4968.0,1296.0,6.4385,60.25
16.824,warmup,4968.0,1256.0,6.2398,60.19
16.924,warmup,4968.0,1288.0,6.3988,60.12
17.024,warmup,4968.0,1288.0,6.3988,60.31
17.124,warmup,4968.0,1264.0,6.2796,60.38
17.224,warmup,4968.0,1296.0,6.4385,60.28
17.324,warmup,4968.0,1264.0,6.2796,60.25
17.425,warmup,4968.0,1288.0,6.3988,60.19
17.525,warmup,4968.0,1296.0,6.4385,60.22
17.625,warmup,4968.0,1264.0,6.2796,60.25
17.725,warmup,4968.0,1304.0,6.4783,60.22
17.825,warmup,4968.0,1264.0,6.2796,60.38
17.925,warmup,4968.0,1280.0,6.3590,60.34
18.025,warmup,4968.0,1288.0,6.3988,60.38
18.126,warmup,4968.0,1264.0,6.2796,60.31
18.226,warmup,4968.0,1304.0,6.4783,60.28
18.326,warmup,4968.0,1264.0,6.2796,60.25
18.426,warmup,4968.0,1280.0,6.3590,60.28
18.526,warmup,4968.0,1288.0,6.3988,60.12
18.626,warmup,4968.0,1264.0,6.2796,60.19
18.726,warmup,4968.0,1304.0,6.4783,60.25
18.826,warmup,4968.0,1264.0,6.2796,60.38
18.927,warmup,4968.0,1288.0,6.3988,60.38
19.027,warmup,4968.0,1288.0,6.3988,60.28
19.127,warmup,4968.0,1264.0,6.2796,60.22
19.227,warmup,4968.0,1296.0,6.4385,60.22
19.327,warmup,4968.0,1264.0,6.2796,60.25
19.427,warmup,4968.0,1280.0,6.3590,60.31
19.527,warmup,4968.0,1304.0,6.4783,60.28
19.628,warmup,4968.0,1256.0,6.2398,60.25
19.728,warmup,4968.0,1296.0,6.4385,60.41
19.828,warmup,4968.0,1264.0,6.2796,60.38
19.928,warmup,4968.0,1280.0,6.3590,60.38
20.028,warmup,4968.0,1288.0,6.3988,60.34
20.128,warmup,4968.0,1264.0,6.2796,60.31
20.228,warmup,4968.0,1304.0,6.4783,60.28
20.328,warmup,4968.0,1264.0,6.2796,60.28
20.429,warmup,4968.0,1288.0,6.3988,60.22
20.529,warmup,4968.0,1312.0,6.5180,60.41
20.629,warmup,4968.0,1264.0,6.2796,60.44
20.729,warmup,4968.0,1304.0,6.4783,60.41
20.829,warmup,4968.0,1280.0,6.3590,60.38
20.929,warmup,4968.0,1280.0,6.3590,60.38
21.029,warmup,4968.0,1288.0,6.3988,60.25
21.130,warmup,4968.0,1256.0,6.2398,60.28
21.230,warmup,4968.0,1296.0,6.4385,60.31
21.330,warmup,4968.0,1272.0,6.3193,60.22
21.430,warmup,4968.0,1280.0,6.3590,60.41
21.530,warmup,4968.0,1304.0,6.4783,60.44
21.630,warmup,4968.0,1256.0,6.2398,60.41
21.730,warmup,4968.0,1296.0,6.4385,60.38
21.830,warmup,4968.0,1272.0,6.3193,60.38
21.931,warmup,4968.0,1280.0,6.3590,60.28
22.031,warmup,4968.0,1296.0,6.4385,60.34
22.131,warmup,4968.0,1256.0,6.2398,60.31
22.231,warmup,4968.0,1296.0,6.4385,60.34
22.331,warmup,4968.0,1264.0,6.2796,60.28
22.431,warmup,4968.0,1272.0,6.3193,60.50
22.531,warmup,4968.0,1312.0,6.5180,60.44
22.631,warmup,4968.0,1248.0,6.2001,60.38
22.732,warmup,4968.0,1296.0,6.4385,60.34
22.832,warmup,4968.0,1272.0,6.3193,60.34
22.932,warmup,4968.0,1280.0,6.3590,60.41
23.032,warmup,4968.0,1288.0,6.3988,60.28
23.132,warmup,4968.0,1256.0,6.2398,60.28
23.232,warmup,4968.0,1296.0,6.4385,60.34
23.332,warmup,4968.0,1264.0,6.2796,60.53
23.433,warmup,4968.0,1272.0,6.3193,60.47
23.533,warmup,4968.0,1304.0,6.4783,60.38
23.633,warmup,4968.0,1248.0,6.2001,60.31
23.733,warmup,4968.0,1288.0,6.3988,60.38
23.833,warmup,4968.0,1272.0,6.3193,60.38
23.933,warmup,4968.0,1272.0,6.3193,60.34
24.033,warmup,4968.0,1288.0,6.3988,60.28
24.133,warmup,4968.0,1256.0,6.2398,60.31
24.234,warmup,4968.0,1296.0,6.4385,60.56
24.334,warmup,4968.0,1272.0,6.3193,60.53
24.434,warmup,4968.0,1272.0,6.3193,60.38
24.534,warmup,4968.0,1288.0,6.3988,60.38
24.634,warmup,4968.0,1256.0,6.2398,60.38
24.734,warmup,4968.0,1296.0,6.4385,60.38
24.834,warmup,4968.0,1272.0,6.3193,60.34
24.935,warmup,4968.0,1272.0,6.3193,60.28
25.035,warmup,4968.0,1296.0,6.4385,60.31
25.135,warmup,4968.0,1256.0,6.2398,60.28
25.235,warmup,4968.0,1296.0,6.4385,60.41
25.335,warmup,4968.0,1272.0,6.3193,60.38
25.435,warmup,4968.0,1272.0,6.3193,60.38
25.535,warmup,4968.0,1288.0,6.3988,60.41
25.635,warmup,4968.0,1256.0,6.2398,60.38
25.736,warmup,4968.0,1296.0,6.4385,60.38
25.836,warmup,4968.0,1280.0,6.3590,60.34
25.936,warmup,4968.0,1280.0,6.3590,60.34
26.036,warmup,4968.0,1296.0,6.4385,60.38
26.136,warmup,4968.0,1256.0,6.2398,60.38
26.236,warmup,4968.0,1296.0,6.4385,60.38
26.336,warmup,4968.0,1280.0,6.3590,60.38
26.436,warmup,4968.0,1280.0,6.3590,60.38
26.537,warmup,4968.0,1304.0,6.4783,60.38
26.637,warmup,4968.0,1256.0,6.2398,60.38
26.737,warmup,4968.0,1296.0,6.4385,60.38
26.837,warmup,4968.0,1280.0,6.3590,60.38
26.937,warmup,4968.0,1272.0,6.3193,60.38
27.037,warmup,4968.0,1288.0,6.3988,60.53
27.137,warmup,4968.0,1248.0,6.2001,60.44
27.238,warmup,4968.0,1288.0,6.3988,60.44
27.338,warmup,4968.0,1280.0,6.3590,60.41
27.438,warmup,4968.0,1280.0,6.3590,60.41
27.538,warmup,4968.0,1304.0,6.4783,60.41
27.638,warmup,4968.0,1256.0,6.2398,60.38
27.738,warmup,4968.0,1296.0,6.4385,60.34
27.838,warmup,4968.0,1280.0,6.3590,60.38
27.939,warmup,4968.0,1280.0,6.3590,60.50
28.039,warmup,4968.0,1304.0,6.4783,60.50
28.139,warmup,4968.0,1256.0,6.2398,60.47
28.239,warmup,4968.0,1288.0,6.3988,60.47
28.339,warmup,4968.0,1272.0,6.3193,60.41
28.439,warmup,4968.0,1272.0,6.3193,60.38
28.540,warmup,4968.0,1304.0,6.4783,60.38
28.640,warmup,4968.0,1248.0,6.2001,60.38
28.740,warmup,4968.0,1288.0,6.3988,60.38
28.840,warmup,4968.0,1272.0,6.3193,60.56
28.940,warmup,4968.0,1272.0,6.3193,60.62
29.040,warmup,4968.0,1288.0,6.3988,60.53
29.140,warmup,4968.0,1248.0,6.2001,60.47
29.241,warmup,4968.0,1288.0,6.3988,60.38
29.341,warmup,4968.0,1272.0,6.3193,60.41
29.441,warmup,4968.0,1272.0,6.3193,60.34
29.541,warmup,4968.0,1304.0,6.4783,60.41
29.641,warmup,4968.0,1248.0,6.2001,60.38
29.741,warmup,4968.0,1288.0,6.3988,60.53
29.841,warmup,4968.0,1272.0,6.3193,60.50
29.942,warmup,4968.0,1272.0,6.3193,60.50
30.042,warmup,4968.0,1296.0,6.4385,60.41
30.142,warmup,4968.0,1248.0,6.2001,60.47
30.242,warmup,4968.0,1288.0,6.3988,60.47
30.342,warmup,4968.0,1272.0,6.3193,60.41
30.442,warmup,4968.0,1264.0,6.2796,60.44
30.542,warmup,4968.0,1288.0,6.3988,60.38
30.642,warmup,4968.0,1248.0,6.2001,60.62
30.743,warmup,4968.0,1288.0,6.3988,60.59
30.843,warmup,4968.0,1272.0,6.3193,60.56
30.943,warmup,4968.0,1272.0,6.3193,60.47
31.043,warmup,4968.0,1304.0,6.4783,60.50
31.143,warmup,4968.0,1248.0,6.2001,60.44
31.244,warmup,4968.0,1288.0,6.3988,60.41
31.344,warmup,4968.0,1280.0,6.3590,60.41
31.444,warmup,4968.0,1272.0,6.3193,60.38
31.544,warmup,4968.0,1312.0,6.5180,60.41
31.644,warmup,4968.0,1248.0,6.2001,60.56
31.744,warmup,4968.0,1288.0,6.3988,60.59
31.844,warmup,4968.0,1280.0,6.3590,60.50
31.944,warmup,4968.0,1272.0,6.3193,60.50
32.045,warmup,4968.0,1304.0,6.4783,60.44
32.145,warmup,4968.0,1248.0,6.2001,60.47
32.245,warmup,4968.0,1288.0,6.3988,60.44
32.345,warmup,4968.0,1280.0,6.3590,60.38
32.445,warmup,4968.0,1264.0,6.2796,60.66
32.545,warmup,4968.0,1304.0,6.4783,60.59
32.645,warmup,4968.0,1240.0,6.1603,60.56
32.746,warmup,4968.0,1288.0,6.3988,60.56
32.846,warmup,4968.0,1272.0,6.3193,60.47
32.946,warmup,4968.0,1272.0,6.3193,60.53
33.046,warmup,4968.0,1304.0,6.4783,60.44
33.146,warmup,4968.0,1248.0,6.2001,60.47
33.246,warmup,4968.0,1288.0,6.3988,60.44
33.346,warmup,4968.0,1280.0,6.3590,60.69
33.446,warmup,4968.0,1272.0,6.3193,60.62
33.547,warmup,4968.0,1304.0,6.4783,60.62
33.647,warmup,4968.0,1248.0,6.2001,60.56
33.747,warmup,4968.0,1288.0,6.3988,60.50
33.847,warmup,4968.0,1288.0,6.3988,60.50
33.947,warmup,4968.0,1272.0,6.3193,60.47
34.047,warmup,4968.0,1304.0,6.4783,60.53
34.147,warmup,4968.0,1248.0,6.2001,60.44
34.248,warmup,4968.0,1288.0,6.3988,60.66
34.348,warmup,4968.0,1280.0,6.3590,60.62
34.448,warmup,4968.0,1264.0,6.2796,60.59
34.548,warmup,4968.0,1296.0,6.4385,60.50
34.648,warmup,4968.0,1240.0,6.1603,60.47
34.748,warmup,4968.0,1280.0,6.3590,60.47
34.848,warmup,4968.0,1280.0,6.3590,60.50
34.948,warmup,4968.0,1264.0,6.2796,60.50
35.049,warmup,4968.0,1296.0,6.4385,60.47
35.149,warmup,4968.0,1248.0,6.2001,60.44
35.249,warmup,4968.0,1288.0,6.3988,60.69
35.349,warmup,4968.0,1280.0,6.3590,60.66
35.449,warmup,4968.0,1272.0,6.3193,60.62
35.549,warmup,4968.0,1304.0,6.4783,60.53
35.649,warmup,4968.0,1248.0,6.2001,60.53
35.750,warmup,4968.0,1288.0,6.3988,60.47
35.850,warmup,4968.0,1280.0,6.3590,60.44
35.950,warmup,4968.0,1264.0,6.2796,60.44
36.050,warmup,4968.0,1296.0,6.4385,60.44
36.150,warmup,4968.0,1248.0,6.2001,60.75
36.250,warmup,4968.0,1280.0,6.3590,60.72
36.350,warmup,4968.0,1280.0,6.3590,60.56
36.450,warmup,4968.0,1264.0,6.2796,60.59
36.551,warmup,4968.0,1304.0,6.4783,60.53
36.651,warmup,4968.0,1248.0,6.2001,60.50
36.751,warmup,4968.0,1288.0,6.3988,60.53
36.851,warmup,4968.0,1288.0,6.3988,60.50
36.951,warmup,4968.0,1272.0,6.3193,60.47
37.051,warmup,4968.0,1304.0,6.4783,60.75
37.151,warmup,4968.0,1256.0,6.2398,60.69
37.252,warmup,4968.0,1288.0,6.3988,60.59
37.352,warmup,4968.0,1288.0,6.3988,60.56
37.452,warmup,4968.0,1272.0,6.3193,60.47
37.552,warmup,4968.0,1304.0,6.4783,60.53
37.652,warmup,4968.0,1256.0,6.2398,60.50
37.752,warmup,4968.0,1288.0,6.3988,60.50
37.852,warmup,4968.0,1288.0,6.3988,60.44
37.953,warmup,4968.0,1272.0,6.3193,60.81
38.053,warmup,4968.0,1304.0,6.4783,60.69
38.153,warmup,4968.0,1248.0,6.2001,60.62
38.253,warmup,4968.0,1288.0,6.3988,60.62
38.353,warmup,4968.0,1296.0,6.4385,60.50
38.453,warmup,4968.0,1264.0,6.2796,60.53
38.553,warmup,4968.0,1296.0,6.4385,60.53
38.653,warmup,4968.0,1248.0,6.2001,60.47
38.754,warmup,4968.0,1280.0,6.3590,60.53
38.854,warmup,4968.0,1280.0,6.3590,60.53
38.954,warmup,4968.0,1264.0,6.2796,60.72
39.054,warmup,4968.0,1296.0,6.4385,60.59
39.154,warmup,4968.0,1248.0,6.2001,60.59
39.254,warmup,4968.0,1280.0,6.3590,60.56
39.354,warmup,4968.0,1280.0,6.3590,60.50
39.455,warmup,4968.0,1264.0,6.2796,60.53
39.555,warmup,4968.0,1296.0,6.4385,60.53
39.655,warmup,4968.0,1256.0,6.2398,60.47
39.755,warmup,4968.0,1288.0,6.3988,60.50
39.855,warmup,4968.0,1288.0,6.3988,60.66
39.955,warmup,4968.0,1272.0,6.3193,60.69
40.055,warmup,4968.0,1304.0,6.4783,60.66
40.156,warmup,4968.0,1256.0,6.2398,60.62
40.256,warmup,4968.0,1288.0,6.3988,60.62
40.356,warmup,4968.0,1296.0,6.4385,60.62
40.456,warmup,4968.0,1264.0,6.2796,60.59
40.556,warmup,4968.0,1304.0,6.4783,60.47
40.656,warmup,4968.0,1264.0,6.2796,60.50
40.756,warmup,4968.0,1288.0,6.3988,60.72
40.856,warmup,4968.0,1288.0,6.3988,60.84
40.957,warmup,4968.0,1264.0,6.2796,60.75
41.057,warmup,4968.0,1296.0,6.4385,60.59
41.157,warmup,4968.0,1256.0,6.2398,60.59
41.257,warmup,4968.0,1280.0,6.3590,60.56
41.357,warmup,4968.0,1288.0,6.3988,60.59
41.457,warmup,4968.0,1264.0,6.2796,60.53
41.557,warmup,4968.0,1296.0,6.4385,60.59
41.658,warmup,4968.0,1256.0,6.2398,60.78
41.758,warmup,4968.0,1288.0,6.3988,60.69
41.858,warmup,4968.0,1288.0,6.3988,60.62
41.958,warmup,4968.0,1264.0,6.2796,60.66
42.058,warmup,4968.0,1296.0,6.4385,60.66
42.158,warmup,4968.0,1264.0,6.2796,60.56
42.258,warmup,4968.0,1288.0,6.3988,60.53
42.358,warmup,4968.0,1296.0,6.4385,60.59
42.459,warmup,4968.0,1264.0,6.2796,60.53
42.559,warmup,4968.0,1304.0,6.4783,60.66
42.659,warmup,4968.0,1264.0,6.2796,60.78
42.759,warmup,4968.0,1288.0,6.3988,60.72
42.859,warmup,4968.0,1304.0,6.4783,60.62
42.959,warmup,4968.0,1256.0,6.2398,60.69
43.059,warmup,4968.0,1296.0,6.4385,60.59
43.160,warmup,4968.0,1264.0,6.2796,60.62
43.260,warmup,4968.0,1288.0,6.3988,60.62
43.360,warmup,4968.0,1304.0,6.4783,60.50
43.460,warmup,4968.0,1264.0,6.2796,60.81
43.560,warmup,4968.0,1296.0,6.4385,60.75
43.660,warmup,4968.0,1264.0,6.2796,60.66
43.760,warmup,4968.0,1280.0,6.3590,60.69
43.860,warmup,4968.0,1288.0,6.3988,60.66
43.961,warmup,4968.0,1264.0,6.2796,60.59
44.061,warmup,4968.0,1304.0,6.4783,60.59
44.161,warmup,4968.0,1264.0,6.2796,60.62
44.261,warmup,4968.0,1280.0,6.3590,60.62
44.361,warmup,4968.0,1288.0,6.3988,60.75
44.461,warmup,4968.0,1264.0,6.2796,60.72
44.561,warmup,4968.0,1296.0,6.4385,60.75
44.662,warmup,4968.0,1264.0,6.2796,60.62
44.762,warmup,4968.0,1280.0,6.3590,60.69
44.862,warmup,4968.0,1304.0,6.4783,60.62
44.962,warmup,4968.0,1256.0,6.2398,60.62
45.062,warmup,4968.0,1296.0,6.4385,60.56
45.162,warmup,4968.0,1256.0,6.2398,60.59
45.262,warmup,4968.0,1280.0,6.3590,60.81
45.362,warmup,4968.0,1304.0,6.4783,60.78
45.463,warmup,4968.0,1256.0,6.2398,60.66
45.563,warmup,4968.0,1296.0,6.4385,60.75
45.663,warmup,4968.0,1272.0,6.3193,60.75
45.763,warmup,4968.0,1280.0,6.3590,60.66
45.863,warmup,4968.0,1288.0,6.3988,60.62
45.963,warmup,4968.0,1264.0,6.2796,60.72
46.063,warmup,4968.0,1304.0,6.4783,60.62
46.164,warmup,4968.0,1264.0,6.2796,60.88
46.264,warmup,4968.0,1280.0,6.3590,60.78
46.364,warmup,4968.0,1312.0,6.5180,60.69
46.464,warmup,4968.0,1264.0,6.2796,60.72
46.564,warmup,4968.0,1296.0,6.4385,60.69
46.664,warmup,4968.0,1272.0,6.3193,60.69
46.764,warmup,4968.0,1280.0,6.3590,60.69
46.864,warmup,4968.0,1296.0,6.4385,60.62
46.965,warmup,4968.0,1264.0,6.2796,60.66
47.065,warmup,4968.0,1304.0,6.4783,60.88
47.165,warmup,4968.0,1272.0,6.3193,60.81
47.265,warmup,4968.0,1280.0,6.3590,60.75
47.365,warmup,4968.0,1304.0,6.4783,60.66
47.465,warmup,4968.0,1256.0,6.2398,60.75
47.565,warmup,4968.0,1296.0,6.4385,60.72
47.666,warmup,4968.0,1272.0,6.3193,60.69
47.766,warmup,4968.0,1280.0,6.3590,60.72
47.866,warmup,4968.0,1296.0,6.4385,60.72
47.966,warmup,4968.0,1256.0,6.2398,60.62
48.066,warmup,4968.0,1296.0,6.4385,60.88
48.166,warmup,4968.0,1272.0,6.3193,60.88
48.266,warmup,4968.0,1280.0,6.3590,60.81
48.367,warmup,4968.0,1296.0,6.4385,60.75
48.467,warmup,4968.0,1248.0,6.2001,60.72
48.567,warmup,4968.0,1296.0,6.4385,60.75
48.667,warmup,4968.0,1264.0,6.2796,60.69
48.767,warmup,4968.0,1272.0,6.3193,60.66
48.867,warmup,4968.0,1288.0,6.3988,60.91
48.967,warmup,4968.0,1256.0,6.2398,60.88
49.067,warmup,4968.0,1296.0,6.4385,60.91
49.168,warmup,4968.0,1280.0,6.3590,60.88
49.268,warmup,4968.0,1280.0,6.3590,60.81
49.368,warmup,4968.0,1296.0,6.4385,60.72
49.468,warmup,4968.0,1256.0,6.2398,60.72
49.568,warmup,4968.0,1296.0,6.4385,60.69
49.668,warmup,4968.0,1280.0,6.3590,60.66
49.768,warmup,4968.0,1280.0,6.3590,60.69
49.868,warmup,4968.0,1304.0,6.4783,60.91
49.969,warmup,4968.0,1256.0,6.2398,60.91
50.069,warmup,4968.0,1296.0,6.4385,60.75
50.169,warmup,4968.0,1272.0,6.3193,60.81
50.269,warmup,4968.0,1272.0,6.3193,60.62
50.369,warmup,4968.0,1296.0,6.4385,60.78
50.469,warmup,4968.0,1256.0,6.2398,60.72
50.569,warmup,4968.0,1296.0,6.4385,60.69
50.670,warmup,4968.0,1280.0,6.3590,60.69
50.770,warmup,4968.0,1280.0,6.3590,60.91
50.870,warmup,4968.0,1296.0,6.4385,60.88
50.970,warmup,4968.0,1256.0,6.2398,60.75
51.070,warmup,4968.0,1296.0,6.4385,60.78
51.170,warmup,4968.0,1280.0,6.3590,60.72
51.270,warmup,4968.0,1280.0,6.3590,60.78
51.371,warmup,4968.0,1304.0,6.4783,60.66
51.471,warmup,4968.0,1248.0,6.2001,60.66
51.571,warmup,4968.0,1296.0,6.4385,60.62
51.671,warmup,4968.0,1272.0,6.3193,60.91
51.771,warmup,4968.0,1272.0,6.3193,60.84
51.871,warmup,4968.0,1288.0,6.3988,60.81
51.971,warmup,4968.0,1248.0,6.2001,60.72
52.071,warmup,4968.0,1288.0,6.3988,60.72
52.172,warmup,4968.0,1280.0,6.3590,60.72
52.272,warmup,4968.0,1280.0,6.3590,60.72
52.372,warmup,4968.0,1296.0,6.4385,60.72
52.472,warmup,4968.0,1256.0,6.2398,60.69
52.572,warmup,4968.0,1296.0,6.4385,60.69
52.672,warmup,4968.0,1280.0,6.3590,60.78
52.772,warmup,4968.0,1280.0,6.3590,60.88
52.872,warmup,4968.0,1296.0,6.4385,60.81
52.973,warmup,4968.0,1256.0,6.2398,60.81
53.073,warmup,4968.0,1296.0,6.4385,60.75
53.173,warmup,4968.0,1280.0,6.3590,60.69
53.273,warmup,4968.0,1280.0,6.3590,60.72
53.373,warmup,4968.0,1304.0,6.4783,60.69
53.473,warmup,4968.0,1264.0,6.2796,60.66
53.573,warmup,4968.0,1296.0,6.4385,60.88
53.673,warmup,4968.0,1280.0,6.3590,60.88
53.774,warmup,4968.0,1280.0,6.3590,60.81
53.874,warmup,4968.0,1304.0,6.4783,60.84
53.974,warmup,4968.0,1264.0,6.2796,60.84
54.074,warmup,4968.0,1296.0,6.4385,60.72
54.174,warmup,4968.0,1280.0,6.3590,60.78
54.274,warmup,4968.0,1280.0,6.3590,60.75
54.374,warmup,4968.0,1296.0,6.4385,60.91
54.474,warmup,4968.0,1256.0,6.2398,60.88
54.575,warmup,4968.0,1296.0,6.4385,60.88
54.675,warmup,4968.0,1280.0,6.3590,60.88
54.775,warmup,4968.0,1280.0,6.3590,60.84
54.875,warmup,4968.0,1312.0,6.5180,60.88
54.975,warmup,4968.0,1256.0,6.2398,60.75
55.075,warmup,4968.0,1288.0,6.3988,60.78
55.175,warmup,4968.0,1280.0,6.3590,60.72
55.275,warmup,4968.0,1272.0,6.3193,60.91
55.376,warmup,4968.0,1304.0,6.4783,60.94
55.476,warmup,4976.0,1248.0,6.2100,60.91
55.576,warmup,4968.0,1288.0,6.3988,60.88
55.676,warmup,4968.0,1280.0,6.3590,60.81
55.776,warmup,4968.0,1272.0,6.3193,60.75
55.876,warmup,4968.0,1304.0,6.4783,60.75
55.976,warmup,4968.0,1256.0,6.2398,60.84
56.077,warmup,4968.0,1296.0,6.4385,60.75
56.177,warmup,4968.0,1280.0,6.3590,60.97
56.277,warmup,4968.0,1272.0,6.3193,60.94
56.377,warmup,4968.0,1304.0,6.4783,60.94
56.477,warmup,4968.0,1256.0,6.2398,60.81
56.577,warmup,4968.0,1296.0,6.4385,60.88
56.677,warmup,4968.0,1280.0,6.3590,60.84
56.777,warmup,4968.0,1272.0,6.3193,60.78
56.878,warmup,4968.0,1304.0,6.4783,60.72
56.978,warmup,4968.0,1248.0,6.2001,60.84
57.078,warmup,4968.0,1288.0,6.3988,61.03
57.178,warmup,4968.0,1280.0,6.3590,60.94
57.278,warmup,4968.0,1280.0,6.3590,61.00
57.378,warmup,4968.0,1312.0,6.5180,60.88
57.478,warmup,4968.0,1256.0,6.2398,60.84
57.579,warmup,4968.0,1288.0,6.3988,60.88
57.679,warmup,4968.0,1280.0,6.3590,60.84
57.779,warmup,4968.0,1272.0,6.3193,60.81
57.879,warmup,4968.0,1304.0,6.4783,60.69
57.979,warmup,4968.0,1240.0,6.1603,60.84
58.079,warmup,4968.0,1288.0,6.3988,61.00
58.179,warmup,4968.0,1280.0,6.3590,61.00
58.279,warmup,4968.0,1272.0,6.3193,60.88
58.380,warmup,4968.0,1304.0,6.4783,60.88
58.480,warmup,4968.0,1248.0,6.2001,60.84
58.580,warmup,4968.0,1288.0,6.3988,60.88
58.680,warmup,4968.0,1280.0,6.3590,60.84
58.780,warmup,4968.0,1272.0,6.3193,60.81
58.880,warmup,4968.0,1304.0,6.4783,61.03
58.981,warmup,4968.0,1256.0,6.2398,61.00
59.081,warmup,4968.0,1288.0,6.3988,60.91
59.181,warmup,4968.0,1288.0,6.3988,60.88
59.281,warmup,4968.0,1280.0,6.3590,60.94
59.381,warmup,4968.0,1312.0,6.5180,60.88
59.481,warmup,4968.0,1256.0,6.2398,60.78
59.581,warmup,4968.0,1296.0,6.4385,60.84
59.682,warmup,4968.0,1296.0,6.4385,60.84
59.782,warmup,4968.0,1272.0,6.3193,61.09
59.882,warmup,4968.0,1304.0,6.4783,61.00
59.982,warmup,4968.0,1248.0,6.2001,60.97
60.082,warmup,4968.0,1288.0,6.3988,61.00
60.182,warmup,4968.0,1280.0,6.3590,60.88
60.282,warmup,4968.0,1272.0,6.3193,60.88
60.382,measure,4968.0,1304.0,6.4783,60.84
60.483,measure,4968.0,1248.0,6.2001,60.84
60.583,measure,4968.0,1296.0,6.4385,60.84
60.683,measure,4968.0,1280.0,6.3590,61.06
60.783,measure,4968.0,1272.0,6.3193,60.94
60.883,measure,4968.0,1304.0,6.4783,61.03
60.983,measure,4968.0,1248.0,6.2001,61.03
61.083,measure,4968.0,1288.0,6.3988,60.91
61.184,measure,4968.0,1280.0,6.3590,60.88
61.284,measure,4968.0,1272.0,6.3193,60.88
61.384,measure,4968.0,1304.0,6.4783,60.88
61.484,measure,4968.0,1256.0,6.2398,60.84
61.584,measure,4968.0,1296.0,6.4385,60.84
61.684,measure,4968.0,1288.0,6.3988,61.09
61.784,measure,4968.0,1272.0,6.3193,61.03
61.885,measure,4968.0,1304.0,6.4783,60.91
61.985,measure,4968.0,1248.0,6.2001,60.88
62.085,measure,4968.0,1288.0,6.3988,60.88
62.185,measure,4968.0,1288.0,6.3988,60.88
62.285,measure,4968.0,1272.0,6.3193,60.88
62.385,measure,4968.0,1304.0,6.4783,60.84
62.485,measure,4968.0,1256.0,6.2398,60.88
62.586,measure,4968.0,1296.0,6.4385,61.16
62.686,measure,4968.0,1288.0,6.3988,61.12
62.786,measure,4968.0,1272.0,6.3193,60.94
62.886,measure,4968.0,1304.0,6.4783,60.97
62.986,measure,4968.0,1256.0,6.2398,60.91
63.086,measure,4968.0,1296.0,6.4385,60.88
63.186,measure,4968.0,1288.0,6.3988,60.88
63.286,measure,4968.0,1272.0,6.3193,60.84
63.387,measure,4968.0,1304.0,6.4783,60.91
63.487,measure,4968.0,1256.0,6.2398,60.81
63.587,measure,4968.0,1288.0,6.3988,61.16
63.687,measure,4968.0,1288.0,6.3988,61.06
63.787,measure,4968.0,1272.0,6.3193,60.97
63.887,measure,4968.0,1304.0,6.4783,61.03
63.987,measure,4968.0,1256.0,6.2398,60.88
64.088,measure,4968.0,1288.0,6.3988,60.91
64.188,measure,4968.0,1296.0,6.4385,60.88
64.288,measure,4968.0,1264.0,6.2796,60.88
64.388,measure,4968.0,1304.0,6.4783,60.91
64.488,measure,4968.0,1256.0,6.2398,61.09
64.588,measure,4968.0,1288.0,6.3988,61.09
64.688,measure,4968.0,1288.0,6.3988,60.97
64.788,measure,4968.0,1264.0,6.2796,60.94
64.889,measure,4968.0,1304.0,6.4783,60.97
64.989,measure,4968.0,1256.0,6.2398,60.88
65.089,measure,4968.0,1288.0,6.3988,60.91
65.189,measure,4968.0,1288.0,6.3988,60.91
65.289,measure,4968.0,1272.0,6.3193,60.88
65.389,measure,4968.0,1304.0,6.4783,61.16
65.489,measure,4968.0,1264.0,6.2796,60.97
65.590,measure,4968.0,1288.0,6.3988,61.06
65.690,measure,4968.0,1288.0,6.3988,60.94
65.790,measure,4968.0,1272.0,6.3193,61.00
65.890,measure,4968.0,1304.0,6.4783,60.91
65.990,measure,4968.0,1264.0,6.2796,60.88
66.090,measure,4968.0,1296.0,6.4385,60.88
66.190,measure,4968.0,1296.0,6.4385,60.94
66.290,measure,4968.0,1264.0,6.2796,61.03
66.391,measure,4968.0,1304.0,6.4783,61.00
66.491,measure,4968.0,1256.0,6.2398,61.09
66.591,measure,4968.0,1288.0,6.3988,61.03
66.691,measure,4968.0,1288.0,6.3988,60.94
66.791,measure,4968.0,1264.0,6.2796,60.97
66.891,measure,4968.0,1304.0,6.4783,60.88
66.991,measure,4968.0,1256.0,6.2398,60.91
67.092,measure,4968.0,1288.0,6.3988,60.91
67.192,measure,4968.0,1288.0,6.3988,61.12
67.292,measure,4968.0,1264.0,6.2796,61.16
67.392,measure,4968.0,1296.0,6.4385,61.03
67.492,measure,4968.0,1256.0,6.2398,60.94
67.592,measure,4968.0,1280.0,6.3590,60.97
67.692,measure,4968.0,1288.0,6.3988,60.94
67.792,measure,4968.0,1264.0,6.2796,60.97
67.893,measure,4968.0,1304.0,6.4783,60.97
67.993,measure,4968.0,1264.0,6.2796,60.94
68.093,measure,4968.0,1288.0,6.3988,61.06
68.193,measure,4968.0,1288.0,6.3988,61.16
68.293,measure,4968.0,1256.0,6.2398,61.00
68.393,measure,4968.0,1296.0,6.4385,61.06
68.493,measure,4968.0,1256.0,6.2398,61.00
68.593,measure,4968.0,1280.0,6.3590,60.91
68.694,measure,4968.0,1280.0,6.3590,60.88
68.794,measure,4968.0,1264.0,6.2796,60.97
68.894,measure,4968.0,1304.0,6.4783,60.88
68.994,measure,4968.0,1264.0,6.2796,61.16
69.094,measure,4968.0,1288.0,6.3988,61.03
69.194,measure,4968.0,1288.0,6.3988,61.22
69.294,measure,4968.0,1264.0,6.2796,60.97
69.395,measure,4968.0,1296.0,6.4385,61.03
69.495,measure,4968.0,1264.0,6.2796,60.88
69.595,measure,4968.0,1280.0,6.3590,61.06
69.695,measure,4968.0,1296.0,6.4385,60.94
69.795,measure,4968.0,1256.0,6.2398,60.97
69.895,measure,4968.0,1296.0,6.4385,61.19
69.995,measure,4968.0,1256.0,6.2398,61.09
70.095,measure,4968.0,1280.0,6.3590,61.06
70.196,measure,4968.0,1288.0,6.3988,61.03
70.296,measure,4968.0,1256.0,6.2398,61.03
70.396,measure,4968.0,1296.0,6.4385,60.94
70.496,measure,4968.0,1264.0,6.2796,61.00
70.596,measure,4968.0,1280.0,6.3590,60.97
70.696,measure,4968.0,1304.0,6.4783,60.91
70.796,measure,4968.0,1256.0,6.2398,61.16
70.897,measure,4968.0,1296.0,6.4385,61.16
70.997,measure,4968.0,1264.0,6.2796,61.06
71.097,measure,4968.0,1280.0,6.3590,61.06
71.197,measure,4968.0,1288.0,6.3988,61.03
71.297,measure,4968.0,1264.0,6.2796,61.00
71.397,measure,4968.0,1296.0,6.4385,60.97
71.497,measure,4968.0,1272.0,6.3193,60.88
71.597,measure,4968.0,1280.0,6.3590,61.00
71.698,measure,4968.0,1288.0,6.3988,61.12
71.798,measure,4968.0,1264.0,6.2796,61.12
71.898,measure,4968.0,1296.0,6.4385,61.12
71.998,measure,4968.0,1264.0,6.2796,61.06
72.098,measure,4968.0,1280.0,6.3590,61.00
72.198,measure,4968.0,1312.0,6.5180,60.91
72.298,measure,4968.0,1256.0,6.2398,61.00
72.399,measure,4968.0,1288.0,6.3988,61.00
72.499,measure,4968.0,1264.0,6.2796,61.00
72.599,measure,4968.0,1280.0,6.3590,61.16
72.699,measure,4968.0,1296.0,6.4385,61.22
72.799,measure,4968.0,1256.0,6.2398,61.09
72.899,measure,4968.0,1296.0,6.4385,61.16
72.999,measure,4968.0,1264.0,6.2796,61.09
73.100,measure,4968.0,1280.0,6.3590,61.03
73.200,measure,4968.0,1288.0,6.3988,61.00
73.300,measure,4968.0,1256.0,6.2398,61.00
73.400,measure,4968.0,1296.0,6.4385,60.88
73.500,measure,4968.0,1272.0,6.3193,61.16
73.600,measure,4968.0,1280.0,6.3590,61.19
73.700,measure,4968.0,1304.0,6.4783,61.06
73.800,measure,4968.0,1256.0,6.2398,61.03
73.901,measure,4968.0,1296.0,6.4385,61.09
74.001,measure,4968.0,1272.0,6.3193,61.00
74.101,measure,4968.0,1280.0,6.3590,61.03
74.201,measure,4968.0,1296.0,6.4385,61.03
74.301,measure,4968.0,1256.0,6.2398,60.97
74.401,measure,4968.0,1296.0,6.4385,61.22
74.501,measure,4968.0,1272.0,6.3193,61.12
74.602,measure,4968.0,1280.0,6.3590,61.25
74.702,measure,4968.0,1296.0,6.4385,61.12
74.802,measure,4968.0,1256.0,6.2398,61.09
74.902,measure,4968.0,1296.0,6.4385,61.12
75.002,measure,4968.0,1272.0,6.3193,61.03
75.102,measure,4968.0,1272.0,6.3193,61.06
75.202,measure,4968.0,1296.0,6.4385,61.00
75.302,measure,4968.0,1256.0,6.2398,60.97
75.403,measure,4968.0,1296.0,6.4385,61.16
75.503,measure,4968.0,1272.0,6.3193,61.16
75.603,measure,4968.0,1280.0,6.3590,61.03
75.703,measure,4968.0,1296.0,6.4385,61.06
75.803,measure,4968.0,1256.0,6.2398,60.97
75.903,measure,4968.0,1296.0,6.4385,61.03
76.003,measure,4968.0,1272.0,6.3193,61.06
76.104,measure,4968.0,1272.0,6.3193,60.94
76.204,measure,4968.0,1304.0,6.4783,61.03
76.304,measure,4968.0,1256.0,6.2398,61.16
76.404,measure,4968.0,1296.0,6.4385,61.03
76.504,measure,4968.0,1272.0,6.3193,61.12
76.604,measure,4968.0,1272.0,6.3193,61.09
76.704,measure,4968.0,1296.0,6.4385,61.00
76.804,measure,4968.0,1256.0,6.2398,61.03
76.905,measure,4968.0,1296.0,6.4385,61.03
77.005,measure,4968.0,1280.0,6.3590,61.03
77.105,measure,4968.0,1280.0,6.3590,60.97
77.205,measure,4968.0,1296.0,6.4385,61.22
77.305,measure,4968.0,1256.0,6.2398,61.12
77.405,measure,4968.0,1304.0,6.4783,61.16
77.505,measure,4968.0,1272.0,6.3193,61.06
77.605,measure,4968.0,1280.0,6.3590,61.06
77.706,measure,4968.0,1304.0,6.4783,61.09
77.806,measure,4968.0,1256.0,6.2398,61.03
77.906,measure,4968.0,1296.0,6.4385,61.09
78.006,measure,4968.0,1296.0,6.4385,61.03
78.106,measure,4968.0,1280.0,6.3590,61.03
78.207,measure,4968.0,1304.0,6.4783,61.12
78.307,measure,4968.0,1256.0,6.2398,61.06
78.407,measure,4968.0,1296.0,6.4385,61.19
78.507,measure,4968.0,1280.0,6.3590,61.03
78.607,measure,4968.0,1280.0,6.3590,61.06
78.707,measure,4968.0,1312.0,6.5180,61.00
78.807,measure,4968.0,1256.0,6.2398,61.06
78.907,measure,4968.0,1296.0,6.4385,61.03
79.008,measure,4968.0,1280.0,6.3590,61.06
79.108,measure,4968.0,1280.0,6.3590,61.16
79.208,measure,4968.0,1320.0,6.5578,61.12
79.308,measure,4968.0,1256.0,6.2398,61.12
79.408,measure,4968.0,1296.0,6.4385,61.12
79.508,measure,4968.0,1288.0,6.3988,61.03
79.608,measure,4968.0,1280.0,6.3590,61.09
79.708,measure,4968.0,1296.0,6.4385,61.00
79.809,measure,4968.0,1256.0,6.2398,61.03
79.909,measure,4968.0,1296.0,6.4385,61.03
80.009,measure,4968.0,1288.0,6.3988,61.25
80.109,measure,4968.0,1280.0,6.3590,61.19
80.209,measure,4968.0,1312.0,6.5180,61.12
80.309,measure,4968.0,1256.0,6.2398,61.16
80.409,measure,4968.0,1296.0,6.4385,61.09
80.509,measure,4968.0,1288.0,6.3988,61.12
80.610,measure,4968.0,1280.0,6.3590,61.06
80.710,measure,4968.0,1312.0,6.5180,61.00
80.810,measure,4968.0,1256.0,6.2398,61.03
80.910,measure,4968.0,1296.0,6.4385,61.12
81.010,measure,4968.0,1288.0,6.3988,61.19
81.110,measure,4968.0,1280.0,6.3590,61.06
81.210,measure,4968.0,1312.0,6.5180,61.09
81.311,measure,4968.0,1256.0,6.2398,61.09
81.411,measure,4968.0,1296.0,6.4385,61.09
81.511,measure,4968.0,1288.0,6.3988,61.03
81.611,measure,4968.0,1280.0,6.3590,61.09
81.711,measure,4968.0,1312.0,6.5180,61.22
81.811,measure,4968.0,1256.0,6.2398,61.22
81.911,measure,4968.0,1296.0,6.4385,61.16
82.011,measure,4968.0,1288.0,6.3988,61.06
82.112,measure,4968.0,1272.0,6.3193,61.06
82.212,measure,4968.0,1296.0,6.4385,61.06
82.312,measure,4968.0,1256.0,6.2398,61.03
82.412,measure,4968.0,1296.0,6.4385,61.12
82.512,measure,4968.0,1280.0,6.3590,61.06
82.612,measure,4968.0,1280.0,6.3590,60.94
82.712,measure,4968.0,1312.0,6.5180,61.19
82.813,measure,4968.0,1256.0,6.2398,61.19
82.913,measure,4968.0,1296.0,6.4385,61.12
83.013,measure,4968.0,1296.0,6.4385,61.12
83.113,measure,4968.0,1272.0,6.3193,61.16
83.213,measure,4968.0,1304.0,6.4783,61.12
83.313,measure,4968.0,1256.0,6.2398,60.97
83.413,measure,4968.0,1296.0,6.4385,61.03
83.513,measure,4968.0,1288.0,6.3988,61.28
83.614,measure,4968.0,1280.0,6.3590,61.22
83.714,measure,4968.0,1312.0,6.5180,61.16
83.814,measure,4968.0,1256.0,6.2398,61.19
83.914,measure,4968.0,1296.0,6.4385,61.12
84.014,measure,4968.0,1288.0,6.3988,61.03
84.114,measure,4968.0,1280.0,6.3590,61.06
84.214,measure,4968.0,1312.0,6.5180,60.97
84.315,measure,4968.0,1256.0,6.2398,61.03
84.415,measure,4968.0,1296.0,6.4385,61.31
84.515,measure,4968.0,1296.0,6.4385,61.28
84.615,measure,4968.0,1272.0,6.3193,61.25
84.715,measure,4968.0,1304.0,6.4783,61.22
84.815,measure,4968.0,1256.0,6.2398,61.16
84.915,measure,4968.0,1296.0,6.4385,61.16
85.015,measure,4968.0,1280.0,6.3590,61.06
85.116,measure,4968.0,1272.0,6.3193,61.09
85.216,measure,4968.0,1304.0,6.4783,61.16
85.316,measure,4968.0,1248.0,6.2001,61.25
85.416,measure,4968.0,1296.0,6.4385,61.00
85.516,measure,4968.0,1280.0,6.3590,61.28
85.616,measure,4968.0,1272.0,6.3193,61.16
85.716,measure,4968.0,1304.0,6.4783,61.16
85.816,measure,4968.0,1256.0,6.2398,61.09
85.917,measure,4968.0,1296.0,6.4385,61.12
86.017,measure,4968.0,1296.0,6.4385,61.12
86.117,measure,4968.0,1272.0,6.3193,61.03
86.217,measure,4968.0,1304.0,6.4783,61.31
86.317,measure,4968.0,1256.0,6.2398,61.25
86.417,measure,4968.0,1296.0,6.4385,61.22
86.517,measure,4968.0,1288.0,6.3988,61.12
86.618,measure,4968.0,1272.0,6.3193,61.22
86.718,measure,4968.0,1304.0,6.4783,61.22
86.818,measure,4968.0,1248.0,6.2001,61.09
86.918,measure,4968.0,1288.0,6.3988,61.03
87.018,measure,4968.0,1288.0,6.3988,61.12
87.118,measure,4968.0,1272.0,6.3193,61.16
87.219,measure,4968.0,1304.0,6.4783,61.34
87.319,measure,4968.0,1256.0,6.2398,61.34
87.419,measure,4968.0,1296.0,6.4385,61.25
87.519,measure,4968.0,1288.0,6.3988,61.19
87.619,measure,4968.0,1272.0,6.3193,61.06
87.719,measure,4968.0,1304.0,6.4783,61.09
87.819,measure,4968.0,1248.0,6.2001,61.12
87.919,measure,4968.0,1288.0,6.3988,61.12
88.020,measure,4968.0,1288.0,6.3988,61.16
88.120,measure,4968.0,1264.0,6.2796,61.28
88.220,measure,4968.0,1304.0,6.4783,61.25
88.320,measure,4968.0,1248.0,6.2001,61.22
88.420,measure,4968.0,1288.0,6.3988,61.22
88.520,measure,4968.0,1280.0,6.3590,61.09
88.620,measure,4968.0,1264.0,6.2796,61.09
88.721,measure,4968.0,1304.0,6.4783,61.12
88.821,measure,4968.0,1256.0,6.2398,61.16
88.921,measure,4968.0,1288.0,6.3988,61.06
89.021,measure,4968.0,1288.0,6.3988,61.09
89.121,measure,4968.0,1272.0,6.3193,61.28
89.221,measure,4968.0,1304.0,6.4783,61.28
89.321,measure,4968.0,1256.0,6.2398,61.22
89.422,measure,4968.0,1288.0,6.3988,61.06
89.522,measure,4968.0,1296.0,6.4385,61.16
89.622,measure,4968.0,1272.0,6.3193,61.16
89.722,measure,4968.0,1304.0,6.4783,61.06
89.822,measure,4968.0,1256.0,6.2398,61.16
89.922,measure,4968.0,1288.0,6.3988,61.16
90.023,measure,4968.0,1288.0,6.3988,61.31
90.123,measure,4968.0,1272.0,6.3193,61.28
90.223,measure,4968.0,1304.0,6.4783,61.28
90.323,measure,4968.0,1256.0,6.2398,61.19
90.423,measure,4968.0,1288.0,6.3988,61.19
90.523,measure,4968.0,1288.0,6.3988,61.19
90.623,measure,4968.0,1264.0,6.2796,61.06
90.723,measure,4968.0,1304.0,6.4783,61.09
90.824,measure,4968.0,1256.0,6.2398,61.16
90.924,measure,4968.0,1280.0,6.3590,61.34
91.024,measure,4968.0,1280.0,6.3590,61.28
91.124,measure,4968.0,1264.0,6.2796,61.22
91.224,measure,4968.0,1304.0,6.4783,61.22
91.324,measure,4968.0,1256.0,6.2398,61.16
91.424,measure,4968.0,1288.0,6.3988,61.09
91.525,measure,4968.0,1296.0,6.4385,61.16
91.625,measure,4968.0,1272.0,6.3193,61.12
91.725,measure,4968.0,1304.0,6.4783,61.09
91.825,measure,4968.0,1256.0,6.2398,61.12
91.925,measure,4968.0,1288.0,6.3988,61.25
92.025,measure,4968.0,1296.0,6.4385,61.25
92.125,measure,4968.0,1264.0,6.2796,61.16
92.225,measure,4968.0,1296.0,6.4385,61.16
92.326,measure,4968.0,1264.0,6.2796,61.12
92.426,measure,4968.0,1288.0,6.3988,61.19
92.526,measure,4968.0,1288.0,6.3988,61.16
92.626,measure,4968.0,1272.0,6.3193,61.16
92.726,measure,4968.0,1304.0,6.4783,61.12
92.826,measure,4968.0,1256.0,6.2398,61.28
92.926,measure,4968.0,1280.0,6.3590,61.25
93.027,measure,4968.0,1288.0,6.3988,61.28
93.127,measure,4968.0,1264.0,6.2796,61.28
93.227,measure,4968.0,1304.0,6.4783,61.16
93.327,measure,4968.0,1264.0,6.2796,61.16
93.427,measure,4968.0,1288.0,6.3988,61.16
93.527,measure,4968.0,1288.0,6.3988,61.12
93.627,measure,4968.0,1264.0,6.2796,61.28
93.727,measure,4968.0,1304.0,6.4783,61.34
93.828,measure,4968.0,1264.0,6.2796,61.28
93.928,measure,4968.0,1288.0,6.3988,61.25
94.028,measure,4968.0,1296.0,6.4385,61.16
94.128,measure,4968.0,1256.0,6.2398,61.12
94.228,measure,4968.0,1296.0,6.4385,61.25
94.328,measure,4968.0,1264.0,6.2796,61.09
94.428,measure,4968.0,1280.0,6.3590,61.16
94.529,measure,4968.0,1288.0,6.3988,61.34
94.629,measure,4968.0,1264.0,6.2796,61.22
94.729,measure,4968.0,1296.0,6.4385,61.28
94.829,measure,4968.0,1264.0,6.2796,61.25
94.929,measure,4968.0,1280.0,6.3590,61.22
95.029,measure,4968.0,1288.0,6.3988,61.19
95.129,measure,4968.0,1256.0,6.2398,61.12
95.229,measure,4968.0,1296.0,6.4385,61.19
95.330,measure,4968.0,1264.0,6.2796,61.25
95.430,measure,4968.0,1280.0,6.3590,61.28
95.530,measure,4968.0,1288.0,6.3988,61.41
95.630,measure,4968.0,1264.0,6.2796,61.25
95.730,measure,4968.0,1296.0,6.4385,61.22
95.830,measure,4968.0,1264.0,6.2796,61.25
95.931,measure,4968.0,1280.0,6.3590,61.28
96.031,measure,4968.0,1288.0,6.3988,61.22
96.131,measure,4968.0,1256.0,6.2398,61.22
96.231,measure,4968.0,1296.0,6.4385,61.22
96.331,measure,4968.0,1264.0,6.2796,61.34
96.431,measure,4968.0,1280.0,6.3590,61.34
96.531,measure,4968.0,1288.0,6.3988,61.34
96.631,measure,4968.0,1256.0,6.2398,61.28
96.732,measure,4968.0,1296.0,6.4385,61.19
96.832,measure,4968.0,1264.0,6.2796,61.25
96.932,measure,4968.0,1280.0,6.3590,61.16
97.032,measure,4968.0,1296.0,6.4385,61.16
97.132,measure,4968.0,1264.0,6.2796,61.19
97.232,measure,4968.0,1296.0,6.4385,61.34
97.332,measure,4968.0,1264.0,6.2796,61.34
97.433,measure,4968.0,1280.0,6.3590,61.28
97.533,measure,4968.0,1304.0,6.4783,61.22
97.633,measure,4968.0,1256.0,6.2398,61.31
97.733,measure,4968.0,1296.0,6.4385,61.16
97.833,measure,4968.0,1272.0,6.3193,61.28
97.933,measure,4968.0,1280.0,6.3590,61.28
98.033,measure,4968.0,1296.0,6.4385,61.22
98.133,measure,4968.0,1256.0,6.2398,61.31
98.234,measure,4968.0,1296.0,6.4385,61.34
98.334,measure,4968.0,1272.0,6.3193,61.28
98.434,measure,4968.0,1280.0,6.3590,61.31
98.534,measure,4968.0,1288.0,6.3988,61.28
98.634,measure,4968.0,1256.0,6.2398,61.28
98.734,measure,4968.0,1296.0,6.4385,61.22
98.834,measure,4968.0,1272.0,6.3193,61.16
98.935,measure,4968.0,1280.0,6.3590,61.19
99.035,measure,4968.0,1296.0,6.4385,61.34
99.135,measure,4968.0,1264.0,6.2796,61.34
99.235,measure,4968.0,1304.0,6.4783,61.34
99.335,measure,4968.0,1280.0,6.3590,61.28
99.435,measure,4968.0,1288.0,6.3988,61.34
99.535,measure,4968.0,1312.0,6.5180,61.22
99.635,measure,4968.0,1264.0,6.2796,61.22
99.736,measure,4968.0,1304.0,6.4783,61.25
99.836,measure,4968.0,1288.0,6.3988,61.28
99.936,measure,4968.0,1280.0,6.3590,61.44
100.036,measure,4968.0,1296.0,6.4385,61.28
100.136,measure,4968.0,1256.0,6.2398,61.41
100.236,measure,4968.0,1296.0,6.4385,61.31
100.336,measure,4968.0,1272.0,6.3193,61.31
100.436,measure,4968.0,1280.0,6.3590,61.25
100.537,measure,4968.0,1304.0,6.4783,61.25
100.637,measure,4968.0,1256.0,6.2398,61.22
100.737,measure,4968.0,1296.0,6.4385,61.16
100.837,measure,4968.0,1280.0,6.3590,61.25
100.937,measure,4968.0,1280.0,6.3590,61.50
101.037,measure,4968.0,1296.0,6.4385,61.34
101.137,measure,4968.0,1256.0,6.2398,61.34
101.238,measure,4968.0,1296.0,6.4385,61.34
101.338,measure,4968.0,1280.0,6.3590,61.25
101.438,measure,4968.0,1280.0,6.3590,61.28
101.538,measure,4968.0,1304.0,6.4783,61.22
101.638,measure,4968.0,1256.0,6.2398,61.28
101.738,measure,4968.0,1296.0,6.4385,61.16
101.838,measure,4968.0,1280.0,6.3590,61.41
101.939,measure,4968.0,1280.0,6.3590,61.38
102.039,measure,4968.0,1296.0,6.4385,61.28
102.139,measure,4968.0,1264.0,6.2796,61.28
102.239,measure,4968.0,1296.0,6.4385,61.28
102.339,measure,4968.0,1280.0,6.3590,61.22
102.439,measure,4968.0,1280.0,6.3590,61.22
102.539,measure,4968.0,1296.0,6.4385,61.22
102.639,measure,4968.0,1256.0,6.2398,61.19
102.740,measure,4968.0,1296.0,6.4385,61.16
102.840,measure,4968.0,1280.0,6.3590,61.34
102.940,measure,4968.0,1280.0,6.3590,61.28
103.040,measure,4968.0,1304.0,6.4783,61.31
103.140,measure,4968.0,1256.0,6.2398,61.31
103.240,measure,4968.0,1296.0,6.4385,61.28
103.340,measure,4968.0,1280.0,6.3590,61.28
103.440,measure,4968.0,1280.0,6.3590,61.25
103.541,measure,4968.0,1312.0,6.5180,61.19
103.641,measure,4968.0,1256.0,6.2398,61.22
103.741,measure,4968.0,1296.0,6.4385,61.34
103.841,measure,4968.0,1288.0,6.3988,61.34
103.941,measure,4968.0,1272.0,6.3193,61.34
104.041,measure,4968.0,1296.0,6.4385,61.28
104.141,measure,4968.0,1256.0,6.2398,61.28
104.241,measure,4968.0,1288.0,6.3988,61.25
104.342,measure,4968.0,1280.0,6.3590,61.28
104.442,measure,4968.0,1280.0,6.3590,61.25
104.542,measure,4968.0,1296.0,6.4385,61.25
104.642,measure,4968.0,1256.0,6.2398,61.34
104.742,measure,4968.0,1296.0,6.4385,61.34
104.842,measure,4968.0,1280.0,6.3590,61.31
104.942,measure,4968.0,1280.0,6.3590,61.22
105.043,measure,4968.0,1312.0,6.5180,61.31
105.143,measure,4968.0,1256.0,6.2398,61.28
105.243,measure,4968.0,1296.0,6.4385,61.28
105.343,measure,4968.0,1288.0,6.3988,61.22
105.443,measure,4968.0,1280.0,6.3590,61.25
105.543,measure,4968.0,1304.0,6.4783,61.34
105.643,measure,4968.0,1264.0,6.2796,61.34
105.743,measure,4968.0,1296.0,6.4385,61.28
105.844,measure,4968.0,1296.0,6.4385,61.31
105.944,measure,4968.0,1280.0,6.3590,61.22
106.044,measure,4968.0,1312.0,6.5180,61.22
106.144,measure,4968.0,1256.0,6.2398,61.31
106.244,measure,4968.0,1296.0,6.4385,61.25
106.344,measure,4968.0,1280.0,6.3590,61.25
106.444,measure,4968.0,1280.0,6.3590,61.41
106.545,measure,4968.0,1312.0,6.5180,61.31
106.645,measure,4968.0,1256.0,6.2398,61.31
106.745,measure,4968.0,1296.0,6.4385,61.34
106.845,measure,4968.0,1280.0,6.3590,61.34
106.945,measure,4968.0,1272.0,6.3193,61.22
107.045,measure,4968.0,1304.0,6.4783,61.28
107.145,measure,4968.0,1248.0,6.2001,61.22
107.245,measure,4968.0,1288.0,6.3988,61.22
107.346,measure,4968.0,1280.0,6.3590,61.44
107.446,measure,4968.0,1272.0,6.3193,61.34
107.546,measure,4968.0,1304.0,6.4783,61.38
107.646,measure,4968.0,1256.0,6.2398,61.34
107.746,measure,4968.0,1296.0,6.4385,61.31
107.846,measure,4968.0,1280.0,6.3590,61.25
107.946,measure,4968.0,1280.0,6.3590,61.28
108.047,measure,4968.0,1312.0,6.5180,61.31
108.147,measure,4968.0,1256.0,6.2398,61.28
108.247,measure,4968.0,1296.0,6.4385,61.38
108.347,measure,4968.0,1280.0,6.3590,61.38
108.447,measure,4968.0,1272.0,6.3193,61.44
108.548,measure,4968.0,1304.0,6.4783,61.34
108.648,measure,4968.0,1256.0,6.2398,61.34
108.748,measure,4968.0,1296.0,6.4385,61.28
108.848,measure,4968.0,1280.0,6.3590,61.28
108.948,measure,4968.0,1280.0,6.3590,61.31
109.049,measure,4968.0,1312.0,6.5180,61.28
109.149,measure,4968.0,1248.0,6.2001,61.41
109.249,measure,4968.0,1288.0,6.3988,61.34
109.349,measure,4968.0,1280.0,6.3590,61.38
109.449,measure,4968.0,1272.0,6.3193,61.31
109.549,measure,4968.0,1304.0,6.4783,61.25
109.649,measure,4968.0,1248.0,6.2001,61.34
109.749,measure,4968.0,1288.0,6.3988,61.22
109.850,measure,4968.0,1280.0,6.3590,61.25
109.950,measure,4968.0,1272.0,6.3193,61.22
110.050,measure,4968.0,1304.0,6.4783,61.41
110.150,measure,4968.0,1256.0,6.2398,61.41
110.250,measure,4968.0,1296.0,6.4385,61.41
110.350,measure,4968.0,1288.0,6.3988,61.31
110.450,measure,4968.0,1272.0,6.3193,61.31
110.550,measure,4968.0,1312.0,6.5180,61.34
110.651,measure,4968.0,1256.0,6.2398,61.28
110.751,measure,4968.0,1288.0,6.3988,61.31
110.851,measure,4968.0,1280.0,6.3590,61.28
110.951,measure,4968.0,1264.0,6.2796,61.47
111.051,measure,4968.0,1304.0,6.4783,61.38
111.151,measure,4968.0,1240.0,6.1603,61.41
111.252,measure,4968.0,1280.0,6.3590,61.38
111.352,measure,4968.0,1280.0,6.3590,61.31
111.452,measure,4968.0,1272.0,6.3193,61.31
111.552,measure,4968.0,1304.0,6.4783,61.28
111.652,measure,4968.0,1248.0,6.2001,61.25
111.752,measure,4968.0,1288.0,6.3988,61.28
111.852,measure,4968.0,1288.0,6.3988,61.47
111.952,measure,4968.0,1272.0,6.3193,61.47
112.053,measure,4968.0,1304.0,6.4783,61.41
112.153,measure,4968.0,1256.0,6.2398,61.34
112.253,measure,4968.0,1288.0,6.3988,61.34
112.353,measure,4968.0,1288.0,6.3988,61.25
112.453,measure,4968.0,1272.0,6.3193,61.31
112.553,measure,4968.0,1304.0,6.4783,61.28
112.653,measure,4968.0,1256.0,6.2398,61.22
112.753,measure,4968.0,1288.0,6.3988,61.50
112.854,measure,4968.0,1288.0,6.3988,61.50
112.954,measure,4968.0,1272.0,6.3193,61.44
113.054,measure,4968.0,1304.0,6.4783,61.34
113.154,measure,4968.0,1256.0,6.2398,61.34
113.254,measure,4968.0,1288.0,6.3988,61.28
113.354,measure,4968.0,1288.0,6.3988,61.31
113.454,measure,4968.0,1264.0,6.2796,61.25
113.555,measure,4968.0,1304.0,6.4783,61.31
113.655,measure,4968.0,1248.0,6.2001,61.59
113.755,measure,4968.0,1288.0,6.3988,61.56
113.855,measure,4968.0,1280.0,6.3590,61.41
113.955,measure,4968.0,1264.0,6.2796,61.44
114.055,measure,4968.0,1304.0,6.4783,61.31
114.155,measure,4968.0,1256.0,6.2398,61.31
114.255,measure,4968.0,1288.0,6.3988,61.34
114.356,measure,4968.0,1288.0,6.3988,61.34
114.456,measure,4968.0,1272.0,6.3193,61.31
114.556,measure,4968.0,1304.0,6.4783,61.22
114.656,measure,4968.0,1256.0,6.2398,61.41
114.756,measure,4968.0,1288.0,6.3988,61.50
114.856,measure,4968.0,1288.0,6.3988,61.38
114.956,measure,4968.0,1272.0,6.3193,61.38
115.056,measure,4968.0,1304.0,6.4783,61.34
115.157,measure,4968.0,1264.0,6.2796,61.34
115.257,measure,4968.0,1288.0,6.3988,61.28
115.357,measure,4968.0,1296.0,6.4385,61.34
115.457,measure,4968.0,1264.0,6.2796,61.31
115.557,measure,4968.0,1304.0,6.4783,61.47
115.657,measure,4968.0,1256.0,6.2398,61.53
115.758,measure,4968.0,1288.0,6.3988,61.41
115.858,measure,4968.0,1280.0,6.3590,61.38
115.958,measure,4968.0,1264.0,6.2796,61.31
116.058,measure,4968.0,1304.0,6.4783,61.34
116.158,measure,4968.0,1264.0,6.2796,61.38
116.258,measure,4968.0,1288.0,6.3988,61.34
116.358,measure,4968.0,1288.0,6.3988,61.28
116.459,measure,4968.0,1264.0,6.2796,61.34
116.559,measure,4968.0,1304.0,6.4783,61.50
116.659,measure,4968.0,1256.0,6.2398,61.41
116.759,measure,4968.0,1288.0,6.3988,61.41
116.859,measure,4968.0,1288.0,6.3988,61.34
116.959,measure,4968.0,1264.0,6.2796,61.38
117.059,measure,4968.0,1304.0,6.4783,61.34
117.159,measure,4968.0,1264.0,6.2796,61.31
117.260,measure,4968.0,1288.0,6.3988,61.34
117.360,measure,4968.0,1288.0,6.3988,61.34
117.460,measure,4968.0,1264.0,6.2796,61.41
117.560,measure,4968.0,1296.0,6.4385,61.38
117.660,measure,4968.0,1256.0,6.2398,61.41
117.760,measure,4968.0,1280.0,6.3590,61.34
117.860,measure,4968.0,1288.0,6.3988,61.34
117.960,measure,4968.0,1264.0,6.2796,61.25
118.061,measure,4968.0,1304.0,6.4783,61.34
118.161,measure,4968.0,1272.0,6.3193,61.28
118.261,measure,4968.0,1288.0,6.3988,61.25
118.361,measure,4968.0,1296.0,6.4385,61.50
118.461,measure,4968.0,1272.0,6.3193,61.34
118.561,measure,4968.0,1312.0,6.5180,61.38
118.661,measure,4968.0,1336.0,6.6372,61.34
118.762,measure,4968.0,1384.0,6.8757,61.38
118.862,measure,4960.0,1416.0,7.0234,61.34
118.962,measure,4960.0,1416.0,7.0234,61.34
119.062,measure,4960.0,1448.0,7.1821,61.38
119.162,measure,4968.0,1376.0,6.8360,61.34
119.262,measure,4968.0,1376.0,6.8360,61.34
119.363,measure,4968.0,1400.0,6.9552,61.53
119.463,measure,4968.0,1376.0,6.8360,61.44
119.563,measure,4960.0,1432.0,7.1027,61.38
119.663,measure,4960.0,1416.0,7.0234,61.38
119.763,measure,4960.0,1440.0,7.1424,61.41
119.863,measure,4960.0,1440.0,7.1424,61.34
119.963,measure,4968.0,1360.0,6.7565,61.34
120.064,measure,4968.0,1376.0,6.8360,61.34
120.164,measure,4968.0,1328.0,6.5975,61.34
120.264,measure,4968.0,1336.0,6.6372,61.50
120.364,measure,4968.0,1336.0,6.6372,61.50
120.464,measure,4968.0,1296.0,6.4385,61.34
120.564,measure,4968.0,1320.0,6.5578,61.38
120.664,measure,4968.0,1280.0,6.3590,61.38
120.765,measure,4968.0,1296.0,6.4385,61.31
120.865,measure,4968.0,1312.0,6.5180,61.34
120.965,measure,4968.0,1264.0,6.2796,61.41
121.065,measure,4968.0,1304.0,6.4783,61.47
121.165,measure,4968.0,1272.0,6.3193,61.41
121.265,measure,4968.0,1288.0,6.3988,61.47
121.365,measure,4968.0,1296.0,6.4385,61.41
121.466,measure,4968.0,1264.0,6.2796,61.38
121.566,measure,4968.0,1304.0,6.4783,61.41
121.666,measure,4968.0,1272.0,6.3193,61.34
121.766,measure,4968.0,1280.0,6.3590,61.38
121.866,measure,4968.0,1296.0,6.4385,61.34
121.966,measure,4968.0,1264.0,6.2796,61.50
122.066,measure,4968.0,1304.0,6.4783,61.53
122.167,measure,4968.0,1272.0,6.3193,61.47
122.267,measure,4968.0,1280.0,6.3590,61.47
122.367,measure,4968.0,1304.0,6.4783,61.34
122.467,measure,4968.0,1256.0,6.2398,61.38
122.567,measure,4968.0,1296.0,6.4385,61.38
122.667,measure,4968.0,1272.0,6.3193,61.41
122.767,measure,4968.0,1280.0,6.3590,61.34
122.867,measure,4968.0,1304.0,6.4783,61.50
122.968,measure,4968.0,1256.0,6.2398,61.50
123.068,measure,4968.0,1296.0,6.4385,61.44
123.168,measure,4968.0,1272.0,6.3193,61.41
123.268,measure,4968.0,1280.0,6.3590,61.44
123.368,measure,4968.0,1296.0,6.4385,61.44
123.468,measure,4968.0,1256.0,6.2398,61.41
123.568,measure,4968.0,1296.0,6.4385,61.38
123.669,measure,4968.0,1280.0,6.3590,61.31
123.769,measure,4968.0,1280.0,6.3590,61.31
123.869,measure,4968.0,1304.0,6.4783,61.53
123.969,measure,4968.0,1256.0,6.2398,61.53
124.069,measure,4968.0,1296.0,6.4385,61.38
124.169,measure,4968.0,1272.0,6.3193,61.41
124.269,measure,4968.0,1272.0,6.3193,61.41
124.370,measure,4968.0,1288.0,6.3988,61.38
124.470,measure,4968.0,1256.0,6.2398,61.34
124.570,measure,4968.0,1296.0,6.4385,61.31
124.670,measure,4968.0,1280.0,6.3590,61.25
124.770,measure,4968.0,1280.0,6.3590,61.53
124.870,measure,4968.0,1304.0,6.4783,61.47
124.970,measure,4968.0,1256.0,6.2398,61.47
125.071,measure,4968.0,1296.0,6.4385,61.38
125.171,measure,4968.0,1280.0,6.3590,61.41
125.271,measure,4968.0,1272.0,6.3193,61.34
125.371,measure,4968.0,1312.0,6.5180,61.28
125.471,measure,4968.0,1248.0,6.2001,61.31
125.571,measure,4968.0,1296.0,6.4385,61.34
125.671,measure,4968.0,1272.0,6.3193,61.59
125.772,measure,4968.0,1272.0,6.3193,61.47
125.872,measure,4968.0,1304.0,6.4783,61.47
125.972,measure,4968.0,1248.0,6.2001,61.44
126.072,measure,4968.0,1296.0,6.4385,61.41
126.172,measure,4968.0,1272.0,6.3193,61.41
126.272,measure,4968.0,1272.0,6.3193,61.34
126.372,measure,4968.0,1312.0,6.5180,61.38
126.472,measure,4968.0,1248.0,6.2001,61.59
126.573,measure,4968.0,1288.0,6.3988,61.56
126.673,measure,4968.0,1272.0,6.3193,61.53
126.773,measure,4968.0,1280.0,6.3590,61.53
126.873,measure,4968.0,1304.0,6.4783,61.38
126.973,measure,4968.0,1256.0,6.2398,61.47
127.073,measure,4968.0,1296.0,6.4385,61.44
127.173,measure,4968.0,1280.0,6.3590,61.38
127.274,measure,4968.0,1272.0,6.3193,61.41
127.374,measure,4968.0,1296.0,6.4385,61.38
127.474,measure,4968.0,1256.0,6.2398,61.53
127.574,measure,4968.0,1296.0,6.4385,61.59
127.674,measure,4968.0,1280.0,6.3590,61.47
127.774,measure,4968.0,1280.0,6.3590,61.47
127.874,measure,4968.0,1304.0,6.4783,61.44
127.975,measure,4968.0,1256.0,6.2398,61.47
128.075,measure,4968.0,1304.0,6.4783,61.47
128.175,measure,4968.0,1288.0,6.3988,61.41
128.275,measure,4968.0,1280.0,6.3590,61.34
128.375,measure,4968.0,1312.0,6.5180,61.56
128.475,measure,4968.0,1264.0,6.2796,61.59
128.575,measure,4968.0,1304.0,6.4783,61.47
128.676,measure,4968.0,1288.0,6.3988,61.50
128.776,measure,4968.0,1280.0,6.3590,61.41
128.876,measure,4968.0,1312.0,6.5180,61.41
128.976,measure,4968.0,1264.0,6.2796,61.41
129.076,measure,4968.0,1296.0,6.4385,61.34
129.176,measure,4968.0,1280.0,6.3590,61.44
129.276,measure,4968.0,1272.0,6.3193,61.62
129.377,measure,4968.0,1296.0,6.4385,61.56
129.477,measure,4968.0,1256.0,6.2398,61.50
129.577,measure,4968.0,1296.0,6.4385,61.47
129.677,measure,4968.0,1280.0,6.3590,61.44
129.777,measure,4968.0,1280.0,6.3590,61.47
129.877,measure,4968.0,1312.0,6.5180,61.44
129.977,measure,4968.0,1256.0,6.2398,61.38
130.078,measure,4968.0,1296.0,6.4385,61.47
130.178,measure,4968.0,1288.0,6.3988,61.59
130.278,measure,4968.0,1280.0,6.3590,61.56
130.378,measure,4968.0,1320.0,6.5578,61.53
130.478,measure,4968.0,1256.0,6.2398,61.50
130.578,measure,4968.0,1296.0,6.4385,61.50
130.678,measure,4968.0,1288.0,6.3988,61.38
130.779,measure,4968.0,1280.0,6.3590,61.44
130.879,measure,4968.0,1304.0,6.4783,61.38
130.979,measure,4968.0,1256.0,6.2398,61.38
131.079,measure,4968.0,1296.0,6.4385,61.34
131.179,measure,4968.0,1280.0,6.3590,61.56
131.279,measure,4968.0,1280.0,6.3590,61.53
131.379,measure,4968.0,1312.0,6.5180,61.47
131.479,measure,4968.0,1256.0,6.2398,61.41
131.580,measure,4968.0,1296.0,6.4385,61.38
131.680,measure,4968.0,1280.0,6.3590,61.41
131.780,measure,4968.0,1272.0,6.3193,61.41
131.880,measure,4968.0,1304.0,6.4783,61.41
131.980,measure,4968.0,1256.0,6.2398,61.44
132.080,measure,4968.0,1296.0,6.4385,61.56
132.180,measure,4968.0,1288.0,6.3988,61.47
132.281,measure,4968.0,1280.0,6.3590,61.50
132.381,measure,4968.0,1312.0,6.5180,61.50
132.481,measure,4968.0,1264.0,6.2796,61.53
132.581,measure,4968.0,1304.0,6.4783,61.47
132.681,measure,4968.0,1296.0,6.4385,61.44
132.781,measure,4968.0,1288.0,6.3988,61.53
132.882,measure,4968.0,1312.0,6.5180,61.41
132.982,measure,4968.0,1256.0,6.2398,61.34
133.082,measure,4968.0,1296.0,6.4385,61.62
133.182,measure,4968.0,1288.0,6.3988,61.53
133.282,measure,4968.0,1280.0,6.3590,61.53
133.382,measure,4968.0,1312.0,6.5180,61.41
133.482,measure,4968.0,1256.0,6.2398,61.47
133.583,measure,4968.0,1296.0,6.4385,61.47
133.683,measure,4968.0,1288.0,6.3988,61.47
133.783,measure,4968.0,1272.0,6.3193,61.34
133.883,measure,4968.0,1312.0,6.5180,61.38
133.983,measure,4968.0,1256.0,6.2398,61.53
134.083,measure,4968.0,1296.0,6.4385,61.47
134.183,measure,4968.0,1296.0,6.4385,61.53
134.284,measure,4968.0,1280.0,6.3590,61.50
134.384,measure,4968.0,1320.0,6.5578,61.44
134.484,measure,4968.0,1256.0,6.2398,61.41
134.584,measure,4968.0,1296.0,6.4385,61.44
134.684,measure,4968.0,1296.0,6.4385,61.47
134.784,measure,4968.0,1280.0,6.3590,61.38
134.884,measure,4968.0,1312.0,6.5180,61.59
134.985,measure,4968.0,1256.0,6.2398,61.50
135.085,measure,4968.0,1296.0,6.4385,61.53
135.185,measure,4968.0,1288.0,6.3988,61.53
135.285,measure,4968.0,1272.0,6.3193,61.53
135.385,measure,4968.0,1304.0,6.4783,61.47
135.485,measure,4968.0,1256.0,6.2398,61.50
135.585,measure,4968.0,1288.0,6.3988,61.44
135.686,measure,4968.0,1288.0,6.3988,61.47
135.786,measure,4968.0,1272.0,6.3193,61.56
135.886,measure,4968.0,1312.0,6.5180,61.59
135.986,measure,4968.0,1256.0,6.2398,61.47
136.086,measure,4968.0,1296.0,6.4385,61.56
136.186,measure,4968.0,1288.0,6.3988,61.47
136.286,measure,4968.0,1272.0,6.3193,61.41
136.387,measure,4968.0,1304.0,6.4783,61.41
136.487,measure,4968.0,1256.0,6.2398,61.44
136.587,measure,4968.0,1296.0,6.4385,61.38
136.687,measure,4968.0,1296.0,6.4385,61.66
136.787,measure,4968.0,1280.0,6.3590,61.56
136.887,measure,4968.0,1312.0,6.5180,61.53
136.987,measure,4968.0,1256.0,6.2398,61.50
137.088,measure,4968.0,1296.0,6.4385,61.47
137.188,measure,4968.0,1304.0,6.4783,61.47
137.288,measure,4968.0,1272.0,6.3193,61.44
137.388,measure,4968.0,1304.0,6.4783,61.34
137.488,measure,4968.0,1256.0,6.2398,61.38
137.588,measure,4968.0,1288.0,6.3988,61.41
137.688,measure,4968.0,1288.0,6.3988,61.62
137.788,measure,4968.0,1272.0,6.3193,61.56
137.889,measure,4968.0,1304.0,6.4783,61.44
137.989,measure,4968.0,1264.0,6.2796,61.47
138.089,measure,4968.0,1288.0,6.3988,61.53
138.189,measure,4968.0,1288.0,6.3988,61.44
138.289,measure,4968.0,1272.0,6.3193,61.41
138.389,measure,4968.0,1304.0,6.4783,61.41
138.489,measure,4968.0,1264.0,6.2796,61.69
138.590,measure,4968.0,1296.0,6.4385,61.62
138.690,measure,4968.0,1296.0,6.4385,61.50
138.790,measure,4968.0,1272.0,6.3193,61.41
138.890,measure,4968.0,1304.0,6.4783,61.50
138.990,measure,4968.0,1264.0,6.2796,61.47
139.090,measure,4968.0,1288.0,6.3988,61.44
139.190,measure,4968.0,1296.0,6.4385,61.47
139.291,measure,4968.0,1272.0,6.3193,61.44
139.391,measure,4968.0,1304.0,6.4783,61.69
139.491,measure,4968.0,1272.0,6.3193,61.56
139.591,measure,4968.0,1296.0,6.4385,61.47
139.691,measure,4968.0,1296.0,6.4385,61.50
139.791,measure,4968.0,1272.0,6.3193,61.44
139.891,measure,4968.0,1312.0,6.5180,61.50
139.991,measure,4968.0,1264.0,6.2796,61.41
140.092,measure,4968.0,1288.0,6.3988,61.47
140.192,measure,4968.0,1304.0,6.4783,61.38
140.292,measure,4968.0,1264.0,6.2796,61.62
140.392,measure,4968.0,1304.0,6.4783,61.59
140.492,measure,4968.0,1264.0,6.2796,61.59
140.592,measure,4968.0,1288.0,6.3988,61.53
140.693,measure,4968.0,1296.0,6.4385,61.53
140.793,measure,4968.0,1264.0,6.2796,61.47
140.893,measure,4968.0,1304.0,6.4783,61.44
140.993,measure,4968.0,1264.0,6.2796,61.44
141.093,measure,4968.0,1288.0,6.3988,61.53
141.193,measure,4968.0,1304.0,6.4783,61.69
141.293,measure,4968.0,1272.0,6.3193,61.66
141.393,measure,4968.0,1304.0,6.4783,61.59
141.494,measure,4968.0,1272.0,6.3193,61.50
141.594,measure,4968.0,1296.0,6.4385,61.53
141.694,measure,4968.0,1296.0,6.4385,61.47
141.794,measure,4968.0,1272.0,6.3193,61.41
141.894,measure,4968.0,1312.0,6.5180,61.44
141.994,measure,4968.0,1280.0,6.3590,61.44
142.094,measure,4968.0,1288.0,6.3988,61.62
142.195,measure,4968.0,1296.0,6.4385,61.66
142.295,measure,4968.0,1264.0,6.2796,61.56
142.395,measure,4968.0,1304.0,6.4783,61.53
142.495,measure,4968.0,1264.0,6.2796,61.50
142.595,measure,4968.0,1288.0,6.3988,61.56
142.695,measure,4968.0,1296.0,6.4385,61.44
142.795,measure,4968.0,1264.0,6.2796,61.50
142.895,measure,4968.0,1304.0,6.4783,61.47
142.996,measure,4968.0,1272.0,6.3193,61.66
143.096,measure,4968.0,1288.0,6.3988,61.62
143.196,measure,4968.0,1296.0,6.4385,61.66
143.296,measure,4968.0,1264.0,6.2796,61.53
143.396,measure,4968.0,1304.0,6.4783,61.50
143.496,measure,4968.0,1272.0,6.3193,61.47
143.596,measure,4968.0,1288.0,6.3988,61.50
143.697,measure,4968.0,1296.0,6.4385,61.47
143.797,measure,4968.0,1264.0,6.2796,61.44
143.897,measure,4968.0,1304.0,6.4783,61.66
143.997,measure,4968.0,1264.0,6.2796,61.72
144.097,measure,4968.0,1288.0,6.3988,61.59
144.197,measure,4968.0,1304.0,6.4783,61.59
144.297,measure,4968.0,1264.0,6.2796,61.53
144.397,measure,4968.0,1304.0,6.4783,61.53
144.498,measure,4968.0,1272.0,6.3193,61.50
144.598,measure,4968.0,1288.0,6.3988,61.44
144.698,measure,4968.0,1296.0,6.4385,61.50
144.798,measure,4968.0,1264.0,6.2796,61.47
144.898,measure,4968.0,1304.0,6.4783,61.69
144.998,measure,4968.0,1280.0,6.3590,61.56
145.098,measure,4968.0,1288.0,6.3988,61.66
145.199,measure,4968.0,1320.0,6.5578,61.50
145.299,measure,4968.0,1264.0,6.2796,61.47
145.399,measure,4968.0,1304.0,6.4783,61.47
145.499,measure,4968.0,1280.0,6.3590,61.44
145.599,measure,4968.0,1288.0,6.3988,61.47
145.699,measure,4968.0,1296.0,6.4385,61.50
145.799,measure,4968.0,1264.0,6.2796,61.75
145.899,measure,4968.0,1304.0,6.4783,61.59
146.000,measure,4968.0,1280.0,6.3590,61.59
146.100,measure,4968.0,1288.0,6.3988,61.50
146.200,measure,4968.0,1312.0,6.5180,61.56
146.300,measure,4968.0,1264.0,6.2796,61.50
146.400,measure,4968.0,1304.0,6.4783,61.50
146.500,measure,4968.0,1280.0,6.3590,61.53
146.600,measure,4968.0,1288.0,6.3988,61.44
146.700,measure,4968.0,1304.0,6.4783,61.62
146.801,measure,4968.0,1264.0,6.2796,61.62
146.901,measure,4968.0,1304.0,6.4783,61.59
147.001,measure,4968.0,1288.0,6.3988,61.59
147.101,measure,4968.0,1280.0,6.3590,61.56
147.201,measure,4968.0,1304.0,6.4783,61.56
147.301,measure,4968.0,1256.0,6.2398,61.50
147.401,measure,4968.0,1304.0,6.4783,61.47
147.501,measure,4968.0,1280.0,6.3590,61.47
147.602,measure,4968.0,1280.0,6.3590,61.50
147.702,measure,4968.0,1312.0,6.5180,61.59
147.802,measure,4968.0,1256.0,6.2398,61.59
147.902,measure,4968.0,1304.0,6.4783,61.59
148.002,measure,4968.0,1280.0,6.3590,61.53
148.102,measure,4968.0,1288.0,6.3988,61.50
148.203,measure,4968.0,1304.0,6.4783,61.53
148.303,measure,4968.0,1264.0,6.2796,61.66
148.403,measure,4968.0,1304.0,6.4783,61.47
148.503,measure,4968.0,1280.0,6.3590,61.62
148.603,measure,4968.0,1288.0,6.3988,61.75
148.703,measure,4968.0,1312.0,6.5180,61.66
148.803,measure,4968.0,1264.0,6.2796,61.47
148.903,measure,4968.0,1304.0,6.4783,61.56
149.004,measure,4968.0,1280.0,6.3590,61.50
149.104,measure,4968.0,1280.0,6.3590,61.53
149.204,measure,4968.0,1296.0,6.4385,61.53
149.304,measure,4968.0,1264.0,6.2796,61.53
149.404,measure,4968.0,1304.0,6.4783,61.69
149.504,measure,4968.0,1296.0,6.4385,61.62
149.605,measure,4968.0,1280.0,6.3590,61.66
149.705,measure,4968.0,1312.0,6.5180,61.50
149.805,measure,4968.0,1256.0,6.2398,61.59
149.905,measure,4968.0,1304.0,6.4783,61.47
150.005,measure,4968.0,1280.0,6.3590,61.44
150.105,measure,4968.0,1280.0,6.3590,61.53
150.205,measure,4968.0,1312.0,6.5180,61.50
150.306,measure,4968.0,1256.0,6.2398,61.72
150.406,measure,4968.0,1304.0,6.4783,61.69
150.506,measure,4968.0,1280.0,6.3590,61.62
150.606,measure,4968.0,1280.0,6.3590,61.59
150.706,measure,4968.0,1312.0,6.5180,61.56
150.806,measure,4968.0,1256.0,6.2398,61.53
150.906,measure,4968.0,1296.0,6.4385,61.59
151.006,measure,4968.0,1280.0,6.3590,61.56
151.107,measure,4968.0,1280.0,6.3590,61.44
151.207,measure,4968.0,1296.0,6.4385,61.47
151.307,measure,4968.0,1256.0,6.2398,61.66
151.407,measure,4968.0,1304.0,6.4783,61.69
151.507,measure,4968.0,1280.0,6.3590,61.56
151.607,measure,4968.0,1280.0,6.3590,61.62
151.707,measure,4968.0,1312.0,6.5180,61.53
151.808,measure,4968.0,1256.0,6.2398,61.56
151.908,measure,4968.0,1296.0,6.4385,61.53
152.008,measure,4968.0,1280.0,6.3590,61.50
152.108,measure,4968.0,1280.0,6.3590,61.72
152.208,measure,4968.0,1304.0,6.4783,61.69
152.308,measure,4968.0,1256.0,6.2398,61.66
152.408,measure,4968.0,1296.0,6.4385,61.59
152.508,measure,4968.0,1280.0,6.3590,61.53
152.609,measure,4968.0,1272.0,6.3193,61.56
152.709,measure,4968.0,1296.0,6.4385,61.53
152.809,measure,4968.0,1256.0,6.2398,61.53
152.909,measure,4968.0,1296.0,6.4385,61.56
153.009,measure,4968.0,1280.0,6.3590,61.72
153.109,measure,4968.0,1280.0,6.3590,61.78
153.209,measure,4968.0,1304.0,6.4783,61.75
153.309,measure,4968.0,1248.0,6.2001,61.62
153.410,measure,4968.0,1296.0,6.4385,61.59
153.510,measure,4968.0,1280.0,6.3590,61.47
153.610,measure,4968.0,1272.0,6.3193,61.62
153.710,measure,4968.0,1296.0,6.4385,61.59
153.810,measure,4968.0,1256.0,6.2398,61.56
153.910,measure,4968.0,1296.0,6.4385,61.81
154.010,measure,4968.0,1280.0,6.3590,61.78
154.111,measure,4968.0,1280.0,6.3590,61.75
154.211,measure,4968.0,1304.0,6.4783,61.72
154.311,measure,4968.0,1256.0,6.2398,61.66
154.411,measure,4968.0,1296.0,6.4385,61.50
154.511,measure,4968.0,1288.0,6.3988,61.62
154.611,measure,4968.0,1280.0,6.3590,61.53
154.711,measure,4968.0,1312.0,6.5180,61.56
154.811,measure,4968.0,1256.0,6.2398,61.81
154.912,measure,4968.0,1296.0,6.4385,61.72
155.012,measure,4968.0,1280.0,6.3590,61.72
155.112,measure,4968.0,1272.0,6.3193,61.69
155.212,measure,4968.0,1304.0,6.4783,61.69
155.312,measure,4968.0,1248.0,6.2001,61.56
155.412,measure,4968.0,1288.0,6.3988,61.53
155.512,measure,4968.0,1280.0,6.3590,61.53
155.613,measure,4968.0,1272.0,6.3193,61.56
155.713,measure,4968.0,1304.0,6.4783,61.56
155.813,measure,4968.0,1256.0,6.2398,61.78
155.913,measure,4968.0,1296.0,6.4385,61.78
156.013,measure,4968.0,1288.0,6.3988,61.75
156.113,measure,4968.0,1280.0,6.3590,61.69
156.214,measure,4968.0,1312.0,6.5180,61.66
156.314,measure,4968.0,1256.0,6.2398,61.59
156.414,measure,4968.0,1296.0,6.4385,61.53
156.514,measure,4968.0,1288.0,6.3988,61.53
156.614,measure,4968.0,1280.0,6.3590,61.50
156.714,measure,4968.0,1312.0,6.5180,61.75
156.814,measure,4968.0,1256.0,6.2398,61.78
156.915,measure,4968.0,1296.0,6.4385,61.66
157.015,measure,4968.0,1288.0,6.3988,61.59
157.115,measure,4968.0,1272.0,6.3193,61.59
157.215,measure,4968.0,1304.0,6.4783,61.50
157.315,measure,4968.0,1248.0,6.2001,61.62
157.415,measure,4968.0,1288.0,6.3988,61.59
157.515,measure,4968.0,1280.0,6.3590,61.56
157.616,measure,4968.0,1272.0,6.3193,61.84
157.716,measure,4968.0,1312.0,6.5180,61.75
157.816,measure,4968.0,1256.0,6.2398,61.62
157.916,measure,4968.0,1296.0,6.4385,61.62
158.016,measure,4968.0,1288.0,6.3988,61.66
158.116,measure,4968.0,1272.0,6.3193,61.62
158.216,measure,4968.0,1304.0,6.4783,61.56
158.316,measure,4968.0,1256.0,6.2398,61.62
158.417,measure,4968.0,1296.0,6.4385,61.50
158.517,measure,4968.0,1288.0,6.3988,61.56
158.617,measure,4968.0,1272.0,6.3193,61.75
158.717,measure,4968.0,1304.0,6.4783,61.72
158.817,measure,4968.0,1248.0,6.2001,61.69
158.917,measure,4968.0,1296.0,6.4385,61.69
159.017,measure,4968.0,1280.0,6.3590,61.56
159.118,measure,4968.0,1272.0,6.3193,61.53
159.218,measure,4968.0,1304.0,6.4783,61.59
159.318,measure,4968.0,1248.0,6.2001,61.53
159.418,measure,4968.0,1288.0,6.3988,61.59
159.518,measure,4968.0,1280.0,6.3590,61.78
159.618,measure,4968.0,1272.0,6.3193,61.69
159.718,measure,4968.0,1304.0,6.4783,61.62
159.819,measure,4968.0,1256.0,6.2398,61.62
159.919,measure,4968.0,1288.0,6.3988,61.66
160.019,measure,4968.0,1280.0,6.3590,61.56
160.119,measure,4968.0,1272.0,6.3193,61.62
160.219,measure,4968.0,1304.0,6.4783,61.56
160.319,measure,4968.0,1248.0,6.2001,61.50
160.419,measure,4968.0,1288.0,6.3988,61.72
160.520,measure,4968.0,1288.0,6.3988,61.69
160.620,measure,4968.0,1272.0,6.3193,61.69
160.720,measure,4968.0,1304.0,6.4783,61.59
160.820,measure,4968.0,1256.0,6.2398,61.62
160.920,measure,4968.0,1296.0,6.4385,61.53
161.020,measure,4968.0,1288.0,6.3988,61.53
161.120,measure,4968.0,1272.0,6.3193,61.56
161.220,measure,4968.0,1304.0,6.4783,61.50
161.321,measure,4968.0,1256.0,6.2398,61.72
161.421,measure,4968.0,1296.0,6.4385,61.69
161.521,measure,4968.0,1288.0,6.3988,61.69
161.621,measure,4968.0,1272.0,6.3193,61.69
161.721,measure,4968.0,1304.0,6.4783,61.69
161.821,measure,4968.0,1256.0,6.2398,61.59
161.921,measure,4968.0,1296.0,6.4385,61.59
162.022,measure,4968.0,1288.0,6.3988,61.53
162.122,measure,4968.0,1272.0,6.3193,61.56
162.222,measure,4968.0,1304.0,6.4783,61.75
162.322,measure,4968.0,1256.0,6.2398,61.69
162.422,measure,4968.0,1296.0,6.4385,61.66
162.522,measure,4968.0,1296.0,6.4385,61.62
162.622,measure,4968.0,1264.0,6.2796,61.62
162.722,measure,4968.0,1304.0,6.4783,61.53
162.823,measure,4968.0,1256.0,6.2398,61.62
162.923,measure,4968.0,1288.0,6.3988,61.59
163.023,measure,4968.0,1280.0,6.3590,61.53
163.123,measure,4968.0,1264.0,6.2796,61.75
163.223,measure,4968.0,1304.0,6.4783,61.78
163.323,measure,4968.0,1264.0,6.2796,61.69
163.423,measure,4968.0,1288.0,6.3988,61.75
163.524,measure,4968.0,1288.0,6.3988,61.66
163.624,measure,4968.0,1272.0,6.3193,61.53
163.724,measure,4968.0,1304.0,6.4783,61.66
163.824,measure,4968.0,1264.0,6.2796,61.66
163.924,measure,4968.0,1280.0,6.3590,61.59
164.024,measure,4968.0,1288.0,6.3988,61.56
164.124,measure,4968.0,1264.0,6.2796,61.66
164.224,measure,4968.0,1304.0,6.4783,61.75
164.325,measure,4968.0,1256.0,6.2398,61.75
164.425,measure,4968.0,1280.0,6.3590,61.69
164.525,measure,4968.0,1288.0,6.3988,61.62
164.625,measure,4968.0,1264.0,6.2796,61.72
164.725,measure,4968.0,1304.0,6.4783,61.66
164.825,measure,4968.0,1256.0,6.2398,61.66
164.925,measure,4968.0,1288.0,6.3988,61.50
165.026,measure,4968.0,1288.0,6.3988,61.78
165.126,measure,4968.0,1264.0,6.2796,61.78
165.226,measure,4968.0,1304.0,6.4783,61.66
165.326,measure,4968.0,1256.0,6.2398,61.69
165.426,measure,4968.0,1280.0,6.3590,61.66
165.526,measure,4968.0,1280.0,6.3590,61.62
165.626,measure,4968.0,1264.0,6.2796,61.59
165.726,measure,4968.0,1304.0,6.4783,61.53
165.827,measure,4968.0,1264.0,6.2796,61.84
165.927,measure,4968.0,1288.0,6.3988,61.69
166.027,measure,4968.0,1296.0,6.4385,61.81
166.127,measure,4968.0,1264.0,6.2796,61.66
166.227,measure,4968.0,1304.0,6.4783,61.75
166.327,measure,4968.0,1264.0,6.2796,61.62
166.427,measure,4968.0,1288.0,6.3988,61.59
166.528,measure,4968.0,1296.0,6.4385,61.62
166.628,measure,4968.0,1272.0,6.3193,61.59
166.728,measure,4968.0,1304.0,6.4783,61.78
166.828,measure,4968.0,1264.0,6.2796,61.75
166.928,measure,4968.0,1288.0,6.3988,61.78
167.028,measure,4968.0,1296.0,6.4385,61.72
167.128,measure,4968.0,1264.0,6.2796,61.72
167.229,measure,4968.0,1304.0,6.4783,61.78
167.329,measure,4968.0,1264.0,6.2796,61.59
167.429,measure,4968.0,1288.0,6.3988,61.59
167.529,measure,4968.0,1296.0,6.4385,61.62
167.629,measure,4968.0,1256.0,6.2398,61.84
167.729,measure,4968.0,1296.0,6.4385,61.78
167.829,measure,4968.0,1264.0,6.2796,61.84
167.929,measure,4968.0,1280.0,6.3590,61.72
168.030,measure,4968.0,1288.0,6.3988,61.69
168.130,measure,4968.0,1264.0,6.2796,61.69
168.230,measure,4968.0,1304.0,6.4783,61.62
168.330,measure,4968.0,1272.0,6.3193,61.56
168.430,measure,4968.0,1280.0,6.3590,61.59
168.530,measure,4968.0,1288.0,6.3988,61.84
168.630,measure,4968.0,1264.0,6.2796,61.81
168.731,measure,4968.0,1304.0,6.4783,61.75
168.831,measure,4968.0,1272.0,6.3193,61.62
168.931,measure,4968.0,1288.0,6.3988,61.72
169.031,measure,4968.0,1296.0,6.4385,61.69
169.131,measure,4968.0,1272.0,6.3193,61.62
169.231,measure,4968.0,1304.0,6.4783,61.69
169.331,measure,4968.0,1272.0,6.3193,61.66
169.431,measure,4968.0,1288.0,6.3988,61.56
169.532,measure,4968.0,1296.0,6.4385,61.88
169.632,measure,4968.0,1264.0,6.2796,61.75
169.732,measure,4968.0,1304.0,6.4783,61.69
169.832,measure,4968.0,1272.0,6.3193,61.72
169.932,measure,4968.0,1288.0,6.3988,61.66
170.032,measure,4968.0,1304.0,6.4783,61.69
170.133,measure,4968.0,1256.0,6.2398,61.66
170.233,measure,4968.0,1296.0,6.4385,61.62
170.333,measure,4968.0,1272.0,6.3193,61.62
170.433,measure,4968.0,1280.0,6.3590,61.84
170.533,measure,4968.0,1304.0,6.4783,61.78
170.633,measure,4968.0,1256.0,6.2398,61.78
170.733,measure,4968.0,1296.0,6.4385,61.66
170.834,measure,4968.0,1264.0,6.2796,61.59
170.934,measure,4968.0,1280.0,6.3590,61.62
171.034,measure,4968.0,1296.0,6.4385,61.59
171.134,measure,4968.0,1264.0,6.2796,61.59
171.234,measure,4968.0,1304.0,6.4783,61.66
171.334,measure,4968.0,1272.0,6.3193,61.84
171.434,measure,4968.0,1280.0,6.3590,61.84
171.534,measure,4968.0,1296.0,6.4385,61.75
171.635,measure,4968.0,1256.0,6.2398,61.75
171.735,measure,4968.0,1296.0,6.4385,61.66
171.835,measure,4968.0,1272.0,6.3193,61.66
171.935,measure,4968.0,1280.0,6.3590,61.66
172.035,measure,4968.0,1288.0,6.3988,61.72
172.135,measure,4968.0,1256.0,6.2398,61.72
172.235,measure,4968.0,1296.0,6.4385,61.56
172.336,measure,4968.0,1272.0,6.3193,61.75
172.436,measure,4968.0,1280.0,6.3590,61.78
172.536,measure,4968.0,1304.0,6.4783,61.72
172.636,measure,4968.0,1256.0,6.2398,61.72
172.736,measure,4968.0,1296.0,6.4385,61.66
172.836,measure,4968.0,1280.0,6.3590,61.66
172.936,measure,4968.0,1280.0,6.3590,61.72
173.036,measure,4968.0,1296.0,6.4385,61.72
173.137,measure,4968.0,1256.0,6.2398,61.56
173.237,measure,4968.0,1304.0,6.4783,61.81
173.337,measure,4968.0,1280.0,6.3590,61.81
173.437,measure,4968.0,1280.0,6.3590,61.84
173.537,measure,4968.0,1296.0,6.4385,61.69
173.637,measure,4968.0,1256.0,6.2398,61.75
173.737,measure,4968.0,1296.0,6.4385,61.69
173.837,measure,4968.0,1288.0,6.3988,61.62
173.938,measure,4968.0,1280.0,6.3590,61.56
174.038,measure,4968.0,1312.0,6.5180,61.66
174.138,measure,4968.0,1256.0,6.2398,61.81
174.238,measure,4968.0,1296.0,6.4385,61.81
174.338,measure,4968.0,1272.0,6.3193,61.72
174.438,measure,4968.0,1280.0,6.3590,61.72
174.538,measure,4968.0,1312.0,6.5180,61.69
174.639,measure,4968.0,1248.0,6.2001,61.62
174.739,measure,4968.0,1296.0,6.4385,61.66
174.839,measure,4968.0,1280.0,6.3590,61.66
174.939,measure,4968.0,1280.0,6.3590,61.62
175.039,measure,4968.0,1296.0,6.4385,61.84
175.139,measure,4968.0,1256.0,6.2398,61.72
175.239,measure,4968.0,1304.0,6.4783,61.81
175.339,measure,4968.0,1280.0,6.3590,61.72
175.440,measure,4968.0,1280.0,6.3590,61.69
175.540,measure,4968.0,1304.0,6.4783,61.62
175.640,measure,4968.0,1256.0,6.2398,61.59
175.740,measure,4968.0,1304.0,6.4783,61.62
175.840,measure,4968.0,1280.0,6.3590,61.66
175.940,measure,4968.0,1280.0,6.3590,61.69
176.040,measure,4968.0,1312.0,6.5180,61.84
176.140,measure,4968.0,1248.0,6.2001,61.78
176.241,measure,4968.0,1296.0,6.4385,61.78
176.341,measure,4968.0,1280.0,6.3590,61.75
176.441,measure,4968.0,1272.0,6.3193,61.59
176.541,measure,4968.0,1312.0,6.5180,61.69
176.641,measure,4968.0,1248.0,6.2001,61.66
176.741,measure,4968.0,1296.0,6.4385,61.62
176.841,measure,4968.0,1272.0,6.3193,61.78
176.941,measure,4968.0,1272.0,6.3193,61.84
177.042,measure,4968.0,1296.0,6.4385,61.84
177.142,measure,4968.0,1256.0,6.2398,61.72
177.242,measure,4968.0,1296.0,6.4385,61.66
177.342,measure,4968.0,1280.0,6.3590,61.66
177.442,measure,4968.0,1280.0,6.3590,61.78
177.542,measure,4968.0,1296.0,6.4385,61.69
177.642,measure,4968.0,1248.0,6.2001,61.69
177.743,measure,4968.0,1296.0,6.4385,61.84
177.843,measure,4968.0,1280.0,6.3590,61.78
177.943,measure,4968.0,1272.0,6.3193,61.78
178.043,measure,4968.0,1312.0,6.5180,61.75
178.143,measure,4968.0,1248.0,6.2001,61.62
178.243,measure,4968.0,1296.0,6.4385,61.62
178.343,measure,4968.0,1280.0,6.3590,61.78
178.444,measure,4968.0,1280.0,6.3590,61.75
178.544,measure,4968.0,1296.0,6.4385,61.72
178.644,measure,4968.0,1256.0,6.2398,61.84
178.744,measure,4968.0,1296.0,6.4385,61.81
178.844,measure,4968.0,1288.0,6.3988,61.78
178.944,measure,4968.0,1280.0,6.3590,61.75
179.044,measure,4968.0,1312.0,6.5180,61.72
179.145,measure,4968.0,1264.0,6.2796,61.78
179.245,measure,4968.0,1296.0,6.4385,61.69
179.345,measure,4968.0,1280.0,6.3590,61.62
179.445,measure,4968.0,1272.0,6.3193,61.69
179.545,measure,4968.0,1312.0,6.5180,61.84
179.645,measure,4968.0,1248.0,6.2001,61.84
179.745,measure,4968.0,1296.0,6.4385,61.78
179.846,measure,4968.0,1280.0,6.3590,61.75
179.946,measure,4968.0,1272.0,6.3193,61.78
180.046,measure,4968.0,1304.0,6.4783,61.72
180.146,measure,4968.0,1248.0,6.2001,61.72
180.246,measure,4968.0,1296.0,6.4385,61.62
180.346,measure,4968.0,1280.0,6.3590,61.69
180.446,measure,4968.0,1272.0,6.3193,61.84
180.547,measure,4968.0,1304.0,6.4783,61.84
180.647,measure,4968.0,1248.0,6.2001,61.75
180.747,measure,4968.0,1288.0,6.3988,61.81
180.847,measure,4968.0,1280.0,6.3590,61.75
180.947,measure,4968.0,1264.0,6.2796,61.81
181.047,measure,4968.0,1296.0,6.4385,61.81
181.147,measure,4968.0,1248.0,6.2001,61.69
181.247,measure,4968.0,1288.0,6.3988,61.66
181.348,measure,4968.0,1280.0,6.3590,61.88
181.448,measure,4968.0,1272.0,6.3193,61.81
181.548,measure,4968.0,1304.0,6.4783,61.88
181.648,measure,4968.0,1248.0,6.2001,61.84
181.748,measure,4968.0,1296.0,6.4385,61.78
181.848,measure,4968.0,1280.0,6.3590,61.75
181.948,measure,4968.0,1272.0,6.3193,61.75
182.049,measure,4968.0,1304.0,6.4783,61.69
182.149,measure,4968.0,1248.0,6.2001,61.69
182.249,measure,4968.0,1288.0,6.3988,61.94
182.349,measure,4968.0,1280.0,6.3590,61.84
182.449,measure,4968.0,1272.0,6.3193,61.88
182.549,measure,4968.0,1304.0,6.4783,61.81
182.650,measure,4968.0,1248.0,6.2001,61.69
182.750,measure,4968.0,1288.0,6.3988,61.75
182.850,measure,4968.0,1280.0,6.3590,61.72
182.950,measure,4968.0,1272.0,6.3193,61.78
183.050,measure,4968.0,1304.0,6.4783,61.69
183.151,measure,4968.0,1256.0,6.2398,61.88
183.251,measure,4968.0,1296.0,6.4385,61.94
183.351,measure,4968.0,1288.0,6.3988,61.84
183.451,measure,4968.0,1280.0,6.3590,61.84
183.551,measure,4968.0,1312.0,6.5180,61.84
183.651,measure,4968.0,1256.0,6.2398,61.78
183.751,measure,4968.0,1288.0,6.3988,61.75
183.851,measure,4968.0,1288.0,6.3988,61.69
183.952,measure,4968.0,1272.0,6.3193,61.75
184.052,measure,4968.0,1304.0,6.4783,61.69
184.152,measure,4968.0,1248.0,6.2001,61.88
184.252,measure,4968.0,1288.0,6.3988,61.78
184.352,measure,4968.0,1280.0,6.3590,61.75
184.452,measure,4968.0,1272.0,6.3193,61.75
184.552,measure,4968.0,1304.0,6.4783,61.75
184.653,measure,4968.0,1256.0,6.2398,61.78
184.753,measure,4968.0,1288.0,6.3988,61.75
184.853,measure,4968.0,1288.0,6.3988,61.75
184.953,measure,4968.0,1272.0,6.3193,61.66
185.053,measure,4968.0,1304.0,6.4783,61.91
185.153,measure,4968.0,1256.0,6.2398,61.84
185.253,measure,4968.0,1288.0,6.3988,61.78
185.353,measure,4968.0,1288.0,6.3988,61.81
185.454,measure,4968.0,1264.0,6.2796,61.78
185.554,measure,4968.0,1296.0,6.4385,61.72
185.654,measure,4968.0,1256.0,6.2398,61.78
185.754,measure,4968.0,1288.0,6.3988,61.62
185.854,measure,4968.0,1288.0,6.3988,61.66
185.954,measure,4968.0,1272.0,6.3193,61.69
186.054,measure,4968.0,1304.0,6.4783,61.78
186.155,measure,4968.0,1256.0,6.2398,61.84
186.255,measure,4968.0,1296.0,6.4385,61.84
186.355,measure,4968.0,1288.0,6.3988,61.72
186.455,measure,4968.0,1272.0,6.3193,61.81
186.555,measure,4968.0,1304.0,6.4783,61.72
186.655,measure,4968.0,1264.0,6.2796,61.78
186.755,measure,4968.0,1288.0,6.3988,61.69
186.855,measure,4968.0,1296.0,6.4385,61.72
186.956,measure,4968.0,1272.0,6.3193,61.84
187.056,measure,4968.0,1304.0,6.4783,61.84
187.156,measure,4968.0,1264.0,6.2796,61.78
187.256,measure,4968.0,1296.0,6.4385,61.81
187.356,measure,4968.0,1296.0,6.4385,61.78
187.456,measure,4968.0,1272.0,6.3193,61.72
187.556,measure,4968.0,1304.0,6.4783,61.69
187.657,measure,4968.0,1272.0,6.3193,61.66
187.757,measure,4968.0,1288.0,6.3988,61.69
187.857,measure,4968.0,1288.0,6.3988,61.84
187.957,measure,4968.0,1264.0,6.2796,61.84
188.057,measure,4968.0,1304.0,6.4783,61.81
188.157,measure,4968.0,1256.0,6.2398,61.72
188.257,measure,4968.0,1288.0,6.3988,61.78
188.357,measure,4968.0,1296.0,6.4385,61.72
188.458,measure,4968.0,1264.0,6.2796,61.75
188.558,measure,4968.0,1304.0,6.4783,61.72
188.658,measure,4968.0,1264.0,6.2796,61.69
188.758,measure,4968.0,1288.0,6.3988,61.84
188.858,measure,4968.0,1296.0,6.4385,61.84
188.958,measure,4968.0,1272.0,6.3193,61.84
189.058,measure,4968.0,1304.0,6.4783,61.81
189.158,measure,4968.0,1264.0,6.2796,61.78
189.259,measure,4968.0,1288.0,6.3988,61.72
189.359,measure,4968.0,1296.0,6.4385,61.72
189.459,measure,4968.0,1264.0,6.2796,61.59
189.559,measure,4968.0,1304.0,6.4783,61.62
189.659,measure,4968.0,1264.0,6.2796,61.84
189.759,measure,4968.0,1280.0,6.3590,61.84
189.859,measure,4968.0,1288.0,6.3988,61.78
189.960,measure,4968.0,1264.0,6.2796,61.75
190.060,measure,4968.0,1304.0,6.4783,61.84
190.160,measure,4968.0,1256.0,6.2398,61.75
190.260,measure,4968.0,1280.0,6.3590,61.75
190.360,measure,4968.0,1288.0,6.3988,61.62
190.460,measure,4968.0,1264.0,6.2796,61.66
190.560,measure,4968.0,1304.0,6.4783,61.88
190.660,measure,4968.0,1272.0,6.3193,61.84
190.761,measure,4968.0,1288.0,6.3988,61.78
190.861,measure,4968.0,1296.0,6.4385,61.81
190.961,measure,4968.0,1264.0,6.2796,61.78
191.061,measure,4968.0,1304.0,6.4783,61.66
191.161,measure,4968.0,1264.0,6.2796,61.72
191.261,measure,4968.0,1288.0,6.3988,61.72
191.361,measure,4968.0,1296.0,6.4385,61.78
191.461,measure,4968.0,1264.0,6.2796,61.94
191.562,measure,4968.0,1304.0,6.4783,61.88
191.662,measure,4968.0,1272.0,6.3193,61.78
191.762,measure,4968.0,1288.0,6.3988,61.78
191.862,measure,4968.0,1296.0,6.4385,61.81
191.962,measure,4968.0,1264.0,6.2796,61.81
192.062,measure,4968.0,1304.0,6.4783,61.75
192.162,measure,4968.0,1272.0,6.3193,61.75
192.263,measure,4968.0,1288.0,6.3988,61.69
192.363,measure,4968.0,1304.0,6.4783,61.84
192.463,measure,4968.0,1264.0,6.2796,61.84
192.563,measure,4968.0,1304.0,6.4783,61.84
192.663,measure,4968.0,1272.0,6.3193,61.84
192.763,measure,4968.0,1288.0,6.3988,61.81
192.863,measure,4968.0,1304.0,6.4783,61.78
192.963,measure,4968.0,1264.0,6.2796,61.78
193.064,measure,4968.0,1304.0,6.4783,61.66
193.164,measure,4968.0,1264.0,6.2796,61.97
193.264,measure,4968.0,1288.0,6.3988,61.88
193.364,measure,4968.0,1288.0,6.3988,61.94
193.464,measure,4968.0,1264.0,6.2796,61.78
193.564,measure,4968.0,1304.0,6.4783,61.88
193.664,measure,4968.0,1272.0,6.3193,61.84
193.765,measure,4968.0,1288.0,6.3988,61.78
193.865,measure,4968.0,1296.0,6.4385,61.75
193.965,measure,4968.0,1264.0,6.2796,61.78
194.065,measure,4968.0,1304.0,6.4783,61.97
194.165,measure,4968.0,1280.0,6.3590,61.97
194.265,measure,4968.0,1280.0,6.3590,61.91
194.365,measure,4968.0,1304.0,6.4783,61.81
194.465,measure,4968.0,1256.0,6.2398,61.78
194.566,measure,4968.0,1296.0,6.4385,61.72
194.666,measure,4968.0,1264.0,6.2796,61.78
194.766,measure,4968.0,1280.0,6.3590,61.75
194.866,measure,4968.0,1288.0,6.3988,61.69
194.966,measure,4968.0,1256.0,6.2398,61.75
195.066,measure,4968.0,1296.0,6.4385,62.06
195.166,measure,4968.0,1272.0,6.3193,61.94
195.266,measure,4968.0,1280.0,6.3590,61.84
195.367,measure,4968.0,1304.0,6.4783,61.84
195.467,measure,4968.0,1256.0,6.2398,61.75
195.567,measure,4968.0,1304.0,6.4783,61.81
195.667,measure,4968.0,1272.0,6.3193,61.78
195.767,measure,4968.0,1280.0,6.3590,61.78
195.867,measure,4968.0,1296.0,6.4385,61.75
195.967,measure,4968.0,1264.0,6.2796,62.00
196.067,measure,4968.0,1304.0,6.4783,61.97
196.168,measure,4968.0,1280.0,6.3590,61.84
196.268,measure,4968.0,1280.0,6.3590,61.88
196.368,measure,4968.0,1304.0,6.4783,61.78
196.468,measure,4968.0,1256.0,6.2398,61.72
196.568,measure,4968.0,1296.0,6.4385,61.81
196.668,measure,4968.0,1272.0,6.3193,61.75
196.768,measure,4968.0,1272.0,6.3193,61.75
196.869,measure,4968.0,1288.0,6.3988,61.97
196.969,measure,4968.0,1256.0,6.2398,61.97
197.069,measure,4968.0,1296.0,6.4385,61.84
197.169,measure,4968.0,1272.0,6.3193,61.84
197.269,measure,4968.0,1280.0,6.3590,61.81
197.369,measure,4968.0,1304.0,6.4783,61.75
197.469,measure,4968.0,1256.0,6.2398,61.69
197.570,measure,4968.0,1296.0,6.4385,61.75
197.670,measure,4968.0,1280.0,6.3590,61.81
197.770,measure,4968.0,1280.0,6.3590,61.66
197.870,measure,4968.0,1320.0,6.5578,61.94
197.970,measure,4968.0,1256.0,6.2398,61.91
198.070,measure,4968.0,1304.0,6.4783,61.84
198.170,measure,4968.0,1288.0,6.3988,61.84
198.270,measure,4968.0,1280.0,6.3590,61.88
198.371,measure,4968.0,1296.0,6.4385,61.81
198.471,measure,4968.0,1256.0,6.2398,61.84
198.571,measure,4968.0,1296.0,6.4385,61.75
198.671,measure,4968.0,1280.0,6.3590,61.72
198.771,measure,4968.0,1280.0,6.3590,61.94
198.871,measure,4968.0,1312.0,6.5180,61.84
198.972,measure,4968.0,1256.0,6.2398,61.88
199.072,measure,4968.0,1296.0,6.4385,61.84
199.172,measure,4968.0,1272.0,6.3193,61.78
199.272,measure,4968.0,1280.0,6.3590,61.81
199.372,measure,4968.0,1304.0,6.4783,61.84
199.472,measure,4968.0,1256.0,6.2398,61.81
199.572,measure,4968.0,1296.0,6.4385,61.69
199.673,measure,4968.0,1280.0,6.3590,61.84
199.773,measure,4968.0,1280.0,6.3590,61.84
199.873,measure,4968.0,1320.0,6.5578,61.84
199.973,measure,4968.0,1256.0,6.2398,61.81
200.073,measure,4968.0,1296.0,6.4385,61.78
200.173,measure,4968.0,1280.0,6.3590,61.78
200.273,measure,4968.0,1280.0,6.3590,61.84
200.373,measure,4968.0,1304.0,6.4783,61.75
200.474,measure,4968.0,1264.0,6.2796,61.75
200.574,measure,4968.0,1296.0,6.4385,61.75
200.674,measure,4968.0,1280.0,6.3590,61.88
200.774,measure,4968.0,1280.0,6.3590,61.94
200.874,measure,4968.0,1296.0,6.4385,61.88
200.974,measure,4968.0,1256.0,6.2398,61.81
201.074,measure,4968.0,1296.0,6.4385,61.78
201.175,measure,4968.0,1280.0,6.3590,61.78
201.275,measure,4968.0,1280.0,6.3590,61.78
201.375,measure,4968.0,1304.0,6.4783,61.78
201.475,measure,4968.0,1264.0,6.2796,61.91
201.575,measure,4968.0,1304.0,6.4783,61.84
201.675,measure,4968.0,1288.0,6.3988,61.88
201.775,measure,4968.0,1280.0,6.3590,61.84
201.876,measure,4968.0,1312.0,6.5180,61.75
201.976,measure,4968.0,1256.0,6.2398,61.78
202.076,measure,4968.0,1296.0,6.4385,61.72
202.176,measure,4968.0,1280.0,6.3590,61.75
202.276,measure,4968.0,1272.0,6.3193,61.78
202.376,measure,4968.0,1312.0,6.5180,61.75
202.476,measure,4968.0,1248.0,6.2001,61.97
202.576,measure,4968.0,1288.0,6.3988,61.88
202.677,measure,4968.0,1280.0,6.3590,61.81
202.777,measure,4968.0,1272.0,6.3193,61.84
202.877,measure,4968.0,1312.0,6.5180,61.84
202.977,measure,4968.0,1256.0,6.2398,61.81
203.077,measure,4968.0,1296.0,6.4385,61.84
203.177,measure,4968.0,1280.0,6.3590,61.78
203.277,measure,4968.0,1272.0,6.3193,61.91
203.378,measure,4968.0,1296.0,6.4385,61.72
203.478,measure,4968.0,1256.0,6.2398,61.84
203.578,measure,4968.0,1296.0,6.4385,61.84
203.678,measure,4968.0,1288.0,6.3988,61.75
203.778,measure,4968.0,1280.0,6.3590,61.81
203.878,measure,4968.0,1312.0,6.5180,61.78
203.978,measure,4968.0,1256.0,6.2398,61.84
204.078,measure,4968.0,1296.0,6.4385,61.84
204.179,measure,4968.0,1288.0,6.3988,61.91
204.279,measure,4968.0,1280.0,6.3590,61.94
204.379,measure,4968.0,1312.0,6.5180,61.88
204.479,measure,4968.0,1256.0,6.2398,61.94
204.579,measure,4968.0,1296.0,6.4385,61.84
204.679,measure,4968.0,1288.0,6.3988,61.81
204.780,measure,4968.0,1280.0,6.3590,61.81
204.880,measure,4968.0,1312.0,6.5180,61.69
204.980,measure,4968.0,1256.0,6.2398,61.72
205.080,measure,4968.0,1296.0,6.4385,62.00
205.180,measure,4968.0,1288.0,6.3988,61.94
205.280,measure,4968.0,1272.0,6.3193,61.97
205.380,measure,4968.0,1312.0,6.5180,61.88
205.480,measure,4968.0,1248.0,6.2001,61.84
205.581,measure,4968.0,1296.0,6.4385,61.84
205.681,measure,4968.0,1280.0,6.3590,61.78
205.781,measure,4968.0,1272.0,6.3193,61.84
205.881,measure,4968.0,1304.0,6.4783,61.72
205.981,measure,4968.0,1248.0,6.2001,62.00
206.081,measure,4968.0,1288.0,6.3988,62.00
206.181,measure,4968.0,1288.0,6.3988,61.97
206.281,measure,4968.0,1280.0,6.3590,61.88
206.382,measure,4968.0,1312.0,6.5180,61.84
206.482,measure,4968.0,1256.0,6.2398,61.84
206.582,measure,4968.0,1296.0,6.4385,61.81
206.682,measure,4968.0,1288.0,6.3988,61.81
206.782,measure,4968.0,1280.0,6.3590,61.69
206.882,measure,4968.0,1312.0,6.5180,61.97
206.982,measure,4968.0,1256.0,6.2398,61.97
207.083,measure,4968.0,1296.0,6.4385,61.94
207.183,measure,4968.0,1288.0,6.3988,61.84
207.283,measure,4968.0,1280.0,6.3590,61.84
207.383,measure,4968.0,1312.0,6.5180,61.84
207.483,measure,4968.0,1256.0,6.2398,61.84
207.583,measure,4968.0,1288.0,6.3988,61.75
207.683,measure,4968.0,1280.0,6.3590,61.78
207.783,measure,4968.0,1272.0,6.3193,62.09
207.884,measure,4968.0,1304.0,6.4783,61.97
207.984,measure,4968.0,1248.0,6.2001,61.97
208.084,measure,4968.0,1296.0,6.4385,61.91
208.184,measure,4968.0,1280.0,6.3590,61.84
208.284,measure,4968.0,1264.0,6.2796,61.84
208.384,measure,4968.0,1296.0,6.4385,61.84
208.484,measure,4968.0,1248.0,6.2001,61.84
208.585,measure,4968.0,1288.0,6.3988,61.84
208.685,measure,4968.0,1288.0,6.3988,61.78
208.785,measure,4968.0,1272.0,6.3193,62.03
208.885,measure,4968.0,1312.0,6.5180,61.97
208.985,measure,4968.0,1256.0,6.2398,61.91
209.085,measure,4968.0,1296.0,6.4385,61.84
209.185,measure,4968.0,1296.0,6.4385,61.84
209.285,measure,4968.0,1280.0,6.3590,61.81
209.386,measure,4968.0,1312.0,6.5180,61.75
209.486,measure,4968.0,1256.0,6.2398,61.75
209.586,measure,4968.0,1296.0,6.4385,61.78
209.686,measure,4968.0,1304.0,6.4783,62.00
209.786,measure,4968.0,1272.0,6.3193,62.00
209.887,measure,4968.0,1304.0,6.4783,61.97
209.987,measure,4968.0,1264.0,6.2796,61.81
210.087,measure,4968.0,1288.0,6.3988,61.84
210.187,measure,4968.0,1288.0,6.3988,61.75
210.287,measure,4968.0,1272.0,6.3193,61.78
210.387,measure,4968.0,1304.0,6.4783,61.75
210.487,measure,4968.0,1256.0,6.2398,61.75
210.587,measure,4968.0,1288.0,6.3988,62.06
210.688,measure,4968.0,1288.0,6.3988,62.00
210.788,measure,4968.0,1272.0,6.3193,61.88
210.888,measure,4968.0,1304.0,6.4783,61.91
210.988,measure,4968.0,1256.0,6.2398,61.81
211.088,measure,4968.0,1296.0,6.4385,61.84
211.188,measure,4968.0,1288.0,6.3988,61.72
211.288,measure,4968.0,1272.0,6.3193,61.81
211.388,measure,4968.0,1312.0,6.5180,61.81
211.489,measure,4968.0,1264.0,6.2796,61.72
211.589,measure,4968.0,1296.0,6.4385,62.00
211.689,measure,4968.0,1296.0,6.4385,61.91
211.789,measure,4968.0,1264.0,6.2796,61.84
211.889,measure,4968.0,1304.0,6.4783,61.84
211.989,measure,4968.0,1256.0,6.2398,61.75
212.089,measure,4968.0,1288.0,6.3988,61.84
212.189,measure,4968.0,1288.0,6.3988,61.78
212.290,measure,4968.0,1272.0,6.3193,61.72
212.390,measure,4968.0,1304.0,6.4783,61.72
212.490,measure,4968.0,1264.0,6.2796,61.91
212.590,measure,4968.0,1288.0,6.3988,61.94
212.690,measure,4968.0,1296.0,6.4385,61.88
212.790,measure,4968.0,1272.0,6.3193,61.91
212.890,measure,4968.0,1312.0,6.5180,61.81
212.991,measure,4968.0,1256.0,6.2398,61.78
213.091,measure,4968.0,1288.0,6.3988,61.81
213.191,measure,4968.0,1296.0,6.4385,61.81
213.291,measure,4968.0,1272.0,6.3193,61.84
213.391,measure,4968.0,1312.0,6.5180,61.97
213.491,measure,4968.0,1264.0,6.2796,61.94
213.591,measure,4968.0,1288.0,6.3988,61.94
213.691,measure,4968.0,1304.0,6.4783,61.88
213.792,measure,4968.0,1264.0,6.2796,61.88
213.892,measure,4968.0,1304.0,6.4783,61.78
213.992,measure,4968.0,1256.0,6.2398,61.84
214.092,measure,4968.0,1288.0,6.3988,61.78
214.192,measure,4968.0,1296.0,6.4385,61.84
214.292,measure,4968.0,1272.0,6.3193,61.97
214.392,measure,4968.0,1304.0,6.4783,61.88
214.492,measure,4968.0,1264.0,6.2796,61.88
214.593,measure,4968.0,1288.0,6.3988,61.94
214.693,measure,4968.0,1296.0,6.4385,61.84
214.793,measure,4968.0,1272.0,6.3193,61.81
214.893,measure,4968.0,1304.0,6.4783,61.84
214.993,measure,4968.0,1264.0,6.2796,61.72
215.093,measure,4968.0,1288.0,6.3988,61.75
215.193,measure,4968.0,1296.0,6.4385,61.94
215.293,measure,4968.0,1272.0,6.3193,61.97
215.394,measure,4968.0,1304.0,6.4783,61.84
215.494,measure,4968.0,1264.0,6.2796,61.84
215.594,measure,4968.0,1288.0,6.3988,61.84
215.694,measure,4968.0,1304.0,6.4783,61.81
215.794,measure,4968.0,1264.0,6.2796,61.84
215.894,measure,4968.0,1296.0,6.4385,61.81
215.994,measure,4968.0,1264.0,6.2796,61.81
216.094,measure,4968.0,1288.0,6.3988,61.91
216.195,measure,4968.0,1296.0,6.4385,61.94
216.295,measure,4968.0,1264.0,6.2796,61.97
216.395,measure,4968.0,1304.0,6.4783,61.91
216.495,measure,4968.0,1264.0,6.2796,61.84
216.595,measure,4968.0,1288.0,6.3988,61.84
216.695,measure,4968.0,1296.0,6.4385,61.91
216.795,measure,4968.0,1264.0,6.2796,61.78
216.895,measure,4968.0,1304.0,6.4783,61.81
216.996,measure,4968.0,1272.0,6.3193,61.91
217.096,measure,4968.0,1288.0,6.3988,61.94
217.196,measure,4968.0,1296.0,6.4385,61.91
217.296,measure,4968.0,1256.0,6.2398,61.94
217.396,measure,4968.0,1296.0,6.4385,61.81
217.496,measure,4968.0,1264.0,6.2796,61.94
217.596,measure,4968.0,1280.0,6.3590,61.84
217.696,measure,4968.0,1304.0,6.4783,61.81
217.797,measure,4968.0,1256.0,6.2398,61.97
217.897,measure,4968.0,1296.0,6.4385,62.00
217.997,measure,4968.0,1264.0,6.2796,61.97
218.097,measure,4968.0,1280.0,6.3590,61.97
218.197,measure,4968.0,1288.0,6.3988,61.91
218.297,measure,4968.0,1264.0,6.2796,61.81
218.397,measure,4968.0,1304.0,6.4783,61.81
218.497,measure,4968.0,1272.0,6.3193,61.81
218.598,measure,4968.0,1280.0,6.3590,61.84
218.698,measure,4968.0,1304.0,6.4783,62.03
218.798,measure,4968.0,1264.0,6.2796,62.00
218.898,measure,4968.0,1304.0,6.4783,62.06
218.998,measure,4968.0,1272.0,6.3193,62.03
219.098,measure,4968.0,1288.0,6.3988,61.88
219.198,measure,4968.0,1304.0,6.4783,61.84
219.299,measure,4968.0,1256.0,6.2398,61.84
219.399,measure,4968.0,1304.0,6.4783,61.84
219.499,measure,4968.0,1272.0,6.3193,61.84
219.599,measure,4968.0,1280.0,6.3590,62.06
219.699,measure,4968.0,1304.0,6.4783,62.00
219.799,measure,4968.0,1256.0,6.2398,62.03
219.899,measure,4968.0,1296.0,6.4385,61.91
219.999,measure,4968.0,1272.0,6.3193,61.84
220.100,measure,4968.0,1280.0,6.3590,61.84
220.200,measure,4968.0,1296.0,6.4385,61.84
220.300,measure,4968.0,1264.0,6.2796,61.84
220.400,measure,4968.0,1304.0,6.4783,61.81
220.500,measure,4968.0,1280.0,6.3590,61.81
220.600,measure,4968.0,1288.0,6.3988,61.97
220.700,measure,4968.0,1312.0,6.5180,61.97
220.800,measure,4968.0,1264.0,6.2796,61.94
220.901,measure,4968.0,1296.0,6.4385,61.88
221.001,measure,4968.0,1280.0,6.3590,61.84
221.101,measure,4968.0,1280.0,6.3590,61.88
221.201,measure,4968.0,1296.0,6.4385,61.78
221.301,measure,4968.0,1264.0,6.2796,61.81
221.401,measure,4968.0,1296.0,6.4385,61.84
221.501,measure,4968.0,1272.0,6.3193,62.06
221.601,measure,4968.0,1280.0,6.3590,62.09
221.702,measure,4968.0,1296.0,6.4385,61.84
221.802,measure,4968.0,1256.0,6.2398,61.88
221.902,measure,4968.0,1296.0,6.4385,61.91
222.002,measure,4968.0,1272.0,6.3193,61.84
222.102,measure,4968.0,1280.0,6.3590,61.78
222.202,measure,4968.0,1296.0,6.4385,61.84
222.302,measure,4968.0,1256.0,6.2398,61.84
222.402,measure,4968.0,1296.0,6.4385,61.78
222.503,measure,4968.0,1272.0,6.3193,62.03
222.603,measure,4968.0,1272.0,6.3193,61.88
222.703,measure,4968.0,1288.0,6.3988,61.91
222.803,measure,4968.0,1256.0,6.2398,61.81
222.903,measure,4968.0,1296.0,6.4385,61.84
223.003,measure,4968.0,1272.0,6.3193,61.84
223.103,measure,4968.0,1280.0,6.3590,61.84
223.203,measure,4968.0,1304.0,6.4783,61.84
223.304,measure,4968.0,1256.0,6.2398,61.78
223.404,measure,4968.0,1296.0,6.4385,62.09
223.504,measure,4968.0,1280.0,6.3590,61.94
223.604,measure,4968.0,1280.0,6.3590,61.94
223.704,measure,4968.0,1296.0,6.4385,61.81
223.804,measure,4968.0,1256.0,6.2398,61.84
223.904,measure,4968.0,1304.0,6.4783,61.75
224.005,measure,4968.0,1272.0,6.3193,61.78
224.105,measure,4968.0,1280.0,6.3590,61.78
224.205,measure,4968.0,1304.0,6.4783,61.78
224.305,measure,4968.0,1256.0,6.2398,61.94
224.405,measure,4968.0,1296.0,6.4385,61.94
224.505,measure,4968.0,1280.0,6.3590,61.88
224.605,measure,4968.0,1280.0,6.3590,61.84
224.705,measure,4968.0,1304.0,6.4783,61.84
224.806,measure,4968.0,1256.0,6.2398,61.78
224.906,measure,4968.0,1296.0,6.4385,61.81
225.006,measure,4968.0,1280.0,6.3590,61.84
225.106,measure,4968.0,1280.0,6.3590,61.81
225.206,measure,4968.0,1312.0,6.5180,61.97
225.306,measure,4968.0,1256.0,6.2398,61.88
225.406,measure,4968.0,1296.0,6.4385,61.91
225.507,measure,4968.0,1280.0,6.3590,61.84
225.607,measure,4968.0,1280.0,6.3590,61.91
225.707,measure,4968.0,1304.0,6.4783,61.81
225.807,measure,4968.0,1256.0,6.2398,61.84
225.907,measure,4968.0,1296.0,6.4385,61.81
226.007,measure,4968.0,1280.0,6.3590,61.84
226.108,measure,4968.0,1280.0,6.3590,61.84
226.208,measure,4968.0,1304.0,6.4783,62.03
226.308,measure,4968.0,1256.0,6.2398,61.94
226.408,measure,4968.0,1296.0,6.4385,61.88
226.508,measure,4968.0,1288.0,6.3988,61.84
226.608,measure,4968.0,1288.0,6.3988,61.84
226.709,measure,4968.0,1312.0,6.5180,61.78
226.809,measure,4968.0,1256.0,6.2398,61.81
226.909,measure,4968.0,1296.0,6.4385,61.84
227.009,measure,4968.0,1280.0,6.3590,62.00
227.109,measure,4968.0,1272.0,6.3193,61.94
227.209,measure,4968.0,1312.0,6.5180,61.97
227.309,measure,4968.0,1248.0,6.2001,61.91
227.409,measure,4968.0,1288.0,6.3988,61.84
227.510,measure,4968.0,1280.0,6.3590,61.84
227.610,measure,4968.0,1280.0,6.3590,61.88
227.710,measure,4968.0,1312.0,6.5180,61.81
227.810,measure,4968.0,1256.0,6.2398,61.91
227.910,measure,4968.0,1296.0,6.4385,61.84
228.011,measure,4968.0,1280.0,6.3590,61.94
228.111,measure,4968.0,1272.0,6.3193,62.03
228.211,measure,4968.0,1296.0,6.4385,61.84
228.311,measure,4968.0,1256.0,6.2398,61.94
228.411,measure,4968.0,1296.0,6.4385,61.91
228.511,measure,4968.0,1288.0,6.3988,61.78
228.612,measure,4968.0,1280.0,6.3590,61.84
228.712,measure,4968.0,1312.0,6.5180,61.88
228.812,measure,4968.0,1256.0,6.2398,61.84
228.912,measure,4968.0,1296.0,6.4385,61.94
229.012,measure,4968.0,1288.0,6.3988,62.03
229.113,measure,4968.0,1272.0,6.3193,61.91
229.213,measure,4968.0,1304.0,6.4783,61.84
229.313,measure,4968.0,1256.0,6.2398,61.91
229.413,measure,4968.0,1296.0,6.4385,61.91
229.513,measure,4968.0,1280.0,6.3590,61.88
229.613,measure,4968.0,1272.0,6.3193,61.84
229.713,measure,4968.0,1312.0,6.5180,61.84
229.814,measure,4968.0,1256.0,6.2398,61.97
229.914,measure,4968.0,1296.0,6.4385,62.00
230.014,measure,4968.0,1280.0,6.3590,61.88
230.114,measure,4968.0,1272.0,6.3193,61.88
230.214,measure,4968.0,1296.0,6.4385,61.94
230.314,measure,4968.0,1256.0,6.2398,61.88
230.414,measure,4968.0,1296.0,6.4385,61.84
230.514,measure,4968.0,1288.0,6.3988,61.78
230.615,measure,4968.0,1280.0,6.3590,61.84
230.715,measure,4968.0,1320.0,6.5578,62.06
230.815,measure,4968.0,1256.0,6.2398,62.00
230.915,measure,4968.0,1296.0,6.4385,61.94
231.015,measure,4968.0,1288.0,6.3988,61.88
231.115,measure,4968.0,1280.0,6.3590,61.94
231.215,measure,4968.0,1312.0,6.5180,61.94
231.315,measure,4968.0,1256.0,6.2398,61.88
231.416,measure,4968.0,1296.0,6.4385,61.84
231.516,measure,4968.0,1288.0,6.3988,61.84
231.616,measure,4968.0,1280.0,6.3590,62.00
231.716,measure,4968.0,1312.0,6.5180,62.03
231.816,measure,4968.0,1256.0,6.2398,61.91
231.916,measure,4968.0,1296.0,6.4385,61.91
232.016,measure,4968.0,1288.0,6.3988,61.91
232.116,measure,4968.0,1272.0,6.3193,61.88
232.217,measure,4968.0,1312.0,6.5180,61.88
232.317,measure,4968.0,1256.0,6.2398,61.88
232.417,measure,4968.0,1288.0,6.3988,61.84
232.517,measure,4968.0,1288.0,6.3988,62.06
232.617,measure,4968.0,1272.0,6.3193,62.03
232.718,measure,4968.0,1312.0,6.5180,62.00
232.818,measure,4968.0,1256.0,6.2398,61.94
232.918,measure,4968.0,1296.0,6.4385,61.88
233.018,measure,4968.0,1288.0,6.3988,61.84
233.118,measure,4968.0,1272.0,6.3193,61.88
233.218,measure,4968.0,1304.0,6.4783,61.84
233.318,measure,4968.0,1248.0,6.2001,61.84
233.418,measure,4968.0,1296.0,6.4385,62.03
233.519,measure,4968.0,1288.0,6.3988,62.03
233.619,measure,4968.0,1272.0,6.3193,61.97
233.719,measure,4968.0,1304.0,6.4783,61.94
233.819,measure,4968.0,1256.0,6.2398,61.84
233.919,measure,4968.0,1296.0,6.4385,61.91
234.019,measure,4968.0,1288.0,6.3988,61.84
234.119,measure,4968.0,1272.0,6.3193,61.88
234.219,measure,4968.0,1312.0,6.5180,61.91
234.320,measure,4968.0,1264.0,6.2796,61.84
234.420,measure,4968.0,1288.0,6.3988,62.03
234.520,measure,4968.0,1288.0,6.3988,62.00
234.620,measure,4968.0,1272.0,6.3193,61.94
234.720,measure,4968.0,1304.0,6.4783,61.84
234.820,measure,4968.0,1256.0,6.2398,61.88
234.920,measure,4968.0,1296.0,6.4385,61.84
235.020,measure,4968.0,1280.0,6.3590,61.81
235.121,measure,4968.0,1272.0,6.3193,61.84
235.221,measure,4968.0,1304.0,6.4783,62.03
235.321,measure,4968.0,1256.0,6.2398,62.03
235.421,measure,4968.0,1288.0,6.3988,61.94
235.521,measure,4968.0,1288.0,6.3988,61.91
235.621,measure,4968.0,1272.0,6.3193,61.91
235.721,measure,4968.0,1304.0,6.4783,61.84
235.821,measure,4968.0,1264.0,6.2796,61.88
235.922,measure,4968.0,1296.0,6.4385,61.84
236.022,measure,4968.0,1288.0,6.3988,61.88
236.122,measure,4968.0,1272.0,6.3193,62.06
236.222,measure,4968.0,1304.0,6.4783,62.03
236.322,measure,4968.0,1256.0,6.2398,61.91
236.422,measure,4968.0,1296.0,6.4385,62.03
236.522,measure,4968.0,1288.0,6.3988,61.91
236.622,measure,4968.0,1272.0,6.3193,61.97
236.723,measure,4968.0,1304.0,6.4783,61.94
236.823,measure,4968.0,1256.0,6.2398,61.84
236.923,measure,4968.0,1288.0,6.3988,61.91
237.023,measure,4968.0,1288.0,6.3988,61.78
237.123,measure,4968.0,1272.0,6.3193,62.06
237.223,measure,4968.0,1304.0,6.4783,61.91
237.323,measure,4968.0,1264.0,6.2796,61.97
237.423,measure,4968.0,1296.0,6.4385,61.91
237.524,measure,4968.0,1296.0,6.4385,61.91
237.624,measure,4968.0,1272.0,6.3193,61.84
237.724,measure,4968.0,1304.0,6.4783,61.91
237.824,measure,4968.0,1264.0,6.2796,61.91
237.924,measure,4968.0,1288.0,6.3988,61.88
238.024,measure,4968.0,1296.0,6.4385,62.12
238.124,measure,4968.0,1272.0,6.3193,61.97
238.225,measure,4968.0,1304.0,6.4783,61.94
238.325,measure,4968.0,1264.0,6.2796,61.94
238.425,measure,4968.0,1296.0,6.4385,61.91
238.525,measure,4968.0,1296.0,6.4385,61.94
238.625,measure,4968.0,1272.0,6.3193,61.91
238.725,measure,4968.0,1312.0,6.5180,61.84
238.825,measure,4968.0,1264.0,6.2796,61.81
238.925,measure,4968.0,1296.0,6.4385,62.03
239.026,measure,4968.0,1296.0,6.4385,62.03
239.126,measure,4968.0,1264.0,6.2796,62.00
239.226,measure,4968.0,1304.0,6.4783,61.94
239.326,measure,4968.0,1264.0,6.2796,61.97
239.426,measure,4968.0,1288.0,6.3988,61.88
239.526,measure,4968.0,1288.0,6.3988,61.88
239.626,measure,4968.0,1264.0,6.2796,61.91
239.727,measure,4968.0,1312.0,6.5180,61.88
239.827,measure,4968.0,1272.0,6.3193,61.84
239.927,measure,4968.0,1304.0,6.4783,62.16
240.027,measure,4968.0,1304.0,6.4783,62.00
240.127,measure,4968.0,1304.0,6.4783,61.91
240.227,measure,4968.0,1392.0,6.9155,61.97
240.327,measure,4968.0,1392.0,6.9155,61.94
240.428,measure,4960.0,1440.0,7.1424,61.88
240.528,measure,4960.0,1464.0,7.2614,61.84
240.628,measure,4960.0,1400.0,6.9440,61.91
240.728,measure,4960.0,1464.0,7.2614,61.84
240.828,measure,4960.0,1448.0,7.1821,62.12
240.928,measure,4960.0,1456.0,7.2218,62.00
241.028,measure,4960.0,1480.0,7.3408,61.94
241.129,measure,4960.0,1424.0,7.0630,61.94
241.229,measure,4960.0,1432.0,7.1027,61.94
241.329,measure,4968.0,1368.0,6.7962,61.88
241.429,measure,4968.0,1368.0,6.7962,61.97
241.529,measure,4968.0,1360.0,6.7565,61.94
241.629,measure,4968.0,1320.0,6.5578,61.84
241.729,measure,4968.0,1344.0,6.6770,62.06
241.830,measure,4968.0,1304.0,6.4783,62.03
241.930,measure,4968.0,1312.0,6.5180,61.97
242.030,measure,4968.0,1328.0,6.5975,61.94
242.130,measure,4968.0,1272.0,6.3193,61.94
242.230,measure,4968.0,1312.0,6.5180,61.97
242.330,measure,4968.0,1280.0,6.3590,61.97
242.430,measure,4968.0,1296.0,6.4385,61.91
242.531,measure,4968.0,1304.0,6.4783,61.84
242.631,measure,4968.0,1272.0,6.3193,62.06
242.731,measure,4968.0,1312.0,6.5180,62.00
242.831,measure,4968.0,1280.0,6.3590,61.97
242.931,measure,4968.0,1288.0,6.3988,62.09
243.031,measure,4968.0,1304.0,6.4783,62.03
243.131,measure,4968.0,1264.0,6.2796,61.94
243.232,measure,4968.0,1304.0,6.4783,61.91
243.332,measure,4968.0,1280.0,6.3590,61.88
243.432,measure,4968.0,1288.0,6.3988,61.84
243.532,measure,4968.0,1296.0,6.4385,62.12
243.632,measure,4968.0,1264.0,6.2796,62.06
243.732,measure,4968.0,1304.0,6.4783,61.97
243.832,measure,4968.0,1272.0,6.3193,61.94
243.932,measure,4968.0,1288.0,6.3988,61.97
244.033,measure,4968.0,1296.0,6.4385,61.84
244.133,measure,4968.0,1264.0,6.2796,61.84
244.233,measure,4968.0,1304.0,6.4783,61.88
244.333,measure,4968.0,1272.0,6.3193,61.88
244.433,measure,4968.0,1280.0,6.3590,62.06
244.533,measure,4968.0,1304.0,6.4783,62.03
244.633,measure,4968.0,1256.0,6.2398,61.97
244.734,measure,4968.0,1296.0,6.4385,62.03
244.834,measure,4968.0,1272.0,6.3193,61.91
244.934,measure,4968.0,1288.0,6.3988,61.91
245.034,measure,4968.0,1304.0,6.4783,62.00
245.134,measure,4968.0,1264.0,6.2796,61.97
245.234,measure,4968.0,1304.0,6.4783,62.16
245.334,measure,4968.0,1280.0,6.3590,62.19
245.434,measure,4968.0,1288.0,6.3988,62.03
245.535,measure,4968.0,1304.0,6.4783,61.97
245.635,measure,4968.0,1264.0,6.2796,62.00
245.735,measure,4968.0,1296.0,6.4385,61.91
245.835,measure,4968.0,1272.0,6.3193,61.97
245.935,measure,4968.0,1280.0,6.3590,61.97
246.035,measure,4968.0,1312.0,6.5180,61.84
246.135,measure,4968.0,1256.0,6.2398,61.94
246.236,measure,4968.0,1296.0,6.4385,62.12
246.336,measure,4968.0,1272.0,6.3193,62.06
246.436,measure,4968.0,1280.0,6.3590,62.03
246.536,measure,4968.0,1296.0,6.4385,62.00
246.636,measure,4968.0,1256.0,6.2398,61.94
246.736,measure,4968.0,1296.0,6.4385,62.00
246.836,measure,4968.0,1280.0,6.3590,61.91
246.936,measure,4968.0,1280.0,6.3590,61.91
247.037,measure,4968.0,1312.0,6.5180,62.09
247.137,measure,4968.0,1256.0,6.2398,62.12
247.237,measure,4968.0,1296.0,6.4385,62.09
247.337,measure,4968.0,1280.0,6.3590,61.97
247.437,measure,4968.0,1280.0,6.3590,62.03
247.537,measure,4968.0,1296.0,6.4385,61.97
247.637,measure,4968.0,1264.0,6.2796,61.91
247.738,measure,4968.0,1304.0,6.4783,61.88
247.838,measure,4968.0,1280.0,6.3590,61.94
247.938,measure,4968.0,1288.0,6.3988,61.84
248.038,measure,4968.0,1304.0,6.4783,62.12
248.138,measure,4968.0,1264.0,6.2796,62.12
248.238,measure,4968.0,1304.0,6.4783,62.03
248.338,measure,4968.0,1280.0,6.3590,61.97
248.439,measure,4968.0,1280.0,6.3590,61.97
248.539,measure,4968.0,1304.0,6.4783,61.91
248.639,measure,4968.0,1256.0,6.2398,61.91
248.739,measure,4968.0,1296.0,6.4385,61.94
248.839,measure,4968.0,1280.0,6.3590,61.91
248.939,measure,4968.0,1280.0,6.3590,62.09
249.039,measure,4968.0,1320.0,6.5578,62.06
249.140,measure,4968.0,1256.0,6.2398,62.03
249.240,measure,4968.0,1296.0,6.4385,61.97
249.340,measure,4968.0,1288.0,6.3988,61.97
249.440,measure,4968.0,1280.0,6.3590,61.97
249.540,measure,4968.0,1296.0,6.4385,61.94
249.640,measure,4968.0,1256.0,6.2398,61.94
249.740,measure,4968.0,1304.0,6.4783,61.84
249.841,measure,4968.0,1296.0,6.4385,62.09
249.941,measure,4968.0,1280.0,6.3590,62.06
250.041,measure,4968.0,1312.0,6.5180,62.12
250.141,measure,4968.0,1256.0,6.2398,62.03
250.241,measure,4968.0,1296.0,6.4385,61.97
250.341,measure,4968.0,1280.0,6.3590,62.03
250.442,measure,4968.0,1280.0,6.3590,61.91
250.542,measure,4968.0,1296.0,6.4385,61.88
250.642,measure,4968.0,1256.0,6.2398,61.94
250.742,measure,4968.0,1296.0,6.4385,61.84
250.842,measure,4968.0,1288.0,6.3988,62.06
250.942,measure,4968.0,1280.0,6.3590,62.03
251.042,measure,4968.0,1312.0,6.5180,62.00
251.143,measure,4968.0,1256.0,6.2398,61.97
251.243,measure,4968.0,1304.0,6.4783,62.00
251.343,measure,4968.0,1288.0,6.3988,61.91
251.443,measure,4968.0,1280.0,6.3590,61.97
251.543,measure,4968.0,1320.0,6.5578,61.97
251.643,measure,4968.0,1256.0,6.2398,61.88
251.743,measure,4968.0,1296.0,6.4385,62.09
251.843,measure,4968.0,1288.0,6.3988,62.03
251.944,measure,4968.0,1280.0,6.3590,62.06
252.044,measure,4968.0,1304.0,6.4783,61.94
252.144,measure,4968.0,1264.0,6.2796,61.91
252.244,measure,4968.0,1304.0,6.4783,62.00
252.344,measure,4968.0,1288.0,6.3988,61.91
252.444,measure,4968.0,1280.0,6.3590,61.91
252.544,measure,4968.0,1312.0,6.5180,61.94
252.645,measure,4968.0,1256.0,6.2398,61.84
252.745,measure,4968.0,1296.0,6.4385,62.06
252.845,measure,4968.0,1280.0,6.3590,62.03
252.945,measure,4968.0,1280.0,6.3590,61.97
253.045,measure,4968.0,1312.0,6.5180,62.03
253.145,measure,4968.0,1256.0,6.2398,62.00
253.245,measure,4968.0,1296.0,6.4385,61.91
253.346,measure,4968.0,1288.0,6.3988,61.91
253.446,measure,4968.0,1280.0,6.3590,61.91
253.546,measure,4968.0,1304.0,6.4783,61.84
253.646,measure,4968.0,1256.0,6.2398,62.03
253.746,measure,4968.0,1296.0,6.4385,62.03
253.846,measure,4968.0,1280.0,6.3590,62.03
253.947,measure,4968.0,1272.0,6.3193,61.91
254.047,measure,4968.0,1312.0,6.5180,61.97
254.147,measure,4968.0,1256.0,6.2398,62.00
254.247,measure,4968.0,1296.0,6.4385,61.88
254.347,measure,4968.0,1288.0,6.3988,61.88
254.447,measure,4968.0,1280.0,6.3590,61.84
254.548,measure,4968.0,1312.0,6.5180,62.19
254.648,measure,4968.0,1256.0,6.2398,62.00
254.748,measure,4968.0,1296.0,6.4385,61.97
254.848,measure,4968.0,1288.0,6.3988,62.03
254.948,measure,4968.0,1280.0,6.3590,62.00
255.048,measure,4968.0,1312.0,6.5180,62.00
255.148,measure,4968.0,1256.0,6.2398,61.94
255.248,measure,4968.0,1296.0,6.4385,61.94
255.349,measure,4968.0,1288.0,6.3988,61.84
255.449,measure,4968.0,1280.0,6.3590,62.00
255.549,measure,4968.0,1312.0,6.5180,62.03
255.649,measure,4968.0,1256.0,6.2398,62.00
255.749,measure,4968.0,1296.0,6.4385,61.97
255.849,measure,4968.0,1280.0,6.3590,61.97
255.949,measure,4968.0,1272.0,6.3193,61.94
256.049,measure,4968.0,1304.0,6.4783,61.91
256.150,measure,4968.0,1248.0,6.2001,61.88
256.250,measure,4968.0,1296.0,6.4385,61.91
256.350,measure,4968.0,1288.0,6.3988,62.12
256.450,measure,4968.0,1272.0,6.3193,62.12
256.550,measure,4968.0,1312.0,6.5180,62.03
256.650,measure,4968.0,1256.0,6.2398,62.00
256.751,measure,4968.0,1296.0,6.4385,61.97
256.851,measure,4968.0,1296.0,6.4385,62.00
256.951,measure,4968.0,1272.0,6.3193,61.91
257.051,measure,4968.0,1312.0,6.5180,61.97
257.151,measure,4968.0,1248.0,6.2001,61.84
257.251,measure,4968.0,1296.0,6.4385,62.06
257.351,measure,4968.0,1288.0,6.3988,61.84
257.452,measure,4968.0,1272.0,6.3193,62.00
257.552,measure,4968.0,1304.0,6.4783,61.97
257.652,measure,4968.0,1256.0,6.2398,62.00
257.752,measure,4968.0,1296.0,6.4385,61.88
257.852,measure,4968.0,1288.0,6.3988,61.97
257.952,measure,4968.0,1272.0,6.3193,61.91
258.052,measure,4968.0,1312.0,6.5180,61.91
258.152,measure,4968.0,1256.0,6.2398,62.09
258.253,measure,4968.0,1296.0,6.4385,62.06
258.353,measure,4968.0,1288.0,6.3988,61.97
258.453,measure,4968.0,1272.0,6.3193,62.03
258.553,measure,4968.0,1304.0,6.4783,61.97
258.653,measure,4968.0,1264.0,6.2796,61.91
258.753,measure,4968.0,1296.0,6.4385,61.94
258.854,measure,4968.0,1288.0,6.3988,61.91
258.954,measure,4968.0,1280.0,6.3590,61.88
259.054,measure,4968.0,1312.0,6.5180,62.03
259.154,measure,4968.0,1256.0,6.2398,62.09
259.254,measure,4968.0,1296.0,6.4385,62.00
259.354,measure,4968.0,1288.0,6.3988,62.03
259.454,measure,4968.0,1272.0,6.3193,61.91
259.554,measure,4968.0,1304.0,6.4783,61.94
259.655,measure,4968.0,1264.0,6.2796,61.97
259.755,measure,4968.0,1288.0,6.3988,61.88
259.855,measure,4968.0,1288.0,6.3988,61.88
259.955,measure,4968.0,1272.0,6.3193,62.09
260.055,measure,4968.0,1304.0,6.4783,62.00
260.155,measure,4968.0,1264.0,6.2796,62.00
260.255,measure,4968.0,1296.0,6.4385,62.03
260.356,measure,4968.0,1296.0,6.4385,62.00
260.456,measure,4968.0,1272.0,6.3193,61.91
260.556,measure,4968.0,1312.0,6.5180,61.91
260.656,measure,4968.0,1256.0,6.2398,62.00
260.756,measure,4968.0,1296.0,6.4385,61.91
260.856,measure,4968.0,1296.0,6.4385,62.12
260.956,measure,4968.0,1272.0,6.3193,62.06
261.056,measure,4968.0,1304.0,6.4783,62.00
261.157,measure,4968.0,1256.0,6.2398,61.97
261.257,measure,4968.0,1288.0,6.3988,61.97
261.357,measure,4968.0,1288.0,6.3988,61.84
261.457,measure,4968.0,1264.0,6.2796,61.94
261.557,measure,4968.0,1312.0,6.5180,61.97
261.657,measure,4968.0,1264.0,6.2796,61.88
261.757,measure,4968.0,1288.0,6.3988,62.12
261.858,measure,4968.0,1288.0,6.3988,62.03
261.958,measure,4968.0,1272.0,6.3193,62.06
262.058,measure,4968.0,1304.0,6.4783,62.06
262.158,measure,4968.0,1264.0,6.2796,62.00
262.258,measure,4968.0,1296.0,6.4385,62.00
262.358,measure,4968.0,1296.0,6.4385,61.94
262.458,measure,4968.0,1272.0,6.3193,61.94
262.559,measure,4968.0,1312.0,6.5180,61.97
262.659,measure,4968.0,1272.0,6.3193,62.16
262.759,measure,4968.0,1296.0,6.4385,62.16
262.859,measure,4968.0,1296.0,6.4385,61.94
262.959,measure,4968.0,1272.0,6.3193,62.03
263.059,measure,4968.0,1304.0,6.4783,62.00
263.159,measure,4968.0,1272.0,6.3193,62.06
263.259,measure,4968.0,1288.0,6.3988,61.94
263.360,measure,4968.0,1296.0,6.4385,61.91
263.460,measure,4968.0,1264.0,6.2796,61.91
263.560,measure,4968.0,1304.0,6.4783,62.19
263.660,measure,4968.0,1264.0,6.2796,62.12
263.760,measure,4968.0,1280.0,6.3590,62.06
263.860,measure,4968.0,1288.0,6.3988,61.97
263.960,measure,4968.0,1264.0,6.2796,62.00
264.060,measure,4968.0,1304.0,6.4783,61.94
264.161,measure,4968.0,1264.0,6.2796,62.00
264.261,measure,4968.0,1288.0,6.3988,62.00
264.361,measure,4968.0,1296.0,6.4385,61.97
264.461,measure,4968.0,1264.0,6.2796,61.94
264.561,measure,4968.0,1296.0,6.4385,62.12
264.661,measure,4968.0,1264.0,6.2796,62.00
264.761,measure,4968.0,1288.0,6.3988,62.06
264.862,measure,4968.0,1288.0,6.3988,61.94
264.962,measure,4968.0,1264.0,6.2796,62.00
265.062,measure,4968.0,1296.0,6.4385,61.91
265.162,measure,4968.0,1264.0,6.2796,61.94
265.262,measure,4968.0,1280.0,6.3590,61.91
265.362,measure,4968.0,1296.0,6.4385,61.91
265.462,measure,4968.0,1256.0,6.2398,62.06
265.562,measure,4968.0,1296.0,6.4385,62.03
265.663,measure,4968.0,1256.0,6.2398,62.06
265.763,measure,4968.0,1280.0,6.3590,62.00
265.863,measure,4968.0,1288.0,6.3988,61.97
265.963,measure,4968.0,1264.0,6.2796,61.91
266.063,measure,4968.0,1304.0,6.4783,61.94
266.163,measure,4968.0,1264.0,6.2796,61.94
266.263,measure,4968.0,1280.0,6.3590,61.94
266.364,measure,4968.0,1296.0,6.4385,61.94
266.464,measure,4968.0,1264.0,6.2796,62.06
266.564,measure,4968.0,1304.0,6.4783,62.06
266.664,measure,4968.0,1264.0,6.2796,62.03
266.764,measure,4968.0,1288.0,6.3988,62.03
266.864,measure,4968.0,1288.0,6.3988,61.91
266.964,measure,4968.0,1264.0,6.2796,61.91
267.064,measure,4968.0,1304.0,6.4783,61.91
267.165,measure,4968.0,1272.0,6.3193,61.94
267.265,measure,4968.0,1288.0,6.3988,61.88
267.365,measure,4968.0,1296.0,6.4385,62.06
267.465,measure,4968.0,1264.0,6.2796,62.09
267.565,measure,4968.0,1296.0,6.4385,62.00
267.665,measure,4968.0,1272.0,6.3193,61.97
267.765,measure,4968.0,1280.0,6.3590,61.84
267.866,measure,4968.0,1288.0,6.3988,61.91
267.966,measure,4968.0,1264.0,6.2796,61.94
268.066,measure,4968.0,1304.0,6.4783,61.91
268.166,measure,4968.0,1280.0,6.3590,61.97
268.266,measure,4968.0,1280.0,6.3590,62.06
268.366,measure,4968.0,1296.0,6.4385,62.06
268.466,measure,4968.0,1256.0,6.2398,62.00
268.567,measure,4968.0,1304.0,6.4783,62.00
268.667,measure,4968.0,1272.0,6.3193,61.97
268.767,measure,4968.0,1280.0,6.3590,62.00
268.867,measure,4968.0,1296.0,6.4385,61.91
268.967,measure,4968.0,1264.0,6.2796,61.94
269.067,measure,4968.0,1304.0,6.4783,61.91
269.167,measure,4968.0,1280.0,6.3590,62.06
269.267,measure,4968.0,1288.0,6.3988,62.00
269.368,measure,4968.0,1304.0,6.4783,61.94
269.468,measure,4968.0,1264.0,6.2796,61.97
269.568,measure,4968.0,1304.0,6.4783,61.97
269.668,measure,4968.0,1280.0,6.3590,62.00
269.768,measure,4968.0,1288.0,6.3988,61.97
269.868,measure,4968.0,1296.0,6.4385,61.94
269.969,measure,4968.0,1264.0,6.2796,61.91
270.069,measure,4968.0,1304.0,6.4783,62.12
270.169,measure,4968.0,1272.0,6.3193,62.03
270.269,measure,4968.0,1280.0,6.3590,62.09
270.369,measure,4968.0,1312.0,6.5180,62.03
270.469,measure,4968.0,1256.0,6.2398,62.00
270.569,measure,4968.0,1304.0,6.4783,61.97
270.669,measure,4968.0,1272.0,6.3193,62.00
270.770,measure,4968.0,1280.0,6.3590,62.00
270.870,measure,4968.0,1296.0,6.4385,62.12
270.970,measure,4968.0,1256.0,6.2398,62.09
271.070,measure,4968.0,1296.0,6.4385,62.09
271.170,measure,4968.0,1280.0,6.3590,62.00
271.270,measure,4968.0,1280.0,6.3590,61.97
271.370,measure,4968.0,1312.0,6.5180,61.94
271.471,measure,4968.0,1256.0,6.2398,61.94
271.571,measure,4968.0,1304.0,6.4783,61.94
271.671,measure,4968.0,1272.0,6.3193,61.91
271.771,measure,4968.0,1280.0,6.3590,61.91
271.871,measure,4968.0,1296.0,6.4385,62.09
271.972,measure,4968.0,1256.0,6.2398,62.12
272.072,measure,4968.0,1296.0,6.4385,62.03
272.172,measure,4968.0,1280.0,6.3590,62.00
272.272,measure,4968.0,1280.0,6.3590,62.03
272.372,measure,4968.0,1312.0,6.5180,61.88
272.472,measure,4968.0,1256.0,6.2398,62.03
272.572,measure,4968.0,1296.0,6.4385,61.94
272.672,measure,4968.0,1288.0,6.3988,61.91
272.773,measure,4968.0,1288.0,6.3988,62.03
272.873,measure,4968.0,1304.0,6.4783,62.09
272.973,measure,4968.0,1264.0,6.2796,61.94
273.073,measure,4968.0,1304.0,6.4783,62.03
273.173,measure,4968.0,1280.0,6.3590,61.97
273.273,measure,4968.0,1280.0,6.3590,61.94
273.373,measure,4968.0,1304.0,6.4783,61.94
273.473,measure,4968.0,1256.0,6.2398,61.91
273.574,measure,4968.0,1296.0,6.4385,61.94
273.674,measure,4968.0,1280.0,6.3590,62.16
273.774,measure,4968.0,1272.0,6.3193,62.12
273.874,measure,4968.0,1296.0,6.4385,62.09
273.974,measure,4968.0,1256.0,6.2398,62.03
274.075,measure,4968.0,1296.0,6.4385,62.03
274.175,measure,4968.0,1280.0,6.3590,61.97
274.275,measure,4968.0,1280.0,6.3590,61.97
274.375,measure,4968.0,1304.0,6.4783,62.03
274.475,measure,4968.0,1256.0,6.2398,61.94
274.575,measure,4968.0,1296.0,6.4385,62.16
274.675,measure,4968.0,1288.0,6.3988,62.16
274.775,measure,4968.0,1280.0,6.3590,62.16
274.876,measure,4968.0,1312.0,6.5180,62.12
274.976,measure,4968.0,1256.0,6.2398,61.97
275.076,measure,4968.0,1296.0,6.4385,62.00
275.176,measure,4968.0,1288.0,6.3988,62.00
275.276,measure,4968.0,1280.0,6.3590,62.00
275.376,measure,4968.0,1304.0,6.4783,61.94
275.477,measure,4968.0,1256.0,6.2398,62.16
275.577,measure,4968.0,1296.0,6.4385,62.16
275.677,measure,4968.0,1288.0,6.3988,62.16
275.777,measure,4968.0,1288.0,6.3988,62.00
275.877,measure,4968.0,1304.0,6.4783,62.06
275.978,measure,4968.0,1264.0,6.2796,62.00
276.078,measure,4968.0,1296.0,6.4385,62.00
276.178,measure,4968.0,1280.0,6.3590,61.97
276.278,measure,4968.0,1280.0,6.3590,62.00
276.378,measure,4968.0,1304.0,6.4783,62.22
276.478,measure,4968.0,1256.0,6.2398,62.19
276.578,measure,4968.0,1296.0,6.4385,62.16
276.678,measure,4968.0,1288.0,6.3988,62.00
276.779,measure,4968.0,1280.0,6.3590,61.97
276.879,measure,4968.0,1312.0,6.5180,61.88
276.979,measure,4968.0,1256.0,6.2398,61.94
277.079,measure,4968.0,1288.0,6.3988,61.94
277.179,measure,4968.0,1288.0,6.3988,61.94
277.279,measure,4968.0,1272.0,6.3193,62.19
277.379,measure,4968.0,1296.0,6.4385,62.16
277.480,measure,4968.0,1256.0,6.2398,62.19
277.580,measure,4968.0,1296.0,6.4385,62.03
277.680,measure,4968.0,1288.0,6.3988,62.09
277.780,measure,4968.0,1280.0,6.3590,61.97
277.880,measure,4968.0,1304.0,6.4783,62.03
277.980,measure,4968.0,1256.0,6.2398,61.94
278.080,measure,4968.0,1288.0,6.3988,61.97
278.180,measure,4968.0,1280.0,6.3590,61.97
278.281,measure,4968.0,1272.0,6.3193,62.22
278.381,measure,4968.0,1304.0,6.4783,61.97
278.481,measure,4968.0,1248.0,6.2001,62.06
278.581,measure,4968.0,1288.0,6.3988,62.12
278.681,measure,4968.0,1280.0,6.3590,62.03
278.781,measure,4968.0,1280.0,6.3590,62.00
278.881,measure,4968.0,1312.0,6.5180,62.06
278.981,measure,4968.0,1256.0,6.2398,61.94
279.082,measure,4968.0,1296.0,6.4385,61.97
279.182,measure,4968.0,1288.0,6.3988,62.25
279.282,measure,4968.0,1272.0,6.3193,62.12
279.382,measure,4968.0,1304.0,6.4783,62.03
279.482,measure,4968.0,1256.0,6.2398,62.09
279.582,measure,4968.0,1296.0,6.4385,62.06
279.682,measure,4968.0,1296.0,6.4385,62.06
279.783,measure,4968.0,1272.0,6.3193,61.97
279.883,measure,4968.0,1304.0,6.4783,61.94
279.983,measure,4968.0,1248.0,6.2001,61.91
280.083,measure,4968.0,1296.0,6.4385,61.97
280.183,measure,4968.0,1280.0,6.3590,62.22
280.283,measure,4968.0,1264.0,6.2796,62.12
280.383,measure,4968.0,1296.0,6.4385,62.09
280.483,measure,4968.0,1248.0,6.2001,62.03
280.584,measure,4968.0,1288.0,6.3988,62.00
280.684,measure,4968.0,1280.0,6.3590,61.94
280.784,measure,4968.0,1272.0,6.3193,62.00
280.884,measure,4968.0,1304.0,6.4783,61.94
280.984,measure,4968.0,1256.0,6.2398,61.97
281.084,measure,4968.0,1288.0,6.3988,62.19
281.184,measure,4968.0,1288.0,6.3988,62.09
281.284,measure,4968.0,1272.0,6.3193,62.03
281.385,measure,4968.0,1304.0,6.4783,62.06
281.485,measure,4968.0,1256.0,6.2398,62.00
281.585,measure,4968.0,1296.0,6.4385,62.00
281.685,measure,4968.0,1288.0,6.3988,61.94
281.785,measure,4968.0,1280.0,6.3590,61.94
281.885,measure,4968.0,1312.0,6.5180,61.91
281.985,measure,4968.0,1256.0,6.2398,62.19
282.086,measure,4968.0,1296.0,6.4385,62.12
282.186,measure,4968.0,1288.0,6.3988,62.06
282.286,measure,4968.0,1272.0,6.3193,62.03
282.386,measure,4968.0,1304.0,6.4783,62.00
282.486,measure,4968.0,1248.0,6.2001,61.94
282.586,measure,4968.0,1288.0,6.3988,62.00
282.686,measure,4968.0,1280.0,6.3590,61.94
282.787,measure,4968.0,1272.0,6.3193,61.97
282.887,measure,4968.0,1304.0,6.4783,62.12
282.987,measure,4968.0,1256.0,6.2398,62.06
283.087,measure,4968.0,1296.0,6.4385,62.09
283.187,measure,4968.0,1296.0,6.4385,61.97
283.287,measure,4968.0,1272.0,6.3193,62.09
283.387,measure,4968.0,1304.0,6.4783,61.97
283.488,measure,4968.0,1256.0,6.2398,62.03
283.588,measure,4968.0,1288.0,6.3988,61.94
283.688,measure,4968.0,1288.0,6.3988,61.97
283.788,measure,4968.0,1272.0,6.3193,62.16
283.888,measure,4968.0,1304.0,6.4783,62.03
283.988,measure,4968.0,1256.0,6.2398,62.06
284.088,measure,4968.0,1288.0,6.3988,62.00
284.188,measure,4968.0,1288.0,6.3988,62.00
284.289,measure,4968.0,1272.0,6.3193,61.97
284.389,measure,4968.0,1312.0,6.5180,61.97
284.489,measure,4968.0,1264.0,6.2796,62.00
284.589,measure,4968.0,1296.0,6.4385,62.00
284.689,measure,4968.0,1296.0,6.4385,62.12
284.789,measure,4968.0,1280.0,6.3590,62.09
284.889,measure,4968.0,1312.0,6.5180,62.03
284.989,measure,4968.0,1264.0,6.2796,62.09
285.090,measure,4968.0,1296.0,6.4385,62.09
285.190,measure,4968.0,1304.0,6.4783,61.97
285.290,measure,4968.0,1272.0,6.3193,62.00
285.390,measure,4968.0,1304.0,6.4783,61.97
285.490,measure,4968.0,1264.0,6.2796,61.94
285.590,measure,4968.0,1288.0,6.3988,62.12
285.690,measure,4968.0,1296.0,6.4385,62.09
285.791,measure,4968.0,1264.0,6.2796,62.03
285.891,measure,4968.0,1304.0,6.4783,62.00
285.991,measure,4968.0,1264.0,6.2796,62.09
286.091,measure,4968.0,1296.0,6.4385,62.00
286.191,measure,4968.0,1296.0,6.4385,62.00
286.291,measure,4968.0,1272.0,6.3193,62.06
286.391,measure,4968.0,1312.0,6.5180,62.00
286.491,measure,4968.0,1272.0,6.3193,62.12
286.592,measure,4968.0,1296.0,6.4385,62.00
286.692,measure,4968.0,1296.0,6.4385,62.16
286.792,measure,4968.0,1272.0,6.3193,61.97
286.892,measure,4968.0,1312.0,6.5180,62.09
286.992,measure,4968.0,1264.0,6.2796,62.00
287.092,measure,4968.0,1296.0,6.4385,61.97
287.193,measure,4968.0,1296.0,6.4385,61.97
287.293,measure,4968.0,1272.0,6.3193,62.00
287.393,measure,4968.0,1312.0,6.5180,62.16
287.493,measure,4968.0,1280.0,6.3590,62.16
287.593,measure,4968.0,1288.0,6.3988,62.16
287.693,measure,4968.0,1296.0,6.4385,62.00
287.793,measure,4968.0,1264.0,6.2796,62.03
287.894,measure,4968.0,1304.0,6.4783,62.09
287.994,measure,4968.0,1256.0,6.2398,61.97
288.094,measure,4968.0,1288.0,6.3988,61.97
288.194,measure,4968.0,1296.0,6.4385,62.03
288.294,measure,4968.0,1264.0,6.2796,62.12
288.394,measure,4968.0,1304.0,6.4783,62.12
288.494,measure,4968.0,1264.0,6.2796,62.12
288.594,measure,4968.0,1288.0,6.3988,62.00
288.695,measure,4968.0,1296.0,6.4385,62.06
288.795,measure,4968.0,1272.0,6.3193,62.03
288.895,measure,4968.0,1304.0,6.4783,62.06
288.995,measure,4968.0,1272.0,6.3193,61.94
289.095,measure,4968.0,1296.0,6.4385,62.00
289.195,measure,4968.0,1304.0,6.4783,62.22
289.296,measure,4968.0,1272.0,6.3193,62.19
289.396,measure,4968.0,1304.0,6.4783,62.22
289.496,measure,4968.0,1280.0,6.3590,62.12
289.596,measure,4968.0,1296.0,6.4385,62.12
289.696,measure,4968.0,1312.0,6.5180,62.06
289.796,measure,4968.0,1264.0,6.2796,62.06
289.896,measure,4968.0,1304.0,6.4783,61.94
289.997,measure,4968.0,1272.0,6.3193,61.97
290.097,measure,4968.0,1288.0,6.3988,62.09
290.197,measure,4968.0,1296.0,6.4385,62.12
290.297,measure,4968.0,1264.0,6.2796,62.12
290.397,measure,4968.0,1304.0,6.4783,62.06
290.497,measure,4968.0,1272.0,6.3193,62.03
290.597,measure,4968.0,1288.0,6.3988,62.03
290.698,measure,4968.0,1312.0,6.5180,61.94
290.798,measure,4968.0,1264.0,6.2796,62.00
290.898,measure,4968.0,1296.0,6.4385,61.97
290.998,measure,4968.0,1280.0,6.3590,61.97
291.098,measure,4968.0,1280.0,6.3590,62.12
291.198,measure,4968.0,1296.0,6.4385,62.12
291.298,measure,4968.0,1264.0,6.2796,62.03
291.399,measure,4968.0,1304.0,6.4783,62.16
291.499,measure,4968.0,1272.0,6.3193,62.03
291.599,measure,4968.0,1288.0,6.3988,62.06
291.699,measure,4968.0,1312.0,6.5180,62.03
291.799,measure,4968.0,1256.0,6.2398,61.97
291.899,measure,4968.0,1296.0,6.4385,61.88
291.999,measure,4968.0,1272.0,6.3193,62.16
292.099,measure,4968.0,1280.0,6.3590,62.12
292.200,measure,4968.0,1296.0,6.4385,62.06
292.300,measure,4968.0,1264.0,6.2796,62.03
292.400,measure,4968.0,1304.0,6.4783,62.03
292.500,measure,4968.0,1272.0,6.3193,62.00
292.600,measure,4968.0,1280.0,6.3590,62.03
292.700,measure,4968.0,1296.0,6.4385,61.88
292.801,measure,4968.0,1264.0,6.2796,62.00
292.901,measure,4968.0,1304.0,6.4783,62.25
293.001,measure,4968.0,1272.0,6.3193,62.16
293.101,measure,4968.0,1288.0,6.3988,62.06
293.201,measure,4968.0,1304.0,6.4783,62.06
293.301,measure,4968.0,1256.0,6.2398,62.09
293.402,measure,4968.0,1296.0,6.4385,62.00
293.502,measure,4968.0,1272.0,6.3193,62.00
293.602,measure,4968.0,1280.0,6.3590,62.03
293.702,measure,4968.0,1312.0,6.5180,62.00
293.802,measure,4968.0,1256.0,6.2398,62.12
293.902,measure,4968.0,1296.0,6.4385,62.19
294.002,measure,4968.0,1272.0,6.3193,62.12
294.103,measure,4968.0,1280.0,6.3590,62.06
294.203,measure,4968.0,1304.0,6.4783,62.03
294.303,measure,4968.0,1256.0,6.2398,62.00
294.403,measure,4968.0,1304.0,6.4783,62.00
294.503,measure,4968.0,1280.0,6.3590,61.94
294.603,measure,4968.0,1280.0,6.3590,62.03
294.703,measure,4968.0,1296.0,6.4385,61.97
294.803,measure,4968.0,1264.0,6.2796,62.16
294.904,measure,4968.0,1304.0,6.4783,62.06
295.004,measure,4968.0,1280.0,6.3590,62.09
295.104,measure,4968.0,1288.0,6.3988,62.00
295.204,measure,4968.0,1312.0,6.5180,62.03
295.304,measure,4968.0,1256.0,6.2398,62.00
295.404,measure,4968.0,1296.0,6.4385,61.97
295.504,measure,4968.0,1280.0,6.3590,61.97
295.604,measure,4968.0,1288.0,6.3988,61.88
295.705,measure,4968.0,1304.0,6.4783,62.25
295.805,measure,4968.0,1264.0,6.2796,62.12
295.905,measure,4968.0,1304.0,6.4783,62.09
296.005,measure,4968.0,1288.0,6.3988,62.06
296.105,measure,4968.0,1280.0,6.3590,62.09
296.205,measure,4968.0,1312.0,6.5180,62.03
296.305,measure,4968.0,1256.0,6.2398,62.00
296.406,measure,4968.0,1296.0,6.4385,62.03
296.506,measure,4968.0,1272.0,6.3193,61.94
296.606,measure,4968.0,1280.0,6.3590,61.94
296.706,measure,4968.0,1296.0,6.4385,62.12
296.806,measure,4968.0,1256.0,6.2398,62.12
296.906,measure,4968.0,1296.0,6.4385,62.00
297.006,measure,4968.0,1280.0,6.3590,62.03
297.107,measure,4968.0,1280.0,6.3590,62.00
297.207,measure,4968.0,1312.0,6.5180,61.97
297.307,measure,4968.0,1256.0,6.2398,62.00
297.407,measure,4968.0,1296.0,6.4385,61.94
297.507,measure,4968.0,1280.0,6.3590,62.12
297.607,measure,4968.0,1280.0,6.3590,62.16
297.708,measure,4968.0,1296.0,6.4385,62.09
297.808,measure,4968.0,1256.0,6.2398,62.00
297.908,measure,4968.0,1296.0,6.4385,62.06
298.008,measure,4968.0,1280.0,6.3590,62.00
298.108,measure,4968.0,1280.0,6.3590,62.00
298.208,measure,4968.0,1312.0,6.5180,62.00
298.309,measure,4968.0,1256.0,6.2398,61.94
298.409,measure,4968.0,1296.0,6.4385,61.91
298.509,measure,4968.0,1280.0,6.3590,62.09
298.609,measure,4968.0,1272.0,6.3193,62.09
298.709,measure,4968.0,1296.0,6.4385,62.06
298.809,measure,4968.0,1256.0,6.2398,62.03
298.909,measure,4968.0,1296.0,6.4385,62.00
299.010,measure,4968.0,1280.0,6.3590,61.97
299.110,measure,4968.0,1280.0,6.3590,62.03
299.210,measure,4968.0,1304.0,6.4783,61.94
299.310,measure,4968.0,1256.0,6.2398,62.09
299.410,measure,4968.0,1296.0,6.4385,62.16
299.510,measure,4968.0,1280.0,6.3590,62.19
299.610,measure,4968.0,1272.0,6.3193,62.06
299.710,measure,4968.0,1304.0,6.4783,62.09
299.811,measure,4968.0,1256.0,6.2398,62.03
299.911,measure,4968.0,1296.0,6.4385,61.91
300.011,measure,4968.0,1280.0,6.3590,62.03
300.111,measure,4968.0,1280.0,6.3590,61.91
300.211,measure,4968.0,1312.0,6.5180,61.97
300.311,measure,4968.0,1256.0,6.2398,62.16
300.411,measure,4968.0,1296.0,6.4385,62.16
300.512,measure,4968.0,1280.0,6.3590,62.06
300.612,measure,4968.0,1280.0,6.3590,62.12
300.712,measure,4968.0,1304.0,6.4783,61.91
300.812,measure,4968.0,1256.0,6.2398,62.06
300.912,measure,4968.0,1296.0,6.4385,61.97
301.012,measure,4968.0,1288.0,6.3988,61.94
301.113,measure,4968.0,1280.0,6.3590,62.16
301.213,measure,4968.0,1304.0,6.4783,62.19
301.313,measure,4968.0,1256.0,6.2398,62.16
301.413,measure,4968.0,1304.0,6.4783,62.00
301.513,measure,4968.0,1288.0,6.3988,61.97
301.613,measure,4968.0,1280.0,6.3590,62.00
301.713,measure,4968.0,1304.0,6.4783,61.97
301.813,measure,4968.0,1256.0,6.2398,61.97
301.914,measure,4968.0,1296.0,6.4385,61.94
302.014,measure,4968.0,1296.0,6.4385,62.22
302.114,measure,4968.0,1272.0,6.3193,62.16
302.214,measure,4968.0,1304.0,6.4783,62.19
302.314,measure,4968.0,1256.0,6.2398,62.00
302.414,measure,4968.0,1296.0,6.4385,62.09
302.514,measure,4968.0,1288.0,6.3988,62.06
302.615,measure,4968.0,1280.0,6.3590,62.00
302.715,measure,4968.0,1312.0,6.5180,61.97
302.815,measure,4968.0,1256.0,6.2398,61.97
302.915,measure,4968.0,1296.0,6.4385,61.97
303.015,measure,4968.0,1288.0,6.3988,62.12
303.115,measure,4968.0,1272.0,6.3193,62.12
303.215,measure,4968.0,1312.0,6.5180,62.12
303.315,measure,4968.0,1248.0,6.2001,62.03
303.416,measure,4968.0,1296.0,6.4385,62.03
303.516,measure,4968.0,1288.0,6.3988,62.00
303.616,measure,4968.0,1272.0,6.3193,61.88
303.716,measure,4968.0,1304.0,6.4783,61.94
303.816,measure,4968.0,1248.0,6.2001,62.12
303.916,measure,4968.0,1288.0,6.3988,62.00
304.016,measure,4968.0,1280.0,6.3590,62.16
304.116,measure,4968.0,1264.0,6.2796,62.09
304.217,measure,4968.0,1296.0,6.4385,62.03
304.317,measure,4968.0,1248.0,6.2001,62.03
304.417,measure,4968.0,1296.0,6.4385,62.03
304.517,measure,4968.0,1288.0,6.3988,61.94
304.617,measure,4968.0,1272.0,6.3193,61.97
304.717,measure,4968.0,1304.0,6.4783,62.12
304.817,measure,4968.0,1248.0,6.2001,62.25
304.918,measure,4968.0,1296.0,6.4385,62.12
305.018,measure,4968.0,1288.0,6.3988,62.09
305.118,measure,4968.0,1272.0,6.3193,62.12
305.218,measure,4968.0,1304.0,6.4783,62.06
305.318,measure,4968.0,1256.0,6.2398,61.97
305.418,measure,4968.0,1288.0,6.3988,62.03
305.518,measure,4968.0,1280.0,6.3590,62.00
305.618,measure,4968.0,1264.0,6.2796,61.97
305.719,measure,4968.0,1304.0,6.4783,62.28
305.819,measure,4968.0,1248.0,6.2001,62.12
305.919,measure,4968.0,1288.0,6.3988,62.12
306.019,measure,4968.0,1288.0,6.3988,62.03
306.119,measure,4968.0,1272.0,6.3193,62.09
306.219,measure,4968.0,1304.0,6.4783,62.06
306.319,measure,4968.0,1256.0,6.2398,62.09
306.420,measure,4968.0,1288.0,6.3988,61.97
306.520,measure,4968.0,1288.0,6.3988,62.00
306.620,measure,4968.0,1272.0,6.3193,62.12
306.720,measure,4968.0,1304.0,6.4783,61.94
306.820,measure,4968.0,1256.0,6.2398,62.09
306.920,measure,4968.0,1288.0,6.3988,62.12
307.020,measure,4968.0,1280.0,6.3590,62.00
307.120,measure,4968.0,1272.0,6.3193,62.00
307.221,measure,4968.0,1304.0,6.4783,61.97
307.321,measure,4968.0,1256.0,6.2398,62.00
307.421,measure,4968.0,1288.0,6.3988,61.88
307.521,measure,4968.0,1288.0,6.3988,62.25
307.621,measure,4968.0,1264.0,6.2796,62.12
307.721,measure,4968.0,1304.0,6.4783,62.09
307.821,measure,4968.0,1256.0,6.2398,62.06
307.921,measure,4968.0,1288.0,6.3988,62.09
308.022,measure,4968.0,1288.0,6.3988,62.00
308.122,measure,4968.0,1264.0,6.2796,62.00
308.222,measure,4968.0,1304.0,6.4783,61.97
308.322,measure,4968.0,1256.0,6.2398,61.97
308.422,measure,4968.0,1288.0,6.3988,61.97
308.522,measure,4968.0,1288.0,6.3988,62.16
308.622,measure,4968.0,1272.0,6.3193,62.12
308.722,measure,4968.0,1304.0,6.4783,62.09
308.823,measure,4968.0,1264.0,6.2796,62.09
308.923,measure,4968.0,1288.0,6.3988,62.03
309.023,measure,4968.0,1296.0,6.4385,61.97
309.123,measure,4968.0,1272.0,6.3193,62.03
309.223,measure,4968.0,1304.0,6.4783,62.00
309.323,measure,4968.0,1264.0,6.2796,61.97
309.423,measure,4968.0,1296.0,6.4385,62.25
309.524,measure,4968.0,1296.0,6.4385,62.09
309.624,measure,4968.0,1264.0,6.2796,62.12
309.724,measure,4968.0,1304.0,6.4783,62.06
309.824,measure,4968.0,1256.0,6.2398,61.97
309.924,measure,4968.0,1288.0,6.3988,61.94
310.024,measure,4968.0,1296.0,6.4385,61.94
310.124,measure,4968.0,1264.0,6.2796,61.94
310.224,measure,4968.0,1304.0,6.4783,62.00
310.325,measure,4968.0,1264.0,6.2796,62.12
310.425,measure,4968.0,1288.0,6.3988,62.09
310.525,measure,4968.0,1296.0,6.4385,62.09
310.625,measure,4968.0,1264.0,6.2796,62.09
310.725,measure,4968.0,1304.0,6.4783,62.09
310.825,measure,4968.0,1264.0,6.2796,62.03
310.925,measure,4968.0,1288.0,6.3988,61.94
311.025,measure,4968.0,1288.0,6.3988,61.97
311.126,measure,4968.0,1264.0,6.2796,61.97
311.226,measure,4968.0,1304.0,6.4783,62.16
311.326,measure,4968.0,1264.0,6.2796,62.09
311.426,measure,4968.0,1288.0,6.3988,62.12
311.526,measure,4968.0,1296.0,6.4385,62.03
311.626,measure,4968.0,1264.0,6.2796,62.03
311.726,measure,4968.0,1304.0,6.4783,62.03
311.827,measure,4968.0,1264.0,6.2796,61.97
311.927,measure,4968.0,1288.0,6.3988,61.94
312.027,measure,4968.0,1288.0,6.3988,61.97
312.127,measure,4968.0,1264.0,6.2796,62.16
312.227,measure,4968.0,1304.0,6.4783,62.12
312.327,measure,4968.0,1264.0,6.2796,62.09
312.428,measure,4968.0,1288.0,6.3988,62.06
312.528,measure,4968.0,1296.0,6.4385,62.00
312.628,measure,4968.0,1264.0,6.2796,62.06
312.728,measure,4968.0,1304.0,6.4783,61.91
312.828,measure,4968.0,1264.0,6.2796,62.03
312.928,measure,4968.0,1280.0,6.3590,61.94
313.028,measure,4968.0,1304.0,6.4783,61.88
313.128,measure,4968.0,1256.0,6.2398,62.09
313.229,measure,4968.0,1296.0,6.4385,62.09
313.329,measure,4968.0,1264.0,6.2796,62.16
313.429,measure,4968.0,1288.0,6.3988,62.06
313.529,measure,4968.0,1288.0,6.3988,62.03
313.629,measure,4968.0,1264.0,6.2796,62.00
313.729,measure,4968.0,1304.0,6.4783,61.97
313.829,measure,4968.0,1264.0,6.2796,61.91
313.930,measure,4968.0,1280.0,6.3590,62.12
314.030,measure,4968.0,1304.0,6.4783,62.16
314.130,measure,4968.0,1264.0,6.2796,61.97
314.230,measure,4968.0,1296.0,6.4385,62.03
314.330,measure,4968.0,1272.0,6.3193,62.00
314.430,measure,4968.0,1288.0,6.3988,61.97
314.530,measure,4968.0,1296.0,6.4385,62.03
314.630,measure,4968.0,1264.0,6.2796,61.97
314.731,measure,4968.0,1304.0,6.4783,61.97
314.831,measure,4968.0,1280.0,6.3590,62.16
314.931,measure,4968.0,1288.0,6.3988,62.09
315.031,measure,4968.0,1296.0,6.4385,62.06
315.131,measure,4968.0,1264.0,6.2796,62.12
315.231,measure,4968.0,1304.0,6.4783,62.03
315.331,measure,4968.0,1272.0,6.3193,61.97
315.432,measure,4968.0,1288.0,6.3988,61.94
315.532,measure,4968.0,1296.0,6.4385,61.91
315.632,measure,4968.0,1264.0,6.2796,61.94
315.732,measure,4968.0,1304.0,6.4783,62.16
315.832,measure,4968.0,1272.0,6.3193,62.22
315.932,measure,4968.0,1288.0,6.3988,62.12
316.032,measure,4968.0,1296.0,6.4385,62.03
316.132,measure,4968.0,1264.0,6.2796,61.97
316.233,measure,4968.0,1304.0,6.4783,61.97
316.333,measure,4968.0,1272.0,6.3193,61.97
316.433,measure,4968.0,1280.0,6.3590,62.09
316.533,measure,4968.0,1312.0,6.5180,62.03
316.633,measure,4968.0,1256.0,6.2398,62.16
316.733,measure,4968.0,1304.0,6.4783,62.12
316.833,measure,4968.0,1272.0,6.3193,62.12
316.934,measure,4968.0,1280.0,6.3590,62.16
317.034,measure,4968.0,1296.0,6.4385,62.03
317.134,measure,4968.0,1264.0,6.2796,61.94
317.234,measure,4968.0,1304.0,6.4783,61.97
317.334,measure,4968.0,1280.0,6.3590,61.97
317.434,measure,4968.0,1288.0,6.3988,62.03
317.534,measure,4968.0,1296.0,6.4385,62.16
317.634,measure,4968.0,1264.0,6.2796,62.22
317.735,measure,4968.0,1304.0,6.4783,62.09
317.835,measure,4968.0,1280.0,6.3590,62.06
317.935,measure,4968.0,1280.0,6.3590,62.06
318.035,measure,4968.0,1312.0,6.5180,62.03
318.135,measure,4968.0,1256.0,6.2398,62.03
318.235,measure,4968.0,1296.0,6.4385,62.03
318.335,measure,4968.0,1280.0,6.3590,61.97
318.435,measure,4968.0,1288.0,6.3988,62.25
318.536,measure,4968.0,1304.0,6.4783,62.19
318.636,measure,4968.0,1264.0,6.2796,62.12
318.736,measure,4968.0,1304.0,6.4783,62.00
318.836,measure,4968.0,1280.0,6.3590,62.03
318.936,measure,4968.0,1288.0,6.3988,62.00
319.036,measure,4968.0,1312.0,6.5180,61.97
319.136,measure,4968.0,1264.0,6.2796,61.97
319.237,measure,4968.0,1296.0,6.4385,61.97
319.337,measure,4968.0,1280.0,6.3590,61.94
319.437,measure,4968.0,1280.0,6.3590,62.16
319.537,measure,4968.0,1312.0,6.5180,62.06
319.637,measure,4968.0,1256.0,6.2398,62.06
319.737,measure,4968.0,1296.0,6.4385,62.06
319.837,measure,4968.0,1280.0,6.3590,62.09
319.937,measure,4968.0,1280.0,6.3590,62.03
320.038,measure,4968.0,1304.0,6.4783,62.06
320.138,measure,4968.0,1256.0,6.2398,61.91
320.238,measure,4968.0,1304.0,6.4783,62.00
320.338,measure,4968.0,1280.0,6.3590,62.16
320.438,measure,4968.0,1280.0,6.3590,62.19
320.538,measure,4968.0,1296.0,6.4385,62.03
320.638,measure,4968.0,1264.0,6.2796,62.00
320.738,measure,4968.0,1304.0,6.4783,61.97
320.839,measure,4968.0,1280.0,6.3590,61.94
320.939,measure,4968.0,1280.0,6.3590,62.00
321.039,measure,4968.0,1304.0,6.4783,61.91
321.139,measure,4968.0,1256.0,6.2398,61.94
321.239,measure,4968.0,1296.0,6.4385,62.16
321.339,measure,4968.0,1288.0,6.3988,62.09
321.439,measure,4968.0,1280.0,6.3590,62.06
321.540,measure,4968.0,1296.0,6.4385,62.06
321.640,measure,4968.0,1256.0,6.2398,62.00
321.740,measure,4968.0,1296.0,6.4385,62.00
321.840,measure,4968.0,1280.0,6.3590,62.03
321.940,measure,4968.0,1280.0,6.3590,61.94
322.040,measure,4968.0,1304.0,6.4783,61.94
322.140,measure,4968.0,1256.0,6.2398,62.16
322.240,measure,4968.0,1304.0,6.4783,62.09
322.341,measure,4968.0,1280.0,6.3590,62.09
322.441,measure,4968.0,1280.0,6.3590,62.06
322.541,measure,4968.0,1320.0,6.5578,62.06
322.641,measure,4968.0,1256.0,6.2398,62.03
322.741,measure,4968.0,1296.0,6.4385,61.97
322.841,measure,4968.0,1296.0,6.4385,61.97
322.941,measure,4968.0,1280.0,6.3590,61.94
323.042,measure,4968.0,1304.0,6.4783,61.97
323.142,measure,4968.0,1256.0,6.2398,62.06
323.242,measure,4968.0,1296.0,6.4385,62.09
323.342,measure,4968.0,1280.0,6.3590,62.00
323.442,measure,4968.0,1280.0,6.3590,62.03
323.542,measure,4968.0,1312.0,6.5180,62.00
323.642,measure,4968.0,1256.0,6.2398,61.94
323.743,measure,4968.0,1296.0,6.4385,62.00
323.843,measure,4968.0,1280.0,6.3590,61.94
323.943,measure,4968.0,1280.0,6.3590,61.94
324.043,measure,4968.0,1304.0,6.4783,62.19
324.143,measure,4968.0,1264.0,6.2796,62.09
324.243,measure,4968.0,1296.0,6.4385,62.03
324.343,measure,4968.0,1288.0,6.3988,62.03
324.443,measure,4968.0,1280.0,6.3590,62.00
324.544,measure,4968.0,1312.0,6.5180,62.00
324.644,measure,4968.0,1256.0,6.2398,61.94
324.744,measure,4968.0,1296.0,6.4385,61.88
324.844,measure,4968.0,1280.0,6.3590,61.97
324.944,measure,4968.0,1280.0,6.3590,62.12
325.044,measure,4968.0,1304.0,6.4783,62.16
325.145,measure,4968.0,1256.0,6.2398,62.00
325.245,measure,4968.0,1296.0,6.4385,62.06
325.345,measure,4968.0,1280.0,6.3590,61.94
325.445,measure,4968.0,1272.0,6.3193,61.97
325.545,measure,4968.0,1296.0,6.4385,61.97
325.645,measure,4968.0,1248.0,6.2001,61.94
325.745,measure,4968.0,1296.0,6.4385,61.94
325.846,measure,4968.0,1288.0,6.3988,62.12
325.946,measure,4968.0,1280.0,6.3590,62.03
326.046,measure,4968.0,1304.0,6.4783,62.06
326.146,measure,4968.0,1256.0,6.2398,62.06
326.246,measure,4968.0,1296.0,6.4385,62.03
326.346,measure,4968.0,1288.0,6.3988,62.00
326.446,measure,4968.0,1280.0,6.3590,62.00
326.546,measure,4968.0,1312.0,6.5180,61.91
326.647,measure,4968.0,1256.0,6.2398,62.03
326.747,measure,4968.0,1296.0,6.4385,62.06
326.847,measure,4968.0,1296.0,6.4385,62.12
326.947,measure,4968.0,1280.0,6.3590,62.06
327.047,measure,4968.0,1312.0,6.5180,62.00
327.147,measure,4968.0,1256.0,6.2398,62.03
327.247,measure,4968.0,1296.0,6.4385,62.00
327.347,measure,4968.0,1280.0,6.3590,61.97
327.448,measure,4968.0,1272.0,6.3193,61.94
327.548,measure,4968.0,1304.0,6.4783,62.16
327.648,measure,4968.0,1248.0,6.2001,62.12
327.748,measure,4968.0,1288.0,6.3988,62.22
327.848,measure,4968.0,1288.0,6.3988,62.06
327.948,measure,4968.0,1280.0,6.3590,62.09
328.048,measure,4968.0,1312.0,6.5180,61.94
328.149,measure,4968.0,1256.0,6.2398,62.03
328.249,measure,4968.0,1296.0,6.4385,61.94
328.349,measure,4968.0,1288.0,6.3988,61.97
328.449,measure,4968.0,1272.0,6.3193,62.12
328.549,measure,4968.0,1304.0,6.4783,62.19
328.649,measure,4968.0,1256.0,6.2398,62.16
328.749,measure,4968.0,1296.0,6.4385,62.09
328.849,measure,4968.0,1280.0,6.3590,62.03
328.950,measure,4968.0,1280.0,6.3590,62.03
329.050,measure,4968.0,1312.0,6.5180,61.97
329.150,measure,4968.0,1256.0,6.2398,61.94
329.250,measure,4968.0,1296.0,6.4385,61.97
329.350,measure,4968.0,1288.0,6.3988,62.16
329.450,measure,4968.0,1280.0,6.3590,62.19
329.551,measure,4968.0,1312.0,6.5180,62.16
329.651,measure,4968.0,1256.0,6.2398,62.06
329.751,measure,4968.0,1296.0,6.4385,62.03
329.851,measure,4968.0,1288.0,6.3988,62.09
329.951,measure,4968.0,1280.0,6.3590,62.06
330.051,measure,4968.0,1312.0,6.5180,61.94
330.151,measure,4968.0,1264.0,6.2796,61.97
330.251,measure,4968.0,1296.0,6.4385,62.22
330.352,measure,4968.0,1288.0,6.3988,62.19
330.452,measure,4968.0,1272.0,6.3193,62.12
330.552,measure,4968.0,1312.0,6.5180,62.09
330.652,measure,4968.0,1256.0,6.2398,62.09
330.752,measure,4968.0,1296.0,6.4385,61.97
330.852,measure,4968.0,1296.0,6.4385,61.91
330.953,measure,4968.0,1272.0,6.3193,62.03
331.053,measure,4968.0,1304.0,6.4783,61.94
331.153,measure,4968.0,1256.0,6.2398,61.91
331.253,measure,4968.0,1296.0,6.4385,62.16
331.353,measure,4968.0,1288.0,6.3988,62.12
331.453,measure,4968.0,1272.0,6.3193,62.12
331.553,measure,4968.0,1304.0,6.4783,62.03
331.653,measure,4968.0,1248.0,6.2001,62.00
331.754,measure,4968.0,1288.0,6.3988,62.00
331.854,measure,4968.0,1288.0,6.3988,61.97
331.954,measure,4968.0,1272.0,6.3193,61.94
332.054,measure,4968.0,1304.0,6.4783,61.91
332.154,measure,4968.0,1256.0,6.2398,62.25
332.254,measure,4968.0,1296.0,6.4385,62.19
332.354,measure,4968.0,1296.0,6.4385,62.06
332.454,measure,4968.0,1272.0,6.3193,62.03
332.555,measure,4968.0,1304.0,6.4783,62.03
332.655,measure,4968.0,1256.0,6.2398,62.00
332.755,measure,4968.0,1288.0,6.3988,61.97
332.855,measure,4968.0,1288.0,6.3988,62.00
332.955,measure,4968.0,1272.0,6.3193,61.97
333.055,measure,4968.0,1304.0,6.4783,61.91
333.155,measure,4968.0,1256.0,6.2398,62.09
333.255,measure,4968.0,1288.0,6.3988,62.06
333.356,measure,4968.0,1288.0,6.3988,62.12
333.456,measure,4968.0,1272.0,6.3193,62.00
333.556,measure,4968.0,1304.0,6.4783,62.03
333.656,measure,4968.0,1264.0,6.2796,61.97
333.756,measure,4968.0,1296.0,6.4385,61.97
333.856,measure,4968.0,1288.0,6.3988,61.91
333.956,measure,4968.0,1272.0,6.3193,61.94
334.056,measure,4968.0,1312.0,6.5180,62.19
334.157,measure,4968.0,1272.0,6.3193,62.09
334.257,measure,4968.0,1288.0,6.3988,62.09
334.357,measure,4968.0,1288.0,6.3988,62.00
334.457,measure,4968.0,1272.0,6.3193,62.00
334.557,measure,4968.0,1304.0,6.4783,62.00
334.657,measure,4968.0,1264.0,6.2796,61.91
334.757,measure,4968.0,1288.0,6.3988,62.00
334.858,measure,4968.0,1296.0,6.4385,61.91
334.958,measure,4968.0,1264.0,6.2796,62.22
335.058,measure,4968.0,1304.0,6.4783,62.03
335.158,measure,4968.0,1264.0,6.2796,62.12
335.258,measure,4968.0,1288.0,6.3988,62.00
335.358,measure,4968.0,1296.0,6.4385,62.03
335.458,measure,4968.0,1272.0,6.3193,61.97
335.558,measure,4968.0,1304.0,6.4783,62.00
335.659,measure,4968.0,1264.0,6.2796,61.94
335.759,measure,4968.0,1288.0,6.3988,61.91
335.859,measure,4968.0,1288.0,6.3988,62.06
335.959,measure,4968.0,1264.0,6.2796,62.09
336.059,measure,4968.0,1304.0,6.4783,62.06
336.159,measure,4968.0,1264.0,6.2796,62.03
336.259,measure,4968.0,1280.0,6.3590,61.97
336.359,measure,4968.0,1288.0,6.3988,61.94
336.460,measure,4968.0,1264.0,6.2796,61.97
336.560,measure,4968.0,1304.0,6.4783,62.00
336.660,measure,4968.0,1264.0,6.2796,61.94
336.760,measure,4968.0,1288.0,6.3988,62.12
336.860,measure,4968.0,1288.0,6.3988,62.09
336.960,measure,4968.0,1264.0,6.2796,62.00
337.060,measure,4968.0,1304.0,6.4783,62.03
337.160,measure,4968.0,1264.0,6.2796,62.00
337.261,measure,4968.0,1288.0,6.3988,62.06
337.361,measure,4968.0,1296.0,6.4385,62.03
337.461,measure,4968.0,1264.0,6.2796,61.91
337.561,measure,4968.0,1296.0,6.4385,61.94
337.661,measure,4968.0,1264.0,6.2796,62.03
337.761,measure,4968.0,1280.0,6.3590,62.06
337.861,measure,4968.0,1304.0,6.4783,62.03
337.961,measure,4968.0,1256.0,6.2398,62.00
338.062,measure,4968.0,1296.0,6.4385,62.06
338.162,measure,4968.0,1264.0,6.2796,62.03
338.262,measure,4968.0,1288.0,6.3988,62.00
338.362,measure,4968.0,1288.0,6.3988,61.94
338.462,measure,4968.0,1264.0,6.2796,61.97
338.562,measure,4968.0,1304.0,6.4783,62.03
338.662,measure,4968.0,1264.0,6.2796,62.06
338.762,measure,4968.0,1288.0,6.3988,62.09
338.863,measure,4968.0,1296.0,6.4385,62.03
338.963,measure,4968.0,1264.0,6.2796,62.03
339.063,measure,4968.0,1296.0,6.4385,61.97
339.163,measure,4968.0,1272.0,6.3193,61.94
339.263,measure,4968.0,1288.0,6.3988,61.94
339.363,measure,4968.0,1296.0,6.4385,61.91
339.463,measure,4968.0,1264.0,6.2796,62.16
339.564,measure,4968.0,1296.0,6.4385,62.12
339.664,measure,4968.0,1264.0,6.2796,62.06
339.764,measure,4968.0,1280.0,6.3590,62.03
339.864,measure,4968.0,1288.0,6.3988,62.06
339.964,measure,4968.0,1264.0,6.2796,61.94
340.064,measure,4968.0,1304.0,6.4783,62.00
340.164,measure,4968.0,1272.0,6.3193,62.00
340.264,measure,4968.0,1288.0,6.3988,61.94
340.365,measure,4968.0,1296.0,6.4385,62.12
340.465,measure,4968.0,1264.0,6.2796,62.16
340.565,measure,4968.0,1304.0,6.4783,62.06
340.665,measure,4968.0,1280.0,6.3590,62.00
340.765,measure,4968.0,1288.0,6.3988,62.00
340.865,measure,4968.0,1296.0,6.4385,61.97
340.965,measure,4968.0,1264.0,6.2796,62.03
341.065,measure,4968.0,1304.0,6.4783,61.94
341.166,measure,4968.0,1280.0,6.3590,61.88
341.266,measure,4968.0,1280.0,6.3590,62.22
341.366,measure,4968.0,1304.0,6.4783,62.12
341.466,measure,4968.0,1256.0,6.2398,62.00
341.566,measure,4968.0,1304.0,6.4783,62.09
341.666,measure,4968.0,1264.0,6.2796,62.06
341.766,measure,4968.0,1280.0,6.3590,61.94
341.867,measure,4968.0,1296.0,6.4385,61.88
341.967,measure,4968.0,1256.0,6.2398,61.94
342.067,measure,4968.0,1304.0,6.4783,62.19
342.167,measure,4968.0,1272.0,6.3193,62.16
342.267,measure,4968.0,1280.0,6.3590,62.12
342.367,measure,4968.0,1296.0,6.4385,62.09
342.467,measure,4968.0,1264.0,6.2796,62.06
342.567,measure,4968.0,1304.0,6.4783,62.00
342.668,measure,4968.0,1272.0,6.3193,61.94
342.768,measure,4968.0,1280.0,6.3590,61.97
342.868,measure,4968.0,1296.0,6.4385,61.94
342.968,measure,4968.0,1264.0,6.2796,62.00
343.068,measure,4968.0,1304.0,6.4783,62.19
343.168,measure,4968.0,1280.0,6.3590,62.19
343.268,measure,4968.0,1280.0,6.3590,62.00
343.368,measure,4968.0,1304.0,6.4783,61.97
343.469,measure,4968.0,1256.0,6.2398,62.09
343.569,measure,4968.0,1296.0,6.4385,61.94
343.669,measure,4968.0,1280.0,6.3590,61.94
343.769,measure,4968.0,1280.0,6.3590,61.94
343.869,measure,4968.0,1296.0,6.4385,61.97
343.969,measure,4968.0,1264.0,6.2796,62.16
344.069,measure,4968.0,1304.0,6.4783,62.22
344.169,measure,4968.0,1288.0,6.3988,62.03
344.270,measure,4968.0,1280.0,6.3590,62.03
344.370,measure,4968.0,1296.0,6.4385,62.03
344.470,measure,4968.0,1256.0,6.2398,62.03
344.570,measure,4968.0,1296.0,6.4385,61.94
344.670,measure,4968.0,1280.0,6.3590,61.94
344.770,measure,4968.0,1280.0,6.3590,61.97
344.870,measure,4968.0,1304.0,6.4783,61.97
344.970,measure,4968.0,1256.0,6.2398,62.22
345.071,measure,4968.0,1304.0,6.4783,62.12
345.171,measure,4968.0,1280.0,6.3590,62.03
345.271,measure,4968.0,1280.0,6.3590,62.03
345.371,measure,4968.0,1320.0,6.5578,62.03
345.471,measure,4968.0,1256.0,6.2398,62.03
345.571,measure,4968.0,1296.0,6.4385,62.00
345.671,measure,4968.0,1280.0,6.3590,61.88
345.771,measure,4968.0,1288.0,6.3988,61.84
345.872,measure,4968.0,1304.0,6.4783,62.12
345.972,measure,4968.0,1264.0,6.2796,62.03
346.072,measure,4968.0,1304.0,6.4783,62.09
346.172,measure,4968.0,1280.0,6.3590,62.03
346.272,measure,4968.0,1288.0,6.3988,62.00
346.372,measure,4968.0,1304.0,6.4783,61.97
346.472,measure,4968.0,1264.0,6.2796,61.97
346.573,measure,4968.0,1304.0,6.4783,61.91
346.673,measure,4968.0,1280.0,6.3590,61.97
346.773,measure,4968.0,1280.0,6.3590,62.31
346.873,measure,4968.0,1304.0,6.4783,62.09
346.973,measure,4968.0,1256.0,6.2398,62.03
347.073,measure,4968.0,1304.0,6.4783,62.09
347.173,measure,4968.0,1280.0,6.3590,61.91
347.274,measure,4968.0,1288.0,6.3988,61.94
347.374,measure,4968.0,1312.0,6.5180,61.97
347.474,measure,4968.0,1264.0,6.2796,61.91
347.574,measure,4968.0,1296.0,6.4385,61.91
347.674,measure,4968.0,1280.0,6.3590,62.09
347.774,measure,4968.0,1280.0,6.3590,62.12
347.874,measure,4968.0,1312.0,6.5180,62.06
347.975,measure,4968.0,1248.0,6.2001,62.06
348.075,measure,4968.0,1288.0,6.3988,62.00
348.175,measure,4968.0,1280.0,6.3590,61.94
348.275,measure,4968.0,1280.0,6.3590,61.97
348.375,measure,4968.0,1312.0,6.5180,61.91
348.475,measure,4968.0,1256.0,6.2398,62.03
348.575,measure,4968.0,1296.0,6.4385,62.09
348.675,measure,4968.0,1280.0,6.3590,62.06
348.776,measure,4968.0,1280.0,6.3590,62.12
348.876,measure,4968.0,1312.0,6.5180,62.09
348.976,measure,4968.0,1256.0,6.2398,62.03
349.076,measure,4968.0,1296.0,6.4385,62.03
349.176,measure,4968.0,1280.0,6.3590,62.00
349.276,measure,4968.0,1280.0,6.3590,61.94
349.377,measure,4968.0,1304.0,6.4783,62.00
349.477,measure,4968.0,1256.0,6.2398,62.09
349.577,measure,4968.0,1296.0,6.4385,62.09
349.677,measure,4968.0,1288.0,6.3988,62.06
349.777,measure,4968.0,1280.0,6.3590,62.03
349.877,measure,4968.0,1304.0,6.4783,62.03
349.977,measure,4968.0,1256.0,6.2398,61.91
350.078,measure,4968.0,1296.0,6.4385,61.91
350.178,measure,4968.0,1288.0,6.3988,61.94
350.278,measure,4968.0,1280.0,6.3590,62.03
350.378,measure,4968.0,1312.0,6.5180,62.16
350.478,measure,4968.0,1256.0,6.2398,62.12
350.578,measure,4968.0,1296.0,6.4385,62.09
350.678,measure,4968.0,1288.0,6.3988,62.03
350.778,measure,4968.0,1272.0,6.3193,62.09
350.879,measure,4968.0,1312.0,6.5180,62.03
350.979,measure,4968.0,1248.0,6.2001,61.97
351.079,measure,4968.0,1296.0,6.4385,62.00
351.179,measure,4968.0,1280.0,6.3590,61.94
351.279,measure,4968.0,1280.0,6.3590,61.91
351.379,measure,4968.0,1312.0,6.5180,62.12
351.479,measure,4968.0,1256.0,6.2398,62.16
351.580,measure,4968.0,1296.0,6.4385,62.00
351.680,measure,4968.0,1288.0,6.3988,62.09
351.780,measure,4968.0,1280.0,6.3590,62.03
351.880,measure,4968.0,1304.0,6.4783,62.00
351.980,measure,4968.0,1256.0,6.2398,62.00
352.080,measure,4968.0,1296.0,6.4385,61.91
352.180,measure,4968.0,1280.0,6.3590,62.22
352.280,measure,4968.0,1272.0,6.3193,62.16
352.381,measure,4968.0,1312.0,6.5180,62.16
352.481,measure,4968.0,1256.0,6.2398,62.03
352.581,measure,4968.0,1296.0,6.4385,62.03
352.681,measure,4968.0,1288.0,6.3988,62.03
352.781,measure,4968.0,1272.0,6.3193,62.00
352.882,measure,4968.0,1304.0,6.4783,62.00
352.982,measure,4968.0,1256.0,6.2398,61.91
353.082,measure,4968.0,1296.0,6.4385,61.97
353.182,measure,4968.0,1288.0,6.3988,62.16
353.282,measure,4968.0,1280.0,6.3590,62.03
353.382,measure,4968.0,1312.0,6.5180,62.06
353.482,measure,4968.0,1256.0,6.2398,62.00
353.582,measure,4968.0,1296.0,6.4385,62.03
353.683,measure,4968.0,1288.0,6.3988,61.97
353.783,measure,4968.0,1280.0,6.3590,61.94
353.883,measure,4968.0,1312.0,6.5180,61.94
353.983,measure,4968.0,1248.0,6.2001,62.16
354.083,measure,4968.0,1296.0,6.4385,62.19
354.183,measure,4968.0,1288.0,6.3988,62.12
354.283,measure,4968.0,1272.0,6.3193,62.09
354.383,measure,4968.0,1312.0,6.5180,62.09
354.484,measure,4968.0,1248.0,6.2001,62.09
354.584,measure,4968.0,1288.0,6.3988,62.00
354.684,measure,4968.0,1288.0,6.3988,61.91
354.784,measure,4968.0,1280.0,6.3590,61.94
354.884,measure,4968.0,1312.0,6.5180,62.19
354.984,measure,4968.0,1256.0,6.2398,62.22
355.084,measure,4968.0,1296.0,6.4385,62.16
355.185,measure,4968.0,1288.0,6.3988,62.09
355.285,measure,4968.0,1272.0,6.3193,62.06
355.385,measure,4968.0,1304.0,6.4783,62.09
355.485,measure,4968.0,1256.0,6.2398,61.91
355.585,measure,4968.0,1296.0,6.4385,62.00
355.685,measure,4968.0,1288.0,6.3988,62.00
355.786,measure,4968.0,1280.0,6.3590,62.22
355.886,measure,4968.0,1312.0,6.5180,62.12
355.986,measure,4968.0,1256.0,6.2398,62.09
356.086,measure,4968.0,1296.0,6.4385,62.06
356.186,measure,4968.0,1296.0,6.4385,62.06
356.286,measure,4968.0,1272.0,6.3193,61.97
356.386,measure,4968.0,1304.0,6.4783,62.00
356.487,measure,4968.0,1256.0,6.2398,61.94
356.587,measure,4968.0,1296.0,6.4385,61.97
356.687,measure,4968.0,1288.0,6.3988,62.03
356.787,measure,4968.0,1272.0,6.3193,62.22
356.887,measure,4968.0,1304.0,6.4783,62.22
356.987,measure,4968.0,1248.0,6.2001,62.09
357.087,measure,4968.0,1288.0,6.3988,62.12
357.187,measure,4968.0,1288.0,6.3988,61.97
357.288,measure,4968.0,1272.0,6.3193,62.00
357.388,measure,4968.0,1312.0,6.5180,61.91
357.488,measure,4968.0,1264.0,6.2796,61.91
357.588,measure,4968.0,1296.0,6.4385,61.88
357.688,measure,4968.0,1288.0,6.3988,62.19
357.788,measure,4968.0,1272.0,6.3193,62.16
357.888,measure,4968.0,1304.0,6.4783,62.12
357.988,measure,4968.0,1256.0,6.2398,62.09
358.089,measure,4968.0,1288.0,6.3988,62.06
358.189,measure,4968.0,1288.0,6.3988,62.00
358.289,measure,4968.0,1264.0,6.2796,61.94
358.389,measure,4968.0,1304.0,6.4783,62.03
358.489,measure,4968.0,1248.0,6.2001,62.00
358.589,measure,4968.0,1288.0,6.3988,61.91
358.689,measure,4968.0,1288.0,6.3988,62.00
358.789,measure,4968.0,1272.0,6.3193,62.06
358.890,measure,4968.0,1304.0,6.4783,62.06
358.990,measure,4968.0,1264.0,6.2796,61.97
359.090,measure,4968.0,1296.0,6.4385,61.94
359.190,measure,4968.0,1296.0,6.4385,62.00
359.290,measure,4968.0,1272.0,6.3193,62.03
359.390,measure,4968.0,1304.0,6.4783,61.88
359.490,measure,4968.0,1264.0,6.2796,61.97
359.590,measure,4968.0,1288.0,6.3988,62.22
359.691,measure,4968.0,1296.0,6.4385,62.03
359.791,measure,4968.0,1264.0,6.2796,62.06
359.891,measure,4968.0,1304.0,6.4783,62.00
359.991,measure,4968.0,1264.0,6.2796,62.09
360.091,measure,4968.0,1288.0,6.3988,61.97
360.191,measure,4968.0,1296.0,6.4385,62.00
360.291,measure,4968.0,1264.0,6.2796,61.94
