t_rel_s,phase,mv,ma,watt,temp_max_c
0.000,warmup,4968.0,1256.0,6.2398,60.00
0.100,warmup,4976.0,1200.0,5.9712,59.97
0.200,warmup,4976.0,1136.0,5.6527,60.06
0.301,warmup,4984.0,1080.0,5.3827,60.06
0.401,warmup,4976.0,1136.0,5.6527,60.16
0.501,warmup,4976.0,1176.0,5.8518,60.16
0.601,warmup,4976.0,1216.0,6.0508,60.12
0.701,warmup,4976.0,1248.0,6.2100,60.09
0.801,warmup,4968.0,1256.0,6.2398,60.00
0.901,warmup,4968.0,1280.0,6.3590,60.06
1.002,warmup,4968.0,1296.0,6.4385,60.06
1.102,warmup,4968.0,1304.0,6.4783,59.97
1.202,warmup,4968.0,1312.0,6.5180,60.03
1.302,warmup,4968.0,1320.0,6.5578,60.22
1.402,warmup,4968.0,1328.0,6.5975,60.28
1.503,warmup,4968.0,1328.0,6.5975,60.22
1.603,warmup,4968.0,1336.0,6.6372,60.12
1.703,warmup,4968.0,1336.0,6.6372,60.16
1.803,warmup,4968.0,1336.0,6.6372,60.06
1.903,warmup,4968.0,1336.0,6.6372,60.16
2.003,warmup,4968.0,1344.0,6.6770,60.03
2.103,warmup,4968.0,1352.0,6.7167,60.03
2.204,warmup,4968.0,1352.0,6.7167,60.25
2.304,warmup,4968.0,1352.0,6.7167,60.25
2.404,warmup,4968.0,1344.0,6.6770,60.22
2.504,warmup,4968.0,1352.0,6.7167,60.12
2.604,warmup,4968.0,1344.0,6.6770,60.19
2.704,warmup,4968.0,1336.0,6.6372,60.00
2.804,warmup,4968.0,1344.0,6.6770,60.09
2.904,warmup,4968.0,1352.0,6.7167,59.97
3.005,warmup,4968.0,1344.0,6.6770,60.06
3.105,warmup,4968.0,1344.0,6.6770,60.03
3.205,warmup,4968.0,1352.0,6.7167,60.28
3.305,warmup,4968.0,1344.0,6.6770,60.19
3.405,warmup,4968.0,1336.0,6.6372,60.19
3.505,warmup,4968.0,1344.0,6.6770,60.19
3.605,warmup,4968.0,1352.0,6.7167,60.16
3.706,warmup,4968.0,1352.0,6.7167,60.12
3.806,warmup,4968.0,1352.0,6.7167,60.12
3.906,warmup,4968.0,1344.0,6.6770,60.16
4.006,warmup,4968.0,1352.0,6.7167,60.03
4.106,warmup,4968.0,1360.0,6.7565,60.38
4.206,warmup,4968.0,1352.0,6.7167,60.22
4.306,warmup,4968.0,1344.0,6.6770,60.25
4.407,warmup,4968.0,1352.0,6.7167,60.16
4.507,warmup,4968.0,1360.0,6.7565,60.19
4.607,warmup,4968.0,1360.0,6.7565,60.12
4.707,warmup,4968.0,1352.0,6.7167,60.12
4.807,warmup,4968.0,1352.0,6.7167,60.12
4.907,warmup,4968.0,1352.0,6.7167,60.06
5.007,warmup,4968.0,1352.0,6.7167,60.06
5.108,warmup,4968.0,1344.0,6.6770,60.31
5.208,warmup,4968.0,1352.0,6.7167,60.25
5.308,warmup,4968.0,1352.0,6.7167,60.19
5.408,warmup,4968.0,1344.0,6.6770,60.16
5.508,warmup,4968.0,1344.0,6.6770,60.12
5.608,warmup,4968.0,1352.0,6.7167,60.03
5.709,warmup,4968.0,1344.0,6.6770,60.06
5.809,warmup,4968.0,1344.0,6.6770,60.16
5.909,warmup,4968.0,1344.0,6.6770,60.16
6.009,warmup,4968.0,1344.0,6.6770,60.28
6.109,warmup,4968.0,1336.0,6.6372,60.25
6.209,warmup,4968.0,1344.0,6.6770,60.25
6.309,warmup,4968.0,1352.0,6.7167,60.19
6.409,warmup,4968.0,1344.0,6.6770,60.19
6.510,warmup,4968.0,1344.0,6.6770,60.25
6.610,warmup,4968.0,1344.0,6.6770,60.12
6.710,warmup,4968.0,1352.0,6.7167,60.09
6.810,warmup,4968.0,1352.0,6.7167,60.12
6.910,warmup,4968.0,1344.0,6.6770,60.31
7.010,warmup,4968.0,1352.0,6.7167,60.25
7.110,warmup,4968.0,1352.0,6.7167,60.31
7.211,warmup,4968.0,1344.0,6.6770,60.25
7.311,warmup,4968.0,1344.0,6.6770,60.22
7.411,warmup,4968.0,1352.0,6.7167,60.12
7.511,warmup,4968.0,1352.0,6.7167,60.12
7.611,warmup,4968.0,1352.0,6.7167,60.09
7.711,warmup,4968.0,1344.0,6.6770,60.16
7.811,warmup,4968.0,1352.0,6.7167,60.25
7.912,warmup,4968.0,1352.0,6.7167,60.31
8.012,warmup,4968.0,1344.0,6.6770,60.31
8.112,warmup,4968.0,1344.0,6.6770,60.25
8.212,warmup,4968.0,1352.0,6.7167,60.22
8.312,warmup,4968.0,1344.0,6.6770,60.12
8.412,warmup,4968.0,1336.0,6.6372,60.22
8.513,warmup,4968.0,1344.0,6.6770,60.12
8.613,warmup,4968.0,1344.0,6.6770,60.19
8.713,warmup,4968.0,1336.0,6.6372,60.34
8.813,warmup,4968.0,1344.0,6.6770,60.31
8.913,warmup,4968.0,1352.0,6.7167,60.34
9.013,warmup,4968.0,1344.0,6.6770,60.22
9.114,warmup,4968.0,1336.0,6.6372,60.28
9.214,warmup,4968.0,1344.0,6.6770,60.25
9.314,warmup,4968.0,1344.0,6.6770,60.28
9.414,warmup,4968.0,1336.0,6.6372,60.25
9.514,warmup,4968.0,1344.0,6.6770,60.16
9.614,warmup,4968.0,1352.0,6.7167,60.38
9.714,warmup,4968.0,1352.0,6.7167,60.34
9.814,warmup,4968.0,1352.0,6.7167,60.38
9.915,warmup,4968.0,1344.0,6.6770,60.31
10.015,warmup,4968.0,1352.0,6.7167,60.31
10.115,warmup,4968.0,1360.0,6.7565,60.16
10.215,warmup,4968.0,1360.0,6.7565,60.25
10.315,warmup,4968.0,1352.0,6.7167,60.28
10.415,warmup,4968.0,1352.0,6.7167,60.25
10.515,warmup,4968.0,1352.0,6.7167,60.22
10.616,warmup,4968.0,1352.0,6.7167,60.38
10.716,warmup,4968.0,1344.0,6.6770,60.38
10.816,warmup,4968.0,1344.0,6.6770,60.31
10.916,warmup,4968.0,1344.0,6.6770,60.31
11.016,warmup,4968.0,1336.0,6.6372,60.28
11.116,warmup,4968.0,1344.0,6.6770,60.34
11.216,warmup,4968.0,1344.0,6.6770,60.25
11.317,warmup,4968.0,1344.0,6.6770,60.22
11.417,warmup,4968.0,1336.0,6.6372,60.41
11.517,warmup,4968.0,1344.0,6.6770,60.38
11.617,warmup,4968.0,1344.0,6.6770,60.34
11.717,warmup,4968.0,1336.0,6.6372,60.41
11.817,warmup,4968.0,1344.0,6.6770,60.38
11.917,warmup,4968.0,1352.0,6.7167,60.31
12.018,warmup,4968.0,1352.0,6.7167,60.31
12.118,warmup,4968.0,1344.0,6.6770,60.31
12.218,warmup,4968.0,1352.0,6.7167,60.31
12.318,warmup,4968.0,1360.0,6.7565,60.28
12.418,warmup,4968.0,1360.0,6.7565,60.44
12.518,warmup,4968.0,1352.0,6.7167,60.38
12.618,warmup,4968.0,1352.0,6.7167,60.38
12.719,warmup,4968.0,1360.0,6.7565,60.31
12.819,warmup,4968.0,1352.0,6.7167,60.31
12.919,warmup,4968.0,1352.0,6.7167,60.28
13.019,warmup,4968.0,1352.0,6.7167,60.31
13.119,warmup,4968.0,1360.0,6.7565,60.28
13.219,warmup,4968.0,1352.0,6.7167,60.44
13.319,warmup,4968.0,1352.0,6.7167,60.41
13.420,warmup,4968.0,1352.0,6.7167,60.41
13.520,warmup,4968.0,1352.0,6.7167,60.38
13.620,warmup,4968.0,1344.0,6.6770,60.38
13.720,warmup,4968.0,1344.0,6.6770,60.34
13.820,warmup,4968.0,1352.0,6.7167,60.19
13.920,warmup,4968.0,1344.0,6.6770,60.34
14.020,warmup,4968.0,1344.0,6.6770,60.31
14.121,warmup,4968.0,1344.0,6.6770,60.31
14.221,warmup,4968.0,1344.0,6.6770,60.47
14.321,warmup,4968.0,1336.0,6.6372,60.44
14.421,warmup,4968.0,1344.0,6.6770,60.38
14.521,warmup,4968.0,1344.0,6.6770,60.38
14.621,warmup,4968.0,1336.0,6.6372,60.38
14.721,warmup,4968.0,1344.0,6.6770,60.34
14.822,warmup,4968.0,1344.0,6.6770,60.31
14.922,warmup,4968.0,1336.0,6.6372,60.34
15.022,warmup,4968.0,1344.0,6.6770,60.53
15.122,warmup,4968.0,1352.0,6.7167,60.50
15.222,warmup,4968.0,1352.0,6.7167,60.50
15.322,warmup,4968.0,1344.0,6.6770,60.41
15.422,warmup,4968.0,1344.0,6.6770,60.38
15.523,warmup,4968.0,1352.0,6.7167,60.41
15.623,warmup,4968.0,1360.0,6.7565,60.34
15.723,warmup,4968.0,1352.0,6.7167,60.38
15.823,warmup,4968.0,1352.0,6.7167,60.31
15.923,warmup,4968.0,1352.0,6.7167,60.56
16.023,warmup,4968.0,1360.0,6.7565,60.50
16.123,warmup,4968.0,1352.0,6.7167,60.53
16.224,warmup,4968.0,1344.0,6.6770,60.47
16.324,warmup,4968.0,1352.0,6.7167,60.47
16.424,warmup,4968.0,1352.0,6.7167,60.38
16.524,warmup,4968.0,1336.0,6.6372,60.38
16.624,warmup,4968.0,1344.0,6.6770,60.38
16.724,warmup,4968.0,1344.0,6.6770,60.34
16.824,warmup,4968.0,1344.0,6.6770,60.41
16.925,warmup,4968.0,1344.0,6.6770,60.59
17.025,warmup,4968.0,1352.0,6.7167,60.53
17.125,warmup,4968.0,1344.0,6.6770,60.38
17.225,warmup,4968.0,1336.0,6.6372,60.44
17.325,warmup,4968.0,1344.0,6.6770,60.38
17.425,warmup,4968.0,1344.0,6.6770,60.44
17.526,warmup,4968.0,1336.0,6.6372,60.34
17.626,warmup,4968.0,1344.0,6.6770,60.34
17.726,warmup,4968.0,1344.0,6.6770,60.38
17.826,warmup,4968.0,1336.0,6.6372,60.62
17.926,warmup,4968.0,1344.0,6.6770,60.56
18.026,warmup,4968.0,1344.0,6.6770,60.50
18.126,warmup,4968.0,1336.0,6.6372,60.47
18.227,warmup,4968.0,1344.0,6.6770,60.44
18.327,warmup,4968.0,1352.0,6.7167,60.47
18.427,warmup,4968.0,1344.0,6.6770,60.41
18.527,warmup,4968.0,1336.0,6.6372,60.44
18.627,warmup,4968.0,1344.0,6.6770,60.41
18.727,warmup,4968.0,1344.0,6.6770,60.66
18.827,warmup,4968.0,1336.0,6.6372,60.56
18.928,warmup,4968.0,1344.0,6.6770,60.44
19.028,warmup,4968.0,1344.0,6.6770,60.47
19.128,warmup,4968.0,1336.0,6.6372,60.41
19.228,warmup,4968.0,1336.0,6.6372,60.44
19.328,warmup,4968.0,1344.0,6.6770,60.41
19.428,warmup,4968.0,1344.0,6.6770,60.41
19.528,warmup,4968.0,1336.0,6.6372,60.41
19.628,warmup,4968.0,1344.0,6.6770,60.44
19.729,warmup,4968.0,1344.0,6.6770,60.59
19.829,warmup,4968.0,1336.0,6.6372,60.50
19.929,warmup,4968.0,1344.0,6.6770,60.53
20.029,warmup,4968.0,1344.0,6.6770,60.50
20.129,warmup,4968.0,1336.0,6.6372,60.47
20.229,warmup,4968.0,1344.0,6.6770,60.50
20.329,warmup,4968.0,1344.0,6.6770,60.41
20.430,warmup,4968.0,1352.0,6.7167,60.44
20.530,warmup,4968.0,1352.0,6.7167,60.44
20.630,warmup,4968.0,1344.0,6.6770,60.66
20.730,warmup,4968.0,1344.0,6.6770,60.56
20.830,warmup,4968.0,1352.0,6.7167,60.50
20.930,warmup,4968.0,1344.0,6.6770,60.47
21.030,warmup,4968.0,1344.0,6.6770,60.44
21.131,warmup,4968.0,1352.0,6.7167,60.41
21.231,warmup,4968.0,1344.0,6.6770,60.38
21.331,warmup,4968.0,1336.0,6.6372,60.44
21.431,warmup,4968.0,1344.0,6.6770,60.44
21.531,warmup,4968.0,1352.0,6.7167,60.44
21.631,warmup,4968.0,1352.0,6.7167,60.56
21.731,warmup,4968.0,1352.0,6.7167,60.53
21.832,warmup,4968.0,1344.0,6.6770,60.50
21.932,warmup,4968.0,1352.0,6.7167,60.47
22.032,warmup,4968.0,1360.0,6.7565,60.50
22.132,warmup,4968.0,1352.0,6.7167,60.44
22.232,warmup,4968.0,1344.0,6.6770,60.47
22.332,warmup,4968.0,1352.0,6.7167,60.41
22.432,warmup,4968.0,1352.0,6.7167,60.62
22.533,warmup,4968.0,1344.0,6.6770,60.53
22.633,warmup,4968.0,1344.0,6.6770,60.56
22.733,warmup,4968.0,1352.0,6.7167,60.53
22.833,warmup,4968.0,1344.0,6.6770,60.56
22.933,warmup,4968.0,1344.0,6.6770,60.53
23.033,warmup,4968.0,1344.0,6.6770,60.44
23.133,warmup,4968.0,1344.0,6.6770,60.44
23.234,warmup,4968.0,1336.0,6.6372,60.50
23.334,warmup,4968.0,1344.0,6.6770,60.69
23.434,warmup,4968.0,1352.0,6.7167,60.66
23.534,warmup,4968.0,1344.0,6.6770,60.62
23.634,warmup,4968.0,1344.0,6.6770,60.53
23.734,warmup,4968.0,1352.0,6.7167,60.56
23.834,warmup,4968.0,1352.0,6.7167,60.59
23.935,warmup,4968.0,1352.0,6.7167,60.50
24.035,warmup,4968.0,1344.0,6.6770,60.50
24.135,warmup,4968.0,1352.0,6.7167,60.50
24.235,warmup,4968.0,1360.0,6.7565,60.50
24.335,warmup,4968.0,1360.0,6.7565,60.62
24.435,warmup,4968.0,1360.0,6.7565,60.66
24.535,warmup,4968.0,1352.0,6.7167,60.59
24.636,warmup,4968.0,1360.0,6.7565,60.50
24.736,warmup,4968.0,1360.0,6.7565,60.53
24.836,warmup,4968.0,1360.0,6.7565,60.50
24.936,warmup,4968.0,1352.0,6.7167,60.53
25.036,warmup,4968.0,1352.0,6.7167,60.53
25.136,warmup,4968.0,1360.0,6.7565,60.56
25.236,warmup,4968.0,1360.0,6.7565,60.81
25.336,warmup,4968.0,1360.0,6.7565,60.59
25.437,warmup,4968.0,1352.0,6.7167,60.66
25.537,warmup,4968.0,1352.0,6.7167,60.56
25.637,warmup,4968.0,1352.0,6.7167,60.56
25.737,warmup,4968.0,1360.0,6.7565,60.56
25.837,warmup,4968.0,1352.0,6.7167,60.53
25.937,warmup,4968.0,1352.0,6.7167,60.53
26.037,warmup,4968.0,1352.0,6.7167,60.56
26.138,warmup,4968.0,1360.0,6.7565,60.66
26.238,warmup,4968.0,1360.0,6.7565,60.69
26.338,warmup,4968.0,1352.0,6.7167,60.59
26.438,warmup,4968.0,1352.0,6.7167,60.62
26.538,warmup,4968.0,1360.0,6.7565,60.59
26.638,warmup,4968.0,1360.0,6.7565,60.53
26.738,warmup,4968.0,1360.0,6.7565,60.53
26.838,warmup,4968.0,1360.0,6.7565,60.56
26.939,warmup,4968.0,1352.0,6.7167,60.56
27.039,warmup,4968.0,1360.0,6.7565,60.72
27.139,warmup,4968.0,1360.0,6.7565,60.75
27.239,warmup,4968.0,1360.0,6.7565,60.59
27.339,warmup,4968.0,1352.0,6.7167,60.66
27.439,warmup,4968.0,1352.0,6.7167,60.66
27.539,warmup,4968.0,1360.0,6.7565,60.59
27.640,warmup,4968.0,1352.0,6.7167,60.59
27.740,warmup,4968.0,1344.0,6.6770,60.50
27.840,warmup,4968.0,1352.0,6.7167,60.56
27.940,warmup,4968.0,1352.0,6.7167,60.78
28.040,warmup,4968.0,1344.0,6.6770,60.78
28.140,warmup,4968.0,1352.0,6.7167,60.72
28.240,warmup,4968.0,1352.0,6.7167,60.69
28.341,warmup,4968.0,1344.0,6.6770,60.66
28.441,warmup,4968.0,1344.0,6.6770,60.59
28.541,warmup,4968.0,1352.0,6.7167,60.56
28.641,warmup,4968.0,1352.0,6.7167,60.50
28.741,warmup,4968.0,1352.0,6.7167,60.59
28.841,warmup,4968.0,1344.0,6.6770,60.84
28.941,warmup,4968.0,1352.0,6.7167,60.72
29.042,warmup,4968.0,1352.0,6.7167,60.72
29.142,warmup,4968.0,1352.0,6.7167,60.66
29.242,warmup,4968.0,1352.0,6.7167,60.69
29.342,warmup,4968.0,1352.0,6.7167,60.69
29.442,warmup,4968.0,1360.0,6.7565,60.66
29.542,warmup,4968.0,1352.0,6.7167,60.62
29.642,warmup,4968.0,1352.0,6.7167,60.88
29.743,warmup,4968.0,1352.0,6.7167,60.88
29.843,warmup,4968.0,1360.0,6.7565,60.78
29.943,warmup,4968.0,1360.0,6.7565,60.75
30.043,warmup,4968.0,1360.0,6.7565,60.75
30.143,warmup,4968.0,1352.0,6.7167,60.66
30.244,warmup,4968.0,1360.0,6.7565,60.69
30.344,warmup,4968.0,1360.0,6.7565,60.62
30.444,warmup,4968.0,1360.0,6.7565,60.62
30.544,warmup,4968.0,1352.0,6.7167,60.56
30.644,warmup,4968.0,1360.0,6.7565,60.84
30.744,warmup,4968.0,1360.0,6.7565,60.88
30.844,warmup,4968.0,1360.0,6.7565,60.78
30.944,warmup,4968.0,1352.0,6.7167,60.88
31.045,warmup,4968.0,1352.0,6.7167,60.72
31.145,warmup,4968.0,1360.0,6.7565,60.62
31.245,warmup,4968.0,1360.0,6.7565,60.69
31.345,warmup,4968.0,1360.0,6.7565,60.69
31.445,warmup,4968.0,1352.0,6.7167,60.69
31.546,warmup,4968.0,1360.0,6.7565,60.88
31.646,warmup,4968.0,1360.0,6.7565,60.88
31.746,warmup,4968.0,1360.0,6.7565,60.75
31.846,warmup,4968.0,1352.0,6.7167,60.78
31.946,warmup,4968.0,1352.0,6.7167,60.72
32.046,warmup,4968.0,1352.0,6.7167,60.72
32.146,warmup,4968.0,1344.0,6.6770,60.69
32.247,warmup,4968.0,1352.0,6.7167,60.75
32.347,warmup,4968.0,1360.0,6.7565,60.66
32.447,warmup,4968.0,1360.0,6.7565,60.91
32.548,warmup,4968.0,1352.0,6.7167,60.88
32.648,warmup,4968.0,1352.0,6.7167,60.88
32.748,warmup,4968.0,1360.0,6.7565,60.78
32.848,warmup,4968.0,1352.0,6.7167,60.81
32.948,warmup,4968.0,1344.0,6.6770,60.72
33.048,warmup,4968.0,1352.0,6.7167,60.75
33.149,warmup,4968.0,1360.0,6.7565,60.69
33.249,warmup,4968.0,1360.0,6.7565,60.69
33.349,warmup,4968.0,1352.0,6.7167,60.62
33.449,warmup,4968.0,1352.0,6.7167,61.00
33.549,warmup,4968.0,1360.0,6.7565,60.94
33.649,warmup,4968.0,1352.0,6.7167,60.81
33.749,warmup,4968.0,1344.0,6.6770,60.78
33.850,warmup,4968.0,1352.0,6.7167,60.72
33.950,warmup,4968.0,1360.0,6.7565,60.69
34.050,warmup,4968.0,1352.0,6.7167,60.75
34.150,warmup,4968.0,1352.0,6.7167,60.69
34.250,warmup,4968.0,1352.0,6.7167,60.72
34.350,warmup,4968.0,1360.0,6.7565,60.91
34.450,warmup,4968.0,1360.0,6.7565,60.94
34.551,warmup,4968.0,1352.0,6.7167,60.84
34.651,warmup,4968.0,1352.0,6.7167,60.81
34.751,warmup,4968.0,1360.0,6.7565,60.84
34.851,warmup,4968.0,1360.0,6.7565,60.84
34.951,warmup,4968.0,1352.0,6.7167,60.81
35.051,warmup,4968.0,1352.0,6.7167,60.78
35.151,warmup,4968.0,1352.0,6.7167,60.69
35.251,warmup,4968.0,1360.0,6.7565,60.69
35.352,warmup,4968.0,1360.0,6.7565,60.97
35.452,warmup,4968.0,1352.0,6.7167,60.84
35.552,warmup,4968.0,1352.0,6.7167,60.88
35.652,warmup,4968.0,1352.0,6.7167,60.81
35.752,warmup,4968.0,1344.0,6.6770,60.88
35.852,warmup,4968.0,1344.0,6.6770,60.78
35.952,warmup,4968.0,1344.0,6.6770,60.75
36.053,warmup,4968.0,1344.0,6.6770,60.75
36.153,warmup,4968.0,1344.0,6.6770,60.72
36.253,warmup,4968.0,1352.0,6.7167,61.06
36.353,warmup,4968.0,1344.0,6.6770,60.88
36.453,warmup,4968.0,1344.0,6.6770,60.88
36.553,warmup,4968.0,1352.0,6.7167,60.88
36.653,warmup,4968.0,1352.0,6.7167,60.78
36.754,warmup,4968.0,1352.0,6.7167,60.78
36.854,warmup,4968.0,1352.0,6.7167,60.78
36.954,warmup,4968.0,1352.0,6.7167,60.78
37.054,warmup,4968.0,1360.0,6.7565,60.75
37.154,warmup,4968.0,1360.0,6.7565,61.00
37.254,warmup,4968.0,1352.0,6.7167,60.97
37.354,warmup,4968.0,1352.0,6.7167,60.88
37.455,warmup,4968.0,1360.0,6.7565,60.91
37.555,warmup,4968.0,1352.0,6.7167,60.84
37.655,warmup,4968.0,1344.0,6.6770,60.88
37.755,warmup,4968.0,1352.0,6.7167,60.81
37.855,warmup,4968.0,1360.0,6.7565,60.84
37.956,warmup,4968.0,1352.0,6.7167,60.78
38.056,warmup,4968.0,1344.0,6.6770,60.78
38.156,warmup,4968.0,1352.0,6.7167,61.12
38.256,warmup,4968.0,1352.0,6.7167,60.94
38.356,warmup,4968.0,1344.0,6.6770,60.94
38.456,warmup,4968.0,1344.0,6.6770,60.88
38.556,warmup,4968.0,1352.0,6.7167,60.88
38.657,warmup,4968.0,1344.0,6.6770,60.88
38.757,warmup,4968.0,1344.0,6.6770,60.81
38.857,warmup,4968.0,1344.0,6.6770,60.88
38.957,warmup,4968.0,1344.0,6.6770,60.78
39.057,warmup,4968.0,1344.0,6.6770,61.19
39.157,warmup,4968.0,1352.0,6.7167,60.94
39.257,warmup,4968.0,1352.0,6.7167,60.97
39.358,warmup,4968.0,1352.0,6.7167,60.91
39.458,warmup,4968.0,1344.0,6.6770,60.88
39.558,warmup,4968.0,1352.0,6.7167,60.88
39.658,warmup,4968.0,1352.0,6.7167,60.84
39.758,warmup,4968.0,1344.0,6.6770,60.84
39.858,warmup,4968.0,1344.0,6.6770,60.78
39.958,warmup,4968.0,1352.0,6.7167,61.06
40.059,warmup,4968.0,1352.0,6.7167,61.06
40.159,warmup,4968.0,1352.0,6.7167,60.97
40.259,warmup,4968.0,1352.0,6.7167,60.88
40.359,warmup,4968.0,1352.0,6.7167,60.94
40.459,warmup,4968.0,1360.0,6.7565,60.84
40.559,warmup,4968.0,1352.0,6.7167,60.88
40.659,warmup,4968.0,1352.0,6.7167,60.88
40.760,warmup,4968.0,1352.0,6.7167,60.88
40.860,warmup,4968.0,1352.0,6.7167,61.03
40.960,warmup,4968.0,1344.0,6.6770,61.03
41.060,warmup,4968.0,1352.0,6.7167,61.00
41.160,warmup,4968.0,1352.0,6.7167,60.91
41.260,warmup,4968.0,1344.0,6.6770,60.91
41.360,warmup,4968.0,1344.0,6.6770,60.88
41.461,warmup,4968.0,1352.0,6.7167,60.88
41.561,warmup,4968.0,1344.0,6.6770,60.88
41.661,warmup,4968.0,1344.0,6.6770,60.91
41.761,warmup,4968.0,1352.0,6.7167,61.06
41.861,warmup,4968.0,1352.0,6.7167,60.91
41.961,warmup,4968.0,1352.0,6.7167,61.03
42.061,warmup,4968.0,1344.0,6.6770,60.94
42.162,warmup,4968.0,1352.0,6.7167,60.97
42.262,warmup,4968.0,1352.0,6.7167,60.88
42.362,warmup,4968.0,1336.0,6.6372,60.88
42.462,warmup,4968.0,1344.0,6.6770,60.91
42.562,warmup,4968.0,1352.0,6.7167,60.97
42.662,warmup,4968.0,1352.0,6.7167,61.09
42.762,warmup,4968.0,1352.0,6.7167,61.12
42.863,warmup,4968.0,1352.0,6.7167,61.06
42.963,warmup,4968.0,1360.0,6.7565,60.97
43.063,warmup,4968.0,1360.0,6.7565,61.03
43.163,warmup,4968.0,1360.0,6.7565,60.88
43.263,warmup,4968.0,1352.0,6.7167,60.91
43.363,warmup,4968.0,1360.0,6.7565,60.91
43.464,warmup,4968.0,1368.0,6.7962,60.91
43.564,warmup,4968.0,1368.0,6.7962,61.16
43.664,warmup,4968.0,1360.0,6.7565,61.06
43.764,warmup,4968.0,1352.0,6.7167,61.06
43.864,warmup,4968.0,1360.0,6.7565,60.97
43.964,warmup,4968.0,1368.0,6.7962,60.97
44.064,warmup,4968.0,1360.0,6.7565,60.94
44.165,warmup,4968.0,1352.0,6.7167,60.97
44.265,warmup,4968.0,1360.0,6.7565,60.94
44.365,warmup,4968.0,1360.0,6.7565,60.94
44.465,warmup,4968.0,1360.0,6.7565,60.94
44.565,warmup,4968.0,1344.0,6.6770,61.09
44.665,warmup,4968.0,1352.0,6.7167,61.12
44.765,warmup,4968.0,1360.0,6.7565,60.94
44.866,warmup,4968.0,1352.0,6.7167,60.97
44.966,warmup,4968.0,1352.0,6.7167,61.00
45.066,warmup,4968.0,1352.0,6.7167,60.94
45.166,warmup,4968.0,1360.0,6.7565,61.00
45.266,warmup,4968.0,1360.0,6.7565,60.88
45.366,warmup,4968.0,1352.0,6.7167,60.94
45.466,warmup,4968.0,1352.0,6.7167,61.16
45.567,warmup,4968.0,1360.0,6.7565,61.09
45.667,warmup,4968.0,1360.0,6.7565,61.00
45.767,warmup,4968.0,1352.0,6.7167,61.00
45.867,warmup,4968.0,1352.0,6.7167,60.97
45.967,warmup,4968.0,1360.0,6.7565,61.00
46.067,warmup,4968.0,1368.0,6.7962,60.97
46.167,warmup,4968.0,1360.0,6.7565,61.00
46.268,warmup,4968.0,1352.0,6.7167,60.97
46.368,warmup,4968.0,1352.0,6.7167,61.12
46.468,warmup,4968.0,1352.0,6.7167,61.19
46.568,warmup,4968.0,1344.0,6.6770,61.12
46.668,warmup,4968.0,1352.0,6.7167,61.03
46.768,warmup,4968.0,1352.0,6.7167,60.94
46.868,warmup,4968.0,1344.0,6.6770,60.97
46.969,warmup,4968.0,1344.0,6.6770,61.03
47.069,warmup,4968.0,1352.0,6.7167,60.88
47.169,warmup,4968.0,1344.0,6.6770,60.91
47.269,warmup,4968.0,1344.0,6.6770,61.19
47.369,warmup,4968.0,1352.0,6.7167,61.16
47.469,warmup,4968.0,1344.0,6.6770,61.12
47.569,warmup,4968.0,1344.0,6.6770,60.97
47.670,warmup,4968.0,1344.0,6.6770,61.12
47.770,warmup,4968.0,1352.0,6.7167,61.03
47.870,warmup,4968.0,1352.0,6.7167,61.03
47.970,warmup,4968.0,1344.0,6.6770,60.97
48.070,warmup,4968.0,1352.0,6.7167,61.19
48.170,warmup,4968.0,1352.0,6.7167,61.19
48.270,warmup,4968.0,1352.0,6.7167,61.12
48.371,warmup,4968.0,1344.0,6.6770,61.09
48.471,warmup,4968.0,1352.0,6.7167,61.12
48.571,warmup,4968.0,1360.0,6.7565,61.00
48.671,warmup,4968.0,1360.0,6.7565,61.06
48.771,warmup,4968.0,1352.0,6.7167,61.03
48.871,warmup,4968.0,1352.0,6.7167,60.91
48.971,warmup,4968.0,1360.0,6.7565,60.94
49.072,warmup,4968.0,1360.0,6.7565,61.25
49.172,warmup,4968.0,1352.0,6.7167,61.19
49.272,warmup,4968.0,1352.0,6.7167,61.03
49.372,warmup,4968.0,1360.0,6.7565,61.09
49.472,warmup,4968.0,1352.0,6.7167,61.12
49.572,warmup,4968.0,1344.0,6.6770,61.06
49.672,warmup,4968.0,1352.0,6.7167,61.00
49.773,warmup,4968.0,1352.0,6.7167,61.03
49.873,warmup,4968.0,1344.0,6.6770,61.00
49.973,warmup,4968.0,1344.0,6.6770,61.25
50.073,warmup,4968.0,1344.0,6.6770,61.28
50.173,warmup,4968.0,1336.0,6.6372,61.16
50.273,warmup,4968.0,1344.0,6.6770,61.12
50.374,warmup,4968.0,1352.0,6.7167,61.16
50.474,warmup,4968.0,1352.0,6.7167,61.03
50.574,warmup,4968.0,1352.0,6.7167,61.09
50.674,warmup,4968.0,1352.0,6.7167,61.03
50.774,warmup,4968.0,1352.0,6.7167,61.06
50.874,warmup,4968.0,1360.0,6.7565,61.25
50.974,warmup,4968.0,1360.0,6.7565,61.25
51.075,warmup,4968.0,1352.0,6.7167,61.25
51.175,warmup,4968.0,1360.0,6.7565,61.19
51.275,warmup,4968.0,1368.0,6.7962,61.16
51.375,warmup,4968.0,1360.0,6.7565,61.12
51.475,warmup,4968.0,1352.0,6.7167,61.09
51.575,warmup,4968.0,1360.0,6.7565,61.00
51.675,warmup,4968.0,1360.0,6.7565,61.00
51.775,warmup,4968.0,1360.0,6.7565,60.97
51.876,warmup,4968.0,1352.0,6.7167,61.31
51.976,warmup,4968.0,1360.0,6.7565,61.16
52.076,warmup,4968.0,1360.0,6.7565,61.16
52.176,warmup,4968.0,1360.0,6.7565,61.19
52.276,warmup,4968.0,1360.0,6.7565,61.09
52.376,warmup,4968.0,1352.0,6.7167,61.12
52.476,warmup,4968.0,1360.0,6.7565,61.06
52.577,warmup,4968.0,1360.0,6.7565,61.06
52.677,warmup,4968.0,1352.0,6.7167,61.06
52.777,warmup,4968.0,1352.0,6.7167,61.31
52.877,warmup,4968.0,1352.0,6.7167,61.25
52.977,warmup,4968.0,1352.0,6.7167,61.28
53.077,warmup,4968.0,1352.0,6.7167,61.19
53.177,warmup,4968.0,1352.0,6.7167,61.12
53.278,warmup,4968.0,1360.0,6.7565,61.16
53.378,warmup,4968.0,1360.0,6.7565,61.00
53.478,warmup,4968.0,1360.0,6.7565,61.09
53.578,warmup,4968.0,1352.0,6.7167,61.12
53.678,warmup,4968.0,1360.0,6.7565,61.06
53.778,warmup,4968.0,1368.0,6.7962,61.25
53.879,warmup,4968.0,1360.0,6.7565,61.25
53.979,warmup,4968.0,1352.0,6.7167,61.22
54.079,warmup,4968.0,1352.0,6.7167,61.16
54.179,warmup,4968.0,1352.0,6.7167,61.09
54.279,warmup,4968.0,1344.0,6.6770,61.12
54.379,warmup,4968.0,1352.0,6.7167,61.09
54.479,warmup,4968.0,1352.0,6.7167,61.12
54.580,warmup,4968.0,1344.0,6.6770,61.03
54.680,warmup,4968.0,1344.0,6.6770,61.28
54.780,warmup,4968.0,1352.0,6.7167,61.25
54.880,warmup,4968.0,1344.0,6.6770,61.16
54.980,warmup,4968.0,1344.0,6.6770,61.09
55.080,warmup,4968.0,1352.0,6.7167,61.12
55.180,warmup,4968.0,1344.0,6.6770,61.16
55.280,warmup,4968.0,1344.0,6.6770,61.19
55.381,warmup,4968.0,1344.0,6.6770,61.09
55.481,warmup,4968.0,1344.0,6.6770,61.09
55.581,warmup,4968.0,1344.0,6.6770,61.22
55.681,warmup,4968.0,1344.0,6.6770,61.12
55.781,warmup,4968.0,1344.0,6.6770,61.19
55.881,warmup,4968.0,1344.0,6.6770,61.19
55.981,warmup,4968.0,1344.0,6.6770,61.19
56.081,warmup,4968.0,1344.0,6.6770,61.12
56.182,warmup,4968.0,1344.0,6.6770,61.19
56.282,warmup,4968.0,1344.0,6.6770,61.09
56.382,warmup,4968.0,1336.0,6.6372,61.12
56.482,warmup,4968.0,1344.0,6.6770,61.25
56.582,warmup,4968.0,1344.0,6.6770,61.25
56.682,warmup,4968.0,1344.0,6.6770,61.22
56.782,warmup,4968.0,1344.0,6.6770,61.16
56.882,warmup,4968.0,1344.0,6.6770,61.16
56.983,warmup,4968.0,1344.0,6.6770,61.16
57.083,warmup,4968.0,1344.0,6.6770,61.16
57.183,warmup,4968.0,1344.0,6.6770,61.09
57.283,warmup,4968.0,1344.0,6.6770,61.25
57.383,warmup,4968.0,1344.0,6.6770,61.25
57.483,warmup,4968.0,1352.0,6.7167,61.25
57.584,warmup,4968.0,1344.0,6.6770,61.16
57.684,warmup,4968.0,1344.0,6.6770,61.16
57.784,warmup,4968.0,1352.0,6.7167,61.22
57.884,warmup,4968.0,1344.0,6.6770,61.16
57.984,warmup,4968.0,1344.0,6.6770,61.16
58.084,warmup,4968.0,1344.0,6.6770,61.06
58.184,warmup,4968.0,1336.0,6.6372,61.06
58.284,warmup,4968.0,1344.0,6.6770,61.25
58.385,warmup,4968.0,1344.0,6.6770,61.31
58.485,warmup,4968.0,1344.0,6.6770,61.25
58.585,warmup,4968.0,1344.0,6.6770,61.19
58.685,warmup,4968.0,1344.0,6.6770,61.25
58.785,warmup,4968.0,1344.0,6.6770,61.16
58.885,warmup,4968.0,1344.0,6.6770,61.16
58.985,warmup,4968.0,1344.0,6.6770,61.09
59.085,warmup,4968.0,1336.0,6.6372,61.34
59.186,warmup,4968.0,1336.0,6.6372,61.28
59.286,warmup,4968.0,1344.0,6.6770,61.34
59.386,warmup,4968.0,1336.0,6.6372,61.25
59.486,warmup,4968.0,1344.0,6.6770,61.22
59.586,warmup,4968.0,1344.0,6.6770,61.16
59.686,warmup,4968.0,1344.0,6.6770,61.12
59.786,warmup,4968.0,1344.0,6.6770,61.16
59.886,warmup,4968.0,1344.0,6.6770,61.19
59.987,warmup,4968.0,1344.0,6.6770,61.38
60.087,warmup,4968.0,1336.0,6.6372,61.31
60.187,warmup,4968.0,1344.0,6.6770,61.31
60.287,warmup,4968.0,1344.0,6.6770,61.28
60.387,measure,4968.0,1344.0,6.6770,61.25
60.488,measure,4968.0,1344.0,6.6770,61.28
60.588,measure,4968.0,1336.0,6.6372,61.16
60.688,measure,4968.0,1344.0,6.6770,61.19
60.788,measure,4968.0,1344.0,6.6770,61.12
60.888,measure,4968.0,1344.0,6.6770,61.16
60.988,measure,4968.0,1344.0,6.6770,61.31
61.088,measure,4968.0,1344.0,6.6770,61.34
61.188,measure,4968.0,1336.0,6.6372,61.31
61.289,measure,4968.0,1336.0,6.6372,61.28
61.389,measure,4968.0,1344.0,6.6770,61.16
61.489,measure,4968.0,1336.0,6.6372,61.25
61.589,measure,4968.0,1344.0,6.6770,61.12
61.689,measure,4968.0,1344.0,6.6770,61.19
61.789,measure,4968.0,1344.0,6.6770,61.41
61.889,measure,4968.0,1344.0,6.6770,61.38
61.989,measure,4968.0,1344.0,6.6770,61.34
62.090,measure,4968.0,1344.0,6.6770,61.31
62.190,measure,4968.0,1344.0,6.6770,61.22
62.290,measure,4968.0,1344.0,6.6770,61.16
62.390,measure,4968.0,1336.0,6.6372,61.22
62.490,measure,4968.0,1336.0,6.6372,61.28
62.590,measure,4968.0,1344.0,6.6770,61.19
62.690,measure,4968.0,1336.0,6.6372,61.19
62.790,measure,4968.0,1336.0,6.6372,61.38
62.891,measure,4968.0,1344.0,6.6770,61.38
62.991,measure,4968.0,1344.0,6.6770,61.25
63.091,measure,4968.0,1336.0,6.6372,61.28
63.191,measure,4968.0,1344.0,6.6770,61.16
63.291,measure,4968.0,1344.0,6.6770,61.19
63.391,measure,4968.0,1336.0,6.6372,61.22
63.492,measure,4968.0,1344.0,6.6770,61.19
63.592,measure,4968.0,1344.0,6.6770,61.19
63.692,measure,4968.0,1336.0,6.6372,61.41
63.792,measure,4968.0,1344.0,6.6770,61.38
63.892,measure,4968.0,1344.0,6.6770,61.28
63.992,measure,4968.0,1336.0,6.6372,61.34
64.092,measure,4968.0,1336.0,6.6372,61.31
64.192,measure,4968.0,1344.0,6.6770,61.25
64.293,measure,4968.0,1336.0,6.6372,61.19
64.393,measure,4968.0,1336.0,6.6372,61.25
64.493,measure,4968.0,1344.0,6.6770,61.28
64.593,measure,4968.0,1336.0,6.6372,61.44
64.693,measure,4968.0,1336.0,6.6372,61.34
64.793,measure,4968.0,1344.0,6.6770,61.34
64.893,measure,4968.0,1336.0,6.6372,61.28
64.993,measure,4968.0,1336.0,6.6372,61.28
65.094,measure,4968.0,1344.0,6.6770,61.22
65.194,measure,4968.0,1336.0,6.6372,61.25
65.294,measure,4968.0,1336.0,6.6372,61.16
65.394,measure,4968.0,1344.0,6.6770,61.22
65.494,measure,4968.0,1344.0,6.6770,61.19
65.594,measure,4968.0,1336.0,6.6372,61.38
65.694,measure,4968.0,1344.0,6.6770,61.34
65.794,measure,4968.0,1344.0,6.6770,61.34
65.895,measure,4968.0,1336.0,6.6372,61.28
65.995,measure,4968.0,1344.0,6.6770,61.31
66.095,measure,4968.0,1344.0,6.6770,61.28
66.195,measure,4968.0,1336.0,6.6372,61.25
66.295,measure,4968.0,1344.0,6.6770,61.25
66.395,measure,4968.0,1344.0,6.6770,61.09
66.495,measure,4968.0,1344.0,6.6770,61.44
66.596,measure,4968.0,1344.0,6.6770,61.34
66.696,measure,4968.0,1344.0,6.6770,61.34
66.796,measure,4968.0,1344.0,6.6770,61.34
66.896,measure,4968.0,1344.0,6.6770,61.22
66.996,measure,4968.0,1344.0,6.6770,61.28
67.096,measure,4968.0,1336.0,6.6372,61.22
67.196,measure,4968.0,1344.0,6.6770,61.22
67.296,measure,4968.0,1344.0,6.6770,61.19
67.397,measure,4968.0,1344.0,6.6770,61.34
67.497,measure,4968.0,1344.0,6.6770,61.34
67.597,measure,4968.0,1344.0,6.6770,61.31
67.697,measure,4968.0,1344.0,6.6770,61.38
67.797,measure,4968.0,1336.0,6.6372,61.28
67.897,measure,4968.0,1344.0,6.6770,61.25
67.997,measure,4968.0,1344.0,6.6770,61.25
68.098,measure,4968.0,1336.0,6.6372,61.28
68.198,measure,4968.0,1344.0,6.6770,61.25
68.298,measure,4968.0,1344.0,6.6770,61.38
68.398,measure,4968.0,1336.0,6.6372,61.38
68.498,measure,4968.0,1344.0,6.6770,61.34
68.598,measure,4968.0,1344.0,6.6770,61.34
68.698,measure,4968.0,1336.0,6.6372,61.34
68.799,measure,4968.0,1344.0,6.6770,61.31
68.899,measure,4968.0,1344.0,6.6770,61.22
68.999,measure,4968.0,1336.0,6.6372,61.31
69.099,measure,4968.0,1344.0,6.6770,61.22
69.199,measure,4968.0,1344.0,6.6770,61.34
69.299,measure,4968.0,1336.0,6.6372,61.34
69.399,measure,4968.0,1344.0,6.6770,61.34
69.500,measure,4968.0,1344.0,6.6770,61.31
69.600,measure,4968.0,1344.0,6.6770,61.31
69.700,measure,4968.0,1344.0,6.6770,61.25
69.800,measure,4968.0,1344.0,6.6770,61.28
69.900,measure,4968.0,1344.0,6.6770,61.31
70.000,measure,4968.0,1344.0,6.6770,61.25
70.100,measure,4968.0,1344.0,6.6770,61.41
70.200,measure,4968.0,1344.0,6.6770,61.38
70.301,measure,4968.0,1344.0,6.6770,61.47
70.401,measure,4968.0,1344.0,6.6770,61.28
70.501,measure,4968.0,1344.0,6.6770,61.34
70.601,measure,4968.0,1336.0,6.6372,61.34
70.701,measure,4968.0,1344.0,6.6770,61.28
70.801,measure,4968.0,1336.0,6.6372,61.25
70.901,measure,4968.0,1336.0,6.6372,61.28
71.001,measure,4968.0,1344.0,6.6770,61.50
71.102,measure,4968.0,1344.0,6.6770,61.41
71.202,measure,4968.0,1336.0,6.6372,61.38
71.302,measure,4968.0,1344.0,6.6770,61.31
71.402,measure,4968.0,1336.0,6.6372,61.34
71.502,measure,4968.0,1336.0,6.6372,61.31
71.602,measure,4968.0,1344.0,6.6770,61.25
71.702,measure,4968.0,1344.0,6.6770,61.31
71.802,measure,4968.0,1336.0,6.6372,61.31
71.903,measure,4968.0,1344.0,6.6770,61.44
72.003,measure,4968.0,1344.0,6.6770,61.47
72.103,measure,4968.0,1336.0,6.6372,61.41
72.203,measure,4968.0,1344.0,6.6770,61.34
72.303,measure,4968.0,1344.0,6.6770,61.34
72.403,measure,4968.0,1336.0,6.6372,61.34
72.503,measure,4968.0,1344.0,6.6770,61.34
72.603,measure,4968.0,1344.0,6.6770,61.31
72.704,measure,4968.0,1336.0,6.6372,61.31
72.804,measure,4968.0,1344.0,6.6770,61.47
72.904,measure,4968.0,1344.0,6.6770,61.38
73.004,measure,4968.0,1336.0,6.6372,61.34
73.104,measure,4968.0,1344.0,6.6770,61.34
73.204,measure,4968.0,1344.0,6.6770,61.28
73.304,measure,4968.0,1336.0,6.6372,61.34
73.404,measure,4968.0,1344.0,6.6770,61.28
73.505,measure,4968.0,1344.0,6.6770,61.31
73.605,measure,4968.0,1336.0,6.6372,61.28
73.705,measure,4968.0,1344.0,6.6770,61.50
73.805,measure,4968.0,1344.0,6.6770,61.47
73.905,measure,4968.0,1336.0,6.6372,61.34
74.005,measure,4968.0,1344.0,6.6770,61.38
74.105,measure,4968.0,1344.0,6.6770,61.34
74.205,measure,4968.0,1336.0,6.6372,61.38
74.306,measure,4968.0,1344.0,6.6770,61.38
74.406,measure,4968.0,1344.0,6.6770,61.28
74.506,measure,4968.0,1336.0,6.6372,61.28
74.606,measure,4968.0,1344.0,6.6770,61.47
74.706,measure,4968.0,1344.0,6.6770,61.47
74.806,measure,4968.0,1336.0,6.6372,61.41
74.906,measure,4968.0,1336.0,6.6372,61.34
75.006,measure,4968.0,1344.0,6.6770,61.34
75.107,measure,4968.0,1336.0,6.6372,61.38
75.207,measure,4968.0,1336.0,6.6372,61.38
75.307,measure,4968.0,1344.0,6.6770,61.34
75.407,measure,4968.0,1344.0,6.6770,61.34
75.507,measure,4968.0,1336.0,6.6372,61.50
75.607,measure,4968.0,1344.0,6.6770,61.41
75.707,measure,4968.0,1344.0,6.6770,61.44
75.808,measure,4968.0,1336.0,6.6372,61.41
75.908,measure,4968.0,1344.0,6.6770,61.38
76.008,measure,4968.0,1344.0,6.6770,61.34
76.108,measure,4968.0,1336.0,6.6372,61.34
76.208,measure,4968.0,1344.0,6.6770,61.25
76.308,measure,4968.0,1344.0,6.6770,61.34
76.408,measure,4968.0,1336.0,6.6372,61.53
76.508,measure,4968.0,1344.0,6.6770,61.47
76.609,measure,4968.0,1344.0,6.6770,61.44
76.709,measure,4968.0,1336.0,6.6372,61.34
76.809,measure,4968.0,1344.0,6.6770,61.38
76.909,measure,4968.0,1344.0,6.6770,61.34
77.009,measure,4968.0,1336.0,6.6372,61.28
77.109,measure,4968.0,1344.0,6.6770,61.34
77.209,measure,4968.0,1344.0,6.6770,61.34
77.309,measure,4968.0,1336.0,6.6372,61.38
77.410,measure,4968.0,1344.0,6.6770,61.50
77.510,measure,4968.0,1344.0,6.6770,61.44
77.610,measure,4968.0,1336.0,6.6372,61.47
77.710,measure,4968.0,1336.0,6.6372,61.44
77.810,measure,4968.0,1344.0,6.6770,61.34
77.910,measure,4968.0,1344.0,6.6770,61.38
78.010,measure,4968.0,1336.0,6.6372,61.34
78.110,measure,4968.0,1344.0,6.6770,61.34
78.211,measure,4968.0,1344.0,6.6770,61.38
78.311,measure,4968.0,1336.0,6.6372,61.47
78.411,measure,4968.0,1344.0,6.6770,61.56
78.511,measure,4968.0,1344.0,6.6770,61.44
78.611,measure,4968.0,1336.0,6.6372,61.38
78.712,measure,4968.0,1344.0,6.6770,61.34
78.812,measure,4968.0,1344.0,6.6770,61.38
78.912,measure,4968.0,1336.0,6.6372,61.34
79.012,measure,4968.0,1344.0,6.6770,61.38
79.112,measure,4968.0,1344.0,6.6770,61.31
79.212,measure,4968.0,1336.0,6.6372,61.28
79.312,measure,4968.0,1344.0,6.6770,61.38
79.413,measure,4968.0,1344.0,6.6770,61.50
79.513,measure,4968.0,1344.0,6.6770,61.41
79.613,measure,4968.0,1344.0,6.6770,61.44
79.713,measure,4968.0,1344.0,6.6770,61.34
79.813,measure,4968.0,1344.0,6.6770,61.34
79.913,measure,4968.0,1336.0,6.6372,61.34
80.013,measure,4968.0,1344.0,6.6770,61.38
80.113,measure,4968.0,1344.0,6.6770,61.28
80.214,measure,4968.0,1336.0,6.6372,61.50
80.314,measure,4968.0,1344.0,6.6770,61.50
80.414,measure,4968.0,1344.0,6.6770,61.44
80.514,measure,4968.0,1336.0,6.6372,61.34
80.614,measure,4968.0,1344.0,6.6770,61.34
80.714,measure,4968.0,1344.0,6.6770,61.34
80.814,measure,4968.0,1336.0,6.6372,61.38
80.914,measure,4968.0,1344.0,6.6770,61.34
81.015,measure,4968.0,1344.0,6.6770,61.47
81.115,measure,4968.0,1336.0,6.6372,61.53
81.215,measure,4968.0,1344.0,6.6770,61.41
81.315,measure,4968.0,1344.0,6.6770,61.44
81.415,measure,4968.0,1336.0,6.6372,61.41
81.515,measure,4968.0,1352.0,6.7167,61.41
81.616,measure,4968.0,1360.0,6.7565,61.41
81.716,measure,4968.0,1360.0,6.7565,61.41
81.816,measure,4968.0,1352.0,6.7167,61.34
81.916,measure,4968.0,1344.0,6.6770,61.38
82.016,measure,4968.0,1352.0,6.7167,61.50
82.116,measure,4968.0,1344.0,6.6770,61.50
82.217,measure,4968.0,1344.0,6.6770,61.47
82.317,measure,4968.0,1352.0,6.7167,61.44
82.417,measure,4968.0,1344.0,6.6770,61.41
82.517,measure,4968.0,1336.0,6.6372,61.41
82.617,measure,4968.0,1344.0,6.6770,61.34
82.717,measure,4968.0,1344.0,6.6770,61.34
82.818,measure,4968.0,1336.0,6.6372,61.38
82.918,measure,4968.0,1344.0,6.6770,61.56
83.018,measure,4968.0,1344.0,6.6770,61.50
83.118,measure,4968.0,1336.0,6.6372,61.47
83.218,measure,4968.0,1344.0,6.6770,61.50
83.318,measure,4968.0,1344.0,6.6770,61.44
83.418,measure,4968.0,1336.0,6.6372,61.38
83.518,measure,4968.0,1344.0,6.6770,61.41
83.619,measure,4968.0,1344.0,6.6770,61.38
83.719,measure,4968.0,1344.0,6.6770,61.34
83.819,measure,4968.0,1344.0,6.6770,61.47
83.919,measure,4968.0,1344.0,6.6770,61.50
84.019,measure,4968.0,1344.0,6.6770,61.44
84.119,measure,4968.0,1344.0,6.6770,61.50
84.219,measure,4968.0,1344.0,6.6770,61.41
84.319,measure,4968.0,1344.0,6.6770,61.41
84.420,measure,4968.0,1344.0,6.6770,61.47
84.520,measure,4968.0,1344.0,6.6770,61.38
84.620,measure,4968.0,1344.0,6.6770,61.34
84.720,measure,4968.0,1344.0,6.6770,61.50
84.820,measure,4968.0,1344.0,6.6770,61.53
84.920,measure,4968.0,1344.0,6.6770,61.47
85.020,measure,4968.0,1336.0,6.6372,61.44
85.120,measure,4968.0,1344.0,6.6770,61.44
85.221,measure,4968.0,1336.0,6.6372,61.38
85.321,measure,4968.0,1336.0,6.6372,61.41
85.421,measure,4968.0,1344.0,6.6770,61.38
85.521,measure,4968.0,1344.0,6.6770,61.41
85.621,measure,4968.0,1336.0,6.6372,61.56
85.721,measure,4968.0,1344.0,6.6770,61.47
85.821,measure,4968.0,1344.0,6.6770,61.41
85.921,measure,4968.0,1336.0,6.6372,61.50
86.022,measure,4968.0,1344.0,6.6770,61.38
86.122,measure,4968.0,1344.0,6.6770,61.47
86.222,measure,4968.0,1336.0,6.6372,61.38
86.322,measure,4968.0,1344.0,6.6770,61.44
86.422,measure,4968.0,1344.0,6.6770,61.59
86.522,measure,4968.0,1336.0,6.6372,61.66
86.622,measure,4968.0,1344.0,6.6770,61.50
86.723,measure,4968.0,1344.0,6.6770,61.47
86.823,measure,4968.0,1336.0,6.6372,61.44
86.923,measure,4968.0,1344.0,6.6770,61.50
87.023,measure,4968.0,1344.0,6.6770,61.44
87.123,measure,4968.0,1336.0,6.6372,61.50
87.223,measure,4968.0,1344.0,6.6770,61.44
87.323,measure,4968.0,1344.0,6.6770,61.41
87.423,measure,4968.0,1344.0,6.6770,61.62
87.524,measure,4968.0,1344.0,6.6770,61.59
87.624,measure,4968.0,1344.0,6.6770,61.53
87.724,measure,4968.0,1344.0,6.6770,61.47
87.824,measure,4968.0,1336.0,6.6372,61.41
87.924,measure,4968.0,1344.0,6.6770,61.47
88.024,measure,4968.0,1344.0,6.6770,61.44
88.124,measure,4968.0,1336.0,6.6372,61.41
88.224,measure,4968.0,1344.0,6.6770,61.47
88.325,measure,4968.0,1344.0,6.6770,61.62
88.425,measure,4968.0,1336.0,6.6372,61.66
88.525,measure,4968.0,1344.0,6.6770,61.62
88.625,measure,4968.0,1344.0,6.6770,61.47
88.725,measure,4968.0,1336.0,6.6372,61.47
88.825,measure,4968.0,1344.0,6.6770,61.44
88.925,measure,4968.0,1344.0,6.6770,61.47
89.026,measure,4968.0,1336.0,6.6372,61.41
89.126,measure,4968.0,1344.0,6.6770,61.47
89.226,measure,4968.0,1344.0,6.6770,61.66
89.326,measure,4968.0,1336.0,6.6372,61.62
89.426,measure,4968.0,1344.0,6.6770,61.47
89.526,measure,4968.0,1344.0,6.6770,61.50
89.626,measure,4968.0,1336.0,6.6372,61.47
89.726,measure,4968.0,1344.0,6.6770,61.47
89.827,measure,4968.0,1344.0,6.6770,61.50
89.927,measure,4968.0,1336.0,6.6372,61.44
90.027,measure,4968.0,1344.0,6.6770,61.41
90.127,measure,4968.0,1344.0,6.6770,61.72
90.227,measure,4968.0,1344.0,6.6770,61.56
90.327,measure,4968.0,1344.0,6.6770,61.62
90.427,measure,4968.0,1344.0,6.6770,61.50
90.528,measure,4968.0,1344.0,6.6770,61.47
90.628,measure,4968.0,1344.0,6.6770,61.44
90.728,measure,4968.0,1344.0,6.6770,61.50
90.828,measure,4968.0,1344.0,6.6770,61.50
90.928,measure,4968.0,1336.0,6.6372,61.50
91.028,measure,4968.0,1344.0,6.6770,61.41
91.128,measure,4968.0,1344.0,6.6770,61.69
91.228,measure,4968.0,1336.0,6.6372,61.56
91.329,measure,4968.0,1344.0,6.6770,61.59
91.429,measure,4968.0,1344.0,6.6770,61.50
91.529,measure,4968.0,1336.0,6.6372,61.50
91.629,measure,4968.0,1344.0,6.6770,61.47
91.729,measure,4968.0,1344.0,6.6770,61.50
91.829,measure,4968.0,1336.0,6.6372,61.41
91.929,measure,4968.0,1344.0,6.6770,61.47
92.029,measure,4968.0,1336.0,6.6372,61.69
92.130,measure,4968.0,1336.0,6.6372,61.53
92.230,measure,4968.0,1344.0,6.6770,61.56
92.330,measure,4968.0,1344.0,6.6770,61.53
92.430,measure,4968.0,1336.0,6.6372,61.50
92.530,measure,4968.0,1344.0,6.6770,61.56
92.630,measure,4968.0,1344.0,6.6770,61.47
92.730,measure,4968.0,1336.0,6.6372,61.44
92.831,measure,4968.0,1344.0,6.6770,61.44
92.931,measure,4968.0,1344.0,6.6770,61.66
93.031,measure,4968.0,1336.0,6.6372,61.59
93.131,measure,4968.0,1344.0,6.6770,61.59
93.231,measure,4968.0,1336.0,6.6372,61.56
93.331,measure,4968.0,1336.0,6.6372,61.47
93.431,measure,4968.0,1344.0,6.6770,61.44
93.532,measure,4968.0,1344.0,6.6770,61.53
93.632,measure,4968.0,1336.0,6.6372,61.47
93.732,measure,4968.0,1344.0,6.6770,61.53
93.832,measure,4968.0,1344.0,6.6770,61.69
93.932,measure,4968.0,1336.0,6.6372,61.66
94.032,measure,4968.0,1344.0,6.6770,61.69
94.132,measure,4968.0,1344.0,6.6770,61.59
94.233,measure,4968.0,1336.0,6.6372,61.50
94.333,measure,4968.0,1344.0,6.6770,61.50
94.433,measure,4968.0,1344.0,6.6770,61.53
94.533,measure,4968.0,1344.0,6.6770,61.47
94.633,measure,4968.0,1344.0,6.6770,61.50
94.733,measure,4968.0,1344.0,6.6770,61.66
94.833,measure,4968.0,1344.0,6.6770,61.59
94.933,measure,4968.0,1344.0,6.6770,61.59
95.034,measure,4968.0,1352.0,6.7167,61.53
95.134,measure,4968.0,1344.0,6.6770,61.56
95.234,measure,4968.0,1336.0,6.6372,61.53
95.334,measure,4968.0,1344.0,6.6770,61.59
95.434,measure,4968.0,1344.0,6.6770,61.50
95.534,measure,4968.0,1336.0,6.6372,61.44
95.634,measure,4968.0,1344.0,6.6770,61.44
95.735,measure,4968.0,1344.0,6.6770,61.59
95.835,measure,4968.0,1336.0,6.6372,61.62
95.935,measure,4968.0,1344.0,6.6770,61.62
96.035,measure,4968.0,1344.0,6.6770,61.59
96.135,measure,4968.0,1336.0,6.6372,61.53
96.235,measure,4968.0,1344.0,6.6770,61.53
96.335,measure,4968.0,1344.0,6.6770,61.44
96.435,measure,4968.0,1336.0,6.6372,61.50
96.536,measure,4968.0,1344.0,6.6770,61.47
96.636,measure,4968.0,1344.0,6.6770,61.69
96.736,measure,4968.0,1336.0,6.6372,61.66
96.836,measure,4968.0,1344.0,6.6770,61.62
96.936,measure,4968.0,1344.0,6.6770,61.62
97.036,measure,4968.0,1336.0,6.6372,61.56
97.136,measure,4968.0,1344.0,6.6770,61.59
97.237,measure,4968.0,1344.0,6.6770,61.53
97.337,measure,4968.0,1336.0,6.6372,61.53
97.437,measure,4968.0,1344.0,6.6770,61.56
97.537,measure,4968.0,1344.0,6.6770,61.47
97.637,measure,4968.0,1336.0,6.6372,61.78
97.737,measure,4968.0,1344.0,6.6770,61.69
97.837,measure,4968.0,1344.0,6.6770,61.62
97.938,measure,4968.0,1344.0,6.6770,61.56
98.038,measure,4968.0,1344.0,6.6770,61.56
98.138,measure,4968.0,1344.0,6.6770,61.53
98.238,measure,4968.0,1344.0,6.6770,61.50
98.338,measure,4968.0,1344.0,6.6770,61.47
98.438,measure,4968.0,1344.0,6.6770,61.69
98.538,measure,4968.0,1336.0,6.6372,61.69
98.639,measure,4968.0,1336.0,6.6372,61.62
98.739,measure,4968.0,1344.0,6.6770,61.56
98.839,measure,4968.0,1344.0,6.6770,61.53
98.939,measure,4968.0,1336.0,6.6372,61.56
99.039,measure,4968.0,1344.0,6.6770,61.47
99.139,measure,4968.0,1344.0,6.6770,61.56
99.240,measure,4968.0,1336.0,6.6372,61.53
99.340,measure,4968.0,1344.0,6.6770,61.47
99.440,measure,4968.0,1336.0,6.6372,61.69
99.540,measure,4968.0,1336.0,6.6372,61.62
99.640,measure,4968.0,1344.0,6.6770,61.62
99.740,measure,4968.0,1344.0,6.6770,61.62
99.840,measure,4968.0,1336.0,6.6372,61.59
99.941,measure,4968.0,1344.0,6.6770,61.62
100.041,measure,4968.0,1344.0,6.6770,61.53
100.141,measure,4968.0,1336.0,6.6372,61.75
100.241,measure,4968.0,1344.0,6.6770,61.72
100.341,measure,4968.0,1336.0,6.6372,61.75
100.441,measure,4968.0,1336.0,6.6372,61.66
100.541,measure,4968.0,1344.0,6.6770,61.62
100.642,measure,4968.0,1336.0,6.6372,61.56
100.742,measure,4968.0,1328.0,6.5975,61.50
100.842,measure,4968.0,1336.0,6.6372,61.59
100.942,measure,4968.0,1336.0,6.6372,61.53
101.042,measure,4968.0,1336.0,6.6372,61.59
101.142,measure,4968.0,1336.0,6.6372,61.72
101.242,measure,4968.0,1336.0,6.6372,61.69
101.343,measure,4968.0,1328.0,6.5975,61.62
101.443,measure,4968.0,1336.0,6.6372,61.66
101.543,measure,4968.0,1336.0,6.6372,61.56
101.643,measure,4968.0,1336.0,6.6372,61.47
101.743,measure,4968.0,1344.0,6.6770,61.59
101.843,measure,4968.0,1344.0,6.6770,61.53
101.943,measure,4968.0,1336.0,6.6372,61.50
102.043,measure,4968.0,1344.0,6.6770,61.78
102.144,measure,4968.0,1344.0,6.6770,61.75
102.244,measure,4968.0,1344.0,6.6770,61.62
102.344,measure,4968.0,1344.0,6.6770,61.69
102.444,measure,4968.0,1344.0,6.6770,61.62
102.544,measure,4968.0,1344.0,6.6770,61.56
102.644,measure,4968.0,1344.0,6.6770,61.50
102.744,measure,4968.0,1344.0,6.6770,61.59
102.844,measure,4968.0,1344.0,6.6770,61.59
102.945,measure,4968.0,1344.0,6.6770,61.72
103.045,measure,4968.0,1352.0,6.7167,61.72
103.145,measure,4968.0,1344.0,6.6770,61.59
103.245,measure,4968.0,1336.0,6.6372,61.72
103.345,measure,4968.0,1344.0,6.6770,61.62
103.445,measure,4968.0,1344.0,6.6770,61.56
103.545,measure,4968.0,1336.0,6.6372,61.56
103.645,measure,4968.0,1344.0,6.6770,61.59
103.746,measure,4968.0,1344.0,6.6770,61.62
103.846,measure,4968.0,1336.0,6.6372,61.81
103.946,measure,4968.0,1344.0,6.6770,61.81
104.046,measure,4968.0,1344.0,6.6770,61.66
104.146,measure,4968.0,1336.0,6.6372,61.69
104.246,measure,4968.0,1344.0,6.6770,61.56
104.346,measure,4968.0,1344.0,6.6770,61.66
104.446,measure,4968.0,1336.0,6.6372,61.56
104.547,measure,4968.0,1344.0,6.6770,61.62
104.647,measure,4968.0,1344.0,6.6770,61.56
104.747,measure,4968.0,1344.0,6.6770,61.53
104.847,measure,4968.0,1344.0,6.6770,61.78
104.947,measure,4968.0,1344.0,6.6770,61.72
105.047,measure,4968.0,1344.0,6.6770,61.72
105.147,measure,4968.0,1344.0,6.6770,61.62
105.248,measure,4968.0,1344.0,6.6770,61.66
105.348,measure,4968.0,1344.0,6.6770,61.59
105.448,measure,4968.0,1336.0,6.6372,61.59
105.548,measure,4968.0,1344.0,6.6770,61.56
105.648,measure,4968.0,1344.0,6.6770,61.56
105.748,measure,4968.0,1336.0,6.6372,61.69
105.848,measure,4968.0,1344.0,6.6770,61.69
105.948,measure,4968.0,1344.0,6.6770,61.62
106.049,measure,4968.0,1336.0,6.6372,61.59
106.149,measure,4968.0,1344.0,6.6770,61.69
106.249,measure,4968.0,1336.0,6.6372,61.59
106.349,measure,4968.0,1336.0,6.6372,61.62
106.449,measure,4968.0,1344.0,6.6770,61.53
106.549,measure,4968.0,1336.0,6.6372,61.53
106.649,measure,4968.0,1336.0,6.6372,61.78
106.750,measure,4968.0,1344.0,6.6770,61.69
106.850,measure,4968.0,1336.0,6.6372,61.69
106.950,measure,4968.0,1336.0,6.6372,61.69
107.050,measure,4968.0,1344.0,6.6770,61.62
107.150,measure,4968.0,1336.0,6.6372,61.50
107.250,measure,4968.0,1328.0,6.5975,61.53
107.350,measure,4968.0,1336.0,6.6372,61.53
107.450,measure,4968.0,1336.0,6.6372,61.56
107.551,measure,4968.0,1328.0,6.5975,61.75
107.651,measure,4968.0,1336.0,6.6372,61.72
107.751,measure,4968.0,1336.0,6.6372,61.75
107.851,measure,4968.0,1336.0,6.6372,61.59
107.951,measure,4968.0,1344.0,6.6770,61.66
108.051,measure,4968.0,1336.0,6.6372,61.75
108.151,measure,4968.0,1336.0,6.6372,61.62
108.252,measure,4968.0,1344.0,6.6770,61.66
108.352,measure,4968.0,1336.0,6.6372,61.56
108.452,measure,4968.0,1336.0,6.6372,61.81
108.552,measure,4968.0,1344.0,6.6770,61.69
108.652,measure,4968.0,1344.0,6.6770,61.69
108.752,measure,4968.0,1336.0,6.6372,61.72
108.852,measure,4968.0,1344.0,6.6770,61.66
108.952,measure,4968.0,1344.0,6.6770,61.62
109.053,measure,4968.0,1336.0,6.6372,61.62
109.153,measure,4968.0,1344.0,6.6770,61.62
109.253,measure,4968.0,1336.0,6.6372,61.66
109.353,measure,4968.0,1336.0,6.6372,61.75
109.453,measure,4968.0,1344.0,6.6770,61.81
109.553,measure,4968.0,1336.0,6.6372,61.75
109.653,measure,4968.0,1336.0,6.6372,61.69
109.753,measure,4968.0,1344.0,6.6770,61.72
109.854,measure,4968.0,1336.0,6.6372,61.66
109.954,measure,4968.0,1336.0,6.6372,61.59
110.054,measure,4968.0,1344.0,6.6770,61.66
110.154,measure,4968.0,1336.0,6.6372,61.62
110.254,measure,4968.0,1336.0,6.6372,61.78
110.354,measure,4968.0,1344.0,6.6770,61.75
110.454,measure,4968.0,1336.0,6.6372,61.75
110.555,measure,4968.0,1336.0,6.6372,61.69
110.655,measure,4968.0,1344.0,6.6770,61.62
110.755,measure,4968.0,1344.0,6.6770,61.66
110.855,measure,4968.0,1336.0,6.6372,61.66
110.955,measure,4968.0,1344.0,6.6770,61.62
111.055,measure,4968.0,1344.0,6.6770,61.56
111.155,measure,4968.0,1336.0,6.6372,61.84
111.255,measure,4968.0,1344.0,6.6770,61.84
111.356,measure,4968.0,1344.0,6.6770,61.72
111.456,measure,4968.0,1336.0,6.6372,61.78
111.556,measure,4968.0,1344.0,6.6770,61.69
111.656,measure,4968.0,1344.0,6.6770,61.59
111.756,measure,4968.0,1336.0,6.6372,61.66
111.856,measure,4968.0,1344.0,6.6770,61.66
111.956,measure,4968.0,1344.0,6.6770,61.88
112.056,measure,4968.0,1336.0,6.6372,61.81
112.157,measure,4968.0,1344.0,6.6770,61.75
112.257,measure,4968.0,1344.0,6.6770,61.72
112.357,measure,4968.0,1336.0,6.6372,61.69
112.457,measure,4968.0,1336.0,6.6372,61.62
112.557,measure,4968.0,1344.0,6.6770,61.78
112.657,measure,4968.0,1336.0,6.6372,61.62
112.757,measure,4968.0,1344.0,6.6770,61.69
112.857,measure,4968.0,1344.0,6.6770,61.84
112.958,measure,4968.0,1344.0,6.6770,61.84
113.058,measure,4968.0,1336.0,6.6372,61.78
113.158,measure,4968.0,1344.0,6.6770,61.69
113.258,measure,4968.0,1344.0,6.6770,61.66
113.358,measure,4968.0,1336.0,6.6372,61.62
113.458,measure,4968.0,1344.0,6.6770,61.69
113.558,measure,4968.0,1344.0,6.6770,61.69
113.658,measure,4968.0,1336.0,6.6372,61.62
113.759,measure,4968.0,1344.0,6.6770,61.62
113.859,measure,4968.0,1344.0,6.6770,61.91
113.959,measure,4968.0,1336.0,6.6372,61.84
114.059,measure,4968.0,1344.0,6.6770,61.84
114.159,measure,4968.0,1344.0,6.6770,61.75
114.259,measure,4968.0,1336.0,6.6372,61.69
114.359,measure,4968.0,1344.0,6.6770,61.72
114.460,measure,4968.0,1344.0,6.6770,61.69
114.560,measure,4968.0,1336.0,6.6372,61.62
114.660,measure,4968.0,1344.0,6.6770,61.66
114.760,measure,4968.0,1344.0,6.6770,61.91
114.860,measure,4968.0,1336.0,6.6372,61.84
114.960,measure,4968.0,1344.0,6.6770,61.75
115.060,measure,4968.0,1344.0,6.6770,61.75
115.160,measure,4968.0,1336.0,6.6372,61.62
115.261,measure,4968.0,1344.0,6.6770,61.69
115.361,measure,4968.0,1344.0,6.6770,61.69
115.461,measure,4968.0,1336.0,6.6372,61.62
115.561,measure,4968.0,1344.0,6.6770,61.62
115.661,measure,4968.0,1344.0,6.6770,61.69
115.761,measure,4968.0,1336.0,6.6372,61.84
115.861,measure,4968.0,1344.0,6.6770,61.69
115.961,measure,4968.0,1344.0,6.6770,61.78
116.062,measure,4968.0,1336.0,6.6372,61.69
116.162,measure,4968.0,1336.0,6.6372,61.78
116.262,measure,4968.0,1344.0,6.6770,61.69
116.362,measure,4968.0,1344.0,6.6770,61.62
116.462,measure,4968.0,1336.0,6.6372,61.62
116.562,measure,4968.0,1344.0,6.6770,61.66
116.662,measure,4968.0,1344.0,6.6770,61.94
116.763,measure,4968.0,1336.0,6.6372,61.78
116.863,measure,4968.0,1344.0,6.6770,61.78
116.963,measure,4968.0,1344.0,6.6770,61.75
117.063,measure,4968.0,1336.0,6.6372,61.78
117.163,measure,4968.0,1344.0,6.6770,61.72
117.263,measure,4968.0,1344.0,6.6770,61.62
117.363,measure,4968.0,1336.0,6.6372,61.62
117.463,measure,4968.0,1344.0,6.6770,61.72
117.564,measure,4968.0,1344.0,6.6770,61.81
117.664,measure,4968.0,1336.0,6.6372,61.84
117.764,measure,4968.0,1344.0,6.6770,61.78
117.864,measure,4968.0,1344.0,6.6770,61.78
117.964,measure,4968.0,1336.0,6.6372,61.72
118.064,measure,4968.0,1344.0,6.6770,61.62
118.164,measure,4968.0,1344.0,6.6770,61.62
118.265,measure,4968.0,1336.0,6.6372,61.69
118.365,measure,4968.0,1344.0,6.6770,61.62
118.465,measure,4968.0,1344.0,6.6770,61.88
118.565,measure,4968.0,1344.0,6.6770,61.81
118.665,measure,4968.0,1344.0,6.6770,61.81
118.765,measure,4968.0,1344.0,6.6770,61.78
118.865,measure,4968.0,1336.0,6.6372,61.78
118.965,measure,4968.0,1344.0,6.6770,61.69
119.066,measure,4968.0,1344.0,6.6770,61.72
119.166,measure,4968.0,1336.0,6.6372,61.69
119.266,measure,4968.0,1336.0,6.6372,61.69
119.366,measure,4968.0,1344.0,6.6770,61.78
119.466,measure,4968.0,1336.0,6.6372,61.84
119.566,measure,4968.0,1344.0,6.6770,61.84
119.666,measure,4968.0,1344.0,6.6770,61.75
119.767,measure,4968.0,1336.0,6.6372,61.75
119.867,measure,4968.0,1336.0,6.6372,61.62
119.967,measure,4968.0,1344.0,6.6770,61.69
120.067,measure,4968.0,1344.0,6.6770,61.69
120.167,measure,4968.0,1336.0,6.6372,61.69
120.267,measure,4968.0,1344.0,6.6770,61.84
120.367,measure,4968.0,1344.0,6.6770,61.84
120.467,measure,4968.0,1336.0,6.6372,61.84
120.568,measure,4968.0,1344.0,6.6770,61.75
120.668,measure,4968.0,1344.0,6.6770,61.66
120.768,measure,4968.0,1336.0,6.6372,61.75
120.868,measure,4968.0,1344.0,6.6770,61.69
120.968,measure,4968.0,1344.0,6.6770,61.69
121.068,measure,4968.0,1336.0,6.6372,61.72
121.168,measure,4968.0,1344.0,6.6770,61.81
121.269,measure,4968.0,1344.0,6.6770,61.81
121.369,measure,4968.0,1336.0,6.6372,61.81
121.469,measure,4968.0,1344.0,6.6770,61.81
121.569,measure,4968.0,1344.0,6.6770,61.81
121.669,measure,4968.0,1336.0,6.6372,61.72
121.769,measure,4968.0,1344.0,6.6770,61.72
121.869,measure,4968.0,1344.0,6.6770,61.66
121.970,measure,4968.0,1336.0,6.6372,61.75
122.070,measure,4968.0,1344.0,6.6770,61.84
122.170,measure,4968.0,1344.0,6.6770,61.84
122.270,measure,4968.0,1344.0,6.6770,61.81
122.370,measure,4968.0,1344.0,6.6770,61.75
122.470,measure,4968.0,1344.0,6.6770,61.75
122.570,measure,4968.0,1344.0,6.6770,61.69
122.670,measure,4968.0,1344.0,6.6770,61.69
122.771,measure,4968.0,1344.0,6.6770,61.69
122.871,measure,4968.0,1344.0,6.6770,61.75
122.971,measure,4968.0,1336.0,6.6372,61.94
123.071,measure,4968.0,1352.0,6.7167,61.84
123.171,measure,4968.0,1344.0,6.6770,61.81
123.271,measure,4968.0,1336.0,6.6372,61.75
123.371,measure,4968.0,1344.0,6.6770,61.81
123.472,measure,4968.0,1344.0,6.6770,61.78
123.572,measure,4968.0,1336.0,6.6372,61.72
123.672,measure,4968.0,1344.0,6.6770,61.72
123.772,measure,4968.0,1344.0,6.6770,61.66
123.872,measure,4968.0,1336.0,6.6372,61.88
123.972,measure,4968.0,1344.0,6.6770,61.94
124.072,measure,4968.0,1344.0,6.6770,61.84
124.173,measure,4968.0,1336.0,6.6372,61.81
124.273,measure,4968.0,1344.0,6.6770,61.84
124.373,measure,4968.0,1344.0,6.6770,61.81
124.473,measure,4968.0,1344.0,6.6770,61.75
124.573,measure,4968.0,1344.0,6.6770,61.75
124.673,measure,4968.0,1344.0,6.6770,61.66
124.773,measure,4968.0,1336.0,6.6372,61.91
124.873,measure,4968.0,1344.0,6.6770,61.88
124.974,measure,4968.0,1344.0,6.6770,61.84
125.074,measure,4968.0,1336.0,6.6372,61.78
125.174,measure,4968.0,1336.0,6.6372,61.75
125.274,measure,4968.0,1344.0,6.6770,61.81
125.374,measure,4968.0,1336.0,6.6372,61.78
125.474,measure,4968.0,1336.0,6.6372,61.78
125.574,measure,4968.0,1344.0,6.6770,61.69
125.674,measure,4968.0,1336.0,6.6372,61.97
125.775,measure,4968.0,1344.0,6.6770,62.00
125.875,measure,4968.0,1344.0,6.6770,61.91
125.975,measure,4968.0,1336.0,6.6372,61.75
126.075,measure,4968.0,1344.0,6.6770,61.84
126.175,measure,4968.0,1344.0,6.6770,61.78
126.275,measure,4968.0,1344.0,6.6770,61.84
126.375,measure,4968.0,1344.0,6.6770,61.78
126.475,measure,4968.0,1344.0,6.6770,61.75
126.576,measure,4968.0,1344.0,6.6770,62.00
126.676,measure,4968.0,1344.0,6.6770,61.94
126.776,measure,4968.0,1352.0,6.7167,61.91
126.876,measure,4968.0,1344.0,6.6770,61.84
126.976,measure,4968.0,1344.0,6.6770,61.81
127.076,measure,4968.0,1352.0,6.7167,61.78
127.176,measure,4968.0,1344.0,6.6770,61.81
127.277,measure,4968.0,1336.0,6.6372,61.75
127.377,measure,4968.0,1344.0,6.6770,61.84
127.477,measure,4968.0,1344.0,6.6770,61.75
127.577,measure,4968.0,1336.0,6.6372,61.97
127.677,measure,4968.0,1344.0,6.6770,61.84
127.777,measure,4968.0,1344.0,6.6770,61.84
127.877,measure,4968.0,1336.0,6.6372,61.84
127.977,measure,4968.0,1344.0,6.6770,61.84
128.078,measure,4968.0,1344.0,6.6770,61.81
128.178,measure,4968.0,1336.0,6.6372,61.75
128.278,measure,4968.0,1344.0,6.6770,61.75
128.378,measure,4968.0,1344.0,6.6770,61.69
128.478,measure,4968.0,1336.0,6.6372,61.97
128.578,measure,4968.0,1344.0,6.6770,61.91
128.678,measure,4968.0,1344.0,6.6770,61.84
128.779,measure,4968.0,1344.0,6.6770,61.84
128.879,measure,4968.0,1344.0,6.6770,61.91
128.979,measure,4968.0,1344.0,6.6770,61.78
129.079,measure,4968.0,1344.0,6.6770,61.72
129.179,measure,4968.0,1344.0,6.6770,61.75
129.279,measure,4968.0,1344.0,6.6770,61.72
129.379,measure,4968.0,1344.0,6.6770,62.03
129.479,measure,4968.0,1344.0,6.6770,61.94
129.580,measure,4968.0,1352.0,6.7167,61.88
129.680,measure,4968.0,1344.0,6.6770,61.88
129.780,measure,4968.0,1344.0,6.6770,61.75
129.880,measure,4968.0,1352.0,6.7167,61.84
129.980,measure,4968.0,1344.0,6.6770,61.75
130.080,measure,4968.0,1344.0,6.6770,61.78
130.180,measure,4968.0,1352.0,6.7167,61.78
130.281,measure,4968.0,1344.0,6.6770,61.72
130.381,measure,4968.0,1344.0,6.6770,61.94
130.481,measure,4968.0,1352.0,6.7167,61.84
130.581,measure,4968.0,1344.0,6.6770,61.84
130.681,measure,4968.0,1336.0,6.6372,61.78
130.781,measure,4968.0,1344.0,6.6770,61.84
130.881,measure,4968.0,1344.0,6.6770,61.78
130.981,measure,4968.0,1336.0,6.6372,61.84
131.082,measure,4968.0,1344.0,6.6770,61.78
131.182,measure,4968.0,1344.0,6.6770,61.75
131.282,measure,4968.0,1336.0,6.6372,61.88
131.382,measure,4968.0,1344.0,6.6770,61.91
131.482,measure,4968.0,1344.0,6.6770,61.91
131.582,measure,4968.0,1336.0,6.6372,61.84
131.682,measure,4968.0,1344.0,6.6770,61.81
131.782,measure,4968.0,1344.0,6.6770,61.84
131.883,measure,4968.0,1344.0,6.6770,61.75
131.983,measure,4968.0,1344.0,6.6770,61.84
132.083,measure,4968.0,1352.0,6.7167,62.03
132.183,measure,4968.0,1344.0,6.6770,61.91
132.283,measure,4968.0,1344.0,6.6770,61.91
132.383,measure,4968.0,1352.0,6.7167,61.88
132.483,measure,4968.0,1344.0,6.6770,61.84
132.583,measure,4968.0,1344.0,6.6770,61.84
132.684,measure,4968.0,1352.0,6.7167,61.84
132.784,measure,4968.0,1344.0,6.6770,61.81
132.884,measure,4968.0,1344.0,6.6770,61.72
132.984,measure,4968.0,1352.0,6.7167,61.97
133.084,measure,4968.0,1344.0,6.6770,61.88
133.184,measure,4968.0,1344.0,6.6770,61.94
133.284,measure,4968.0,1344.0,6.6770,61.88
133.384,measure,4968.0,1344.0,6.6770,61.84
133.485,measure,4968.0,1336.0,6.6372,61.81
133.585,measure,4968.0,1344.0,6.6770,61.81
133.685,measure,4968.0,1344.0,6.6770,61.75
133.785,measure,4968.0,1336.0,6.6372,61.81
133.885,measure,4968.0,1344.0,6.6770,61.97
133.985,measure,4968.0,1344.0,6.6770,61.91
134.085,measure,4968.0,1336.0,6.6372,62.00
134.185,measure,4968.0,1344.0,6.6770,61.91
134.286,measure,4968.0,1344.0,6.6770,61.84
134.386,measure,4968.0,1336.0,6.6372,61.78
134.486,measure,4968.0,1344.0,6.6770,61.84
134.586,measure,4968.0,1344.0,6.6770,61.78
134.686,measure,4968.0,1344.0,6.6770,61.75
134.786,measure,4968.0,1344.0,6.6770,62.00
134.886,measure,4968.0,1344.0,6.6770,62.00
134.986,measure,4968.0,1344.0,6.6770,61.94
135.087,measure,4968.0,1344.0,6.6770,61.84
135.187,measure,4968.0,1344.0,6.6770,61.84
135.287,measure,4968.0,1344.0,6.6770,61.81
135.387,measure,4968.0,1344.0,6.6770,61.84
135.487,measure,4968.0,1344.0,6.6770,61.72
135.587,measure,4968.0,1344.0,6.6770,61.81
135.687,measure,4968.0,1336.0,6.6372,62.03
135.788,measure,4968.0,1344.0,6.6770,62.06
135.888,measure,4968.0,1344.0,6.6770,61.94
135.988,measure,4968.0,1336.0,6.6372,61.88
136.088,measure,4968.0,1344.0,6.6770,61.91
136.188,measure,4968.0,1344.0,6.6770,61.84
136.288,measure,4968.0,1336.0,6.6372,61.84
136.389,measure,4968.0,1344.0,6.6770,61.81
136.489,measure,4968.0,1344.0,6.6770,61.84
136.589,measure,4968.0,1336.0,6.6372,62.12
136.689,measure,4968.0,1344.0,6.6770,62.00
136.789,measure,4968.0,1344.0,6.6770,62.03
136.889,measure,4968.0,1336.0,6.6372,61.88
136.989,measure,4968.0,1344.0,6.6770,61.88
137.089,measure,4968.0,1344.0,6.6770,61.84
137.190,measure,4968.0,1336.0,6.6372,61.75
137.290,measure,4968.0,1344.0,6.6770,61.84
137.390,measure,4968.0,1344.0,6.6770,61.84
137.490,measure,4968.0,1344.0,6.6770,62.06
137.590,measure,4968.0,1344.0,6.6770,61.94
137.690,measure,4968.0,1344.0,6.6770,61.97
137.790,measure,4968.0,1344.0,6.6770,61.94
137.890,measure,4968.0,1344.0,6.6770,61.81
137.991,measure,4968.0,1344.0,6.6770,61.84
138.091,measure,4968.0,1344.0,6.6770,61.84
138.191,measure,4968.0,1344.0,6.6770,61.88
138.291,measure,4968.0,1352.0,6.7167,61.78
138.391,measure,4968.0,1344.0,6.6770,62.03
138.491,measure,4968.0,1344.0,6.6770,62.00
138.592,measure,4968.0,1352.0,6.7167,62.00
138.692,measure,4968.0,1344.0,6.6770,61.94
138.792,measure,4968.0,1336.0,6.6372,61.91
138.892,measure,4968.0,1344.0,6.6770,61.84
138.992,measure,4968.0,1344.0,6.6770,61.78
139.092,measure,4968.0,1336.0,6.6372,61.81
139.192,measure,4968.0,1344.0,6.6770,61.81
139.293,measure,4968.0,1344.0,6.6770,61.84
139.393,measure,4968.0,1336.0,6.6372,62.09
139.493,measure,4968.0,1344.0,6.6770,62.03
139.593,measure,4968.0,1344.0,6.6770,61.94
139.693,measure,4968.0,1336.0,6.6372,61.84
139.793,measure,4968.0,1344.0,6.6770,61.84
139.893,measure,4968.0,1344.0,6.6770,61.84
139.993,measure,4968.0,1336.0,6.6372,61.78
140.094,measure,4968.0,1344.0,6.6770,61.84
140.194,measure,4968.0,1344.0,6.6770,61.78
140.294,measure,4968.0,1336.0,6.6372,62.09
140.394,measure,4968.0,1344.0,6.6770,61.97
140.494,measure,4968.0,1344.0,6.6770,61.91
140.594,measure,4968.0,1336.0,6.6372,61.94
140.694,measure,4968.0,1344.0,6.6770,61.88
140.795,measure,4968.0,1344.0,6.6770,61.84
140.895,measure,4968.0,1344.0,6.6770,61.81
140.995,measure,4968.0,1344.0,6.6770,61.84
141.095,measure,4968.0,1344.0,6.6770,61.88
141.195,measure,4968.0,1344.0,6.6770,61.84
141.295,measure,4968.0,1344.0,6.6770,62.09
141.395,measure,4968.0,1344.0,6.6770,61.88
141.495,measure,4968.0,1344.0,6.6770,61.91
141.596,measure,4968.0,1344.0,6.6770,61.88
141.696,measure,4968.0,1352.0,6.7167,61.91
141.796,measure,4968.0,1344.0,6.6770,61.84
141.896,measure,4968.0,1344.0,6.6770,61.84
141.996,measure,4968.0,1344.0,6.6770,61.88
142.096,measure,4968.0,1344.0,6.6770,61.88
142.196,measure,4968.0,1336.0,6.6372,62.00
142.296,measure,4968.0,1344.0,6.6770,61.97
142.397,measure,4968.0,1344.0,6.6770,61.97
142.497,measure,4968.0,1336.0,6.6372,61.84
142.597,measure,4968.0,1344.0,6.6770,61.81
142.697,measure,4968.0,1336.0,6.6372,61.88
142.797,measure,4968.0,1336.0,6.6372,61.84
142.897,measure,4968.0,1344.0,6.6770,61.84
142.997,measure,4968.0,1344.0,6.6770,61.75
143.098,measure,4968.0,1336.0,6.6372,61.94
143.198,measure,4968.0,1344.0,6.6770,61.97
143.298,measure,4968.0,1344.0,6.6770,61.88
143.398,measure,4968.0,1336.0,6.6372,61.84
143.498,measure,4968.0,1344.0,6.6770,61.91
143.598,measure,4968.0,1344.0,6.6770,61.84
143.698,measure,4968.0,1336.0,6.6372,61.84
143.799,measure,4968.0,1344.0,6.6770,61.84
143.899,measure,4968.0,1344.0,6.6770,61.81
143.999,measure,4968.0,1344.0,6.6770,61.97
144.099,measure,4968.0,1344.0,6.6770,61.91
144.199,measure,4968.0,1344.0,6.6770,61.84
144.299,measure,4968.0,1336.0,6.6372,61.84
144.399,measure,4968.0,1344.0,6.6770,61.91
144.499,measure,4968.0,1344.0,6.6770,61.84
144.600,measure,4968.0,1336.0,6.6372,61.84
144.700,measure,4968.0,1344.0,6.6770,61.84
144.800,measure,4968.0,1344.0,6.6770,61.88
144.900,measure,4968.0,1336.0,6.6372,62.09
145.000,measure,4968.0,1344.0,6.6770,61.94
145.100,measure,4968.0,1344.0,6.6770,61.91
145.200,measure,4968.0,1336.0,6.6372,61.97
145.300,measure,4968.0,1344.0,6.6770,61.84
145.401,measure,4968.0,1344.0,6.6770,61.88
145.501,measure,4968.0,1336.0,6.6372,61.88
145.601,measure,4968.0,1336.0,6.6372,61.84
145.701,measure,4968.0,1344.0,6.6770,61.78
145.801,measure,4968.0,1344.0,6.6770,62.03
145.901,measure,4968.0,1344.0,6.6770,62.03
146.001,measure,4968.0,1344.0,6.6770,61.91
146.101,measure,4968.0,1344.0,6.6770,61.94
146.202,measure,4968.0,1344.0,6.6770,61.97
146.302,measure,4968.0,1344.0,6.6770,61.84
146.402,measure,4968.0,1336.0,6.6372,61.84
146.502,measure,4968.0,1336.0,6.6372,61.84
146.602,measure,4968.0,1344.0,6.6770,62.09
146.702,measure,4968.0,1336.0,6.6372,62.06
146.802,measure,4968.0,1336.0,6.6372,62.06
146.903,measure,4968.0,1344.0,6.6770,61.97
147.003,measure,4968.0,1344.0,6.6770,61.91
147.103,measure,4968.0,1336.0,6.6372,61.88
147.203,measure,4968.0,1344.0,6.6770,61.94
147.303,measure,4968.0,1336.0,6.6372,61.88
147.403,measure,4968.0,1336.0,6.6372,61.84
147.503,measure,4968.0,1344.0,6.6770,61.84
147.603,measure,4968.0,1336.0,6.6372,62.06
147.704,measure,4968.0,1336.0,6.6372,62.03
147.804,measure,4968.0,1344.0,6.6770,62.00
147.904,measure,4968.0,1336.0,6.6372,61.97
148.004,measure,4968.0,1336.0,6.6372,61.88
148.104,measure,4968.0,1344.0,6.6770,61.84
148.204,measure,4968.0,1336.0,6.6372,61.84
148.304,measure,4968.0,1336.0,6.6372,61.91
148.405,measure,4968.0,1344.0,6.6770,61.84
148.505,measure,4968.0,1344.0,6.6770,62.06
148.605,measure,4968.0,1336.0,6.6372,62.06
148.705,measure,4968.0,1344.0,6.6770,61.97
148.805,measure,4968.0,1344.0,6.6770,61.97
148.905,measure,4968.0,1336.0,6.6372,61.91
149.005,measure,4968.0,1344.0,6.6770,61.91
149.105,measure,4968.0,1336.0,6.6372,61.91
149.206,measure,4968.0,1336.0,6.6372,61.84
149.306,measure,4968.0,1344.0,6.6770,62.12
149.406,measure,4968.0,1344.0,6.6770,62.09
149.506,measure,4968.0,1336.0,6.6372,62.06
149.606,measure,4968.0,1344.0,6.6770,61.88
149.706,measure,4968.0,1344.0,6.6770,61.84
149.806,measure,4968.0,1336.0,6.6372,61.94
149.906,measure,4968.0,1344.0,6.6770,61.91
150.007,measure,4968.0,1344.0,6.6770,61.94
150.107,measure,4968.0,1336.0,6.6372,61.84
150.207,measure,4968.0,1344.0,6.6770,61.91
150.307,measure,4968.0,1344.0,6.6770,62.09
150.407,measure,4968.0,1336.0,6.6372,62.09
150.507,measure,4968.0,1344.0,6.6770,61.97
150.607,measure,4968.0,1344.0,6.6770,61.97
150.707,measure,4968.0,1344.0,6.6770,61.94
150.808,measure,4968.0,1344.0,6.6770,62.00
150.908,measure,4968.0,1344.0,6.6770,61.84
151.008,measure,4968.0,1344.0,6.6770,61.91
151.108,measure,4968.0,1344.0,6.6770,61.91
151.208,measure,4968.0,1344.0,6.6770,62.16
151.308,measure,4968.0,1344.0,6.6770,62.19
151.408,measure,4968.0,1344.0,6.6770,62.06
151.509,measure,4968.0,1344.0,6.6770,61.97
151.609,measure,4968.0,1344.0,6.6770,61.88
151.709,measure,4968.0,1344.0,6.6770,61.94
151.809,measure,4968.0,1344.0,6.6770,61.91
151.909,measure,4968.0,1344.0,6.6770,61.91
152.009,measure,4968.0,1336.0,6.6372,61.88
152.110,measure,4968.0,1344.0,6.6770,62.09
152.210,measure,4968.0,1344.0,6.6770,62.06
152.310,measure,4968.0,1336.0,6.6372,61.97
152.410,measure,4968.0,1344.0,6.6770,61.94
152.510,measure,4968.0,1344.0,6.6770,61.91
152.610,measure,4968.0,1336.0,6.6372,61.94
152.711,measure,4968.0,1344.0,6.6770,61.91
152.811,measure,4968.0,1344.0,6.6770,61.91
152.911,measure,4968.0,1336.0,6.6372,61.91
153.011,measure,4968.0,1344.0,6.6770,61.84
153.111,measure,4968.0,1344.0,6.6770,62.12
153.211,measure,4968.0,1336.0,6.6372,62.00
153.311,measure,4968.0,1344.0,6.6770,62.03
153.411,measure,4968.0,1344.0,6.6770,61.91
153.512,measure,4968.0,1336.0,6.6372,61.88
153.612,measure,4968.0,1344.0,6.6770,61.97
153.712,measure,4968.0,1344.0,6.6770,61.91
153.812,measure,4968.0,1344.0,6.6770,61.94
153.912,measure,4968.0,1344.0,6.6770,61.88
154.012,measure,4968.0,1344.0,6.6770,62.19
154.112,measure,4968.0,1344.0,6.6770,62.03
154.212,measure,4968.0,1344.0,6.6770,62.06
154.313,measure,4968.0,1344.0,6.6770,61.91
154.413,measure,4968.0,1344.0,6.6770,61.94
154.513,measure,4968.0,1344.0,6.6770,61.94
154.613,measure,4968.0,1344.0,6.6770,61.91
154.713,measure,4968.0,1344.0,6.6770,61.84
154.813,measure,4968.0,1344.0,6.6770,61.81
154.913,measure,4968.0,1352.0,6.7167,62.09
155.013,measure,4968.0,1344.0,6.6770,62.06
155.114,measure,4968.0,1336.0,6.6372,62.09
155.214,measure,4968.0,1344.0,6.6770,62.00
155.314,measure,4968.0,1344.0,6.6770,62.00
155.414,measure,4968.0,1336.0,6.6372,61.84
155.514,measure,4968.0,1344.0,6.6770,61.94
155.614,measure,4968.0,1336.0,6.6372,61.97
155.714,measure,4968.0,1336.0,6.6372,61.91
155.814,measure,4968.0,1344.0,6.6770,62.06
155.915,measure,4968.0,1344.0,6.6770,62.06
156.015,measure,4968.0,1336.0,6.6372,61.97
156.115,measure,4968.0,1344.0,6.6770,61.97
156.215,measure,4968.0,1344.0,6.6770,61.84
156.315,measure,4968.0,1336.0,6.6372,61.91
156.415,measure,4968.0,1344.0,6.6770,61.97
156.515,measure,4968.0,1344.0,6.6770,61.88
156.615,measure,4968.0,1336.0,6.6372,61.88
156.716,measure,4968.0,1344.0,6.6770,62.06
156.816,measure,4968.0,1344.0,6.6770,62.12
156.916,measure,4968.0,1336.0,6.6372,62.16
157.016,measure,4968.0,1344.0,6.6770,62.00
157.116,measure,4968.0,1344.0,6.6770,61.91
157.216,measure,4968.0,1336.0,6.6372,61.97
157.316,measure,4968.0,1344.0,6.6770,61.97
157.417,measure,4968.0,1344.0,6.6770,62.00
157.517,measure,4968.0,1336.0,6.6372,61.94
157.617,measure,4968.0,1344.0,6.6770,61.88
157.717,measure,4968.0,1344.0,6.6770,62.03
157.817,measure,4968.0,1336.0,6.6372,62.06
157.917,measure,4968.0,1344.0,6.6770,62.00
158.017,measure,4968.0,1344.0,6.6770,62.00
158.117,measure,4968.0,1336.0,6.6372,61.94
158.218,measure,4968.0,1344.0,6.6770,62.00
158.318,measure,4968.0,1344.0,6.6770,61.97
158.418,measure,4968.0,1344.0,6.6770,61.88
158.518,measure,4968.0,1344.0,6.6770,62.22
158.618,measure,4968.0,1344.0,6.6770,62.09
158.718,measure,4968.0,1344.0,6.6770,62.00
158.818,measure,4968.0,1344.0,6.6770,62.03
158.919,measure,4968.0,1344.0,6.6770,62.03
159.019,measure,4968.0,1344.0,6.6770,62.03
159.119,measure,4968.0,1336.0,6.6372,61.88
159.219,measure,4968.0,1344.0,6.6770,61.94
159.319,measure,4968.0,1344.0,6.6770,61.97
159.419,measure,4968.0,1336.0,6.6372,62.19
159.520,measure,4968.0,1344.0,6.6770,62.00
159.620,measure,4968.0,1344.0,6.6770,62.03
159.720,measure,4968.0,1336.0,6.6372,62.00
159.820,measure,4968.0,1344.0,6.6770,62.00
159.920,measure,4968.0,1344.0,6.6770,62.03
160.020,measure,4968.0,1336.0,6.6372,62.03
160.120,measure,4968.0,1344.0,6.6770,62.00
160.220,measure,4968.0,1344.0,6.6770,61.94
160.321,measure,4968.0,1336.0,6.6372,62.16
160.421,measure,4968.0,1344.0,6.6770,62.12
160.521,measure,4968.0,1344.0,6.6770,62.12
160.621,measure,4968.0,1336.0,6.6372,62.06
160.721,measure,4968.0,1344.0,6.6770,62.00
160.821,measure,4968.0,1344.0,6.6770,61.91
160.921,measure,4968.0,1336.0,6.6372,62.03
161.021,measure,4968.0,1344.0,6.6770,61.97
161.122,measure,4968.0,1344.0,6.6770,61.84
161.222,measure,4968.0,1336.0,6.6372,62.19
161.322,measure,4968.0,1344.0,6.6770,62.16
161.422,measure,4968.0,1344.0,6.6770,62.16
161.522,measure,4968.0,1336.0,6.6372,62.03
161.622,measure,4968.0,1344.0,6.6770,62.03
161.722,measure,4968.0,1344.0,6.6770,62.00
161.823,measure,4968.0,1344.0,6.6770,62.00
161.923,measure,4968.0,1344.0,6.6770,62.00
162.023,measure,4968.0,1344.0,6.6770,61.97
162.123,measure,4968.0,1344.0,6.6770,62.16
162.223,measure,4968.0,1344.0,6.6770,62.12
162.323,measure,4968.0,1344.0,6.6770,62.12
162.423,measure,4968.0,1344.0,6.6770,62.06
162.523,measure,4968.0,1344.0,6.6770,62.06
162.624,measure,4968.0,1344.0,6.6770,61.97
162.724,measure,4968.0,1344.0,6.6770,61.97
162.824,measure,4968.0,1336.0,6.6372,62.00
162.924,measure,4968.0,1344.0,6.6770,61.97
163.024,measure,4968.0,1344.0,6.6770,62.28
163.124,measure,4968.0,1336.0,6.6372,62.16
163.224,measure,4968.0,1344.0,6.6770,62.12
163.325,measure,4968.0,1344.0,6.6770,62.00
163.425,measure,4968.0,1336.0,6.6372,62.06
163.525,measure,4968.0,1344.0,6.6770,62.00
163.625,measure,4968.0,1336.0,6.6372,62.00
163.725,measure,4968.0,1336.0,6.6372,61.97
163.825,measure,4968.0,1344.0,6.6770,62.03
163.925,measure,4968.0,1344.0,6.6770,61.91
164.025,measure,4968.0,1336.0,6.6372,62.16
164.126,measure,4968.0,1344.0,6.6770,62.16
164.226,measure,4968.0,1344.0,6.6770,62.06
164.326,measure,4968.0,1336.0,6.6372,62.09
164.426,measure,4968.0,1344.0,6.6770,62.03
164.526,measure,4968.0,1344.0,6.6770,61.97
164.626,measure,4968.0,1336.0,6.6372,61.91
164.726,measure,4968.0,1344.0,6.6770,62.00
164.827,measure,4968.0,1344.0,6.6770,61.88
164.927,measure,4968.0,1344.0,6.6770,62.19
165.027,measure,4968.0,1344.0,6.6770,62.22
165.127,measure,4968.0,1344.0,6.6770,62.09
165.227,measure,4968.0,1336.0,6.6372,62.09
165.327,measure,4968.0,1344.0,6.6770,62.09
165.427,measure,4968.0,1344.0,6.6770,62.03
165.528,measure,4968.0,1344.0,6.6770,62.03
165.628,measure,4968.0,1344.0,6.6770,61.97
165.728,measure,4968.0,1352.0,6.7167,62.03
165.828,measure,4968.0,1344.0,6.6770,62.12
165.928,measure,4968.0,1344.0,6.6770,62.09
166.028,measure,4968.0,1344.0,6.6770,62.12
166.128,measure,4968.0,1344.0,6.6770,62.06
166.228,measure,4968.0,1344.0,6.6770,62.03
166.329,measure,4968.0,1344.0,6.6770,62.03
166.429,measure,4968.0,1344.0,6.6770,61.94
166.529,measure,4968.0,1344.0,6.6770,62.00
166.629,measure,4968.0,1352.0,6.7167,62.00
166.729,measure,4968.0,1344.0,6.6770,61.97
166.829,measure,4968.0,1344.0,6.6770,62.09
166.929,measure,4968.0,1344.0,6.6770,62.06
167.030,measure,4968.0,1344.0,6.6770,62.09
167.130,measure,4968.0,1336.0,6.6372,62.06
167.230,measure,4968.0,1344.0,6.6770,62.00
167.330,measure,4968.0,1344.0,6.6770,62.06
167.430,measure,4968.0,1336.0,6.6372,61.94
167.530,measure,4968.0,1344.0,6.6770,61.94
167.630,measure,4968.0,1344.0,6.6770,61.91
167.730,measure,4968.0,1336.0,6.6372,62.16
167.831,measure,4968.0,1344.0,6.6770,62.12
167.931,measure,4968.0,1344.0,6.6770,62.12
168.031,measure,4968.0,1336.0,6.6372,62.06
168.131,measure,4968.0,1344.0,6.6770,62.00
168.231,measure,4968.0,1344.0,6.6770,61.97
168.331,measure,4968.0,1336.0,6.6372,62.00
168.431,measure,4968.0,1352.0,6.7167,61.94
168.531,measure,4968.0,1344.0,6.6770,61.94
168.632,measure,4968.0,1336.0,6.6372,62.16
168.732,measure,4968.0,1352.0,6.7167,62.16
168.832,measure,4968.0,1344.0,6.6770,62.06
168.932,measure,4968.0,1336.0,6.6372,62.09
169.032,measure,4968.0,1344.0,6.6770,62.06
169.132,measure,4968.0,1344.0,6.6770,62.00
169.232,measure,4968.0,1344.0,6.6770,62.00
169.332,measure,4968.0,1352.0,6.7167,62.03
169.433,measure,4968.0,1344.0,6.6770,61.94
169.533,measure,4968.0,1344.0,6.6770,62.12
169.633,measure,4968.0,1344.0,6.6770,62.16
169.733,measure,4968.0,1344.0,6.6770,62.09
169.833,measure,4968.0,1336.0,6.6372,62.06
169.933,measure,4968.0,1344.0,6.6770,62.09
170.033,measure,4968.0,1344.0,6.6770,62.09
170.134,measure,4968.0,1336.0,6.6372,61.97
170.234,measure,4968.0,1344.0,6.6770,61.94
170.334,measure,4968.0,1344.0,6.6770,62.16
170.434,measure,4968.0,1344.0,6.6770,62.16
170.534,measure,4968.0,1352.0,6.7167,62.09
170.634,measure,4968.0,1344.0,6.6770,62.06
170.734,measure,4968.0,1344.0,6.6770,62.03
170.834,measure,4968.0,1352.0,6.7167,62.09
170.935,measure,4968.0,1344.0,6.6770,62.03
171.035,measure,4968.0,1336.0,6.6372,62.03
171.135,measure,4968.0,1344.0,6.6770,62.06
171.235,measure,4968.0,1344.0,6.6770,62.16
171.335,measure,4968.0,1336.0,6.6372,62.19
171.435,measure,4968.0,1344.0,6.6770,62.22
171.535,measure,4968.0,1344.0,6.6770,62.09
171.635,measure,4968.0,1336.0,6.6372,62.09
171.735,measure,4968.0,1344.0,6.6770,62.09
171.836,measure,4968.0,1344.0,6.6770,62.12
171.936,measure,4968.0,1336.0,6.6372,62.00
172.036,measure,4968.0,1344.0,6.6770,61.97
172.136,measure,4968.0,1344.0,6.6770,62.22
172.236,measure,4968.0,1336.0,6.6372,62.22
172.336,measure,4968.0,1344.0,6.6770,62.19
172.436,measure,4968.0,1344.0,6.6770,62.16
172.536,measure,4968.0,1336.0,6.6372,62.12
172.637,measure,4968.0,1344.0,6.6770,62.06
172.737,measure,4968.0,1344.0,6.6770,62.00
172.837,measure,4968.0,1336.0,6.6372,62.03
172.937,measure,4968.0,1352.0,6.7167,62.00
173.037,measure,4968.0,1344.0,6.6770,62.25
173.137,measure,4968.0,1336.0,6.6372,62.19
173.238,measure,4968.0,1344.0,6.6770,62.19
173.338,measure,4968.0,1344.0,6.6770,62.06
173.438,measure,4968.0,1344.0,6.6770,62.09
173.538,measure,4968.0,1352.0,6.7167,62.09
173.638,measure,4968.0,1344.0,6.6770,62.00
173.738,measure,4968.0,1336.0,6.6372,62.03
173.839,measure,4968.0,1352.0,6.7167,62.00
173.939,measure,4968.0,1344.0,6.6770,62.28
174.039,measure,4968.0,1344.0,6.6770,62.25
174.139,measure,4968.0,1352.0,6.7167,62.19
174.239,measure,4968.0,1344.0,6.6770,62.09
174.339,measure,4968.0,1344.0,6.6770,62.12
174.439,measure,4968.0,1352.0,6.7167,62.06
174.539,measure,4968.0,1344.0,6.6770,62.03
174.640,measure,4968.0,1344.0,6.6770,62.03
174.740,measure,4968.0,1352.0,6.7167,61.97
174.840,measure,4968.0,1344.0,6.6770,62.25
174.940,measure,4968.0,1336.0,6.6372,62.22
175.040,measure,4968.0,1344.0,6.6770,62.16
175.140,measure,4968.0,1344.0,6.6770,62.19
175.240,measure,4968.0,1336.0,6.6372,62.09
175.340,measure,4968.0,1344.0,6.6770,62.03
175.441,measure,4968.0,1344.0,6.6770,62.00
175.541,measure,4968.0,1336.0,6.6372,62.03
175.641,measure,4968.0,1352.0,6.7167,61.97
175.741,measure,4968.0,1344.0,6.6770,62.00
175.841,measure,4968.0,1344.0,6.6770,62.31
175.941,measure,4968.0,1344.0,6.6770,62.25
176.041,measure,4968.0,1344.0,6.6770,62.09
176.141,measure,4968.0,1336.0,6.6372,62.19
176.242,measure,4968.0,1344.0,6.6770,62.03
176.342,measure,4968.0,1344.0,6.6770,62.06
176.442,measure,4968.0,1336.0,6.6372,62.06
176.542,measure,4968.0,1344.0,6.6770,62.00
176.642,measure,4968.0,1344.0,6.6770,62.06
176.742,measure,4968.0,1336.0,6.6372,62.25
176.842,measure,4968.0,1352.0,6.7167,62.25
176.943,measure,4968.0,1344.0,6.6770,62.12
177.043,measure,4968.0,1344.0,6.6770,62.09
177.143,measure,4968.0,1352.0,6.7167,62.06
177.243,measure,4968.0,1352.0,6.7167,62.06
177.343,measure,4968.0,1344.0,6.6770,62.06
177.443,measure,4968.0,1352.0,6.7167,61.97
177.543,measure,4968.0,1352.0,6.7167,62.06
177.643,measure,4968.0,1344.0,6.6770,62.19
177.744,measure,4968.0,1352.0,6.7167,62.31
177.844,measure,4968.0,1344.0,6.6770,62.09
177.944,measure,4968.0,1344.0,6.6770,62.09
178.044,measure,4968.0,1352.0,6.7167,62.09
178.144,measure,4968.0,1344.0,6.6770,62.00
178.244,measure,4968.0,1344.0,6.6770,62.06
178.344,measure,4968.0,1352.0,6.7167,62.03
178.444,measure,4968.0,1344.0,6.6770,62.06
178.545,measure,4968.0,1344.0,6.6770,62.00
178.645,measure,4968.0,1352.0,6.7167,62.31
178.745,measure,4968.0,1344.0,6.6770,62.16
178.845,measure,4968.0,1344.0,6.6770,62.16
178.945,measure,4968.0,1352.0,6.7167,62.09
179.045,measure,4968.0,1344.0,6.6770,62.06
179.145,measure,4968.0,1344.0,6.6770,62.09
179.245,measure,4968.0,1344.0,6.6770,62.09
179.346,measure,4968.0,1344.0,6.6770,61.94
179.446,measure,4968.0,1344.0,6.6770,62.09
179.546,measure,4968.0,1344.0,6.6770,62.09
179.646,measure,4968.0,1344.0,6.6770,62.22
179.746,measure,4968.0,1344.0,6.6770,62.19
179.847,measure,4968.0,1352.0,6.7167,62.03
179.947,measure,4968.0,1344.0,6.6770,62.12
180.047,measure,4968.0,1344.0,6.6770,62.06
180.147,measure,4968.0,1352.0,6.7167,62.03
180.247,measure,4968.0,1344.0,6.6770,62.09
180.347,measure,4968.0,1344.0,6.6770,61.97
180.447,measure,4968.0,1352.0,6.7167,62.22
180.547,measure,4968.0,1344.0,6.6770,62.28
180.648,measure,4968.0,1344.0,6.6770,62.19
180.748,measure,4968.0,1352.0,6.7167,62.09
180.848,measure,4968.0,1344.0,6.6770,62.12
180.948,measure,4968.0,1344.0,6.6770,62.06
181.048,measure,4968.0,1352.0,6.7167,62.00
181.148,measure,4968.0,1344.0,6.6770,62.06
181.248,measure,4968.0,1344.0,6.6770,62.00
181.348,measure,4968.0,1352.0,6.7167,62.16
181.449,measure,4968.0,1344.0,6.6770,62.22
181.549,measure,4968.0,1344.0,6.6770,62.19
181.649,measure,4968.0,1344.0,6.6770,62.12
181.749,measure,4968.0,1344.0,6.6770,62.12
181.849,measure,4968.0,1344.0,6.6770,62.09
181.949,measure,4968.0,1344.0,6.6770,62.06
182.049,measure,4968.0,1336.0,6.6372,62.09
182.149,measure,4968.0,1344.0,6.6770,62.09
182.250,measure,4968.0,1344.0,6.6770,62.28
182.350,measure,4968.0,1336.0,6.6372,62.16
182.450,measure,4968.0,1336.0,6.6372,62.12
182.550,measure,4968.0,1344.0,6.6770,62.12
182.650,measure,4968.0,1336.0,6.6372,62.09
182.750,measure,4968.0,1344.0,6.6770,62.09
182.850,measure,4968.0,1344.0,6.6770,62.09
182.951,measure,4968.0,1336.0,6.6372,62.12
183.051,measure,4968.0,1344.0,6.6770,62.09
183.151,measure,4968.0,1344.0,6.6770,62.22
183.251,measure,4968.0,1336.0,6.6372,62.22
183.351,measure,4968.0,1344.0,6.6770,62.22
183.451,measure,4968.0,1344.0,6.6770,62.12
183.551,measure,4968.0,1336.0,6.6372,62.19
183.651,measure,4968.0,1352.0,6.7167,62.03
183.752,measure,4968.0,1352.0,6.7167,62.06
183.852,measure,4968.0,1344.0,6.6770,62.03
183.952,measure,4968.0,1352.0,6.7167,62.00
184.052,measure,4968.0,1344.0,6.6770,62.22
184.152,measure,4968.0,1344.0,6.6770,62.22
184.252,measure,4968.0,1352.0,6.7167,62.25
184.352,measure,4968.0,1344.0,6.6770,62.16
184.452,measure,4968.0,1344.0,6.6770,62.12
184.553,measure,4968.0,1352.0,6.7167,62.06
184.653,measure,4968.0,1344.0,6.6770,62.12
184.753,measure,4968.0,1344.0,6.6770,62.00
184.853,measure,4968.0,1352.0,6.7167,62.06
184.953,measure,4968.0,1352.0,6.7167,62.19
185.053,measure,4968.0,1344.0,6.6770,62.22
185.153,measure,4968.0,1352.0,6.7167,62.12
185.254,measure,4968.0,1344.0,6.6770,62.09
185.354,measure,4968.0,1336.0,6.6372,62.19
185.454,measure,4968.0,1344.0,6.6770,62.16
185.554,measure,4968.0,1344.0,6.6770,62.12
185.654,measure,4968.0,1336.0,6.6372,62.09
185.754,measure,4968.0,1352.0,6.7167,62.06
185.855,measure,4968.0,1344.0,6.6770,62.22
185.955,measure,4968.0,1344.0,6.6770,62.22
186.055,measure,4968.0,1344.0,6.6770,62.19
186.155,measure,4968.0,1344.0,6.6770,62.22
186.255,measure,4968.0,1336.0,6.6372,62.09
186.355,measure,4968.0,1344.0,6.6770,62.19
186.455,measure,4968.0,1344.0,6.6770,62.06
186.556,measure,4968.0,1336.0,6.6372,62.16
186.656,measure,4968.0,1344.0,6.6770,62.03
186.756,measure,4968.0,1344.0,6.6770,62.25
186.856,measure,4968.0,1344.0,6.6770,62.28
186.956,measure,4968.0,1352.0,6.7167,62.16
187.056,measure,4968.0,1344.0,6.6770,62.12
187.156,measure,4968.0,1336.0,6.6372,62.22
187.256,measure,4968.0,1344.0,6.6770,62.12
187.357,measure,4968.0,1344.0,6.6770,62.22
187.457,measure,4968.0,1336.0,6.6372,62.09
187.557,measure,4968.0,1344.0,6.6770,62.12
187.657,measure,4968.0,1344.0,6.6770,62.31
187.757,measure,4968.0,1336.0,6.6372,62.25
187.857,measure,4968.0,1344.0,6.6770,62.22
187.957,measure,4968.0,1344.0,6.6770,62.19
188.057,measure,4968.0,1336.0,6.6372,62.09
188.158,measure,4968.0,1352.0,6.7167,62.16
188.258,measure,4968.0,1344.0,6.6770,62.19
188.358,measure,4968.0,1344.0,6.6770,62.09
188.458,measure,4968.0,1352.0,6.7167,62.06
188.558,measure,4968.0,1344.0,6.6770,62.31
188.658,measure,4968.0,1344.0,6.6770,62.31
188.758,measure,4968.0,1352.0,6.7167,62.25
188.858,measure,4968.0,1344.0,6.6770,62.12
188.959,measure,4968.0,1344.0,6.6770,62.22
189.059,measure,4968.0,1352.0,6.7167,62.16
189.159,measure,4968.0,1344.0,6.6770,62.12
189.259,measure,4968.0,1344.0,6.6770,62.00
189.359,measure,4968.0,1352.0,6.7167,62.06
189.459,measure,4968.0,1344.0,6.6770,62.06
189.559,measure,4968.0,1344.0,6.6770,62.28
189.659,measure,4968.0,1352.0,6.7167,62.25
189.760,measure,4968.0,1344.0,6.6770,62.19
189.860,measure,4968.0,1344.0,6.6770,62.12
189.960,measure,4968.0,1352.0,6.7167,62.09
190.060,measure,4968.0,1344.0,6.6770,62.16
190.160,measure,4968.0,1344.0,6.6770,62.12
190.260,measure,4968.0,1352.0,6.7167,62.16
190.360,measure,4968.0,1344.0,6.6770,62.06
190.460,measure,4968.0,1336.0,6.6372,62.28
190.561,measure,4968.0,1344.0,6.6770,62.25
190.661,measure,4968.0,1344.0,6.6770,62.19
190.761,measure,4968.0,1344.0,6.6770,62.22
190.861,measure,4968.0,1352.0,6.7167,62.16
190.961,measure,4968.0,1344.0,6.6770,62.06
191.061,measure,4968.0,1344.0,6.6770,62.09
191.161,measure,4968.0,1352.0,6.7167,62.06
191.261,measure,4968.0,1344.0,6.6770,62.12
191.362,measure,4968.0,1344.0,6.6770,62.31
191.462,measure,4968.0,1352.0,6.7167,62.19
191.562,measure,4968.0,1344.0,6.6770,62.22
191.662,measure,4968.0,1344.0,6.6770,62.16
191.762,measure,4968.0,1352.0,6.7167,62.16
191.862,measure,4968.0,1344.0,6.6770,62.09
191.962,measure,4968.0,1344.0,6.6770,62.12
192.062,measure,4968.0,1352.0,6.7167,62.12
192.163,measure,4968.0,1344.0,6.6770,62.16
192.263,measure,4968.0,1344.0,6.6770,62.25
192.363,measure,4968.0,1352.0,6.7167,62.25
192.463,measure,4968.0,1344.0,6.6770,62.19
192.563,measure,4968.0,1344.0,6.6770,62.22
192.663,measure,4968.0,1344.0,6.6770,62.12
192.763,measure,4968.0,1344.0,6.6770,62.09
192.863,measure,4968.0,1344.0,6.6770,62.12
192.964,measure,4968.0,1344.0,6.6770,62.16
193.064,measure,4968.0,1344.0,6.6770,62.09
193.164,measure,4968.0,1336.0,6.6372,62.28
193.264,measure,4968.0,1344.0,6.6770,62.31
193.364,measure,4968.0,1344.0,6.6770,62.25
193.464,measure,4968.0,1344.0,6.6770,62.25
193.564,measure,4968.0,1344.0,6.6770,62.16
193.664,measure,4968.0,1336.0,6.6372,62.16
193.765,measure,4968.0,1344.0,6.6770,62.16
193.865,measure,4968.0,1344.0,6.6770,62.09
193.965,measure,4968.0,1344.0,6.6770,62.12
194.065,measure,4968.0,1344.0,6.6770,62.31
194.165,measure,4968.0,1344.0,6.6770,62.25
194.265,measure,4968.0,1344.0,6.6770,62.25
194.365,measure,4968.0,1344.0,6.6770,62.22
194.465,measure,4968.0,1344.0,6.6770,62.16
194.566,measure,4968.0,1336.0,6.6372,62.22
194.666,measure,4968.0,1344.0,6.6770,62.12
194.766,measure,4968.0,1344.0,6.6770,62.16
194.866,measure,4968.0,1336.0,6.6372,62.19
194.966,measure,4968.0,1344.0,6.6770,62.38
195.066,measure,4968.0,1344.0,6.6770,62.28
195.166,measure,4968.0,1336.0,6.6372,62.25
195.266,measure,4968.0,1344.0,6.6770,62.22
195.367,measure,4968.0,1344.0,6.6770,62.16
195.467,measure,4968.0,1336.0,6.6372,62.19
195.567,measure,4968.0,1344.0,6.6770,62.12
195.667,measure,4968.0,1344.0,6.6770,62.12
195.767,measure,4968.0,1344.0,6.6770,62.16
195.867,measure,4968.0,1352.0,6.7167,62.31
195.967,measure,4968.0,1352.0,6.7167,62.25
196.068,measure,4968.0,1344.0,6.6770,62.28
196.168,measure,4968.0,1352.0,6.7167,62.19
196.268,measure,4968.0,1352.0,6.7167,62.25
196.368,measure,4968.0,1344.0,6.6770,62.19
196.468,measure,4968.0,1352.0,6.7167,62.19
196.568,measure,4968.0,1344.0,6.6770,62.12
196.668,measure,4968.0,1336.0,6.6372,62.12
196.769,measure,4968.0,1344.0,6.6770,62.25
196.869,measure,4968.0,1344.0,6.6770,62.25
196.969,measure,4968.0,1344.0,6.6770,62.25
197.069,measure,4968.0,1352.0,6.7167,62.28
197.169,measure,4968.0,1344.0,6.6770,62.25
197.269,measure,4968.0,1344.0,6.6770,62.09
197.369,measure,4968.0,1352.0,6.7167,62.19
197.469,measure,4968.0,1344.0,6.6770,62.19
197.570,measure,4968.0,1336.0,6.6372,62.12
197.670,measure,4968.0,1344.0,6.6770,62.31
197.770,measure,4968.0,1344.0,6.6770,62.25
197.870,measure,4968.0,1344.0,6.6770,62.25
197.970,measure,4968.0,1352.0,6.7167,62.22
198.070,measure,4968.0,1352.0,6.7167,62.19
198.171,measure,4968.0,1344.0,6.6770,62.09
198.271,measure,4968.0,1352.0,6.7167,62.12
198.371,measure,4968.0,1352.0,6.7167,62.25
198.471,measure,4968.0,1344.0,6.6770,62.16
198.571,measure,4968.0,1352.0,6.7167,62.38
198.671,measure,4968.0,1344.0,6.6770,62.31
198.771,measure,4968.0,1344.0,6.6770,62.28
198.871,measure,4968.0,1344.0,6.6770,62.19
198.972,measure,4968.0,1344.0,6.6770,62.25
199.072,measure,4968.0,1344.0,6.6770,62.22
199.172,measure,4968.0,1352.0,6.7167,62.16
199.272,measure,4968.0,1344.0,6.6770,62.22
199.372,measure,4968.0,1344.0,6.6770,62.22
199.472,measure,4968.0,1344.0,6.6770,62.34
199.572,measure,4968.0,1344.0,6.6770,62.31
199.673,measure,4968.0,1344.0,6.6770,62.25
199.773,measure,4968.0,1352.0,6.7167,62.31
199.873,measure,4968.0,1344.0,6.6770,62.31
199.973,measure,4968.0,1344.0,6.6770,62.12
200.073,measure,4968.0,1352.0,6.7167,62.25
200.173,measure,4968.0,1344.0,6.6770,62.12
200.273,measure,4968.0,1344.0,6.6770,62.16
200.373,measure,4968.0,1352.0,6.7167,62.31
200.474,measure,4968.0,1344.0,6.6770,62.28
200.574,measure,4968.0,1344.0,6.6770,62.28
200.674,measure,4968.0,1352.0,6.7167,62.22
200.774,measure,4968.0,1344.0,6.6770,62.19
200.874,measure,4968.0,1344.0,6.6770,62.19
200.974,measure,4968.0,1352.0,6.7167,62.19
201.074,measure,4968.0,1344.0,6.6770,62.19
201.175,measure,4968.0,1344.0,6.6770,62.22
201.275,measure,4968.0,1344.0,6.6770,62.22
201.375,measure,4968.0,1336.0,6.6372,62.38
201.475,measure,4968.0,1344.0,6.6770,62.28
201.575,measure,4968.0,1344.0,6.6770,62.19
201.675,measure,4968.0,1336.0,6.6372,62.19
201.775,measure,4968.0,1344.0,6.6770,62.22
201.875,measure,4968.0,1344.0,6.6770,62.12
201.976,measure,4968.0,1336.0,6.6372,62.22
202.076,measure,4968.0,1344.0,6.6770,62.19
202.176,measure,4968.0,1344.0,6.6770,62.16
202.276,measure,4968.0,1336.0,6.6372,62.38
202.376,measure,4968.0,1344.0,6.6770,62.31
202.476,measure,4968.0,1344.0,6.6770,62.31
202.576,measure,4968.0,1336.0,6.6372,62.28
202.676,measure,4968.0,1344.0,6.6770,62.31
202.777,measure,4968.0,1344.0,6.6770,62.22
202.877,measure,4968.0,1344.0,6.6770,62.19
202.977,measure,4968.0,1344.0,6.6770,62.22
203.077,measure,4968.0,1344.0,6.6770,62.16
203.177,measure,4968.0,1336.0,6.6372,62.19
203.277,measure,4968.0,1344.0,6.6770,62.25
203.377,measure,4968.0,1344.0,6.6770,62.31
203.478,measure,4968.0,1336.0,6.6372,62.19
203.578,measure,4968.0,1344.0,6.6770,62.25
203.678,measure,4968.0,1344.0,6.6770,62.19
203.778,measure,4968.0,1336.0,6.6372,62.25
203.878,measure,4968.0,1344.0,6.6770,62.22
203.978,measure,4968.0,1344.0,6.6770,62.16
204.079,measure,4968.0,1336.0,6.6372,62.12
204.179,measure,4968.0,1344.0,6.6770,62.31
204.279,measure,4968.0,1344.0,6.6770,62.31
204.379,measure,4968.0,1344.0,6.6770,62.28
204.479,measure,4968.0,1352.0,6.7167,62.25
204.579,measure,4968.0,1344.0,6.6770,62.25
204.679,measure,4968.0,1336.0,6.6372,62.22
204.780,measure,4968.0,1344.0,6.6770,62.19
204.880,measure,4968.0,1344.0,6.6770,62.16
204.980,measure,4968.0,1336.0,6.6372,62.25
205.080,measure,4968.0,1352.0,6.7167,62.34
205.180,measure,4968.0,1344.0,6.6770,62.25
205.280,measure,4968.0,1344.0,6.6770,62.25
205.380,measure,4968.0,1352.0,6.7167,62.25
205.480,measure,4968.0,1344.0,6.6770,62.28
205.581,measure,4968.0,1336.0,6.6372,62.16
205.681,measure,4968.0,1352.0,6.7167,62.25
205.781,measure,4968.0,1344.0,6.6770,62.19
205.881,measure,4968.0,1344.0,6.6770,62.19
205.981,measure,4968.0,1352.0,6.7167,62.28
206.081,measure,4968.0,1344.0,6.6770,62.28
206.181,measure,4968.0,1344.0,6.6770,62.28
206.281,measure,4968.0,1352.0,6.7167,62.28
206.382,measure,4968.0,1344.0,6.6770,62.28
206.482,measure,4968.0,1344.0,6.6770,62.25
206.582,measure,4968.0,1352.0,6.7167,62.16
206.682,measure,4968.0,1344.0,6.6770,62.22
206.782,measure,4968.0,1344.0,6.6770,62.22
206.882,measure,4968.0,1352.0,6.7167,62.19
206.982,measure,4968.0,1344.0,6.6770,62.34
207.083,measure,4968.0,1344.0,6.6770,62.25
207.183,measure,4968.0,1352.0,6.7167,62.31
207.283,measure,4968.0,1344.0,6.6770,62.25
207.383,measure,4968.0,1344.0,6.6770,62.16
207.483,measure,4968.0,1352.0,6.7167,62.22
207.583,measure,4968.0,1344.0,6.6770,62.22
207.683,measure,4968.0,1344.0,6.6770,62.16
207.783,measure,4968.0,1344.0,6.6770,62.31
207.884,measure,4968.0,1344.0,6.6770,62.31
207.984,measure,4968.0,1344.0,6.6770,62.31
208.084,measure,4968.0,1352.0,6.7167,62.25
208.184,measure,4968.0,1344.0,6.6770,62.22
208.284,measure,4968.0,1344.0,6.6770,62.25
208.384,measure,4968.0,1352.0,6.7167,62.25
208.484,measure,4968.0,1344.0,6.6770,62.12
208.584,measure,4968.0,1344.0,6.6770,62.19
208.685,measure,4968.0,1352.0,6.7167,62.38
208.785,measure,4968.0,1344.0,6.6770,62.31
208.885,measure,4968.0,1344.0,6.6770,62.31
208.985,measure,4968.0,1352.0,6.7167,62.25
209.085,measure,4968.0,1344.0,6.6770,62.19
209.185,measure,4968.0,1344.0,6.6770,62.25
209.285,measure,4968.0,1344.0,6.6770,62.19
209.385,measure,4968.0,1344.0,6.6770,62.25
209.486,measure,4968.0,1344.0,6.6770,62.31
209.586,measure,4968.0,1344.0,6.6770,62.34
209.686,measure,4968.0,1344.0,6.6770,62.31
209.786,measure,4968.0,1344.0,6.6770,62.31
209.886,measure,4968.0,1352.0,6.7167,62.28
209.986,measure,4968.0,1344.0,6.6770,62.19
210.086,measure,4968.0,1344.0,6.6770,62.22
210.186,measure,4968.0,1352.0,6.7167,62.25
210.287,measure,4968.0,1344.0,6.6770,62.25
210.387,measure,4968.0,1344.0,6.6770,62.25
210.487,measure,4968.0,1352.0,6.7167,62.31
210.587,measure,4968.0,1344.0,6.6770,62.38
210.687,measure,4968.0,1344.0,6.6770,62.28
210.787,measure,4968.0,1352.0,6.7167,62.31
210.887,measure,4968.0,1344.0,6.6770,62.28
210.987,measure,4968.0,1344.0,6.6770,62.19
211.088,measure,4968.0,1344.0,6.6770,62.16
211.188,measure,4968.0,1344.0,6.6770,62.22
211.288,measure,4968.0,1344.0,6.6770,62.38
211.388,measure,4968.0,1352.0,6.7167,62.38
211.488,measure,4968.0,1344.0,6.6770,62.34
211.588,measure,4968.0,1344.0,6.6770,62.28
211.688,measure,4968.0,1352.0,6.7167,62.25
211.788,measure,4968.0,1344.0,6.6770,62.19
211.889,measure,4968.0,1344.0,6.6770,62.22
211.989,measure,4968.0,1352.0,6.7167,62.16
212.089,measure,4968.0,1344.0,6.6770,62.16
212.189,measure,4968.0,1344.0,6.6770,62.19
212.289,measure,4968.0,1352.0,6.7167,62.38
212.389,measure,4968.0,1344.0,6.6770,62.31
212.489,measure,4968.0,1344.0,6.6770,62.31
212.589,measure,4968.0,1352.0,6.7167,62.31
212.690,measure,4968.0,1344.0,6.6770,62.31
212.790,measure,4968.0,1344.0,6.6770,62.25
212.890,measure,4968.0,1352.0,6.7167,62.22
212.990,measure,4968.0,1344.0,6.6770,62.09
213.090,measure,4968.0,1344.0,6.6770,62.22
213.190,measure,4968.0,1344.0,6.6770,62.34
213.290,measure,4968.0,1344.0,6.6770,62.34
213.391,measure,4968.0,1336.0,6.6372,62.28
213.491,measure,4968.0,1344.0,6.6770,62.22
213.591,measure,4968.0,1344.0,6.6770,62.25
213.691,measure,4968.0,1344.0,6.6770,62.22
213.791,measure,4968.0,1344.0,6.6770,62.22
213.891,measure,4968.0,1352.0,6.7167,62.25
213.991,measure,4968.0,1344.0,6.6770,62.19
214.091,measure,4968.0,1344.0,6.6770,62.41
214.192,measure,4968.0,1352.0,6.7167,62.47
214.292,measure,4968.0,1352.0,6.7167,62.28
214.392,measure,4968.0,1344.0,6.6770,62.28
214.492,measure,4968.0,1352.0,6.7167,62.31
214.592,measure,4968.0,1360.0,6.7565,62.22
214.692,measure,4968.0,1360.0,6.7565,62.19
214.792,measure,4968.0,1352.0,6.7167,62.25
214.893,measure,4968.0,1352.0,6.7167,62.19
214.993,measure,4968.0,1352.0,6.7167,62.19
215.093,measure,4968.0,1352.0,6.7167,62.47
215.193,measure,4968.0,1344.0,6.6770,62.31
215.293,measure,4968.0,1344.0,6.6770,62.31
215.394,measure,4968.0,1344.0,6.6770,62.28
215.494,measure,4968.0,1336.0,6.6372,62.22
215.594,measure,4968.0,1344.0,6.6770,62.25
215.694,measure,4968.0,1352.0,6.7167,62.19
215.794,measure,4968.0,1352.0,6.7167,62.22
215.894,measure,4968.0,1344.0,6.6770,62.22
215.994,measure,4968.0,1352.0,6.7167,62.41
216.095,measure,4968.0,1360.0,6.7565,62.31
216.195,measure,4968.0,1352.0,6.7167,62.25
216.295,measure,4968.0,1344.0,6.6770,62.25
216.395,measure,4968.0,1352.0,6.7167,62.25
216.495,measure,4968.0,1352.0,6.7167,62.19
216.595,measure,4968.0,1352.0,6.7167,62.22
216.695,measure,4968.0,1352.0,6.7167,62.22
216.796,measure,4968.0,1352.0,6.7167,62.25
216.896,measure,4968.0,1344.0,6.6770,62.16
216.996,measure,4968.0,1344.0,6.6770,62.25
217.096,measure,4968.0,1352.0,6.7167,62.31
217.196,measure,4968.0,1344.0,6.6770,62.28
217.296,measure,4968.0,1336.0,6.6372,62.25
217.396,measure,4968.0,1344.0,6.6770,62.19
217.497,measure,4968.0,1344.0,6.6770,62.22
217.597,measure,4968.0,1336.0,6.6372,62.25
217.697,measure,4968.0,1344.0,6.6770,62.19
217.797,measure,4968.0,1352.0,6.7167,62.16
217.897,measure,4968.0,1344.0,6.6770,62.34
217.997,measure,4968.0,1344.0,6.6770,62.28
218.097,measure,4968.0,1352.0,6.7167,62.31
218.198,measure,4968.0,1344.0,6.6770,62.22
218.298,measure,4968.0,1336.0,6.6372,62.25
218.398,measure,4968.0,1344.0,6.6770,62.22
218.498,measure,4968.0,1344.0,6.6770,62.28
218.598,measure,4968.0,1344.0,6.6770,62.19
218.698,measure,4968.0,1352.0,6.7167,62.34
218.798,measure,4968.0,1360.0,6.7565,62.41
218.899,measure,4968.0,1352.0,6.7167,62.31
218.999,measure,4968.0,1344.0,6.6770,62.28
219.099,measure,4968.0,1352.0,6.7167,62.31
219.199,measure,4968.0,1352.0,6.7167,62.19
219.299,measure,4968.0,1344.0,6.6770,62.22
219.399,measure,4968.0,1352.0,6.7167,62.25
219.499,measure,4968.0,1344.0,6.6770,62.19
219.599,measure,4968.0,1344.0,6.6770,62.22
219.700,measure,4968.0,1352.0,6.7167,62.31
219.800,measure,4968.0,1344.0,6.6770,62.34
219.900,measure,4968.0,1344.0,6.6770,62.22
220.000,measure,4968.0,1352.0,6.7167,62.25
220.100,measure,4968.0,1344.0,6.6770,62.25
220.200,measure,4968.0,1344.0,6.6770,62.22
220.300,measure,4968.0,1344.0,6.6770,62.25
220.401,measure,4968.0,1344.0,6.6770,62.22
220.501,measure,4968.0,1344.0,6.6770,62.34
220.601,measure,4968.0,1344.0,6.6770,62.31
220.701,measure,4968.0,1344.0,6.6770,62.31
220.801,measure,4968.0,1344.0,6.6770,62.28
220.901,measure,4968.0,1344.0,6.6770,62.25
221.001,measure,4968.0,1344.0,6.6770,62.28
221.101,measure,4968.0,1344.0,6.6770,62.28
221.202,measure,4968.0,1352.0,6.7167,62.25
221.302,measure,4968.0,1344.0,6.6770,62.25
221.402,measure,4968.0,1344.0,6.6770,62.41
221.502,measure,4968.0,1344.0,6.6770,62.31
221.602,measure,4968.0,1344.0,6.6770,62.34
221.702,measure,4968.0,1344.0,6.6770,62.31
221.802,measure,4968.0,1352.0,6.7167,62.28
221.903,measure,4968.0,1344.0,6.6770,62.25
222.003,measure,4968.0,1344.0,6.6770,62.28
222.103,measure,4968.0,1352.0,6.7167,62.22
222.203,measure,4968.0,1344.0,6.6770,62.22
222.303,measure,4968.0,1344.0,6.6770,62.41
222.403,measure,4968.0,1352.0,6.7167,62.34
222.503,measure,4968.0,1344.0,6.6770,62.31
222.603,measure,4968.0,1344.0,6.6770,62.28
222.704,measure,4968.0,1352.0,6.7167,62.31
222.804,measure,4968.0,1344.0,6.6770,62.22
222.904,measure,4968.0,1352.0,6.7167,62.25
223.004,measure,4968.0,1352.0,6.7167,62.22
223.104,measure,4968.0,1344.0,6.6770,62.22
223.204,measure,4968.0,1344.0,6.6770,62.47
223.304,measure,4968.0,1352.0,6.7167,62.38
223.404,measure,4968.0,1344.0,6.6770,62.34
223.505,measure,4968.0,1352.0,6.7167,62.31
223.605,measure,4968.0,1352.0,6.7167,62.31
223.705,measure,4968.0,1344.0,6.6770,62.25
223.805,measure,4968.0,1344.0,6.6770,62.28
223.905,measure,4968.0,1352.0,6.7167,62.25
224.005,measure,4968.0,1344.0,6.6770,62.25
224.105,measure,4968.0,1344.0,6.6770,62.38
224.206,measure,4968.0,1352.0,6.7167,62.38
224.306,measure,4968.0,1344.0,6.6770,62.31
224.406,measure,4968.0,1344.0,6.6770,62.34
224.506,measure,4968.0,1344.0,6.6770,62.31
224.606,measure,4968.0,1344.0,6.6770,62.28
224.706,measure,4968.0,1344.0,6.6770,62.28
224.806,measure,4968.0,1352.0,6.7167,62.25
224.906,measure,4968.0,1344.0,6.6770,62.22
225.007,measure,4968.0,1352.0,6.7167,62.41
225.107,measure,4968.0,1352.0,6.7167,62.38
225.207,measure,4968.0,1344.0,6.6770,62.31
225.307,measure,4968.0,1344.0,6.6770,62.31
225.407,measure,4968.0,1352.0,6.7167,62.25
225.507,measure,4968.0,1344.0,6.6770,62.22
225.607,measure,4968.0,1344.0,6.6770,62.31
225.708,measure,4968.0,1344.0,6.6770,62.22
225.808,measure,4968.0,1344.0,6.6770,62.28
225.908,measure,4968.0,1344.0,6.6770,62.41
226.008,measure,4968.0,1352.0,6.7167,62.38
226.108,measure,4968.0,1344.0,6.6770,62.31
226.208,measure,4968.0,1344.0,6.6770,62.31
226.308,measure,4968.0,1352.0,6.7167,62.31
226.408,measure,4968.0,1344.0,6.6770,62.31
226.509,measure,4968.0,1344.0,6.6770,62.19
226.609,measure,4968.0,1352.0,6.7167,62.25
226.709,measure,4968.0,1344.0,6.6770,62.25
226.809,measure,4968.0,1344.0,6.6770,62.19
226.909,measure,4968.0,1344.0,6.6770,62.41
227.009,measure,4968.0,1344.0,6.6770,62.31
227.109,measure,4968.0,1344.0,6.6770,62.31
227.209,measure,4968.0,1352.0,6.7167,62.25
227.310,measure,4968.0,1344.0,6.6770,62.22
227.410,measure,4968.0,1344.0,6.6770,62.28
227.510,measure,4968.0,1352.0,6.7167,62.22
227.610,measure,4968.0,1344.0,6.6770,62.22
227.710,measure,4968.0,1344.0,6.6770,62.19
227.810,measure,4968.0,1352.0,6.7167,62.38
227.910,measure,4968.0,1344.0,6.6770,62.34
228.011,measure,4968.0,1344.0,6.6770,62.31
228.111,measure,4968.0,1352.0,6.7167,62.22
228.211,measure,4968.0,1344.0,6.6770,62.31
228.311,measure,4968.0,1344.0,6.6770,62.31
228.411,measure,4968.0,1352.0,6.7167,62.25
228.511,measure,4968.0,1344.0,6.6770,62.28
228.611,measure,4968.0,1344.0,6.6770,62.25
228.711,measure,4968.0,1352.0,6.7167,62.31
228.812,measure,4968.0,1344.0,6.6770,62.34
228.912,measure,4968.0,1344.0,6.6770,62.34
229.012,measure,4968.0,1352.0,6.7167,62.31
229.112,measure,4968.0,1344.0,6.6770,62.31
229.212,measure,4968.0,1344.0,6.6770,62.28
229.312,measure,4968.0,1352.0,6.7167,62.28
229.412,measure,4968.0,1344.0,6.6770,62.22
229.512,measure,4968.0,1344.0,6.6770,62.22
229.613,measure,4968.0,1344.0,6.6770,62.25
229.713,measure,4968.0,1336.0,6.6372,62.38
229.813,measure,4968.0,1344.0,6.6770,62.31
229.913,measure,4968.0,1344.0,6.6770,62.34
230.013,measure,4968.0,1336.0,6.6372,62.28
230.113,measure,4968.0,1344.0,6.6770,62.25
230.213,measure,4968.0,1352.0,6.7167,62.22
230.314,measure,4968.0,1344.0,6.6770,62.34
230.414,measure,4968.0,1352.0,6.7167,62.22
230.514,measure,4968.0,1344.0,6.6770,62.22
230.614,measure,4968.0,1336.0,6.6372,62.34
230.714,measure,4968.0,1344.0,6.6770,62.31
230.814,measure,4968.0,1344.0,6.6770,62.28
230.914,measure,4968.0,1344.0,6.6770,62.31
231.014,measure,4968.0,1352.0,6.7167,62.31
231.115,measure,4968.0,1352.0,6.7167,62.25
231.215,measure,4968.0,1344.0,6.6770,62.25
231.315,measure,4968.0,1344.0,6.6770,62.22
231.415,measure,4968.0,1352.0,6.7167,62.25
231.515,measure,4968.0,1344.0,6.6770,62.34
231.615,measure,4968.0,1344.0,6.6770,62.31
231.715,measure,4968.0,1352.0,6.7167,62.31
231.815,measure,4968.0,1344.0,6.6770,62.31
231.916,measure,4968.0,1344.0,6.6770,62.31
232.016,measure,4968.0,1352.0,6.7167,62.25
232.116,measure,4968.0,1344.0,6.6770,62.22
232.216,measure,4968.0,1344.0,6.6770,62.28
232.316,measure,4968.0,1352.0,6.7167,62.44
232.416,measure,4968.0,1344.0,6.6770,62.34
232.516,measure,4968.0,1344.0,6.6770,62.31
232.616,measure,4968.0,1352.0,6.7167,62.31
232.716,measure,4968.0,1344.0,6.6770,62.31
232.817,measure,4968.0,1336.0,6.6372,62.28
232.917,measure,4968.0,1352.0,6.7167,62.28
233.017,measure,4968.0,1344.0,6.6770,62.28
233.117,measure,4968.0,1344.0,6.6770,62.25
233.217,measure,4968.0,1352.0,6.7167,62.38
233.317,measure,4968.0,1344.0,6.6770,62.41
233.417,measure,4968.0,1344.0,6.6770,62.41
233.517,measure,4968.0,1344.0,6.6770,62.38
233.618,measure,4968.0,1344.0,6.6770,62.31
233.718,measure,4968.0,1336.0,6.6372,62.28
233.818,measure,4968.0,1344.0,6.6770,62.25
233.918,measure,4968.0,1344.0,6.6770,62.28
234.018,measure,4968.0,1336.0,6.6372,62.22
234.118,measure,4968.0,1344.0,6.6770,62.41
234.218,measure,4968.0,1344.0,6.6770,62.31
234.319,measure,4968.0,1336.0,6.6372,62.38
234.419,measure,4968.0,1344.0,6.6770,62.31
234.519,measure,4968.0,1344.0,6.6770,62.34
234.619,measure,4968.0,1336.0,6.6372,62.28
234.719,measure,4968.0,1344.0,6.6770,62.31
234.819,measure,4968.0,1344.0,6.6770,62.31
234.919,measure,4968.0,1336.0,6.6372,62.34
235.019,measure,4968.0,1344.0,6.6770,62.44
235.120,measure,4968.0,1344.0,6.6770,62.41
235.220,measure,4968.0,1336.0,6.6372,62.34
235.320,measure,4968.0,1344.0,6.6770,62.31
235.420,measure,4968.0,1344.0,6.6770,62.34
235.520,measure,4968.0,1336.0,6.6372,62.31
235.620,measure,4968.0,1344.0,6.6770,62.28
235.720,measure,4968.0,1344.0,6.6770,62.22
235.820,measure,4968.0,1344.0,6.6770,62.28
235.921,measure,4968.0,1344.0,6.6770,62.47
236.021,measure,4968.0,1352.0,6.7167,62.41
236.121,measure,4968.0,1344.0,6.6770,62.38
236.221,measure,4968.0,1344.0,6.6770,62.38
236.321,measure,4968.0,1352.0,6.7167,62.31
236.421,measure,4968.0,1344.0,6.6770,62.31
236.521,measure,4968.0,1344.0,6.6770,62.22
236.621,measure,4968.0,1352.0,6.7167,62.25
236.722,measure,4968.0,1344.0,6.6770,62.31
236.822,measure,4968.0,1344.0,6.6770,62.44
236.922,measure,4968.0,1352.0,6.7167,62.44
237.022,measure,4968.0,1344.0,6.6770,62.38
237.122,measure,4968.0,1336.0,6.6372,62.38
237.222,measure,4968.0,1344.0,6.6770,62.31
237.322,measure,4968.0,1344.0,6.6770,62.31
237.423,measure,4968.0,1336.0,6.6372,62.31
237.523,measure,4968.0,1344.0,6.6770,62.31
237.623,measure,4968.0,1344.0,6.6770,62.34
237.723,measure,4968.0,1336.0,6.6372,62.25
237.823,measure,4968.0,1352.0,6.7167,62.41
237.923,measure,4968.0,1352.0,6.7167,62.38
238.023,measure,4968.0,1344.0,6.6770,62.28
238.123,measure,4968.0,1344.0,6.6770,62.38
238.224,measure,4968.0,1344.0,6.6770,62.34
238.324,measure,4968.0,1344.0,6.6770,62.19
238.424,measure,4968.0,1344.0,6.6770,62.28
238.524,measure,4968.0,1344.0,6.6770,62.25
238.624,measure,4968.0,1344.0,6.6770,62.19
238.724,measure,4968.0,1344.0,6.6770,62.41
238.824,measure,4968.0,1344.0,6.6770,62.47
238.925,measure,4968.0,1336.0,6.6372,62.34
239.025,measure,4968.0,1344.0,6.6770,62.34
239.125,measure,4968.0,1352.0,6.7167,62.34
239.225,measure,4968.0,1336.0,6.6372,62.31
239.325,measure,4968.0,1344.0,6.6770,62.25
239.425,measure,4968.0,1344.0,6.6770,62.31
239.525,measure,4968.0,1344.0,6.6770,62.34
239.625,measure,4968.0,1344.0,6.6770,62.44
239.726,measure,4968.0,1344.0,6.6770,62.34
239.826,measure,4968.0,1344.0,6.6770,62.38
239.926,measure,4968.0,1344.0,6.6770,62.34
240.026,measure,4968.0,1352.0,6.7167,62.31
240.126,measure,4968.0,1344.0,6.6770,62.31
240.226,measure,4968.0,1344.0,6.6770,62.25
240.326,measure,4968.0,1344.0,6.6770,62.31
240.426,measure,4968.0,1344.0,6.6770,62.25
240.527,measure,4968.0,1344.0,6.6770,62.25
240.627,measure,4968.0,1352.0,6.7167,62.47
240.727,measure,4968.0,1344.0,6.6770,62.34
240.827,measure,4968.0,1344.0,6.6770,62.31
240.927,measure,4968.0,1344.0,6.6770,62.31
241.027,measure,4968.0,1344.0,6.6770,62.31
241.127,measure,4968.0,1336.0,6.6372,62.28
241.227,measure,4968.0,1352.0,6.7167,62.31
241.328,measure,4968.0,1344.0,6.6770,62.28
241.428,measure,4968.0,1336.0,6.6372,62.25
241.528,measure,4968.0,1352.0,6.7167,62.34
241.628,measure,4968.0,1344.0,6.6770,62.41
241.728,measure,4968.0,1344.0,6.6770,62.34
241.828,measure,4968.0,1352.0,6.7167,62.28
241.928,measure,4968.0,1344.0,6.6770,62.31
242.028,measure,4968.0,1344.0,6.6770,62.31
242.129,measure,4968.0,1352.0,6.7167,62.28
242.229,measure,4968.0,1344.0,6.6770,62.25
242.329,measure,4968.0,1344.0,6.6770,62.38
242.429,measure,4968.0,1352.0,6.7167,62.41
242.529,measure,4968.0,1344.0,6.6770,62.34
242.629,measure,4968.0,1344.0,6.6770,62.31
242.729,measure,4968.0,1344.0,6.6770,62.31
242.829,measure,4968.0,1344.0,6.6770,62.28
242.930,measure,4968.0,1344.0,6.6770,62.19
243.030,measure,4968.0,1352.0,6.7167,62.28
243.130,measure,4968.0,1344.0,6.6770,62.28
243.230,measure,4968.0,1344.0,6.6770,62.44
243.330,measure,4968.0,1344.0,6.6770,62.38
243.430,measure,4968.0,1344.0,6.6770,62.31
243.530,measure,4968.0,1344.0,6.6770,62.31
243.630,measure,4968.0,1352.0,6.7167,62.31
243.731,measure,4968.0,1344.0,6.6770,62.31
243.831,measure,4968.0,1344.0,6.6770,62.22
243.931,measure,4968.0,1352.0,6.7167,62.25
244.031,measure,4968.0,1344.0,6.6770,62.28
244.131,measure,4968.0,1344.0,6.6770,62.38
244.231,measure,4968.0,1352.0,6.7167,62.44
244.331,measure,4968.0,1344.0,6.6770,62.38
244.431,measure,4968.0,1344.0,6.6770,62.31
244.532,measure,4968.0,1352.0,6.7167,62.31
244.632,measure,4968.0,1344.0,6.6770,62.34
244.732,measure,4968.0,1352.0,6.7167,62.31
244.832,measure,4968.0,1352.0,6.7167,62.28
244.932,measure,4968.0,1344.0,6.6770,62.31
245.032,measure,4968.0,1352.0,6.7167,62.47
245.132,measure,4968.0,1352.0,6.7167,62.47
245.233,measure,4968.0,1344.0,6.6770,62.41
245.333,measure,4968.0,1344.0,6.6770,62.34
245.433,measure,4968.0,1352.0,6.7167,62.31
245.533,measure,4968.0,1344.0,6.6770,62.28
245.633,measure,4968.0,1344.0,6.6770,62.34
245.733,measure,4968.0,1352.0,6.7167,62.31
245.833,measure,4968.0,1344.0,6.6770,62.25
245.933,measure,4968.0,1344.0,6.6770,62.47
246.034,measure,4968.0,1352.0,6.7167,62.50
246.134,measure,4968.0,1344.0,6.6770,62.41
246.234,measure,4968.0,1344.0,6.6770,62.34
246.334,measure,4968.0,1344.0,6.6770,62.31
246.434,measure,4968.0,1344.0,6.6770,62.28
246.534,measure,4968.0,1344.0,6.6770,62.31
246.634,measure,4968.0,1344.0,6.6770,62.31
246.734,measure,4968.0,1344.0,6.6770,62.28
246.835,measure,4968.0,1352.0,6.7167,62.56
246.935,measure,4968.0,1344.0,6.6770,62.53
247.035,measure,4968.0,1336.0,6.6372,62.41
247.135,measure,4968.0,1344.0,6.6770,62.31
247.235,measure,4968.0,1344.0,6.6770,62.34
247.335,measure,4968.0,1336.0,6.6372,62.28
247.435,measure,4968.0,1344.0,6.6770,62.28
247.536,measure,4968.0,1336.0,6.6372,62.31
247.636,measure,4968.0,1336.0,6.6372,62.25
247.736,measure,4968.0,1344.0,6.6770,62.50
247.836,measure,4968.0,1336.0,6.6372,62.44
247.936,measure,4968.0,1336.0,6.6372,62.34
248.036,measure,4968.0,1344.0,6.6770,62.41
248.136,measure,4968.0,1336.0,6.6372,62.38
248.237,measure,4968.0,1336.0,6.6372,62.22
248.337,measure,4968.0,1344.0,6.6770,62.25
248.437,measure,4968.0,1344.0,6.6770,62.31
248.537,measure,4968.0,1336.0,6.6372,62.34
248.637,measure,4968.0,1344.0,6.6770,62.47
248.737,measure,4968.0,1344.0,6.6770,62.44
248.837,measure,4968.0,1336.0,6.6372,62.31
248.937,measure,4968.0,1344.0,6.6770,62.34
249.038,measure,4968.0,1336.0,6.6372,62.38
249.138,measure,4968.0,1336.0,6.6372,62.31
249.238,measure,4968.0,1344.0,6.6770,62.31
249.338,measure,4968.0,1344.0,6.6770,62.28
249.438,measure,4968.0,1336.0,6.6372,62.25
249.538,measure,4968.0,1344.0,6.6770,62.31
249.638,measure,4968.0,1344.0,6.6770,62.47
249.739,measure,4968.0,1336.0,6.6372,62.38
249.839,measure,4968.0,1344.0,6.6770,62.44
249.939,measure,4968.0,1344.0,6.6770,62.38
250.039,measure,4968.0,1336.0,6.6372,62.31
250.139,measure,4968.0,1344.0,6.6770,62.31
250.239,measure,4968.0,1344.0,6.6770,62.31
250.339,measure,4968.0,1344.0,6.6770,62.25
250.439,measure,4968.0,1352.0,6.7167,62.31
250.540,measure,4968.0,1344.0,6.6770,62.44
250.640,measure,4968.0,1344.0,6.6770,62.44
250.740,measure,4968.0,1352.0,6.7167,62.38
250.840,measure,4968.0,1344.0,6.6770,62.31
250.940,measure,4968.0,1344.0,6.6770,62.34
251.040,measure,4968.0,1352.0,6.7167,62.38
251.140,measure,4968.0,1344.0,6.6770,62.31
251.241,measure,4968.0,1344.0,6.6770,62.31
251.341,measure,4968.0,1352.0,6.7167,62.31
251.441,measure,4968.0,1344.0,6.6770,62.28
251.541,measure,4968.0,1344.0,6.6770,62.38
251.641,measure,4968.0,1352.0,6.7167,62.38
251.741,measure,4968.0,1344.0,6.6770,62.38
251.841,measure,4968.0,1344.0,6.6770,62.31
251.941,measure,4968.0,1352.0,6.7167,62.31
252.042,measure,4968.0,1344.0,6.6770,62.28
252.142,measure,4968.0,1344.0,6.6770,62.31
252.242,measure,4968.0,1344.0,6.6770,62.28
252.342,measure,4968.0,1344.0,6.6770,62.31
252.442,measure,4968.0,1344.0,6.6770,62.41
252.542,measure,4968.0,1344.0,6.6770,62.47
252.642,measure,4968.0,1344.0,6.6770,62.38
252.742,measure,4968.0,1344.0,6.6770,62.31
252.843,measure,4968.0,1344.0,6.6770,62.31
252.943,measure,4968.0,1344.0,6.6770,62.31
253.043,measure,4968.0,1344.0,6.6770,62.25
253.143,measure,4968.0,1344.0,6.6770,62.34
253.243,measure,4968.0,1344.0,6.6770,62.25
253.343,measure,4968.0,1344.0,6.6770,62.41
253.443,measure,4968.0,1344.0,6.6770,62.44
253.543,measure,4968.0,1344.0,6.6770,62.38
253.644,measure,4968.0,1344.0,6.6770,62.34
253.744,measure,4968.0,1344.0,6.6770,62.38
253.844,measure,4968.0,1344.0,6.6770,62.31
253.944,measure,4968.0,1344.0,6.6770,62.31
254.044,measure,4968.0,1344.0,6.6770,62.25
254.144,measure,4968.0,1344.0,6.6770,62.31
254.244,measure,4968.0,1344.0,6.6770,62.47
254.344,measure,4968.0,1344.0,6.6770,62.44
254.445,measure,4968.0,1336.0,6.6372,62.31
254.545,measure,4968.0,1344.0,6.6770,62.31
254.645,measure,4968.0,1344.0,6.6770,62.31
254.745,measure,4968.0,1336.0,6.6372,62.28
254.845,measure,4968.0,1344.0,6.6770,62.31
254.945,measure,4968.0,1344.0,6.6770,62.31
255.045,measure,4968.0,1336.0,6.6372,62.31
255.145,measure,4968.0,1344.0,6.6770,62.47
255.246,measure,4968.0,1344.0,6.6770,62.38
255.346,measure,4968.0,1336.0,6.6372,62.38
255.446,measure,4968.0,1344.0,6.6770,62.41
255.546,measure,4968.0,1344.0,6.6770,62.31
255.646,measure,4968.0,1344.0,6.6770,62.41
255.746,measure,4968.0,1344.0,6.6770,62.38
255.846,measure,4968.0,1344.0,6.6770,62.28
255.947,measure,4968.0,1344.0,6.6770,62.34
256.047,measure,4968.0,1344.0,6.6770,62.44
256.147,measure,4968.0,1344.0,6.6770,62.41
256.247,measure,4968.0,1344.0,6.6770,62.47
256.347,measure,4968.0,1344.0,6.6770,62.38
256.447,measure,4968.0,1352.0,6.7167,62.38
256.547,measure,4968.0,1344.0,6.6770,62.31
256.647,measure,4968.0,1344.0,6.6770,62.34
256.748,measure,4968.0,1352.0,6.7167,62.34
256.848,measure,4968.0,1344.0,6.6770,62.44
256.948,measure,4968.0,1336.0,6.6372,62.44
257.048,measure,4968.0,1344.0,6.6770,62.44
257.148,measure,4968.0,1344.0,6.6770,62.34
257.248,measure,4968.0,1336.0,6.6372,62.34
257.348,measure,4968.0,1344.0,6.6770,62.31
257.448,measure,4968.0,1344.0,6.6770,62.44
257.549,measure,4968.0,1336.0,6.6372,62.34
257.649,measure,4968.0,1352.0,6.7167,62.31
257.749,measure,4968.0,1344.0,6.6770,62.50
257.849,measure,4968.0,1336.0,6.6372,62.44
257.949,measure,4968.0,1344.0,6.6770,62.44
258.049,measure,4968.0,1344.0,6.6770,62.38
258.149,measure,4968.0,1336.0,6.6372,62.44
258.249,measure,4968.0,1344.0,6.6770,62.34
258.350,measure,4968.0,1344.0,6.6770,62.41
258.450,measure,4968.0,1336.0,6.6372,62.34
258.550,measure,4968.0,1344.0,6.6770,62.31
258.650,measure,4968.0,1344.0,6.6770,62.44
258.750,measure,4968.0,1336.0,6.6372,62.50
258.850,measure,4968.0,1344.0,6.6770,62.47
258.950,measure,4968.0,1344.0,6.6770,62.41
259.051,measure,4968.0,1336.0,6.6372,62.38
259.151,measure,4968.0,1344.0,6.6770,62.34
259.251,measure,4968.0,1344.0,6.6770,62.31
259.351,measure,4968.0,1336.0,6.6372,62.28
259.451,measure,4968.0,1344.0,6.6770,62.31
259.551,measure,4968.0,1344.0,6.6770,62.50
259.651,measure,4968.0,1336.0,6.6372,62.44
259.751,measure,4968.0,1344.0,6.6770,62.50
259.852,measure,4968.0,1344.0,6.6770,62.38
259.952,measure,4968.0,1336.0,6.6372,62.38
260.052,measure,4968.0,1344.0,6.6770,62.38
260.152,measure,4968.0,1344.0,6.6770,62.34
260.252,measure,4968.0,1336.0,6.6372,62.31
260.352,measure,4968.0,1344.0,6.6770,62.41
260.452,measure,4968.0,1344.0,6.6770,62.31
260.553,measure,4968.0,1344.0,6.6770,62.53
260.653,measure,4968.0,1344.0,6.6770,62.41
260.753,measure,4968.0,1344.0,6.6770,62.34
260.853,measure,4968.0,1344.0,6.6770,62.44
260.953,measure,4968.0,1344.0,6.6770,62.38
261.053,measure,4968.0,1344.0,6.6770,62.31
261.153,measure,4968.0,1336.0,6.6372,62.34
261.253,measure,4968.0,1344.0,6.6770,62.34
261.354,measure,4968.0,1344.0,6.6770,62.31
261.454,measure,4968.0,1344.0,6.6770,62.53
261.554,measure,4968.0,1344.0,6.6770,62.50
261.654,measure,4968.0,1344.0,6.6770,62.47
261.754,measure,4968.0,1344.0,6.6770,62.41
261.854,measure,4968.0,1344.0,6.6770,62.31
261.954,measure,4968.0,1352.0,6.7167,62.22
262.054,measure,4968.0,1344.0,6.6770,62.31
262.155,measure,4968.0,1344.0,6.6770,62.38
262.255,measure,4968.0,1352.0,6.7167,62.34
262.355,measure,4968.0,1344.0,6.6770,62.56
262.455,measure,4968.0,1344.0,6.6770,62.47
262.555,measure,4968.0,1352.0,6.7167,62.38
262.655,measure,4968.0,1344.0,6.6770,62.44
262.755,measure,4968.0,1344.0,6.6770,62.34
262.856,measure,4968.0,1352.0,6.7167,62.34
262.956,measure,4968.0,1352.0,6.7167,62.34
263.056,measure,4968.0,1344.0,6.6770,62.31
263.156,measure,4968.0,1344.0,6.6770,62.31
263.256,measure,4968.0,1344.0,6.6770,62.34
263.356,measure,4968.0,1344.0,6.6770,62.41
263.456,measure,4968.0,1344.0,6.6770,62.41
263.556,measure,4968.0,1344.0,6.6770,62.38
263.657,measure,4968.0,1344.0,6.6770,62.34
263.757,measure,4968.0,1344.0,6.6770,62.38
263.857,measure,4968.0,1352.0,6.7167,62.34
263.957,measure,4968.0,1344.0,6.6770,62.31
264.057,measure,4968.0,1344.0,6.6770,62.25
264.157,measure,4968.0,1352.0,6.7167,62.31
264.257,measure,4968.0,1344.0,6.6770,62.47
264.357,measure,4968.0,1344.0,6.6770,62.44
264.458,measure,4968.0,1344.0,6.6770,62.38
264.558,measure,4968.0,1344.0,6.6770,62.38
264.658,measure,4968.0,1344.0,6.6770,62.41
264.758,measure,4968.0,1352.0,6.7167,62.31
264.858,measure,4968.0,1344.0,6.6770,62.38
264.958,measure,4968.0,1344.0,6.6770,62.31
265.058,measure,4968.0,1352.0,6.7167,62.34
265.159,measure,4968.0,1344.0,6.6770,62.56
265.259,measure,4968.0,1344.0,6.6770,62.50
265.359,measure,4968.0,1352.0,6.7167,62.44
265.459,measure,4968.0,1344.0,6.6770,62.41
265.559,measure,4968.0,1344.0,6.6770,62.34
265.659,measure,4968.0,1352.0,6.7167,62.31
265.759,measure,4968.0,1352.0,6.7167,62.38
265.859,measure,4968.0,1344.0,6.6770,62.28
265.960,measure,4968.0,1352.0,6.7167,62.28
266.060,measure,4968.0,1344.0,6.6770,62.44
266.160,measure,4968.0,1344.0,6.6770,62.44
266.260,measure,4968.0,1352.0,6.7167,62.41
266.360,measure,4968.0,1344.0,6.6770,62.31
266.460,measure,4968.0,1336.0,6.6372,62.38
266.560,measure,4968.0,1344.0,6.6770,62.31
266.660,measure,4968.0,1344.0,6.6770,62.38
266.761,measure,4968.0,1336.0,6.6372,62.31
266.861,measure,4968.0,1344.0,6.6770,62.28
266.961,measure,4968.0,1344.0,6.6770,62.41
267.061,measure,4968.0,1336.0,6.6372,62.47
267.161,measure,4968.0,1344.0,6.6770,62.34
267.261,measure,4968.0,1344.0,6.6770,62.41
267.361,measure,4968.0,1336.0,6.6372,62.28
267.462,measure,4968.0,1344.0,6.6770,62.25
267.562,measure,4968.0,1352.0,6.7167,62.31
267.662,measure,4968.0,1344.0,6.6770,62.31
267.762,measure,4968.0,1344.0,6.6770,62.56
267.862,measure,4968.0,1352.0,6.7167,62.41
267.962,measure,4968.0,1344.0,6.6770,62.47
268.062,measure,4968.0,1352.0,6.7167,62.38
268.162,measure,4968.0,1352.0,6.7167,62.31
268.263,measure,4968.0,1344.0,6.6770,62.31
268.363,measure,4968.0,1352.0,6.7167,62.38
268.463,measure,4968.0,1352.0,6.7167,62.38
268.563,measure,4968.0,1344.0,6.6770,62.31
268.663,measure,4968.0,1352.0,6.7167,62.50
268.763,measure,4968.0,1352.0,6.7167,62.50
268.863,measure,4968.0,1352.0,6.7167,62.56
268.963,measure,4968.0,1352.0,6.7167,62.41
269.064,measure,4968.0,1352.0,6.7167,62.41
269.164,measure,4968.0,1344.0,6.6770,62.44
269.264,measure,4968.0,1344.0,6.6770,62.38
269.364,measure,4968.0,1352.0,6.7167,62.28
269.464,measure,4968.0,1344.0,6.6770,62.28
269.564,measure,4968.0,1344.0,6.6770,62.50
269.664,measure,4968.0,1352.0,6.7167,62.50
269.764,measure,4968.0,1344.0,6.6770,62.41
269.865,measure,4968.0,1344.0,6.6770,62.38
269.965,measure,4968.0,1344.0,6.6770,62.34
270.065,measure,4968.0,1336.0,6.6372,62.34
270.165,measure,4968.0,1344.0,6.6770,62.38
270.265,measure,4968.0,1344.0,6.6770,62.31
270.365,measure,4968.0,1336.0,6.6372,62.41
270.465,measure,4968.0,1344.0,6.6770,62.53
270.565,measure,4968.0,1344.0,6.6770,62.47
270.666,measure,4968.0,1336.0,6.6372,62.47
270.766,measure,4968.0,1344.0,6.6770,62.47
270.866,measure,4968.0,1352.0,6.7167,62.34
270.966,measure,4968.0,1344.0,6.6770,62.38
271.066,measure,4968.0,1344.0,6.6770,62.34
271.166,measure,4968.0,1352.0,6.7167,62.34
271.266,measure,4968.0,1344.0,6.6770,62.31
271.367,measure,4968.0,1344.0,6.6770,62.56
271.467,measure,4968.0,1352.0,6.7167,62.59
271.567,measure,4968.0,1344.0,6.6770,62.53
271.667,measure,4968.0,1344.0,6.6770,62.44
271.767,measure,4968.0,1352.0,6.7167,62.34
271.867,measure,4968.0,1344.0,6.6770,62.34
271.967,measure,4968.0,1352.0,6.7167,62.38
272.067,measure,4968.0,1352.0,6.7167,62.38
272.168,measure,4968.0,1344.0,6.6770,62.34
272.268,measure,4968.0,1344.0,6.6770,62.34
272.368,measure,4968.0,1352.0,6.7167,62.56
272.468,measure,4968.0,1344.0,6.6770,62.50
272.568,measure,4968.0,1344.0,6.6770,62.44
272.668,measure,4968.0,1344.0,6.6770,62.44
272.768,measure,4968.0,1336.0,6.6372,62.31
272.868,measure,4968.0,1344.0,6.6770,62.31
272.969,measure,4968.0,1344.0,6.6770,62.31
273.069,measure,4968.0,1336.0,6.6372,62.31
273.169,measure,4968.0,1344.0,6.6770,62.38
273.269,measure,4968.0,1344.0,6.6770,62.59
273.369,measure,4968.0,1336.0,6.6372,62.41
273.469,measure,4968.0,1344.0,6.6770,62.38
273.569,measure,4968.0,1344.0,6.6770,62.34
273.669,measure,4968.0,1336.0,6.6372,62.38
273.770,measure,4968.0,1344.0,6.6770,62.34
273.870,measure,4968.0,1344.0,6.6770,62.31
273.970,measure,4968.0,1336.0,6.6372,62.31
274.070,measure,4968.0,1344.0,6.6770,62.34
274.170,measure,4968.0,1352.0,6.7167,62.50
274.270,measure,4968.0,1344.0,6.6770,62.41
274.370,measure,4968.0,1344.0,6.6770,62.44
274.471,measure,4968.0,1352.0,6.7167,62.47
274.571,measure,4968.0,1344.0,6.6770,62.38
274.671,measure,4968.0,1344.0,6.6770,62.41
274.771,measure,4968.0,1344.0,6.6770,62.31
274.871,measure,4968.0,1344.0,6.6770,62.34
274.971,measure,4968.0,1352.0,6.7167,62.28
275.071,measure,4968.0,1344.0,6.6770,62.28
275.171,measure,4968.0,1336.0,6.6372,62.50
275.272,measure,4968.0,1344.0,6.6770,62.41
275.372,measure,4968.0,1344.0,6.6770,62.38
275.472,measure,4968.0,1344.0,6.6770,62.34
275.572,measure,4968.0,1352.0,6.7167,62.38
275.672,measure,4968.0,1344.0,6.6770,62.34
275.772,measure,4968.0,1344.0,6.6770,62.34
275.872,measure,4968.0,1352.0,6.7167,62.31
275.972,measure,4968.0,1344.0,6.6770,62.38
276.073,measure,4968.0,1344.0,6.6770,62.44
276.173,measure,4968.0,1344.0,6.6770,62.44
276.273,measure,4968.0,1344.0,6.6770,62.34
276.373,measure,4968.0,1336.0,6.6372,62.41
276.473,measure,4968.0,1344.0,6.6770,62.41
276.573,measure,4968.0,1344.0,6.6770,62.34
276.673,measure,4968.0,1344.0,6.6770,62.34
276.774,measure,4968.0,1344.0,6.6770,62.31
276.874,measure,4968.0,1344.0,6.6770,62.28
276.974,measure,4968.0,1344.0,6.6770,62.44
277.074,measure,4968.0,1352.0,6.7167,62.47
277.174,measure,4968.0,1344.0,6.6770,62.47
277.275,measure,4968.0,1344.0,6.6770,62.38
277.375,measure,4968.0,1344.0,6.6770,62.38
277.475,measure,4968.0,1344.0,6.6770,62.31
277.575,measure,4968.0,1336.0,6.6372,62.34
277.675,measure,4968.0,1352.0,6.7167,62.34
277.775,measure,4968.0,1344.0,6.6770,62.31
277.875,measure,4968.0,1344.0,6.6770,62.47
277.975,measure,4968.0,1352.0,6.7167,62.53
278.076,measure,4968.0,1344.0,6.6770,62.53
278.176,measure,4968.0,1344.0,6.6770,62.53
278.276,measure,4968.0,1352.0,6.7167,62.34
278.376,measure,4968.0,1344.0,6.6770,62.34
278.476,measure,4968.0,1344.0,6.6770,62.34
278.576,measure,4968.0,1344.0,6.6770,62.34
278.676,measure,4968.0,1344.0,6.6770,62.31
278.776,measure,4968.0,1336.0,6.6372,62.59
278.877,measure,4968.0,1344.0,6.6770,62.50
278.977,measure,4968.0,1344.0,6.6770,62.38
279.077,measure,4968.0,1344.0,6.6770,62.34
279.177,measure,4968.0,1352.0,6.7167,62.34
279.277,measure,4968.0,1344.0,6.6770,62.34
279.377,measure,4968.0,1344.0,6.6770,62.31
279.477,measure,4968.0,1344.0,6.6770,62.31
279.578,measure,4968.0,1344.0,6.6770,62.31
279.678,measure,4968.0,1344.0,6.6770,62.53
279.778,measure,4968.0,1344.0,6.6770,62.53
279.878,measure,4968.0,1344.0,6.6770,62.41
279.978,measure,4968.0,1344.0,6.6770,62.41
280.078,measure,4968.0,1352.0,6.7167,62.41
280.178,measure,4968.0,1344.0,6.6770,62.34
280.279,measure,4968.0,1344.0,6.6770,62.31
280.379,measure,4968.0,1352.0,6.7167,62.31
280.479,measure,4968.0,1344.0,6.6770,62.31
280.579,measure,4968.0,1344.0,6.6770,62.56
280.679,measure,4968.0,1352.0,6.7167,62.50
280.779,measure,4968.0,1344.0,6.6770,62.44
280.879,measure,4968.0,1344.0,6.6770,62.41
280.980,measure,4968.0,1352.0,6.7167,62.41
281.080,measure,4968.0,1344.0,6.6770,62.38
281.180,measure,4968.0,1344.0,6.6770,62.38
281.280,measure,4968.0,1352.0,6.7167,62.34
281.380,measure,4968.0,1344.0,6.6770,62.34
281.480,measure,4968.0,1344.0,6.6770,62.50
281.580,measure,4968.0,1352.0,6.7167,62.47
281.680,measure,4968.0,1344.0,6.6770,62.41
281.781,measure,4968.0,1344.0,6.6770,62.41
281.881,measure,4968.0,1344.0,6.6770,62.44
281.981,measure,4968.0,1336.0,6.6372,62.41
282.081,measure,4968.0,1344.0,6.6770,62.41
282.181,measure,4968.0,1344.0,6.6770,62.38
282.281,measure,4968.0,1344.0,6.6770,62.38
282.381,measure,4968.0,1344.0,6.6770,62.62
282.481,measure,4968.0,1352.0,6.7167,62.59
282.582,measure,4968.0,1344.0,6.6770,62.44
282.682,measure,4968.0,1344.0,6.6770,62.41
282.782,measure,4968.0,1352.0,6.7167,62.38
282.882,measure,4968.0,1344.0,6.6770,62.31
282.982,measure,4968.0,1344.0,6.6770,62.34
283.082,measure,4968.0,1352.0,6.7167,62.31
283.182,measure,4968.0,1344.0,6.6770,62.38
283.283,measure,4968.0,1344.0,6.6770,62.62
283.383,measure,4968.0,1352.0,6.7167,62.50
283.483,measure,4968.0,1344.0,6.6770,62.47
283.583,measure,4968.0,1344.0,6.6770,62.50
283.683,measure,4968.0,1352.0,6.7167,62.44
283.783,measure,4968.0,1344.0,6.6770,62.41
283.883,measure,4968.0,1344.0,6.6770,62.34
283.983,measure,4968.0,1352.0,6.7167,62.41
284.084,measure,4968.0,1344.0,6.6770,62.31
284.184,measure,4968.0,1344.0,6.6770,62.56
284.284,measure,4968.0,1352.0,6.7167,62.59
284.384,measure,4968.0,1344.0,6.6770,62.50
284.484,measure,4968.0,1344.0,6.6770,62.41
284.584,measure,4968.0,1352.0,6.7167,62.44
284.684,measure,4968.0,1344.0,6.6770,62.38
284.785,measure,4968.0,1344.0,6.6770,62.41
284.885,measure,4968.0,1352.0,6.7167,62.38
284.985,measure,4968.0,1344.0,6.6770,62.38
285.085,measure,4968.0,1344.0,6.6770,62.59
285.185,measure,4968.0,1344.0,6.6770,62.53
285.285,measure,4968.0,1344.0,6.6770,62.41
285.385,measure,4968.0,1344.0,6.6770,62.44
285.485,measure,4968.0,1344.0,6.6770,62.47
285.586,measure,4968.0,1336.0,6.6372,62.41
285.686,measure,4968.0,1344.0,6.6770,62.38
285.786,measure,4968.0,1352.0,6.7167,62.41
285.886,measure,4968.0,1344.0,6.6770,62.38
285.986,measure,4968.0,1344.0,6.6770,62.44
286.086,measure,4968.0,1352.0,6.7167,62.53
286.186,measure,4968.0,1344.0,6.6770,62.47
286.286,measure,4968.0,1352.0,6.7167,62.47
286.387,measure,4968.0,1352.0,6.7167,62.41
286.487,measure,4968.0,1352.0,6.7167,62.50
286.587,measure,4968.0,1352.0,6.7167,62.34
286.687,measure,4968.0,1352.0,6.7167,62.41
286.787,measure,4968.0,1352.0,6.7167,62.47
286.887,measure,4968.0,1352.0,6.7167,62.38
286.987,measure,4968.0,1352.0,6.7167,62.62
287.088,measure,4968.0,1344.0,6.6770,62.50
287.188,measure,4968.0,1344.0,6.6770,62.53
287.288,measure,4968.0,1352.0,6.7167,62.34
287.388,measure,4968.0,1344.0,6.6770,62.38
287.488,measure,4968.0,1344.0,6.6770,62.44
287.588,measure,4968.0,1352.0,6.7167,62.34
287.688,measure,4968.0,1344.0,6.6770,62.34
287.788,measure,4968.0,1344.0,6.6770,62.31
287.889,measure,4968.0,1344.0,6.6770,62.56
287.989,measure,4968.0,1344.0,6.6770,62.41
288.089,measure,4968.0,1344.0,6.6770,62.53
288.189,measure,4968.0,1352.0,6.7167,62.50
288.289,measure,4968.0,1344.0,6.6770,62.41
288.389,measure,4968.0,1344.0,6.6770,62.38
288.489,measure,4968.0,1352.0,6.7167,62.38
288.589,measure,4968.0,1344.0,6.6770,62.34
288.690,measure,4968.0,1344.0,6.6770,62.38
288.790,measure,4968.0,1352.0,6.7167,62.53
288.890,measure,4968.0,1344.0,6.6770,62.53
288.990,measure,4968.0,1344.0,6.6770,62.44
289.090,measure,4968.0,1344.0,6.6770,62.44
289.190,measure,4968.0,1344.0,6.6770,62.38
289.290,measure,4968.0,1344.0,6.6770,62.41
289.391,measure,4968.0,1344.0,6.6770,62.34
289.491,measure,4968.0,1344.0,6.6770,62.41
289.591,measure,4968.0,1344.0,6.6770,62.31
289.691,measure,4968.0,1352.0,6.7167,62.50
289.791,measure,4968.0,1344.0,6.6770,62.59
289.891,measure,4968.0,1344.0,6.6770,62.44
289.991,measure,4968.0,1344.0,6.6770,62.47
290.091,measure,4968.0,1344.0,6.6770,62.47
290.192,measure,4968.0,1344.0,6.6770,62.38
290.292,measure,4968.0,1352.0,6.7167,62.44
290.392,measure,4968.0,1344.0,6.6770,62.34
290.492,measure,4968.0,1344.0,6.6770,62.28
290.592,measure,4968.0,1352.0,6.7167,62.66
290.692,measure,4968.0,1344.0,6.6770,62.53
290.792,measure,4968.0,1344.0,6.6770,62.50
290.892,measure,4968.0,1352.0,6.7167,62.47
290.993,measure,4968.0,1344.0,6.6770,62.44
291.093,measure,4968.0,1352.0,6.7167,62.41
291.193,measure,4968.0,1352.0,6.7167,62.31
291.293,measure,4968.0,1344.0,6.6770,62.38
291.393,measure,4968.0,1344.0,6.6770,62.34
291.493,measure,4968.0,1344.0,6.6770,62.59
291.593,measure,4968.0,1344.0,6.6770,62.53
291.693,measure,4968.0,1344.0,6.6770,62.53
291.794,measure,4968.0,1352.0,6.7167,62.41
291.894,measure,4968.0,1344.0,6.6770,62.47
291.994,measure,4968.0,1344.0,6.6770,62.38
292.094,measure,4968.0,1352.0,6.7167,62.34
292.194,measure,4968.0,1344.0,6.6770,62.38
292.294,measure,4968.0,1344.0,6.6770,62.38
292.394,measure,4968.0,1352.0,6.7167,62.53
292.495,measure,4968.0,1344.0,6.6770,62.50
292.595,measure,4968.0,1344.0,6.6770,62.50
292.695,measure,4968.0,1352.0,6.7167,62.50
292.795,measure,4968.0,1344.0,6.6770,62.38
292.895,measure,4968.0,1344.0,6.6770,62.41
292.995,measure,4968.0,1344.0,6.6770,62.44
293.095,measure,4968.0,1344.0,6.6770,62.38
293.195,measure,4968.0,1344.0,6.6770,62.34
293.296,measure,4968.0,1352.0,6.7167,62.66
293.396,measure,4968.0,1344.0,6.6770,62.56
293.496,measure,4968.0,1344.0,6.6770,62.59
293.596,measure,4968.0,1344.0,6.6770,62.44
293.696,measure,4968.0,1344.0,6.6770,62.44
293.796,measure,4968.0,1344.0,6.6770,62.38
293.896,measure,4968.0,1352.0,6.7167,62.44
293.997,measure,4968.0,1344.0,6.6770,62.34
294.097,measure,4968.0,1344.0,6.6770,62.38
294.197,measure,4968.0,1352.0,6.7167,62.53
294.297,measure,4968.0,1352.0,6.7167,62.56
294.397,measure,4968.0,1344.0,6.6770,62.50
294.497,measure,4968.0,1344.0,6.6770,62.50
294.597,measure,4968.0,1344.0,6.6770,62.47
294.697,measure,4968.0,1344.0,6.6770,62.41
294.798,measure,4968.0,1352.0,6.7167,62.38
294.898,measure,4968.0,1344.0,6.6770,62.44
294.998,measure,4968.0,1344.0,6.6770,62.38
295.098,measure,4968.0,1352.0,6.7167,62.69
295.198,measure,4968.0,1344.0,6.6770,62.56
295.298,measure,4968.0,1344.0,6.6770,62.47
295.398,measure,4968.0,1352.0,6.7167,62.50
295.499,measure,4968.0,1344.0,6.6770,62.47
295.599,measure,4968.0,1344.0,6.6770,62.38
295.699,measure,4968.0,1352.0,6.7167,62.44
295.799,measure,4968.0,1352.0,6.7167,62.41
295.899,measure,4968.0,1344.0,6.6770,62.44
295.999,measure,4968.0,1352.0,6.7167,62.62
296.099,measure,4968.0,1344.0,6.6770,62.59
296.199,measure,4968.0,1344.0,6.6770,62.47
296.300,measure,4968.0,1352.0,6.7167,62.47
296.400,measure,4968.0,1344.0,6.6770,62.50
296.500,measure,4968.0,1344.0,6.6770,62.44
296.600,measure,4968.0,1352.0,6.7167,62.44
296.700,measure,4968.0,1344.0,6.6770,62.38
296.800,measure,4968.0,1344.0,6.6770,62.44
296.900,measure,4968.0,1352.0,6.7167,62.62
297.000,measure,4968.0,1344.0,6.6770,62.56
297.101,measure,4968.0,1344.0,6.6770,62.56
297.201,measure,4968.0,1344.0,6.6770,62.44
297.301,measure,4968.0,1344.0,6.6770,62.44
297.401,measure,4968.0,1344.0,6.6770,62.38
297.501,measure,4968.0,1352.0,6.7167,62.47
297.601,measure,4968.0,1344.0,6.6770,62.38
297.701,measure,4968.0,1344.0,6.6770,62.41
297.802,measure,4968.0,1352.0,6.7167,62.41
297.902,measure,4968.0,1344.0,6.6770,62.59
298.002,measure,4968.0,1344.0,6.6770,62.59
298.102,measure,4968.0,1352.0,6.7167,62.50
298.202,measure,4968.0,1344.0,6.6770,62.53
298.302,measure,4968.0,1344.0,6.6770,62.44
298.402,measure,4968.0,1352.0,6.7167,62.41
298.502,measure,4968.0,1344.0,6.6770,62.41
298.603,measure,4968.0,1344.0,6.6770,62.38
298.703,measure,4968.0,1344.0,6.6770,62.38
298.803,measure,4968.0,1344.0,6.6770,62.53
298.903,measure,4968.0,1344.0,6.6770,62.56
299.003,measure,4968.0,1344.0,6.6770,62.47
299.103,measure,4968.0,1344.0,6.6770,62.38
299.203,measure,4968.0,1344.0,6.6770,62.47
299.304,measure,4968.0,1352.0,6.7167,62.44
299.404,measure,4968.0,1344.0,6.6770,62.47
299.504,measure,4968.0,1344.0,6.6770,62.41
299.604,measure,4968.0,1344.0,6.6770,62.41
299.704,measure,4968.0,1336.0,6.6372,62.44
299.804,measure,4968.0,1344.0,6.6770,62.62
299.904,measure,4968.0,1344.0,6.6770,62.44
300.004,measure,4968.0,1336.0,6.6372,62.50
300.105,measure,4968.0,1344.0,6.6770,62.38
300.205,measure,4968.0,1344.0,6.6770,62.44
300.305,measure,4968.0,1336.0,6.6372,62.44
300.405,measure,4968.0,1344.0,6.6770,62.41
300.505,measure,4968.0,1344.0,6.6770,62.38
300.605,measure,4968.0,1336.0,6.6372,62.44
300.705,measure,4968.0,1344.0,6.6770,62.53
300.805,measure,4968.0,1352.0,6.7167,62.56
300.906,measure,4968.0,1344.0,6.6770,62.47
301.006,measure,4968.0,1344.0,6.6770,62.50
301.106,measure,4968.0,1344.0,6.6770,62.41
301.206,measure,4968.0,1336.0,6.6372,62.34
301.306,measure,4968.0,1344.0,6.6770,62.38
301.406,measure,4968.0,1344.0,6.6770,62.41
301.506,measure,4968.0,1344.0,6.6770,62.41
301.606,measure,4968.0,1344.0,6.6770,62.56
301.707,measure,4968.0,1344.0,6.6770,62.59
301.807,measure,4968.0,1344.0,6.6770,62.50
301.907,measure,4968.0,1344.0,6.6770,62.47
302.007,measure,4968.0,1344.0,6.6770,62.47
302.107,measure,4968.0,1344.0,6.6770,62.41
302.207,measure,4968.0,1344.0,6.6770,62.44
302.307,measure,4968.0,1344.0,6.6770,62.38
302.408,measure,4968.0,1344.0,6.6770,62.56
302.508,measure,4968.0,1344.0,6.6770,62.56
302.608,measure,4968.0,1344.0,6.6770,62.50
302.708,measure,4968.0,1344.0,6.6770,62.50
302.808,measure,4968.0,1344.0,6.6770,62.47
302.908,measure,4968.0,1352.0,6.7167,62.50
303.008,measure,4968.0,1344.0,6.6770,62.38
303.108,measure,4968.0,1344.0,6.6770,62.41
303.209,measure,4968.0,1344.0,6.6770,62.34
303.309,measure,4968.0,1344.0,6.6770,62.34
303.409,measure,4968.0,1336.0,6.6372,62.56
303.509,measure,4968.0,1344.0,6.6770,62.59
303.609,measure,4968.0,1344.0,6.6770,62.50
303.709,measure,4968.0,1336.0,6.6372,62.56
303.809,measure,4968.0,1344.0,6.6770,62.50
303.909,measure,4968.0,1344.0,6.6770,62.41
304.010,measure,4968.0,1336.0,6.6372,62.41
304.110,measure,4968.0,1344.0,6.6770,62.41
304.210,measure,4968.0,1344.0,6.6770,62.50
304.310,measure,4968.0,1336.0,6.6372,62.59
304.410,measure,4968.0,1344.0,6.6770,62.53
304.510,measure,4968.0,1344.0,6.6770,62.53
304.610,measure,4968.0,1344.0,6.6770,62.44
304.711,measure,4968.0,1352.0,6.7167,62.41
304.811,measure,4968.0,1344.0,6.6770,62.31
304.911,measure,4968.0,1344.0,6.6770,62.34
305.011,measure,4968.0,1344.0,6.6770,62.31
305.111,measure,4968.0,1344.0,6.6770,62.56
305.211,measure,4968.0,1336.0,6.6372,62.53
305.311,measure,4968.0,1344.0,6.6770,62.53
305.412,measure,4968.0,1352.0,6.7167,62.50
305.512,measure,4968.0,1344.0,6.6770,62.50
305.612,measure,4968.0,1344.0,6.6770,62.53
305.712,measure,4968.0,1352.0,6.7167,62.41
305.812,measure,4968.0,1344.0,6.6770,62.38
305.912,measure,4968.0,1344.0,6.6770,62.44
306.012,measure,4968.0,1352.0,6.7167,62.62
306.112,measure,4968.0,1344.0,6.6770,62.56
306.213,measure,4968.0,1344.0,6.6770,62.56
306.313,measure,4968.0,1352.0,6.7167,62.50
306.413,measure,4968.0,1344.0,6.6770,62.44
306.513,measure,4968.0,1344.0,6.6770,62.41
306.613,measure,4968.0,1352.0,6.7167,62.41
306.713,measure,4968.0,1344.0,6.6770,62.38
306.813,measure,4968.0,1344.0,6.6770,62.34
306.913,measure,4968.0,1352.0,6.7167,62.56
307.014,measure,4968.0,1352.0,6.7167,62.59
307.114,measure,4968.0,1344.0,6.6770,62.62
307.214,measure,4968.0,1352.0,6.7167,62.56
307.314,measure,4968.0,1344.0,6.6770,62.50
307.414,measure,4968.0,1344.0,6.6770,62.50
307.514,measure,4968.0,1344.0,6.6770,62.44
307.614,measure,4968.0,1352.0,6.7167,62.38
307.715,measure,4968.0,1344.0,6.6770,62.41
307.815,measure,4968.0,1344.0,6.6770,62.59
307.915,measure,4968.0,1352.0,6.7167,62.62
308.015,measure,4968.0,1344.0,6.6770,62.62
308.115,measure,4968.0,1344.0,6.6770,62.59
308.215,measure,4968.0,1352.0,6.7167,62.50
308.315,measure,4968.0,1344.0,6.6770,62.50
308.415,measure,4968.0,1344.0,6.6770,62.38
308.516,measure,4968.0,1352.0,6.7167,62.41
308.616,measure,4968.0,1344.0,6.6770,62.38
308.716,measure,4968.0,1344.0,6.6770,62.34
308.816,measure,4968.0,1352.0,6.7167,62.59
308.916,measure,4968.0,1344.0,6.6770,62.53
309.016,measure,4968.0,1344.0,6.6770,62.69
309.116,measure,4968.0,1352.0,6.7167,62.50
309.216,measure,4968.0,1344.0,6.6770,62.44
309.317,measure,4968.0,1336.0,6.6372,62.44
309.417,measure,4968.0,1344.0,6.6770,62.41
309.517,measure,4968.0,1344.0,6.6770,62.44
309.617,measure,4968.0,1344.0,6.6770,62.38
309.717,measure,4968.0,1352.0,6.7167,62.72
309.817,measure,4968.0,1352.0,6.7167,62.59
309.917,measure,4968.0,1344.0,6.6770,62.56
310.018,measure,4968.0,1344.0,6.6770,62.50
310.118,measure,4968.0,1344.0,6.6770,62.47
310.218,measure,4968.0,1336.0,6.6372,62.47
310.318,measure,4968.0,1344.0,6.6770,62.38
310.418,measure,4968.0,1344.0,6.6770,62.41
310.518,measure,4968.0,1344.0,6.6770,62.41
310.618,measure,4968.0,1344.0,6.6770,62.62
310.718,measure,4968.0,1352.0,6.7167,62.59
310.819,measure,4968.0,1344.0,6.6770,62.50
310.919,measure,4968.0,1344.0,6.6770,62.53
311.019,measure,4968.0,1352.0,6.7167,62.53
311.119,measure,4968.0,1344.0,6.6770,62.47
311.219,measure,4968.0,1344.0,6.6770,62.47
311.319,measure,4968.0,1352.0,6.7167,62.50
311.419,measure,4968.0,1344.0,6.6770,62.44
311.520,measure,4968.0,1344.0,6.6770,62.38
311.620,measure,4968.0,1352.0,6.7167,62.50
311.720,measure,4968.0,1344.0,6.6770,62.53
311.820,measure,4968.0,1344.0,6.6770,62.50
311.920,measure,4968.0,1344.0,6.6770,62.47
312.020,measure,4968.0,1344.0,6.6770,62.44
312.120,measure,4968.0,1336.0,6.6372,62.50
312.220,measure,4968.0,1344.0,6.6770,62.44
312.321,measure,4968.0,1344.0,6.6770,62.34
312.421,measure,4968.0,1336.0,6.6372,62.41
312.521,measure,4968.0,1344.0,6.6770,62.53
312.621,measure,4968.0,1352.0,6.7167,62.53
312.721,measure,4968.0,1344.0,6.6770,62.56
312.821,measure,4968.0,1344.0,6.6770,62.50
312.921,measure,4968.0,1344.0,6.6770,62.50
313.022,measure,4968.0,1344.0,6.6770,62.44
313.122,measure,4968.0,1344.0,6.6770,62.44
313.222,measure,4968.0,1344.0,6.6770,62.38
313.322,measure,4968.0,1344.0,6.6770,62.41
313.422,measure,4968.0,1344.0,6.6770,62.50
313.522,measure,4968.0,1344.0,6.6770,62.47
313.622,measure,4968.0,1344.0,6.6770,62.50
313.722,measure,4968.0,1344.0,6.6770,62.50
313.823,measure,4968.0,1352.0,6.7167,62.50
313.923,measure,4968.0,1344.0,6.6770,62.41
314.023,measure,4968.0,1344.0,6.6770,62.44
314.123,measure,4968.0,1352.0,6.7167,62.44
314.223,measure,4968.0,1344.0,6.6770,62.38
314.323,measure,4968.0,1344.0,6.6770,62.53
314.423,measure,4968.0,1344.0,6.6770,62.53
314.524,measure,4968.0,1344.0,6.6770,62.47
314.624,measure,4968.0,1344.0,6.6770,62.44
314.724,measure,4968.0,1344.0,6.6770,62.47
314.824,measure,4968.0,1344.0,6.6770,62.34
314.924,measure,4968.0,1344.0,6.6770,62.44
315.024,measure,4968.0,1352.0,6.7167,62.38
315.124,measure,4968.0,1344.0,6.6770,62.44
315.225,measure,4968.0,1344.0,6.6770,62.53
315.325,measure,4968.0,1344.0,6.6770,62.53
315.425,measure,4968.0,1344.0,6.6770,62.47
315.525,measure,4968.0,1336.0,6.6372,62.53
315.625,measure,4968.0,1344.0,6.6770,62.53
315.725,measure,4968.0,1344.0,6.6770,62.44
315.826,measure,4968.0,1336.0,6.6372,62.41
315.926,measure,4968.0,1344.0,6.6770,62.41
316.026,measure,4968.0,1344.0,6.6770,62.44
316.126,measure,4968.0,1344.0,6.6770,62.59
316.226,measure,4968.0,1344.0,6.6770,62.59
316.326,measure,4968.0,1344.0,6.6770,62.50
316.426,measure,4968.0,1336.0,6.6372,62.50
316.526,measure,4968.0,1344.0,6.6770,62.50
316.627,measure,4968.0,1344.0,6.6770,62.47
316.727,measure,4968.0,1336.0,6.6372,62.38
316.827,measure,4968.0,1344.0,6.6770,62.47
316.927,measure,4968.0,1352.0,6.7167,62.44
317.027,measure,4968.0,1344.0,6.6770,62.66
317.127,measure,4968.0,1344.0,6.6770,62.56
317.227,measure,4968.0,1344.0,6.6770,62.47
317.328,measure,4968.0,1336.0,6.6372,62.50
317.428,measure,4968.0,1344.0,6.6770,62.50
317.528,measure,4968.0,1344.0,6.6770,62.44
317.628,measure,4968.0,1336.0,6.6372,62.47
317.728,measure,4968.0,1344.0,6.6770,62.44
317.828,measure,4968.0,1352.0,6.7167,62.44
317.928,measure,4968.0,1344.0,6.6770,62.69
318.028,measure,4968.0,1344.0,6.6770,62.62
318.129,measure,4968.0,1352.0,6.7167,62.44
318.229,measure,4968.0,1344.0,6.6770,62.50
318.329,measure,4968.0,1344.0,6.6770,62.44
318.429,measure,4968.0,1352.0,6.7167,62.44
318.529,measure,4968.0,1344.0,6.6770,62.44
318.629,measure,4968.0,1344.0,6.6770,62.41
318.729,measure,4968.0,1344.0,6.6770,62.44
318.829,measure,4968.0,1344.0,6.6770,62.62
318.930,measure,4968.0,1344.0,6.6770,62.62
319.030,measure,4968.0,1352.0,6.7167,62.50
319.130,measure,4968.0,1344.0,6.6770,62.53
319.230,measure,4968.0,1344.0,6.6770,62.44
319.330,measure,4968.0,1352.0,6.7167,62.47
319.430,measure,4968.0,1344.0,6.6770,62.47
319.530,measure,4968.0,1344.0,6.6770,62.38
319.631,measure,4968.0,1352.0,6.7167,62.44
319.731,measure,4968.0,1344.0,6.6770,62.69
319.831,measure,4968.0,1344.0,6.6770,62.59
319.931,measure,4968.0,1352.0,6.7167,62.56
320.031,measure,4968.0,1352.0,6.7167,62.53
320.131,measure,4968.0,1344.0,6.6770,62.44
320.231,measure,4968.0,1352.0,6.7167,62.47
320.331,measure,4968.0,1352.0,6.7167,62.50
320.432,measure,4968.0,1344.0,6.6770,62.47
320.532,measure,4968.0,1352.0,6.7167,62.44
320.632,measure,4968.0,1352.0,6.7167,62.69
320.732,measure,4968.0,1336.0,6.6372,62.56
320.832,measure,4968.0,1344.0,6.6770,62.59
320.932,measure,4968.0,1352.0,6.7167,62.53
321.032,measure,4968.0,1344.0,6.6770,62.47
321.132,measure,4968.0,1344.0,6.6770,62.50
321.233,measure,4968.0,1344.0,6.6770,62.44
321.333,measure,4968.0,1336.0,6.6372,62.47
321.433,measure,4968.0,1344.0,6.6770,62.44
321.533,measure,4968.0,1352.0,6.7167,62.69
321.633,measure,4968.0,1336.0,6.6372,62.62
321.733,measure,4968.0,1344.0,6.6770,62.62
321.833,measure,4968.0,1344.0,6.6770,62.56
321.933,measure,4968.0,1344.0,6.6770,62.44
322.034,measure,4968.0,1344.0,6.6770,62.44
322.134,measure,4968.0,1352.0,6.7167,62.53
322.234,measure,4968.0,1344.0,6.6770,62.44
322.334,measure,4968.0,1344.0,6.6770,62.44
322.434,measure,4968.0,1352.0,6.7167,62.66
322.534,measure,4968.0,1344.0,6.6770,62.66
322.634,measure,4968.0,1344.0,6.6770,62.50
322.734,measure,4968.0,1352.0,6.7167,62.47
322.835,measure,4968.0,1352.0,6.7167,62.47
322.935,measure,4968.0,1344.0,6.6770,62.50
323.035,measure,4968.0,1352.0,6.7167,62.47
323.135,measure,4968.0,1352.0,6.7167,62.44
323.235,measure,4968.0,1344.0,6.6770,62.44
323.335,measure,4968.0,1352.0,6.7167,62.41
323.435,measure,4968.0,1352.0,6.7167,62.69
323.536,measure,4968.0,1344.0,6.6770,62.62
323.636,measure,4968.0,1352.0,6.7167,62.56
323.736,measure,4968.0,1344.0,6.6770,62.50
323.836,measure,4968.0,1344.0,6.6770,62.50
323.936,measure,4968.0,1344.0,6.6770,62.50
324.036,measure,4968.0,1344.0,6.6770,62.41
324.136,measure,4968.0,1336.0,6.6372,62.47
324.237,measure,4968.0,1344.0,6.6770,62.41
324.337,measure,4968.0,1344.0,6.6770,62.66
324.437,measure,4968.0,1336.0,6.6372,62.53
324.537,measure,4968.0,1344.0,6.6770,62.53
324.637,measure,4968.0,1344.0,6.6770,62.50
324.737,measure,4968.0,1336.0,6.6372,62.56
324.837,measure,4968.0,1344.0,6.6770,62.47
324.938,measure,4968.0,1344.0,6.6770,62.53
325.038,measure,4968.0,1336.0,6.6372,62.53
325.138,measure,4968.0,1344.0,6.6770,62.44
325.238,measure,4968.0,1344.0,6.6770,62.41
325.338,measure,4968.0,1336.0,6.6372,62.56
325.438,measure,4968.0,1344.0,6.6770,62.59
325.539,measure,4968.0,1344.0,6.6770,62.53
325.639,measure,4968.0,1336.0,6.6372,62.56
325.739,measure,4968.0,1344.0,6.6770,62.47
325.839,measure,4968.0,1336.0,6.6372,62.50
325.939,measure,4968.0,1336.0,6.6372,62.47
326.039,measure,4968.0,1344.0,6.6770,62.44
326.139,measure,4968.0,1344.0,6.6770,62.59
326.239,measure,4968.0,1336.0,6.6372,62.59
326.340,measure,4968.0,1344.0,6.6770,62.59
326.440,measure,4968.0,1344.0,6.6770,62.53
326.540,measure,4968.0,1336.0,6.6372,62.66
326.640,measure,4968.0,1344.0,6.6770,62.53
326.740,measure,4968.0,1344.0,6.6770,62.50
326.840,measure,4968.0,1344.0,6.6770,62.47
326.940,measure,4968.0,1344.0,6.6770,62.41
327.040,measure,4968.0,1344.0,6.6770,62.56
327.141,measure,4968.0,1344.0,6.6770,62.69
327.241,measure,4968.0,1352.0,6.7167,62.62
327.341,measure,4968.0,1344.0,6.6770,62.50
327.441,measure,4968.0,1344.0,6.6770,62.53
327.541,measure,4968.0,1352.0,6.7167,62.53
327.641,measure,4968.0,1344.0,6.6770,62.44
327.741,measure,4968.0,1344.0,6.6770,62.47
327.841,measure,4968.0,1352.0,6.7167,62.41
327.942,measure,4968.0,1344.0,6.6770,62.59
328.042,measure,4968.0,1344.0,6.6770,62.66
328.142,measure,4968.0,1352.0,6.7167,62.59
328.242,measure,4968.0,1344.0,6.6770,62.53
328.342,measure,4968.0,1344.0,6.6770,62.53
328.442,measure,4968.0,1352.0,6.7167,62.50
328.542,measure,4968.0,1344.0,6.6770,62.41
328.642,measure,4968.0,1344.0,6.6770,62.44
328.743,measure,4968.0,1352.0,6.7167,62.47
328.843,measure,4968.0,1344.0,6.6770,62.59
328.943,measure,4968.0,1344.0,6.6770,62.53
329.043,measure,4968.0,1344.0,6.6770,62.66
329.143,measure,4968.0,1344.0,6.6770,62.53
329.243,measure,4968.0,1336.0,6.6372,62.50
329.343,measure,4968.0,1344.0,6.6770,62.47
329.443,measure,4968.0,1344.0,6.6770,62.44
329.544,measure,4968.0,1344.0,6.6770,62.47
329.644,measure,4968.0,1352.0,6.7167,62.47
329.744,measure,4968.0,1344.0,6.6770,62.72
329.844,measure,4968.0,1344.0,6.6770,62.69
329.944,measure,4968.0,1344.0,6.6770,62.56
330.044,measure,4968.0,1344.0,6.6770,62.59
330.144,measure,4968.0,1344.0,6.6770,62.59
330.244,measure,4968.0,1352.0,6.7167,62.47
330.345,measure,4968.0,1344.0,6.6770,62.56
330.445,measure,4968.0,1344.0,6.6770,62.44
330.545,measure,4968.0,1352.0,6.7167,62.47
330.645,measure,4968.0,1344.0,6.6770,62.72
330.745,measure,4968.0,1344.0,6.6770,62.72
330.845,measure,4968.0,1352.0,6.7167,62.62
330.945,measure,4968.0,1352.0,6.7167,62.53
331.045,measure,4968.0,1344.0,6.6770,62.50
331.146,measure,4968.0,1352.0,6.7167,62.56
331.246,measure,4968.0,1344.0,6.6770,62.53
331.346,measure,4968.0,1344.0,6.6770,62.47
331.446,measure,4968.0,1344.0,6.6770,62.56
331.546,measure,4968.0,1344.0,6.6770,62.69
331.646,measure,4968.0,1344.0,6.6770,62.66
331.746,measure,4968.0,1344.0,6.6770,62.66
331.846,measure,4968.0,1344.0,6.6770,62.56
331.947,measure,4968.0,1344.0,6.6770,62.50
332.047,measure,4968.0,1344.0,6.6770,62.50
332.147,measure,4968.0,1344.0,6.6770,62.47
332.247,measure,4968.0,1344.0,6.6770,62.47
332.347,measure,4968.0,1344.0,6.6770,62.44
332.447,measure,4968.0,1344.0,6.6770,62.69
332.547,measure,4968.0,1344.0,6.6770,62.72
332.647,measure,4968.0,1344.0,6.6770,62.59
332.748,measure,4968.0,1344.0,6.6770,62.53
332.848,measure,4968.0,1344.0,6.6770,62.56
332.948,measure,4968.0,1352.0,6.7167,62.53
333.048,measure,4968.0,1344.0,6.6770,62.47
333.148,measure,4968.0,1344.0,6.6770,62.50
333.248,measure,4968.0,1352.0,6.7167,62.50
333.348,measure,4968.0,1344.0,6.6770,62.72
333.448,measure,4968.0,1344.0,6.6770,62.72
333.549,measure,4968.0,1352.0,6.7167,62.59
333.649,measure,4968.0,1344.0,6.6770,62.47
333.749,measure,4968.0,1344.0,6.6770,62.50
333.849,measure,4968.0,1352.0,6.7167,62.53
333.949,measure,4968.0,1344.0,6.6770,62.56
334.049,measure,4968.0,1336.0,6.6372,62.44
334.149,measure,4968.0,1352.0,6.7167,62.47
334.250,measure,4968.0,1344.0,6.6770,62.41
334.350,measure,4968.0,1336.0,6.6372,62.78
334.450,measure,4968.0,1344.0,6.6770,62.69
334.550,measure,4968.0,1344.0,6.6770,62.53
334.650,measure,4968.0,1336.0,6.6372,62.53
334.750,measure,4968.0,1344.0,6.6770,62.50
334.850,measure,4968.0,1344.0,6.6770,62.50
334.951,measure,4968.0,1336.0,6.6372,62.50
335.051,measure,4968.0,1344.0,6.6770,62.50
335.151,measure,4968.0,1344.0,6.6770,62.53
335.251,measure,4968.0,1344.0,6.6770,62.66
335.351,measure,4968.0,1344.0,6.6770,62.62
335.451,measure,4968.0,1352.0,6.7167,62.69
335.551,measure,4968.0,1344.0,6.6770,62.50
335.651,measure,4968.0,1344.0,6.6770,62.50
335.752,measure,4968.0,1352.0,6.7167,62.56
335.852,measure,4968.0,1344.0,6.6770,62.41
335.952,measure,4968.0,1344.0,6.6770,62.50
336.052,measure,4968.0,1344.0,6.6770,62.44
336.152,measure,4968.0,1344.0,6.6770,62.69
336.252,measure,4968.0,1344.0,6.6770,62.62
336.352,measure,4968.0,1344.0,6.6770,62.56
336.452,measure,4968.0,1344.0,6.6770,62.50
336.553,measure,4968.0,1344.0,6.6770,62.59
336.653,measure,4968.0,1352.0,6.7167,62.56
336.753,measure,4968.0,1344.0,6.6770,62.53
336.853,measure,4968.0,1344.0,6.6770,62.47
336.953,measure,4968.0,1352.0,6.7167,62.44
337.053,measure,4968.0,1344.0,6.6770,62.47
337.154,measure,4968.0,1344.0,6.6770,62.59
337.254,measure,4968.0,1344.0,6.6770,62.59
337.354,measure,4968.0,1344.0,6.6770,62.66
337.454,measure,4968.0,1336.0,6.6372,62.50
337.554,measure,4968.0,1344.0,6.6770,62.53
337.654,measure,4968.0,1344.0,6.6770,62.50
337.754,measure,4968.0,1336.0,6.6372,62.44
337.854,measure,4968.0,1344.0,6.6770,62.53
337.955,measure,4968.0,1344.0,6.6770,62.47
338.055,measure,4968.0,1336.0,6.6372,62.66
338.155,measure,4968.0,1344.0,6.6770,62.69
338.255,measure,4968.0,1344.0,6.6770,62.62
338.355,measure,4968.0,1344.0,6.6770,62.50
338.455,measure,4968.0,1344.0,6.6770,62.50
338.555,measure,4968.0,1352.0,6.7167,62.47
338.655,measure,4968.0,1344.0,6.6770,62.53
338.756,measure,4968.0,1344.0,6.6770,62.44
338.856,measure,4968.0,1344.0,6.6770,62.50
338.956,measure,4968.0,1344.0,6.6770,62.66
339.056,measure,4968.0,1344.0,6.6770,62.62
339.156,measure,4968.0,1352.0,6.7167,62.53
339.256,measure,4968.0,1344.0,6.6770,62.50
339.356,measure,4968.0,1344.0,6.6770,62.53
339.457,measure,4968.0,1352.0,6.7167,62.44
339.557,measure,4968.0,1344.0,6.6770,62.50
339.657,measure,4968.0,1344.0,6.6770,62.47
339.757,measure,4968.0,1352.0,6.7167,62.47
339.857,measure,4968.0,1344.0,6.6770,62.72
339.957,measure,4968.0,1344.0,6.6770,62.69
340.057,measure,4968.0,1344.0,6.6770,62.59
340.158,measure,4968.0,1344.0,6.6770,62.53
340.258,measure,4968.0,1336.0,6.6372,62.47
340.358,measure,4968.0,1344.0,6.6770,62.50
340.458,measure,4968.0,1344.0,6.6770,62.47
340.558,measure,4968.0,1344.0,6.6770,62.50
340.658,measure,4968.0,1352.0,6.7167,62.53
340.758,measure,4968.0,1344.0,6.6770,62.72
340.858,measure,4968.0,1344.0,6.6770,62.66
340.959,measure,4968.0,1352.0,6.7167,62.62
341.059,measure,4968.0,1352.0,6.7167,62.47
341.159,measure,4968.0,1344.0,6.6770,62.47
341.259,measure,4968.0,1352.0,6.7167,62.53
341.359,measure,4968.0,1352.0,6.7167,62.41
341.459,measure,4968.0,1344.0,6.6770,62.47
341.559,measure,4968.0,1344.0,6.6770,62.66
341.659,measure,4968.0,1352.0,6.7167,62.66
341.760,measure,4968.0,1344.0,6.6770,62.62
341.860,measure,4968.0,1344.0,6.6770,62.62
341.960,measure,4968.0,1352.0,6.7167,62.53
342.060,measure,4968.0,1344.0,6.6770,62.50
342.160,measure,4968.0,1344.0,6.6770,62.44
342.260,measure,4968.0,1352.0,6.7167,62.47
342.360,measure,4968.0,1344.0,6.6770,62.44
342.460,measure,4968.0,1344.0,6.6770,62.75
342.561,measure,4968.0,1352.0,6.7167,62.62
342.661,measure,4968.0,1344.0,6.6770,62.66
342.761,measure,4968.0,1336.0,6.6372,62.53
342.861,measure,4968.0,1344.0,6.6770,62.50
342.961,measure,4968.0,1344.0,6.6770,62.53
343.061,measure,4968.0,1336.0,6.6372,62.50
343.161,measure,4968.0,1344.0,6.6770,62.56
343.261,measure,4968.0,1344.0,6.6770,62.41
343.362,measure,4968.0,1336.0,6.6372,62.62
343.462,measure,4968.0,1344.0,6.6770,62.72
343.562,measure,4968.0,1344.0,6.6770,62.56
343.662,measure,4968.0,1344.0,6.6770,62.50
343.762,measure,4968.0,1352.0,6.7167,62.59
343.862,measure,4968.0,1344.0,6.6770,62.56
343.962,measure,4968.0,1344.0,6.6770,62.50
344.062,measure,4968.0,1352.0,6.7167,62.59
344.163,measure,4968.0,1344.0,6.6770,62.44
344.263,measure,4968.0,1344.0,6.6770,62.69
344.363,measure,4968.0,1352.0,6.7167,62.62
344.463,measure,4968.0,1352.0,6.7167,62.69
344.563,measure,4968.0,1344.0,6.6770,62.56
344.663,measure,4968.0,1352.0,6.7167,62.62
344.763,measure,4968.0,1352.0,6.7167,62.50
344.864,measure,4968.0,1344.0,6.6770,62.47
344.964,measure,4968.0,1344.0,6.6770,62.44
345.064,measure,4968.0,1352.0,6.7167,62.50
345.164,measure,4968.0,1344.0,6.6770,62.75
345.264,measure,4968.0,1344.0,6.6770,62.62
345.364,measure,4968.0,1352.0,6.7167,62.66
345.464,measure,4968.0,1344.0,6.6770,62.56
345.564,measure,4968.0,1344.0,6.6770,62.59
345.665,measure,4968.0,1352.0,6.7167,62.50
345.765,measure,4968.0,1344.0,6.6770,62.47
345.865,measure,4968.0,1344.0,6.6770,62.47
345.965,measure,4968.0,1352.0,6.7167,62.44
346.065,measure,4968.0,1344.0,6.6770,62.41
346.165,measure,4968.0,1344.0,6.6770,62.72
346.265,measure,4968.0,1344.0,6.6770,62.59
346.365,measure,4968.0,1344.0,6.6770,62.59
346.466,measure,4968.0,1336.0,6.6372,62.59
346.566,measure,4968.0,1352.0,6.7167,62.56
346.666,measure,4968.0,1344.0,6.6770,62.50
346.766,measure,4968.0,1336.0,6.6372,62.47
346.866,measure,4968.0,1344.0,6.6770,62.50
346.966,measure,4968.0,1352.0,6.7167,62.53
347.067,measure,4968.0,1344.0,6.6770,62.69
347.167,measure,4968.0,1344.0,6.6770,62.53
347.267,measure,4968.0,1352.0,6.7167,62.53
347.367,measure,4968.0,1344.0,6.6770,62.56
347.467,measure,4968.0,1344.0,6.6770,62.50
347.567,measure,4968.0,1352.0,6.7167,62.59
347.667,measure,4968.0,1344.0,6.6770,62.50
347.767,measure,4968.0,1344.0,6.6770,62.53
347.868,measure,4968.0,1352.0,6.7167,62.50
347.968,measure,4968.0,1344.0,6.6770,62.41
348.068,measure,4968.0,1344.0,6.6770,62.66
348.168,measure,4968.0,1352.0,6.7167,62.69
348.268,measure,4968.0,1344.0,6.6770,62.50
348.368,measure,4968.0,1344.0,6.6770,62.53
348.468,measure,4968.0,1352.0,6.7167,62.50
348.568,measure,4968.0,1344.0,6.6770,62.47
348.669,measure,4968.0,1344.0,6.6770,62.44
348.769,measure,4968.0,1344.0,6.6770,62.38
348.869,measure,4968.0,1344.0,6.6770,62.38
348.969,measure,4968.0,1336.0,6.6372,62.66
349.069,measure,4968.0,1344.0,6.6770,62.72
349.169,measure,4968.0,1344.0,6.6770,62.56
349.270,measure,4968.0,1336.0,6.6372,62.59
349.370,measure,4968.0,1344.0,6.6770,62.53
349.470,measure,4968.0,1352.0,6.7167,62.41
349.570,measure,4968.0,1344.0,6.6770,62.53
349.670,measure,4968.0,1344.0,6.6770,62.53
349.770,measure,4968.0,1352.0,6.7167,62.50
349.870,measure,4968.0,1344.0,6.6770,62.66
349.970,measure,4968.0,1344.0,6.6770,62.59
350.071,measure,4968.0,1352.0,6.7167,62.53
350.171,measure,4968.0,1352.0,6.7167,62.56
350.271,measure,4968.0,1344.0,6.6770,62.50
350.371,measure,4968.0,1352.0,6.7167,62.50
350.471,measure,4968.0,1352.0,6.7167,62.41
350.571,measure,4968.0,1344.0,6.6770,62.56
350.671,measure,4968.0,1352.0,6.7167,62.47
350.772,measure,4968.0,1352.0,6.7167,62.66
350.872,measure,4968.0,1344.0,6.6770,62.62
350.972,measure,4968.0,1352.0,6.7167,62.66
351.072,measure,4968.0,1352.0,6.7167,62.56
351.172,measure,4968.0,1344.0,6.6770,62.53
351.272,measure,4968.0,1352.0,6.7167,62.47
351.372,measure,4968.0,1352.0,6.7167,62.53
351.472,measure,4968.0,1344.0,6.6770,62.47
351.573,measure,4968.0,1344.0,6.6770,62.47
351.673,measure,4968.0,1344.0,6.6770,62.62
351.773,measure,4968.0,1344.0,6.6770,62.53
351.873,measure,4968.0,1344.0,6.6770,62.53
351.973,measure,4968.0,1344.0,6.6770,62.56
352.073,measure,4968.0,1336.0,6.6372,62.50
352.173,measure,4968.0,1344.0,6.6770,62.50
352.273,measure,4968.0,1344.0,6.6770,62.53
352.374,measure,4968.0,1336.0,6.6372,62.56
352.474,measure,4968.0,1344.0,6.6770,62.47
352.574,measure,4968.0,1352.0,6.7167,62.72
352.674,measure,4968.0,1344.0,6.6770,62.62
352.774,measure,4968.0,1344.0,6.6770,62.47
352.874,measure,4968.0,1352.0,6.7167,62.59
352.974,measure,4968.0,1344.0,6.6770,62.50
353.074,measure,4968.0,1344.0,6.6770,62.53
353.175,measure,4968.0,1352.0,6.7167,62.44
353.275,measure,4968.0,1344.0,6.6770,62.47
353.375,measure,4968.0,1344.0,6.6770,62.78
353.475,measure,4968.0,1352.0,6.7167,62.66
353.575,measure,4968.0,1352.0,6.7167,62.69
353.675,measure,4968.0,1344.0,6.6770,62.59
353.775,measure,4968.0,1352.0,6.7167,62.53
353.876,measure,4968.0,1344.0,6.6770,62.47
353.976,measure,4968.0,1344.0,6.6770,62.53
354.076,measure,4968.0,1352.0,6.7167,62.53
354.176,measure,4968.0,1352.0,6.7167,62.38
354.276,measure,4968.0,1344.0,6.6770,62.72
354.376,measure,4968.0,1352.0,6.7167,62.62
354.477,measure,4968.0,1352.0,6.7167,62.69
354.577,measure,4968.0,1344.0,6.6770,62.59
354.677,measure,4968.0,1352.0,6.7167,62.62
354.777,measure,4968.0,1352.0,6.7167,62.56
354.877,measure,4968.0,1344.0,6.6770,62.56
354.977,measure,4968.0,1352.0,6.7167,62.53
355.077,measure,4968.0,1352.0,6.7167,62.50
355.178,measure,4968.0,1336.0,6.6372,62.47
355.278,measure,4968.0,1344.0,6.6770,62.69
355.378,measure,4968.0,1344.0,6.6770,62.62
355.478,measure,4968.0,1344.0,6.6770,62.66
355.578,measure,4968.0,1344.0,6.6770,62.56
355.678,measure,4968.0,1352.0,6.7167,62.56
355.778,measure,4968.0,1344.0,6.6770,62.53
355.878,measure,4968.0,1344.0,6.6770,62.47
355.979,measure,4968.0,1352.0,6.7167,62.53
356.079,measure,4968.0,1344.0,6.6770,62.44
356.179,measure,4968.0,1344.0,6.6770,62.81
356.279,measure,4968.0,1352.0,6.7167,62.75
356.379,measure,4968.0,1344.0,6.6770,62.62
356.479,measure,4968.0,1344.0,6.6770,62.56
356.579,measure,4968.0,1352.0,6.7167,62.53
356.679,measure,4968.0,1344.0,6.6770,62.56
356.780,measure,4968.0,1344.0,6.6770,62.50
356.880,measure,4968.0,1352.0,6.7167,62.50
356.980,measure,4968.0,1352.0,6.7167,62.53
357.080,measure,4968.0,1344.0,6.6770,62.69
357.180,measure,4968.0,1352.0,6.7167,62.66
357.280,measure,4968.0,1352.0,6.7167,62.62
357.380,measure,4968.0,1344.0,6.6770,62.53
357.481,measure,4968.0,1344.0,6.6770,62.56
357.581,measure,4968.0,1344.0,6.6770,62.50
357.681,measure,4968.0,1344.0,6.6770,62.47
357.781,measure,4968.0,1352.0,6.7167,62.47
357.881,measure,4968.0,1352.0,6.7167,62.47
357.981,measure,4968.0,1344.0,6.6770,62.75
358.081,measure,4968.0,1344.0,6.6770,62.72
358.181,measure,4968.0,1352.0,6.7167,62.62
358.282,measure,4968.0,1344.0,6.6770,62.53
358.382,measure,4968.0,1344.0,6.6770,62.50
358.482,measure,4968.0,1352.0,6.7167,62.53
358.582,measure,4968.0,1344.0,6.6770,62.59
358.682,measure,4968.0,1344.0,6.6770,62.53
358.782,measure,4968.0,1352.0,6.7167,62.50
358.882,measure,4968.0,1344.0,6.6770,62.81
358.983,measure,4968.0,1344.0,6.6770,62.75
359.083,measure,4968.0,1352.0,6.7167,62.66
359.183,measure,4968.0,1344.0,6.6770,62.56
359.283,measure,4968.0,1336.0,6.6372,62.59
359.383,measure,4968.0,1344.0,6.6770,62.47
359.483,measure,4968.0,1344.0,6.6770,62.56
359.583,measure,4968.0,1344.0,6.6770,62.53
359.683,measure,4968.0,1352.0,6.7167,62.53
359.784,measure,4968.0,1344.0,6.6770,62.47
359.884,measure,4968.0,1344.0,6.6770,62.69
359.984,measure,4968.0,1352.0,6.7167,62.62
360.084,measure,4968.0,1352.0,6.7167,62.62
360.184,measure,4968.0,1344.0,6.6770,62.56
360.284,measure,4968.0,1352.0,6.7167,62.50
