t_rel_s,phase,mv,ma,watt,temp_max_c
0.000,warmup,4968.0,1256.0,6.2398,59.88
0.100,warmup,4976.0,1200.0,5.9712,60.06
0.200,warmup,4976.0,1136.0,5.6527,60.03
0.301,warmup,4984.0,1080.0,5.3827,60.03
0.401,warmup,4976.0,1136.0,5.6527,59.94
0.501,warmup,4976.0,1176.0,5.8518,60.00
0.601,warmup,4976.0,1216.0,6.0508,60.03
0.701,warmup,4976.0,1240.0,6.1702,59.84
0.801,warmup,4968.0,1256.0,6.2398,59.88
0.901,warmup,4968.0,1280.0,6.3590,59.84
1.001,warmup,4968.0,1288.0,6.3988,59.84
1.102,warmup,4968.0,1296.0,6.4385,60.06
1.202,warmup,4968.0,1312.0,6.5180,60.00
1.302,warmup,4968.0,1312.0,6.5180,59.97
1.402,warmup,4968.0,1312.0,6.5180,59.97
1.502,warmup,4968.0,1320.0,6.5578,59.94
1.602,warmup,4968.0,1336.0,6.6372,59.91
1.702,warmup,4968.0,1336.0,6.6372,59.91
1.803,warmup,4968.0,1328.0,6.5975,59.91
1.903,warmup,4968.0,1344.0,6.6770,60.09
2.003,warmup,4968.0,1352.0,6.7167,60.16
2.103,warmup,4968.0,1344.0,6.6770,60.12
2.203,warmup,4968.0,1344.0,6.6770,60.00
2.303,warmup,4968.0,1344.0,6.6770,60.03
2.403,warmup,4968.0,1352.0,6.7167,59.97
2.504,warmup,4968.0,1352.0,6.7167,59.91
2.604,warmup,4968.0,1344.0,6.6770,59.91
2.704,warmup,4968.0,1344.0,6.6770,59.91
2.804,warmup,4968.0,1352.0,6.7167,60.09
2.904,warmup,4968.0,1344.0,6.6770,60.19
3.004,warmup,4968.0,1344.0,6.6770,60.03
3.104,warmup,4968.0,1352.0,6.7167,60.03
3.205,warmup,4968.0,1344.0,6.6770,60.06
3.305,warmup,4968.0,1336.0,6.6372,59.94
3.405,warmup,4968.0,1344.0,6.6770,60.00
3.505,warmup,4968.0,1344.0,6.6770,60.03
3.605,warmup,4968.0,1336.0,6.6372,59.94
3.705,warmup,4968.0,1344.0,6.6770,60.25
3.805,warmup,4968.0,1344.0,6.6770,60.16
3.905,warmup,4968.0,1336.0,6.6372,60.16
4.006,warmup,4968.0,1344.0,6.6770,60.06
4.106,warmup,4968.0,1344.0,6.6770,60.12
4.206,warmup,4968.0,1344.0,6.6770,60.06
4.306,warmup,4968.0,1344.0,6.6770,59.97
4.406,warmup,4968.0,1344.0,6.6770,59.97
4.506,warmup,4968.0,1344.0,6.6770,59.97
4.606,warmup,4968.0,1336.0,6.6372,60.25
4.707,warmup,4968.0,1344.0,6.6770,60.16
4.807,warmup,4968.0,1352.0,6.7167,60.09
4.907,warmup,4968.0,1352.0,6.7167,60.16
5.007,warmup,4968.0,1344.0,6.6770,60.12
5.107,warmup,4968.0,1344.0,6.6770,60.03
5.207,warmup,4968.0,1352.0,6.7167,60.03
5.307,warmup,4968.0,1344.0,6.6770,60.03
5.408,warmup,4968.0,1336.0,6.6372,60.03
5.508,warmup,4968.0,1344.0,6.6770,60.22
5.608,warmup,4968.0,1344.0,6.6770,60.25
5.708,warmup,4968.0,1336.0,6.6372,60.28
5.808,warmup,4968.0,1344.0,6.6770,60.09
5.908,warmup,4968.0,1344.0,6.6770,60.09
6.008,warmup,4968.0,1336.0,6.6372,60.12
6.109,warmup,4968.0,1344.0,6.6770,60.06
6.209,warmup,4968.0,1344.0,6.6770,60.03
6.309,warmup,4968.0,1344.0,6.6770,60.00
6.409,warmup,4968.0,1344.0,6.6770,60.09
6.509,warmup,4968.0,1344.0,6.6770,60.25
6.609,warmup,4968.0,1352.0,6.7167,60.38
6.709,warmup,4968.0,1352.0,6.7167,60.12
6.809,warmup,4968.0,1344.0,6.6770,60.09
6.910,warmup,4968.0,1344.0,6.6770,60.16
7.010,warmup,4968.0,1352.0,6.7167,60.16
7.110,warmup,4968.0,1352.0,6.7167,60.03
7.210,warmup,4968.0,1344.0,6.6770,60.06
7.310,warmup,4968.0,1344.0,6.6770,60.00
7.410,warmup,4968.0,1352.0,6.7167,60.31
7.511,warmup,4968.0,1352.0,6.7167,60.28
7.611,warmup,4968.0,1352.0,6.7167,60.25
7.711,warmup,4968.0,1344.0,6.6770,60.09
7.811,warmup,4968.0,1352.0,6.7167,60.22
7.911,warmup,4968.0,1360.0,6.7565,60.16
8.011,warmup,4968.0,1360.0,6.7565,60.09
8.111,warmup,4968.0,1352.0,6.7167,60.03
8.211,warmup,4968.0,1352.0,6.7167,60.09
8.312,warmup,4968.0,1360.0,6.7565,60.12
8.412,warmup,4968.0,1360.0,6.7565,60.38
8.512,warmup,4968.0,1352.0,6.7167,60.19
8.612,warmup,4968.0,1352.0,6.7167,60.16
8.712,warmup,4968.0,1360.0,6.7565,60.19
8.812,warmup,4968.0,1344.0,6.6770,60.09
8.912,warmup,4968.0,1344.0,6.6770,60.12
9.013,warmup,4968.0,1352.0,6.7167,60.09
9.113,warmup,4968.0,1344.0,6.6770,60.06
9.213,warmup,4968.0,1344.0,6.6770,60.12
9.313,warmup,4968.0,1352.0,6.7167,60.38
9.413,warmup,4968.0,1352.0,6.7167,60.31
9.513,warmup,4968.0,1360.0,6.7565,60.12
9.614,warmup,4968.0,1352.0,6.7167,60.28
9.714,warmup,4968.0,1352.0,6.7167,60.16
9.814,warmup,4968.0,1360.0,6.7565,60.19
9.914,warmup,4968.0,1360.0,6.7565,60.12
10.014,warmup,4968.0,1360.0,6.7565,60.19
10.114,warmup,4968.0,1352.0,6.7167,60.16
10.214,warmup,4968.0,1352.0,6.7167,60.34
10.315,warmup,4968.0,1360.0,6.7565,60.34
10.415,warmup,4968.0,1360.0,6.7565,60.22
10.515,warmup,4968.0,1352.0,6.7167,60.12
10.615,warmup,4968.0,1352.0,6.7167,60.22
10.715,warmup,4968.0,1360.0,6.7565,60.22
10.815,warmup,4968.0,1360.0,6.7565,60.19
10.915,warmup,4968.0,1352.0,6.7167,60.16
11.016,warmup,4968.0,1352.0,6.7167,60.16
11.116,warmup,4968.0,1352.0,6.7167,60.09
11.216,warmup,4968.0,1360.0,6.7565,60.38
11.316,warmup,4968.0,1352.0,6.7167,60.34
11.416,warmup,4968.0,1344.0,6.6770,60.25
11.516,warmup,4968.0,1352.0,6.7167,60.12
11.616,warmup,4968.0,1344.0,6.6770,60.25
11.716,warmup,4968.0,1336.0,6.6372,60.19
11.817,warmup,4968.0,1344.0,6.6770,60.19
11.917,warmup,4968.0,1352.0,6.7167,60.16
12.017,warmup,4968.0,1352.0,6.7167,60.16
12.117,warmup,4968.0,1344.0,6.6770,60.38
12.217,warmup,4968.0,1344.0,6.6770,60.25
12.317,warmup,4968.0,1352.0,6.7167,60.25
12.417,warmup,4968.0,1344.0,6.6770,60.22
12.517,warmup,4968.0,1344.0,6.6770,60.28
12.618,warmup,4968.0,1344.0,6.6770,60.25
12.718,warmup,4968.0,1352.0,6.7167,60.25
12.818,warmup,4968.0,1352.0,6.7167,60.19
12.918,warmup,4968.0,1344.0,6.6770,60.22
13.018,warmup,4968.0,1352.0,6.7167,60.38
13.118,warmup,4968.0,1360.0,6.7565,60.31
13.218,warmup,4968.0,1352.0,6.7167,60.25
13.319,warmup,4968.0,1344.0,6.6770,60.31
13.419,warmup,4968.0,1344.0,6.6770,60.28
13.519,warmup,4968.0,1352.0,6.7167,60.25
13.619,warmup,4968.0,1352.0,6.7167,60.25
13.719,warmup,4968.0,1352.0,6.7167,60.22
13.819,warmup,4968.0,1344.0,6.6770,60.28
13.919,warmup,4968.0,1352.0,6.7167,60.38
14.020,warmup,4968.0,1360.0,6.7565,60.34
14.120,warmup,4968.0,1352.0,6.7167,60.28
14.220,warmup,4968.0,1344.0,6.6770,60.31
14.320,warmup,4968.0,1352.0,6.7167,60.22
14.420,warmup,4968.0,1352.0,6.7167,60.25
14.520,warmup,4968.0,1336.0,6.6372,60.31
14.620,warmup,4968.0,1344.0,6.6770,60.31
14.721,warmup,4968.0,1344.0,6.6770,60.28
14.821,warmup,4968.0,1336.0,6.6372,60.38
14.921,warmup,4968.0,1336.0,6.6372,60.41
15.021,warmup,4968.0,1344.0,6.6770,60.38
15.121,warmup,4968.0,1344.0,6.6770,60.28
15.221,warmup,4968.0,1336.0,6.6372,60.31
15.321,warmup,4968.0,1344.0,6.6770,60.34
15.421,warmup,4968.0,1344.0,6.6770,60.28
15.522,warmup,4968.0,1336.0,6.6372,60.25
15.622,warmup,4968.0,1344.0,6.6770,60.38
15.722,warmup,4968.0,1352.0,6.7167,60.41
15.822,warmup,4968.0,1344.0,6.6770,60.44
15.922,warmup,4968.0,1344.0,6.6770,60.31
16.022,warmup,4968.0,1344.0,6.6770,60.31
16.122,warmup,4968.0,1352.0,6.7167,60.31
16.223,warmup,4968.0,1352.0,6.7167,60.28
16.323,warmup,4968.0,1344.0,6.6770,60.31
16.423,warmup,4968.0,1344.0,6.6770,60.28
16.523,warmup,4968.0,1352.0,6.7167,60.28
16.623,warmup,4968.0,1352.0,6.7167,60.47
16.723,warmup,4968.0,1352.0,6.7167,60.47
16.823,warmup,4968.0,1352.0,6.7167,60.38
16.924,warmup,4968.0,1352.0,6.7167,60.38
17.024,warmup,4968.0,1352.0,6.7167,60.44
17.124,warmup,4968.0,1360.0,6.7565,60.31
17.224,warmup,4968.0,1352.0,6.7167,60.31
17.324,warmup,4968.0,1352.0,6.7167,60.19
17.424,warmup,4968.0,1352.0,6.7167,60.34
17.524,warmup,4968.0,1352.0,6.7167,60.47
17.625,warmup,4968.0,1344.0,6.6770,60.44
17.725,warmup,4968.0,1344.0,6.6770,60.41
17.825,warmup,4968.0,1352.0,6.7167,60.38
17.925,warmup,4968.0,1344.0,6.6770,60.31
18.025,warmup,4968.0,1344.0,6.6770,60.34
18.125,warmup,4968.0,1352.0,6.7167,60.31
18.225,warmup,4968.0,1344.0,6.6770,60.38
18.325,warmup,4968.0,1336.0,6.6372,60.28
18.426,warmup,4968.0,1344.0,6.6770,60.50
18.526,warmup,4968.0,1352.0,6.7167,60.44
18.626,warmup,4968.0,1344.0,6.6770,60.50
18.726,warmup,4968.0,1344.0,6.6770,60.38
18.826,warmup,4968.0,1344.0,6.6770,60.41
18.926,warmup,4968.0,1344.0,6.6770,60.38
19.026,warmup,4968.0,1336.0,6.6372,60.38
19.127,warmup,4968.0,1352.0,6.7167,60.41
19.227,warmup,4968.0,1352.0,6.7167,60.53
19.327,warmup,4968.0,1352.0,6.7167,60.47
19.427,warmup,4968.0,1344.0,6.6770,60.41
19.527,warmup,4968.0,1352.0,6.7167,60.44
19.627,warmup,4968.0,1360.0,6.7565,60.44
19.727,warmup,4968.0,1352.0,6.7167,60.41
19.828,warmup,4968.0,1352.0,6.7167,60.38
19.928,warmup,4968.0,1352.0,6.7167,60.38
20.028,warmup,4968.0,1352.0,6.7167,60.34
20.128,warmup,4968.0,1352.0,6.7167,60.38
20.228,warmup,4968.0,1344.0,6.6770,60.50
20.328,warmup,4968.0,1352.0,6.7167,60.53
20.428,warmup,4968.0,1344.0,6.6770,60.50
20.529,warmup,4968.0,1336.0,6.6372,60.38
20.629,warmup,4968.0,1344.0,6.6770,60.47
20.729,warmup,4968.0,1352.0,6.7167,60.41
20.829,warmup,4968.0,1344.0,6.6770,60.38
20.929,warmup,4968.0,1344.0,6.6770,60.41
21.029,warmup,4968.0,1352.0,6.7167,60.41
21.129,warmup,4968.0,1344.0,6.6770,60.56
21.230,warmup,4968.0,1344.0,6.6770,60.50
21.330,warmup,4968.0,1352.0,6.7167,60.50
21.430,warmup,4968.0,1352.0,6.7167,60.50
21.530,warmup,4968.0,1352.0,6.7167,60.47
21.630,warmup,4968.0,1344.0,6.6770,60.44
21.730,warmup,4968.0,1352.0,6.7167,60.41
21.830,warmup,4968.0,1360.0,6.7565,60.38
21.931,warmup,4968.0,1352.0,6.7167,60.38
22.031,warmup,4968.0,1352.0,6.7167,60.38
22.131,warmup,4968.0,1352.0,6.7167,60.66
22.231,warmup,4968.0,1360.0,6.7565,60.59
22.331,warmup,4968.0,1352.0,6.7167,60.47
22.431,warmup,4968.0,1352.0,6.7167,60.50
22.531,warmup,4968.0,1352.0,6.7167,60.41
22.632,warmup,4968.0,1360.0,6.7565,60.41
22.732,warmup,4968.0,1352.0,6.7167,60.47
22.832,warmup,4968.0,1352.0,6.7167,60.44
22.932,warmup,4968.0,1352.0,6.7167,60.38
23.032,warmup,4968.0,1360.0,6.7565,60.66
23.132,warmup,4968.0,1352.0,6.7167,60.53
23.232,warmup,4968.0,1352.0,6.7167,60.50
23.332,warmup,4968.0,1352.0,6.7167,60.50
23.433,warmup,4968.0,1352.0,6.7167,60.44
23.533,warmup,4968.0,1344.0,6.6770,60.41
23.633,warmup,4968.0,1344.0,6.6770,60.41
23.733,warmup,4968.0,1352.0,6.7167,60.44
23.833,warmup,4968.0,1344.0,6.6770,60.44
23.933,warmup,4968.0,1344.0,6.6770,60.66
24.033,warmup,4968.0,1352.0,6.7167,60.69
24.134,warmup,4968.0,1344.0,6.6770,60.47
24.234,warmup,4968.0,1344.0,6.6770,60.50
24.334,warmup,4968.0,1352.0,6.7167,60.44
24.434,warmup,4968.0,1352.0,6.7167,60.44
24.534,warmup,4968.0,1352.0,6.7167,60.44
24.634,warmup,4968.0,1344.0,6.6770,60.50
24.734,warmup,4968.0,1352.0,6.7167,60.41
24.835,warmup,4968.0,1360.0,6.7565,60.47
24.935,warmup,4968.0,1352.0,6.7167,60.59
25.035,warmup,4968.0,1352.0,6.7167,60.53
25.135,warmup,4968.0,1352.0,6.7167,60.50
25.235,warmup,4968.0,1360.0,6.7565,60.53
25.335,warmup,4968.0,1360.0,6.7565,60.56
25.436,warmup,4968.0,1352.0,6.7167,60.44
25.536,warmup,4968.0,1352.0,6.7167,60.44
25.636,warmup,4968.0,1360.0,6.7565,60.50
25.736,warmup,4968.0,1360.0,6.7565,60.47
25.836,warmup,4968.0,1360.0,6.7565,60.59
25.936,warmup,4968.0,1352.0,6.7167,60.66
26.036,warmup,4968.0,1352.0,6.7167,60.53
26.136,warmup,4968.0,1360.0,6.7565,60.62
26.237,warmup,4968.0,1352.0,6.7167,60.59
26.337,warmup,4968.0,1352.0,6.7167,60.53
26.437,warmup,4968.0,1352.0,6.7167,60.53
26.537,warmup,4968.0,1360.0,6.7565,60.47
26.637,warmup,4968.0,1360.0,6.7565,60.50
26.737,warmup,4968.0,1360.0,6.7565,60.69
26.837,warmup,4968.0,1352.0,6.7167,60.62
26.937,warmup,4968.0,1352.0,6.7167,60.69
27.038,warmup,4968.0,1352.0,6.7167,60.56
27.138,warmup,4968.0,1344.0,6.6770,60.56
27.238,warmup,4968.0,1344.0,6.6770,60.47
27.338,warmup,4968.0,1352.0,6.7167,60.50
27.438,warmup,4968.0,1344.0,6.6770,60.53
27.538,warmup,4968.0,1344.0,6.6770,60.53
27.638,warmup,4968.0,1352.0,6.7167,60.66
27.739,warmup,4968.0,1344.0,6.6770,60.66
27.839,warmup,4968.0,1344.0,6.6770,60.66
27.939,warmup,4968.0,1352.0,6.7167,60.69
28.039,warmup,4968.0,1352.0,6.7167,60.56
28.139,warmup,4968.0,1352.0,6.7167,60.53
28.239,warmup,4968.0,1352.0,6.7167,60.59
28.339,warmup,4968.0,1352.0,6.7167,60.47
28.439,warmup,4968.0,1360.0,6.7565,60.59
28.540,warmup,4968.0,1360.0,6.7565,60.78
28.640,warmup,4968.0,1352.0,6.7167,60.75
28.740,warmup,4968.0,1352.0,6.7167,60.66
28.840,warmup,4968.0,1360.0,6.7565,60.59
28.940,warmup,4968.0,1360.0,6.7565,60.59
29.040,warmup,4968.0,1360.0,6.7565,60.53
29.140,warmup,4968.0,1352.0,6.7167,60.56
29.240,warmup,4968.0,1352.0,6.7167,60.56
29.341,warmup,4968.0,1360.0,6.7565,60.50
29.441,warmup,4968.0,1360.0,6.7565,60.69
29.541,warmup,4968.0,1352.0,6.7167,60.69
29.641,warmup,4968.0,1352.0,6.7167,60.66
29.741,warmup,4968.0,1360.0,6.7565,60.56
29.841,warmup,4968.0,1352.0,6.7167,60.69
29.941,warmup,4968.0,1344.0,6.6770,60.59
30.042,warmup,4968.0,1352.0,6.7167,60.66
30.142,warmup,4968.0,1360.0,6.7565,60.53
30.242,warmup,4968.0,1352.0,6.7167,60.75
30.342,warmup,4968.0,1344.0,6.6770,60.81
30.442,warmup,4968.0,1352.0,6.7167,60.81
30.542,warmup,4968.0,1360.0,6.7565,60.69
30.642,warmup,4968.0,1352.0,6.7167,60.66
30.743,warmup,4968.0,1344.0,6.6770,60.62
30.843,warmup,4968.0,1352.0,6.7167,60.66
30.943,warmup,4968.0,1352.0,6.7167,60.53
31.043,warmup,4968.0,1352.0,6.7167,60.59
31.143,warmup,4968.0,1344.0,6.6770,60.59
31.243,warmup,4968.0,1352.0,6.7167,60.81
31.343,warmup,4968.0,1360.0,6.7565,60.72
31.444,warmup,4968.0,1352.0,6.7167,60.78
31.544,warmup,4968.0,1352.0,6.7167,60.78
31.644,warmup,4968.0,1352.0,6.7167,60.59
31.744,warmup,4968.0,1360.0,6.7565,60.72
31.844,warmup,4968.0,1352.0,6.7167,60.66
31.944,warmup,4968.0,1352.0,6.7167,60.59
32.044,warmup,4968.0,1352.0,6.7167,60.84
32.144,warmup,4968.0,1360.0,6.7565,60.91
32.245,warmup,4968.0,1360.0,6.7565,60.84
32.345,warmup,4968.0,1352.0,6.7167,60.66
32.445,warmup,4968.0,1352.0,6.7167,60.72
32.545,warmup,4968.0,1360.0,6.7565,60.75
32.645,warmup,4968.0,1352.0,6.7167,60.66
32.745,warmup,4968.0,1344.0,6.6770,60.69
32.845,warmup,4968.0,1352.0,6.7167,60.66
32.946,warmup,4968.0,1352.0,6.7167,60.88
33.046,warmup,4968.0,1336.0,6.6372,60.88
33.146,warmup,4968.0,1344.0,6.6770,60.88
33.246,warmup,4968.0,1352.0,6.7167,60.78
33.346,warmup,4968.0,1352.0,6.7167,60.75
33.446,warmup,4968.0,1344.0,6.6770,60.69
33.547,warmup,4968.0,1352.0,6.7167,60.69
33.647,warmup,4968.0,1352.0,6.7167,60.69
33.747,warmup,4968.0,1360.0,6.7565,60.72
33.847,warmup,4968.0,1360.0,6.7565,60.75
33.947,warmup,4968.0,1352.0,6.7167,60.91
34.047,warmup,4968.0,1352.0,6.7167,60.97
34.147,warmup,4968.0,1360.0,6.7565,60.72
34.248,warmup,4968.0,1360.0,6.7565,60.84
34.348,warmup,4968.0,1352.0,6.7167,60.81
34.448,warmup,4968.0,1352.0,6.7167,60.69
34.548,warmup,4968.0,1360.0,6.7565,60.66
34.648,warmup,4968.0,1352.0,6.7167,60.69
34.748,warmup,4968.0,1344.0,6.6770,60.66
34.849,warmup,4968.0,1352.0,6.7167,60.94
34.949,warmup,4968.0,1352.0,6.7167,60.88
35.049,warmup,4968.0,1344.0,6.6770,60.81
35.149,warmup,4968.0,1344.0,6.6770,60.78
35.249,warmup,4968.0,1352.0,6.7167,60.78
35.349,warmup,4968.0,1352.0,6.7167,60.69
35.449,warmup,4968.0,1344.0,6.6770,60.75
35.550,warmup,4968.0,1352.0,6.7167,60.81
35.650,warmup,4968.0,1360.0,6.7565,60.75
35.750,warmup,4968.0,1352.0,6.7167,60.69
35.850,warmup,4968.0,1344.0,6.6770,60.97
35.950,warmup,4968.0,1352.0,6.7167,60.88
36.050,warmup,4968.0,1344.0,6.6770,60.91
36.150,warmup,4968.0,1344.0,6.6770,60.88
36.251,warmup,4968.0,1352.0,6.7167,60.78
36.351,warmup,4968.0,1360.0,6.7565,60.72
36.451,warmup,4968.0,1352.0,6.7167,60.69
36.551,warmup,4968.0,1352.0,6.7167,60.69
36.651,warmup,4968.0,1352.0,6.7167,60.72
36.751,warmup,4968.0,1360.0,6.7565,60.97
36.851,warmup,4968.0,1360.0,6.7565,60.84
36.952,warmup,4968.0,1360.0,6.7565,60.81
37.052,warmup,4968.0,1352.0,6.7167,60.81
37.152,warmup,4968.0,1352.0,6.7167,60.84
37.252,warmup,4968.0,1360.0,6.7565,60.88
37.352,warmup,4968.0,1360.0,6.7565,60.78
37.452,warmup,4968.0,1352.0,6.7167,60.75
37.552,warmup,4968.0,1352.0,6.7167,60.66
37.653,warmup,4968.0,1360.0,6.7565,60.97
37.753,warmup,4968.0,1352.0,6.7167,60.91
37.853,warmup,4968.0,1344.0,6.6770,60.84
37.953,warmup,4968.0,1352.0,6.7167,60.88
38.053,warmup,4968.0,1352.0,6.7167,60.84
38.153,warmup,4968.0,1344.0,6.6770,60.88
38.253,warmup,4968.0,1344.0,6.6770,60.72
38.353,warmup,4968.0,1352.0,6.7167,60.75
38.454,warmup,4968.0,1352.0,6.7167,60.69
38.554,warmup,4968.0,1344.0,6.6770,60.81
38.654,warmup,4968.0,1352.0,6.7167,60.91
38.754,warmup,4968.0,1352.0,6.7167,60.88
38.854,warmup,4968.0,1352.0,6.7167,60.84
38.954,warmup,4968.0,1352.0,6.7167,60.81
39.054,warmup,4968.0,1352.0,6.7167,60.84
39.155,warmup,4968.0,1352.0,6.7167,60.81
39.255,warmup,4968.0,1352.0,6.7167,60.78
39.355,warmup,4968.0,1352.0,6.7167,60.78
39.455,warmup,4968.0,1352.0,6.7167,60.78
39.555,warmup,4968.0,1360.0,6.7565,60.88
39.655,warmup,4968.0,1352.0,6.7167,60.94
39.755,warmup,4968.0,1352.0,6.7167,60.88
39.856,warmup,4968.0,1352.0,6.7167,60.88
39.956,warmup,4968.0,1360.0,6.7565,60.88
40.056,warmup,4968.0,1360.0,6.7565,60.84
40.156,warmup,4968.0,1352.0,6.7167,60.75
40.256,warmup,4968.0,1352.0,6.7167,60.72
40.356,warmup,4968.0,1360.0,6.7565,60.81
40.456,warmup,4968.0,1360.0,6.7565,61.00
40.557,warmup,4968.0,1352.0,6.7167,61.00
40.657,warmup,4968.0,1352.0,6.7167,60.94
40.757,warmup,4968.0,1360.0,6.7565,60.91
40.857,warmup,4968.0,1352.0,6.7167,60.88
40.957,warmup,4968.0,1344.0,6.6770,60.97
41.057,warmup,4968.0,1352.0,6.7167,60.84
41.157,warmup,4968.0,1352.0,6.7167,60.84
41.257,warmup,4968.0,1344.0,6.6770,60.88
41.358,warmup,4968.0,1352.0,6.7167,61.03
41.458,warmup,4968.0,1344.0,6.6770,61.00
41.558,warmup,4968.0,1336.0,6.6372,60.97
41.658,warmup,4968.0,1344.0,6.6770,60.97
41.758,warmup,4968.0,1352.0,6.7167,60.94
41.858,warmup,4968.0,1352.0,6.7167,60.91
41.958,warmup,4968.0,1344.0,6.6770,60.88
42.059,warmup,4968.0,1352.0,6.7167,60.88
42.159,warmup,4968.0,1360.0,6.7565,60.81
42.259,warmup,4968.0,1352.0,6.7167,61.00
42.359,warmup,4968.0,1352.0,6.7167,60.97
42.459,warmup,4968.0,1352.0,6.7167,60.97
42.559,warmup,4968.0,1352.0,6.7167,60.94
42.659,warmup,4968.0,1360.0,6.7565,60.91
42.760,warmup,4968.0,1352.0,6.7167,60.91
42.860,warmup,4968.0,1352.0,6.7167,60.88
42.960,warmup,4968.0,1360.0,6.7565,60.88
43.060,warmup,4968.0,1360.0,6.7565,60.94
43.160,warmup,4968.0,1360.0,6.7565,61.09
43.260,warmup,4968.0,1352.0,6.7167,61.03
43.360,warmup,4968.0,1352.0,6.7167,61.00
43.460,warmup,4968.0,1352.0,6.7167,60.97
43.561,warmup,4968.0,1344.0,6.6770,61.03
43.661,warmup,4968.0,1352.0,6.7167,60.91
43.761,warmup,4968.0,1352.0,6.7167,60.94
43.861,warmup,4968.0,1344.0,6.6770,60.88
43.961,warmup,4968.0,1344.0,6.6770,60.91
44.061,warmup,4968.0,1352.0,6.7167,61.12
44.161,warmup,4968.0,1352.0,6.7167,61.06
44.262,warmup,4968.0,1344.0,6.6770,61.06
44.362,warmup,4968.0,1352.0,6.7167,61.00
44.462,warmup,4968.0,1344.0,6.6770,60.94
44.562,warmup,4968.0,1336.0,6.6372,60.91
44.662,warmup,4968.0,1344.0,6.6770,60.91
44.762,warmup,4968.0,1352.0,6.7167,60.94
44.862,warmup,4968.0,1352.0,6.7167,61.00
44.962,warmup,4968.0,1344.0,6.6770,61.12
45.063,warmup,4968.0,1352.0,6.7167,61.12
45.163,warmup,4968.0,1352.0,6.7167,61.03
45.263,warmup,4968.0,1344.0,6.6770,61.00
45.363,warmup,4968.0,1352.0,6.7167,61.03
45.463,warmup,4968.0,1352.0,6.7167,61.00
45.563,warmup,4968.0,1352.0,6.7167,61.00
45.663,warmup,4968.0,1344.0,6.6770,60.94
45.764,warmup,4968.0,1352.0,6.7167,60.88
45.864,warmup,4968.0,1360.0,6.7565,61.16
45.964,warmup,4968.0,1360.0,6.7565,61.12
46.064,warmup,4968.0,1352.0,6.7167,61.09
46.164,warmup,4968.0,1352.0,6.7167,61.03
46.265,warmup,4968.0,1352.0,6.7167,60.97
46.365,warmup,4968.0,1344.0,6.6770,61.00
46.465,warmup,4968.0,1352.0,6.7167,61.03
46.565,warmup,4968.0,1352.0,6.7167,60.97
46.665,warmup,4968.0,1352.0,6.7167,60.97
46.765,warmup,4968.0,1344.0,6.6770,61.19
46.865,warmup,4968.0,1352.0,6.7167,61.22
46.965,warmup,4968.0,1360.0,6.7565,61.16
47.066,warmup,4968.0,1360.0,6.7565,61.06
47.166,warmup,4968.0,1352.0,6.7167,61.06
47.266,warmup,4968.0,1352.0,6.7167,61.03
47.366,warmup,4968.0,1360.0,6.7565,60.97
47.466,warmup,4968.0,1360.0,6.7565,60.94
47.566,warmup,4968.0,1360.0,6.7565,60.88
47.666,warmup,4968.0,1352.0,6.7167,61.22
47.767,warmup,4968.0,1360.0,6.7565,61.19
47.867,warmup,4968.0,1360.0,6.7565,61.16
47.967,warmup,4968.0,1352.0,6.7167,61.03
48.067,warmup,4968.0,1344.0,6.6770,61.06
48.167,warmup,4968.0,1352.0,6.7167,61.06
48.267,warmup,4968.0,1360.0,6.7565,61.16
48.368,warmup,4968.0,1352.0,6.7167,60.97
48.468,warmup,4968.0,1344.0,6.6770,60.97
48.568,warmup,4968.0,1352.0,6.7167,61.22
48.668,warmup,4968.0,1352.0,6.7167,61.19
48.768,warmup,4968.0,1344.0,6.6770,61.12
48.868,warmup,4968.0,1352.0,6.7167,61.19
48.968,warmup,4968.0,1352.0,6.7167,61.09
49.069,warmup,4968.0,1344.0,6.6770,61.00
49.169,warmup,4968.0,1344.0,6.6770,61.06
49.269,warmup,4968.0,1352.0,6.7167,61.03
49.369,warmup,4968.0,1344.0,6.6770,61.00
49.469,warmup,4968.0,1344.0,6.6770,61.12
49.569,warmup,4968.0,1344.0,6.6770,61.19
49.669,warmup,4968.0,1344.0,6.6770,61.19
49.770,warmup,4968.0,1336.0,6.6372,61.03
49.870,warmup,4968.0,1344.0,6.6770,61.16
49.970,warmup,4968.0,1352.0,6.7167,61.06
50.070,warmup,4968.0,1352.0,6.7167,61.06
50.170,warmup,4968.0,1352.0,6.7167,61.06
50.270,warmup,4968.0,1352.0,6.7167,61.03
50.370,warmup,4968.0,1360.0,6.7565,61.00
50.471,warmup,4968.0,1368.0,6.7962,61.28
50.571,warmup,4968.0,1360.0,6.7565,61.25
50.671,warmup,4968.0,1360.0,6.7565,61.19
50.771,warmup,4968.0,1352.0,6.7167,61.19
50.871,warmup,4968.0,1360.0,6.7565,60.97
50.971,warmup,4968.0,1368.0,6.7962,61.03
51.071,warmup,4968.0,1360.0,6.7565,61.06
51.172,warmup,4968.0,1352.0,6.7167,61.06
51.272,warmup,4968.0,1352.0,6.7167,61.03
51.372,warmup,4968.0,1352.0,6.7167,61.22
51.472,warmup,4968.0,1344.0,6.6770,61.28
51.572,warmup,4968.0,1344.0,6.6770,61.16
51.672,warmup,4968.0,1352.0,6.7167,61.12
51.772,warmup,4968.0,1344.0,6.6770,61.06
51.872,warmup,4968.0,1344.0,6.6770,61.09
51.973,warmup,4968.0,1352.0,6.7167,61.09
52.073,warmup,4968.0,1344.0,6.6770,61.03
52.173,warmup,4968.0,1344.0,6.6770,61.09
52.273,warmup,4968.0,1352.0,6.7167,61.00
52.373,warmup,4968.0,1352.0,6.7167,61.22
52.473,warmup,4968.0,1344.0,6.6770,61.19
52.574,warmup,4968.0,1344.0,6.6770,61.12
52.674,warmup,4968.0,1352.0,6.7167,61.06
52.774,warmup,4968.0,1352.0,6.7167,61.06
52.874,warmup,4968.0,1352.0,6.7167,61.03
52.974,warmup,4968.0,1352.0,6.7167,61.06
53.074,warmup,4968.0,1352.0,6.7167,61.06
53.174,warmup,4968.0,1360.0,6.7565,61.06
53.274,warmup,4968.0,1360.0,6.7565,61.28
53.375,warmup,4968.0,1352.0,6.7167,61.16
53.475,warmup,4968.0,1352.0,6.7167,61.22
53.575,warmup,4968.0,1360.0,6.7565,61.12
53.675,warmup,4968.0,1360.0,6.7565,61.06
53.775,warmup,4968.0,1360.0,6.7565,61.06
53.875,warmup,4968.0,1352.0,6.7167,61.09
53.975,warmup,4968.0,1352.0,6.7167,61.03
54.076,warmup,4968.0,1360.0,6.7565,61.00
54.176,warmup,4968.0,1360.0,6.7565,61.28
54.276,warmup,4968.0,1360.0,6.7565,61.22
54.376,warmup,4968.0,1360.0,6.7565,61.19
54.476,warmup,4968.0,1360.0,6.7565,61.12
54.576,warmup,4968.0,1360.0,6.7565,61.12
54.676,warmup,4968.0,1368.0,6.7962,61.12
54.777,warmup,4968.0,1360.0,6.7565,61.09
54.877,warmup,4968.0,1360.0,6.7565,61.09
54.977,warmup,4968.0,1368.0,6.7962,61.06
55.077,warmup,4968.0,1368.0,6.7962,61.31
55.177,warmup,4968.0,1368.0,6.7962,61.25
55.277,warmup,4968.0,1376.0,6.8360,61.25
55.377,warmup,4968.0,1368.0,6.7962,61.22
55.478,warmup,4968.0,1360.0,6.7565,61.16
55.578,warmup,4968.0,1360.0,6.7565,61.09
55.678,warmup,4968.0,1360.0,6.7565,61.06
55.778,warmup,4968.0,1352.0,6.7167,61.12
55.878,warmup,4968.0,1352.0,6.7167,61.12
55.978,warmup,4968.0,1352.0,6.7167,61.25
56.078,warmup,4968.0,1360.0,6.7565,61.25
56.179,warmup,4968.0,1360.0,6.7565,61.22
56.279,warmup,4968.0,1360.0,6.7565,61.22
56.379,warmup,4968.0,1352.0,6.7167,61.25
56.479,warmup,4968.0,1360.0,6.7565,61.16
56.579,warmup,4968.0,1360.0,6.7565,61.12
56.679,warmup,4968.0,1344.0,6.6770,61.16
56.779,warmup,4968.0,1352.0,6.7167,61.06
56.879,warmup,4968.0,1360.0,6.7565,61.31
56.980,warmup,4968.0,1352.0,6.7167,61.25
57.080,warmup,4968.0,1352.0,6.7167,61.25
57.180,warmup,4968.0,1352.0,6.7167,61.19
57.280,warmup,4968.0,1360.0,6.7565,61.16
57.380,warmup,4968.0,1352.0,6.7167,61.19
57.480,warmup,4968.0,1344.0,6.6770,61.16
57.581,warmup,4968.0,1352.0,6.7167,61.09
57.681,warmup,4968.0,1360.0,6.7565,61.16
57.781,warmup,4968.0,1360.0,6.7565,61.28
57.881,warmup,4968.0,1352.0,6.7167,61.28
57.981,warmup,4968.0,1352.0,6.7167,61.25
58.081,warmup,4968.0,1360.0,6.7565,61.19
58.181,warmup,4968.0,1360.0,6.7565,61.19
58.282,warmup,4968.0,1352.0,6.7167,61.09
58.382,warmup,4968.0,1352.0,6.7167,61.19
58.482,warmup,4968.0,1352.0,6.7167,61.22
58.582,warmup,4968.0,1352.0,6.7167,61.16
58.682,warmup,4968.0,1344.0,6.6770,61.09
58.782,warmup,4968.0,1352.0,6.7167,61.25
58.882,warmup,4968.0,1352.0,6.7167,61.31
58.983,warmup,4968.0,1352.0,6.7167,61.22
59.083,warmup,4968.0,1352.0,6.7167,61.16
59.183,warmup,4968.0,1352.0,6.7167,61.16
59.283,warmup,4968.0,1360.0,6.7565,61.19
59.383,warmup,4968.0,1352.0,6.7167,61.12
59.483,warmup,4968.0,1352.0,6.7167,61.22
59.583,warmup,4968.0,1352.0,6.7167,61.22
59.684,warmup,4968.0,1352.0,6.7167,61.31
59.784,warmup,4968.0,1352.0,6.7167,61.34
59.884,warmup,4968.0,1344.0,6.6770,61.19
59.984,warmup,4968.0,1344.0,6.6770,61.19
60.084,warmup,4968.0,1344.0,6.6770,61.25
60.184,warmup,4968.0,1336.0,6.6372,61.12
60.285,warmup,4968.0,1344.0,6.6770,61.19
60.385,measure,4968.0,1352.0,6.7167,61.12
60.485,measure,4968.0,1352.0,6.7167,61.16
60.585,measure,4968.0,1344.0,6.6770,61.34
60.685,measure,4968.0,1352.0,6.7167,61.34
60.785,measure,4968.0,1352.0,6.7167,61.28
60.885,measure,4968.0,1352.0,6.7167,61.28
60.986,measure,4968.0,1344.0,6.6770,61.25
61.086,measure,4968.0,1352.0,6.7167,61.12
61.186,measure,4968.0,1360.0,6.7565,61.19
61.286,measure,4968.0,1360.0,6.7565,61.25
61.386,measure,4968.0,1352.0,6.7167,61.19
61.486,measure,4968.0,1352.0,6.7167,61.34
61.587,measure,4968.0,1360.0,6.7565,61.34
61.687,measure,4968.0,1360.0,6.7565,61.38
61.787,measure,4968.0,1360.0,6.7565,61.22
61.887,measure,4968.0,1352.0,6.7167,61.28
61.987,measure,4968.0,1352.0,6.7167,61.22
62.087,measure,4968.0,1360.0,6.7565,61.19
62.187,measure,4968.0,1368.0,6.7962,61.19
62.287,measure,4968.0,1360.0,6.7565,61.16
62.388,measure,4968.0,1360.0,6.7565,61.34
62.488,measure,4968.0,1352.0,6.7167,61.31
62.588,measure,4968.0,1360.0,6.7565,61.28
62.688,measure,4968.0,1360.0,6.7565,61.31
62.788,measure,4968.0,1352.0,6.7167,61.22
62.888,measure,4968.0,1352.0,6.7167,61.22
62.989,measure,4968.0,1352.0,6.7167,61.22
63.089,measure,4968.0,1352.0,6.7167,61.25
63.189,measure,4968.0,1344.0,6.6770,61.12
63.289,measure,4968.0,1352.0,6.7167,61.31
63.389,measure,4968.0,1352.0,6.7167,61.34
63.489,measure,4968.0,1344.0,6.6770,61.31
63.589,measure,4968.0,1352.0,6.7167,61.25
63.690,measure,4968.0,1352.0,6.7167,61.22
63.790,measure,4968.0,1344.0,6.6770,61.19
63.890,measure,4968.0,1344.0,6.6770,61.19
63.990,measure,4968.0,1352.0,6.7167,61.19
64.090,measure,4968.0,1344.0,6.6770,61.19
64.190,measure,4968.0,1344.0,6.6770,61.41
64.290,measure,4968.0,1344.0,6.6770,61.38
64.391,measure,4968.0,1344.0,6.6770,61.25
64.491,measure,4968.0,1336.0,6.6372,61.25
64.591,measure,4968.0,1344.0,6.6770,61.34
64.691,measure,4968.0,1352.0,6.7167,61.28
64.791,measure,4968.0,1344.0,6.6770,61.25
64.891,measure,4968.0,1344.0,6.6770,61.28
64.991,measure,4968.0,1352.0,6.7167,61.25
65.092,measure,4968.0,1352.0,6.7167,61.41
65.192,measure,4968.0,1344.0,6.6770,61.38
65.292,measure,4968.0,1352.0,6.7167,61.34
65.392,measure,4968.0,1352.0,6.7167,61.25
65.492,measure,4968.0,1344.0,6.6770,61.31
65.592,measure,4968.0,1344.0,6.6770,61.25
65.692,measure,4968.0,1352.0,6.7167,61.22
65.793,measure,4968.0,1352.0,6.7167,61.22
65.893,measure,4968.0,1344.0,6.6770,61.19
65.993,measure,4968.0,1352.0,6.7167,61.25
66.093,measure,4968.0,1352.0,6.7167,61.41
66.193,measure,4968.0,1344.0,6.6770,61.38
66.293,measure,4968.0,1344.0,6.6770,61.31
66.393,measure,4968.0,1352.0,6.7167,61.34
66.494,measure,4968.0,1344.0,6.6770,61.22
66.594,measure,4968.0,1344.0,6.6770,61.31
66.694,measure,4968.0,1352.0,6.7167,61.25
66.794,measure,4968.0,1352.0,6.7167,61.28
66.894,measure,4968.0,1352.0,6.7167,61.25
66.994,measure,4968.0,1352.0,6.7167,61.38
67.094,measure,4968.0,1352.0,6.7167,61.34
67.195,measure,4968.0,1360.0,6.7565,61.34
67.295,measure,4968.0,1368.0,6.7962,61.34
67.395,measure,4968.0,1360.0,6.7565,61.31
67.495,measure,4968.0,1352.0,6.7167,61.34
67.595,measure,4968.0,1360.0,6.7565,61.25
67.695,measure,4968.0,1368.0,6.7962,61.25
67.795,measure,4968.0,1368.0,6.7962,61.22
67.895,measure,4968.0,1360.0,6.7565,61.47
67.996,measure,4968.0,1360.0,6.7565,61.34
68.096,measure,4968.0,1360.0,6.7565,61.34
68.196,measure,4968.0,1368.0,6.7962,61.34
68.296,measure,4968.0,1368.0,6.7962,61.25
68.396,measure,4968.0,1368.0,6.7962,61.34
68.496,measure,4968.0,1360.0,6.7565,61.31
68.596,measure,4968.0,1368.0,6.7962,61.28
68.697,measure,4968.0,1368.0,6.7962,61.28
68.797,measure,4968.0,1368.0,6.7962,61.28
68.897,measure,4968.0,1360.0,6.7565,61.34
68.997,measure,4968.0,1360.0,6.7565,61.34
69.097,measure,4968.0,1360.0,6.7565,61.38
69.197,measure,4968.0,1360.0,6.7565,61.31
69.297,measure,4968.0,1352.0,6.7167,61.34
69.397,measure,4968.0,1352.0,6.7167,61.34
69.498,measure,4968.0,1360.0,6.7565,61.34
69.598,measure,4968.0,1352.0,6.7167,61.31
69.698,measure,4968.0,1352.0,6.7167,61.25
69.798,measure,4968.0,1352.0,6.7167,61.44
69.898,measure,4968.0,1352.0,6.7167,61.34
69.998,measure,4968.0,1352.0,6.7167,61.34
70.098,measure,4968.0,1352.0,6.7167,61.34
70.199,measure,4968.0,1360.0,6.7565,61.34
70.299,measure,4968.0,1360.0,6.7565,61.31
70.399,measure,4968.0,1360.0,6.7565,61.34
70.499,measure,4968.0,1360.0,6.7565,61.28
70.599,measure,4968.0,1360.0,6.7565,61.22
70.699,measure,4968.0,1360.0,6.7565,61.44
70.799,measure,4968.0,1368.0,6.7962,61.44
70.900,measure,4968.0,1360.0,6.7565,61.34
71.000,measure,4968.0,1352.0,6.7167,61.28
71.100,measure,4968.0,1360.0,6.7565,61.34
71.200,measure,4968.0,1360.0,6.7565,61.28
71.300,measure,4968.0,1360.0,6.7565,61.28
71.400,measure,4968.0,1352.0,6.7167,61.31
71.500,measure,4968.0,1352.0,6.7167,61.34
71.600,measure,4968.0,1360.0,6.7565,61.41
71.701,measure,4968.0,1360.0,6.7565,61.47
71.801,measure,4968.0,1352.0,6.7167,61.38
71.901,measure,4968.0,1352.0,6.7167,61.34
72.001,measure,4968.0,1352.0,6.7167,61.34
72.101,measure,4968.0,1344.0,6.6770,61.31
72.201,measure,4968.0,1344.0,6.6770,61.31
72.301,measure,4968.0,1352.0,6.7167,61.31
72.402,measure,4968.0,1344.0,6.6770,61.28
72.502,measure,4968.0,1344.0,6.6770,61.38
72.602,measure,4968.0,1352.0,6.7167,61.44
72.702,measure,4968.0,1344.0,6.6770,61.34
72.802,measure,4968.0,1344.0,6.6770,61.34
72.902,measure,4968.0,1344.0,6.6770,61.38
73.002,measure,4968.0,1344.0,6.6770,61.28
73.103,measure,4968.0,1336.0,6.6372,61.31
73.203,measure,4968.0,1344.0,6.6770,61.34
73.303,measure,4968.0,1344.0,6.6770,61.34
73.403,measure,4968.0,1336.0,6.6372,61.47
73.503,measure,4968.0,1344.0,6.6770,61.38
73.603,measure,4968.0,1344.0,6.6770,61.47
73.703,measure,4968.0,1336.0,6.6372,61.44
73.803,measure,4968.0,1344.0,6.6770,61.41
73.904,measure,4968.0,1344.0,6.6770,61.31
74.004,measure,4968.0,1336.0,6.6372,61.34
74.104,measure,4968.0,1344.0,6.6770,61.34
74.204,measure,4968.0,1344.0,6.6770,61.38
74.304,measure,4968.0,1336.0,6.6372,61.50
74.404,measure,4968.0,1344.0,6.6770,61.47
74.504,measure,4968.0,1344.0,6.6770,61.47
74.604,measure,4968.0,1336.0,6.6372,61.38
74.705,measure,4968.0,1344.0,6.6770,61.44
74.805,measure,4968.0,1344.0,6.6770,61.34
74.905,measure,4968.0,1336.0,6.6372,61.34
75.005,measure,4968.0,1344.0,6.6770,61.25
75.105,measure,4968.0,1344.0,6.6770,61.41
75.205,measure,4968.0,1336.0,6.6372,61.47
75.305,measure,4968.0,1344.0,6.6770,61.59
75.405,measure,4968.0,1344.0,6.6770,61.44
75.506,measure,4968.0,1344.0,6.6770,61.41
75.606,measure,4968.0,1344.0,6.6770,61.38
75.706,measure,4968.0,1344.0,6.6770,61.41
75.806,measure,4968.0,1344.0,6.6770,61.34
75.906,measure,4968.0,1344.0,6.6770,61.34
76.006,measure,4968.0,1344.0,6.6770,61.56
76.106,measure,4968.0,1344.0,6.6770,61.50
76.206,measure,4968.0,1344.0,6.6770,61.50
76.307,measure,4968.0,1344.0,6.6770,61.44
76.407,measure,4968.0,1344.0,6.6770,61.47
76.507,measure,4968.0,1344.0,6.6770,61.38
76.607,measure,4968.0,1344.0,6.6770,61.34
76.707,measure,4968.0,1344.0,6.6770,61.34
76.807,measure,4968.0,1336.0,6.6372,61.34
76.907,measure,4968.0,1344.0,6.6770,61.62
77.007,measure,4968.0,1344.0,6.6770,61.53
77.108,measure,4968.0,1336.0,6.6372,61.53
77.208,measure,4968.0,1344.0,6.6770,61.56
77.308,measure,4968.0,1344.0,6.6770,61.41
77.408,measure,4968.0,1336.0,6.6372,61.38
77.508,measure,4968.0,1344.0,6.6770,61.41
77.608,measure,4968.0,1344.0,6.6770,61.38
77.708,measure,4968.0,1336.0,6.6372,61.31
77.809,measure,4968.0,1344.0,6.6770,61.38
77.909,measure,4968.0,1344.0,6.6770,61.66
78.009,measure,4968.0,1336.0,6.6372,61.53
78.109,measure,4968.0,1344.0,6.6770,61.44
78.209,measure,4968.0,1344.0,6.6770,61.53
78.309,measure,4968.0,1336.0,6.6372,61.44
78.409,measure,4968.0,1344.0,6.6770,61.53
78.509,measure,4968.0,1344.0,6.6770,61.38
78.610,measure,4968.0,1336.0,6.6372,61.34
78.710,measure,4968.0,1344.0,6.6770,61.38
78.810,measure,4968.0,1344.0,6.6770,61.62
78.910,measure,4968.0,1336.0,6.6372,61.59
79.010,measure,4968.0,1344.0,6.6770,61.53
79.110,measure,4968.0,1344.0,6.6770,61.50
79.210,measure,4968.0,1336.0,6.6372,61.44
79.310,measure,4968.0,1336.0,6.6372,61.34
79.411,measure,4968.0,1344.0,6.6770,61.41
79.511,measure,4968.0,1344.0,6.6770,61.44
79.611,measure,4968.0,1344.0,6.6770,61.38
79.711,measure,4968.0,1344.0,6.6770,61.38
79.811,measure,4968.0,1344.0,6.6770,61.47
79.911,measure,4968.0,1336.0,6.6372,61.50
80.011,measure,4968.0,1344.0,6.6770,61.47
80.112,measure,4968.0,1344.0,6.6770,61.44
80.212,measure,4968.0,1336.0,6.6372,61.44
80.312,measure,4968.0,1344.0,6.6770,61.41
80.412,measure,4968.0,1336.0,6.6372,61.38
80.512,measure,4968.0,1336.0,6.6372,61.34
80.612,measure,4968.0,1344.0,6.6770,61.38
80.712,measure,4968.0,1344.0,6.6770,61.56
80.813,measure,4968.0,1336.0,6.6372,61.47
80.913,measure,4968.0,1344.0,6.6770,61.44
81.013,measure,4968.0,1344.0,6.6770,61.44
81.113,measure,4968.0,1336.0,6.6372,61.47
81.213,measure,4968.0,1344.0,6.6770,61.41
81.313,measure,4968.0,1336.0,6.6372,61.44
81.413,measure,4968.0,1336.0,6.6372,61.34
81.513,measure,4968.0,1344.0,6.6770,61.44
81.614,measure,4968.0,1336.0,6.6372,61.50
81.714,measure,4968.0,1336.0,6.6372,61.47
81.814,measure,4968.0,1344.0,6.6770,61.53
81.914,measure,4968.0,1336.0,6.6372,61.50
82.014,measure,4968.0,1336.0,6.6372,61.44
82.114,measure,4968.0,1344.0,6.6770,61.41
82.214,measure,4968.0,1344.0,6.6770,61.41
82.315,measure,4968.0,1336.0,6.6372,61.41
82.415,measure,4968.0,1344.0,6.6770,61.38
82.515,measure,4968.0,1344.0,6.6770,61.53
82.615,measure,4968.0,1336.0,6.6372,61.50
82.715,measure,4968.0,1344.0,6.6770,61.56
82.815,measure,4968.0,1344.0,6.6770,61.44
82.915,measure,4968.0,1336.0,6.6372,61.38
83.016,measure,4968.0,1344.0,6.6770,61.34
83.116,measure,4968.0,1344.0,6.6770,61.41
83.216,measure,4968.0,1336.0,6.6372,61.34
83.316,measure,4968.0,1344.0,6.6770,61.38
83.416,measure,4968.0,1344.0,6.6770,61.59
83.516,measure,4968.0,1336.0,6.6372,61.47
83.616,measure,4968.0,1344.0,6.6770,61.56
83.717,measure,4968.0,1344.0,6.6770,61.50
83.817,measure,4968.0,1336.0,6.6372,61.50
83.917,measure,4968.0,1344.0,6.6770,61.41
84.017,measure,4968.0,1344.0,6.6770,61.47
84.117,measure,4968.0,1336.0,6.6372,61.41
84.217,measure,4968.0,1336.0,6.6372,61.44
84.317,measure,4968.0,1344.0,6.6770,61.53
84.417,measure,4968.0,1336.0,6.6372,61.59
84.518,measure,4968.0,1336.0,6.6372,61.59
84.618,measure,4968.0,1336.0,6.6372,61.44
84.718,measure,4968.0,1336.0,6.6372,61.47
84.818,measure,4968.0,1336.0,6.6372,61.47
84.918,measure,4968.0,1344.0,6.6770,61.47
85.018,measure,4968.0,1336.0,6.6372,61.38
85.118,measure,4968.0,1336.0,6.6372,61.38
85.219,measure,4968.0,1344.0,6.6770,61.66
85.319,measure,4968.0,1336.0,6.6372,61.56
85.419,measure,4968.0,1336.0,6.6372,61.53
85.519,measure,4968.0,1344.0,6.6770,61.44
85.619,measure,4968.0,1336.0,6.6372,61.47
85.719,measure,4968.0,1336.0,6.6372,61.50
85.819,measure,4968.0,1344.0,6.6770,61.50
85.919,measure,4968.0,1336.0,6.6372,61.50
86.020,measure,4968.0,1344.0,6.6770,61.44
86.120,measure,4968.0,1344.0,6.6770,61.62
86.220,measure,4968.0,1336.0,6.6372,61.56
86.320,measure,4968.0,1336.0,6.6372,61.47
86.420,measure,4968.0,1344.0,6.6770,61.50
86.520,measure,4968.0,1336.0,6.6372,61.47
86.620,measure,4968.0,1344.0,6.6770,61.50
86.721,measure,4968.0,1344.0,6.6770,61.50
86.821,measure,4968.0,1344.0,6.6770,61.41
86.921,measure,4968.0,1344.0,6.6770,61.47
87.021,measure,4968.0,1344.0,6.6770,61.66
87.121,measure,4968.0,1344.0,6.6770,61.59
87.221,measure,4968.0,1336.0,6.6372,61.47
87.321,measure,4968.0,1344.0,6.6770,61.56
87.421,measure,4968.0,1336.0,6.6372,61.53
87.522,measure,4968.0,1336.0,6.6372,61.50
87.622,measure,4968.0,1344.0,6.6770,61.41
87.722,measure,4968.0,1336.0,6.6372,61.53
87.822,measure,4968.0,1336.0,6.6372,61.50
87.922,measure,4968.0,1344.0,6.6770,61.72
88.022,measure,4968.0,1336.0,6.6372,61.62
88.122,measure,4968.0,1336.0,6.6372,61.50
88.223,measure,4968.0,1344.0,6.6770,61.50
88.323,measure,4968.0,1344.0,6.6770,61.47
88.423,measure,4968.0,1336.0,6.6372,61.50
88.523,measure,4968.0,1344.0,6.6770,61.47
88.623,measure,4968.0,1336.0,6.6372,61.44
88.723,measure,4968.0,1336.0,6.6372,61.44
88.823,measure,4968.0,1344.0,6.6770,61.62
88.923,measure,4968.0,1336.0,6.6372,61.62
89.024,measure,4968.0,1336.0,6.6372,61.53
89.124,measure,4968.0,1344.0,6.6770,61.59
89.224,measure,4968.0,1336.0,6.6372,61.53
89.324,measure,4968.0,1336.0,6.6372,61.47
89.424,measure,4968.0,1344.0,6.6770,61.53
89.524,measure,4968.0,1336.0,6.6372,61.50
89.624,measure,4968.0,1336.0,6.6372,61.44
89.725,measure,4968.0,1344.0,6.6770,61.72
89.825,measure,4968.0,1344.0,6.6770,61.66
89.925,measure,4968.0,1336.0,6.6372,61.62
90.025,measure,4968.0,1344.0,6.6770,61.56
90.125,measure,4968.0,1344.0,6.6770,61.47
90.225,measure,4968.0,1336.0,6.6372,61.56
90.325,measure,4968.0,1344.0,6.6770,61.53
90.425,measure,4968.0,1344.0,6.6770,61.47
90.526,measure,4968.0,1336.0,6.6372,61.38
90.626,measure,4968.0,1344.0,6.6770,61.69
90.726,measure,4968.0,1344.0,6.6770,61.69
90.826,measure,4968.0,1336.0,6.6372,61.56
90.926,measure,4968.0,1344.0,6.6770,61.62
91.026,measure,4968.0,1344.0,6.6770,61.62
91.126,measure,4968.0,1336.0,6.6372,61.53
91.227,measure,4968.0,1344.0,6.6770,61.47
91.327,measure,4968.0,1344.0,6.6770,61.53
91.427,measure,4968.0,1336.0,6.6372,61.53
91.527,measure,4968.0,1344.0,6.6770,61.50
91.627,measure,4968.0,1336.0,6.6372,61.72
91.727,measure,4968.0,1336.0,6.6372,61.66
91.827,measure,4968.0,1344.0,6.6770,61.66
91.927,measure,4968.0,1336.0,6.6372,61.59
92.028,measure,4968.0,1336.0,6.6372,61.53
92.128,measure,4968.0,1344.0,6.6770,61.59
92.228,measure,4968.0,1344.0,6.6770,61.50
92.328,measure,4968.0,1336.0,6.6372,61.44
92.428,measure,4968.0,1344.0,6.6770,61.47
92.528,measure,4968.0,1336.0,6.6372,61.69
92.628,measure,4968.0,1336.0,6.6372,61.62
92.729,measure,4968.0,1344.0,6.6770,61.66
92.829,measure,4968.0,1336.0,6.6372,61.56
92.929,measure,4968.0,1336.0,6.6372,61.56
93.029,measure,4968.0,1344.0,6.6770,61.53
93.129,measure,4968.0,1336.0,6.6372,61.50
93.229,measure,4968.0,1336.0,6.6372,61.47
93.329,measure,4968.0,1344.0,6.6770,61.44
93.430,measure,4968.0,1336.0,6.6372,61.53
93.530,measure,4968.0,1336.0,6.6372,61.75
93.630,measure,4968.0,1344.0,6.6770,61.66
93.730,measure,4968.0,1336.0,6.6372,61.53
93.830,measure,4968.0,1336.0,6.6372,61.59
93.930,measure,4968.0,1344.0,6.6770,61.59
94.030,measure,4968.0,1344.0,6.6770,61.59
94.130,measure,4968.0,1336.0,6.6372,61.53
94.231,measure,4968.0,1344.0,6.6770,61.47
94.331,measure,4968.0,1344.0,6.6770,61.47
94.431,measure,4968.0,1336.0,6.6372,61.81
94.531,measure,4968.0,1344.0,6.6770,61.72
94.631,measure,4968.0,1344.0,6.6770,61.56
94.731,measure,4968.0,1336.0,6.6372,61.59
94.831,measure,4968.0,1344.0,6.6770,61.56
94.931,measure,4968.0,1344.0,6.6770,61.56
95.032,measure,4968.0,1336.0,6.6372,61.53
95.132,measure,4968.0,1344.0,6.6770,61.47
95.232,measure,4968.0,1344.0,6.6770,61.72
95.332,measure,4968.0,1336.0,6.6372,61.69
95.432,measure,4968.0,1344.0,6.6770,61.72
95.532,measure,4968.0,1344.0,6.6770,61.59
95.632,measure,4968.0,1336.0,6.6372,61.56
95.732,measure,4968.0,1344.0,6.6770,61.53
95.833,measure,4968.0,1344.0,6.6770,61.62
95.933,measure,4968.0,1344.0,6.6770,61.53
96.033,measure,4968.0,1344.0,6.6770,61.50
96.133,measure,4968.0,1344.0,6.6770,61.50
96.233,measure,4968.0,1336.0,6.6372,61.72
96.333,measure,4968.0,1336.0,6.6372,61.69
96.433,measure,4968.0,1344.0,6.6770,61.62
96.534,measure,4968.0,1336.0,6.6372,61.62
96.634,measure,4968.0,1336.0,6.6372,61.53
96.734,measure,4968.0,1344.0,6.6770,61.59
96.834,measure,4968.0,1336.0,6.6372,61.53
96.934,measure,4968.0,1336.0,6.6372,61.50
97.034,measure,4968.0,1344.0,6.6770,61.75
97.134,measure,4968.0,1336.0,6.6372,61.78
97.234,measure,4968.0,1336.0,6.6372,61.72
97.335,measure,4968.0,1344.0,6.6770,61.62
97.435,measure,4968.0,1344.0,6.6770,61.66
97.535,measure,4968.0,1336.0,6.6372,61.56
97.635,measure,4968.0,1344.0,6.6770,61.62
97.735,measure,4968.0,1344.0,6.6770,61.59
97.835,measure,4968.0,1336.0,6.6372,61.53
97.935,measure,4968.0,1344.0,6.6770,61.75
98.035,measure,4968.0,1344.0,6.6770,61.75
98.136,measure,4968.0,1336.0,6.6372,61.75
98.236,measure,4968.0,1344.0,6.6770,61.72
98.336,measure,4968.0,1344.0,6.6770,61.59
98.436,measure,4968.0,1336.0,6.6372,61.56
98.536,measure,4968.0,1344.0,6.6770,61.59
98.636,measure,4968.0,1344.0,6.6770,61.53
98.736,measure,4968.0,1336.0,6.6372,61.56
98.836,measure,4968.0,1344.0,6.6770,61.81
98.937,measure,4968.0,1336.0,6.6372,61.75
99.037,measure,4968.0,1336.0,6.6372,61.75
99.137,measure,4968.0,1344.0,6.6770,61.72
99.237,measure,4968.0,1344.0,6.6770,61.69
99.337,measure,4968.0,1336.0,6.6372,61.62
99.437,measure,4968.0,1344.0,6.6770,61.62
99.537,measure,4968.0,1344.0,6.6770,61.56
99.638,measure,4968.0,1336.0,6.6372,61.56
99.738,measure,4968.0,1344.0,6.6770,61.59
99.838,measure,4968.0,1344.0,6.6770,61.84
99.938,measure,4968.0,1336.0,6.6372,61.78
100.038,measure,4968.0,1344.0,6.6770,61.66
100.138,measure,4968.0,1344.0,6.6770,61.72
100.238,measure,4968.0,1336.0,6.6372,61.66
100.338,measure,4968.0,1344.0,6.6770,61.56
100.439,measure,4968.0,1344.0,6.6770,61.53
100.539,measure,4968.0,1336.0,6.6372,61.66
100.639,measure,4968.0,1344.0,6.6770,61.81
100.739,measure,4968.0,1344.0,6.6770,61.94
100.839,measure,4968.0,1344.0,6.6770,61.78
100.939,measure,4968.0,1344.0,6.6770,61.78
101.039,measure,4968.0,1344.0,6.6770,61.69
101.139,measure,4968.0,1344.0,6.6770,61.66
101.240,measure,4968.0,1344.0,6.6770,61.66
101.340,measure,4968.0,1344.0,6.6770,61.56
101.440,measure,4968.0,1344.0,6.6770,61.62
101.540,measure,4968.0,1344.0,6.6770,61.88
101.640,measure,4968.0,1344.0,6.6770,61.78
101.740,measure,4968.0,1344.0,6.6770,61.81
101.840,measure,4968.0,1336.0,6.6372,61.69
101.941,measure,4968.0,1344.0,6.6770,61.72
102.041,measure,4968.0,1344.0,6.6770,61.66
102.141,measure,4968.0,1336.0,6.6372,61.72
102.241,measure,4968.0,1344.0,6.6770,61.59
102.341,measure,4968.0,1344.0,6.6770,61.56
102.441,measure,4968.0,1336.0,6.6372,61.84
102.541,measure,4968.0,1344.0,6.6770,61.91
102.641,measure,4968.0,1336.0,6.6372,61.75
102.742,measure,4968.0,1336.0,6.6372,61.75
102.842,measure,4968.0,1344.0,6.6770,61.78
102.942,measure,4968.0,1336.0,6.6372,61.75
103.042,measure,4968.0,1336.0,6.6372,61.69
103.142,measure,4968.0,1344.0,6.6770,61.66
103.243,measure,4968.0,1336.0,6.6372,61.59
103.343,measure,4968.0,1336.0,6.6372,61.53
103.443,measure,4968.0,1344.0,6.6770,61.78
103.543,measure,4968.0,1336.0,6.6372,61.88
103.643,measure,4968.0,1336.0,6.6372,61.66
103.743,measure,4968.0,1344.0,6.6770,61.75
103.844,measure,4968.0,1336.0,6.6372,61.66
103.944,measure,4968.0,1336.0,6.6372,61.72
104.044,measure,4968.0,1344.0,6.6770,61.62
104.144,measure,4968.0,1336.0,6.6372,61.62
104.244,measure,4968.0,1336.0,6.6372,61.59
104.344,measure,4968.0,1344.0,6.6770,61.84
104.444,measure,4968.0,1344.0,6.6770,61.78
104.544,measure,4968.0,1336.0,6.6372,61.78
104.645,measure,4968.0,1344.0,6.6770,61.72
104.745,measure,4968.0,1344.0,6.6770,61.75
104.845,measure,4968.0,1336.0,6.6372,61.59
104.945,measure,4968.0,1344.0,6.6770,61.66
105.045,measure,4968.0,1344.0,6.6770,61.72
105.145,measure,4968.0,1336.0,6.6372,61.59
105.245,measure,4968.0,1344.0,6.6770,61.59
105.345,measure,4968.0,1344.0,6.6770,61.78
105.446,measure,4968.0,1336.0,6.6372,61.78
105.546,measure,4968.0,1344.0,6.6770,61.81
105.646,measure,4968.0,1344.0,6.6770,61.75
105.746,measure,4968.0,1336.0,6.6372,61.72
105.846,measure,4968.0,1344.0,6.6770,61.72
105.946,measure,4968.0,1344.0,6.6770,61.59
106.046,measure,4968.0,1336.0,6.6372,61.72
106.147,measure,4968.0,1344.0,6.6770,61.72
106.247,measure,4968.0,1344.0,6.6770,61.88
106.347,measure,4968.0,1336.0,6.6372,61.78
106.447,measure,4968.0,1344.0,6.6770,61.75
106.547,measure,4968.0,1344.0,6.6770,61.69
106.647,measure,4968.0,1336.0,6.6372,61.69
106.747,measure,4968.0,1344.0,6.6770,61.72
106.847,measure,4968.0,1344.0,6.6770,61.66
106.948,measure,4968.0,1336.0,6.6372,61.72
107.048,measure,4968.0,1344.0,6.6770,61.72
107.148,measure,4968.0,1344.0,6.6770,61.78
107.248,measure,4968.0,1344.0,6.6770,61.84
107.348,measure,4968.0,1344.0,6.6770,61.84
107.448,measure,4968.0,1344.0,6.6770,61.72
107.548,measure,4968.0,1344.0,6.6770,61.72
107.649,measure,4968.0,1344.0,6.6770,61.75
107.749,measure,4968.0,1344.0,6.6770,61.69
107.849,measure,4968.0,1336.0,6.6372,61.56
107.949,measure,4968.0,1344.0,6.6770,61.62
108.049,measure,4968.0,1344.0,6.6770,61.84
108.149,measure,4968.0,1336.0,6.6372,61.81
108.249,measure,4968.0,1344.0,6.6770,61.81
108.349,measure,4968.0,1344.0,6.6770,61.78
108.450,measure,4968.0,1336.0,6.6372,61.81
108.550,measure,4968.0,1344.0,6.6770,61.69
108.650,measure,4968.0,1344.0,6.6770,61.69
108.750,measure,4968.0,1336.0,6.6372,61.69
108.850,measure,4968.0,1336.0,6.6372,61.66
108.950,measure,4968.0,1344.0,6.6770,61.66
109.050,measure,4968.0,1336.0,6.6372,61.84
109.151,measure,4968.0,1344.0,6.6770,61.84
109.251,measure,4968.0,1344.0,6.6770,61.72
109.351,measure,4968.0,1336.0,6.6372,61.69
109.451,measure,4968.0,1344.0,6.6770,61.69
109.551,measure,4968.0,1344.0,6.6770,61.75
109.651,measure,4968.0,1344.0,6.6770,61.62
109.751,measure,4968.0,1344.0,6.6770,61.69
109.851,measure,4968.0,1344.0,6.6770,61.84
109.952,measure,4968.0,1344.0,6.6770,61.88
110.052,measure,4968.0,1344.0,6.6770,61.78
110.152,measure,4968.0,1352.0,6.7167,61.84
110.252,measure,4968.0,1344.0,6.6770,61.72
110.352,measure,4968.0,1344.0,6.6770,61.72
110.452,measure,4968.0,1344.0,6.6770,61.69
110.553,measure,4968.0,1344.0,6.6770,61.66
110.653,measure,4968.0,1336.0,6.6372,61.75
110.753,measure,4968.0,1344.0,6.6770,61.88
110.853,measure,4968.0,1344.0,6.6770,61.84
110.953,measure,4968.0,1336.0,6.6372,61.88
111.053,measure,4968.0,1344.0,6.6770,61.78
111.153,measure,4968.0,1344.0,6.6770,61.72
111.253,measure,4968.0,1336.0,6.6372,61.78
111.354,measure,4968.0,1344.0,6.6770,61.75
111.454,measure,4968.0,1344.0,6.6770,61.72
111.554,measure,4968.0,1336.0,6.6372,61.69
111.654,measure,4968.0,1344.0,6.6770,61.94
111.754,measure,4968.0,1344.0,6.6770,61.94
111.854,measure,4968.0,1336.0,6.6372,61.84
111.954,measure,4968.0,1344.0,6.6770,61.81
112.055,measure,4968.0,1344.0,6.6770,61.75
112.155,measure,4968.0,1336.0,6.6372,61.75
112.255,measure,4968.0,1344.0,6.6770,61.72
112.355,measure,4968.0,1344.0,6.6770,61.75
112.455,measure,4968.0,1336.0,6.6372,61.69
112.555,measure,4968.0,1344.0,6.6770,61.88
112.655,measure,4968.0,1344.0,6.6770,61.84
112.755,measure,4968.0,1336.0,6.6372,61.91
112.856,measure,4968.0,1344.0,6.6770,61.78
112.956,measure,4968.0,1344.0,6.6770,61.84
113.056,measure,4968.0,1336.0,6.6372,61.72
113.156,measure,4968.0,1344.0,6.6770,61.72
113.256,measure,4968.0,1344.0,6.6770,61.75
113.356,measure,4968.0,1336.0,6.6372,61.72
113.456,measure,4968.0,1344.0,6.6770,61.94
113.557,measure,4968.0,1344.0,6.6770,61.94
113.657,measure,4968.0,1336.0,6.6372,61.81
113.757,measure,4968.0,1344.0,6.6770,61.84
113.857,measure,4968.0,1344.0,6.6770,61.84
113.957,measure,4968.0,1336.0,6.6372,61.78
114.057,measure,4968.0,1344.0,6.6770,61.81
114.157,measure,4968.0,1344.0,6.6770,61.66
114.258,measure,4968.0,1336.0,6.6372,61.72
114.358,measure,4968.0,1344.0,6.6770,61.94
114.458,measure,4968.0,1352.0,6.7167,61.91
114.558,measure,4968.0,1344.0,6.6770,61.84
114.658,measure,4968.0,1344.0,6.6770,61.81
114.758,measure,4968.0,1344.0,6.6770,61.81
114.858,measure,4968.0,1336.0,6.6372,61.78
114.958,measure,4968.0,1344.0,6.6770,61.69
115.059,measure,4968.0,1344.0,6.6770,61.72
115.159,measure,4968.0,1336.0,6.6372,61.75
115.259,measure,4968.0,1336.0,6.6372,62.00
115.359,measure,4968.0,1344.0,6.6770,61.94
115.459,measure,4968.0,1336.0,6.6372,61.94
115.559,measure,4968.0,1336.0,6.6372,61.84
115.659,measure,4968.0,1344.0,6.6770,61.84
115.760,measure,4968.0,1336.0,6.6372,61.81
115.860,measure,4968.0,1344.0,6.6770,61.75
115.960,measure,4968.0,1344.0,6.6770,61.78
116.060,measure,4968.0,1336.0,6.6372,61.75
116.160,measure,4968.0,1336.0,6.6372,62.00
116.260,measure,4968.0,1344.0,6.6770,61.94
116.360,measure,4968.0,1336.0,6.6372,61.91
116.460,measure,4968.0,1336.0,6.6372,61.84
116.561,measure,4968.0,1344.0,6.6770,61.84
116.661,measure,4968.0,1336.0,6.6372,61.81
116.761,measure,4968.0,1336.0,6.6372,61.81
116.861,measure,4968.0,1344.0,6.6770,61.69
116.961,measure,4968.0,1336.0,6.6372,61.78
117.061,measure,4968.0,1336.0,6.6372,61.75
117.161,measure,4968.0,1344.0,6.6770,62.03
117.261,measure,4968.0,1336.0,6.6372,61.88
117.362,measure,4968.0,1336.0,6.6372,61.84
117.462,measure,4968.0,1344.0,6.6770,61.84
117.562,measure,4968.0,1344.0,6.6770,61.69
117.662,measure,4968.0,1344.0,6.6770,61.84
117.762,measure,4968.0,1344.0,6.6770,61.72
117.862,measure,4968.0,1344.0,6.6770,61.78
117.962,measure,4968.0,1344.0,6.6770,61.78
118.062,measure,4968.0,1344.0,6.6770,61.97
118.163,measure,4968.0,1344.0,6.6770,61.84
118.263,measure,4968.0,1344.0,6.6770,61.84
118.363,measure,4968.0,1344.0,6.6770,61.81
118.463,measure,4968.0,1344.0,6.6770,61.81
118.563,measure,4968.0,1344.0,6.6770,61.84
118.663,measure,4968.0,1352.0,6.7167,61.81
118.763,measure,4968.0,1344.0,6.6770,61.81
118.863,measure,4968.0,1344.0,6.6770,61.84
118.964,measure,4968.0,1352.0,6.7167,61.78
119.064,measure,4968.0,1344.0,6.6770,61.88
119.164,measure,4968.0,1336.0,6.6372,61.94
119.264,measure,4968.0,1344.0,6.6770,61.88
119.364,measure,4968.0,1344.0,6.6770,61.84
119.464,measure,4968.0,1336.0,6.6372,61.81
119.564,measure,4968.0,1344.0,6.6770,61.81
119.665,measure,4968.0,1344.0,6.6770,61.88
119.765,measure,4968.0,1336.0,6.6372,61.81
119.865,measure,4968.0,1344.0,6.6770,61.78
119.965,measure,4968.0,1344.0,6.6770,61.97
120.065,measure,4968.0,1336.0,6.6372,61.88
120.165,measure,4968.0,1344.0,6.6770,61.91
120.265,measure,4968.0,1344.0,6.6770,61.81
120.365,measure,4968.0,1336.0,6.6372,61.78
120.466,measure,4968.0,1344.0,6.6770,61.84
120.566,measure,4968.0,1344.0,6.6770,61.84
120.666,measure,4968.0,1344.0,6.6770,61.84
120.766,measure,4968.0,1344.0,6.6770,61.97
120.866,measure,4968.0,1352.0,6.7167,61.91
120.966,measure,4968.0,1344.0,6.6770,61.91
121.066,measure,4968.0,1344.0,6.6770,61.84
121.167,measure,4968.0,1344.0,6.6770,61.84
121.267,measure,4968.0,1344.0,6.6770,61.78
121.367,measure,4968.0,1344.0,6.6770,61.78
121.467,measure,4968.0,1344.0,6.6770,61.69
121.567,measure,4968.0,1344.0,6.6770,61.84
121.667,measure,4968.0,1344.0,6.6770,61.72
121.767,measure,4968.0,1344.0,6.6770,62.00
121.868,measure,4968.0,1344.0,6.6770,61.94
121.968,measure,4968.0,1336.0,6.6372,61.84
122.068,measure,4968.0,1344.0,6.6770,61.84
122.168,measure,4968.0,1336.0,6.6372,61.72
122.268,measure,4968.0,1336.0,6.6372,61.78
122.368,measure,4968.0,1344.0,6.6770,61.81
122.468,measure,4968.0,1344.0,6.6770,61.78
122.568,measure,4968.0,1336.0,6.6372,61.69
122.669,measure,4968.0,1344.0,6.6770,61.97
122.769,measure,4968.0,1344.0,6.6770,61.97
122.869,measure,4968.0,1336.0,6.6372,61.88
122.969,measure,4968.0,1344.0,6.6770,61.84
123.069,measure,4968.0,1344.0,6.6770,61.84
123.169,measure,4968.0,1344.0,6.6770,61.84
123.269,measure,4968.0,1344.0,6.6770,61.84
123.370,measure,4968.0,1344.0,6.6770,61.84
123.470,measure,4968.0,1336.0,6.6372,61.75
123.570,measure,4968.0,1344.0,6.6770,62.00
123.670,measure,4968.0,1344.0,6.6770,61.97
123.770,measure,4968.0,1336.0,6.6372,61.88
123.870,measure,4968.0,1344.0,6.6770,61.81
123.970,measure,4968.0,1344.0,6.6770,61.84
124.071,measure,4968.0,1336.0,6.6372,61.91
124.171,measure,4968.0,1344.0,6.6770,61.81
124.271,measure,4968.0,1344.0,6.6770,61.84
124.371,measure,4968.0,1336.0,6.6372,61.94
124.471,measure,4968.0,1344.0,6.6770,62.06
124.571,measure,4968.0,1344.0,6.6770,61.97
124.671,measure,4968.0,1344.0,6.6770,61.91
124.771,measure,4968.0,1344.0,6.6770,61.84
124.872,measure,4968.0,1344.0,6.6770,61.84
124.972,measure,4968.0,1344.0,6.6770,61.81
125.072,measure,4968.0,1344.0,6.6770,61.84
125.172,measure,4968.0,1344.0,6.6770,61.84
125.272,measure,4968.0,1344.0,6.6770,62.06
125.372,measure,4968.0,1344.0,6.6770,61.97
125.472,measure,4968.0,1344.0,6.6770,61.94
125.573,measure,4968.0,1344.0,6.6770,61.88
125.673,measure,4968.0,1344.0,6.6770,61.84
125.773,measure,4968.0,1344.0,6.6770,61.91
125.873,measure,4968.0,1344.0,6.6770,61.84
125.973,measure,4968.0,1336.0,6.6372,61.84
126.073,measure,4968.0,1344.0,6.6770,61.91
126.173,measure,4968.0,1344.0,6.6770,61.94
126.273,measure,4968.0,1344.0,6.6770,62.03
126.374,measure,4968.0,1344.0,6.6770,61.97
126.474,measure,4968.0,1344.0,6.6770,61.94
126.574,measure,4968.0,1344.0,6.6770,61.84
126.674,measure,4968.0,1344.0,6.6770,61.84
126.774,measure,4968.0,1344.0,6.6770,61.88
126.874,measure,4968.0,1344.0,6.6770,61.84
126.974,measure,4968.0,1344.0,6.6770,61.84
127.075,measure,4968.0,1336.0,6.6372,62.03
127.175,measure,4968.0,1336.0,6.6372,62.03
127.275,measure,4968.0,1344.0,6.6770,61.97
127.375,measure,4968.0,1344.0,6.6770,61.91
127.475,measure,4968.0,1336.0,6.6372,61.91
127.575,measure,4968.0,1344.0,6.6770,61.88
127.675,measure,4968.0,1344.0,6.6770,61.94
127.775,measure,4968.0,1344.0,6.6770,61.84
127.876,measure,4968.0,1344.0,6.6770,61.84
127.976,measure,4968.0,1344.0,6.6770,61.78
128.076,measure,4968.0,1344.0,6.6770,62.03
128.176,measure,4968.0,1352.0,6.7167,61.97
128.276,measure,4968.0,1344.0,6.6770,61.88
128.376,measure,4968.0,1352.0,6.7167,61.91
128.476,measure,4968.0,1352.0,6.7167,61.84
128.577,measure,4968.0,1352.0,6.7167,61.84
128.677,measure,4968.0,1344.0,6.6770,61.81
128.777,measure,4968.0,1352.0,6.7167,61.78
128.877,measure,4968.0,1352.0,6.7167,61.84
128.977,measure,4968.0,1344.0,6.6770,62.06
129.077,measure,4968.0,1352.0,6.7167,62.00
129.177,measure,4968.0,1344.0,6.6770,61.94
129.278,measure,4968.0,1344.0,6.6770,61.91
129.378,measure,4968.0,1352.0,6.7167,61.88
129.478,measure,4968.0,1344.0,6.6770,61.81
129.578,measure,4968.0,1336.0,6.6372,61.84
129.678,measure,4968.0,1344.0,6.6770,61.84
129.778,measure,4968.0,1344.0,6.6770,61.88
129.878,measure,4968.0,1336.0,6.6372,62.03
129.979,measure,4968.0,1344.0,6.6770,62.09
130.079,measure,4968.0,1344.0,6.6770,61.91
130.179,measure,4968.0,1336.0,6.6372,61.97
130.279,measure,4968.0,1344.0,6.6770,61.88
130.379,measure,4968.0,1344.0,6.6770,61.91
130.479,measure,4968.0,1336.0,6.6372,61.91
130.579,measure,4968.0,1344.0,6.6770,61.94
130.679,measure,4968.0,1344.0,6.6770,61.81
130.780,measure,4968.0,1344.0,6.6770,61.84
130.880,measure,4968.0,1344.0,6.6770,62.00
130.980,measure,4968.0,1352.0,6.7167,61.94
131.080,measure,4968.0,1344.0,6.6770,61.94
131.180,measure,4968.0,1344.0,6.6770,61.84
131.280,measure,4968.0,1352.0,6.7167,61.84
131.380,measure,4968.0,1344.0,6.6770,61.84
131.481,measure,4968.0,1344.0,6.6770,61.88
131.581,measure,4968.0,1352.0,6.7167,61.91
131.681,measure,4968.0,1344.0,6.6770,61.78
131.781,measure,4968.0,1344.0,6.6770,62.09
131.881,measure,4968.0,1352.0,6.7167,62.09
131.981,measure,4968.0,1344.0,6.6770,61.97
132.081,measure,4968.0,1344.0,6.6770,61.94
132.182,measure,4968.0,1352.0,6.7167,61.88
132.282,measure,4968.0,1344.0,6.6770,61.84
132.382,measure,4968.0,1336.0,6.6372,61.81
132.482,measure,4968.0,1344.0,6.6770,61.81
132.582,measure,4968.0,1344.0,6.6770,61.84
132.682,measure,4968.0,1336.0,6.6372,61.94
132.782,measure,4968.0,1344.0,6.6770,61.88
132.882,measure,4968.0,1344.0,6.6770,61.94
132.983,measure,4968.0,1336.0,6.6372,61.84
133.083,measure,4968.0,1344.0,6.6770,61.88
133.183,measure,4968.0,1344.0,6.6770,61.88
133.283,measure,4968.0,1336.0,6.6372,61.91
133.383,measure,4968.0,1344.0,6.6770,61.84
133.483,measure,4968.0,1344.0,6.6770,61.78
133.584,measure,4968.0,1336.0,6.6372,62.00
133.684,measure,4968.0,1344.0,6.6770,62.00
133.784,measure,4968.0,1344.0,6.6770,61.94
133.884,measure,4968.0,1336.0,6.6372,61.88
133.984,measure,4968.0,1344.0,6.6770,61.91
134.084,measure,4968.0,1344.0,6.6770,61.84
134.184,measure,4968.0,1344.0,6.6770,61.88
134.284,measure,4968.0,1344.0,6.6770,61.84
134.385,measure,4968.0,1344.0,6.6770,61.78
134.485,measure,4968.0,1344.0,6.6770,62.03
134.585,measure,4968.0,1344.0,6.6770,61.97
134.685,measure,4968.0,1344.0,6.6770,61.97
134.785,measure,4968.0,1344.0,6.6770,61.91
134.885,measure,4968.0,1344.0,6.6770,61.94
134.985,measure,4968.0,1344.0,6.6770,61.84
135.085,measure,4968.0,1344.0,6.6770,61.94
135.186,measure,4968.0,1344.0,6.6770,61.84
135.286,measure,4968.0,1344.0,6.6770,61.91
135.386,measure,4968.0,1344.0,6.6770,62.09
135.486,measure,4968.0,1344.0,6.6770,61.91
135.586,measure,4968.0,1344.0,6.6770,62.03
135.686,measure,4968.0,1344.0,6.6770,61.94
135.786,measure,4968.0,1344.0,6.6770,62.00
135.887,measure,4968.0,1352.0,6.7167,61.84
135.987,measure,4968.0,1344.0,6.6770,61.91
136.087,measure,4968.0,1344.0,6.6770,61.88
136.187,measure,4968.0,1352.0,6.7167,61.91
136.287,measure,4968.0,1344.0,6.6770,62.03
136.387,measure,4968.0,1336.0,6.6372,62.00
136.487,measure,4968.0,1344.0,6.6770,62.06
136.587,measure,4968.0,1344.0,6.6770,62.06
136.688,measure,4968.0,1336.0,6.6372,61.84
136.788,measure,4968.0,1344.0,6.6770,61.88
136.888,measure,4968.0,1344.0,6.6770,61.91
136.988,measure,4968.0,1336.0,6.6372,61.84
137.088,measure,4968.0,1344.0,6.6770,61.81
137.188,measure,4968.0,1344.0,6.6770,62.06
137.288,measure,4968.0,1336.0,6.6372,62.03
137.388,measure,4968.0,1344.0,6.6770,62.09
137.489,measure,4968.0,1344.0,6.6770,61.97
137.589,measure,4968.0,1336.0,6.6372,61.97
137.689,measure,4968.0,1344.0,6.6770,61.91
137.789,measure,4968.0,1344.0,6.6770,61.94
137.889,measure,4968.0,1336.0,6.6372,61.91
137.989,measure,4968.0,1344.0,6.6770,61.88
138.090,measure,4968.0,1344.0,6.6770,62.09
138.190,measure,4968.0,1336.0,6.6372,62.06
138.290,measure,4968.0,1344.0,6.6770,62.03
138.390,measure,4968.0,1336.0,6.6372,61.94
138.490,measure,4968.0,1328.0,6.5975,61.97
138.590,measure,4968.0,1336.0,6.6372,62.03
138.690,measure,4968.0,1336.0,6.6372,61.94
138.790,measure,4968.0,1336.0,6.6372,61.84
138.891,measure,4968.0,1344.0,6.6770,61.88
138.991,measure,4968.0,1344.0,6.6770,62.00
139.091,measure,4968.0,1336.0,6.6372,62.03
139.191,measure,4968.0,1344.0,6.6770,62.03
139.291,measure,4968.0,1344.0,6.6770,61.91
139.391,measure,4968.0,1336.0,6.6372,61.94
139.491,measure,4968.0,1344.0,6.6770,61.88
139.591,measure,4968.0,1344.0,6.6770,61.91
139.692,measure,4968.0,1336.0,6.6372,61.88
139.792,measure,4968.0,1344.0,6.6770,61.97
139.892,measure,4968.0,1344.0,6.6770,62.12
139.992,measure,4968.0,1336.0,6.6372,62.09
140.092,measure,4968.0,1344.0,6.6770,61.94
140.192,measure,4968.0,1344.0,6.6770,62.00
140.292,measure,4968.0,1336.0,6.6372,62.00
140.393,measure,4968.0,1344.0,6.6770,61.91
140.493,measure,4968.0,1344.0,6.6770,61.91
140.593,measure,4968.0,1336.0,6.6372,61.91
140.693,measure,4968.0,1344.0,6.6770,61.91
140.793,measure,4968.0,1344.0,6.6770,62.09
140.893,measure,4968.0,1336.0,6.6372,62.03
140.993,measure,4968.0,1344.0,6.6770,62.03
141.093,measure,4968.0,1344.0,6.6770,61.97
141.194,measure,4968.0,1336.0,6.6372,61.91
141.294,measure,4968.0,1344.0,6.6770,61.97
141.394,measure,4968.0,1344.0,6.6770,61.91
141.494,measure,4968.0,1336.0,6.6372,61.91
141.594,measure,4968.0,1344.0,6.6770,61.84
141.694,measure,4968.0,1336.0,6.6372,61.88
141.794,measure,4968.0,1328.0,6.5975,62.19
141.894,measure,4968.0,1336.0,6.6372,62.03
141.995,measure,4968.0,1336.0,6.6372,61.94
142.095,measure,4968.0,1336.0,6.6372,62.03
142.195,measure,4968.0,1344.0,6.6770,61.84
142.295,measure,4968.0,1344.0,6.6770,61.94
142.395,measure,4968.0,1336.0,6.6372,62.00
142.495,measure,4968.0,1344.0,6.6770,61.84
142.595,measure,4968.0,1344.0,6.6770,61.78
142.695,measure,4968.0,1344.0,6.6770,62.06
142.796,measure,4968.0,1344.0,6.6770,61.97
142.896,measure,4968.0,1344.0,6.6770,62.00
142.996,measure,4968.0,1344.0,6.6770,61.97
143.096,measure,4968.0,1344.0,6.6770,61.91
143.196,measure,4968.0,1352.0,6.7167,61.94
143.296,measure,4968.0,1344.0,6.6770,61.84
143.396,measure,4968.0,1344.0,6.6770,62.00
143.496,measure,4968.0,1344.0,6.6770,61.88
143.597,measure,4968.0,1344.0,6.6770,62.09
143.697,measure,4968.0,1344.0,6.6770,62.00
143.797,measure,4968.0,1344.0,6.6770,62.03
143.897,measure,4968.0,1344.0,6.6770,61.97
143.997,measure,4968.0,1344.0,6.6770,61.88
144.097,measure,4968.0,1352.0,6.7167,61.94
144.197,measure,4968.0,1344.0,6.6770,61.91
144.298,measure,4968.0,1344.0,6.6770,61.88
144.398,measure,4968.0,1352.0,6.7167,61.88
144.498,measure,4968.0,1344.0,6.6770,62.03
144.598,measure,4968.0,1344.0,6.6770,62.00
144.698,measure,4968.0,1344.0,6.6770,61.97
144.798,measure,4968.0,1344.0,6.6770,61.94
144.898,measure,4968.0,1344.0,6.6770,61.97
144.998,measure,4968.0,1344.0,6.6770,61.91
145.099,measure,4968.0,1344.0,6.6770,61.97
145.199,measure,4968.0,1344.0,6.6770,61.97
145.299,measure,4968.0,1344.0,6.6770,61.84
145.399,measure,4968.0,1344.0,6.6770,61.91
145.499,measure,4968.0,1344.0,6.6770,61.97
145.599,measure,4968.0,1352.0,6.7167,62.06
145.699,measure,4968.0,1344.0,6.6770,62.03
145.799,measure,4968.0,1344.0,6.6770,61.97
145.900,measure,4968.0,1352.0,6.7167,61.94
146.000,measure,4968.0,1344.0,6.6770,61.91
146.100,measure,4968.0,1344.0,6.6770,61.94
146.200,measure,4968.0,1352.0,6.7167,61.88
146.300,measure,4968.0,1344.0,6.6770,62.06
146.400,measure,4968.0,1344.0,6.6770,62.06
146.500,measure,4968.0,1344.0,6.6770,62.09
146.600,measure,4968.0,1344.0,6.6770,61.97
146.701,measure,4968.0,1336.0,6.6372,62.00
146.801,measure,4968.0,1344.0,6.6770,61.91
146.901,measure,4968.0,1344.0,6.6770,61.91
147.001,measure,4968.0,1336.0,6.6372,61.84
147.101,measure,4968.0,1344.0,6.6770,61.84
147.201,measure,4968.0,1344.0,6.6770,62.12
147.301,measure,4968.0,1336.0,6.6372,62.00
147.401,measure,4968.0,1344.0,6.6770,62.16
147.502,measure,4968.0,1344.0,6.6770,61.94
147.602,measure,4968.0,1336.0,6.6372,62.09
147.702,measure,4968.0,1344.0,6.6770,62.00
147.802,measure,4968.0,1336.0,6.6372,61.94
147.902,measure,4968.0,1336.0,6.6372,61.84
148.002,measure,4968.0,1344.0,6.6770,61.88
148.102,measure,4968.0,1336.0,6.6372,62.06
148.202,measure,4968.0,1336.0,6.6372,62.03
148.303,measure,4968.0,1344.0,6.6770,62.03
148.403,measure,4968.0,1344.0,6.6770,62.00
148.503,measure,4968.0,1336.0,6.6372,62.00
148.603,measure,4968.0,1344.0,6.6770,61.91
148.703,measure,4968.0,1344.0,6.6770,61.94
148.803,measure,4968.0,1336.0,6.6372,61.88
148.903,measure,4968.0,1344.0,6.6770,61.91
149.004,measure,4968.0,1344.0,6.6770,62.16
149.104,measure,4968.0,1336.0,6.6372,62.09
149.204,measure,4968.0,1344.0,6.6770,62.06
149.304,measure,4968.0,1344.0,6.6770,61.97
149.404,measure,4968.0,1336.0,6.6372,62.03
149.504,measure,4968.0,1344.0,6.6770,61.94
149.604,measure,4968.0,1344.0,6.6770,61.97
149.704,measure,4968.0,1336.0,6.6372,61.91
149.805,measure,4968.0,1344.0,6.6770,61.94
149.905,measure,4968.0,1344.0,6.6770,62.12
150.005,measure,4968.0,1336.0,6.6372,62.09
150.105,measure,4968.0,1344.0,6.6770,62.16
150.205,measure,4968.0,1344.0,6.6770,61.97
150.305,measure,4968.0,1336.0,6.6372,62.00
150.405,measure,4968.0,1344.0,6.6770,61.97
150.505,measure,4968.0,1344.0,6.6770,61.97
150.606,measure,4968.0,1336.0,6.6372,61.84
150.706,measure,4968.0,1344.0,6.6770,61.88
150.806,measure,4968.0,1344.0,6.6770,62.12
150.906,measure,4968.0,1336.0,6.6372,62.16
151.006,measure,4968.0,1344.0,6.6770,62.03
151.106,measure,4968.0,1344.0,6.6770,62.06
151.206,measure,4968.0,1336.0,6.6372,61.94
151.306,measure,4968.0,1344.0,6.6770,62.00
151.407,measure,4968.0,1344.0,6.6770,61.97
151.507,measure,4968.0,1336.0,6.6372,61.91
151.607,measure,4968.0,1344.0,6.6770,61.91
151.707,measure,4968.0,1344.0,6.6770,62.16
151.807,measure,4968.0,1344.0,6.6770,62.19
151.907,measure,4968.0,1344.0,6.6770,62.03
152.007,measure,4968.0,1344.0,6.6770,62.06
152.108,measure,4968.0,1344.0,6.6770,61.97
152.208,measure,4968.0,1344.0,6.6770,61.91
152.308,measure,4968.0,1352.0,6.7167,61.97
152.408,measure,4968.0,1344.0,6.6770,61.91
152.508,measure,4968.0,1344.0,6.6770,61.94
152.608,measure,4968.0,1352.0,6.7167,62.22
152.708,measure,4968.0,1344.0,6.6770,62.12
152.808,measure,4968.0,1336.0,6.6372,62.09
152.909,measure,4968.0,1344.0,6.6770,61.97
153.009,measure,4968.0,1344.0,6.6770,61.97
153.109,measure,4968.0,1336.0,6.6372,61.97
153.209,measure,4968.0,1344.0,6.6770,62.00
153.309,measure,4968.0,1344.0,6.6770,61.94
153.409,measure,4968.0,1336.0,6.6372,61.91
153.509,measure,4968.0,1352.0,6.7167,61.88
153.609,measure,4968.0,1352.0,6.7167,62.12
153.710,measure,4968.0,1344.0,6.6770,62.16
153.810,measure,4968.0,1352.0,6.7167,62.09
153.910,measure,4968.0,1352.0,6.7167,61.94
154.010,measure,4968.0,1344.0,6.6770,61.97
154.110,measure,4968.0,1344.0,6.6770,62.00
154.210,measure,4968.0,1352.0,6.7167,61.94
154.310,measure,4968.0,1344.0,6.6770,61.97
154.411,measure,4968.0,1344.0,6.6770,61.94
154.511,measure,4968.0,1352.0,6.7167,62.19
154.611,measure,4968.0,1344.0,6.6770,62.06
154.711,measure,4968.0,1344.0,6.6770,62.03
154.811,measure,4968.0,1352.0,6.7167,61.94
154.911,measure,4968.0,1344.0,6.6770,61.97
155.011,measure,4968.0,1344.0,6.6770,62.03
155.111,measure,4968.0,1344.0,6.6770,61.91
155.212,measure,4968.0,1344.0,6.6770,61.97
155.312,measure,4968.0,1344.0,6.6770,61.94
155.412,measure,4968.0,1344.0,6.6770,62.31
155.512,measure,4968.0,1344.0,6.6770,62.03
155.612,measure,4968.0,1344.0,6.6770,62.12
155.712,measure,4968.0,1344.0,6.6770,61.97
155.812,measure,4968.0,1344.0,6.6770,62.03
155.913,measure,4968.0,1344.0,6.6770,62.00
156.013,measure,4968.0,1344.0,6.6770,62.03
156.113,measure,4968.0,1336.0,6.6372,62.00
156.213,measure,4968.0,1336.0,6.6372,61.94
156.313,measure,4968.0,1344.0,6.6770,61.94
156.413,measure,4968.0,1336.0,6.6372,62.16
156.513,measure,4968.0,1336.0,6.6372,62.12
156.613,measure,4968.0,1344.0,6.6770,61.97
156.714,measure,4968.0,1336.0,6.6372,62.00
156.814,measure,4968.0,1336.0,6.6372,62.00
156.914,measure,4968.0,1344.0,6.6770,61.97
157.014,measure,4968.0,1336.0,6.6372,62.00
157.114,measure,4968.0,1336.0,6.6372,61.91
157.214,measure,4968.0,1344.0,6.6770,61.94
157.314,measure,4968.0,1344.0,6.6770,62.06
157.414,measure,4968.0,1344.0,6.6770,62.09
157.515,measure,4968.0,1352.0,6.7167,62.00
157.615,measure,4968.0,1344.0,6.6770,62.00
157.715,measure,4968.0,1336.0,6.6372,62.03
157.815,measure,4968.0,1344.0,6.6770,62.00
157.915,measure,4968.0,1344.0,6.6770,62.03
158.015,measure,4968.0,1336.0,6.6372,61.91
158.116,measure,4968.0,1344.0,6.6770,61.94
158.216,measure,4968.0,1344.0,6.6770,62.06
158.316,measure,4968.0,1336.0,6.6372,62.06
158.416,measure,4968.0,1344.0,6.6770,62.16
158.516,measure,4968.0,1344.0,6.6770,62.03
158.616,measure,4968.0,1336.0,6.6372,62.00
158.716,measure,4968.0,1344.0,6.6770,61.97
158.817,measure,4968.0,1344.0,6.6770,62.00
158.917,measure,4968.0,1336.0,6.6372,61.91
159.017,measure,4968.0,1344.0,6.6770,61.97
159.117,measure,4968.0,1344.0,6.6770,62.12
159.217,measure,4968.0,1336.0,6.6372,62.12
159.317,measure,4968.0,1344.0,6.6770,61.97
159.417,measure,4968.0,1344.0,6.6770,62.03
159.517,measure,4968.0,1336.0,6.6372,62.06
159.618,measure,4968.0,1344.0,6.6770,61.97
159.718,measure,4968.0,1344.0,6.6770,61.91
159.818,measure,4968.0,1336.0,6.6372,61.94
159.918,measure,4968.0,1344.0,6.6770,62.12
160.018,measure,4968.0,1344.0,6.6770,62.12
160.118,measure,4968.0,1336.0,6.6372,62.09
160.218,measure,4968.0,1344.0,6.6770,62.00
160.318,measure,4968.0,1344.0,6.6770,62.03
160.419,measure,4968.0,1336.0,6.6372,62.00
160.519,measure,4968.0,1344.0,6.6770,61.97
160.619,measure,4968.0,1344.0,6.6770,61.94
160.719,measure,4968.0,1336.0,6.6372,61.91
160.819,measure,4968.0,1344.0,6.6770,62.12
160.919,measure,4968.0,1344.0,6.6770,62.09
161.019,measure,4968.0,1336.0,6.6372,62.09
161.119,measure,4968.0,1344.0,6.6770,61.97
161.220,measure,4968.0,1344.0,6.6770,62.00
161.320,measure,4968.0,1336.0,6.6372,61.97
161.420,measure,4968.0,1344.0,6.6770,62.03
161.520,measure,4968.0,1344.0,6.6770,61.94
161.620,measure,4968.0,1336.0,6.6372,61.94
161.720,measure,4968.0,1344.0,6.6770,62.22
161.820,measure,4968.0,1344.0,6.6770,62.12
161.920,measure,4968.0,1344.0,6.6770,62.12
162.021,measure,4968.0,1344.0,6.6770,61.97
162.121,measure,4968.0,1352.0,6.7167,62.03
162.221,measure,4968.0,1344.0,6.6770,62.00
162.321,measure,4968.0,1336.0,6.6372,61.94
162.421,measure,4968.0,1344.0,6.6770,61.97
162.521,measure,4968.0,1344.0,6.6770,61.97
162.621,measure,4968.0,1336.0,6.6372,62.19
162.721,measure,4968.0,1344.0,6.6770,62.19
162.822,measure,4968.0,1344.0,6.6770,62.12
162.922,measure,4968.0,1336.0,6.6372,62.03
163.022,measure,4968.0,1344.0,6.6770,62.06
163.122,measure,4968.0,1344.0,6.6770,62.03
163.222,measure,4968.0,1344.0,6.6770,62.06
163.322,measure,4968.0,1344.0,6.6770,62.00
163.422,measure,4968.0,1344.0,6.6770,61.91
163.522,measure,4968.0,1344.0,6.6770,62.09
163.623,measure,4968.0,1352.0,6.7167,62.16
163.723,measure,4968.0,1344.0,6.6770,62.12
163.823,measure,4968.0,1344.0,6.6770,62.06
163.923,measure,4968.0,1344.0,6.6770,62.03
164.023,measure,4968.0,1336.0,6.6372,62.06
164.123,measure,4968.0,1344.0,6.6770,61.97
164.223,measure,4968.0,1344.0,6.6770,61.97
164.323,measure,4968.0,1336.0,6.6372,62.03
164.424,measure,4968.0,1344.0,6.6770,62.19
164.524,measure,4968.0,1344.0,6.6770,62.19
164.624,measure,4968.0,1336.0,6.6372,62.16
164.724,measure,4968.0,1344.0,6.6770,62.09
164.824,measure,4968.0,1344.0,6.6770,62.03
164.924,measure,4968.0,1344.0,6.6770,62.00
165.024,measure,4968.0,1352.0,6.7167,62.09
165.125,measure,4968.0,1344.0,6.6770,62.00
165.225,measure,4968.0,1336.0,6.6372,62.00
165.325,measure,4968.0,1344.0,6.6770,61.91
165.425,measure,4968.0,1344.0,6.6770,62.16
165.525,measure,4968.0,1336.0,6.6372,62.16
165.625,measure,4968.0,1344.0,6.6770,62.06
165.725,measure,4968.0,1344.0,6.6770,62.00
165.825,measure,4968.0,1344.0,6.6770,62.00
165.926,measure,4968.0,1344.0,6.6770,62.06
166.026,measure,4968.0,1344.0,6.6770,62.06
166.126,measure,4968.0,1336.0,6.6372,62.00
166.226,measure,4968.0,1344.0,6.6770,62.00
166.326,measure,4968.0,1344.0,6.6770,62.25
166.426,measure,4968.0,1344.0,6.6770,62.16
166.526,measure,4968.0,1344.0,6.6770,62.12
166.627,measure,4968.0,1344.0,6.6770,62.06
166.727,measure,4968.0,1344.0,6.6770,62.00
166.827,measure,4968.0,1352.0,6.7167,62.00
166.927,measure,4968.0,1344.0,6.6770,62.03
167.027,measure,4968.0,1344.0,6.6770,61.97
167.127,measure,4968.0,1352.0,6.7167,61.97
167.227,measure,4968.0,1344.0,6.6770,61.97
167.327,measure,4968.0,1344.0,6.6770,62.12
167.428,measure,4968.0,1352.0,6.7167,62.12
167.528,measure,4968.0,1344.0,6.6770,62.12
167.628,measure,4968.0,1344.0,6.6770,62.06
167.728,measure,4968.0,1352.0,6.7167,62.00
167.828,measure,4968.0,1344.0,6.6770,61.94
167.928,measure,4968.0,1344.0,6.6770,62.00
168.028,measure,4968.0,1344.0,6.6770,61.97
168.128,measure,4968.0,1344.0,6.6770,61.94
168.229,measure,4968.0,1344.0,6.6770,62.16
168.329,measure,4968.0,1344.0,6.6770,62.09
168.429,measure,4968.0,1336.0,6.6372,62.03
168.529,measure,4968.0,1336.0,6.6372,62.06
168.629,measure,4968.0,1344.0,6.6770,62.00
168.729,measure,4968.0,1344.0,6.6770,62.00
168.829,measure,4968.0,1344.0,6.6770,62.03
168.929,measure,4968.0,1352.0,6.7167,62.03
169.030,measure,4968.0,1344.0,6.6770,62.03
169.130,measure,4968.0,1344.0,6.6770,62.12
169.230,measure,4968.0,1352.0,6.7167,62.12
169.330,measure,4968.0,1344.0,6.6770,62.03
169.430,measure,4968.0,1344.0,6.6770,62.03
169.530,measure,4968.0,1344.0,6.6770,62.12
169.630,measure,4968.0,1336.0,6.6372,62.03
169.731,measure,4968.0,1344.0,6.6770,62.00
169.831,measure,4968.0,1352.0,6.7167,61.97
169.931,measure,4968.0,1336.0,6.6372,61.97
170.031,measure,4968.0,1344.0,6.6770,62.09
170.131,measure,4968.0,1344.0,6.6770,62.16
170.231,measure,4968.0,1344.0,6.6770,62.09
170.331,measure,4968.0,1344.0,6.6770,62.06
170.431,measure,4968.0,1344.0,6.6770,62.06
170.532,measure,4968.0,1344.0,6.6770,62.00
170.632,measure,4968.0,1352.0,6.7167,62.03
170.732,measure,4968.0,1352.0,6.7167,62.00
170.832,measure,4968.0,1344.0,6.6770,62.19
170.932,measure,4968.0,1352.0,6.7167,62.06
171.032,measure,4968.0,1344.0,6.6770,62.16
171.132,measure,4968.0,1344.0,6.6770,62.09
171.232,measure,4968.0,1352.0,6.7167,62.06
171.333,measure,4968.0,1344.0,6.6770,62.03
171.433,measure,4968.0,1344.0,6.6770,62.03
171.533,measure,4968.0,1352.0,6.7167,62.09
171.633,measure,4968.0,1344.0,6.6770,61.97
171.733,measure,4968.0,1344.0,6.6770,62.19
171.833,measure,4968.0,1344.0,6.6770,62.12
171.933,measure,4968.0,1344.0,6.6770,62.12
172.033,measure,4968.0,1344.0,6.6770,62.09
172.134,measure,4968.0,1344.0,6.6770,62.09
172.234,measure,4968.0,1344.0,6.6770,62.03
172.334,measure,4968.0,1344.0,6.6770,62.03
172.434,measure,4968.0,1352.0,6.7167,62.03
172.534,measure,4968.0,1344.0,6.6770,62.00
172.634,measure,4968.0,1344.0,6.6770,62.22
172.734,measure,4968.0,1352.0,6.7167,62.25
172.834,measure,4968.0,1344.0,6.6770,62.22
172.935,measure,4968.0,1344.0,6.6770,62.16
173.035,measure,4968.0,1352.0,6.7167,62.09
173.135,measure,4968.0,1344.0,6.6770,62.03
173.235,measure,4968.0,1344.0,6.6770,62.16
173.335,measure,4968.0,1352.0,6.7167,62.06
173.435,measure,4968.0,1344.0,6.6770,62.09
173.535,measure,4968.0,1344.0,6.6770,62.22
173.635,measure,4968.0,1352.0,6.7167,62.19
173.736,measure,4968.0,1344.0,6.6770,62.22
173.836,measure,4968.0,1344.0,6.6770,62.06
173.936,measure,4968.0,1352.0,6.7167,62.16
174.036,measure,4968.0,1344.0,6.6770,62.06
174.136,measure,4968.0,1344.0,6.6770,62.09
174.236,measure,4968.0,1352.0,6.7167,62.09
174.336,measure,4968.0,1344.0,6.6770,62.06
174.436,measure,4968.0,1344.0,6.6770,62.19
174.537,measure,4968.0,1352.0,6.7167,62.22
174.637,measure,4968.0,1344.0,6.6770,62.22
174.737,measure,4968.0,1344.0,6.6770,62.12
174.837,measure,4968.0,1344.0,6.6770,62.12
174.937,measure,4968.0,1336.0,6.6372,62.06
175.037,measure,4968.0,1344.0,6.6770,62.09
175.137,measure,4968.0,1344.0,6.6770,62.00
175.237,measure,4968.0,1336.0,6.6372,62.06
175.338,measure,4968.0,1344.0,6.6770,62.28
175.438,measure,4968.0,1344.0,6.6770,62.28
175.538,measure,4968.0,1336.0,6.6372,62.25
175.638,measure,4968.0,1344.0,6.6770,62.19
175.738,measure,4968.0,1344.0,6.6770,62.09
175.838,measure,4968.0,1336.0,6.6372,62.06
175.938,measure,4968.0,1344.0,6.6770,62.09
176.038,measure,4968.0,1344.0,6.6770,62.00
176.139,measure,4968.0,1336.0,6.6372,62.06
176.239,measure,4968.0,1344.0,6.6770,62.03
176.339,measure,4968.0,1344.0,6.6770,62.22
176.439,measure,4968.0,1344.0,6.6770,62.19
176.539,measure,4968.0,1352.0,6.7167,62.22
176.639,measure,4968.0,1344.0,6.6770,62.09
176.739,measure,4968.0,1336.0,6.6372,62.06
176.839,measure,4968.0,1352.0,6.7167,62.09
176.940,measure,4968.0,1344.0,6.6770,62.03
177.040,measure,4968.0,1336.0,6.6372,62.03
177.140,measure,4968.0,1352.0,6.7167,62.00
177.240,measure,4968.0,1344.0,6.6770,62.16
177.340,measure,4968.0,1344.0,6.6770,62.12
177.440,measure,4968.0,1352.0,6.7167,62.16
177.540,measure,4968.0,1344.0,6.6770,62.09
177.640,measure,4968.0,1344.0,6.6770,62.09
177.741,measure,4968.0,1352.0,6.7167,62.03
177.841,measure,4968.0,1344.0,6.6770,62.03
177.941,measure,4968.0,1344.0,6.6770,62.00
178.041,measure,4968.0,1352.0,6.7167,61.97
178.141,measure,4968.0,1344.0,6.6770,62.28
178.241,measure,4968.0,1344.0,6.6770,62.16
178.341,measure,4968.0,1352.0,6.7167,62.12
178.442,measure,4968.0,1344.0,6.6770,62.03
178.542,measure,4968.0,1344.0,6.6770,62.09
178.642,measure,4968.0,1352.0,6.7167,62.12
178.742,measure,4968.0,1344.0,6.6770,62.06
178.842,measure,4968.0,1344.0,6.6770,62.12
178.942,measure,4968.0,1352.0,6.7167,62.00
179.042,measure,4968.0,1352.0,6.7167,62.00
179.142,measure,4968.0,1344.0,6.6770,62.28
179.243,measure,4968.0,1352.0,6.7167,62.19
179.343,measure,4968.0,1344.0,6.6770,62.06
179.443,measure,4968.0,1344.0,6.6770,62.06
179.543,measure,4968.0,1344.0,6.6770,62.06
179.643,measure,4968.0,1336.0,6.6372,62.12
179.743,measure,4968.0,1344.0,6.6770,62.06
179.843,measure,4968.0,1352.0,6.7167,62.00
179.944,measure,4968.0,1344.0,6.6770,62.00
180.044,measure,4968.0,1344.0,6.6770,62.19
180.144,measure,4968.0,1344.0,6.6770,62.12
180.244,measure,4968.0,1336.0,6.6372,62.09
180.344,measure,4968.0,1344.0,6.6770,62.16
180.444,measure,4968.0,1344.0,6.6770,62.12
180.544,measure,4968.0,1336.0,6.6372,62.00
180.644,measure,4968.0,1344.0,6.6770,62.00
180.745,measure,4968.0,1344.0,6.6770,62.03
180.845,measure,4968.0,1336.0,6.6372,62.03
180.945,measure,4968.0,1344.0,6.6770,62.19
181.045,measure,4968.0,1344.0,6.6770,62.09
181.145,measure,4968.0,1336.0,6.6372,62.09
181.245,measure,4968.0,1344.0,6.6770,62.12
181.345,measure,4968.0,1344.0,6.6770,62.06
181.445,measure,4968.0,1344.0,6.6770,62.06
181.546,measure,4968.0,1344.0,6.6770,62.00
181.646,measure,4968.0,1344.0,6.6770,62.06
181.746,measure,4968.0,1344.0,6.6770,62.22
181.846,measure,4968.0,1352.0,6.7167,62.28
181.946,measure,4968.0,1344.0,6.6770,62.16
182.046,measure,4968.0,1344.0,6.6770,62.12
182.147,measure,4968.0,1352.0,6.7167,62.03
182.247,measure,4968.0,1352.0,6.7167,62.06
182.347,measure,4968.0,1344.0,6.6770,62.06
182.447,measure,4968.0,1352.0,6.7167,62.09
182.547,measure,4968.0,1344.0,6.6770,62.09
182.647,measure,4968.0,1344.0,6.6770,62.03
182.748,measure,4968.0,1344.0,6.6770,62.16
182.848,measure,4968.0,1344.0,6.6770,62.28
182.948,measure,4968.0,1344.0,6.6770,62.12
183.048,measure,4968.0,1352.0,6.7167,62.12
183.148,measure,4968.0,1352.0,6.7167,62.09
183.248,measure,4968.0,1344.0,6.6770,62.16
183.348,measure,4968.0,1352.0,6.7167,62.06
183.449,measure,4968.0,1344.0,6.6770,62.03
183.549,measure,4968.0,1344.0,6.6770,62.06
183.649,measure,4968.0,1344.0,6.6770,62.22
183.749,measure,4968.0,1344.0,6.6770,62.16
183.849,measure,4968.0,1344.0,6.6770,62.03
183.949,measure,4968.0,1352.0,6.7167,62.19
184.049,measure,4968.0,1344.0,6.6770,62.09
184.149,measure,4968.0,1352.0,6.7167,62.03
184.250,measure,4968.0,1352.0,6.7167,62.00
184.350,measure,4968.0,1344.0,6.6770,62.06
184.450,measure,4968.0,1352.0,6.7167,62.06
184.550,measure,4968.0,1352.0,6.7167,62.16
184.650,measure,4968.0,1336.0,6.6372,62.19
184.750,measure,4968.0,1344.0,6.6770,62.16
184.850,measure,4968.0,1344.0,6.6770,62.12
184.950,measure,4968.0,1336.0,6.6372,62.09
185.051,measure,4968.0,1344.0,6.6770,62.09
185.151,measure,4968.0,1344.0,6.6770,62.06
185.251,measure,4968.0,1344.0,6.6770,62.03
185.351,measure,4968.0,1344.0,6.6770,62.28
185.451,measure,4968.0,1352.0,6.7167,62.19
185.551,measure,4968.0,1344.0,6.6770,62.19
185.651,measure,4968.0,1344.0,6.6770,62.19
185.752,measure,4968.0,1352.0,6.7167,62.03
185.852,measure,4968.0,1344.0,6.6770,62.03
185.952,measure,4968.0,1352.0,6.7167,62.09
186.052,measure,4968.0,1352.0,6.7167,62.09
186.152,measure,4968.0,1344.0,6.6770,62.03
186.252,measure,4968.0,1352.0,6.7167,62.25
186.352,measure,4968.0,1352.0,6.7167,62.22
186.452,measure,4968.0,1336.0,6.6372,62.16
186.553,measure,4968.0,1344.0,6.6770,62.09
186.653,measure,4968.0,1344.0,6.6770,62.12
186.753,measure,4968.0,1336.0,6.6372,62.09
186.853,measure,4968.0,1344.0,6.6770,62.09
186.953,measure,4968.0,1344.0,6.6770,62.09
187.053,measure,4968.0,1336.0,6.6372,62.03
187.153,measure,4968.0,1344.0,6.6770,62.00
187.254,measure,4968.0,1344.0,6.6770,62.19
187.354,measure,4968.0,1344.0,6.6770,62.31
187.454,measure,4968.0,1352.0,6.7167,62.22
187.554,measure,4968.0,1352.0,6.7167,62.16
187.654,measure,4968.0,1344.0,6.6770,62.09
187.754,measure,4968.0,1352.0,6.7167,62.12
187.854,measure,4968.0,1344.0,6.6770,62.03
187.955,measure,4968.0,1336.0,6.6372,62.03
188.055,measure,4968.0,1344.0,6.6770,62.00
188.155,measure,4968.0,1344.0,6.6770,62.28
188.255,measure,4968.0,1344.0,6.6770,62.25
188.355,measure,4968.0,1352.0,6.7167,62.19
188.455,measure,4968.0,1352.0,6.7167,62.16
188.555,measure,4968.0,1344.0,6.6770,62.09
188.656,measure,4968.0,1352.0,6.7167,62.06
188.756,measure,4968.0,1344.0,6.6770,62.12
188.856,measure,4968.0,1344.0,6.6770,62.03
188.956,measure,4968.0,1352.0,6.7167,62.06
189.056,measure,4968.0,1344.0,6.6770,62.25
189.156,measure,4968.0,1344.0,6.6770,62.31
189.256,measure,4968.0,1352.0,6.7167,62.19
189.357,measure,4968.0,1344.0,6.6770,62.09
189.457,measure,4968.0,1344.0,6.6770,62.12
189.557,measure,4968.0,1352.0,6.7167,62.00
189.657,measure,4968.0,1344.0,6.6770,62.06
189.757,measure,4968.0,1344.0,6.6770,62.06
189.857,measure,4968.0,1352.0,6.7167,62.06
189.957,measure,4968.0,1344.0,6.6770,62.12
190.057,measure,4968.0,1344.0,6.6770,62.25
190.158,measure,4968.0,1352.0,6.7167,62.16
190.258,measure,4968.0,1344.0,6.6770,62.16
190.358,measure,4968.0,1344.0,6.6770,62.16
190.458,measure,4968.0,1352.0,6.7167,62.12
190.558,measure,4968.0,1344.0,6.6770,62.16
190.658,measure,4968.0,1344.0,6.6770,62.12
190.758,measure,4968.0,1352.0,6.7167,62.03
190.859,measure,4968.0,1344.0,6.6770,62.03
190.959,measure,4968.0,1352.0,6.7167,62.31
191.059,measure,4968.0,1352.0,6.7167,62.22
191.159,measure,4968.0,1344.0,6.6770,62.16
191.259,measure,4968.0,1344.0,6.6770,62.16
191.359,measure,4968.0,1344.0,6.6770,62.09
191.459,measure,4968.0,1336.0,6.6372,62.09
191.560,measure,4968.0,1344.0,6.6770,62.06
191.660,measure,4968.0,1344.0,6.6770,62.12
191.760,measure,4968.0,1336.0,6.6372,62.00
191.860,measure,4968.0,1344.0,6.6770,62.25
191.960,measure,4968.0,1344.0,6.6770,62.22
192.060,measure,4968.0,1336.0,6.6372,62.16
192.160,measure,4968.0,1344.0,6.6770,62.09
192.260,measure,4968.0,1344.0,6.6770,62.09
192.361,measure,4968.0,1336.0,6.6372,62.06
192.461,measure,4968.0,1344.0,6.6770,62.12
192.561,measure,4968.0,1344.0,6.6770,62.12
192.661,measure,4968.0,1336.0,6.6372,62.03
192.761,measure,4968.0,1344.0,6.6770,62.06
192.861,measure,4968.0,1344.0,6.6770,62.22
192.961,measure,4968.0,1336.0,6.6372,62.09
193.061,measure,4968.0,1344.0,6.6770,62.16
193.162,measure,4968.0,1344.0,6.6770,62.09
193.262,measure,4968.0,1336.0,6.6372,62.09
193.362,measure,4968.0,1344.0,6.6770,62.16
193.462,measure,4968.0,1344.0,6.6770,62.00
193.562,measure,4968.0,1344.0,6.6770,62.03
193.662,measure,4968.0,1344.0,6.6770,62.19
193.762,measure,4968.0,1344.0,6.6770,62.22
193.863,measure,4968.0,1344.0,6.6770,62.22
193.963,measure,4968.0,1352.0,6.7167,62.09
194.063,measure,4968.0,1344.0,6.6770,62.16
194.163,measure,4968.0,1344.0,6.6770,62.12
194.263,measure,4968.0,1352.0,6.7167,62.03
194.363,measure,4968.0,1344.0,6.6770,62.00
194.463,measure,4968.0,1344.0,6.6770,62.06
194.563,measure,4968.0,1352.0,6.7167,62.25
194.664,measure,4968.0,1352.0,6.7167,62.28
194.764,measure,4968.0,1344.0,6.6770,62.28
194.864,measure,4968.0,1352.0,6.7167,62.16
194.964,measure,4968.0,1344.0,6.6770,62.12
195.064,measure,4968.0,1344.0,6.6770,62.06
195.164,measure,4968.0,1344.0,6.6770,62.06
195.264,measure,4968.0,1344.0,6.6770,62.03
195.365,measure,4968.0,1344.0,6.6770,62.03
195.465,measure,4968.0,1344.0,6.6770,62.16
195.565,measure,4968.0,1344.0,6.6770,62.25
195.665,measure,4968.0,1344.0,6.6770,62.22
195.765,measure,4968.0,1344.0,6.6770,62.09
195.865,measure,4968.0,1344.0,6.6770,62.19
195.965,measure,4968.0,1344.0,6.6770,62.06
196.065,measure,4968.0,1344.0,6.6770,62.09
196.166,measure,4968.0,1336.0,6.6372,62.06
196.266,measure,4968.0,1344.0,6.6770,62.09
196.366,measure,4968.0,1344.0,6.6770,62.22
196.466,measure,4968.0,1344.0,6.6770,62.22
196.566,measure,4968.0,1344.0,6.6770,62.22
196.666,measure,4968.0,1344.0,6.6770,62.16
196.766,measure,4968.0,1344.0,6.6770,62.12
196.866,measure,4968.0,1344.0,6.6770,62.06
196.967,measure,4968.0,1344.0,6.6770,62.09
197.067,measure,4968.0,1336.0,6.6372,62.12
197.167,measure,4968.0,1344.0,6.6770,62.09
197.267,measure,4968.0,1344.0,6.6770,62.25
197.367,measure,4968.0,1344.0,6.6770,62.19
197.467,measure,4968.0,1352.0,6.7167,62.22
197.567,measure,4968.0,1344.0,6.6770,62.09
197.667,measure,4968.0,1336.0,6.6372,62.16
197.768,measure,4968.0,1344.0,6.6770,62.12
197.868,measure,4968.0,1344.0,6.6770,62.16
197.968,measure,4968.0,1344.0,6.6770,62.03
198.068,measure,4968.0,1352.0,6.7167,62.00
198.168,measure,4968.0,1344.0,6.6770,62.19
198.268,measure,4968.0,1344.0,6.6770,62.28
198.369,measure,4968.0,1352.0,6.7167,62.25
198.469,measure,4968.0,1344.0,6.6770,62.12
198.569,measure,4968.0,1344.0,6.6770,62.09
198.669,measure,4968.0,1344.0,6.6770,62.09
198.769,measure,4968.0,1344.0,6.6770,62.03
198.869,measure,4968.0,1336.0,6.6372,62.03
198.969,measure,4968.0,1344.0,6.6770,62.00
199.069,measure,4968.0,1336.0,6.6372,62.31
199.169,measure,4968.0,1336.0,6.6372,62.25
199.270,measure,4968.0,1344.0,6.6770,62.09
199.370,measure,4968.0,1344.0,6.6770,62.09
199.470,measure,4968.0,1344.0,6.6770,62.06
199.570,measure,4968.0,1344.0,6.6770,62.09
199.670,measure,4968.0,1336.0,6.6372,62.03
199.770,measure,4968.0,1344.0,6.6770,62.03
199.870,measure,4968.0,1344.0,6.6770,62.06
199.971,measure,4968.0,1344.0,6.6770,62.28
200.071,measure,4968.0,1344.0,6.6770,62.19
200.171,measure,4968.0,1352.0,6.7167,62.16
200.271,measure,4968.0,1344.0,6.6770,62.12
200.371,measure,4968.0,1352.0,6.7167,62.16
200.471,measure,4968.0,1352.0,6.7167,62.12
200.571,measure,4968.0,1344.0,6.6770,62.16
200.671,measure,4968.0,1352.0,6.7167,62.09
200.772,measure,4968.0,1352.0,6.7167,62.09
200.872,measure,4968.0,1344.0,6.6770,62.28
200.972,measure,4968.0,1344.0,6.6770,62.25
201.072,measure,4968.0,1352.0,6.7167,62.22
201.172,measure,4968.0,1336.0,6.6372,62.22
201.272,measure,4968.0,1344.0,6.6770,62.16
201.372,measure,4968.0,1344.0,6.6770,62.09
201.472,measure,4968.0,1344.0,6.6770,62.06
201.573,measure,4968.0,1352.0,6.7167,62.06
201.673,measure,4968.0,1344.0,6.6770,62.06
201.773,measure,4968.0,1336.0,6.6372,62.03
201.873,measure,4968.0,1344.0,6.6770,62.34
201.973,measure,4968.0,1344.0,6.6770,62.22
202.073,measure,4968.0,1336.0,6.6372,62.16
202.173,measure,4968.0,1344.0,6.6770,62.19
202.274,measure,4968.0,1344.0,6.6770,62.12
202.374,measure,4968.0,1336.0,6.6372,62.09
202.474,measure,4968.0,1344.0,6.6770,62.09
202.574,measure,4968.0,1344.0,6.6770,62.12
202.674,measure,4968.0,1344.0,6.6770,62.00
202.774,measure,4968.0,1352.0,6.7167,62.25
202.874,measure,4968.0,1344.0,6.6770,62.19
202.975,measure,4968.0,1344.0,6.6770,62.25
203.075,measure,4968.0,1352.0,6.7167,62.12
203.175,measure,4968.0,1352.0,6.7167,62.09
203.275,measure,4968.0,1344.0,6.6770,62.16
203.375,measure,4968.0,1352.0,6.7167,62.09
203.475,measure,4968.0,1352.0,6.7167,62.00
203.575,measure,4968.0,1344.0,6.6770,62.12
203.675,measure,4968.0,1352.0,6.7167,62.34
203.776,measure,4968.0,1344.0,6.6770,62.19
203.876,measure,4968.0,1344.0,6.6770,62.19
203.976,measure,4968.0,1352.0,6.7167,62.25
204.076,measure,4968.0,1344.0,6.6770,62.19
204.176,measure,4968.0,1344.0,6.6770,62.19
204.276,measure,4968.0,1352.0,6.7167,62.09
204.376,measure,4968.0,1344.0,6.6770,62.06
204.477,measure,4968.0,1344.0,6.6770,62.06
204.577,measure,4968.0,1352.0,6.7167,62.09
204.677,measure,4968.0,1344.0,6.6770,62.16
204.777,measure,4968.0,1344.0,6.6770,62.25
204.877,measure,4968.0,1352.0,6.7167,62.16
204.977,measure,4968.0,1344.0,6.6770,62.06
205.077,measure,4968.0,1344.0,6.6770,62.19
205.177,measure,4968.0,1344.0,6.6770,62.12
205.278,measure,4968.0,1336.0,6.6372,62.16
205.378,measure,4968.0,1344.0,6.6770,62.06
205.478,measure,4968.0,1344.0,6.6770,62.03
205.578,measure,4968.0,1344.0,6.6770,62.22
205.678,measure,4968.0,1344.0,6.6770,62.19
205.778,measure,4968.0,1344.0,6.6770,62.19
205.878,measure,4968.0,1344.0,6.6770,62.12
205.978,measure,4968.0,1352.0,6.7167,62.12
206.079,measure,4968.0,1352.0,6.7167,62.09
206.179,measure,4968.0,1344.0,6.6770,62.09
206.279,measure,4968.0,1352.0,6.7167,62.12
206.379,measure,4968.0,1352.0,6.7167,62.09
206.479,measure,4968.0,1344.0,6.6770,62.22
206.579,measure,4968.0,1352.0,6.7167,62.28
206.679,measure,4968.0,1344.0,6.6770,62.12
206.780,measure,4968.0,1344.0,6.6770,62.12
206.880,measure,4968.0,1352.0,6.7167,62.09
206.980,measure,4968.0,1344.0,6.6770,62.06
207.080,measure,4968.0,1344.0,6.6770,62.03
207.180,measure,4968.0,1352.0,6.7167,62.00
207.280,measure,4968.0,1344.0,6.6770,62.25
207.380,measure,4968.0,1344.0,6.6770,62.22
207.480,measure,4968.0,1352.0,6.7167,62.19
207.581,measure,4968.0,1344.0,6.6770,62.19
207.681,measure,4968.0,1344.0,6.6770,62.16
207.781,measure,4968.0,1352.0,6.7167,62.09
207.881,measure,4968.0,1344.0,6.6770,62.06
207.981,measure,4968.0,1336.0,6.6372,62.06
208.081,measure,4968.0,1352.0,6.7167,62.09
208.181,measure,4968.0,1344.0,6.6770,62.28
208.281,measure,4968.0,1344.0,6.6770,62.25
208.382,measure,4968.0,1352.0,6.7167,62.22
208.482,measure,4968.0,1344.0,6.6770,62.19
208.582,measure,4968.0,1336.0,6.6372,62.09
208.682,measure,4968.0,1344.0,6.6770,62.12
208.782,measure,4968.0,1344.0,6.6770,62.12
208.882,measure,4968.0,1336.0,6.6372,62.12
208.982,measure,4968.0,1344.0,6.6770,62.06
209.082,measure,4968.0,1336.0,6.6372,62.31
209.183,measure,4968.0,1336.0,6.6372,62.28
209.283,measure,4968.0,1344.0,6.6770,62.19
209.383,measure,4968.0,1344.0,6.6770,62.25
209.483,measure,4968.0,1344.0,6.6770,62.16
209.583,measure,4968.0,1344.0,6.6770,62.12
209.683,measure,4968.0,1344.0,6.6770,62.19
209.783,measure,4968.0,1344.0,6.6770,62.12
209.883,measure,4968.0,1344.0,6.6770,62.12
209.984,measure,4968.0,1344.0,6.6770,62.31
210.084,measure,4968.0,1344.0,6.6770,62.22
210.184,measure,4968.0,1352.0,6.7167,62.34
210.284,measure,4968.0,1344.0,6.6770,62.22
210.384,measure,4968.0,1344.0,6.6770,62.19
210.484,measure,4968.0,1352.0,6.7167,62.09
210.584,measure,4968.0,1344.0,6.6770,62.12
210.684,measure,4968.0,1352.0,6.7167,62.12
210.785,measure,4968.0,1352.0,6.7167,62.09
210.885,measure,4968.0,1344.0,6.6770,62.34
210.985,measure,4968.0,1344.0,6.6770,62.22
211.085,measure,4968.0,1344.0,6.6770,62.22
211.185,measure,4968.0,1336.0,6.6372,62.25
211.285,measure,4968.0,1344.0,6.6770,62.16
211.385,measure,4968.0,1344.0,6.6770,62.09
211.485,measure,4968.0,1336.0,6.6372,62.16
211.586,measure,4968.0,1344.0,6.6770,62.12
211.686,measure,4968.0,1344.0,6.6770,62.06
211.786,measure,4968.0,1336.0,6.6372,62.31
211.886,measure,4968.0,1344.0,6.6770,62.31
211.986,measure,4968.0,1344.0,6.6770,62.31
212.086,measure,4968.0,1344.0,6.6770,62.19
212.186,measure,4968.0,1352.0,6.7167,62.22
212.287,measure,4968.0,1344.0,6.6770,62.12
212.387,measure,4968.0,1344.0,6.6770,62.12
212.487,measure,4968.0,1352.0,6.7167,62.09
212.587,measure,4968.0,1352.0,6.7167,62.12
212.687,measure,4968.0,1344.0,6.6770,62.31
212.787,measure,4968.0,1352.0,6.7167,62.25
212.887,measure,4968.0,1344.0,6.6770,62.28
212.987,measure,4968.0,1336.0,6.6372,62.22
213.088,measure,4968.0,1344.0,6.6770,62.19
213.188,measure,4968.0,1344.0,6.6770,62.16
213.288,measure,4968.0,1336.0,6.6372,62.06
213.388,measure,4968.0,1344.0,6.6770,62.09
213.488,measure,4968.0,1336.0,6.6372,62.09
213.588,measure,4968.0,1336.0,6.6372,62.06
213.688,measure,4968.0,1344.0,6.6770,62.28
213.788,measure,4968.0,1344.0,6.6770,62.25
213.889,measure,4968.0,1336.0,6.6372,62.16
213.989,measure,4968.0,1344.0,6.6770,62.06
214.089,measure,4968.0,1344.0,6.6770,62.09
214.189,measure,4968.0,1336.0,6.6372,62.22
214.289,measure,4968.0,1344.0,6.6770,62.16
214.389,measure,4968.0,1344.0,6.6770,62.06
214.489,measure,4968.0,1336.0,6.6372,62.03
214.590,measure,4968.0,1344.0,6.6770,62.31
214.690,measure,4968.0,1344.0,6.6770,62.25
214.790,measure,4968.0,1336.0,6.6372,62.28
214.890,measure,4968.0,1344.0,6.6770,62.19
214.990,measure,4968.0,1344.0,6.6770,62.16
215.090,measure,4968.0,1336.0,6.6372,62.22
215.190,measure,4968.0,1344.0,6.6770,62.06
215.291,measure,4968.0,1344.0,6.6770,62.12
215.391,measure,4968.0,1336.0,6.6372,62.06
215.491,measure,4968.0,1344.0,6.6770,62.16
215.591,measure,4968.0,1336.0,6.6372,62.22
215.691,measure,4968.0,1336.0,6.6372,62.19
215.791,measure,4968.0,1344.0,6.6770,62.22
215.891,measure,4968.0,1344.0,6.6770,62.09
215.991,measure,4968.0,1336.0,6.6372,62.19
216.092,measure,4968.0,1344.0,6.6770,62.16
216.192,measure,4968.0,1344.0,6.6770,62.12
216.292,measure,4968.0,1336.0,6.6372,62.09
216.392,measure,4968.0,1344.0,6.6770,62.03
216.492,measure,4968.0,1344.0,6.6770,62.22
216.592,measure,4968.0,1336.0,6.6372,62.25
216.692,measure,4968.0,1344.0,6.6770,62.16
216.793,measure,4968.0,1352.0,6.7167,62.16
216.893,measure,4968.0,1344.0,6.6770,62.19
216.993,measure,4968.0,1344.0,6.6770,62.06
217.093,measure,4968.0,1344.0,6.6770,62.12
217.193,measure,4968.0,1344.0,6.6770,62.09
217.293,measure,4968.0,1344.0,6.6770,62.06
217.393,measure,4968.0,1344.0,6.6770,62.28
217.493,measure,4968.0,1344.0,6.6770,62.22
217.594,measure,4968.0,1344.0,6.6770,62.19
217.694,measure,4968.0,1344.0,6.6770,62.22
217.794,measure,4968.0,1344.0,6.6770,62.06
217.894,measure,4968.0,1344.0,6.6770,62.16
217.994,measure,4968.0,1344.0,6.6770,62.09
218.094,measure,4968.0,1336.0,6.6372,62.03
218.194,measure,4968.0,1336.0,6.6372,62.12
218.294,measure,4968.0,1344.0,6.6770,62.25
218.395,measure,4968.0,1344.0,6.6770,62.25
218.495,measure,4968.0,1344.0,6.6770,62.09
218.595,measure,4968.0,1344.0,6.6770,62.16
218.695,measure,4968.0,1344.0,6.6770,62.22
218.795,measure,4968.0,1344.0,6.6770,62.16
218.895,measure,4968.0,1352.0,6.7167,62.12
218.995,measure,4968.0,1344.0,6.6770,62.12
219.096,measure,4968.0,1344.0,6.6770,62.09
219.196,measure,4968.0,1344.0,6.6770,62.22
219.296,measure,4968.0,1344.0,6.6770,62.22
219.396,measure,4968.0,1336.0,6.6372,62.28
219.496,measure,4968.0,1344.0,6.6770,62.22
219.596,measure,4968.0,1344.0,6.6770,62.25
219.696,measure,4968.0,1336.0,6.6372,62.12
219.796,measure,4968.0,1344.0,6.6770,62.06
219.897,measure,4968.0,1344.0,6.6770,62.09
219.997,measure,4968.0,1336.0,6.6372,62.31
220.097,measure,4968.0,1344.0,6.6770,62.25
220.197,measure,4968.0,1344.0,6.6770,62.22
220.297,measure,4968.0,1336.0,6.6372,62.22
220.397,measure,4968.0,1344.0,6.6770,62.19
220.497,measure,4968.0,1336.0,6.6372,62.16
220.597,measure,4968.0,1336.0,6.6372,62.19
220.698,measure,4968.0,1344.0,6.6770,62.16
220.798,measure,4968.0,1336.0,6.6372,62.09
220.898,measure,4968.0,1336.0,6.6372,62.09
220.998,measure,4968.0,1344.0,6.6770,62.25
221.098,measure,4968.0,1344.0,6.6770,62.28
221.198,measure,4968.0,1336.0,6.6372,62.22
221.298,measure,4968.0,1344.0,6.6770,62.22
221.398,measure,4968.0,1336.0,6.6372,62.16
221.499,measure,4968.0,1336.0,6.6372,62.16
221.599,measure,4968.0,1344.0,6.6770,62.16
221.699,measure,4968.0,1336.0,6.6372,62.12
221.799,measure,4968.0,1336.0,6.6372,62.28
221.899,measure,4968.0,1344.0,6.6770,62.22
221.999,measure,4968.0,1336.0,6.6372,62.25
222.099,measure,4968.0,1336.0,6.6372,62.19
222.199,measure,4968.0,1344.0,6.6770,62.19
222.300,measure,4968.0,1344.0,6.6770,62.19
222.400,measure,4968.0,1336.0,6.6372,62.16
222.500,measure,4968.0,1344.0,6.6770,62.12
222.600,measure,4968.0,1336.0,6.6372,62.12
222.700,measure,4968.0,1336.0,6.6372,62.31
222.800,measure,4968.0,1344.0,6.6770,62.31
222.900,measure,4968.0,1336.0,6.6372,62.25
223.000,measure,4968.0,1336.0,6.6372,62.19
223.101,measure,4968.0,1344.0,6.6770,62.22
223.201,measure,4968.0,1344.0,6.6770,62.16
223.301,measure,4968.0,1336.0,6.6372,62.19
223.401,measure,4968.0,1344.0,6.6770,62.12
223.501,measure,4968.0,1344.0,6.6770,62.06
223.601,measure,4968.0,1336.0,6.6372,62.31
223.701,measure,4968.0,1344.0,6.6770,62.31
223.802,measure,4968.0,1344.0,6.6770,62.28
223.902,measure,4968.0,1336.0,6.6372,62.25
224.002,measure,4968.0,1344.0,6.6770,62.22
224.102,measure,4968.0,1344.0,6.6770,62.19
224.202,measure,4968.0,1336.0,6.6372,62.16
224.302,measure,4968.0,1344.0,6.6770,62.19
224.402,measure,4968.0,1344.0,6.6770,62.19
224.502,measure,4968.0,1336.0,6.6372,62.12
224.603,measure,4968.0,1344.0,6.6770,62.28
224.703,measure,4968.0,1344.0,6.6770,62.25
224.803,measure,4968.0,1336.0,6.6372,62.25
224.903,measure,4968.0,1344.0,6.6770,62.22
225.003,measure,4968.0,1344.0,6.6770,62.22
225.103,measure,4968.0,1336.0,6.6372,62.19
225.203,measure,4968.0,1344.0,6.6770,62.09
225.303,measure,4968.0,1344.0,6.6770,62.19
225.404,measure,4968.0,1336.0,6.6372,62.09
225.504,measure,4968.0,1344.0,6.6770,62.34
225.604,measure,4968.0,1344.0,6.6770,62.22
225.704,measure,4968.0,1336.0,6.6372,62.19
225.804,measure,4968.0,1344.0,6.6770,62.25
225.904,measure,4968.0,1344.0,6.6770,62.12
226.004,measure,4968.0,1336.0,6.6372,62.16
226.105,measure,4968.0,1344.0,6.6770,62.12
226.205,measure,4968.0,1344.0,6.6770,62.06
226.305,measure,4968.0,1336.0,6.6372,62.12
226.405,measure,4968.0,1344.0,6.6770,62.41
226.505,measure,4968.0,1344.0,6.6770,62.28
226.605,measure,4968.0,1336.0,6.6372,62.22
226.705,measure,4968.0,1344.0,6.6770,62.22
226.805,measure,4968.0,1344.0,6.6770,62.19
226.906,measure,4968.0,1336.0,6.6372,62.19
227.006,measure,4968.0,1344.0,6.6770,62.16
227.106,measure,4968.0,1344.0,6.6770,62.09
227.206,measure,4968.0,1336.0,6.6372,62.16
227.306,measure,4968.0,1344.0,6.6770,62.09
227.406,measure,4968.0,1344.0,6.6770,62.31
227.506,measure,4968.0,1336.0,6.6372,62.25
227.607,measure,4968.0,1344.0,6.6770,62.22
227.707,measure,4968.0,1344.0,6.6770,62.22
227.807,measure,4968.0,1336.0,6.6372,62.19
227.907,measure,4968.0,1344.0,6.6770,62.06
228.007,measure,4968.0,1344.0,6.6770,62.06
228.107,measure,4968.0,1336.0,6.6372,62.12
228.207,measure,4968.0,1344.0,6.6770,62.16
228.308,measure,4968.0,1344.0,6.6770,62.31
228.408,measure,4968.0,1336.0,6.6372,62.25
228.508,measure,4968.0,1344.0,6.6770,62.19
228.608,measure,4968.0,1344.0,6.6770,62.16
228.708,measure,4968.0,1336.0,6.6372,62.25
228.808,measure,4968.0,1344.0,6.6770,62.12
228.908,measure,4968.0,1344.0,6.6770,62.03
229.008,measure,4968.0,1344.0,6.6770,62.12
229.109,measure,4968.0,1352.0,6.7167,62.16
229.209,measure,4968.0,1344.0,6.6770,62.25
229.309,measure,4968.0,1344.0,6.6770,62.22
229.409,measure,4968.0,1352.0,6.7167,62.31
229.509,measure,4968.0,1344.0,6.6770,62.28
229.609,measure,4968.0,1336.0,6.6372,62.16
229.709,measure,4968.0,1344.0,6.6770,62.16
229.809,measure,4968.0,1344.0,6.6770,62.22
229.910,measure,4968.0,1336.0,6.6372,62.09
230.010,measure,4968.0,1344.0,6.6770,62.09
230.110,measure,4968.0,1336.0,6.6372,62.28
230.210,measure,4968.0,1336.0,6.6372,62.28
230.310,measure,4968.0,1344.0,6.6770,62.22
230.410,measure,4968.0,1336.0,6.6372,62.19
230.510,measure,4968.0,1344.0,6.6770,62.22
230.610,measure,4968.0,1352.0,6.7167,62.12
230.711,measure,4968.0,1344.0,6.6770,62.19
230.811,measure,4968.0,1344.0,6.6770,62.03
230.911,measure,4968.0,1352.0,6.7167,62.09
231.011,measure,4968.0,1344.0,6.6770,62.25
231.111,measure,4968.0,1352.0,6.7167,62.31
231.211,measure,4968.0,1352.0,6.7167,62.19
231.311,measure,4968.0,1344.0,6.6770,62.25
231.412,measure,4968.0,1352.0,6.7167,62.19
231.512,measure,4968.0,1352.0,6.7167,62.19
231.612,measure,4968.0,1344.0,6.6770,62.12
231.712,measure,4968.0,1344.0,6.6770,62.19
231.812,measure,4968.0,1352.0,6.7167,62.12
231.912,measure,4968.0,1344.0,6.6770,62.31
232.012,measure,4968.0,1344.0,6.6770,62.28
232.112,measure,4968.0,1344.0,6.6770,62.19
232.213,measure,4968.0,1344.0,6.6770,62.22
232.313,measure,4968.0,1352.0,6.7167,62.22
232.413,measure,4968.0,1352.0,6.7167,62.16
232.513,measure,4968.0,1344.0,6.6770,62.22
232.613,measure,4968.0,1344.0,6.6770,62.16
232.713,measure,4968.0,1344.0,6.6770,62.09
232.813,measure,4968.0,1336.0,6.6372,62.31
232.914,measure,4968.0,1344.0,6.6770,62.31
233.014,measure,4968.0,1344.0,6.6770,62.25
233.114,measure,4968.0,1336.0,6.6372,62.22
233.214,measure,4968.0,1344.0,6.6770,62.22
233.314,measure,4968.0,1344.0,6.6770,62.19
233.414,measure,4968.0,1336.0,6.6372,62.16
233.514,measure,4968.0,1352.0,6.7167,62.19
233.614,measure,4968.0,1344.0,6.6770,62.12
233.715,measure,4968.0,1344.0,6.6770,62.31
233.815,measure,4968.0,1352.0,6.7167,62.28
233.915,measure,4968.0,1344.0,6.6770,62.22
234.015,measure,4968.0,1344.0,6.6770,62.19
234.115,measure,4968.0,1352.0,6.7167,62.22
234.215,measure,4968.0,1344.0,6.6770,62.09
234.315,measure,4968.0,1344.0,6.6770,62.22
234.415,measure,4968.0,1352.0,6.7167,62.12
234.516,measure,4968.0,1344.0,6.6770,62.38
234.616,measure,4968.0,1344.0,6.6770,62.31
234.716,measure,4968.0,1352.0,6.7167,62.31
234.816,measure,4968.0,1344.0,6.6770,62.28
234.916,measure,4968.0,1344.0,6.6770,62.31
235.016,measure,4968.0,1344.0,6.6770,62.22
235.116,measure,4968.0,1344.0,6.6770,62.16
235.217,measure,4968.0,1344.0,6.6770,62.19
235.317,measure,4968.0,1344.0,6.6770,62.19
235.417,measure,4968.0,1344.0,6.6770,62.34
235.517,measure,4968.0,1344.0,6.6770,62.31
235.617,measure,4968.0,1344.0,6.6770,62.31
235.717,measure,4968.0,1344.0,6.6770,62.19
235.817,measure,4968.0,1336.0,6.6372,62.25
235.917,measure,4968.0,1344.0,6.6770,62.22
236.018,measure,4968.0,1344.0,6.6770,62.16
236.118,measure,4968.0,1336.0,6.6372,62.16
236.218,measure,4968.0,1344.0,6.6770,62.12
236.318,measure,4968.0,1344.0,6.6770,62.16
236.418,measure,4968.0,1336.0,6.6372,62.31
236.518,measure,4968.0,1344.0,6.6770,62.31
236.619,measure,4968.0,1344.0,6.6770,62.25
236.719,measure,4968.0,1336.0,6.6372,62.25
236.819,measure,4968.0,1344.0,6.6770,62.25
236.919,measure,4968.0,1344.0,6.6770,62.16
237.019,measure,4968.0,1336.0,6.6372,62.22
237.119,measure,4968.0,1344.0,6.6770,62.19
237.220,measure,4968.0,1344.0,6.6770,62.19
237.320,measure,4968.0,1336.0,6.6372,62.34
237.420,measure,4968.0,1344.0,6.6770,62.28
237.520,measure,4968.0,1344.0,6.6770,62.28
237.620,measure,4968.0,1336.0,6.6372,62.25
237.720,measure,4968.0,1344.0,6.6770,62.19
237.820,measure,4968.0,1344.0,6.6770,62.19
237.921,measure,4968.0,1336.0,6.6372,62.19
238.021,measure,4968.0,1344.0,6.6770,62.28
238.121,measure,4968.0,1344.0,6.6770,62.22
238.221,measure,4968.0,1336.0,6.6372,62.16
238.321,measure,4968.0,1344.0,6.6770,62.34
238.421,measure,4968.0,1344.0,6.6770,62.31
238.521,measure,4968.0,1336.0,6.6372,62.25
238.621,measure,4968.0,1344.0,6.6770,62.22
238.722,measure,4968.0,1344.0,6.6770,62.19
238.822,measure,4968.0,1336.0,6.6372,62.19
238.922,measure,4968.0,1344.0,6.6770,62.19
239.022,measure,4968.0,1344.0,6.6770,62.12
239.122,measure,4968.0,1336.0,6.6372,62.12
239.222,measure,4968.0,1344.0,6.6770,62.41
239.322,measure,4968.0,1344.0,6.6770,62.28
239.423,measure,4968.0,1336.0,6.6372,62.22
239.523,measure,4968.0,1344.0,6.6770,62.22
239.623,measure,4968.0,1344.0,6.6770,62.22
239.723,measure,4968.0,1336.0,6.6372,62.25
239.823,measure,4968.0,1344.0,6.6770,62.16
239.923,measure,4968.0,1344.0,6.6770,62.12
240.023,measure,4968.0,1336.0,6.6372,62.12
240.123,measure,4968.0,1344.0,6.6770,62.34
240.224,measure,4968.0,1344.0,6.6770,62.28
240.324,measure,4968.0,1336.0,6.6372,62.28
240.424,measure,4968.0,1344.0,6.6770,62.28
240.524,measure,4968.0,1344.0,6.6770,62.22
240.624,measure,4968.0,1336.0,6.6372,62.16
240.724,measure,4968.0,1344.0,6.6770,62.16
240.824,measure,4968.0,1344.0,6.6770,62.19
240.925,measure,4968.0,1336.0,6.6372,62.16
241.025,measure,4968.0,1344.0,6.6770,62.12
241.125,measure,4968.0,1344.0,6.6770,62.19
241.225,measure,4968.0,1336.0,6.6372,62.28
241.325,measure,4968.0,1344.0,6.6770,62.19
241.425,measure,4968.0,1344.0,6.6770,62.28
241.525,measure,4968.0,1336.0,6.6372,62.09
241.625,measure,4968.0,1344.0,6.6770,62.12
241.726,measure,4968.0,1344.0,6.6770,62.16
241.826,measure,4968.0,1344.0,6.6770,62.12
241.926,measure,4968.0,1344.0,6.6770,62.28
242.026,measure,4968.0,1344.0,6.6770,62.28
242.126,measure,4968.0,1336.0,6.6372,62.25
242.226,measure,4968.0,1344.0,6.6770,62.12
242.326,measure,4968.0,1344.0,6.6770,62.19
242.426,measure,4968.0,1336.0,6.6372,62.22
242.527,measure,4968.0,1344.0,6.6770,62.19
242.627,measure,4968.0,1344.0,6.6770,62.16
242.727,measure,4968.0,1344.0,6.6770,62.16
242.827,measure,4968.0,1352.0,6.7167,62.31
242.927,measure,4968.0,1344.0,6.6770,62.25
243.027,measure,4968.0,1336.0,6.6372,62.25
243.127,measure,4968.0,1344.0,6.6770,62.25
243.228,measure,4968.0,1344.0,6.6770,62.16
243.328,measure,4968.0,1336.0,6.6372,62.19
243.428,measure,4968.0,1344.0,6.6770,62.12
243.528,measure,4968.0,1344.0,6.6770,62.19
243.628,measure,4968.0,1336.0,6.6372,62.22
243.728,measure,4968.0,1344.0,6.6770,62.28
243.828,measure,4968.0,1344.0,6.6770,62.28
243.928,measure,4968.0,1336.0,6.6372,62.31
244.029,measure,4968.0,1344.0,6.6770,62.16
244.129,measure,4968.0,1344.0,6.6770,62.28
244.229,measure,4968.0,1336.0,6.6372,62.16
244.329,measure,4968.0,1344.0,6.6770,62.16
244.429,measure,4968.0,1344.0,6.6770,62.19
244.529,measure,4968.0,1336.0,6.6372,62.19
244.629,measure,4968.0,1344.0,6.6770,62.34
244.730,measure,4968.0,1344.0,6.6770,62.31
244.830,measure,4968.0,1336.0,6.6372,62.31
244.930,measure,4968.0,1336.0,6.6372,62.19
245.030,measure,4968.0,1336.0,6.6372,62.25
245.130,measure,4968.0,1336.0,6.6372,62.19
245.230,measure,4968.0,1336.0,6.6372,62.19
245.330,measure,4968.0,1344.0,6.6770,62.16
245.430,measure,4968.0,1336.0,6.6372,62.12
245.531,measure,4968.0,1344.0,6.6770,62.38
245.631,measure,4968.0,1344.0,6.6770,62.31
245.731,measure,4968.0,1336.0,6.6372,62.31
245.831,measure,4968.0,1344.0,6.6770,62.28
245.931,measure,4968.0,1344.0,6.6770,62.25
246.031,measure,4968.0,1336.0,6.6372,62.09
246.131,measure,4968.0,1344.0,6.6770,62.12
246.231,measure,4968.0,1344.0,6.6770,62.16
246.332,measure,4968.0,1336.0,6.6372,62.09
246.432,measure,4968.0,1344.0,6.6770,62.31
246.532,measure,4968.0,1344.0,6.6770,62.31
246.632,measure,4968.0,1336.0,6.6372,62.31
246.732,measure,4968.0,1336.0,6.6372,62.22
246.832,measure,4968.0,1344.0,6.6770,62.28
246.932,measure,4968.0,1336.0,6.6372,62.22
247.033,measure,4968.0,1336.0,6.6372,62.09
247.133,measure,4968.0,1344.0,6.6770,62.12
247.233,measure,4968.0,1336.0,6.6372,62.16
247.333,measure,4968.0,1336.0,6.6372,62.31
247.433,measure,4968.0,1344.0,6.6770,62.31
247.533,measure,4968.0,1336.0,6.6372,62.25
247.633,measure,4968.0,1336.0,6.6372,62.25
247.733,measure,4968.0,1344.0,6.6770,62.16
247.834,measure,4968.0,1344.0,6.6770,62.16
247.934,measure,4968.0,1336.0,6.6372,62.12
248.034,measure,4968.0,1344.0,6.6770,62.16
248.134,measure,4968.0,1344.0,6.6770,62.16
248.234,measure,4968.0,1336.0,6.6372,62.38
248.334,measure,4968.0,1352.0,6.7167,62.31
248.434,measure,4968.0,1344.0,6.6770,62.31
248.535,measure,4968.0,1344.0,6.6770,62.31
248.635,measure,4968.0,1352.0,6.7167,62.31
248.735,measure,4968.0,1344.0,6.6770,62.16
248.835,measure,4968.0,1344.0,6.6770,62.25
248.935,measure,4968.0,1344.0,6.6770,62.16
249.035,measure,4968.0,1344.0,6.6770,62.16
249.135,measure,4968.0,1336.0,6.6372,62.34
249.235,measure,4968.0,1344.0,6.6770,62.38
249.336,measure,4968.0,1344.0,6.6770,62.25
249.436,measure,4968.0,1336.0,6.6372,62.22
249.536,measure,4968.0,1344.0,6.6770,62.28
249.636,measure,4968.0,1344.0,6.6770,62.22
249.736,measure,4968.0,1336.0,6.6372,62.25
249.836,measure,4968.0,1344.0,6.6770,62.16
249.936,measure,4968.0,1344.0,6.6770,62.12
250.037,measure,4968.0,1344.0,6.6770,62.12
250.137,measure,4968.0,1344.0,6.6770,62.38
250.237,measure,4968.0,1344.0,6.6770,62.28
250.337,measure,4968.0,1344.0,6.6770,62.25
250.437,measure,4968.0,1344.0,6.6770,62.22
250.537,measure,4968.0,1344.0,6.6770,62.19
250.637,measure,4968.0,1344.0,6.6770,62.22
250.737,measure,4968.0,1344.0,6.6770,62.19
250.838,measure,4968.0,1344.0,6.6770,62.16
250.938,measure,4968.0,1336.0,6.6372,62.09
251.038,measure,4968.0,1344.0,6.6770,62.34
251.138,measure,4968.0,1344.0,6.6770,62.41
251.238,measure,4968.0,1336.0,6.6372,62.28
251.338,measure,4968.0,1344.0,6.6770,62.31
251.438,measure,4968.0,1344.0,6.6770,62.16
251.539,measure,4968.0,1344.0,6.6770,62.28
251.639,measure,4968.0,1344.0,6.6770,62.16
251.739,measure,4968.0,1352.0,6.7167,62.19
251.839,measure,4968.0,1344.0,6.6770,62.22
251.939,measure,4968.0,1344.0,6.6770,62.31
252.039,measure,4968.0,1352.0,6.7167,62.31
252.139,measure,4968.0,1344.0,6.6770,62.31
252.239,measure,4968.0,1344.0,6.6770,62.25
252.340,measure,4968.0,1352.0,6.7167,62.19
252.440,measure,4968.0,1344.0,6.6770,62.19
252.540,measure,4968.0,1336.0,6.6372,62.09
252.640,measure,4968.0,1344.0,6.6770,62.16
252.740,measure,4968.0,1344.0,6.6770,62.16
252.840,measure,4968.0,1336.0,6.6372,62.12
252.940,measure,4968.0,1344.0,6.6770,62.28
253.041,measure,4968.0,1344.0,6.6770,62.25
253.141,measure,4968.0,1336.0,6.6372,62.31
253.241,measure,4968.0,1344.0,6.6770,62.12
253.341,measure,4968.0,1344.0,6.6770,62.19
253.441,measure,4968.0,1336.0,6.6372,62.16
253.541,measure,4968.0,1344.0,6.6770,62.22
253.641,measure,4968.0,1344.0,6.6770,62.22
253.741,measure,4968.0,1336.0,6.6372,62.12
253.842,measure,4968.0,1344.0,6.6770,62.41
253.942,measure,4968.0,1344.0,6.6770,62.25
254.042,measure,4968.0,1336.0,6.6372,62.22
254.142,measure,4968.0,1344.0,6.6770,62.19
254.242,measure,4968.0,1344.0,6.6770,62.16
254.342,measure,4968.0,1336.0,6.6372,62.16
254.442,measure,4968.0,1344.0,6.6770,62.16
254.542,measure,4968.0,1344.0,6.6770,62.16
254.643,measure,4968.0,1336.0,6.6372,62.19
254.743,measure,4968.0,1344.0,6.6770,62.31
254.843,measure,4968.0,1344.0,6.6770,62.22
254.943,measure,4968.0,1336.0,6.6372,62.16
255.043,measure,4968.0,1344.0,6.6770,62.25
255.143,measure,4968.0,1344.0,6.6770,62.25
255.243,measure,4968.0,1336.0,6.6372,62.12
255.344,measure,4968.0,1344.0,6.6770,62.25
255.444,measure,4968.0,1344.0,6.6770,62.22
255.544,measure,4968.0,1336.0,6.6372,62.16
255.644,measure,4968.0,1344.0,6.6770,62.28
255.744,measure,4968.0,1344.0,6.6770,62.31
255.844,measure,4968.0,1336.0,6.6372,62.28
255.944,measure,4968.0,1344.0,6.6770,62.22
256.044,measure,4968.0,1344.0,6.6770,62.22
256.145,measure,4968.0,1336.0,6.6372,62.12
256.245,measure,4968.0,1344.0,6.6770,62.16
256.345,measure,4968.0,1344.0,6.6770,62.19
256.445,measure,4968.0,1336.0,6.6372,62.19
256.545,measure,4968.0,1344.0,6.6770,62.31
256.645,measure,4968.0,1344.0,6.6770,62.31
256.745,measure,4968.0,1344.0,6.6770,62.25
256.846,measure,4968.0,1344.0,6.6770,62.31
256.946,measure,4968.0,1344.0,6.6770,62.22
257.046,measure,4968.0,1336.0,6.6372,62.12
257.146,measure,4968.0,1344.0,6.6770,62.25
257.246,measure,4968.0,1344.0,6.6770,62.25
257.346,measure,4968.0,1336.0,6.6372,62.16
257.446,measure,4968.0,1344.0,6.6770,62.34
257.546,measure,4968.0,1344.0,6.6770,62.31
257.647,measure,4968.0,1336.0,6.6372,62.31
257.747,measure,4968.0,1344.0,6.6770,62.22
257.847,measure,4968.0,1344.0,6.6770,62.16
257.947,measure,4968.0,1336.0,6.6372,62.19
258.047,measure,4968.0,1344.0,6.6770,62.22
258.147,measure,4968.0,1352.0,6.7167,62.22
258.247,measure,4968.0,1344.0,6.6770,62.31
258.347,measure,4968.0,1344.0,6.6770,62.31
258.448,measure,4968.0,1352.0,6.7167,62.25
258.548,measure,4968.0,1344.0,6.6770,62.28
258.648,measure,4968.0,1344.0,6.6770,62.31
258.748,measure,4968.0,1352.0,6.7167,62.16
258.848,measure,4968.0,1344.0,6.6770,62.22
258.948,measure,4968.0,1344.0,6.6770,62.28
259.048,measure,4968.0,1352.0,6.7167,62.19
259.149,measure,4968.0,1344.0,6.6770,62.44
259.249,measure,4968.0,1336.0,6.6372,62.31
259.349,measure,4968.0,1344.0,6.6770,62.31
259.449,measure,4968.0,1344.0,6.6770,62.25
259.549,measure,4968.0,1336.0,6.6372,62.19
259.649,measure,4968.0,1344.0,6.6770,62.25
259.749,measure,4968.0,1344.0,6.6770,62.19
259.849,measure,4968.0,1336.0,6.6372,62.22
259.950,measure,4968.0,1344.0,6.6770,62.19
260.050,measure,4968.0,1344.0,6.6770,62.41
260.150,measure,4968.0,1336.0,6.6372,62.31
260.250,measure,4968.0,1344.0,6.6770,62.38
260.350,measure,4968.0,1344.0,6.6770,62.25
260.450,measure,4968.0,1336.0,6.6372,62.25
260.550,measure,4968.0,1344.0,6.6770,62.19
260.650,measure,4968.0,1344.0,6.6770,62.28
260.751,measure,4968.0,1336.0,6.6372,62.19
260.851,measure,4968.0,1344.0,6.6770,62.16
260.951,measure,4968.0,1344.0,6.6770,62.41
261.051,measure,4968.0,1336.0,6.6372,62.34
261.151,measure,4968.0,1344.0,6.6770,62.34
261.251,measure,4968.0,1344.0,6.6770,62.34
261.351,measure,4968.0,1344.0,6.6770,62.22
261.451,measure,4968.0,1344.0,6.6770,62.31
261.552,measure,4968.0,1344.0,6.6770,62.19
261.652,measure,4968.0,1344.0,6.6770,62.22
261.752,measure,4968.0,1344.0,6.6770,62.12
261.852,measure,4968.0,1344.0,6.6770,62.22
261.952,measure,4968.0,1344.0,6.6770,62.38
262.052,measure,4968.0,1344.0,6.6770,62.34
262.152,measure,4968.0,1344.0,6.6770,62.25
262.253,measure,4968.0,1336.0,6.6372,62.31
262.353,measure,4968.0,1344.0,6.6770,62.16
262.453,measure,4968.0,1344.0,6.6770,62.25
262.553,measure,4968.0,1336.0,6.6372,62.22
262.653,measure,4968.0,1344.0,6.6770,62.19
262.753,measure,4968.0,1344.0,6.6770,62.12
262.853,measure,4968.0,1344.0,6.6770,62.44
262.953,measure,4968.0,1344.0,6.6770,62.34
263.054,measure,4968.0,1352.0,6.7167,62.28
263.154,measure,4968.0,1344.0,6.6770,62.25
263.254,measure,4968.0,1344.0,6.6770,62.25
263.354,measure,4968.0,1344.0,6.6770,62.25
263.454,measure,4968.0,1344.0,6.6770,62.22
263.554,measure,4968.0,1344.0,6.6770,62.22
263.654,measure,4968.0,1344.0,6.6770,62.16
263.755,measure,4968.0,1336.0,6.6372,62.28
263.855,measure,4968.0,1336.0,6.6372,62.31
263.955,measure,4968.0,1344.0,6.6770,62.28
264.055,measure,4968.0,1336.0,6.6372,62.31
264.155,measure,4968.0,1336.0,6.6372,62.22
264.255,measure,4968.0,1344.0,6.6770,62.22
264.355,measure,4968.0,1336.0,6.6372,62.22
264.455,measure,4968.0,1336.0,6.6372,62.22
264.556,measure,4968.0,1344.0,6.6770,62.19
264.656,measure,4968.0,1336.0,6.6372,62.16
264.756,measure,4968.0,1336.0,6.6372,62.31
264.856,measure,4968.0,1344.0,6.6770,62.25
264.956,measure,4968.0,1344.0,6.6770,62.31
265.056,measure,4968.0,1336.0,6.6372,62.25
265.156,measure,4968.0,1352.0,6.7167,62.25
265.256,measure,4968.0,1344.0,6.6770,62.22
265.357,measure,4968.0,1336.0,6.6372,62.28
265.457,measure,4968.0,1344.0,6.6770,62.19
265.557,measure,4968.0,1344.0,6.6770,62.19
265.657,measure,4968.0,1336.0,6.6372,62.41
265.757,measure,4968.0,1344.0,6.6770,62.34
265.857,measure,4968.0,1344.0,6.6770,62.34
265.957,measure,4968.0,1336.0,6.6372,62.31
266.058,measure,4968.0,1344.0,6.6770,62.19
266.158,measure,4968.0,1344.0,6.6770,62.25
266.258,measure,4968.0,1336.0,6.6372,62.25
266.358,measure,4968.0,1344.0,6.6770,62.12
266.458,measure,4968.0,1344.0,6.6770,62.19
266.558,measure,4968.0,1336.0,6.6372,62.38
266.658,measure,4968.0,1344.0,6.6770,62.31
266.759,measure,4968.0,1344.0,6.6770,62.22
266.859,measure,4968.0,1336.0,6.6372,62.22
266.959,measure,4968.0,1344.0,6.6770,62.31
267.059,measure,4968.0,1344.0,6.6770,62.19
267.159,measure,4968.0,1344.0,6.6770,62.25
267.259,measure,4968.0,1344.0,6.6770,62.16
267.359,measure,4968.0,1352.0,6.7167,62.22
267.459,measure,4968.0,1344.0,6.6770,62.31
267.560,measure,4968.0,1344.0,6.6770,62.34
267.660,measure,4968.0,1352.0,6.7167,62.28
267.760,measure,4968.0,1344.0,6.6770,62.28
267.860,measure,4968.0,1344.0,6.6770,62.28
267.960,measure,4968.0,1344.0,6.6770,62.22
268.060,measure,4968.0,1344.0,6.6770,62.19
268.160,measure,4968.0,1344.0,6.6770,62.06
268.260,measure,4968.0,1344.0,6.6770,62.16
268.361,measure,4968.0,1336.0,6.6372,62.38
268.461,measure,4968.0,1344.0,6.6770,62.31
268.561,measure,4968.0,1344.0,6.6770,62.31
268.661,measure,4968.0,1336.0,6.6372,62.25
268.761,measure,4968.0,1336.0,6.6372,62.25
268.861,measure,4968.0,1344.0,6.6770,62.25
268.961,measure,4968.0,1344.0,6.6770,62.19
269.061,measure,4968.0,1344.0,6.6770,62.19
269.162,measure,4968.0,1344.0,6.6770,62.19
269.262,measure,4968.0,1344.0,6.6770,62.38
269.362,measure,4968.0,1336.0,6.6372,62.31
269.462,measure,4968.0,1344.0,6.6770,62.31
269.562,measure,4968.0,1344.0,6.6770,62.31
269.662,measure,4968.0,1336.0,6.6372,62.28
269.762,measure,4968.0,1344.0,6.6770,62.28
269.862,measure,4968.0,1336.0,6.6372,62.22
269.963,measure,4968.0,1336.0,6.6372,62.19
270.063,measure,4968.0,1344.0,6.6770,62.22
270.163,measure,4968.0,1336.0,6.6372,62.34
270.263,measure,4968.0,1336.0,6.6372,62.31
270.363,measure,4968.0,1344.0,6.6770,62.31
270.463,measure,4968.0,1344.0,6.6770,62.16
270.563,measure,4968.0,1344.0,6.6770,62.31
270.663,measure,4968.0,1352.0,6.7167,62.25
270.764,measure,4968.0,1344.0,6.6770,62.22
270.864,measure,4968.0,1344.0,6.6770,62.22
270.964,measure,4968.0,1352.0,6.7167,62.19
271.064,measure,4968.0,1344.0,6.6770,62.34
271.164,measure,4968.0,1344.0,6.6770,62.31
271.264,measure,4968.0,1352.0,6.7167,62.28
271.364,measure,4968.0,1344.0,6.6770,62.31
271.465,measure,4968.0,1344.0,6.6770,62.28
271.565,measure,4968.0,1352.0,6.7167,62.22
271.665,measure,4968.0,1344.0,6.6770,62.22
271.765,measure,4968.0,1344.0,6.6770,62.19
271.865,measure,4968.0,1352.0,6.7167,62.22
271.965,measure,4968.0,1344.0,6.6770,62.34
272.065,measure,4968.0,1344.0,6.6770,62.34
272.165,measure,4968.0,1344.0,6.6770,62.25
272.266,measure,4968.0,1344.0,6.6770,62.28
272.366,measure,4968.0,1336.0,6.6372,62.28
272.466,measure,4968.0,1344.0,6.6770,62.22
272.566,measure,4968.0,1344.0,6.6770,62.22
272.666,measure,4968.0,1344.0,6.6770,62.22
272.766,measure,4968.0,1344.0,6.6770,62.19
272.866,measure,4968.0,1344.0,6.6770,62.34
272.967,measure,4968.0,1344.0,6.6770,62.38
273.067,measure,4968.0,1344.0,6.6770,62.31
273.167,measure,4968.0,1352.0,6.7167,62.28
273.267,measure,4968.0,1344.0,6.6770,62.31
273.367,measure,4968.0,1344.0,6.6770,62.28
273.467,measure,4968.0,1344.0,6.6770,62.22
273.567,measure,4968.0,1344.0,6.6770,62.19
273.667,measure,4968.0,1344.0,6.6770,62.22
273.768,measure,4968.0,1344.0,6.6770,62.38
273.868,measure,4968.0,1344.0,6.6770,62.41
273.968,measure,4968.0,1336.0,6.6372,62.31
274.068,measure,4968.0,1344.0,6.6770,62.28
274.168,measure,4968.0,1344.0,6.6770,62.25
274.268,measure,4968.0,1336.0,6.6372,62.28
274.368,measure,4968.0,1344.0,6.6770,62.19
274.469,measure,4968.0,1344.0,6.6770,62.22
274.569,measure,4968.0,1336.0,6.6372,62.19
274.669,measure,4968.0,1344.0,6.6770,62.41
274.769,measure,4968.0,1344.0,6.6770,62.31
274.869,measure,4968.0,1336.0,6.6372,62.31
274.969,measure,4968.0,1344.0,6.6770,62.31
275.069,measure,4968.0,1344.0,6.6770,62.25
275.169,measure,4968.0,1336.0,6.6372,62.25
275.270,measure,4968.0,1344.0,6.6770,62.19
275.370,measure,4968.0,1344.0,6.6770,62.19
275.470,measure,4968.0,1336.0,6.6372,62.19
275.570,measure,4968.0,1344.0,6.6770,62.22
275.670,measure,4968.0,1344.0,6.6770,62.38
275.770,measure,4968.0,1336.0,6.6372,62.25
275.870,measure,4968.0,1344.0,6.6770,62.28
275.971,measure,4968.0,1344.0,6.6770,62.28
276.071,measure,4968.0,1336.0,6.6372,62.22
276.171,measure,4968.0,1344.0,6.6770,62.28
276.271,measure,4968.0,1344.0,6.6770,62.22
276.371,measure,4968.0,1336.0,6.6372,62.28
276.471,measure,4968.0,1344.0,6.6770,62.22
276.571,measure,4968.0,1344.0,6.6770,62.41
276.671,measure,4968.0,1336.0,6.6372,62.31
276.772,measure,4968.0,1344.0,6.6770,62.31
276.872,measure,4968.0,1344.0,6.6770,62.31
276.972,measure,4968.0,1344.0,6.6770,62.28
277.072,measure,4968.0,1344.0,6.6770,62.25
277.172,measure,4968.0,1352.0,6.7167,62.16
277.272,measure,4968.0,1344.0,6.6770,62.28
277.372,measure,4968.0,1344.0,6.6770,62.19
277.473,measure,4968.0,1344.0,6.6770,62.31
277.573,measure,4968.0,1344.0,6.6770,62.31
277.673,measure,4968.0,1344.0,6.6770,62.28
277.773,measure,4968.0,1352.0,6.7167,62.31
277.873,measure,4968.0,1344.0,6.6770,62.28
277.973,measure,4968.0,1344.0,6.6770,62.25
278.073,measure,4968.0,1352.0,6.7167,62.16
278.173,measure,4968.0,1344.0,6.6770,62.22
278.274,measure,4968.0,1344.0,6.6770,62.19
278.374,measure,4968.0,1352.0,6.7167,62.22
278.474,measure,4968.0,1344.0,6.6770,62.31
278.574,measure,4968.0,1344.0,6.6770,62.31
278.674,measure,4968.0,1352.0,6.7167,62.31
278.775,measure,4968.0,1344.0,6.6770,62.28
278.875,measure,4968.0,1344.0,6.6770,62.22
278.975,measure,4968.0,1352.0,6.7167,62.22
279.075,measure,4968.0,1344.0,6.6770,62.19
279.175,measure,4968.0,1344.0,6.6770,62.22
279.275,measure,4968.0,1352.0,6.7167,62.19
279.375,measure,4968.0,1344.0,6.6770,62.31
279.475,measure,4968.0,1344.0,6.6770,62.31
279.576,measure,4968.0,1344.0,6.6770,62.25
279.676,measure,4968.0,1344.0,6.6770,62.22
279.776,measure,4968.0,1336.0,6.6372,62.22
279.876,measure,4968.0,1344.0,6.6770,62.22
279.976,measure,4968.0,1344.0,6.6770,62.19
280.076,measure,4968.0,1336.0,6.6372,62.25
280.176,measure,4968.0,1344.0,6.6770,62.19
280.277,measure,4968.0,1344.0,6.6770,62.34
280.377,measure,4968.0,1344.0,6.6770,62.34
280.477,measure,4968.0,1344.0,6.6770,62.31
280.577,measure,4968.0,1352.0,6.7167,62.28
280.677,measure,4968.0,1344.0,6.6770,62.25
280.777,measure,4968.0,1344.0,6.6770,62.25
280.877,measure,4968.0,1352.0,6.7167,62.19
280.977,measure,4968.0,1344.0,6.6770,62.16
281.077,measure,4968.0,1344.0,6.6770,62.34
281.178,measure,4968.0,1352.0,6.7167,62.38
281.278,measure,4968.0,1344.0,6.6770,62.38
281.378,measure,4968.0,1344.0,6.6770,62.28
281.478,measure,4968.0,1352.0,6.7167,62.28
281.578,measure,4968.0,1344.0,6.6770,62.28
281.678,measure,4968.0,1344.0,6.6770,62.19
281.778,measure,4968.0,1352.0,6.7167,62.25
281.879,measure,4968.0,1352.0,6.7167,62.31
281.979,measure,4968.0,1344.0,6.6770,62.34
282.079,measure,4968.0,1344.0,6.6770,62.31
282.179,measure,4968.0,1344.0,6.6770,62.38
282.279,measure,4968.0,1344.0,6.6770,62.34
282.379,measure,4968.0,1352.0,6.7167,62.31
282.479,measure,4968.0,1352.0,6.7167,62.31
282.579,measure,4968.0,1344.0,6.6770,62.28
282.680,measure,4968.0,1352.0,6.7167,62.25
282.780,measure,4968.0,1352.0,6.7167,62.19
282.880,measure,4968.0,1344.0,6.6770,62.41
282.980,measure,4968.0,1352.0,6.7167,62.34
283.080,measure,4968.0,1352.0,6.7167,62.44
283.180,measure,4968.0,1344.0,6.6770,62.25
283.280,measure,4968.0,1352.0,6.7167,62.28
283.381,measure,4968.0,1352.0,6.7167,62.28
283.481,measure,4968.0,1344.0,6.6770,62.28
283.581,measure,4968.0,1352.0,6.7167,62.25
283.681,measure,4968.0,1352.0,6.7167,62.19
283.781,measure,4968.0,1344.0,6.6770,62.22
283.881,measure,4968.0,1344.0,6.6770,62.31
283.981,measure,4968.0,1344.0,6.6770,62.28
284.082,measure,4968.0,1344.0,6.6770,62.31
284.182,measure,4968.0,1344.0,6.6770,62.31
284.282,measure,4968.0,1352.0,6.7167,62.28
284.382,measure,4968.0,1344.0,6.6770,62.22
284.482,measure,4968.0,1344.0,6.6770,62.25
284.582,measure,4968.0,1352.0,6.7167,62.19
284.682,measure,4968.0,1344.0,6.6770,62.44
284.782,measure,4968.0,1344.0,6.6770,62.38
284.883,measure,4968.0,1352.0,6.7167,62.28
284.983,measure,4968.0,1344.0,6.6770,62.31
285.083,measure,4968.0,1344.0,6.6770,62.31
285.183,measure,4968.0,1352.0,6.7167,62.28
285.283,measure,4968.0,1344.0,6.6770,62.22
285.383,measure,4968.0,1344.0,6.6770,62.22
285.483,measure,4968.0,1352.0,6.7167,62.19
285.583,measure,4968.0,1352.0,6.7167,62.44
285.684,measure,4968.0,1344.0,6.6770,62.38
285.784,measure,4968.0,1352.0,6.7167,62.31
285.884,measure,4968.0,1352.0,6.7167,62.28
285.984,measure,4968.0,1344.0,6.6770,62.28
286.084,measure,4968.0,1344.0,6.6770,62.28
286.184,measure,4968.0,1352.0,6.7167,62.25
286.284,measure,4968.0,1344.0,6.6770,62.16
286.384,measure,4968.0,1344.0,6.6770,62.22
286.485,measure,4968.0,1352.0,6.7167,62.25
286.585,measure,4968.0,1344.0,6.6770,62.34
286.685,measure,4968.0,1344.0,6.6770,62.41
286.785,measure,4968.0,1352.0,6.7167,62.31
286.885,measure,4968.0,1344.0,6.6770,62.28
286.985,measure,4968.0,1344.0,6.6770,62.25
287.085,measure,4968.0,1344.0,6.6770,62.19
287.186,measure,4968.0,1344.0,6.6770,62.19
287.286,measure,4968.0,1336.0,6.6372,62.22
287.386,measure,4968.0,1344.0,6.6770,62.09
287.486,measure,4968.0,1344.0,6.6770,62.44
287.586,measure,4968.0,1344.0,6.6770,62.44
287.686,measure,4968.0,1352.0,6.7167,62.34
287.786,measure,4968.0,1352.0,6.7167,62.31
287.887,measure,4968.0,1336.0,6.6372,62.28
287.987,measure,4968.0,1344.0,6.6770,62.31
288.087,measure,4968.0,1344.0,6.6770,62.25
288.187,measure,4968.0,1344.0,6.6770,62.25
288.287,measure,4968.0,1344.0,6.6770,62.19
288.387,measure,4968.0,1344.0,6.6770,62.44
288.487,measure,4968.0,1344.0,6.6770,62.47
288.587,measure,4968.0,1344.0,6.6770,62.31
288.688,measure,4968.0,1344.0,6.6770,62.31
288.788,measure,4968.0,1344.0,6.6770,62.25
288.888,measure,4968.0,1344.0,6.6770,62.31
288.988,measure,4968.0,1352.0,6.7167,62.25
289.088,measure,4968.0,1344.0,6.6770,62.25
289.188,measure,4968.0,1344.0,6.6770,62.19
289.288,measure,4968.0,1352.0,6.7167,62.16
289.388,measure,4968.0,1344.0,6.6770,62.31
289.489,measure,4968.0,1344.0,6.6770,62.41
289.589,measure,4968.0,1352.0,6.7167,62.31
289.689,measure,4968.0,1344.0,6.6770,62.25
289.789,measure,4968.0,1344.0,6.6770,62.28
289.889,measure,4968.0,1352.0,6.7167,62.25
289.989,measure,4968.0,1344.0,6.6770,62.19
290.089,measure,4968.0,1336.0,6.6372,62.28
290.190,measure,4968.0,1344.0,6.6770,62.22
290.290,measure,4968.0,1344.0,6.6770,62.34
290.390,measure,4968.0,1336.0,6.6372,62.31
290.490,measure,4968.0,1344.0,6.6770,62.28
290.590,measure,4968.0,1344.0,6.6770,62.25
290.690,measure,4968.0,1336.0,6.6372,62.22
290.790,measure,4968.0,1344.0,6.6770,62.25
290.890,measure,4968.0,1344.0,6.6770,62.22
290.991,measure,4968.0,1336.0,6.6372,62.19
291.091,measure,4968.0,1344.0,6.6770,62.22
291.191,measure,4968.0,1344.0,6.6770,62.34
291.291,measure,4968.0,1336.0,6.6372,62.31
291.391,measure,4968.0,1344.0,6.6770,62.31
291.491,measure,4968.0,1352.0,6.7167,62.25
291.591,measure,4968.0,1344.0,6.6770,62.31
291.692,measure,4968.0,1344.0,6.6770,62.19
291.792,measure,4968.0,1352.0,6.7167,62.28
291.892,measure,4968.0,1344.0,6.6770,62.25
291.992,measure,4968.0,1344.0,6.6770,62.22
292.092,measure,4968.0,1344.0,6.6770,62.28
292.192,measure,4968.0,1344.0,6.6770,62.34
292.292,measure,4968.0,1344.0,6.6770,62.34
292.392,measure,4968.0,1344.0,6.6770,62.25
292.493,measure,4968.0,1344.0,6.6770,62.28
292.593,measure,4968.0,1344.0,6.6770,62.25
292.693,measure,4968.0,1352.0,6.7167,62.25
292.793,measure,4968.0,1344.0,6.6770,62.19
292.893,measure,4968.0,1344.0,6.6770,62.25
292.993,measure,4968.0,1344.0,6.6770,62.38
293.093,measure,4968.0,1344.0,6.6770,62.38
293.194,measure,4968.0,1336.0,6.6372,62.28
293.294,measure,4968.0,1344.0,6.6770,62.34
293.394,measure,4968.0,1344.0,6.6770,62.25
293.494,measure,4968.0,1336.0,6.6372,62.25
293.594,measure,4968.0,1344.0,6.6770,62.19
293.694,measure,4968.0,1336.0,6.6372,62.22
293.794,measure,4968.0,1336.0,6.6372,62.22
293.894,measure,4968.0,1344.0,6.6770,62.31
293.995,measure,4968.0,1344.0,6.6770,62.34
294.095,measure,4968.0,1344.0,6.6770,62.31
294.195,measure,4968.0,1344.0,6.6770,62.31
294.295,measure,4968.0,1336.0,6.6372,62.31
294.395,measure,4968.0,1336.0,6.6372,62.22
294.495,measure,4968.0,1344.0,6.6770,62.25
294.595,measure,4968.0,1344.0,6.6770,62.22
294.696,measure,4968.0,1344.0,6.6770,62.22
294.796,measure,4968.0,1344.0,6.6770,62.38
294.896,measure,4968.0,1344.0,6.6770,62.38
294.996,measure,4968.0,1344.0,6.6770,62.31
295.096,measure,4968.0,1344.0,6.6770,62.31
295.196,measure,4968.0,1344.0,6.6770,62.28
295.296,measure,4968.0,1344.0,6.6770,62.22
295.396,measure,4968.0,1344.0,6.6770,62.22
295.497,measure,4968.0,1344.0,6.6770,62.16
295.597,measure,4968.0,1344.0,6.6770,62.41
295.697,measure,4968.0,1344.0,6.6770,62.41
295.797,measure,4968.0,1344.0,6.6770,62.38
295.897,measure,4968.0,1344.0,6.6770,62.31
295.997,measure,4968.0,1344.0,6.6770,62.34
296.097,measure,4968.0,1344.0,6.6770,62.12
296.197,measure,4968.0,1336.0,6.6372,62.25
296.298,measure,4968.0,1344.0,6.6770,62.25
296.398,measure,4968.0,1344.0,6.6770,62.22
296.498,measure,4968.0,1336.0,6.6372,62.41
296.598,measure,4968.0,1344.0,6.6770,62.44
296.698,measure,4968.0,1344.0,6.6770,62.41
296.798,measure,4968.0,1336.0,6.6372,62.28
296.898,measure,4968.0,1344.0,6.6770,62.31
296.998,measure,4968.0,1344.0,6.6770,62.31
297.099,measure,4968.0,1336.0,6.6372,62.19
297.199,measure,4968.0,1344.0,6.6770,62.25
297.299,measure,4968.0,1344.0,6.6770,62.19
297.399,measure,4968.0,1336.0,6.6372,62.41
297.499,measure,4968.0,1344.0,6.6770,62.41
297.599,measure,4968.0,1344.0,6.6770,62.41
297.699,measure,4968.0,1336.0,6.6372,62.31
297.800,measure,4968.0,1344.0,6.6770,62.22
297.900,measure,4968.0,1344.0,6.6770,62.19
298.000,measure,4968.0,1336.0,6.6372,62.31
298.100,measure,4968.0,1344.0,6.6770,62.28
298.200,measure,4968.0,1344.0,6.6770,62.22
298.300,measure,4968.0,1336.0,6.6372,62.19
298.400,measure,4968.0,1344.0,6.6770,62.41
298.501,measure,4968.0,1344.0,6.6770,62.47
298.601,measure,4968.0,1336.0,6.6372,62.38
298.701,measure,4968.0,1344.0,6.6770,62.34
298.801,measure,4968.0,1344.0,6.6770,62.25
298.901,measure,4968.0,1344.0,6.6770,62.28
299.001,measure,4968.0,1344.0,6.6770,62.22
299.101,measure,4968.0,1344.0,6.6770,62.25
299.201,measure,4968.0,1336.0,6.6372,62.19
299.302,measure,4968.0,1344.0,6.6770,62.41
299.402,measure,4968.0,1344.0,6.6770,62.41
299.502,measure,4968.0,1344.0,6.6770,62.34
299.602,measure,4968.0,1344.0,6.6770,62.31
299.702,measure,4968.0,1344.0,6.6770,62.25
299.802,measure,4968.0,1344.0,6.6770,62.22
299.902,measure,4968.0,1344.0,6.6770,62.22
300.003,measure,4968.0,1352.0,6.7167,62.28
300.103,measure,4968.0,1344.0,6.6770,62.28
300.203,measure,4968.0,1344.0,6.6770,62.44
300.303,measure,4968.0,1352.0,6.7167,62.41
300.403,measure,4968.0,1344.0,6.6770,62.31
300.503,measure,4968.0,1344.0,6.6770,62.41
300.603,measure,4968.0,1352.0,6.7167,62.31
300.703,measure,4968.0,1344.0,6.6770,62.25
300.804,measure,4968.0,1336.0,6.6372,62.31
300.904,measure,4968.0,1344.0,6.6770,62.28
301.004,measure,4968.0,1344.0,6.6770,62.28
301.104,measure,4968.0,1336.0,6.6372,62.28
301.204,measure,4968.0,1344.0,6.6770,62.41
301.304,measure,4968.0,1344.0,6.6770,62.31
301.404,measure,4968.0,1336.0,6.6372,62.31
301.505,measure,4968.0,1344.0,6.6770,62.28
301.605,measure,4968.0,1344.0,6.6770,62.25
301.705,measure,4968.0,1336.0,6.6372,62.31
301.805,measure,4968.0,1344.0,6.6770,62.28
301.905,measure,4968.0,1344.0,6.6770,62.22
302.005,measure,4968.0,1336.0,6.6372,62.19
302.105,measure,4968.0,1344.0,6.6770,62.41
302.205,measure,4968.0,1344.0,6.6770,62.41
302.306,measure,4968.0,1336.0,6.6372,62.34
302.406,measure,4968.0,1344.0,6.6770,62.31
302.506,measure,4968.0,1344.0,6.6770,62.22
302.606,measure,4968.0,1336.0,6.6372,62.28
302.706,measure,4968.0,1344.0,6.6770,62.22
302.806,measure,4968.0,1344.0,6.6770,62.22
302.906,measure,4968.0,1336.0,6.6372,62.19
303.007,measure,4968.0,1344.0,6.6770,62.41
303.107,measure,4968.0,1344.0,6.6770,62.44
303.207,measure,4968.0,1336.0,6.6372,62.31
303.307,measure,4968.0,1344.0,6.6770,62.31
303.407,measure,4968.0,1344.0,6.6770,62.28
303.507,measure,4968.0,1336.0,6.6372,62.28
303.607,measure,4968.0,1344.0,6.6770,62.28
303.707,measure,4968.0,1344.0,6.6770,62.28
303.808,measure,4968.0,1336.0,6.6372,62.25
303.908,measure,4968.0,1344.0,6.6770,62.38
304.008,measure,4968.0,1344.0,6.6770,62.34
304.108,measure,4968.0,1336.0,6.6372,62.31
304.208,measure,4968.0,1344.0,6.6770,62.31
304.308,measure,4968.0,1344.0,6.6770,62.28
304.408,measure,4968.0,1336.0,6.6372,62.28
304.509,measure,4968.0,1344.0,6.6770,62.22
304.609,measure,4968.0,1344.0,6.6770,62.28
304.709,measure,4968.0,1336.0,6.6372,62.22
304.809,measure,4968.0,1344.0,6.6770,62.34
304.909,measure,4968.0,1344.0,6.6770,62.31
305.009,measure,4968.0,1336.0,6.6372,62.38
305.109,measure,4968.0,1344.0,6.6770,62.28
305.209,measure,4968.0,1344.0,6.6770,62.31
305.310,measure,4968.0,1336.0,6.6372,62.31
305.410,measure,4968.0,1344.0,6.6770,62.25
305.510,measure,4968.0,1344.0,6.6770,62.28
305.610,measure,4968.0,1336.0,6.6372,62.22
305.710,measure,4968.0,1336.0,6.6372,62.38
305.810,measure,4968.0,1344.0,6.6770,62.34
305.910,measure,4968.0,1336.0,6.6372,62.41
306.011,measure,4968.0,1336.0,6.6372,62.31
306.111,measure,4968.0,1344.0,6.6770,62.31
306.211,measure,4968.0,1344.0,6.6770,62.28
306.311,measure,4968.0,1344.0,6.6770,62.31
306.411,measure,4968.0,1344.0,6.6770,62.31
306.511,measure,4968.0,1344.0,6.6770,62.25
306.611,measure,4968.0,1344.0,6.6770,62.34
306.711,measure,4968.0,1344.0,6.6770,62.34
306.812,measure,4968.0,1344.0,6.6770,62.31
306.912,measure,4968.0,1344.0,6.6770,62.28
307.012,measure,4968.0,1344.0,6.6770,62.31
307.112,measure,4968.0,1344.0,6.6770,62.31
307.212,measure,4968.0,1344.0,6.6770,62.25
307.312,measure,4968.0,1344.0,6.6770,62.28
307.412,measure,4968.0,1344.0,6.6770,62.31
307.512,measure,4968.0,1344.0,6.6770,62.44
307.613,measure,4968.0,1344.0,6.6770,62.38
307.713,measure,4968.0,1344.0,6.6770,62.31
307.813,measure,4968.0,1344.0,6.6770,62.28
307.913,measure,4968.0,1352.0,6.7167,62.31
308.013,measure,4968.0,1344.0,6.6770,62.31
308.113,measure,4968.0,1336.0,6.6372,62.31
308.213,measure,4968.0,1344.0,6.6770,62.28
308.313,measure,4968.0,1344.0,6.6770,62.28
308.414,measure,4968.0,1344.0,6.6770,62.47
308.514,measure,4968.0,1352.0,6.7167,62.38
308.614,measure,4968.0,1344.0,6.6770,62.31
308.714,measure,4968.0,1336.0,6.6372,62.31
308.814,measure,4968.0,1344.0,6.6770,62.34
308.915,measure,4968.0,1344.0,6.6770,62.28
309.015,measure,4968.0,1336.0,6.6372,62.25
309.115,measure,4968.0,1344.0,6.6770,62.19
309.215,measure,4968.0,1344.0,6.6770,62.22
309.315,measure,4968.0,1344.0,6.6770,62.38
309.415,measure,4968.0,1352.0,6.7167,62.38
309.515,measure,4968.0,1344.0,6.6770,62.34
309.616,measure,4968.0,1336.0,6.6372,62.34
309.716,measure,4968.0,1344.0,6.6770,62.31
309.816,measure,4968.0,1344.0,6.6770,62.25
309.916,measure,4968.0,1336.0,6.6372,62.28
310.016,measure,4968.0,1344.0,6.6770,62.25
310.116,measure,4968.0,1344.0,6.6770,62.28
310.216,measure,4968.0,1336.0,6.6372,62.44
310.317,measure,4968.0,1344.0,6.6770,62.44
310.417,measure,4968.0,1344.0,6.6770,62.31
310.517,measure,4968.0,1336.0,6.6372,62.38
310.617,measure,4968.0,1344.0,6.6770,62.28
310.717,measure,4968.0,1344.0,6.6770,62.28
310.817,measure,4968.0,1336.0,6.6372,62.28
310.917,measure,4968.0,1344.0,6.6770,62.28
311.017,measure,4968.0,1352.0,6.7167,62.25
311.118,measure,4968.0,1344.0,6.6770,62.47
311.218,measure,4968.0,1344.0,6.6770,62.44
311.318,measure,4968.0,1344.0,6.6770,62.34
311.418,measure,4968.0,1344.0,6.6770,62.31
311.518,measure,4968.0,1344.0,6.6770,62.31
311.618,measure,4968.0,1344.0,6.6770,62.28
311.718,measure,4968.0,1336.0,6.6372,62.31
311.819,measure,4968.0,1336.0,6.6372,62.31
311.919,measure,4968.0,1344.0,6.6770,62.22
312.019,measure,4968.0,1336.0,6.6372,62.31
312.119,measure,4968.0,1344.0,6.6770,62.44
312.219,measure,4968.0,1344.0,6.6770,62.31
312.319,measure,4968.0,1336.0,6.6372,62.34
312.419,measure,4968.0,1344.0,6.6770,62.38
312.519,measure,4968.0,1344.0,6.6770,62.31
312.620,measure,4968.0,1336.0,6.6372,62.25
312.720,measure,4968.0,1344.0,6.6770,62.28
312.820,measure,4968.0,1344.0,6.6770,62.25
312.920,measure,4968.0,1336.0,6.6372,62.16
313.020,measure,4968.0,1344.0,6.6770,62.44
313.120,measure,4968.0,1344.0,6.6770,62.50
313.220,measure,4968.0,1336.0,6.6372,62.38
313.320,measure,4968.0,1344.0,6.6770,62.31
313.421,measure,4968.0,1344.0,6.6770,62.38
313.521,measure,4968.0,1336.0,6.6372,62.31
313.621,measure,4968.0,1344.0,6.6770,62.22
313.721,measure,4968.0,1344.0,6.6770,62.28
313.821,measure,4968.0,1336.0,6.6372,62.12
313.921,measure,4968.0,1344.0,6.6770,62.41
314.021,measure,4968.0,1344.0,6.6770,62.34
314.122,measure,4968.0,1344.0,6.6770,62.31
314.222,measure,4968.0,1344.0,6.6770,62.31
314.322,measure,4968.0,1344.0,6.6770,62.31
314.422,measure,4968.0,1336.0,6.6372,62.31
314.522,measure,4968.0,1344.0,6.6770,62.31
314.622,measure,4968.0,1344.0,6.6770,62.28
314.722,measure,4968.0,1336.0,6.6372,62.25
314.822,measure,4968.0,1344.0,6.6770,62.22
314.923,measure,4968.0,1344.0,6.6770,62.38
315.023,measure,4968.0,1336.0,6.6372,62.47
315.123,measure,4968.0,1344.0,6.6770,62.34
315.223,measure,4968.0,1344.0,6.6770,62.34
315.323,measure,4968.0,1336.0,6.6372,62.31
315.423,measure,4968.0,1344.0,6.6770,62.28
315.523,measure,4968.0,1344.0,6.6770,62.31
315.624,measure,4968.0,1336.0,6.6372,62.22
315.724,measure,4968.0,1336.0,6.6372,62.19
315.824,measure,4968.0,1344.0,6.6770,62.38
315.924,measure,4968.0,1336.0,6.6372,62.31
316.024,measure,4968.0,1336.0,6.6372,62.38
316.124,measure,4968.0,1344.0,6.6770,62.25
316.224,measure,4968.0,1336.0,6.6372,62.31
316.324,measure,4968.0,1336.0,6.6372,62.31
316.425,measure,4968.0,1344.0,6.6770,62.31
316.525,measure,4968.0,1336.0,6.6372,62.25
316.625,measure,4968.0,1336.0,6.6372,62.25
316.725,measure,4968.0,1344.0,6.6770,62.41
316.825,measure,4968.0,1336.0,6.6372,62.34
316.925,measure,4968.0,1336.0,6.6372,62.34
317.025,measure,4968.0,1344.0,6.6770,62.28
317.126,measure,4968.0,1344.0,6.6770,62.34
317.226,measure,4968.0,1336.0,6.6372,62.28
317.326,measure,4968.0,1344.0,6.6770,62.31
317.426,measure,4968.0,1344.0,6.6770,62.25
317.526,measure,4968.0,1336.0,6.6372,62.22
317.626,measure,4968.0,1344.0,6.6770,62.41
317.726,measure,4968.0,1336.0,6.6372,62.34
317.826,measure,4968.0,1336.0,6.6372,62.31
317.927,measure,4968.0,1344.0,6.6770,62.31
318.027,measure,4968.0,1344.0,6.6770,62.28
318.127,measure,4968.0,1344.0,6.6770,62.31
318.227,measure,4968.0,1344.0,6.6770,62.31
318.327,measure,4968.0,1344.0,6.6770,62.25
318.427,measure,4968.0,1336.0,6.6372,62.25
318.527,measure,4968.0,1344.0,6.6770,62.41
318.628,measure,4968.0,1344.0,6.6770,62.34
318.728,measure,4968.0,1344.0,6.6770,62.34
318.828,measure,4968.0,1352.0,6.7167,62.31
318.928,measure,4968.0,1344.0,6.6770,62.31
319.028,measure,4968.0,1336.0,6.6372,62.28
319.128,measure,4968.0,1352.0,6.7167,62.31
319.228,measure,4968.0,1344.0,6.6770,62.25
319.329,measure,4968.0,1344.0,6.6770,62.47
319.429,measure,4968.0,1352.0,6.7167,62.41
319.529,measure,4968.0,1344.0,6.6770,62.38
319.629,measure,4968.0,1344.0,6.6770,62.31
319.729,measure,4968.0,1352.0,6.7167,62.31
319.829,measure,4968.0,1344.0,6.6770,62.28
319.929,measure,4968.0,1344.0,6.6770,62.31
320.029,measure,4968.0,1352.0,6.7167,62.22
320.130,measure,4968.0,1344.0,6.6770,62.31
320.230,measure,4968.0,1344.0,6.6770,62.28
320.330,measure,4968.0,1352.0,6.7167,62.41
320.430,measure,4968.0,1344.0,6.6770,62.34
320.530,measure,4968.0,1344.0,6.6770,62.38
320.630,measure,4968.0,1352.0,6.7167,62.34
320.730,measure,4968.0,1344.0,6.6770,62.31
320.831,measure,4968.0,1344.0,6.6770,62.25
320.931,measure,4968.0,1352.0,6.7167,62.25
321.031,measure,4968.0,1344.0,6.6770,62.31
321.131,measure,4968.0,1344.0,6.6770,62.31
321.231,measure,4968.0,1352.0,6.7167,62.41
321.331,measure,4968.0,1352.0,6.7167,62.34
321.431,measure,4968.0,1344.0,6.6770,62.34
321.531,measure,4968.0,1352.0,6.7167,62.31
321.632,measure,4968.0,1344.0,6.6770,62.31
321.732,measure,4968.0,1344.0,6.6770,62.31
321.832,measure,4968.0,1352.0,6.7167,62.28
321.932,measure,4968.0,1344.0,6.6770,62.28
322.032,measure,4968.0,1344.0,6.6770,62.25
322.132,measure,4968.0,1352.0,6.7167,62.44
322.232,measure,4968.0,1344.0,6.6770,62.47
322.332,measure,4968.0,1344.0,6.6770,62.31
322.433,measure,4968.0,1352.0,6.7167,62.41
322.533,measure,4968.0,1352.0,6.7167,62.34
322.633,measure,4968.0,1344.0,6.6770,62.31
322.733,measure,4968.0,1352.0,6.7167,62.31
322.833,measure,4968.0,1344.0,6.6770,62.22
322.933,measure,4968.0,1344.0,6.6770,62.47
323.033,measure,4968.0,1344.0,6.6770,62.50
323.134,measure,4968.0,1344.0,6.6770,62.38
323.234,measure,4968.0,1344.0,6.6770,62.38
323.334,measure,4968.0,1344.0,6.6770,62.31
323.434,measure,4968.0,1336.0,6.6372,62.31
323.534,measure,4968.0,1344.0,6.6770,62.31
323.634,measure,4968.0,1344.0,6.6770,62.28
323.734,measure,4968.0,1336.0,6.6372,62.31
323.834,measure,4968.0,1344.0,6.6770,62.25
323.935,measure,4968.0,1344.0,6.6770,62.47
324.035,measure,4968.0,1336.0,6.6372,62.44
324.135,measure,4968.0,1344.0,6.6770,62.31
324.235,measure,4968.0,1344.0,6.6770,62.31
324.335,measure,4968.0,1344.0,6.6770,62.31
324.435,measure,4968.0,1344.0,6.6770,62.34
324.535,measure,4968.0,1344.0,6.6770,62.31
324.636,measure,4968.0,1336.0,6.6372,62.31
324.736,measure,4968.0,1344.0,6.6770,62.31
324.836,measure,4968.0,1344.0,6.6770,62.53
324.936,measure,4968.0,1336.0,6.6372,62.44
325.036,measure,4968.0,1344.0,6.6770,62.31
325.136,measure,4968.0,1336.0,6.6372,62.38
325.236,measure,4968.0,1336.0,6.6372,62.31
325.337,measure,4968.0,1344.0,6.6770,62.34
325.437,measure,4968.0,1344.0,6.6770,62.25
325.537,measure,4968.0,1336.0,6.6372,62.31
325.637,measure,4968.0,1344.0,6.6770,62.31
325.737,measure,4968.0,1344.0,6.6770,62.31
325.837,measure,4968.0,1336.0,6.6372,62.47
325.937,measure,4968.0,1344.0,6.6770,62.38
326.037,measure,4968.0,1344.0,6.6770,62.38
326.138,measure,4968.0,1336.0,6.6372,62.34
326.238,measure,4968.0,1344.0,6.6770,62.31
326.338,measure,4968.0,1344.0,6.6770,62.28
326.438,measure,4968.0,1336.0,6.6372,62.25
326.538,measure,4968.0,1344.0,6.6770,62.31
326.638,measure,4968.0,1344.0,6.6770,62.25
326.738,measure,4968.0,1336.0,6.6372,62.50
326.839,measure,4968.0,1344.0,6.6770,62.47
326.939,measure,4968.0,1344.0,6.6770,62.38
327.039,measure,4968.0,1336.0,6.6372,62.38
327.139,measure,4968.0,1344.0,6.6770,62.34
327.239,measure,4968.0,1344.0,6.6770,62.25
327.339,measure,4968.0,1344.0,6.6770,62.31
327.439,measure,4968.0,1344.0,6.6770,62.22
327.539,measure,4968.0,1344.0,6.6770,62.28
327.640,measure,4968.0,1336.0,6.6372,62.41
327.740,measure,4968.0,1344.0,6.6770,62.41
327.840,measure,4968.0,1344.0,6.6770,62.38
327.940,measure,4968.0,1336.0,6.6372,62.41
328.040,measure,4968.0,1344.0,6.6770,62.28
328.140,measure,4968.0,1344.0,6.6770,62.31
328.240,measure,4968.0,1336.0,6.6372,62.31
328.340,measure,4968.0,1344.0,6.6770,62.31
328.441,measure,4968.0,1344.0,6.6770,62.28
328.541,measure,4968.0,1336.0,6.6372,62.47
328.641,measure,4968.0,1344.0,6.6770,62.41
328.741,measure,4968.0,1344.0,6.6770,62.34
328.841,measure,4968.0,1336.0,6.6372,62.31
328.941,measure,4968.0,1344.0,6.6770,62.31
329.041,measure,4968.0,1344.0,6.6770,62.34
329.141,measure,4968.0,1336.0,6.6372,62.31
329.242,measure,4968.0,1344.0,6.6770,62.22
329.342,measure,4968.0,1344.0,6.6770,62.25
329.442,measure,4968.0,1344.0,6.6770,62.41
329.542,measure,4968.0,1344.0,6.6770,62.38
329.642,measure,4968.0,1352.0,6.7167,62.28
329.742,measure,4968.0,1344.0,6.6770,62.31
329.842,measure,4968.0,1344.0,6.6770,62.31
329.942,measure,4968.0,1352.0,6.7167,62.31
330.043,measure,4968.0,1344.0,6.6770,62.25
330.143,measure,4968.0,1344.0,6.6770,62.31
330.243,measure,4968.0,1352.0,6.7167,62.22
330.343,measure,4968.0,1344.0,6.6770,62.38
330.443,measure,4968.0,1344.0,6.6770,62.41
330.543,measure,4968.0,1352.0,6.7167,62.41
330.643,measure,4968.0,1344.0,6.6770,62.31
330.744,measure,4968.0,1344.0,6.6770,62.31
330.844,measure,4968.0,1352.0,6.7167,62.34
330.944,measure,4968.0,1344.0,6.6770,62.31
331.044,measure,4968.0,1344.0,6.6770,62.22
331.144,measure,4968.0,1352.0,6.7167,62.28
331.244,measure,4968.0,1344.0,6.6770,62.41
331.344,measure,4968.0,1344.0,6.6770,62.38
331.444,measure,4968.0,1352.0,6.7167,62.31
331.545,measure,4968.0,1344.0,6.6770,62.38
331.645,measure,4968.0,1344.0,6.6770,62.31
331.745,measure,4968.0,1352.0,6.7167,62.34
331.845,measure,4968.0,1344.0,6.6770,62.28
331.945,measure,4968.0,1344.0,6.6770,62.31
332.045,measure,4968.0,1344.0,6.6770,62.22
332.145,measure,4968.0,1344.0,6.6770,62.47
332.245,measure,4968.0,1336.0,6.6372,62.41
332.346,measure,4968.0,1344.0,6.6770,62.44
332.446,measure,4968.0,1344.0,6.6770,62.41
332.546,measure,4968.0,1344.0,6.6770,62.34
332.646,measure,4968.0,1344.0,6.6770,62.28
332.746,measure,4968.0,1344.0,6.6770,62.31
332.846,measure,4968.0,1336.0,6.6372,62.28
332.946,measure,4968.0,1344.0,6.6770,62.25
333.047,measure,4968.0,1344.0,6.6770,62.47
333.147,measure,4968.0,1336.0,6.6372,62.47
333.247,measure,4968.0,1344.0,6.6770,62.34
333.347,measure,4968.0,1344.0,6.6770,62.34
333.447,measure,4968.0,1344.0,6.6770,62.38
333.547,measure,4968.0,1352.0,6.7167,62.31
333.647,measure,4968.0,1352.0,6.7167,62.31
333.748,measure,4968.0,1344.0,6.6770,62.31
333.848,measure,4968.0,1344.0,6.6770,62.25
333.948,measure,4968.0,1352.0,6.7167,62.44
334.048,measure,4968.0,1344.0,6.6770,62.41
334.148,measure,4968.0,1344.0,6.6770,62.41
334.248,measure,4968.0,1352.0,6.7167,62.31
334.348,measure,4968.0,1344.0,6.6770,62.31
334.449,measure,4968.0,1344.0,6.6770,62.34
334.549,measure,4968.0,1352.0,6.7167,62.31
334.649,measure,4968.0,1344.0,6.6770,62.28
334.749,measure,4968.0,1344.0,6.6770,62.31
334.849,measure,4968.0,1352.0,6.7167,62.47
334.949,measure,4968.0,1344.0,6.6770,62.44
335.049,measure,4968.0,1344.0,6.6770,62.38
335.149,measure,4968.0,1352.0,6.7167,62.34
335.250,measure,4968.0,1352.0,6.7167,62.31
335.350,measure,4968.0,1344.0,6.6770,62.31
335.450,measure,4968.0,1352.0,6.7167,62.31
335.550,measure,4968.0,1344.0,6.6770,62.31
335.650,measure,4968.0,1344.0,6.6770,62.31
335.750,measure,4968.0,1344.0,6.6770,62.53
335.850,measure,4968.0,1344.0,6.6770,62.47
335.950,measure,4968.0,1336.0,6.6372,62.44
336.051,measure,4968.0,1344.0,6.6770,62.31
336.151,measure,4968.0,1344.0,6.6770,62.38
336.251,measure,4968.0,1336.0,6.6372,62.31
336.351,measure,4968.0,1344.0,6.6770,62.28
336.451,measure,4968.0,1344.0,6.6770,62.31
336.551,measure,4968.0,1336.0,6.6372,62.25
336.651,measure,4968.0,1344.0,6.6770,62.50
336.752,measure,4968.0,1344.0,6.6770,62.44
336.852,measure,4968.0,1344.0,6.6770,62.41
336.952,measure,4968.0,1344.0,6.6770,62.44
337.052,measure,4968.0,1344.0,6.6770,62.34
337.152,measure,4968.0,1344.0,6.6770,62.31
337.252,measure,4968.0,1344.0,6.6770,62.31
337.352,measure,4968.0,1352.0,6.7167,62.25
337.452,measure,4968.0,1344.0,6.6770,62.31
337.553,measure,4968.0,1344.0,6.6770,62.25
337.653,measure,4968.0,1352.0,6.7167,62.53
337.753,measure,4968.0,1344.0,6.6770,62.38
337.853,measure,4968.0,1344.0,6.6770,62.38
337.953,measure,4968.0,1352.0,6.7167,62.38
338.053,measure,4968.0,1344.0,6.6770,62.31
338.153,measure,4968.0,1336.0,6.6372,62.31
338.253,measure,4968.0,1344.0,6.6770,62.28
338.354,measure,4968.0,1344.0,6.6770,62.25
338.454,measure,4968.0,1336.0,6.6372,62.31
338.554,measure,4968.0,1344.0,6.6770,62.53
338.654,measure,4968.0,1344.0,6.6770,62.31
338.754,measure,4968.0,1336.0,6.6372,62.44
338.854,measure,4968.0,1344.0,6.6770,62.38
338.955,measure,4968.0,1344.0,6.6770,62.34
339.055,measure,4968.0,1336.0,6.6372,62.25
339.155,measure,4968.0,1344.0,6.6770,62.34
339.255,measure,4968.0,1344.0,6.6770,62.34
339.355,measure,4968.0,1336.0,6.6372,62.28
339.455,measure,4968.0,1344.0,6.6770,62.41
339.555,measure,4968.0,1344.0,6.6770,62.41
339.655,measure,4968.0,1344.0,6.6770,62.34
339.756,measure,4968.0,1344.0,6.6770,62.31
339.856,measure,4968.0,1352.0,6.7167,62.38
339.956,measure,4968.0,1344.0,6.6770,62.28
340.056,measure,4968.0,1344.0,6.6770,62.31
340.156,measure,4968.0,1352.0,6.7167,62.25
340.256,measure,4968.0,1344.0,6.6770,62.31
340.356,measure,4968.0,1344.0,6.6770,62.31
340.456,measure,4968.0,1344.0,6.6770,62.41
340.557,measure,4968.0,1344.0,6.6770,62.38
340.657,measure,4968.0,1344.0,6.6770,62.34
340.757,measure,4968.0,1344.0,6.6770,62.34
340.857,measure,4968.0,1344.0,6.6770,62.38
340.957,measure,4968.0,1344.0,6.6770,62.38
341.057,measure,4968.0,1344.0,6.6770,62.31
341.157,measure,4968.0,1336.0,6.6372,62.31
341.258,measure,4968.0,1336.0,6.6372,62.28
341.358,measure,4968.0,1344.0,6.6770,62.34
341.458,measure,4968.0,1344.0,6.6770,62.44
341.558,measure,4968.0,1336.0,6.6372,62.31
341.658,measure,4968.0,1344.0,6.6770,62.31
341.758,measure,4968.0,1344.0,6.6770,62.34
341.858,measure,4968.0,1344.0,6.6770,62.31
341.959,measure,4968.0,1352.0,6.7167,62.31
342.059,measure,4968.0,1344.0,6.6770,62.28
342.159,measure,4968.0,1344.0,6.6770,62.41
342.259,measure,4968.0,1352.0,6.7167,62.41
342.359,measure,4968.0,1344.0,6.6770,62.41
342.459,measure,4968.0,1336.0,6.6372,62.34
342.559,measure,4968.0,1344.0,6.6770,62.34
342.659,measure,4968.0,1344.0,6.6770,62.38
342.760,measure,4968.0,1336.0,6.6372,62.31
342.860,measure,4968.0,1344.0,6.6770,62.31
342.960,measure,4968.0,1344.0,6.6770,62.34
343.060,measure,4968.0,1336.0,6.6372,62.44
343.160,measure,4968.0,1344.0,6.6770,62.44
343.260,measure,4968.0,1344.0,6.6770,62.34
343.360,measure,4968.0,1336.0,6.6372,62.38
343.461,measure,4968.0,1344.0,6.6770,62.31
343.561,measure,4968.0,1344.0,6.6770,62.31
343.661,measure,4968.0,1336.0,6.6372,62.28
343.761,measure,4968.0,1344.0,6.6770,62.31
343.861,measure,4968.0,1344.0,6.6770,62.34
343.961,measure,4968.0,1336.0,6.6372,62.50
344.061,measure,4968.0,1344.0,6.6770,62.38
344.161,measure,4968.0,1344.0,6.6770,62.41
344.262,measure,4968.0,1336.0,6.6372,62.41
344.362,measure,4968.0,1344.0,6.6770,62.34
344.462,measure,4968.0,1344.0,6.6770,62.31
344.562,measure,4968.0,1336.0,6.6372,62.31
344.662,measure,4968.0,1344.0,6.6770,62.31
344.762,measure,4968.0,1344.0,6.6770,62.25
344.862,measure,4968.0,1336.0,6.6372,62.47
344.962,measure,4968.0,1344.0,6.6770,62.44
345.063,measure,4968.0,1344.0,6.6770,62.44
345.163,measure,4968.0,1336.0,6.6372,62.31
345.263,measure,4968.0,1344.0,6.6770,62.38
345.363,measure,4968.0,1352.0,6.7167,62.31
345.463,measure,4968.0,1344.0,6.6770,62.28
345.563,measure,4968.0,1344.0,6.6770,62.31
345.663,measure,4968.0,1352.0,6.7167,62.31
345.763,measure,4968.0,1344.0,6.6770,62.50
345.864,measure,4968.0,1344.0,6.6770,62.47
345.964,measure,4968.0,1352.0,6.7167,62.44
346.064,measure,4968.0,1344.0,6.6770,62.31
346.164,measure,4968.0,1344.0,6.6770,62.38
346.264,measure,4968.0,1352.0,6.7167,62.31
346.364,measure,4968.0,1344.0,6.6770,62.34
346.464,measure,4968.0,1344.0,6.6770,62.31
346.565,measure,4968.0,1344.0,6.6770,62.31
346.665,measure,4968.0,1344.0,6.6770,62.47
346.765,measure,4968.0,1336.0,6.6372,62.50
346.865,measure,4968.0,1344.0,6.6770,62.47
346.965,measure,4968.0,1344.0,6.6770,62.34
347.065,measure,4968.0,1336.0,6.6372,62.34
347.166,measure,4968.0,1344.0,6.6770,62.31
347.266,measure,4968.0,1344.0,6.6770,62.38
347.366,measure,4968.0,1336.0,6.6372,62.31
347.466,measure,4968.0,1344.0,6.6770,62.31
347.566,measure,4968.0,1344.0,6.6770,62.44
347.666,measure,4968.0,1336.0,6.6372,62.50
347.766,measure,4968.0,1344.0,6.6770,62.44
347.866,measure,4968.0,1344.0,6.6770,62.34
347.967,measure,4968.0,1344.0,6.6770,62.34
348.067,measure,4968.0,1344.0,6.6770,62.34
348.167,measure,4968.0,1344.0,6.6770,62.31
348.267,measure,4968.0,1336.0,6.6372,62.31
348.367,measure,4968.0,1344.0,6.6770,62.31
348.467,measure,4968.0,1344.0,6.6770,62.59
348.567,measure,4968.0,1336.0,6.6372,62.50
348.668,measure,4968.0,1344.0,6.6770,62.47
348.768,measure,4968.0,1344.0,6.6770,62.38
348.868,measure,4968.0,1336.0,6.6372,62.41
348.968,measure,4968.0,1344.0,6.6770,62.34
349.068,measure,4968.0,1344.0,6.6770,62.34
349.168,measure,4968.0,1344.0,6.6770,62.31
349.268,measure,4968.0,1344.0,6.6770,62.34
349.368,measure,4968.0,1352.0,6.7167,62.31
349.469,measure,4968.0,1336.0,6.6372,62.44
349.569,measure,4968.0,1344.0,6.6770,62.41
349.669,measure,4968.0,1344.0,6.6770,62.38
349.769,measure,4968.0,1344.0,6.6770,62.44
349.869,measure,4968.0,1344.0,6.6770,62.38
349.969,measure,4968.0,1344.0,6.6770,62.34
350.069,measure,4968.0,1344.0,6.6770,62.34
350.169,measure,4968.0,1344.0,6.6770,62.31
350.270,measure,4968.0,1344.0,6.6770,62.34
350.370,measure,4968.0,1344.0,6.6770,62.44
350.470,measure,4968.0,1344.0,6.6770,62.34
350.570,measure,4968.0,1344.0,6.6770,62.38
350.670,measure,4968.0,1344.0,6.6770,62.38
350.770,measure,4968.0,1344.0,6.6770,62.31
350.870,measure,4968.0,1344.0,6.6770,62.44
350.970,measure,4968.0,1344.0,6.6770,62.28
351.071,measure,4968.0,1344.0,6.6770,62.28
351.171,measure,4968.0,1344.0,6.6770,62.28
351.271,measure,4968.0,1344.0,6.6770,62.25
351.371,measure,4968.0,1344.0,6.6770,62.34
351.471,measure,4968.0,1344.0,6.6770,62.41
351.571,measure,4968.0,1344.0,6.6770,62.31
351.671,measure,4968.0,1344.0,6.6770,62.38
351.771,measure,4968.0,1352.0,6.7167,62.34
351.872,measure,4968.0,1344.0,6.6770,62.31
351.972,measure,4968.0,1344.0,6.6770,62.28
352.072,measure,4968.0,1352.0,6.7167,62.31
352.172,measure,4968.0,1344.0,6.6770,62.25
352.272,measure,4968.0,1344.0,6.6770,62.47
352.372,measure,4968.0,1352.0,6.7167,62.44
352.472,measure,4968.0,1344.0,6.6770,62.38
352.572,measure,4968.0,1344.0,6.6770,62.31
352.673,measure,4968.0,1352.0,6.7167,62.34
352.773,measure,4968.0,1344.0,6.6770,62.31
352.873,measure,4968.0,1344.0,6.6770,62.31
352.973,measure,4968.0,1352.0,6.7167,62.31
353.073,measure,4968.0,1344.0,6.6770,62.28
353.173,measure,4968.0,1344.0,6.6770,62.44
353.274,measure,4968.0,1352.0,6.7167,62.41
353.374,measure,4968.0,1344.0,6.6770,62.44
353.474,measure,4968.0,1344.0,6.6770,62.38
353.574,measure,4968.0,1344.0,6.6770,62.31
353.674,measure,4968.0,1344.0,6.6770,62.38
353.774,measure,4968.0,1336.0,6.6372,62.38
353.874,measure,4968.0,1344.0,6.6770,62.31
353.974,measure,4968.0,1352.0,6.7167,62.31
354.075,measure,4968.0,1344.0,6.6770,62.53
354.175,measure,4968.0,1352.0,6.7167,62.38
354.275,measure,4968.0,1352.0,6.7167,62.44
354.375,measure,4968.0,1344.0,6.6770,62.31
354.475,measure,4968.0,1352.0,6.7167,62.34
354.575,measure,4968.0,1352.0,6.7167,62.31
354.675,measure,4968.0,1344.0,6.6770,62.38
354.775,measure,4968.0,1344.0,6.6770,62.34
354.876,measure,4968.0,1352.0,6.7167,62.25
354.976,measure,4968.0,1352.0,6.7167,62.41
355.076,measure,4968.0,1344.0,6.6770,62.34
355.176,measure,4968.0,1352.0,6.7167,62.38
355.276,measure,4968.0,1344.0,6.6770,62.31
355.376,measure,4968.0,1344.0,6.6770,62.34
355.476,measure,4968.0,1352.0,6.7167,62.31
355.577,measure,4968.0,1344.0,6.6770,62.34
355.677,measure,4968.0,1344.0,6.6770,62.31
355.777,measure,4968.0,1352.0,6.7167,62.31
355.877,measure,4968.0,1344.0,6.6770,62.47
355.977,measure,4968.0,1336.0,6.6372,62.44
356.077,measure,4968.0,1352.0,6.7167,62.44
356.178,measure,4968.0,1344.0,6.6770,62.44
356.278,measure,4968.0,1336.0,6.6372,62.38
356.378,measure,4968.0,1344.0,6.6770,62.31
356.478,measure,4968.0,1344.0,6.6770,62.31
356.578,measure,4968.0,1336.0,6.6372,62.31
356.678,measure,4968.0,1344.0,6.6770,62.31
356.778,measure,4968.0,1344.0,6.6770,62.50
356.878,measure,4968.0,1336.0,6.6372,62.47
356.979,measure,4968.0,1344.0,6.6770,62.47
357.079,measure,4968.0,1344.0,6.6770,62.34
357.179,measure,4968.0,1336.0,6.6372,62.31
357.279,measure,4968.0,1344.0,6.6770,62.34
357.379,measure,4968.0,1344.0,6.6770,62.31
357.479,measure,4968.0,1336.0,6.6372,62.31
357.579,measure,4968.0,1344.0,6.6770,62.31
357.680,measure,4968.0,1344.0,6.6770,62.44
357.780,measure,4968.0,1336.0,6.6372,62.41
357.880,measure,4968.0,1344.0,6.6770,62.38
357.980,measure,4968.0,1344.0,6.6770,62.31
358.080,measure,4968.0,1336.0,6.6372,62.34
358.180,measure,4968.0,1344.0,6.6770,62.34
358.280,measure,4968.0,1344.0,6.6770,62.31
358.381,measure,4968.0,1344.0,6.6770,62.31
358.481,measure,4968.0,1344.0,6.6770,62.28
358.581,measure,4968.0,1352.0,6.7167,62.44
358.681,measure,4968.0,1344.0,6.6770,62.47
358.781,measure,4968.0,1344.0,6.6770,62.41
358.881,measure,4968.0,1344.0,6.6770,62.31
358.981,measure,4968.0,1336.0,6.6372,62.31
359.081,measure,4968.0,1344.0,6.6770,62.34
359.182,measure,4968.0,1344.0,6.6770,62.31
359.282,measure,4968.0,1344.0,6.6770,62.31
359.382,measure,4968.0,1344.0,6.6770,62.31
359.482,measure,4968.0,1344.0,6.6770,62.53
359.582,measure,4968.0,1344.0,6.6770,62.50
359.682,measure,4968.0,1344.0,6.6770,62.41
359.782,measure,4968.0,1344.0,6.6770,62.41
359.882,measure,4968.0,1344.0,6.6770,62.38
359.983,measure,4968.0,1344.0,6.6770,62.31
360.083,measure,4968.0,1344.0,6.6770,62.31
360.183,measure,4968.0,1344.0,6.6770,62.38
360.283,measure,4968.0,1344.0,6.6770,62.34
