t_rel_s,phase,mv,ma,watt,temp_max_c
0.000,warmup,4960.0,1448.0,7.1821,58.66
0.100,warmup,4968.0,1352.0,6.7167,58.75
0.200,warmup,4976.0,1256.0,6.2499,58.69
0.300,warmup,4976.0,1176.0,5.8518,58.88
0.401,warmup,4976.0,1280.0,6.3693,58.84
0.501,warmup,4968.0,1312.0,6.5180,58.75
0.601,warmup,4968.0,1368.0,6.7962,58.78
0.701,warmup,4968.0,1392.0,6.9155,58.75
0.801,warmup,4968.0,1440.0,7.1539,58.75
0.901,warmup,4960.0,1464.0,7.2614,58.69
1.001,warmup,4960.0,1504.0,7.4598,58.81
1.101,warmup,4960.0,1544.0,7.6582,58.72
1.202,warmup,4960.0,1568.0,7.7773,58.97
1.302,warmup,4960.0,1592.0,7.8963,58.88
1.402,warmup,4960.0,1616.0,8.0154,58.84
1.502,warmup,4960.0,1624.0,8.0550,58.84
1.602,warmup,4960.0,1640.0,8.1344,58.84
1.702,warmup,4952.0,1640.0,8.1213,58.81
1.802,warmup,4952.0,1648.0,8.1609,58.88
1.903,warmup,4952.0,1656.0,8.2005,58.81
2.003,warmup,4952.0,1664.0,8.2401,58.78
2.103,warmup,4952.0,1672.0,8.2797,58.97
2.203,warmup,4952.0,1680.0,8.3194,58.94
2.303,warmup,4952.0,1688.0,8.3590,58.97
2.403,warmup,4952.0,1696.0,8.3986,59.19
2.503,warmup,4952.0,1696.0,8.3986,59.00
2.604,warmup,4952.0,1704.0,8.4382,58.84
2.704,warmup,4952.0,1704.0,8.4382,58.88
2.804,warmup,4952.0,1704.0,8.4382,59.16
2.904,warmup,4952.0,1696.0,8.3986,58.88
3.004,warmup,4952.0,1696.0,8.3986,58.88
3.104,warmup,4952.0,1688.0,8.3590,59.03
3.205,warmup,4952.0,1688.0,8.3590,59.06
3.305,warmup,4952.0,1688.0,8.3590,58.94
3.405,warmup,4952.0,1688.0,8.3590,58.94
3.505,warmup,4952.0,1696.0,8.3986,59.00
3.605,warmup,4952.0,1696.0,8.3986,59.06
3.705,warmup,4952.0,1696.0,8.3986,59.06
3.805,warmup,4952.0,1704.0,8.4382,59.34
3.905,warmup,4952.0,1712.0,8.4778,59.22
4.006,warmup,4952.0,1712.0,8.4778,59.12
4.106,warmup,4952.0,1712.0,8.4778,59.44
4.206,warmup,4952.0,1712.0,8.4778,59.16
4.306,warmup,4952.0,1704.0,8.4382,59.03
4.406,warmup,4952.0,1696.0,8.3986,59.03
4.506,warmup,4952.0,1696.0,8.3986,59.25
4.607,warmup,4952.0,1688.0,8.3590,58.94
4.707,warmup,4952.0,1688.0,8.3590,58.94
4.807,warmup,4952.0,1688.0,8.3590,58.97
4.907,warmup,4952.0,1696.0,8.3986,59.16
5.007,warmup,4952.0,1704.0,8.4382,59.22
5.107,warmup,4952.0,1712.0,8.4778,59.12
5.207,warmup,4952.0,1712.0,8.4778,59.16
5.308,warmup,4952.0,1720.0,8.5174,59.34
5.408,warmup,4952.0,1720.0,8.5174,59.38
5.508,warmup,4952.0,1712.0,8.4778,59.44
5.609,warmup,4952.0,1704.0,8.4382,59.34
5.709,warmup,4952.0,1704.0,8.4382,59.25
5.809,warmup,4952.0,1696.0,8.3986,59.00
5.909,warmup,4952.0,1696.0,8.3986,59.22
6.009,warmup,4952.0,1696.0,8.3986,59.22
6.109,warmup,4952.0,1696.0,8.3986,59.16
6.209,warmup,4952.0,1696.0,8.3986,59.34
6.310,warmup,4952.0,1696.0,8.3986,59.16
6.410,warmup,4952.0,1704.0,8.4382,59.12
6.510,warmup,4952.0,1704.0,8.4382,59.28
6.610,warmup,4952.0,1704.0,8.4382,59.22
6.710,warmup,4952.0,1712.0,8.4778,59.38
6.810,warmup,4952.0,1712.0,8.4778,59.38
6.910,warmup,4952.0,1712.0,8.4778,59.53
7.011,warmup,4952.0,1704.0,8.4382,59.44
7.111,warmup,4952.0,1704.0,8.4382,59.34
7.211,warmup,4952.0,1696.0,8.3986,59.47
7.311,warmup,4952.0,1696.0,8.3986,59.34
7.411,warmup,4952.0,1688.0,8.3590,59.31
7.512,warmup,4952.0,1688.0,8.3590,59.09
7.612,warmup,4952.0,1680.0,8.3194,59.38
7.712,warmup,4952.0,1696.0,8.3986,59.34
7.812,warmup,4952.0,1696.0,8.3986,59.31
7.912,warmup,4952.0,1696.0,8.3986,59.56
8.012,warmup,4952.0,1696.0,8.3986,59.28
8.112,warmup,4952.0,1720.0,8.5174,59.34
8.213,warmup,4952.0,1720.0,8.5174,59.44
8.313,warmup,4952.0,1712.0,8.4778,59.38
8.413,warmup,4952.0,1704.0,8.4382,59.50
8.513,warmup,4952.0,1704.0,8.4382,59.38
8.613,warmup,4952.0,1696.0,8.3986,59.56
8.714,warmup,4952.0,1696.0,8.3986,59.44
8.814,warmup,4952.0,1688.0,8.3590,59.38
8.914,warmup,4952.0,1688.0,8.3590,59.38
9.015,warmup,4952.0,1696.0,8.3986,59.44
9.115,warmup,4952.0,1696.0,8.3986,59.28
9.215,warmup,4952.0,1696.0,8.3986,59.34
9.315,warmup,4952.0,1696.0,8.3986,59.53
9.415,warmup,4952.0,1696.0,8.3986,59.44
9.515,warmup,4952.0,1704.0,8.4382,59.31
9.615,warmup,4952.0,1704.0,8.4382,59.47
9.716,warmup,4952.0,1712.0,8.4778,59.41
9.816,warmup,4952.0,1712.0,8.4778,59.59
9.916,warmup,4952.0,1712.0,8.4778,59.59
10.016,warmup,4952.0,1704.0,8.4382,59.59
10.116,warmup,4952.0,1704.0,8.4382,59.59
10.217,warmup,4952.0,1696.0,8.3986,59.47
10.317,warmup,4952.0,1688.0,8.3590,59.62
10.417,warmup,4952.0,1696.0,8.3986,59.50
10.517,warmup,4952.0,1696.0,8.3986,59.31
10.618,warmup,4952.0,1696.0,8.3986,59.47
10.718,warmup,4952.0,1696.0,8.3986,59.69
10.818,warmup,4952.0,1696.0,8.3986,59.44
10.918,warmup,4952.0,1720.0,8.5174,59.50
11.018,warmup,4952.0,1720.0,8.5174,59.53
11.118,warmup,4952.0,1712.0,8.4778,59.56
11.218,warmup,4952.0,1712.0,8.4778,59.69
11.319,warmup,4952.0,1704.0,8.4382,59.59
11.419,warmup,4952.0,1704.0,8.4382,59.69
11.519,warmup,4952.0,1696.0,8.3986,59.59
11.619,warmup,4952.0,1696.0,8.3986,59.53
11.719,warmup,4952.0,1688.0,8.3590,59.75
11.819,warmup,4952.0,1688.0,8.3590,59.56
11.919,warmup,4952.0,1688.0,8.3590,59.47
12.020,warmup,4952.0,1688.0,8.3590,59.75
12.120,warmup,4952.0,1688.0,8.3590,59.59
12.220,warmup,4952.0,1688.0,8.3590,59.53
12.320,warmup,4952.0,1688.0,8.3590,59.47
12.420,warmup,4952.0,1704.0,8.4382,59.81
12.520,warmup,4952.0,1712.0,8.4778,59.59
12.620,warmup,4952.0,1712.0,8.4778,59.56
12.721,warmup,4952.0,1720.0,8.5174,59.66
12.821,warmup,4952.0,1712.0,8.4778,59.62
12.921,warmup,4952.0,1704.0,8.4382,59.66
13.021,warmup,4952.0,1704.0,8.4382,59.53
13.121,warmup,4952.0,1696.0,8.3986,59.47
13.222,warmup,4952.0,1696.0,8.3986,59.69
13.322,warmup,4952.0,1688.0,8.3590,59.56
13.422,warmup,4952.0,1696.0,8.3986,59.81
13.522,warmup,4952.0,1696.0,8.3986,59.78
13.622,warmup,4952.0,1696.0,8.3986,59.62
13.722,warmup,4952.0,1696.0,8.3986,59.53
13.822,warmup,4952.0,1704.0,8.4382,59.94
13.923,warmup,4952.0,1704.0,8.4382,59.81
14.023,warmup,4952.0,1704.0,8.4382,59.72
14.123,warmup,4952.0,1712.0,8.4778,59.97
14.223,warmup,4952.0,1712.0,8.4778,59.72
14.323,warmup,4952.0,1712.0,8.4778,59.66
14.423,warmup,4952.0,1704.0,8.4382,59.84
14.523,warmup,4952.0,1696.0,8.3986,59.69
14.624,warmup,4952.0,1696.0,8.3986,59.81
14.724,warmup,4952.0,1696.0,8.3986,59.62
14.824,warmup,4952.0,1688.0,8.3590,59.62
14.924,warmup,4952.0,1688.0,8.3590,59.69
15.024,warmup,4952.0,1680.0,8.3194,59.69
15.124,warmup,4952.0,1688.0,8.3590,59.94
15.225,warmup,4952.0,1696.0,8.3986,59.84
15.325,warmup,4952.0,1696.0,8.3986,59.75
15.425,warmup,4952.0,1704.0,8.4382,59.69
15.525,warmup,4952.0,1696.0,8.3986,60.00
15.625,warmup,4952.0,1704.0,8.4382,59.94
15.725,warmup,4952.0,1712.0,8.4778,59.69
15.825,warmup,4952.0,1712.0,8.4778,60.12
15.926,warmup,4952.0,1712.0,8.4778,59.69
16.026,warmup,4952.0,1712.0,8.4778,59.78
16.126,warmup,4952.0,1712.0,8.4778,59.94
16.226,warmup,4952.0,1704.0,8.4382,59.78
16.326,warmup,4952.0,1704.0,8.4382,59.75
16.426,warmup,4952.0,1696.0,8.3986,59.88
16.527,warmup,4952.0,1688.0,8.3590,59.97
16.627,warmup,4952.0,1696.0,8.3986,59.88
16.727,warmup,4952.0,1696.0,8.3986,59.88
16.827,warmup,4952.0,1696.0,8.3986,59.72
16.927,warmup,4952.0,1704.0,8.4382,60.00
17.027,warmup,4952.0,1704.0,8.4382,59.88
17.127,warmup,4952.0,1704.0,8.4382,59.84
17.228,warmup,4952.0,1712.0,8.4778,60.12
17.328,warmup,4952.0,1712.0,8.4778,60.09
17.428,warmup,4952.0,1712.0,8.4778,59.81
17.528,warmup,4952.0,1712.0,8.4778,59.81
17.628,warmup,4952.0,1712.0,8.4778,59.94
17.728,warmup,4952.0,1704.0,8.4382,59.94
17.828,warmup,4952.0,1704.0,8.4382,59.94
17.929,warmup,4952.0,1704.0,8.4382,59.94
18.029,warmup,4952.0,1696.0,8.3986,59.91
18.129,warmup,4952.0,1688.0,8.3590,59.84
18.229,warmup,4952.0,1704.0,8.4382,59.84
18.329,warmup,4952.0,1704.0,8.4382,60.00
18.429,warmup,4952.0,1704.0,8.4382,60.00
18.529,warmup,4952.0,1704.0,8.4382,59.91
18.630,warmup,4952.0,1712.0,8.4778,60.19
18.730,warmup,4952.0,1712.0,8.4778,60.09
18.830,warmup,4952.0,1712.0,8.4778,59.97
18.930,warmup,4952.0,1720.0,8.5174,60.38
19.030,warmup,4952.0,1712.0,8.4778,60.22
19.130,warmup,4952.0,1704.0,8.4382,60.06
19.231,warmup,4952.0,1704.0,8.4382,60.00
19.331,warmup,4952.0,1696.0,8.3986,59.94
19.431,warmup,4952.0,1696.0,8.3986,59.94
19.532,warmup,4952.0,1696.0,8.3986,59.97
19.632,warmup,4952.0,1696.0,8.3986,59.88
19.732,warmup,4952.0,1688.0,8.3590,60.03
19.832,warmup,4952.0,1696.0,8.3986,60.03
19.932,warmup,4952.0,1696.0,8.3986,59.97
20.032,warmup,4952.0,1712.0,8.4778,60.22
20.132,warmup,4952.0,1712.0,8.4778,60.19
20.233,warmup,4952.0,1712.0,8.4778,60.09
20.333,warmup,4952.0,1712.0,8.4778,60.28
20.433,warmup,4952.0,1712.0,8.4778,60.22
20.533,warmup,4952.0,1712.0,8.4778,60.03
20.633,warmup,4952.0,1712.0,8.4778,60.03
20.733,warmup,4952.0,1704.0,8.4382,60.06
20.833,warmup,4952.0,1704.0,8.4382,60.16
20.934,warmup,4952.0,1696.0,8.3986,60.03
21.034,warmup,4952.0,1696.0,8.3986,60.00
21.134,warmup,4952.0,1696.0,8.3986,59.97
21.234,warmup,4952.0,1688.0,8.3590,59.94
21.334,warmup,4952.0,1680.0,8.3194,59.94
21.434,warmup,4952.0,1688.0,8.3590,60.16
21.534,warmup,4952.0,1688.0,8.3590,60.16
21.635,warmup,4952.0,1688.0,8.3590,60.12
21.735,warmup,4952.0,1688.0,8.3590,60.34
21.835,warmup,4952.0,1696.0,8.3986,60.19
21.935,warmup,4952.0,1712.0,8.4778,60.25
22.035,warmup,4952.0,1720.0,8.5174,60.44
22.135,warmup,4952.0,1720.0,8.5174,60.44
22.236,warmup,4952.0,1720.0,8.5174,60.16
22.337,warmup,4952.0,1712.0,8.4778,60.06
22.437,warmup,4952.0,1704.0,8.4382,60.12
22.537,warmup,4952.0,1704.0,8.4382,60.03
22.637,warmup,4952.0,1696.0,8.3986,60.03
22.737,warmup,4952.0,1688.0,8.3590,60.16
22.837,warmup,4952.0,1712.0,8.4778,60.28
22.938,warmup,4952.0,1704.0,8.4382,60.25
23.038,warmup,4952.0,1704.0,8.4382,60.12
23.138,warmup,4952.0,1712.0,8.4778,60.47
23.238,warmup,4952.0,1728.0,8.5571,60.41
23.338,warmup,4952.0,1728.0,8.5571,60.34
23.438,warmup,4952.0,1720.0,8.5174,60.59
23.539,warmup,4952.0,1712.0,8.4778,60.44
23.639,warmup,4952.0,1704.0,8.4382,60.22
23.739,warmup,4952.0,1696.0,8.3986,60.22
23.840,warmup,4952.0,1696.0,8.3986,60.19
23.940,warmup,4952.0,1696.0,8.3986,60.12
24.040,warmup,4952.0,1688.0,8.3590,60.16
24.140,warmup,4952.0,1688.0,8.3590,60.09
24.240,warmup,4952.0,1688.0,8.3590,60.06
24.340,warmup,4952.0,1696.0,8.3986,60.19
24.440,warmup,4952.0,1696.0,8.3986,60.25
24.541,warmup,4952.0,1696.0,8.3986,60.38
24.641,warmup,4952.0,1712.0,8.4778,60.44
24.741,warmup,4952.0,1720.0,8.5174,60.41
24.841,warmup,4952.0,1712.0,8.4778,60.50
24.941,warmup,4952.0,1720.0,8.5174,60.47
25.041,warmup,4952.0,1720.0,8.5174,60.44
25.141,warmup,4952.0,1712.0,8.4778,60.69
25.241,warmup,4952.0,1704.0,8.4382,60.50
25.342,warmup,4952.0,1704.0,8.4382,60.31
25.442,warmup,4952.0,1696.0,8.3986,60.28
25.542,warmup,4952.0,1688.0,8.3590,60.47
25.642,warmup,4952.0,1688.0,8.3590,60.28
25.742,warmup,4952.0,1680.0,8.3194,60.19
25.842,warmup,4952.0,1680.0,8.3194,60.28
25.943,warmup,4952.0,1688.0,8.3590,60.16
26.043,warmup,4952.0,1688.0,8.3590,60.28
26.143,warmup,4952.0,1688.0,8.3590,60.28
26.243,warmup,4952.0,1712.0,8.4778,60.62
26.343,warmup,4952.0,1712.0,8.4778,60.50
26.443,warmup,4952.0,1712.0,8.4778,60.44
26.543,warmup,4952.0,1720.0,8.5174,60.69
26.644,warmup,4952.0,1712.0,8.4778,60.56
26.744,warmup,4952.0,1712.0,8.4778,60.28
26.844,warmup,4952.0,1704.0,8.4382,60.28
26.944,warmup,4952.0,1696.0,8.3986,60.62
27.044,warmup,4952.0,1696.0,8.3986,60.22
27.144,warmup,4952.0,1696.0,8.3986,60.47
27.245,warmup,4952.0,1688.0,8.3590,60.59
27.345,warmup,4952.0,1688.0,8.3590,60.34
27.445,warmup,4952.0,1688.0,8.3590,60.34
27.545,warmup,4952.0,1688.0,8.3590,60.28
27.645,warmup,4952.0,1688.0,8.3590,60.28
27.745,warmup,4952.0,1696.0,8.3986,60.50
27.845,warmup,4952.0,1696.0,8.3986,60.41
27.945,warmup,4952.0,1704.0,8.4382,60.41
28.046,warmup,4952.0,1704.0,8.4382,60.59
28.146,warmup,4952.0,1712.0,8.4778,60.53
28.246,warmup,4952.0,1728.0,8.5571,60.81
28.346,warmup,4952.0,1720.0,8.5174,60.69
28.446,warmup,4952.0,1712.0,8.4778,60.56
28.546,warmup,4952.0,1704.0,8.4382,60.38
28.647,warmup,4952.0,1704.0,8.4382,60.66
28.747,warmup,4952.0,1696.0,8.3986,60.31
28.847,warmup,4952.0,1696.0,8.3986,60.25
28.947,warmup,4952.0,1688.0,8.3590,60.69
29.047,warmup,4952.0,1688.0,8.3590,60.50
29.147,warmup,4952.0,1688.0,8.3590,60.50
29.247,warmup,4952.0,1696.0,8.3986,60.44
29.348,warmup,4952.0,1704.0,8.4382,60.44
29.448,warmup,4952.0,1712.0,8.4778,60.66
29.548,warmup,4952.0,1720.0,8.5174,60.53
29.648,warmup,4952.0,1736.0,8.5967,60.66
29.748,warmup,4952.0,1728.0,8.5571,60.75
29.848,warmup,4952.0,1720.0,8.5174,60.62
29.948,warmup,4952.0,1712.0,8.4778,60.78
30.049,warmup,4952.0,1712.0,8.4778,60.69
30.149,warmup,4952.0,1704.0,8.4382,60.59
30.249,warmup,4952.0,1704.0,8.4382,60.44
30.349,warmup,4952.0,1704.0,8.4382,60.69
30.449,warmup,4952.0,1704.0,8.4382,60.38
30.549,warmup,4952.0,1704.0,8.4382,60.44
30.649,warmup,4952.0,1704.0,8.4382,60.41
30.750,warmup,4952.0,1704.0,8.4382,60.53
30.850,warmup,4952.0,1728.0,8.5571,60.53
30.950,warmup,4952.0,1720.0,8.5174,60.59
31.050,warmup,4952.0,1720.0,8.5174,60.62
31.150,warmup,4952.0,1712.0,8.4778,60.75
31.250,warmup,4952.0,1712.0,8.4778,60.66
31.350,warmup,4952.0,1704.0,8.4382,60.56
31.451,warmup,4952.0,1696.0,8.3986,60.72
31.551,warmup,4952.0,1696.0,8.3986,60.59
31.651,warmup,4952.0,1696.0,8.3986,60.44
31.751,warmup,4952.0,1696.0,8.3986,60.69
31.852,warmup,4952.0,1696.0,8.3986,60.69
31.952,warmup,4952.0,1712.0,8.4778,60.66
32.052,warmup,4952.0,1712.0,8.4778,60.91
32.152,warmup,4952.0,1720.0,8.5174,60.66
32.252,warmup,4952.0,1720.0,8.5174,60.59
32.353,warmup,4952.0,1720.0,8.5174,60.78
32.453,warmup,4952.0,1720.0,8.5174,60.72
32.553,warmup,4952.0,1712.0,8.4778,60.72
32.654,warmup,4952.0,1712.0,8.4778,60.75
32.754,warmup,4952.0,1704.0,8.4382,60.88
32.854,warmup,4952.0,1704.0,8.4382,60.69
32.954,warmup,4952.0,1696.0,8.3986,60.53
33.054,warmup,4952.0,1704.0,8.4382,60.88
33.154,warmup,4952.0,1704.0,8.4382,60.88
33.255,warmup,4952.0,1712.0,8.4778,60.75
33.355,warmup,4952.0,1728.0,8.5571,60.62
33.455,warmup,4952.0,1720.0,8.5174,60.94
33.555,warmup,4952.0,1720.0,8.5174,60.66
33.656,warmup,4952.0,1720.0,8.5174,60.66
33.756,warmup,4952.0,1712.0,8.4778,60.75
33.856,warmup,4952.0,1712.0,8.4778,60.62
33.956,warmup,4952.0,1704.0,8.4382,60.59
34.056,warmup,4952.0,1696.0,8.3986,60.59
34.156,warmup,4952.0,1704.0,8.4382,60.53
34.257,warmup,4952.0,1720.0,8.5174,60.84
34.357,warmup,4952.0,1712.0,8.4778,60.72
34.457,warmup,4952.0,1712.0,8.4778,60.69
34.557,warmup,4952.0,1728.0,8.5571,60.97
34.657,warmup,4952.0,1728.0,8.5571,60.91
34.757,warmup,4952.0,1728.0,8.5571,60.78
34.857,warmup,4952.0,1720.0,8.5174,61.06
34.957,warmup,4952.0,1712.0,8.4778,60.94
35.058,warmup,4952.0,1712.0,8.4778,60.59
35.158,warmup,4952.0,1704.0,8.4382,60.91
35.258,warmup,4952.0,1712.0,8.4778,60.59
35.358,warmup,4952.0,1704.0,8.4382,60.56
35.458,warmup,4952.0,1704.0,8.4382,60.69
35.558,warmup,4952.0,1720.0,8.5174,60.81
35.658,warmup,4952.0,1720.0,8.5174,60.78
35.759,warmup,4952.0,1720.0,8.5174,60.91
35.859,warmup,4952.0,1728.0,8.5571,60.81
35.959,warmup,4952.0,1720.0,8.5174,60.91
36.059,warmup,4952.0,1712.0,8.4778,60.88
36.159,warmup,4952.0,1712.0,8.4778,60.97
36.259,warmup,4952.0,1704.0,8.4382,60.91
36.360,warmup,4952.0,1696.0,8.3986,60.78
36.460,warmup,4952.0,1696.0,8.3986,60.75
36.560,warmup,4952.0,1712.0,8.4778,60.97
36.660,warmup,4952.0,1704.0,8.4382,60.91
36.760,warmup,4952.0,1704.0,8.4382,60.81
36.860,warmup,4952.0,1704.0,8.4382,61.09
36.960,warmup,4952.0,1712.0,8.4778,60.84
37.061,warmup,4952.0,1728.0,8.5571,60.88
37.161,warmup,4952.0,1720.0,8.5174,60.91
37.261,warmup,4952.0,1720.0,8.5174,61.06
37.361,warmup,4952.0,1712.0,8.4778,60.81
37.461,warmup,4952.0,1704.0,8.4382,60.81
37.561,warmup,4952.0,1704.0,8.4382,60.78
37.661,warmup,4952.0,1696.0,8.3986,60.84
37.762,warmup,4952.0,1688.0,8.3590,60.81
37.862,warmup,4952.0,1704.0,8.4382,60.88
37.962,warmup,4952.0,1704.0,8.4382,61.06
38.062,warmup,4952.0,1704.0,8.4382,60.91
38.162,warmup,4952.0,1712.0,8.4778,60.94
38.262,warmup,4952.0,1728.0,8.5571,61.19
38.362,warmup,4952.0,1728.0,8.5571,61.16
38.463,warmup,4952.0,1720.0,8.5174,60.97
38.563,warmup,4952.0,1712.0,8.4778,60.94
38.664,warmup,4952.0,1704.0,8.4382,60.91
38.764,warmup,4952.0,1704.0,8.4382,60.97
38.864,warmup,4952.0,1696.0,8.3986,60.91
38.964,warmup,4952.0,1696.0,8.3986,60.75
39.065,warmup,4952.0,1688.0,8.3590,60.91
39.165,warmup,4952.0,1688.0,8.3590,60.88
39.265,warmup,4952.0,1704.0,8.4382,60.97
39.365,warmup,4952.0,1704.0,8.4382,61.09
39.465,warmup,4952.0,1704.0,8.4382,61.06
39.565,warmup,4952.0,1712.0,8.4778,60.94
39.666,warmup,4952.0,1712.0,8.4778,61.25
39.766,warmup,4952.0,1720.0,8.5174,61.09
39.866,warmup,4952.0,1720.0,8.5174,60.97
39.966,warmup,4952.0,1720.0,8.5174,61.28
40.066,warmup,4952.0,1720.0,8.5174,61.00
40.166,warmup,4952.0,1712.0,8.4778,61.00
40.266,warmup,4952.0,1712.0,8.4778,60.88
40.367,warmup,4952.0,1704.0,8.4382,61.03
40.467,warmup,4952.0,1696.0,8.3986,60.91
40.567,warmup,4952.0,1704.0,8.4382,60.97
40.667,warmup,4952.0,1704.0,8.4382,60.91
40.767,warmup,4952.0,1704.0,8.4382,61.19
40.867,warmup,4952.0,1704.0,8.4382,61.12
40.967,warmup,4952.0,1712.0,8.4778,61.00
41.068,warmup,4952.0,1712.0,8.4778,61.28
41.168,warmup,4952.0,1720.0,8.5174,61.22
41.268,warmup,4952.0,1720.0,8.5174,61.12
41.368,warmup,4952.0,1720.0,8.5174,61.41
41.468,warmup,4952.0,1720.0,8.5174,61.31
41.568,warmup,4952.0,1712.0,8.4778,60.94
41.669,warmup,4952.0,1704.0,8.4382,60.94
41.769,warmup,4952.0,1704.0,8.4382,60.88
41.869,warmup,4952.0,1704.0,8.4382,61.16
41.969,warmup,4952.0,1704.0,8.4382,60.84
42.069,warmup,4952.0,1712.0,8.4778,60.97
42.169,warmup,4952.0,1712.0,8.4778,61.06
42.270,warmup,4952.0,1712.0,8.4778,61.16
42.370,warmup,4952.0,1712.0,8.4778,61.19
42.470,warmup,4952.0,1720.0,8.5174,61.38
42.570,warmup,4952.0,1720.0,8.5174,61.25
42.670,warmup,4952.0,1720.0,8.5174,61.22
42.771,warmup,4952.0,1720.0,8.5174,61.41
42.871,warmup,4952.0,1712.0,8.4778,61.34
42.972,warmup,4952.0,1704.0,8.4382,61.03
43.072,warmup,4952.0,1704.0,8.4382,61.38
43.172,warmup,4952.0,1696.0,8.3986,61.19
43.272,warmup,4952.0,1696.0,8.3986,61.09
43.372,warmup,4952.0,1688.0,8.3590,61.00
43.472,warmup,4952.0,1688.0,8.3590,60.97
43.572,warmup,4952.0,1696.0,8.3986,60.97
43.673,warmup,4952.0,1696.0,8.3986,60.97
43.773,warmup,4952.0,1696.0,8.3986,61.09
43.873,warmup,4952.0,1704.0,8.4382,61.28
43.973,warmup,4952.0,1704.0,8.4382,61.19
44.073,warmup,4952.0,1712.0,8.4778,61.22
44.173,warmup,4952.0,1712.0,8.4778,61.38
44.273,warmup,4952.0,1720.0,8.5174,61.34
44.374,warmup,4952.0,1720.0,8.5174,61.28
44.474,warmup,4952.0,1720.0,8.5174,61.53
44.574,warmup,4952.0,1712.0,8.4778,61.41
44.674,warmup,4952.0,1704.0,8.4382,61.06
44.774,warmup,4952.0,1704.0,8.4382,61.03
44.874,warmup,4952.0,1696.0,8.3986,61.03
44.975,warmup,4952.0,1696.0,8.3986,61.06
45.075,warmup,4952.0,1688.0,8.3590,61.09
45.175,warmup,4952.0,1688.0,8.3590,61.06
45.275,warmup,4952.0,1688.0,8.3590,61.03
45.375,warmup,4952.0,1712.0,8.4778,61.25
45.475,warmup,4952.0,1704.0,8.4382,61.22
45.575,warmup,4952.0,1712.0,8.4778,61.19
45.676,warmup,4952.0,1712.0,8.4778,61.41
45.776,warmup,4952.0,1720.0,8.5174,61.31
45.876,warmup,4952.0,1720.0,8.5174,61.53
45.976,warmup,4952.0,1728.0,8.5571,61.44
46.076,warmup,4952.0,1720.0,8.5174,61.25
46.176,warmup,4952.0,1712.0,8.4778,61.56
46.276,warmup,4952.0,1704.0,8.4382,61.44
46.377,warmup,4952.0,1704.0,8.4382,61.19
46.477,warmup,4952.0,1704.0,8.4382,61.19
46.577,warmup,4952.0,1696.0,8.3986,61.12
46.677,warmup,4952.0,1688.0,8.3590,61.06
46.777,warmup,4952.0,1688.0,8.3590,61.03
46.877,warmup,4952.0,1696.0,8.3986,61.25
46.977,warmup,4952.0,1696.0,8.3986,61.19
47.078,warmup,4952.0,1696.0,8.3986,61.34
47.178,warmup,4952.0,1696.0,8.3986,61.28
47.278,warmup,4952.0,1704.0,8.4382,61.28
47.378,warmup,4952.0,1704.0,8.4382,61.41
47.478,warmup,4952.0,1712.0,8.4778,61.41
47.578,warmup,4952.0,1712.0,8.4778,61.69
47.679,warmup,4952.0,1720.0,8.5174,61.50
47.779,warmup,4952.0,1712.0,8.4778,61.41
47.879,warmup,4952.0,1712.0,8.4778,61.62
47.979,warmup,4952.0,1704.0,8.4382,61.50
48.079,warmup,4952.0,1704.0,8.4382,61.19
48.179,warmup,4952.0,1696.0,8.3986,61.16
48.279,warmup,4952.0,1696.0,8.3986,61.19
48.380,warmup,4952.0,1688.0,8.3590,61.16
48.480,warmup,4952.0,1688.0,8.3590,61.09
48.580,warmup,4952.0,1696.0,8.3986,61.19
48.680,warmup,4952.0,1696.0,8.3986,61.25
48.780,warmup,4952.0,1696.0,8.3986,61.41
48.880,warmup,4952.0,1704.0,8.4382,61.31
48.980,warmup,4952.0,1704.0,8.4382,61.34
49.081,warmup,4952.0,1704.0,8.4382,61.47
49.181,warmup,4952.0,1712.0,8.4778,61.44
49.281,warmup,4952.0,1712.0,8.4778,61.81
49.381,warmup,4952.0,1720.0,8.5174,61.56
49.481,warmup,4952.0,1720.0,8.5174,61.47
49.581,warmup,4952.0,1712.0,8.4778,61.34
49.681,warmup,4952.0,1712.0,8.4778,61.53
49.782,warmup,4952.0,1704.0,8.4382,61.31
49.882,warmup,4952.0,1696.0,8.3986,61.25
49.982,warmup,4952.0,1688.0,8.3590,61.53
50.082,warmup,4952.0,1688.0,8.3590,61.25
50.182,warmup,4952.0,1696.0,8.3986,61.28
50.282,warmup,4952.0,1696.0,8.3986,61.38
50.383,warmup,4952.0,1696.0,8.3986,61.34
50.483,warmup,4952.0,1696.0,8.3986,61.50
50.583,warmup,4952.0,1704.0,8.4382,61.41
50.683,warmup,4952.0,1704.0,8.4382,61.44
50.783,warmup,4952.0,1712.0,8.4778,61.62
50.883,warmup,4952.0,1720.0,8.5174,61.44
50.983,warmup,4952.0,1720.0,8.5174,61.88
51.084,warmup,4952.0,1720.0,8.5174,61.75
51.184,warmup,4952.0,1712.0,8.4778,61.41
51.284,warmup,4952.0,1704.0,8.4382,61.31
51.385,warmup,4952.0,1704.0,8.4382,61.66
51.485,warmup,4952.0,1696.0,8.3986,61.41
51.585,warmup,4952.0,1696.0,8.3986,61.34
51.685,warmup,4952.0,1696.0,8.3986,61.66
51.785,warmup,4952.0,1688.0,8.3590,61.41
51.885,warmup,4952.0,1688.0,8.3590,61.31
51.986,warmup,4952.0,1696.0,8.3986,61.38
52.086,warmup,4952.0,1712.0,8.4778,61.38
52.186,warmup,4952.0,1704.0,8.4382,61.56
52.286,warmup,4952.0,1712.0,8.4778,61.47
52.386,warmup,4952.0,1720.0,8.5174,61.81
52.486,warmup,4952.0,1728.0,8.5571,61.66
52.586,warmup,4952.0,1720.0,8.5174,61.72
52.687,warmup,4952.0,1712.0,8.4778,61.44
52.787,warmup,4952.0,1712.0,8.4778,61.69
52.887,warmup,4952.0,1704.0,8.4382,61.41
52.988,warmup,4952.0,1696.0,8.3986,61.34
53.088,warmup,4952.0,1696.0,8.3986,61.62
53.188,warmup,4952.0,1696.0,8.3986,61.38
53.288,warmup,4952.0,1696.0,8.3986,61.28
53.388,warmup,4952.0,1696.0,8.3986,61.41
53.488,warmup,4952.0,1696.0,8.3986,61.41
53.588,warmup,4952.0,1696.0,8.3986,61.56
53.689,warmup,4952.0,1704.0,8.4382,61.53
53.789,warmup,4952.0,1704.0,8.4382,61.47
53.889,warmup,4952.0,1704.0,8.4382,61.62
53.989,warmup,4952.0,1712.0,8.4778,61.56
54.089,warmup,4952.0,1712.0,8.4778,61.91
54.189,warmup,4952.0,1720.0,8.5174,61.84
54.289,warmup,4952.0,1720.0,8.5174,61.62
54.390,warmup,4952.0,1720.0,8.5174,61.50
54.490,warmup,4952.0,1712.0,8.4778,61.88
54.590,warmup,4952.0,1712.0,8.4778,61.59
54.690,warmup,4952.0,1704.0,8.4382,61.41
54.790,warmup,4952.0,1704.0,8.4382,61.88
54.890,warmup,4952.0,1696.0,8.3986,61.44
54.991,warmup,4952.0,1696.0,8.3986,61.50
55.091,warmup,4952.0,1688.0,8.3590,61.41
55.191,warmup,4952.0,1688.0,8.3590,61.50
55.291,warmup,4952.0,1712.0,8.4778,61.47
55.391,warmup,4952.0,1728.0,8.5571,61.69
55.491,warmup,4952.0,1728.0,8.5571,61.69
55.591,warmup,4952.0,1728.0,8.5571,61.81
55.692,warmup,4952.0,1728.0,8.5571,61.75
55.792,warmup,4952.0,1728.0,8.5571,61.72
55.892,warmup,4952.0,1720.0,8.5174,61.88
55.992,warmup,4952.0,1720.0,8.5174,61.78
56.092,warmup,4952.0,1712.0,8.4778,61.59
56.192,warmup,4952.0,1704.0,8.4382,61.81
56.292,warmup,4952.0,1696.0,8.3986,61.72
56.393,warmup,4952.0,1696.0,8.3986,61.50
56.493,warmup,4952.0,1704.0,8.4382,61.47
56.593,warmup,4952.0,1712.0,8.4778,61.59
56.693,warmup,4952.0,1712.0,8.4778,61.56
56.793,warmup,4952.0,1712.0,8.4778,61.62
56.893,warmup,4952.0,1712.0,8.4778,61.62
56.993,warmup,4952.0,1712.0,8.4778,61.69
57.094,warmup,4952.0,1712.0,8.4778,61.75
57.194,warmup,4952.0,1712.0,8.4778,61.66
57.294,warmup,4952.0,1720.0,8.5174,61.91
57.394,warmup,4952.0,1712.0,8.4778,61.75
57.494,warmup,4952.0,1712.0,8.4778,61.75
57.594,warmup,4952.0,1704.0,8.4382,61.81
57.695,warmup,4952.0,1696.0,8.3986,61.69
57.795,warmup,4952.0,1696.0,8.3986,61.44
57.895,warmup,4952.0,1696.0,8.3986,61.88
57.995,warmup,4952.0,1704.0,8.4382,61.69
58.095,warmup,4952.0,1704.0,8.4382,61.56
58.195,warmup,4952.0,1712.0,8.4778,61.69
58.295,warmup,4952.0,1720.0,8.5174,61.75
58.396,warmup,4952.0,1720.0,8.5174,61.78
58.496,warmup,4952.0,1728.0,8.5571,61.84
58.597,warmup,4952.0,1720.0,8.5174,61.78
58.697,warmup,4952.0,1712.0,8.4778,61.88
58.797,warmup,4952.0,1712.0,8.4778,61.69
58.897,warmup,4952.0,1704.0,8.4382,61.69
58.997,warmup,4952.0,1696.0,8.3986,61.81
59.097,warmup,4952.0,1712.0,8.4778,61.72
59.198,warmup,4952.0,1712.0,8.4778,61.62
59.298,warmup,4952.0,1712.0,8.4778,62.00
59.398,warmup,4952.0,1728.0,8.5571,61.97
59.498,warmup,4952.0,1728.0,8.5571,61.72
59.598,warmup,4952.0,1728.0,8.5571,61.88
59.699,warmup,4952.0,1728.0,8.5571,61.81
59.799,warmup,4952.0,1720.0,8.5174,61.72
59.899,warmup,4952.0,1712.0,8.4778,61.78
59.999,warmup,4952.0,1704.0,8.4382,61.72
60.099,warmup,4952.0,1704.0,8.4382,61.78
60.200,warmup,4952.0,1696.0,8.3986,61.69
60.300,warmup,4952.0,1696.0,8.3986,61.72
60.400,measure,4952.0,1688.0,8.3590,61.75
60.500,measure,4952.0,1688.0,8.3590,61.69
60.600,measure,4952.0,1696.0,8.3986,61.62
60.700,measure,4952.0,1696.0,8.3986,61.91
60.800,measure,4952.0,1712.0,8.4778,61.91
60.901,measure,4952.0,1712.0,8.4778,61.78
61.001,measure,4952.0,1720.0,8.5174,62.06
61.101,measure,4952.0,1736.0,8.5967,62.16
61.201,measure,4952.0,1728.0,8.5571,61.84
61.301,measure,4952.0,1720.0,8.5174,61.88
61.401,measure,4952.0,1720.0,8.5174,61.81
61.501,measure,4952.0,1712.0,8.4778,61.75
61.602,measure,4952.0,1712.0,8.4778,61.88
61.702,measure,4952.0,1704.0,8.4382,61.78
61.802,measure,4952.0,1696.0,8.3986,61.84
61.902,measure,4952.0,1696.0,8.3986,61.75
62.002,measure,4952.0,1696.0,8.3986,61.75
62.102,measure,4952.0,1696.0,8.3986,61.88
62.202,measure,4952.0,1704.0,8.4382,61.84
62.303,measure,4952.0,1704.0,8.4382,61.78
62.403,measure,4952.0,1704.0,8.4382,62.06
62.503,measure,4952.0,1712.0,8.4778,61.97
62.603,measure,4952.0,1712.0,8.4778,61.84
62.703,measure,4952.0,1728.0,8.5571,62.28
62.803,measure,4952.0,1728.0,8.5571,62.16
62.903,measure,4952.0,1720.0,8.5174,61.84
63.004,measure,4952.0,1712.0,8.4778,61.72
63.104,measure,4952.0,1712.0,8.4778,61.81
63.204,measure,4952.0,1704.0,8.4382,61.78
63.304,measure,4952.0,1704.0,8.4382,61.81
63.404,measure,4952.0,1696.0,8.3986,61.69
63.504,measure,4952.0,1696.0,8.3986,61.91
63.604,measure,4952.0,1696.0,8.3986,61.81
63.705,measure,4952.0,1704.0,8.4382,61.81
63.805,measure,4952.0,1704.0,8.4382,62.16
63.905,measure,4952.0,1704.0,8.4382,61.97
64.005,measure,4952.0,1704.0,8.4382,61.88
64.105,measure,4952.0,1728.0,8.5571,62.25
64.205,measure,4952.0,1728.0,8.5571,62.16
64.305,measure,4952.0,1728.0,8.5571,62.19
64.406,measure,4952.0,1720.0,8.5174,61.94
64.506,measure,4952.0,1712.0,8.4778,61.94
64.606,measure,4952.0,1712.0,8.4778,61.84
64.706,measure,4952.0,1704.0,8.4382,61.78
64.806,measure,4952.0,1704.0,8.4382,61.84
64.906,measure,4952.0,1696.0,8.3986,61.75
65.006,measure,4952.0,1696.0,8.3986,61.88
65.107,measure,4952.0,1696.0,8.3986,61.88
65.207,measure,4952.0,1696.0,8.3986,61.81
65.307,measure,4952.0,1704.0,8.4382,61.97
65.407,measure,4952.0,1704.0,8.4382,61.94
65.507,measure,4952.0,1704.0,8.4382,62.25
65.607,measure,4952.0,1712.0,8.4778,62.16
65.707,measure,4952.0,1720.0,8.5174,62.03
65.808,measure,4952.0,1720.0,8.5174,62.34
65.908,measure,4952.0,1720.0,8.5174,62.22
66.008,measure,4952.0,1720.0,8.5174,62.16
66.108,measure,4952.0,1712.0,8.4778,61.88
66.208,measure,4952.0,1712.0,8.4778,62.28
66.308,measure,4952.0,1704.0,8.4382,62.00
66.409,measure,4952.0,1704.0,8.4382,61.84
66.509,measure,4952.0,1696.0,8.3986,61.84
66.609,measure,4952.0,1696.0,8.3986,61.84
66.709,measure,4952.0,1696.0,8.3986,61.81
66.809,measure,4952.0,1696.0,8.3986,61.94
66.909,measure,4952.0,1704.0,8.4382,61.88
67.009,measure,4952.0,1704.0,8.4382,62.09
67.109,measure,4952.0,1704.0,8.4382,62.03
67.210,measure,4952.0,1720.0,8.5174,62.12
67.310,measure,4952.0,1728.0,8.5571,62.19
67.410,measure,4952.0,1728.0,8.5571,62.19
67.511,measure,4952.0,1728.0,8.5571,61.91
67.611,measure,4952.0,1720.0,8.5174,62.28
67.711,measure,4952.0,1712.0,8.4778,61.88
67.811,measure,4952.0,1712.0,8.4778,61.81
67.912,measure,4952.0,1704.0,8.4382,62.19
68.012,measure,4952.0,1696.0,8.3986,61.81
68.112,measure,4952.0,1696.0,8.3986,61.78
68.212,measure,4952.0,1696.0,8.3986,62.00
68.312,measure,4952.0,1704.0,8.4382,61.88
68.412,measure,4952.0,1704.0,8.4382,62.00
68.512,measure,4952.0,1704.0,8.4382,62.06
68.613,measure,4952.0,1704.0,8.4382,62.12
68.713,measure,4952.0,1712.0,8.4778,62.22
68.813,measure,4952.0,1720.0,8.5174,62.12
68.913,measure,4952.0,1736.0,8.5967,62.44
69.013,measure,4952.0,1728.0,8.5571,62.38
69.113,measure,4952.0,1720.0,8.5174,62.09
69.213,measure,4952.0,1720.0,8.5174,61.97
69.314,measure,4952.0,1712.0,8.4778,62.31
69.414,measure,4952.0,1704.0,8.4382,61.91
69.514,measure,4952.0,1704.0,8.4382,61.84
69.614,measure,4952.0,1704.0,8.4382,62.34
69.714,measure,4952.0,1696.0,8.3986,61.84
69.814,measure,4952.0,1696.0,8.3986,61.88
69.914,measure,4952.0,1704.0,8.4382,62.12
70.015,measure,4952.0,1704.0,8.4382,62.00
70.115,measure,4952.0,1712.0,8.4778,62.31
70.215,measure,4952.0,1728.0,8.5571,62.28
70.315,measure,4952.0,1728.0,8.5571,62.19
70.415,measure,4952.0,1728.0,8.5571,62.38
70.515,measure,4952.0,1728.0,8.5571,62.28
70.616,measure,4952.0,1720.0,8.5174,62.03
70.717,measure,4952.0,1712.0,8.4778,62.38
70.817,measure,4952.0,1704.0,8.4382,61.97
70.917,measure,4952.0,1704.0,8.4382,61.94
71.017,measure,4952.0,1696.0,8.3986,62.25
71.118,measure,4952.0,1696.0,8.3986,62.06
71.218,measure,4952.0,1696.0,8.3986,61.97
71.318,measure,4952.0,1696.0,8.3986,62.03
71.418,measure,4952.0,1696.0,8.3986,62.00
71.518,measure,4952.0,1712.0,8.4778,62.28
71.618,measure,4952.0,1712.0,8.4778,62.16
71.718,measure,4952.0,1712.0,8.4778,62.12
71.819,measure,4952.0,1712.0,8.4778,62.25
71.919,measure,4952.0,1728.0,8.5571,62.34
72.019,measure,4952.0,1728.0,8.5571,62.44
72.119,measure,4952.0,1720.0,8.5174,62.38
72.219,measure,4952.0,1712.0,8.4778,62.31
72.319,measure,4952.0,1712.0,8.4778,62.09
72.419,measure,4952.0,1704.0,8.4382,62.25
72.520,measure,4952.0,1704.0,8.4382,62.06
72.620,measure,4952.0,1696.0,8.3986,61.94
72.720,measure,4952.0,1688.0,8.3590,62.28
72.820,measure,4952.0,1688.0,8.3590,61.94
72.920,measure,4952.0,1688.0,8.3590,62.16
73.020,measure,4952.0,1696.0,8.3986,62.03
73.120,measure,4952.0,1696.0,8.3986,62.06
73.221,measure,4952.0,1712.0,8.4778,62.31
73.321,measure,4952.0,1712.0,8.4778,62.28
73.421,measure,4952.0,1712.0,8.4778,62.19
73.521,measure,4952.0,1720.0,8.5174,62.38
73.621,measure,4952.0,1720.0,8.5174,62.34
73.721,measure,4952.0,1720.0,8.5174,62.22
73.822,measure,4952.0,1720.0,8.5174,62.47
73.922,measure,4952.0,1712.0,8.4778,62.41
74.022,measure,4952.0,1712.0,8.4778,62.16
74.123,measure,4952.0,1712.0,8.4778,62.41
74.223,measure,4952.0,1704.0,8.4382,62.09
74.323,measure,4952.0,1704.0,8.4382,62.06
74.423,measure,4952.0,1696.0,8.3986,62.03
74.523,measure,4952.0,1696.0,8.3986,62.00
74.623,measure,4952.0,1696.0,8.3986,62.00
74.723,measure,4952.0,1704.0,8.4382,62.19
74.824,measure,4952.0,1704.0,8.4382,62.12
74.924,measure,4952.0,1704.0,8.4382,62.25
75.024,measure,4952.0,1704.0,8.4382,62.28
75.124,measure,4952.0,1712.0,8.4778,62.50
75.224,measure,4952.0,1712.0,8.4778,62.34
75.324,measure,4952.0,1720.0,8.5174,62.34
75.424,measure,4952.0,1720.0,8.5174,62.28
75.525,measure,4952.0,1720.0,8.5174,62.44
75.625,measure,4952.0,1720.0,8.5174,62.16
75.725,measure,4952.0,1712.0,8.4778,62.22
75.825,measure,4952.0,1712.0,8.4778,62.47
75.925,measure,4952.0,1704.0,8.4382,62.06
76.025,measure,4952.0,1704.0,8.4382,62.09
76.125,measure,4952.0,1704.0,8.4382,62.19
76.226,measure,4952.0,1704.0,8.4382,62.12
76.326,measure,4952.0,1704.0,8.4382,62.12
76.426,measure,4952.0,1712.0,8.4778,62.28
76.526,measure,4952.0,1712.0,8.4778,62.16
76.626,measure,4952.0,1712.0,8.4778,62.50
76.726,measure,4952.0,1720.0,8.5174,62.31
76.826,measure,4952.0,1720.0,8.5174,62.25
76.927,measure,4952.0,1720.0,8.5174,62.59
77.027,measure,4952.0,1720.0,8.5174,62.44
77.127,measure,4952.0,1720.0,8.5174,62.28
77.227,measure,4952.0,1712.0,8.4778,62.50
77.327,measure,4952.0,1712.0,8.4778,62.41
77.427,measure,4952.0,1704.0,8.4382,62.19
77.528,measure,4952.0,1704.0,8.4382,62.09
77.628,measure,4952.0,1696.0,8.3986,62.16
77.728,measure,4952.0,1704.0,8.4382,62.16
77.828,measure,4952.0,1712.0,8.4778,62.31
77.928,measure,4952.0,1712.0,8.4778,62.31
78.028,measure,4952.0,1728.0,8.5571,62.34
78.128,measure,4952.0,1728.0,8.5571,62.41
78.229,measure,4952.0,1728.0,8.5571,62.34
78.329,measure,4952.0,1728.0,8.5571,62.59
78.429,measure,4952.0,1728.0,8.5571,62.50
78.529,measure,4952.0,1720.0,8.5174,62.44
78.629,measure,4952.0,1712.0,8.4778,62.56
78.729,measure,4952.0,1712.0,8.4778,62.41
78.829,measure,4952.0,1712.0,8.4778,62.31
78.929,measure,4952.0,1704.0,8.4382,62.47
79.030,measure,4952.0,1704.0,8.4382,62.38
79.130,measure,4952.0,1704.0,8.4382,62.12
79.230,measure,4952.0,1720.0,8.5174,62.28
79.330,measure,4952.0,1720.0,8.5174,62.50
79.430,measure,4952.0,1720.0,8.5174,62.31
79.530,measure,4952.0,1728.0,8.5571,62.31
79.630,measure,4952.0,1728.0,8.5571,62.47
79.731,measure,4952.0,1728.0,8.5571,62.38
79.831,measure,4952.0,1720.0,8.5174,62.44
79.931,measure,4952.0,1720.0,8.5174,62.62
80.031,measure,4952.0,1712.0,8.4778,62.62
80.131,measure,4952.0,1712.0,8.4778,62.41
80.232,measure,4952.0,1704.0,8.4382,62.38
80.332,measure,4952.0,1704.0,8.4382,62.53
80.432,measure,4952.0,1696.0,8.3986,62.38
80.532,measure,4952.0,1696.0,8.3986,62.34
80.632,measure,4952.0,1704.0,8.4382,62.53
80.732,measure,4952.0,1704.0,8.4382,62.47
80.833,measure,4952.0,1704.0,8.4382,62.28
80.933,measure,4952.0,1704.0,8.4382,62.22
81.033,measure,4952.0,1712.0,8.4778,62.31
81.133,measure,4952.0,1720.0,8.5174,62.31
81.233,measure,4952.0,1720.0,8.5174,62.50
81.333,measure,4952.0,1720.0,8.5174,62.38
81.433,measure,4952.0,1728.0,8.5571,62.38
81.533,measure,4952.0,1720.0,8.5174,62.50
81.634,measure,4952.0,1712.0,8.4778,62.50
81.734,measure,4952.0,1712.0,8.4778,62.56
81.834,measure,4952.0,1704.0,8.4382,62.56
81.934,measure,4952.0,1704.0,8.4382,62.38
82.034,measure,4952.0,1696.0,8.3986,62.53
82.134,measure,4952.0,1696.0,8.3986,62.41
82.235,measure,4952.0,1696.0,8.3986,62.38
82.335,measure,4952.0,1704.0,8.4382,62.25
82.435,measure,4952.0,1704.0,8.4382,62.47
82.535,measure,4952.0,1704.0,8.4382,62.38
82.635,measure,4952.0,1704.0,8.4382,62.28
82.735,measure,4952.0,1712.0,8.4778,62.66
82.835,measure,4952.0,1712.0,8.4778,62.38
82.936,measure,4952.0,1720.0,8.5174,62.34
83.036,measure,4952.0,1720.0,8.5174,62.47
83.136,measure,4952.0,1720.0,8.5174,62.44
83.236,measure,4952.0,1720.0,8.5174,62.59
83.337,measure,4952.0,1712.0,8.4778,62.47
83.437,measure,4952.0,1712.0,8.4778,62.62
83.538,measure,4952.0,1704.0,8.4382,62.56
83.638,measure,4952.0,1704.0,8.4382,62.41
83.738,measure,4952.0,1704.0,8.4382,62.62
83.838,measure,4952.0,1704.0,8.4382,62.50
83.938,measure,4952.0,1704.0,8.4382,62.38
84.038,measure,4952.0,1704.0,8.4382,62.38
84.139,measure,4952.0,1712.0,8.4778,62.62
84.239,measure,4952.0,1712.0,8.4778,62.38
84.339,measure,4952.0,1720.0,8.5174,62.50
84.439,measure,4952.0,1728.0,8.5571,62.50
84.539,measure,4952.0,1728.0,8.5571,62.50
84.639,measure,4952.0,1728.0,8.5571,62.66
84.739,measure,4952.0,1720.0,8.5174,62.56
84.840,measure,4952.0,1720.0,8.5174,62.69
84.940,measure,4952.0,1712.0,8.4778,62.56
85.040,measure,4952.0,1712.0,8.4778,62.53
85.140,measure,4952.0,1704.0,8.4382,62.69
85.240,measure,4952.0,1704.0,8.4382,62.41
85.340,measure,4952.0,1696.0,8.3986,62.38
85.440,measure,4952.0,1696.0,8.3986,62.28
85.541,measure,4952.0,1696.0,8.3986,62.56
85.641,measure,4952.0,1704.0,8.4382,62.28
85.741,measure,4952.0,1704.0,8.4382,62.34
85.841,measure,4952.0,1704.0,8.4382,62.72
85.941,measure,4952.0,1728.0,8.5571,62.41
86.041,measure,4952.0,1728.0,8.5571,62.41
86.141,measure,4952.0,1728.0,8.5571,62.59
86.242,measure,4952.0,1728.0,8.5571,62.47
86.342,measure,4952.0,1720.0,8.5174,62.59
86.442,measure,4952.0,1712.0,8.4778,62.50
86.542,measure,4952.0,1712.0,8.4778,62.72
86.643,measure,4952.0,1704.0,8.4382,62.53
86.743,measure,4952.0,1704.0,8.4382,62.50
86.843,measure,4952.0,1696.0,8.3986,62.72
86.943,measure,4952.0,1696.0,8.3986,62.53
87.043,measure,4952.0,1696.0,8.3986,62.50
87.143,measure,4952.0,1696.0,8.3986,62.31
87.243,measure,4952.0,1704.0,8.4382,62.66
87.344,measure,4952.0,1712.0,8.4778,62.47
87.444,measure,4952.0,1720.0,8.5174,62.47
87.544,measure,4952.0,1728.0,8.5571,62.53
87.644,measure,4952.0,1736.0,8.5967,62.62
87.744,measure,4952.0,1736.0,8.5967,62.62
87.845,measure,4952.0,1720.0,8.5174,62.53
87.945,measure,4952.0,1720.0,8.5174,62.72
88.045,measure,4952.0,1712.0,8.4778,62.53
88.145,measure,4952.0,1704.0,8.4382,62.47
88.246,measure,4952.0,1704.0,8.4382,62.72
88.346,measure,4952.0,1696.0,8.3986,62.44
88.446,measure,4952.0,1696.0,8.3986,62.47
88.546,measure,4952.0,1696.0,8.3986,62.31
88.646,measure,4952.0,1696.0,8.3986,62.66
88.746,measure,4952.0,1704.0,8.4382,62.44
88.846,measure,4952.0,1704.0,8.4382,62.50
88.947,measure,4952.0,1704.0,8.4382,62.69
89.047,measure,4952.0,1704.0,8.4382,62.47
89.147,measure,4952.0,1712.0,8.4778,62.50
89.247,measure,4952.0,1712.0,8.4778,62.56
89.347,measure,4952.0,1720.0,8.5174,62.62
89.447,measure,4952.0,1720.0,8.5174,62.75
89.548,measure,4952.0,1712.0,8.4778,62.56
89.648,measure,4952.0,1712.0,8.4778,62.75
89.748,measure,4952.0,1712.0,8.4778,62.62
89.848,measure,4952.0,1704.0,8.4382,62.56
89.948,measure,4952.0,1704.0,8.4382,62.81
90.049,measure,4952.0,1696.0,8.3986,62.62
90.149,measure,4952.0,1696.0,8.3986,62.47
90.249,measure,4952.0,1696.0,8.3986,62.34
90.349,measure,4952.0,1696.0,8.3986,62.72
90.449,measure,4952.0,1704.0,8.4382,62.47
90.549,measure,4952.0,1704.0,8.4382,62.47
90.650,measure,4952.0,1704.0,8.4382,62.84
90.750,measure,4952.0,1712.0,8.4778,62.53
90.850,measure,4952.0,1712.0,8.4778,62.50
90.950,measure,4952.0,1712.0,8.4778,62.69
91.050,measure,4952.0,1720.0,8.5174,62.59
91.150,measure,4952.0,1720.0,8.5174,62.78
91.251,measure,4952.0,1720.0,8.5174,62.81
91.351,measure,4952.0,1720.0,8.5174,62.88
91.451,measure,4952.0,1712.0,8.4778,62.78
91.551,measure,4952.0,1712.0,8.4778,62.66
91.651,measure,4952.0,1712.0,8.4778,62.47
91.752,measure,4952.0,1704.0,8.4382,62.69
91.852,measure,4952.0,1704.0,8.4382,62.66
91.952,measure,4952.0,1696.0,8.3986,62.41
92.052,measure,4952.0,1696.0,8.3986,62.75
92.152,measure,4952.0,1704.0,8.4382,62.38
92.252,measure,4952.0,1704.0,8.4382,62.41
92.352,measure,4952.0,1704.0,8.4382,62.56
92.453,measure,4952.0,1712.0,8.4778,62.59
92.553,measure,4952.0,1712.0,8.4778,62.56
92.653,measure,4952.0,1712.0,8.4778,62.72
92.753,measure,4952.0,1720.0,8.5174,62.59
92.853,measure,4952.0,1728.0,8.5571,62.94
92.953,measure,4952.0,1728.0,8.5571,62.69
93.054,measure,4952.0,1720.0,8.5174,62.91
93.154,measure,4952.0,1712.0,8.4778,62.72
93.254,measure,4952.0,1712.0,8.4778,62.72
93.354,measure,4952.0,1704.0,8.4382,62.47
93.454,measure,4952.0,1704.0,8.4382,62.69
93.554,measure,4952.0,1704.0,8.4382,62.66
93.654,measure,4952.0,1704.0,8.4382,62.47
93.755,measure,4952.0,1704.0,8.4382,62.75
93.855,measure,4952.0,1720.0,8.5174,62.66
93.955,measure,4952.0,1720.0,8.5174,62.53
94.055,measure,4952.0,1728.0,8.5571,62.75
94.155,measure,4952.0,1736.0,8.5967,62.84
94.255,measure,4952.0,1728.0,8.5571,62.72
94.355,measure,4952.0,1720.0,8.5174,62.62
94.456,measure,4952.0,1720.0,8.5174,62.59
94.556,measure,4952.0,1712.0,8.4778,62.72
94.656,measure,4952.0,1704.0,8.4382,62.69
94.756,measure,4952.0,1704.0,8.4382,62.75
94.856,measure,4952.0,1704.0,8.4382,62.81
94.956,measure,4952.0,1712.0,8.4778,62.66
95.057,measure,4952.0,1712.0,8.4778,62.56
95.157,measure,4952.0,1712.0,8.4778,62.88
95.257,measure,4952.0,1712.0,8.4778,62.78
95.357,measure,4952.0,1720.0,8.5174,62.69
95.457,measure,4952.0,1720.0,8.5174,62.62
95.557,measure,4952.0,1728.0,8.5571,62.75
95.658,measure,4952.0,1728.0,8.5571,62.69
95.758,measure,4952.0,1728.0,8.5571,62.84
95.858,measure,4952.0,1720.0,8.5174,62.72
95.958,measure,4952.0,1720.0,8.5174,62.84
96.058,measure,4952.0,1712.0,8.4778,62.75
96.158,measure,4952.0,1712.0,8.4778,62.66
96.258,measure,4952.0,1704.0,8.4382,62.72
96.359,measure,4952.0,1696.0,8.3986,62.59
96.459,measure,4952.0,1712.0,8.4778,62.56
96.559,measure,4952.0,1712.0,8.4778,62.84
96.659,measure,4952.0,1712.0,8.4778,62.81
96.759,measure,4952.0,1712.0,8.4778,62.66
96.859,measure,4952.0,1720.0,8.5174,62.94
96.959,measure,4952.0,1720.0,8.5174,62.94
97.060,measure,4952.0,1720.0,8.5174,62.75
97.160,measure,4952.0,1728.0,8.5571,62.78
97.260,measure,4952.0,1728.0,8.5571,62.84
97.360,measure,4952.0,1720.0,8.5174,62.78
97.461,measure,4952.0,1712.0,8.4778,62.78
97.561,measure,4952.0,1712.0,8.4778,62.75
97.661,measure,4952.0,1712.0,8.4778,62.84
97.761,measure,4952.0,1704.0,8.4382,62.75
97.862,measure,4952.0,1696.0,8.3986,62.94
97.962,measure,4952.0,1696.0,8.3986,62.81
98.062,measure,4952.0,1688.0,8.3590,62.69
98.162,measure,4952.0,1688.0,8.3590,62.66
98.262,measure,4952.0,1704.0,8.4382,62.88
98.362,measure,4952.0,1704.0,8.4382,62.84
98.462,measure,4952.0,1712.0,8.4778,62.62
98.563,measure,4952.0,1712.0,8.4778,63.03
98.663,measure,4952.0,1720.0,8.5174,62.78
98.763,measure,4952.0,1720.0,8.5174,62.72
98.863,measure,4952.0,1720.0,8.5174,62.88
98.963,measure,4952.0,1728.0,8.5571,62.84
99.063,measure,4952.0,1728.0,8.5571,62.78
99.164,measure,4952.0,1720.0,8.5174,62.78
99.264,measure,4952.0,1720.0,8.5174,62.72
99.364,measure,4952.0,1712.0,8.4778,62.78
99.464,measure,4952.0,1712.0,8.4778,62.72
99.564,measure,4952.0,1712.0,8.4778,62.62
99.664,measure,4952.0,1712.0,8.4778,62.94
99.765,measure,4952.0,1712.0,8.4778,62.84
99.865,measure,4952.0,1712.0,8.4778,62.72
99.966,measure,4952.0,1720.0,8.5174,63.06
100.066,measure,4952.0,1720.0,8.5174,62.78
100.166,measure,4952.0,1720.0,8.5174,62.81
100.266,measure,4952.0,1728.0,8.5571,62.91
100.366,measure,4952.0,1728.0,8.5571,62.88
100.466,measure,4952.0,1720.0,8.5174,62.94
100.567,measure,4952.0,1720.0,8.5174,62.84
100.667,measure,4952.0,1712.0,8.4778,62.75
100.767,measure,4952.0,1712.0,8.4778,62.88
100.867,measure,4952.0,1704.0,8.4382,62.78
100.967,measure,4952.0,1704.0,8.4382,62.75
101.067,measure,4952.0,1696.0,8.3986,62.84
101.168,measure,4952.0,1696.0,8.3986,62.84
101.268,measure,4952.0,1704.0,8.4382,62.78
101.368,measure,4952.0,1704.0,8.4382,62.97
101.468,measure,4952.0,1712.0,8.4778,62.84
101.568,measure,4952.0,1712.0,8.4778,62.78
101.668,measure,4952.0,1712.0,8.4778,63.03
101.768,measure,4952.0,1728.0,8.5571,62.91
101.869,measure,4952.0,1736.0,8.5967,62.88
101.969,measure,4952.0,1728.0,8.5571,62.97
102.069,measure,4952.0,1720.0,8.5174,62.94
102.170,measure,4952.0,1712.0,8.4778,63.03
102.270,measure,4952.0,1712.0,8.4778,62.91
102.370,measure,4952.0,1704.0,8.4382,62.97
102.471,measure,4952.0,1704.0,8.4382,62.94
102.571,measure,4952.0,1696.0,8.3986,62.78
102.671,measure,4952.0,1696.0,8.3986,62.78
102.771,measure,4952.0,1696.0,8.3986,62.84
102.871,measure,4952.0,1696.0,8.3986,62.75
102.971,measure,4952.0,1704.0,8.4382,62.62
103.072,measure,4952.0,1704.0,8.4382,63.06
103.172,measure,4952.0,1704.0,8.4382,62.75
103.272,measure,4952.0,1704.0,8.4382,62.75
103.372,measure,4952.0,1712.0,8.4778,62.88
103.472,measure,4952.0,1720.0,8.5174,62.84
103.573,measure,4952.0,1720.0,8.5174,63.00
103.673,measure,4952.0,1720.0,8.5174,62.91
103.774,measure,4952.0,1728.0,8.5571,63.19
103.874,measure,4952.0,1720.0,8.5174,63.09
103.974,measure,4952.0,1712.0,8.4778,62.84
104.074,measure,4952.0,1712.0,8.4778,63.09
104.174,measure,4952.0,1712.0,8.4778,62.94
104.275,measure,4952.0,1704.0,8.4382,62.88
104.375,measure,4952.0,1704.0,8.4382,62.75
104.475,measure,4952.0,1696.0,8.3986,62.94
104.575,measure,4952.0,1712.0,8.4778,62.78
104.676,measure,4952.0,1712.0,8.4778,62.81
104.776,measure,4952.0,1712.0,8.4778,62.84
104.876,measure,4952.0,1712.0,8.4778,62.84
104.976,measure,4952.0,1720.0,8.5174,62.91
105.076,measure,4952.0,1720.0,8.5174,62.94
105.176,measure,4952.0,1728.0,8.5571,63.03
105.277,measure,4952.0,1736.0,8.5967,63.12
105.377,measure,4952.0,1728.0,8.5571,62.97
105.477,measure,4952.0,1720.0,8.5174,63.12
105.577,measure,4952.0,1720.0,8.5174,62.91
105.677,measure,4952.0,1712.0,8.4778,62.91
105.777,measure,4952.0,1704.0,8.4382,62.78
105.877,measure,4952.0,1712.0,8.4778,62.97
105.978,measure,4952.0,1712.0,8.4778,62.88
106.078,measure,4952.0,1712.0,8.4778,62.75
106.178,measure,4952.0,1712.0,8.4778,63.12
106.278,measure,4952.0,1728.0,8.5571,62.88
106.378,measure,4952.0,1728.0,8.5571,62.84
106.478,measure,4952.0,1728.0,8.5571,63.00
106.578,measure,4952.0,1728.0,8.5571,62.97
106.679,measure,4952.0,1720.0,8.5174,63.03
106.779,measure,4952.0,1712.0,8.4778,62.97
106.879,measure,4952.0,1712.0,8.4778,62.88
106.979,measure,4952.0,1712.0,8.4778,62.91
107.079,measure,4952.0,1704.0,8.4382,62.88
107.179,measure,4952.0,1704.0,8.4382,63.00
107.280,measure,4952.0,1704.0,8.4382,62.91
107.380,measure,4952.0,1704.0,8.4382,62.91
107.480,measure,4952.0,1712.0,8.4778,62.84
107.580,measure,4952.0,1720.0,8.5174,63.12
107.680,measure,4952.0,1720.0,8.5174,63.09
107.780,measure,4952.0,1728.0,8.5571,62.94
107.880,measure,4952.0,1728.0,8.5571,63.25
107.981,measure,4952.0,1728.0,8.5571,63.00
108.081,measure,4952.0,1728.0,8.5571,62.97
108.181,measure,4952.0,1720.0,8.5174,63.00
108.281,measure,4952.0,1712.0,8.4778,62.84
108.381,measure,4952.0,1712.0,8.4778,62.91
108.481,measure,4952.0,1704.0,8.4382,62.84
108.582,measure,4952.0,1712.0,8.4778,62.91
108.682,measure,4952.0,1712.0,8.4778,63.00
108.782,measure,4952.0,1712.0,8.4778,62.94
108.883,measure,4952.0,1712.0,8.4778,63.28
108.983,measure,4952.0,1712.0,8.4778,63.16
109.083,measure,4952.0,1720.0,8.5174,63.09
109.183,measure,4952.0,1720.0,8.5174,62.94
109.283,measure,4952.0,1728.0,8.5571,63.25
109.383,measure,4952.0,1728.0,8.5571,63.03
109.483,measure,4952.0,1720.0,8.5174,63.00
109.584,measure,4952.0,1712.0,8.4778,63.03
109.684,measure,4952.0,1712.0,8.4778,62.94
109.784,measure,4952.0,1704.0,8.4382,62.94
109.885,measure,4952.0,1704.0,8.4382,62.94
109.985,measure,4952.0,1696.0,8.3986,62.88
110.085,measure,4952.0,1696.0,8.3986,62.84
110.185,measure,4952.0,1696.0,8.3986,62.84
110.285,measure,4952.0,1696.0,8.3986,63.16
110.385,measure,4952.0,1712.0,8.4778,63.06
110.485,measure,4952.0,1712.0,8.4778,63.03
110.586,measure,4952.0,1712.0,8.4778,62.94
110.686,measure,4952.0,1720.0,8.5174,63.25
110.786,measure,4952.0,1720.0,8.5174,63.12
110.886,measure,4952.0,1720.0,8.5174,62.97
110.986,measure,4952.0,1720.0,8.5174,63.34
111.086,measure,4952.0,1720.0,8.5174,63.03
111.187,measure,4952.0,1712.0,8.4778,63.06
111.288,measure,4952.0,1712.0,8.4778,62.97
111.388,measure,4952.0,1704.0,8.4382,62.94
111.488,measure,4952.0,1704.0,8.4382,63.00
111.588,measure,4952.0,1696.0,8.3986,62.97
111.688,measure,4952.0,1696.0,8.3986,62.88
111.788,measure,4952.0,1688.0,8.3590,63.00
111.888,measure,4952.0,1696.0,8.3986,62.91
111.989,measure,4952.0,1704.0,8.4382,63.19
112.089,measure,4952.0,1704.0,8.4382,63.12
112.189,measure,4952.0,1720.0,8.5174,63.19
112.289,measure,4952.0,1720.0,8.5174,62.97
112.389,measure,4952.0,1720.0,8.5174,63.28
112.489,measure,4952.0,1720.0,8.5174,62.97
112.589,measure,4952.0,1728.0,8.5571,63.12
112.690,measure,4952.0,1720.0,8.5174,63.44
112.790,measure,4952.0,1712.0,8.4778,62.97
112.890,measure,4952.0,1712.0,8.4778,62.94
112.990,measure,4952.0,1704.0,8.4382,62.91
113.090,measure,4952.0,1704.0,8.4382,62.97
113.190,measure,4952.0,1720.0,8.5174,63.12
113.291,measure,4952.0,1720.0,8.5174,63.06
113.391,measure,4952.0,1720.0,8.5174,63.34
113.491,measure,4952.0,1720.0,8.5174,63.16
113.591,measure,4952.0,1720.0,8.5174,63.19
113.691,measure,4952.0,1720.0,8.5174,63.03
113.791,measure,4952.0,1736.0,8.5967,63.41
113.891,measure,4952.0,1728.0,8.5571,62.97
113.992,measure,4952.0,1728.0,8.5571,63.00
114.092,measure,4952.0,1720.0,8.5174,63.34
114.192,measure,4952.0,1720.0,8.5174,63.03
114.292,measure,4952.0,1712.0,8.4778,62.97
114.392,measure,4952.0,1704.0,8.4382,63.00
114.492,measure,4952.0,1704.0,8.4382,62.91
114.592,measure,4952.0,1704.0,8.4382,62.84
114.693,measure,4952.0,1704.0,8.4382,63.06
114.793,measure,4952.0,1704.0,8.4382,62.94
114.893,measure,4952.0,1704.0,8.4382,63.25
114.993,measure,4952.0,1712.0,8.4778,63.09
115.093,measure,4952.0,1720.0,8.5174,63.38
115.193,measure,4952.0,1720.0,8.5174,63.28
115.293,measure,4952.0,1720.0,8.5174,63.28
115.394,measure,4952.0,1728.0,8.5571,63.12
115.494,measure,4952.0,1728.0,8.5571,63.31
115.594,measure,4952.0,1728.0,8.5571,63.31
115.694,measure,4952.0,1720.0,8.5174,63.00
115.794,measure,4952.0,1712.0,8.4778,63.31
115.894,measure,4952.0,1704.0,8.4382,63.12
115.994,measure,4952.0,1704.0,8.4382,62.94
116.095,measure,4952.0,1704.0,8.4382,63.12
116.195,measure,4952.0,1704.0,8.4382,62.94
116.295,measure,4952.0,1712.0,8.4778,62.97
116.395,measure,4952.0,1720.0,8.5174,63.22
116.495,measure,4952.0,1728.0,8.5571,63.16
116.595,measure,4952.0,1728.0,8.5571,63.38
116.696,measure,4952.0,1728.0,8.5571,63.34
116.796,measure,4952.0,1736.0,8.5967,63.31
116.896,measure,4952.0,1728.0,8.5571,63.25
116.996,measure,4952.0,1720.0,8.5174,63.31
117.096,measure,4952.0,1712.0,8.4778,63.03
117.196,measure,4952.0,1712.0,8.4778,63.31
117.296,measure,4952.0,1712.0,8.4778,63.09
117.397,measure,4952.0,1712.0,8.4778,62.97
117.497,measure,4952.0,1712.0,8.4778,62.97
117.597,measure,4952.0,1712.0,8.4778,63.12
117.697,measure,4952.0,1712.0,8.4778,63.06
117.797,measure,4952.0,1712.0,8.4778,63.12
117.897,measure,4952.0,1712.0,8.4778,63.16
117.998,measure,4952.0,1728.0,8.5571,63.22
118.098,measure,4952.0,1736.0,8.5967,63.34
118.198,measure,4952.0,1728.0,8.5571,63.25
118.298,measure,4952.0,1720.0,8.5174,63.28
118.398,measure,4952.0,1720.0,8.5174,63.25
118.498,measure,4952.0,1712.0,8.4778,63.22
118.598,measure,4952.0,1704.0,8.4382,63.28
118.699,measure,4952.0,1704.0,8.4382,63.09
118.799,measure,4952.0,1704.0,8.4382,63.09
118.899,measure,4952.0,1704.0,8.4382,63.31
118.999,measure,4952.0,1704.0,8.4382,63.22
119.099,measure,4952.0,1712.0,8.4778,63.06
119.199,measure,4952.0,1712.0,8.4778,62.97
119.299,measure,4952.0,1712.0,8.4778,63.34
119.400,measure,4952.0,1728.0,8.5571,63.22
119.500,measure,4952.0,1736.0,8.5967,63.12
119.600,measure,4952.0,1736.0,8.5967,63.25
119.700,measure,4952.0,1728.0,8.5571,63.41
119.801,measure,4952.0,1720.0,8.5174,63.28
119.901,measure,4952.0,1720.0,8.5174,63.25
120.001,measure,4952.0,1712.0,8.4778,63.34
120.101,measure,4952.0,1712.0,8.4778,63.31
120.202,measure,4952.0,1704.0,8.4382,63.19
120.302,measure,4952.0,1712.0,8.4778,63.28
120.402,measure,4952.0,1704.0,8.4382,63.22
120.502,measure,4952.0,1720.0,8.5174,63.22
120.602,measure,4952.0,1720.0,8.5174,63.16
120.702,measure,4952.0,1736.0,8.5967,63.41
120.802,measure,4952.0,1736.0,8.5967,63.28
120.903,measure,4952.0,1736.0,8.5967,63.22
121.003,measure,4952.0,1728.0,8.5571,63.25
121.103,measure,4952.0,1728.0,8.5571,63.34
121.204,measure,4952.0,1720.0,8.5174,63.28
121.304,measure,4952.0,1720.0,8.5174,63.19
121.404,measure,4952.0,1712.0,8.4778,63.31
121.504,measure,4952.0,1704.0,8.4382,63.16
121.604,measure,4952.0,1712.0,8.4778,63.22
121.705,measure,4952.0,1712.0,8.4778,63.34
121.805,measure,4952.0,1720.0,8.5174,63.31
121.905,measure,4952.0,1728.0,8.5571,63.34
122.005,measure,4952.0,1728.0,8.5571,63.53
122.105,measure,4952.0,1728.0,8.5571,63.50
122.205,measure,4952.0,1728.0,8.5571,63.25
122.305,measure,4952.0,1728.0,8.5571,63.22
122.406,measure,4952.0,1720.0,8.5174,63.22
122.506,measure,4952.0,1720.0,8.5174,63.16
122.606,measure,4952.0,1712.0,8.4778,63.22
122.706,measure,4952.0,1704.0,8.4382,63.12
122.806,measure,4952.0,1712.0,8.4778,63.34
122.906,measure,4952.0,1712.0,8.4778,63.25
123.007,measure,4952.0,1712.0,8.4778,63.22
123.107,measure,4952.0,1728.0,8.5571,63.50
123.207,measure,4952.0,1728.0,8.5571,63.38
123.307,measure,4952.0,1728.0,8.5571,63.31
123.407,measure,4952.0,1744.0,8.6363,63.59
123.507,measure,4952.0,1728.0,8.5571,63.50
123.607,measure,4952.0,1720.0,8.5174,63.34
123.708,measure,4952.0,1720.0,8.5174,63.19
123.808,measure,4952.0,1712.0,8.4778,63.34
123.908,measure,4952.0,1712.0,8.4778,63.09
124.008,measure,4952.0,1712.0,8.4778,63.09
124.108,measure,4952.0,1712.0,8.4778,63.34
124.208,measure,4952.0,1720.0,8.5174,63.12
124.308,measure,4952.0,1712.0,8.4778,63.19
124.409,measure,4952.0,1720.0,8.5174,63.28
124.509,measure,4952.0,1712.0,8.4778,63.25
124.609,measure,4952.0,1736.0,8.5967,63.50
124.709,measure,4952.0,1736.0,8.5967,63.38
124.809,measure,4952.0,1736.0,8.5967,63.53
124.909,measure,4952.0,1728.0,8.5571,63.44
125.009,measure,4952.0,1720.0,8.5174,63.34
125.110,measure,4952.0,1712.0,8.4778,63.47
125.210,measure,4952.0,1712.0,8.4778,63.47
125.310,measure,4952.0,1704.0,8.4382,63.28
125.410,measure,4952.0,1704.0,8.4382,63.16
125.510,measure,4952.0,1704.0,8.4382,63.34
125.610,measure,4952.0,1696.0,8.3986,63.09
125.710,measure,4952.0,1696.0,8.3986,63.09
125.811,measure,4952.0,1704.0,8.4382,63.41
125.911,measure,4952.0,1704.0,8.4382,63.19
126.011,measure,4952.0,1704.0,8.4382,63.12
126.111,measure,4952.0,1712.0,8.4778,63.28
126.211,measure,4952.0,1712.0,8.4778,63.31
126.311,measure,4952.0,1720.0,8.5174,63.41
126.411,measure,4952.0,1720.0,8.5174,63.34
126.512,measure,4952.0,1728.0,8.5571,63.44
126.612,measure,4952.0,1720.0,8.5174,63.41
126.712,measure,4952.0,1720.0,8.5174,63.38
126.812,measure,4952.0,1712.0,8.4778,63.53
126.912,measure,4952.0,1712.0,8.4778,63.41
127.013,measure,4952.0,1704.0,8.4382,63.34
127.113,measure,4952.0,1696.0,8.3986,63.19
127.213,measure,4952.0,1712.0,8.4778,63.50
127.313,measure,4952.0,1712.0,8.4778,63.16
127.413,measure,4952.0,1712.0,8.4778,63.19
127.513,measure,4952.0,1712.0,8.4778,63.34
127.613,measure,4952.0,1720.0,8.5174,63.19
127.713,measure,4952.0,1720.0,8.5174,63.28
127.814,measure,4952.0,1720.0,8.5174,63.34
127.914,measure,4952.0,1728.0,8.5571,63.34
128.014,measure,4952.0,1728.0,8.5571,63.44
128.114,measure,4952.0,1720.0,8.5174,63.34
128.214,measure,4952.0,1720.0,8.5174,63.53
128.314,measure,4952.0,1712.0,8.4778,63.41
128.415,measure,4952.0,1712.0,8.4778,63.34
128.515,measure,4952.0,1704.0,8.4382,63.22
128.615,measure,4952.0,1712.0,8.4778,63.34
128.715,measure,4952.0,1712.0,8.4778,63.34
128.815,measure,4952.0,1712.0,8.4778,63.19
128.915,measure,4952.0,1720.0,8.5174,63.59
129.015,measure,4952.0,1720.0,8.5174,63.34
129.116,measure,4952.0,1720.0,8.5174,63.31
129.216,measure,4952.0,1744.0,8.6363,63.53
129.316,measure,4952.0,1736.0,8.5967,63.34
129.417,measure,4952.0,1728.0,8.5571,63.44
129.517,measure,4952.0,1720.0,8.5174,63.41
129.617,measure,4952.0,1720.0,8.5174,63.53
129.717,measure,4952.0,1712.0,8.4778,63.41
129.818,measure,4952.0,1704.0,8.4382,63.34
129.918,measure,4952.0,1696.0,8.3986,63.53
130.018,measure,4952.0,1696.0,8.3986,63.31
130.118,measure,4952.0,1696.0,8.3986,63.34
130.218,measure,4952.0,1696.0,8.3986,63.16
130.318,measure,4952.0,1704.0,8.4382,63.44
130.418,measure,4952.0,1704.0,8.4382,63.22
130.519,measure,4952.0,1712.0,8.4778,63.28
130.619,measure,4952.0,1712.0,8.4778,63.69
130.719,measure,4952.0,1712.0,8.4778,63.34
130.819,measure,4952.0,1720.0,8.5174,63.34
130.919,measure,4952.0,1728.0,8.5571,63.41
131.019,measure,4952.0,1728.0,8.5571,63.47
131.119,measure,4952.0,1720.0,8.5174,63.56
131.220,measure,4952.0,1712.0,8.4778,63.41
131.320,measure,4952.0,1720.0,8.5174,63.38
131.420,measure,4952.0,1712.0,8.4778,63.38
131.520,measure,4952.0,1704.0,8.4382,63.31
131.620,measure,4952.0,1704.0,8.4382,63.28
131.720,measure,4952.0,1696.0,8.3986,63.47
131.820,measure,4952.0,1696.0,8.3986,63.31
131.921,measure,4952.0,1704.0,8.4382,63.31
132.021,measure,4952.0,1704.0,8.4382,63.50
132.121,measure,4952.0,1704.0,8.4382,63.31
132.221,measure,4952.0,1704.0,8.4382,63.34
132.321,measure,4952.0,1712.0,8.4778,63.38
132.421,measure,4952.0,1712.0,8.4778,63.38
132.521,measure,4952.0,1720.0,8.5174,63.34
132.621,measure,4952.0,1720.0,8.5174,63.53
132.722,measure,4952.0,1728.0,8.5571,63.41
132.823,measure,4952.0,1728.0,8.5571,63.59
132.923,measure,4952.0,1720.0,8.5174,63.44
133.023,measure,4952.0,1712.0,8.4778,63.62
133.123,measure,4952.0,1712.0,8.4778,63.53
133.223,measure,4952.0,1704.0,8.4382,63.34
133.324,measure,4952.0,1704.0,8.4382,63.19
133.424,measure,4952.0,1704.0,8.4382,63.44
133.524,measure,4952.0,1704.0,8.4382,63.38
133.624,measure,4952.0,1704.0,8.4382,63.28
133.724,measure,4952.0,1712.0,8.4778,63.69
133.824,measure,4952.0,1728.0,8.5571,63.47
133.924,measure,4952.0,1728.0,8.5571,63.44
134.025,measure,4952.0,1736.0,8.5967,63.56
134.125,measure,4952.0,1736.0,8.5967,63.44
134.225,measure,4952.0,1736.0,8.5967,63.47
134.326,measure,4952.0,1720.0,8.5174,63.44
134.426,measure,4952.0,1720.0,8.5174,63.62
134.526,measure,4952.0,1712.0,8.4778,63.56
134.626,measure,4952.0,1712.0,8.4778,63.38
134.727,measure,4952.0,1704.0,8.4382,63.31
134.827,measure,4952.0,1696.0,8.3986,63.47
134.927,measure,4952.0,1704.0,8.4382,63.44
135.027,measure,4952.0,1704.0,8.4382,63.28
135.127,measure,4952.0,1704.0,8.4382,63.56
135.228,measure,4952.0,1712.0,8.4778,63.38
135.328,measure,4952.0,1712.0,8.4778,63.34
135.428,measure,4952.0,1712.0,8.4778,63.44
135.528,measure,4952.0,1720.0,8.5174,63.41
135.628,measure,4952.0,1728.0,8.5571,63.38
135.728,measure,4952.0,1728.0,8.5571,63.59
135.829,measure,4952.0,1728.0,8.5571,63.78
135.929,measure,4952.0,1728.0,8.5571,63.59
136.029,measure,4952.0,1720.0,8.5174,63.50
136.129,measure,4952.0,1712.0,8.4778,63.69
136.229,measure,4952.0,1712.0,8.4778,63.50
136.329,measure,4952.0,1712.0,8.4778,63.34
136.429,measure,4952.0,1704.0,8.4382,63.28
136.530,measure,4952.0,1712.0,8.4778,63.56
136.630,measure,4952.0,1720.0,8.5174,63.59
136.730,measure,4952.0,1720.0,8.5174,63.38
136.830,measure,4952.0,1728.0,8.5571,63.81
136.930,measure,4952.0,1736.0,8.5967,63.50
137.030,measure,4952.0,1736.0,8.5967,63.50
137.130,measure,4952.0,1728.0,8.5571,63.56
137.231,measure,4952.0,1728.0,8.5571,63.66
137.331,measure,4952.0,1720.0,8.5174,63.62
137.431,measure,4952.0,1720.0,8.5174,63.47
137.531,measure,4952.0,1712.0,8.4778,63.41
137.631,measure,4952.0,1704.0,8.4382,63.44
137.731,measure,4952.0,1696.0,8.3986,63.47
137.831,measure,4952.0,1704.0,8.4382,63.34
137.932,measure,4952.0,1704.0,8.4382,63.59
138.032,measure,4952.0,1704.0,8.4382,63.50
138.132,measure,4952.0,1704.0,8.4382,63.38
138.232,measure,4952.0,1712.0,8.4778,63.72
138.332,measure,4952.0,1712.0,8.4778,63.59
138.432,measure,4952.0,1728.0,8.5571,63.47
138.532,measure,4952.0,1728.0,8.5571,63.59
138.633,measure,4952.0,1728.0,8.5571,63.59
138.733,measure,4952.0,1728.0,8.5571,63.47
138.833,measure,4952.0,1720.0,8.5174,63.53
138.933,measure,4952.0,1712.0,8.4778,63.56
139.033,measure,4952.0,1712.0,8.4778,63.53
139.134,measure,4952.0,1712.0,8.4778,63.50
139.234,measure,4952.0,1704.0,8.4382,63.38
139.334,measure,4952.0,1704.0,8.4382,63.47
139.434,measure,4952.0,1704.0,8.4382,63.50
139.534,measure,4952.0,1712.0,8.4778,63.44
139.634,measure,4952.0,1720.0,8.5174,63.75
139.734,measure,4952.0,1728.0,8.5571,63.59
139.835,measure,4952.0,1728.0,8.5571,63.44
139.935,measure,4952.0,1728.0,8.5571,63.81
140.035,measure,4952.0,1728.0,8.5571,63.78
140.135,measure,4952.0,1728.0,8.5571,63.44
140.235,measure,4952.0,1728.0,8.5571,63.56
140.335,measure,4952.0,1720.0,8.5174,63.56
140.435,measure,4952.0,1720.0,8.5174,63.44
140.536,measure,4952.0,1712.0,8.4778,63.50
140.636,measure,4952.0,1712.0,8.4778,63.41
140.736,measure,4952.0,1704.0,8.4382,63.38
140.836,measure,4952.0,1704.0,8.4382,63.47
140.936,measure,4952.0,1696.0,8.3986,63.34
141.036,measure,4952.0,1704.0,8.4382,63.53
141.136,measure,4952.0,1704.0,8.4382,63.53
141.237,measure,4952.0,1704.0,8.4382,63.47
141.337,measure,4952.0,1704.0,8.4382,63.75
141.437,measure,4952.0,1712.0,8.4778,63.59
141.537,measure,4952.0,1712.0,8.4778,63.50
141.637,measure,4952.0,1720.0,8.5174,63.38
141.737,measure,4952.0,1720.0,8.5174,63.78
141.838,measure,4952.0,1720.0,8.5174,63.50
141.938,measure,4952.0,1720.0,8.5174,63.59
142.038,measure,4952.0,1720.0,8.5174,63.56
142.138,measure,4952.0,1720.0,8.5174,63.75
142.238,measure,4952.0,1712.0,8.4778,63.53
142.338,measure,4952.0,1712.0,8.4778,63.50
142.438,measure,4952.0,1712.0,8.4778,63.38
142.539,measure,4952.0,1704.0,8.4382,63.47
142.639,measure,4952.0,1712.0,8.4778,63.50
142.739,measure,4952.0,1712.0,8.4778,63.69
142.839,measure,4952.0,1720.0,8.5174,63.62
142.939,measure,4952.0,1712.0,8.4778,63.47
143.039,measure,4952.0,1720.0,8.5174,63.81
143.139,measure,4952.0,1720.0,8.5174,63.69
143.240,measure,4952.0,1736.0,8.5967,63.75
143.340,measure,4952.0,1736.0,8.5967,63.47
143.440,measure,4952.0,1728.0,8.5571,63.56
143.540,measure,4952.0,1728.0,8.5571,63.41
143.640,measure,4952.0,1720.0,8.5174,63.50
143.740,measure,4952.0,1712.0,8.4778,63.47
143.840,measure,4952.0,1712.0,8.4778,63.41
143.941,measure,4952.0,1712.0,8.4778,63.47
144.041,measure,4952.0,1712.0,8.4778,63.53
144.141,measure,4952.0,1728.0,8.5571,63.50
144.241,measure,4952.0,1720.0,8.5174,63.75
144.341,measure,4952.0,1736.0,8.5967,63.72
144.441,measure,4952.0,1736.0,8.5967,63.91
144.541,measure,4952.0,1736.0,8.5967,63.81
144.642,measure,4952.0,1728.0,8.5571,63.72
144.742,measure,4952.0,1728.0,8.5571,63.81
144.842,measure,4952.0,1720.0,8.5174,63.75
144.942,measure,4952.0,1712.0,8.4778,63.41
145.042,measure,4952.0,1704.0,8.4382,63.34
145.143,measure,4952.0,1704.0,8.4382,63.72
145.243,measure,4952.0,1704.0,8.4382,63.38
145.343,measure,4952.0,1712.0,8.4778,63.44
145.443,measure,4952.0,1720.0,8.5174,63.84
145.543,measure,4952.0,1720.0,8.5174,63.59
145.643,measure,4952.0,1720.0,8.5174,63.72
145.743,measure,4952.0,1728.0,8.5571,63.69
145.844,measure,4952.0,1736.0,8.5967,63.66
145.944,measure,4952.0,1736.0,8.5967,63.81
146.045,measure,4952.0,1728.0,8.5571,63.66
146.145,measure,4952.0,1720.0,8.5174,63.81
146.245,measure,4952.0,1712.0,8.4778,63.72
146.345,measure,4952.0,1712.0,8.4778,63.56
146.445,measure,4952.0,1704.0,8.4382,63.38
146.545,measure,4952.0,1704.0,8.4382,63.72
146.646,measure,4952.0,1696.0,8.3986,63.47
146.746,measure,4952.0,1696.0,8.3986,63.50
146.846,measure,4952.0,1704.0,8.4382,63.72
146.946,measure,4952.0,1712.0,8.4778,63.56
147.046,measure,4952.0,1712.0,8.4778,63.53
147.146,measure,4952.0,1728.0,8.5571,63.72
147.246,measure,4952.0,1736.0,8.5967,63.66
147.347,measure,4952.0,1736.0,8.5967,63.84
147.447,measure,4952.0,1728.0,8.5571,63.78
147.547,measure,4952.0,1728.0,8.5571,63.84
147.647,measure,4952.0,1720.0,8.5174,63.81
147.747,measure,4952.0,1712.0,8.4778,63.69
147.847,measure,4952.0,1712.0,8.4778,63.81
147.947,measure,4952.0,1704.0,8.4382,63.75
148.048,measure,4952.0,1704.0,8.4382,63.62
148.148,measure,4952.0,1696.0,8.3986,63.38
148.248,measure,4952.0,1704.0,8.4382,63.69
148.348,measure,4952.0,1704.0,8.4382,63.56
148.448,measure,4952.0,1712.0,8.4778,63.56
148.548,measure,4952.0,1712.0,8.4778,63.88
148.649,measure,4952.0,1712.0,8.4778,63.53
148.749,measure,4952.0,1720.0,8.5174,63.59
148.849,measure,4952.0,1728.0,8.5571,63.75
148.949,measure,4952.0,1728.0,8.5571,63.72
149.049,measure,4952.0,1728.0,8.5571,63.84
149.149,measure,4952.0,1728.0,8.5571,63.78
149.249,measure,4952.0,1720.0,8.5174,64.00
149.350,measure,4952.0,1720.0,8.5174,63.81
149.450,measure,4952.0,1712.0,8.4778,63.72
149.550,measure,4952.0,1712.0,8.4778,63.47
149.650,measure,4952.0,1704.0,8.4382,63.84
149.750,measure,4952.0,1696.0,8.3986,63.62
149.850,measure,4952.0,1696.0,8.3986,63.47
149.950,measure,4952.0,1696.0,8.3986,63.78
150.051,measure,4952.0,1704.0,8.4382,63.53
150.151,measure,4952.0,1704.0,8.4382,63.53
150.251,measure,4952.0,1704.0,8.4382,63.69
150.351,measure,4952.0,1712.0,8.4778,63.69
150.451,measure,4952.0,1728.0,8.5571,63.72
150.551,measure,4952.0,1728.0,8.5571,63.81
150.652,measure,4952.0,1728.0,8.5571,63.72
150.752,measure,4952.0,1720.0,8.5174,63.84
150.852,measure,4952.0,1720.0,8.5174,63.72
150.952,measure,4952.0,1712.0,8.4778,63.62
151.052,measure,4952.0,1712.0,8.4778,63.81
151.152,measure,4952.0,1704.0,8.4382,63.66
151.252,measure,4952.0,1704.0,8.4382,63.56
151.353,measure,4952.0,1696.0,8.3986,63.75
151.453,measure,4952.0,1696.0,8.3986,63.62
151.553,measure,4952.0,1704.0,8.4382,63.50
151.653,measure,4952.0,1704.0,8.4382,63.81
151.753,measure,4952.0,1704.0,8.4382,63.62
151.853,measure,4952.0,1712.0,8.4778,63.59
151.953,measure,4952.0,1712.0,8.4778,63.53
152.054,measure,4952.0,1720.0,8.5174,63.72
152.154,measure,4952.0,1720.0,8.5174,63.62
152.254,measure,4952.0,1720.0,8.5174,63.78
152.354,measure,4952.0,1720.0,8.5174,63.78
152.454,measure,4952.0,1720.0,8.5174,63.81
152.554,measure,4952.0,1720.0,8.5174,63.81
152.654,measure,4952.0,1720.0,8.5174,63.75
152.755,measure,4952.0,1712.0,8.4778,63.88
152.855,measure,4952.0,1704.0,8.4382,63.81
152.955,measure,4952.0,1704.0,8.4382,63.50
153.055,measure,4952.0,1704.0,8.4382,63.81
153.155,measure,4952.0,1712.0,8.4778,63.78
153.255,measure,4952.0,1712.0,8.4778,63.62
153.355,measure,4952.0,1712.0,8.4778,63.59
153.456,measure,4952.0,1712.0,8.4778,63.84
153.556,measure,4952.0,1712.0,8.4778,63.66
153.656,measure,4952.0,1720.0,8.5174,63.62
153.756,measure,4952.0,1720.0,8.5174,63.78
153.856,measure,4952.0,1720.0,8.5174,63.69
153.956,measure,4952.0,1728.0,8.5571,63.81
154.057,measure,4952.0,1728.0,8.5571,63.78
154.157,measure,4952.0,1720.0,8.5174,63.88
154.257,measure,4952.0,1712.0,8.4778,63.81
154.357,measure,4952.0,1712.0,8.4778,63.75
154.457,measure,4952.0,1712.0,8.4778,63.81
154.557,measure,4952.0,1712.0,8.4778,63.78
154.657,measure,4952.0,1704.0,8.4382,63.72
154.758,measure,4952.0,1704.0,8.4382,63.88
154.858,measure,4952.0,1696.0,8.3986,63.72
154.958,measure,4952.0,1696.0,8.3986,63.62
155.058,measure,4952.0,1704.0,8.4382,63.59
155.158,measure,4952.0,1704.0,8.4382,63.81
155.258,measure,4952.0,1704.0,8.4382,63.56
155.358,measure,4952.0,1712.0,8.4778,63.56
155.459,measure,4952.0,1712.0,8.4778,63.75
155.559,measure,4952.0,1720.0,8.5174,63.75
155.659,measure,4952.0,1720.0,8.5174,63.91
155.759,measure,4952.0,1720.0,8.5174,63.84
155.859,measure,4952.0,1720.0,8.5174,64.00
155.959,measure,4952.0,1720.0,8.5174,63.97
156.060,measure,4952.0,1712.0,8.4778,63.88
156.160,measure,4952.0,1712.0,8.4778,63.91
156.261,measure,4952.0,1712.0,8.4778,63.78
156.361,measure,4952.0,1704.0,8.4382,63.53
156.461,measure,4952.0,1704.0,8.4382,63.50
156.561,measure,4952.0,1696.0,8.3986,63.81
156.661,measure,4952.0,1704.0,8.4382,63.50
156.761,measure,4952.0,1704.0,8.4382,63.53
156.861,measure,4952.0,1704.0,8.4382,63.75
156.962,measure,4952.0,1712.0,8.4778,63.78
157.062,measure,4952.0,1728.0,8.5571,63.81
157.162,measure,4952.0,1736.0,8.5967,63.78
157.262,measure,4952.0,1736.0,8.5967,63.81
157.362,measure,4952.0,1736.0,8.5967,63.88
157.462,measure,4952.0,1728.0,8.5571,63.84
157.562,measure,4952.0,1720.0,8.5174,64.00
157.663,measure,4952.0,1720.0,8.5174,63.94
157.763,measure,4952.0,1712.0,8.4778,63.84
157.863,measure,4952.0,1712.0,8.4778,63.97
157.963,measure,4952.0,1712.0,8.4778,63.81
158.063,measure,4952.0,1704.0,8.4382,63.56
158.163,measure,4952.0,1704.0,8.4382,63.59
158.264,measure,4952.0,1696.0,8.3986,63.88
158.364,measure,4952.0,1696.0,8.3986,63.62
158.464,measure,4952.0,1704.0,8.4382,63.56
158.564,measure,4952.0,1720.0,8.5174,63.78
158.664,measure,4952.0,1720.0,8.5174,63.81
158.764,measure,4952.0,1728.0,8.5571,63.94
158.864,measure,4952.0,1728.0,8.5571,63.88
158.965,measure,4952.0,1728.0,8.5571,63.81
159.065,measure,4952.0,1728.0,8.5571,64.00
159.165,measure,4952.0,1720.0,8.5174,63.91
159.265,measure,4952.0,1720.0,8.5174,63.97
159.365,measure,4952.0,1712.0,8.4778,63.91
159.465,measure,4952.0,1712.0,8.4778,63.84
159.565,measure,4952.0,1704.0,8.4382,63.94
159.666,measure,4952.0,1704.0,8.4382,63.78
159.766,measure,4952.0,1696.0,8.3986,63.66
159.866,measure,4952.0,1704.0,8.4382,63.59
159.966,measure,4952.0,1704.0,8.4382,63.91
160.066,measure,4952.0,1704.0,8.4382,63.62
160.166,measure,4952.0,1704.0,8.4382,63.62
160.267,measure,4952.0,1712.0,8.4778,63.81
160.367,measure,4952.0,1712.0,8.4778,63.75
160.467,measure,4952.0,1720.0,8.5174,64.03
160.567,measure,4952.0,1720.0,8.5174,63.88
160.667,measure,4952.0,1728.0,8.5571,63.88
160.767,measure,4952.0,1728.0,8.5571,64.03
160.867,measure,4952.0,1720.0,8.5174,63.91
160.968,measure,4952.0,1720.0,8.5174,64.16
161.068,measure,4952.0,1712.0,8.4778,63.94
161.169,measure,4952.0,1712.0,8.4778,63.91
161.269,measure,4952.0,1704.0,8.4382,63.62
161.369,measure,4952.0,1704.0,8.4382,64.00
161.469,measure,4952.0,1704.0,8.4382,63.72
161.569,measure,4952.0,1712.0,8.4778,63.72
161.669,measure,4952.0,1712.0,8.4778,64.00
161.769,measure,4952.0,1720.0,8.5174,63.75
161.869,measure,4952.0,1728.0,8.5571,63.75
161.970,measure,4952.0,1728.0,8.5571,63.94
162.070,measure,4952.0,1736.0,8.5967,63.84
162.170,measure,4952.0,1736.0,8.5967,64.06
162.270,measure,4952.0,1728.0,8.5571,64.00
162.370,measure,4952.0,1720.0,8.5174,64.00
162.470,measure,4952.0,1720.0,8.5174,63.97
162.571,measure,4952.0,1712.0,8.4778,63.81
162.671,measure,4952.0,1712.0,8.4778,64.06
162.771,measure,4952.0,1712.0,8.4778,63.88
162.871,measure,4952.0,1720.0,8.5174,63.84
162.971,measure,4952.0,1728.0,8.5571,63.75
163.071,measure,4952.0,1728.0,8.5571,64.09
163.171,measure,4952.0,1728.0,8.5571,63.81
163.272,measure,4952.0,1728.0,8.5571,63.78
163.372,measure,4952.0,1728.0,8.5571,64.06
163.472,measure,4952.0,1736.0,8.5967,63.91
163.572,measure,4952.0,1728.0,8.5571,63.91
163.673,measure,4952.0,1720.0,8.5174,63.94
163.773,measure,4952.0,1720.0,8.5174,63.81
163.873,measure,4952.0,1712.0,8.4778,63.84
163.973,measure,4952.0,1712.0,8.4778,63.78
164.073,measure,4952.0,1712.0,8.4778,64.03
164.173,measure,4952.0,1728.0,8.5571,64.06
164.274,measure,4952.0,1728.0,8.5571,63.94
164.374,measure,4952.0,1728.0,8.5571,63.72
164.474,measure,4952.0,1744.0,8.6363,64.09
164.574,measure,4952.0,1736.0,8.5967,64.09
164.674,measure,4952.0,1736.0,8.5967,63.88
164.774,measure,4952.0,1728.0,8.5571,64.03
164.874,measure,4952.0,1720.0,8.5174,63.78
164.975,measure,4952.0,1712.0,8.4778,63.78
165.075,measure,4952.0,1712.0,8.4778,63.75
165.175,measure,4952.0,1712.0,8.4778,63.78
165.275,measure,4952.0,1712.0,8.4778,63.72
165.375,measure,4952.0,1712.0,8.4778,63.81
165.475,measure,4952.0,1720.0,8.5174,63.72
165.575,measure,4952.0,1720.0,8.5174,63.97
165.676,measure,4952.0,1720.0,8.5174,63.91
165.776,measure,4952.0,1728.0,8.5571,64.16
165.876,measure,4952.0,1728.0,8.5571,64.09
165.976,measure,4952.0,1728.0,8.5571,63.97
166.076,measure,4952.0,1736.0,8.5967,63.84
166.176,measure,4952.0,1736.0,8.5967,64.16
166.276,measure,4952.0,1728.0,8.5571,63.81
166.377,measure,4952.0,1720.0,8.5174,63.81
166.477,measure,4952.0,1712.0,8.4778,64.16
166.577,measure,4952.0,1712.0,8.4778,63.69
166.677,measure,4952.0,1704.0,8.4382,63.75
166.777,measure,4952.0,1704.0,8.4382,63.72
166.877,measure,4952.0,1696.0,8.3986,63.69
166.978,measure,4952.0,1704.0,8.4382,63.78
167.078,measure,4952.0,1704.0,8.4382,63.78
167.178,measure,4952.0,1712.0,8.4778,63.81
167.278,measure,4952.0,1728.0,8.5571,64.03
167.378,measure,4952.0,1728.0,8.5571,63.91
167.478,measure,4952.0,1736.0,8.5967,63.91
167.578,measure,4952.0,1736.0,8.5967,64.16
167.679,measure,4952.0,1736.0,8.5967,64.06
167.779,measure,4952.0,1728.0,8.5571,63.81
167.879,measure,4952.0,1720.0,8.5174,64.12
167.979,measure,4952.0,1720.0,8.5174,63.97
168.079,measure,4952.0,1712.0,8.4778,63.72
168.179,measure,4952.0,1704.0,8.4382,63.69
168.280,measure,4952.0,1720.0,8.5174,64.03
168.380,measure,4952.0,1720.0,8.5174,63.78
168.480,measure,4952.0,1720.0,8.5174,63.94
168.580,measure,4952.0,1728.0,8.5571,63.91
168.680,measure,4952.0,1728.0,8.5571,63.81
168.780,measure,4952.0,1728.0,8.5571,64.00
168.880,measure,4952.0,1728.0,8.5571,63.88
168.981,measure,4952.0,1728.0,8.5571,64.12
169.081,measure,4952.0,1728.0,8.5571,64.09
169.181,measure,4952.0,1728.0,8.5571,64.00
169.281,measure,4952.0,1720.0,8.5174,64.03
169.381,measure,4952.0,1712.0,8.4778,64.00
169.481,measure,4952.0,1712.0,8.4778,63.75
169.581,measure,4952.0,1704.0,8.4382,64.03
169.682,measure,4952.0,1712.0,8.4778,63.88
169.782,measure,4952.0,1712.0,8.4778,63.75
169.882,measure,4952.0,1712.0,8.4778,63.72
169.982,measure,4952.0,1720.0,8.5174,64.06
170.082,measure,4952.0,1728.0,8.5571,63.94
170.182,measure,4952.0,1728.0,8.5571,63.81
170.282,measure,4952.0,1744.0,8.6363,64.03
170.383,measure,4952.0,1736.0,8.5967,64.06
170.483,measure,4952.0,1728.0,8.5571,64.00
170.583,measure,4952.0,1720.0,8.5174,63.84
170.683,measure,4952.0,1720.0,8.5174,63.97
170.783,measure,4952.0,1712.0,8.4778,63.81
170.883,measure,4952.0,1704.0,8.4382,63.81
170.983,measure,4952.0,1704.0,8.4382,64.00
171.084,measure,4952.0,1704.0,8.4382,63.88
171.184,measure,4952.0,1712.0,8.4778,63.81
171.284,measure,4952.0,1712.0,8.4778,63.78
171.384,measure,4952.0,1712.0,8.4778,64.06
171.484,measure,4952.0,1720.0,8.5174,63.81
171.584,measure,4952.0,1720.0,8.5174,63.81
171.684,measure,4952.0,1728.0,8.5571,64.19
171.785,measure,4952.0,1728.0,8.5571,63.94
171.885,measure,4952.0,1728.0,8.5571,63.81
171.985,measure,4952.0,1728.0,8.5571,63.94
172.085,measure,4952.0,1720.0,8.5174,64.06
172.185,measure,4952.0,1712.0,8.4778,63.97
172.285,measure,4952.0,1712.0,8.4778,63.91
172.385,measure,4952.0,1712.0,8.4778,63.97
172.486,measure,4952.0,1704.0,8.4382,63.91
172.586,measure,4952.0,1704.0,8.4382,63.84
172.686,measure,4952.0,1704.0,8.4382,64.06
172.786,measure,4952.0,1704.0,8.4382,63.91
172.886,measure,4952.0,1704.0,8.4382,63.81
172.986,measure,4952.0,1704.0,8.4382,63.72
173.086,measure,4952.0,1712.0,8.4778,64.09
173.187,measure,4952.0,1712.0,8.4778,63.91
173.287,measure,4952.0,1712.0,8.4778,63.78
173.387,measure,4952.0,1720.0,8.5174,64.12
173.487,measure,4952.0,1728.0,8.5571,63.91
173.587,measure,4952.0,1728.0,8.5571,63.88
173.687,measure,4952.0,1728.0,8.5571,63.84
173.787,measure,4952.0,1720.0,8.5174,63.84
173.888,measure,4952.0,1720.0,8.5174,63.91
173.988,measure,4952.0,1712.0,8.4778,63.84
174.088,measure,4952.0,1704.0,8.4382,63.81
174.188,measure,4952.0,1704.0,8.4382,63.91
174.288,measure,4952.0,1704.0,8.4382,63.94
174.388,measure,4952.0,1712.0,8.4778,63.84
174.488,measure,4952.0,1720.0,8.5174,64.09
174.589,measure,4952.0,1720.0,8.5174,64.00
174.689,measure,4952.0,1728.0,8.5571,63.84
174.789,measure,4952.0,1728.0,8.5571,64.25
174.889,measure,4952.0,1728.0,8.5571,64.09
174.989,measure,4952.0,1728.0,8.5571,63.94
175.089,measure,4952.0,1728.0,8.5571,63.91
175.189,measure,4952.0,1720.0,8.5174,63.94
175.290,measure,4952.0,1712.0,8.4778,63.81
175.390,measure,4952.0,1712.0,8.4778,63.91
175.490,measure,4952.0,1712.0,8.4778,63.91
175.590,measure,4952.0,1704.0,8.4382,63.84
175.690,measure,4952.0,1696.0,8.3986,63.81
175.790,measure,4952.0,1704.0,8.4382,63.84
175.890,measure,4952.0,1704.0,8.4382,63.97
175.991,measure,4952.0,1712.0,8.4778,63.94
176.091,measure,4952.0,1720.0,8.5174,63.97
176.191,measure,4952.0,1720.0,8.5174,64.12
176.291,measure,4952.0,1728.0,8.5571,64.06
176.391,measure,4952.0,1728.0,8.5571,63.97
176.491,measure,4952.0,1728.0,8.5571,64.31
176.591,measure,4952.0,1728.0,8.5571,64.16
176.692,measure,4952.0,1720.0,8.5174,63.81
176.792,measure,4952.0,1712.0,8.4778,63.84
176.892,measure,4952.0,1712.0,8.4778,63.91
176.992,measure,4952.0,1704.0,8.4382,63.75
177.092,measure,4952.0,1704.0,8.4382,63.88
177.192,measure,4952.0,1696.0,8.3986,63.81
177.292,measure,4952.0,1696.0,8.3986,63.94
177.393,measure,4952.0,1696.0,8.3986,63.88
177.493,measure,4952.0,1704.0,8.4382,63.84
177.593,measure,4952.0,1704.0,8.4382,64.06
177.693,measure,4952.0,1712.0,8.4778,63.97
177.793,measure,4952.0,1712.0,8.4778,64.00
177.893,measure,4952.0,1720.0,8.5174,64.22
177.993,measure,4952.0,1720.0,8.5174,64.06
178.094,measure,4952.0,1720.0,8.5174,63.88
178.194,measure,4952.0,1728.0,8.5571,64.00
178.294,measure,4952.0,1728.0,8.5571,64.16
178.394,measure,4952.0,1720.0,8.5174,63.94
178.494,measure,4952.0,1720.0,8.5174,64.00
178.595,measure,4952.0,1712.0,8.4778,63.88
178.695,measure,4952.0,1712.0,8.4778,64.00
178.795,measure,4952.0,1704.0,8.4382,63.94
178.895,measure,4952.0,1704.0,8.4382,63.84
178.995,measure,4952.0,1696.0,8.3986,63.81
179.095,measure,4952.0,1696.0,8.3986,63.91
179.195,measure,4952.0,1704.0,8.4382,63.81
179.296,measure,4952.0,1704.0,8.4382,64.09
179.396,measure,4952.0,1712.0,8.4778,64.03
179.496,measure,4952.0,1712.0,8.4778,63.94
179.596,measure,4952.0,1720.0,8.5174,64.22
179.696,measure,4952.0,1720.0,8.5174,64.06
179.796,measure,4952.0,1728.0,8.5571,63.94
179.896,measure,4952.0,1728.0,8.5571,63.97
179.997,measure,4952.0,1736.0,8.5967,64.25
180.097,measure,4952.0,1728.0,8.5571,64.00
180.197,measure,4952.0,1720.0,8.5174,63.94
180.297,measure,4952.0,1720.0,8.5174,63.97
180.397,measure,4952.0,1712.0,8.4778,63.84
180.497,measure,4952.0,1712.0,8.4778,63.97
180.598,measure,4952.0,1712.0,8.4778,63.84
180.698,measure,4952.0,1704.0,8.4382,63.81
180.798,measure,4952.0,1704.0,8.4382,63.88
180.898,measure,4952.0,1712.0,8.4778,63.88
180.998,measure,4952.0,1712.0,8.4778,64.16
181.098,measure,4952.0,1712.0,8.4778,64.06
181.198,measure,4952.0,1712.0,8.4778,64.00
181.299,measure,4952.0,1720.0,8.5174,64.28
181.399,measure,4952.0,1728.0,8.5571,64.16
181.499,measure,4952.0,1728.0,8.5571,63.94
181.599,measure,4952.0,1736.0,8.5967,63.91
181.700,measure,4952.0,1728.0,8.5571,63.91
181.800,measure,4952.0,1728.0,8.5571,63.94
181.900,measure,4952.0,1720.0,8.5174,63.94
182.000,measure,4952.0,1712.0,8.4778,63.91
182.101,measure,4952.0,1704.0,8.4382,63.81
182.201,measure,4952.0,1704.0,8.4382,63.91
182.301,measure,4952.0,1720.0,8.5174,63.88
182.401,measure,4952.0,1720.0,8.5174,64.09
182.501,measure,4952.0,1720.0,8.5174,64.03
182.601,measure,4952.0,1720.0,8.5174,64.03
182.702,measure,4952.0,1728.0,8.5571,64.25
182.802,measure,4952.0,1728.0,8.5571,64.16
182.902,measure,4952.0,1728.0,8.5571,64.12
183.002,measure,4952.0,1736.0,8.5967,64.00
183.102,measure,4952.0,1728.0,8.5571,63.91
183.202,measure,4952.0,1720.0,8.5174,63.91
183.302,measure,4952.0,1720.0,8.5174,63.81
183.403,measure,4952.0,1712.0,8.4778,63.81
183.503,measure,4952.0,1712.0,8.4778,63.78
183.603,measure,4952.0,1712.0,8.4778,63.97
183.703,measure,4952.0,1728.0,8.5571,63.94
183.803,measure,4952.0,1728.0,8.5571,63.94
183.903,measure,4952.0,1728.0,8.5571,64.09
184.004,measure,4952.0,1744.0,8.6363,64.09
184.104,measure,4952.0,1744.0,8.6363,64.31
184.204,measure,4952.0,1728.0,8.5571,64.25
184.304,measure,4952.0,1728.0,8.5571,64.06
184.404,measure,4952.0,1720.0,8.5174,64.16
184.504,measure,4952.0,1712.0,8.4778,64.00
184.604,measure,4952.0,1704.0,8.4382,63.88
184.705,measure,4952.0,1704.0,8.4382,63.78
184.805,measure,4952.0,1704.0,8.4382,64.16
184.905,measure,4952.0,1712.0,8.4778,63.84
185.005,measure,4952.0,1712.0,8.4778,63.75
185.105,measure,4952.0,1712.0,8.4778,63.97
185.205,measure,4952.0,1720.0,8.5174,63.94
185.305,measure,4952.0,1720.0,8.5174,63.88
185.406,measure,4952.0,1728.0,8.5571,64.06
185.506,measure,4952.0,1728.0,8.5571,64.00
185.606,measure,4952.0,1728.0,8.5571,64.22
185.706,measure,4952.0,1728.0,8.5571,64.16
185.806,measure,4952.0,1720.0,8.5174,64.19
185.906,measure,4952.0,1720.0,8.5174,64.22
186.006,measure,4952.0,1712.0,8.4778,64.03
186.107,measure,4952.0,1712.0,8.4778,63.81
186.207,measure,4952.0,1704.0,8.4382,64.00
186.307,measure,4952.0,1704.0,8.4382,63.97
186.407,measure,4952.0,1704.0,8.4382,63.84
186.507,measure,4952.0,1712.0,8.4778,64.16
186.607,measure,4952.0,1712.0,8.4778,63.84
186.707,measure,4952.0,1712.0,8.4778,63.91
186.808,measure,4952.0,1712.0,8.4778,63.97
186.908,measure,4952.0,1720.0,8.5174,64.00
187.008,measure,4952.0,1720.0,8.5174,63.91
187.108,measure,4952.0,1728.0,8.5571,64.09
187.208,measure,4952.0,1728.0,8.5571,64.03
187.308,measure,4952.0,1728.0,8.5571,64.22
187.408,measure,4952.0,1728.0,8.5571,64.09
187.509,measure,4952.0,1720.0,8.5174,64.25
187.609,measure,4952.0,1720.0,8.5174,64.12
187.709,measure,4952.0,1712.0,8.4778,64.06
187.809,measure,4952.0,1704.0,8.4382,63.78
187.909,measure,4952.0,1704.0,8.4382,64.06
188.009,measure,4952.0,1696.0,8.3986,63.97
188.109,measure,4952.0,1696.0,8.3986,63.84
188.209,measure,4952.0,1696.0,8.3986,64.09
188.310,measure,4952.0,1712.0,8.4778,63.97
188.410,measure,4952.0,1712.0,8.4778,63.88
188.510,measure,4952.0,1712.0,8.4778,64.03
188.610,measure,4952.0,1736.0,8.5967,64.09
188.710,measure,4952.0,1736.0,8.5967,64.00
188.810,measure,4952.0,1736.0,8.5967,64.06
188.910,measure,4952.0,1728.0,8.5571,64.03
189.011,measure,4952.0,1720.0,8.5174,64.03
189.111,measure,4952.0,1720.0,8.5174,64.00
189.211,measure,4952.0,1712.0,8.4778,63.94
189.311,measure,4952.0,1720.0,8.5174,64.09
189.411,measure,4952.0,1720.0,8.5174,64.00
189.511,measure,4952.0,1728.0,8.5571,64.03
189.612,measure,4952.0,1728.0,8.5571,64.22
189.712,measure,4952.0,1728.0,8.5571,64.12
189.812,measure,4952.0,1744.0,8.6363,64.06
189.912,measure,4952.0,1744.0,8.6363,64.03
190.012,measure,4952.0,1736.0,8.5967,64.00
190.112,measure,4952.0,1728.0,8.5571,64.03
190.213,measure,4952.0,1720.0,8.5174,63.97
190.313,measure,4952.0,1712.0,8.4778,64.03
190.413,measure,4952.0,1712.0,8.4778,63.91
190.513,measure,4952.0,1712.0,8.4778,63.97
190.613,measure,4952.0,1704.0,8.4382,63.91
190.714,measure,4952.0,1704.0,8.4382,64.00
190.814,measure,4952.0,1696.0,8.3986,64.00
190.914,measure,4952.0,1712.0,8.4778,63.97
191.014,measure,4952.0,1712.0,8.4778,64.19
191.114,measure,4952.0,1712.0,8.4778,64.16
191.214,measure,4952.0,1712.0,8.4778,64.00
191.315,measure,4952.0,1720.0,8.5174,64.28
191.415,measure,4952.0,1728.0,8.5571,64.19
191.515,measure,4952.0,1728.0,8.5571,64.00
191.615,measure,4952.0,1728.0,8.5571,64.00
191.715,measure,4952.0,1728.0,8.5571,64.12
191.815,measure,4952.0,1720.0,8.5174,64.03
191.915,measure,4952.0,1720.0,8.5174,64.03
192.016,measure,4952.0,1712.0,8.4778,64.00
192.116,measure,4952.0,1712.0,8.4778,63.88
192.216,measure,4952.0,1704.0,8.4382,63.97
192.316,measure,4952.0,1704.0,8.4382,64.00
192.416,measure,4952.0,1696.0,8.3986,63.94
192.516,measure,4952.0,1696.0,8.3986,64.03
192.616,measure,4952.0,1704.0,8.4382,63.97
192.717,measure,4952.0,1704.0,8.4382,64.22
192.817,measure,4952.0,1712.0,8.4778,64.06
192.917,measure,4952.0,1712.0,8.4778,64.03
193.017,measure,4952.0,1712.0,8.4778,63.91
193.117,measure,4952.0,1720.0,8.5174,64.19
193.217,measure,4952.0,1720.0,8.5174,63.97
193.318,measure,4952.0,1728.0,8.5571,63.97
193.418,measure,4952.0,1728.0,8.5571,64.09
193.518,measure,4952.0,1728.0,8.5571,64.06
193.618,measure,4952.0,1728.0,8.5571,64.12
193.718,measure,4952.0,1720.0,8.5174,63.91
193.818,measure,4952.0,1712.0,8.4778,63.88
193.918,measure,4952.0,1712.0,8.4778,63.97
194.019,measure,4952.0,1704.0,8.4382,63.88
194.119,measure,4952.0,1704.0,8.4382,64.09
194.219,measure,4952.0,1704.0,8.4382,64.03
194.319,measure,4952.0,1712.0,8.4778,63.91
194.419,measure,4952.0,1712.0,8.4778,64.22
194.519,measure,4952.0,1712.0,8.4778,64.19
194.620,measure,4952.0,1712.0,8.4778,64.03
194.720,measure,4952.0,1720.0,8.5174,63.94
194.820,measure,4952.0,1720.0,8.5174,64.25
194.920,measure,4952.0,1728.0,8.5571,64.03
195.020,measure,4952.0,1736.0,8.5967,64.06
195.120,measure,4952.0,1728.0,8.5571,64.25
195.220,measure,4952.0,1728.0,8.5571,63.91
195.321,measure,4952.0,1720.0,8.5174,64.00
195.421,measure,4952.0,1712.0,8.4778,63.94
195.521,measure,4952.0,1712.0,8.4778,63.94
195.621,measure,4952.0,1704.0,8.4382,63.97
195.721,measure,4952.0,1712.0,8.4778,63.94
195.821,measure,4952.0,1720.0,8.5174,64.25
195.921,measure,4952.0,1720.0,8.5174,64.19
196.022,measure,4952.0,1728.0,8.5571,64.16
196.122,measure,4952.0,1728.0,8.5571,64.00
196.222,measure,4952.0,1728.0,8.5571,64.28
196.322,measure,4952.0,1736.0,8.5967,64.22
196.422,measure,4952.0,1736.0,8.5967,63.94
196.522,measure,4952.0,1728.0,8.5571,64.31
196.623,measure,4952.0,1720.0,8.5174,64.00
196.723,measure,4952.0,1720.0,8.5174,64.06
196.824,measure,4952.0,1712.0,8.4778,64.03
196.924,measure,4952.0,1712.0,8.4778,63.94
197.024,measure,4952.0,1712.0,8.4778,64.09
197.124,measure,4952.0,1712.0,8.4778,63.94
197.224,measure,4952.0,1720.0,8.5174,63.91
197.324,measure,4952.0,1728.0,8.5571,64.19
197.424,measure,4952.0,1736.0,8.5967,64.16
197.525,measure,4952.0,1736.0,8.5967,64.34
197.625,measure,4952.0,1736.0,8.5967,64.25
197.725,measure,4952.0,1736.0,8.5967,64.19
197.825,measure,4952.0,1728.0,8.5571,64.00
197.926,measure,4952.0,1720.0,8.5174,64.28
198.026,measure,4952.0,1712.0,8.4778,63.97
198.126,measure,4952.0,1712.0,8.4778,63.91
198.226,measure,4952.0,1704.0,8.4382,63.91
198.326,measure,4952.0,1704.0,8.4382,63.81
198.426,measure,4952.0,1696.0,8.3986,63.97
198.527,measure,4952.0,1712.0,8.4778,63.94
198.627,measure,4952.0,1720.0,8.5174,63.94
198.727,measure,4952.0,1720.0,8.5174,64.12
198.827,measure,4952.0,1720.0,8.5174,64.19
198.927,measure,4952.0,1728.0,8.5571,64.31
199.027,measure,4952.0,1728.0,8.5571,64.22
199.127,measure,4952.0,1728.0,8.5571,64.12
199.228,measure,4952.0,1736.0,8.5967,64.41
199.328,measure,4952.0,1728.0,8.5571,64.31
199.429,measure,4952.0,1720.0,8.5174,64.06
199.529,measure,4952.0,1712.0,8.4778,64.03
199.629,measure,4952.0,1712.0,8.4778,63.91
199.729,measure,4952.0,1712.0,8.4778,63.81
199.830,measure,4952.0,1712.0,8.4778,63.94
199.930,measure,4952.0,1712.0,8.4778,63.88
200.030,measure,4952.0,1712.0,8.4778,63.94
200.130,measure,4952.0,1728.0,8.5571,64.12
200.230,measure,4952.0,1728.0,8.5571,64.16
200.330,measure,4952.0,1728.0,8.5571,64.31
200.431,measure,4952.0,1728.0,8.5571,64.25
200.531,measure,4952.0,1728.0,8.5571,64.22
200.631,measure,4952.0,1728.0,8.5571,64.34
200.731,measure,4952.0,1728.0,8.5571,64.19
200.831,measure,4952.0,1720.0,8.5174,63.88
200.931,measure,4952.0,1712.0,8.4778,63.81
201.032,measure,4952.0,1712.0,8.4778,64.16
201.132,measure,4952.0,1704.0,8.4382,63.81
201.232,measure,4952.0,1704.0,8.4382,63.94
201.332,measure,4952.0,1712.0,8.4778,63.91
201.432,measure,4952.0,1712.0,8.4778,63.88
201.532,measure,4952.0,1712.0,8.4778,64.12
201.632,measure,4952.0,1720.0,8.5174,64.09
201.733,measure,4952.0,1720.0,8.5174,64.28
201.833,measure,4952.0,1728.0,8.5571,64.16
201.933,measure,4952.0,1728.0,8.5571,64.16
202.033,measure,4952.0,1736.0,8.5967,64.31
202.133,measure,4952.0,1736.0,8.5967,64.28
202.233,measure,4952.0,1728.0,8.5571,64.06
202.334,measure,4952.0,1720.0,8.5174,64.34
202.434,measure,4952.0,1720.0,8.5174,64.22
202.534,measure,4952.0,1712.0,8.4778,63.91
202.634,measure,4952.0,1712.0,8.4778,63.84
202.734,measure,4952.0,1704.0,8.4382,64.25
202.835,measure,4952.0,1712.0,8.4778,63.91
202.935,measure,4952.0,1712.0,8.4778,64.09
203.035,measure,4952.0,1712.0,8.4778,63.97
203.135,measure,4952.0,1720.0,8.5174,64.06
203.235,measure,4952.0,1720.0,8.5174,64.16
203.335,measure,4952.0,1720.0,8.5174,64.16
203.436,measure,4952.0,1728.0,8.5571,64.09
203.536,measure,4952.0,1728.0,8.5571,64.22
203.636,measure,4952.0,1728.0,8.5571,64.16
203.736,measure,4952.0,1728.0,8.5571,64.41
203.836,measure,4952.0,1720.0,8.5174,64.19
203.936,measure,4952.0,1720.0,8.5174,64.09
204.036,measure,4952.0,1712.0,8.4778,64.03
204.137,measure,4952.0,1712.0,8.4778,64.09
204.237,measure,4952.0,1704.0,8.4382,63.84
204.337,measure,4952.0,1704.0,8.4382,63.88
204.437,measure,4952.0,1704.0,8.4382,64.28
204.537,measure,4952.0,1704.0,8.4382,63.91
204.637,measure,4952.0,1704.0,8.4382,63.88
204.737,measure,4952.0,1720.0,8.5174,64.16
204.837,measure,4952.0,1728.0,8.5571,64.09
204.938,measure,4952.0,1728.0,8.5571,64.16
205.038,measure,4952.0,1736.0,8.5967,64.19
205.138,measure,4952.0,1736.0,8.5967,64.12
205.238,measure,4952.0,1728.0,8.5571,64.25
205.339,measure,4952.0,1720.0,8.5174,64.16
205.439,measure,4952.0,1720.0,8.5174,64.31
205.540,measure,4952.0,1712.0,8.4778,64.28
205.640,measure,4952.0,1712.0,8.4778,63.91
205.740,measure,4952.0,1704.0,8.4382,63.88
205.840,measure,4952.0,1696.0,8.3986,64.19
205.940,measure,4952.0,1696.0,8.3986,64.00
206.040,measure,4952.0,1696.0,8.3986,64.03
206.141,measure,4952.0,1704.0,8.4382,64.00
206.241,measure,4952.0,1704.0,8.4382,63.91
206.341,measure,4952.0,1712.0,8.4778,64.12
206.441,measure,4952.0,1712.0,8.4778,64.03
206.541,measure,4952.0,1720.0,8.5174,64.06
206.641,measure,4952.0,1736.0,8.5967,64.28
206.741,measure,4952.0,1736.0,8.5967,64.19
206.841,measure,4952.0,1736.0,8.5967,64.44
206.942,measure,4952.0,1728.0,8.5571,64.25
207.042,measure,4952.0,1720.0,8.5174,64.19
207.142,measure,4952.0,1720.0,8.5174,63.97
207.242,measure,4952.0,1712.0,8.4778,64.25
207.342,measure,4952.0,1704.0,8.4382,64.12
207.442,measure,4952.0,1704.0,8.4382,63.88
207.543,measure,4952.0,1696.0,8.3986,64.22
207.643,measure,4952.0,1696.0,8.3986,63.91
207.743,measure,4952.0,1704.0,8.4382,63.84
207.843,measure,4952.0,1720.0,8.5174,64.09
207.943,measure,4952.0,1720.0,8.5174,64.09
208.043,measure,4952.0,1728.0,8.5571,64.25
208.143,measure,4952.0,1728.0,8.5571,64.25
208.244,measure,4952.0,1736.0,8.5967,64.12
208.344,measure,4952.0,1736.0,8.5967,64.34
208.444,measure,4952.0,1728.0,8.5571,64.22
208.544,measure,4952.0,1720.0,8.5174,64.44
208.644,measure,4952.0,1720.0,8.5174,64.31
208.744,measure,4952.0,1712.0,8.4778,64.22
208.844,measure,4952.0,1712.0,8.4778,63.94
208.945,measure,4952.0,1704.0,8.4382,64.22
209.045,measure,4952.0,1704.0,8.4382,64.09
209.145,measure,4952.0,1696.0,8.3986,63.88
209.245,measure,4952.0,1704.0,8.4382,64.16
209.345,measure,4952.0,1704.0,8.4382,63.91
209.445,measure,4952.0,1704.0,8.4382,63.91
209.545,measure,4952.0,1712.0,8.4778,64.12
209.645,measure,4952.0,1712.0,8.4778,64.00
209.746,measure,4952.0,1728.0,8.5571,64.06
209.846,measure,4952.0,1736.0,8.5967,64.22
209.946,measure,4952.0,1736.0,8.5967,64.12
210.047,measure,4952.0,1736.0,8.5967,64.31
210.147,measure,4952.0,1728.0,8.5571,64.22
210.247,measure,4952.0,1720.0,8.5174,63.94
210.348,measure,4952.0,1720.0,8.5174,64.22
210.448,measure,4952.0,1712.0,8.4778,64.22
210.548,measure,4952.0,1704.0,8.4382,63.91
210.648,measure,4952.0,1704.0,8.4382,64.19
210.748,measure,4952.0,1712.0,8.4778,63.94
210.848,measure,4952.0,1712.0,8.4778,63.94
210.948,measure,4952.0,1712.0,8.4778,64.12
211.049,measure,4952.0,1712.0,8.4778,64.03
211.149,measure,4952.0,1712.0,8.4778,64.00
211.249,measure,4952.0,1720.0,8.5174,64.25
211.349,measure,4952.0,1720.0,8.5174,64.16
211.449,measure,4952.0,1728.0,8.5571,64.28
211.549,measure,4952.0,1728.0,8.5571,64.19
211.649,measure,4952.0,1728.0,8.5571,64.47
211.750,measure,4952.0,1720.0,8.5174,64.31
211.850,measure,4952.0,1720.0,8.5174,64.28
211.950,measure,4952.0,1712.0,8.4778,64.00
212.050,measure,4952.0,1712.0,8.4778,64.34
212.150,measure,4952.0,1704.0,8.4382,64.25
212.250,measure,4952.0,1704.0,8.4382,63.97
212.350,measure,4952.0,1704.0,8.4382,64.28
212.451,measure,4952.0,1696.0,8.3986,63.97
212.551,measure,4952.0,1712.0,8.4778,63.97
212.651,measure,4952.0,1712.0,8.4778,64.12
212.751,measure,4952.0,1712.0,8.4778,64.09
212.851,measure,4952.0,1720.0,8.5174,64.03
212.951,measure,4952.0,1720.0,8.5174,64.19
213.051,measure,4952.0,1720.0,8.5174,64.12
213.152,measure,4952.0,1728.0,8.5571,64.28
213.252,measure,4952.0,1728.0,8.5571,64.28
213.352,measure,4952.0,1736.0,8.5967,64.22
213.452,measure,4952.0,1728.0,8.5571,64.34
213.554,measure,4952.0,1720.0,8.5174,64.06
213.654,measure,4952.0,1712.0,8.4778,64.00
213.754,measure,4952.0,1712.0,8.4778,64.31
213.855,measure,4952.0,1704.0,8.4382,63.94
213.955,measure,4952.0,1704.0,8.4382,63.94
214.055,measure,4952.0,1696.0,8.3986,64.03
214.155,measure,4952.0,1696.0,8.3986,63.91
214.255,measure,4952.0,1704.0,8.4382,64.12
214.356,measure,4952.0,1712.0,8.4778,64.12
214.456,measure,4952.0,1720.0,8.5174,64.44
214.556,measure,4952.0,1720.0,8.5174,64.25
214.656,measure,4952.0,1728.0,8.5571,64.19
214.756,measure,4952.0,1728.0,8.5571,64.53
214.856,measure,4952.0,1728.0,8.5571,64.31
214.957,measure,4952.0,1736.0,8.5967,64.34
215.057,measure,4952.0,1728.0,8.5571,64.09
215.157,measure,4952.0,1720.0,8.5174,64.34
215.257,measure,4952.0,1720.0,8.5174,64.03
215.357,measure,4952.0,1720.0,8.5174,64.09
215.457,measure,4952.0,1712.0,8.4778,64.31
215.558,measure,4952.0,1712.0,8.4778,63.97
215.658,measure,4952.0,1712.0,8.4778,63.97
215.758,measure,4952.0,1712.0,8.4778,64.03
215.858,measure,4952.0,1712.0,8.4778,64.03
215.958,measure,4952.0,1720.0,8.5174,64.16
216.058,measure,4952.0,1736.0,8.5967,64.22
216.158,measure,4952.0,1736.0,8.5967,64.44
216.259,measure,4952.0,1736.0,8.5967,64.34
216.359,measure,4952.0,1736.0,8.5967,64.28
216.459,measure,4952.0,1728.0,8.5571,64.44
216.559,measure,4952.0,1720.0,8.5174,64.28
216.660,measure,4952.0,1712.0,8.4778,64.03
216.760,measure,4952.0,1712.0,8.4778,63.94
216.860,measure,4952.0,1704.0,8.4382,64.25
216.960,measure,4952.0,1696.0,8.3986,63.97
217.060,measure,4952.0,1704.0,8.4382,63.94
217.160,measure,4952.0,1712.0,8.4778,64.31
217.261,measure,4952.0,1712.0,8.4778,64.12
217.361,measure,4952.0,1728.0,8.5571,64.12
217.461,measure,4952.0,1744.0,8.6363,64.22
217.561,measure,4952.0,1736.0,8.5967,64.12
217.661,measure,4952.0,1736.0,8.5967,64.28
217.761,measure,4952.0,1728.0,8.5571,64.25
217.861,measure,4952.0,1720.0,8.5174,64.50
217.961,measure,4952.0,1720.0,8.5174,64.31
218.062,measure,4952.0,1712.0,8.4778,64.28
218.162,measure,4952.0,1712.0,8.4778,64.03
218.262,measure,4952.0,1712.0,8.4778,64.25
218.362,measure,4952.0,1712.0,8.4778,64.19
218.462,measure,4952.0,1704.0,8.4382,63.97
218.562,measure,4952.0,1704.0,8.4382,64.25
218.662,measure,4952.0,1704.0,8.4382,63.97
218.763,measure,4952.0,1704.0,8.4382,63.94
218.863,measure,4952.0,1704.0,8.4382,64.09
218.963,measure,4952.0,1712.0,8.4778,64.06
219.063,measure,4952.0,1712.0,8.4778,64.22
219.163,measure,4952.0,1720.0,8.5174,64.16
219.263,measure,4952.0,1720.0,8.5174,64.16
219.363,measure,4952.0,1720.0,8.5174,64.31
219.464,measure,4952.0,1744.0,8.6363,64.31
219.564,measure,4952.0,1736.0,8.5967,64.25
219.664,measure,4952.0,1728.0,8.5571,64.38
219.764,measure,4952.0,1728.0,8.5571,64.31
219.864,measure,4952.0,1720.0,8.5174,63.97
219.964,measure,4952.0,1712.0,8.4778,64.31
220.065,measure,4952.0,1712.0,8.4778,64.25
220.165,measure,4952.0,1704.0,8.4382,64.06
220.265,measure,4952.0,1696.0,8.3986,64.28
220.365,measure,4952.0,1704.0,8.4382,63.97
220.465,measure,4952.0,1720.0,8.5174,64.06
220.565,measure,4952.0,1720.0,8.5174,64.19
220.665,measure,4952.0,1728.0,8.5571,64.12
220.766,measure,4952.0,1744.0,8.6363,64.12
220.866,measure,4952.0,1744.0,8.6363,64.31
220.966,measure,4952.0,1736.0,8.5967,64.28
221.066,measure,4952.0,1728.0,8.5571,64.38
221.166,measure,4952.0,1728.0,8.5571,64.25
221.267,measure,4952.0,1720.0,8.5174,64.19
221.367,measure,4952.0,1712.0,8.4778,64.28
221.467,measure,4952.0,1712.0,8.4778,64.28
221.567,measure,4952.0,1712.0,8.4778,63.94
221.667,measure,4952.0,1704.0,8.4382,64.31
221.767,measure,4952.0,1704.0,8.4382,64.16
221.867,measure,4952.0,1704.0,8.4382,64.03
221.968,measure,4952.0,1712.0,8.4778,63.97
222.068,measure,4952.0,1712.0,8.4778,64.06
222.168,measure,4952.0,1720.0,8.5174,64.09
222.268,measure,4952.0,1720.0,8.5174,64.19
222.368,measure,4952.0,1720.0,8.5174,64.16
222.468,measure,4952.0,1728.0,8.5571,64.16
222.569,measure,4952.0,1728.0,8.5571,64.31
222.669,measure,4952.0,1736.0,8.5967,64.31
222.769,measure,4952.0,1728.0,8.5571,64.38
222.869,measure,4952.0,1728.0,8.5571,64.31
222.969,measure,4952.0,1720.0,8.5174,64.09
223.069,measure,4952.0,1720.0,8.5174,64.38
223.170,measure,4952.0,1712.0,8.4778,64.25
223.270,measure,4952.0,1712.0,8.4778,64.00
223.370,measure,4952.0,1704.0,8.4382,64.34
223.470,measure,4952.0,1704.0,8.4382,64.25
223.570,measure,4952.0,1704.0,8.4382,63.97
223.670,measure,4952.0,1704.0,8.4382,64.12
223.770,measure,4952.0,1712.0,8.4778,64.03
223.871,measure,4952.0,1712.0,8.4778,64.00
223.971,measure,4952.0,1712.0,8.4778,64.16
224.071,measure,4952.0,1720.0,8.5174,64.12
224.171,measure,4952.0,1720.0,8.5174,64.12
224.271,measure,4952.0,1728.0,8.5571,64.34
224.371,measure,4952.0,1728.0,8.5571,64.28
224.471,measure,4952.0,1736.0,8.5967,64.50
224.572,measure,4952.0,1728.0,8.5571,64.41
224.672,measure,4952.0,1728.0,8.5571,64.25
224.772,measure,4952.0,1720.0,8.5174,64.41
224.872,measure,4952.0,1712.0,8.4778,64.22
224.972,measure,4952.0,1704.0,8.4382,64.03
225.072,measure,4952.0,1704.0,8.4382,63.94
225.173,measure,4952.0,1712.0,8.4778,64.28
225.273,measure,4952.0,1712.0,8.4778,64.09
225.373,measure,4952.0,1720.0,8.5174,64.09
225.473,measure,4952.0,1736.0,8.5967,64.19
225.573,measure,4952.0,1736.0,8.5967,64.19
225.673,measure,4952.0,1736.0,8.5967,64.31
225.774,measure,4952.0,1736.0,8.5967,64.31
225.874,measure,4952.0,1736.0,8.5967,64.34
225.974,measure,4952.0,1728.0,8.5571,64.31
226.074,measure,4952.0,1728.0,8.5571,64.22
226.175,measure,4952.0,1720.0,8.5174,64.28
226.275,measure,4952.0,1712.0,8.4778,64.25
226.375,measure,4952.0,1712.0,8.4778,64.06
226.475,measure,4952.0,1712.0,8.4778,64.31
226.575,measure,4952.0,1728.0,8.5571,64.31
226.675,measure,4952.0,1728.0,8.5571,64.09
226.776,measure,4952.0,1736.0,8.5967,64.09
226.876,measure,4952.0,1736.0,8.5967,64.44
226.976,measure,4952.0,1744.0,8.6363,64.19
227.076,measure,4952.0,1736.0,8.5967,64.28
227.177,measure,4952.0,1728.0,8.5571,64.12
227.277,measure,4952.0,1720.0,8.5174,64.19
227.377,measure,4952.0,1712.0,8.4778,64.19
227.477,measure,4952.0,1712.0,8.4778,64.09
227.577,measure,4952.0,1704.0,8.4382,64.22
227.678,measure,4952.0,1712.0,8.4778,64.09
227.778,measure,4952.0,1712.0,8.4778,64.12
227.878,measure,4952.0,1720.0,8.5174,64.38
227.978,measure,4952.0,1728.0,8.5571,64.34
228.078,measure,4952.0,1728.0,8.5571,64.22
228.178,measure,4952.0,1728.0,8.5571,64.56
228.278,measure,4952.0,1744.0,8.6363,64.47
228.379,measure,4952.0,1728.0,8.5571,64.25
228.479,measure,4952.0,1728.0,8.5571,64.19
228.579,measure,4952.0,1720.0,8.5174,64.09
228.679,measure,4952.0,1712.0,8.4778,64.12
228.780,measure,4952.0,1704.0,8.4382,64.09
228.880,measure,4952.0,1704.0,8.4382,64.16
228.980,measure,4952.0,1704.0,8.4382,64.03
229.080,measure,4952.0,1704.0,8.4382,64.16
229.180,measure,4952.0,1704.0,8.4382,64.16
229.280,measure,4952.0,1712.0,8.4778,64.34
229.380,measure,4952.0,1712.0,8.4778,64.19
229.480,measure,4952.0,1712.0,8.4778,64.28
229.581,measure,4952.0,1720.0,8.5174,64.41
229.681,measure,4952.0,1728.0,8.5571,64.41
229.781,measure,4952.0,1728.0,8.5571,64.16
229.881,measure,4952.0,1728.0,8.5571,64.19
229.981,measure,4952.0,1728.0,8.5571,64.53
230.081,measure,4952.0,1720.0,8.5174,64.28
230.182,measure,4952.0,1712.0,8.4778,64.28
230.283,measure,4952.0,1712.0,8.4778,64.19
230.383,measure,4952.0,1704.0,8.4382,64.31
230.483,measure,4952.0,1704.0,8.4382,64.22
230.583,measure,4952.0,1704.0,8.4382,64.12
230.683,measure,4952.0,1696.0,8.3986,64.22
230.783,measure,4952.0,1696.0,8.3986,64.22
230.883,measure,4952.0,1704.0,8.4382,64.06
230.984,measure,4952.0,1704.0,8.4382,64.31
231.084,measure,4952.0,1704.0,8.4382,64.22
231.184,measure,4952.0,1712.0,8.4778,64.09
231.284,measure,4952.0,1728.0,8.5571,64.56
231.384,measure,4952.0,1728.0,8.5571,64.38
231.484,measure,4952.0,1728.0,8.5571,64.19
231.584,measure,4952.0,1728.0,8.5571,64.22
231.685,measure,4952.0,1728.0,8.5571,64.22
231.785,measure,4952.0,1720.0,8.5174,64.31
231.885,measure,4952.0,1712.0,8.4778,64.22
231.986,measure,4952.0,1712.0,8.4778,64.16
232.086,measure,4952.0,1704.0,8.4382,64.22
232.186,measure,4952.0,1704.0,8.4382,64.16
232.286,measure,4952.0,1696.0,8.3986,64.19
232.386,measure,4952.0,1696.0,8.3986,64.22
232.486,measure,4952.0,1696.0,8.3986,64.12
232.586,measure,4952.0,1704.0,8.4382,64.09
232.687,measure,4952.0,1704.0,8.4382,64.34
232.787,measure,4952.0,1704.0,8.4382,64.31
232.887,measure,4952.0,1712.0,8.4778,64.06
232.987,measure,4952.0,1712.0,8.4778,64.06
233.087,measure,4952.0,1720.0,8.5174,64.22
233.187,measure,4952.0,1720.0,8.5174,64.19
233.287,measure,4952.0,1728.0,8.5571,64.31
233.388,measure,4952.0,1728.0,8.5571,64.31
233.488,measure,4952.0,1728.0,8.5571,64.34
233.588,measure,4952.0,1728.0,8.5571,64.31
233.688,measure,4952.0,1720.0,8.5174,64.16
233.788,measure,4952.0,1712.0,8.4778,64.28
233.888,measure,4952.0,1704.0,8.4382,64.25
233.989,measure,4952.0,1704.0,8.4382,64.12
234.089,measure,4952.0,1704.0,8.4382,64.31
234.189,measure,4952.0,1704.0,8.4382,64.19
234.289,measure,4952.0,1712.0,8.4778,64.12
234.389,measure,4952.0,1720.0,8.5174,64.53
234.489,measure,4952.0,1720.0,8.5174,64.44
234.589,measure,4952.0,1728.0,8.5571,64.22
234.690,measure,4952.0,1728.0,8.5571,64.22
234.790,measure,4952.0,1728.0,8.5571,64.53
234.890,measure,4952.0,1728.0,8.5571,64.22
234.990,measure,4952.0,1728.0,8.5571,64.31
235.091,measure,4952.0,1720.0,8.5174,64.25
235.191,measure,4952.0,1712.0,8.4778,64.31
235.291,measure,4952.0,1712.0,8.4778,64.25
235.391,measure,4952.0,1704.0,8.4382,64.12
235.491,measure,4952.0,1704.0,8.4382,64.25
235.592,measure,4952.0,1704.0,8.4382,64.22
235.692,measure,4952.0,1704.0,8.4382,64.12
235.792,measure,4952.0,1704.0,8.4382,64.38
235.892,measure,4952.0,1704.0,8.4382,64.22
235.992,measure,4952.0,1704.0,8.4382,64.25
236.092,measure,4952.0,1712.0,8.4778,64.16
236.192,measure,4952.0,1712.0,8.4778,64.47
236.293,measure,4952.0,1720.0,8.5174,64.19
236.393,measure,4952.0,1720.0,8.5174,64.09
236.493,measure,4952.0,1720.0,8.5174,64.25
236.593,measure,4952.0,1728.0,8.5571,64.25
236.693,measure,4952.0,1728.0,8.5571,64.41
236.793,measure,4952.0,1728.0,8.5571,64.31
236.894,measure,4952.0,1720.0,8.5174,64.38
236.994,measure,4952.0,1720.0,8.5174,64.28
237.094,measure,4952.0,1720.0,8.5174,64.19
237.194,measure,4952.0,1712.0,8.4778,64.31
237.294,measure,4952.0,1704.0,8.4382,64.22
237.394,measure,4952.0,1704.0,8.4382,64.12
237.494,measure,4952.0,1712.0,8.4778,64.38
237.595,measure,4952.0,1712.0,8.4778,64.34
237.695,measure,4952.0,1712.0,8.4778,64.22
237.795,measure,4952.0,1712.0,8.4778,64.19
237.895,measure,4952.0,1720.0,8.5174,64.44
237.995,measure,4952.0,1728.0,8.5571,64.28
238.095,measure,4952.0,1728.0,8.5571,64.22
238.195,measure,4952.0,1728.0,8.5571,64.56
238.296,measure,4952.0,1728.0,8.5571,64.31
238.396,measure,4952.0,1728.0,8.5571,64.38
238.496,measure,4952.0,1720.0,8.5174,64.28
238.596,measure,4952.0,1712.0,8.4778,64.22
238.696,measure,4952.0,1712.0,8.4778,64.28
238.796,measure,4952.0,1712.0,8.4778,64.19
238.897,measure,4952.0,1712.0,8.4778,64.38
238.997,measure,4952.0,1712.0,8.4778,64.28
239.097,measure,4952.0,1728.0,8.5571,64.38
239.197,measure,4952.0,1728.0,8.5571,64.19
239.297,measure,4952.0,1728.0,8.5571,64.50
239.397,measure,4952.0,1744.0,8.6363,64.41
239.497,measure,4952.0,1744.0,8.6363,64.25
239.598,measure,4952.0,1736.0,8.5967,64.31
239.698,measure,4952.0,1728.0,8.5571,64.22
239.798,measure,4952.0,1720.0,8.5174,64.12
239.898,measure,4952.0,1720.0,8.5174,64.16
239.998,measure,4952.0,1712.0,8.4778,64.12
240.098,measure,4952.0,1712.0,8.4778,64.25
240.199,measure,4952.0,1704.0,8.4382,64.12
240.299,measure,4952.0,1704.0,8.4382,64.16
240.399,measure,4952.0,1704.0,8.4382,64.28
240.499,measure,4952.0,1712.0,8.4778,64.19
240.599,measure,4952.0,1712.0,8.4778,64.44
240.699,measure,4952.0,1720.0,8.5174,64.41
240.799,measure,4952.0,1720.0,8.5174,64.28
240.900,measure,4952.0,1720.0,8.5174,64.22
241.000,measure,4952.0,1728.0,8.5571,64.53
241.100,measure,4952.0,1728.0,8.5571,64.44
241.200,measure,4952.0,1728.0,8.5571,64.25
241.300,measure,4952.0,1728.0,8.5571,64.62
241.400,measure,4952.0,1728.0,8.5571,64.25
241.502,measure,4952.0,1720.0,8.5174,64.28
241.602,measure,4952.0,1712.0,8.4778,64.22
241.702,measure,4952.0,1712.0,8.4778,64.31
241.802,measure,4952.0,1704.0,8.4382,64.25
241.902,measure,4952.0,1704.0,8.4382,64.19
242.002,measure,4952.0,1696.0,8.3986,64.38
242.103,measure,4952.0,1696.0,8.3986,64.25
242.203,measure,4952.0,1704.0,8.4382,64.25
242.303,measure,4952.0,1712.0,8.4778,64.53
242.403,measure,4952.0,1712.0,8.4778,64.41
242.503,measure,4952.0,1712.0,8.4778,64.38
242.603,measure,4952.0,1720.0,8.5174,64.28
242.703,measure,4952.0,1736.0,8.5967,64.62
242.804,measure,4952.0,1736.0,8.5967,64.31
242.904,measure,4952.0,1728.0,8.5571,64.31
243.004,measure,4952.0,1720.0,8.5174,64.28
243.104,measure,4952.0,1720.0,8.5174,64.25
243.204,measure,4952.0,1712.0,8.4778,64.31
243.305,measure,4952.0,1712.0,8.4778,64.25
243.405,measure,4952.0,1704.0,8.4382,64.19
243.505,measure,4952.0,1704.0,8.4382,64.16
243.605,measure,4952.0,1696.0,8.3986,64.19
243.705,measure,4952.0,1712.0,8.4778,64.47
243.805,measure,4952.0,1712.0,8.4778,64.34
243.905,measure,4952.0,1720.0,8.5174,64.31
244.006,measure,4952.0,1720.0,8.5174,64.22
244.106,measure,4952.0,1720.0,8.5174,64.47
244.206,measure,4952.0,1728.0,8.5571,64.47
244.306,measure,4952.0,1728.0,8.5571,64.28
244.406,measure,4952.0,1728.0,8.5571,64.47
244.506,measure,4952.0,1728.0,8.5571,64.31
244.606,measure,4952.0,1720.0,8.5174,64.31
244.707,measure,4952.0,1720.0,8.5174,64.31
244.807,measure,4952.0,1712.0,8.4778,64.16
244.907,measure,4952.0,1712.0,8.4778,64.31
245.007,measure,4952.0,1704.0,8.4382,64.22
245.107,measure,4952.0,1704.0,8.4382,64.12
245.207,measure,4952.0,1696.0,8.3986,64.31
245.308,measure,4952.0,1704.0,8.4382,64.22
245.408,measure,4952.0,1704.0,8.4382,64.47
245.508,measure,4952.0,1712.0,8.4778,64.38
245.608,measure,4952.0,1712.0,8.4778,64.28
245.708,measure,4952.0,1712.0,8.4778,64.19
245.808,measure,4952.0,1720.0,8.5174,64.59
245.908,measure,4952.0,1720.0,8.5174,64.41
246.009,measure,4952.0,1728.0,8.5571,64.25
246.109,measure,4952.0,1728.0,8.5571,64.69
246.209,measure,4952.0,1728.0,8.5571,64.34
246.309,measure,4952.0,1728.0,8.5571,64.31
246.409,measure,4952.0,1720.0,8.5174,64.31
246.509,measure,4952.0,1720.0,8.5174,64.31
246.610,measure,4952.0,1712.0,8.4778,64.31
246.710,measure,4952.0,1712.0,8.4778,64.25
246.811,measure,4952.0,1704.0,8.4382,64.41
246.911,measure,4952.0,1704.0,8.4382,64.31
247.011,measure,4952.0,1704.0,8.4382,64.28
247.111,measure,4952.0,1712.0,8.4778,64.16
247.211,measure,4952.0,1712.0,8.4778,64.38
247.311,measure,4952.0,1712.0,8.4778,64.28
247.411,measure,4952.0,1720.0,8.5174,64.31
247.512,measure,4952.0,1720.0,8.5174,64.56
247.612,measure,4952.0,1728.0,8.5571,64.25
247.712,measure,4952.0,1728.0,8.5571,64.25
247.812,measure,4952.0,1728.0,8.5571,64.34
247.912,measure,4952.0,1728.0,8.5571,64.31
248.012,measure,4952.0,1728.0,8.5571,64.41
248.112,measure,4952.0,1720.0,8.5174,64.34
248.213,measure,4952.0,1720.0,8.5174,64.56
248.313,measure,4952.0,1712.0,8.4778,64.41
248.413,measure,4952.0,1712.0,8.4778,64.25
248.513,measure,4952.0,1712.0,8.4778,64.53
248.613,measure,4952.0,1704.0,8.4382,64.31
248.713,measure,4952.0,1704.0,8.4382,64.19
248.814,measure,4952.0,1696.0,8.3986,64.25
248.914,measure,4952.0,1704.0,8.4382,64.38
249.014,measure,4952.0,1712.0,8.4778,64.31
249.114,measure,4952.0,1712.0,8.4778,64.12
249.214,measure,4952.0,1712.0,8.4778,64.59
249.314,measure,4952.0,1712.0,8.4778,64.28
249.414,measure,4952.0,1712.0,8.4778,64.25
249.514,measure,4952.0,1720.0,8.5174,64.22
249.615,measure,4952.0,1720.0,8.5174,64.31
249.715,measure,4952.0,1728.0,8.5571,64.28
249.815,measure,4952.0,1728.0,8.5571,64.44
249.915,measure,4952.0,1720.0,8.5174,64.41
250.015,measure,4952.0,1720.0,8.5174,64.47
250.115,measure,4952.0,1712.0,8.4778,64.38
250.215,measure,4952.0,1712.0,8.4778,64.34
250.316,measure,4952.0,1712.0,8.4778,64.38
250.416,measure,4952.0,1704.0,8.4382,64.31
250.516,measure,4952.0,1704.0,8.4382,64.25
250.616,measure,4952.0,1704.0,8.4382,64.41
250.716,measure,4952.0,1704.0,8.4382,64.38
250.816,measure,4952.0,1704.0,8.4382,64.19
250.916,measure,4952.0,1712.0,8.4778,64.16
251.017,measure,4952.0,1712.0,8.4778,64.50
251.117,measure,4952.0,1712.0,8.4778,64.31
251.217,measure,4952.0,1720.0,8.5174,64.25
251.317,measure,4952.0,1728.0,8.5571,64.31
251.417,measure,4952.0,1728.0,8.5571,64.31
251.517,measure,4952.0,1728.0,8.5571,64.41
251.618,measure,4952.0,1728.0,8.5571,64.62
251.718,measure,4952.0,1728.0,8.5571,64.41
251.818,measure,4952.0,1720.0,8.5174,64.44
251.918,measure,4952.0,1720.0,8.5174,64.25
252.018,measure,4952.0,1712.0,8.4778,64.47
252.119,measure,4952.0,1712.0,8.4778,64.34
252.219,measure,4952.0,1704.0,8.4382,64.25
252.319,measure,4952.0,1704.0,8.4382,64.50
252.419,measure,4952.0,1704.0,8.4382,64.38
252.519,measure,4952.0,1712.0,8.4778,64.19
252.619,measure,4952.0,1704.0,8.4382,64.22
252.719,measure,4952.0,1712.0,8.4778,64.41
252.820,measure,4952.0,1712.0,8.4778,64.19
252.920,measure,4952.0,1720.0,8.5174,64.44
253.020,measure,4952.0,1728.0,8.5571,64.31
253.120,measure,4952.0,1728.0,8.5571,64.34
253.220,measure,4952.0,1736.0,8.5967,64.50
253.320,measure,4952.0,1736.0,8.5967,64.38
253.420,measure,4952.0,1728.0,8.5571,64.53
253.521,measure,4952.0,1720.0,8.5174,64.41
253.621,measure,4952.0,1720.0,8.5174,64.34
253.721,measure,4952.0,1712.0,8.4778,64.50
253.821,measure,4952.0,1712.0,8.4778,64.38
253.922,measure,4952.0,1704.0,8.4382,64.28
254.022,measure,4952.0,1704.0,8.4382,64.09
254.122,measure,4952.0,1704.0,8.4382,64.41
254.222,measure,4952.0,1712.0,8.4778,64.12
254.322,measure,4952.0,1712.0,8.4778,64.16
254.422,measure,4952.0,1728.0,8.5571,64.62
254.522,measure,4952.0,1728.0,8.5571,64.31
254.623,measure,4952.0,1728.0,8.5571,64.28
254.723,measure,4952.0,1728.0,8.5571,64.38
254.823,measure,4952.0,1728.0,8.5571,64.56
254.923,measure,4952.0,1728.0,8.5571,64.47
255.023,measure,4952.0,1720.0,8.5174,64.44
255.123,measure,4952.0,1720.0,8.5174,64.53
255.223,measure,4952.0,1720.0,8.5174,64.44
255.324,measure,4952.0,1712.0,8.4778,64.31
255.424,measure,4952.0,1704.0,8.4382,64.59
255.524,measure,4952.0,1704.0,8.4382,64.38
255.624,measure,4952.0,1704.0,8.4382,64.28
255.724,measure,4952.0,1704.0,8.4382,64.09
255.824,measure,4952.0,1712.0,8.4778,64.41
255.925,measure,4952.0,1712.0,8.4778,64.25
256.025,measure,4952.0,1712.0,8.4778,64.12
256.125,measure,4952.0,1712.0,8.4778,64.25
256.225,measure,4952.0,1728.0,8.5571,64.31
256.325,measure,4952.0,1736.0,8.5967,64.31
256.425,measure,4952.0,1736.0,8.5967,64.44
256.525,measure,4952.0,1736.0,8.5967,64.41
256.625,measure,4952.0,1728.0,8.5571,64.41
256.726,measure,4952.0,1728.0,8.5571,64.34
256.826,measure,4952.0,1720.0,8.5174,64.53
256.926,measure,4952.0,1720.0,8.5174,64.41
257.026,measure,4952.0,1712.0,8.4778,64.34
257.126,measure,4952.0,1712.0,8.4778,64.19
257.226,measure,4952.0,1704.0,8.4382,64.34
257.327,measure,4952.0,1704.0,8.4382,64.28
257.427,measure,4952.0,1712.0,8.4778,64.16
257.527,measure,4952.0,1712.0,8.4778,64.50
257.627,measure,4952.0,1712.0,8.4778,64.25
257.727,measure,4952.0,1712.0,8.4778,64.19
257.827,measure,4952.0,1736.0,8.5967,64.41
257.927,measure,4952.0,1736.0,8.5967,64.31
258.028,measure,4952.0,1736.0,8.5967,64.31
258.128,measure,4952.0,1736.0,8.5967,64.38
258.228,measure,4952.0,1728.0,8.5571,64.34
258.328,measure,4952.0,1720.0,8.5174,64.38
258.428,measure,4952.0,1720.0,8.5174,64.28
258.528,measure,4952.0,1712.0,8.4778,64.47
258.628,measure,4952.0,1704.0,8.4382,64.31
258.729,measure,4952.0,1720.0,8.5174,64.25
258.829,measure,4952.0,1720.0,8.5174,64.28
258.929,measure,4952.0,1720.0,8.5174,64.56
259.029,measure,4952.0,1720.0,8.5174,64.41
259.129,measure,4952.0,1720.0,8.5174,64.31
259.229,measure,4952.0,1728.0,8.5571,64.62
259.329,measure,4952.0,1728.0,8.5571,64.31
259.430,measure,4952.0,1736.0,8.5967,64.34
259.530,measure,4952.0,1736.0,8.5967,64.44
259.630,measure,4952.0,1728.0,8.5571,64.38
259.731,measure,4952.0,1720.0,8.5174,64.50
259.831,measure,4952.0,1720.0,8.5174,64.31
259.931,measure,4952.0,1712.0,8.4778,64.22
260.031,measure,4952.0,1712.0,8.4778,64.38
260.131,measure,4952.0,1704.0,8.4382,64.28
260.231,measure,4952.0,1712.0,8.4778,64.47
260.332,measure,4952.0,1712.0,8.4778,64.41
260.432,measure,4952.0,1712.0,8.4778,64.38
260.532,measure,4952.0,1712.0,8.4778,64.25
260.632,measure,4952.0,1720.0,8.5174,64.62
260.732,measure,4952.0,1720.0,8.5174,64.47
260.832,measure,4952.0,1728.0,8.5571,64.31
260.932,measure,4952.0,1728.0,8.5571,64.28
261.033,measure,4952.0,1736.0,8.5967,64.34
261.133,measure,4952.0,1728.0,8.5571,64.38
261.233,measure,4952.0,1728.0,8.5571,64.44
261.333,measure,4952.0,1720.0,8.5174,64.31
261.433,measure,4952.0,1720.0,8.5174,64.47
261.533,measure,4952.0,1712.0,8.4778,64.34
261.633,measure,4952.0,1712.0,8.4778,64.28
261.734,measure,4952.0,1704.0,8.4382,64.31
261.834,measure,4952.0,1704.0,8.4382,64.31
261.934,measure,4952.0,1704.0,8.4382,64.28
262.034,measure,4952.0,1704.0,8.4382,64.41
262.134,measure,4952.0,1712.0,8.4778,64.38
262.234,measure,4952.0,1712.0,8.4778,64.19
262.335,measure,4952.0,1712.0,8.4778,64.56
262.435,measure,4952.0,1720.0,8.5174,64.47
262.535,measure,4952.0,1720.0,8.5174,64.38
262.635,measure,4952.0,1728.0,8.5571,64.31
262.735,measure,4952.0,1728.0,8.5571,64.31
262.836,measure,4952.0,1736.0,8.5967,64.50
262.936,measure,4952.0,1728.0,8.5571,64.38
263.036,measure,4952.0,1720.0,8.5174,64.31
263.136,measure,4952.0,1720.0,8.5174,64.44
263.236,measure,4952.0,1712.0,8.4778,64.31
263.336,measure,4952.0,1720.0,8.5174,64.25
263.437,measure,4952.0,1720.0,8.5174,64.44
263.537,measure,4952.0,1720.0,8.5174,64.38
263.637,measure,4952.0,1720.0,8.5174,64.31
263.737,measure,4952.0,1720.0,8.5174,64.59
263.837,measure,4952.0,1720.0,8.5174,64.47
263.937,measure,4952.0,1720.0,8.5174,64.28
264.037,measure,4952.0,1728.0,8.5571,64.72
264.138,measure,4952.0,1728.0,8.5571,64.31
264.238,measure,4952.0,1736.0,8.5967,64.38
264.338,measure,4952.0,1728.0,8.5571,64.41
264.438,measure,4952.0,1720.0,8.5174,64.34
264.538,measure,4952.0,1720.0,8.5174,64.31
264.638,measure,4952.0,1720.0,8.5174,64.28
264.738,measure,4952.0,1712.0,8.4778,64.28
264.839,measure,4952.0,1704.0,8.4382,64.19
264.939,measure,4952.0,1704.0,8.4382,64.28
265.039,measure,4952.0,1712.0,8.4778,64.31
265.139,measure,4952.0,1712.0,8.4778,64.47
265.239,measure,4952.0,1712.0,8.4778,64.34
265.339,measure,4952.0,1712.0,8.4778,64.31
265.439,measure,4952.0,1720.0,8.5174,64.59
265.540,measure,4952.0,1728.0,8.5571,64.53
265.640,measure,4952.0,1728.0,8.5571,64.31
265.740,measure,4952.0,1728.0,8.5571,64.31
265.840,measure,4952.0,1736.0,8.5967,64.56
265.940,measure,4952.0,1728.0,8.5571,64.41
266.040,measure,4952.0,1720.0,8.5174,64.44
266.141,measure,4952.0,1720.0,8.5174,64.34
266.241,measure,4952.0,1712.0,8.4778,64.28
266.341,measure,4952.0,1712.0,8.4778,64.34
266.441,measure,4952.0,1704.0,8.4382,64.22
266.541,measure,4952.0,1704.0,8.4382,64.38
266.642,measure,4952.0,1704.0,8.4382,64.28
266.742,measure,4952.0,1704.0,8.4382,64.28
266.842,measure,4952.0,1704.0,8.4382,64.47
266.942,measure,4952.0,1704.0,8.4382,64.31
267.042,measure,4952.0,1704.0,8.4382,64.31
267.142,measure,4952.0,1712.0,8.4778,64.59
267.242,measure,4952.0,1712.0,8.4778,64.53
267.343,measure,4952.0,1712.0,8.4778,64.31
267.443,measure,4952.0,1720.0,8.5174,64.25
267.543,measure,4952.0,1728.0,8.5571,64.62
267.643,measure,4952.0,1728.0,8.5571,64.31
267.743,measure,4952.0,1728.0,8.5571,64.50
267.843,measure,4952.0,1728.0,8.5571,64.50
267.943,measure,4952.0,1728.0,8.5571,64.41
268.044,measure,4952.0,1720.0,8.5174,64.50
268.144,measure,4952.0,1720.0,8.5174,64.50
268.244,measure,4952.0,1720.0,8.5174,64.53
268.345,measure,4952.0,1712.0,8.4778,64.44
268.445,measure,4952.0,1704.0,8.4382,64.12
268.545,measure,4952.0,1704.0,8.4382,64.41
268.646,measure,4952.0,1704.0,8.4382,64.31
268.746,measure,4952.0,1704.0,8.4382,64.19
268.846,measure,4952.0,1712.0,8.4778,64.16
268.946,measure,4952.0,1712.0,8.4778,64.53
269.046,measure,4952.0,1712.0,8.4778,64.28
269.146,measure,4952.0,1720.0,8.5174,64.25
269.246,measure,4952.0,1728.0,8.5571,64.41
269.347,measure,4952.0,1744.0,8.6363,64.44
269.447,measure,4952.0,1736.0,8.5967,64.44
269.547,measure,4952.0,1728.0,8.5571,64.47
269.647,measure,4952.0,1728.0,8.5571,64.53
269.747,measure,4952.0,1720.0,8.5174,64.38
269.847,measure,4952.0,1720.0,8.5174,64.31
269.947,measure,4952.0,1712.0,8.4778,64.50
270.048,measure,4952.0,1712.0,8.4778,64.31
270.148,measure,4952.0,1704.0,8.4382,64.31
270.248,measure,4952.0,1720.0,8.5174,64.62
270.348,measure,4952.0,1712.0,8.4778,64.47
270.448,measure,4952.0,1720.0,8.5174,64.28
270.548,measure,4952.0,1736.0,8.5967,64.31
270.649,measure,4952.0,1744.0,8.6363,64.62
270.749,measure,4952.0,1736.0,8.5967,64.34
270.849,measure,4952.0,1736.0,8.5967,64.34
270.949,measure,4952.0,1736.0,8.5967,64.41
271.049,measure,4952.0,1728.0,8.5571,64.44
271.150,measure,4952.0,1720.0,8.5174,64.41
271.250,measure,4952.0,1712.0,8.4778,64.38
271.350,measure,4952.0,1712.0,8.4778,64.44
271.450,measure,4952.0,1704.0,8.4382,64.38
271.550,measure,4952.0,1704.0,8.4382,64.31
271.650,measure,4952.0,1704.0,8.4382,64.47
271.751,measure,4952.0,1704.0,8.4382,64.38
271.851,measure,4952.0,1712.0,8.4778,64.34
271.951,measure,4952.0,1712.0,8.4778,64.28
272.051,measure,4952.0,1712.0,8.4778,64.50
272.151,measure,4952.0,1720.0,8.5174,64.31
272.251,measure,4952.0,1720.0,8.5174,64.31
272.351,measure,4952.0,1728.0,8.5571,64.69
272.452,measure,4952.0,1728.0,8.5571,64.34
272.552,measure,4952.0,1728.0,8.5571,64.34
272.652,measure,4952.0,1728.0,8.5571,64.50
272.753,measure,4952.0,1720.0,8.5174,64.53
272.853,measure,4952.0,1720.0,8.5174,64.38
272.953,measure,4952.0,1712.0,8.4778,64.38
273.053,measure,4952.0,1712.0,8.4778,64.41
273.153,measure,4952.0,1704.0,8.4382,64.34
273.253,measure,4952.0,1696.0,8.3986,64.31
273.353,measure,4952.0,1696.0,8.3986,64.53
273.454,measure,4952.0,1704.0,8.4382,64.38
273.554,measure,4952.0,1720.0,8.5174,64.47
273.654,measure,4952.0,1720.0,8.5174,64.31
273.754,measure,4952.0,1720.0,8.5174,64.66
273.854,measure,4952.0,1728.0,8.5571,64.31
273.954,measure,4952.0,1728.0,8.5571,64.34
274.054,measure,4952.0,1728.0,8.5571,64.44
274.155,measure,4952.0,1728.0,8.5571,64.34
274.255,measure,4952.0,1720.0,8.5174,64.50
274.355,measure,4952.0,1720.0,8.5174,64.41
274.455,measure,4952.0,1712.0,8.4778,64.59
274.555,measure,4952.0,1712.0,8.4778,64.41
274.655,measure,4952.0,1704.0,8.4382,64.41
274.755,measure,4952.0,1704.0,8.4382,64.53
274.856,measure,4952.0,1704.0,8.4382,64.44
274.956,measure,4952.0,1704.0,8.4382,64.41
275.056,measure,4952.0,1712.0,8.4778,64.25
275.156,measure,4952.0,1720.0,8.5174,64.56
275.256,measure,4952.0,1736.0,8.5967,64.56
275.356,measure,4952.0,1736.0,8.5967,64.34
275.456,measure,4952.0,1736.0,8.5967,64.69
275.557,measure,4952.0,1736.0,8.5967,64.41
275.657,measure,4952.0,1728.0,8.5571,64.50
275.757,measure,4952.0,1720.0,8.5174,64.38
275.857,measure,4952.0,1720.0,8.5174,64.31
275.957,measure,4952.0,1712.0,8.4778,64.31
276.057,measure,4952.0,1704.0,8.4382,64.31
276.157,measure,4952.0,1704.0,8.4382,64.28
276.258,measure,4952.0,1712.0,8.4778,64.38
276.358,measure,4952.0,1720.0,8.5174,64.47
276.458,measure,4952.0,1720.0,8.5174,64.75
276.558,measure,4952.0,1720.0,8.5174,64.56
276.658,measure,4952.0,1728.0,8.5571,64.41
276.758,measure,4952.0,1728.0,8.5571,64.31
276.859,measure,4952.0,1728.0,8.5571,64.72
276.959,measure,4952.0,1728.0,8.5571,64.50
277.059,measure,4952.0,1728.0,8.5571,64.34
277.159,measure,4952.0,1720.0,8.5174,64.75
277.259,measure,4952.0,1720.0,8.5174,64.19
277.359,measure,4952.0,1712.0,8.4778,64.28
277.460,measure,4952.0,1704.0,8.4382,64.31
277.560,measure,4952.0,1704.0,8.4382,64.19
277.660,measure,4952.0,1704.0,8.4382,64.34
277.760,measure,4952.0,1712.0,8.4778,64.31
277.860,measure,4952.0,1712.0,8.4778,64.28
277.960,measure,4952.0,1720.0,8.5174,64.56
278.060,measure,4952.0,1736.0,8.5967,64.47
278.161,measure,4952.0,1736.0,8.5967,64.75
278.261,measure,4952.0,1736.0,8.5967,64.69
278.361,measure,4952.0,1736.0,8.5967,64.53
278.461,measure,4952.0,1736.0,8.5967,64.31
278.561,measure,4952.0,1728.0,8.5571,64.72
278.661,measure,4952.0,1720.0,8.5174,64.56
278.761,measure,4952.0,1720.0,8.5174,64.28
278.862,measure,4952.0,1712.0,8.4778,64.28
278.962,measure,4952.0,1704.0,8.4382,64.22
279.062,measure,4952.0,1704.0,8.4382,64.19
279.162,measure,4952.0,1712.0,8.4778,64.34
279.262,measure,4952.0,1712.0,8.4778,64.31
279.362,measure,4952.0,1712.0,8.4778,64.31
279.462,measure,4952.0,1712.0,8.4778,64.38
279.563,measure,4952.0,1720.0,8.5174,64.34
279.663,measure,4952.0,1728.0,8.5571,64.66
279.763,measure,4952.0,1728.0,8.5571,64.47
279.863,measure,4952.0,1728.0,8.5571,64.41
279.963,measure,4952.0,1736.0,8.5967,64.66
280.063,measure,4952.0,1728.0,8.5571,64.62
280.163,measure,4952.0,1720.0,8.5174,64.22
280.264,measure,4952.0,1720.0,8.5174,64.69
280.364,measure,4952.0,1712.0,8.4778,64.28
280.464,measure,4952.0,1712.0,8.4778,64.25
280.564,measure,4952.0,1704.0,8.4382,64.28
280.664,measure,4952.0,1704.0,8.4382,64.19
280.764,measure,4952.0,1704.0,8.4382,64.22
280.864,measure,4952.0,1704.0,8.4382,64.31
280.965,measure,4952.0,1712.0,8.4778,64.31
281.065,measure,4952.0,1712.0,8.4778,64.25
281.165,measure,4952.0,1712.0,8.4778,64.41
281.265,measure,4952.0,1720.0,8.5174,64.41
281.365,measure,4952.0,1720.0,8.5174,64.62
281.465,measure,4952.0,1728.0,8.5571,64.53
281.565,measure,4952.0,1728.0,8.5571,64.53
281.666,measure,4952.0,1728.0,8.5571,64.72
281.766,measure,4952.0,1728.0,8.5571,64.53
281.866,measure,4952.0,1720.0,8.5174,64.34
281.966,measure,4952.0,1720.0,8.5174,64.72
282.066,measure,4952.0,1720.0,8.5174,64.59
282.166,measure,4952.0,1720.0,8.5174,64.28
282.266,measure,4952.0,1712.0,8.4778,64.22
282.367,measure,4952.0,1712.0,8.4778,64.31
282.467,measure,4952.0,1712.0,8.4778,64.28
282.567,measure,4952.0,1712.0,8.4778,64.22
282.667,measure,4952.0,1712.0,8.4778,64.38
282.767,measure,4952.0,1712.0,8.4778,64.41
282.867,measure,4952.0,1712.0,8.4778,64.50
282.968,measure,4952.0,1736.0,8.5967,64.59
283.068,measure,4952.0,1736.0,8.5967,64.75
283.168,measure,4952.0,1736.0,8.5967,64.62
283.268,measure,4952.0,1728.0,8.5571,64.53
283.368,measure,4952.0,1728.0,8.5571,64.78
283.468,measure,4952.0,1720.0,8.5174,64.59
283.569,measure,4952.0,1712.0,8.4778,64.28
283.669,measure,4952.0,1712.0,8.4778,64.28
283.769,measure,4952.0,1712.0,8.4778,64.53
283.869,measure,4952.0,1704.0,8.4382,64.28
283.969,measure,4952.0,1704.0,8.4382,64.19
284.069,measure,4952.0,1712.0,8.4778,64.38
284.169,measure,4952.0,1712.0,8.4778,64.34
284.269,measure,4952.0,1712.0,8.4778,64.50
284.370,measure,4952.0,1712.0,8.4778,64.38
284.470,measure,4952.0,1728.0,8.5571,64.38
284.570,measure,4952.0,1736.0,8.5967,64.66
284.670,measure,4952.0,1736.0,8.5967,64.53
284.770,measure,4952.0,1736.0,8.5967,64.72
284.870,measure,4952.0,1728.0,8.5571,64.59
284.970,measure,4952.0,1720.0,8.5174,64.47
285.071,measure,4952.0,1720.0,8.5174,64.69
285.171,measure,4952.0,1712.0,8.4778,64.50
285.271,measure,4952.0,1704.0,8.4382,64.38
285.371,measure,4952.0,1720.0,8.5174,64.31
285.471,measure,4952.0,1720.0,8.5174,64.62
285.571,measure,4952.0,1720.0,8.5174,64.28
285.672,measure,4952.0,1720.0,8.5174,64.31
285.772,measure,4952.0,1728.0,8.5571,64.72
285.872,measure,4952.0,1728.0,8.5571,64.41
285.972,measure,4952.0,1744.0,8.6363,64.47
286.072,measure,4952.0,1744.0,8.6363,64.50
286.172,measure,4952.0,1736.0,8.5967,64.66
286.272,measure,4952.0,1728.0,8.5571,64.53
286.373,measure,4952.0,1720.0,8.5174,64.41
286.473,measure,4952.0,1712.0,8.4778,64.62
286.573,measure,4952.0,1712.0,8.4778,64.47
286.673,measure,4952.0,1704.0,8.4382,64.31
286.773,measure,4952.0,1704.0,8.4382,64.12
286.873,measure,4952.0,1704.0,8.4382,64.50
286.974,measure,4952.0,1704.0,8.4382,64.34
287.074,measure,4952.0,1720.0,8.5174,64.31
287.174,measure,4952.0,1728.0,8.5571,64.75
287.274,measure,4952.0,1736.0,8.5967,64.41
287.374,measure,4952.0,1744.0,8.6363,64.41
287.474,measure,4952.0,1744.0,8.6363,64.56
287.574,measure,4952.0,1736.0,8.5967,64.50
287.675,measure,4952.0,1728.0,8.5571,64.50
287.775,measure,4952.0,1728.0,8.5571,64.38
287.875,measure,4952.0,1720.0,8.5174,64.28
287.975,measure,4952.0,1712.0,8.4778,64.41
288.075,measure,4952.0,1720.0,8.5174,64.41
288.175,measure,4952.0,1720.0,8.5174,64.38
288.275,measure,4952.0,1720.0,8.5174,64.62
288.376,measure,4952.0,1736.0,8.5967,64.53
288.476,measure,4952.0,1736.0,8.5967,64.44
288.576,measure,4952.0,1736.0,8.5967,64.75
288.676,measure,4952.0,1744.0,8.6363,64.44
288.776,measure,4952.0,1736.0,8.5967,64.34
288.876,measure,4952.0,1728.0,8.5571,64.72
288.977,measure,4952.0,1720.0,8.5174,64.28
289.077,measure,4952.0,1720.0,8.5174,64.28
289.177,measure,4952.0,1720.0,8.5174,64.34
289.277,measure,4952.0,1720.0,8.5174,64.31
289.377,measure,4952.0,1720.0,8.5174,64.28
289.477,measure,4952.0,1728.0,8.5571,64.47
289.578,measure,4952.0,1728.0,8.5571,64.50
289.678,measure,4952.0,1744.0,8.6363,64.72
289.778,measure,4952.0,1744.0,8.6363,64.59
289.878,measure,4952.0,1736.0,8.5967,64.59
289.978,measure,4952.0,1736.0,8.5967,64.66
290.078,measure,4952.0,1728.0,8.5571,64.50
290.178,measure,4952.0,1720.0,8.5174,64.31
290.279,measure,4952.0,1712.0,8.4778,64.56
290.379,measure,4952.0,1712.0,8.4778,64.50
290.479,measure,4952.0,1712.0,8.4778,64.44
290.579,measure,4952.0,1712.0,8.4778,64.38
290.679,measure,4952.0,1712.0,8.4778,64.31
290.779,measure,4952.0,1720.0,8.5174,64.38
290.880,measure,4952.0,1720.0,8.5174,64.47
290.980,measure,4952.0,1720.0,8.5174,64.44
291.080,measure,4952.0,1728.0,8.5571,64.47
291.180,measure,4952.0,1736.0,8.5967,64.53
291.280,measure,4952.0,1736.0,8.5967,64.53
291.380,measure,4952.0,1736.0,8.5967,64.62
291.480,measure,4952.0,1736.0,8.5967,64.66
291.581,measure,4952.0,1728.0,8.5571,64.50
291.681,measure,4952.0,1728.0,8.5571,64.59
291.781,measure,4952.0,1720.0,8.5174,64.53
291.881,measure,4952.0,1720.0,8.5174,64.31
291.981,measure,4952.0,1720.0,8.5174,64.62
292.081,measure,4952.0,1720.0,8.5174,64.53
292.182,measure,4952.0,1720.0,8.5174,64.41
292.282,measure,4952.0,1720.0,8.5174,64.34
292.382,measure,4952.0,1744.0,8.6363,64.47
292.482,measure,4952.0,1744.0,8.6363,64.53
292.582,measure,4952.0,1744.0,8.6363,64.59
292.682,measure,4952.0,1736.0,8.5967,64.59
292.782,measure,4952.0,1736.0,8.5967,64.41
292.883,measure,4952.0,1728.0,8.5571,64.47
292.983,measure,4952.0,1720.0,8.5174,64.41
293.083,measure,4952.0,1712.0,8.4778,64.56
293.183,measure,4952.0,1720.0,8.5174,64.41
293.283,measure,4952.0,1720.0,8.5174,64.44
293.383,measure,4952.0,1728.0,8.5571,64.66
293.483,measure,4952.0,1736.0,8.5967,64.62
293.584,measure,4952.0,1736.0,8.5967,64.53
293.684,measure,4952.0,1736.0,8.5967,64.31
293.784,measure,4952.0,1744.0,8.6363,64.78
293.884,measure,4952.0,1736.0,8.5967,64.50
293.984,measure,4952.0,1728.0,8.5571,64.38
294.084,measure,4952.0,1728.0,8.5571,64.41
294.185,measure,4952.0,1720.0,8.5174,64.41
294.285,measure,4952.0,1720.0,8.5174,64.47
294.385,measure,4952.0,1720.0,8.5174,64.38
294.485,measure,4952.0,1720.0,8.5174,64.34
294.585,measure,4952.0,1720.0,8.5174,64.53
294.685,measure,4952.0,1720.0,8.5174,64.44
294.785,measure,4952.0,1728.0,8.5571,64.69
294.886,measure,4952.0,1728.0,8.5571,64.59
294.986,measure,4952.0,1728.0,8.5571,64.59
295.086,measure,4952.0,1736.0,8.5967,64.81
295.186,measure,4952.0,1736.0,8.5967,64.78
295.286,measure,4952.0,1728.0,8.5571,64.38
295.386,measure,4952.0,1728.0,8.5571,64.41
295.487,measure,4952.0,1720.0,8.5174,64.72
295.587,measure,4952.0,1720.0,8.5174,64.28
295.687,measure,4952.0,1712.0,8.4778,64.31
295.787,measure,4952.0,1704.0,8.4382,64.31
295.887,measure,4952.0,1704.0,8.4382,64.25
295.987,measure,4952.0,1704.0,8.4382,64.31
296.087,measure,4952.0,1712.0,8.4778,64.44
296.188,measure,4952.0,1712.0,8.4778,64.38
296.288,measure,4952.0,1720.0,8.5174,64.59
296.388,measure,4952.0,1720.0,8.5174,64.53
296.488,measure,4952.0,1736.0,8.5967,64.84
296.588,measure,4952.0,1744.0,8.6363,64.72
296.688,measure,4952.0,1736.0,8.5967,64.72
296.788,measure,4952.0,1728.0,8.5571,64.88
296.889,measure,4952.0,1728.0,8.5571,64.59
296.989,measure,4952.0,1720.0,8.5174,64.59
297.089,measure,4952.0,1712.0,8.4778,64.38
297.189,measure,4952.0,1712.0,8.4778,64.59
297.289,measure,4952.0,1712.0,8.4778,64.34
297.389,measure,4952.0,1728.0,8.5571,64.41
297.490,measure,4952.0,1728.0,8.5571,64.47
297.590,measure,4952.0,1728.0,8.5571,64.47
297.690,measure,4952.0,1736.0,8.5967,64.44
297.790,measure,4952.0,1736.0,8.5967,64.56
297.890,measure,4952.0,1736.0,8.5967,64.53
297.990,measure,4952.0,1736.0,8.5967,64.75
298.090,measure,4952.0,1736.0,8.5967,64.59
298.191,measure,4952.0,1728.0,8.5571,64.69
298.291,measure,4952.0,1720.0,8.5174,64.56
298.391,measure,4952.0,1712.0,8.4778,64.41
298.491,measure,4952.0,1712.0,8.4778,64.25
298.591,measure,4952.0,1712.0,8.4778,64.62
298.691,measure,4952.0,1728.0,8.5571,64.56
298.791,measure,4952.0,1728.0,8.5571,64.38
298.892,measure,4952.0,1728.0,8.5571,64.75
298.992,measure,4952.0,1736.0,8.5967,64.47
299.092,measure,4952.0,1736.0,8.5967,64.41
299.192,measure,4952.0,1736.0,8.5967,64.59
299.292,measure,4952.0,1736.0,8.5967,64.56
299.392,measure,4952.0,1736.0,8.5967,64.62
299.493,measure,4952.0,1728.0,8.5571,64.50
299.593,measure,4952.0,1720.0,8.5174,64.47
299.693,measure,4952.0,1720.0,8.5174,64.59
299.793,measure,4952.0,1712.0,8.4778,64.44
299.893,measure,4952.0,1712.0,8.4778,64.66
299.993,measure,4952.0,1704.0,8.4382,64.44
300.093,measure,4952.0,1712.0,8.4778,64.47
300.194,measure,4952.0,1712.0,8.4778,64.34
300.294,measure,4952.0,1712.0,8.4778,64.62
300.394,measure,4952.0,1728.0,8.5571,64.69
300.494,measure,4952.0,1736.0,8.5967,64.44
300.594,measure,4952.0,1736.0,8.5967,64.81
300.694,measure,4952.0,1736.0,8.5967,64.50
300.794,measure,4952.0,1736.0,8.5967,64.44
300.895,measure,4952.0,1736.0,8.5967,64.56
300.995,measure,4952.0,1728.0,8.5571,64.72
301.095,measure,4952.0,1728.0,8.5571,64.41
301.195,measure,4952.0,1720.0,8.5174,64.38
301.295,measure,4952.0,1720.0,8.5174,64.41
301.395,measure,4952.0,1728.0,8.5571,64.56
301.495,measure,4952.0,1728.0,8.5571,64.53
301.596,measure,4952.0,1720.0,8.5174,64.53
301.696,measure,4952.0,1728.0,8.5571,64.69
301.796,measure,4952.0,1728.0,8.5571,64.69
301.896,measure,4952.0,1736.0,8.5967,64.62
301.996,measure,4952.0,1736.0,8.5967,64.91
302.097,measure,4952.0,1736.0,8.5967,64.59
302.197,measure,4952.0,1736.0,8.5967,64.47
302.297,measure,4952.0,1728.0,8.5571,64.47
302.397,measure,4952.0,1720.0,8.5174,64.41
302.497,measure,4952.0,1720.0,8.5174,64.41
302.597,measure,4952.0,1712.0,8.4778,64.44
302.698,measure,4952.0,1712.0,8.4778,64.31
302.798,measure,4952.0,1704.0,8.4382,64.31
302.898,measure,4952.0,1704.0,8.4382,64.38
302.998,measure,4952.0,1712.0,8.4778,64.38
303.098,measure,4952.0,1720.0,8.5174,64.69
303.198,measure,4952.0,1720.0,8.5174,64.62
303.299,measure,4952.0,1728.0,8.5571,64.53
303.399,measure,4952.0,1728.0,8.5571,64.78
303.499,measure,4952.0,1736.0,8.5967,64.62
303.599,measure,4952.0,1736.0,8.5967,64.47
303.699,measure,4952.0,1736.0,8.5967,64.91
303.799,measure,4952.0,1736.0,8.5967,64.78
303.899,measure,4952.0,1728.0,8.5571,64.53
304.000,measure,4952.0,1728.0,8.5571,64.47
304.100,measure,4952.0,1720.0,8.5174,64.38
304.200,measure,4952.0,1712.0,8.4778,64.47
304.300,measure,4952.0,1712.0,8.4778,64.41
304.400,measure,4952.0,1704.0,8.4382,64.41
304.500,measure,4952.0,1712.0,8.4778,64.31
304.600,measure,4952.0,1712.0,8.4778,64.47
304.701,measure,4952.0,1720.0,8.5174,64.41
304.801,measure,4952.0,1720.0,8.5174,64.66
304.901,measure,4952.0,1720.0,8.5174,64.56
305.001,measure,4952.0,1728.0,8.5571,64.62
305.101,measure,4952.0,1728.0,8.5571,64.78
305.201,measure,4952.0,1728.0,8.5571,64.75
305.301,measure,4952.0,1728.0,8.5571,64.44
305.402,measure,4952.0,1736.0,8.5967,64.53
305.502,measure,4952.0,1728.0,8.5571,64.78
305.602,measure,4952.0,1728.0,8.5571,64.53
305.702,measure,4952.0,1720.0,8.5174,64.53
305.802,measure,4952.0,1720.0,8.5174,64.47
305.903,measure,4952.0,1712.0,8.4778,64.38
306.003,measure,4952.0,1712.0,8.4778,64.50
306.103,measure,4952.0,1712.0,8.4778,64.38
306.203,measure,4952.0,1712.0,8.4778,64.31
306.303,measure,4952.0,1712.0,8.4778,64.44
306.403,measure,4952.0,1728.0,8.5571,64.62
306.504,measure,4952.0,1736.0,8.5967,64.78
306.604,measure,4952.0,1736.0,8.5967,64.72
306.704,measure,4952.0,1736.0,8.5967,64.69
306.804,measure,4952.0,1736.0,8.5967,64.84
306.904,measure,4952.0,1736.0,8.5967,64.75
307.004,measure,4952.0,1728.0,8.5571,64.50
307.104,measure,4952.0,1728.0,8.5571,64.56
307.205,measure,4952.0,1720.0,8.5174,64.78
307.305,measure,4952.0,1720.0,8.5174,64.34
307.405,measure,4952.0,1712.0,8.4778,64.38
307.505,measure,4952.0,1704.0,8.4382,64.38
307.605,measure,4952.0,1712.0,8.4778,64.34
307.706,measure,4952.0,1712.0,8.4778,64.53
307.806,measure,4952.0,1712.0,8.4778,64.47
307.906,measure,4952.0,1712.0,8.4778,64.44
308.006,measure,4952.0,1712.0,8.4778,64.72
308.106,measure,4952.0,1720.0,8.5174,64.53
308.206,measure,4952.0,1720.0,8.5174,64.78
308.307,measure,4952.0,1728.0,8.5571,64.78
308.407,measure,4952.0,1728.0,8.5571,64.69
308.507,measure,4952.0,1728.0,8.5571,64.53
308.607,measure,4952.0,1728.0,8.5571,64.81
308.707,measure,4952.0,1728.0,8.5571,64.53
308.807,measure,4952.0,1720.0,8.5174,64.47
308.908,measure,4952.0,1720.0,8.5174,64.78
309.008,measure,4952.0,1712.0,8.4778,64.44
309.108,measure,4952.0,1704.0,8.4382,64.41
309.208,measure,4952.0,1704.0,8.4382,64.38
309.308,measure,4952.0,1696.0,8.3986,64.38
309.408,measure,4952.0,1704.0,8.4382,64.50
309.508,measure,4952.0,1704.0,8.4382,64.53
309.609,measure,4952.0,1712.0,8.4778,64.69
309.709,measure,4952.0,1712.0,8.4778,64.59
309.809,measure,4952.0,1712.0,8.4778,64.44
309.909,measure,4952.0,1728.0,8.5571,64.91
310.009,measure,4952.0,1728.0,8.5571,64.72
310.109,measure,4952.0,1736.0,8.5967,64.69
310.210,measure,4952.0,1736.0,8.5967,64.50
310.310,measure,4952.0,1728.0,8.5571,64.84
310.410,measure,4952.0,1720.0,8.5174,64.53
310.510,measure,4952.0,1720.0,8.5174,64.50
310.610,measure,4952.0,1720.0,8.5174,64.47
310.711,measure,4952.0,1712.0,8.4778,64.41
310.811,measure,4952.0,1712.0,8.4778,64.47
310.911,measure,4952.0,1712.0,8.4778,64.41
311.011,measure,4952.0,1720.0,8.5174,64.38
311.111,measure,4952.0,1720.0,8.5174,64.59
311.211,measure,4952.0,1728.0,8.5571,64.59
311.311,measure,4952.0,1736.0,8.5967,64.78
311.412,measure,4952.0,1736.0,8.5967,64.66
311.512,measure,4952.0,1736.0,8.5967,64.69
311.612,measure,4952.0,1744.0,8.6363,64.59
311.712,measure,4952.0,1736.0,8.5967,64.81
311.813,measure,4952.0,1728.0,8.5571,64.47
311.913,measure,4952.0,1720.0,8.5174,64.41
312.013,measure,4952.0,1720.0,8.5174,64.72
312.113,measure,4952.0,1712.0,8.4778,64.41
312.213,measure,4952.0,1704.0,8.4382,64.31
312.313,measure,4952.0,1704.0,8.4382,64.44
312.414,measure,4952.0,1704.0,8.4382,64.34
312.514,measure,4952.0,1704.0,8.4382,64.47
312.614,measure,4952.0,1712.0,8.4778,64.50
312.714,measure,4952.0,1712.0,8.4778,64.47
312.814,measure,4952.0,1712.0,8.4778,64.59
312.915,measure,4952.0,1720.0,8.5174,64.59
313.015,measure,4952.0,1720.0,8.5174,64.84
313.115,measure,4952.0,1728.0,8.5571,64.78
313.215,measure,4952.0,1744.0,8.6363,64.81
313.316,measure,4952.0,1728.0,8.5571,64.59
313.416,measure,4952.0,1728.0,8.5571,64.44
313.516,measure,4952.0,1720.0,8.5174,64.41
313.616,measure,4952.0,1712.0,8.4778,64.41
313.716,measure,4952.0,1712.0,8.4778,64.44
313.817,measure,4952.0,1712.0,8.4778,64.38
313.917,measure,4952.0,1712.0,8.4778,64.56
314.017,measure,4952.0,1720.0,8.5174,64.53
314.117,measure,4952.0,1736.0,8.5967,64.50
314.217,measure,4952.0,1736.0,8.5967,64.72
314.318,measure,4952.0,1744.0,8.6363,64.62
314.418,measure,4952.0,1752.0,8.6759,64.81
314.518,measure,4952.0,1744.0,8.6363,64.78
314.618,measure,4952.0,1736.0,8.5967,64.47
314.718,measure,4952.0,1736.0,8.5967,64.81
314.818,measure,4952.0,1728.0,8.5571,64.66
314.918,measure,4952.0,1720.0,8.5174,64.34
315.019,measure,4952.0,1712.0,8.4778,64.38
315.119,measure,4952.0,1704.0,8.4382,64.62
315.219,measure,4952.0,1712.0,8.4778,64.34
315.319,measure,4952.0,1712.0,8.4778,64.44
315.419,measure,4952.0,1712.0,8.4778,64.50
315.519,measure,4952.0,1720.0,8.5174,64.41
315.620,measure,4952.0,1720.0,8.5174,64.69
315.720,measure,4952.0,1720.0,8.5174,64.62
315.820,measure,4952.0,1728.0,8.5571,64.47
315.920,measure,4952.0,1728.0,8.5571,64.69
316.020,measure,4952.0,1728.0,8.5571,64.66
316.120,measure,4952.0,1728.0,8.5571,64.91
316.220,measure,4952.0,1728.0,8.5571,64.78
316.321,measure,4952.0,1728.0,8.5571,64.50
316.421,measure,4952.0,1720.0,8.5174,64.41
316.521,measure,4952.0,1720.0,8.5174,64.78
316.621,measure,4952.0,1712.0,8.4778,64.50
316.722,measure,4952.0,1712.0,8.4778,64.38
316.822,measure,4952.0,1712.0,8.4778,64.69
316.922,measure,4952.0,1712.0,8.4778,64.38
317.022,measure,4952.0,1712.0,8.4778,64.44
317.122,measure,4952.0,1720.0,8.5174,64.50
317.222,measure,4952.0,1720.0,8.5174,64.38
317.322,measure,4952.0,1720.0,8.5174,64.69
317.423,measure,4952.0,1728.0,8.5571,64.59
317.523,measure,4952.0,1736.0,8.5967,64.91
317.623,measure,4952.0,1744.0,8.6363,64.78
317.723,measure,4952.0,1736.0,8.5967,64.66
317.823,measure,4952.0,1728.0,8.5571,64.88
317.923,measure,4952.0,1720.0,8.5174,64.75
318.024,measure,4952.0,1720.0,8.5174,64.59
318.124,measure,4952.0,1712.0,8.4778,64.44
318.224,measure,4952.0,1712.0,8.4778,64.62
318.324,measure,4952.0,1712.0,8.4778,64.38
318.424,measure,4952.0,1720.0,8.5174,64.44
318.524,measure,4952.0,1720.0,8.5174,64.75
318.624,measure,4952.0,1720.0,8.5174,64.41
318.725,measure,4952.0,1720.0,8.5174,64.47
318.825,measure,4952.0,1728.0,8.5571,64.62
318.925,measure,4952.0,1728.0,8.5571,64.56
319.025,measure,4952.0,1736.0,8.5967,64.72
319.125,measure,4952.0,1736.0,8.5967,64.66
319.225,measure,4952.0,1736.0,8.5967,64.62
319.325,measure,4952.0,1720.0,8.5174,64.78
319.426,measure,4952.0,1720.0,8.5174,64.66
319.526,measure,4952.0,1720.0,8.5174,64.53
319.626,measure,4952.0,1712.0,8.4778,64.78
319.726,measure,4952.0,1712.0,8.4778,64.56
319.826,measure,4952.0,1704.0,8.4382,64.34
319.926,measure,4952.0,1704.0,8.4382,64.72
320.027,measure,4952.0,1720.0,8.5174,64.53
320.127,measure,4952.0,1712.0,8.4778,64.44
320.227,measure,4952.0,1712.0,8.4778,64.53
320.327,measure,4952.0,1720.0,8.5174,64.56
320.427,measure,4952.0,1720.0,8.5174,64.50
320.527,measure,4952.0,1728.0,8.5571,64.59
320.627,measure,4952.0,1728.0,8.5571,64.59
320.728,measure,4952.0,1728.0,8.5571,64.72
320.828,measure,4952.0,1728.0,8.5571,64.72
320.928,measure,4952.0,1720.0,8.5174,64.88
321.028,measure,4952.0,1720.0,8.5174,64.75
321.128,measure,4952.0,1720.0,8.5174,64.62
321.228,measure,4952.0,1712.0,8.4778,64.59
321.328,measure,4952.0,1712.0,8.4778,64.72
321.429,measure,4952.0,1712.0,8.4778,64.59
321.529,measure,4952.0,1712.0,8.4778,64.41
321.629,measure,4952.0,1712.0,8.4778,64.81
321.729,measure,4952.0,1712.0,8.4778,64.66
321.829,measure,4952.0,1720.0,8.5174,64.50
321.929,measure,4952.0,1728.0,8.5571,64.47
322.029,measure,4952.0,1728.0,8.5571,64.59
322.130,measure,4952.0,1728.0,8.5571,64.59
322.230,measure,4952.0,1728.0,8.5571,64.62
322.330,measure,4952.0,1728.0,8.5571,64.66
322.430,measure,4952.0,1728.0,8.5571,64.78
322.530,measure,4952.0,1720.0,8.5174,64.62
322.630,measure,4952.0,1720.0,8.5174,64.66
322.730,measure,4952.0,1712.0,8.4778,64.69
322.831,measure,4952.0,1712.0,8.4778,64.56
322.931,measure,4952.0,1712.0,8.4778,64.56
323.031,measure,4952.0,1712.0,8.4778,64.66
323.131,measure,4952.0,1712.0,8.4778,64.66
323.231,measure,4952.0,1712.0,8.4778,64.50
323.331,measure,4952.0,1720.0,8.5174,64.41
323.431,measure,4952.0,1720.0,8.5174,64.84
323.532,measure,4952.0,1728.0,8.5571,64.56
323.632,measure,4952.0,1728.0,8.5571,64.50
323.732,measure,4952.0,1736.0,8.5967,64.66
323.832,measure,4952.0,1736.0,8.5967,64.66
323.932,measure,4952.0,1728.0,8.5571,64.69
324.033,measure,4952.0,1720.0,8.5174,64.62
324.133,measure,4952.0,1720.0,8.5174,64.66
324.233,measure,4952.0,1712.0,8.4778,64.56
324.333,measure,4952.0,1712.0,8.4778,64.47
324.433,measure,4952.0,1704.0,8.4382,64.72
324.534,measure,4952.0,1704.0,8.4382,64.44
324.634,measure,4952.0,1704.0,8.4382,64.50
324.734,measure,4952.0,1704.0,8.4382,64.75
324.834,measure,4952.0,1704.0,8.4382,64.69
324.934,measure,4952.0,1712.0,8.4778,64.47
325.034,measure,4952.0,1720.0,8.5174,64.50
325.135,measure,4952.0,1736.0,8.5967,64.56
325.235,measure,4952.0,1736.0,8.5967,64.53
325.335,measure,4952.0,1736.0,8.5967,64.56
325.435,measure,4952.0,1728.0,8.5571,64.69
325.535,measure,4952.0,1720.0,8.5174,64.72
325.635,measure,4952.0,1720.0,8.5174,64.66
325.735,measure,4952.0,1720.0,8.5174,64.56
325.836,measure,4952.0,1712.0,8.4778,64.75
325.936,measure,4952.0,1712.0,8.4778,64.59
326.036,measure,4952.0,1704.0,8.4382,64.44
326.136,measure,4952.0,1704.0,8.4382,64.72
326.236,measure,4952.0,1712.0,8.4778,64.56
326.336,measure,4952.0,1712.0,8.4778,64.47
326.436,measure,4952.0,1728.0,8.5571,64.59
326.537,measure,4952.0,1728.0,8.5571,64.84
326.637,measure,4952.0,1728.0,8.5571,64.62
326.737,measure,4952.0,1736.0,8.5967,64.53
326.837,measure,4952.0,1736.0,8.5967,64.84
326.937,measure,4952.0,1728.0,8.5571,64.66
327.037,measure,4952.0,1728.0,8.5571,64.62
327.137,measure,4952.0,1720.0,8.5174,64.59
327.237,measure,4952.0,1720.0,8.5174,64.41
327.338,measure,4952.0,1712.0,8.4778,64.62
327.438,measure,4952.0,1712.0,8.4778,64.53
327.538,measure,4952.0,1704.0,8.4382,64.44
327.638,measure,4952.0,1696.0,8.3986,64.53
327.738,measure,4952.0,1704.0,8.4382,64.53
327.838,measure,4952.0,1704.0,8.4382,64.81
327.938,measure,4952.0,1704.0,8.4382,64.66
328.039,measure,4952.0,1712.0,8.4778,64.59
328.139,measure,4952.0,1712.0,8.4778,64.44
328.239,measure,4952.0,1720.0,8.5174,64.78
328.339,measure,4952.0,1728.0,8.5571,64.62
328.439,measure,4952.0,1728.0,8.5571,64.50
328.539,measure,4952.0,1728.0,8.5571,64.88
328.639,measure,4952.0,1728.0,8.5571,64.69
328.740,measure,4952.0,1728.0,8.5571,64.69
328.840,measure,4952.0,1720.0,8.5174,64.62
328.940,measure,4952.0,1720.0,8.5174,64.56
329.040,measure,4952.0,1712.0,8.4778,64.62
329.140,measure,4952.0,1712.0,8.4778,64.56
329.241,measure,4952.0,1704.0,8.4382,64.47
329.341,measure,4952.0,1704.0,8.4382,64.56
329.441,measure,4952.0,1696.0,8.3986,64.53
329.541,measure,4952.0,1704.0,8.4382,64.53
329.641,measure,4952.0,1720.0,8.5174,64.78
329.741,measure,4952.0,1720.0,8.5174,64.72
329.841,measure,4952.0,1720.0,8.5174,64.50
329.942,measure,4952.0,1728.0,8.5571,64.84
330.042,measure,4952.0,1728.0,8.5571,64.62
330.142,measure,4952.0,1744.0,8.6363,64.72
330.242,measure,4952.0,1736.0,8.5967,64.72
330.342,measure,4952.0,1728.0,8.5571,64.66
330.442,measure,4952.0,1720.0,8.5174,64.62
330.543,measure,4952.0,1720.0,8.5174,64.47
330.643,measure,4952.0,1712.0,8.4778,64.47
330.743,measure,4952.0,1712.0,8.4778,64.62
330.843,measure,4952.0,1728.0,8.5571,64.56
330.943,measure,4952.0,1720.0,8.5174,64.62
331.043,measure,4952.0,1720.0,8.5174,64.78
331.143,measure,4952.0,1744.0,8.6363,64.78
331.244,measure,4952.0,1744.0,8.6363,64.62
331.344,measure,4952.0,1744.0,8.6363,64.91
331.444,measure,4952.0,1736.0,8.5967,64.78
331.544,measure,4952.0,1728.0,8.5571,64.50
331.644,measure,4952.0,1720.0,8.5174,64.84
331.744,measure,4952.0,1720.0,8.5174,64.44
331.845,measure,4952.0,1720.0,8.5174,64.41
331.945,measure,4952.0,1720.0,8.5174,64.41
332.045,measure,4952.0,1720.0,8.5174,64.50
332.145,measure,4952.0,1728.0,8.5571,64.50
332.245,measure,4952.0,1736.0,8.5967,64.72
332.345,measure,4952.0,1736.0,8.5967,64.69
332.445,measure,4944.0,1744.0,8.6223,64.81
332.546,measure,4952.0,1736.0,8.5967,64.72
332.646,measure,4952.0,1736.0,8.5967,64.88
332.746,measure,4952.0,1728.0,8.5571,64.72
332.846,measure,4952.0,1720.0,8.5174,64.72
332.946,measure,4952.0,1720.0,8.5174,64.41
333.047,measure,4952.0,1712.0,8.4778,64.75
333.147,measure,4952.0,1712.0,8.4778,64.72
333.247,measure,4952.0,1704.0,8.4382,64.44
333.347,measure,4952.0,1712.0,8.4778,64.44
333.447,measure,4952.0,1712.0,8.4778,64.50
333.547,measure,4952.0,1712.0,8.4778,64.47
333.647,measure,4952.0,1712.0,8.4778,64.66
333.748,measure,4952.0,1720.0,8.5174,64.59
333.848,measure,4952.0,1720.0,8.5174,64.59
333.948,measure,4952.0,1720.0,8.5174,64.69
334.048,measure,4952.0,1728.0,8.5571,64.66
334.148,measure,4952.0,1728.0,8.5571,64.84
334.248,measure,4952.0,1728.0,8.5571,64.78
334.349,measure,4952.0,1728.0,8.5571,64.72
334.449,measure,4952.0,1720.0,8.5174,64.88
334.549,measure,4952.0,1720.0,8.5174,64.84
334.649,measure,4952.0,1712.0,8.4778,64.50
334.749,measure,4952.0,1712.0,8.4778,64.88
334.850,measure,4952.0,1704.0,8.4382,64.78
334.950,measure,4952.0,1704.0,8.4382,64.41
335.050,measure,4952.0,1704.0,8.4382,64.44
335.150,measure,4952.0,1696.0,8.3986,64.50
335.250,measure,4952.0,1696.0,8.3986,64.44
335.350,measure,4952.0,1704.0,8.4382,64.53
335.450,measure,4952.0,1704.0,8.4382,64.47
335.551,measure,4952.0,1712.0,8.4778,64.53
335.651,measure,4952.0,1712.0,8.4778,64.69
335.751,measure,4952.0,1712.0,8.4778,64.56
335.851,measure,4952.0,1720.0,8.5174,64.84
335.951,measure,4952.0,1728.0,8.5571,64.75
336.051,measure,4952.0,1728.0,8.5571,64.75
336.151,measure,4952.0,1728.0,8.5571,64.94
336.252,measure,4952.0,1736.0,8.5967,64.84
336.352,measure,4952.0,1728.0,8.5571,64.59
336.452,measure,4952.0,1720.0,8.5174,64.91
336.552,measure,4952.0,1720.0,8.5174,64.78
336.652,measure,4952.0,1720.0,8.5174,64.47
336.752,measure,4952.0,1712.0,8.4778,64.41
336.853,measure,4952.0,1720.0,8.5174,64.53
336.953,measure,4952.0,1720.0,8.5174,64.53
337.053,measure,4952.0,1720.0,8.5174,64.59
337.153,measure,4952.0,1720.0,8.5174,64.66
337.253,measure,4952.0,1720.0,8.5174,64.62
337.353,measure,4952.0,1728.0,8.5571,64.78
337.453,measure,4952.0,1728.0,8.5571,64.62
337.554,measure,4952.0,1728.0,8.5571,64.91
337.654,measure,4952.0,1736.0,8.5967,64.81
337.754,measure,4952.0,1736.0,8.5967,64.78
337.854,measure,4952.0,1728.0,8.5571,64.94
337.954,measure,4952.0,1720.0,8.5174,64.78
338.055,measure,4952.0,1720.0,8.5174,64.47
338.155,measure,4952.0,1712.0,8.4778,64.47
338.255,measure,4952.0,1720.0,8.5174,64.72
338.355,measure,4952.0,1720.0,8.5174,64.50
338.455,measure,4952.0,1720.0,8.5174,64.50
338.555,measure,4952.0,1728.0,8.5571,64.59
338.655,measure,4952.0,1728.0,8.5571,64.56
338.756,measure,4952.0,1728.0,8.5571,64.78
338.856,measure,4952.0,1736.0,8.5967,64.72
338.956,measure,4952.0,1736.0,8.5967,64.59
339.056,measure,4952.0,1736.0,8.5967,64.78
339.156,measure,4952.0,1736.0,8.5967,64.78
339.256,measure,4952.0,1728.0,8.5571,64.91
339.357,measure,4952.0,1720.0,8.5174,64.75
339.457,measure,4952.0,1720.0,8.5174,64.69
339.557,measure,4952.0,1712.0,8.4778,64.84
339.657,measure,4952.0,1712.0,8.4778,64.72
339.757,measure,4952.0,1704.0,8.4382,64.50
339.857,measure,4952.0,1704.0,8.4382,64.44
339.958,measure,4952.0,1704.0,8.4382,64.78
340.058,measure,4952.0,1704.0,8.4382,64.41
340.158,measure,4952.0,1712.0,8.4778,64.47
340.258,measure,4952.0,1712.0,8.4778,64.56
340.358,measure,4952.0,1736.0,8.5967,64.59
340.458,measure,4952.0,1736.0,8.5967,64.69
340.558,measure,4952.0,1736.0,8.5967,64.75
340.659,measure,4952.0,1736.0,8.5967,64.72
340.759,measure,4952.0,1736.0,8.5967,64.78
340.859,measure,4952.0,1728.0,8.5571,64.75
340.959,measure,4952.0,1720.0,8.5174,64.78
341.059,measure,4952.0,1720.0,8.5174,64.72
341.159,measure,4952.0,1712.0,8.4778,64.69
341.259,measure,4952.0,1712.0,8.4778,64.38
341.360,measure,4952.0,1720.0,8.5174,64.72
341.460,measure,4952.0,1720.0,8.5174,64.56
341.560,measure,4952.0,1728.0,8.5571,64.56
341.660,measure,4952.0,1728.0,8.5571,64.88
341.760,measure,4952.0,1728.0,8.5571,64.66
341.860,measure,4952.0,1736.0,8.5967,64.66
341.961,measure,4952.0,1736.0,8.5967,64.78
342.061,measure,4952.0,1736.0,8.5967,64.78
342.161,measure,4952.0,1736.0,8.5967,64.84
342.261,measure,4952.0,1728.0,8.5571,64.72
342.361,measure,4952.0,1728.0,8.5571,64.91
342.461,measure,4952.0,1720.0,8.5174,64.78
342.561,measure,4952.0,1720.0,8.5174,64.66
342.662,measure,4952.0,1712.0,8.4778,64.81
342.762,measure,4952.0,1704.0,8.4382,64.72
342.862,measure,4952.0,1704.0,8.4382,64.50
342.962,measure,4952.0,1704.0,8.4382,64.44
343.062,measure,4952.0,1712.0,8.4778,64.78
343.162,measure,4952.0,1712.0,8.4778,64.69
343.263,measure,4952.0,1720.0,8.5174,64.50
343.363,measure,4952.0,1720.0,8.5174,64.88
343.463,measure,4952.0,1720.0,8.5174,64.66
343.563,measure,4952.0,1728.0,8.5571,64.56
343.663,measure,4952.0,1728.0,8.5571,64.78
343.763,measure,4952.0,1736.0,8.5967,64.69
343.863,measure,4952.0,1728.0,8.5571,64.81
343.964,measure,4952.0,1728.0,8.5571,64.84
344.064,measure,4952.0,1720.0,8.5174,64.62
344.164,measure,4952.0,1720.0,8.5174,64.78
344.264,measure,4952.0,1712.0,8.4778,64.69
344.364,measure,4952.0,1712.0,8.4778,64.62
344.464,measure,4952.0,1712.0,8.4778,64.75
344.565,measure,4952.0,1720.0,8.5174,64.75
344.665,measure,4952.0,1720.0,8.5174,64.44
344.765,measure,4952.0,1720.0,8.5174,64.88
344.865,measure,4952.0,1720.0,8.5174,64.72
344.965,measure,4952.0,1720.0,8.5174,64.59
345.065,measure,4952.0,1736.0,8.5967,64.59
345.165,measure,4952.0,1736.0,8.5967,64.75
345.266,measure,4952.0,1736.0,8.5967,64.62
345.366,measure,4952.0,1736.0,8.5967,64.56
345.466,measure,4952.0,1728.0,8.5571,64.56
345.566,measure,4952.0,1720.0,8.5174,64.66
345.666,measure,4952.0,1712.0,8.4778,64.56
345.766,measure,4952.0,1712.0,8.4778,64.56
345.867,measure,4952.0,1712.0,8.4778,64.66
345.967,measure,4952.0,1712.0,8.4778,64.59
346.067,measure,4952.0,1712.0,8.4778,64.62
346.167,measure,4952.0,1712.0,8.4778,64.78
346.267,measure,4952.0,1720.0,8.5174,64.69
346.367,measure,4952.0,1720.0,8.5174,64.53
346.468,measure,4952.0,1728.0,8.5571,64.91
346.568,measure,4952.0,1736.0,8.5967,64.69
346.668,measure,4952.0,1736.0,8.5967,64.72
346.768,measure,4952.0,1736.0,8.5967,64.78
346.869,measure,4952.0,1736.0,8.5967,64.72
346.970,measure,4952.0,1728.0,8.5571,64.81
347.070,measure,4952.0,1728.0,8.5571,64.66
347.170,measure,4952.0,1720.0,8.5174,64.81
347.270,measure,4952.0,1712.0,8.4778,64.72
347.371,measure,4952.0,1712.0,8.4778,64.62
347.471,measure,4952.0,1712.0,8.4778,64.50
347.571,measure,4952.0,1712.0,8.4778,64.72
347.671,measure,4952.0,1712.0,8.4778,64.59
347.771,measure,4952.0,1712.0,8.4778,64.50
347.871,measure,4952.0,1720.0,8.5174,64.84
347.972,measure,4952.0,1720.0,8.5174,64.56
348.072,measure,4952.0,1720.0,8.5174,64.56
348.172,measure,4952.0,1728.0,8.5571,64.75
348.272,measure,4952.0,1728.0,8.5571,64.69
348.373,measure,4952.0,1728.0,8.5571,64.81
348.473,measure,4952.0,1736.0,8.5967,64.78
348.573,measure,4952.0,1736.0,8.5967,64.84
348.673,measure,4952.0,1728.0,8.5571,64.75
348.773,measure,4952.0,1720.0,8.5174,64.75
348.874,measure,4952.0,1712.0,8.4778,64.78
348.974,measure,4952.0,1720.0,8.5174,64.75
349.074,measure,4952.0,1720.0,8.5174,64.66
349.174,measure,4952.0,1720.0,8.5174,64.53
349.275,measure,4952.0,1720.0,8.5174,64.84
349.375,measure,4952.0,1720.0,8.5174,64.62
349.475,measure,4952.0,1720.0,8.5174,64.59
349.575,measure,4952.0,1728.0,8.5571,64.75
349.675,measure,4952.0,1728.0,8.5571,64.69
349.776,measure,4952.0,1736.0,8.5967,64.84
349.876,measure,4952.0,1736.0,8.5967,64.78
349.976,measure,4952.0,1728.0,8.5571,64.78
350.076,measure,4952.0,1720.0,8.5174,64.72
350.176,measure,4952.0,1720.0,8.5174,64.72
350.276,measure,4952.0,1712.0,8.4778,64.84
350.376,measure,4952.0,1712.0,8.4778,64.72
350.477,measure,4952.0,1712.0,8.4778,64.59
350.577,measure,4952.0,1720.0,8.5174,64.81
350.677,measure,4952.0,1720.0,8.5174,64.81
350.777,measure,4952.0,1720.0,8.5174,64.72
350.877,measure,4952.0,1736.0,8.5967,64.62
350.977,measure,4952.0,1736.0,8.5967,64.94
351.077,measure,4952.0,1736.0,8.5967,64.75
351.178,measure,4952.0,1736.0,8.5967,64.62
351.278,measure,4952.0,1736.0,8.5967,64.81
351.378,measure,4952.0,1728.0,8.5571,64.72
351.478,measure,4952.0,1720.0,8.5174,64.78
351.578,measure,4952.0,1720.0,8.5174,64.66
351.678,measure,4952.0,1720.0,8.5174,64.78
351.778,measure,4952.0,1712.0,8.4778,64.69
351.879,measure,4952.0,1712.0,8.4778,64.59
351.979,measure,4952.0,1704.0,8.4382,64.81
352.079,measure,4952.0,1704.0,8.4382,64.59
352.179,measure,4952.0,1704.0,8.4382,64.66
352.279,measure,4952.0,1712.0,8.4778,64.50
352.379,measure,4952.0,1712.0,8.4778,64.78
352.479,measure,4952.0,1712.0,8.4778,64.62
352.580,measure,4952.0,1736.0,8.5967,64.66
352.680,measure,4952.0,1736.0,8.5967,64.94
352.780,measure,4952.0,1736.0,8.5967,64.72
352.880,measure,4952.0,1744.0,8.6363,64.88
352.981,measure,4952.0,1736.0,8.5967,64.69
353.081,measure,4952.0,1728.0,8.5571,64.75
353.182,measure,4952.0,1720.0,8.5174,64.72
353.282,measure,4952.0,1720.0,8.5174,64.69
353.382,measure,4952.0,1712.0,8.4778,64.78
353.482,measure,4952.0,1704.0,8.4382,64.59
353.583,measure,4952.0,1720.0,8.5174,64.66
353.683,measure,4952.0,1720.0,8.5174,64.94
353.783,measure,4952.0,1720.0,8.5174,64.88
353.883,measure,4952.0,1720.0,8.5174,64.78
353.983,measure,4952.0,1728.0,8.5571,64.59
354.083,measure,4952.0,1728.0,8.5571,64.97
354.183,measure,4952.0,1728.0,8.5571,64.69
354.284,measure,4952.0,1728.0,8.5571,64.72
354.384,measure,4952.0,1728.0,8.5571,64.72
354.484,measure,4952.0,1728.0,8.5571,64.84
354.585,measure,4952.0,1720.0,8.5174,64.75
354.685,measure,4952.0,1720.0,8.5174,64.78
354.785,measure,4952.0,1720.0,8.5174,64.78
354.885,measure,4952.0,1712.0,8.4778,64.62
354.985,measure,4952.0,1712.0,8.4778,64.59
355.086,measure,4952.0,1728.0,8.5571,64.88
355.186,measure,4952.0,1728.0,8.5571,64.78
355.286,measure,4952.0,1720.0,8.5174,64.72
355.386,measure,4952.0,1744.0,8.6363,64.69
355.487,measure,4952.0,1744.0,8.6363,64.97
355.587,measure,4952.0,1744.0,8.6363,64.78
355.687,measure,4952.0,1736.0,8.5967,64.69
355.787,measure,4952.0,1736.0,8.5967,64.72
355.887,measure,4952.0,1728.0,8.5571,64.81
355.988,measure,4952.0,1720.0,8.5174,64.75
356.088,measure,4952.0,1720.0,8.5174,64.62
356.188,measure,4952.0,1712.0,8.4778,64.78
356.288,measure,4952.0,1712.0,8.4778,64.66
356.388,measure,4952.0,1704.0,8.4382,64.59
356.488,measure,4952.0,1712.0,8.4778,64.78
356.589,measure,4952.0,1712.0,8.4778,64.72
356.689,measure,4952.0,1712.0,8.4778,64.69
356.789,measure,4952.0,1712.0,8.4778,64.84
356.889,measure,4952.0,1720.0,8.5174,64.78
356.989,measure,4952.0,1728.0,8.5571,64.59
357.089,measure,4952.0,1744.0,8.6363,64.69
357.189,measure,4952.0,1744.0,8.6363,64.94
357.290,measure,4952.0,1736.0,8.5967,64.78
357.390,measure,4952.0,1728.0,8.5571,64.78
357.490,measure,4952.0,1728.0,8.5571,64.66
357.590,measure,4952.0,1720.0,8.5174,64.62
357.690,measure,4952.0,1712.0,8.4778,64.66
357.790,measure,4952.0,1712.0,8.4778,64.50
357.891,measure,4952.0,1704.0,8.4382,64.53
357.991,measure,4952.0,1712.0,8.4778,64.72
358.091,measure,4952.0,1712.0,8.4778,64.62
358.191,measure,4952.0,1712.0,8.4778,64.88
358.291,measure,4952.0,1728.0,8.5571,64.84
358.391,measure,4952.0,1728.0,8.5571,64.81
358.491,measure,4952.0,1728.0,8.5571,64.62
358.592,measure,4952.0,1736.0,8.5967,64.84
358.692,measure,4952.0,1736.0,8.5967,64.72
358.792,measure,4952.0,1736.0,8.5967,64.69
358.892,measure,4952.0,1736.0,8.5967,65.09
358.992,measure,4952.0,1728.0,8.5571,64.69
359.092,measure,4952.0,1728.0,8.5571,64.62
359.193,measure,4952.0,1720.0,8.5174,64.62
359.293,measure,4952.0,1712.0,8.4778,64.53
359.393,measure,4952.0,1704.0,8.4382,64.66
359.493,measure,4952.0,1704.0,8.4382,64.56
359.593,measure,4952.0,1720.0,8.5174,64.62
359.693,measure,4952.0,1720.0,8.5174,64.78
359.793,measure,4952.0,1720.0,8.5174,64.75
359.894,measure,4952.0,1720.0,8.5174,64.88
359.994,measure,4952.0,1720.0,8.5174,64.91
360.094,measure,4952.0,1744.0,8.6363,64.81
360.194,measure,4952.0,1744.0,8.6363,64.78
360.294,measure,4952.0,1736.0,8.5967,64.97
