t_rel_s,phase,mv,ma,watt,temp_max_c
0.000,warmup,4960.0,1464.0,7.2614,60.03
0.100,warmup,4968.0,1368.0,6.7962,60.03
0.200,warmup,4968.0,1264.0,6.2796,60.03
0.300,warmup,4976.0,1184.0,5.8916,60.25
0.401,warmup,4976.0,1240.0,6.1702,60.19
0.501,warmup,4968.0,1304.0,6.4783,60.28
0.601,warmup,4968.0,1376.0,6.8360,60.09
0.701,warmup,4968.0,1408.0,6.9949,60.03
0.801,warmup,4960.0,1456.0,7.2218,60.00
0.901,warmup,4960.0,1504.0,7.4598,60.12
1.001,warmup,4960.0,1520.0,7.5392,60.00
1.102,warmup,4960.0,1552.0,7.6979,60.09
1.202,warmup,4960.0,1584.0,7.8566,60.31
1.302,warmup,4952.0,1600.0,7.9232,60.28
1.402,warmup,4952.0,1624.0,8.0420,60.22
1.502,warmup,4952.0,1640.0,8.1213,60.12
1.602,warmup,4952.0,1656.0,8.2005,60.12
1.702,warmup,4952.0,1664.0,8.2401,60.19
1.803,warmup,4952.0,1672.0,8.2797,60.16
1.903,warmup,4952.0,1680.0,8.3194,60.09
2.003,warmup,4952.0,1688.0,8.3590,60.19
2.103,warmup,4952.0,1696.0,8.3986,60.31
2.203,warmup,4952.0,1704.0,8.4382,60.28
2.303,warmup,4952.0,1704.0,8.4382,60.38
2.404,warmup,4952.0,1704.0,8.4382,60.25
2.504,warmup,4952.0,1704.0,8.4382,60.56
2.604,warmup,4952.0,1704.0,8.4382,60.41
2.704,warmup,4952.0,1704.0,8.4382,60.25
2.804,warmup,4952.0,1696.0,8.3986,60.41
2.904,warmup,4952.0,1696.0,8.3986,60.34
3.004,warmup,4952.0,1688.0,8.3590,60.25
3.105,warmup,4952.0,1680.0,8.3194,60.38
3.205,warmup,4952.0,1680.0,8.3194,60.38
3.305,warmup,4952.0,1680.0,8.3194,60.31
3.405,warmup,4952.0,1680.0,8.3194,60.34
3.505,warmup,4952.0,1688.0,8.3590,60.38
3.605,warmup,4952.0,1688.0,8.3590,60.28
3.705,warmup,4952.0,1688.0,8.3590,60.31
3.806,warmup,4952.0,1696.0,8.3986,60.25
3.906,warmup,4952.0,1696.0,8.3986,60.31
4.006,warmup,4952.0,1696.0,8.3986,60.44
4.106,warmup,4952.0,1704.0,8.4382,60.47
4.206,warmup,4952.0,1704.0,8.4382,60.66
4.306,warmup,4952.0,1720.0,8.5174,60.56
4.406,warmup,4952.0,1712.0,8.4778,60.44
4.507,warmup,4952.0,1712.0,8.4778,60.59
4.607,warmup,4952.0,1704.0,8.4382,60.50
4.707,warmup,4952.0,1704.0,8.4382,60.44
4.807,warmup,4952.0,1696.0,8.3986,60.25
4.907,warmup,4952.0,1696.0,8.3986,60.53
5.007,warmup,4952.0,1688.0,8.3590,60.47
5.108,warmup,4952.0,1688.0,8.3590,60.38
5.208,warmup,4952.0,1680.0,8.3194,60.53
5.308,warmup,4952.0,1688.0,8.3590,60.38
5.408,warmup,4952.0,1688.0,8.3590,60.34
5.508,warmup,4952.0,1688.0,8.3590,60.38
5.608,warmup,4952.0,1696.0,8.3986,60.34
5.709,warmup,4952.0,1696.0,8.3986,60.44
5.809,warmup,4952.0,1704.0,8.4382,60.44
5.909,warmup,4952.0,1720.0,8.5174,60.81
6.009,warmup,4952.0,1728.0,8.5571,60.69
6.109,warmup,4952.0,1728.0,8.5571,60.62
6.209,warmup,4952.0,1720.0,8.5174,60.44
6.309,warmup,4952.0,1712.0,8.4778,60.69
6.410,warmup,4952.0,1704.0,8.4382,60.41
6.510,warmup,4952.0,1704.0,8.4382,60.34
6.610,warmup,4952.0,1696.0,8.3986,60.75
6.710,warmup,4952.0,1696.0,8.3986,60.34
6.810,warmup,4952.0,1696.0,8.3986,60.50
6.910,warmup,4952.0,1688.0,8.3590,60.50
7.011,warmup,4952.0,1688.0,8.3590,60.47
7.111,warmup,4952.0,1680.0,8.3194,60.41
7.211,warmup,4952.0,1680.0,8.3194,60.50
7.311,warmup,4952.0,1680.0,8.3194,60.44
7.411,warmup,4952.0,1688.0,8.3590,60.47
7.511,warmup,4952.0,1688.0,8.3590,60.50
7.611,warmup,4952.0,1688.0,8.3590,60.75
7.712,warmup,4952.0,1688.0,8.3590,60.72
7.812,warmup,4952.0,1696.0,8.3986,60.66
7.912,warmup,4952.0,1696.0,8.3986,60.50
8.012,warmup,4952.0,1696.0,8.3986,60.81
8.112,warmup,4952.0,1704.0,8.4382,60.69
8.212,warmup,4952.0,1704.0,8.4382,60.44
8.313,warmup,4952.0,1712.0,8.4778,60.91
8.413,warmup,4952.0,1712.0,8.4778,60.59
8.513,warmup,4952.0,1712.0,8.4778,60.53
8.613,warmup,4952.0,1712.0,8.4778,60.59
8.713,warmup,4952.0,1704.0,8.4382,60.66
8.813,warmup,4952.0,1704.0,8.4382,60.69
8.913,warmup,4952.0,1696.0,8.3986,60.59
9.014,warmup,4952.0,1696.0,8.3986,60.59
9.114,warmup,4952.0,1696.0,8.3986,60.59
9.214,warmup,4952.0,1688.0,8.3590,60.56
9.314,warmup,4952.0,1688.0,8.3590,60.47
9.414,warmup,4952.0,1688.0,8.3590,60.66
9.514,warmup,4952.0,1688.0,8.3590,60.62
9.615,warmup,4952.0,1696.0,8.3986,60.66
9.715,warmup,4952.0,1696.0,8.3986,60.84
9.815,warmup,4952.0,1696.0,8.3986,60.72
9.915,warmup,4952.0,1696.0,8.3986,60.66
10.015,warmup,4952.0,1696.0,8.3986,60.59
10.115,warmup,4952.0,1704.0,8.4382,60.69
10.215,warmup,4952.0,1704.0,8.4382,60.59
10.316,warmup,4952.0,1704.0,8.4382,60.72
10.416,warmup,4952.0,1712.0,8.4778,60.69
10.516,warmup,4952.0,1712.0,8.4778,60.66
10.616,warmup,4952.0,1712.0,8.4778,60.81
10.716,warmup,4952.0,1712.0,8.4778,60.75
10.816,warmup,4952.0,1704.0,8.4382,60.91
10.917,warmup,4952.0,1704.0,8.4382,60.72
11.017,warmup,4952.0,1696.0,8.3986,60.69
11.117,warmup,4952.0,1696.0,8.3986,60.91
11.217,warmup,4952.0,1696.0,8.3986,60.78
11.317,warmup,4952.0,1696.0,8.3986,60.50
11.417,warmup,4952.0,1704.0,8.4382,60.94
11.518,warmup,4952.0,1704.0,8.4382,60.78
11.618,warmup,4952.0,1704.0,8.4382,60.66
11.718,warmup,4952.0,1704.0,8.4382,60.62
11.818,warmup,4952.0,1704.0,8.4382,60.72
11.918,warmup,4952.0,1704.0,8.4382,60.72
12.018,warmup,4952.0,1720.0,8.5174,60.94
12.118,warmup,4952.0,1720.0,8.5174,60.78
12.219,warmup,4952.0,1728.0,8.5571,60.81
12.319,warmup,4952.0,1720.0,8.5174,60.94
12.419,warmup,4952.0,1720.0,8.5174,61.16
12.520,warmup,4952.0,1712.0,8.4778,61.03
12.620,warmup,4952.0,1712.0,8.4778,60.94
12.720,warmup,4952.0,1704.0,8.4382,60.78
12.820,warmup,4952.0,1696.0,8.3986,60.91
12.920,warmup,4952.0,1704.0,8.4382,60.88
13.020,warmup,4952.0,1712.0,8.4778,60.66
13.121,warmup,4952.0,1704.0,8.4382,60.72
13.221,warmup,4952.0,1704.0,8.4382,60.88
13.321,warmup,4952.0,1704.0,8.4382,60.62
13.421,warmup,4952.0,1704.0,8.4382,60.81
13.521,warmup,4952.0,1712.0,8.4778,60.91
13.621,warmup,4952.0,1712.0,8.4778,60.78
13.721,warmup,4952.0,1712.0,8.4778,60.91
13.822,warmup,4952.0,1712.0,8.4778,60.88
13.922,warmup,4952.0,1712.0,8.4778,61.09
14.022,warmup,4952.0,1728.0,8.5571,61.00
14.122,warmup,4952.0,1720.0,8.5174,60.72
14.222,warmup,4952.0,1720.0,8.5174,61.12
14.322,warmup,4952.0,1712.0,8.4778,61.00
14.422,warmup,4952.0,1704.0,8.4382,60.91
14.523,warmup,4952.0,1696.0,8.3986,61.00
14.623,warmup,4952.0,1696.0,8.3986,60.94
14.723,warmup,4952.0,1688.0,8.3590,60.81
14.823,warmup,4952.0,1704.0,8.4382,60.78
14.923,warmup,4952.0,1704.0,8.4382,60.97
15.023,warmup,4952.0,1704.0,8.4382,60.84
15.124,warmup,4952.0,1704.0,8.4382,60.84
15.224,warmup,4952.0,1704.0,8.4382,60.91
15.324,warmup,4952.0,1704.0,8.4382,60.91
15.424,warmup,4952.0,1712.0,8.4778,61.06
15.524,warmup,4952.0,1712.0,8.4778,60.94
15.624,warmup,4952.0,1712.0,8.4778,61.25
15.724,warmup,4952.0,1720.0,8.5174,61.06
15.825,warmup,4952.0,1712.0,8.4778,61.12
15.925,warmup,4952.0,1712.0,8.4778,61.28
16.025,warmup,4952.0,1704.0,8.4382,61.12
16.125,warmup,4952.0,1704.0,8.4382,61.06
16.225,warmup,4952.0,1696.0,8.3986,61.19
16.325,warmup,4952.0,1696.0,8.3986,61.12
16.426,warmup,4952.0,1696.0,8.3986,60.91
16.526,warmup,4952.0,1688.0,8.3590,60.88
16.626,warmup,4952.0,1688.0,8.3590,61.06
16.726,warmup,4952.0,1688.0,8.3590,60.91
16.826,warmup,4952.0,1696.0,8.3986,60.88
16.926,warmup,4952.0,1704.0,8.4382,61.09
17.027,warmup,4952.0,1712.0,8.4778,61.00
17.127,warmup,4952.0,1728.0,8.5571,61.12
17.227,warmup,4952.0,1728.0,8.5571,61.16
17.327,warmup,4952.0,1720.0,8.5174,61.34
17.427,warmup,4952.0,1720.0,8.5174,61.31
17.527,warmup,4952.0,1712.0,8.4778,60.97
17.628,warmup,4952.0,1712.0,8.4778,61.34
17.728,warmup,4952.0,1704.0,8.4382,61.22
17.828,warmup,4952.0,1704.0,8.4382,60.91
17.929,warmup,4952.0,1696.0,8.3986,60.88
18.029,warmup,4952.0,1696.0,8.3986,61.22
18.129,warmup,4952.0,1688.0,8.3590,61.06
18.229,warmup,4952.0,1688.0,8.3590,61.00
18.329,warmup,4952.0,1696.0,8.3986,60.97
18.429,warmup,4952.0,1696.0,8.3986,60.97
18.530,warmup,4952.0,1704.0,8.4382,61.09
18.630,warmup,4952.0,1696.0,8.3986,61.03
18.730,warmup,4952.0,1696.0,8.3986,61.22
18.830,warmup,4952.0,1704.0,8.4382,61.31
18.930,warmup,4952.0,1704.0,8.4382,61.22
19.030,warmup,4952.0,1712.0,8.4778,61.41
19.131,warmup,4952.0,1712.0,8.4778,61.28
19.231,warmup,4952.0,1712.0,8.4778,61.25
19.331,warmup,4952.0,1720.0,8.5174,61.44
19.431,warmup,4952.0,1712.0,8.4778,61.41
19.531,warmup,4952.0,1712.0,8.4778,61.09
19.631,warmup,4952.0,1704.0,8.4382,61.03
19.731,warmup,4952.0,1704.0,8.4382,61.41
19.832,warmup,4952.0,1696.0,8.3986,60.97
19.932,warmup,4952.0,1696.0,8.3986,61.06
20.032,warmup,4952.0,1696.0,8.3986,61.22
20.132,warmup,4952.0,1688.0,8.3590,61.06
20.232,warmup,4952.0,1688.0,8.3590,61.16
20.332,warmup,4952.0,1688.0,8.3590,61.06
20.432,warmup,4952.0,1688.0,8.3590,61.03
20.533,warmup,4952.0,1688.0,8.3590,61.19
20.633,warmup,4952.0,1696.0,8.3986,61.12
20.733,warmup,4952.0,1696.0,8.3986,61.47
20.833,warmup,4952.0,1704.0,8.4382,61.31
20.933,warmup,4952.0,1720.0,8.5174,61.34
21.033,warmup,4952.0,1720.0,8.5174,61.19
21.134,warmup,4952.0,1720.0,8.5174,61.50
21.234,warmup,4952.0,1720.0,8.5174,61.22
21.334,warmup,4952.0,1720.0,8.5174,61.22
21.434,warmup,4952.0,1712.0,8.4778,61.19
21.535,warmup,4952.0,1712.0,8.4778,61.16
21.635,warmup,4952.0,1704.0,8.4382,61.19
21.735,warmup,4952.0,1704.0,8.4382,61.19
21.835,warmup,4952.0,1696.0,8.3986,61.22
21.935,warmup,4952.0,1696.0,8.3986,61.25
22.035,warmup,4952.0,1688.0,8.3590,61.22
22.136,warmup,4952.0,1688.0,8.3590,61.31
22.236,warmup,4952.0,1688.0,8.3590,61.22
22.336,warmup,4952.0,1688.0,8.3590,61.19
22.436,warmup,4952.0,1704.0,8.4382,61.53
22.536,warmup,4952.0,1712.0,8.4778,61.44
22.636,warmup,4952.0,1720.0,8.5174,61.34
22.736,warmup,4952.0,1720.0,8.5174,61.22
22.837,warmup,4952.0,1728.0,8.5571,61.75
22.937,warmup,4952.0,1720.0,8.5174,61.31
23.037,warmup,4952.0,1720.0,8.5174,61.25
23.137,warmup,4952.0,1712.0,8.4778,61.22
23.237,warmup,4952.0,1704.0,8.4382,61.16
23.337,warmup,4952.0,1704.0,8.4382,61.16
23.437,warmup,4952.0,1696.0,8.3986,61.16
23.538,warmup,4952.0,1704.0,8.4382,61.31
23.638,warmup,4952.0,1704.0,8.4382,61.34
23.738,warmup,4952.0,1704.0,8.4382,61.31
23.838,warmup,4952.0,1704.0,8.4382,61.56
23.938,warmup,4952.0,1704.0,8.4382,61.44
24.038,warmup,4952.0,1704.0,8.4382,61.41
24.139,warmup,4952.0,1712.0,8.4778,61.28
24.239,warmup,4952.0,1712.0,8.4778,61.47
24.339,warmup,4952.0,1712.0,8.4778,61.50
24.439,warmup,4952.0,1712.0,8.4778,61.34
24.539,warmup,4952.0,1712.0,8.4778,61.66
24.639,warmup,4952.0,1712.0,8.4778,61.31
24.739,warmup,4952.0,1704.0,8.4382,61.44
24.840,warmup,4952.0,1704.0,8.4382,61.38
24.940,warmup,4952.0,1704.0,8.4382,61.31
25.040,warmup,4952.0,1696.0,8.3986,61.41
25.140,warmup,4952.0,1696.0,8.3986,61.34
25.240,warmup,4952.0,1696.0,8.3986,61.22
25.340,warmup,4952.0,1696.0,8.3986,61.41
25.441,warmup,4952.0,1696.0,8.3986,61.34
25.541,warmup,4952.0,1696.0,8.3986,61.62
25.641,warmup,4952.0,1704.0,8.4382,61.53
25.741,warmup,4952.0,1704.0,8.4382,61.44
25.841,warmup,4952.0,1704.0,8.4382,61.38
25.941,warmup,4952.0,1704.0,8.4382,61.59
26.041,warmup,4952.0,1712.0,8.4778,61.47
26.142,warmup,4952.0,1712.0,8.4778,61.38
26.242,warmup,4952.0,1712.0,8.4778,61.75
26.342,warmup,4952.0,1712.0,8.4778,61.41
26.442,warmup,4952.0,1720.0,8.5174,61.41
26.542,warmup,4952.0,1720.0,8.5174,61.50
26.642,warmup,4952.0,1712.0,8.4778,61.47
26.743,warmup,4952.0,1704.0,8.4382,61.56
26.843,warmup,4952.0,1704.0,8.4382,61.53
26.943,warmup,4952.0,1704.0,8.4382,61.41
27.043,warmup,4952.0,1704.0,8.4382,61.47
27.143,warmup,4952.0,1704.0,8.4382,61.41
27.243,warmup,4952.0,1704.0,8.4382,61.44
27.344,warmup,4952.0,1704.0,8.4382,61.50
27.444,warmup,4952.0,1704.0,8.4382,61.44
27.544,warmup,4952.0,1720.0,8.5174,61.41
27.644,warmup,4952.0,1720.0,8.5174,61.69
27.744,warmup,4952.0,1720.0,8.5174,61.72
27.844,warmup,4952.0,1720.0,8.5174,61.50
27.944,warmup,4952.0,1712.0,8.4778,61.59
28.045,warmup,4952.0,1720.0,8.5174,61.56
28.145,warmup,4952.0,1712.0,8.4778,61.62
28.245,warmup,4952.0,1712.0,8.4778,61.59
28.346,warmup,4952.0,1704.0,8.4382,61.47
28.446,warmup,4952.0,1704.0,8.4382,61.59
28.546,warmup,4952.0,1704.0,8.4382,61.41
28.647,warmup,4952.0,1696.0,8.3986,61.72
28.747,warmup,4952.0,1688.0,8.3590,61.50
28.847,warmup,4952.0,1688.0,8.3590,61.53
28.947,warmup,4952.0,1688.0,8.3590,61.25
29.047,warmup,4952.0,1688.0,8.3590,61.59
29.147,warmup,4952.0,1696.0,8.3986,61.44
29.247,warmup,4952.0,1696.0,8.3986,61.38
29.348,warmup,4952.0,1696.0,8.3986,61.72
29.448,warmup,4952.0,1696.0,8.3986,61.50
29.548,warmup,4952.0,1696.0,8.3986,61.41
29.648,warmup,4952.0,1720.0,8.5174,61.66
29.748,warmup,4952.0,1720.0,8.5174,61.53
29.848,warmup,4952.0,1728.0,8.5571,61.72
29.949,warmup,4952.0,1720.0,8.5174,61.66
30.049,warmup,4952.0,1720.0,8.5174,61.81
30.149,warmup,4952.0,1712.0,8.4778,61.69
30.249,warmup,4952.0,1712.0,8.4778,61.59
30.349,warmup,4952.0,1704.0,8.4382,61.81
30.450,warmup,4952.0,1704.0,8.4382,61.69
30.550,warmup,4952.0,1696.0,8.3986,61.56
30.650,warmup,4952.0,1696.0,8.3986,61.34
30.750,warmup,4952.0,1696.0,8.3986,61.72
30.850,warmup,4952.0,1696.0,8.3986,61.56
30.951,warmup,4952.0,1696.0,8.3986,61.41
31.051,warmup,4952.0,1696.0,8.3986,61.84
31.151,warmup,4952.0,1704.0,8.4382,61.50
31.251,warmup,4952.0,1704.0,8.4382,61.47
31.351,warmup,4952.0,1704.0,8.4382,61.62
31.451,warmup,4952.0,1712.0,8.4778,61.56
31.551,warmup,4952.0,1712.0,8.4778,61.72
31.652,warmup,4952.0,1712.0,8.4778,61.69
31.752,warmup,4952.0,1712.0,8.4778,61.66
31.852,warmup,4952.0,1712.0,8.4778,61.88
31.952,warmup,4952.0,1712.0,8.4778,61.78
32.052,warmup,4952.0,1712.0,8.4778,61.75
32.153,warmup,4952.0,1712.0,8.4778,61.84
32.253,warmup,4952.0,1712.0,8.4778,61.66
32.353,warmup,4952.0,1704.0,8.4382,61.50
32.453,warmup,4952.0,1704.0,8.4382,61.81
32.553,warmup,4952.0,1696.0,8.3986,61.47
32.653,warmup,4952.0,1696.0,8.3986,61.44
32.753,warmup,4952.0,1688.0,8.3590,61.47
32.854,warmup,4952.0,1688.0,8.3590,61.69
32.954,warmup,4952.0,1696.0,8.3986,61.56
33.054,warmup,4952.0,1696.0,8.3986,61.62
33.154,warmup,4952.0,1704.0,8.4382,61.50
33.254,warmup,4952.0,1712.0,8.4778,61.81
33.354,warmup,4952.0,1720.0,8.5174,61.72
33.454,warmup,4952.0,1712.0,8.4778,61.72
33.555,warmup,4952.0,1720.0,8.5174,61.88
33.655,warmup,4952.0,1720.0,8.5174,61.88
33.755,warmup,4952.0,1720.0,8.5174,61.78
33.855,warmup,4952.0,1720.0,8.5174,61.94
33.955,warmup,4952.0,1712.0,8.4778,61.69
34.055,warmup,4952.0,1712.0,8.4778,61.56
34.155,warmup,4952.0,1712.0,8.4778,61.94
34.256,warmup,4952.0,1704.0,8.4382,61.59
34.356,warmup,4952.0,1696.0,8.3986,61.56
34.456,warmup,4952.0,1688.0,8.3590,61.53
34.556,warmup,4952.0,1688.0,8.3590,61.59
34.656,warmup,4952.0,1704.0,8.4382,61.81
34.756,warmup,4952.0,1704.0,8.4382,61.75
34.856,warmup,4952.0,1704.0,8.4382,61.72
34.957,warmup,4952.0,1704.0,8.4382,61.75
35.057,warmup,4952.0,1704.0,8.4382,61.78
35.157,warmup,4952.0,1704.0,8.4382,61.72
35.257,warmup,4952.0,1712.0,8.4778,62.03
35.357,warmup,4952.0,1712.0,8.4778,61.97
35.457,warmup,4952.0,1712.0,8.4778,61.84
35.558,warmup,4952.0,1712.0,8.4778,62.06
35.658,warmup,4952.0,1720.0,8.5174,62.03
35.758,warmup,4952.0,1712.0,8.4778,61.75
35.858,warmup,4952.0,1712.0,8.4778,61.81
35.958,warmup,4952.0,1704.0,8.4382,61.75
36.058,warmup,4952.0,1704.0,8.4382,61.75
36.158,warmup,4952.0,1696.0,8.3986,61.69
36.258,warmup,4952.0,1696.0,8.3986,61.69
36.359,warmup,4952.0,1696.0,8.3986,61.72
36.459,warmup,4952.0,1696.0,8.3986,61.78
36.559,warmup,4952.0,1696.0,8.3986,61.81
36.659,warmup,4952.0,1688.0,8.3590,61.84
36.759,warmup,4952.0,1688.0,8.3590,61.75
36.859,warmup,4952.0,1688.0,8.3590,61.69
36.959,warmup,4952.0,1688.0,8.3590,61.88
37.060,warmup,4952.0,1688.0,8.3590,61.84
37.160,warmup,4952.0,1688.0,8.3590,61.78
37.260,warmup,4952.0,1696.0,8.3986,62.06
37.360,warmup,4952.0,1696.0,8.3986,61.88
37.460,warmup,4952.0,1704.0,8.4382,61.94
37.560,warmup,4952.0,1712.0,8.4778,61.84
37.660,warmup,4952.0,1712.0,8.4778,62.09
37.761,warmup,4952.0,1720.0,8.5174,61.84
37.861,warmup,4952.0,1728.0,8.5571,61.84
37.961,warmup,4952.0,1720.0,8.5174,61.97
38.061,warmup,4952.0,1720.0,8.5174,61.78
38.161,warmup,4952.0,1712.0,8.4778,61.91
38.261,warmup,4952.0,1712.0,8.4778,61.84
38.361,warmup,4952.0,1704.0,8.4382,61.69
38.462,warmup,4952.0,1696.0,8.3986,61.94
38.562,warmup,4952.0,1696.0,8.3986,61.84
38.662,warmup,4952.0,1696.0,8.3986,61.97
38.762,warmup,4952.0,1696.0,8.3986,61.91
38.862,warmup,4952.0,1696.0,8.3986,61.78
38.962,warmup,4952.0,1696.0,8.3986,61.72
39.062,warmup,4952.0,1704.0,8.4382,61.97
39.163,warmup,4952.0,1704.0,8.4382,61.84
39.263,warmup,4952.0,1704.0,8.4382,61.75
39.363,warmup,4952.0,1704.0,8.4382,62.12
39.463,warmup,4952.0,1712.0,8.4778,61.88
39.563,warmup,4952.0,1712.0,8.4778,61.84
39.663,warmup,4952.0,1720.0,8.5174,61.97
39.763,warmup,4952.0,1712.0,8.4778,61.91
39.864,warmup,4952.0,1720.0,8.5174,61.88
39.964,warmup,4952.0,1720.0,8.5174,61.97
40.064,warmup,4952.0,1712.0,8.4778,61.94
40.164,warmup,4952.0,1712.0,8.4778,62.06
40.265,warmup,4952.0,1704.0,8.4382,62.09
40.365,warmup,4952.0,1704.0,8.4382,62.19
40.465,warmup,4952.0,1704.0,8.4382,62.09
40.565,warmup,4952.0,1704.0,8.4382,61.94
40.665,warmup,4952.0,1696.0,8.3986,61.75
40.765,warmup,4952.0,1696.0,8.3986,62.09
40.865,warmup,4952.0,1688.0,8.3590,61.78
40.966,warmup,4952.0,1688.0,8.3590,61.75
41.066,warmup,4952.0,1688.0,8.3590,62.12
41.166,warmup,4952.0,1688.0,8.3590,61.78
41.266,warmup,4952.0,1696.0,8.3986,61.88
41.366,warmup,4952.0,1696.0,8.3986,61.94
41.466,warmup,4952.0,1696.0,8.3986,61.84
41.566,warmup,4952.0,1696.0,8.3986,62.09
41.667,warmup,4952.0,1696.0,8.3986,61.97
41.767,warmup,4952.0,1712.0,8.4778,62.00
41.867,warmup,4952.0,1720.0,8.5174,62.22
41.967,warmup,4952.0,1720.0,8.5174,62.16
42.067,warmup,4952.0,1720.0,8.5174,62.06
42.167,warmup,4952.0,1728.0,8.5571,62.22
42.267,warmup,4952.0,1720.0,8.5174,62.25
42.368,warmup,4952.0,1712.0,8.4778,61.91
42.468,warmup,4952.0,1712.0,8.4778,62.28
42.568,warmup,4952.0,1712.0,8.4778,61.97
42.668,warmup,4952.0,1704.0,8.4382,61.88
42.768,warmup,4952.0,1704.0,8.4382,61.91
42.868,warmup,4952.0,1704.0,8.4382,61.84
42.969,warmup,4952.0,1696.0,8.3986,62.00
43.069,warmup,4952.0,1696.0,8.3986,61.94
43.169,warmup,4952.0,1688.0,8.3590,62.00
43.269,warmup,4952.0,1696.0,8.3986,62.06
43.369,warmup,4952.0,1696.0,8.3986,61.94
43.469,warmup,4952.0,1696.0,8.3986,62.03
43.569,warmup,4952.0,1712.0,8.4778,62.22
43.670,warmup,4952.0,1720.0,8.5174,62.09
43.770,warmup,4952.0,1712.0,8.4778,62.06
43.870,warmup,4952.0,1720.0,8.5174,62.31
43.970,warmup,4952.0,1720.0,8.5174,62.22
44.070,warmup,4952.0,1720.0,8.5174,62.03
44.170,warmup,4952.0,1720.0,8.5174,62.38
44.271,warmup,4952.0,1720.0,8.5174,62.16
44.371,warmup,4952.0,1720.0,8.5174,62.06
44.471,warmup,4952.0,1720.0,8.5174,62.06
44.571,warmup,4952.0,1712.0,8.4778,62.06
44.671,warmup,4952.0,1712.0,8.4778,62.09
44.771,warmup,4952.0,1704.0,8.4382,62.06
44.871,warmup,4952.0,1704.0,8.4382,62.03
44.972,warmup,4952.0,1696.0,8.3986,62.12
45.072,warmup,4952.0,1696.0,8.3986,62.06
45.172,warmup,4952.0,1696.0,8.3986,62.00
45.272,warmup,4952.0,1688.0,8.3590,62.19
45.372,warmup,4952.0,1688.0,8.3590,62.06
45.472,warmup,4952.0,1688.0,8.3590,62.00
45.572,warmup,4952.0,1704.0,8.4382,62.19
45.673,warmup,4952.0,1704.0,8.4382,62.28
45.773,warmup,4952.0,1704.0,8.4382,62.06
45.873,warmup,4952.0,1704.0,8.4382,62.03
45.973,warmup,4952.0,1712.0,8.4778,62.28
46.073,warmup,4952.0,1712.0,8.4778,62.12
46.173,warmup,4952.0,1720.0,8.5174,62.09
46.273,warmup,4952.0,1720.0,8.5174,62.19
46.374,warmup,4952.0,1720.0,8.5174,62.22
46.474,warmup,4952.0,1720.0,8.5174,62.16
46.574,warmup,4952.0,1720.0,8.5174,62.25
46.674,warmup,4952.0,1712.0,8.4778,62.22
46.774,warmup,4952.0,1712.0,8.4778,62.31
46.874,warmup,4952.0,1704.0,8.4382,62.19
46.974,warmup,4952.0,1704.0,8.4382,62.41
47.075,warmup,4952.0,1704.0,8.4382,62.12
47.175,warmup,4952.0,1696.0,8.3986,62.12
47.275,warmup,4952.0,1696.0,8.3986,62.38
47.375,warmup,4952.0,1688.0,8.3590,62.22
47.475,warmup,4952.0,1688.0,8.3590,62.00
47.575,warmup,4952.0,1688.0,8.3590,61.97
47.675,warmup,4952.0,1696.0,8.3986,62.25
47.776,warmup,4952.0,1696.0,8.3986,62.09
47.876,warmup,4952.0,1696.0,8.3986,62.09
47.976,warmup,4952.0,1696.0,8.3986,62.12
48.076,warmup,4952.0,1704.0,8.4382,62.09
48.176,warmup,4952.0,1712.0,8.4778,62.28
48.276,warmup,4952.0,1712.0,8.4778,62.19
48.376,warmup,4952.0,1712.0,8.4778,62.44
48.477,warmup,4952.0,1720.0,8.5174,62.34
48.577,warmup,4952.0,1720.0,8.5174,62.34
48.677,warmup,4952.0,1720.0,8.5174,62.56
48.777,warmup,4952.0,1720.0,8.5174,62.44
48.877,warmup,4952.0,1712.0,8.4778,62.34
48.977,warmup,4952.0,1712.0,8.4778,62.50
49.077,warmup,4952.0,1704.0,8.4382,62.38
49.178,warmup,4952.0,1704.0,8.4382,62.03
49.278,warmup,4952.0,1704.0,8.4382,62.03
49.378,warmup,4952.0,1704.0,8.4382,62.38
49.478,warmup,4952.0,1704.0,8.4382,62.19
49.578,warmup,4952.0,1704.0,8.4382,62.19
49.678,warmup,4952.0,1704.0,8.4382,62.28
49.779,warmup,4952.0,1704.0,8.4382,62.22
49.879,warmup,4952.0,1704.0,8.4382,62.41
49.979,warmup,4952.0,1704.0,8.4382,62.28
50.079,warmup,4952.0,1712.0,8.4778,62.28
50.179,warmup,4952.0,1712.0,8.4778,62.44
50.279,warmup,4952.0,1720.0,8.5174,62.44
50.379,warmup,4952.0,1712.0,8.4778,62.66
50.480,warmup,4952.0,1720.0,8.5174,62.50
50.580,warmup,4952.0,1720.0,8.5174,62.41
50.680,warmup,4952.0,1712.0,8.4778,62.31
50.780,warmup,4952.0,1704.0,8.4382,62.53
50.880,warmup,4952.0,1704.0,8.4382,62.25
50.981,warmup,4952.0,1704.0,8.4382,62.16
51.081,warmup,4952.0,1696.0,8.3986,62.56
51.181,warmup,4952.0,1696.0,8.3986,62.19
51.281,warmup,4952.0,1696.0,8.3986,62.25
51.381,warmup,4952.0,1696.0,8.3986,62.31
51.481,warmup,4952.0,1696.0,8.3986,62.25
51.581,warmup,4952.0,1696.0,8.3986,62.34
51.682,warmup,4952.0,1696.0,8.3986,62.28
51.782,warmup,4952.0,1696.0,8.3986,62.25
51.882,warmup,4952.0,1704.0,8.4382,62.50
51.982,warmup,4952.0,1704.0,8.4382,62.31
52.082,warmup,4952.0,1704.0,8.4382,62.69
52.182,warmup,4952.0,1704.0,8.4382,62.56
52.282,warmup,4952.0,1712.0,8.4778,62.44
52.383,warmup,4952.0,1712.0,8.4778,62.31
52.483,warmup,4952.0,1712.0,8.4778,62.59
52.583,warmup,4952.0,1712.0,8.4778,62.56
52.683,warmup,4952.0,1712.0,8.4778,62.34
52.783,warmup,4952.0,1712.0,8.4778,62.72
52.883,warmup,4952.0,1712.0,8.4778,62.38
52.983,warmup,4952.0,1712.0,8.4778,62.44
53.084,warmup,4952.0,1704.0,8.4382,62.34
53.184,warmup,4952.0,1704.0,8.4382,62.31
53.285,warmup,4952.0,1696.0,8.3986,62.38
53.385,warmup,4952.0,1696.0,8.3986,62.38
53.485,warmup,4952.0,1696.0,8.3986,62.44
53.585,warmup,4952.0,1696.0,8.3986,62.44
53.685,warmup,4952.0,1696.0,8.3986,62.38
53.785,warmup,4952.0,1696.0,8.3986,62.22
53.886,warmup,4952.0,1704.0,8.4382,62.50
53.986,warmup,4952.0,1704.0,8.4382,62.38
54.086,warmup,4952.0,1704.0,8.4382,62.38
54.186,warmup,4952.0,1704.0,8.4382,62.62
54.286,warmup,4952.0,1704.0,8.4382,62.34
54.386,warmup,4952.0,1712.0,8.4778,62.38
54.486,warmup,4952.0,1712.0,8.4778,62.41
54.587,warmup,4952.0,1712.0,8.4778,62.38
54.687,warmup,4952.0,1728.0,8.5571,62.44
54.787,warmup,4952.0,1728.0,8.5571,62.59
54.887,warmup,4952.0,1720.0,8.5174,62.62
54.988,warmup,4952.0,1712.0,8.4778,62.62
55.088,warmup,4952.0,1712.0,8.4778,62.47
55.188,warmup,4952.0,1704.0,8.4382,62.62
55.289,warmup,4952.0,1704.0,8.4382,62.50
55.389,warmup,4952.0,1704.0,8.4382,62.44
55.489,warmup,4952.0,1696.0,8.3986,62.31
55.589,warmup,4952.0,1688.0,8.3590,62.50
55.689,warmup,4952.0,1696.0,8.3986,62.28
55.789,warmup,4952.0,1696.0,8.3986,62.22
55.890,warmup,4952.0,1696.0,8.3986,62.62
55.990,warmup,4952.0,1696.0,8.3986,62.38
56.090,warmup,4952.0,1696.0,8.3986,62.34
56.190,warmup,4952.0,1696.0,8.3986,62.44
56.290,warmup,4952.0,1704.0,8.4382,62.38
56.390,warmup,4952.0,1704.0,8.4382,62.62
56.490,warmup,4952.0,1704.0,8.4382,62.53
56.591,warmup,4952.0,1712.0,8.4778,62.75
56.691,warmup,4952.0,1712.0,8.4778,62.66
56.791,warmup,4952.0,1712.0,8.4778,62.56
56.891,warmup,4952.0,1720.0,8.5174,62.47
56.991,warmup,4952.0,1712.0,8.4778,62.69
57.091,warmup,4952.0,1720.0,8.5174,62.75
57.191,warmup,4952.0,1712.0,8.4778,62.53
57.292,warmup,4952.0,1712.0,8.4778,62.81
57.392,warmup,4952.0,1704.0,8.4382,62.41
57.492,warmup,4952.0,1704.0,8.4382,62.50
57.592,warmup,4952.0,1704.0,8.4382,62.44
57.692,warmup,4952.0,1704.0,8.4382,62.47
57.792,warmup,4952.0,1696.0,8.3986,62.50
57.893,warmup,4952.0,1696.0,8.3986,62.56
57.993,warmup,4952.0,1696.0,8.3986,62.41
58.093,warmup,4952.0,1696.0,8.3986,62.50
58.193,warmup,4952.0,1688.0,8.3590,62.41
58.293,warmup,4952.0,1688.0,8.3590,62.41
58.393,warmup,4952.0,1704.0,8.4382,62.62
58.493,warmup,4952.0,1704.0,8.4382,62.44
58.594,warmup,4952.0,1712.0,8.4778,62.50
58.694,warmup,4952.0,1720.0,8.5174,62.75
58.794,warmup,4952.0,1736.0,8.5967,62.81
58.894,warmup,4952.0,1728.0,8.5571,62.53
58.994,warmup,4952.0,1728.0,8.5571,62.88
59.094,warmup,4952.0,1728.0,8.5571,62.53
59.195,warmup,4952.0,1720.0,8.5174,62.66
59.295,warmup,4952.0,1712.0,8.4778,62.59
59.396,warmup,4952.0,1712.0,8.4778,62.62
59.496,warmup,4952.0,1704.0,8.4382,62.62
59.596,warmup,4952.0,1704.0,8.4382,62.44
59.696,warmup,4952.0,1704.0,8.4382,62.69
59.796,warmup,4952.0,1696.0,8.3986,62.56
59.896,warmup,4952.0,1696.0,8.3986,62.50
59.997,warmup,4952.0,1688.0,8.3590,62.56
60.097,warmup,4952.0,1688.0,8.3590,62.62
60.197,warmup,4952.0,1696.0,8.3986,62.47
60.297,warmup,4952.0,1696.0,8.3986,62.38
60.397,measure,4952.0,1696.0,8.3986,62.69
60.497,measure,4952.0,1696.0,8.3986,62.38
60.598,measure,4952.0,1704.0,8.4382,62.41
60.698,measure,4952.0,1704.0,8.4382,62.56
60.798,measure,4952.0,1704.0,8.4382,62.53
60.898,measure,4952.0,1704.0,8.4382,62.50
60.998,measure,4952.0,1704.0,8.4382,62.72
61.098,measure,4952.0,1728.0,8.5571,62.59
61.198,measure,4952.0,1728.0,8.5571,62.84
61.299,measure,4952.0,1728.0,8.5571,62.75
61.399,measure,4952.0,1728.0,8.5571,62.91
61.499,measure,4952.0,1720.0,8.5174,62.78
61.599,measure,4952.0,1712.0,8.4778,62.66
61.699,measure,4952.0,1712.0,8.4778,62.56
61.799,measure,4952.0,1704.0,8.4382,62.69
61.900,measure,4952.0,1696.0,8.3986,62.62
62.000,measure,4952.0,1696.0,8.3986,62.41
62.100,measure,4952.0,1696.0,8.3986,62.78
62.200,measure,4952.0,1696.0,8.3986,62.53
62.300,measure,4952.0,1696.0,8.3986,62.44
62.400,measure,4952.0,1704.0,8.4382,62.41
62.500,measure,4952.0,1704.0,8.4382,62.69
62.601,measure,4952.0,1704.0,8.4382,62.62
62.701,measure,4952.0,1704.0,8.4382,62.72
62.801,measure,4952.0,1704.0,8.4382,62.75
62.901,measure,4952.0,1712.0,8.4778,62.88
63.001,measure,4952.0,1720.0,8.5174,62.72
63.101,measure,4952.0,1720.0,8.5174,62.78
63.201,measure,4952.0,1720.0,8.5174,62.97
63.302,measure,4952.0,1720.0,8.5174,62.88
63.402,measure,4952.0,1720.0,8.5174,62.53
63.502,measure,4952.0,1712.0,8.4778,62.91
63.602,measure,4952.0,1712.0,8.4778,62.78
63.702,measure,4952.0,1712.0,8.4778,62.56
63.802,measure,4952.0,1704.0,8.4382,62.50
63.903,measure,4952.0,1704.0,8.4382,62.47
64.003,measure,4952.0,1696.0,8.3986,62.47
64.103,measure,4952.0,1696.0,8.3986,62.47
64.203,measure,4952.0,1696.0,8.3986,62.47
64.303,measure,4952.0,1696.0,8.3986,62.53
64.403,measure,4952.0,1696.0,8.3986,62.69
64.503,measure,4952.0,1704.0,8.4382,62.59
64.604,measure,4952.0,1704.0,8.4382,62.78
64.704,measure,4952.0,1704.0,8.4382,62.75
64.804,measure,4952.0,1704.0,8.4382,62.75
64.904,measure,4952.0,1704.0,8.4382,62.88
65.004,measure,4952.0,1712.0,8.4778,62.88
65.104,measure,4952.0,1712.0,8.4778,62.84
65.205,measure,4952.0,1712.0,8.4778,62.97
65.305,measure,4952.0,1720.0,8.5174,62.84
65.405,measure,4952.0,1720.0,8.5174,62.75
65.505,measure,4952.0,1720.0,8.5174,62.72
65.605,measure,4952.0,1720.0,8.5174,63.03
65.705,measure,4952.0,1712.0,8.4778,62.84
65.806,measure,4952.0,1712.0,8.4778,62.75
65.906,measure,4952.0,1712.0,8.4778,62.69
66.006,measure,4952.0,1704.0,8.4382,62.81
66.106,measure,4952.0,1704.0,8.4382,62.69
66.206,measure,4952.0,1704.0,8.4382,62.62
66.307,measure,4952.0,1704.0,8.4382,62.81
66.407,measure,4952.0,1704.0,8.4382,62.75
66.507,measure,4952.0,1704.0,8.4382,62.66
66.607,measure,4952.0,1704.0,8.4382,62.94
66.707,measure,4952.0,1704.0,8.4382,62.91
66.807,measure,4952.0,1704.0,8.4382,62.75
66.907,measure,4952.0,1704.0,8.4382,63.19
67.008,measure,4952.0,1728.0,8.5571,63.03
67.108,measure,4952.0,1728.0,8.5571,62.75
67.208,measure,4952.0,1728.0,8.5571,62.78
67.308,measure,4952.0,1720.0,8.5174,62.72
67.408,measure,4952.0,1720.0,8.5174,62.78
67.509,measure,4952.0,1712.0,8.4778,62.72
67.609,measure,4952.0,1704.0,8.4382,62.78
67.709,measure,4952.0,1704.0,8.4382,62.81
67.809,measure,4952.0,1696.0,8.3986,62.78
67.909,measure,4952.0,1696.0,8.3986,62.72
68.009,measure,4952.0,1688.0,8.3590,62.84
68.110,measure,4952.0,1696.0,8.3986,62.84
68.210,measure,4952.0,1696.0,8.3986,62.72
68.310,measure,4952.0,1696.0,8.3986,62.94
68.410,measure,4952.0,1704.0,8.4382,62.88
68.510,measure,4952.0,1712.0,8.4778,62.75
68.610,measure,4952.0,1720.0,8.5174,62.72
68.710,measure,4952.0,1720.0,8.5174,63.03
68.811,measure,4952.0,1720.0,8.5174,62.75
68.911,measure,4952.0,1720.0,8.5174,62.78
69.011,measure,4952.0,1720.0,8.5174,62.91
69.111,measure,4952.0,1720.0,8.5174,62.94
69.211,measure,4952.0,1720.0,8.5174,63.09
69.311,measure,4952.0,1712.0,8.4778,62.91
69.411,measure,4952.0,1712.0,8.4778,63.03
69.512,measure,4952.0,1712.0,8.4778,62.94
69.612,measure,4952.0,1704.0,8.4382,62.84
69.712,measure,4952.0,1704.0,8.4382,62.97
69.812,measure,4952.0,1704.0,8.4382,62.84
69.912,measure,4952.0,1696.0,8.3986,62.75
70.012,measure,4952.0,1696.0,8.3986,62.97
70.112,measure,4952.0,1696.0,8.3986,62.84
70.213,measure,4952.0,1696.0,8.3986,62.81
70.313,measure,4952.0,1696.0,8.3986,62.69
70.413,measure,4952.0,1696.0,8.3986,62.94
70.513,measure,4952.0,1696.0,8.3986,62.72
70.613,measure,4952.0,1704.0,8.4382,62.84
70.713,measure,4952.0,1704.0,8.4382,62.88
70.814,measure,4952.0,1704.0,8.4382,62.84
70.914,measure,4952.0,1720.0,8.5174,63.03
71.014,measure,4952.0,1728.0,8.5571,62.94
71.114,measure,4952.0,1728.0,8.5571,62.94
71.214,measure,4952.0,1728.0,8.5571,63.06
71.314,measure,4952.0,1720.0,8.5174,63.03
71.414,measure,4952.0,1720.0,8.5174,63.22
71.515,measure,4952.0,1720.0,8.5174,63.00
71.615,measure,4952.0,1712.0,8.4778,62.94
71.715,measure,4952.0,1712.0,8.4778,62.72
71.815,measure,4952.0,1704.0,8.4382,63.00
71.915,measure,4952.0,1720.0,8.5174,62.91
72.015,measure,4952.0,1712.0,8.4778,62.81
72.115,measure,4952.0,1728.0,8.5571,63.16
72.216,measure,4952.0,1720.0,8.5174,62.84
72.316,measure,4952.0,1720.0,8.5174,62.84
72.416,measure,4952.0,1720.0,8.5174,62.97
72.516,measure,4952.0,1720.0,8.5174,62.97
72.616,measure,4952.0,1720.0,8.5174,62.84
72.716,measure,4952.0,1720.0,8.5174,63.03
72.816,measure,4952.0,1720.0,8.5174,63.16
72.917,measure,4952.0,1720.0,8.5174,63.00
73.017,measure,4952.0,1712.0,8.4778,63.06
73.117,measure,4952.0,1712.0,8.4778,63.16
73.217,measure,4952.0,1704.0,8.4382,63.06
73.317,measure,4952.0,1704.0,8.4382,62.97
73.418,measure,4952.0,1696.0,8.3986,62.72
73.518,measure,4952.0,1696.0,8.3986,63.06
73.618,measure,4952.0,1696.0,8.3986,62.94
73.718,measure,4952.0,1688.0,8.3590,62.81
73.818,measure,4952.0,1688.0,8.3590,63.00
73.918,measure,4952.0,1696.0,8.3986,62.84
74.018,measure,4952.0,1696.0,8.3986,62.75
74.119,measure,4952.0,1696.0,8.3986,62.84
74.219,measure,4952.0,1704.0,8.4382,62.81
74.319,measure,4952.0,1704.0,8.4382,63.03
74.419,measure,4952.0,1704.0,8.4382,62.94
74.519,measure,4952.0,1704.0,8.4382,62.94
74.619,measure,4952.0,1704.0,8.4382,63.06
74.720,measure,4952.0,1712.0,8.4778,63.12
74.820,measure,4952.0,1720.0,8.5174,62.97
74.920,measure,4952.0,1720.0,8.5174,63.31
75.020,measure,4952.0,1720.0,8.5174,63.12
75.120,measure,4952.0,1720.0,8.5174,62.97
75.220,measure,4952.0,1720.0,8.5174,63.25
75.320,measure,4952.0,1720.0,8.5174,62.81
75.421,measure,4952.0,1712.0,8.4778,62.75
75.521,measure,4952.0,1704.0,8.4382,62.88
75.621,measure,4952.0,1696.0,8.3986,62.84
75.721,measure,4952.0,1696.0,8.3986,62.81
75.821,measure,4952.0,1712.0,8.4778,62.97
75.921,measure,4952.0,1712.0,8.4778,62.91
76.022,measure,4952.0,1728.0,8.5571,62.91
76.122,measure,4952.0,1728.0,8.5571,63.00
76.222,measure,4952.0,1744.0,8.6363,63.09
76.322,measure,4952.0,1736.0,8.5967,63.28
76.422,measure,4952.0,1736.0,8.5967,63.19
76.522,measure,4952.0,1728.0,8.5571,62.91
76.622,measure,4952.0,1720.0,8.5174,63.25
76.723,measure,4952.0,1712.0,8.4778,63.06
76.823,measure,4952.0,1712.0,8.4778,62.81
76.923,measure,4952.0,1704.0,8.4382,63.16
77.023,measure,4952.0,1704.0,8.4382,63.09
77.123,measure,4952.0,1696.0,8.3986,62.81
77.223,measure,4952.0,1696.0,8.3986,62.72
77.324,measure,4952.0,1688.0,8.3590,62.81
77.424,measure,4952.0,1696.0,8.3986,62.97
77.524,measure,4952.0,1696.0,8.3986,63.00
77.624,measure,4952.0,1696.0,8.3986,62.91
77.724,measure,4952.0,1704.0,8.4382,62.84
77.824,measure,4952.0,1704.0,8.4382,63.00
77.924,measure,4952.0,1704.0,8.4382,63.00
78.025,measure,4952.0,1704.0,8.4382,63.25
78.125,measure,4952.0,1712.0,8.4778,63.19
78.225,measure,4952.0,1720.0,8.5174,63.12
78.325,measure,4952.0,1720.0,8.5174,63.31
78.425,measure,4952.0,1720.0,8.5174,63.12
78.525,measure,4952.0,1720.0,8.5174,63.03
78.626,measure,4952.0,1720.0,8.5174,62.97
78.726,measure,4952.0,1712.0,8.4778,63.03
78.827,measure,4952.0,1712.0,8.4778,62.97
78.927,measure,4952.0,1704.0,8.4382,63.00
79.027,measure,4952.0,1704.0,8.4382,62.97
79.127,measure,4952.0,1704.0,8.4382,63.03
79.228,measure,4952.0,1696.0,8.3986,63.06
79.328,measure,4952.0,1696.0,8.3986,62.84
79.428,measure,4952.0,1696.0,8.3986,63.03
79.528,measure,4952.0,1688.0,8.3590,63.00
79.628,measure,4952.0,1688.0,8.3590,62.94
79.728,measure,4952.0,1696.0,8.3986,63.09
79.828,measure,4952.0,1696.0,8.3986,63.03
79.929,measure,4952.0,1696.0,8.3986,62.91
80.029,measure,4952.0,1704.0,8.4382,63.28
80.129,measure,4952.0,1712.0,8.4778,63.12
80.229,measure,4952.0,1704.0,8.4382,62.94
80.329,measure,4952.0,1712.0,8.4778,62.97
80.429,measure,4952.0,1720.0,8.5174,63.00
80.530,measure,4952.0,1720.0,8.5174,63.09
80.630,measure,4952.0,1728.0,8.5571,63.19
80.730,measure,4952.0,1728.0,8.5571,63.12
80.830,measure,4952.0,1728.0,8.5571,63.25
80.930,measure,4952.0,1720.0,8.5174,63.19
81.031,measure,4952.0,1720.0,8.5174,63.34
81.131,measure,4952.0,1712.0,8.4778,63.22
81.231,measure,4952.0,1712.0,8.4778,63.19
81.331,measure,4952.0,1712.0,8.4778,62.88
81.431,measure,4952.0,1704.0,8.4382,63.25
81.531,measure,4952.0,1704.0,8.4382,63.09
81.631,measure,4952.0,1696.0,8.3986,62.84
81.732,measure,4952.0,1688.0,8.3590,62.84
81.832,measure,4952.0,1688.0,8.3590,63.16
81.932,measure,4952.0,1688.0,8.3590,62.78
82.032,measure,4952.0,1696.0,8.3986,63.03
82.132,measure,4952.0,1696.0,8.3986,63.06
82.232,measure,4952.0,1696.0,8.3986,62.94
82.332,measure,4952.0,1696.0,8.3986,63.12
82.433,measure,4952.0,1704.0,8.4382,63.00
82.533,measure,4952.0,1704.0,8.4382,63.25
82.633,measure,4952.0,1720.0,8.5174,63.25
82.733,measure,4952.0,1728.0,8.5571,63.19
82.833,measure,4952.0,1728.0,8.5571,63.38
82.933,measure,4952.0,1720.0,8.5174,63.31
83.034,measure,4952.0,1720.0,8.5174,63.00
83.134,measure,4952.0,1712.0,8.4778,63.38
83.234,measure,4952.0,1712.0,8.4778,63.22
83.335,measure,4952.0,1704.0,8.4382,63.00
83.435,measure,4952.0,1704.0,8.4382,63.00
83.535,measure,4952.0,1696.0,8.3986,63.00
83.635,measure,4952.0,1696.0,8.3986,62.91
83.735,measure,4952.0,1688.0,8.3590,63.00
83.835,measure,4952.0,1704.0,8.4382,63.06
83.936,measure,4952.0,1704.0,8.4382,63.00
84.036,measure,4952.0,1712.0,8.4778,63.22
84.136,measure,4952.0,1712.0,8.4778,63.06
84.236,measure,4952.0,1712.0,8.4778,63.31
84.336,measure,4952.0,1720.0,8.5174,63.28
84.436,measure,4952.0,1720.0,8.5174,63.12
84.536,measure,4952.0,1720.0,8.5174,63.41
84.637,measure,4952.0,1720.0,8.5174,63.34
84.737,measure,4952.0,1720.0,8.5174,63.09
84.837,measure,4952.0,1720.0,8.5174,63.47
84.937,measure,4952.0,1712.0,8.4778,63.38
85.037,measure,4952.0,1712.0,8.4778,63.06
85.137,measure,4952.0,1712.0,8.4778,63.19
85.237,measure,4952.0,1704.0,8.4382,63.06
85.338,measure,4952.0,1704.0,8.4382,63.06
85.438,measure,4952.0,1704.0,8.4382,63.16
85.538,measure,4952.0,1696.0,8.3986,63.06
85.638,measure,4952.0,1696.0,8.3986,63.19
85.739,measure,4952.0,1696.0,8.3986,63.03
85.839,measure,4952.0,1688.0,8.3590,63.06
85.939,measure,4952.0,1696.0,8.3986,63.19
86.039,measure,4952.0,1696.0,8.3986,63.09
86.139,measure,4952.0,1696.0,8.3986,63.06
86.240,measure,4952.0,1696.0,8.3986,63.34
86.340,measure,4952.0,1696.0,8.3986,63.19
86.440,measure,4952.0,1696.0,8.3986,63.03
86.541,measure,4952.0,1704.0,8.4382,63.03
86.641,measure,4952.0,1704.0,8.4382,63.09
86.741,measure,4952.0,1712.0,8.4778,63.06
86.841,measure,4952.0,1712.0,8.4778,63.19
86.941,measure,4952.0,1728.0,8.5571,63.25
87.042,measure,4952.0,1728.0,8.5571,63.16
87.142,measure,4952.0,1728.0,8.5571,63.22
87.242,measure,4952.0,1720.0,8.5174,63.25
87.342,measure,4952.0,1712.0,8.4778,63.28
87.442,measure,4952.0,1712.0,8.4778,63.22
87.542,measure,4952.0,1704.0,8.4382,63.03
87.642,measure,4952.0,1704.0,8.4382,63.28
87.743,measure,4952.0,1704.0,8.4382,63.22
87.843,measure,4952.0,1704.0,8.4382,63.03
87.943,measure,4952.0,1704.0,8.4382,63.34
88.043,measure,4952.0,1704.0,8.4382,63.31
88.143,measure,4952.0,1704.0,8.4382,63.06
88.243,measure,4952.0,1728.0,8.5571,63.16
88.343,measure,4952.0,1728.0,8.5571,63.19
88.444,measure,4952.0,1728.0,8.5571,63.16
88.544,measure,4952.0,1728.0,8.5571,63.34
88.644,measure,4952.0,1728.0,8.5571,63.41
88.744,measure,4952.0,1720.0,8.5174,63.31
88.844,measure,4952.0,1720.0,8.5174,63.22
88.945,measure,4952.0,1712.0,8.4778,63.16
89.045,measure,4952.0,1704.0,8.4382,63.25
89.145,measure,4952.0,1704.0,8.4382,63.19
89.245,measure,4952.0,1704.0,8.4382,63.06
89.345,measure,4952.0,1704.0,8.4382,63.28
89.445,measure,4952.0,1704.0,8.4382,63.22
89.545,measure,4952.0,1712.0,8.4778,63.12
89.646,measure,4952.0,1704.0,8.4382,63.12
89.746,measure,4952.0,1704.0,8.4382,63.28
89.846,measure,4952.0,1720.0,8.5174,63.16
89.946,measure,4952.0,1720.0,8.5174,63.16
90.046,measure,4952.0,1736.0,8.5967,63.38
90.146,measure,4952.0,1736.0,8.5967,63.28
90.246,measure,4952.0,1728.0,8.5571,63.34
90.347,measure,4952.0,1720.0,8.5174,63.31
90.447,measure,4952.0,1712.0,8.4778,63.34
90.547,measure,4952.0,1712.0,8.4778,63.34
90.647,measure,4952.0,1704.0,8.4382,63.25
90.747,measure,4952.0,1704.0,8.4382,63.34
90.847,measure,4952.0,1704.0,8.4382,63.28
90.947,measure,4952.0,1696.0,8.3986,63.28
91.048,measure,4952.0,1696.0,8.3986,63.44
91.148,measure,4952.0,1696.0,8.3986,63.22
91.248,measure,4952.0,1696.0,8.3986,63.09
91.348,measure,4952.0,1696.0,8.3986,63.19
91.448,measure,4952.0,1704.0,8.4382,63.28
91.548,measure,4952.0,1704.0,8.4382,63.06
91.648,measure,4952.0,1704.0,8.4382,63.06
91.749,measure,4952.0,1704.0,8.4382,63.16
91.849,measure,4952.0,1704.0,8.4382,63.12
91.949,measure,4952.0,1704.0,8.4382,63.31
92.049,measure,4952.0,1704.0,8.4382,63.25
92.149,measure,4952.0,1720.0,8.5174,63.31
92.249,measure,4952.0,1728.0,8.5571,63.44
92.349,measure,4952.0,1728.0,8.5571,63.38
92.449,measure,4952.0,1728.0,8.5571,63.50
92.550,measure,4952.0,1720.0,8.5174,63.44
92.650,measure,4952.0,1720.0,8.5174,63.16
92.750,measure,4952.0,1712.0,8.4778,63.22
92.850,measure,4952.0,1712.0,8.4778,63.47
92.950,measure,4952.0,1712.0,8.4778,63.38
93.050,measure,4952.0,1704.0,8.4382,63.12
93.150,measure,4952.0,1704.0,8.4382,63.12
93.251,measure,4952.0,1704.0,8.4382,63.19
93.351,measure,4952.0,1696.0,8.3986,63.19
93.451,measure,4952.0,1696.0,8.3986,63.16
93.551,measure,4952.0,1696.0,8.3986,63.12
93.651,measure,4952.0,1696.0,8.3986,63.09
93.751,measure,4952.0,1704.0,8.4382,63.19
93.851,measure,4952.0,1704.0,8.4382,63.09
93.952,measure,4952.0,1704.0,8.4382,63.28
94.052,measure,4952.0,1704.0,8.4382,63.25
94.152,measure,4952.0,1704.0,8.4382,63.47
94.252,measure,4952.0,1704.0,8.4382,63.34
94.352,measure,4952.0,1712.0,8.4778,63.31
94.452,measure,4952.0,1712.0,8.4778,63.19
94.552,measure,4952.0,1712.0,8.4778,63.53
94.653,measure,4952.0,1712.0,8.4778,63.47
94.753,measure,4952.0,1720.0,8.5174,63.22
94.853,measure,4952.0,1728.0,8.5571,63.66
94.953,measure,4952.0,1728.0,8.5571,63.38
95.053,measure,4952.0,1720.0,8.5174,63.34
95.153,measure,4952.0,1720.0,8.5174,63.28
95.253,measure,4952.0,1712.0,8.4778,63.25
95.354,measure,4952.0,1712.0,8.4778,63.34
95.454,measure,4952.0,1712.0,8.4778,63.31
95.554,measure,4952.0,1704.0,8.4382,63.38
95.654,measure,4952.0,1704.0,8.4382,63.31
95.754,measure,4952.0,1704.0,8.4382,63.19
95.854,measure,4952.0,1696.0,8.3986,63.22
95.955,measure,4952.0,1696.0,8.3986,63.34
96.055,measure,4952.0,1696.0,8.3986,63.31
96.155,measure,4952.0,1704.0,8.4382,63.16
96.255,measure,4952.0,1704.0,8.4382,63.47
96.355,measure,4952.0,1704.0,8.4382,63.34
96.455,measure,4952.0,1704.0,8.4382,63.16
96.555,measure,4952.0,1704.0,8.4382,63.12
96.656,measure,4952.0,1704.0,8.4382,63.19
96.756,measure,4952.0,1704.0,8.4382,63.25
96.856,measure,4952.0,1704.0,8.4382,63.34
96.956,measure,4952.0,1704.0,8.4382,63.28
97.056,measure,4952.0,1712.0,8.4778,63.31
97.156,measure,4952.0,1712.0,8.4778,63.34
97.256,measure,4952.0,1712.0,8.4778,63.31
97.357,measure,4952.0,1728.0,8.5571,63.62
97.457,measure,4952.0,1720.0,8.5174,63.44
97.557,measure,4952.0,1720.0,8.5174,63.25
97.657,measure,4952.0,1712.0,8.4778,63.62
97.757,measure,4952.0,1712.0,8.4778,63.44
97.857,measure,4952.0,1704.0,8.4382,63.31
97.957,measure,4952.0,1704.0,8.4382,63.59
98.058,measure,4952.0,1704.0,8.4382,63.41
98.158,measure,4952.0,1696.0,8.3986,63.22
98.258,measure,4952.0,1696.0,8.3986,63.19
98.358,measure,4952.0,1696.0,8.3986,63.25
98.458,measure,4952.0,1696.0,8.3986,63.12
98.558,measure,4952.0,1696.0,8.3986,63.28
98.658,measure,4952.0,1712.0,8.4778,63.25
98.759,measure,4952.0,1712.0,8.4778,63.22
98.859,measure,4952.0,1712.0,8.4778,63.34
98.959,measure,4952.0,1712.0,8.4778,63.31
99.059,measure,4952.0,1712.0,8.4778,63.59
99.159,measure,4952.0,1712.0,8.4778,63.44
99.259,measure,4952.0,1712.0,8.4778,63.41
99.360,measure,4952.0,1712.0,8.4778,63.59
99.460,measure,4952.0,1720.0,8.5174,63.50
99.560,measure,4952.0,1720.0,8.5174,63.41
99.660,measure,4952.0,1720.0,8.5174,63.72
99.760,measure,4952.0,1720.0,8.5174,63.62
99.860,measure,4952.0,1720.0,8.5174,63.31
99.961,measure,4952.0,1712.0,8.4778,63.38
100.061,measure,4952.0,1712.0,8.4778,63.34
100.161,measure,4952.0,1704.0,8.4382,63.28
100.262,measure,4952.0,1704.0,8.4382,63.34
100.362,measure,4952.0,1704.0,8.4382,63.25
100.462,measure,4952.0,1704.0,8.4382,63.25
100.562,measure,4952.0,1696.0,8.3986,63.22
100.662,measure,4952.0,1696.0,8.3986,63.25
100.762,measure,4952.0,1696.0,8.3986,63.53
100.862,measure,4952.0,1704.0,8.4382,63.34
100.963,measure,4952.0,1704.0,8.4382,63.25
101.063,measure,4952.0,1704.0,8.4382,63.62
101.163,measure,4952.0,1712.0,8.4778,63.53
101.263,measure,4952.0,1712.0,8.4778,63.31
101.363,measure,4952.0,1704.0,8.4382,63.22
101.463,measure,4952.0,1712.0,8.4778,63.59
101.563,measure,4952.0,1712.0,8.4778,63.34
101.664,measure,4952.0,1712.0,8.4778,63.34
101.764,measure,4952.0,1720.0,8.5174,63.50
101.864,measure,4952.0,1720.0,8.5174,63.34
101.964,measure,4952.0,1720.0,8.5174,63.53
102.064,measure,4952.0,1720.0,8.5174,63.47
102.164,measure,4952.0,1720.0,8.5174,63.59
102.264,measure,4952.0,1712.0,8.4778,63.62
102.365,measure,4952.0,1712.0,8.4778,63.38
102.465,measure,4952.0,1712.0,8.4778,63.69
102.565,measure,4952.0,1704.0,8.4382,63.47
102.665,measure,4952.0,1704.0,8.4382,63.34
102.765,measure,4952.0,1704.0,8.4382,63.62
102.865,measure,4952.0,1696.0,8.3986,63.47
102.965,measure,4952.0,1696.0,8.3986,63.19
103.066,measure,4952.0,1696.0,8.3986,63.19
103.166,measure,4952.0,1696.0,8.3986,63.41
103.266,measure,4952.0,1696.0,8.3986,63.19
103.366,measure,4952.0,1704.0,8.4382,63.25
103.466,measure,4952.0,1704.0,8.4382,63.34
103.566,measure,4952.0,1704.0,8.4382,63.34
103.666,measure,4952.0,1704.0,8.4382,63.47
103.767,measure,4952.0,1704.0,8.4382,63.38
103.867,measure,4952.0,1712.0,8.4778,63.34
103.967,measure,4952.0,1712.0,8.4778,63.50
104.067,measure,4952.0,1712.0,8.4778,63.50
104.167,measure,4952.0,1720.0,8.5174,63.69
104.267,measure,4952.0,1720.0,8.5174,63.59
104.367,measure,4952.0,1720.0,8.5174,63.56
104.468,measure,4952.0,1728.0,8.5571,63.38
104.568,measure,4952.0,1720.0,8.5174,63.66
104.668,measure,4952.0,1720.0,8.5174,63.34
104.768,measure,4952.0,1712.0,8.4778,63.25
104.868,measure,4952.0,1704.0,8.4382,63.62
104.969,measure,4952.0,1696.0,8.3986,63.34
105.069,measure,4952.0,1696.0,8.3986,63.22
105.169,measure,4952.0,1704.0,8.4382,63.34
105.269,measure,4952.0,1704.0,8.4382,63.34
105.369,measure,4952.0,1704.0,8.4382,63.41
105.469,measure,4952.0,1712.0,8.4778,63.44
105.570,measure,4952.0,1720.0,8.5174,63.38
105.670,measure,4952.0,1736.0,8.5967,63.66
105.770,measure,4952.0,1736.0,8.5967,63.56
105.870,measure,4952.0,1736.0,8.5967,63.81
105.970,measure,4952.0,1728.0,8.5571,63.72
106.070,measure,4952.0,1720.0,8.5174,63.38
106.171,measure,4952.0,1720.0,8.5174,63.34
106.271,measure,4952.0,1712.0,8.4778,63.72
106.371,measure,4952.0,1712.0,8.4778,63.34
106.471,measure,4952.0,1704.0,8.4382,63.31
106.571,measure,4952.0,1704.0,8.4382,63.69
106.671,measure,4952.0,1704.0,8.4382,63.28
106.771,measure,4952.0,1720.0,8.5174,63.34
106.872,measure,4952.0,1712.0,8.4778,63.41
106.972,measure,4952.0,1712.0,8.4778,63.44
107.072,measure,4952.0,1712.0,8.4778,63.56
107.172,measure,4952.0,1712.0,8.4778,63.47
107.272,measure,4952.0,1720.0,8.5174,63.44
107.372,measure,4952.0,1720.0,8.5174,63.62
107.473,measure,4952.0,1728.0,8.5571,63.53
107.573,measure,4952.0,1728.0,8.5571,63.50
107.673,measure,4952.0,1720.0,8.5174,63.69
107.773,measure,4952.0,1712.0,8.4778,63.34
107.873,measure,4952.0,1712.0,8.4778,63.31
107.973,measure,4952.0,1712.0,8.4778,63.69
108.073,measure,4952.0,1704.0,8.4382,63.41
108.174,measure,4952.0,1704.0,8.4382,63.31
108.274,measure,4952.0,1704.0,8.4382,63.34
108.374,measure,4952.0,1704.0,8.4382,63.34
108.474,measure,4952.0,1704.0,8.4382,63.28
108.574,measure,4952.0,1704.0,8.4382,63.47
108.674,measure,4952.0,1712.0,8.4778,63.38
108.774,measure,4952.0,1712.0,8.4778,63.59
108.875,measure,4952.0,1712.0,8.4778,63.56
108.975,measure,4952.0,1712.0,8.4778,63.78
109.075,measure,4952.0,1720.0,8.5174,63.72
109.175,measure,4952.0,1720.0,8.5174,63.59
109.275,measure,4952.0,1720.0,8.5174,63.44
109.376,measure,4952.0,1720.0,8.5174,63.88
109.476,measure,4952.0,1720.0,8.5174,63.53
109.576,measure,4952.0,1720.0,8.5174,63.47
109.676,measure,4952.0,1720.0,8.5174,63.78
109.776,measure,4952.0,1712.0,8.4778,63.38
109.876,measure,4952.0,1712.0,8.4778,63.38
109.976,measure,4952.0,1712.0,8.4778,63.44
110.077,measure,4952.0,1712.0,8.4778,63.38
110.177,measure,4952.0,1712.0,8.4778,63.34
110.277,measure,4952.0,1712.0,8.4778,63.56
110.377,measure,4952.0,1712.0,8.4778,63.44
110.477,measure,4952.0,1712.0,8.4778,63.66
110.577,measure,4952.0,1712.0,8.4778,63.56
110.678,measure,4952.0,1720.0,8.5174,63.50
110.778,measure,4952.0,1720.0,8.5174,63.81
110.878,measure,4952.0,1720.0,8.5174,63.66
110.978,measure,4952.0,1720.0,8.5174,63.56
111.078,measure,4952.0,1720.0,8.5174,63.81
111.178,measure,4952.0,1720.0,8.5174,63.75
111.278,measure,4952.0,1720.0,8.5174,63.47
111.379,measure,4952.0,1712.0,8.4778,63.56
111.480,measure,4952.0,1712.0,8.4778,63.47
111.580,measure,4952.0,1712.0,8.4778,63.41
111.680,measure,4952.0,1704.0,8.4382,63.53
111.780,measure,4952.0,1704.0,8.4382,63.44
111.880,measure,4952.0,1696.0,8.3986,63.56
111.980,measure,4952.0,1696.0,8.3986,63.41
112.080,measure,4952.0,1696.0,8.3986,63.34
112.181,measure,4952.0,1704.0,8.4382,63.56
112.281,measure,4952.0,1712.0,8.4778,63.56
112.381,measure,4952.0,1712.0,8.4778,63.44
112.481,measure,4952.0,1712.0,8.4778,63.72
112.581,measure,4952.0,1720.0,8.5174,63.66
112.681,measure,4952.0,1720.0,8.5174,63.50
112.782,measure,4952.0,1720.0,8.5174,63.88
112.882,measure,4952.0,1720.0,8.5174,63.72
112.982,measure,4952.0,1728.0,8.5571,63.62
113.083,measure,4952.0,1720.0,8.5174,63.53
113.183,measure,4952.0,1720.0,8.5174,63.47
113.283,measure,4952.0,1712.0,8.4778,63.59
113.383,measure,4952.0,1712.0,8.4778,63.53
113.484,measure,4952.0,1704.0,8.4382,63.47
113.584,measure,4952.0,1712.0,8.4778,63.59
113.684,measure,4952.0,1712.0,8.4778,63.47
113.784,measure,4952.0,1712.0,8.4778,63.81
113.884,measure,4952.0,1704.0,8.4382,63.66
113.984,measure,4952.0,1720.0,8.5174,63.66
114.084,measure,4952.0,1720.0,8.5174,63.44
114.185,measure,4952.0,1720.0,8.5174,63.81
114.285,measure,4952.0,1720.0,8.5174,63.72
114.385,measure,4952.0,1728.0,8.5571,63.47
114.485,measure,4952.0,1728.0,8.5571,63.56
114.585,measure,4952.0,1728.0,8.5571,63.59
114.685,measure,4952.0,1720.0,8.5174,63.56
114.786,measure,4952.0,1720.0,8.5174,63.66
114.886,measure,4952.0,1712.0,8.4778,63.62
114.986,measure,4952.0,1712.0,8.4778,63.75
115.086,measure,4952.0,1712.0,8.4778,63.56
115.187,measure,4952.0,1704.0,8.4382,63.78
115.287,measure,4952.0,1704.0,8.4382,63.69
115.387,measure,4952.0,1704.0,8.4382,63.56
115.487,measure,4952.0,1704.0,8.4382,63.34
115.587,measure,4952.0,1696.0,8.3986,63.66
115.687,measure,4952.0,1696.0,8.3986,63.50
115.787,measure,4952.0,1696.0,8.3986,63.34
115.888,measure,4952.0,1696.0,8.3986,63.69
115.988,measure,4952.0,1704.0,8.4382,63.44
116.088,measure,4952.0,1704.0,8.4382,63.34
116.188,measure,4952.0,1704.0,8.4382,63.56
116.288,measure,4952.0,1704.0,8.4382,63.53
116.388,measure,4952.0,1704.0,8.4382,63.38
116.489,measure,4952.0,1712.0,8.4778,63.62
116.589,measure,4952.0,1712.0,8.4778,63.56
116.689,measure,4952.0,1720.0,8.5174,63.72
116.789,measure,4952.0,1720.0,8.5174,63.66
116.889,measure,4952.0,1720.0,8.5174,63.66
116.989,measure,4952.0,1720.0,8.5174,63.84
117.089,measure,4952.0,1728.0,8.5571,63.81
117.190,measure,4952.0,1720.0,8.5174,63.69
117.290,measure,4952.0,1720.0,8.5174,63.88
117.390,measure,4952.0,1712.0,8.4778,63.81
117.490,measure,4952.0,1712.0,8.4778,63.53
117.590,measure,4952.0,1712.0,8.4778,63.91
117.691,measure,4952.0,1704.0,8.4382,63.53
117.791,measure,4952.0,1704.0,8.4382,63.44
117.891,measure,4952.0,1704.0,8.4382,63.50
117.991,measure,4952.0,1704.0,8.4382,63.47
118.091,measure,4952.0,1720.0,8.5174,63.53
118.191,measure,4952.0,1720.0,8.5174,63.56
118.292,measure,4952.0,1720.0,8.5174,63.59
118.392,measure,4952.0,1720.0,8.5174,63.72
118.492,measure,4952.0,1712.0,8.4778,63.72
118.592,measure,4952.0,1720.0,8.5174,63.59
118.692,measure,4952.0,1720.0,8.5174,63.81
118.792,measure,4952.0,1720.0,8.5174,63.81
118.892,measure,4952.0,1728.0,8.5571,63.59
118.993,measure,4952.0,1720.0,8.5174,63.97
119.093,measure,4952.0,1720.0,8.5174,63.84
119.193,measure,4952.0,1720.0,8.5174,63.62
119.293,measure,4952.0,1720.0,8.5174,63.59
119.393,measure,4952.0,1720.0,8.5174,63.56
119.493,measure,4952.0,1712.0,8.4778,63.50
119.593,measure,4952.0,1712.0,8.4778,63.53
119.694,measure,4952.0,1720.0,8.5174,63.50
119.794,measure,4952.0,1712.0,8.4778,63.41
119.894,measure,4952.0,1720.0,8.5174,63.66
119.994,measure,4952.0,1728.0,8.5571,63.62
120.094,measure,4952.0,1736.0,8.5967,63.91
120.194,measure,4952.0,1744.0,8.6363,63.78
120.294,measure,4952.0,1736.0,8.5967,63.78
120.395,measure,4952.0,1728.0,8.5571,64.06
120.495,measure,4952.0,1728.0,8.5571,63.81
120.595,measure,4952.0,1720.0,8.5174,63.56
120.695,measure,4952.0,1712.0,8.4778,63.91
120.796,measure,4952.0,1712.0,8.4778,63.78
120.896,measure,4952.0,1704.0,8.4382,63.50
120.996,measure,4952.0,1704.0,8.4382,63.53
121.096,measure,4952.0,1696.0,8.3986,63.53
121.196,measure,4952.0,1696.0,8.3986,63.62
121.296,measure,4952.0,1696.0,8.3986,63.56
121.397,measure,4952.0,1712.0,8.4778,63.56
121.497,measure,4952.0,1712.0,8.4778,63.72
121.597,measure,4952.0,1728.0,8.5571,63.78
121.697,measure,4952.0,1728.0,8.5571,63.75
121.797,measure,4952.0,1728.0,8.5571,63.91
121.897,measure,4952.0,1736.0,8.5967,63.81
121.997,measure,4952.0,1736.0,8.5967,63.81
122.098,measure,4952.0,1728.0,8.5571,63.94
122.199,measure,4952.0,1720.0,8.5174,63.81
122.299,measure,4952.0,1712.0,8.4778,63.50
122.399,measure,4952.0,1712.0,8.4778,63.50
122.499,measure,4952.0,1704.0,8.4382,63.50
122.599,measure,4952.0,1712.0,8.4778,63.50
122.699,measure,4952.0,1704.0,8.4382,63.59
122.799,measure,4952.0,1712.0,8.4778,63.50
122.900,measure,4952.0,1704.0,8.4382,63.56
123.000,measure,4952.0,1704.0,8.4382,63.78
123.100,measure,4952.0,1712.0,8.4778,63.59
123.200,measure,4952.0,1704.0,8.4382,63.81
123.300,measure,4952.0,1712.0,8.4778,63.75
123.400,measure,4952.0,1712.0,8.4778,63.72
123.501,measure,4952.0,1712.0,8.4778,64.00
123.601,measure,4952.0,1720.0,8.5174,63.88
123.701,measure,4952.0,1728.0,8.5571,63.59
123.801,measure,4952.0,1720.0,8.5174,63.88
123.901,measure,4952.0,1720.0,8.5174,63.84
124.002,measure,4952.0,1712.0,8.4778,63.53
124.102,measure,4952.0,1712.0,8.4778,63.62
124.202,measure,4952.0,1704.0,8.4382,63.59
124.302,measure,4952.0,1704.0,8.4382,63.53
124.402,measure,4952.0,1696.0,8.3986,63.56
124.502,measure,4952.0,1696.0,8.3986,63.50
124.602,measure,4952.0,1704.0,8.4382,63.50
124.703,measure,4952.0,1704.0,8.4382,63.66
124.803,measure,4952.0,1704.0,8.4382,63.62
124.903,measure,4952.0,1704.0,8.4382,63.84
125.003,measure,4952.0,1704.0,8.4382,63.72
125.103,measure,4952.0,1704.0,8.4382,63.69
125.203,measure,4952.0,1712.0,8.4778,63.88
125.304,measure,4952.0,1712.0,8.4778,63.81
125.404,measure,4952.0,1712.0,8.4778,63.62
125.504,measure,4952.0,1720.0,8.5174,63.66
125.604,measure,4952.0,1720.0,8.5174,63.91
125.704,measure,4952.0,1728.0,8.5571,63.62
125.805,measure,4952.0,1720.0,8.5174,63.66
125.905,measure,4952.0,1720.0,8.5174,63.53
126.005,measure,4952.0,1712.0,8.4778,63.56
126.105,measure,4952.0,1704.0,8.4382,63.62
126.205,measure,4952.0,1704.0,8.4382,63.56
126.305,measure,4952.0,1696.0,8.3986,63.78
126.405,measure,4952.0,1696.0,8.3986,63.69
126.506,measure,4952.0,1704.0,8.4382,63.56
126.606,measure,4952.0,1712.0,8.4778,63.88
126.706,measure,4952.0,1720.0,8.5174,63.81
126.806,measure,4952.0,1736.0,8.5967,63.81
126.906,measure,4952.0,1744.0,8.6363,64.06
127.006,measure,4952.0,1736.0,8.5967,64.00
127.107,measure,4952.0,1728.0,8.5571,63.66
127.207,measure,4952.0,1720.0,8.5174,63.72
127.307,measure,4952.0,1720.0,8.5174,63.66
127.407,measure,4952.0,1712.0,8.4778,63.59
127.508,measure,4952.0,1712.0,8.4778,63.62
127.608,measure,4952.0,1704.0,8.4382,63.56
127.708,measure,4952.0,1704.0,8.4382,63.66
127.808,measure,4952.0,1704.0,8.4382,63.66
127.908,measure,4952.0,1696.0,8.3986,63.66
128.009,measure,4952.0,1704.0,8.4382,63.75
128.109,measure,4952.0,1704.0,8.4382,63.78
128.209,measure,4952.0,1704.0,8.4382,63.66
128.309,measure,4952.0,1712.0,8.4778,63.91
128.409,measure,4952.0,1704.0,8.4382,63.81
128.509,measure,4952.0,1712.0,8.4778,63.56
128.609,measure,4952.0,1712.0,8.4778,63.69
128.710,measure,4952.0,1720.0,8.5174,63.94
128.810,measure,4952.0,1720.0,8.5174,63.81
128.910,measure,4952.0,1728.0,8.5571,63.66
129.010,measure,4952.0,1728.0,8.5571,63.81
129.110,measure,4952.0,1728.0,8.5571,63.75
129.211,measure,4952.0,1720.0,8.5174,63.72
129.311,measure,4952.0,1712.0,8.4778,63.75
129.411,measure,4952.0,1712.0,8.4778,63.81
129.511,measure,4952.0,1712.0,8.4778,63.78
129.611,measure,4952.0,1704.0,8.4382,63.69
129.712,measure,4952.0,1704.0,8.4382,63.88
129.812,measure,4952.0,1704.0,8.4382,63.81
129.912,measure,4952.0,1704.0,8.4382,63.62
130.012,measure,4952.0,1704.0,8.4382,63.91
130.112,measure,4952.0,1712.0,8.4778,63.84
130.212,measure,4952.0,1712.0,8.4778,63.66
130.313,measure,4952.0,1712.0,8.4778,63.66
130.413,measure,4952.0,1720.0,8.5174,63.91
130.513,measure,4952.0,1720.0,8.5174,63.75
130.613,measure,4952.0,1720.0,8.5174,63.72
130.713,measure,4952.0,1728.0,8.5571,63.78
130.813,measure,4952.0,1728.0,8.5571,63.75
130.913,measure,4952.0,1728.0,8.5571,63.81
131.014,measure,4952.0,1720.0,8.5174,64.00
131.114,measure,4952.0,1720.0,8.5174,63.91
131.214,measure,4952.0,1712.0,8.4778,63.81
131.314,measure,4952.0,1712.0,8.4778,63.72
131.415,measure,4952.0,1704.0,8.4382,63.81
131.515,measure,4952.0,1704.0,8.4382,63.78
131.615,measure,4952.0,1696.0,8.3986,63.69
131.715,measure,4952.0,1704.0,8.4382,63.91
131.815,measure,4952.0,1704.0,8.4382,63.84
131.915,measure,4952.0,1704.0,8.4382,63.53
132.016,measure,4952.0,1712.0,8.4778,63.75
132.116,measure,4952.0,1712.0,8.4778,63.62
132.216,measure,4952.0,1712.0,8.4778,63.75
132.316,measure,4952.0,1720.0,8.5174,63.84
132.416,measure,4952.0,1720.0,8.5174,63.81
132.517,measure,4952.0,1720.0,8.5174,63.97
132.617,measure,4952.0,1728.0,8.5571,63.91
132.717,measure,4952.0,1728.0,8.5571,63.78
132.817,measure,4952.0,1728.0,8.5571,64.03
132.917,measure,4952.0,1720.0,8.5174,63.97
133.017,measure,4952.0,1712.0,8.4778,63.66
133.118,measure,4952.0,1712.0,8.4778,64.00
133.218,measure,4952.0,1712.0,8.4778,64.00
133.318,measure,4952.0,1712.0,8.4778,63.66
133.418,measure,4952.0,1704.0,8.4382,63.66
133.518,measure,4952.0,1704.0,8.4382,63.91
133.618,measure,4952.0,1704.0,8.4382,63.62
133.718,measure,4952.0,1704.0,8.4382,63.59
133.819,measure,4952.0,1696.0,8.3986,63.72
133.919,measure,4952.0,1696.0,8.3986,63.59
134.019,measure,4952.0,1696.0,8.3986,63.69
134.119,measure,4952.0,1696.0,8.3986,63.56
134.219,measure,4952.0,1696.0,8.3986,63.75
134.319,measure,4952.0,1696.0,8.3986,63.75
134.420,measure,4952.0,1696.0,8.3986,63.72
134.520,measure,4952.0,1704.0,8.4382,63.97
134.620,measure,4952.0,1712.0,8.4778,63.84
134.720,measure,4952.0,1712.0,8.4778,63.84
134.820,measure,4952.0,1712.0,8.4778,64.06
134.920,measure,4952.0,1728.0,8.5571,64.06
135.020,measure,4952.0,1736.0,8.5967,63.81
135.121,measure,4952.0,1728.0,8.5571,63.81
135.221,measure,4952.0,1720.0,8.5174,63.81
135.322,measure,4952.0,1720.0,8.5174,63.75
135.422,measure,4952.0,1712.0,8.4778,63.72
135.522,measure,4952.0,1712.0,8.4778,63.75
135.622,measure,4952.0,1712.0,8.4778,63.84
135.723,measure,4952.0,1704.0,8.4382,63.75
135.823,measure,4952.0,1704.0,8.4382,63.72
135.923,measure,4952.0,1696.0,8.3986,63.88
136.024,measure,4952.0,1696.0,8.3986,63.78
136.124,measure,4952.0,1712.0,8.4778,63.62
136.224,measure,4952.0,1712.0,8.4778,63.97
136.324,measure,4952.0,1728.0,8.5571,64.03
136.425,measure,4952.0,1728.0,8.5571,63.75
136.525,measure,4952.0,1744.0,8.6363,63.81
136.625,measure,4952.0,1736.0,8.5967,63.81
136.726,measure,4952.0,1736.0,8.5967,63.94
136.827,measure,4952.0,1728.0,8.5571,63.81
136.927,measure,4952.0,1720.0,8.5174,63.97
137.027,measure,4952.0,1712.0,8.4778,63.88
137.127,measure,4952.0,1712.0,8.4778,63.81
137.227,measure,4952.0,1712.0,8.4778,63.94
137.328,measure,4952.0,1704.0,8.4382,63.84
137.428,measure,4952.0,1704.0,8.4382,63.75
137.529,measure,4952.0,1704.0,8.4382,63.62
137.629,measure,4952.0,1704.0,8.4382,63.84
137.729,measure,4952.0,1712.0,8.4778,63.72
137.830,measure,4952.0,1720.0,8.5174,63.72
137.930,measure,4952.0,1728.0,8.5571,63.88
138.030,measure,4952.0,1728.0,8.5571,63.88
138.130,measure,4952.0,1728.0,8.5571,63.94
138.230,measure,4952.0,1728.0,8.5571,63.88
138.330,measure,4952.0,1728.0,8.5571,64.06
138.431,measure,4952.0,1728.0,8.5571,64.06
138.531,measure,4952.0,1728.0,8.5571,64.03
138.631,measure,4952.0,1720.0,8.5174,64.09
138.732,measure,4952.0,1712.0,8.4778,64.03
138.832,measure,4952.0,1712.0,8.4778,63.69
138.932,measure,4952.0,1712.0,8.4778,63.69
139.032,measure,4952.0,1704.0,8.4382,64.00
139.132,measure,4952.0,1704.0,8.4382,63.59
139.233,measure,4952.0,1704.0,8.4382,63.69
139.333,measure,4952.0,1696.0,8.3986,63.72
139.433,measure,4952.0,1696.0,8.3986,63.66
139.533,measure,4952.0,1696.0,8.3986,63.69
139.633,measure,4952.0,1696.0,8.3986,63.72
139.733,measure,4952.0,1712.0,8.4778,63.78
139.833,measure,4952.0,1712.0,8.4778,63.91
139.934,measure,4952.0,1712.0,8.4778,63.81
140.034,measure,4952.0,1712.0,8.4778,64.00
140.134,measure,4952.0,1712.0,8.4778,63.91
140.234,measure,4952.0,1712.0,8.4778,63.84
140.334,measure,4952.0,1728.0,8.5571,64.12
140.435,measure,4952.0,1736.0,8.5967,64.03
140.535,measure,4952.0,1736.0,8.5967,63.88
140.635,measure,4952.0,1728.0,8.5571,63.84
140.735,measure,4952.0,1720.0,8.5174,63.84
140.835,measure,4952.0,1720.0,8.5174,63.88
140.936,measure,4952.0,1712.0,8.4778,63.81
141.036,measure,4952.0,1712.0,8.4778,63.81
141.136,measure,4952.0,1712.0,8.4778,63.81
141.236,measure,4952.0,1704.0,8.4382,63.81
141.337,measure,4952.0,1704.0,8.4382,63.69
141.437,measure,4952.0,1704.0,8.4382,63.88
141.537,measure,4952.0,1712.0,8.4778,63.88
141.637,measure,4952.0,1704.0,8.4382,63.72
141.737,measure,4952.0,1712.0,8.4778,64.00
141.838,measure,4952.0,1712.0,8.4778,63.91
141.938,measure,4952.0,1712.0,8.4778,63.69
142.038,measure,4952.0,1712.0,8.4778,64.16
142.138,measure,4952.0,1720.0,8.5174,63.84
142.238,measure,4952.0,1712.0,8.4778,63.81
142.338,measure,4952.0,1720.0,8.5174,63.78
142.438,measure,4952.0,1736.0,8.5967,63.88
142.539,measure,4952.0,1736.0,8.5967,64.06
142.639,measure,4952.0,1728.0,8.5571,63.88
142.739,measure,4952.0,1728.0,8.5571,63.81
142.839,measure,4952.0,1720.0,8.5174,63.84
142.939,measure,4952.0,1712.0,8.4778,63.84
143.040,measure,4952.0,1712.0,8.4778,63.78
143.140,measure,4952.0,1704.0,8.4382,63.91
143.240,measure,4952.0,1704.0,8.4382,63.81
143.340,measure,4952.0,1704.0,8.4382,63.72
143.440,measure,4952.0,1704.0,8.4382,64.06
143.540,measure,4952.0,1704.0,8.4382,63.88
143.640,measure,4952.0,1704.0,8.4382,63.75
143.741,measure,4952.0,1704.0,8.4382,63.66
143.841,measure,4952.0,1704.0,8.4382,63.97
143.941,measure,4952.0,1712.0,8.4778,63.75
144.041,measure,4952.0,1728.0,8.5571,63.84
144.141,measure,4952.0,1728.0,8.5571,63.88
144.241,measure,4952.0,1736.0,8.5967,63.91
144.341,measure,4952.0,1728.0,8.5571,64.00
144.442,measure,4952.0,1728.0,8.5571,63.91
144.542,measure,4952.0,1720.0,8.5174,64.00
144.642,measure,4952.0,1712.0,8.4778,63.97
144.742,measure,4952.0,1712.0,8.4778,63.84
144.842,measure,4952.0,1704.0,8.4382,64.03
144.943,measure,4952.0,1704.0,8.4382,63.91
145.043,measure,4952.0,1704.0,8.4382,63.91
145.143,measure,4952.0,1696.0,8.3986,64.09
145.243,measure,4952.0,1696.0,8.3986,63.88
145.343,measure,4952.0,1696.0,8.3986,63.69
145.443,measure,4952.0,1704.0,8.4382,63.66
145.543,measure,4952.0,1704.0,8.4382,63.81
145.644,measure,4952.0,1704.0,8.4382,63.69
145.744,measure,4952.0,1704.0,8.4382,63.72
145.844,measure,4952.0,1704.0,8.4382,63.81
145.944,measure,4952.0,1704.0,8.4382,63.81
146.044,measure,4952.0,1712.0,8.4778,63.94
146.144,measure,4952.0,1704.0,8.4382,63.91
146.244,measure,4952.0,1712.0,8.4778,63.88
146.345,measure,4952.0,1712.0,8.4778,64.03
146.445,measure,4952.0,1712.0,8.4778,63.91
146.545,measure,4952.0,1720.0,8.5174,64.25
146.645,measure,4952.0,1720.0,8.5174,64.09
146.745,measure,4952.0,1720.0,8.5174,64.00
146.845,measure,4952.0,1720.0,8.5174,63.81
146.945,measure,4952.0,1720.0,8.5174,64.12
147.046,measure,4952.0,1712.0,8.4778,63.88
147.147,measure,4952.0,1712.0,8.4778,63.91
147.247,measure,4952.0,1712.0,8.4778,63.81
147.347,measure,4952.0,1704.0,8.4382,63.69
147.447,measure,4952.0,1704.0,8.4382,63.81
147.547,measure,4952.0,1696.0,8.3986,63.78
147.648,measure,4952.0,1696.0,8.3986,63.72
147.748,measure,4952.0,1696.0,8.3986,63.84
147.848,measure,4952.0,1696.0,8.3986,63.81
147.948,measure,4952.0,1704.0,8.4382,63.91
148.048,measure,4952.0,1704.0,8.4382,63.94
148.148,measure,4952.0,1704.0,8.4382,63.88
148.249,measure,4952.0,1704.0,8.4382,64.12
148.349,measure,4952.0,1728.0,8.5571,64.03
148.449,measure,4952.0,1728.0,8.5571,63.97
148.549,measure,4952.0,1736.0,8.5967,63.91
148.649,measure,4952.0,1728.0,8.5571,63.94
148.750,measure,4952.0,1728.0,8.5571,63.91
148.850,measure,4952.0,1720.0,8.5174,63.97
148.950,measure,4952.0,1720.0,8.5174,63.84
149.050,measure,4952.0,1712.0,8.4778,63.81
149.150,measure,4952.0,1712.0,8.4778,63.84
149.251,measure,4952.0,1704.0,8.4382,63.84
149.351,measure,4952.0,1704.0,8.4382,64.03
149.451,measure,4952.0,1712.0,8.4778,63.84
149.551,measure,4952.0,1712.0,8.4778,63.84
149.651,measure,4952.0,1704.0,8.4382,63.97
149.751,measure,4952.0,1704.0,8.4382,63.94
149.852,measure,4952.0,1704.0,8.4382,63.97
149.952,measure,4952.0,1712.0,8.4778,63.94
150.052,measure,4952.0,1712.0,8.4778,63.94
150.152,measure,4952.0,1712.0,8.4778,63.78
150.252,measure,4952.0,1712.0,8.4778,63.81
150.352,measure,4952.0,1712.0,8.4778,63.97
150.453,measure,4952.0,1720.0,8.5174,63.91
150.553,measure,4952.0,1720.0,8.5174,64.03
150.653,measure,4952.0,1720.0,8.5174,63.94
150.753,measure,4952.0,1728.0,8.5571,63.97
150.853,measure,4952.0,1720.0,8.5174,64.06
150.953,measure,4952.0,1720.0,8.5174,63.94
151.053,measure,4952.0,1720.0,8.5174,64.12
151.154,measure,4952.0,1712.0,8.4778,63.97
151.254,measure,4952.0,1712.0,8.4778,64.03
151.354,measure,4952.0,1704.0,8.4382,64.12
151.454,measure,4952.0,1704.0,8.4382,64.03
151.555,measure,4952.0,1696.0,8.3986,63.78
151.655,measure,4952.0,1696.0,8.3986,63.75
151.755,measure,4952.0,1696.0,8.3986,64.00
151.855,measure,4952.0,1696.0,8.3986,63.72
151.955,measure,4952.0,1704.0,8.4382,63.72
152.055,measure,4952.0,1704.0,8.4382,63.78
152.156,measure,4952.0,1704.0,8.4382,63.72
152.256,measure,4952.0,1704.0,8.4382,63.88
152.356,measure,4952.0,1712.0,8.4778,63.97
152.456,measure,4952.0,1712.0,8.4778,64.16
152.557,measure,4952.0,1712.0,8.4778,64.09
152.657,measure,4952.0,1720.0,8.5174,64.00
152.757,measure,4952.0,1728.0,8.5571,64.19
152.857,measure,4952.0,1728.0,8.5571,64.09
152.957,measure,4952.0,1728.0,8.5571,64.09
153.057,measure,4952.0,1728.0,8.5571,63.88
153.157,measure,4952.0,1728.0,8.5571,64.28
153.258,measure,4952.0,1720.0,8.5174,63.97
153.358,measure,4952.0,1720.0,8.5174,63.94
153.458,measure,4952.0,1720.0,8.5174,63.84
153.558,measure,4952.0,1712.0,8.4778,63.78
153.658,measure,4952.0,1704.0,8.4382,63.81
153.758,measure,4952.0,1704.0,8.4382,63.78
153.859,measure,4952.0,1696.0,8.3986,63.78
153.959,measure,4952.0,1704.0,8.4382,63.88
154.059,measure,4952.0,1704.0,8.4382,63.81
154.159,measure,4952.0,1704.0,8.4382,64.00
154.259,measure,4952.0,1712.0,8.4778,63.94
154.359,measure,4952.0,1704.0,8.4382,63.97
154.459,measure,4952.0,1712.0,8.4778,64.22
154.560,measure,4952.0,1712.0,8.4778,64.03
154.660,measure,4952.0,1712.0,8.4778,64.06
154.760,measure,4952.0,1736.0,8.5967,64.00
154.860,measure,4952.0,1736.0,8.5967,64.16
154.960,measure,4952.0,1728.0,8.5571,64.03
155.060,measure,4952.0,1728.0,8.5571,64.03
155.160,measure,4952.0,1720.0,8.5174,64.00
155.261,measure,4952.0,1720.0,8.5174,63.91
155.361,measure,4952.0,1712.0,8.4778,63.97
155.461,measure,4952.0,1712.0,8.4778,63.88
155.561,measure,4952.0,1704.0,8.4382,63.84
155.661,measure,4952.0,1704.0,8.4382,63.97
155.761,measure,4952.0,1704.0,8.4382,63.81
155.862,measure,4952.0,1696.0,8.3986,63.88
155.962,measure,4952.0,1696.0,8.3986,63.91
156.062,measure,4952.0,1704.0,8.4382,63.91
156.162,measure,4952.0,1704.0,8.4382,64.16
156.262,measure,4952.0,1704.0,8.4382,64.03
156.362,measure,4952.0,1704.0,8.4382,63.97
156.462,measure,4952.0,1712.0,8.4778,63.81
156.563,measure,4952.0,1712.0,8.4778,64.16
156.663,measure,4952.0,1712.0,8.4778,63.97
156.763,measure,4952.0,1720.0,8.5174,63.84
156.863,measure,4952.0,1728.0,8.5571,63.97
156.963,measure,4952.0,1720.0,8.5174,63.97
157.063,measure,4952.0,1728.0,8.5571,63.88
157.164,measure,4952.0,1728.0,8.5571,64.00
157.264,measure,4952.0,1728.0,8.5571,64.16
157.364,measure,4952.0,1720.0,8.5174,64.16
157.464,measure,4952.0,1720.0,8.5174,64.03
157.564,measure,4952.0,1712.0,8.4778,64.19
157.664,measure,4952.0,1712.0,8.4778,63.94
157.764,measure,4952.0,1704.0,8.4382,63.94
157.865,measure,4952.0,1696.0,8.3986,63.72
157.965,measure,4952.0,1704.0,8.4382,64.00
158.065,measure,4952.0,1712.0,8.4778,63.97
158.165,measure,4952.0,1720.0,8.5174,63.88
158.265,measure,4952.0,1720.0,8.5174,64.12
158.365,measure,4952.0,1720.0,8.5174,63.91
158.466,measure,4952.0,1720.0,8.5174,63.88
158.566,measure,4952.0,1720.0,8.5174,64.06
158.666,measure,4952.0,1720.0,8.5174,63.97
158.766,measure,4952.0,1728.0,8.5571,63.97
158.866,measure,4952.0,1728.0,8.5571,64.16
158.966,measure,4952.0,1728.0,8.5571,64.00
159.066,measure,4952.0,1728.0,8.5571,64.19
159.166,measure,4952.0,1728.0,8.5571,64.09
159.267,measure,4952.0,1720.0,8.5174,64.25
159.367,measure,4952.0,1720.0,8.5174,64.09
159.467,measure,4952.0,1712.0,8.4778,63.94
159.567,measure,4952.0,1712.0,8.4778,63.72
159.667,measure,4952.0,1704.0,8.4382,64.03
159.768,measure,4952.0,1704.0,8.4382,63.94
159.868,measure,4952.0,1704.0,8.4382,63.84
159.968,measure,4952.0,1712.0,8.4778,64.12
160.068,measure,4952.0,1712.0,8.4778,63.84
160.168,measure,4952.0,1712.0,8.4778,63.91
160.268,measure,4952.0,1712.0,8.4778,63.97
160.369,measure,4952.0,1712.0,8.4778,63.88
160.469,measure,4952.0,1728.0,8.5571,64.00
160.569,measure,4952.0,1736.0,8.5967,64.19
160.669,measure,4952.0,1736.0,8.5967,64.03
160.769,measure,4952.0,1736.0,8.5967,64.22
160.869,measure,4952.0,1728.0,8.5571,64.19
160.969,measure,4952.0,1720.0,8.5174,63.88
161.070,measure,4952.0,1720.0,8.5174,64.25
161.170,measure,4952.0,1720.0,8.5174,64.19
161.270,measure,4952.0,1712.0,8.4778,63.81
161.370,measure,4952.0,1712.0,8.4778,64.19
161.470,measure,4952.0,1704.0,8.4382,64.03
161.570,measure,4952.0,1704.0,8.4382,63.75
161.671,measure,4952.0,1696.0,8.3986,63.81
161.771,measure,4952.0,1704.0,8.4382,63.88
161.871,measure,4952.0,1712.0,8.4778,63.88
161.971,measure,4952.0,1712.0,8.4778,63.94
162.071,measure,4952.0,1712.0,8.4778,63.91
162.171,measure,4952.0,1720.0,8.5174,63.81
162.271,measure,4952.0,1712.0,8.4778,64.03
162.372,measure,4952.0,1720.0,8.5174,63.88
162.472,measure,4952.0,1720.0,8.5174,64.22
162.572,measure,4952.0,1720.0,8.5174,64.19
162.672,measure,4952.0,1720.0,8.5174,64.06
162.772,measure,4952.0,1736.0,8.5967,64.22
162.872,measure,4952.0,1728.0,8.5571,64.22
162.972,measure,4952.0,1728.0,8.5571,63.91
163.073,measure,4952.0,1720.0,8.5174,64.25
163.173,measure,4952.0,1720.0,8.5174,64.16
163.273,measure,4952.0,1712.0,8.4778,63.75
163.373,measure,4952.0,1704.0,8.4382,63.94
163.473,measure,4952.0,1704.0,8.4382,63.91
163.573,measure,4952.0,1704.0,8.4382,63.88
163.674,measure,4952.0,1704.0,8.4382,63.91
163.774,measure,4952.0,1704.0,8.4382,63.91
163.874,measure,4952.0,1704.0,8.4382,63.84
163.974,measure,4952.0,1712.0,8.4778,64.06
164.074,measure,4952.0,1712.0,8.4778,63.97
164.174,measure,4952.0,1712.0,8.4778,64.25
164.274,measure,4952.0,1712.0,8.4778,64.12
164.375,measure,4952.0,1712.0,8.4778,64.03
164.475,measure,4952.0,1736.0,8.5967,64.31
164.575,measure,4952.0,1728.0,8.5571,64.19
164.675,measure,4952.0,1728.0,8.5571,64.00
164.775,measure,4952.0,1720.0,8.5174,64.06
164.876,measure,4952.0,1720.0,8.5174,63.97
164.977,measure,4952.0,1712.0,8.4778,63.88
165.077,measure,4952.0,1712.0,8.4778,63.97
165.177,measure,4952.0,1704.0,8.4382,63.94
165.277,measure,4952.0,1704.0,8.4382,64.03
165.377,measure,4952.0,1704.0,8.4382,63.91
165.477,measure,4952.0,1696.0,8.3986,63.88
165.577,measure,4952.0,1696.0,8.3986,63.97
165.678,measure,4952.0,1696.0,8.3986,63.91
165.778,measure,4952.0,1696.0,8.3986,63.81
165.878,measure,4952.0,1704.0,8.4382,64.16
165.978,measure,4952.0,1704.0,8.4382,64.03
166.078,measure,4952.0,1704.0,8.4382,63.84
166.178,measure,4952.0,1712.0,8.4778,64.22
166.279,measure,4952.0,1728.0,8.5571,64.19
166.379,measure,4952.0,1728.0,8.5571,63.97
166.479,measure,4952.0,1744.0,8.6363,64.06
166.579,measure,4952.0,1736.0,8.5967,64.06
166.679,measure,4952.0,1736.0,8.5967,63.94
166.779,measure,4952.0,1728.0,8.5571,64.00
166.879,measure,4952.0,1720.0,8.5174,63.94
166.979,measure,4952.0,1720.0,8.5174,63.91
167.080,measure,4952.0,1712.0,8.4778,63.91
167.180,measure,4952.0,1720.0,8.5174,64.00
167.280,measure,4952.0,1720.0,8.5174,64.19
167.380,measure,4952.0,1720.0,8.5174,64.12
167.480,measure,4952.0,1720.0,8.5174,64.03
167.580,measure,4952.0,1720.0,8.5174,64.25
167.680,measure,4952.0,1720.0,8.5174,64.16
167.781,measure,4952.0,1720.0,8.5174,64.19
167.881,measure,4952.0,1720.0,8.5174,64.00
167.981,measure,4952.0,1728.0,8.5571,64.28
168.081,measure,4952.0,1728.0,8.5571,63.97
168.181,measure,4952.0,1728.0,8.5571,64.00
168.281,measure,4952.0,1720.0,8.5174,64.09
168.381,measure,4952.0,1720.0,8.5174,64.03
168.482,measure,4952.0,1720.0,8.5174,64.03
168.582,measure,4952.0,1712.0,8.4778,63.88
168.682,measure,4952.0,1712.0,8.4778,63.81
168.782,measure,4952.0,1720.0,8.5174,63.97
168.882,measure,4952.0,1720.0,8.5174,64.06
168.982,measure,4952.0,1728.0,8.5571,64.28
169.082,measure,4952.0,1728.0,8.5571,64.22
169.183,measure,4952.0,1728.0,8.5571,64.16
169.283,measure,4952.0,1728.0,8.5571,64.31
169.383,measure,4952.0,1728.0,8.5571,64.25
169.483,measure,4952.0,1728.0,8.5571,64.16
169.583,measure,4952.0,1728.0,8.5571,63.94
169.683,measure,4952.0,1728.0,8.5571,64.28
169.783,measure,4952.0,1728.0,8.5571,64.09
169.884,measure,4952.0,1728.0,8.5571,64.00
169.984,measure,4952.0,1720.0,8.5174,64.03
170.084,measure,4952.0,1712.0,8.4778,63.97
170.184,measure,4952.0,1712.0,8.4778,64.03
170.284,measure,4952.0,1704.0,8.4382,64.00
170.384,measure,4952.0,1704.0,8.4382,64.12
170.485,measure,4952.0,1704.0,8.4382,64.03
170.585,measure,4952.0,1696.0,8.3986,63.91
170.685,measure,4952.0,1696.0,8.3986,63.81
170.785,measure,4952.0,1696.0,8.3986,63.97
170.885,measure,4952.0,1696.0,8.3986,63.97
170.985,measure,4952.0,1696.0,8.3986,64.00
171.085,measure,4952.0,1704.0,8.4382,64.03
171.186,measure,4952.0,1704.0,8.4382,64.00
171.286,measure,4952.0,1712.0,8.4778,63.94
171.386,measure,4952.0,1728.0,8.5571,64.31
171.486,measure,4952.0,1728.0,8.5571,64.03
171.586,measure,4952.0,1728.0,8.5571,63.94
171.686,measure,4952.0,1728.0,8.5571,64.12
171.787,measure,4952.0,1728.0,8.5571,64.09
171.887,measure,4952.0,1728.0,8.5571,64.06
171.987,measure,4952.0,1728.0,8.5571,64.12
172.087,measure,4952.0,1728.0,8.5571,64.16
172.187,measure,4952.0,1720.0,8.5174,64.12
172.287,measure,4952.0,1720.0,8.5174,63.97
172.387,measure,4952.0,1720.0,8.5174,64.16
172.488,measure,4952.0,1712.0,8.4778,64.12
172.588,measure,4952.0,1704.0,8.4382,64.00
172.688,measure,4952.0,1704.0,8.4382,63.94
172.788,measure,4952.0,1696.0,8.3986,64.12
172.888,measure,4952.0,1712.0,8.4778,64.12
172.988,measure,4952.0,1712.0,8.4778,63.91
173.088,measure,4952.0,1712.0,8.4778,64.31
173.189,measure,4952.0,1720.0,8.5174,64.03
173.289,measure,4952.0,1736.0,8.5967,64.00
173.389,measure,4952.0,1736.0,8.5967,64.16
173.489,measure,4952.0,1744.0,8.6363,64.19
173.589,measure,4952.0,1736.0,8.5967,64.19
173.689,measure,4952.0,1728.0,8.5571,64.12
173.790,measure,4952.0,1728.0,8.5571,64.03
173.890,measure,4952.0,1720.0,8.5174,64.09
173.990,measure,4952.0,1720.0,8.5174,64.06
174.090,measure,4952.0,1712.0,8.4778,64.19
174.190,measure,4952.0,1712.0,8.4778,64.12
174.290,measure,4952.0,1704.0,8.4382,64.03
174.390,measure,4952.0,1704.0,8.4382,63.97
174.491,measure,4952.0,1704.0,8.4382,64.19
174.591,measure,4952.0,1704.0,8.4382,64.03
174.691,measure,4952.0,1704.0,8.4382,63.88
174.791,measure,4952.0,1704.0,8.4382,63.91
174.891,measure,4952.0,1704.0,8.4382,64.16
174.991,measure,4952.0,1712.0,8.4778,63.97
175.091,measure,4952.0,1712.0,8.4778,64.03
175.192,measure,4952.0,1712.0,8.4778,64.03
175.292,measure,4952.0,1720.0,8.5174,64.00
175.392,measure,4952.0,1720.0,8.5174,64.19
175.492,measure,4952.0,1720.0,8.5174,64.12
175.592,measure,4952.0,1728.0,8.5571,64.31
175.692,measure,4952.0,1728.0,8.5571,64.22
175.792,measure,4952.0,1728.0,8.5571,64.25
175.893,measure,4952.0,1720.0,8.5174,64.31
175.993,measure,4952.0,1720.0,8.5174,64.28
176.093,measure,4952.0,1720.0,8.5174,64.22
176.193,measure,4952.0,1712.0,8.4778,64.31
176.293,measure,4952.0,1712.0,8.4778,64.19
176.393,measure,4952.0,1704.0,8.4382,63.88
176.494,measure,4952.0,1704.0,8.4382,64.00
176.594,measure,4952.0,1704.0,8.4382,64.06
176.694,measure,4952.0,1696.0,8.3986,63.94
176.794,measure,4952.0,1696.0,8.3986,63.84
176.894,measure,4952.0,1696.0,8.3986,63.97
176.994,measure,4952.0,1696.0,8.3986,63.81
177.094,measure,4952.0,1696.0,8.3986,64.00
177.195,measure,4952.0,1712.0,8.4778,64.06
177.295,measure,4952.0,1712.0,8.4778,64.25
177.395,measure,4952.0,1736.0,8.5967,64.28
177.495,measure,4952.0,1728.0,8.5571,64.09
177.595,measure,4952.0,1728.0,8.5571,64.34
177.695,measure,4952.0,1736.0,8.5967,64.31
177.795,measure,4952.0,1728.0,8.5571,64.03
177.896,measure,4952.0,1728.0,8.5571,64.34
177.996,measure,4952.0,1720.0,8.5174,64.19
178.096,measure,4952.0,1720.0,8.5174,63.94
178.196,measure,4952.0,1712.0,8.4778,63.94
178.296,measure,4952.0,1712.0,8.4778,64.28
178.396,measure,4952.0,1704.0,8.4382,63.97
178.496,measure,4952.0,1696.0,8.3986,64.00
178.597,measure,4952.0,1696.0,8.3986,63.94
178.697,measure,4952.0,1704.0,8.4382,63.94
178.797,measure,4952.0,1704.0,8.4382,64.06
178.897,measure,4952.0,1704.0,8.4382,64.06
178.997,measure,4952.0,1712.0,8.4778,64.00
179.097,measure,4952.0,1712.0,8.4778,64.16
179.197,measure,4952.0,1712.0,8.4778,64.09
179.298,measure,4952.0,1712.0,8.4778,64.38
179.398,measure,4952.0,1728.0,8.5571,64.31
179.498,measure,4952.0,1728.0,8.5571,64.25
179.598,measure,4952.0,1744.0,8.6363,64.16
179.698,measure,4952.0,1728.0,8.5571,64.31
179.798,measure,4952.0,1728.0,8.5571,64.06
179.899,measure,4952.0,1720.0,8.5174,64.00
179.999,measure,4952.0,1712.0,8.4778,63.97
180.099,measure,4952.0,1712.0,8.4778,64.03
180.199,measure,4952.0,1712.0,8.4778,63.97
180.299,measure,4952.0,1704.0,8.4382,64.00
180.400,measure,4952.0,1704.0,8.4382,63.94
180.500,measure,4952.0,1696.0,8.3986,64.06
180.600,measure,4952.0,1696.0,8.3986,64.06
180.700,measure,4952.0,1696.0,8.3986,63.97
180.800,measure,4952.0,1696.0,8.3986,64.06
180.900,measure,4952.0,1704.0,8.4382,64.03
181.000,measure,4952.0,1704.0,8.4382,64.31
181.100,measure,4952.0,1704.0,8.4382,64.28
181.201,measure,4952.0,1712.0,8.4778,64.12
181.301,measure,4952.0,1712.0,8.4778,63.97
181.401,measure,4952.0,1720.0,8.5174,64.28
181.501,measure,4952.0,1720.0,8.5174,64.12
181.601,measure,4952.0,1720.0,8.5174,64.03
181.701,measure,4952.0,1728.0,8.5571,64.44
181.801,measure,4952.0,1720.0,8.5174,64.09
181.902,measure,4952.0,1728.0,8.5571,64.16
182.002,measure,4952.0,1720.0,8.5174,64.12
182.102,measure,4952.0,1712.0,8.4778,64.31
182.202,measure,4952.0,1712.0,8.4778,64.25
182.302,measure,4952.0,1712.0,8.4778,64.12
182.402,measure,4952.0,1712.0,8.4778,64.31
182.503,measure,4952.0,1704.0,8.4382,64.16
182.603,measure,4952.0,1704.0,8.4382,64.16
182.703,measure,4952.0,1704.0,8.4382,63.84
182.803,measure,4952.0,1696.0,8.3986,64.12
182.903,measure,4952.0,1696.0,8.3986,64.09
183.003,measure,4952.0,1696.0,8.3986,64.00
183.103,measure,4952.0,1696.0,8.3986,64.25
183.204,measure,4952.0,1696.0,8.3986,63.97
183.304,measure,4952.0,1704.0,8.4382,63.94
183.404,measure,4952.0,1704.0,8.4382,63.88
183.504,measure,4952.0,1704.0,8.4382,64.03
183.604,measure,4952.0,1704.0,8.4382,63.97
183.704,measure,4952.0,1712.0,8.4778,64.19
183.804,measure,4952.0,1712.0,8.4778,64.06
183.905,measure,4952.0,1712.0,8.4778,64.28
184.005,measure,4952.0,1720.0,8.5174,64.19
184.105,measure,4952.0,1720.0,8.5174,64.19
184.205,measure,4952.0,1720.0,8.5174,64.31
184.305,measure,4952.0,1736.0,8.5967,64.31
184.405,measure,4952.0,1728.0,8.5571,64.06
184.505,measure,4952.0,1720.0,8.5174,64.31
184.606,measure,4952.0,1720.0,8.5174,64.25
184.706,measure,4952.0,1720.0,8.5174,64.00
184.806,measure,4952.0,1712.0,8.4778,64.31
184.906,measure,4952.0,1712.0,8.4778,63.97
185.007,measure,4952.0,1704.0,8.4382,63.97
185.107,measure,4952.0,1696.0,8.3986,63.94
185.207,measure,4952.0,1696.0,8.3986,63.94
185.307,measure,4952.0,1704.0,8.4382,63.88
185.407,measure,4952.0,1704.0,8.4382,64.03
185.508,measure,4952.0,1704.0,8.4382,64.03
185.608,measure,4952.0,1712.0,8.4778,64.28
185.708,measure,4952.0,1712.0,8.4778,64.12
185.808,measure,4952.0,1712.0,8.4778,64.06
185.908,measure,4952.0,1712.0,8.4778,64.25
186.009,measure,4952.0,1712.0,8.4778,64.19
186.109,measure,4952.0,1720.0,8.5174,64.00
186.209,measure,4952.0,1720.0,8.5174,64.34
186.309,measure,4952.0,1720.0,8.5174,64.12
186.409,measure,4952.0,1728.0,8.5571,64.12
186.510,measure,4952.0,1728.0,8.5571,64.25
186.610,measure,4952.0,1728.0,8.5571,64.28
186.710,measure,4952.0,1728.0,8.5571,64.19
186.810,measure,4952.0,1720.0,8.5174,64.22
186.911,measure,4952.0,1720.0,8.5174,64.31
187.011,measure,4952.0,1712.0,8.4778,64.22
187.111,measure,4952.0,1712.0,8.4778,64.22
187.211,measure,4952.0,1704.0,8.4382,64.31
187.312,measure,4952.0,1704.0,8.4382,64.16
187.412,measure,4952.0,1704.0,8.4382,64.16
187.512,measure,4952.0,1696.0,8.3986,64.03
187.612,measure,4952.0,1704.0,8.4382,64.22
187.712,measure,4952.0,1712.0,8.4778,64.22
187.812,measure,4952.0,1720.0,8.5174,64.00
187.913,measure,4952.0,1728.0,8.5571,64.47
188.013,measure,4952.0,1736.0,8.5967,64.12
188.113,measure,4952.0,1736.0,8.5967,64.19
188.213,measure,4952.0,1736.0,8.5967,64.22
188.313,measure,4952.0,1736.0,8.5967,64.22
188.414,measure,4952.0,1728.0,8.5571,64.28
188.514,measure,4952.0,1728.0,8.5571,64.22
188.615,measure,4952.0,1720.0,8.5174,64.31
188.715,measure,4952.0,1712.0,8.4778,64.19
188.815,measure,4952.0,1712.0,8.4778,64.03
188.915,measure,4952.0,1704.0,8.4382,64.03
189.015,measure,4952.0,1704.0,8.4382,64.16
189.115,measure,4952.0,1704.0,8.4382,64.00
189.216,measure,4952.0,1704.0,8.4382,63.88
189.316,measure,4952.0,1704.0,8.4382,64.28
189.416,measure,4952.0,1704.0,8.4382,64.09
189.516,measure,4952.0,1712.0,8.4778,64.09
189.616,measure,4952.0,1712.0,8.4778,64.09
189.716,measure,4952.0,1712.0,8.4778,64.09
189.816,measure,4952.0,1720.0,8.5174,64.28
189.917,measure,4952.0,1720.0,8.5174,64.19
190.017,measure,4952.0,1720.0,8.5174,64.22
190.117,measure,4952.0,1720.0,8.5174,64.31
190.217,measure,4952.0,1728.0,8.5571,64.34
190.317,measure,4952.0,1728.0,8.5571,64.53
190.417,measure,4952.0,1720.0,8.5174,64.34
190.518,measure,4952.0,1720.0,8.5174,64.22
190.618,measure,4952.0,1712.0,8.4778,64.00
190.718,measure,4952.0,1712.0,8.4778,64.34
190.818,measure,4952.0,1712.0,8.4778,64.03
190.918,measure,4952.0,1704.0,8.4382,63.97
191.018,measure,4952.0,1704.0,8.4382,64.38
191.119,measure,4952.0,1696.0,8.3986,64.00
191.219,measure,4952.0,1696.0,8.3986,63.97
191.319,measure,4952.0,1696.0,8.3986,64.06
191.419,measure,4952.0,1704.0,8.4382,64.03
191.519,measure,4952.0,1704.0,8.4382,64.22
191.619,measure,4952.0,1704.0,8.4382,64.19
191.719,measure,4952.0,1712.0,8.4778,64.16
191.820,measure,4952.0,1712.0,8.4778,64.31
191.920,measure,4952.0,1712.0,8.4778,64.28
192.020,measure,4952.0,1720.0,8.5174,64.50
192.120,measure,4952.0,1720.0,8.5174,64.31
192.220,measure,4952.0,1728.0,8.5571,64.31
192.320,measure,4952.0,1736.0,8.5967,64.19
192.421,measure,4952.0,1728.0,8.5571,64.53
192.521,measure,4952.0,1720.0,8.5174,64.09
192.621,measure,4952.0,1720.0,8.5174,64.12
192.721,measure,4952.0,1712.0,8.4778,64.16
192.821,measure,4952.0,1712.0,8.4778,64.09
192.921,measure,4952.0,1712.0,8.4778,64.06
193.021,measure,4952.0,1704.0,8.4382,64.16
193.122,measure,4952.0,1704.0,8.4382,64.03
193.222,measure,4952.0,1704.0,8.4382,64.28
193.322,measure,4952.0,1696.0,8.3986,64.09
193.422,measure,4952.0,1704.0,8.4382,64.06
193.522,measure,4952.0,1712.0,8.4778,64.19
193.622,measure,4952.0,1704.0,8.4382,64.19
193.722,measure,4952.0,1704.0,8.4382,64.09
193.823,measure,4952.0,1712.0,8.4778,64.41
193.923,measure,4952.0,1712.0,8.4778,64.22
194.023,measure,4952.0,1720.0,8.5174,64.06
194.123,measure,4952.0,1736.0,8.5967,64.53
194.223,measure,4952.0,1728.0,8.5571,64.34
194.323,measure,4952.0,1728.0,8.5571,64.16
194.423,measure,4952.0,1728.0,8.5571,64.31
194.524,measure,4952.0,1728.0,8.5571,64.25
194.624,measure,4952.0,1720.0,8.5174,64.31
194.724,measure,4952.0,1712.0,8.4778,64.28
194.824,measure,4952.0,1712.0,8.4778,64.22
194.924,measure,4952.0,1712.0,8.4778,64.22
195.024,measure,4952.0,1712.0,8.4778,64.28
195.125,measure,4952.0,1704.0,8.4382,64.38
195.225,measure,4952.0,1704.0,8.4382,64.25
195.325,measure,4952.0,1704.0,8.4382,64.12
195.425,measure,4952.0,1704.0,8.4382,64.12
195.525,measure,4952.0,1712.0,8.4778,64.38
195.625,measure,4952.0,1720.0,8.5174,64.28
195.725,measure,4952.0,1728.0,8.5571,64.16
195.826,measure,4952.0,1728.0,8.5571,64.44
195.926,measure,4952.0,1736.0,8.5967,64.38
196.026,measure,4952.0,1736.0,8.5967,64.12
196.126,measure,4952.0,1736.0,8.5967,64.22
196.226,measure,4952.0,1736.0,8.5967,64.25
196.326,measure,4952.0,1728.0,8.5571,64.25
196.427,measure,4952.0,1728.0,8.5571,64.31
196.527,measure,4952.0,1720.0,8.5174,64.22
196.627,measure,4952.0,1720.0,8.5174,64.28
196.727,measure,4952.0,1712.0,8.4778,64.22
196.827,measure,4952.0,1712.0,8.4778,64.16
196.928,measure,4952.0,1704.0,8.4382,64.31
197.028,measure,4952.0,1704.0,8.4382,64.22
197.128,measure,4952.0,1696.0,8.3986,64.16
197.228,measure,4952.0,1696.0,8.3986,64.25
197.328,measure,4952.0,1704.0,8.4382,64.25
197.428,measure,4952.0,1704.0,8.4382,63.97
197.528,measure,4952.0,1704.0,8.4382,64.06
197.629,measure,4952.0,1704.0,8.4382,64.31
197.729,measure,4952.0,1712.0,8.4778,64.12
197.829,measure,4952.0,1712.0,8.4778,64.25
197.929,measure,4952.0,1712.0,8.4778,64.22
198.029,measure,4952.0,1720.0,8.5174,64.19
198.129,measure,4952.0,1720.0,8.5174,64.31
198.230,measure,4952.0,1728.0,8.5571,64.25
198.330,measure,4952.0,1728.0,8.5571,64.47
198.430,measure,4952.0,1728.0,8.5571,64.31
198.530,measure,4952.0,1728.0,8.5571,64.31
198.630,measure,4952.0,1728.0,8.5571,64.53
198.730,measure,4952.0,1720.0,8.5174,64.28
198.830,measure,4952.0,1712.0,8.4778,64.19
198.931,measure,4952.0,1712.0,8.4778,64.38
199.031,measure,4952.0,1712.0,8.4778,64.28
199.131,measure,4952.0,1728.0,8.5571,64.16
199.231,measure,4952.0,1720.0,8.5174,64.03
199.331,measure,4952.0,1720.0,8.5174,64.31
199.431,measure,4952.0,1720.0,8.5174,64.16
199.532,measure,4952.0,1736.0,8.5967,64.19
199.632,measure,4952.0,1736.0,8.5967,64.28
199.732,measure,4952.0,1736.0,8.5967,64.28
199.832,measure,4952.0,1736.0,8.5967,64.38
199.933,measure,4952.0,1736.0,8.5967,64.31
200.033,measure,4952.0,1728.0,8.5571,64.34
200.133,measure,4952.0,1720.0,8.5174,64.31
200.233,measure,4952.0,1720.0,8.5174,64.19
200.333,measure,4952.0,1712.0,8.4778,64.34
200.433,measure,4952.0,1712.0,8.4778,64.28
200.534,measure,4952.0,1712.0,8.4778,64.00
200.634,measure,4952.0,1712.0,8.4778,64.19
200.734,measure,4952.0,1720.0,8.5174,64.25
200.834,measure,4952.0,1728.0,8.5571,64.09
200.934,measure,4952.0,1728.0,8.5571,64.12
201.034,measure,4952.0,1728.0,8.5571,64.22
201.134,measure,4952.0,1728.0,8.5571,64.19
201.235,measure,4952.0,1736.0,8.5967,64.34
201.335,measure,4952.0,1736.0,8.5967,64.31
201.435,measure,4952.0,1736.0,8.5967,64.28
201.535,measure,4952.0,1728.0,8.5571,64.41
201.635,measure,4952.0,1728.0,8.5571,64.38
201.735,measure,4952.0,1720.0,8.5174,64.50
201.835,measure,4952.0,1720.0,8.5174,64.34
201.936,measure,4952.0,1712.0,8.4778,64.28
202.036,measure,4952.0,1712.0,8.4778,64.44
202.136,measure,4952.0,1712.0,8.4778,64.34
202.236,measure,4952.0,1712.0,8.4778,64.06
202.336,measure,4952.0,1704.0,8.4382,63.97
202.436,measure,4952.0,1704.0,8.4382,64.34
202.536,measure,4952.0,1696.0,8.3986,64.12
202.637,measure,4952.0,1696.0,8.3986,64.09
202.737,measure,4952.0,1704.0,8.4382,64.12
202.837,measure,4952.0,1704.0,8.4382,64.03
202.937,measure,4952.0,1704.0,8.4382,64.00
203.037,measure,4952.0,1712.0,8.4778,64.22
203.137,measure,4952.0,1712.0,8.4778,64.12
203.238,measure,4952.0,1712.0,8.4778,64.31
203.338,measure,4952.0,1736.0,8.5967,64.31
203.438,measure,4952.0,1736.0,8.5967,64.50
203.538,measure,4952.0,1736.0,8.5967,64.47
203.638,measure,4952.0,1736.0,8.5967,64.38
203.738,measure,4952.0,1728.0,8.5571,64.19
203.839,measure,4952.0,1720.0,8.5174,64.47
203.939,measure,4952.0,1712.0,8.4778,64.09
204.039,measure,4952.0,1712.0,8.4778,64.06
204.139,measure,4952.0,1704.0,8.4382,64.41
204.239,measure,4952.0,1704.0,8.4382,64.09
204.340,measure,4952.0,1704.0,8.4382,63.97
204.440,measure,4952.0,1696.0,8.3986,64.22
204.540,measure,4952.0,1696.0,8.3986,64.03
204.640,measure,4952.0,1696.0,8.3986,64.31
204.740,measure,4952.0,1704.0,8.4382,64.12
204.840,measure,4952.0,1704.0,8.4382,64.12
204.940,measure,4952.0,1712.0,8.4778,64.34
205.041,measure,4952.0,1712.0,8.4778,64.25
205.141,measure,4952.0,1712.0,8.4778,64.53
205.241,measure,4952.0,1720.0,8.5174,64.31
205.341,measure,4952.0,1728.0,8.5571,64.28
205.441,measure,4952.0,1728.0,8.5571,64.12
205.541,measure,4952.0,1736.0,8.5967,64.53
205.642,measure,4952.0,1736.0,8.5967,64.31
205.742,measure,4952.0,1736.0,8.5967,64.25
205.842,measure,4952.0,1728.0,8.5571,64.22
205.942,measure,4952.0,1728.0,8.5571,64.16
206.042,measure,4952.0,1720.0,8.5174,64.19
206.143,measure,4952.0,1720.0,8.5174,64.19
206.243,measure,4952.0,1712.0,8.4778,64.12
206.343,measure,4952.0,1712.0,8.4778,64.25
206.443,measure,4952.0,1704.0,8.4382,64.19
206.543,measure,4952.0,1704.0,8.4382,64.31
206.644,measure,4952.0,1696.0,8.3986,64.28
206.744,measure,4952.0,1696.0,8.3986,64.19
206.844,measure,4952.0,1696.0,8.3986,64.03
206.945,measure,4952.0,1704.0,8.4382,64.28
207.045,measure,4952.0,1704.0,8.4382,64.06
207.145,measure,4952.0,1704.0,8.4382,64.06
207.245,measure,4952.0,1712.0,8.4778,64.50
207.345,measure,4952.0,1720.0,8.5174,64.19
207.446,measure,4952.0,1728.0,8.5571,64.22
207.546,measure,4952.0,1744.0,8.6363,64.41
207.646,measure,4952.0,1744.0,8.6363,64.47
207.746,measure,4952.0,1736.0,8.5967,64.38
207.846,measure,4952.0,1728.0,8.5571,64.34
207.946,measure,4952.0,1728.0,8.5571,64.41
208.047,measure,4952.0,1720.0,8.5174,64.31
208.147,measure,4952.0,1720.0,8.5174,64.25
208.247,measure,4952.0,1712.0,8.4778,64.53
208.347,measure,4952.0,1712.0,8.4778,64.31
208.447,measure,4952.0,1704.0,8.4382,64.12
208.547,measure,4952.0,1704.0,8.4382,64.03
208.648,measure,4952.0,1696.0,8.3986,64.31
208.748,measure,4952.0,1712.0,8.4778,64.03
208.848,measure,4952.0,1712.0,8.4778,64.09
208.948,measure,4952.0,1712.0,8.4778,64.41
209.048,measure,4952.0,1720.0,8.5174,64.19
209.148,measure,4952.0,1720.0,8.5174,64.31
209.248,measure,4952.0,1720.0,8.5174,64.28
209.349,measure,4952.0,1736.0,8.5967,64.31
209.449,measure,4952.0,1736.0,8.5967,64.41
209.549,measure,4952.0,1736.0,8.5967,64.38
209.649,measure,4952.0,1728.0,8.5571,64.41
209.749,measure,4952.0,1728.0,8.5571,64.31
209.849,measure,4952.0,1720.0,8.5174,64.31
209.950,measure,4952.0,1712.0,8.4778,64.38
210.050,measure,4952.0,1712.0,8.4778,64.31
210.150,measure,4952.0,1704.0,8.4382,64.25
210.250,measure,4952.0,1704.0,8.4382,64.09
210.350,measure,4952.0,1696.0,8.3986,64.34
210.451,measure,4952.0,1704.0,8.4382,64.03
210.551,measure,4952.0,1704.0,8.4382,64.06
210.651,measure,4952.0,1704.0,8.4382,64.47
210.751,measure,4952.0,1712.0,8.4778,64.16
210.851,measure,4952.0,1712.0,8.4778,64.06
210.951,measure,4952.0,1712.0,8.4778,64.28
211.051,measure,4952.0,1712.0,8.4778,64.25
211.152,measure,4952.0,1720.0,8.5174,64.31
211.252,measure,4952.0,1720.0,8.5174,64.31
211.352,measure,4952.0,1728.0,8.5571,64.59
211.452,measure,4952.0,1728.0,8.5571,64.47
211.552,measure,4952.0,1728.0,8.5571,64.38
211.653,measure,4952.0,1728.0,8.5571,64.25
211.753,measure,4952.0,1728.0,8.5571,64.53
211.853,measure,4952.0,1720.0,8.5174,64.25
211.953,measure,4952.0,1720.0,8.5174,64.25
212.053,measure,4952.0,1712.0,8.4778,64.53
212.153,measure,4952.0,1712.0,8.4778,64.19
212.253,measure,4952.0,1712.0,8.4778,64.16
212.354,measure,4952.0,1712.0,8.4778,64.22
212.454,measure,4952.0,1704.0,8.4382,64.22
212.554,measure,4952.0,1704.0,8.4382,64.25
212.654,measure,4952.0,1696.0,8.3986,64.16
212.754,measure,4952.0,1696.0,8.3986,64.12
212.854,measure,4952.0,1696.0,8.3986,64.31
212.954,measure,4952.0,1696.0,8.3986,64.16
213.055,measure,4952.0,1696.0,8.3986,64.16
213.155,measure,4952.0,1704.0,8.4382,64.38
213.255,measure,4952.0,1704.0,8.4382,64.31
213.355,measure,4952.0,1704.0,8.4382,64.12
213.455,measure,4952.0,1712.0,8.4778,64.47
213.555,measure,4952.0,1712.0,8.4778,64.31
213.655,measure,4952.0,1712.0,8.4778,64.22
213.755,measure,4952.0,1712.0,8.4778,64.53
213.856,measure,4952.0,1736.0,8.5967,64.34
213.956,measure,4952.0,1736.0,8.5967,64.22
214.056,measure,4952.0,1736.0,8.5967,64.41
214.156,measure,4952.0,1728.0,8.5571,64.31
214.256,measure,4952.0,1728.0,8.5571,64.38
214.356,measure,4952.0,1720.0,8.5174,64.31
214.456,measure,4952.0,1720.0,8.5174,64.31
214.557,measure,4952.0,1712.0,8.4778,64.38
214.657,measure,4952.0,1712.0,8.4778,64.31
214.757,measure,4952.0,1712.0,8.4778,64.31
214.857,measure,4952.0,1712.0,8.4778,64.44
214.957,measure,4952.0,1704.0,8.4382,64.25
215.057,measure,4952.0,1696.0,8.3986,64.06
215.157,measure,4952.0,1704.0,8.4382,64.34
215.258,measure,4952.0,1704.0,8.4382,64.31
215.358,measure,4952.0,1712.0,8.4778,64.06
215.458,measure,4952.0,1712.0,8.4778,64.12
215.558,measure,4952.0,1712.0,8.4778,64.25
215.658,measure,4952.0,1720.0,8.5174,64.19
215.758,measure,4952.0,1728.0,8.5571,64.25
215.858,measure,4952.0,1736.0,8.5967,64.34
215.959,measure,4952.0,1736.0,8.5967,64.31
216.059,measure,4952.0,1736.0,8.5967,64.41
216.159,measure,4952.0,1728.0,8.5571,64.34
216.259,measure,4952.0,1728.0,8.5571,64.56
216.359,measure,4952.0,1720.0,8.5174,64.44
216.459,measure,4952.0,1720.0,8.5174,64.34
216.560,measure,4952.0,1720.0,8.5174,64.47
216.660,measure,4952.0,1712.0,8.4778,64.31
216.760,measure,4952.0,1712.0,8.4778,64.22
216.860,measure,4952.0,1704.0,8.4382,64.41
216.960,measure,4952.0,1720.0,8.5174,64.41
217.060,measure,4952.0,1720.0,8.5174,64.25
217.161,measure,4952.0,1736.0,8.5967,64.22
217.261,measure,4952.0,1736.0,8.5967,64.50
217.361,measure,4952.0,1736.0,8.5967,64.28
217.461,measure,4952.0,1736.0,8.5967,64.25
217.561,measure,4952.0,1736.0,8.5967,64.34
217.661,measure,4952.0,1736.0,8.5967,64.31
217.761,measure,4952.0,1728.0,8.5571,64.44
217.862,measure,4952.0,1736.0,8.5967,64.31
217.962,measure,4952.0,1728.0,8.5571,64.59
218.062,measure,4952.0,1720.0,8.5174,64.47
218.162,measure,4952.0,1720.0,8.5174,64.38
218.262,measure,4952.0,1720.0,8.5174,64.62
218.362,measure,4952.0,1720.0,8.5174,64.38
218.463,measure,4952.0,1712.0,8.4778,64.31
218.563,measure,4952.0,1712.0,8.4778,64.19
218.663,measure,4952.0,1712.0,8.4778,64.44
218.763,measure,4952.0,1704.0,8.4382,64.12
218.863,measure,4952.0,1704.0,8.4382,64.12
218.963,measure,4952.0,1712.0,8.4778,64.38
219.063,measure,4952.0,1712.0,8.4778,64.16
219.164,measure,4952.0,1720.0,8.5174,64.09
219.264,measure,4952.0,1712.0,8.4778,64.28
219.364,measure,4952.0,1720.0,8.5174,64.19
219.464,measure,4952.0,1720.0,8.5174,64.44
219.564,measure,4952.0,1720.0,8.5174,64.31
219.664,measure,4952.0,1720.0,8.5174,64.59
219.764,measure,4952.0,1720.0,8.5174,64.44
219.865,measure,4952.0,1720.0,8.5174,64.44
219.965,measure,4952.0,1728.0,8.5571,64.62
220.065,measure,4952.0,1728.0,8.5571,64.47
220.165,measure,4952.0,1728.0,8.5571,64.50
220.265,measure,4952.0,1720.0,8.5174,64.31
220.365,measure,4952.0,1712.0,8.4778,64.31
220.466,measure,4952.0,1712.0,8.4778,64.22
220.566,measure,4952.0,1712.0,8.4778,64.28
220.666,measure,4952.0,1712.0,8.4778,64.28
220.767,measure,4952.0,1704.0,8.4382,64.22
220.867,measure,4952.0,1704.0,8.4382,64.31
220.967,measure,4952.0,1704.0,8.4382,64.22
221.067,measure,4952.0,1704.0,8.4382,64.34
221.167,measure,4952.0,1704.0,8.4382,64.28
221.267,measure,4952.0,1704.0,8.4382,64.22
221.367,measure,4952.0,1720.0,8.5174,64.62
221.468,measure,4952.0,1720.0,8.5174,64.50
221.568,measure,4952.0,1720.0,8.5174,64.41
221.668,measure,4952.0,1736.0,8.5967,64.31
221.768,measure,4952.0,1736.0,8.5967,64.53
221.868,measure,4952.0,1736.0,8.5967,64.31
221.968,measure,4952.0,1728.0,8.5571,64.31
222.068,measure,4952.0,1720.0,8.5174,64.31
222.169,measure,4952.0,1720.0,8.5174,64.28
222.269,measure,4952.0,1720.0,8.5174,64.31
222.369,measure,4952.0,1712.0,8.4778,64.25
222.469,measure,4952.0,1712.0,8.4778,64.25
222.569,measure,4952.0,1704.0,8.4382,64.31
222.669,measure,4952.0,1704.0,8.4382,64.25
222.770,measure,4952.0,1696.0,8.3986,64.19
222.870,measure,4952.0,1696.0,8.3986,64.31
222.970,measure,4952.0,1696.0,8.3986,64.25
223.070,measure,4952.0,1704.0,8.4382,64.44
223.170,measure,4952.0,1704.0,8.4382,64.31
223.270,measure,4952.0,1704.0,8.4382,64.25
223.370,measure,4952.0,1704.0,8.4382,64.16
223.471,measure,4952.0,1704.0,8.4382,64.44
223.571,measure,4952.0,1712.0,8.4778,64.28
223.671,measure,4952.0,1712.0,8.4778,64.22
223.771,measure,4952.0,1712.0,8.4778,64.56
223.871,measure,4952.0,1728.0,8.5571,64.41
223.971,measure,4952.0,1736.0,8.5967,64.50
224.071,measure,4952.0,1728.0,8.5571,64.38
224.172,measure,4952.0,1720.0,8.5174,64.59
224.273,measure,4952.0,1720.0,8.5174,64.47
224.373,measure,4952.0,1712.0,8.4778,64.31
224.473,measure,4952.0,1712.0,8.4778,64.50
224.573,measure,4952.0,1712.0,8.4778,64.34
224.674,measure,4952.0,1704.0,8.4382,64.31
224.774,measure,4952.0,1704.0,8.4382,64.50
224.874,measure,4952.0,1704.0,8.4382,64.31
224.974,measure,4952.0,1696.0,8.3986,64.19
225.074,measure,4952.0,1696.0,8.3986,64.16
225.174,measure,4952.0,1704.0,8.4382,64.44
225.274,measure,4952.0,1704.0,8.4382,64.19
225.375,measure,4952.0,1704.0,8.4382,64.16
225.475,measure,4952.0,1712.0,8.4778,64.31
225.575,measure,4952.0,1712.0,8.4778,64.19
225.675,measure,4952.0,1712.0,8.4778,64.38
225.775,measure,4952.0,1720.0,8.5174,64.38
225.875,measure,4952.0,1720.0,8.5174,64.34
225.976,measure,4952.0,1728.0,8.5571,64.50
226.076,measure,4952.0,1728.0,8.5571,64.38
226.176,measure,4952.0,1728.0,8.5571,64.66
226.276,measure,4952.0,1728.0,8.5571,64.53
226.376,measure,4952.0,1728.0,8.5571,64.44
226.476,measure,4952.0,1720.0,8.5174,64.28
226.577,measure,4952.0,1720.0,8.5174,64.31
226.677,measure,4952.0,1712.0,8.4778,64.22
226.777,measure,4952.0,1712.0,8.4778,64.31
226.877,measure,4952.0,1712.0,8.4778,64.25
226.977,measure,4952.0,1704.0,8.4382,64.22
227.078,measure,4952.0,1704.0,8.4382,64.16
227.178,measure,4952.0,1704.0,8.4382,64.19
227.278,measure,4952.0,1696.0,8.3986,64.22
227.378,measure,4952.0,1712.0,8.4778,64.41
227.478,measure,4952.0,1712.0,8.4778,64.31
227.578,measure,4952.0,1712.0,8.4778,64.28
227.678,measure,4952.0,1720.0,8.5174,64.41
227.779,measure,4952.0,1712.0,8.4778,64.34
227.879,measure,4952.0,1712.0,8.4778,64.69
227.979,measure,4952.0,1728.0,8.5571,64.62
228.079,measure,4952.0,1736.0,8.5967,64.50
228.179,measure,4952.0,1736.0,8.5967,64.31
228.279,measure,4952.0,1736.0,8.5967,64.69
228.379,measure,4952.0,1728.0,8.5571,64.34
228.480,measure,4952.0,1720.0,8.5174,64.28
228.581,measure,4952.0,1720.0,8.5174,64.31
228.681,measure,4952.0,1712.0,8.4778,64.28
228.781,measure,4952.0,1712.0,8.4778,64.31
228.881,measure,4952.0,1712.0,8.4778,64.31
228.981,measure,4952.0,1704.0,8.4382,64.44
229.081,measure,4952.0,1704.0,8.4382,64.31
229.181,measure,4952.0,1696.0,8.3986,64.28
229.282,measure,4952.0,1696.0,8.3986,64.44
229.382,measure,4952.0,1696.0,8.3986,64.31
229.482,measure,4952.0,1704.0,8.4382,64.28
229.582,measure,4952.0,1704.0,8.4382,64.28
229.682,measure,4952.0,1704.0,8.4382,64.38
229.782,measure,4952.0,1704.0,8.4382,64.44
229.882,measure,4952.0,1704.0,8.4382,64.19
229.983,measure,4952.0,1712.0,8.4778,64.56
230.083,measure,4952.0,1720.0,8.5174,64.31
230.183,measure,4952.0,1728.0,8.5571,64.25
230.283,measure,4952.0,1728.0,8.5571,64.38
230.383,measure,4952.0,1728.0,8.5571,64.44
230.483,measure,4952.0,1728.0,8.5571,64.53
230.584,measure,4952.0,1728.0,8.5571,64.47
230.684,measure,4952.0,1720.0,8.5174,64.38
230.785,measure,4952.0,1720.0,8.5174,64.53
230.885,measure,4952.0,1720.0,8.5174,64.44
230.985,measure,4952.0,1712.0,8.4778,64.66
231.085,measure,4952.0,1704.0,8.4382,64.47
231.185,measure,4952.0,1704.0,8.4382,64.19
231.286,measure,4952.0,1704.0,8.4382,64.16
231.386,measure,4952.0,1696.0,8.3986,64.44
231.486,measure,4952.0,1712.0,8.4778,64.25
231.586,measure,4952.0,1712.0,8.4778,64.22
231.686,measure,4952.0,1712.0,8.4778,64.31
231.786,measure,4952.0,1712.0,8.4778,64.31
231.886,measure,4952.0,1712.0,8.4778,64.44
231.987,measure,4952.0,1720.0,8.5174,64.34
232.087,measure,4952.0,1720.0,8.5174,64.31
232.187,measure,4952.0,1720.0,8.5174,64.44
232.287,measure,4952.0,1720.0,8.5174,64.41
232.387,measure,4952.0,1728.0,8.5571,64.75
232.487,measure,4952.0,1720.0,8.5174,64.56
232.587,measure,4952.0,1728.0,8.5571,64.50
232.688,measure,4952.0,1720.0,8.5174,64.28
232.788,measure,4952.0,1720.0,8.5174,64.62
232.888,measure,4952.0,1720.0,8.5174,64.31
232.988,measure,4952.0,1720.0,8.5174,64.25
233.088,measure,4952.0,1712.0,8.4778,64.62
233.188,measure,4952.0,1712.0,8.4778,64.19
233.289,measure,4952.0,1704.0,8.4382,64.25
233.389,measure,4952.0,1704.0,8.4382,64.25
233.489,measure,4952.0,1696.0,8.3986,64.25
233.589,measure,4952.0,1696.0,8.3986,64.22
233.689,measure,4952.0,1696.0,8.3986,64.34
233.789,measure,4952.0,1704.0,8.4382,64.16
233.889,measure,4952.0,1704.0,8.4382,64.34
233.990,measure,4952.0,1704.0,8.4382,64.34
234.090,measure,4952.0,1704.0,8.4382,64.62
234.190,measure,4952.0,1712.0,8.4778,64.56
234.290,measure,4952.0,1712.0,8.4778,64.41
234.390,measure,4952.0,1712.0,8.4778,64.28
234.490,measure,4952.0,1720.0,8.5174,64.66
234.590,measure,4952.0,1720.0,8.5174,64.50
234.691,measure,4952.0,1720.0,8.5174,64.31
234.791,measure,4952.0,1728.0,8.5571,64.75
234.891,measure,4952.0,1720.0,8.5174,64.38
234.991,measure,4952.0,1720.0,8.5174,64.41
235.091,measure,4952.0,1720.0,8.5174,64.47
235.192,measure,4952.0,1720.0,8.5174,64.56
235.292,measure,4952.0,1712.0,8.4778,64.41
235.392,measure,4952.0,1712.0,8.4778,64.38
235.492,measure,4952.0,1712.0,8.4778,64.50
235.593,measure,4952.0,1704.0,8.4382,64.44
235.693,measure,4952.0,1704.0,8.4382,64.38
235.793,measure,4952.0,1704.0,8.4382,64.31
235.893,measure,4952.0,1696.0,8.3986,64.34
235.993,measure,4952.0,1696.0,8.3986,64.31
236.093,measure,4952.0,1696.0,8.3986,64.28
236.193,measure,4952.0,1696.0,8.3986,64.44
236.294,measure,4952.0,1712.0,8.4778,64.34
236.394,measure,4952.0,1712.0,8.4778,64.25
236.494,measure,4952.0,1728.0,8.5571,64.47
236.594,measure,4952.0,1728.0,8.5571,64.38
236.694,measure,4952.0,1736.0,8.5967,64.34
236.794,measure,4952.0,1744.0,8.6363,64.47
236.894,measure,4952.0,1736.0,8.5967,64.53
236.995,measure,4952.0,1728.0,8.5571,64.38
237.095,measure,4952.0,1728.0,8.5571,64.38
237.195,measure,4952.0,1720.0,8.5174,64.31
237.295,measure,4952.0,1712.0,8.4778,64.38
237.395,measure,4952.0,1720.0,8.5174,64.31
237.496,measure,4952.0,1720.0,8.5174,64.25
237.596,measure,4952.0,1728.0,8.5571,64.53
237.696,measure,4952.0,1728.0,8.5571,64.44
237.796,measure,4952.0,1720.0,8.5174,64.28
237.896,measure,4952.0,1728.0,8.5571,64.75
237.996,measure,4952.0,1728.0,8.5571,64.34
238.096,measure,4952.0,1728.0,8.5571,64.34
238.197,measure,4952.0,1736.0,8.5967,64.47
238.297,measure,4952.0,1728.0,8.5571,64.47
238.397,measure,4952.0,1728.0,8.5571,64.41
238.497,measure,4952.0,1728.0,8.5571,64.38
238.598,measure,4952.0,1720.0,8.5174,64.59
238.698,measure,4952.0,1720.0,8.5174,64.47
238.799,measure,4952.0,1720.0,8.5174,64.47
238.899,measure,4952.0,1712.0,8.4778,64.69
238.999,measure,4952.0,1712.0,8.4778,64.47
239.099,measure,4952.0,1720.0,8.5174,64.34
239.199,measure,4952.0,1720.0,8.5174,64.25
239.299,measure,4952.0,1712.0,8.4778,64.56
239.399,measure,4952.0,1712.0,8.4778,64.25
239.500,measure,4952.0,1712.0,8.4778,64.28
239.600,measure,4952.0,1712.0,8.4778,64.38
239.700,measure,4952.0,1712.0,8.4778,64.34
239.800,measure,4952.0,1712.0,8.4778,64.34
239.900,measure,4952.0,1712.0,8.4778,64.47
240.000,measure,4952.0,1720.0,8.5174,64.34
240.100,measure,4952.0,1720.0,8.5174,64.53
240.201,measure,4952.0,1720.0,8.5174,64.50
240.301,measure,4952.0,1720.0,8.5174,64.44
240.401,measure,4952.0,1720.0,8.5174,64.69
240.501,measure,4952.0,1720.0,8.5174,64.56
240.601,measure,4952.0,1712.0,8.4778,64.44
240.701,measure,4952.0,1712.0,8.4778,64.59
240.801,measure,4952.0,1712.0,8.4778,64.44
240.902,measure,4952.0,1712.0,8.4778,64.31
241.002,measure,4952.0,1704.0,8.4382,64.56
241.102,measure,4952.0,1720.0,8.5174,64.50
241.202,measure,4952.0,1712.0,8.4778,64.28
241.302,measure,4952.0,1712.0,8.4778,64.28
241.402,measure,4952.0,1712.0,8.4778,64.28
241.502,measure,4952.0,1712.0,8.4778,64.31
241.603,measure,4952.0,1712.0,8.4778,64.38
241.703,measure,4952.0,1712.0,8.4778,64.41
241.803,measure,4952.0,1712.0,8.4778,64.34
241.903,measure,4952.0,1728.0,8.5571,64.59
242.003,measure,4952.0,1736.0,8.5967,64.47
242.103,measure,4952.0,1736.0,8.5967,64.69
242.203,measure,4952.0,1728.0,8.5571,64.53
242.304,measure,4952.0,1728.0,8.5571,64.50
242.404,measure,4952.0,1720.0,8.5174,64.72
242.505,measure,4952.0,1712.0,8.4778,64.56
242.605,measure,4952.0,1712.0,8.4778,64.31
242.705,measure,4952.0,1712.0,8.4778,64.66
242.805,measure,4952.0,1704.0,8.4382,64.25
242.905,measure,4952.0,1704.0,8.4382,64.28
243.005,measure,4952.0,1712.0,8.4778,64.31
243.105,measure,4952.0,1712.0,8.4778,64.22
243.206,measure,4952.0,1728.0,8.5571,64.38
243.306,measure,4952.0,1720.0,8.5174,64.50
243.406,measure,4952.0,1720.0,8.5174,64.38
243.506,measure,4952.0,1720.0,8.5174,64.62
243.606,measure,4952.0,1720.0,8.5174,64.47
243.706,measure,4952.0,1728.0,8.5571,64.50
243.807,measure,4952.0,1728.0,8.5571,64.69
243.907,measure,4952.0,1728.0,8.5571,64.53
244.007,measure,4952.0,1736.0,8.5967,64.38
244.107,measure,4952.0,1728.0,8.5571,64.75
244.207,measure,4952.0,1728.0,8.5571,64.62
244.308,measure,4952.0,1720.0,8.5174,64.22
244.408,measure,4952.0,1712.0,8.4778,64.31
244.508,measure,4952.0,1712.0,8.4778,64.34
244.608,measure,4952.0,1712.0,8.4778,64.28
244.708,measure,4952.0,1712.0,8.4778,64.34
244.808,measure,4952.0,1712.0,8.4778,64.34
244.909,measure,4952.0,1712.0,8.4778,64.28
245.009,measure,4952.0,1712.0,8.4778,64.41
245.109,measure,4952.0,1712.0,8.4778,64.34
245.209,measure,4952.0,1712.0,8.4778,64.62
245.309,measure,4952.0,1720.0,8.5174,64.53
245.409,measure,4952.0,1720.0,8.5174,64.41
245.509,measure,4952.0,1728.0,8.5571,64.59
245.610,measure,4952.0,1728.0,8.5571,64.62
245.710,measure,4952.0,1728.0,8.5571,64.41
245.810,measure,4952.0,1728.0,8.5571,64.78
245.910,measure,4952.0,1728.0,8.5571,64.66
246.010,measure,4952.0,1720.0,8.5174,64.47
246.110,measure,4952.0,1720.0,8.5174,64.50
246.210,measure,4952.0,1712.0,8.4778,64.38
246.311,measure,4952.0,1712.0,8.4778,64.44
246.411,measure,4952.0,1712.0,8.4778,64.41
246.511,measure,4952.0,1704.0,8.4382,64.31
246.611,measure,4952.0,1704.0,8.4382,64.25
246.711,measure,4952.0,1704.0,8.4382,64.38
246.811,measure,4952.0,1704.0,8.4382,64.28
246.911,measure,4952.0,1712.0,8.4778,64.62
247.012,measure,4952.0,1712.0,8.4778,64.38
247.112,measure,4952.0,1712.0,8.4778,64.38
247.212,measure,4952.0,1712.0,8.4778,64.56
247.312,measure,4952.0,1712.0,8.4778,64.56
247.412,measure,4952.0,1712.0,8.4778,64.53
247.512,measure,4952.0,1712.0,8.4778,64.28
247.612,measure,4952.0,1712.0,8.4778,64.62
247.713,measure,4952.0,1712.0,8.4778,64.41
247.813,measure,4952.0,1712.0,8.4778,64.34
247.913,measure,4952.0,1720.0,8.5174,64.53
248.013,measure,4952.0,1720.0,8.5174,64.47
248.113,measure,4952.0,1728.0,8.5571,64.56
248.213,measure,4952.0,1728.0,8.5571,64.47
248.313,measure,4952.0,1720.0,8.5174,64.72
248.415,measure,4952.0,1720.0,8.5174,64.59
248.515,measure,4952.0,1720.0,8.5174,64.50
248.615,measure,4952.0,1712.0,8.4778,64.69
248.715,measure,4952.0,1712.0,8.4778,64.62
248.815,measure,4952.0,1704.0,8.4382,64.22
248.915,measure,4952.0,1704.0,8.4382,64.75
249.015,measure,4952.0,1704.0,8.4382,64.41
249.116,measure,4952.0,1704.0,8.4382,64.25
249.216,measure,4952.0,1712.0,8.4778,64.31
249.316,measure,4952.0,1712.0,8.4778,64.31
249.416,measure,4952.0,1720.0,8.5174,64.31
249.516,measure,4952.0,1720.0,8.5174,64.38
249.616,measure,4952.0,1720.0,8.5174,64.44
249.716,measure,4952.0,1720.0,8.5174,64.38
249.817,measure,4952.0,1728.0,8.5571,64.62
249.917,measure,4952.0,1728.0,8.5571,64.53
250.017,measure,4952.0,1728.0,8.5571,64.72
250.117,measure,4952.0,1728.0,8.5571,64.62
250.217,measure,4952.0,1728.0,8.5571,64.62
250.317,measure,4952.0,1720.0,8.5174,64.78
250.417,measure,4952.0,1720.0,8.5174,64.53
250.518,measure,4952.0,1712.0,8.4778,64.53
250.618,measure,4952.0,1704.0,8.4382,64.31
250.718,measure,4952.0,1704.0,8.4382,64.56
250.818,measure,4952.0,1696.0,8.3986,64.31
250.918,measure,4952.0,1696.0,8.3986,64.25
251.018,measure,4952.0,1688.0,8.3590,64.31
251.119,measure,4952.0,1696.0,8.3986,64.34
251.219,measure,4952.0,1696.0,8.3986,64.28
251.319,measure,4952.0,1696.0,8.3986,64.34
251.419,measure,4952.0,1704.0,8.4382,64.34
251.519,measure,4952.0,1704.0,8.4382,64.47
251.619,measure,4952.0,1704.0,8.4382,64.41
251.719,measure,4952.0,1704.0,8.4382,64.69
251.820,measure,4952.0,1712.0,8.4778,64.59
251.920,measure,4952.0,1712.0,8.4778,64.50
252.020,measure,4952.0,1712.0,8.4778,64.78
252.120,measure,4952.0,1728.0,8.5571,64.75
252.220,measure,4952.0,1728.0,8.5571,64.59
252.320,measure,4952.0,1728.0,8.5571,64.47
252.420,measure,4952.0,1728.0,8.5571,64.69
252.521,measure,4952.0,1720.0,8.5174,64.47
252.621,measure,4952.0,1720.0,8.5174,64.47
252.721,measure,4952.0,1720.0,8.5174,64.38
252.821,measure,4952.0,1712.0,8.4778,64.28
252.921,measure,4952.0,1704.0,8.4382,64.34
253.022,measure,4952.0,1696.0,8.3986,64.38
253.122,measure,4952.0,1696.0,8.3986,64.28
253.222,measure,4952.0,1704.0,8.4382,64.38
253.322,measure,4952.0,1704.0,8.4382,64.44
253.422,measure,4952.0,1712.0,8.4778,64.72
253.522,measure,4952.0,1712.0,8.4778,64.53
253.622,measure,4952.0,1712.0,8.4778,64.44
253.723,measure,4952.0,1720.0,8.5174,64.41
253.823,measure,4952.0,1720.0,8.5174,64.66
253.923,measure,4952.0,1720.0,8.5174,64.59
254.023,measure,4952.0,1728.0,8.5571,64.41
254.123,measure,4952.0,1728.0,8.5571,64.78
254.223,measure,4952.0,1736.0,8.5967,64.53
254.323,measure,4952.0,1728.0,8.5571,64.34
254.424,measure,4952.0,1728.0,8.5571,64.47
254.524,measure,4952.0,1720.0,8.5174,64.41
254.624,measure,4952.0,1712.0,8.4778,64.47
254.724,measure,4952.0,1712.0,8.4778,64.44
254.824,measure,4952.0,1704.0,8.4382,64.31
254.924,measure,4952.0,1704.0,8.4382,64.53
255.024,measure,4952.0,1696.0,8.3986,64.47
255.125,measure,4952.0,1696.0,8.3986,64.34
255.225,measure,4952.0,1712.0,8.4778,64.62
255.325,measure,4952.0,1712.0,8.4778,64.47
255.425,measure,4952.0,1712.0,8.4778,64.38
255.525,measure,4952.0,1712.0,8.4778,64.62
255.625,measure,4952.0,1720.0,8.5174,64.66
255.725,measure,4952.0,1720.0,8.5174,64.41
255.826,measure,4952.0,1728.0,8.5571,64.78
255.926,measure,4952.0,1728.0,8.5571,64.44
256.026,measure,4952.0,1728.0,8.5571,64.47
256.126,measure,4952.0,1728.0,8.5571,64.62
256.227,measure,4952.0,1728.0,8.5571,64.47
256.327,measure,4952.0,1720.0,8.5174,64.59
256.427,measure,4952.0,1720.0,8.5174,64.44
256.527,measure,4952.0,1712.0,8.4778,64.69
256.627,measure,4952.0,1712.0,8.4778,64.53
256.727,measure,4952.0,1704.0,8.4382,64.47
256.828,measure,4952.0,1704.0,8.4382,64.59
256.928,measure,4952.0,1696.0,8.3986,64.41
257.028,measure,4952.0,1696.0,8.3986,64.31
257.128,measure,4952.0,1704.0,8.4382,64.28
257.228,measure,4952.0,1704.0,8.4382,64.56
257.328,measure,4952.0,1704.0,8.4382,64.44
257.429,measure,4952.0,1712.0,8.4778,64.31
257.529,measure,4952.0,1712.0,8.4778,64.44
257.629,measure,4952.0,1712.0,8.4778,64.44
257.729,measure,4952.0,1720.0,8.5174,64.44
257.829,measure,4952.0,1720.0,8.5174,64.56
257.929,measure,4952.0,1720.0,8.5174,64.47
258.029,measure,4952.0,1720.0,8.5174,64.72
258.130,measure,4952.0,1720.0,8.5174,64.53
258.230,measure,4952.0,1728.0,8.5571,64.59
258.330,measure,4952.0,1720.0,8.5174,64.75
258.430,measure,4952.0,1720.0,8.5174,64.69
258.532,measure,4952.0,1712.0,8.4778,64.44
258.632,measure,4952.0,1712.0,8.4778,64.69
258.732,measure,4952.0,1712.0,8.4778,64.38
258.832,measure,4952.0,1704.0,8.4382,64.28
258.932,measure,4952.0,1704.0,8.4382,64.62
259.032,measure,4952.0,1712.0,8.4778,64.34
259.133,measure,4952.0,1712.0,8.4778,64.28
259.233,measure,4952.0,1720.0,8.5174,64.38
259.333,measure,4952.0,1720.0,8.5174,64.38
259.433,measure,4952.0,1720.0,8.5174,64.59
259.533,measure,4952.0,1720.0,8.5174,64.44
259.633,measure,4952.0,1720.0,8.5174,64.41
259.733,measure,4952.0,1728.0,8.5571,64.66
259.834,measure,4952.0,1744.0,8.6363,64.62
259.934,measure,4952.0,1744.0,8.6363,64.81
260.034,measure,4952.0,1736.0,8.5967,64.75
260.134,measure,4952.0,1728.0,8.5571,64.59
260.234,measure,4952.0,1728.0,8.5571,64.34
260.335,measure,4952.0,1720.0,8.5174,64.66
260.435,measure,4952.0,1720.0,8.5174,64.38
260.535,measure,4952.0,1720.0,8.5174,64.25
260.635,measure,4952.0,1720.0,8.5174,64.66
260.735,measure,4952.0,1720.0,8.5174,64.34
260.835,measure,4952.0,1720.0,8.5174,64.38
260.935,measure,4952.0,1720.0,8.5174,64.44
261.036,measure,4952.0,1720.0,8.5174,64.44
261.136,measure,4952.0,1720.0,8.5174,64.72
261.236,measure,4952.0,1720.0,8.5174,64.47
261.336,measure,4952.0,1720.0,8.5174,64.47
261.436,measure,4952.0,1728.0,8.5571,64.72
261.536,measure,4952.0,1728.0,8.5571,64.59
261.637,measure,4952.0,1728.0,8.5571,64.44
261.737,measure,4952.0,1728.0,8.5571,64.81
261.837,measure,4952.0,1728.0,8.5571,64.69
261.937,measure,4952.0,1728.0,8.5571,64.38
262.037,measure,4952.0,1720.0,8.5174,64.69
262.137,measure,4952.0,1712.0,8.4778,64.38
262.238,measure,4952.0,1720.0,8.5174,64.31
262.338,measure,4952.0,1712.0,8.4778,64.38
262.438,measure,4952.0,1712.0,8.4778,64.38
262.538,measure,4952.0,1712.0,8.4778,64.31
262.638,measure,4952.0,1712.0,8.4778,64.47
262.738,measure,4952.0,1712.0,8.4778,64.38
262.838,measure,4952.0,1720.0,8.5174,64.62
262.939,measure,4952.0,1720.0,8.5174,64.66
263.039,measure,4952.0,1720.0,8.5174,64.59
263.139,measure,4952.0,1720.0,8.5174,64.72
263.239,measure,4952.0,1736.0,8.5967,64.75
263.339,measure,4952.0,1736.0,8.5967,64.44
263.439,measure,4952.0,1728.0,8.5571,64.81
263.540,measure,4952.0,1720.0,8.5174,64.72
263.640,measure,4952.0,1720.0,8.5174,64.41
263.740,measure,4952.0,1712.0,8.4778,64.84
263.840,measure,4952.0,1712.0,8.4778,64.41
263.940,measure,4952.0,1704.0,8.4382,64.38
264.040,measure,4952.0,1704.0,8.4382,64.34
264.140,measure,4952.0,1704.0,8.4382,64.38
264.241,measure,4952.0,1704.0,8.4382,64.31
264.341,measure,4952.0,1704.0,8.4382,64.38
264.441,measure,4952.0,1704.0,8.4382,64.31
264.541,measure,4952.0,1712.0,8.4778,64.59
264.641,measure,4952.0,1712.0,8.4778,64.44
264.741,measure,4952.0,1712.0,8.4778,64.38
264.842,measure,4952.0,1712.0,8.4778,64.72
264.942,measure,4952.0,1712.0,8.4778,64.56
265.042,measure,4952.0,1720.0,8.5174,64.53
265.142,measure,4952.0,1720.0,8.5174,64.66
265.242,measure,4952.0,1720.0,8.5174,64.72
265.342,measure,4952.0,1728.0,8.5571,64.47
265.442,measure,4952.0,1728.0,8.5571,64.47
265.543,measure,4952.0,1736.0,8.5967,64.56
265.643,measure,4952.0,1728.0,8.5571,64.41
265.743,measure,4952.0,1720.0,8.5174,64.47
265.843,measure,4952.0,1720.0,8.5174,64.53
265.943,measure,4952.0,1720.0,8.5174,64.41
266.043,measure,4952.0,1712.0,8.4778,64.50
266.144,measure,4952.0,1720.0,8.5174,64.78
266.244,measure,4952.0,1720.0,8.5174,64.62
266.344,measure,4952.0,1712.0,8.4778,64.53
266.444,measure,4952.0,1712.0,8.4778,64.44
266.544,measure,4952.0,1712.0,8.4778,64.78
266.644,measure,4952.0,1712.0,8.4778,64.69
266.744,measure,4952.0,1712.0,8.4778,64.50
266.845,measure,4952.0,1712.0,8.4778,64.81
266.945,measure,4952.0,1720.0,8.5174,64.75
267.045,measure,4952.0,1720.0,8.5174,64.44
267.145,measure,4952.0,1728.0,8.5571,64.56
267.245,measure,4952.0,1728.0,8.5571,64.59
267.346,measure,4952.0,1728.0,8.5571,64.59
267.446,measure,4952.0,1728.0,8.5571,64.69
267.546,measure,4952.0,1720.0,8.5174,64.66
267.646,measure,4952.0,1720.0,8.5174,64.62
267.748,measure,4952.0,1712.0,8.4778,64.59
267.848,measure,4952.0,1712.0,8.4778,64.44
267.948,measure,4952.0,1712.0,8.4778,64.72
268.048,measure,4952.0,1704.0,8.4382,64.56
268.148,measure,4952.0,1704.0,8.4382,64.31
268.248,measure,4952.0,1696.0,8.3986,64.62
268.349,measure,4952.0,1696.0,8.3986,64.34
268.449,measure,4952.0,1696.0,8.3986,64.31
268.549,measure,4952.0,1704.0,8.4382,64.31
268.649,measure,4952.0,1704.0,8.4382,64.38
268.749,measure,4952.0,1712.0,8.4778,64.56
268.849,measure,4952.0,1712.0,8.4778,64.53
268.950,measure,4952.0,1712.0,8.4778,64.41
269.050,measure,4952.0,1712.0,8.4778,64.56
269.150,measure,4952.0,1712.0,8.4778,64.56
269.250,measure,4952.0,1712.0,8.4778,64.75
269.350,measure,4952.0,1728.0,8.5571,64.75
269.450,measure,4952.0,1736.0,8.5967,64.69
269.550,measure,4952.0,1736.0,8.5967,64.69
269.651,measure,4952.0,1728.0,8.5571,64.84
269.751,measure,4952.0,1728.0,8.5571,64.53
269.851,measure,4952.0,1728.0,8.5571,64.44
269.951,measure,4952.0,1720.0,8.5174,64.81
270.051,measure,4952.0,1720.0,8.5174,64.34
270.151,measure,4952.0,1712.0,8.4778,64.31
270.252,measure,4952.0,1704.0,8.4382,64.31
270.352,measure,4952.0,1712.0,8.4778,64.38
270.452,measure,4952.0,1704.0,8.4382,64.31
270.552,measure,4952.0,1712.0,8.4778,64.44
270.652,measure,4952.0,1712.0,8.4778,64.44
270.752,measure,4952.0,1712.0,8.4778,64.62
270.852,measure,4952.0,1712.0,8.4778,64.50
270.953,measure,4952.0,1712.0,8.4778,64.50
271.053,measure,4952.0,1736.0,8.5967,64.78
271.153,measure,4952.0,1736.0,8.5967,64.78
271.253,measure,4952.0,1744.0,8.6363,64.72
271.353,measure,4952.0,1736.0,8.5967,64.84
271.453,measure,4952.0,1728.0,8.5571,64.66
271.553,measure,4952.0,1720.0,8.5174,64.47
271.654,measure,4952.0,1720.0,8.5174,64.41
271.754,measure,4952.0,1720.0,8.5174,64.44
271.854,measure,4952.0,1712.0,8.4778,64.41
271.954,measure,4952.0,1712.0,8.4778,64.44
272.054,measure,4952.0,1704.0,8.4382,64.31
272.154,measure,4952.0,1704.0,8.4382,64.41
272.255,measure,4952.0,1696.0,8.3986,64.41
272.355,measure,4952.0,1696.0,8.3986,64.34
272.455,measure,4952.0,1704.0,8.4382,64.56
272.555,measure,4952.0,1704.0,8.4382,64.59
272.655,measure,4952.0,1704.0,8.4382,64.44
272.755,measure,4952.0,1704.0,8.4382,64.69
272.855,measure,4952.0,1704.0,8.4382,64.59
272.956,measure,4952.0,1704.0,8.4382,64.50
273.056,measure,4952.0,1712.0,8.4778,64.78
273.156,measure,4952.0,1712.0,8.4778,64.66
273.256,measure,4952.0,1720.0,8.5174,64.50
273.356,measure,4952.0,1720.0,8.5174,64.47
273.456,measure,4952.0,1720.0,8.5174,64.78
273.556,measure,4952.0,1728.0,8.5571,64.53
273.657,measure,4952.0,1728.0,8.5571,64.66
273.757,measure,4952.0,1728.0,8.5571,64.69
273.857,measure,4952.0,1728.0,8.5571,64.47
273.957,measure,4952.0,1720.0,8.5174,64.62
274.057,measure,4952.0,1720.0,8.5174,64.47
274.157,measure,4952.0,1712.0,8.4778,64.59
274.257,measure,4952.0,1712.0,8.4778,64.53
274.358,measure,4952.0,1712.0,8.4778,64.47
274.458,measure,4952.0,1704.0,8.4382,64.69
274.558,measure,4952.0,1712.0,8.4778,64.53
274.658,measure,4952.0,1712.0,8.4778,64.47
274.758,measure,4952.0,1704.0,8.4382,64.78
274.858,measure,4952.0,1712.0,8.4778,64.69
274.959,measure,4952.0,1712.0,8.4778,64.44
275.059,measure,4952.0,1712.0,8.4778,64.41
275.159,measure,4952.0,1712.0,8.4778,64.69
275.259,measure,4952.0,1712.0,8.4778,64.50
275.359,measure,4952.0,1720.0,8.5174,64.53
275.459,measure,4952.0,1720.0,8.5174,64.62
275.559,measure,4952.0,1720.0,8.5174,64.47
275.659,measure,4952.0,1720.0,8.5174,64.66
275.760,measure,4952.0,1728.0,8.5571,64.66
275.860,measure,4952.0,1720.0,8.5174,64.78
275.960,measure,4952.0,1720.0,8.5174,64.69
276.060,measure,4952.0,1712.0,8.4778,64.62
276.160,measure,4952.0,1712.0,8.4778,64.72
276.260,measure,4952.0,1712.0,8.4778,64.59
276.360,measure,4952.0,1704.0,8.4382,64.59
276.461,measure,4952.0,1704.0,8.4382,64.31
276.561,measure,4952.0,1712.0,8.4778,64.69
276.661,measure,4952.0,1720.0,8.5174,64.62
276.761,measure,4952.0,1728.0,8.5571,64.53
276.861,measure,4952.0,1728.0,8.5571,64.78
276.961,measure,4952.0,1728.0,8.5571,64.56
277.062,measure,4952.0,1728.0,8.5571,64.53
277.162,measure,4952.0,1728.0,8.5571,64.59
277.262,measure,4952.0,1728.0,8.5571,64.62
277.362,measure,4952.0,1728.0,8.5571,64.75
277.462,measure,4952.0,1728.0,8.5571,64.62
277.562,measure,4952.0,1720.0,8.5174,64.81
277.663,measure,4952.0,1720.0,8.5174,64.66
277.764,measure,4952.0,1712.0,8.4778,64.66
277.864,measure,4952.0,1712.0,8.4778,64.78
277.964,measure,4952.0,1712.0,8.4778,64.69
278.064,measure,4952.0,1704.0,8.4382,64.41
278.164,measure,4952.0,1704.0,8.4382,64.41
278.264,measure,4952.0,1704.0,8.4382,64.75
278.364,measure,4952.0,1704.0,8.4382,64.41
278.465,measure,4952.0,1712.0,8.4778,64.31
278.565,measure,4952.0,1712.0,8.4778,64.53
278.665,measure,4952.0,1712.0,8.4778,64.44
278.765,measure,4952.0,1712.0,8.4778,64.62
278.865,measure,4952.0,1712.0,8.4778,64.56
278.965,measure,4952.0,1720.0,8.5174,64.53
279.066,measure,4952.0,1720.0,8.5174,64.69
279.166,measure,4952.0,1728.0,8.5571,64.69
279.266,measure,4952.0,1728.0,8.5571,64.81
279.366,measure,4952.0,1728.0,8.5571,64.78
279.466,measure,4952.0,1728.0,8.5571,64.69
279.566,measure,4952.0,1728.0,8.5571,64.50
279.666,measure,4952.0,1720.0,8.5174,64.78
279.767,measure,4952.0,1720.0,8.5174,64.47
279.867,measure,4952.0,1720.0,8.5174,64.50
279.967,measure,4952.0,1712.0,8.4778,64.78
280.067,measure,4952.0,1712.0,8.4778,64.47
280.167,measure,4952.0,1704.0,8.4382,64.47
280.268,measure,4952.0,1704.0,8.4382,64.47
280.368,measure,4952.0,1704.0,8.4382,64.59
280.468,measure,4952.0,1696.0,8.3986,64.53
280.569,measure,4952.0,1696.0,8.3986,64.50
280.669,measure,4952.0,1696.0,8.3986,64.66
280.769,measure,4952.0,1712.0,8.4778,64.66
280.869,measure,4952.0,1712.0,8.4778,64.53
280.969,measure,4952.0,1712.0,8.4778,64.88
281.069,measure,4952.0,1712.0,8.4778,64.69
281.170,measure,4952.0,1712.0,8.4778,64.53
281.270,measure,4952.0,1728.0,8.5571,64.44
281.370,measure,4952.0,1736.0,8.5967,64.75
281.470,measure,4952.0,1736.0,8.5967,64.59
281.571,measure,4952.0,1728.0,8.5571,64.72
281.671,measure,4952.0,1728.0,8.5571,64.62
281.772,measure,4952.0,1720.0,8.5174,64.75
281.873,measure,4952.0,1712.0,8.4778,64.69
281.973,measure,4952.0,1712.0,8.4778,64.53
282.073,measure,4952.0,1712.0,8.4778,64.62
282.173,measure,4952.0,1712.0,8.4778,64.62
282.273,measure,4952.0,1712.0,8.4778,64.41
282.373,measure,4952.0,1704.0,8.4382,64.66
282.474,measure,4952.0,1712.0,8.4778,64.47
282.574,measure,4952.0,1712.0,8.4778,64.38
282.674,measure,4952.0,1712.0,8.4778,64.31
282.774,measure,4952.0,1712.0,8.4778,64.47
282.874,measure,4952.0,1712.0,8.4778,64.41
282.974,measure,4952.0,1712.0,8.4778,64.59
283.075,measure,4952.0,1712.0,8.4778,64.59
283.175,measure,4952.0,1712.0,8.4778,64.56
283.275,measure,4952.0,1720.0,8.5174,64.66
283.375,measure,4952.0,1720.0,8.5174,64.59
283.475,measure,4952.0,1720.0,8.5174,64.78
283.575,measure,4952.0,1720.0,8.5174,64.75
283.675,measure,4952.0,1720.0,8.5174,64.66
283.776,measure,4952.0,1720.0,8.5174,64.88
283.876,measure,4952.0,1720.0,8.5174,64.78
283.976,measure,4952.0,1720.0,8.5174,64.78
284.076,measure,4952.0,1720.0,8.5174,64.88
284.176,measure,4952.0,1712.0,8.4778,64.53
284.277,measure,4952.0,1712.0,8.4778,64.47
284.377,measure,4952.0,1712.0,8.4778,64.56
284.477,measure,4952.0,1704.0,8.4382,64.50
284.577,measure,4952.0,1704.0,8.4382,64.59
284.677,measure,4952.0,1704.0,8.4382,64.50
284.778,measure,4952.0,1704.0,8.4382,64.44
284.878,measure,4952.0,1696.0,8.3986,64.59
284.978,measure,4952.0,1696.0,8.3986,64.53
285.078,measure,4952.0,1696.0,8.3986,64.44
285.178,measure,4952.0,1696.0,8.3986,64.53
285.278,measure,4952.0,1696.0,8.3986,64.53
285.379,measure,4952.0,1704.0,8.4382,64.38
285.479,measure,4952.0,1704.0,8.4382,64.69
285.579,measure,4952.0,1704.0,8.4382,64.59
285.679,measure,4952.0,1704.0,8.4382,64.44
285.779,measure,4952.0,1704.0,8.4382,64.47
285.879,measure,4952.0,1704.0,8.4382,64.72
285.980,measure,4952.0,1712.0,8.4778,64.53
286.080,measure,4952.0,1712.0,8.4778,64.56
286.180,measure,4952.0,1712.0,8.4778,64.66
286.280,measure,4952.0,1720.0,8.5174,64.56
286.380,measure,4952.0,1720.0,8.5174,64.66
286.480,measure,4952.0,1728.0,8.5571,65.00
286.580,measure,4952.0,1728.0,8.5571,64.78
286.681,measure,4952.0,1720.0,8.5174,64.69
286.781,measure,4952.0,1720.0,8.5174,64.62
286.881,measure,4952.0,1712.0,8.4778,64.72
286.981,measure,4952.0,1712.0,8.4778,64.66
287.081,measure,4952.0,1712.0,8.4778,64.66
287.181,measure,4952.0,1704.0,8.4382,64.78
287.281,measure,4952.0,1704.0,8.4382,64.66
287.382,measure,4952.0,1720.0,8.5174,64.50
287.482,measure,4952.0,1720.0,8.5174,64.53
287.582,measure,4952.0,1720.0,8.5174,64.78
287.682,measure,4952.0,1720.0,8.5174,64.50
287.782,measure,4952.0,1720.0,8.5174,64.50
287.882,measure,4952.0,1720.0,8.5174,64.56
287.982,measure,4952.0,1712.0,8.4778,64.59
288.083,measure,4952.0,1720.0,8.5174,64.69
288.183,measure,4952.0,1720.0,8.5174,64.62
288.283,measure,4952.0,1720.0,8.5174,64.59
288.383,measure,4952.0,1720.0,8.5174,64.75
288.483,measure,4952.0,1720.0,8.5174,64.69
288.583,measure,4952.0,1728.0,8.5571,64.88
288.683,measure,4952.0,1720.0,8.5174,64.78
288.784,measure,4952.0,1720.0,8.5174,64.78
288.884,measure,4952.0,1712.0,8.4778,64.78
288.984,measure,4952.0,1712.0,8.4778,64.66
289.084,measure,4952.0,1704.0,8.4382,64.56
289.184,measure,4952.0,1712.0,8.4778,64.38
289.284,measure,4952.0,1704.0,8.4382,64.69
289.384,measure,4952.0,1712.0,8.4778,64.50
289.485,measure,4952.0,1712.0,8.4778,64.47
289.585,measure,4952.0,1712.0,8.4778,64.62
289.685,measure,4952.0,1728.0,8.5571,64.62
289.785,measure,4952.0,1728.0,8.5571,64.53
289.885,measure,4952.0,1744.0,8.6363,64.72
289.985,measure,4952.0,1744.0,8.6363,64.66
290.085,measure,4952.0,1736.0,8.5967,64.78
290.186,measure,4952.0,1728.0,8.5571,64.72
290.286,measure,4952.0,1728.0,8.5571,64.91
290.387,measure,4952.0,1720.0,8.5174,64.78
290.487,measure,4952.0,1712.0,8.4778,64.78
290.587,measure,4952.0,1712.0,8.4778,64.47
290.687,measure,4952.0,1712.0,8.4778,64.72
290.787,measure,4952.0,1704.0,8.4382,64.44
290.888,measure,4952.0,1704.0,8.4382,64.44
290.988,measure,4952.0,1704.0,8.4382,64.41
291.088,measure,4952.0,1696.0,8.3986,64.41
291.188,measure,4952.0,1696.0,8.3986,64.44
291.288,measure,4952.0,1696.0,8.3986,64.50
291.388,measure,4952.0,1696.0,8.3986,64.47
291.489,measure,4952.0,1696.0,8.3986,64.50
291.589,measure,4952.0,1704.0,8.4382,64.47
291.689,measure,4952.0,1704.0,8.4382,64.75
291.789,measure,4952.0,1704.0,8.4382,64.75
291.889,measure,4952.0,1712.0,8.4778,64.59
291.989,measure,4952.0,1712.0,8.4778,64.78
292.089,measure,4952.0,1712.0,8.4778,64.78
292.190,measure,4952.0,1712.0,8.4778,64.66
292.290,measure,4952.0,1720.0,8.5174,64.56
292.390,measure,4952.0,1728.0,8.5571,64.81
292.490,measure,4952.0,1736.0,8.5967,64.75
292.590,measure,4952.0,1736.0,8.5967,64.75
292.691,measure,4952.0,1728.0,8.5571,64.62
292.791,measure,4952.0,1728.0,8.5571,64.53
292.891,measure,4952.0,1720.0,8.5174,64.56
292.991,measure,4952.0,1712.0,8.4778,64.47
293.092,measure,4952.0,1720.0,8.5174,64.75
293.192,measure,4952.0,1720.0,8.5174,64.69
293.292,measure,4952.0,1720.0,8.5174,64.56
293.392,measure,4952.0,1712.0,8.4778,64.84
293.492,measure,4952.0,1712.0,8.4778,64.66
293.592,measure,4952.0,1712.0,8.4778,64.66
293.692,measure,4952.0,1712.0,8.4778,64.50
293.793,measure,4952.0,1712.0,8.4778,64.75
293.893,measure,4952.0,1712.0,8.4778,64.47
293.993,measure,4952.0,1720.0,8.5174,64.56
294.093,measure,4952.0,1720.0,8.5174,64.84
294.193,measure,4952.0,1728.0,8.5571,64.59
294.293,measure,4952.0,1728.0,8.5571,64.50
294.393,measure,4952.0,1728.0,8.5571,64.72
294.494,measure,4952.0,1728.0,8.5571,64.56
294.594,measure,4952.0,1728.0,8.5571,64.78
294.694,measure,4952.0,1728.0,8.5571,64.78
294.794,measure,4952.0,1720.0,8.5174,64.88
294.894,measure,4952.0,1720.0,8.5174,64.72
294.994,measure,4952.0,1720.0,8.5174,64.69
295.094,measure,4952.0,1712.0,8.4778,64.81
295.195,measure,4952.0,1712.0,8.4778,64.75
295.295,measure,4952.0,1704.0,8.4382,64.66
295.395,measure,4952.0,1704.0,8.4382,64.41
295.495,measure,4952.0,1704.0,8.4382,64.72
295.595,measure,4952.0,1696.0,8.3986,64.41
295.695,measure,4952.0,1696.0,8.3986,64.38
295.796,measure,4952.0,1696.0,8.3986,64.66
295.896,measure,4952.0,1696.0,8.3986,64.59
295.996,measure,4952.0,1704.0,8.4382,64.47
296.096,measure,4952.0,1704.0,8.4382,64.59
296.196,measure,4952.0,1704.0,8.4382,64.44
296.296,measure,4952.0,1704.0,8.4382,64.72
296.396,measure,4952.0,1704.0,8.4382,64.66
296.496,measure,4952.0,1712.0,8.4778,64.69
296.597,measure,4952.0,1728.0,8.5571,64.81
296.697,measure,4952.0,1736.0,8.5967,64.81
296.797,measure,4952.0,1736.0,8.5967,64.62
296.897,measure,4952.0,1736.0,8.5967,64.94
296.997,measure,4952.0,1728.0,8.5571,64.75
297.097,measure,4952.0,1720.0,8.5174,64.44
297.197,measure,4952.0,1720.0,8.5174,64.81
297.298,measure,4952.0,1712.0,8.4778,64.75
297.398,measure,4952.0,1712.0,8.4778,64.38
297.498,measure,4952.0,1704.0,8.4382,64.41
297.598,measure,4952.0,1704.0,8.4382,64.41
297.698,measure,4952.0,1704.0,8.4382,64.34
297.798,measure,4952.0,1704.0,8.4382,64.53
297.898,measure,4952.0,1704.0,8.4382,64.47
297.999,measure,4952.0,1704.0,8.4382,64.41
298.099,measure,4952.0,1712.0,8.4778,64.56
298.199,measure,4952.0,1712.0,8.4778,64.56
298.299,measure,4952.0,1712.0,8.4778,64.78
298.399,measure,4952.0,1712.0,8.4778,64.72
298.499,measure,4952.0,1712.0,8.4778,64.56
298.600,measure,4952.0,1712.0,8.4778,64.84
298.700,measure,4952.0,1720.0,8.5174,64.78
298.800,measure,4952.0,1720.0,8.5174,64.59
298.900,measure,4952.0,1720.0,8.5174,64.84
299.000,measure,4952.0,1720.0,8.5174,64.59
299.100,measure,4952.0,1720.0,8.5174,64.59
299.200,measure,4952.0,1720.0,8.5174,64.75
299.301,measure,4952.0,1728.0,8.5571,64.75
299.401,measure,4952.0,1720.0,8.5174,64.78
299.501,measure,4952.0,1720.0,8.5174,64.78
299.601,measure,4952.0,1720.0,8.5174,64.66
299.701,measure,4952.0,1712.0,8.4778,64.72
299.801,measure,4952.0,1712.0,8.4778,64.59
299.902,measure,4952.0,1712.0,8.4778,64.56
300.002,measure,4952.0,1704.0,8.4382,64.66
300.102,measure,4952.0,1704.0,8.4382,64.72
300.202,measure,4952.0,1696.0,8.3986,64.50
300.302,measure,4952.0,1696.0,8.3986,64.72
300.402,measure,4952.0,1696.0,8.3986,64.62
300.502,measure,4952.0,1704.0,8.4382,64.34
300.603,measure,4952.0,1704.0,8.4382,64.47
300.703,measure,4952.0,1704.0,8.4382,64.56
300.803,measure,4952.0,1704.0,8.4382,64.50
300.903,measure,4952.0,1704.0,8.4382,64.44
301.003,measure,4952.0,1712.0,8.4778,64.59
301.103,measure,4952.0,1712.0,8.4778,64.53
301.203,measure,4952.0,1712.0,8.4778,64.72
301.304,measure,4952.0,1720.0,8.5174,64.66
301.404,measure,4952.0,1728.0,8.5571,64.66
301.504,measure,4952.0,1728.0,8.5571,64.75
301.604,measure,4952.0,1736.0,8.5967,64.72
301.704,measure,4952.0,1736.0,8.5967,64.97
301.804,measure,4952.0,1728.0,8.5571,64.78
301.904,measure,4952.0,1720.0,8.5174,64.56
302.005,measure,4952.0,1720.0,8.5174,64.88
302.105,measure,4952.0,1720.0,8.5174,64.75
302.205,measure,4952.0,1712.0,8.4778,64.50
302.306,measure,4952.0,1712.0,8.4778,64.44
302.406,measure,4952.0,1704.0,8.4382,64.78
302.506,measure,4952.0,1704.0,8.4382,64.47
302.606,measure,4952.0,1704.0,8.4382,64.44
302.706,measure,4952.0,1696.0,8.3986,64.41
302.806,measure,4952.0,1704.0,8.4382,64.44
302.906,measure,4952.0,1704.0,8.4382,64.56
303.007,measure,4952.0,1704.0,8.4382,64.50
303.107,measure,4952.0,1704.0,8.4382,64.69
303.207,measure,4952.0,1704.0,8.4382,64.72
303.307,measure,4952.0,1704.0,8.4382,64.69
303.407,measure,4952.0,1712.0,8.4778,64.78
303.507,measure,4952.0,1712.0,8.4778,64.78
303.607,measure,4952.0,1712.0,8.4778,64.75
303.708,measure,4952.0,1720.0,8.5174,64.53
303.808,measure,4952.0,1720.0,8.5174,64.84
303.908,measure,4952.0,1720.0,8.5174,64.59
304.008,measure,4952.0,1720.0,8.5174,64.56
304.108,measure,4952.0,1728.0,8.5571,64.91
304.208,measure,4952.0,1728.0,8.5571,64.62
304.308,measure,4952.0,1728.0,8.5571,64.66
304.409,measure,4952.0,1720.0,8.5174,64.66
304.509,measure,4952.0,1720.0,8.5174,64.59
304.609,measure,4952.0,1712.0,8.4778,64.62
304.709,measure,4952.0,1712.0,8.4778,64.56
304.809,measure,4952.0,1712.0,8.4778,64.53
304.909,measure,4952.0,1704.0,8.4382,64.62
305.009,measure,4952.0,1704.0,8.4382,64.53
305.110,measure,4952.0,1696.0,8.3986,64.72
305.210,measure,4952.0,1704.0,8.4382,64.62
305.310,measure,4952.0,1704.0,8.4382,64.62
305.410,measure,4952.0,1704.0,8.4382,64.44
305.510,measure,4952.0,1712.0,8.4778,64.81
305.610,measure,4952.0,1712.0,8.4778,64.50
305.710,measure,4952.0,1712.0,8.4778,64.50
305.811,measure,4952.0,1712.0,8.4778,64.88
305.911,measure,4952.0,1712.0,8.4778,64.66
306.011,measure,4952.0,1728.0,8.5571,64.59
306.111,measure,4952.0,1736.0,8.5967,64.72
306.211,measure,4952.0,1728.0,8.5571,64.69
306.311,measure,4952.0,1728.0,8.5571,64.78
306.411,measure,4952.0,1720.0,8.5174,64.75
306.512,measure,4952.0,1720.0,8.5174,64.84
306.612,measure,4952.0,1712.0,8.4778,64.75
306.712,measure,4952.0,1712.0,8.4778,64.66
306.812,measure,4952.0,1712.0,8.4778,64.81
306.912,measure,4952.0,1704.0,8.4382,64.78
307.012,measure,4952.0,1704.0,8.4382,64.69
307.113,measure,4952.0,1704.0,8.4382,64.47
307.213,measure,4952.0,1712.0,8.4778,64.78
307.313,measure,4952.0,1712.0,8.4778,64.53
307.413,measure,4952.0,1720.0,8.5174,64.50
307.513,measure,4952.0,1720.0,8.5174,64.81
307.613,measure,4952.0,1728.0,8.5571,64.62
307.713,measure,4952.0,1728.0,8.5571,64.62
307.814,measure,4952.0,1736.0,8.5967,64.78
307.914,measure,4952.0,1744.0,8.6363,64.78
308.014,measure,4952.0,1736.0,8.5967,64.84
308.114,measure,4952.0,1736.0,8.5967,64.78
308.214,measure,4952.0,1728.0,8.5571,64.72
308.314,measure,4952.0,1720.0,8.5174,64.75
308.414,measure,4952.0,1720.0,8.5174,64.66
308.515,measure,4952.0,1712.0,8.4778,64.62
308.615,measure,4952.0,1712.0,8.4778,64.72
308.715,measure,4952.0,1704.0,8.4382,64.69
308.815,measure,4952.0,1720.0,8.5174,64.53
308.915,measure,4952.0,1720.0,8.5174,64.84
309.015,measure,4952.0,1736.0,8.5967,64.78
309.115,measure,4952.0,1728.0,8.5571,64.53
309.216,measure,4944.0,1744.0,8.6223,64.62
309.316,measure,4944.0,1744.0,8.6223,64.78
309.416,measure,4944.0,1736.0,8.5828,64.66
309.516,measure,4952.0,1736.0,8.5967,64.78
309.616,measure,4952.0,1736.0,8.5967,64.69
309.716,measure,4952.0,1728.0,8.5571,64.81
309.816,measure,4952.0,1720.0,8.5174,64.75
309.917,measure,4952.0,1720.0,8.5174,64.75
310.017,measure,4952.0,1712.0,8.4778,64.81
310.117,measure,4952.0,1712.0,8.4778,64.66
310.217,measure,4952.0,1712.0,8.4778,64.56
310.317,measure,4952.0,1720.0,8.5174,64.84
310.417,measure,4952.0,1720.0,8.5174,64.69
310.518,measure,4952.0,1728.0,8.5571,64.59
310.618,measure,4952.0,1728.0,8.5571,64.91
310.718,measure,4952.0,1728.0,8.5571,64.88
310.818,measure,4952.0,1728.0,8.5571,64.62
310.918,measure,4952.0,1728.0,8.5571,64.66
311.018,measure,4952.0,1728.0,8.5571,64.78
311.119,measure,4952.0,1736.0,8.5967,64.66
311.219,measure,4952.0,1728.0,8.5571,64.84
311.319,measure,4952.0,1736.0,8.5967,64.75
311.419,measure,4952.0,1728.0,8.5571,64.88
311.519,measure,4952.0,1720.0,8.5174,64.81
311.620,measure,4952.0,1720.0,8.5174,64.72
311.720,measure,4952.0,1712.0,8.4778,64.81
311.820,measure,4952.0,1712.0,8.4778,64.72
311.920,measure,4952.0,1712.0,8.4778,64.47
312.020,measure,4952.0,1704.0,8.4382,64.81
312.120,measure,4952.0,1704.0,8.4382,64.78
312.221,measure,4952.0,1704.0,8.4382,64.69
312.321,measure,4952.0,1704.0,8.4382,64.44
312.421,measure,4952.0,1712.0,8.4778,64.75
312.521,measure,4952.0,1704.0,8.4382,64.62
312.621,measure,4952.0,1720.0,8.5174,64.59
312.721,measure,4952.0,1720.0,8.5174,64.66
312.821,measure,4952.0,1720.0,8.5174,64.59
312.922,measure,4952.0,1744.0,8.6363,64.81
313.022,measure,4952.0,1736.0,8.5967,64.75
313.122,measure,4952.0,1736.0,8.5967,64.84
313.222,measure,4952.0,1728.0,8.5571,64.78
313.323,measure,4952.0,1720.0,8.5174,64.75
313.423,measure,4952.0,1720.0,8.5174,64.84
313.523,measure,4952.0,1712.0,8.4778,64.75
313.624,measure,4952.0,1712.0,8.4778,64.56
313.724,measure,4952.0,1704.0,8.4382,64.88
313.824,measure,4952.0,1704.0,8.4382,64.53
313.924,measure,4952.0,1712.0,8.4778,64.56
314.024,measure,4952.0,1712.0,8.4778,64.72
314.125,measure,4952.0,1712.0,8.4778,64.56
314.225,measure,4952.0,1712.0,8.4778,64.56
314.325,measure,4952.0,1720.0,8.5174,64.78
314.425,measure,4952.0,1720.0,8.5174,64.69
314.525,measure,4952.0,1728.0,8.5571,64.81
314.625,measure,4952.0,1728.0,8.5571,64.72
314.726,measure,4952.0,1728.0,8.5571,64.78
314.826,measure,4952.0,1728.0,8.5571,64.97
314.926,measure,4952.0,1728.0,8.5571,64.84
315.026,measure,4952.0,1728.0,8.5571,64.78
315.126,measure,4952.0,1728.0,8.5571,65.00
315.227,measure,4952.0,1720.0,8.5174,64.69
315.327,measure,4952.0,1720.0,8.5174,64.66
315.428,measure,4952.0,1720.0,8.5174,64.62
315.528,measure,4952.0,1712.0,8.4778,64.62
315.628,measure,4952.0,1704.0,8.4382,64.62
315.728,measure,4952.0,1704.0,8.4382,64.59
315.828,measure,4952.0,1704.0,8.4382,64.56
315.928,measure,4952.0,1696.0,8.3986,64.69
316.029,measure,4952.0,1696.0,8.3986,64.56
316.129,measure,4952.0,1696.0,8.3986,64.50
316.229,measure,4952.0,1704.0,8.4382,64.75
316.329,measure,4952.0,1704.0,8.4382,64.69
316.429,measure,4952.0,1704.0,8.4382,64.66
316.529,measure,4952.0,1704.0,8.4382,64.84
316.629,measure,4952.0,1712.0,8.4778,64.72
316.730,measure,4952.0,1712.0,8.4778,64.59
316.830,measure,4952.0,1712.0,8.4778,64.94
316.930,measure,4952.0,1712.0,8.4778,64.66
317.030,measure,4952.0,1712.0,8.4778,64.59
317.130,measure,4952.0,1720.0,8.5174,64.75
317.230,measure,4952.0,1720.0,8.5174,64.69
317.330,measure,4952.0,1720.0,8.5174,64.69
317.431,measure,4952.0,1728.0,8.5571,64.84
317.531,measure,4952.0,1728.0,8.5571,65.06
317.631,measure,4952.0,1728.0,8.5571,65.00
317.731,measure,4952.0,1720.0,8.5174,64.72
317.831,measure,4952.0,1720.0,8.5174,64.66
317.931,measure,4952.0,1712.0,8.4778,64.72
318.031,measure,4952.0,1704.0,8.4382,64.66
318.132,measure,4952.0,1704.0,8.4382,64.56
318.232,measure,4952.0,1720.0,8.5174,64.88
318.332,measure,4952.0,1712.0,8.4778,64.75
318.432,measure,4952.0,1728.0,8.5571,64.66
318.532,measure,4952.0,1728.0,8.5571,64.59
318.632,measure,4952.0,1744.0,8.6363,65.00
318.732,measure,4952.0,1736.0,8.5967,64.78
318.834,measure,4952.0,1736.0,8.5967,64.78
318.934,measure,4952.0,1728.0,8.5571,64.66
319.034,measure,4952.0,1728.0,8.5571,64.72
319.134,measure,4952.0,1720.0,8.5174,64.66
319.234,measure,4952.0,1720.0,8.5174,64.62
319.334,measure,4952.0,1720.0,8.5174,64.78
319.435,measure,4952.0,1720.0,8.5174,64.72
319.535,measure,4952.0,1720.0,8.5174,64.69
319.635,measure,4952.0,1720.0,8.5174,64.81
319.735,measure,4952.0,1720.0,8.5174,64.81
319.835,measure,4952.0,1736.0,8.5967,64.69
319.935,measure,4952.0,1736.0,8.5967,65.03
320.035,measure,4952.0,1736.0,8.5967,64.91
320.136,measure,4952.0,1736.0,8.5967,64.75
320.236,measure,4952.0,1728.0,8.5571,64.69
320.336,measure,4952.0,1728.0,8.5571,64.78
320.436,measure,4952.0,1728.0,8.5571,64.84
320.537,measure,4952.0,1720.0,8.5174,64.75
320.637,measure,4952.0,1720.0,8.5174,64.72
320.737,measure,4952.0,1712.0,8.4778,64.78
320.837,measure,4952.0,1712.0,8.4778,64.75
320.937,measure,4952.0,1712.0,8.4778,64.88
321.038,measure,4952.0,1704.0,8.4382,64.81
321.138,measure,4952.0,1704.0,8.4382,64.78
321.238,measure,4952.0,1704.0,8.4382,64.59
321.338,measure,4952.0,1696.0,8.3986,64.75
321.438,measure,4952.0,1704.0,8.4382,64.69
321.538,measure,4952.0,1704.0,8.4382,64.50
321.638,measure,4952.0,1712.0,8.4778,64.91
321.739,measure,4952.0,1712.0,8.4778,64.62
321.839,measure,4952.0,1712.0,8.4778,64.66
321.939,measure,4952.0,1712.0,8.4778,64.72
322.039,measure,4952.0,1720.0,8.5174,64.78
322.139,measure,4952.0,1720.0,8.5174,64.72
322.239,measure,4952.0,1720.0,8.5174,64.78
322.340,measure,4952.0,1728.0,8.5571,64.78
322.440,measure,4952.0,1728.0,8.5571,64.91
322.540,measure,4952.0,1728.0,8.5571,64.78
322.640,measure,4952.0,1728.0,8.5571,64.84
322.740,measure,4952.0,1720.0,8.5174,64.97
322.841,measure,4952.0,1720.0,8.5174,64.72
322.941,measure,4952.0,1720.0,8.5174,64.62
323.041,measure,4952.0,1712.0,8.4778,65.00
323.141,measure,4952.0,1712.0,8.4778,64.91
323.241,measure,4952.0,1712.0,8.4778,64.59
323.341,measure,4952.0,1704.0,8.4382,64.56
323.441,measure,4952.0,1704.0,8.4382,64.56
323.542,measure,4952.0,1704.0,8.4382,64.53
323.642,measure,4952.0,1696.0,8.3986,64.56
323.742,measure,4952.0,1696.0,8.3986,64.50
323.842,measure,4952.0,1704.0,8.4382,64.78
323.942,measure,4952.0,1704.0,8.4382,64.72
324.042,measure,4952.0,1704.0,8.4382,64.72
324.143,measure,4952.0,1704.0,8.4382,64.81
324.243,measure,4952.0,1712.0,8.4778,64.75
324.343,measure,4952.0,1712.0,8.4778,64.72
324.443,measure,4952.0,1712.0,8.4778,64.84
324.543,measure,4952.0,1720.0,8.5174,64.88
324.643,measure,4952.0,1720.0,8.5174,64.69
324.744,measure,4952.0,1720.0,8.5174,65.06
324.844,measure,4952.0,1728.0,8.5571,64.97
324.944,measure,4952.0,1728.0,8.5571,64.78
325.044,measure,4952.0,1728.0,8.5571,64.78
325.144,measure,4952.0,1720.0,8.5174,64.78
325.244,measure,4952.0,1720.0,8.5174,64.69
325.344,measure,4952.0,1720.0,8.5174,64.72
325.445,measure,4952.0,1720.0,8.5174,64.69
325.545,measure,4952.0,1712.0,8.4778,64.62
325.645,measure,4952.0,1720.0,8.5174,64.75
325.745,measure,4952.0,1712.0,8.4778,64.66
325.845,measure,4952.0,1712.0,8.4778,64.88
325.945,measure,4952.0,1712.0,8.4778,64.81
326.045,measure,4952.0,1720.0,8.5174,64.75
326.146,measure,4952.0,1720.0,8.5174,64.91
326.246,measure,4952.0,1720.0,8.5174,64.97
326.346,measure,4952.0,1728.0,8.5571,64.72
326.446,measure,4952.0,1728.0,8.5571,64.66
326.546,measure,4952.0,1728.0,8.5571,65.00
326.646,measure,4952.0,1728.0,8.5571,64.69
326.746,measure,4952.0,1728.0,8.5571,64.75
326.847,measure,4952.0,1728.0,8.5571,64.81
326.947,measure,4952.0,1728.0,8.5571,64.84
327.047,measure,4952.0,1720.0,8.5174,64.78
327.147,measure,4952.0,1720.0,8.5174,64.66
327.247,measure,4952.0,1720.0,8.5174,64.72
327.347,measure,4952.0,1712.0,8.4778,64.78
327.448,measure,4952.0,1712.0,8.4778,64.72
327.548,measure,4952.0,1704.0,8.4382,64.84
327.648,measure,4952.0,1704.0,8.4382,64.81
327.748,measure,4952.0,1696.0,8.3986,64.72
327.848,measure,4952.0,1696.0,8.3986,64.84
327.948,measure,4952.0,1704.0,8.4382,64.78
328.048,measure,4952.0,1712.0,8.4778,64.59
328.149,measure,4952.0,1712.0,8.4778,64.50
328.249,measure,4952.0,1720.0,8.5174,64.94
328.349,measure,4952.0,1728.0,8.5571,64.69
328.449,measure,4952.0,1736.0,8.5967,64.75
328.549,measure,4952.0,1744.0,8.6363,64.84
328.649,measure,4952.0,1744.0,8.6363,64.81
328.749,measure,4952.0,1744.0,8.6363,64.84
328.850,measure,4952.0,1736.0,8.5967,64.78
328.950,measure,4952.0,1728.0,8.5571,64.75
329.050,measure,4952.0,1720.0,8.5174,64.78
329.150,measure,4952.0,1720.0,8.5174,64.69
329.250,measure,4952.0,1712.0,8.4778,64.84
329.350,measure,4952.0,1712.0,8.4778,64.78
329.451,measure,4952.0,1704.0,8.4382,64.72
329.551,measure,4952.0,1704.0,8.4382,64.56
329.651,measure,4952.0,1704.0,8.4382,64.78
329.751,measure,4952.0,1704.0,8.4382,64.72
329.851,measure,4952.0,1704.0,8.4382,64.59
329.951,measure,4952.0,1704.0,8.4382,64.81
330.051,measure,4952.0,1712.0,8.4778,64.62
330.152,measure,4952.0,1712.0,8.4778,64.62
330.252,measure,4952.0,1712.0,8.4778,64.78
330.352,measure,4952.0,1712.0,8.4778,64.75
330.452,measure,4952.0,1720.0,8.5174,64.62
330.552,measure,4952.0,1720.0,8.5174,64.78
330.652,measure,4952.0,1728.0,8.5571,64.81
330.752,measure,4952.0,1728.0,8.5571,65.00
330.853,measure,4952.0,1728.0,8.5571,64.81
330.953,measure,4952.0,1728.0,8.5571,65.00
331.053,measure,4952.0,1720.0,8.5174,65.00
331.153,measure,4952.0,1720.0,8.5174,64.81
331.253,measure,4952.0,1720.0,8.5174,64.69
331.353,measure,4952.0,1720.0,8.5174,64.91
331.453,measure,4952.0,1712.0,8.4778,64.69
331.554,measure,4952.0,1704.0,8.4382,64.56
331.654,measure,4952.0,1704.0,8.4382,64.81
331.754,measure,4952.0,1720.0,8.5174,64.62
331.854,measure,4952.0,1712.0,8.4778,64.62
331.954,measure,4952.0,1712.0,8.4778,64.75
332.054,measure,4952.0,1712.0,8.4778,64.69
332.154,measure,4952.0,1720.0,8.5174,64.91
332.255,measure,4952.0,1720.0,8.5174,64.81
332.355,measure,4952.0,1720.0,8.5174,64.75
332.455,measure,4952.0,1720.0,8.5174,65.00
332.555,measure,4952.0,1720.0,8.5174,64.91
332.655,measure,4952.0,1720.0,8.5174,64.81
332.755,measure,4952.0,1728.0,8.5571,64.97
332.855,measure,4952.0,1720.0,8.5174,64.94
332.956,measure,4952.0,1720.0,8.5174,64.81
333.056,measure,4952.0,1712.0,8.4778,65.06
333.156,measure,4952.0,1720.0,8.5174,64.97
333.256,measure,4952.0,1712.0,8.4778,64.62
333.356,measure,4952.0,1712.0,8.4778,64.59
333.456,measure,4952.0,1704.0,8.4382,64.66
333.557,measure,4952.0,1704.0,8.4382,64.53
333.657,measure,4952.0,1696.0,8.3986,64.59
333.757,measure,4952.0,1712.0,8.4778,64.66
333.857,measure,4952.0,1712.0,8.4778,64.47
333.957,measure,4952.0,1720.0,8.5174,64.78
334.057,measure,4952.0,1720.0,8.5174,64.81
334.157,measure,4952.0,1736.0,8.5967,64.91
334.258,measure,4952.0,1736.0,8.5967,64.84
334.358,measure,4944.0,1744.0,8.6223,64.91
334.458,measure,4952.0,1736.0,8.5967,64.97
334.558,measure,4952.0,1728.0,8.5571,64.91
334.658,measure,4952.0,1720.0,8.5174,64.59
334.758,measure,4952.0,1720.0,8.5174,64.97
334.859,measure,4952.0,1712.0,8.4778,64.91
334.959,measure,4952.0,1712.0,8.4778,64.62
335.059,measure,4952.0,1704.0,8.4382,64.59
335.159,measure,4952.0,1712.0,8.4778,64.62
335.259,measure,4952.0,1712.0,8.4778,64.56
335.359,measure,4952.0,1712.0,8.4778,64.78
335.459,measure,4952.0,1712.0,8.4778,64.75
335.560,measure,4952.0,1712.0,8.4778,64.62
335.660,measure,4952.0,1720.0,8.5174,64.84
335.760,measure,4952.0,1712.0,8.4778,64.81
335.860,measure,4952.0,1712.0,8.4778,65.00
335.960,measure,4952.0,1720.0,8.5174,64.81
336.060,measure,4952.0,1720.0,8.5174,64.81
336.160,measure,4952.0,1720.0,8.5174,65.06
336.261,measure,4952.0,1728.0,8.5571,64.94
336.361,measure,4952.0,1728.0,8.5571,64.78
336.461,measure,4952.0,1728.0,8.5571,64.75
336.561,measure,4952.0,1728.0,8.5571,64.94
336.661,measure,4952.0,1720.0,8.5174,64.78
336.762,measure,4952.0,1720.0,8.5174,64.78
336.862,measure,4952.0,1712.0,8.4778,64.75
336.962,measure,4952.0,1712.0,8.4778,64.72
337.062,measure,4952.0,1712.0,8.4778,64.72
337.162,measure,4952.0,1704.0,8.4382,64.69
337.263,measure,4952.0,1704.0,8.4382,64.78
337.363,measure,4952.0,1704.0,8.4382,64.78
337.463,measure,4952.0,1696.0,8.3986,64.66
337.563,measure,4952.0,1696.0,8.3986,64.81
337.663,measure,4952.0,1696.0,8.3986,64.72
337.763,measure,4952.0,1696.0,8.3986,64.72
337.864,measure,4952.0,1696.0,8.3986,64.91
337.964,measure,4952.0,1704.0,8.4382,64.81
338.064,measure,4952.0,1704.0,8.4382,64.66
338.164,measure,4952.0,1704.0,8.4382,64.56
338.264,measure,4952.0,1704.0,8.4382,64.84
338.364,measure,4952.0,1704.0,8.4382,64.69
338.464,measure,4952.0,1712.0,8.4778,64.81
338.565,measure,4952.0,1712.0,8.4778,64.75
338.665,measure,4952.0,1712.0,8.4778,64.72
338.765,measure,4952.0,1720.0,8.5174,64.84
338.865,measure,4952.0,1720.0,8.5174,64.78
338.965,measure,4952.0,1720.0,8.5174,65.00
339.065,measure,4952.0,1728.0,8.5571,64.94
339.165,measure,4952.0,1728.0,8.5571,64.88
339.266,measure,4952.0,1728.0,8.5571,65.06
339.366,measure,4952.0,1720.0,8.5174,64.84
339.466,measure,4952.0,1720.0,8.5174,64.72
339.566,measure,4952.0,1712.0,8.4778,64.94
339.666,measure,4952.0,1712.0,8.4778,64.84
339.766,measure,4952.0,1712.0,8.4778,64.66
339.867,measure,4952.0,1704.0,8.4382,64.62
339.967,measure,4952.0,1704.0,8.4382,64.69
340.067,measure,4952.0,1704.0,8.4382,64.69
340.167,measure,4952.0,1704.0,8.4382,64.53
340.267,measure,4952.0,1696.0,8.3986,64.69
340.367,measure,4952.0,1696.0,8.3986,64.53
340.467,measure,4952.0,1712.0,8.4778,64.78
340.568,measure,4952.0,1712.0,8.4778,64.78
340.668,measure,4952.0,1728.0,8.5571,64.97
340.768,measure,4952.0,1728.0,8.5571,64.88
340.868,measure,4952.0,1728.0,8.5571,64.78
340.968,measure,4952.0,1744.0,8.6363,65.12
341.069,measure,4952.0,1736.0,8.5967,64.97
341.169,measure,4952.0,1736.0,8.5967,64.72
341.270,measure,4952.0,1736.0,8.5967,64.66
341.370,measure,4952.0,1728.0,8.5571,64.91
341.470,measure,4952.0,1720.0,8.5174,64.59
341.570,measure,4952.0,1712.0,8.4778,64.69
341.670,measure,4952.0,1712.0,8.4778,64.72
341.770,measure,4952.0,1704.0,8.4382,64.72
341.870,measure,4952.0,1704.0,8.4382,64.72
341.971,measure,4952.0,1696.0,8.3986,64.59
342.071,measure,4952.0,1696.0,8.3986,64.59
342.171,measure,4952.0,1696.0,8.3986,64.75
342.271,measure,4952.0,1696.0,8.3986,64.66
342.371,measure,4952.0,1696.0,8.3986,64.84
342.471,measure,4952.0,1704.0,8.4382,64.75
342.571,measure,4952.0,1696.0,8.3986,64.69
342.672,measure,4952.0,1696.0,8.3986,64.91
342.772,measure,4952.0,1704.0,8.4382,64.81
342.872,measure,4952.0,1712.0,8.4778,64.72
342.972,measure,4952.0,1712.0,8.4778,64.75
343.072,measure,4952.0,1720.0,8.5174,64.97
343.172,measure,4952.0,1720.0,8.5174,64.69
343.273,measure,4952.0,1720.0,8.5174,64.88
343.373,measure,4952.0,1728.0,8.5571,64.81
343.473,measure,4952.0,1728.0,8.5571,64.72
343.573,measure,4952.0,1728.0,8.5571,64.97
343.673,measure,4952.0,1728.0,8.5571,64.84
343.773,measure,4952.0,1720.0,8.5174,65.03
343.874,measure,4952.0,1720.0,8.5174,64.88
343.974,measure,4952.0,1712.0,8.4778,64.78
344.074,measure,4952.0,1712.0,8.4778,64.94
344.174,measure,4952.0,1712.0,8.4778,64.91
344.275,measure,4952.0,1712.0,8.4778,64.84
344.375,measure,4952.0,1704.0,8.4382,64.59
344.475,measure,4952.0,1704.0,8.4382,64.91
344.575,measure,4952.0,1696.0,8.3986,64.59
344.675,measure,4952.0,1696.0,8.3986,64.56
344.775,measure,4952.0,1696.0,8.3986,64.94
344.875,measure,4952.0,1696.0,8.3986,64.66
344.976,measure,4952.0,1696.0,8.3986,64.53
345.076,measure,4952.0,1696.0,8.3986,64.56
345.176,measure,4952.0,1696.0,8.3986,64.69
345.276,measure,4952.0,1696.0,8.3986,64.78
345.376,measure,4952.0,1696.0,8.3986,64.72
345.476,measure,4952.0,1704.0,8.4382,64.75
345.576,measure,4952.0,1704.0,8.4382,64.81
345.677,measure,4952.0,1712.0,8.4778,64.88
345.777,measure,4952.0,1712.0,8.4778,65.03
345.877,measure,4952.0,1720.0,8.5174,64.97
345.977,measure,4952.0,1728.0,8.5571,64.88
346.077,measure,4952.0,1728.0,8.5571,64.75
346.177,measure,4952.0,1728.0,8.5571,65.03
346.277,measure,4952.0,1728.0,8.5571,64.81
346.378,measure,4952.0,1728.0,8.5571,64.66
346.478,measure,4952.0,1720.0,8.5174,65.09
346.578,measure,4952.0,1720.0,8.5174,64.69
346.678,measure,4952.0,1712.0,8.4778,64.75
346.778,measure,4952.0,1712.0,8.4778,64.75
346.878,measure,4952.0,1704.0,8.4382,64.62
346.979,measure,4952.0,1704.0,8.4382,64.75
347.079,measure,4952.0,1704.0,8.4382,64.66
347.179,measure,4952.0,1696.0,8.3986,64.72
347.279,measure,4952.0,1696.0,8.3986,64.69
347.379,measure,4952.0,1704.0,8.4382,64.72
347.479,measure,4952.0,1704.0,8.4382,64.59
347.579,measure,4952.0,1712.0,8.4778,64.84
347.680,measure,4952.0,1704.0,8.4382,64.78
347.780,measure,4952.0,1712.0,8.4778,64.62
347.880,measure,4952.0,1712.0,8.4778,64.91
347.980,measure,4952.0,1712.0,8.4778,64.75
348.080,measure,4952.0,1720.0,8.5174,64.72
348.180,measure,4952.0,1720.0,8.5174,64.81
348.280,measure,4952.0,1720.0,8.5174,64.75
348.381,measure,4952.0,1728.0,8.5571,64.75
348.481,measure,4952.0,1720.0,8.5174,64.81
348.581,measure,4952.0,1728.0,8.5571,64.81
348.681,measure,4952.0,1728.0,8.5571,64.94
348.781,measure,4952.0,1720.0,8.5174,64.91
348.881,measure,4952.0,1720.0,8.5174,64.81
348.981,measure,4952.0,1720.0,8.5174,64.91
349.082,measure,4952.0,1712.0,8.4778,64.75
349.182,measure,4952.0,1712.0,8.4778,64.62
349.282,measure,4952.0,1704.0,8.4382,64.84
349.382,measure,4952.0,1696.0,8.3986,64.72
349.482,measure,4952.0,1704.0,8.4382,64.59
349.582,measure,4952.0,1704.0,8.4382,65.00
349.683,measure,4952.0,1712.0,8.4778,64.69
349.783,measure,4952.0,1712.0,8.4778,64.66
349.883,measure,4952.0,1712.0,8.4778,64.72
349.983,measure,4952.0,1720.0,8.5174,64.72
350.083,measure,4952.0,1712.0,8.4778,64.66
350.183,measure,4952.0,1720.0,8.5174,64.81
350.283,measure,4952.0,1728.0,8.5571,64.91
350.384,measure,4952.0,1736.0,8.5967,65.06
350.484,measure,4952.0,1736.0,8.5967,64.97
350.584,measure,4952.0,1728.0,8.5571,64.91
350.684,measure,4952.0,1720.0,8.5174,64.94
350.784,measure,4952.0,1720.0,8.5174,64.91
350.884,measure,4952.0,1712.0,8.4778,64.88
350.984,measure,4952.0,1712.0,8.4778,64.97
351.085,measure,4952.0,1704.0,8.4382,64.81
351.185,measure,4952.0,1704.0,8.4382,64.62
351.285,measure,4952.0,1704.0,8.4382,64.56
351.385,measure,4952.0,1696.0,8.3986,64.59
351.485,measure,4952.0,1696.0,8.3986,64.69
351.586,measure,4952.0,1696.0,8.3986,64.69
351.686,measure,4952.0,1696.0,8.3986,64.66
351.786,measure,4952.0,1704.0,8.4382,64.69
351.886,measure,4952.0,1704.0,8.4382,64.75
351.986,measure,4952.0,1712.0,8.4778,64.75
352.086,measure,4952.0,1712.0,8.4778,64.91
352.187,measure,4952.0,1712.0,8.4778,64.78
352.287,measure,4952.0,1720.0,8.5174,64.78
352.387,measure,4952.0,1720.0,8.5174,65.00
352.487,measure,4952.0,1720.0,8.5174,64.88
352.587,measure,4952.0,1728.0,8.5571,64.88
352.687,measure,4952.0,1728.0,8.5571,65.16
352.787,measure,4952.0,1728.0,8.5571,64.97
352.888,measure,4952.0,1728.0,8.5571,64.78
352.988,measure,4952.0,1728.0,8.5571,64.78
353.088,measure,4952.0,1720.0,8.5174,64.75
353.188,measure,4952.0,1720.0,8.5174,64.75
353.288,measure,4952.0,1712.0,8.4778,64.78
353.388,measure,4952.0,1712.0,8.4778,64.78
353.489,measure,4952.0,1712.0,8.4778,64.81
353.589,measure,4952.0,1704.0,8.4382,64.78
353.689,measure,4952.0,1704.0,8.4382,64.72
353.789,measure,4952.0,1704.0,8.4382,64.81
353.889,measure,4952.0,1696.0,8.3986,64.69
353.989,measure,4952.0,1696.0,8.3986,64.66
354.089,measure,4952.0,1704.0,8.4382,64.88
354.190,measure,4952.0,1712.0,8.4778,64.91
354.290,measure,4952.0,1712.0,8.4778,64.75
354.390,measure,4952.0,1736.0,8.5967,64.78
354.490,measure,4952.0,1736.0,8.5967,65.06
354.590,measure,4952.0,1728.0,8.5571,64.75
354.690,measure,4944.0,1736.0,8.5828,64.75
354.790,measure,4952.0,1736.0,8.5967,65.06
354.891,measure,4952.0,1728.0,8.5571,64.78
354.991,measure,4952.0,1720.0,8.5174,64.78
355.091,measure,4952.0,1720.0,8.5174,64.78
355.191,measure,4952.0,1712.0,8.4778,64.94
355.291,measure,4952.0,1712.0,8.4778,64.78
355.392,measure,4952.0,1704.0,8.4382,64.75
355.492,measure,4952.0,1704.0,8.4382,65.00
355.592,measure,4952.0,1704.0,8.4382,64.84
355.692,measure,4952.0,1704.0,8.4382,64.72
355.792,measure,4952.0,1696.0,8.3986,64.91
355.892,measure,4952.0,1696.0,8.3986,64.78
355.992,measure,4952.0,1704.0,8.4382,64.72
356.093,measure,4952.0,1704.0,8.4382,64.56
356.193,measure,4952.0,1704.0,8.4382,64.94
356.293,measure,4952.0,1704.0,8.4382,64.75
356.393,measure,4952.0,1704.0,8.4382,64.62
356.493,measure,4952.0,1704.0,8.4382,64.69
356.593,measure,4952.0,1712.0,8.4778,64.78
356.694,measure,4952.0,1712.0,8.4778,64.88
356.794,measure,4952.0,1720.0,8.5174,64.75
356.894,measure,4952.0,1736.0,8.5967,64.88
356.994,measure,4952.0,1736.0,8.5967,65.00
357.094,measure,4952.0,1728.0,8.5571,64.94
357.194,measure,4952.0,1720.0,8.5174,65.12
357.295,measure,4952.0,1720.0,8.5174,64.94
357.395,measure,4952.0,1720.0,8.5174,64.91
357.495,measure,4952.0,1720.0,8.5174,65.09
357.595,measure,4952.0,1712.0,8.4778,64.94
357.695,measure,4952.0,1704.0,8.4382,64.66
357.795,measure,4952.0,1704.0,8.4382,64.56
357.896,measure,4952.0,1704.0,8.4382,64.88
357.996,measure,4952.0,1704.0,8.4382,64.62
358.096,measure,4952.0,1720.0,8.5174,64.75
358.196,measure,4952.0,1720.0,8.5174,64.81
358.296,measure,4952.0,1720.0,8.5174,64.75
358.396,measure,4952.0,1728.0,8.5571,64.97
358.497,measure,4952.0,1736.0,8.5967,64.88
358.597,measure,4952.0,1736.0,8.5967,64.88
358.697,measure,4952.0,1736.0,8.5967,65.06
358.797,measure,4952.0,1728.0,8.5571,64.91
358.897,measure,4952.0,1728.0,8.5571,65.03
358.997,measure,4952.0,1728.0,8.5571,65.00
359.097,measure,4952.0,1720.0,8.5174,64.84
359.198,measure,4952.0,1720.0,8.5174,64.66
359.298,measure,4952.0,1712.0,8.4778,64.81
359.398,measure,4952.0,1712.0,8.4778,64.59
359.498,measure,4952.0,1712.0,8.4778,64.59
359.598,measure,4952.0,1728.0,8.5571,65.00
359.698,measure,4952.0,1728.0,8.5571,64.75
359.799,measure,4952.0,1728.0,8.5571,64.62
359.899,measure,4952.0,1728.0,8.5571,64.84
359.999,measure,4952.0,1720.0,8.5174,64.78
360.099,measure,4952.0,1720.0,8.5174,64.91
360.199,measure,4952.0,1728.0,8.5571,64.88
360.299,measure,4952.0,1728.0,8.5571,64.81
