t_rel_s,phase,mv,ma,watt,temp_max_c
0.000,warmup,4968.0,1248.0,6.2001,59.94
0.100,warmup,4976.0,1200.0,5.9712,59.91
0.200,warmup,4976.0,1136.0,5.6527,59.94
0.301,warmup,4984.0,1080.0,5.3827,59.84
0.401,warmup,4976.0,1136.0,5.6527,59.84
0.501,warmup,4976.0,1176.0,5.8518,59.91
0.601,warmup,4976.0,1216.0,6.0508,60.03
0.701,warmup,4968.0,1256.0,6.2398,60.00
0.801,warmup,4968.0,1272.0,6.3193,60.00
0.901,warmup,4968.0,1280.0,6.3590,59.91
1.002,warmup,4968.0,1296.0,6.4385,59.97
1.102,warmup,4968.0,1312.0,6.5180,59.97
1.202,warmup,4968.0,1328.0,6.5975,59.94
1.302,warmup,4968.0,1328.0,6.5975,59.91
1.402,warmup,4968.0,1328.0,6.5975,59.91
1.502,warmup,4968.0,1336.0,6.6372,60.19
1.603,warmup,4968.0,1336.0,6.6372,60.12
1.703,warmup,4968.0,1336.0,6.6372,60.16
1.803,warmup,4968.0,1344.0,6.6770,59.91
1.903,warmup,4968.0,1352.0,6.7167,60.06
2.003,warmup,4968.0,1344.0,6.6770,59.97
2.103,warmup,4968.0,1344.0,6.6770,59.97
2.203,warmup,4968.0,1344.0,6.6770,60.00
2.304,warmup,4968.0,1352.0,6.7167,59.97
2.404,warmup,4968.0,1352.0,6.7167,60.19
2.504,warmup,4968.0,1344.0,6.6770,60.12
2.604,warmup,4968.0,1344.0,6.6770,60.09
2.704,warmup,4968.0,1352.0,6.7167,60.00
2.804,warmup,4968.0,1344.0,6.6770,60.03
2.905,warmup,4968.0,1344.0,6.6770,60.00
3.005,warmup,4968.0,1344.0,6.6770,60.00
3.105,warmup,4968.0,1344.0,6.6770,59.94
3.205,warmup,4968.0,1344.0,6.6770,59.91
3.305,warmup,4968.0,1344.0,6.6770,60.19
3.405,warmup,4968.0,1352.0,6.7167,60.22
3.505,warmup,4968.0,1344.0,6.6770,60.16
3.606,warmup,4968.0,1336.0,6.6372,60.00
3.706,warmup,4968.0,1344.0,6.6770,60.09
3.806,warmup,4968.0,1352.0,6.7167,59.97
3.906,warmup,4968.0,1352.0,6.7167,60.03
4.006,warmup,4968.0,1344.0,6.6770,59.94
4.106,warmup,4968.0,1352.0,6.7167,60.00
4.206,warmup,4968.0,1352.0,6.7167,60.28
4.306,warmup,4968.0,1344.0,6.6770,60.19
4.407,warmup,4968.0,1344.0,6.6770,60.16
4.507,warmup,4968.0,1344.0,6.6770,60.09
4.607,warmup,4968.0,1336.0,6.6372,60.09
4.707,warmup,4968.0,1344.0,6.6770,60.06
4.807,warmup,4968.0,1336.0,6.6372,60.12
4.907,warmup,4968.0,1328.0,6.5975,60.03
5.007,warmup,4968.0,1344.0,6.6770,59.97
5.108,warmup,4968.0,1344.0,6.6770,60.31
5.208,warmup,4968.0,1336.0,6.6372,60.09
5.308,warmup,4968.0,1336.0,6.6372,60.22
5.408,warmup,4968.0,1344.0,6.6770,60.09
5.508,warmup,4968.0,1336.0,6.6372,60.16
5.608,warmup,4968.0,1336.0,6.6372,60.00
5.708,warmup,4968.0,1344.0,6.6770,60.12
5.809,warmup,4968.0,1344.0,6.6770,60.00
5.909,warmup,4968.0,1336.0,6.6372,59.97
6.009,warmup,4968.0,1344.0,6.6770,60.00
6.109,warmup,4968.0,1352.0,6.7167,60.28
6.209,warmup,4968.0,1352.0,6.7167,60.22
6.309,warmup,4968.0,1344.0,6.6770,60.09
6.409,warmup,4968.0,1352.0,6.7167,60.12
6.510,warmup,4968.0,1352.0,6.7167,60.06
6.610,warmup,4968.0,1352.0,6.7167,60.12
6.710,warmup,4968.0,1352.0,6.7167,60.09
6.810,warmup,4968.0,1352.0,6.7167,60.03
6.910,warmup,4968.0,1352.0,6.7167,60.06
7.010,warmup,4968.0,1352.0,6.7167,60.34
7.110,warmup,4968.0,1336.0,6.6372,60.28
7.211,warmup,4968.0,1344.0,6.6770,60.22
7.311,warmup,4968.0,1344.0,6.6770,60.19
7.411,warmup,4968.0,1336.0,6.6372,60.25
7.511,warmup,4968.0,1344.0,6.6770,60.06
7.611,warmup,4968.0,1344.0,6.6770,60.06
7.711,warmup,4968.0,1336.0,6.6372,60.06
7.811,warmup,4968.0,1336.0,6.6372,60.03
7.912,warmup,4968.0,1344.0,6.6770,60.06
8.012,warmup,4968.0,1344.0,6.6770,60.31
8.112,warmup,4968.0,1344.0,6.6770,60.19
8.212,warmup,4968.0,1344.0,6.6770,60.22
8.312,warmup,4968.0,1352.0,6.7167,60.16
8.412,warmup,4968.0,1352.0,6.7167,60.09
8.512,warmup,4968.0,1352.0,6.7167,60.16
8.613,warmup,4968.0,1352.0,6.7167,60.12
8.713,warmup,4968.0,1352.0,6.7167,60.12
8.813,warmup,4968.0,1360.0,6.7565,60.06
8.913,warmup,4968.0,1352.0,6.7167,60.34
9.013,warmup,4968.0,1352.0,6.7167,60.22
9.113,warmup,4968.0,1352.0,6.7167,60.19
9.213,warmup,4968.0,1352.0,6.7167,60.12
9.313,warmup,4968.0,1344.0,6.6770,60.19
9.414,warmup,4968.0,1344.0,6.6770,60.12
9.514,warmup,4968.0,1352.0,6.7167,60.19
9.614,warmup,4968.0,1352.0,6.7167,60.19
9.714,warmup,4968.0,1352.0,6.7167,60.12
9.814,warmup,4968.0,1352.0,6.7167,60.41
9.914,warmup,4968.0,1352.0,6.7167,60.31
10.014,warmup,4968.0,1352.0,6.7167,60.31
10.115,warmup,4968.0,1344.0,6.6770,60.25
10.215,warmup,4968.0,1352.0,6.7167,60.19
10.315,warmup,4968.0,1352.0,6.7167,60.19
10.415,warmup,4968.0,1344.0,6.6770,60.12
10.515,warmup,4968.0,1344.0,6.6770,60.22
10.615,warmup,4968.0,1352.0,6.7167,60.19
10.715,warmup,4968.0,1344.0,6.6770,60.19
10.816,warmup,4968.0,1344.0,6.6770,60.28
10.916,warmup,4968.0,1352.0,6.7167,60.28
11.016,warmup,4968.0,1344.0,6.6770,60.25
11.116,warmup,4968.0,1336.0,6.6372,60.28
11.216,warmup,4968.0,1344.0,6.6770,60.19
11.316,warmup,4968.0,1352.0,6.7167,60.22
11.416,warmup,4968.0,1352.0,6.7167,60.19
11.517,warmup,4968.0,1344.0,6.6770,60.19
11.617,warmup,4968.0,1352.0,6.7167,60.28
11.717,warmup,4968.0,1360.0,6.7565,60.41
11.817,warmup,4968.0,1352.0,6.7167,60.31
11.917,warmup,4968.0,1344.0,6.6770,60.25
12.017,warmup,4968.0,1344.0,6.6770,60.31
12.117,warmup,4968.0,1344.0,6.6770,60.25
12.218,warmup,4968.0,1336.0,6.6372,60.28
12.318,warmup,4968.0,1344.0,6.6770,60.22
12.418,warmup,4968.0,1344.0,6.6770,60.16
12.518,warmup,4968.0,1336.0,6.6372,60.38
12.618,warmup,4968.0,1344.0,6.6770,60.38
12.718,warmup,4968.0,1336.0,6.6372,60.38
12.818,warmup,4968.0,1336.0,6.6372,60.38
12.919,warmup,4968.0,1344.0,6.6770,60.28
13.019,warmup,4968.0,1336.0,6.6372,60.19
13.119,warmup,4968.0,1336.0,6.6372,60.28
13.219,warmup,4968.0,1344.0,6.6770,60.19
13.319,warmup,4968.0,1336.0,6.6372,60.19
13.419,warmup,4968.0,1336.0,6.6372,60.41
13.519,warmup,4968.0,1344.0,6.6770,60.34
13.619,warmup,4968.0,1336.0,6.6372,60.34
13.720,warmup,4968.0,1336.0,6.6372,60.34
13.820,warmup,4968.0,1344.0,6.6770,60.22
13.920,warmup,4968.0,1336.0,6.6372,60.31
14.020,warmup,4968.0,1336.0,6.6372,60.25
14.120,warmup,4968.0,1344.0,6.6770,60.28
14.221,warmup,4968.0,1336.0,6.6372,60.19
14.321,warmup,4968.0,1336.0,6.6372,60.22
14.421,warmup,4968.0,1344.0,6.6770,60.38
14.521,warmup,4968.0,1344.0,6.6770,60.34
14.621,warmup,4968.0,1336.0,6.6372,60.34
14.721,warmup,4968.0,1344.0,6.6770,60.31
14.821,warmup,4968.0,1344.0,6.6770,60.34
14.922,warmup,4968.0,1344.0,6.6770,60.22
15.022,warmup,4968.0,1344.0,6.6770,60.31
15.122,warmup,4968.0,1344.0,6.6770,60.19
15.222,warmup,4968.0,1344.0,6.6770,60.25
15.322,warmup,4968.0,1336.0,6.6372,60.41
15.422,warmup,4968.0,1344.0,6.6770,60.38
15.522,warmup,4968.0,1344.0,6.6770,60.28
15.623,warmup,4968.0,1344.0,6.6770,60.25
15.723,warmup,4968.0,1344.0,6.6770,60.25
15.823,warmup,4968.0,1352.0,6.7167,60.31
15.923,warmup,4968.0,1352.0,6.7167,60.31
16.023,warmup,4968.0,1352.0,6.7167,60.28
16.123,warmup,4968.0,1344.0,6.6770,60.25
16.223,warmup,4968.0,1352.0,6.7167,60.38
16.323,warmup,4968.0,1352.0,6.7167,60.38
16.424,warmup,4968.0,1352.0,6.7167,60.38
16.524,warmup,4968.0,1344.0,6.6770,60.38
16.624,warmup,4968.0,1352.0,6.7167,60.28
16.724,warmup,4968.0,1352.0,6.7167,60.31
16.824,warmup,4968.0,1344.0,6.6770,60.34
16.924,warmup,4968.0,1344.0,6.6770,60.28
17.025,warmup,4968.0,1352.0,6.7167,60.28
17.125,warmup,4968.0,1352.0,6.7167,60.44
17.225,warmup,4968.0,1352.0,6.7167,60.41
17.325,warmup,4968.0,1352.0,6.7167,60.38
17.425,warmup,4968.0,1352.0,6.7167,60.31
17.525,warmup,4968.0,1344.0,6.6770,60.34
17.625,warmup,4968.0,1344.0,6.6770,60.38
17.725,warmup,4968.0,1344.0,6.6770,60.34
17.826,warmup,4968.0,1344.0,6.6770,60.28
17.926,warmup,4968.0,1336.0,6.6372,60.22
18.026,warmup,4968.0,1344.0,6.6770,60.53
18.126,warmup,4968.0,1352.0,6.7167,60.47
18.226,warmup,4968.0,1344.0,6.6770,60.41
18.326,warmup,4968.0,1344.0,6.6770,60.41
18.426,warmup,4968.0,1344.0,6.6770,60.38
18.527,warmup,4968.0,1344.0,6.6770,60.25
18.627,warmup,4968.0,1336.0,6.6372,60.38
18.727,warmup,4968.0,1344.0,6.6770,60.28
18.827,warmup,4968.0,1344.0,6.6770,60.38
18.927,warmup,4968.0,1336.0,6.6372,60.50
19.027,warmup,4968.0,1344.0,6.6770,60.47
19.127,warmup,4968.0,1344.0,6.6770,60.41
19.228,warmup,4968.0,1336.0,6.6372,60.44
19.328,warmup,4968.0,1344.0,6.6770,60.44
19.428,warmup,4968.0,1344.0,6.6770,60.47
19.528,warmup,4968.0,1336.0,6.6372,60.38
19.628,warmup,4968.0,1344.0,6.6770,60.38
19.728,warmup,4968.0,1352.0,6.7167,60.34
19.828,warmup,4968.0,1344.0,6.6770,60.53
19.929,warmup,4968.0,1344.0,6.6770,60.50
20.029,warmup,4968.0,1352.0,6.7167,60.56
20.129,warmup,4968.0,1344.0,6.6770,60.50
20.229,warmup,4968.0,1336.0,6.6372,60.38
20.329,warmup,4968.0,1344.0,6.6770,60.44
20.430,warmup,4968.0,1344.0,6.6770,60.38
20.530,warmup,4968.0,1336.0,6.6372,60.38
20.630,warmup,4968.0,1344.0,6.6770,60.38
20.730,warmup,4968.0,1336.0,6.6372,60.50
20.830,warmup,4968.0,1336.0,6.6372,60.50
20.931,warmup,4968.0,1344.0,6.6770,60.56
21.031,warmup,4968.0,1336.0,6.6372,60.47
21.131,warmup,4968.0,1336.0,6.6372,60.47
21.231,warmup,4968.0,1344.0,6.6770,60.38
21.331,warmup,4968.0,1344.0,6.6770,60.41
21.431,warmup,4968.0,1336.0,6.6372,60.41
21.531,warmup,4968.0,1344.0,6.6770,60.44
21.631,warmup,4968.0,1344.0,6.6770,60.34
21.732,warmup,4968.0,1336.0,6.6372,60.69
21.832,warmup,4968.0,1344.0,6.6770,60.56
21.932,warmup,4968.0,1344.0,6.6770,60.53
22.032,warmup,4968.0,1336.0,6.6372,60.41
22.132,warmup,4968.0,1344.0,6.6770,60.41
22.233,warmup,4968.0,1344.0,6.6770,60.41
22.333,warmup,4968.0,1336.0,6.6372,60.47
22.433,warmup,4968.0,1344.0,6.6770,60.41
22.533,warmup,4968.0,1352.0,6.7167,60.47
22.633,warmup,4968.0,1344.0,6.6770,60.59
22.733,warmup,4968.0,1344.0,6.6770,60.66
22.833,warmup,4968.0,1352.0,6.7167,60.50
22.934,warmup,4968.0,1352.0,6.7167,60.53
23.034,warmup,4968.0,1352.0,6.7167,60.50
23.134,warmup,4968.0,1344.0,6.6770,60.47
23.234,warmup,4968.0,1352.0,6.7167,60.47
23.334,warmup,4968.0,1360.0,6.7565,60.50
23.434,warmup,4968.0,1352.0,6.7167,60.44
23.534,warmup,4968.0,1344.0,6.6770,60.72
23.635,warmup,4968.0,1352.0,6.7167,60.59
23.735,warmup,4968.0,1360.0,6.7565,60.62
23.835,warmup,4968.0,1360.0,6.7565,60.53
23.935,warmup,4968.0,1352.0,6.7167,60.41
24.035,warmup,4968.0,1352.0,6.7167,60.50
24.135,warmup,4968.0,1352.0,6.7167,60.41
24.235,warmup,4968.0,1360.0,6.7565,60.41
24.335,warmup,4968.0,1352.0,6.7167,60.44
24.436,warmup,4968.0,1352.0,6.7167,60.41
24.536,warmup,4968.0,1352.0,6.7167,60.62
24.636,warmup,4968.0,1360.0,6.7565,60.56
24.736,warmup,4968.0,1360.0,6.7565,60.59
24.836,warmup,4968.0,1352.0,6.7167,60.53
24.936,warmup,4968.0,1352.0,6.7167,60.44
25.036,warmup,4968.0,1360.0,6.7565,60.50
25.137,warmup,4968.0,1360.0,6.7565,60.44
25.237,warmup,4968.0,1352.0,6.7167,60.53
25.337,warmup,4968.0,1352.0,6.7167,60.47
25.437,warmup,4968.0,1352.0,6.7167,60.66
25.537,warmup,4968.0,1360.0,6.7565,60.62
25.637,warmup,4968.0,1352.0,6.7167,60.59
25.737,warmup,4968.0,1352.0,6.7167,60.47
25.838,warmup,4968.0,1352.0,6.7167,60.53
25.938,warmup,4968.0,1352.0,6.7167,60.53
26.038,warmup,4968.0,1344.0,6.6770,60.53
26.138,warmup,4968.0,1344.0,6.6770,60.50
26.238,warmup,4968.0,1352.0,6.7167,60.53
26.338,warmup,4968.0,1344.0,6.6770,60.47
26.438,warmup,4968.0,1336.0,6.6372,60.69
26.538,warmup,4968.0,1344.0,6.6770,60.56
26.639,warmup,4968.0,1344.0,6.6770,60.50
26.739,warmup,4968.0,1336.0,6.6372,60.56
26.839,warmup,4968.0,1344.0,6.6770,60.56
26.939,warmup,4968.0,1344.0,6.6770,60.53
27.039,warmup,4968.0,1336.0,6.6372,60.53
27.139,warmup,4968.0,1344.0,6.6770,60.50
27.239,warmup,4968.0,1344.0,6.6770,60.47
27.340,warmup,4968.0,1336.0,6.6372,60.81
27.440,warmup,4968.0,1344.0,6.6770,60.66
27.540,warmup,4968.0,1344.0,6.6770,60.59
27.640,warmup,4968.0,1336.0,6.6372,60.56
27.740,warmup,4968.0,1336.0,6.6372,60.59
27.840,warmup,4968.0,1344.0,6.6770,60.53
27.940,warmup,4968.0,1344.0,6.6770,60.59
28.041,warmup,4968.0,1336.0,6.6372,60.47
28.141,warmup,4968.0,1344.0,6.6770,60.53
28.241,warmup,4968.0,1344.0,6.6770,60.81
28.341,warmup,4968.0,1344.0,6.6770,60.69
28.441,warmup,4968.0,1344.0,6.6770,60.66
28.541,warmup,4968.0,1352.0,6.7167,60.56
28.641,warmup,4968.0,1344.0,6.6770,60.56
28.742,warmup,4968.0,1336.0,6.6372,60.59
28.842,warmup,4968.0,1344.0,6.6770,60.50
28.942,warmup,4968.0,1352.0,6.7167,60.53
29.042,warmup,4968.0,1352.0,6.7167,60.53
29.142,warmup,4968.0,1344.0,6.6770,60.69
29.242,warmup,4968.0,1352.0,6.7167,60.69
29.342,warmup,4968.0,1352.0,6.7167,60.59
29.443,warmup,4968.0,1344.0,6.6770,60.56
29.543,warmup,4968.0,1344.0,6.6770,60.69
29.643,warmup,4968.0,1352.0,6.7167,60.59
29.743,warmup,4968.0,1344.0,6.6770,60.56
29.843,warmup,4968.0,1336.0,6.6372,60.59
29.943,warmup,4968.0,1344.0,6.6770,60.59
30.043,warmup,4968.0,1344.0,6.6770,60.78
30.144,warmup,4968.0,1336.0,6.6372,60.75
30.244,warmup,4968.0,1344.0,6.6770,60.62
30.344,warmup,4968.0,1344.0,6.6770,60.72
30.444,warmup,4968.0,1344.0,6.6770,60.59
30.544,warmup,4968.0,1344.0,6.6770,60.56
30.644,warmup,4968.0,1344.0,6.6770,60.62
30.744,warmup,4968.0,1352.0,6.7167,60.56
30.845,warmup,4968.0,1352.0,6.7167,60.53
30.945,warmup,4968.0,1344.0,6.6770,60.81
31.045,warmup,4968.0,1352.0,6.7167,60.75
31.145,warmup,4968.0,1360.0,6.7565,60.75
31.245,warmup,4968.0,1352.0,6.7167,60.56
31.345,warmup,4968.0,1352.0,6.7167,60.69
31.445,warmup,4968.0,1352.0,6.7167,60.66
31.546,warmup,4968.0,1360.0,6.7565,60.62
31.646,warmup,4968.0,1360.0,6.7565,60.53
31.746,warmup,4968.0,1352.0,6.7167,60.62
31.846,warmup,4968.0,1352.0,6.7167,60.84
31.946,warmup,4968.0,1352.0,6.7167,60.84
32.046,warmup,4968.0,1360.0,6.7565,60.72
32.146,warmup,4968.0,1352.0,6.7167,60.69
32.247,warmup,4968.0,1344.0,6.6770,60.69
32.347,warmup,4968.0,1352.0,6.7167,60.66
32.447,warmup,4968.0,1344.0,6.6770,60.75
32.547,warmup,4968.0,1336.0,6.6372,60.75
32.647,warmup,4968.0,1344.0,6.6770,60.62
32.747,warmup,4968.0,1352.0,6.7167,60.88
32.847,warmup,4968.0,1336.0,6.6372,60.84
32.947,warmup,4968.0,1344.0,6.6770,60.78
33.048,warmup,4968.0,1344.0,6.6770,60.75
33.148,warmup,4968.0,1344.0,6.6770,60.72
33.248,warmup,4968.0,1344.0,6.6770,60.72
33.348,warmup,4968.0,1352.0,6.7167,60.72
33.448,warmup,4968.0,1344.0,6.6770,60.66
33.548,warmup,4968.0,1336.0,6.6372,60.56
33.649,warmup,4968.0,1344.0,6.6770,60.88
33.749,warmup,4968.0,1352.0,6.7167,60.88
33.849,warmup,4968.0,1352.0,6.7167,60.81
33.949,warmup,4968.0,1344.0,6.6770,60.75
34.049,warmup,4968.0,1352.0,6.7167,60.88
34.149,warmup,4968.0,1360.0,6.7565,60.69
34.250,warmup,4968.0,1360.0,6.7565,60.72
34.350,warmup,4968.0,1360.0,6.7565,60.72
34.450,warmup,4968.0,1352.0,6.7167,60.72
34.550,warmup,4968.0,1352.0,6.7167,60.91
34.650,warmup,4968.0,1352.0,6.7167,60.88
34.750,warmup,4968.0,1352.0,6.7167,60.88
34.850,warmup,4968.0,1344.0,6.6770,60.84
34.951,warmup,4968.0,1352.0,6.7167,60.88
35.051,warmup,4968.0,1344.0,6.6770,60.72
35.151,warmup,4968.0,1336.0,6.6372,60.75
35.251,warmup,4968.0,1352.0,6.7167,60.69
35.351,warmup,4968.0,1344.0,6.6770,60.75
35.451,warmup,4968.0,1336.0,6.6372,60.94
35.551,warmup,4968.0,1344.0,6.6770,60.94
35.652,warmup,4968.0,1352.0,6.7167,60.88
35.752,warmup,4968.0,1352.0,6.7167,60.84
35.852,warmup,4968.0,1344.0,6.6770,60.81
35.952,warmup,4968.0,1352.0,6.7167,60.84
36.052,warmup,4968.0,1360.0,6.7565,60.81
36.152,warmup,4968.0,1360.0,6.7565,60.75
36.252,warmup,4968.0,1352.0,6.7167,60.78
36.353,warmup,4968.0,1352.0,6.7167,60.97
36.453,warmup,4968.0,1360.0,6.7565,61.03
36.553,warmup,4968.0,1360.0,6.7565,60.88
36.653,warmup,4968.0,1352.0,6.7167,60.81
36.753,warmup,4968.0,1352.0,6.7167,60.88
36.853,warmup,4968.0,1352.0,6.7167,60.88
36.954,warmup,4968.0,1360.0,6.7565,60.81
37.054,warmup,4968.0,1360.0,6.7565,60.75
37.154,warmup,4968.0,1352.0,6.7167,60.75
37.254,warmup,4968.0,1352.0,6.7167,61.00
37.354,warmup,4968.0,1360.0,6.7565,60.97
37.454,warmup,4968.0,1352.0,6.7167,60.94
37.554,warmup,4968.0,1344.0,6.6770,60.88
37.655,warmup,4968.0,1352.0,6.7167,60.88
37.755,warmup,4968.0,1352.0,6.7167,60.81
37.855,warmup,4968.0,1336.0,6.6372,60.88
37.955,warmup,4968.0,1344.0,6.6770,60.84
38.055,warmup,4968.0,1344.0,6.6770,60.91
38.155,warmup,4968.0,1336.0,6.6372,60.78
38.255,warmup,4968.0,1344.0,6.6770,61.03
38.356,warmup,4968.0,1344.0,6.6770,60.97
38.456,warmup,4968.0,1344.0,6.6770,60.88
38.556,warmup,4968.0,1336.0,6.6372,60.88
38.656,warmup,4968.0,1352.0,6.7167,60.97
38.756,warmup,4968.0,1352.0,6.7167,60.91
38.856,warmup,4968.0,1352.0,6.7167,60.88
38.956,warmup,4968.0,1344.0,6.6770,60.88
39.056,warmup,4968.0,1352.0,6.7167,60.88
39.157,warmup,4968.0,1360.0,6.7565,61.09
39.257,warmup,4968.0,1360.0,6.7565,60.97
39.357,warmup,4968.0,1352.0,6.7167,60.94
39.457,warmup,4968.0,1352.0,6.7167,60.88
39.557,warmup,4968.0,1360.0,6.7565,60.94
39.657,warmup,4968.0,1360.0,6.7565,60.88
39.757,warmup,4968.0,1352.0,6.7167,60.88
39.858,warmup,4968.0,1352.0,6.7167,60.84
39.958,warmup,4968.0,1360.0,6.7565,60.81
40.058,warmup,4968.0,1360.0,6.7565,61.09
40.158,warmup,4968.0,1360.0,6.7565,61.06
40.258,warmup,4968.0,1352.0,6.7167,60.94
40.358,warmup,4968.0,1352.0,6.7167,61.03
40.458,warmup,4968.0,1360.0,6.7565,60.91
40.559,warmup,4968.0,1360.0,6.7565,60.97
40.659,warmup,4968.0,1344.0,6.6770,60.88
40.759,warmup,4968.0,1352.0,6.7167,60.88
40.859,warmup,4968.0,1352.0,6.7167,60.88
40.959,warmup,4968.0,1344.0,6.6770,60.81
41.059,warmup,4968.0,1344.0,6.6770,61.03
41.159,warmup,4968.0,1352.0,6.7167,60.94
41.259,warmup,4968.0,1344.0,6.6770,60.88
41.360,warmup,4968.0,1336.0,6.6372,60.88
41.460,warmup,4968.0,1352.0,6.7167,60.88
41.560,warmup,4968.0,1344.0,6.6770,60.88
41.660,warmup,4968.0,1336.0,6.6372,60.88
41.760,warmup,4968.0,1344.0,6.6770,60.88
41.860,warmup,4968.0,1352.0,6.7167,60.91
41.960,warmup,4968.0,1352.0,6.7167,61.12
42.061,warmup,4968.0,1344.0,6.6770,60.97
42.161,warmup,4968.0,1352.0,6.7167,61.00
42.261,warmup,4968.0,1352.0,6.7167,60.94
42.361,warmup,4968.0,1352.0,6.7167,60.94
42.461,warmup,4968.0,1352.0,6.7167,60.88
42.561,warmup,4968.0,1352.0,6.7167,60.88
42.661,warmup,4968.0,1360.0,6.7565,60.94
42.762,warmup,4968.0,1360.0,6.7565,60.88
42.862,warmup,4968.0,1360.0,6.7565,61.06
42.962,warmup,4968.0,1352.0,6.7167,61.00
43.062,warmup,4968.0,1352.0,6.7167,61.00
43.162,warmup,4968.0,1352.0,6.7167,61.00
43.262,warmup,4968.0,1344.0,6.6770,61.03
43.362,warmup,4968.0,1344.0,6.6770,60.94
43.463,warmup,4968.0,1352.0,6.7167,60.91
43.563,warmup,4968.0,1344.0,6.6770,61.00
43.663,warmup,4968.0,1344.0,6.6770,60.91
43.763,warmup,4968.0,1352.0,6.7167,61.16
43.863,warmup,4968.0,1344.0,6.6770,61.09
43.963,warmup,4968.0,1336.0,6.6372,61.06
44.063,warmup,4968.0,1344.0,6.6770,60.94
44.163,warmup,4968.0,1344.0,6.6770,60.97
44.264,warmup,4968.0,1336.0,6.6372,60.97
44.364,warmup,4968.0,1344.0,6.6770,61.00
44.464,warmup,4968.0,1352.0,6.7167,60.91
44.564,warmup,4968.0,1344.0,6.6770,60.91
44.664,warmup,4968.0,1336.0,6.6372,61.16
44.764,warmup,4968.0,1344.0,6.6770,61.09
44.864,warmup,4968.0,1344.0,6.6770,61.12
44.965,warmup,4968.0,1336.0,6.6372,61.00
45.065,warmup,4968.0,1344.0,6.6770,61.12
45.165,warmup,4968.0,1352.0,6.7167,60.94
45.265,warmup,4968.0,1352.0,6.7167,60.97
45.365,warmup,4968.0,1344.0,6.6770,60.97
45.465,warmup,4968.0,1344.0,6.6770,60.94
45.565,warmup,4968.0,1352.0,6.7167,60.97
45.666,warmup,4968.0,1352.0,6.7167,61.12
45.766,warmup,4968.0,1344.0,6.6770,61.19
45.866,warmup,4968.0,1344.0,6.6770,61.06
45.966,warmup,4968.0,1352.0,6.7167,61.00
46.066,warmup,4968.0,1352.0,6.7167,60.97
46.166,warmup,4968.0,1352.0,6.7167,61.03
46.266,warmup,4968.0,1344.0,6.6770,60.97
46.367,warmup,4968.0,1352.0,6.7167,61.00
46.467,warmup,4968.0,1360.0,6.7565,61.12
46.567,warmup,4968.0,1352.0,6.7167,61.19
46.667,warmup,4968.0,1352.0,6.7167,61.19
46.767,warmup,4968.0,1352.0,6.7167,61.09
46.867,warmup,4968.0,1352.0,6.7167,61.03
46.967,warmup,4968.0,1344.0,6.6770,61.03
47.068,warmup,4968.0,1344.0,6.6770,60.97
47.168,warmup,4968.0,1352.0,6.7167,61.03
47.268,warmup,4968.0,1336.0,6.6372,60.97
47.368,warmup,4968.0,1344.0,6.6770,61.19
47.468,warmup,4968.0,1344.0,6.6770,61.22
47.568,warmup,4968.0,1344.0,6.6770,61.12
47.668,warmup,4968.0,1336.0,6.6372,61.16
47.768,warmup,4968.0,1344.0,6.6770,61.09
47.869,warmup,4968.0,1344.0,6.6770,61.03
47.969,warmup,4968.0,1336.0,6.6372,61.00
48.069,warmup,4968.0,1344.0,6.6770,61.06
48.169,warmup,4968.0,1344.0,6.6770,61.03
48.269,warmup,4968.0,1336.0,6.6372,61.19
48.369,warmup,4968.0,1344.0,6.6770,61.16
48.469,warmup,4968.0,1352.0,6.7167,61.22
48.570,warmup,4968.0,1344.0,6.6770,61.16
48.670,warmup,4968.0,1344.0,6.6770,61.03
48.770,warmup,4968.0,1352.0,6.7167,61.06
48.870,warmup,4968.0,1352.0,6.7167,61.03
48.970,warmup,4968.0,1360.0,6.7565,61.06
49.070,warmup,4968.0,1352.0,6.7167,61.03
49.171,warmup,4968.0,1352.0,6.7167,61.03
49.271,warmup,4968.0,1352.0,6.7167,61.25
49.371,warmup,4968.0,1344.0,6.6770,61.25
49.471,warmup,4968.0,1336.0,6.6372,61.19
49.571,warmup,4968.0,1344.0,6.6770,61.12
49.671,warmup,4968.0,1344.0,6.6770,61.06
49.771,warmup,4968.0,1336.0,6.6372,61.09
49.872,warmup,4968.0,1344.0,6.6770,61.03
49.972,warmup,4968.0,1344.0,6.6770,61.03
50.072,warmup,4968.0,1336.0,6.6372,61.12
50.172,warmup,4968.0,1352.0,6.7167,61.25
50.272,warmup,4968.0,1352.0,6.7167,61.25
50.372,warmup,4968.0,1352.0,6.7167,61.12
50.472,warmup,4968.0,1352.0,6.7167,61.16
50.572,warmup,4968.0,1352.0,6.7167,61.19
50.673,warmup,4968.0,1360.0,6.7565,61.09
50.773,warmup,4968.0,1360.0,6.7565,61.06
50.873,warmup,4968.0,1360.0,6.7565,61.12
50.973,warmup,4968.0,1352.0,6.7167,61.34
51.073,warmup,4968.0,1352.0,6.7167,61.19
51.173,warmup,4968.0,1360.0,6.7565,61.25
51.273,warmup,4968.0,1352.0,6.7167,61.16
51.374,warmup,4968.0,1344.0,6.6770,61.12
51.474,warmup,4968.0,1352.0,6.7167,61.06
51.574,warmup,4968.0,1352.0,6.7167,61.09
51.674,warmup,4968.0,1352.0,6.7167,61.12
51.774,warmup,4968.0,1344.0,6.6770,61.06
51.874,warmup,4968.0,1352.0,6.7167,61.19
51.974,warmup,4968.0,1352.0,6.7167,61.25
52.075,warmup,4968.0,1352.0,6.7167,61.25
52.175,warmup,4968.0,1344.0,6.6770,61.22
52.275,warmup,4968.0,1352.0,6.7167,61.19
52.375,warmup,4968.0,1344.0,6.6770,61.12
52.475,warmup,4968.0,1336.0,6.6372,61.16
52.575,warmup,4968.0,1344.0,6.6770,61.12
52.675,warmup,4968.0,1344.0,6.6770,61.00
52.776,warmup,4968.0,1336.0,6.6372,61.06
52.876,warmup,4968.0,1344.0,6.6770,61.28
52.976,warmup,4968.0,1344.0,6.6770,61.31
53.076,warmup,4968.0,1336.0,6.6372,61.19
53.176,warmup,4968.0,1344.0,6.6770,61.22
53.276,warmup,4968.0,1352.0,6.7167,61.19
53.376,warmup,4968.0,1352.0,6.7167,61.12
53.477,warmup,4968.0,1344.0,6.6770,61.06
53.577,warmup,4968.0,1352.0,6.7167,61.03
53.677,warmup,4968.0,1360.0,6.7565,61.06
53.777,warmup,4968.0,1352.0,6.7167,61.34
53.877,warmup,4968.0,1344.0,6.6770,61.34
53.977,warmup,4968.0,1352.0,6.7167,61.22
54.077,warmup,4968.0,1360.0,6.7565,61.16
54.178,warmup,4968.0,1360.0,6.7565,61.12
54.278,warmup,4968.0,1352.0,6.7167,61.19
54.378,warmup,4968.0,1352.0,6.7167,61.19
54.478,warmup,4968.0,1360.0,6.7565,61.06
54.578,warmup,4968.0,1352.0,6.7167,61.12
54.678,warmup,4968.0,1344.0,6.6770,61.16
54.778,warmup,4968.0,1352.0,6.7167,61.34
54.879,warmup,4968.0,1352.0,6.7167,61.25
54.979,warmup,4968.0,1352.0,6.7167,61.19
55.079,warmup,4968.0,1344.0,6.6770,61.16
55.179,warmup,4968.0,1352.0,6.7167,61.19
55.279,warmup,4968.0,1344.0,6.6770,61.22
55.379,warmup,4968.0,1336.0,6.6372,61.03
55.479,warmup,4968.0,1344.0,6.6770,61.00
55.580,warmup,4968.0,1344.0,6.6770,61.09
55.680,warmup,4968.0,1336.0,6.6372,61.31
55.780,warmup,4968.0,1344.0,6.6770,61.25
55.880,warmup,4968.0,1352.0,6.7167,61.19
55.980,warmup,4968.0,1344.0,6.6770,61.19
56.080,warmup,4968.0,1344.0,6.6770,61.22
56.180,warmup,4968.0,1352.0,6.7167,61.16
56.280,warmup,4968.0,1352.0,6.7167,61.09
56.381,warmup,4968.0,1344.0,6.6770,61.12
56.481,warmup,4968.0,1344.0,6.6770,61.09
56.581,warmup,4968.0,1352.0,6.7167,61.06
56.681,warmup,4968.0,1352.0,6.7167,61.19
56.781,warmup,4968.0,1352.0,6.7167,61.16
56.881,warmup,4968.0,1344.0,6.6770,61.22
56.981,warmup,4968.0,1352.0,6.7167,61.19
57.082,warmup,4968.0,1352.0,6.7167,61.16
57.182,warmup,4968.0,1344.0,6.6770,61.03
57.282,warmup,4968.0,1344.0,6.6770,61.12
57.382,warmup,4968.0,1352.0,6.7167,61.09
57.482,warmup,4968.0,1352.0,6.7167,61.09
57.582,warmup,4968.0,1344.0,6.6770,61.34
57.682,warmup,4968.0,1344.0,6.6770,61.28
57.783,warmup,4968.0,1344.0,6.6770,61.19
57.883,warmup,4968.0,1336.0,6.6372,61.19
57.983,warmup,4968.0,1344.0,6.6770,61.16
58.083,warmup,4968.0,1344.0,6.6770,61.19
58.183,warmup,4968.0,1336.0,6.6372,61.03
58.284,warmup,4968.0,1344.0,6.6770,61.09
58.384,warmup,4968.0,1352.0,6.7167,61.06
58.484,warmup,4968.0,1344.0,6.6770,61.22
58.584,warmup,4968.0,1344.0,6.6770,61.25
58.684,warmup,4968.0,1344.0,6.6770,61.28
58.784,warmup,4968.0,1352.0,6.7167,61.28
58.884,warmup,4968.0,1352.0,6.7167,61.22
58.985,warmup,4968.0,1344.0,6.6770,61.22
59.085,warmup,4968.0,1352.0,6.7167,61.22
59.185,warmup,4968.0,1352.0,6.7167,61.12
59.285,warmup,4968.0,1352.0,6.7167,61.12
59.386,warmup,4968.0,1352.0,6.7167,61.06
59.486,warmup,4968.0,1352.0,6.7167,61.34
59.586,warmup,4968.0,1360.0,6.7565,61.25
59.686,warmup,4968.0,1352.0,6.7167,61.28
59.786,warmup,4968.0,1352.0,6.7167,61.09
59.887,warmup,4968.0,1352.0,6.7167,61.19
59.987,warmup,4968.0,1360.0,6.7565,61.09
60.087,warmup,4968.0,1352.0,6.7167,61.22
60.187,warmup,4968.0,1344.0,6.6770,61.12
60.287,warmup,4968.0,1352.0,6.7167,61.09
60.387,measure,4968.0,1344.0,6.6770,61.25
60.487,measure,4968.0,1344.0,6.6770,61.31
60.588,measure,4968.0,1344.0,6.6770,61.28
60.688,measure,4968.0,1344.0,6.6770,61.12
60.788,measure,4968.0,1336.0,6.6372,61.19
60.888,measure,4968.0,1352.0,6.7167,61.19
60.988,measure,4968.0,1344.0,6.6770,61.16
61.088,measure,4968.0,1336.0,6.6372,61.16
61.188,measure,4968.0,1344.0,6.6770,61.12
61.289,measure,4968.0,1344.0,6.6770,61.34
61.389,measure,4968.0,1336.0,6.6372,61.34
61.489,measure,4968.0,1344.0,6.6770,61.22
61.589,measure,4968.0,1352.0,6.7167,61.25
61.689,measure,4968.0,1352.0,6.7167,61.16
61.789,measure,4968.0,1344.0,6.6770,61.22
61.889,measure,4968.0,1352.0,6.7167,61.12
61.990,measure,4968.0,1352.0,6.7167,61.16
62.090,measure,4968.0,1344.0,6.6770,61.06
62.190,measure,4968.0,1352.0,6.7167,61.22
62.290,measure,4968.0,1352.0,6.7167,61.34
62.390,measure,4968.0,1352.0,6.7167,61.19
62.490,measure,4968.0,1344.0,6.6770,61.19
62.590,measure,4968.0,1352.0,6.7167,61.28
62.691,measure,4968.0,1360.0,6.7565,61.19
62.791,measure,4968.0,1352.0,6.7167,61.25
62.891,measure,4968.0,1344.0,6.6770,61.25
62.991,measure,4968.0,1352.0,6.7167,61.22
63.091,measure,4968.0,1344.0,6.6770,61.34
63.191,measure,4968.0,1344.0,6.6770,61.31
63.291,measure,4968.0,1344.0,6.6770,61.34
63.392,measure,4968.0,1344.0,6.6770,61.25
63.492,measure,4968.0,1344.0,6.6770,61.25
63.592,measure,4968.0,1352.0,6.7167,61.19
63.692,measure,4968.0,1352.0,6.7167,61.28
63.792,measure,4968.0,1344.0,6.6770,61.19
63.892,measure,4968.0,1344.0,6.6770,61.22
63.992,measure,4968.0,1352.0,6.7167,61.16
64.093,measure,4968.0,1352.0,6.7167,61.34
64.193,measure,4968.0,1344.0,6.6770,61.34
64.293,measure,4968.0,1352.0,6.7167,61.34
64.393,measure,4968.0,1344.0,6.6770,61.22
64.493,measure,4968.0,1336.0,6.6372,61.16
64.593,measure,4968.0,1344.0,6.6770,61.22
64.693,measure,4968.0,1352.0,6.7167,61.16
64.794,measure,4968.0,1352.0,6.7167,61.22
64.894,measure,4968.0,1344.0,6.6770,61.34
64.994,measure,4968.0,1352.0,6.7167,61.31
65.094,measure,4968.0,1360.0,6.7565,61.25
65.194,measure,4968.0,1360.0,6.7565,61.28
65.294,measure,4968.0,1352.0,6.7167,61.28
65.394,measure,4968.0,1352.0,6.7167,61.28
65.494,measure,4968.0,1360.0,6.7565,61.22
65.595,measure,4968.0,1352.0,6.7167,61.16
65.695,measure,4968.0,1352.0,6.7167,61.22
65.795,measure,4968.0,1352.0,6.7167,61.34
65.895,measure,4968.0,1360.0,6.7565,61.31
65.995,measure,4968.0,1360.0,6.7565,61.34
66.095,measure,4968.0,1352.0,6.7167,61.31
66.196,measure,4968.0,1352.0,6.7167,61.28
66.296,measure,4968.0,1360.0,6.7565,61.25
66.396,measure,4968.0,1360.0,6.7565,61.25
66.496,measure,4968.0,1352.0,6.7167,61.12
66.596,measure,4968.0,1352.0,6.7167,61.22
66.696,measure,4968.0,1360.0,6.7565,61.28
66.797,measure,4968.0,1352.0,6.7167,61.34
66.897,measure,4968.0,1344.0,6.6770,61.34
66.997,measure,4968.0,1352.0,6.7167,61.34
67.097,measure,4968.0,1344.0,6.6770,61.31
67.197,measure,4968.0,1344.0,6.6770,61.28
67.297,measure,4968.0,1352.0,6.7167,61.34
67.397,measure,4968.0,1352.0,6.7167,61.25
67.498,measure,4968.0,1344.0,6.6770,61.19
67.598,measure,4968.0,1344.0,6.6770,61.38
67.698,measure,4968.0,1352.0,6.7167,61.41
67.798,measure,4968.0,1352.0,6.7167,61.34
67.898,measure,4968.0,1344.0,6.6770,61.25
67.999,measure,4968.0,1352.0,6.7167,61.31
68.099,measure,4968.0,1344.0,6.6770,61.31
68.199,measure,4968.0,1336.0,6.6372,61.25
68.299,measure,4968.0,1344.0,6.6770,61.28
68.399,measure,4968.0,1344.0,6.6770,61.25
68.499,measure,4968.0,1336.0,6.6372,61.41
68.599,measure,4968.0,1344.0,6.6770,61.38
68.699,measure,4968.0,1344.0,6.6770,61.38
68.800,measure,4968.0,1336.0,6.6372,61.38
68.900,measure,4968.0,1344.0,6.6770,61.31
69.000,measure,4968.0,1344.0,6.6770,61.31
69.100,measure,4968.0,1336.0,6.6372,61.31
69.200,measure,4968.0,1344.0,6.6770,61.22
69.300,measure,4968.0,1352.0,6.7167,61.22
69.400,measure,4968.0,1352.0,6.7167,61.41
69.501,measure,4968.0,1344.0,6.6770,61.38
69.601,measure,4968.0,1352.0,6.7167,61.38
69.701,measure,4968.0,1352.0,6.7167,61.41
69.801,measure,4968.0,1352.0,6.7167,61.34
69.901,measure,4968.0,1344.0,6.6770,61.31
70.001,measure,4968.0,1352.0,6.7167,61.25
70.101,measure,4968.0,1352.0,6.7167,61.25
70.202,measure,4968.0,1352.0,6.7167,61.31
70.302,measure,4968.0,1352.0,6.7167,61.31
70.402,measure,4968.0,1352.0,6.7167,61.38
70.502,measure,4968.0,1352.0,6.7167,61.38
70.602,measure,4968.0,1344.0,6.6770,61.38
70.702,measure,4968.0,1352.0,6.7167,61.34
70.802,measure,4968.0,1352.0,6.7167,61.28
70.903,measure,4968.0,1352.0,6.7167,61.25
71.003,measure,4968.0,1352.0,6.7167,61.31
71.103,measure,4968.0,1352.0,6.7167,61.28
71.203,measure,4968.0,1360.0,6.7565,61.28
71.303,measure,4968.0,1352.0,6.7167,61.47
71.403,measure,4968.0,1352.0,6.7167,61.44
71.503,measure,4968.0,1352.0,6.7167,61.38
71.604,measure,4968.0,1344.0,6.6770,61.34
71.704,measure,4968.0,1344.0,6.6770,61.34
71.804,measure,4968.0,1352.0,6.7167,61.31
71.904,measure,4968.0,1352.0,6.7167,61.28
72.004,measure,4968.0,1344.0,6.6770,61.19
72.104,measure,4968.0,1352.0,6.7167,61.34
72.204,measure,4968.0,1344.0,6.6770,61.56
72.305,measure,4968.0,1344.0,6.6770,61.44
72.405,measure,4968.0,1352.0,6.7167,61.38
72.505,measure,4968.0,1344.0,6.6770,61.34
72.605,measure,4968.0,1344.0,6.6770,61.31
72.705,measure,4968.0,1344.0,6.6770,61.34
72.805,measure,4968.0,1352.0,6.7167,61.28
72.905,measure,4968.0,1352.0,6.7167,61.31
73.006,measure,4968.0,1344.0,6.6770,61.31
73.106,measure,4968.0,1352.0,6.7167,61.34
73.206,measure,4968.0,1360.0,6.7565,61.47
73.306,measure,4968.0,1360.0,6.7565,61.38
73.406,measure,4968.0,1352.0,6.7167,61.44
73.506,measure,4968.0,1352.0,6.7167,61.34
73.607,measure,4968.0,1360.0,6.7565,61.34
73.707,measure,4968.0,1360.0,6.7565,61.31
73.807,measure,4968.0,1352.0,6.7167,61.31
73.907,measure,4968.0,1352.0,6.7167,61.28
74.007,measure,4968.0,1360.0,6.7565,61.34
74.107,measure,4968.0,1360.0,6.7565,61.53
74.208,measure,4968.0,1360.0,6.7565,61.53
74.308,measure,4968.0,1352.0,6.7167,61.34
74.408,measure,4968.0,1360.0,6.7565,61.34
74.508,measure,4968.0,1360.0,6.7565,61.34
74.608,measure,4968.0,1360.0,6.7565,61.34
74.708,measure,4968.0,1352.0,6.7167,61.34
74.808,measure,4968.0,1360.0,6.7565,61.31
74.909,measure,4968.0,1360.0,6.7565,61.31
75.009,measure,4968.0,1352.0,6.7167,61.34
75.109,measure,4968.0,1352.0,6.7167,61.44
75.209,measure,4968.0,1360.0,6.7565,61.34
75.309,measure,4968.0,1360.0,6.7565,61.38
75.409,measure,4968.0,1360.0,6.7565,61.38
75.509,measure,4968.0,1352.0,6.7167,61.31
75.610,measure,4968.0,1352.0,6.7167,61.28
75.710,measure,4968.0,1360.0,6.7565,61.31
75.810,measure,4968.0,1352.0,6.7167,61.28
75.910,measure,4968.0,1352.0,6.7167,61.31
76.010,measure,4968.0,1352.0,6.7167,61.47
76.110,measure,4968.0,1360.0,6.7565,61.41
76.210,measure,4968.0,1352.0,6.7167,61.38
76.311,measure,4968.0,1352.0,6.7167,61.34
76.411,measure,4968.0,1352.0,6.7167,61.34
76.511,measure,4968.0,1352.0,6.7167,61.34
76.611,measure,4968.0,1344.0,6.6770,61.34
76.711,measure,4968.0,1352.0,6.7167,61.28
76.811,measure,4968.0,1360.0,6.7565,61.28
76.911,measure,4968.0,1360.0,6.7565,61.41
77.012,measure,4968.0,1352.0,6.7167,61.47
77.112,measure,4968.0,1352.0,6.7167,61.41
77.212,measure,4968.0,1360.0,6.7565,61.41
77.312,measure,4968.0,1360.0,6.7565,61.38
77.412,measure,4968.0,1352.0,6.7167,61.34
77.512,measure,4968.0,1352.0,6.7167,61.34
77.612,measure,4968.0,1360.0,6.7565,61.31
77.713,measure,4968.0,1352.0,6.7167,61.31
77.813,measure,4968.0,1352.0,6.7167,61.47
77.913,measure,4968.0,1352.0,6.7167,61.44
78.013,measure,4968.0,1360.0,6.7565,61.41
78.113,measure,4968.0,1360.0,6.7565,61.31
78.213,measure,4968.0,1352.0,6.7167,61.34
78.313,measure,4968.0,1352.0,6.7167,61.34
78.414,measure,4968.0,1360.0,6.7565,61.34
78.514,measure,4968.0,1352.0,6.7167,61.38
78.614,measure,4968.0,1344.0,6.6770,61.31
78.714,measure,4968.0,1352.0,6.7167,61.50
78.814,measure,4968.0,1352.0,6.7167,61.44
78.914,measure,4968.0,1344.0,6.6770,61.41
79.015,measure,4968.0,1352.0,6.7167,61.47
79.115,measure,4968.0,1352.0,6.7167,61.38
79.215,measure,4968.0,1336.0,6.6372,61.41
79.315,measure,4968.0,1344.0,6.6770,61.34
79.415,measure,4968.0,1344.0,6.6770,61.34
79.515,measure,4968.0,1336.0,6.6372,61.34
79.615,measure,4968.0,1344.0,6.6770,61.47
79.715,measure,4968.0,1344.0,6.6770,61.47
79.816,measure,4968.0,1336.0,6.6372,61.44
79.916,measure,4968.0,1336.0,6.6372,61.47
80.016,measure,4968.0,1344.0,6.6770,61.34
80.116,measure,4968.0,1336.0,6.6372,61.41
80.216,measure,4968.0,1336.0,6.6372,61.38
80.316,measure,4968.0,1344.0,6.6770,61.34
80.416,measure,4968.0,1336.0,6.6372,61.34
80.517,measure,4968.0,1344.0,6.6770,61.50
80.617,measure,4968.0,1344.0,6.6770,61.50
80.717,measure,4968.0,1344.0,6.6770,61.44
80.817,measure,4968.0,1336.0,6.6372,61.41
80.917,measure,4968.0,1344.0,6.6770,61.47
81.017,measure,4968.0,1344.0,6.6770,61.34
81.117,measure,4968.0,1336.0,6.6372,61.41
81.218,measure,4968.0,1344.0,6.6770,61.34
81.318,measure,4968.0,1344.0,6.6770,61.31
81.418,measure,4968.0,1336.0,6.6372,61.59
81.518,measure,4968.0,1344.0,6.6770,61.47
81.618,measure,4968.0,1344.0,6.6770,61.47
81.718,measure,4968.0,1336.0,6.6372,61.44
81.818,measure,4968.0,1344.0,6.6770,61.44
81.918,measure,4968.0,1344.0,6.6770,61.38
82.019,measure,4968.0,1336.0,6.6372,61.38
82.119,measure,4968.0,1344.0,6.6770,61.38
82.219,measure,4968.0,1344.0,6.6770,61.34
82.319,measure,4968.0,1336.0,6.6372,61.50
82.419,measure,4968.0,1344.0,6.6770,61.56
82.519,measure,4968.0,1344.0,6.6770,61.44
82.619,measure,4968.0,1336.0,6.6372,61.41
82.719,measure,4968.0,1344.0,6.6770,61.50
82.820,measure,4968.0,1344.0,6.6770,61.34
82.920,measure,4968.0,1336.0,6.6372,61.44
83.020,measure,4968.0,1344.0,6.6770,61.41
83.120,measure,4968.0,1344.0,6.6770,61.34
83.220,measure,4968.0,1336.0,6.6372,61.53
83.320,measure,4968.0,1344.0,6.6770,61.50
83.420,measure,4968.0,1344.0,6.6770,61.50
83.521,measure,4968.0,1336.0,6.6372,61.44
83.621,measure,4968.0,1344.0,6.6770,61.50
83.721,measure,4968.0,1344.0,6.6770,61.34
83.821,measure,4968.0,1336.0,6.6372,61.47
83.921,measure,4968.0,1344.0,6.6770,61.41
84.021,measure,4968.0,1344.0,6.6770,61.31
84.121,measure,4968.0,1336.0,6.6372,61.59
84.221,measure,4968.0,1344.0,6.6770,61.59
84.322,measure,4968.0,1344.0,6.6770,61.50
84.422,measure,4968.0,1344.0,6.6770,61.41
84.522,measure,4968.0,1352.0,6.7167,61.41
84.622,measure,4968.0,1344.0,6.6770,61.47
84.722,measure,4968.0,1336.0,6.6372,61.41
84.822,measure,4968.0,1344.0,6.6770,61.34
84.922,measure,4968.0,1344.0,6.6770,61.38
85.023,measure,4968.0,1336.0,6.6372,61.62
85.123,measure,4968.0,1344.0,6.6770,61.59
85.223,measure,4968.0,1344.0,6.6770,61.47
85.323,measure,4968.0,1344.0,6.6770,61.50
85.423,measure,4968.0,1352.0,6.7167,61.34
85.523,measure,4968.0,1344.0,6.6770,61.47
85.623,measure,4968.0,1344.0,6.6770,61.50
85.723,measure,4968.0,1344.0,6.6770,61.38
85.824,measure,4968.0,1344.0,6.6770,61.38
85.924,measure,4968.0,1336.0,6.6372,61.66
86.024,measure,4968.0,1344.0,6.6770,61.62
86.124,measure,4968.0,1344.0,6.6770,61.50
86.224,measure,4968.0,1336.0,6.6372,61.50
86.324,measure,4968.0,1344.0,6.6770,61.44
86.424,measure,4968.0,1344.0,6.6770,61.38
86.524,measure,4968.0,1336.0,6.6372,61.50
86.625,measure,4968.0,1344.0,6.6770,61.41
86.725,measure,4968.0,1344.0,6.6770,61.44
86.825,measure,4968.0,1336.0,6.6372,61.38
86.925,measure,4968.0,1344.0,6.6770,61.62
87.025,measure,4968.0,1344.0,6.6770,61.50
87.125,measure,4968.0,1336.0,6.6372,61.50
87.225,measure,4968.0,1344.0,6.6770,61.47
87.326,measure,4968.0,1344.0,6.6770,61.44
87.426,measure,4968.0,1336.0,6.6372,61.38
87.526,measure,4968.0,1344.0,6.6770,61.44
87.626,measure,4968.0,1344.0,6.6770,61.44
87.726,measure,4968.0,1336.0,6.6372,61.41
87.826,measure,4968.0,1344.0,6.6770,61.59
87.926,measure,4968.0,1344.0,6.6770,61.53
88.026,measure,4968.0,1336.0,6.6372,61.56
88.127,measure,4968.0,1344.0,6.6770,61.53
88.227,measure,4968.0,1344.0,6.6770,61.41
88.327,measure,4968.0,1344.0,6.6770,61.34
88.427,measure,4968.0,1344.0,6.6770,61.44
88.527,measure,4968.0,1352.0,6.7167,61.41
88.627,measure,4968.0,1344.0,6.6770,61.44
88.727,measure,4968.0,1344.0,6.6770,61.56
88.828,measure,4968.0,1344.0,6.6770,61.59
88.928,measure,4968.0,1336.0,6.6372,61.53
89.028,measure,4968.0,1336.0,6.6372,61.44
89.128,measure,4968.0,1344.0,6.6770,61.47
89.228,measure,4968.0,1336.0,6.6372,61.41
89.328,measure,4968.0,1336.0,6.6372,61.44
89.428,measure,4968.0,1336.0,6.6372,61.47
89.528,measure,4968.0,1336.0,6.6372,61.38
89.629,measure,4968.0,1336.0,6.6372,61.34
89.729,measure,4968.0,1344.0,6.6770,61.62
89.829,measure,4968.0,1336.0,6.6372,61.53
89.929,measure,4968.0,1344.0,6.6770,61.47
90.029,measure,4968.0,1344.0,6.6770,61.47
90.129,measure,4968.0,1336.0,6.6372,61.47
90.229,measure,4968.0,1336.0,6.6372,61.41
90.329,measure,4968.0,1344.0,6.6770,61.41
90.430,measure,4968.0,1336.0,6.6372,61.41
90.530,measure,4968.0,1344.0,6.6770,61.38
90.630,measure,4968.0,1344.0,6.6770,61.59
90.730,measure,4968.0,1344.0,6.6770,61.59
90.830,measure,4968.0,1336.0,6.6372,61.47
90.930,measure,4968.0,1344.0,6.6770,61.50
91.030,measure,4968.0,1344.0,6.6770,61.53
91.131,measure,4968.0,1336.0,6.6372,61.47
91.231,measure,4968.0,1344.0,6.6770,61.44
91.331,measure,4968.0,1344.0,6.6770,61.38
91.431,measure,4968.0,1336.0,6.6372,61.62
91.531,measure,4968.0,1344.0,6.6770,61.56
91.631,measure,4968.0,1344.0,6.6770,61.66
91.732,measure,4968.0,1336.0,6.6372,61.47
91.832,measure,4968.0,1344.0,6.6770,61.50
91.932,measure,4968.0,1344.0,6.6770,61.41
92.032,measure,4968.0,1336.0,6.6372,61.50
92.132,measure,4968.0,1344.0,6.6770,61.50
92.232,measure,4968.0,1344.0,6.6770,61.31
92.332,measure,4968.0,1336.0,6.6372,61.56
92.432,measure,4968.0,1344.0,6.6770,61.59
92.533,measure,4968.0,1336.0,6.6372,61.59
92.633,measure,4968.0,1336.0,6.6372,61.53
92.733,measure,4968.0,1344.0,6.6770,61.50
92.833,measure,4968.0,1344.0,6.6770,61.47
92.933,measure,4968.0,1336.0,6.6372,61.41
93.033,measure,4968.0,1344.0,6.6770,61.47
93.133,measure,4968.0,1344.0,6.6770,61.41
93.234,measure,4968.0,1336.0,6.6372,61.66
93.334,measure,4968.0,1344.0,6.6770,61.53
93.434,measure,4968.0,1344.0,6.6770,61.59
93.534,measure,4968.0,1336.0,6.6372,61.53
93.634,measure,4968.0,1344.0,6.6770,61.50
93.734,measure,4968.0,1344.0,6.6770,61.47
93.834,measure,4968.0,1344.0,6.6770,61.41
93.934,measure,4968.0,1344.0,6.6770,61.53
94.035,measure,4968.0,1344.0,6.6770,61.47
94.135,measure,4968.0,1344.0,6.6770,61.44
94.235,measure,4968.0,1344.0,6.6770,61.66
94.335,measure,4968.0,1344.0,6.6770,61.62
94.435,measure,4968.0,1344.0,6.6770,61.53
94.535,measure,4968.0,1344.0,6.6770,61.56
94.635,measure,4968.0,1352.0,6.7167,61.44
94.736,measure,4968.0,1344.0,6.6770,61.53
94.836,measure,4968.0,1336.0,6.6372,61.50
94.936,measure,4968.0,1344.0,6.6770,61.44
95.036,measure,4968.0,1344.0,6.6770,61.66
95.136,measure,4968.0,1336.0,6.6372,61.62
95.236,measure,4968.0,1344.0,6.6770,61.66
95.336,measure,4968.0,1344.0,6.6770,61.59
95.436,measure,4968.0,1336.0,6.6372,61.62
95.537,measure,4968.0,1344.0,6.6770,61.50
95.637,measure,4968.0,1344.0,6.6770,61.53
95.737,measure,4968.0,1336.0,6.6372,61.53
95.837,measure,4968.0,1344.0,6.6770,61.50
95.937,measure,4968.0,1344.0,6.6770,61.72
96.037,measure,4968.0,1336.0,6.6372,61.69
96.137,measure,4968.0,1344.0,6.6770,61.69
96.238,measure,4968.0,1344.0,6.6770,61.62
96.338,measure,4968.0,1336.0,6.6372,61.62
96.438,measure,4968.0,1344.0,6.6770,61.47
96.538,measure,4968.0,1344.0,6.6770,61.56
96.638,measure,4968.0,1336.0,6.6372,61.50
96.738,measure,4968.0,1344.0,6.6770,61.56
96.838,measure,4968.0,1344.0,6.6770,61.44
96.939,measure,4968.0,1336.0,6.6372,61.69
97.039,measure,4968.0,1344.0,6.6770,61.62
97.139,measure,4968.0,1344.0,6.6770,61.56
97.239,measure,4968.0,1336.0,6.6372,61.50
97.339,measure,4968.0,1344.0,6.6770,61.59
97.439,measure,4968.0,1344.0,6.6770,61.50
97.539,measure,4968.0,1336.0,6.6372,61.41
97.639,measure,4968.0,1344.0,6.6770,61.56
97.740,measure,4968.0,1344.0,6.6770,61.69
97.840,measure,4968.0,1336.0,6.6372,61.72
97.940,measure,4968.0,1344.0,6.6770,61.69
98.040,measure,4968.0,1344.0,6.6770,61.62
98.140,measure,4968.0,1336.0,6.6372,61.56
98.240,measure,4968.0,1344.0,6.6770,61.53
98.341,measure,4968.0,1344.0,6.6770,61.62
98.441,measure,4968.0,1336.0,6.6372,61.56
98.541,measure,4968.0,1344.0,6.6770,61.50
98.641,measure,4968.0,1344.0,6.6770,61.53
98.741,measure,4968.0,1344.0,6.6770,61.72
98.841,measure,4968.0,1344.0,6.6770,61.69
98.941,measure,4968.0,1344.0,6.6770,61.62
99.041,measure,4968.0,1344.0,6.6770,61.56
99.142,measure,4968.0,1344.0,6.6770,61.59
99.242,measure,4968.0,1344.0,6.6770,61.53
99.342,measure,4968.0,1344.0,6.6770,61.56
99.442,measure,4968.0,1336.0,6.6372,61.50
99.542,measure,4968.0,1344.0,6.6770,61.47
99.642,measure,4968.0,1344.0,6.6770,61.75
99.742,measure,4968.0,1336.0,6.6372,61.72
99.843,measure,4968.0,1344.0,6.6770,61.62
99.943,measure,4968.0,1344.0,6.6770,61.62
100.043,measure,4968.0,1336.0,6.6372,61.56
100.143,measure,4968.0,1344.0,6.6770,61.62
100.243,measure,4968.0,1344.0,6.6770,61.66
100.343,measure,4968.0,1336.0,6.6372,61.56
100.443,measure,4968.0,1344.0,6.6770,61.53
100.543,measure,4968.0,1344.0,6.6770,61.59
100.644,measure,4968.0,1336.0,6.6372,61.81
100.744,measure,4968.0,1344.0,6.6770,61.69
100.844,measure,4968.0,1344.0,6.6770,61.72
100.944,measure,4968.0,1336.0,6.6372,61.56
101.044,measure,4968.0,1344.0,6.6770,61.50
101.144,measure,4968.0,1344.0,6.6770,61.44
101.244,measure,4968.0,1336.0,6.6372,61.44
101.345,measure,4968.0,1344.0,6.6770,61.53
101.445,measure,4968.0,1344.0,6.6770,61.53
101.545,measure,4968.0,1336.0,6.6372,61.78
101.645,measure,4968.0,1344.0,6.6770,61.62
101.745,measure,4968.0,1344.0,6.6770,61.66
101.845,measure,4968.0,1336.0,6.6372,61.53
101.945,measure,4968.0,1344.0,6.6770,61.53
102.045,measure,4968.0,1344.0,6.6770,61.53
102.146,measure,4968.0,1336.0,6.6372,61.56
102.246,measure,4968.0,1344.0,6.6770,61.53
102.346,measure,4968.0,1344.0,6.6770,61.53
102.446,measure,4968.0,1336.0,6.6372,61.84
102.546,measure,4968.0,1344.0,6.6770,61.72
102.646,measure,4968.0,1344.0,6.6770,61.69
102.746,measure,4968.0,1336.0,6.6372,61.62
102.846,measure,4968.0,1344.0,6.6770,61.59
102.947,measure,4968.0,1344.0,6.6770,61.59
103.047,measure,4968.0,1336.0,6.6372,61.59
103.147,measure,4968.0,1344.0,6.6770,61.50
103.247,measure,4968.0,1344.0,6.6770,61.59
103.347,measure,4968.0,1336.0,6.6372,61.75
103.447,measure,4968.0,1336.0,6.6372,61.69
103.547,measure,4968.0,1344.0,6.6770,61.66
103.647,measure,4968.0,1336.0,6.6372,61.62
103.748,measure,4968.0,1336.0,6.6372,61.59
103.848,measure,4968.0,1344.0,6.6770,61.53
103.948,measure,4968.0,1336.0,6.6372,61.56
104.048,measure,4968.0,1344.0,6.6770,61.53
104.148,measure,4968.0,1344.0,6.6770,61.56
104.248,measure,4968.0,1336.0,6.6372,61.72
104.348,measure,4968.0,1344.0,6.6770,61.69
104.448,measure,4968.0,1344.0,6.6770,61.69
104.549,measure,4968.0,1344.0,6.6770,61.56
104.649,measure,4968.0,1336.0,6.6372,61.69
104.749,measure,4968.0,1344.0,6.6770,61.69
104.849,measure,4968.0,1344.0,6.6770,61.62
104.949,measure,4968.0,1336.0,6.6372,61.59
105.049,measure,4968.0,1344.0,6.6770,61.56
105.149,measure,4968.0,1344.0,6.6770,61.78
105.249,measure,4968.0,1336.0,6.6372,61.75
105.350,measure,4968.0,1344.0,6.6770,61.62
105.450,measure,4968.0,1344.0,6.6770,61.66
105.550,measure,4968.0,1336.0,6.6372,61.72
105.650,measure,4968.0,1344.0,6.6770,61.50
105.750,measure,4968.0,1344.0,6.6770,61.59
105.850,measure,4968.0,1336.0,6.6372,61.59
105.950,measure,4968.0,1344.0,6.6770,61.50
106.051,measure,4968.0,1344.0,6.6770,61.66
106.151,measure,4968.0,1336.0,6.6372,61.75
106.251,measure,4968.0,1344.0,6.6770,61.69
106.351,measure,4968.0,1344.0,6.6770,61.69
106.451,measure,4968.0,1336.0,6.6372,61.62
106.551,measure,4968.0,1344.0,6.6770,61.56
106.651,measure,4968.0,1344.0,6.6770,61.59
106.751,measure,4968.0,1336.0,6.6372,61.59
106.852,measure,4968.0,1344.0,6.6770,61.56
106.952,measure,4968.0,1344.0,6.6770,61.81
107.052,measure,4968.0,1336.0,6.6372,61.69
107.152,measure,4968.0,1344.0,6.6770,61.72
107.252,measure,4968.0,1344.0,6.6770,61.72
107.352,measure,4968.0,1336.0,6.6372,61.62
107.452,measure,4968.0,1344.0,6.6770,61.59
107.553,measure,4968.0,1344.0,6.6770,61.59
107.653,measure,4968.0,1336.0,6.6372,61.59
107.753,measure,4968.0,1344.0,6.6770,61.53
107.853,measure,4968.0,1344.0,6.6770,61.84
107.953,measure,4968.0,1336.0,6.6372,61.81
108.053,measure,4968.0,1344.0,6.6770,61.66
108.153,measure,4968.0,1344.0,6.6770,61.66
108.254,measure,4968.0,1336.0,6.6372,61.62
108.354,measure,4968.0,1344.0,6.6770,61.59
108.454,measure,4968.0,1344.0,6.6770,61.59
108.554,measure,4968.0,1336.0,6.6372,61.56
108.654,measure,4968.0,1344.0,6.6770,61.53
108.754,measure,4968.0,1344.0,6.6770,61.72
108.854,measure,4968.0,1336.0,6.6372,61.72
108.954,measure,4968.0,1344.0,6.6770,61.62
109.055,measure,4968.0,1344.0,6.6770,61.66
109.155,measure,4968.0,1336.0,6.6372,61.59
109.255,measure,4968.0,1344.0,6.6770,61.56
109.355,measure,4968.0,1344.0,6.6770,61.62
109.455,measure,4968.0,1344.0,6.6770,61.50
109.555,measure,4968.0,1336.0,6.6372,61.56
109.655,measure,4968.0,1344.0,6.6770,61.78
109.755,measure,4968.0,1344.0,6.6770,61.75
109.856,measure,4968.0,1336.0,6.6372,61.69
109.956,measure,4968.0,1344.0,6.6770,61.62
110.056,measure,4968.0,1344.0,6.6770,61.69
110.156,measure,4968.0,1344.0,6.6770,61.62
110.256,measure,4968.0,1352.0,6.7167,61.62
110.356,measure,4968.0,1344.0,6.6770,61.62
110.456,measure,4968.0,1336.0,6.6372,61.62
110.557,measure,4968.0,1344.0,6.6770,61.81
110.657,measure,4968.0,1344.0,6.6770,61.75
110.757,measure,4968.0,1336.0,6.6372,61.72
110.857,measure,4968.0,1344.0,6.6770,61.72
110.957,measure,4968.0,1344.0,6.6770,61.62
111.057,measure,4968.0,1336.0,6.6372,61.66
111.158,measure,4968.0,1344.0,6.6770,61.72
111.258,measure,4968.0,1344.0,6.6770,61.62
111.358,measure,4968.0,1336.0,6.6372,61.66
111.458,measure,4968.0,1344.0,6.6770,61.78
111.558,measure,4968.0,1344.0,6.6770,61.78
111.658,measure,4968.0,1336.0,6.6372,61.66
111.758,measure,4968.0,1344.0,6.6770,61.75
111.858,measure,4968.0,1344.0,6.6770,61.66
111.959,measure,4968.0,1336.0,6.6372,61.72
112.059,measure,4968.0,1344.0,6.6770,61.62
112.159,measure,4968.0,1344.0,6.6770,61.62
112.259,measure,4968.0,1344.0,6.6770,61.59
112.359,measure,4968.0,1344.0,6.6770,61.53
112.459,measure,4968.0,1344.0,6.6770,61.81
112.559,measure,4968.0,1344.0,6.6770,61.72
112.660,measure,4968.0,1344.0,6.6770,61.78
112.760,measure,4968.0,1352.0,6.7167,61.66
112.860,measure,4968.0,1344.0,6.6770,61.66
112.960,measure,4968.0,1344.0,6.6770,61.66
113.060,measure,4968.0,1352.0,6.7167,61.62
113.160,measure,4968.0,1344.0,6.6770,61.62
113.260,measure,4968.0,1344.0,6.6770,61.62
113.360,measure,4968.0,1344.0,6.6770,61.84
113.461,measure,4968.0,1344.0,6.6770,61.69
113.561,measure,4968.0,1344.0,6.6770,61.66
113.661,measure,4968.0,1352.0,6.7167,61.69
113.761,measure,4968.0,1344.0,6.6770,61.72
113.861,measure,4968.0,1344.0,6.6770,61.59
113.961,measure,4968.0,1352.0,6.7167,61.56
114.061,measure,4968.0,1344.0,6.6770,61.72
114.161,measure,4968.0,1344.0,6.6770,61.59
114.262,measure,4968.0,1344.0,6.6770,61.59
114.362,measure,4968.0,1344.0,6.6770,61.75
114.462,measure,4968.0,1336.0,6.6372,61.78
114.562,measure,4968.0,1344.0,6.6770,61.75
114.662,measure,4968.0,1344.0,6.6770,61.62
114.762,measure,4968.0,1336.0,6.6372,61.69
114.862,measure,4968.0,1344.0,6.6770,61.59
114.962,measure,4968.0,1344.0,6.6770,61.66
115.063,measure,4968.0,1336.0,6.6372,61.59
115.163,measure,4968.0,1344.0,6.6770,61.62
115.263,measure,4968.0,1344.0,6.6770,61.78
115.363,measure,4968.0,1336.0,6.6372,61.78
115.463,measure,4968.0,1344.0,6.6770,61.75
115.563,measure,4968.0,1344.0,6.6770,61.78
115.663,measure,4968.0,1336.0,6.6372,61.62
115.764,measure,4968.0,1344.0,6.6770,61.66
115.864,measure,4968.0,1344.0,6.6770,61.75
115.964,measure,4968.0,1336.0,6.6372,61.69
116.064,measure,4968.0,1344.0,6.6770,61.62
116.164,measure,4968.0,1344.0,6.6770,61.75
116.264,measure,4968.0,1336.0,6.6372,61.81
116.364,measure,4968.0,1344.0,6.6770,61.72
116.464,measure,4968.0,1344.0,6.6770,61.72
116.565,measure,4968.0,1336.0,6.6372,61.66
116.665,measure,4968.0,1344.0,6.6770,61.75
116.765,measure,4968.0,1344.0,6.6770,61.69
116.865,measure,4968.0,1344.0,6.6770,61.59
116.965,measure,4968.0,1344.0,6.6770,61.78
117.065,measure,4968.0,1352.0,6.7167,61.81
117.165,measure,4968.0,1344.0,6.6770,61.84
117.266,measure,4968.0,1344.0,6.6770,61.78
117.366,measure,4968.0,1352.0,6.7167,61.72
117.466,measure,4968.0,1344.0,6.6770,61.62
117.566,measure,4968.0,1344.0,6.6770,61.72
117.666,measure,4968.0,1344.0,6.6770,61.66
117.766,measure,4968.0,1344.0,6.6770,61.66
117.866,measure,4968.0,1336.0,6.6372,61.66
117.966,measure,4968.0,1344.0,6.6770,61.78
118.067,measure,4968.0,1344.0,6.6770,61.84
118.167,measure,4968.0,1336.0,6.6372,61.81
118.267,measure,4968.0,1344.0,6.6770,61.62
118.367,measure,4968.0,1344.0,6.6770,61.69
118.467,measure,4968.0,1336.0,6.6372,61.75
118.567,measure,4968.0,1344.0,6.6770,61.62
118.667,measure,4968.0,1344.0,6.6770,61.59
118.767,measure,4968.0,1336.0,6.6372,61.84
118.868,measure,4968.0,1344.0,6.6770,61.84
118.968,measure,4968.0,1344.0,6.6770,61.81
119.068,measure,4968.0,1336.0,6.6372,61.69
119.168,measure,4968.0,1344.0,6.6770,61.78
119.268,measure,4968.0,1344.0,6.6770,61.69
119.368,measure,4968.0,1336.0,6.6372,61.81
119.468,measure,4968.0,1344.0,6.6770,61.72
119.569,measure,4968.0,1344.0,6.6770,61.62
119.669,measure,4968.0,1336.0,6.6372,61.56
119.769,measure,4968.0,1344.0,6.6770,61.88
119.869,measure,4968.0,1344.0,6.6770,61.78
119.969,measure,4968.0,1336.0,6.6372,61.75
120.069,measure,4968.0,1344.0,6.6770,61.78
120.169,measure,4968.0,1344.0,6.6770,61.72
120.269,measure,4968.0,1336.0,6.6372,61.72
120.370,measure,4968.0,1344.0,6.6770,61.75
120.470,measure,4968.0,1352.0,6.7167,61.69
120.570,measure,4968.0,1344.0,6.6770,61.84
120.670,measure,4968.0,1344.0,6.6770,61.88
120.770,measure,4968.0,1352.0,6.7167,61.88
120.870,measure,4968.0,1344.0,6.6770,61.75
120.970,measure,4968.0,1344.0,6.6770,61.81
121.071,measure,4968.0,1352.0,6.7167,61.72
121.171,measure,4968.0,1344.0,6.6770,61.69
121.271,measure,4968.0,1344.0,6.6770,61.69
121.371,measure,4968.0,1352.0,6.7167,61.69
121.471,measure,4968.0,1344.0,6.6770,61.91
121.571,measure,4968.0,1344.0,6.6770,61.84
121.671,measure,4968.0,1344.0,6.6770,61.88
121.771,measure,4968.0,1344.0,6.6770,61.78
121.872,measure,4968.0,1344.0,6.6770,61.78
121.972,measure,4968.0,1344.0,6.6770,61.72
122.072,measure,4968.0,1344.0,6.6770,61.78
122.172,measure,4968.0,1344.0,6.6770,61.69
122.272,measure,4968.0,1352.0,6.7167,61.59
122.372,measure,4968.0,1344.0,6.6770,61.94
122.473,measure,4968.0,1336.0,6.6372,61.88
122.573,measure,4968.0,1344.0,6.6770,61.91
122.673,measure,4968.0,1344.0,6.6770,61.75
122.773,measure,4968.0,1336.0,6.6372,61.72
122.873,measure,4968.0,1344.0,6.6770,61.69
122.973,measure,4968.0,1344.0,6.6770,61.69
123.073,measure,4968.0,1336.0,6.6372,61.69
123.173,measure,4968.0,1344.0,6.6770,61.72
123.274,measure,4968.0,1344.0,6.6770,61.69
123.374,measure,4968.0,1336.0,6.6372,61.94
123.474,measure,4968.0,1344.0,6.6770,61.94
123.574,measure,4968.0,1344.0,6.6770,61.84
123.674,measure,4968.0,1336.0,6.6372,61.84
123.774,measure,4968.0,1344.0,6.6770,61.72
123.874,measure,4968.0,1344.0,6.6770,61.72
123.975,measure,4968.0,1336.0,6.6372,61.78
124.075,measure,4968.0,1344.0,6.6770,61.69
124.175,measure,4968.0,1344.0,6.6770,61.69
124.275,measure,4968.0,1336.0,6.6372,61.94
124.375,measure,4968.0,1344.0,6.6770,61.91
124.475,measure,4968.0,1336.0,6.6372,61.84
124.575,measure,4968.0,1336.0,6.6372,61.78
124.675,measure,4968.0,1344.0,6.6770,61.78
124.776,measure,4968.0,1344.0,6.6770,61.81
124.876,measure,4968.0,1336.0,6.6372,61.72
124.976,measure,4968.0,1344.0,6.6770,61.66
125.076,measure,4968.0,1344.0,6.6770,61.62
125.176,measure,4968.0,1336.0,6.6372,62.00
125.276,measure,4968.0,1344.0,6.6770,61.84
125.376,measure,4968.0,1344.0,6.6770,61.84
125.477,measure,4968.0,1336.0,6.6372,61.84
125.577,measure,4968.0,1344.0,6.6770,61.81
125.677,measure,4968.0,1344.0,6.6770,61.75
125.777,measure,4968.0,1336.0,6.6372,61.72
125.877,measure,4968.0,1344.0,6.6770,61.75
125.977,measure,4968.0,1344.0,6.6770,61.66
126.077,measure,4968.0,1336.0,6.6372,61.69
126.177,measure,4968.0,1344.0,6.6770,62.00
126.278,measure,4968.0,1344.0,6.6770,61.81
126.378,measure,4968.0,1336.0,6.6372,61.84
126.478,measure,4968.0,1344.0,6.6770,61.81
126.578,measure,4968.0,1336.0,6.6372,61.75
126.678,measure,4968.0,1336.0,6.6372,61.75
126.778,measure,4968.0,1344.0,6.6770,61.69
126.878,measure,4968.0,1336.0,6.6372,61.75
126.978,measure,4968.0,1336.0,6.6372,61.72
127.079,measure,4968.0,1344.0,6.6770,61.97
127.179,measure,4968.0,1344.0,6.6770,61.84
127.279,measure,4968.0,1336.0,6.6372,61.81
127.379,measure,4968.0,1344.0,6.6770,61.78
127.479,measure,4968.0,1344.0,6.6770,61.81
127.579,measure,4968.0,1336.0,6.6372,61.75
127.679,measure,4968.0,1344.0,6.6770,61.78
127.779,measure,4968.0,1344.0,6.6770,61.72
127.880,measure,4968.0,1336.0,6.6372,61.69
127.980,measure,4968.0,1344.0,6.6770,61.84
128.080,measure,4968.0,1344.0,6.6770,61.91
128.180,measure,4968.0,1336.0,6.6372,61.84
128.280,measure,4968.0,1344.0,6.6770,61.81
128.380,measure,4968.0,1344.0,6.6770,61.78
128.480,measure,4968.0,1336.0,6.6372,61.78
128.580,measure,4968.0,1344.0,6.6770,61.75
128.681,measure,4968.0,1344.0,6.6770,61.72
128.781,measure,4968.0,1336.0,6.6372,61.69
128.881,measure,4968.0,1344.0,6.6770,61.84
128.981,measure,4968.0,1344.0,6.6770,61.94
129.081,measure,4968.0,1336.0,6.6372,61.81
129.181,measure,4968.0,1344.0,6.6770,61.81
129.281,measure,4968.0,1344.0,6.6770,61.75
129.382,measure,4968.0,1344.0,6.6770,61.69
129.482,measure,4968.0,1344.0,6.6770,61.75
129.582,measure,4968.0,1352.0,6.7167,61.72
129.682,measure,4968.0,1344.0,6.6770,61.72
129.782,measure,4968.0,1344.0,6.6770,61.88
129.882,measure,4968.0,1344.0,6.6770,61.81
129.982,measure,4968.0,1344.0,6.6770,61.84
130.082,measure,4968.0,1344.0,6.6770,61.75
130.183,measure,4968.0,1344.0,6.6770,61.84
130.283,measure,4968.0,1344.0,6.6770,61.81
130.383,measure,4968.0,1344.0,6.6770,61.78
130.483,measure,4968.0,1344.0,6.6770,61.81
130.583,measure,4968.0,1344.0,6.6770,61.69
130.683,measure,4968.0,1344.0,6.6770,61.84
130.783,measure,4968.0,1344.0,6.6770,61.91
130.883,measure,4968.0,1344.0,6.6770,61.75
130.984,measure,4968.0,1344.0,6.6770,61.78
131.084,measure,4968.0,1344.0,6.6770,61.84
131.184,measure,4968.0,1344.0,6.6770,61.84
131.284,measure,4968.0,1344.0,6.6770,61.75
131.384,measure,4968.0,1352.0,6.7167,61.75
131.484,measure,4968.0,1344.0,6.6770,61.75
131.584,measure,4968.0,1344.0,6.6770,61.88
131.685,measure,4968.0,1344.0,6.6770,61.88
131.785,measure,4968.0,1344.0,6.6770,61.81
131.885,measure,4968.0,1344.0,6.6770,61.81
131.985,measure,4968.0,1344.0,6.6770,61.81
132.085,measure,4968.0,1344.0,6.6770,61.78
132.185,measure,4968.0,1336.0,6.6372,61.75
132.285,measure,4968.0,1344.0,6.6770,61.78
132.386,measure,4968.0,1344.0,6.6770,61.66
132.486,measure,4968.0,1336.0,6.6372,61.97
132.586,measure,4968.0,1344.0,6.6770,61.94
132.686,measure,4968.0,1344.0,6.6770,61.91
132.786,measure,4968.0,1336.0,6.6372,61.88
132.886,measure,4968.0,1344.0,6.6770,61.84
132.986,measure,4968.0,1344.0,6.6770,61.78
133.087,measure,4968.0,1336.0,6.6372,61.75
133.187,measure,4968.0,1344.0,6.6770,61.72
133.287,measure,4968.0,1344.0,6.6770,61.78
133.387,measure,4968.0,1336.0,6.6372,61.97
133.487,measure,4968.0,1344.0,6.6770,61.97
133.587,measure,4968.0,1344.0,6.6770,62.00
133.687,measure,4968.0,1336.0,6.6372,61.78
133.787,measure,4968.0,1344.0,6.6770,61.84
133.888,measure,4968.0,1344.0,6.6770,61.81
133.988,measure,4968.0,1336.0,6.6372,61.75
134.088,measure,4968.0,1344.0,6.6770,61.81
134.188,measure,4968.0,1344.0,6.6770,61.78
134.288,measure,4968.0,1336.0,6.6372,62.00
134.388,measure,4968.0,1344.0,6.6770,61.91
134.488,measure,4968.0,1344.0,6.6770,61.84
134.589,measure,4968.0,1344.0,6.6770,61.84
134.689,measure,4968.0,1352.0,6.7167,61.84
134.789,measure,4968.0,1344.0,6.6770,61.81
134.889,measure,4968.0,1336.0,6.6372,61.75
134.989,measure,4968.0,1344.0,6.6770,61.72
135.089,measure,4968.0,1344.0,6.6770,61.78
135.189,measure,4968.0,1336.0,6.6372,61.97
135.289,measure,4968.0,1344.0,6.6770,62.03
135.390,measure,4968.0,1344.0,6.6770,61.91
135.490,measure,4968.0,1336.0,6.6372,61.84
135.590,measure,4968.0,1344.0,6.6770,61.75
135.690,measure,4968.0,1344.0,6.6770,61.75
135.790,measure,4968.0,1344.0,6.6770,61.78
135.890,measure,4968.0,1352.0,6.7167,61.75
135.990,measure,4968.0,1344.0,6.6770,61.78
136.090,measure,4968.0,1344.0,6.6770,62.00
136.191,measure,4968.0,1352.0,6.7167,61.94
136.291,measure,4968.0,1344.0,6.6770,61.84
136.391,measure,4968.0,1344.0,6.6770,61.84
136.491,measure,4968.0,1344.0,6.6770,61.81
136.591,measure,4968.0,1336.0,6.6372,61.84
136.691,measure,4968.0,1344.0,6.6770,61.78
136.791,measure,4968.0,1344.0,6.6770,61.81
136.891,measure,4968.0,1336.0,6.6372,61.84
136.992,measure,4968.0,1344.0,6.6770,61.72
137.092,measure,4968.0,1352.0,6.7167,62.00
137.192,measure,4968.0,1336.0,6.6372,61.84
137.292,measure,4968.0,1344.0,6.6770,61.88
137.392,measure,4968.0,1344.0,6.6770,61.84
137.492,measure,4968.0,1344.0,6.6770,61.84
137.592,measure,4968.0,1344.0,6.6770,61.81
137.692,measure,4968.0,1352.0,6.7167,61.84
137.793,measure,4968.0,1336.0,6.6372,61.84
137.893,measure,4968.0,1344.0,6.6770,61.81
137.993,measure,4968.0,1352.0,6.7167,61.94
138.093,measure,4968.0,1336.0,6.6372,61.88
138.193,measure,4968.0,1344.0,6.6770,61.84
138.293,measure,4968.0,1344.0,6.6770,61.81
138.393,measure,4968.0,1336.0,6.6372,61.84
138.494,measure,4968.0,1344.0,6.6770,61.78
138.594,measure,4968.0,1344.0,6.6770,61.81
138.694,measure,4968.0,1336.0,6.6372,61.84
138.794,measure,4968.0,1344.0,6.6770,61.78
138.894,measure,4968.0,1344.0,6.6770,62.06
138.994,measure,4968.0,1344.0,6.6770,61.88
139.094,measure,4968.0,1344.0,6.6770,61.91
139.194,measure,4968.0,1344.0,6.6770,61.84
139.295,measure,4968.0,1336.0,6.6372,61.84
139.395,measure,4968.0,1344.0,6.6770,61.81
139.495,measure,4968.0,1344.0,6.6770,61.81
139.595,measure,4968.0,1336.0,6.6372,61.78
139.695,measure,4968.0,1344.0,6.6770,61.75
139.795,measure,4968.0,1344.0,6.6770,61.91
139.895,measure,4968.0,1336.0,6.6372,61.91
139.996,measure,4968.0,1344.0,6.6770,61.88
140.096,measure,4968.0,1344.0,6.6770,61.88
140.196,measure,4968.0,1336.0,6.6372,61.84
140.296,measure,4968.0,1344.0,6.6770,61.88
140.396,measure,4968.0,1344.0,6.6770,61.78
140.496,measure,4968.0,1336.0,6.6372,61.78
140.596,measure,4968.0,1344.0,6.6770,61.81
140.697,measure,4968.0,1336.0,6.6372,62.00
140.797,measure,4968.0,1336.0,6.6372,61.91
140.897,measure,4968.0,1344.0,6.6770,61.97
140.997,measure,4968.0,1344.0,6.6770,61.84
141.097,measure,4968.0,1344.0,6.6770,61.84
141.197,measure,4968.0,1352.0,6.7167,61.81
141.297,measure,4968.0,1344.0,6.6770,61.84
141.397,measure,4968.0,1344.0,6.6770,61.72
141.498,measure,4968.0,1344.0,6.6770,61.81
141.598,measure,4968.0,1344.0,6.6770,62.00
141.698,measure,4968.0,1344.0,6.6770,61.97
141.798,measure,4968.0,1352.0,6.7167,61.94
141.898,measure,4968.0,1344.0,6.6770,61.88
141.998,measure,4968.0,1344.0,6.6770,61.91
142.098,measure,4968.0,1352.0,6.7167,61.84
142.198,measure,4968.0,1344.0,6.6770,61.84
142.299,measure,4968.0,1352.0,6.7167,61.84
142.399,measure,4968.0,1352.0,6.7167,61.81
142.499,measure,4968.0,1336.0,6.6372,62.00
142.599,measure,4968.0,1344.0,6.6770,62.00
142.699,measure,4968.0,1344.0,6.6770,61.94
142.799,measure,4968.0,1336.0,6.6372,61.88
142.899,measure,4968.0,1344.0,6.6770,61.88
142.999,measure,4968.0,1344.0,6.6770,61.78
143.100,measure,4968.0,1344.0,6.6770,61.81
143.200,measure,4968.0,1352.0,6.7167,61.81
143.300,measure,4968.0,1344.0,6.6770,61.81
143.400,measure,4968.0,1344.0,6.6770,61.94
143.500,measure,4968.0,1344.0,6.6770,62.06
143.600,measure,4968.0,1344.0,6.6770,61.88
143.700,measure,4968.0,1336.0,6.6372,61.91
143.801,measure,4968.0,1344.0,6.6770,61.91
143.901,measure,4968.0,1344.0,6.6770,61.84
144.001,measure,4968.0,1344.0,6.6770,61.84
144.101,measure,4968.0,1352.0,6.7167,61.84
144.201,measure,4968.0,1344.0,6.6770,61.84
144.301,measure,4968.0,1344.0,6.6770,62.06
144.401,measure,4968.0,1352.0,6.7167,61.97
144.501,measure,4968.0,1344.0,6.6770,61.91
144.602,measure,4968.0,1344.0,6.6770,61.88
144.702,measure,4968.0,1344.0,6.6770,61.91
144.802,measure,4968.0,1344.0,6.6770,61.84
144.902,measure,4968.0,1344.0,6.6770,61.84
145.002,measure,4968.0,1344.0,6.6770,61.81
145.102,measure,4968.0,1336.0,6.6372,61.84
145.202,measure,4968.0,1344.0,6.6770,62.09
145.302,measure,4968.0,1344.0,6.6770,62.06
145.403,measure,4968.0,1336.0,6.6372,61.94
145.503,measure,4968.0,1344.0,6.6770,61.97
145.603,measure,4968.0,1344.0,6.6770,61.91
145.703,measure,4968.0,1336.0,6.6372,61.84
145.803,measure,4968.0,1344.0,6.6770,61.84
145.903,measure,4968.0,1344.0,6.6770,61.81
146.003,measure,4968.0,1336.0,6.6372,61.88
146.103,measure,4968.0,1344.0,6.6770,62.16
146.204,measure,4968.0,1344.0,6.6770,62.09
146.304,measure,4968.0,1336.0,6.6372,61.94
146.404,measure,4968.0,1344.0,6.6770,61.84
146.504,measure,4968.0,1344.0,6.6770,61.88
146.604,measure,4968.0,1336.0,6.6372,61.84
146.704,measure,4968.0,1352.0,6.7167,61.84
146.804,measure,4968.0,1344.0,6.6770,61.84
146.904,measure,4968.0,1344.0,6.6770,61.84
147.005,measure,4968.0,1352.0,6.7167,62.03
147.105,measure,4968.0,1344.0,6.6770,62.03
147.205,measure,4968.0,1344.0,6.6770,61.94
147.305,measure,4968.0,1352.0,6.7167,61.94
147.405,measure,4968.0,1344.0,6.6770,62.00
147.505,measure,4968.0,1344.0,6.6770,61.91
147.605,measure,4968.0,1344.0,6.6770,61.84
147.705,measure,4968.0,1344.0,6.6770,61.78
147.806,measure,4968.0,1344.0,6.6770,61.84
147.906,measure,4968.0,1344.0,6.6770,62.03
148.006,measure,4968.0,1344.0,6.6770,62.09
148.106,measure,4968.0,1344.0,6.6770,61.91
148.206,measure,4968.0,1344.0,6.6770,61.97
148.306,measure,4968.0,1336.0,6.6372,61.91
148.406,measure,4968.0,1344.0,6.6770,61.78
148.507,measure,4968.0,1344.0,6.6770,61.88
148.607,measure,4968.0,1336.0,6.6372,61.81
148.707,measure,4968.0,1344.0,6.6770,61.88
148.807,measure,4968.0,1344.0,6.6770,61.84
148.907,measure,4968.0,1336.0,6.6372,62.03
149.007,measure,4968.0,1344.0,6.6770,61.94
149.107,measure,4968.0,1344.0,6.6770,61.94
149.207,measure,4968.0,1336.0,6.6372,61.94
149.308,measure,4968.0,1344.0,6.6770,61.91
149.408,measure,4968.0,1344.0,6.6770,61.81
149.508,measure,4968.0,1336.0,6.6372,61.84
149.608,measure,4968.0,1344.0,6.6770,61.94
149.708,measure,4968.0,1344.0,6.6770,61.84
149.808,measure,4968.0,1344.0,6.6770,62.09
149.908,measure,4968.0,1352.0,6.7167,62.00
150.008,measure,4968.0,1344.0,6.6770,61.97
150.109,measure,4968.0,1344.0,6.6770,61.84
150.209,measure,4968.0,1352.0,6.7167,61.91
150.309,measure,4968.0,1344.0,6.6770,61.84
150.409,measure,4968.0,1344.0,6.6770,61.81
150.509,measure,4968.0,1344.0,6.6770,61.84
150.609,measure,4968.0,1344.0,6.6770,61.84
150.709,measure,4968.0,1344.0,6.6770,62.00
150.809,measure,4968.0,1344.0,6.6770,61.94
150.910,measure,4968.0,1336.0,6.6372,62.00
151.010,measure,4968.0,1344.0,6.6770,61.84
151.110,measure,4968.0,1344.0,6.6770,61.97
151.210,measure,4968.0,1336.0,6.6372,61.91
151.310,measure,4968.0,1344.0,6.6770,61.88
151.410,measure,4968.0,1344.0,6.6770,61.88
151.510,measure,4968.0,1336.0,6.6372,61.84
151.610,measure,4968.0,1344.0,6.6770,61.94
151.711,measure,4968.0,1344.0,6.6770,62.00
151.811,measure,4968.0,1336.0,6.6372,62.12
151.911,measure,4968.0,1344.0,6.6770,61.97
152.011,measure,4968.0,1344.0,6.6770,61.91
152.111,measure,4968.0,1336.0,6.6372,61.84
152.211,measure,4968.0,1344.0,6.6770,61.84
152.311,measure,4968.0,1344.0,6.6770,61.84
152.411,measure,4968.0,1336.0,6.6372,61.88
152.512,measure,4968.0,1344.0,6.6770,62.06
152.612,measure,4968.0,1344.0,6.6770,62.03
152.712,measure,4968.0,1336.0,6.6372,61.97
152.812,measure,4968.0,1344.0,6.6770,61.94
152.912,measure,4968.0,1344.0,6.6770,61.88
153.012,measure,4968.0,1336.0,6.6372,61.84
153.113,measure,4968.0,1344.0,6.6770,61.97
153.213,measure,4968.0,1344.0,6.6770,61.84
153.313,measure,4968.0,1344.0,6.6770,61.84
153.413,measure,4968.0,1344.0,6.6770,61.84
153.513,measure,4968.0,1344.0,6.6770,62.03
153.613,measure,4968.0,1336.0,6.6372,62.03
153.714,measure,4968.0,1344.0,6.6770,61.97
153.814,measure,4968.0,1344.0,6.6770,61.97
153.914,measure,4968.0,1336.0,6.6372,61.88
154.014,measure,4968.0,1344.0,6.6770,61.94
154.114,measure,4968.0,1344.0,6.6770,61.91
154.214,measure,4968.0,1336.0,6.6372,61.84
154.314,measure,4968.0,1344.0,6.6770,62.03
154.414,measure,4968.0,1344.0,6.6770,61.94
154.515,measure,4968.0,1336.0,6.6372,62.06
154.615,measure,4968.0,1344.0,6.6770,61.94
154.715,measure,4968.0,1344.0,6.6770,61.97
154.815,measure,4968.0,1336.0,6.6372,61.84
154.915,measure,4968.0,1344.0,6.6770,61.91
155.015,measure,4968.0,1344.0,6.6770,61.84
155.115,measure,4968.0,1344.0,6.6770,61.84
155.215,measure,4968.0,1344.0,6.6770,62.09
155.316,measure,4968.0,1344.0,6.6770,62.06
155.416,measure,4968.0,1344.0,6.6770,61.97
155.516,measure,4968.0,1344.0,6.6770,61.97
155.616,measure,4968.0,1344.0,6.6770,61.91
155.716,measure,4968.0,1344.0,6.6770,61.97
155.816,measure,4968.0,1344.0,6.6770,61.91
155.916,measure,4968.0,1344.0,6.6770,61.91
156.016,measure,4968.0,1344.0,6.6770,61.84
156.117,measure,4968.0,1352.0,6.7167,61.84
156.217,measure,4968.0,1344.0,6.6770,62.03
156.317,measure,4968.0,1352.0,6.7167,62.09
156.417,measure,4968.0,1352.0,6.7167,61.97
156.517,measure,4968.0,1344.0,6.6770,61.91
156.617,measure,4968.0,1344.0,6.6770,61.91
156.717,measure,4968.0,1344.0,6.6770,61.84
156.817,measure,4968.0,1336.0,6.6372,61.84
156.918,measure,4968.0,1344.0,6.6770,61.84
157.018,measure,4968.0,1352.0,6.7167,62.16
157.118,measure,4968.0,1344.0,6.6770,62.06
157.218,measure,4968.0,1352.0,6.7167,62.03
157.318,measure,4968.0,1344.0,6.6770,61.97
157.418,measure,4968.0,1344.0,6.6770,61.97
157.518,measure,4968.0,1344.0,6.6770,61.88
157.619,measure,4968.0,1344.0,6.6770,61.84
157.719,measure,4968.0,1336.0,6.6372,61.84
157.819,measure,4968.0,1344.0,6.6770,61.91
157.919,measure,4968.0,1344.0,6.6770,62.12
158.019,measure,4968.0,1336.0,6.6372,62.06
158.119,measure,4968.0,1344.0,6.6770,62.03
158.219,measure,4968.0,1344.0,6.6770,61.94
158.319,measure,4968.0,1336.0,6.6372,61.97
158.420,measure,4968.0,1344.0,6.6770,61.91
158.520,measure,4968.0,1344.0,6.6770,61.97
158.620,measure,4968.0,1336.0,6.6372,61.88
158.720,measure,4968.0,1344.0,6.6770,61.81
158.820,measure,4968.0,1344.0,6.6770,62.22
158.920,measure,4968.0,1344.0,6.6770,62.09
159.021,measure,4968.0,1352.0,6.7167,62.03
159.121,measure,4968.0,1344.0,6.6770,62.09
159.221,measure,4968.0,1344.0,6.6770,61.97
159.321,measure,4968.0,1344.0,6.6770,61.97
159.421,measure,4968.0,1344.0,6.6770,61.84
159.521,measure,4968.0,1344.0,6.6770,61.91
159.621,measure,4968.0,1352.0,6.7167,61.97
159.722,measure,4968.0,1344.0,6.6770,62.06
159.822,measure,4968.0,1344.0,6.6770,61.97
159.922,measure,4968.0,1352.0,6.7167,62.16
160.022,measure,4968.0,1344.0,6.6770,62.09
160.122,measure,4968.0,1344.0,6.6770,62.00
160.222,measure,4968.0,1352.0,6.7167,61.88
160.322,measure,4968.0,1344.0,6.6770,61.88
160.422,measure,4968.0,1344.0,6.6770,61.84
160.523,measure,4968.0,1344.0,6.6770,61.97
160.623,measure,4968.0,1344.0,6.6770,61.88
160.723,measure,4968.0,1344.0,6.6770,62.09
160.823,measure,4968.0,1352.0,6.7167,62.09
160.923,measure,4968.0,1344.0,6.6770,62.00
161.023,measure,4968.0,1344.0,6.6770,62.03
161.123,measure,4968.0,1352.0,6.7167,61.97
161.224,measure,4968.0,1344.0,6.6770,61.88
161.324,measure,4968.0,1352.0,6.7167,61.94
161.424,measure,4968.0,1352.0,6.7167,61.94
161.524,measure,4968.0,1344.0,6.6770,61.91
161.624,measure,4968.0,1344.0,6.6770,62.12
161.724,measure,4968.0,1344.0,6.6770,62.03
161.824,measure,4968.0,1336.0,6.6372,62.09
161.924,measure,4968.0,1344.0,6.6770,62.00
162.025,measure,4968.0,1344.0,6.6770,61.94
162.125,measure,4968.0,1336.0,6.6372,61.94
162.225,measure,4968.0,1344.0,6.6770,61.91
162.325,measure,4968.0,1336.0,6.6372,61.84
162.425,measure,4968.0,1336.0,6.6372,61.84
162.525,measure,4968.0,1344.0,6.6770,61.84
162.625,measure,4968.0,1336.0,6.6372,62.09
162.726,measure,4968.0,1336.0,6.6372,62.00
162.826,measure,4968.0,1344.0,6.6770,62.00
162.926,measure,4968.0,1336.0,6.6372,61.97
163.026,measure,4968.0,1336.0,6.6372,61.94
163.126,measure,4968.0,1344.0,6.6770,61.97
163.226,measure,4968.0,1344.0,6.6770,61.88
163.326,measure,4968.0,1336.0,6.6372,61.94
163.426,measure,4968.0,1344.0,6.6770,61.84
163.527,measure,4968.0,1344.0,6.6770,62.06
163.627,measure,4968.0,1344.0,6.6770,62.00
163.727,measure,4968.0,1352.0,6.7167,61.97
163.827,measure,4968.0,1344.0,6.6770,61.97
163.927,measure,4968.0,1344.0,6.6770,61.91
164.027,measure,4968.0,1344.0,6.6770,61.88
164.127,measure,4968.0,1344.0,6.6770,61.88
164.227,measure,4968.0,1344.0,6.6770,61.84
164.328,measure,4968.0,1352.0,6.7167,61.94
164.428,measure,4968.0,1344.0,6.6770,62.06
164.528,measure,4968.0,1344.0,6.6770,62.09
164.628,measure,4968.0,1344.0,6.6770,62.03
164.728,measure,4968.0,1336.0,6.6372,61.94
164.828,measure,4968.0,1344.0,6.6770,61.94
164.928,measure,4968.0,1344.0,6.6770,61.94
165.028,measure,4968.0,1336.0,6.6372,61.94
165.129,measure,4968.0,1344.0,6.6770,61.94
165.229,measure,4968.0,1344.0,6.6770,61.84
165.329,measure,4968.0,1344.0,6.6770,61.91
165.429,measure,4968.0,1344.0,6.6770,62.00
165.529,measure,4968.0,1344.0,6.6770,61.94
165.629,measure,4968.0,1344.0,6.6770,61.94
165.729,measure,4968.0,1352.0,6.7167,62.00
165.830,measure,4968.0,1344.0,6.6770,61.91
165.930,measure,4968.0,1344.0,6.6770,61.97
166.030,measure,4968.0,1352.0,6.7167,61.88
166.130,measure,4968.0,1352.0,6.7167,61.91
166.230,measure,4968.0,1344.0,6.6770,62.09
166.331,measure,4968.0,1352.0,6.7167,62.00
166.431,measure,4968.0,1344.0,6.6770,62.03
166.531,measure,4968.0,1344.0,6.6770,61.97
166.631,measure,4968.0,1352.0,6.7167,61.97
166.731,measure,4968.0,1344.0,6.6770,61.88
166.831,measure,4968.0,1344.0,6.6770,61.91
166.931,measure,4968.0,1352.0,6.7167,61.84
167.031,measure,4968.0,1344.0,6.6770,61.88
167.132,measure,4968.0,1344.0,6.6770,62.09
167.232,measure,4968.0,1344.0,6.6770,62.03
167.332,measure,4968.0,1344.0,6.6770,62.12
167.432,measure,4968.0,1344.0,6.6770,61.97
167.532,measure,4968.0,1344.0,6.6770,62.00
167.632,measure,4968.0,1336.0,6.6372,62.03
167.732,measure,4968.0,1344.0,6.6770,61.94
167.832,measure,4968.0,1344.0,6.6770,61.94
167.933,measure,4968.0,1344.0,6.6770,61.91
168.033,measure,4968.0,1344.0,6.6770,62.12
168.133,measure,4968.0,1352.0,6.7167,62.16
168.233,measure,4968.0,1344.0,6.6770,62.09
168.333,measure,4968.0,1344.0,6.6770,62.03
168.433,measure,4968.0,1352.0,6.7167,62.06
168.533,measure,4968.0,1344.0,6.6770,61.97
168.633,measure,4968.0,1352.0,6.7167,61.97
168.734,measure,4968.0,1352.0,6.7167,61.94
168.834,measure,4968.0,1336.0,6.6372,61.91
168.934,measure,4968.0,1344.0,6.6770,61.91
169.034,measure,4968.0,1344.0,6.6770,62.09
169.134,measure,4968.0,1344.0,6.6770,62.09
169.234,measure,4968.0,1344.0,6.6770,62.06
169.334,measure,4968.0,1344.0,6.6770,62.03
169.435,measure,4968.0,1344.0,6.6770,61.97
169.535,measure,4968.0,1344.0,6.6770,61.91
169.635,measure,4968.0,1352.0,6.7167,61.97
169.735,measure,4968.0,1344.0,6.6770,62.03
169.835,measure,4968.0,1352.0,6.7167,62.09
169.935,measure,4968.0,1352.0,6.7167,62.16
170.035,measure,4968.0,1344.0,6.6770,61.94
170.136,measure,4968.0,1352.0,6.7167,62.09
170.236,measure,4968.0,1352.0,6.7167,62.03
170.336,measure,4968.0,1344.0,6.6770,62.00
170.436,measure,4968.0,1352.0,6.7167,62.00
170.536,measure,4968.0,1352.0,6.7167,61.97
170.636,measure,4968.0,1344.0,6.6770,61.88
170.737,measure,4968.0,1352.0,6.7167,62.12
170.837,measure,4968.0,1344.0,6.6770,62.12
170.937,measure,4968.0,1344.0,6.6770,62.09
171.037,measure,4968.0,1352.0,6.7167,62.03
171.137,measure,4968.0,1344.0,6.6770,62.03
171.237,measure,4968.0,1344.0,6.6770,62.03
171.337,measure,4968.0,1352.0,6.7167,61.97
171.438,measure,4968.0,1344.0,6.6770,61.97
171.538,measure,4968.0,1344.0,6.6770,62.00
171.638,measure,4968.0,1352.0,6.7167,62.16
171.738,measure,4968.0,1344.0,6.6770,62.19
171.838,measure,4968.0,1344.0,6.6770,62.12
171.938,measure,4968.0,1352.0,6.7167,62.12
172.038,measure,4968.0,1344.0,6.6770,62.09
172.139,measure,4968.0,1344.0,6.6770,62.06
172.239,measure,4968.0,1352.0,6.7167,61.94
172.339,measure,4968.0,1344.0,6.6770,61.97
172.439,measure,4968.0,1344.0,6.6770,61.91
172.539,measure,4968.0,1344.0,6.6770,62.22
172.639,measure,4968.0,1344.0,6.6770,62.19
172.739,measure,4968.0,1344.0,6.6770,62.12
172.839,measure,4968.0,1352.0,6.7167,62.06
172.940,measure,4968.0,1344.0,6.6770,62.03
173.040,measure,4968.0,1344.0,6.6770,62.03
173.140,measure,4968.0,1344.0,6.6770,62.06
173.240,measure,4968.0,1344.0,6.6770,62.00
173.340,measure,4968.0,1344.0,6.6770,61.94
173.440,measure,4968.0,1352.0,6.7167,62.16
173.540,measure,4968.0,1344.0,6.6770,62.22
173.641,measure,4968.0,1344.0,6.6770,62.16
173.741,measure,4968.0,1344.0,6.6770,62.09
173.841,measure,4968.0,1344.0,6.6770,62.00
173.941,measure,4968.0,1344.0,6.6770,62.00
174.041,measure,4968.0,1352.0,6.7167,62.03
174.141,measure,4968.0,1344.0,6.6770,61.91
174.241,measure,4968.0,1352.0,6.7167,62.00
174.341,measure,4968.0,1352.0,6.7167,61.94
174.442,measure,4968.0,1344.0,6.6770,62.19
174.542,measure,4968.0,1352.0,6.7167,62.09
174.642,measure,4968.0,1352.0,6.7167,62.09
174.742,measure,4968.0,1344.0,6.6770,62.03
174.842,measure,4968.0,1344.0,6.6770,62.09
174.942,measure,4968.0,1344.0,6.6770,62.03
175.042,measure,4968.0,1344.0,6.6770,61.97
175.142,measure,4968.0,1344.0,6.6770,61.97
175.243,measure,4968.0,1344.0,6.6770,61.97
175.343,measure,4968.0,1344.0,6.6770,62.25
175.443,measure,4968.0,1344.0,6.6770,62.12
175.543,measure,4968.0,1344.0,6.6770,62.06
175.643,measure,4968.0,1336.0,6.6372,62.09
175.743,measure,4968.0,1352.0,6.7167,62.00
175.843,measure,4968.0,1344.0,6.6770,61.97
175.943,measure,4968.0,1344.0,6.6770,62.03
176.044,measure,4968.0,1352.0,6.7167,61.94
176.144,measure,4968.0,1344.0,6.6770,61.94
176.244,measure,4968.0,1344.0,6.6770,61.94
176.344,measure,4968.0,1344.0,6.6770,62.06
176.444,measure,4968.0,1344.0,6.6770,62.06
176.544,measure,4968.0,1344.0,6.6770,62.12
176.644,measure,4968.0,1344.0,6.6770,62.06
176.744,measure,4968.0,1344.0,6.6770,62.06
176.845,measure,4968.0,1344.0,6.6770,61.97
176.945,measure,4968.0,1344.0,6.6770,61.94
177.045,measure,4968.0,1344.0,6.6770,62.00
177.145,measure,4968.0,1344.0,6.6770,61.97
177.245,measure,4968.0,1344.0,6.6770,62.03
177.345,measure,4968.0,1344.0,6.6770,62.09
177.445,measure,4968.0,1344.0,6.6770,62.09
177.545,measure,4968.0,1344.0,6.6770,62.09
177.646,measure,4968.0,1344.0,6.6770,62.00
177.746,measure,4968.0,1344.0,6.6770,62.00
177.846,measure,4968.0,1352.0,6.7167,62.03
177.946,measure,4968.0,1344.0,6.6770,62.00
178.046,measure,4968.0,1344.0,6.6770,61.97
178.146,measure,4968.0,1352.0,6.7167,62.19
178.246,measure,4968.0,1336.0,6.6372,62.06
178.346,measure,4968.0,1344.0,6.6770,62.06
178.447,measure,4968.0,1344.0,6.6770,62.09
178.547,measure,4968.0,1344.0,6.6770,62.03
178.647,measure,4968.0,1352.0,6.7167,61.97
178.747,measure,4968.0,1352.0,6.7167,62.00
178.847,measure,4968.0,1344.0,6.6770,62.00
178.947,measure,4968.0,1352.0,6.7167,62.16
179.047,measure,4968.0,1352.0,6.7167,62.12
179.147,measure,4968.0,1344.0,6.6770,62.16
179.248,measure,4968.0,1352.0,6.7167,61.97
179.348,measure,4968.0,1344.0,6.6770,62.09
179.448,measure,4968.0,1344.0,6.6770,61.94
179.548,measure,4968.0,1352.0,6.7167,62.00
179.648,measure,4968.0,1344.0,6.6770,62.00
179.748,measure,4968.0,1344.0,6.6770,61.94
179.848,measure,4968.0,1344.0,6.6770,62.00
179.948,measure,4968.0,1344.0,6.6770,62.22
180.049,measure,4968.0,1344.0,6.6770,62.12
180.149,measure,4968.0,1344.0,6.6770,62.12
180.249,measure,4968.0,1344.0,6.6770,62.19
180.349,measure,4968.0,1344.0,6.6770,62.00
180.449,measure,4968.0,1344.0,6.6770,62.00
180.549,measure,4968.0,1344.0,6.6770,61.97
180.649,measure,4968.0,1344.0,6.6770,61.97
180.749,measure,4968.0,1344.0,6.6770,62.25
180.850,measure,4968.0,1344.0,6.6770,62.12
180.950,measure,4968.0,1344.0,6.6770,62.12
181.050,measure,4968.0,1344.0,6.6770,62.09
181.150,measure,4968.0,1336.0,6.6372,62.06
181.250,measure,4968.0,1344.0,6.6770,62.03
181.350,measure,4968.0,1344.0,6.6770,61.97
181.450,measure,4968.0,1336.0,6.6372,61.94
181.550,measure,4968.0,1344.0,6.6770,62.03
181.651,measure,4968.0,1352.0,6.7167,62.22
181.751,measure,4968.0,1344.0,6.6770,62.16
181.851,measure,4968.0,1344.0,6.6770,62.12
181.951,measure,4968.0,1352.0,6.7167,62.00
182.051,measure,4968.0,1336.0,6.6372,62.06
182.151,measure,4968.0,1344.0,6.6770,62.00
182.251,measure,4968.0,1344.0,6.6770,62.09
182.351,measure,4968.0,1336.0,6.6372,62.03
182.452,measure,4968.0,1344.0,6.6770,62.00
182.552,measure,4968.0,1344.0,6.6770,62.22
182.652,measure,4968.0,1336.0,6.6372,62.16
182.752,measure,4968.0,1344.0,6.6770,62.12
182.852,measure,4968.0,1344.0,6.6770,62.12
182.952,measure,4968.0,1336.0,6.6372,62.16
183.052,measure,4968.0,1344.0,6.6770,62.00
183.153,measure,4968.0,1344.0,6.6770,62.06
183.253,measure,4968.0,1344.0,6.6770,61.94
183.353,measure,4968.0,1344.0,6.6770,62.00
183.453,measure,4968.0,1344.0,6.6770,62.19
183.553,measure,4968.0,1336.0,6.6372,62.28
183.653,measure,4968.0,1344.0,6.6770,62.03
183.753,measure,4968.0,1344.0,6.6770,62.12
183.853,measure,4968.0,1344.0,6.6770,62.19
183.954,measure,4968.0,1344.0,6.6770,62.06
184.054,measure,4968.0,1344.0,6.6770,62.09
184.154,measure,4968.0,1344.0,6.6770,62.00
184.254,measure,4968.0,1352.0,6.7167,62.03
184.354,measure,4968.0,1344.0,6.6770,62.28
184.454,measure,4968.0,1344.0,6.6770,62.22
184.554,measure,4968.0,1344.0,6.6770,62.09
184.654,measure,4968.0,1344.0,6.6770,62.16
184.755,measure,4968.0,1344.0,6.6770,62.09
184.855,measure,4968.0,1352.0,6.7167,62.16
184.955,measure,4968.0,1344.0,6.6770,62.12
185.055,measure,4968.0,1344.0,6.6770,62.03
185.155,measure,4968.0,1352.0,6.7167,61.91
185.255,measure,4968.0,1344.0,6.6770,62.00
185.355,measure,4968.0,1344.0,6.6770,62.22
185.455,measure,4968.0,1352.0,6.7167,62.09
185.556,measure,4968.0,1344.0,6.6770,62.19
185.656,measure,4968.0,1352.0,6.7167,62.09
185.756,measure,4968.0,1352.0,6.7167,62.16
185.856,measure,4968.0,1344.0,6.6770,62.09
185.956,measure,4968.0,1344.0,6.6770,62.06
186.056,measure,4968.0,1344.0,6.6770,62.03
186.156,measure,4968.0,1336.0,6.6372,62.06
186.256,measure,4968.0,1344.0,6.6770,62.25
186.357,measure,4968.0,1352.0,6.7167,62.25
186.457,measure,4968.0,1344.0,6.6770,62.19
186.557,measure,4968.0,1352.0,6.7167,62.19
186.657,measure,4968.0,1344.0,6.6770,62.12
186.757,measure,4968.0,1344.0,6.6770,62.09
186.857,measure,4968.0,1352.0,6.7167,62.09
186.957,measure,4968.0,1344.0,6.6770,62.16
187.058,measure,4968.0,1344.0,6.6770,61.97
187.158,measure,4968.0,1352.0,6.7167,62.31
187.258,measure,4968.0,1344.0,6.6770,62.22
187.358,measure,4968.0,1344.0,6.6770,62.12
187.458,measure,4968.0,1352.0,6.7167,62.12
187.558,measure,4968.0,1344.0,6.6770,62.19
187.658,measure,4968.0,1344.0,6.6770,62.06
187.758,measure,4968.0,1352.0,6.7167,62.03
187.859,measure,4968.0,1344.0,6.6770,62.03
187.959,measure,4968.0,1344.0,6.6770,62.06
188.059,measure,4968.0,1352.0,6.7167,62.00
188.159,measure,4968.0,1344.0,6.6770,62.16
188.259,measure,4968.0,1344.0,6.6770,62.16
188.359,measure,4968.0,1352.0,6.7167,62.12
188.459,measure,4968.0,1344.0,6.6770,62.09
188.559,measure,4968.0,1344.0,6.6770,62.12
188.660,measure,4968.0,1352.0,6.7167,62.06
188.760,measure,4968.0,1336.0,6.6372,62.06
188.860,measure,4968.0,1344.0,6.6770,62.03
188.960,measure,4968.0,1352.0,6.7167,62.06
189.060,measure,4968.0,1344.0,6.6770,62.25
189.160,measure,4968.0,1344.0,6.6770,62.22
189.260,measure,4968.0,1344.0,6.6770,62.12
189.360,measure,4968.0,1336.0,6.6372,62.12
189.461,measure,4968.0,1344.0,6.6770,62.12
189.561,measure,4968.0,1344.0,6.6770,62.16
189.661,measure,4968.0,1336.0,6.6372,62.09
189.761,measure,4968.0,1352.0,6.7167,62.06
189.861,measure,4968.0,1344.0,6.6770,62.06
189.961,measure,4968.0,1344.0,6.6770,62.19
190.062,measure,4968.0,1352.0,6.7167,62.22
190.162,measure,4968.0,1344.0,6.6770,62.16
190.262,measure,4968.0,1344.0,6.6770,62.09
190.362,measure,4968.0,1352.0,6.7167,62.12
190.462,measure,4968.0,1344.0,6.6770,62.03
190.562,measure,4968.0,1336.0,6.6372,62.03
190.662,measure,4968.0,1344.0,6.6770,62.03
190.763,measure,4968.0,1344.0,6.6770,62.03
190.863,measure,4968.0,1336.0,6.6372,62.22
190.963,measure,4968.0,1352.0,6.7167,62.16
191.063,measure,4968.0,1344.0,6.6770,62.12
191.163,measure,4968.0,1344.0,6.6770,62.12
191.263,measure,4968.0,1344.0,6.6770,62.06
191.363,measure,4968.0,1344.0,6.6770,62.06
191.464,measure,4968.0,1344.0,6.6770,62.16
191.564,measure,4968.0,1344.0,6.6770,62.16
191.664,measure,4968.0,1336.0,6.6372,62.00
191.764,measure,4968.0,1344.0,6.6770,62.28
191.864,measure,4968.0,1344.0,6.6770,62.09
191.964,measure,4968.0,1344.0,6.6770,62.16
192.064,measure,4968.0,1344.0,6.6770,62.16
192.164,measure,4968.0,1352.0,6.7167,62.09
192.265,measure,4968.0,1344.0,6.6770,62.12
192.365,measure,4968.0,1344.0,6.6770,62.09
192.465,measure,4968.0,1352.0,6.7167,62.00
192.565,measure,4968.0,1344.0,6.6770,62.22
192.665,measure,4968.0,1344.0,6.6770,62.25
192.765,measure,4968.0,1352.0,6.7167,62.16
192.865,measure,4968.0,1344.0,6.6770,62.06
192.965,measure,4968.0,1344.0,6.6770,62.12
193.066,measure,4968.0,1344.0,6.6770,62.06
193.166,measure,4968.0,1336.0,6.6372,62.09
193.266,measure,4968.0,1344.0,6.6770,62.16
193.366,measure,4968.0,1344.0,6.6770,62.06
193.466,measure,4968.0,1344.0,6.6770,62.06
193.566,measure,4968.0,1344.0,6.6770,62.31
193.666,measure,4968.0,1352.0,6.7167,62.25
193.766,measure,4968.0,1344.0,6.6770,62.25
193.867,measure,4968.0,1352.0,6.7167,62.16
193.967,measure,4968.0,1352.0,6.7167,62.19
194.067,measure,4968.0,1344.0,6.6770,62.09
194.167,measure,4968.0,1352.0,6.7167,62.19
194.267,measure,4968.0,1352.0,6.7167,62.03
194.367,measure,4968.0,1344.0,6.6770,62.31
194.468,measure,4968.0,1352.0,6.7167,62.28
194.568,measure,4968.0,1344.0,6.6770,62.28
194.668,measure,4968.0,1344.0,6.6770,62.25
194.768,measure,4968.0,1352.0,6.7167,62.19
194.868,measure,4968.0,1344.0,6.6770,62.12
194.968,measure,4968.0,1344.0,6.6770,62.09
195.068,measure,4968.0,1352.0,6.7167,62.03
195.169,measure,4968.0,1352.0,6.7167,62.06
195.269,measure,4968.0,1344.0,6.6770,62.19
195.369,measure,4968.0,1352.0,6.7167,62.28
195.469,measure,4968.0,1352.0,6.7167,62.28
195.569,measure,4968.0,1344.0,6.6770,62.19
195.669,measure,4968.0,1352.0,6.7167,62.12
195.769,measure,4968.0,1344.0,6.6770,62.12
195.869,measure,4968.0,1344.0,6.6770,62.16
195.970,measure,4968.0,1344.0,6.6770,62.12
196.070,measure,4968.0,1344.0,6.6770,62.12
196.170,measure,4968.0,1344.0,6.6770,62.34
196.270,measure,4968.0,1352.0,6.7167,62.22
196.370,measure,4968.0,1344.0,6.6770,62.25
196.470,measure,4968.0,1352.0,6.7167,62.22
196.570,measure,4968.0,1352.0,6.7167,62.22
196.671,measure,4968.0,1344.0,6.6770,62.12
196.771,measure,4968.0,1344.0,6.6770,62.19
196.871,measure,4968.0,1344.0,6.6770,62.09
196.971,measure,4968.0,1344.0,6.6770,62.06
197.071,measure,4968.0,1352.0,6.7167,62.00
197.171,measure,4968.0,1344.0,6.6770,62.28
197.271,measure,4968.0,1336.0,6.6372,62.22
197.371,measure,4968.0,1344.0,6.6770,62.22
197.472,measure,4968.0,1344.0,6.6770,62.16
197.572,measure,4968.0,1336.0,6.6372,62.16
197.672,measure,4968.0,1344.0,6.6770,62.16
197.772,measure,4968.0,1344.0,6.6770,62.06
197.872,measure,4968.0,1344.0,6.6770,62.06
197.972,measure,4968.0,1344.0,6.6770,62.09
198.072,measure,4968.0,1344.0,6.6770,62.22
198.172,measure,4968.0,1344.0,6.6770,62.28
198.273,measure,4968.0,1344.0,6.6770,62.16
198.373,measure,4968.0,1344.0,6.6770,62.16
198.473,measure,4968.0,1344.0,6.6770,62.12
198.573,measure,4968.0,1352.0,6.7167,62.12
198.673,measure,4968.0,1344.0,6.6770,62.09
198.773,measure,4968.0,1344.0,6.6770,62.09
198.873,measure,4968.0,1352.0,6.7167,62.03
198.973,measure,4968.0,1344.0,6.6770,62.31
199.074,measure,4968.0,1344.0,6.6770,62.25
199.174,measure,4968.0,1352.0,6.7167,62.22
199.274,measure,4968.0,1344.0,6.6770,62.22
199.374,measure,4968.0,1352.0,6.7167,62.06
199.474,measure,4968.0,1352.0,6.7167,62.12
199.574,measure,4968.0,1344.0,6.6770,62.16
199.674,measure,4968.0,1344.0,6.6770,62.12
199.775,measure,4968.0,1344.0,6.6770,62.06
199.875,measure,4968.0,1336.0,6.6372,62.12
199.975,measure,4968.0,1344.0,6.6770,62.31
200.075,measure,4968.0,1344.0,6.6770,62.19
200.175,measure,4968.0,1344.0,6.6770,62.25
200.275,measure,4968.0,1344.0,6.6770,62.16
200.375,measure,4968.0,1344.0,6.6770,62.06
200.475,measure,4968.0,1336.0,6.6372,62.19
200.576,measure,4968.0,1344.0,6.6770,62.12
200.676,measure,4968.0,1344.0,6.6770,62.16
200.776,measure,4968.0,1336.0,6.6372,62.09
200.876,measure,4968.0,1344.0,6.6770,62.25
200.976,measure,4968.0,1344.0,6.6770,62.25
201.076,measure,4968.0,1336.0,6.6372,62.25
201.176,measure,4968.0,1344.0,6.6770,62.12
201.276,measure,4968.0,1344.0,6.6770,62.19
201.377,measure,4968.0,1344.0,6.6770,62.16
201.477,measure,4968.0,1344.0,6.6770,62.12
201.577,measure,4968.0,1344.0,6.6770,62.06
201.677,measure,4968.0,1344.0,6.6770,62.12
201.777,measure,4968.0,1344.0,6.6770,62.31
201.877,measure,4968.0,1344.0,6.6770,62.22
201.977,measure,4968.0,1344.0,6.6770,62.22
202.077,measure,4968.0,1352.0,6.7167,62.16
202.178,measure,4968.0,1344.0,6.6770,62.19
202.278,measure,4968.0,1344.0,6.6770,62.12
202.378,measure,4968.0,1352.0,6.7167,62.16
202.478,measure,4968.0,1344.0,6.6770,62.16
202.578,measure,4968.0,1352.0,6.7167,62.09
202.678,measure,4968.0,1352.0,6.7167,62.28
202.778,measure,4968.0,1336.0,6.6372,62.25
202.878,measure,4968.0,1344.0,6.6770,62.25
202.979,measure,4968.0,1344.0,6.6770,62.16
203.079,measure,4968.0,1336.0,6.6372,62.22
203.179,measure,4968.0,1344.0,6.6770,62.09
203.279,measure,4968.0,1344.0,6.6770,62.16
203.379,measure,4968.0,1336.0,6.6372,62.03
203.479,measure,4968.0,1344.0,6.6770,62.12
203.579,measure,4968.0,1344.0,6.6770,62.28
203.679,measure,4968.0,1336.0,6.6372,62.28
203.780,measure,4968.0,1344.0,6.6770,62.22
203.880,measure,4968.0,1344.0,6.6770,62.19
203.980,measure,4968.0,1336.0,6.6372,62.19
204.080,measure,4968.0,1344.0,6.6770,62.12
204.180,measure,4968.0,1344.0,6.6770,62.12
204.280,measure,4968.0,1336.0,6.6372,62.16
204.380,measure,4968.0,1344.0,6.6770,62.06
204.480,measure,4968.0,1352.0,6.7167,62.25
204.581,measure,4968.0,1344.0,6.6770,62.31
204.681,measure,4968.0,1344.0,6.6770,62.22
204.781,measure,4968.0,1352.0,6.7167,62.16
204.881,measure,4968.0,1344.0,6.6770,62.22
204.981,measure,4968.0,1352.0,6.7167,62.12
205.081,measure,4968.0,1352.0,6.7167,62.16
205.181,measure,4968.0,1344.0,6.6770,62.09
205.281,measure,4968.0,1352.0,6.7167,62.09
205.382,measure,4968.0,1344.0,6.6770,62.28
205.482,measure,4968.0,1336.0,6.6372,62.25
205.582,measure,4968.0,1344.0,6.6770,62.16
205.682,measure,4968.0,1344.0,6.6770,62.19
205.782,measure,4968.0,1336.0,6.6372,62.16
205.882,measure,4968.0,1344.0,6.6770,62.16
205.982,measure,4968.0,1344.0,6.6770,62.09
206.083,measure,4968.0,1336.0,6.6372,62.09
206.183,measure,4968.0,1344.0,6.6770,62.09
206.283,measure,4968.0,1344.0,6.6770,62.34
206.383,measure,4968.0,1336.0,6.6372,62.28
206.483,measure,4968.0,1352.0,6.7167,62.28
206.583,measure,4968.0,1344.0,6.6770,62.12
206.683,measure,4968.0,1344.0,6.6770,62.16
206.783,measure,4968.0,1352.0,6.7167,62.09
206.884,measure,4968.0,1344.0,6.6770,62.06
206.984,measure,4968.0,1344.0,6.6770,62.03
207.084,measure,4968.0,1352.0,6.7167,62.28
207.184,measure,4968.0,1344.0,6.6770,62.31
207.284,measure,4968.0,1344.0,6.6770,62.31
207.384,measure,4968.0,1352.0,6.7167,62.22
207.484,measure,4968.0,1344.0,6.6770,62.25
207.585,measure,4968.0,1344.0,6.6770,62.16
207.685,measure,4968.0,1344.0,6.6770,62.12
207.785,measure,4968.0,1344.0,6.6770,62.06
207.885,measure,4968.0,1344.0,6.6770,62.09
207.985,measure,4968.0,1344.0,6.6770,62.25
208.085,measure,4968.0,1344.0,6.6770,62.31
208.185,measure,4968.0,1344.0,6.6770,62.28
208.285,measure,4968.0,1344.0,6.6770,62.25
208.386,measure,4968.0,1344.0,6.6770,62.12
208.486,measure,4968.0,1344.0,6.6770,62.16
208.586,measure,4968.0,1344.0,6.6770,62.06
208.686,measure,4968.0,1344.0,6.6770,62.12
208.786,measure,4968.0,1344.0,6.6770,62.09
208.886,measure,4968.0,1344.0,6.6770,62.16
208.986,measure,4968.0,1344.0,6.6770,62.28
209.086,measure,4968.0,1344.0,6.6770,62.28
209.187,measure,4968.0,1344.0,6.6770,62.19
209.287,measure,4968.0,1344.0,6.6770,62.22
209.387,measure,4968.0,1344.0,6.6770,62.16
209.487,measure,4968.0,1352.0,6.7167,62.19
209.587,measure,4968.0,1344.0,6.6770,62.09
209.687,measure,4968.0,1344.0,6.6770,62.19
209.787,measure,4968.0,1352.0,6.7167,62.12
209.887,measure,4968.0,1344.0,6.6770,62.31
209.987,measure,4968.0,1336.0,6.6372,62.31
210.088,measure,4968.0,1344.0,6.6770,62.22
210.188,measure,4968.0,1344.0,6.6770,62.25
210.288,measure,4968.0,1336.0,6.6372,62.19
210.388,measure,4968.0,1352.0,6.7167,62.19
210.488,measure,4968.0,1344.0,6.6770,62.09
210.588,measure,4968.0,1336.0,6.6372,62.19
210.688,measure,4968.0,1344.0,6.6770,62.16
210.788,measure,4968.0,1344.0,6.6770,62.16
210.889,measure,4968.0,1336.0,6.6372,62.38
210.989,measure,4968.0,1344.0,6.6770,62.19
211.089,measure,4968.0,1344.0,6.6770,62.28
211.189,measure,4968.0,1336.0,6.6372,62.16
211.289,measure,4968.0,1344.0,6.6770,62.19
211.389,measure,4968.0,1344.0,6.6770,62.25
211.489,measure,4968.0,1344.0,6.6770,62.12
211.590,measure,4968.0,1352.0,6.7167,62.16
211.690,measure,4968.0,1344.0,6.6770,62.06
211.790,measure,4968.0,1344.0,6.6770,62.25
211.890,measure,4968.0,1344.0,6.6770,62.22
211.990,measure,4968.0,1344.0,6.6770,62.22
212.090,measure,4968.0,1344.0,6.6770,62.22
212.190,measure,4968.0,1344.0,6.6770,62.19
212.291,measure,4968.0,1344.0,6.6770,62.19
212.391,measure,4968.0,1336.0,6.6372,62.19
212.491,measure,4968.0,1344.0,6.6770,62.19
212.591,measure,4968.0,1344.0,6.6770,62.09
212.691,measure,4968.0,1336.0,6.6372,62.31
212.791,measure,4968.0,1344.0,6.6770,62.28
212.891,measure,4968.0,1344.0,6.6770,62.28
212.991,measure,4968.0,1336.0,6.6372,62.22
213.092,measure,4968.0,1344.0,6.6770,62.22
213.192,measure,4968.0,1344.0,6.6770,62.19
213.292,measure,4968.0,1336.0,6.6372,62.19
213.392,measure,4968.0,1344.0,6.6770,62.16
213.492,measure,4968.0,1344.0,6.6770,62.12
213.592,measure,4968.0,1336.0,6.6372,62.28
213.692,measure,4968.0,1344.0,6.6770,62.25
213.793,measure,4968.0,1344.0,6.6770,62.31
213.893,measure,4968.0,1336.0,6.6372,62.22
213.993,measure,4968.0,1344.0,6.6770,62.22
214.093,measure,4968.0,1344.0,6.6770,62.16
214.193,measure,4968.0,1336.0,6.6372,62.19
214.293,measure,4968.0,1344.0,6.6770,62.16
214.393,measure,4968.0,1344.0,6.6770,62.16
214.493,measure,4968.0,1344.0,6.6770,62.31
214.594,measure,4968.0,1352.0,6.7167,62.31
214.694,measure,4968.0,1352.0,6.7167,62.25
214.794,measure,4968.0,1344.0,6.6770,62.22
214.894,measure,4968.0,1352.0,6.7167,62.28
214.994,measure,4968.0,1344.0,6.6770,62.19
215.094,measure,4968.0,1344.0,6.6770,62.22
215.194,measure,4968.0,1352.0,6.7167,62.19
215.294,measure,4968.0,1344.0,6.6770,62.16
215.395,measure,4968.0,1336.0,6.6372,62.31
215.495,measure,4968.0,1352.0,6.7167,62.25
215.595,measure,4968.0,1344.0,6.6770,62.22
215.695,measure,4968.0,1336.0,6.6372,62.28
215.795,measure,4968.0,1344.0,6.6770,62.16
215.895,measure,4968.0,1344.0,6.6770,62.22
215.995,measure,4968.0,1344.0,6.6770,62.19
216.095,measure,4968.0,1352.0,6.7167,62.16
216.196,measure,4968.0,1344.0,6.6770,62.12
216.296,measure,4968.0,1336.0,6.6372,62.31
216.396,measure,4968.0,1344.0,6.6770,62.28
216.496,measure,4968.0,1344.0,6.6770,62.19
216.596,measure,4968.0,1336.0,6.6372,62.25
216.696,measure,4968.0,1344.0,6.6770,62.16
216.796,measure,4968.0,1344.0,6.6770,62.16
216.896,measure,4968.0,1344.0,6.6770,62.19
216.997,measure,4968.0,1344.0,6.6770,62.09
217.097,measure,4968.0,1344.0,6.6770,62.16
217.197,measure,4968.0,1344.0,6.6770,62.31
217.297,measure,4968.0,1344.0,6.6770,62.34
217.397,measure,4968.0,1344.0,6.6770,62.22
217.497,measure,4968.0,1344.0,6.6770,62.16
217.597,measure,4968.0,1352.0,6.7167,62.19
217.697,measure,4968.0,1344.0,6.6770,62.19
217.798,measure,4968.0,1352.0,6.7167,62.22
217.898,measure,4968.0,1352.0,6.7167,62.22
217.998,measure,4968.0,1344.0,6.6770,62.38
218.098,measure,4968.0,1352.0,6.7167,62.31
218.198,measure,4968.0,1352.0,6.7167,62.31
218.298,measure,4968.0,1344.0,6.6770,62.25
218.398,measure,4968.0,1352.0,6.7167,62.25
218.498,measure,4968.0,1352.0,6.7167,62.22
218.599,measure,4968.0,1344.0,6.6770,62.19
218.699,measure,4968.0,1352.0,6.7167,62.12
218.799,measure,4968.0,1352.0,6.7167,62.19
218.899,measure,4968.0,1344.0,6.6770,62.31
218.999,measure,4968.0,1352.0,6.7167,62.25
219.099,measure,4968.0,1352.0,6.7167,62.28
219.199,measure,4968.0,1344.0,6.6770,62.22
219.300,measure,4968.0,1352.0,6.7167,62.25
219.400,measure,4968.0,1344.0,6.6770,62.25
219.500,measure,4968.0,1336.0,6.6372,62.28
219.600,measure,4968.0,1352.0,6.7167,62.22
219.700,measure,4968.0,1344.0,6.6770,62.19
219.800,measure,4968.0,1344.0,6.6770,62.12
219.900,measure,4968.0,1352.0,6.7167,62.41
220.000,measure,4968.0,1344.0,6.6770,62.31
220.101,measure,4968.0,1336.0,6.6372,62.31
220.201,measure,4968.0,1344.0,6.6770,62.22
220.301,measure,4968.0,1336.0,6.6372,62.25
220.401,measure,4968.0,1344.0,6.6770,62.19
220.501,measure,4968.0,1344.0,6.6770,62.19
220.601,measure,4968.0,1336.0,6.6372,62.12
220.701,measure,4968.0,1344.0,6.6770,62.19
220.801,measure,4968.0,1344.0,6.6770,62.34
220.902,measure,4968.0,1336.0,6.6372,62.38
221.002,measure,4968.0,1344.0,6.6770,62.25
221.102,measure,4968.0,1344.0,6.6770,62.22
221.202,measure,4968.0,1336.0,6.6372,62.19
221.302,measure,4968.0,1344.0,6.6770,62.22
221.402,measure,4968.0,1344.0,6.6770,62.12
221.502,measure,4968.0,1336.0,6.6372,62.25
221.604,measure,4968.0,1344.0,6.6770,62.19
221.704,measure,4968.0,1344.0,6.6770,62.25
221.804,measure,4968.0,1336.0,6.6372,62.34
221.904,measure,4968.0,1344.0,6.6770,62.28
222.005,measure,4968.0,1344.0,6.6770,62.31
222.105,measure,4968.0,1336.0,6.6372,62.22
222.205,measure,4968.0,1344.0,6.6770,62.19
222.305,measure,4968.0,1344.0,6.6770,62.22
222.405,measure,4968.0,1336.0,6.6372,62.22
222.505,measure,4968.0,1344.0,6.6770,62.19
222.605,measure,4968.0,1344.0,6.6770,62.19
222.705,measure,4968.0,1344.0,6.6770,62.31
222.806,measure,4968.0,1352.0,6.7167,62.31
222.906,measure,4968.0,1352.0,6.7167,62.19
223.006,measure,4968.0,1344.0,6.6770,62.31
223.106,measure,4968.0,1344.0,6.6770,62.25
223.206,measure,4968.0,1344.0,6.6770,62.28
223.306,measure,4968.0,1336.0,6.6372,62.22
223.406,measure,4968.0,1352.0,6.7167,62.22
223.506,measure,4968.0,1344.0,6.6770,62.19
223.607,measure,4968.0,1336.0,6.6372,62.31
223.707,measure,4968.0,1344.0,6.6770,62.34
223.807,measure,4968.0,1344.0,6.6770,62.22
223.907,measure,4968.0,1344.0,6.6770,62.28
224.007,measure,4968.0,1352.0,6.7167,62.28
224.107,measure,4968.0,1344.0,6.6770,62.28
224.208,measure,4968.0,1344.0,6.6770,62.22
224.308,measure,4968.0,1352.0,6.7167,62.19
224.408,measure,4968.0,1344.0,6.6770,62.16
224.508,measure,4968.0,1344.0,6.6770,62.19
224.608,measure,4968.0,1352.0,6.7167,62.31
224.708,measure,4968.0,1344.0,6.6770,62.25
224.808,measure,4968.0,1344.0,6.6770,62.28
224.908,measure,4968.0,1352.0,6.7167,62.28
225.009,measure,4968.0,1344.0,6.6770,62.22
225.109,measure,4968.0,1344.0,6.6770,62.16
225.209,measure,4968.0,1344.0,6.6770,62.25
225.309,measure,4968.0,1344.0,6.6770,62.19
225.409,measure,4968.0,1344.0,6.6770,62.16
225.509,measure,4968.0,1344.0,6.6770,62.34
225.609,measure,4968.0,1336.0,6.6372,62.31
225.709,measure,4968.0,1336.0,6.6372,62.25
225.810,measure,4968.0,1344.0,6.6770,62.22
225.910,measure,4968.0,1336.0,6.6372,62.25
226.010,measure,4968.0,1344.0,6.6770,62.16
226.110,measure,4968.0,1344.0,6.6770,62.22
226.210,measure,4968.0,1344.0,6.6770,62.12
226.310,measure,4968.0,1344.0,6.6770,62.22
226.410,measure,4968.0,1344.0,6.6770,62.41
226.510,measure,4968.0,1336.0,6.6372,62.31
226.611,measure,4968.0,1344.0,6.6770,62.28
226.711,measure,4968.0,1344.0,6.6770,62.16
226.811,measure,4968.0,1336.0,6.6372,62.28
226.911,measure,4968.0,1344.0,6.6770,62.16
227.011,measure,4968.0,1344.0,6.6770,62.19
227.111,measure,4968.0,1336.0,6.6372,62.16
227.211,measure,4968.0,1344.0,6.6770,62.12
227.311,measure,4968.0,1344.0,6.6770,62.28
227.412,measure,4968.0,1336.0,6.6372,62.28
227.512,measure,4968.0,1344.0,6.6770,62.31
227.612,measure,4968.0,1344.0,6.6770,62.19
227.712,measure,4968.0,1344.0,6.6770,62.28
227.812,measure,4968.0,1352.0,6.7167,62.19
227.912,measure,4968.0,1344.0,6.6770,62.09
228.012,measure,4968.0,1344.0,6.6770,62.22
228.113,measure,4968.0,1352.0,6.7167,62.12
228.213,measure,4968.0,1344.0,6.6770,62.38
228.313,measure,4968.0,1344.0,6.6770,62.25
228.413,measure,4968.0,1352.0,6.7167,62.31
228.513,measure,4968.0,1344.0,6.6770,62.22
228.613,measure,4968.0,1344.0,6.6770,62.28
228.713,measure,4968.0,1352.0,6.7167,62.19
228.813,measure,4968.0,1344.0,6.6770,62.16
228.914,measure,4968.0,1344.0,6.6770,62.19
229.014,measure,4968.0,1352.0,6.7167,62.16
229.114,measure,4968.0,1344.0,6.6770,62.34
229.214,measure,4968.0,1344.0,6.6770,62.31
229.314,measure,4968.0,1352.0,6.7167,62.31
229.414,measure,4968.0,1344.0,6.6770,62.25
229.514,measure,4968.0,1344.0,6.6770,62.25
229.614,measure,4968.0,1352.0,6.7167,62.19
229.715,measure,4968.0,1344.0,6.6770,62.12
229.815,measure,4968.0,1344.0,6.6770,62.22
229.915,measure,4968.0,1352.0,6.7167,62.22
230.015,measure,4968.0,1344.0,6.6770,62.38
230.115,measure,4968.0,1344.0,6.6770,62.31
230.215,measure,4968.0,1352.0,6.7167,62.31
230.315,measure,4968.0,1344.0,6.6770,62.22
230.416,measure,4968.0,1344.0,6.6770,62.25
230.516,measure,4968.0,1352.0,6.7167,62.22
230.616,measure,4968.0,1344.0,6.6770,62.25
230.716,measure,4968.0,1344.0,6.6770,62.22
230.816,measure,4968.0,1352.0,6.7167,62.12
230.916,measure,4968.0,1344.0,6.6770,62.31
231.016,measure,4968.0,1344.0,6.6770,62.31
231.116,measure,4968.0,1352.0,6.7167,62.28
231.216,measure,4968.0,1336.0,6.6372,62.28
231.317,measure,4968.0,1344.0,6.6770,62.22
231.417,measure,4968.0,1344.0,6.6770,62.22
231.517,measure,4968.0,1344.0,6.6770,62.16
231.617,measure,4968.0,1344.0,6.6770,62.09
231.717,measure,4968.0,1344.0,6.6770,62.16
231.817,measure,4968.0,1344.0,6.6770,62.38
231.917,measure,4968.0,1352.0,6.7167,62.31
232.018,measure,4968.0,1352.0,6.7167,62.28
232.118,measure,4968.0,1344.0,6.6770,62.22
232.218,measure,4968.0,1352.0,6.7167,62.28
232.318,measure,4968.0,1344.0,6.6770,62.22
232.418,measure,4968.0,1336.0,6.6372,62.19
232.518,measure,4968.0,1352.0,6.7167,62.19
232.618,measure,4968.0,1344.0,6.6770,62.16
232.718,measure,4968.0,1336.0,6.6372,62.38
232.819,measure,4968.0,1344.0,6.6770,62.31
232.919,measure,4968.0,1344.0,6.6770,62.31
233.019,measure,4968.0,1336.0,6.6372,62.22
233.119,measure,4968.0,1352.0,6.7167,62.22
233.219,measure,4968.0,1344.0,6.6770,62.22
233.319,measure,4968.0,1344.0,6.6770,62.19
233.419,measure,4968.0,1352.0,6.7167,62.25
233.519,measure,4968.0,1344.0,6.6770,62.19
233.620,measure,4968.0,1336.0,6.6372,62.31
233.720,measure,4968.0,1344.0,6.6770,62.28
233.820,measure,4968.0,1336.0,6.6372,62.28
233.920,measure,4968.0,1336.0,6.6372,62.25
234.020,measure,4968.0,1344.0,6.6770,62.31
234.120,measure,4968.0,1344.0,6.6770,62.22
234.220,measure,4968.0,1344.0,6.6770,62.25
234.321,measure,4968.0,1344.0,6.6770,62.22
234.421,measure,4968.0,1344.0,6.6770,62.25
234.521,measure,4968.0,1344.0,6.6770,62.31
234.621,measure,4968.0,1344.0,6.6770,62.28
234.721,measure,4968.0,1336.0,6.6372,62.31
234.821,measure,4968.0,1344.0,6.6770,62.31
234.921,measure,4968.0,1352.0,6.7167,62.22
235.021,measure,4968.0,1344.0,6.6770,62.25
235.122,measure,4968.0,1344.0,6.6770,62.19
235.222,measure,4968.0,1344.0,6.6770,62.16
235.322,measure,4968.0,1336.0,6.6372,62.28
235.422,measure,4968.0,1344.0,6.6770,62.41
235.522,measure,4968.0,1344.0,6.6770,62.28
235.622,measure,4968.0,1336.0,6.6372,62.31
235.722,measure,4968.0,1344.0,6.6770,62.31
235.822,measure,4968.0,1344.0,6.6770,62.28
235.923,measure,4968.0,1336.0,6.6372,62.25
236.023,measure,4968.0,1344.0,6.6770,62.22
236.123,measure,4968.0,1344.0,6.6770,62.22
236.223,measure,4968.0,1344.0,6.6770,62.22
236.323,measure,4968.0,1344.0,6.6770,62.25
236.423,measure,4968.0,1344.0,6.6770,62.34
236.523,measure,4968.0,1336.0,6.6372,62.25
236.623,measure,4968.0,1344.0,6.6770,62.25
236.724,measure,4968.0,1344.0,6.6770,62.28
236.824,measure,4968.0,1336.0,6.6372,62.22
236.924,measure,4968.0,1344.0,6.6770,62.31
237.024,measure,4968.0,1344.0,6.6770,62.19
237.124,measure,4968.0,1344.0,6.6770,62.22
237.224,measure,4968.0,1352.0,6.7167,62.09
237.325,measure,4968.0,1344.0,6.6770,62.44
237.425,measure,4968.0,1344.0,6.6770,62.25
237.525,measure,4968.0,1352.0,6.7167,62.25
237.625,measure,4968.0,1344.0,6.6770,62.25
237.725,measure,4968.0,1344.0,6.6770,62.25
237.825,measure,4968.0,1352.0,6.7167,62.28
237.925,measure,4968.0,1344.0,6.6770,62.31
238.025,measure,4968.0,1344.0,6.6770,62.22
238.126,measure,4968.0,1344.0,6.6770,62.19
238.226,measure,4968.0,1344.0,6.6770,62.19
238.326,measure,4968.0,1344.0,6.6770,62.31
238.426,measure,4968.0,1344.0,6.6770,62.34
238.526,measure,4968.0,1344.0,6.6770,62.31
238.626,measure,4968.0,1336.0,6.6372,62.31
238.726,measure,4968.0,1344.0,6.6770,62.25
238.826,measure,4968.0,1336.0,6.6372,62.25
238.927,measure,4968.0,1344.0,6.6770,62.28
239.027,measure,4968.0,1344.0,6.6770,62.12
239.127,measure,4968.0,1336.0,6.6372,62.16
239.227,measure,4968.0,1344.0,6.6770,62.31
239.327,measure,4968.0,1344.0,6.6770,62.28
239.427,measure,4968.0,1336.0,6.6372,62.25
239.527,measure,4968.0,1344.0,6.6770,62.28
239.627,measure,4968.0,1344.0,6.6770,62.25
239.728,measure,4968.0,1336.0,6.6372,62.19
239.828,measure,4968.0,1344.0,6.6770,62.19
239.928,measure,4968.0,1344.0,6.6770,62.22
240.028,measure,4968.0,1336.0,6.6372,62.22
240.128,measure,4968.0,1344.0,6.6770,62.34
240.228,measure,4968.0,1344.0,6.6770,62.38
240.328,measure,4968.0,1336.0,6.6372,62.28
240.429,measure,4968.0,1344.0,6.6770,62.28
240.529,measure,4968.0,1344.0,6.6770,62.31
240.629,measure,4968.0,1336.0,6.6372,62.19
240.729,measure,4968.0,1344.0,6.6770,62.25
240.829,measure,4968.0,1344.0,6.6770,62.25
240.929,measure,4968.0,1336.0,6.6372,62.19
241.029,measure,4968.0,1344.0,6.6770,62.34
241.130,measure,4968.0,1344.0,6.6770,62.34
241.230,measure,4968.0,1336.0,6.6372,62.31
241.330,measure,4968.0,1344.0,6.6770,62.25
241.430,measure,4968.0,1344.0,6.6770,62.25
241.530,measure,4968.0,1336.0,6.6372,62.22
241.630,measure,4968.0,1344.0,6.6770,62.31
241.730,measure,4968.0,1344.0,6.6770,62.22
241.830,measure,4968.0,1336.0,6.6372,62.31
241.931,measure,4968.0,1344.0,6.6770,62.25
242.031,measure,4968.0,1344.0,6.6770,62.28
242.131,measure,4968.0,1336.0,6.6372,62.31
242.231,measure,4968.0,1344.0,6.6770,62.28
242.331,measure,4968.0,1344.0,6.6770,62.22
242.431,measure,4968.0,1336.0,6.6372,62.22
242.531,measure,4968.0,1344.0,6.6770,62.25
242.631,measure,4968.0,1344.0,6.6770,62.25
242.732,measure,4968.0,1336.0,6.6372,62.31
242.832,measure,4968.0,1344.0,6.6770,62.41
242.932,measure,4968.0,1344.0,6.6770,62.38
243.032,measure,4968.0,1336.0,6.6372,62.31
243.132,measure,4968.0,1344.0,6.6770,62.25
243.232,measure,4968.0,1344.0,6.6770,62.25
243.332,measure,4968.0,1344.0,6.6770,62.28
243.433,measure,4968.0,1344.0,6.6770,62.28
243.533,measure,4968.0,1344.0,6.6770,62.25
243.633,measure,4968.0,1344.0,6.6770,62.31
243.733,measure,4968.0,1344.0,6.6770,62.34
243.833,measure,4968.0,1344.0,6.6770,62.38
243.933,measure,4968.0,1344.0,6.6770,62.31
244.033,measure,4968.0,1344.0,6.6770,62.31
244.133,measure,4968.0,1344.0,6.6770,62.25
244.234,measure,4968.0,1344.0,6.6770,62.22
244.334,measure,4968.0,1344.0,6.6770,62.22
244.434,measure,4968.0,1352.0,6.7167,62.28
244.534,measure,4968.0,1344.0,6.6770,62.31
244.634,measure,4968.0,1344.0,6.6770,62.38
244.734,measure,4968.0,1352.0,6.7167,62.34
244.834,measure,4968.0,1344.0,6.6770,62.31
244.934,measure,4968.0,1344.0,6.6770,62.34
245.035,measure,4968.0,1352.0,6.7167,62.22
245.135,measure,4968.0,1344.0,6.6770,62.31
245.235,measure,4968.0,1344.0,6.6770,62.22
245.335,measure,4968.0,1352.0,6.7167,62.19
245.435,measure,4968.0,1344.0,6.6770,62.25
245.535,measure,4968.0,1344.0,6.6770,62.34
245.635,measure,4968.0,1344.0,6.6770,62.41
245.736,measure,4968.0,1344.0,6.6770,62.31
245.836,measure,4968.0,1336.0,6.6372,62.31
245.936,measure,4968.0,1344.0,6.6770,62.25
246.036,measure,4968.0,1344.0,6.6770,62.25
246.136,measure,4968.0,1336.0,6.6372,62.28
246.236,measure,4968.0,1344.0,6.6770,62.19
246.336,measure,4968.0,1344.0,6.6770,62.41
246.436,measure,4968.0,1336.0,6.6372,62.38
246.537,measure,4968.0,1344.0,6.6770,62.44
246.637,measure,4968.0,1344.0,6.6770,62.34
246.737,measure,4968.0,1336.0,6.6372,62.31
246.837,measure,4968.0,1344.0,6.6770,62.28
246.937,measure,4968.0,1344.0,6.6770,62.22
247.037,measure,4968.0,1336.0,6.6372,62.22
247.137,measure,4968.0,1344.0,6.6770,62.16
247.238,measure,4968.0,1344.0,6.6770,62.34
247.338,measure,4968.0,1336.0,6.6372,62.47
247.438,measure,4968.0,1344.0,6.6770,62.34
247.538,measure,4968.0,1344.0,6.6770,62.38
247.638,measure,4968.0,1336.0,6.6372,62.31
247.738,measure,4968.0,1344.0,6.6770,62.28
247.838,measure,4968.0,1344.0,6.6770,62.25
247.938,measure,4968.0,1336.0,6.6372,62.25
248.039,measure,4968.0,1344.0,6.6770,62.31
248.139,measure,4968.0,1344.0,6.6770,62.25
248.239,measure,4968.0,1344.0,6.6770,62.38
248.339,measure,4968.0,1344.0,6.6770,62.31
248.439,measure,4968.0,1344.0,6.6770,62.31
248.539,measure,4968.0,1344.0,6.6770,62.31
248.639,measure,4968.0,1352.0,6.7167,62.28
248.739,measure,4968.0,1344.0,6.6770,62.25
248.840,measure,4968.0,1344.0,6.6770,62.25
248.940,measure,4968.0,1352.0,6.7167,62.22
249.040,measure,4968.0,1344.0,6.6770,62.22
249.140,measure,4968.0,1336.0,6.6372,62.47
249.240,measure,4968.0,1344.0,6.6770,62.31
249.340,measure,4968.0,1344.0,6.6770,62.31
249.440,measure,4968.0,1336.0,6.6372,62.31
249.540,measure,4968.0,1344.0,6.6770,62.31
249.641,measure,4968.0,1344.0,6.6770,62.28
249.741,measure,4968.0,1336.0,6.6372,62.25
249.841,measure,4968.0,1344.0,6.6770,62.25
249.941,measure,4968.0,1344.0,6.6770,62.16
250.041,measure,4968.0,1336.0,6.6372,62.19
250.141,measure,4968.0,1344.0,6.6770,62.34
250.241,measure,4968.0,1344.0,6.6770,62.28
250.341,measure,4968.0,1336.0,6.6372,62.34
250.442,measure,4968.0,1344.0,6.6770,62.28
250.542,measure,4968.0,1344.0,6.6770,62.28
250.642,measure,4968.0,1344.0,6.6770,62.25
250.742,measure,4968.0,1352.0,6.7167,62.22
250.842,measure,4968.0,1344.0,6.6770,62.28
250.942,measure,4968.0,1344.0,6.6770,62.28
251.043,measure,4968.0,1344.0,6.6770,62.38
251.143,measure,4968.0,1344.0,6.6770,62.28
251.243,measure,4968.0,1336.0,6.6372,62.28
251.343,measure,4968.0,1352.0,6.7167,62.31
251.443,measure,4968.0,1344.0,6.6770,62.25
251.543,measure,4968.0,1344.0,6.6770,62.25
251.644,measure,4968.0,1352.0,6.7167,62.25
251.744,measure,4968.0,1344.0,6.6770,62.22
251.844,measure,4968.0,1336.0,6.6372,62.28
251.944,measure,4968.0,1344.0,6.6770,62.31
252.044,measure,4968.0,1344.0,6.6770,62.31
252.144,measure,4968.0,1336.0,6.6372,62.34
252.244,measure,4968.0,1344.0,6.6770,62.22
252.344,measure,4968.0,1344.0,6.6770,62.31
252.445,measure,4968.0,1336.0,6.6372,62.28
252.545,measure,4968.0,1352.0,6.7167,62.22
252.645,measure,4968.0,1344.0,6.6770,62.22
252.745,measure,4968.0,1344.0,6.6770,62.25
252.845,measure,4968.0,1344.0,6.6770,62.34
252.945,measure,4968.0,1344.0,6.6770,62.41
253.045,measure,4968.0,1344.0,6.6770,62.34
253.146,measure,4968.0,1352.0,6.7167,62.31
253.246,measure,4968.0,1344.0,6.6770,62.31
253.346,measure,4968.0,1344.0,6.6770,62.28
253.446,measure,4968.0,1344.0,6.6770,62.25
253.546,measure,4968.0,1344.0,6.6770,62.22
253.646,measure,4968.0,1344.0,6.6770,62.22
253.746,measure,4968.0,1344.0,6.6770,62.34
253.846,measure,4968.0,1336.0,6.6372,62.34
253.947,measure,4968.0,1336.0,6.6372,62.34
254.047,measure,4968.0,1344.0,6.6770,62.31
254.147,measure,4968.0,1336.0,6.6372,62.28
254.247,measure,4968.0,1336.0,6.6372,62.25
254.347,measure,4968.0,1344.0,6.6770,62.22
254.447,measure,4968.0,1344.0,6.6770,62.31
254.547,measure,4968.0,1336.0,6.6372,62.25
254.648,measure,4968.0,1344.0,6.6770,62.31
254.748,measure,4968.0,1344.0,6.6770,62.34
254.848,measure,4968.0,1336.0,6.6372,62.31
254.948,measure,4968.0,1344.0,6.6770,62.31
255.048,measure,4968.0,1344.0,6.6770,62.22
255.148,measure,4968.0,1336.0,6.6372,62.25
255.248,measure,4968.0,1344.0,6.6770,62.25
255.349,measure,4968.0,1344.0,6.6770,62.25
255.449,measure,4968.0,1336.0,6.6372,62.28
255.549,measure,4968.0,1344.0,6.6770,62.38
255.649,measure,4968.0,1360.0,6.7565,62.38
255.749,measure,4968.0,1352.0,6.7167,62.31
255.849,measure,4968.0,1344.0,6.6770,62.28
255.949,measure,4968.0,1352.0,6.7167,62.31
256.050,measure,4968.0,1352.0,6.7167,62.25
256.150,measure,4968.0,1352.0,6.7167,62.25
256.250,measure,4968.0,1352.0,6.7167,62.31
256.350,measure,4968.0,1352.0,6.7167,62.28
256.450,measure,4968.0,1352.0,6.7167,62.44
256.550,measure,4968.0,1344.0,6.6770,62.44
256.650,measure,4968.0,1352.0,6.7167,62.34
256.751,measure,4968.0,1352.0,6.7167,62.31
256.851,measure,4968.0,1352.0,6.7167,62.31
256.951,measure,4968.0,1344.0,6.6770,62.31
257.051,measure,4968.0,1352.0,6.7167,62.19
257.151,measure,4968.0,1344.0,6.6770,62.28
257.251,measure,4968.0,1344.0,6.6770,62.22
257.351,measure,4968.0,1352.0,6.7167,62.38
257.452,measure,4968.0,1344.0,6.6770,62.34
257.552,measure,4968.0,1344.0,6.6770,62.34
257.652,measure,4968.0,1352.0,6.7167,62.38
257.752,measure,4968.0,1344.0,6.6770,62.31
257.852,measure,4968.0,1344.0,6.6770,62.28
257.953,measure,4968.0,1352.0,6.7167,62.31
258.053,measure,4968.0,1352.0,6.7167,62.28
258.153,measure,4968.0,1344.0,6.6770,62.22
258.253,measure,4968.0,1344.0,6.6770,62.25
258.353,measure,4968.0,1352.0,6.7167,62.41
258.453,measure,4968.0,1352.0,6.7167,62.34
258.553,measure,4968.0,1352.0,6.7167,62.34
258.654,measure,4968.0,1352.0,6.7167,62.31
258.754,measure,4968.0,1352.0,6.7167,62.22
258.854,measure,4968.0,1352.0,6.7167,62.31
258.954,measure,4968.0,1344.0,6.6770,62.28
259.054,measure,4968.0,1352.0,6.7167,62.28
259.154,measure,4968.0,1352.0,6.7167,62.28
259.255,measure,4968.0,1344.0,6.6770,62.41
259.355,measure,4968.0,1352.0,6.7167,62.38
259.455,measure,4968.0,1352.0,6.7167,62.38
259.555,measure,4968.0,1344.0,6.6770,62.28
259.655,measure,4968.0,1352.0,6.7167,62.31
259.755,measure,4968.0,1352.0,6.7167,62.31
259.856,measure,4968.0,1344.0,6.6770,62.25
259.956,measure,4968.0,1344.0,6.6770,62.31
260.056,measure,4968.0,1352.0,6.7167,62.28
260.156,measure,4968.0,1344.0,6.6770,62.47
260.256,measure,4968.0,1344.0,6.6770,62.47
260.356,measure,4968.0,1344.0,6.6770,62.34
260.456,measure,4968.0,1336.0,6.6372,62.31
260.556,measure,4968.0,1336.0,6.6372,62.31
260.657,measure,4968.0,1344.0,6.6770,62.28
260.757,measure,4968.0,1344.0,6.6770,62.25
260.857,measure,4968.0,1344.0,6.6770,62.28
260.957,measure,4968.0,1344.0,6.6770,62.28
261.057,measure,4968.0,1344.0,6.6770,62.50
261.157,measure,4968.0,1336.0,6.6372,62.41
261.257,measure,4968.0,1344.0,6.6770,62.34
261.358,measure,4968.0,1344.0,6.6770,62.31
261.458,measure,4968.0,1336.0,6.6372,62.31
261.558,measure,4968.0,1344.0,6.6770,62.28
261.658,measure,4968.0,1336.0,6.6372,62.28
261.758,measure,4968.0,1336.0,6.6372,62.34
261.858,measure,4968.0,1344.0,6.6770,62.25
261.958,measure,4968.0,1344.0,6.6770,62.38
262.059,measure,4968.0,1336.0,6.6372,62.34
262.159,measure,4968.0,1344.0,6.6770,62.41
262.259,measure,4968.0,1344.0,6.6770,62.31
262.359,measure,4968.0,1336.0,6.6372,62.28
262.459,measure,4968.0,1344.0,6.6770,62.31
262.559,measure,4968.0,1344.0,6.6770,62.31
262.660,measure,4968.0,1336.0,6.6372,62.28
262.760,measure,4968.0,1344.0,6.6770,62.28
262.860,measure,4968.0,1344.0,6.6770,62.44
262.960,measure,4968.0,1336.0,6.6372,62.41
263.060,measure,4968.0,1344.0,6.6770,62.47
263.160,measure,4968.0,1344.0,6.6770,62.31
263.260,measure,4968.0,1336.0,6.6372,62.31
263.361,measure,4968.0,1344.0,6.6770,62.31
263.461,measure,4968.0,1344.0,6.6770,62.31
263.561,measure,4968.0,1336.0,6.6372,62.31
263.661,measure,4968.0,1344.0,6.6770,62.25
263.761,measure,4968.0,1344.0,6.6770,62.19
263.861,measure,4968.0,1336.0,6.6372,62.47
263.961,measure,4968.0,1344.0,6.6770,62.38
264.062,measure,4968.0,1344.0,6.6770,62.34
264.162,measure,4968.0,1336.0,6.6372,62.31
264.262,measure,4968.0,1344.0,6.6770,62.31
264.362,measure,4968.0,1344.0,6.6770,62.31
264.462,measure,4968.0,1336.0,6.6372,62.28
264.562,measure,4968.0,1344.0,6.6770,62.31
264.662,measure,4968.0,1344.0,6.6770,62.28
264.763,measure,4968.0,1336.0,6.6372,62.47
264.863,measure,4968.0,1344.0,6.6770,62.41
264.963,measure,4968.0,1344.0,6.6770,62.31
265.063,measure,4968.0,1336.0,6.6372,62.31
265.163,measure,4968.0,1344.0,6.6770,62.28
265.263,measure,4968.0,1344.0,6.6770,62.31
265.363,measure,4968.0,1336.0,6.6372,62.25
265.464,measure,4968.0,1344.0,6.6770,62.28
265.564,measure,4968.0,1344.0,6.6770,62.28
265.664,measure,4968.0,1336.0,6.6372,62.53
265.764,measure,4968.0,1344.0,6.6770,62.38
265.864,measure,4968.0,1352.0,6.7167,62.38
265.964,measure,4968.0,1344.0,6.6770,62.38
266.064,measure,4968.0,1344.0,6.6770,62.41
266.165,measure,4968.0,1352.0,6.7167,62.31
266.265,measure,4968.0,1336.0,6.6372,62.31
266.365,measure,4968.0,1344.0,6.6770,62.28
266.465,measure,4968.0,1352.0,6.7167,62.25
266.565,measure,4968.0,1344.0,6.6770,62.28
266.665,measure,4968.0,1344.0,6.6770,62.47
266.765,measure,4968.0,1352.0,6.7167,62.47
266.866,measure,4968.0,1344.0,6.6770,62.34
266.966,measure,4968.0,1344.0,6.6770,62.38
267.066,measure,4968.0,1352.0,6.7167,62.31
267.166,measure,4968.0,1352.0,6.7167,62.31
267.266,measure,4968.0,1344.0,6.6770,62.28
267.367,measure,4968.0,1352.0,6.7167,62.25
267.467,measure,4968.0,1352.0,6.7167,62.22
267.567,measure,4968.0,1344.0,6.6770,62.50
267.667,measure,4968.0,1352.0,6.7167,62.38
267.767,measure,4968.0,1352.0,6.7167,62.34
267.867,measure,4968.0,1344.0,6.6770,62.38
267.967,measure,4968.0,1344.0,6.6770,62.31
268.068,measure,4968.0,1352.0,6.7167,62.31
268.168,measure,4968.0,1344.0,6.6770,62.31
268.268,measure,4968.0,1344.0,6.6770,62.31
268.368,measure,4968.0,1344.0,6.6770,62.25
268.468,measure,4968.0,1344.0,6.6770,62.31
268.568,measure,4968.0,1344.0,6.6770,62.41
268.669,measure,4968.0,1352.0,6.7167,62.38
268.769,measure,4968.0,1360.0,6.7565,62.31
268.869,measure,4968.0,1352.0,6.7167,62.38
268.969,measure,4968.0,1352.0,6.7167,62.31
269.069,measure,4968.0,1360.0,6.7565,62.34
269.169,measure,4968.0,1352.0,6.7167,62.28
269.269,measure,4968.0,1344.0,6.6770,62.25
269.370,measure,4968.0,1352.0,6.7167,62.28
269.470,measure,4968.0,1352.0,6.7167,62.31
269.570,measure,4968.0,1344.0,6.6770,62.34
269.670,measure,4968.0,1352.0,6.7167,62.41
269.770,measure,4968.0,1352.0,6.7167,62.28
269.870,measure,4968.0,1344.0,6.6770,62.38
269.970,measure,4968.0,1352.0,6.7167,62.25
270.071,measure,4968.0,1352.0,6.7167,62.31
270.171,measure,4968.0,1344.0,6.6770,62.25
270.271,measure,4968.0,1344.0,6.6770,62.31
270.371,measure,4968.0,1352.0,6.7167,62.47
270.471,measure,4968.0,1352.0,6.7167,62.41
270.571,measure,4968.0,1344.0,6.6770,62.31
270.671,measure,4968.0,1352.0,6.7167,62.38
270.772,measure,4968.0,1352.0,6.7167,62.31
270.872,measure,4968.0,1344.0,6.6770,62.31
270.972,measure,4968.0,1352.0,6.7167,62.28
271.072,measure,4968.0,1352.0,6.7167,62.28
271.172,measure,4968.0,1344.0,6.6770,62.25
271.272,measure,4968.0,1344.0,6.6770,62.44
271.372,measure,4968.0,1352.0,6.7167,62.34
271.472,measure,4968.0,1344.0,6.6770,62.31
271.573,measure,4968.0,1344.0,6.6770,62.31
271.673,measure,4968.0,1352.0,6.7167,62.31
271.773,measure,4968.0,1352.0,6.7167,62.31
271.873,measure,4968.0,1352.0,6.7167,62.16
271.973,measure,4968.0,1352.0,6.7167,62.28
272.073,measure,4968.0,1360.0,6.7565,62.31
272.173,measure,4968.0,1352.0,6.7167,62.44
272.274,measure,4968.0,1344.0,6.6770,62.38
272.374,measure,4968.0,1352.0,6.7167,62.44
272.474,measure,4968.0,1344.0,6.6770,62.38
272.574,measure,4968.0,1344.0,6.6770,62.31
272.674,measure,4968.0,1352.0,6.7167,62.28
272.774,measure,4968.0,1352.0,6.7167,62.25
272.874,measure,4968.0,1352.0,6.7167,62.31
272.975,measure,4968.0,1352.0,6.7167,62.31
273.075,measure,4968.0,1360.0,6.7565,62.31
273.175,measure,4968.0,1360.0,6.7565,62.38
273.275,measure,4968.0,1360.0,6.7565,62.38
273.375,measure,4968.0,1352.0,6.7167,62.31
273.475,measure,4968.0,1360.0,6.7565,62.38
273.576,measure,4968.0,1360.0,6.7565,62.31
273.676,measure,4968.0,1344.0,6.6770,62.31
273.776,measure,4968.0,1352.0,6.7167,62.25
273.876,measure,4968.0,1352.0,6.7167,62.31
273.976,measure,4968.0,1344.0,6.6770,62.47
274.076,measure,4968.0,1352.0,6.7167,62.34
274.176,measure,4968.0,1352.0,6.7167,62.38
274.276,measure,4968.0,1352.0,6.7167,62.31
274.377,measure,4968.0,1344.0,6.6770,62.28
274.477,measure,4968.0,1352.0,6.7167,62.31
274.577,measure,4968.0,1344.0,6.6770,62.31
274.677,measure,4968.0,1344.0,6.6770,62.19
274.777,measure,4968.0,1352.0,6.7167,62.25
274.877,measure,4968.0,1360.0,6.7565,62.38
274.978,measure,4968.0,1360.0,6.7565,62.44
275.078,measure,4968.0,1352.0,6.7167,62.41
275.178,measure,4968.0,1360.0,6.7565,62.31
275.278,measure,4968.0,1352.0,6.7167,62.34
275.378,measure,4968.0,1344.0,6.6770,62.31
275.478,measure,4968.0,1352.0,6.7167,62.22
275.578,measure,4968.0,1360.0,6.7565,62.28
275.679,measure,4968.0,1352.0,6.7167,62.38
275.779,measure,4968.0,1352.0,6.7167,62.44
275.879,measure,4968.0,1360.0,6.7565,62.44
275.979,measure,4968.0,1352.0,6.7167,62.41
276.079,measure,4968.0,1344.0,6.6770,62.31
276.179,measure,4968.0,1352.0,6.7167,62.34
276.279,measure,4968.0,1352.0,6.7167,62.31
276.380,measure,4968.0,1344.0,6.6770,62.31
276.480,measure,4968.0,1352.0,6.7167,62.28
276.580,measure,4968.0,1360.0,6.7565,62.22
276.680,measure,4968.0,1352.0,6.7167,62.47
276.780,measure,4968.0,1360.0,6.7565,62.38
276.880,measure,4968.0,1352.0,6.7167,62.47
276.980,measure,4968.0,1360.0,6.7565,62.34
277.080,measure,4968.0,1368.0,6.7962,62.31
277.181,measure,4968.0,1360.0,6.7565,62.28
277.281,measure,4968.0,1352.0,6.7167,62.31
277.381,measure,4968.0,1360.0,6.7565,62.31
277.481,measure,4968.0,1368.0,6.7962,62.34
277.581,measure,4968.0,1360.0,6.7565,62.50
277.681,measure,4968.0,1360.0,6.7565,62.47
277.781,measure,4968.0,1360.0,6.7565,62.44
277.882,measure,4968.0,1360.0,6.7565,62.41
277.982,measure,4968.0,1368.0,6.7962,62.41
278.082,measure,4968.0,1360.0,6.7565,62.31
278.182,measure,4968.0,1360.0,6.7565,62.25
278.282,measure,4968.0,1360.0,6.7565,62.28
278.382,measure,4968.0,1360.0,6.7565,62.28
278.482,measure,4968.0,1352.0,6.7167,62.59
278.583,measure,4968.0,1352.0,6.7167,62.47
278.683,measure,4968.0,1360.0,6.7565,62.47
278.783,measure,4968.0,1352.0,6.7167,62.38
278.883,measure,4968.0,1352.0,6.7167,62.38
278.983,measure,4968.0,1360.0,6.7565,62.38
279.083,measure,4968.0,1352.0,6.7167,62.31
279.183,measure,4968.0,1344.0,6.6770,62.31
279.284,measure,4968.0,1352.0,6.7167,62.25
279.384,measure,4968.0,1352.0,6.7167,62.56
279.484,measure,4968.0,1344.0,6.6770,62.53
279.584,measure,4968.0,1352.0,6.7167,62.44
279.684,measure,4968.0,1352.0,6.7167,62.34
279.784,measure,4968.0,1352.0,6.7167,62.34
279.885,measure,4968.0,1352.0,6.7167,62.31
279.985,measure,4968.0,1360.0,6.7565,62.31
280.085,measure,4968.0,1360.0,6.7565,62.28
280.185,measure,4968.0,1360.0,6.7565,62.25
280.285,measure,4968.0,1352.0,6.7167,62.31
280.385,measure,4968.0,1360.0,6.7565,62.53
280.485,measure,4968.0,1360.0,6.7565,62.44
280.586,measure,4968.0,1360.0,6.7565,62.41
280.686,measure,4968.0,1352.0,6.7167,62.38
280.786,measure,4968.0,1360.0,6.7565,62.34
280.886,measure,4968.0,1360.0,6.7565,62.34
280.986,measure,4968.0,1360.0,6.7565,62.31
281.086,measure,4968.0,1360.0,6.7565,62.31
281.186,measure,4968.0,1360.0,6.7565,62.31
281.287,measure,4968.0,1368.0,6.7962,62.59
281.387,measure,4968.0,1360.0,6.7565,62.53
281.487,measure,4968.0,1352.0,6.7167,62.38
281.587,measure,4968.0,1352.0,6.7167,62.44
281.687,measure,4968.0,1352.0,6.7167,62.44
281.787,measure,4968.0,1344.0,6.6770,62.34
281.887,measure,4968.0,1352.0,6.7167,62.28
281.987,measure,4968.0,1352.0,6.7167,62.31
282.088,measure,4968.0,1344.0,6.6770,62.31
282.188,measure,4968.0,1352.0,6.7167,62.34
282.288,measure,4968.0,1352.0,6.7167,62.56
282.388,measure,4968.0,1344.0,6.6770,62.47
282.488,measure,4968.0,1344.0,6.6770,62.31
282.588,measure,4968.0,1352.0,6.7167,62.38
282.688,measure,4968.0,1336.0,6.6372,62.34
282.789,measure,4968.0,1344.0,6.6770,62.28
282.889,measure,4968.0,1352.0,6.7167,62.28
282.989,measure,4968.0,1352.0,6.7167,62.31
283.089,measure,4968.0,1344.0,6.6770,62.31
283.189,measure,4968.0,1360.0,6.7565,62.50
283.289,measure,4968.0,1360.0,6.7565,62.41
283.389,measure,4968.0,1360.0,6.7565,62.41
283.490,measure,4968.0,1352.0,6.7167,62.41
283.590,measure,4968.0,1360.0,6.7565,62.41
283.690,measure,4968.0,1360.0,6.7565,62.34
283.790,measure,4968.0,1360.0,6.7565,62.28
283.890,measure,4968.0,1352.0,6.7167,62.31
283.990,measure,4968.0,1360.0,6.7565,62.31
284.090,measure,4968.0,1352.0,6.7167,62.50
284.191,measure,4968.0,1344.0,6.6770,62.41
284.291,measure,4968.0,1352.0,6.7167,62.38
284.391,measure,4968.0,1352.0,6.7167,62.38
284.491,measure,4968.0,1344.0,6.6770,62.34
284.591,measure,4968.0,1352.0,6.7167,62.31
284.691,measure,4968.0,1352.0,6.7167,62.28
284.791,measure,4968.0,1344.0,6.6770,62.38
284.891,measure,4968.0,1352.0,6.7167,62.34
284.992,measure,4968.0,1352.0,6.7167,62.47
285.092,measure,4968.0,1352.0,6.7167,62.34
285.192,measure,4968.0,1352.0,6.7167,62.41
285.292,measure,4968.0,1352.0,6.7167,62.38
285.392,measure,4968.0,1344.0,6.6770,62.41
285.492,measure,4968.0,1352.0,6.7167,62.31
285.592,measure,4968.0,1352.0,6.7167,62.38
285.693,measure,4968.0,1344.0,6.6770,62.31
285.793,measure,4968.0,1344.0,6.6770,62.31
285.893,measure,4968.0,1352.0,6.7167,62.31
285.993,measure,4968.0,1352.0,6.7167,62.34
286.093,measure,4968.0,1344.0,6.6770,62.47
286.193,measure,4968.0,1352.0,6.7167,62.41
286.293,measure,4968.0,1344.0,6.6770,62.41
286.394,measure,4968.0,1344.0,6.6770,62.38
286.494,measure,4968.0,1352.0,6.7167,62.31
286.594,measure,4968.0,1344.0,6.6770,62.31
286.694,measure,4968.0,1344.0,6.6770,62.31
286.794,measure,4968.0,1352.0,6.7167,62.34
286.894,measure,4968.0,1352.0,6.7167,62.44
286.994,measure,4968.0,1344.0,6.6770,62.47
287.095,measure,4968.0,1352.0,6.7167,62.38
287.195,measure,4968.0,1344.0,6.6770,62.38
287.295,measure,4968.0,1344.0,6.6770,62.34
287.395,measure,4968.0,1344.0,6.6770,62.31
287.495,measure,4968.0,1344.0,6.6770,62.34
287.595,measure,4968.0,1336.0,6.6372,62.25
287.696,measure,4968.0,1352.0,6.7167,62.31
287.796,measure,4968.0,1344.0,6.6770,62.38
287.896,measure,4968.0,1344.0,6.6770,62.41
287.996,measure,4968.0,1344.0,6.6770,62.38
288.096,measure,4968.0,1344.0,6.6770,62.38
288.196,measure,4968.0,1336.0,6.6372,62.41
288.297,measure,4968.0,1344.0,6.6770,62.31
288.397,measure,4968.0,1352.0,6.7167,62.31
288.497,measure,4968.0,1352.0,6.7167,62.28
288.597,measure,4968.0,1352.0,6.7167,62.31
288.697,measure,4968.0,1352.0,6.7167,62.41
288.797,measure,4968.0,1360.0,6.7565,62.41
288.897,measure,4968.0,1360.0,6.7565,62.38
288.998,measure,4968.0,1352.0,6.7167,62.31
289.098,measure,4968.0,1360.0,6.7565,62.28
289.198,measure,4968.0,1360.0,6.7565,62.25
289.298,measure,4968.0,1360.0,6.7565,62.28
289.398,measure,4968.0,1360.0,6.7565,62.31
289.498,measure,4968.0,1360.0,6.7565,62.31
289.598,measure,4968.0,1360.0,6.7565,62.50
289.698,measure,4968.0,1368.0,6.7962,62.44
289.799,measure,4968.0,1360.0,6.7565,62.44
289.899,measure,4968.0,1352.0,6.7167,62.34
289.999,measure,4968.0,1360.0,6.7565,62.41
290.099,measure,4968.0,1360.0,6.7565,62.31
290.199,measure,4968.0,1352.0,6.7167,62.34
290.299,measure,4968.0,1360.0,6.7565,62.31
290.400,measure,4968.0,1360.0,6.7565,62.31
290.500,measure,4968.0,1344.0,6.6770,62.47
290.600,measure,4968.0,1352.0,6.7167,62.44
290.700,measure,4968.0,1352.0,6.7167,62.44
290.800,measure,4968.0,1344.0,6.6770,62.38
290.900,measure,4968.0,1344.0,6.6770,62.34
291.000,measure,4968.0,1352.0,6.7167,62.34
291.101,measure,4968.0,1352.0,6.7167,62.28
291.201,measure,4968.0,1352.0,6.7167,62.34
291.301,measure,4968.0,1360.0,6.7565,62.31
291.401,measure,4968.0,1352.0,6.7167,62.44
291.501,measure,4968.0,1352.0,6.7167,62.38
291.601,measure,4968.0,1352.0,6.7167,62.31
291.701,measure,4968.0,1360.0,6.7565,62.41
291.801,measure,4968.0,1360.0,6.7565,62.38
291.902,measure,4968.0,1352.0,6.7167,62.34
292.002,measure,4968.0,1360.0,6.7565,62.31
292.102,measure,4968.0,1360.0,6.7565,62.28
292.202,measure,4968.0,1352.0,6.7167,62.34
292.302,measure,4968.0,1352.0,6.7167,62.53
292.402,measure,4968.0,1352.0,6.7167,62.47
292.502,measure,4968.0,1344.0,6.6770,62.44
292.603,measure,4968.0,1352.0,6.7167,62.38
292.703,measure,4968.0,1352.0,6.7167,62.38
292.803,measure,4968.0,1344.0,6.6770,62.31
292.903,measure,4968.0,1344.0,6.6770,62.34
293.003,measure,4968.0,1352.0,6.7167,62.31
293.103,measure,4968.0,1344.0,6.6770,62.31
293.203,measure,4968.0,1344.0,6.6770,62.59
293.304,measure,4968.0,1352.0,6.7167,62.44
293.404,measure,4968.0,1352.0,6.7167,62.41
293.504,measure,4968.0,1344.0,6.6770,62.44
293.604,measure,4968.0,1352.0,6.7167,62.38
293.704,measure,4968.0,1352.0,6.7167,62.34
293.804,measure,4968.0,1352.0,6.7167,62.34
293.904,measure,4968.0,1352.0,6.7167,62.31
294.004,measure,4968.0,1360.0,6.7565,62.31
294.105,measure,4968.0,1360.0,6.7565,62.53
294.205,measure,4968.0,1360.0,6.7565,62.56
294.305,measure,4968.0,1352.0,6.7167,62.44
294.405,measure,4968.0,1360.0,6.7565,62.44
294.505,measure,4968.0,1368.0,6.7962,62.38
294.605,measure,4968.0,1360.0,6.7565,62.31
294.705,measure,4968.0,1360.0,6.7565,62.34
294.806,measure,4968.0,1360.0,6.7565,62.38
294.906,measure,4968.0,1360.0,6.7565,62.31
295.006,measure,4968.0,1360.0,6.7565,62.53
295.106,measure,4968.0,1352.0,6.7167,62.56
295.206,measure,4968.0,1352.0,6.7167,62.44
295.306,measure,4968.0,1360.0,6.7565,62.41
295.406,measure,4968.0,1360.0,6.7565,62.47
295.507,measure,4968.0,1360.0,6.7565,62.38
295.607,measure,4968.0,1352.0,6.7167,62.34
295.707,measure,4968.0,1360.0,6.7565,62.31
295.807,measure,4968.0,1360.0,6.7565,62.31
295.907,measure,4968.0,1352.0,6.7167,62.31
296.007,measure,4968.0,1352.0,6.7167,62.56
296.108,measure,4968.0,1360.0,6.7565,62.47
296.208,measure,4968.0,1360.0,6.7565,62.44
296.308,measure,4968.0,1360.0,6.7565,62.44
296.408,measure,4968.0,1352.0,6.7167,62.31
296.508,measure,4968.0,1360.0,6.7565,62.31
296.608,measure,4968.0,1360.0,6.7565,62.34
296.708,measure,4968.0,1360.0,6.7565,62.31
296.809,measure,4968.0,1352.0,6.7167,62.25
296.909,measure,4968.0,1360.0,6.7565,62.56
297.009,measure,4968.0,1368.0,6.7962,62.50
297.109,measure,4968.0,1360.0,6.7565,62.47
297.209,measure,4968.0,1352.0,6.7167,62.44
297.309,measure,4968.0,1352.0,6.7167,62.34
297.409,measure,4968.0,1352.0,6.7167,62.38
297.510,measure,4968.0,1344.0,6.6770,62.34
297.610,measure,4968.0,1352.0,6.7167,62.34
297.710,measure,4968.0,1344.0,6.6770,62.31
297.810,measure,4968.0,1344.0,6.6770,62.59
297.910,measure,4968.0,1352.0,6.7167,62.59
298.010,measure,4968.0,1352.0,6.7167,62.41
298.110,measure,4968.0,1344.0,6.6770,62.41
298.210,measure,4968.0,1352.0,6.7167,62.31
298.311,measure,4968.0,1352.0,6.7167,62.38
298.411,measure,4968.0,1352.0,6.7167,62.34
298.511,measure,4968.0,1344.0,6.6770,62.28
298.611,measure,4968.0,1352.0,6.7167,62.31
298.711,measure,4968.0,1344.0,6.6770,62.28
298.811,measure,4968.0,1344.0,6.6770,62.62
298.911,measure,4968.0,1352.0,6.7167,62.38
299.011,measure,4968.0,1344.0,6.6770,62.34
299.112,measure,4968.0,1336.0,6.6372,62.34
299.212,measure,4968.0,1344.0,6.6770,62.41
299.312,measure,4968.0,1344.0,6.6770,62.34
299.412,measure,4968.0,1344.0,6.6770,62.31
299.512,measure,4968.0,1352.0,6.7167,62.31
299.612,measure,4968.0,1352.0,6.7167,62.34
299.712,measure,4968.0,1352.0,6.7167,62.50
299.813,measure,4968.0,1352.0,6.7167,62.41
299.913,measure,4968.0,1360.0,6.7565,62.47
300.013,measure,4968.0,1360.0,6.7565,62.31
300.113,measure,4968.0,1344.0,6.6770,62.41
300.213,measure,4968.0,1352.0,6.7167,62.34
300.313,measure,4968.0,1352.0,6.7167,62.38
300.413,measure,4968.0,1344.0,6.6770,62.34
300.514,measure,4968.0,1352.0,6.7167,62.38
300.614,measure,4968.0,1352.0,6.7167,62.47
300.714,measure,4968.0,1352.0,6.7167,62.47
300.814,measure,4968.0,1352.0,6.7167,62.47
300.914,measure,4968.0,1352.0,6.7167,62.47
301.014,measure,4968.0,1360.0,6.7565,62.41
301.114,measure,4968.0,1360.0,6.7565,62.34
301.215,measure,4968.0,1352.0,6.7167,62.34
301.315,measure,4968.0,1360.0,6.7565,62.34
301.415,measure,4968.0,1360.0,6.7565,62.31
301.515,measure,4968.0,1360.0,6.7565,62.50
301.615,measure,4968.0,1352.0,6.7167,62.44
301.715,measure,4968.0,1352.0,6.7167,62.53
301.815,measure,4968.0,1352.0,6.7167,62.41
301.916,measure,4968.0,1344.0,6.6770,62.34
302.016,measure,4968.0,1352.0,6.7167,62.31
302.116,measure,4968.0,1352.0,6.7167,62.34
302.216,measure,4968.0,1344.0,6.6770,62.28
302.316,measure,4968.0,1344.0,6.6770,62.38
302.416,measure,4968.0,1352.0,6.7167,62.50
302.516,measure,4968.0,1344.0,6.6770,62.47
302.617,measure,4968.0,1344.0,6.6770,62.47
302.717,measure,4968.0,1344.0,6.6770,62.34
302.817,measure,4968.0,1336.0,6.6372,62.44
302.917,measure,4968.0,1344.0,6.6770,62.31
303.017,measure,4968.0,1352.0,6.7167,62.41
303.117,measure,4968.0,1352.0,6.7167,62.31
303.217,measure,4968.0,1344.0,6.6770,62.31
303.318,measure,4968.0,1352.0,6.7167,62.56
303.418,measure,4968.0,1360.0,6.7565,62.50
303.518,measure,4968.0,1360.0,6.7565,62.56
303.618,measure,4968.0,1360.0,6.7565,62.34
303.718,measure,4968.0,1352.0,6.7167,62.47
303.819,measure,4968.0,1360.0,6.7565,62.44
303.919,measure,4968.0,1360.0,6.7565,62.38
304.019,measure,4968.0,1360.0,6.7565,62.44
304.119,measure,4968.0,1352.0,6.7167,62.31
304.219,measure,4968.0,1360.0,6.7565,62.44
304.319,measure,4968.0,1360.0,6.7565,62.50
304.419,measure,4968.0,1352.0,6.7167,62.50
304.519,measure,4968.0,1352.0,6.7167,62.44
304.620,measure,4968.0,1360.0,6.7565,62.38
304.720,measure,4968.0,1352.0,6.7167,62.38
304.820,measure,4968.0,1344.0,6.6770,62.31
304.920,measure,4968.0,1352.0,6.7167,62.34
305.020,measure,4968.0,1352.0,6.7167,62.31
305.120,measure,4968.0,1344.0,6.6770,62.47
305.221,measure,4968.0,1352.0,6.7167,62.53
305.321,measure,4968.0,1352.0,6.7167,62.50
305.421,measure,4968.0,1352.0,6.7167,62.41
305.521,measure,4968.0,1352.0,6.7167,62.38
305.621,measure,4968.0,1360.0,6.7565,62.41
305.721,measure,4968.0,1360.0,6.7565,62.34
305.822,measure,4968.0,1352.0,6.7167,62.41
305.922,measure,4968.0,1352.0,6.7167,62.31
306.022,measure,4968.0,1360.0,6.7565,62.25
306.122,measure,4968.0,1360.0,6.7565,62.47
306.222,measure,4968.0,1360.0,6.7565,62.53
306.322,measure,4968.0,1352.0,6.7167,62.47
306.422,measure,4968.0,1360.0,6.7565,62.38
306.522,measure,4968.0,1368.0,6.7962,62.41
306.623,measure,4968.0,1360.0,6.7565,62.34
306.723,measure,4968.0,1352.0,6.7167,62.31
306.823,measure,4968.0,1352.0,6.7167,62.38
306.923,measure,4968.0,1344.0,6.6770,62.31
307.023,measure,4968.0,1344.0,6.6770,62.53
307.123,measure,4968.0,1352.0,6.7167,62.50
307.223,measure,4968.0,1344.0,6.6770,62.41
307.324,measure,4968.0,1344.0,6.6770,62.44
307.424,measure,4968.0,1344.0,6.6770,62.34
307.524,measure,4968.0,1344.0,6.6770,62.34
307.624,measure,4968.0,1344.0,6.6770,62.38
307.724,measure,4968.0,1352.0,6.7167,62.47
307.824,measure,4968.0,1344.0,6.6770,62.59
307.924,measure,4968.0,1344.0,6.6770,62.56
308.025,measure,4968.0,1352.0,6.7167,62.53
308.125,measure,4968.0,1352.0,6.7167,62.38
308.225,measure,4968.0,1344.0,6.6770,62.47
308.325,measure,4968.0,1352.0,6.7167,62.44
308.425,measure,4968.0,1344.0,6.6770,62.34
308.525,measure,4968.0,1344.0,6.6770,62.38
308.625,measure,4968.0,1352.0,6.7167,62.38
308.726,measure,4968.0,1344.0,6.6770,62.38
308.826,measure,4968.0,1344.0,6.6770,62.53
308.926,measure,4968.0,1352.0,6.7167,62.50
309.026,measure,4968.0,1344.0,6.6770,62.44
309.126,measure,4968.0,1344.0,6.6770,62.47
309.226,measure,4968.0,1352.0,6.7167,62.41
309.326,measure,4968.0,1344.0,6.6770,62.34
309.427,measure,4968.0,1344.0,6.6770,62.38
309.527,measure,4968.0,1352.0,6.7167,62.31
309.627,measure,4968.0,1360.0,6.7565,62.31
309.727,measure,4968.0,1352.0,6.7167,62.53
309.827,measure,4968.0,1352.0,6.7167,62.53
309.927,measure,4968.0,1352.0,6.7167,62.41
310.028,measure,4968.0,1360.0,6.7565,62.44
310.128,measure,4968.0,1360.0,6.7565,62.41
310.228,measure,4968.0,1352.0,6.7167,62.41
310.328,measure,4968.0,1352.0,6.7167,62.44
310.428,measure,4968.0,1360.0,6.7565,62.34
310.528,measure,4968.0,1360.0,6.7565,62.41
310.628,measure,4968.0,1352.0,6.7167,62.53
310.728,measure,4968.0,1360.0,6.7565,62.56
310.829,measure,4968.0,1360.0,6.7565,62.56
310.929,measure,4968.0,1352.0,6.7167,62.41
311.029,measure,4968.0,1352.0,6.7167,62.47
311.129,measure,4968.0,1360.0,6.7565,62.41
311.229,measure,4968.0,1360.0,6.7565,62.41
311.329,measure,4968.0,1360.0,6.7565,62.41
311.429,measure,4968.0,1352.0,6.7167,62.38
311.530,measure,4968.0,1360.0,6.7565,62.53
311.630,measure,4968.0,1360.0,6.7565,62.62
311.730,measure,4968.0,1352.0,6.7167,62.50
311.830,measure,4968.0,1360.0,6.7565,62.44
311.930,measure,4968.0,1360.0,6.7565,62.47
312.030,measure,4968.0,1360.0,6.7565,62.41
312.130,measure,4968.0,1352.0,6.7167,62.34
312.231,measure,4968.0,1360.0,6.7565,62.38
312.331,measure,4968.0,1352.0,6.7167,62.31
312.431,measure,4968.0,1352.0,6.7167,62.31
312.531,measure,4968.0,1352.0,6.7167,62.53
312.631,measure,4968.0,1352.0,6.7167,62.59
312.731,measure,4968.0,1344.0,6.6770,62.50
312.831,measure,4968.0,1352.0,6.7167,62.50
312.932,measure,4968.0,1344.0,6.6770,62.41
313.032,measure,4968.0,1344.0,6.6770,62.41
313.132,measure,4968.0,1352.0,6.7167,62.34
313.232,measure,4968.0,1352.0,6.7167,62.38
313.332,measure,4968.0,1344.0,6.6770,62.34
313.432,measure,4968.0,1352.0,6.7167,62.56
313.532,measure,4968.0,1352.0,6.7167,62.56
313.633,measure,4968.0,1344.0,6.6770,62.38
313.733,measure,4968.0,1352.0,6.7167,62.50
313.833,measure,4968.0,1360.0,6.7565,62.38
313.933,measure,4968.0,1352.0,6.7167,62.44
314.033,measure,4968.0,1344.0,6.6770,62.44
314.133,measure,4968.0,1352.0,6.7167,62.41
314.234,measure,4968.0,1352.0,6.7167,62.31
314.334,measure,4968.0,1344.0,6.6770,62.56
314.434,measure,4968.0,1352.0,6.7167,62.62
314.534,measure,4968.0,1344.0,6.6770,62.47
314.634,measure,4968.0,1344.0,6.6770,62.47
314.734,measure,4968.0,1352.0,6.7167,62.41
314.834,measure,4968.0,1344.0,6.6770,62.38
314.935,measure,4968.0,1344.0,6.6770,62.47
315.035,measure,4968.0,1352.0,6.7167,62.47
315.135,measure,4968.0,1344.0,6.6770,62.34
315.235,measure,4968.0,1344.0,6.6770,62.31
315.335,measure,4968.0,1352.0,6.7167,62.53
315.435,measure,4968.0,1352.0,6.7167,62.47
315.535,measure,4968.0,1352.0,6.7167,62.44
315.636,measure,4968.0,1344.0,6.6770,62.44
315.736,measure,4968.0,1352.0,6.7167,62.41
315.836,measure,4968.0,1360.0,6.7565,62.41
315.936,measure,4968.0,1360.0,6.7565,62.41
316.036,measure,4968.0,1352.0,6.7167,62.41
316.136,measure,4968.0,1360.0,6.7565,62.38
316.236,measure,4968.0,1360.0,6.7565,62.62
316.337,measure,4968.0,1360.0,6.7565,62.47
316.437,measure,4968.0,1352.0,6.7167,62.47
316.537,measure,4968.0,1360.0,6.7565,62.44
316.637,measure,4968.0,1360.0,6.7565,62.41
316.737,measure,4968.0,1360.0,6.7565,62.44
316.837,measure,4968.0,1360.0,6.7565,62.47
316.937,measure,4968.0,1360.0,6.7565,62.47
317.038,measure,4968.0,1352.0,6.7167,62.41
317.138,measure,4968.0,1352.0,6.7167,62.50
317.238,measure,4968.0,1352.0,6.7167,62.50
317.338,measure,4968.0,1360.0,6.7565,62.47
317.438,measure,4968.0,1344.0,6.6770,62.53
317.538,measure,4968.0,1352.0,6.7167,62.56
317.638,measure,4968.0,1352.0,6.7167,62.38
317.739,measure,4968.0,1344.0,6.6770,62.31
317.839,measure,4968.0,1352.0,6.7167,62.44
317.939,measure,4968.0,1360.0,6.7565,62.38
318.039,measure,4968.0,1352.0,6.7167,62.62
318.139,measure,4968.0,1344.0,6.6770,62.50
318.239,measure,4968.0,1352.0,6.7167,62.56
318.339,measure,4968.0,1352.0,6.7167,62.44
318.440,measure,4968.0,1344.0,6.6770,62.41
318.540,measure,4968.0,1352.0,6.7167,62.41
318.640,measure,4968.0,1352.0,6.7167,62.41
318.740,measure,4968.0,1344.0,6.6770,62.38
318.840,measure,4968.0,1352.0,6.7167,62.41
318.940,measure,4968.0,1352.0,6.7167,62.47
319.040,measure,4968.0,1344.0,6.6770,62.50
319.141,measure,4968.0,1352.0,6.7167,62.59
319.241,measure,4968.0,1344.0,6.6770,62.47
319.341,measure,4968.0,1344.0,6.6770,62.53
319.441,measure,4968.0,1352.0,6.7167,62.44
319.541,measure,4968.0,1352.0,6.7167,62.38
319.641,measure,4968.0,1344.0,6.6770,62.50
319.741,measure,4968.0,1352.0,6.7167,62.34
319.841,measure,4968.0,1352.0,6.7167,62.53
319.942,measure,4968.0,1344.0,6.6770,62.56
320.042,measure,4968.0,1352.0,6.7167,62.50
320.142,measure,4968.0,1360.0,6.7565,62.53
320.242,measure,4968.0,1352.0,6.7167,62.44
320.342,measure,4968.0,1344.0,6.6770,62.44
320.442,measure,4968.0,1352.0,6.7167,62.44
320.542,measure,4968.0,1360.0,6.7565,62.34
320.643,measure,4968.0,1360.0,6.7565,62.31
320.743,measure,4968.0,1352.0,6.7167,62.62
320.843,measure,4968.0,1360.0,6.7565,62.53
320.943,measure,4968.0,1360.0,6.7565,62.59
321.043,measure,4968.0,1360.0,6.7565,62.50
321.143,measure,4968.0,1360.0,6.7565,62.44
321.243,measure,4968.0,1360.0,6.7565,62.41
321.344,measure,4968.0,1360.0,6.7565,62.41
321.444,measure,4968.0,1360.0,6.7565,62.38
321.544,measure,4968.0,1352.0,6.7167,62.38
321.644,measure,4968.0,1352.0,6.7167,62.66
321.744,measure,4968.0,1352.0,6.7167,62.59
321.844,measure,4968.0,1344.0,6.6770,62.56
321.944,measure,4968.0,1352.0,6.7167,62.56
322.044,measure,4968.0,1352.0,6.7167,62.47
322.145,measure,4968.0,1344.0,6.6770,62.41
322.245,measure,4968.0,1352.0,6.7167,62.47
322.345,measure,4968.0,1352.0,6.7167,62.38
322.445,measure,4968.0,1344.0,6.6770,62.41
322.545,measure,4968.0,1344.0,6.6770,62.59
322.645,measure,4968.0,1352.0,6.7167,62.59
322.745,measure,4968.0,1352.0,6.7167,62.59
322.846,measure,4968.0,1352.0,6.7167,62.50
322.946,measure,4968.0,1360.0,6.7565,62.47
323.046,measure,4968.0,1360.0,6.7565,62.41
323.146,measure,4968.0,1352.0,6.7167,62.50
323.246,measure,4968.0,1352.0,6.7167,62.41
323.346,measure,4968.0,1352.0,6.7167,62.47
323.446,measure,4968.0,1344.0,6.6770,62.66
323.547,measure,4968.0,1344.0,6.6770,62.62
323.647,measure,4968.0,1352.0,6.7167,62.50
323.747,measure,4968.0,1344.0,6.6770,62.44
323.847,measure,4968.0,1344.0,6.6770,62.53
323.947,measure,4968.0,1352.0,6.7167,62.44
324.047,measure,4968.0,1352.0,6.7167,62.44
324.147,measure,4968.0,1344.0,6.6770,62.44
324.247,measure,4968.0,1352.0,6.7167,62.41
324.348,measure,4968.0,1344.0,6.6770,62.66
324.448,measure,4968.0,1344.0,6.6770,62.56
324.548,measure,4968.0,1352.0,6.7167,62.56
324.648,measure,4968.0,1344.0,6.6770,62.50
324.748,measure,4968.0,1344.0,6.6770,62.56
324.848,measure,4968.0,1344.0,6.6770,62.41
324.949,measure,4968.0,1344.0,6.6770,62.41
325.049,measure,4968.0,1344.0,6.6770,62.34
325.149,measure,4968.0,1352.0,6.7167,62.41
325.249,measure,4968.0,1360.0,6.7565,62.66
325.349,measure,4968.0,1360.0,6.7565,62.62
325.449,measure,4968.0,1360.0,6.7565,62.62
325.549,measure,4968.0,1352.0,6.7167,62.47
325.649,measure,4968.0,1360.0,6.7565,62.53
325.750,measure,4968.0,1368.0,6.7962,62.44
325.850,measure,4968.0,1360.0,6.7565,62.44
325.950,measure,4968.0,1352.0,6.7167,62.38
326.050,measure,4968.0,1360.0,6.7565,62.41
326.150,measure,4968.0,1360.0,6.7565,62.34
326.250,measure,4968.0,1360.0,6.7565,62.62
326.350,measure,4968.0,1352.0,6.7167,62.50
326.451,measure,4968.0,1352.0,6.7167,62.56
326.551,measure,4968.0,1352.0,6.7167,62.47
326.651,measure,4968.0,1344.0,6.6770,62.44
326.751,measure,4968.0,1352.0,6.7167,62.47
326.851,measure,4968.0,1360.0,6.7565,62.41
326.951,measure,4968.0,1360.0,6.7565,62.34
327.051,measure,4968.0,1352.0,6.7167,62.34
327.151,measure,4968.0,1360.0,6.7565,62.59
327.252,measure,4968.0,1360.0,6.7565,62.66
327.352,measure,4968.0,1360.0,6.7565,62.50
327.452,measure,4968.0,1360.0,6.7565,62.50
327.552,measure,4968.0,1360.0,6.7565,62.47
327.652,measure,4968.0,1360.0,6.7565,62.38
327.752,measure,4968.0,1368.0,6.7962,62.44
327.852,measure,4968.0,1360.0,6.7565,62.34
327.953,measure,4968.0,1360.0,6.7565,62.47
328.053,measure,4968.0,1360.0,6.7565,62.66
328.153,measure,4968.0,1368.0,6.7962,62.69
328.253,measure,4968.0,1360.0,6.7565,62.59
328.353,measure,4968.0,1360.0,6.7565,62.47
328.453,measure,4968.0,1360.0,6.7565,62.41
328.554,measure,4968.0,1368.0,6.7962,62.41
328.654,measure,4968.0,1360.0,6.7565,62.41
328.754,measure,4968.0,1352.0,6.7167,62.44
328.854,measure,4968.0,1360.0,6.7565,62.34
328.954,measure,4968.0,1352.0,6.7167,62.34
329.054,measure,4968.0,1344.0,6.6770,62.72
329.154,measure,4968.0,1352.0,6.7167,62.53
329.255,measure,4968.0,1352.0,6.7167,62.56
329.355,measure,4968.0,1344.0,6.6770,62.50
329.455,measure,4968.0,1352.0,6.7167,62.44
329.555,measure,4968.0,1352.0,6.7167,62.44
329.655,measure,4968.0,1344.0,6.6770,62.34
329.755,measure,4968.0,1344.0,6.6770,62.31
329.855,measure,4968.0,1352.0,6.7167,62.34
329.956,measure,4968.0,1344.0,6.6770,62.66
330.056,measure,4968.0,1344.0,6.6770,62.50
330.156,measure,4968.0,1352.0,6.7167,62.59
330.256,measure,4968.0,1352.0,6.7167,62.44
330.356,measure,4968.0,1352.0,6.7167,62.47
330.456,measure,4968.0,1352.0,6.7167,62.44
330.556,measure,4968.0,1360.0,6.7565,62.44
330.656,measure,4968.0,1352.0,6.7167,62.47
330.757,measure,4968.0,1344.0,6.6770,62.44
330.857,measure,4968.0,1360.0,6.7565,62.56
330.957,measure,4968.0,1360.0,6.7565,62.53
331.057,measure,4968.0,1360.0,6.7565,62.50
331.157,measure,4968.0,1352.0,6.7167,62.47
331.257,measure,4968.0,1360.0,6.7565,62.50
331.357,measure,4968.0,1360.0,6.7565,62.41
331.458,measure,4968.0,1360.0,6.7565,62.44
331.558,measure,4968.0,1352.0,6.7167,62.41
331.658,measure,4968.0,1360.0,6.7565,62.41
331.758,measure,4968.0,1368.0,6.7962,62.38
331.858,measure,4968.0,1360.0,6.7565,62.47
331.958,measure,4968.0,1352.0,6.7167,62.50
332.058,measure,4968.0,1360.0,6.7565,62.56
332.159,measure,4968.0,1360.0,6.7565,62.47
332.259,measure,4968.0,1352.0,6.7167,62.50
332.359,measure,4968.0,1352.0,6.7167,62.38
332.459,measure,4968.0,1360.0,6.7565,62.44
332.559,measure,4968.0,1352.0,6.7167,62.41
332.659,measure,4968.0,1352.0,6.7167,62.53
332.759,measure,4968.0,1352.0,6.7167,62.53
332.859,measure,4968.0,1352.0,6.7167,62.59
332.960,measure,4968.0,1344.0,6.6770,62.50
333.060,measure,4968.0,1352.0,6.7167,62.41
333.160,measure,4968.0,1352.0,6.7167,62.38
333.260,measure,4968.0,1344.0,6.6770,62.47
333.360,measure,4968.0,1352.0,6.7167,62.44
333.460,measure,4968.0,1360.0,6.7565,62.47
333.560,measure,4968.0,1360.0,6.7565,62.62
333.661,measure,4968.0,1352.0,6.7167,62.59
333.761,measure,4968.0,1360.0,6.7565,62.56
333.861,measure,4968.0,1360.0,6.7565,62.47
333.961,measure,4968.0,1360.0,6.7565,62.44
334.061,measure,4968.0,1352.0,6.7167,62.47
334.161,measure,4968.0,1360.0,6.7565,62.44
334.261,measure,4968.0,1368.0,6.7962,62.47
334.362,measure,4968.0,1360.0,6.7565,62.41
334.462,measure,4968.0,1352.0,6.7167,62.62
334.562,measure,4968.0,1352.0,6.7167,62.62
334.662,measure,4968.0,1352.0,6.7167,62.56
334.762,measure,4968.0,1344.0,6.6770,62.50
334.862,measure,4968.0,1352.0,6.7167,62.56
334.962,measure,4968.0,1344.0,6.6770,62.44
335.063,measure,4968.0,1344.0,6.6770,62.50
335.163,measure,4968.0,1352.0,6.7167,62.44
335.263,measure,4968.0,1360.0,6.7565,62.41
335.363,measure,4968.0,1360.0,6.7565,62.69
335.463,measure,4968.0,1352.0,6.7167,62.62
335.563,measure,4968.0,1360.0,6.7565,62.56
335.663,measure,4968.0,1360.0,6.7565,62.53
335.764,measure,4968.0,1360.0,6.7565,62.50
335.864,measure,4968.0,1352.0,6.7167,62.47
335.964,measure,4968.0,1360.0,6.7565,62.41
336.064,measure,4968.0,1368.0,6.7962,62.50
336.164,measure,4968.0,1360.0,6.7565,62.41
336.264,measure,4968.0,1360.0,6.7565,62.62
336.364,measure,4968.0,1360.0,6.7565,62.62
336.464,measure,4968.0,1368.0,6.7962,62.59
336.565,measure,4968.0,1360.0,6.7565,62.53
336.665,measure,4968.0,1352.0,6.7167,62.50
336.765,measure,4968.0,1360.0,6.7565,62.44
336.865,measure,4968.0,1360.0,6.7565,62.50
336.965,measure,4968.0,1360.0,6.7565,62.50
337.065,measure,4968.0,1352.0,6.7167,62.41
337.165,measure,4968.0,1360.0,6.7565,62.66
337.266,measure,4968.0,1368.0,6.7962,62.66
337.366,measure,4968.0,1360.0,6.7565,62.59
337.466,measure,4968.0,1352.0,6.7167,62.53
337.566,measure,4968.0,1360.0,6.7565,62.59
337.666,measure,4968.0,1360.0,6.7565,62.47
337.766,measure,4968.0,1360.0,6.7565,62.44
337.866,measure,4968.0,1352.0,6.7167,62.38
337.967,measure,4968.0,1360.0,6.7565,62.47
338.067,measure,4968.0,1360.0,6.7565,62.44
338.167,measure,4968.0,1352.0,6.7167,62.62
338.267,measure,4968.0,1352.0,6.7167,62.59
338.367,measure,4968.0,1360.0,6.7565,62.47
338.467,measure,4968.0,1352.0,6.7167,62.56
338.567,measure,4968.0,1344.0,6.6770,62.44
338.668,measure,4968.0,1352.0,6.7167,62.47
338.768,measure,4968.0,1352.0,6.7167,62.50
338.868,measure,4968.0,1344.0,6.6770,62.44
338.968,measure,4968.0,1352.0,6.7167,62.72
339.068,measure,4968.0,1360.0,6.7565,62.69
339.168,measure,4968.0,1352.0,6.7167,62.69
339.268,measure,4968.0,1352.0,6.7167,62.56
339.368,measure,4968.0,1352.0,6.7167,62.53
339.469,measure,4968.0,1360.0,6.7565,62.47
339.569,measure,4968.0,1360.0,6.7565,62.50
339.669,measure,4968.0,1352.0,6.7167,62.47
339.769,measure,4968.0,1360.0,6.7565,62.44
339.869,measure,4968.0,1360.0,6.7565,62.41
339.969,measure,4968.0,1360.0,6.7565,62.62
340.069,measure,4968.0,1352.0,6.7167,62.53
340.170,measure,4968.0,1352.0,6.7167,62.53
340.270,measure,4968.0,1360.0,6.7565,62.50
340.370,measure,4968.0,1352.0,6.7167,62.47
340.470,measure,4968.0,1352.0,6.7167,62.44
340.570,measure,4968.0,1352.0,6.7167,62.41
340.670,measure,4968.0,1352.0,6.7167,62.41
340.770,measure,4968.0,1352.0,6.7167,62.38
340.871,measure,4968.0,1352.0,6.7167,62.66
340.971,measure,4968.0,1352.0,6.7167,62.72
341.071,measure,4968.0,1352.0,6.7167,62.56
341.171,measure,4968.0,1360.0,6.7565,62.59
341.271,measure,4968.0,1352.0,6.7167,62.41
341.371,measure,4968.0,1352.0,6.7167,62.50
341.471,measure,4968.0,1352.0,6.7167,62.53
341.572,measure,4968.0,1352.0,6.7167,62.47
341.672,measure,4968.0,1344.0,6.6770,62.47
341.772,measure,4968.0,1352.0,6.7167,62.66
341.872,measure,4968.0,1360.0,6.7565,62.66
341.972,measure,4968.0,1360.0,6.7565,62.56
342.072,measure,4968.0,1352.0,6.7167,62.56
342.172,measure,4968.0,1360.0,6.7565,62.41
342.273,measure,4968.0,1368.0,6.7962,62.47
342.373,measure,4968.0,1360.0,6.7565,62.44
342.473,measure,4968.0,1360.0,6.7565,62.38
342.573,measure,4968.0,1360.0,6.7565,62.50
342.673,measure,4968.0,1368.0,6.7962,62.47
342.773,measure,4968.0,1368.0,6.7962,62.66
342.874,measure,4968.0,1360.0,6.7565,62.59
342.974,measure,4968.0,1360.0,6.7565,62.56
343.074,measure,4968.0,1360.0,6.7565,62.53
343.174,measure,4968.0,1352.0,6.7167,62.56
343.274,measure,4968.0,1352.0,6.7167,62.56
343.374,measure,4968.0,1360.0,6.7565,62.41
343.474,measure,4968.0,1360.0,6.7565,62.53
343.574,measure,4968.0,1360.0,6.7565,62.47
343.675,measure,4968.0,1352.0,6.7167,62.75
343.775,measure,4968.0,1360.0,6.7565,62.62
343.875,measure,4968.0,1360.0,6.7565,62.56
343.975,measure,4968.0,1344.0,6.6770,62.53
344.075,measure,4968.0,1352.0,6.7167,62.56
344.175,measure,4968.0,1352.0,6.7167,62.50
344.275,measure,4968.0,1344.0,6.6770,62.50
344.376,measure,4968.0,1352.0,6.7167,62.53
344.476,measure,4968.0,1352.0,6.7167,62.50
344.576,measure,4968.0,1344.0,6.6770,62.50
344.676,measure,4968.0,1352.0,6.7167,62.62
344.776,measure,4968.0,1352.0,6.7167,62.56
344.876,measure,4968.0,1352.0,6.7167,62.53
344.976,measure,4968.0,1344.0,6.6770,62.53
345.077,measure,4968.0,1352.0,6.7167,62.47
345.177,measure,4968.0,1344.0,6.6770,62.47
345.277,measure,4968.0,1352.0,6.7167,62.47
345.377,measure,4968.0,1352.0,6.7167,62.44
345.477,measure,4968.0,1352.0,6.7167,62.59
345.577,measure,4968.0,1352.0,6.7167,62.59
345.677,measure,4968.0,1352.0,6.7167,62.62
345.778,measure,4968.0,1352.0,6.7167,62.59
345.878,measure,4968.0,1344.0,6.6770,62.50
345.978,measure,4968.0,1352.0,6.7167,62.50
346.078,measure,4968.0,1352.0,6.7167,62.47
346.178,measure,4968.0,1352.0,6.7167,62.50
346.278,measure,4968.0,1352.0,6.7167,62.41
346.379,measure,4968.0,1360.0,6.7565,62.47
346.479,measure,4968.0,1360.0,6.7565,62.56
346.579,measure,4968.0,1360.0,6.7565,62.62
346.679,measure,4968.0,1352.0,6.7167,62.53
346.779,measure,4968.0,1360.0,6.7565,62.56
346.879,measure,4968.0,1360.0,6.7565,62.47
346.979,measure,4968.0,1360.0,6.7565,62.44
347.079,measure,4968.0,1352.0,6.7167,62.50
347.180,measure,4968.0,1360.0,6.7565,62.44
347.280,measure,4968.0,1360.0,6.7565,62.47
347.380,measure,4968.0,1360.0,6.7565,62.62
347.480,measure,4968.0,1352.0,6.7167,62.56
347.580,measure,4968.0,1360.0,6.7565,62.53
347.680,measure,4960.0,1360.0,6.7456,62.50
347.780,measure,4968.0,1360.0,6.7565,62.53
347.881,measure,4968.0,1352.0,6.7167,62.50
347.981,measure,4968.0,1360.0,6.7565,62.53
348.081,measure,4968.0,1368.0,6.7962,62.50
348.181,measure,4968.0,1360.0,6.7565,62.50
348.281,measure,4968.0,1352.0,6.7167,62.59
348.381,measure,4968.0,1360.0,6.7565,62.56
348.481,measure,4968.0,1360.0,6.7565,62.59
348.582,measure,4968.0,1360.0,6.7565,62.50
348.682,measure,4968.0,1352.0,6.7167,62.53
348.782,measure,4968.0,1352.0,6.7167,62.47
348.882,measure,4968.0,1360.0,6.7565,62.44
348.982,measure,4968.0,1360.0,6.7565,62.44
349.082,measure,4968.0,1352.0,6.7167,62.44
349.182,measure,4968.0,1352.0,6.7167,62.69
349.283,measure,4968.0,1352.0,6.7167,62.69
349.383,measure,4968.0,1344.0,6.6770,62.53
349.483,measure,4968.0,1352.0,6.7167,62.53
349.583,measure,4968.0,1352.0,6.7167,62.50
349.683,measure,4968.0,1344.0,6.6770,62.53
349.783,measure,4968.0,1352.0,6.7167,62.50
349.883,measure,4968.0,1352.0,6.7167,62.50
349.984,measure,4968.0,1344.0,6.6770,62.44
350.084,measure,4968.0,1352.0,6.7167,62.62
350.184,measure,4968.0,1360.0,6.7565,62.59
350.284,measure,4968.0,1344.0,6.6770,62.59
350.384,measure,4968.0,1344.0,6.6770,62.53
350.484,measure,4968.0,1352.0,6.7167,62.53
350.584,measure,4968.0,1344.0,6.6770,62.44
350.685,measure,4968.0,1344.0,6.6770,62.44
350.785,measure,4968.0,1352.0,6.7167,62.44
350.885,measure,4968.0,1352.0,6.7167,62.50
350.985,measure,4968.0,1344.0,6.6770,62.72
351.085,measure,4968.0,1352.0,6.7167,62.62
351.185,measure,4968.0,1360.0,6.7565,62.62
351.285,measure,4968.0,1360.0,6.7565,62.50
351.386,measure,4968.0,1352.0,6.7167,62.59
351.486,measure,4968.0,1352.0,6.7167,62.50
351.586,measure,4968.0,1360.0,6.7565,62.50
351.686,measure,4968.0,1360.0,6.7565,62.44
351.786,measure,4968.0,1352.0,6.7167,62.53
351.886,measure,4968.0,1352.0,6.7167,62.72
351.986,measure,4968.0,1360.0,6.7565,62.59
352.087,measure,4968.0,1352.0,6.7167,62.53
352.187,measure,4968.0,1344.0,6.6770,62.62
352.287,measure,4968.0,1352.0,6.7167,62.66
352.387,measure,4968.0,1352.0,6.7167,62.50
352.487,measure,4968.0,1344.0,6.6770,62.44
352.587,measure,4968.0,1352.0,6.7167,62.47
352.687,measure,4968.0,1344.0,6.6770,62.47
352.788,measure,4968.0,1336.0,6.6372,62.72
352.888,measure,4968.0,1344.0,6.6770,62.62
352.988,measure,4968.0,1344.0,6.6770,62.59
353.088,measure,4968.0,1336.0,6.6372,62.59
353.188,measure,4968.0,1344.0,6.6770,62.56
353.289,measure,4968.0,1344.0,6.6770,62.50
353.389,measure,4968.0,1336.0,6.6372,62.50
353.489,measure,4968.0,1344.0,6.6770,62.47
353.589,measure,4968.0,1352.0,6.7167,62.47
353.689,measure,4968.0,1344.0,6.6770,62.66
353.789,measure,4968.0,1344.0,6.6770,62.62
353.889,measure,4968.0,1352.0,6.7167,62.66
353.990,measure,4968.0,1344.0,6.6770,62.59
354.090,measure,4968.0,1344.0,6.6770,62.56
354.190,measure,4968.0,1344.0,6.6770,62.62
354.290,measure,4968.0,1344.0,6.6770,62.44
354.390,measure,4968.0,1336.0,6.6372,62.47
354.490,measure,4968.0,1344.0,6.6770,62.47
354.590,measure,4968.0,1344.0,6.6770,62.72
354.690,measure,4968.0,1336.0,6.6372,62.69
354.791,measure,4968.0,1352.0,6.7167,62.69
354.891,measure,4968.0,1344.0,6.6770,62.53
354.991,measure,4968.0,1344.0,6.6770,62.53
355.091,measure,4968.0,1352.0,6.7167,62.53
355.191,measure,4968.0,1352.0,6.7167,62.53
355.291,measure,4968.0,1344.0,6.6770,62.47
355.391,measure,4968.0,1352.0,6.7167,62.44
355.492,measure,4968.0,1352.0,6.7167,62.75
355.592,measure,4968.0,1344.0,6.6770,62.75
355.692,measure,4968.0,1352.0,6.7167,62.66
355.792,measure,4968.0,1344.0,6.6770,62.59
355.892,measure,4968.0,1344.0,6.6770,62.56
355.992,measure,4968.0,1352.0,6.7167,62.53
356.092,measure,4968.0,1352.0,6.7167,62.53
356.193,measure,4968.0,1344.0,6.6770,62.50
356.293,measure,4968.0,1352.0,6.7167,62.44
356.393,measure,4968.0,1352.0,6.7167,62.50
356.493,measure,4968.0,1344.0,6.6770,62.78
356.593,measure,4968.0,1352.0,6.7167,62.66
356.693,measure,4968.0,1352.0,6.7167,62.56
356.793,measure,4968.0,1344.0,6.6770,62.50
356.894,measure,4968.0,1352.0,6.7167,62.47
356.994,measure,4968.0,1360.0,6.7565,62.56
357.094,measure,4968.0,1352.0,6.7167,62.50
357.194,measure,4968.0,1352.0,6.7167,62.47
357.294,measure,4968.0,1360.0,6.7565,62.50
357.394,measure,4968.0,1368.0,6.7962,62.72
357.494,measure,4968.0,1360.0,6.7565,62.62
357.595,measure,4968.0,1352.0,6.7167,62.62
357.695,measure,4968.0,1360.0,6.7565,62.59
357.795,measure,4968.0,1352.0,6.7167,62.47
357.895,measure,4968.0,1352.0,6.7167,62.56
357.995,measure,4968.0,1352.0,6.7167,62.53
358.095,measure,4968.0,1352.0,6.7167,62.44
358.195,measure,4968.0,1344.0,6.6770,62.50
358.296,measure,4968.0,1352.0,6.7167,62.50
358.396,measure,4968.0,1352.0,6.7167,62.72
358.496,measure,4968.0,1344.0,6.6770,62.66
358.596,measure,4968.0,1352.0,6.7167,62.50
358.696,measure,4968.0,1352.0,6.7167,62.62
358.796,measure,4968.0,1344.0,6.6770,62.56
358.896,measure,4968.0,1352.0,6.7167,62.56
358.996,measure,4968.0,1344.0,6.6770,62.50
359.097,measure,4968.0,1344.0,6.6770,62.50
359.197,measure,4968.0,1352.0,6.7167,62.50
359.297,measure,4968.0,1344.0,6.6770,62.66
359.397,measure,4968.0,1344.0,6.6770,62.72
359.497,measure,4968.0,1344.0,6.6770,62.56
359.597,measure,4968.0,1344.0,6.6770,62.59
359.697,measure,4968.0,1336.0,6.6372,62.53
359.798,measure,4968.0,1344.0,6.6770,62.47
359.898,measure,4968.0,1352.0,6.7167,62.50
359.998,measure,4968.0,1344.0,6.6770,62.50
360.098,measure,4968.0,1344.0,6.6770,62.47
360.198,measure,4968.0,1352.0,6.7167,62.69
360.298,measure,4968.0,1360.0,6.7565,62.66
