t_rel_s,phase,mv,ma,watt,temp_max_c
0.000,warmup,4960.0,1432.0,7.1027,60.09
0.100,warmup,4968.0,1344.0,6.6770,59.97
0.200,warmup,4976.0,1248.0,6.2100,59.94
0.301,warmup,4976.0,1176.0,5.8518,59.94
0.401,warmup,4976.0,1232.0,6.1304,59.81
0.501,warmup,4968.0,1312.0,6.5180,59.94
0.601,warmup,4968.0,1360.0,6.7565,59.91
0.701,warmup,4968.0,1376.0,6.8360,60.00
0.801,warmup,4968.0,1408.0,6.9949,60.22
0.901,warmup,4968.0,1408.0,6.9949,60.12
1.002,warmup,4960.0,1464.0,7.2614,60.06
1.102,warmup,4960.0,1512.0,7.4995,60.06
1.202,warmup,4960.0,1528.0,7.5789,59.97
1.302,warmup,4960.0,1560.0,7.7376,59.94
1.402,warmup,4960.0,1568.0,7.7773,59.94
1.502,warmup,4960.0,1600.0,7.9360,59.94
1.602,warmup,4960.0,1592.0,7.8963,59.94
1.703,warmup,4952.0,1616.0,8.0024,60.19
1.803,warmup,4952.0,1640.0,8.1213,60.19
1.903,warmup,4952.0,1648.0,8.1609,60.09
2.003,warmup,4952.0,1664.0,8.2401,60.12
2.103,warmup,4952.0,1680.0,8.3194,60.09
2.203,warmup,4952.0,1688.0,8.3590,60.25
2.303,warmup,4952.0,1696.0,8.3986,60.19
2.404,warmup,4952.0,1696.0,8.3986,60.09
2.504,warmup,4952.0,1704.0,8.4382,60.44
2.604,warmup,4952.0,1696.0,8.3986,59.97
2.705,warmup,4952.0,1696.0,8.3986,60.16
2.805,warmup,4952.0,1688.0,8.3590,60.22
2.905,warmup,4952.0,1688.0,8.3590,60.28
3.005,warmup,4952.0,1688.0,8.3590,60.22
3.105,warmup,4952.0,1704.0,8.4382,60.16
3.205,warmup,4952.0,1704.0,8.4382,60.12
3.306,warmup,4952.0,1704.0,8.4382,60.28
3.406,warmup,4952.0,1704.0,8.4382,60.12
3.506,warmup,4952.0,1720.0,8.5174,60.16
3.606,warmup,4952.0,1720.0,8.5174,60.47
3.706,warmup,4952.0,1712.0,8.4778,60.31
3.806,warmup,4952.0,1704.0,8.4382,60.28
3.906,warmup,4952.0,1704.0,8.4382,60.31
4.007,warmup,4952.0,1696.0,8.3986,60.22
4.107,warmup,4952.0,1696.0,8.3986,60.16
4.207,warmup,4952.0,1712.0,8.4778,60.34
4.307,warmup,4952.0,1704.0,8.4382,60.16
4.407,warmup,4952.0,1712.0,8.4778,60.19
4.507,warmup,4952.0,1720.0,8.5174,60.31
4.607,warmup,4952.0,1720.0,8.5174,60.31
4.708,warmup,4952.0,1728.0,8.5571,60.50
4.808,warmup,4952.0,1720.0,8.5174,60.28
4.908,warmup,4952.0,1712.0,8.4778,60.28
5.008,warmup,4952.0,1712.0,8.4778,60.25
5.108,warmup,4952.0,1704.0,8.4382,60.22
5.208,warmup,4952.0,1704.0,8.4382,60.22
5.308,warmup,4952.0,1696.0,8.3986,60.34
5.409,warmup,4952.0,1696.0,8.3986,60.22
5.509,warmup,4952.0,1696.0,8.3986,60.44
5.609,warmup,4952.0,1696.0,8.3986,60.53
5.709,warmup,4952.0,1704.0,8.4382,60.44
5.809,warmup,4952.0,1704.0,8.4382,60.28
5.909,warmup,4952.0,1712.0,8.4778,60.28
6.009,warmup,4952.0,1728.0,8.5571,60.44
6.110,warmup,4952.0,1720.0,8.5174,60.41
6.210,warmup,4952.0,1720.0,8.5174,60.38
6.310,warmup,4952.0,1712.0,8.4778,60.25
6.410,warmup,4952.0,1704.0,8.4382,60.44
6.510,warmup,4952.0,1696.0,8.3986,60.34
6.610,warmup,4952.0,1696.0,8.3986,60.38
6.710,warmup,4952.0,1696.0,8.3986,60.47
6.811,warmup,4952.0,1696.0,8.3986,60.41
6.911,warmup,4952.0,1696.0,8.3986,60.38
7.011,warmup,4952.0,1704.0,8.4382,60.53
7.111,warmup,4952.0,1704.0,8.4382,60.47
7.211,warmup,4952.0,1720.0,8.5174,60.47
7.311,warmup,4952.0,1720.0,8.5174,60.75
7.411,warmup,4952.0,1728.0,8.5571,60.72
7.512,warmup,4952.0,1720.0,8.5174,60.41
7.612,warmup,4952.0,1712.0,8.4778,60.41
7.712,warmup,4952.0,1704.0,8.4382,60.53
7.812,warmup,4952.0,1696.0,8.3986,60.34
7.912,warmup,4952.0,1712.0,8.4778,60.34
8.012,warmup,4952.0,1712.0,8.4778,60.41
8.112,warmup,4952.0,1704.0,8.4382,60.38
8.213,warmup,4952.0,1720.0,8.5174,60.56
8.313,warmup,4952.0,1720.0,8.5174,60.53
8.413,warmup,4952.0,1720.0,8.5174,60.47
8.513,warmup,4952.0,1712.0,8.4778,60.53
8.613,warmup,4952.0,1712.0,8.4778,60.53
8.713,warmup,4952.0,1712.0,8.4778,60.75
8.814,warmup,4952.0,1712.0,8.4778,60.72
8.914,warmup,4952.0,1704.0,8.4382,60.44
9.014,warmup,4952.0,1704.0,8.4382,60.44
9.114,warmup,4952.0,1696.0,8.3986,60.66
9.215,warmup,4952.0,1696.0,8.3986,60.38
9.315,warmup,4952.0,1688.0,8.3590,60.53
9.415,warmup,4952.0,1688.0,8.3590,60.50
9.515,warmup,4952.0,1688.0,8.3590,60.41
9.615,warmup,4952.0,1688.0,8.3590,60.47
9.716,warmup,4952.0,1688.0,8.3590,60.47
9.816,warmup,4952.0,1688.0,8.3590,60.66
9.916,warmup,4952.0,1688.0,8.3590,60.59
10.016,warmup,4952.0,1696.0,8.3986,60.50
10.116,warmup,4952.0,1696.0,8.3986,60.78
10.217,warmup,4952.0,1696.0,8.3986,60.72
10.317,warmup,4952.0,1704.0,8.4382,60.62
10.417,warmup,4952.0,1704.0,8.4382,60.91
10.517,warmup,4952.0,1704.0,8.4382,60.84
10.617,warmup,4952.0,1712.0,8.4778,60.53
10.717,warmup,4952.0,1712.0,8.4778,60.59
10.818,warmup,4952.0,1712.0,8.4778,60.53
10.918,warmup,4952.0,1704.0,8.4382,60.53
11.018,warmup,4952.0,1696.0,8.3986,60.50
11.118,warmup,4952.0,1696.0,8.3986,60.72
11.218,warmup,4952.0,1696.0,8.3986,60.53
11.318,warmup,4952.0,1688.0,8.3590,60.56
11.419,warmup,4952.0,1696.0,8.3986,60.53
11.519,warmup,4952.0,1704.0,8.4382,60.81
11.619,warmup,4952.0,1712.0,8.4778,60.78
11.719,warmup,4952.0,1720.0,8.5174,60.81
11.819,warmup,4952.0,1720.0,8.5174,60.97
11.919,warmup,4952.0,1720.0,8.5174,60.88
12.019,warmup,4952.0,1720.0,8.5174,60.78
12.120,warmup,4952.0,1720.0,8.5174,61.03
12.220,warmup,4952.0,1712.0,8.4778,60.72
12.320,warmup,4952.0,1704.0,8.4382,60.62
12.420,warmup,4952.0,1704.0,8.4382,60.59
12.520,warmup,4952.0,1696.0,8.3986,60.53
12.620,warmup,4952.0,1696.0,8.3986,60.56
12.720,warmup,4952.0,1704.0,8.4382,60.50
12.821,warmup,4952.0,1696.0,8.3986,60.59
12.921,warmup,4952.0,1696.0,8.3986,60.69
13.021,warmup,4952.0,1696.0,8.3986,60.69
13.121,warmup,4952.0,1696.0,8.3986,60.69
13.221,warmup,4952.0,1696.0,8.3986,60.62
13.321,warmup,4952.0,1696.0,8.3986,60.81
13.421,warmup,4952.0,1704.0,8.4382,60.78
13.522,warmup,4952.0,1712.0,8.4778,61.03
13.622,warmup,4952.0,1720.0,8.5174,61.06
13.722,warmup,4952.0,1720.0,8.5174,60.97
13.822,warmup,4952.0,1712.0,8.4778,60.62
13.922,warmup,4952.0,1712.0,8.4778,60.97
14.022,warmup,4952.0,1704.0,8.4382,60.75
14.123,warmup,4952.0,1696.0,8.3986,60.69
14.223,warmup,4952.0,1696.0,8.3986,60.84
14.323,warmup,4952.0,1704.0,8.4382,60.69
14.423,warmup,4952.0,1704.0,8.4382,60.59
14.523,warmup,4952.0,1712.0,8.4778,60.78
14.623,warmup,4952.0,1712.0,8.4778,60.75
14.723,warmup,4952.0,1728.0,8.5571,61.00
14.824,warmup,4952.0,1728.0,8.5571,60.94
14.924,warmup,4952.0,1720.0,8.5174,61.03
15.024,warmup,4952.0,1712.0,8.4778,60.88
15.124,warmup,4952.0,1712.0,8.4778,60.88
15.224,warmup,4952.0,1704.0,8.4382,60.97
15.324,warmup,4952.0,1696.0,8.3986,60.84
15.424,warmup,4952.0,1696.0,8.3986,60.84
15.525,warmup,4952.0,1696.0,8.3986,60.66
15.625,warmup,4952.0,1696.0,8.3986,61.06
15.725,warmup,4952.0,1696.0,8.3986,60.91
15.825,warmup,4952.0,1696.0,8.3986,60.81
15.925,warmup,4952.0,1696.0,8.3986,61.16
16.025,warmup,4952.0,1704.0,8.4382,60.84
16.125,warmup,4952.0,1704.0,8.4382,60.84
16.225,warmup,4952.0,1704.0,8.4382,60.94
16.326,warmup,4952.0,1712.0,8.4778,60.88
16.426,warmup,4952.0,1712.0,8.4778,60.97
16.526,warmup,4952.0,1712.0,8.4778,60.97
16.626,warmup,4952.0,1712.0,8.4778,61.19
16.726,warmup,4952.0,1712.0,8.4778,61.03
16.826,warmup,4952.0,1704.0,8.4382,60.84
16.927,warmup,4952.0,1696.0,8.3986,60.78
17.027,warmup,4952.0,1696.0,8.3986,60.91
17.127,warmup,4952.0,1696.0,8.3986,60.88
17.227,warmup,4952.0,1696.0,8.3986,60.72
17.327,warmup,4952.0,1696.0,8.3986,61.03
17.427,warmup,4952.0,1696.0,8.3986,60.91
17.527,warmup,4952.0,1696.0,8.3986,60.94
17.628,warmup,4952.0,1704.0,8.4382,60.91
17.728,warmup,4952.0,1704.0,8.4382,60.88
17.828,warmup,4952.0,1704.0,8.4382,60.91
17.928,warmup,4952.0,1704.0,8.4382,61.00
18.028,warmup,4952.0,1712.0,8.4778,60.91
18.128,warmup,4952.0,1712.0,8.4778,61.16
18.228,warmup,4952.0,1720.0,8.5174,61.22
18.328,warmup,4952.0,1712.0,8.4778,61.25
18.429,warmup,4952.0,1712.0,8.4778,61.12
18.529,warmup,4952.0,1704.0,8.4382,61.06
18.629,warmup,4952.0,1696.0,8.3986,60.91
18.729,warmup,4952.0,1688.0,8.3590,61.09
18.829,warmup,4952.0,1688.0,8.3590,60.94
18.929,warmup,4952.0,1696.0,8.3986,60.88
19.029,warmup,4952.0,1696.0,8.3986,61.19
19.130,warmup,4952.0,1696.0,8.3986,61.09
19.230,warmup,4952.0,1712.0,8.4778,60.94
19.330,warmup,4952.0,1712.0,8.4778,61.00
19.430,warmup,4952.0,1712.0,8.4778,61.12
19.530,warmup,4952.0,1712.0,8.4778,61.03
19.630,warmup,4952.0,1728.0,8.5571,61.19
19.730,warmup,4952.0,1720.0,8.5174,61.03
19.831,warmup,4952.0,1712.0,8.4778,61.16
19.931,warmup,4952.0,1704.0,8.4382,61.09
20.031,warmup,4952.0,1704.0,8.4382,60.94
20.131,warmup,4952.0,1696.0,8.3986,61.09
20.231,warmup,4952.0,1696.0,8.3986,61.09
20.331,warmup,4952.0,1704.0,8.4382,61.00
20.431,warmup,4952.0,1712.0,8.4778,61.31
20.532,warmup,4952.0,1712.0,8.4778,61.25
20.632,warmup,4952.0,1712.0,8.4778,61.03
20.732,warmup,4952.0,1712.0,8.4778,61.03
20.832,warmup,4952.0,1712.0,8.4778,61.31
20.932,warmup,4952.0,1712.0,8.4778,61.16
21.033,warmup,4952.0,1712.0,8.4778,61.09
21.133,warmup,4952.0,1712.0,8.4778,61.19
21.233,warmup,4952.0,1712.0,8.4778,61.16
21.334,warmup,4952.0,1704.0,8.4382,61.12
21.434,warmup,4952.0,1704.0,8.4382,61.09
21.534,warmup,4952.0,1696.0,8.3986,61.16
21.634,warmup,4952.0,1696.0,8.3986,61.03
21.734,warmup,4952.0,1696.0,8.3986,61.06
21.834,warmup,4952.0,1696.0,8.3986,61.25
21.934,warmup,4952.0,1696.0,8.3986,61.22
22.035,warmup,4952.0,1696.0,8.3986,61.22
22.135,warmup,4952.0,1704.0,8.4382,61.41
22.235,warmup,4952.0,1704.0,8.4382,61.28
22.335,warmup,4952.0,1704.0,8.4382,61.12
22.435,warmup,4952.0,1720.0,8.5174,61.19
22.536,warmup,4952.0,1728.0,8.5571,61.31
22.636,warmup,4952.0,1720.0,8.5174,61.12
22.736,warmup,4952.0,1712.0,8.4778,61.16
22.837,warmup,4952.0,1704.0,8.4382,61.12
22.937,warmup,4952.0,1704.0,8.4382,61.28
23.037,warmup,4952.0,1696.0,8.3986,61.09
23.137,warmup,4952.0,1712.0,8.4778,61.22
23.238,warmup,4952.0,1712.0,8.4778,61.31
23.338,warmup,4952.0,1712.0,8.4778,61.28
23.438,warmup,4952.0,1712.0,8.4778,61.25
23.538,warmup,4952.0,1720.0,8.5174,61.50
23.638,warmup,4952.0,1720.0,8.5174,61.41
23.739,warmup,4952.0,1720.0,8.5174,61.28
23.839,warmup,4952.0,1720.0,8.5174,61.22
23.939,warmup,4952.0,1712.0,8.4778,61.28
24.039,warmup,4952.0,1712.0,8.4778,61.28
24.139,warmup,4952.0,1704.0,8.4382,61.28
24.240,warmup,4952.0,1704.0,8.4382,61.28
24.340,warmup,4952.0,1696.0,8.3986,61.22
24.440,warmup,4952.0,1696.0,8.3986,61.16
24.540,warmup,4952.0,1696.0,8.3986,61.19
24.640,warmup,4952.0,1696.0,8.3986,61.34
24.740,warmup,4952.0,1696.0,8.3986,61.31
24.840,warmup,4952.0,1704.0,8.4382,61.25
24.941,warmup,4952.0,1712.0,8.4778,61.62
25.041,warmup,4952.0,1720.0,8.5174,61.44
25.141,warmup,4952.0,1720.0,8.5174,61.38
25.241,warmup,4952.0,1720.0,8.5174,61.66
25.341,warmup,4952.0,1720.0,8.5174,61.62
25.441,warmup,4952.0,1712.0,8.4778,61.28
25.541,warmup,4952.0,1712.0,8.4778,61.25
25.642,warmup,4952.0,1704.0,8.4382,61.25
25.742,warmup,4952.0,1704.0,8.4382,61.28
25.842,warmup,4952.0,1696.0,8.3986,61.31
25.942,warmup,4952.0,1696.0,8.3986,61.34
26.042,warmup,4952.0,1688.0,8.3590,61.28
26.142,warmup,4952.0,1688.0,8.3590,61.22
26.242,warmup,4952.0,1696.0,8.3986,61.25
26.343,warmup,4952.0,1696.0,8.3986,61.44
26.443,warmup,4952.0,1696.0,8.3986,61.34
26.543,warmup,4952.0,1696.0,8.3986,61.31
26.643,warmup,4952.0,1696.0,8.3986,61.59
26.743,warmup,4952.0,1696.0,8.3986,61.50
26.843,warmup,4952.0,1704.0,8.4382,61.41
26.943,warmup,4952.0,1704.0,8.4382,61.34
27.044,warmup,4952.0,1712.0,8.4778,61.53
27.144,warmup,4952.0,1720.0,8.5174,61.41
27.244,warmup,4952.0,1720.0,8.5174,61.47
27.344,warmup,4952.0,1720.0,8.5174,61.38
27.444,warmup,4952.0,1712.0,8.4778,61.34
27.544,warmup,4952.0,1704.0,8.4382,61.34
27.644,warmup,4952.0,1696.0,8.3986,61.41
27.745,warmup,4952.0,1696.0,8.3986,61.38
27.845,warmup,4952.0,1696.0,8.3986,61.38
27.945,warmup,4952.0,1696.0,8.3986,61.31
28.045,warmup,4952.0,1696.0,8.3986,61.50
28.145,warmup,4952.0,1696.0,8.3986,61.44
28.245,warmup,4952.0,1704.0,8.4382,61.41
28.345,warmup,4952.0,1704.0,8.4382,61.69
28.446,warmup,4952.0,1704.0,8.4382,61.56
28.546,warmup,4952.0,1704.0,8.4382,61.53
28.646,warmup,4952.0,1720.0,8.5174,61.44
28.746,warmup,4952.0,1720.0,8.5174,61.72
28.847,warmup,4952.0,1720.0,8.5174,61.44
28.947,warmup,4952.0,1712.0,8.4778,61.41
29.048,warmup,4952.0,1712.0,8.4778,61.34
29.148,warmup,4952.0,1704.0,8.4382,61.28
29.248,warmup,4952.0,1696.0,8.3986,61.38
29.348,warmup,4952.0,1696.0,8.3986,61.34
29.448,warmup,4952.0,1712.0,8.4778,61.59
29.548,warmup,4952.0,1712.0,8.4778,61.50
29.648,warmup,4952.0,1728.0,8.5571,61.59
29.748,warmup,4952.0,1720.0,8.5174,61.78
29.849,warmup,4952.0,1720.0,8.5174,61.62
29.949,warmup,4952.0,1728.0,8.5571,61.62
30.049,warmup,4952.0,1720.0,8.5174,61.84
30.149,warmup,4952.0,1720.0,8.5174,61.72
30.249,warmup,4952.0,1712.0,8.4778,61.38
30.349,warmup,4952.0,1704.0,8.4382,61.31
30.449,warmup,4952.0,1696.0,8.3986,61.66
30.550,warmup,4952.0,1696.0,8.3986,61.53
30.650,warmup,4952.0,1696.0,8.3986,61.44
30.750,warmup,4952.0,1712.0,8.4778,61.44
30.850,warmup,4952.0,1712.0,8.4778,61.44
30.950,warmup,4952.0,1720.0,8.5174,61.62
31.050,warmup,4952.0,1728.0,8.5571,61.62
31.150,warmup,4952.0,1728.0,8.5571,61.50
31.251,warmup,4952.0,1728.0,8.5571,61.69
31.351,warmup,4952.0,1720.0,8.5174,61.50
31.451,warmup,4952.0,1712.0,8.4778,61.62
31.551,warmup,4952.0,1712.0,8.4778,61.50
31.651,warmup,4952.0,1704.0,8.4382,61.50
31.751,warmup,4952.0,1696.0,8.3986,61.41
31.851,warmup,4952.0,1712.0,8.4778,61.72
31.951,warmup,4952.0,1712.0,8.4778,61.41
32.052,warmup,4952.0,1720.0,8.5174,61.53
32.152,warmup,4952.0,1720.0,8.5174,61.88
32.252,warmup,4952.0,1736.0,8.5967,61.53
32.352,warmup,4952.0,1728.0,8.5571,61.62
32.452,warmup,4952.0,1728.0,8.5571,61.66
32.552,warmup,4952.0,1720.0,8.5174,61.50
32.652,warmup,4952.0,1712.0,8.4778,61.59
32.753,warmup,4952.0,1704.0,8.4382,61.50
32.853,warmup,4952.0,1696.0,8.3986,61.41
32.953,warmup,4952.0,1696.0,8.3986,61.56
33.053,warmup,4952.0,1696.0,8.3986,61.50
33.153,warmup,4952.0,1696.0,8.3986,61.88
33.253,warmup,4952.0,1704.0,8.4382,61.78
33.354,warmup,4952.0,1712.0,8.4778,61.72
33.454,warmup,4952.0,1712.0,8.4778,61.59
33.554,warmup,4952.0,1712.0,8.4778,61.91
33.654,warmup,4952.0,1712.0,8.4778,61.81
33.754,warmup,4952.0,1712.0,8.4778,61.59
33.854,warmup,4952.0,1712.0,8.4778,61.91
33.954,warmup,4952.0,1712.0,8.4778,61.59
34.054,warmup,4952.0,1712.0,8.4778,61.62
34.155,warmup,4952.0,1704.0,8.4382,61.66
34.255,warmup,4952.0,1704.0,8.4382,61.66
34.355,warmup,4952.0,1704.0,8.4382,61.69
34.455,warmup,4952.0,1704.0,8.4382,61.56
34.555,warmup,4952.0,1704.0,8.4382,61.62
34.655,warmup,4952.0,1696.0,8.3986,61.72
34.755,warmup,4952.0,1696.0,8.3986,61.59
34.856,warmup,4952.0,1696.0,8.3986,61.59
34.956,warmup,4952.0,1696.0,8.3986,61.84
35.056,warmup,4952.0,1704.0,8.4382,61.72
35.156,warmup,4952.0,1712.0,8.4778,61.66
35.256,warmup,4952.0,1720.0,8.5174,62.09
35.356,warmup,4952.0,1728.0,8.5571,61.88
35.456,warmup,4952.0,1720.0,8.5174,61.75
35.557,warmup,4952.0,1720.0,8.5174,61.69
35.657,warmup,4952.0,1712.0,8.4778,61.66
35.758,warmup,4952.0,1712.0,8.4778,61.56
35.858,warmup,4952.0,1704.0,8.4382,61.59
35.958,warmup,4952.0,1696.0,8.3986,61.50
36.058,warmup,4952.0,1712.0,8.4778,61.84
36.158,warmup,4952.0,1712.0,8.4778,61.75
36.258,warmup,4952.0,1712.0,8.4778,61.72
36.358,warmup,4952.0,1712.0,8.4778,61.91
36.459,warmup,4952.0,1704.0,8.4382,61.84
36.559,warmup,4952.0,1704.0,8.4382,61.84
36.659,warmup,4952.0,1712.0,8.4778,62.00
36.759,warmup,4952.0,1712.0,8.4778,61.88
36.859,warmup,4952.0,1712.0,8.4778,61.72
36.959,warmup,4952.0,1712.0,8.4778,62.06
37.059,warmup,4952.0,1712.0,8.4778,61.94
37.159,warmup,4952.0,1712.0,8.4778,61.78
37.261,warmup,4952.0,1712.0,8.4778,61.81
37.361,warmup,4952.0,1704.0,8.4382,61.69
37.461,warmup,4952.0,1704.0,8.4382,61.72
37.561,warmup,4952.0,1696.0,8.3986,61.72
37.661,warmup,4952.0,1696.0,8.3986,61.66
37.761,warmup,4952.0,1688.0,8.3590,61.84
37.861,warmup,4952.0,1696.0,8.3986,61.72
37.961,warmup,4952.0,1696.0,8.3986,61.66
38.062,warmup,4952.0,1696.0,8.3986,61.88
38.162,warmup,4952.0,1696.0,8.3986,61.81
38.262,warmup,4952.0,1696.0,8.3986,61.62
38.362,warmup,4952.0,1696.0,8.3986,62.00
38.462,warmup,4952.0,1720.0,8.5174,62.00
38.562,warmup,4952.0,1720.0,8.5174,61.88
38.662,warmup,4952.0,1720.0,8.5174,61.78
38.763,warmup,4952.0,1720.0,8.5174,61.88
38.863,warmup,4952.0,1720.0,8.5174,61.88
38.963,warmup,4952.0,1720.0,8.5174,61.94
39.063,warmup,4952.0,1712.0,8.4778,61.81
39.164,warmup,4952.0,1704.0,8.4382,61.97
39.264,warmup,4952.0,1704.0,8.4382,61.91
39.364,warmup,4952.0,1704.0,8.4382,62.03
39.464,warmup,4952.0,1696.0,8.3986,61.91
39.565,warmup,4952.0,1696.0,8.3986,61.81
39.665,warmup,4952.0,1696.0,8.3986,61.62
39.765,warmup,4952.0,1688.0,8.3590,61.94
39.865,warmup,4952.0,1688.0,8.3590,61.88
39.965,warmup,4952.0,1696.0,8.3986,61.75
40.065,warmup,4952.0,1696.0,8.3986,62.06
40.165,warmup,4952.0,1704.0,8.4382,61.81
40.266,warmup,4952.0,1704.0,8.4382,61.84
40.366,warmup,4952.0,1704.0,8.4382,61.91
40.466,warmup,4952.0,1704.0,8.4382,61.78
40.566,warmup,4952.0,1712.0,8.4778,61.84
40.666,warmup,4952.0,1712.0,8.4778,61.97
40.766,warmup,4952.0,1712.0,8.4778,61.94
40.866,warmup,4952.0,1712.0,8.4778,62.12
40.967,warmup,4952.0,1720.0,8.5174,62.06
41.067,warmup,4952.0,1712.0,8.4778,61.97
41.167,warmup,4952.0,1712.0,8.4778,62.06
41.267,warmup,4952.0,1704.0,8.4382,62.03
41.367,warmup,4952.0,1704.0,8.4382,61.84
41.468,warmup,4952.0,1696.0,8.3986,62.06
41.568,warmup,4952.0,1696.0,8.3986,61.94
41.668,warmup,4952.0,1688.0,8.3590,61.75
41.768,warmup,4952.0,1696.0,8.3986,61.94
41.868,warmup,4952.0,1704.0,8.4382,61.88
41.968,warmup,4952.0,1704.0,8.4382,61.78
42.068,warmup,4952.0,1704.0,8.4382,61.97
42.169,warmup,4952.0,1704.0,8.4382,61.91
42.269,warmup,4952.0,1704.0,8.4382,61.81
42.369,warmup,4952.0,1704.0,8.4382,61.97
42.469,warmup,4952.0,1704.0,8.4382,61.91
42.569,warmup,4952.0,1704.0,8.4382,62.16
42.669,warmup,4952.0,1720.0,8.5174,62.09
42.769,warmup,4952.0,1720.0,8.5174,62.09
42.870,warmup,4952.0,1720.0,8.5174,62.22
42.970,warmup,4952.0,1712.0,8.4778,62.06
43.070,warmup,4952.0,1704.0,8.4382,61.91
43.171,warmup,4952.0,1704.0,8.4382,62.22
43.271,warmup,4952.0,1704.0,8.4382,62.09
43.371,warmup,4952.0,1696.0,8.3986,61.78
43.472,warmup,4952.0,1704.0,8.4382,61.94
43.572,warmup,4952.0,1712.0,8.4778,61.88
43.672,warmup,4952.0,1720.0,8.5174,62.12
43.772,warmup,4952.0,1712.0,8.4778,62.00
43.872,warmup,4952.0,1720.0,8.5174,62.03
43.973,warmup,4952.0,1736.0,8.5967,62.28
44.073,warmup,4952.0,1736.0,8.5967,62.16
44.173,warmup,4952.0,1728.0,8.5571,62.28
44.274,warmup,4952.0,1720.0,8.5174,62.28
44.374,warmup,4952.0,1712.0,8.4778,61.94
44.474,warmup,4952.0,1712.0,8.4778,61.94
44.575,warmup,4952.0,1704.0,8.4382,62.25
44.675,warmup,4952.0,1696.0,8.3986,62.06
44.775,warmup,4952.0,1696.0,8.3986,62.06
44.875,warmup,4952.0,1688.0,8.3590,61.88
44.975,warmup,4952.0,1688.0,8.3590,61.88
45.076,warmup,4952.0,1688.0,8.3590,61.97
45.176,warmup,4952.0,1688.0,8.3590,61.91
45.276,warmup,4952.0,1696.0,8.3986,61.94
45.376,warmup,4952.0,1696.0,8.3986,62.03
45.476,warmup,4952.0,1696.0,8.3986,62.03
45.576,warmup,4952.0,1696.0,8.3986,62.38
45.677,warmup,4952.0,1704.0,8.4382,62.19
45.777,warmup,4952.0,1704.0,8.4382,62.09
45.877,warmup,4952.0,1720.0,8.5174,62.03
45.977,warmup,4952.0,1720.0,8.5174,62.38
46.077,warmup,4952.0,1720.0,8.5174,62.06
46.178,warmup,4952.0,1720.0,8.5174,62.09
46.278,warmup,4952.0,1720.0,8.5174,62.44
46.378,warmup,4952.0,1712.0,8.4778,62.00
46.478,warmup,4952.0,1704.0,8.4382,62.16
46.578,warmup,4952.0,1704.0,8.4382,62.12
46.678,warmup,4952.0,1696.0,8.3986,61.97
46.778,warmup,4952.0,1696.0,8.3986,62.03
46.879,warmup,4952.0,1688.0,8.3590,62.00
46.979,warmup,4952.0,1688.0,8.3590,61.94
47.079,warmup,4952.0,1688.0,8.3590,62.06
47.179,warmup,4952.0,1704.0,8.4382,62.09
47.279,warmup,4952.0,1704.0,8.4382,62.41
47.379,warmup,4952.0,1720.0,8.5174,62.34
47.480,warmup,4952.0,1720.0,8.5174,62.25
47.580,warmup,4952.0,1720.0,8.5174,62.06
47.680,warmup,4952.0,1720.0,8.5174,62.41
47.780,warmup,4952.0,1728.0,8.5571,62.41
47.880,warmup,4952.0,1720.0,8.5174,62.19
47.981,warmup,4952.0,1720.0,8.5174,62.19
48.082,warmup,4952.0,1712.0,8.4778,62.28
48.182,warmup,4952.0,1704.0,8.4382,62.16
48.282,warmup,4952.0,1704.0,8.4382,62.16
48.383,warmup,4952.0,1696.0,8.3986,62.22
48.483,warmup,4952.0,1696.0,8.3986,62.22
48.583,warmup,4952.0,1688.0,8.3590,62.12
48.683,warmup,4952.0,1688.0,8.3590,62.25
48.783,warmup,4952.0,1688.0,8.3590,62.22
48.883,warmup,4952.0,1704.0,8.4382,62.25
48.983,warmup,4952.0,1704.0,8.4382,62.06
49.084,warmup,4952.0,1704.0,8.4382,62.38
49.184,warmup,4952.0,1704.0,8.4382,62.19
49.284,warmup,4952.0,1704.0,8.4382,62.22
49.384,warmup,4952.0,1712.0,8.4778,62.47
49.484,warmup,4952.0,1712.0,8.4778,62.25
49.584,warmup,4952.0,1720.0,8.5174,62.19
49.684,warmup,4952.0,1720.0,8.5174,62.31
49.785,warmup,4952.0,1720.0,8.5174,62.25
49.885,warmup,4952.0,1712.0,8.4778,62.44
49.985,warmup,4952.0,1712.0,8.4778,62.31
50.085,warmup,4952.0,1704.0,8.4382,62.44
50.185,warmup,4952.0,1704.0,8.4382,62.34
50.285,warmup,4952.0,1704.0,8.4382,62.31
50.386,warmup,4952.0,1696.0,8.3986,62.44
50.486,warmup,4952.0,1696.0,8.3986,62.28
50.586,warmup,4952.0,1696.0,8.3986,62.19
50.686,warmup,4952.0,1712.0,8.4778,62.22
50.786,warmup,4952.0,1712.0,8.4778,62.38
50.886,warmup,4952.0,1712.0,8.4778,62.12
50.986,warmup,4952.0,1712.0,8.4778,62.12
51.087,warmup,4952.0,1712.0,8.4778,62.56
51.187,warmup,4952.0,1728.0,8.5571,62.34
51.287,warmup,4952.0,1728.0,8.5571,62.28
51.387,warmup,4952.0,1728.0,8.5571,62.38
51.487,warmup,4952.0,1720.0,8.5174,62.47
51.587,warmup,4952.0,1712.0,8.4778,62.38
51.688,warmup,4952.0,1712.0,8.4778,62.34
51.788,warmup,4952.0,1704.0,8.4382,62.50
51.888,warmup,4952.0,1704.0,8.4382,62.31
51.988,warmup,4952.0,1704.0,8.4382,62.28
52.088,warmup,4952.0,1696.0,8.3986,62.12
52.188,warmup,4952.0,1696.0,8.3986,62.38
52.288,warmup,4952.0,1696.0,8.3986,62.25
52.389,warmup,4952.0,1696.0,8.3986,62.16
52.489,warmup,4952.0,1712.0,8.4778,62.50
52.589,warmup,4952.0,1712.0,8.4778,62.31
52.689,warmup,4952.0,1712.0,8.4778,62.22
52.789,warmup,4952.0,1712.0,8.4778,62.34
52.889,warmup,4952.0,1712.0,8.4778,62.25
52.989,warmup,4952.0,1712.0,8.4778,62.31
53.090,warmup,4952.0,1720.0,8.5174,62.44
53.190,warmup,4952.0,1728.0,8.5571,62.41
53.290,warmup,4952.0,1720.0,8.5174,62.50
53.390,warmup,4952.0,1720.0,8.5174,62.41
53.490,warmup,4952.0,1712.0,8.4778,62.53
53.590,warmup,4952.0,1704.0,8.4382,62.38
53.690,warmup,4952.0,1704.0,8.4382,62.38
53.791,warmup,4952.0,1696.0,8.3986,62.12
53.891,warmup,4952.0,1712.0,8.4778,62.56
53.991,warmup,4952.0,1712.0,8.4778,62.41
54.091,warmup,4952.0,1728.0,8.5571,62.41
54.191,warmup,4952.0,1728.0,8.5571,62.69
54.291,warmup,4952.0,1744.0,8.6363,62.44
54.392,warmup,4952.0,1736.0,8.5967,62.41
54.492,warmup,4952.0,1728.0,8.5571,62.44
54.592,warmup,4952.0,1720.0,8.5174,62.34
54.692,warmup,4952.0,1720.0,8.5174,62.31
54.792,warmup,4952.0,1712.0,8.4778,62.28
54.892,warmup,4952.0,1704.0,8.4382,62.28
54.992,warmup,4952.0,1704.0,8.4382,62.44
55.093,warmup,4952.0,1704.0,8.4382,62.38
55.193,warmup,4952.0,1704.0,8.4382,62.38
55.293,warmup,4952.0,1704.0,8.4382,62.53
55.393,warmup,4952.0,1704.0,8.4382,62.41
55.493,warmup,4952.0,1704.0,8.4382,62.38
55.593,warmup,4952.0,1704.0,8.4382,62.62
55.693,warmup,4952.0,1704.0,8.4382,62.50
55.794,warmup,4952.0,1704.0,8.4382,62.38
55.894,warmup,4952.0,1712.0,8.4778,62.47
55.994,warmup,4952.0,1712.0,8.4778,62.50
56.094,warmup,4952.0,1728.0,8.5571,62.50
56.194,warmup,4952.0,1720.0,8.5174,62.53
56.294,warmup,4952.0,1720.0,8.5174,62.41
56.395,warmup,4952.0,1712.0,8.4778,62.47
56.495,warmup,4952.0,1704.0,8.4382,62.38
56.595,warmup,4952.0,1704.0,8.4382,62.59
56.695,warmup,4952.0,1696.0,8.3986,62.44
56.795,warmup,4952.0,1696.0,8.3986,62.38
56.896,warmup,4952.0,1704.0,8.4382,62.41
56.996,warmup,4952.0,1704.0,8.4382,62.62
57.096,warmup,4952.0,1704.0,8.4382,62.44
57.196,warmup,4952.0,1704.0,8.4382,62.34
57.296,warmup,4952.0,1704.0,8.4382,62.75
57.397,warmup,4952.0,1712.0,8.4778,62.62
57.497,warmup,4952.0,1712.0,8.4778,62.38
57.597,warmup,4952.0,1712.0,8.4778,62.56
57.698,warmup,4952.0,1712.0,8.4778,62.50
57.798,warmup,4952.0,1712.0,8.4778,62.47
57.898,warmup,4952.0,1720.0,8.5174,62.56
57.998,warmup,4952.0,1720.0,8.5174,62.56
58.099,warmup,4952.0,1720.0,8.5174,62.72
58.199,warmup,4952.0,1712.0,8.4778,62.69
58.299,warmup,4952.0,1712.0,8.4778,62.78
58.399,warmup,4952.0,1712.0,8.4778,62.75
58.499,warmup,4952.0,1712.0,8.4778,62.50
58.600,warmup,4952.0,1704.0,8.4382,62.31
58.700,warmup,4952.0,1696.0,8.3986,62.66
58.800,warmup,4952.0,1704.0,8.4382,62.44
58.900,warmup,4952.0,1704.0,8.4382,62.38
59.000,warmup,4952.0,1712.0,8.4778,62.84
59.100,warmup,4952.0,1720.0,8.5174,62.50
59.201,warmup,4952.0,1728.0,8.5571,62.50
59.301,warmup,4952.0,1736.0,8.5967,62.66
59.401,warmup,4952.0,1736.0,8.5967,62.59
59.501,warmup,4952.0,1728.0,8.5571,62.66
59.601,warmup,4952.0,1720.0,8.5174,62.50
59.701,warmup,4952.0,1720.0,8.5174,62.44
59.801,warmup,4952.0,1712.0,8.4778,62.56
59.902,warmup,4952.0,1704.0,8.4382,62.50
60.002,warmup,4952.0,1720.0,8.5174,62.44
60.102,warmup,4952.0,1712.0,8.4778,62.66
60.202,warmup,4952.0,1712.0,8.4778,62.59
60.302,warmup,4952.0,1712.0,8.4778,62.38
60.402,measure,4952.0,1712.0,8.4778,62.78
60.502,measure,4952.0,1712.0,8.4778,62.69
60.603,measure,4952.0,1712.0,8.4778,62.53
60.703,measure,4952.0,1728.0,8.5571,62.50
60.803,measure,4952.0,1728.0,8.5571,62.56
60.904,measure,4952.0,1728.0,8.5571,62.62
61.004,measure,4952.0,1720.0,8.5174,62.50
61.104,measure,4952.0,1712.0,8.4778,62.47
61.204,measure,4952.0,1712.0,8.4778,62.59
61.305,measure,4952.0,1704.0,8.4382,62.53
61.405,measure,4952.0,1704.0,8.4382,62.75
61.505,measure,4952.0,1704.0,8.4382,62.66
61.605,measure,4952.0,1696.0,8.3986,62.53
61.705,measure,4952.0,1696.0,8.3986,62.47
61.805,measure,4952.0,1704.0,8.4382,62.66
61.905,measure,4952.0,1696.0,8.3986,62.59
62.005,measure,4952.0,1704.0,8.4382,62.41
62.106,measure,4952.0,1704.0,8.4382,62.84
62.206,measure,4952.0,1704.0,8.4382,62.56
62.306,measure,4952.0,1712.0,8.4778,62.50
62.406,measure,4952.0,1712.0,8.4778,62.62
62.506,measure,4952.0,1712.0,8.4778,62.59
62.606,measure,4952.0,1712.0,8.4778,62.81
62.706,measure,4952.0,1712.0,8.4778,62.69
62.807,measure,4952.0,1712.0,8.4778,62.62
62.907,measure,4952.0,1712.0,8.4778,62.78
63.007,measure,4952.0,1712.0,8.4778,62.69
63.107,measure,4952.0,1704.0,8.4382,62.59
63.207,measure,4952.0,1704.0,8.4382,62.75
63.307,measure,4952.0,1696.0,8.3986,62.56
63.408,measure,4952.0,1696.0,8.3986,62.38
63.508,measure,4952.0,1696.0,8.3986,62.78
63.608,measure,4952.0,1688.0,8.3590,62.62
63.708,measure,4952.0,1688.0,8.3590,62.44
63.808,measure,4952.0,1688.0,8.3590,62.44
63.908,measure,4952.0,1696.0,8.3986,62.50
64.008,measure,4952.0,1696.0,8.3986,62.47
64.109,measure,4952.0,1704.0,8.4382,62.62
64.209,measure,4952.0,1712.0,8.4778,62.62
64.309,measure,4952.0,1712.0,8.4778,62.59
64.409,measure,4952.0,1712.0,8.4778,62.75
64.509,measure,4952.0,1720.0,8.5174,62.75
64.609,measure,4952.0,1728.0,8.5571,62.97
64.709,measure,4952.0,1728.0,8.5571,62.84
64.810,measure,4952.0,1720.0,8.5174,62.81
64.910,measure,4952.0,1720.0,8.5174,62.81
65.010,measure,4952.0,1712.0,8.4778,62.78
65.110,measure,4952.0,1704.0,8.4382,62.41
65.210,measure,4952.0,1704.0,8.4382,62.84
65.310,measure,4952.0,1696.0,8.3986,62.75
65.411,measure,4952.0,1704.0,8.4382,62.56
65.511,measure,4952.0,1704.0,8.4382,62.53
65.611,measure,4952.0,1704.0,8.4382,62.50
65.711,measure,4952.0,1704.0,8.4382,62.53
65.811,measure,4952.0,1704.0,8.4382,62.69
65.911,measure,4952.0,1712.0,8.4778,62.69
66.011,measure,4952.0,1704.0,8.4382,62.69
66.112,measure,4952.0,1712.0,8.4778,62.84
66.212,measure,4952.0,1728.0,8.5571,62.84
66.312,measure,4952.0,1728.0,8.5571,63.00
66.412,measure,4952.0,1728.0,8.5571,62.84
66.512,measure,4952.0,1720.0,8.5174,62.78
66.612,measure,4952.0,1720.0,8.5174,62.94
66.713,measure,4952.0,1712.0,8.4778,62.81
66.813,measure,4952.0,1712.0,8.4778,62.66
66.913,measure,4952.0,1704.0,8.4382,62.53
67.013,measure,4952.0,1712.0,8.4778,62.78
67.113,measure,4952.0,1712.0,8.4778,62.59
67.213,measure,4952.0,1720.0,8.5174,62.62
67.314,measure,4952.0,1720.0,8.5174,62.69
67.414,measure,4952.0,1720.0,8.5174,62.69
67.514,measure,4952.0,1728.0,8.5571,62.97
67.614,measure,4952.0,1728.0,8.5571,62.88
67.714,measure,4952.0,1728.0,8.5571,63.00
67.815,measure,4952.0,1720.0,8.5174,62.84
67.915,measure,4952.0,1712.0,8.4778,62.81
68.015,measure,4952.0,1712.0,8.4778,63.00
68.115,measure,4952.0,1704.0,8.4382,62.84
68.215,measure,4952.0,1704.0,8.4382,62.75
68.316,measure,4952.0,1696.0,8.3986,63.00
68.416,measure,4952.0,1696.0,8.3986,62.84
68.516,measure,4952.0,1696.0,8.3986,62.56
68.616,measure,4952.0,1688.0,8.3590,62.56
68.716,measure,4952.0,1688.0,8.3590,62.84
68.816,measure,4952.0,1688.0,8.3590,62.53
68.916,measure,4952.0,1688.0,8.3590,62.62
69.017,measure,4952.0,1688.0,8.3590,62.75
69.117,measure,4952.0,1688.0,8.3590,62.72
69.217,measure,4952.0,1688.0,8.3590,62.78
69.317,measure,4952.0,1688.0,8.3590,62.69
69.417,measure,4952.0,1696.0,8.3986,62.66
69.517,measure,4952.0,1712.0,8.4778,62.94
69.617,measure,4952.0,1712.0,8.4778,62.88
69.718,measure,4952.0,1712.0,8.4778,63.06
69.818,measure,4952.0,1728.0,8.5571,63.06
69.918,measure,4952.0,1728.0,8.5571,63.00
70.018,measure,4952.0,1720.0,8.5174,62.75
70.118,measure,4952.0,1712.0,8.4778,62.75
70.219,measure,4952.0,1712.0,8.4778,62.75
70.319,measure,4952.0,1704.0,8.4382,62.75
70.420,measure,4952.0,1704.0,8.4382,62.72
70.520,measure,4952.0,1704.0,8.4382,62.66
70.620,measure,4952.0,1704.0,8.4382,62.84
70.720,measure,4952.0,1704.0,8.4382,62.72
70.820,measure,4952.0,1720.0,8.5174,62.78
70.920,measure,4952.0,1712.0,8.4778,62.84
71.020,measure,4952.0,1712.0,8.4778,62.84
71.121,measure,4952.0,1720.0,8.5174,63.06
71.221,measure,4952.0,1712.0,8.4778,63.06
71.321,measure,4952.0,1720.0,8.5174,62.84
71.421,measure,4952.0,1720.0,8.5174,63.19
71.521,measure,4952.0,1720.0,8.5174,63.06
71.621,measure,4952.0,1720.0,8.5174,63.00
71.721,measure,4952.0,1720.0,8.5174,62.84
71.821,measure,4952.0,1720.0,8.5174,63.16
71.922,measure,4952.0,1720.0,8.5174,62.84
72.022,measure,4952.0,1712.0,8.4778,62.75
72.122,measure,4952.0,1712.0,8.4778,62.72
72.222,measure,4952.0,1704.0,8.4382,62.69
72.322,measure,4952.0,1712.0,8.4778,62.84
72.423,measure,4952.0,1712.0,8.4778,62.78
72.523,measure,4952.0,1704.0,8.4382,62.72
72.623,measure,4952.0,1720.0,8.5174,62.97
72.723,measure,4952.0,1720.0,8.5174,62.91
72.823,measure,4952.0,1720.0,8.5174,63.12
72.923,measure,4952.0,1720.0,8.5174,63.00
73.023,measure,4952.0,1720.0,8.5174,62.94
73.124,measure,4952.0,1720.0,8.5174,63.28
73.224,measure,4952.0,1720.0,8.5174,63.16
73.324,measure,4952.0,1720.0,8.5174,63.09
73.424,measure,4952.0,1720.0,8.5174,62.84
73.524,measure,4952.0,1712.0,8.4778,63.19
73.624,measure,4952.0,1712.0,8.4778,62.84
73.725,measure,4952.0,1704.0,8.4382,62.97
73.825,measure,4952.0,1704.0,8.4382,62.91
73.926,measure,4952.0,1696.0,8.3986,63.03
74.026,measure,4952.0,1696.0,8.3986,63.03
74.126,measure,4952.0,1696.0,8.3986,62.97
74.227,measure,4952.0,1696.0,8.3986,63.00
74.327,measure,4952.0,1688.0,8.3590,62.94
74.427,measure,4952.0,1688.0,8.3590,62.84
74.527,measure,4952.0,1688.0,8.3590,63.00
74.627,measure,4952.0,1688.0,8.3590,62.91
74.727,measure,4952.0,1688.0,8.3590,62.81
74.827,measure,4952.0,1688.0,8.3590,62.75
74.928,measure,4952.0,1688.0,8.3590,62.97
75.028,measure,4952.0,1696.0,8.3986,62.75
75.128,measure,4952.0,1696.0,8.3986,62.75
75.228,measure,4952.0,1696.0,8.3986,62.84
75.328,measure,4952.0,1704.0,8.4382,62.84
75.428,measure,4952.0,1704.0,8.4382,62.91
75.528,measure,4952.0,1712.0,8.4778,63.00
75.629,measure,4952.0,1712.0,8.4778,63.00
75.729,measure,4952.0,1712.0,8.4778,63.03
75.829,measure,4952.0,1712.0,8.4778,63.06
75.929,measure,4952.0,1712.0,8.4778,63.19
76.029,measure,4952.0,1712.0,8.4778,63.16
76.129,measure,4952.0,1720.0,8.5174,63.12
76.230,measure,4952.0,1720.0,8.5174,63.28
76.330,measure,4952.0,1720.0,8.5174,63.03
76.430,measure,4952.0,1712.0,8.4778,62.75
76.530,measure,4952.0,1704.0,8.4382,62.84
76.630,measure,4952.0,1696.0,8.3986,63.03
76.730,measure,4952.0,1696.0,8.3986,62.75
76.830,measure,4952.0,1688.0,8.3590,62.78
76.931,measure,4952.0,1688.0,8.3590,62.78
77.031,measure,4952.0,1688.0,8.3590,62.78
77.131,measure,4952.0,1696.0,8.3986,62.91
77.231,measure,4952.0,1696.0,8.3986,62.91
77.331,measure,4952.0,1704.0,8.4382,62.84
77.431,measure,4952.0,1696.0,8.3986,63.00
77.532,measure,4952.0,1704.0,8.4382,62.97
77.632,measure,4952.0,1704.0,8.4382,63.16
77.732,measure,4952.0,1704.0,8.4382,63.16
77.832,measure,4952.0,1712.0,8.4778,63.12
77.932,measure,4952.0,1728.0,8.5571,63.03
78.032,measure,4952.0,1728.0,8.5571,63.19
78.132,measure,4952.0,1728.0,8.5571,62.97
78.232,measure,4952.0,1720.0,8.5174,62.84
78.333,measure,4952.0,1712.0,8.4778,63.22
78.433,measure,4952.0,1704.0,8.4382,62.88
78.533,measure,4952.0,1704.0,8.4382,62.84
78.633,measure,4952.0,1704.0,8.4382,62.84
78.733,measure,4952.0,1712.0,8.4778,62.88
78.833,measure,4952.0,1704.0,8.4382,62.78
78.933,measure,4952.0,1704.0,8.4382,62.94
79.034,measure,4952.0,1704.0,8.4382,62.91
79.134,measure,4952.0,1712.0,8.4778,63.09
79.234,measure,4952.0,1704.0,8.4382,63.00
79.334,measure,4952.0,1704.0,8.4382,63.31
79.434,measure,4952.0,1712.0,8.4778,63.16
79.534,measure,4952.0,1712.0,8.4778,63.12
79.634,measure,4952.0,1720.0,8.5174,62.94
79.735,measure,4952.0,1720.0,8.5174,63.25
79.835,measure,4952.0,1720.0,8.5174,63.25
79.935,measure,4952.0,1712.0,8.4778,62.94
80.036,measure,4952.0,1712.0,8.4778,63.03
80.136,measure,4952.0,1712.0,8.4778,63.00
80.237,measure,4952.0,1704.0,8.4382,63.03
80.337,measure,4952.0,1704.0,8.4382,63.03
80.437,measure,4952.0,1704.0,8.4382,62.94
80.537,measure,4952.0,1696.0,8.3986,62.97
80.637,measure,4952.0,1696.0,8.3986,62.97
80.737,measure,4952.0,1696.0,8.3986,63.12
80.838,measure,4952.0,1696.0,8.3986,62.94
80.938,measure,4952.0,1696.0,8.3986,63.03
81.038,measure,4952.0,1696.0,8.3986,62.91
81.138,measure,4952.0,1704.0,8.4382,63.19
81.238,measure,4952.0,1704.0,8.4382,63.00
81.338,measure,4952.0,1704.0,8.4382,62.97
81.438,measure,4952.0,1704.0,8.4382,63.25
81.539,measure,4952.0,1704.0,8.4382,63.06
81.639,measure,4952.0,1712.0,8.4778,63.00
81.739,measure,4952.0,1712.0,8.4778,63.12
81.839,measure,4952.0,1712.0,8.4778,63.03
81.939,measure,4952.0,1720.0,8.5174,63.31
82.039,measure,4952.0,1720.0,8.5174,63.22
82.140,measure,4952.0,1720.0,8.5174,63.12
82.240,measure,4952.0,1712.0,8.4778,63.16
82.340,measure,4952.0,1712.0,8.4778,63.03
82.440,measure,4952.0,1704.0,8.4382,63.25
82.540,measure,4952.0,1704.0,8.4382,63.12
82.641,measure,4952.0,1696.0,8.3986,63.00
82.741,measure,4952.0,1696.0,8.3986,62.84
82.841,measure,4952.0,1688.0,8.3590,63.22
82.941,measure,4952.0,1688.0,8.3590,62.84
83.041,measure,4952.0,1688.0,8.3590,63.03
83.141,measure,4952.0,1696.0,8.3986,63.16
83.242,measure,4952.0,1696.0,8.3986,62.94
83.342,measure,4952.0,1704.0,8.4382,62.94
83.442,measure,4952.0,1704.0,8.4382,63.16
83.542,measure,4952.0,1704.0,8.4382,63.06
83.642,measure,4952.0,1712.0,8.4778,63.25
83.742,measure,4952.0,1712.0,8.4778,63.16
83.842,measure,4952.0,1720.0,8.5174,63.12
83.943,measure,4952.0,1720.0,8.5174,63.34
84.043,measure,4952.0,1720.0,8.5174,63.28
84.143,measure,4952.0,1720.0,8.5174,63.16
84.243,measure,4952.0,1720.0,8.5174,63.31
84.343,measure,4952.0,1712.0,8.4778,63.00
84.444,measure,4952.0,1712.0,8.4778,63.12
84.544,measure,4952.0,1704.0,8.4382,63.44
84.644,measure,4952.0,1704.0,8.4382,63.03
84.744,measure,4952.0,1704.0,8.4382,63.09
84.845,measure,4952.0,1704.0,8.4382,62.97
84.945,measure,4952.0,1696.0,8.3986,63.00
85.045,measure,4952.0,1696.0,8.3986,63.09
85.145,measure,4952.0,1688.0,8.3590,63.03
85.245,measure,4952.0,1688.0,8.3590,62.94
85.345,measure,4952.0,1704.0,8.4382,63.22
85.445,measure,4952.0,1704.0,8.4382,63.09
85.546,measure,4952.0,1704.0,8.4382,63.34
85.646,measure,4952.0,1712.0,8.4778,63.34
85.746,measure,4952.0,1720.0,8.5174,63.22
85.846,measure,4952.0,1728.0,8.5571,63.09
85.946,measure,4952.0,1728.0,8.5571,63.34
86.046,measure,4952.0,1720.0,8.5174,63.31
86.146,measure,4952.0,1728.0,8.5571,63.16
86.247,measure,4952.0,1720.0,8.5174,63.44
86.347,measure,4952.0,1712.0,8.4778,63.16
86.447,measure,4952.0,1712.0,8.4778,63.09
86.548,measure,4952.0,1704.0,8.4382,63.12
86.648,measure,4952.0,1704.0,8.4382,63.12
86.748,measure,4952.0,1704.0,8.4382,63.16
86.848,measure,4952.0,1696.0,8.3986,63.09
86.948,measure,4952.0,1696.0,8.3986,63.28
87.048,measure,4952.0,1696.0,8.3986,63.19
87.148,measure,4952.0,1688.0,8.3590,63.06
87.249,measure,4952.0,1696.0,8.3986,63.34
87.349,measure,4952.0,1696.0,8.3986,63.16
87.449,measure,4952.0,1696.0,8.3986,63.12
87.549,measure,4952.0,1696.0,8.3986,62.97
87.649,measure,4952.0,1696.0,8.3986,63.34
87.749,measure,4952.0,1712.0,8.4778,63.22
87.849,measure,4952.0,1712.0,8.4778,63.09
87.950,measure,4952.0,1720.0,8.5174,63.03
88.050,measure,4952.0,1736.0,8.5967,63.19
88.150,measure,4952.0,1728.0,8.5571,63.12
88.250,measure,4952.0,1720.0,8.5174,63.25
88.350,measure,4952.0,1712.0,8.4778,63.31
88.450,measure,4952.0,1712.0,8.4778,63.34
88.550,measure,4952.0,1712.0,8.4778,63.16
88.651,measure,4952.0,1704.0,8.4382,63.38
88.751,measure,4952.0,1704.0,8.4382,63.34
88.851,measure,4952.0,1704.0,8.4382,63.25
88.951,measure,4952.0,1696.0,8.3986,63.22
89.051,measure,4952.0,1696.0,8.3986,63.25
89.151,measure,4952.0,1696.0,8.3986,63.16
89.251,measure,4952.0,1688.0,8.3590,62.94
89.352,measure,4952.0,1688.0,8.3590,63.34
89.452,measure,4952.0,1688.0,8.3590,63.25
89.552,measure,4952.0,1688.0,8.3590,63.16
89.652,measure,4952.0,1688.0,8.3590,63.06
89.752,measure,4952.0,1688.0,8.3590,63.06
89.852,measure,4952.0,1696.0,8.3986,62.97
89.952,measure,4952.0,1696.0,8.3986,63.09
90.052,measure,4952.0,1696.0,8.3986,63.09
90.153,measure,4952.0,1696.0,8.3986,63.00
90.253,measure,4952.0,1704.0,8.4382,63.25
90.353,measure,4952.0,1720.0,8.5174,63.28
90.453,measure,4952.0,1720.0,8.5174,63.38
90.553,measure,4952.0,1720.0,8.5174,63.28
90.653,measure,4952.0,1720.0,8.5174,63.31
90.753,measure,4952.0,1712.0,8.4778,63.47
90.854,measure,4952.0,1720.0,8.5174,63.34
90.954,measure,4952.0,1720.0,8.5174,63.28
91.054,measure,4952.0,1720.0,8.5174,63.66
91.154,measure,4952.0,1712.0,8.4778,63.22
91.254,measure,4952.0,1712.0,8.4778,63.19
91.354,measure,4952.0,1704.0,8.4382,63.28
91.455,measure,4952.0,1704.0,8.4382,63.16
91.555,measure,4952.0,1704.0,8.4382,63.16
91.655,measure,4952.0,1704.0,8.4382,63.22
91.755,measure,4952.0,1696.0,8.3986,63.16
91.855,measure,4952.0,1696.0,8.3986,63.22
91.955,measure,4952.0,1704.0,8.4382,63.09
92.055,measure,4952.0,1720.0,8.5174,63.25
92.156,measure,4952.0,1720.0,8.5174,63.44
92.256,measure,4952.0,1720.0,8.5174,63.34
92.356,measure,4952.0,1712.0,8.4778,63.31
92.456,measure,4952.0,1720.0,8.5174,63.47
92.556,measure,4952.0,1712.0,8.4778,63.34
92.656,measure,4952.0,1728.0,8.5571,63.41
92.756,measure,4952.0,1728.0,8.5571,63.28
92.857,measure,4952.0,1728.0,8.5571,63.53
92.957,measure,4952.0,1720.0,8.5174,63.16
93.057,measure,4952.0,1712.0,8.4778,63.16
93.157,measure,4952.0,1712.0,8.4778,63.22
93.257,measure,4952.0,1704.0,8.4382,63.25
93.357,measure,4952.0,1696.0,8.3986,63.22
93.457,measure,4952.0,1696.0,8.3986,63.16
93.557,measure,4952.0,1696.0,8.3986,63.06
93.658,measure,4952.0,1688.0,8.3590,63.25
93.758,measure,4952.0,1688.0,8.3590,63.16
93.858,measure,4952.0,1688.0,8.3590,63.09
93.958,measure,4952.0,1688.0,8.3590,63.16
94.058,measure,4952.0,1704.0,8.4382,63.19
94.158,measure,4952.0,1704.0,8.4382,63.50
94.258,measure,4952.0,1720.0,8.5174,63.44
94.359,measure,4952.0,1720.0,8.5174,63.28
94.459,measure,4952.0,1720.0,8.5174,63.28
94.559,measure,4952.0,1720.0,8.5174,63.50
94.659,measure,4952.0,1736.0,8.5967,63.31
94.759,measure,4952.0,1728.0,8.5571,63.34
94.859,measure,4952.0,1720.0,8.5174,63.28
94.960,measure,4952.0,1720.0,8.5174,63.16
95.060,measure,4952.0,1712.0,8.4778,63.25
95.160,measure,4952.0,1704.0,8.4382,63.19
95.260,measure,4952.0,1712.0,8.4778,63.16
95.360,measure,4952.0,1712.0,8.4778,63.28
95.460,measure,4952.0,1712.0,8.4778,63.19
95.560,measure,4952.0,1712.0,8.4778,63.19
95.661,measure,4952.0,1712.0,8.4778,63.34
95.761,measure,4952.0,1712.0,8.4778,63.34
95.861,measure,4952.0,1712.0,8.4778,63.22
95.961,measure,4952.0,1712.0,8.4778,63.53
96.061,measure,4952.0,1720.0,8.5174,63.38
96.161,measure,4952.0,1720.0,8.5174,63.28
96.261,measure,4952.0,1736.0,8.5967,63.69
96.362,measure,4952.0,1728.0,8.5571,63.34
96.462,measure,4952.0,1720.0,8.5174,63.34
96.562,measure,4952.0,1712.0,8.4778,63.38
96.662,measure,4952.0,1712.0,8.4778,63.34
96.762,measure,4952.0,1712.0,8.4778,63.34
96.862,measure,4952.0,1704.0,8.4382,63.31
96.962,measure,4952.0,1704.0,8.4382,63.28
97.063,measure,4952.0,1704.0,8.4382,63.28
97.163,measure,4952.0,1704.0,8.4382,63.22
97.263,measure,4952.0,1696.0,8.3986,63.16
97.363,measure,4952.0,1712.0,8.4778,63.50
97.463,measure,4952.0,1712.0,8.4778,63.34
97.563,measure,4952.0,1728.0,8.5571,63.34
97.663,measure,4952.0,1720.0,8.5174,63.53
97.764,measure,4952.0,1736.0,8.5967,63.59
97.864,measure,4952.0,1736.0,8.5967,63.31
97.965,measure,4952.0,1736.0,8.5967,63.72
98.065,measure,4952.0,1728.0,8.5571,63.28
98.165,measure,4952.0,1720.0,8.5174,63.25
98.265,measure,4952.0,1712.0,8.4778,63.25
98.365,measure,4952.0,1704.0,8.4382,63.22
98.465,measure,4952.0,1704.0,8.4382,63.16
98.565,measure,4952.0,1704.0,8.4382,63.31
98.666,measure,4952.0,1704.0,8.4382,63.19
98.766,measure,4952.0,1704.0,8.4382,63.34
98.866,measure,4952.0,1704.0,8.4382,63.31
98.966,measure,4952.0,1704.0,8.4382,63.28
99.066,measure,4952.0,1704.0,8.4382,63.47
99.166,measure,4952.0,1704.0,8.4382,63.41
99.266,measure,4952.0,1704.0,8.4382,63.28
99.367,measure,4952.0,1712.0,8.4778,63.56
99.467,measure,4952.0,1712.0,8.4778,63.41
99.567,measure,4952.0,1712.0,8.4778,63.28
99.667,measure,4952.0,1720.0,8.5174,63.28
99.767,measure,4952.0,1720.0,8.5174,63.38
99.867,measure,4952.0,1728.0,8.5571,63.34
99.967,measure,4952.0,1728.0,8.5571,63.41
100.068,measure,4952.0,1728.0,8.5571,63.38
100.168,measure,4952.0,1720.0,8.5174,63.47
100.269,measure,4952.0,1712.0,8.4778,63.50
100.369,measure,4952.0,1712.0,8.4778,63.59
100.469,measure,4952.0,1712.0,8.4778,63.38
100.569,measure,4952.0,1704.0,8.4382,63.31
100.670,measure,4952.0,1696.0,8.3986,63.19
100.770,measure,4952.0,1696.0,8.3986,63.44
100.870,measure,4952.0,1696.0,8.3986,63.34
100.970,measure,4952.0,1704.0,8.4382,63.16
101.070,measure,4952.0,1696.0,8.3986,63.47
101.171,measure,4952.0,1704.0,8.4382,63.28
101.271,measure,4952.0,1704.0,8.4382,63.25
101.371,measure,4952.0,1712.0,8.4778,63.44
101.471,measure,4952.0,1720.0,8.5174,63.34
101.571,measure,4952.0,1728.0,8.5571,63.50
101.672,measure,4952.0,1720.0,8.5174,63.44
101.772,measure,4952.0,1728.0,8.5571,63.75
101.872,measure,4952.0,1720.0,8.5174,63.59
101.973,measure,4952.0,1720.0,8.5174,63.34
102.073,measure,4952.0,1712.0,8.4778,63.31
102.174,measure,4952.0,1712.0,8.4778,63.62
102.274,measure,4952.0,1704.0,8.4382,63.28
102.374,measure,4952.0,1704.0,8.4382,63.31
102.474,measure,4952.0,1704.0,8.4382,63.31
102.574,measure,4952.0,1696.0,8.3986,63.28
102.675,measure,4952.0,1696.0,8.3986,63.34
102.775,measure,4952.0,1688.0,8.3590,63.28
102.875,measure,4952.0,1696.0,8.3986,63.25
102.975,measure,4952.0,1696.0,8.3986,63.38
103.075,measure,4952.0,1704.0,8.4382,63.31
103.175,measure,4952.0,1704.0,8.4382,63.59
103.275,measure,4952.0,1704.0,8.4382,63.47
103.376,measure,4952.0,1704.0,8.4382,63.41
103.476,measure,4952.0,1704.0,8.4382,63.66
103.576,measure,4952.0,1704.0,8.4382,63.59
103.676,measure,4952.0,1720.0,8.5174,63.50
103.777,measure,4952.0,1728.0,8.5571,63.44
103.877,measure,4952.0,1728.0,8.5571,63.66
103.977,measure,4952.0,1720.0,8.5174,63.44
104.077,measure,4952.0,1720.0,8.5174,63.47
104.178,measure,4952.0,1712.0,8.4778,63.41
104.278,measure,4952.0,1712.0,8.4778,63.41
104.378,measure,4952.0,1704.0,8.4382,63.44
104.479,measure,4952.0,1704.0,8.4382,63.34
104.579,measure,4952.0,1704.0,8.4382,63.50
104.679,measure,4952.0,1712.0,8.4778,63.50
104.779,measure,4952.0,1712.0,8.4778,63.38
104.879,measure,4952.0,1712.0,8.4778,63.62
104.979,measure,4952.0,1728.0,8.5571,63.62
105.079,measure,4952.0,1728.0,8.5571,63.56
105.180,measure,4952.0,1744.0,8.6363,63.84
105.280,measure,4952.0,1744.0,8.6363,63.66
105.380,measure,4952.0,1736.0,8.5967,63.38
105.480,measure,4952.0,1728.0,8.5571,63.44
105.580,measure,4952.0,1720.0,8.5174,63.44
105.680,measure,4952.0,1720.0,8.5174,63.34
105.781,measure,4952.0,1712.0,8.4778,63.34
105.881,measure,4952.0,1712.0,8.4778,63.34
105.981,measure,4952.0,1704.0,8.4382,63.47
106.081,measure,4952.0,1704.0,8.4382,63.41
106.181,measure,4952.0,1696.0,8.3986,63.34
106.281,measure,4952.0,1696.0,8.3986,63.53
106.381,measure,4952.0,1696.0,8.3986,63.34
106.482,measure,4952.0,1696.0,8.3986,63.38
106.582,measure,4952.0,1696.0,8.3986,63.66
106.682,measure,4952.0,1704.0,8.4382,63.53
106.782,measure,4952.0,1704.0,8.4382,63.34
106.882,measure,4952.0,1704.0,8.4382,63.34
106.982,measure,4952.0,1704.0,8.4382,63.72
107.083,measure,4952.0,1712.0,8.4778,63.44
107.183,measure,4952.0,1712.0,8.4778,63.38
107.283,measure,4952.0,1720.0,8.5174,63.47
107.383,measure,4952.0,1720.0,8.5174,63.41
107.483,measure,4952.0,1720.0,8.5174,63.41
107.583,measure,4952.0,1720.0,8.5174,63.56
107.683,measure,4952.0,1720.0,8.5174,63.69
107.784,measure,4952.0,1712.0,8.4778,63.59
107.884,measure,4952.0,1712.0,8.4778,63.53
107.984,measure,4952.0,1704.0,8.4382,63.62
108.084,measure,4952.0,1704.0,8.4382,63.50
108.184,measure,4952.0,1704.0,8.4382,63.44
108.285,measure,4952.0,1696.0,8.3986,63.62
108.385,measure,4952.0,1696.0,8.3986,63.47
108.485,measure,4952.0,1696.0,8.3986,63.41
108.585,measure,4952.0,1696.0,8.3986,63.25
108.685,measure,4952.0,1696.0,8.3986,63.53
108.786,measure,4952.0,1704.0,8.4382,63.34
108.886,measure,4952.0,1704.0,8.4382,63.31
108.986,measure,4952.0,1704.0,8.4382,63.44
109.086,measure,4952.0,1712.0,8.4778,63.44
109.186,measure,4952.0,1720.0,8.5174,63.62
109.286,measure,4952.0,1736.0,8.5967,63.59
109.386,measure,4952.0,1736.0,8.5967,63.75
109.487,measure,4952.0,1728.0,8.5571,63.72
109.587,measure,4952.0,1720.0,8.5174,63.59
109.687,measure,4952.0,1720.0,8.5174,63.78
109.787,measure,4952.0,1720.0,8.5174,63.50
109.887,measure,4952.0,1712.0,8.4778,63.50
109.987,measure,4952.0,1704.0,8.4382,63.28
110.087,measure,4952.0,1704.0,8.4382,63.62
110.188,measure,4952.0,1696.0,8.3986,63.47
110.288,measure,4952.0,1704.0,8.4382,63.34
110.388,measure,4952.0,1704.0,8.4382,63.62
110.488,measure,4952.0,1704.0,8.4382,63.41
110.589,measure,4952.0,1712.0,8.4778,63.50
110.689,measure,4952.0,1712.0,8.4778,63.47
110.789,measure,4952.0,1712.0,8.4778,63.50
110.890,measure,4952.0,1712.0,8.4778,63.59
110.990,measure,4952.0,1712.0,8.4778,63.59
111.090,measure,4952.0,1720.0,8.5174,63.88
111.190,measure,4952.0,1720.0,8.5174,63.69
111.290,measure,4952.0,1720.0,8.5174,63.59
111.391,measure,4952.0,1720.0,8.5174,63.84
111.491,measure,4952.0,1720.0,8.5174,63.78
111.591,measure,4952.0,1720.0,8.5174,63.41
111.691,measure,4952.0,1712.0,8.4778,63.34
111.791,measure,4952.0,1712.0,8.4778,63.72
111.891,measure,4952.0,1704.0,8.4382,63.34
111.991,measure,4952.0,1712.0,8.4778,63.50
112.092,measure,4952.0,1712.0,8.4778,63.47
112.192,measure,4952.0,1712.0,8.4778,63.41
112.292,measure,4952.0,1712.0,8.4778,63.53
112.392,measure,4952.0,1712.0,8.4778,63.47
112.492,measure,4952.0,1712.0,8.4778,63.47
112.593,measure,4952.0,1728.0,8.5571,63.69
112.693,measure,4952.0,1736.0,8.5967,63.69
112.793,measure,4952.0,1736.0,8.5967,63.88
112.893,measure,4952.0,1728.0,8.5571,63.84
112.993,measure,4952.0,1728.0,8.5571,63.69
113.093,measure,4952.0,1720.0,8.5174,63.41
113.193,measure,4952.0,1712.0,8.4778,63.72
113.294,measure,4952.0,1712.0,8.4778,63.34
113.394,measure,4952.0,1704.0,8.4382,63.44
113.494,measure,4952.0,1704.0,8.4382,63.72
113.595,measure,4952.0,1696.0,8.3986,63.38
113.695,measure,4952.0,1696.0,8.3986,63.44
113.795,measure,4952.0,1696.0,8.3986,63.41
113.896,measure,4952.0,1704.0,8.4382,63.66
113.996,measure,4952.0,1704.0,8.4382,63.56
114.096,measure,4952.0,1704.0,8.4382,63.53
114.196,measure,4952.0,1712.0,8.4778,63.75
114.296,measure,4952.0,1712.0,8.4778,63.62
114.397,measure,4952.0,1712.0,8.4778,63.66
114.497,measure,4952.0,1720.0,8.5174,63.81
114.597,measure,4952.0,1720.0,8.5174,63.72
114.697,measure,4952.0,1728.0,8.5571,63.72
114.797,measure,4952.0,1728.0,8.5571,63.53
114.898,measure,4952.0,1720.0,8.5174,63.59
114.998,measure,4952.0,1720.0,8.5174,63.66
115.098,measure,4952.0,1712.0,8.4778,63.50
115.198,measure,4952.0,1712.0,8.4778,63.41
115.298,measure,4952.0,1712.0,8.4778,63.44
115.399,measure,4952.0,1704.0,8.4382,63.50
115.499,measure,4952.0,1712.0,8.4778,63.53
115.599,measure,4952.0,1712.0,8.4778,63.66
115.699,measure,4952.0,1720.0,8.5174,63.66
115.799,measure,4952.0,1720.0,8.5174,63.62
115.900,measure,4952.0,1736.0,8.5967,63.91
116.000,measure,4952.0,1736.0,8.5967,63.78
116.100,measure,4952.0,1736.0,8.5967,63.59
116.200,measure,4952.0,1736.0,8.5967,63.53
116.300,measure,4952.0,1728.0,8.5571,63.59
116.401,measure,4952.0,1720.0,8.5174,63.53
116.501,measure,4952.0,1720.0,8.5174,63.53
116.601,measure,4952.0,1712.0,8.4778,63.50
116.701,measure,4952.0,1704.0,8.4382,63.53
116.801,measure,4952.0,1704.0,8.4382,63.59
116.901,measure,4952.0,1696.0,8.3986,63.53
117.002,measure,4952.0,1712.0,8.4778,63.75
117.102,measure,4952.0,1712.0,8.4778,63.53
117.202,measure,4952.0,1720.0,8.5174,63.53
117.302,measure,4952.0,1720.0,8.5174,63.81
117.402,measure,4952.0,1720.0,8.5174,63.62
117.502,measure,4952.0,1720.0,8.5174,63.62
117.602,measure,4952.0,1736.0,8.5967,64.00
117.703,measure,4952.0,1736.0,8.5967,63.84
117.803,measure,4952.0,1736.0,8.5967,63.62
117.903,measure,4952.0,1728.0,8.5571,63.50
118.003,measure,4952.0,1720.0,8.5174,63.56
118.103,measure,4952.0,1720.0,8.5174,63.50
118.204,measure,4952.0,1712.0,8.4778,63.50
118.304,measure,4952.0,1712.0,8.4778,63.53
118.404,measure,4952.0,1712.0,8.4778,63.50
118.504,measure,4952.0,1704.0,8.4382,63.62
118.604,measure,4952.0,1712.0,8.4778,63.59
118.704,measure,4952.0,1712.0,8.4778,63.62
118.804,measure,4952.0,1712.0,8.4778,63.59
118.905,measure,4952.0,1712.0,8.4778,63.62
119.005,measure,4952.0,1704.0,8.4382,63.91
119.105,measure,4952.0,1704.0,8.4382,63.62
119.205,measure,4952.0,1712.0,8.4778,63.56
119.305,measure,4952.0,1712.0,8.4778,63.88
119.405,measure,4952.0,1712.0,8.4778,63.78
119.505,measure,4952.0,1712.0,8.4778,63.56
119.606,measure,4952.0,1720.0,8.5174,63.53
119.706,measure,4952.0,1720.0,8.5174,63.72
119.806,measure,4952.0,1720.0,8.5174,63.66
119.906,measure,4952.0,1720.0,8.5174,63.88
120.006,measure,4952.0,1720.0,8.5174,63.72
120.106,measure,4952.0,1720.0,8.5174,63.66
120.207,measure,4952.0,1720.0,8.5174,63.75
120.307,measure,4952.0,1720.0,8.5174,63.69
120.407,measure,4952.0,1712.0,8.4778,63.81
120.507,measure,4952.0,1712.0,8.4778,63.69
120.607,measure,4952.0,1704.0,8.4382,63.56
120.707,measure,4952.0,1720.0,8.5174,63.81
120.808,measure,4952.0,1712.0,8.4778,63.72
120.908,measure,4952.0,1728.0,8.5571,63.81
121.008,measure,4952.0,1728.0,8.5571,63.53
121.108,measure,4952.0,1744.0,8.6363,63.97
121.208,measure,4952.0,1736.0,8.5967,63.72
121.308,measure,4952.0,1736.0,8.5967,63.75
121.408,measure,4952.0,1736.0,8.5967,64.00
121.509,measure,4952.0,1728.0,8.5571,63.75
121.609,measure,4952.0,1720.0,8.5174,63.78
121.709,measure,4952.0,1720.0,8.5174,63.69
121.809,measure,4952.0,1712.0,8.4778,63.56
121.909,measure,4952.0,1712.0,8.4778,63.56
122.009,measure,4952.0,1704.0,8.4382,63.53
122.109,measure,4952.0,1704.0,8.4382,63.56
122.209,measure,4952.0,1704.0,8.4382,63.59
122.310,measure,4952.0,1704.0,8.4382,63.66
122.410,measure,4952.0,1704.0,8.4382,63.84
122.510,measure,4952.0,1704.0,8.4382,63.81
122.610,measure,4952.0,1704.0,8.4382,63.66
122.710,measure,4952.0,1704.0,8.4382,63.56
122.810,measure,4952.0,1704.0,8.4382,63.94
122.910,measure,4952.0,1704.0,8.4382,63.59
123.011,measure,4952.0,1728.0,8.5571,63.62
123.111,measure,4952.0,1728.0,8.5571,64.03
123.211,measure,4952.0,1728.0,8.5571,63.72
123.311,measure,4952.0,1728.0,8.5571,63.72
123.411,measure,4952.0,1728.0,8.5571,63.81
123.511,measure,4952.0,1728.0,8.5571,63.91
123.611,measure,4952.0,1720.0,8.5174,63.84
123.712,measure,4952.0,1720.0,8.5174,63.69
123.812,measure,4952.0,1712.0,8.4778,63.75
123.912,measure,4952.0,1712.0,8.4778,63.84
124.012,measure,4952.0,1704.0,8.4382,63.78
124.112,measure,4952.0,1704.0,8.4382,63.72
124.212,measure,4952.0,1704.0,8.4382,63.81
124.313,measure,4952.0,1696.0,8.3986,63.75
124.413,measure,4952.0,1696.0,8.3986,63.50
124.513,measure,4952.0,1704.0,8.4382,63.62
124.613,measure,4952.0,1704.0,8.4382,63.78
124.713,measure,4952.0,1704.0,8.4382,63.44
124.813,measure,4952.0,1704.0,8.4382,63.50
124.913,measure,4952.0,1720.0,8.5174,63.75
125.013,measure,4952.0,1720.0,8.5174,63.66
125.114,measure,4952.0,1736.0,8.5967,63.91
125.214,measure,4952.0,1736.0,8.5967,63.81
125.314,measure,4952.0,1728.0,8.5571,63.97
125.414,measure,4952.0,1728.0,8.5571,63.81
125.514,measure,4952.0,1720.0,8.5174,63.72
125.614,measure,4952.0,1720.0,8.5174,63.84
125.715,measure,4952.0,1712.0,8.4778,63.72
125.815,measure,4952.0,1712.0,8.4778,63.59
125.915,measure,4952.0,1712.0,8.4778,63.91
126.015,measure,4952.0,1712.0,8.4778,63.81
126.115,measure,4952.0,1712.0,8.4778,63.69
126.215,measure,4952.0,1712.0,8.4778,64.03
126.315,measure,4952.0,1712.0,8.4778,63.94
126.416,measure,4952.0,1712.0,8.4778,63.62
126.516,measure,4952.0,1720.0,8.5174,63.59
126.616,measure,4952.0,1720.0,8.5174,63.78
126.716,measure,4952.0,1720.0,8.5174,63.69
126.816,measure,4952.0,1720.0,8.5174,63.88
126.916,measure,4952.0,1728.0,8.5571,63.81
127.016,measure,4952.0,1728.0,8.5571,63.72
127.117,measure,4952.0,1728.0,8.5571,63.91
127.217,measure,4952.0,1720.0,8.5174,63.81
127.317,measure,4952.0,1720.0,8.5174,64.00
127.418,measure,4952.0,1712.0,8.4778,63.88
127.518,measure,4952.0,1712.0,8.4778,63.69
127.618,measure,4952.0,1712.0,8.4778,63.97
127.718,measure,4952.0,1712.0,8.4778,63.62
127.819,measure,4952.0,1704.0,8.4382,63.59
127.919,measure,4952.0,1696.0,8.3986,63.69
128.019,measure,4952.0,1696.0,8.3986,63.66
128.119,measure,4952.0,1696.0,8.3986,63.56
128.219,measure,4952.0,1704.0,8.4382,63.78
128.319,measure,4952.0,1704.0,8.4382,63.59
128.419,measure,4952.0,1704.0,8.4382,63.66
128.520,measure,4952.0,1712.0,8.4778,63.81
128.620,measure,4952.0,1712.0,8.4778,63.78
128.720,measure,4952.0,1712.0,8.4778,64.00
128.820,measure,4952.0,1712.0,8.4778,63.84
128.920,measure,4952.0,1712.0,8.4778,63.84
129.020,measure,4952.0,1720.0,8.5174,64.03
129.120,measure,4952.0,1720.0,8.5174,63.97
129.221,measure,4952.0,1728.0,8.5571,63.84
129.321,measure,4952.0,1728.0,8.5571,64.09
129.421,measure,4952.0,1728.0,8.5571,63.97
129.521,measure,4952.0,1720.0,8.5174,63.84
129.621,measure,4952.0,1720.0,8.5174,63.84
129.722,measure,4952.0,1720.0,8.5174,63.81
129.822,measure,4952.0,1712.0,8.4778,63.84
129.923,measure,4952.0,1712.0,8.4778,63.81
130.023,measure,4952.0,1704.0,8.4382,63.72
130.123,measure,4952.0,1704.0,8.4382,63.84
130.223,measure,4952.0,1704.0,8.4382,63.81
130.323,measure,4952.0,1696.0,8.3986,63.66
130.424,measure,4952.0,1696.0,8.3986,63.81
130.524,measure,4952.0,1704.0,8.4382,63.78
130.624,measure,4952.0,1704.0,8.4382,63.59
130.724,measure,4952.0,1704.0,8.4382,64.00
130.824,measure,4952.0,1712.0,8.4778,63.88
130.924,measure,4952.0,1704.0,8.4382,63.72
131.024,measure,4952.0,1712.0,8.4778,63.66
131.125,measure,4952.0,1720.0,8.5174,63.81
131.225,measure,4952.0,1728.0,8.5571,63.81
131.325,measure,4952.0,1744.0,8.6363,64.03
131.425,measure,4952.0,1736.0,8.5967,63.84
131.525,measure,4952.0,1728.0,8.5571,63.81
131.625,measure,4952.0,1720.0,8.5174,63.81
131.725,measure,4952.0,1720.0,8.5174,63.84
131.825,measure,4952.0,1712.0,8.4778,63.91
131.926,measure,4952.0,1704.0,8.4382,63.84
132.026,measure,4952.0,1704.0,8.4382,63.75
132.126,measure,4952.0,1696.0,8.3986,63.84
132.226,measure,4952.0,1696.0,8.3986,63.78
132.326,measure,4952.0,1696.0,8.3986,63.75
132.426,measure,4952.0,1704.0,8.4382,63.94
132.526,measure,4952.0,1704.0,8.4382,63.91
132.627,measure,4952.0,1704.0,8.4382,63.78
132.727,measure,4952.0,1704.0,8.4382,63.75
132.827,measure,4952.0,1704.0,8.4382,63.91
132.927,measure,4952.0,1704.0,8.4382,63.78
133.027,measure,4952.0,1712.0,8.4778,63.88
133.127,measure,4952.0,1720.0,8.5174,63.84
133.227,measure,4952.0,1720.0,8.5174,64.03
133.328,measure,4952.0,1720.0,8.5174,63.94
133.428,measure,4952.0,1728.0,8.5571,63.94
133.528,measure,4952.0,1728.0,8.5571,64.12
133.628,measure,4952.0,1728.0,8.5571,64.06
133.728,measure,4952.0,1720.0,8.5174,64.00
133.828,measure,4952.0,1720.0,8.5174,64.12
133.929,measure,4952.0,1712.0,8.4778,64.03
134.029,measure,4952.0,1712.0,8.4778,63.78
134.130,measure,4952.0,1704.0,8.4382,63.75
134.230,measure,4952.0,1704.0,8.4382,63.72
134.330,measure,4952.0,1704.0,8.4382,63.72
134.430,measure,4952.0,1704.0,8.4382,63.66
134.530,measure,4952.0,1712.0,8.4778,63.78
134.630,measure,4952.0,1704.0,8.4382,63.66
134.730,measure,4952.0,1704.0,8.4382,63.84
134.831,measure,4952.0,1712.0,8.4778,63.81
134.931,measure,4952.0,1712.0,8.4778,64.06
135.031,measure,4952.0,1728.0,8.5571,63.97
135.131,measure,4952.0,1728.0,8.5571,63.94
135.231,measure,4952.0,1744.0,8.6363,64.12
135.331,measure,4952.0,1736.0,8.5967,64.00
135.432,measure,4952.0,1728.0,8.5571,63.78
135.532,measure,4952.0,1720.0,8.5174,64.16
135.632,measure,4952.0,1712.0,8.4778,64.03
135.732,measure,4952.0,1712.0,8.4778,63.72
135.832,measure,4952.0,1704.0,8.4382,63.72
135.932,measure,4952.0,1704.0,8.4382,63.69
136.032,measure,4952.0,1704.0,8.4382,63.66
136.133,measure,4952.0,1696.0,8.3986,63.69
136.233,measure,4952.0,1696.0,8.3986,63.72
136.333,measure,4952.0,1696.0,8.3986,63.72
136.433,measure,4952.0,1696.0,8.3986,63.84
136.533,measure,4952.0,1704.0,8.4382,63.81
136.633,measure,4952.0,1704.0,8.4382,63.75
136.734,measure,4952.0,1704.0,8.4382,63.84
136.834,measure,4952.0,1704.0,8.4382,63.88
136.934,measure,4952.0,1720.0,8.5174,64.09
137.034,measure,4952.0,1728.0,8.5571,64.00
137.134,measure,4952.0,1728.0,8.5571,63.97
137.234,measure,4952.0,1728.0,8.5571,64.28
137.335,measure,4952.0,1736.0,8.5967,64.19
137.435,measure,4952.0,1728.0,8.5571,63.84
137.535,measure,4952.0,1720.0,8.5174,63.78
137.635,measure,4952.0,1720.0,8.5174,64.09
137.735,measure,4952.0,1712.0,8.4778,63.75
137.835,measure,4952.0,1712.0,8.4778,63.62
137.935,measure,4952.0,1728.0,8.5571,63.81
138.036,measure,4952.0,1720.0,8.5174,63.84
138.136,measure,4952.0,1728.0,8.5571,64.06
138.236,measure,4952.0,1736.0,8.5967,63.97
138.336,measure,4952.0,1736.0,8.5967,63.91
138.436,measure,4952.0,1728.0,8.5571,64.03
138.536,measure,4952.0,1728.0,8.5571,63.97
138.636,measure,4952.0,1728.0,8.5571,64.28
138.737,measure,4952.0,1728.0,8.5571,64.06
138.837,measure,4952.0,1720.0,8.5174,63.84
138.937,measure,4952.0,1712.0,8.4778,63.81
139.037,measure,4952.0,1712.0,8.4778,64.12
139.137,measure,4952.0,1712.0,8.4778,63.81
139.237,measure,4952.0,1704.0,8.4382,63.78
139.337,measure,4952.0,1704.0,8.4382,64.12
139.438,measure,4952.0,1696.0,8.3986,63.81
139.538,measure,4952.0,1696.0,8.3986,63.81
139.638,measure,4952.0,1696.0,8.3986,63.78
139.738,measure,4952.0,1688.0,8.3590,63.78
139.838,measure,4952.0,1688.0,8.3590,63.84
139.938,measure,4952.0,1696.0,8.3986,63.81
140.038,measure,4952.0,1696.0,8.3986,63.97
140.139,measure,4952.0,1704.0,8.4382,63.94
140.239,measure,4952.0,1720.0,8.5174,64.03
140.339,measure,4952.0,1712.0,8.4778,64.25
140.439,measure,4952.0,1720.0,8.5174,64.06
140.539,measure,4952.0,1720.0,8.5174,64.03
140.639,measure,4952.0,1720.0,8.5174,63.84
140.739,measure,4952.0,1720.0,8.5174,64.22
140.840,measure,4952.0,1720.0,8.5174,64.03
140.940,measure,4952.0,1720.0,8.5174,63.88
141.040,measure,4952.0,1728.0,8.5571,63.88
141.141,measure,4952.0,1720.0,8.5174,63.84
141.241,measure,4952.0,1720.0,8.5174,63.84
141.341,measure,4952.0,1712.0,8.4778,63.84
141.441,measure,4952.0,1704.0,8.4382,63.94
141.542,measure,4952.0,1704.0,8.4382,63.91
141.642,measure,4952.0,1696.0,8.3986,63.81
141.742,measure,4952.0,1696.0,8.3986,64.00
141.842,measure,4952.0,1696.0,8.3986,63.94
141.942,measure,4952.0,1704.0,8.4382,63.88
142.042,measure,4952.0,1704.0,8.4382,63.81
142.142,measure,4952.0,1712.0,8.4778,64.09
142.243,measure,4952.0,1728.0,8.5571,64.16
142.343,measure,4952.0,1728.0,8.5571,63.94
142.443,measure,4952.0,1728.0,8.5571,64.22
142.543,measure,4952.0,1728.0,8.5571,63.94
142.643,measure,4952.0,1728.0,8.5571,63.84
142.743,measure,4952.0,1720.0,8.5174,63.94
142.843,measure,4952.0,1712.0,8.4778,63.88
142.944,measure,4952.0,1712.0,8.4778,63.91
143.044,measure,4952.0,1704.0,8.4382,63.84
143.144,measure,4952.0,1696.0,8.3986,63.81
143.244,measure,4952.0,1696.0,8.3986,63.91
143.344,measure,4952.0,1696.0,8.3986,63.81
143.444,measure,4952.0,1704.0,8.4382,64.12
143.545,measure,4952.0,1704.0,8.4382,63.97
143.645,measure,4952.0,1712.0,8.4778,64.03
143.745,measure,4952.0,1720.0,8.5174,63.88
143.845,measure,4952.0,1720.0,8.5174,64.16
143.945,measure,4952.0,1720.0,8.5174,64.06
144.045,measure,4952.0,1720.0,8.5174,63.88
144.145,measure,4952.0,1720.0,8.5174,64.22
144.246,measure,4952.0,1720.0,8.5174,63.88
144.346,measure,4952.0,1728.0,8.5571,64.12
144.446,measure,4952.0,1720.0,8.5174,63.94
144.546,measure,4952.0,1720.0,8.5174,63.91
144.647,measure,4952.0,1712.0,8.4778,64.03
144.747,measure,4952.0,1712.0,8.4778,63.91
144.847,measure,4952.0,1704.0,8.4382,64.06
144.947,measure,4952.0,1704.0,8.4382,64.00
145.047,measure,4952.0,1704.0,8.4382,63.88
145.147,measure,4952.0,1704.0,8.4382,63.81
145.248,measure,4952.0,1696.0,8.3986,63.91
145.348,measure,4952.0,1696.0,8.3986,63.94
145.448,measure,4952.0,1696.0,8.3986,63.75
145.548,measure,4952.0,1712.0,8.4778,64.16
145.648,measure,4952.0,1712.0,8.4778,63.88
145.748,measure,4952.0,1712.0,8.4778,63.84
145.848,measure,4952.0,1712.0,8.4778,63.94
145.949,measure,4952.0,1712.0,8.4778,63.94
146.049,measure,4952.0,1712.0,8.4778,63.88
146.149,measure,4952.0,1720.0,8.5174,64.03
146.249,measure,4952.0,1720.0,8.5174,64.03
146.349,measure,4952.0,1736.0,8.5967,64.19
146.449,measure,4952.0,1728.0,8.5571,64.12
146.549,measure,4952.0,1728.0,8.5571,64.00
146.650,measure,4952.0,1720.0,8.5174,64.06
146.750,measure,4952.0,1720.0,8.5174,63.97
146.850,measure,4952.0,1712.0,8.4778,63.91
146.950,measure,4952.0,1704.0,8.4382,64.09
147.050,measure,4952.0,1704.0,8.4382,63.97
147.150,measure,4952.0,1696.0,8.3986,63.72
147.250,measure,4952.0,1696.0,8.3986,64.12
147.351,measure,4952.0,1696.0,8.3986,64.03
147.451,measure,4952.0,1696.0,8.3986,63.91
147.551,measure,4952.0,1696.0,8.3986,63.91
147.651,measure,4952.0,1696.0,8.3986,63.91
147.751,measure,4952.0,1704.0,8.4382,63.81
147.851,measure,4952.0,1704.0,8.4382,63.88
147.951,measure,4952.0,1720.0,8.5174,63.97
148.052,measure,4952.0,1720.0,8.5174,64.16
148.152,measure,4952.0,1720.0,8.5174,64.19
148.252,measure,4952.0,1728.0,8.5571,63.97
148.352,measure,4952.0,1720.0,8.5174,64.22
148.452,measure,4952.0,1728.0,8.5571,64.12
148.552,measure,4952.0,1728.0,8.5571,64.12
148.652,measure,4952.0,1728.0,8.5571,64.31
148.753,measure,4952.0,1720.0,8.5174,64.22
148.853,measure,4952.0,1720.0,8.5174,63.94
148.953,measure,4952.0,1720.0,8.5174,63.84
149.053,measure,4952.0,1712.0,8.4778,64.12
149.153,measure,4952.0,1704.0,8.4382,63.84
149.253,measure,4952.0,1704.0,8.4382,63.97
149.353,measure,4952.0,1696.0,8.3986,63.88
149.454,measure,4952.0,1696.0,8.3986,63.81
149.554,measure,4952.0,1696.0,8.3986,63.91
149.654,measure,4952.0,1696.0,8.3986,63.84
149.754,measure,4952.0,1696.0,8.3986,63.81
149.854,measure,4952.0,1696.0,8.3986,63.97
149.954,measure,4952.0,1704.0,8.4382,63.94
150.054,measure,4952.0,1704.0,8.4382,64.16
150.155,measure,4952.0,1720.0,8.5174,64.19
150.255,measure,4952.0,1720.0,8.5174,64.00
150.355,measure,4952.0,1736.0,8.5967,64.44
150.455,measure,4952.0,1736.0,8.5967,64.16
150.555,measure,4952.0,1736.0,8.5967,63.97
150.655,measure,4952.0,1728.0,8.5571,63.88
150.755,measure,4952.0,1720.0,8.5174,64.25
150.856,measure,4952.0,1712.0,8.4778,63.91
150.956,measure,4952.0,1712.0,8.4778,63.91
151.056,measure,4952.0,1704.0,8.4382,63.94
151.156,measure,4952.0,1704.0,8.4382,63.94
151.256,measure,4952.0,1704.0,8.4382,64.06
151.356,measure,4952.0,1696.0,8.3986,63.88
151.456,measure,4952.0,1696.0,8.3986,63.84
151.557,measure,4952.0,1688.0,8.3590,63.94
151.657,measure,4952.0,1688.0,8.3590,63.84
151.757,measure,4952.0,1688.0,8.3590,64.09
151.857,measure,4952.0,1696.0,8.3986,64.03
151.957,measure,4952.0,1696.0,8.3986,64.00
152.057,measure,4952.0,1696.0,8.3986,63.88
152.157,measure,4952.0,1704.0,8.4382,64.16
152.258,measure,4952.0,1712.0,8.4778,64.06
152.358,measure,4952.0,1728.0,8.5571,64.00
152.458,measure,4952.0,1720.0,8.5174,64.28
152.558,measure,4952.0,1720.0,8.5174,64.03
152.658,measure,4952.0,1728.0,8.5571,64.06
152.758,measure,4952.0,1728.0,8.5571,64.09
152.858,measure,4952.0,1720.0,8.5174,64.03
152.959,measure,4952.0,1720.0,8.5174,64.12
153.059,measure,4952.0,1712.0,8.4778,64.09
153.159,measure,4952.0,1712.0,8.4778,64.19
153.259,measure,4952.0,1704.0,8.4382,64.12
153.359,measure,4952.0,1704.0,8.4382,64.03
153.459,measure,4952.0,1704.0,8.4382,64.22
153.560,measure,4952.0,1696.0,8.3986,64.12
153.660,measure,4952.0,1696.0,8.3986,64.03
153.760,measure,4952.0,1688.0,8.3590,63.78
153.860,measure,4952.0,1696.0,8.3986,64.19
153.960,measure,4952.0,1704.0,8.4382,64.00
154.060,measure,4952.0,1704.0,8.4382,63.91
154.160,measure,4952.0,1704.0,8.4382,64.25
154.261,measure,4952.0,1712.0,8.4778,63.97
154.361,measure,4952.0,1712.0,8.4778,64.19
154.461,measure,4952.0,1712.0,8.4778,64.09
154.561,measure,4952.0,1720.0,8.5174,64.06
154.661,measure,4952.0,1720.0,8.5174,63.97
154.761,measure,4952.0,1720.0,8.5174,64.12
154.861,measure,4952.0,1720.0,8.5174,64.06
154.961,measure,4952.0,1728.0,8.5571,64.19
155.062,measure,4952.0,1720.0,8.5174,64.12
155.162,measure,4952.0,1720.0,8.5174,64.31
155.262,measure,4952.0,1712.0,8.4778,64.12
155.362,measure,4952.0,1712.0,8.4778,64.09
155.462,measure,4952.0,1712.0,8.4778,63.88
155.563,measure,4952.0,1704.0,8.4382,64.06
155.663,measure,4952.0,1696.0,8.3986,64.09
155.763,measure,4952.0,1696.0,8.3986,63.94
155.863,measure,4952.0,1696.0,8.3986,64.16
155.963,measure,4952.0,1704.0,8.4382,63.91
156.063,measure,4952.0,1704.0,8.4382,63.91
156.163,measure,4952.0,1704.0,8.4382,64.03
156.264,measure,4952.0,1704.0,8.4382,64.00
156.364,measure,4952.0,1704.0,8.4382,63.88
156.464,measure,4952.0,1712.0,8.4778,64.12
156.564,measure,4952.0,1712.0,8.4778,64.06
156.664,measure,4952.0,1712.0,8.4778,64.22
156.764,measure,4952.0,1720.0,8.5174,64.09
156.864,measure,4952.0,1720.0,8.5174,64.09
156.965,measure,4952.0,1720.0,8.5174,64.31
157.065,measure,4952.0,1720.0,8.5174,64.28
157.165,measure,4952.0,1720.0,8.5174,63.97
157.265,measure,4952.0,1720.0,8.5174,64.31
157.365,measure,4952.0,1712.0,8.4778,64.16
157.465,measure,4952.0,1712.0,8.4778,63.88
157.565,measure,4952.0,1712.0,8.4778,63.97
157.666,measure,4952.0,1704.0,8.4382,63.94
157.766,measure,4952.0,1704.0,8.4382,63.91
157.866,measure,4952.0,1712.0,8.4778,64.06
157.966,measure,4952.0,1712.0,8.4778,63.97
158.066,measure,4952.0,1712.0,8.4778,64.03
158.166,measure,4952.0,1712.0,8.4778,64.09
158.266,measure,4952.0,1712.0,8.4778,64.09
158.367,measure,4952.0,1712.0,8.4778,64.31
158.467,measure,4952.0,1720.0,8.5174,64.25
158.567,measure,4952.0,1720.0,8.5174,64.19
158.667,measure,4952.0,1720.0,8.5174,64.38
158.767,measure,4952.0,1720.0,8.5174,64.22
158.867,measure,4952.0,1720.0,8.5174,64.00
158.967,measure,4952.0,1720.0,8.5174,64.41
159.068,measure,4952.0,1720.0,8.5174,64.28
159.168,measure,4952.0,1712.0,8.4778,63.97
159.268,measure,4952.0,1704.0,8.4382,63.97
159.368,measure,4952.0,1704.0,8.4382,64.00
159.468,measure,4952.0,1704.0,8.4382,64.00
159.568,measure,4952.0,1696.0,8.3986,64.00
159.669,measure,4952.0,1696.0,8.3986,63.94
159.769,measure,4952.0,1696.0,8.3986,63.94
159.869,measure,4952.0,1712.0,8.4778,64.16
159.969,measure,4952.0,1712.0,8.4778,64.12
160.069,measure,4952.0,1720.0,8.5174,64.34
160.169,measure,4952.0,1736.0,8.5967,64.34
160.269,measure,4952.0,1736.0,8.5967,64.16
160.370,measure,4952.0,1736.0,8.5967,64.44
160.470,measure,4952.0,1728.0,8.5571,64.31
160.570,measure,4952.0,1728.0,8.5571,64.22
160.670,measure,4952.0,1720.0,8.5174,64.03
160.770,measure,4952.0,1712.0,8.4778,64.28
160.870,measure,4952.0,1712.0,8.4778,63.94
160.970,measure,4952.0,1704.0,8.4382,63.91
161.071,measure,4952.0,1696.0,8.3986,64.31
161.171,measure,4952.0,1704.0,8.4382,64.06
161.271,measure,4952.0,1704.0,8.4382,64.00
161.371,measure,4952.0,1704.0,8.4382,64.03
161.471,measure,4952.0,1704.0,8.4382,63.97
161.571,measure,4952.0,1704.0,8.4382,64.16
161.671,measure,4952.0,1704.0,8.4382,64.09
161.772,measure,4952.0,1712.0,8.4778,64.31
161.872,measure,4952.0,1720.0,8.5174,64.31
161.972,measure,4952.0,1720.0,8.5174,64.19
162.072,measure,4952.0,1728.0,8.5571,64.44
162.172,measure,4952.0,1728.0,8.5571,64.38
162.272,measure,4952.0,1728.0,8.5571,64.31
162.373,measure,4952.0,1728.0,8.5571,64.09
162.473,measure,4952.0,1728.0,8.5571,64.38
162.573,measure,4952.0,1720.0,8.5174,64.09
162.673,measure,4952.0,1720.0,8.5174,64.12
162.773,measure,4952.0,1712.0,8.4778,64.47
162.873,measure,4952.0,1712.0,8.4778,64.09
162.973,measure,4952.0,1712.0,8.4778,64.09
163.074,measure,4952.0,1704.0,8.4382,64.06
163.174,measure,4952.0,1704.0,8.4382,64.03
163.274,measure,4952.0,1696.0,8.3986,64.09
163.374,measure,4952.0,1696.0,8.3986,64.06
163.474,measure,4952.0,1696.0,8.3986,63.97
163.574,measure,4952.0,1696.0,8.3986,64.06
163.675,measure,4952.0,1696.0,8.3986,64.09
163.775,measure,4952.0,1696.0,8.3986,63.84
163.875,measure,4952.0,1696.0,8.3986,64.22
163.975,measure,4952.0,1696.0,8.3986,64.09
164.075,measure,4952.0,1704.0,8.4382,64.06
164.175,measure,4952.0,1704.0,8.4382,64.31
164.275,measure,4952.0,1704.0,8.4382,64.06
164.376,measure,4952.0,1704.0,8.4382,64.06
164.476,measure,4952.0,1712.0,8.4778,64.16
164.576,measure,4952.0,1720.0,8.5174,64.16
164.676,measure,4952.0,1720.0,8.5174,64.19
164.776,measure,4952.0,1720.0,8.5174,64.28
164.876,measure,4952.0,1728.0,8.5571,64.25
164.977,measure,4952.0,1720.0,8.5174,64.34
165.077,measure,4952.0,1720.0,8.5174,64.28
165.177,measure,4952.0,1720.0,8.5174,64.47
165.277,measure,4952.0,1712.0,8.4778,64.31
165.377,measure,4952.0,1712.0,8.4778,64.25
165.477,measure,4952.0,1704.0,8.4382,64.00
165.577,measure,4952.0,1704.0,8.4382,64.31
165.678,measure,4952.0,1704.0,8.4382,64.22
165.778,measure,4952.0,1704.0,8.4382,63.94
165.878,measure,4952.0,1696.0,8.3986,64.31
165.978,measure,4952.0,1696.0,8.3986,64.00
166.078,measure,4952.0,1696.0,8.3986,64.00
166.178,measure,4952.0,1696.0,8.3986,64.06
166.278,measure,4952.0,1696.0,8.3986,63.97
166.379,measure,4952.0,1704.0,8.4382,63.97
166.479,measure,4952.0,1704.0,8.4382,64.19
166.579,measure,4952.0,1704.0,8.4382,64.12
166.679,measure,4952.0,1712.0,8.4778,64.34
166.779,measure,4952.0,1720.0,8.5174,64.31
166.879,measure,4952.0,1720.0,8.5174,64.19
166.979,measure,4952.0,1720.0,8.5174,64.41
167.080,measure,4952.0,1720.0,8.5174,64.31
167.180,measure,4952.0,1728.0,8.5571,64.22
167.280,measure,4952.0,1720.0,8.5174,64.50
167.380,measure,4952.0,1720.0,8.5174,64.38
167.480,measure,4952.0,1712.0,8.4778,64.09
167.581,measure,4952.0,1712.0,8.4778,64.16
167.681,measure,4952.0,1704.0,8.4382,64.16
167.781,measure,4952.0,1704.0,8.4382,64.09
167.881,measure,4952.0,1704.0,8.4382,64.06
167.981,measure,4952.0,1696.0,8.3986,64.00
168.081,measure,4952.0,1696.0,8.3986,64.16
168.182,measure,4952.0,1696.0,8.3986,64.06
168.282,measure,4952.0,1688.0,8.3590,64.00
168.382,measure,4952.0,1696.0,8.3986,64.16
168.482,measure,4952.0,1696.0,8.3986,64.12
168.582,measure,4952.0,1696.0,8.3986,64.06
168.682,measure,4952.0,1704.0,8.4382,64.28
168.782,measure,4952.0,1704.0,8.4382,64.25
168.883,measure,4952.0,1704.0,8.4382,64.06
168.983,measure,4952.0,1704.0,8.4382,64.41
169.083,measure,4952.0,1704.0,8.4382,64.31
169.183,measure,4952.0,1712.0,8.4778,64.03
169.283,measure,4952.0,1712.0,8.4778,64.16
169.383,measure,4952.0,1728.0,8.5571,64.28
169.483,measure,4952.0,1728.0,8.5571,64.12
169.584,measure,4952.0,1728.0,8.5571,64.25
169.684,measure,4952.0,1728.0,8.5571,64.28
169.784,measure,4952.0,1720.0,8.5174,64.34
169.884,measure,4952.0,1720.0,8.5174,64.22
169.984,measure,4952.0,1712.0,8.4778,64.28
170.085,measure,4952.0,1712.0,8.4778,64.31
170.185,measure,4952.0,1712.0,8.4778,64.31
170.285,measure,4952.0,1712.0,8.4778,64.00
170.385,measure,4952.0,1704.0,8.4382,64.34
170.486,measure,4952.0,1712.0,8.4778,64.22
170.586,measure,4952.0,1712.0,8.4778,64.12
170.686,measure,4952.0,1720.0,8.5174,64.06
170.786,measure,4952.0,1728.0,8.5571,64.31
170.886,measure,4952.0,1736.0,8.5967,64.16
170.986,measure,4952.0,1736.0,8.5967,64.09
171.086,measure,4952.0,1736.0,8.5967,64.22
171.187,measure,4952.0,1728.0,8.5571,64.16
171.287,measure,4952.0,1728.0,8.5571,64.34
171.387,measure,4952.0,1728.0,8.5571,64.53
171.487,measure,4952.0,1728.0,8.5571,64.34
171.587,measure,4952.0,1720.0,8.5174,64.25
171.688,measure,4952.0,1712.0,8.4778,64.22
171.788,measure,4952.0,1712.0,8.4778,64.31
171.888,measure,4952.0,1712.0,8.4778,64.28
171.988,measure,4952.0,1704.0,8.4382,63.97
172.088,measure,4952.0,1704.0,8.4382,64.34
172.188,measure,4952.0,1704.0,8.4382,64.22
172.289,measure,4952.0,1704.0,8.4382,63.97
172.389,measure,4952.0,1704.0,8.4382,64.16
172.489,measure,4952.0,1720.0,8.5174,64.25
172.589,measure,4952.0,1720.0,8.5174,64.12
172.689,measure,4952.0,1720.0,8.5174,64.28
172.789,measure,4952.0,1720.0,8.5174,64.25
172.890,measure,4952.0,1728.0,8.5571,64.19
172.990,measure,4952.0,1728.0,8.5571,64.34
173.090,measure,4952.0,1728.0,8.5571,64.28
173.190,measure,4952.0,1728.0,8.5571,64.50
173.290,measure,4952.0,1728.0,8.5571,64.38
173.390,measure,4952.0,1720.0,8.5174,64.34
173.490,measure,4952.0,1720.0,8.5174,64.47
173.591,measure,4952.0,1712.0,8.4778,64.44
173.691,measure,4952.0,1712.0,8.4778,64.12
173.791,measure,4952.0,1712.0,8.4778,64.50
173.892,measure,4952.0,1704.0,8.4382,64.34
173.992,measure,4952.0,1704.0,8.4382,64.09
174.092,measure,4952.0,1704.0,8.4382,64.16
174.192,measure,4952.0,1696.0,8.3986,64.16
174.292,measure,4952.0,1704.0,8.4382,64.16
174.392,measure,4952.0,1704.0,8.4382,64.12
174.493,measure,4952.0,1704.0,8.4382,64.19
174.593,measure,4952.0,1704.0,8.4382,64.09
174.693,measure,4952.0,1712.0,8.4778,64.22
174.793,measure,4952.0,1712.0,8.4778,64.22
174.893,measure,4952.0,1712.0,8.4778,64.41
174.993,measure,4952.0,1712.0,8.4778,64.31
175.093,measure,4952.0,1720.0,8.5174,64.25
175.194,measure,4952.0,1720.0,8.5174,64.56
175.294,measure,4952.0,1728.0,8.5571,64.44
175.394,measure,4952.0,1728.0,8.5571,64.19
175.494,measure,4952.0,1728.0,8.5571,64.25
175.594,measure,4952.0,1728.0,8.5571,64.53
175.694,measure,4952.0,1720.0,8.5174,64.19
175.794,measure,4952.0,1720.0,8.5174,64.31
175.895,measure,4952.0,1720.0,8.5174,64.31
175.995,measure,4952.0,1720.0,8.5174,64.31
176.095,measure,4952.0,1720.0,8.5174,64.25
176.195,measure,4952.0,1712.0,8.4778,64.25
176.295,measure,4952.0,1712.0,8.4778,64.41
176.395,measure,4952.0,1704.0,8.4382,64.19
176.496,measure,4952.0,1704.0,8.4382,64.19
176.596,measure,4952.0,1704.0,8.4382,64.31
176.696,measure,4952.0,1696.0,8.3986,64.25
176.796,measure,4952.0,1704.0,8.4382,64.16
176.896,measure,4952.0,1704.0,8.4382,64.47
176.996,measure,4952.0,1704.0,8.4382,64.28
177.096,measure,4952.0,1704.0,8.4382,64.12
177.197,measure,4952.0,1704.0,8.4382,64.16
177.297,measure,4952.0,1712.0,8.4778,64.44
177.397,measure,4952.0,1712.0,8.4778,64.25
177.497,measure,4952.0,1712.0,8.4778,64.12
177.597,measure,4952.0,1720.0,8.5174,64.31
177.697,measure,4952.0,1720.0,8.5174,64.19
177.797,measure,4952.0,1720.0,8.5174,64.34
177.898,measure,4952.0,1728.0,8.5571,64.31
177.998,measure,4952.0,1728.0,8.5571,64.34
178.098,measure,4952.0,1728.0,8.5571,64.44
178.198,measure,4952.0,1720.0,8.5174,64.41
178.299,measure,4952.0,1720.0,8.5174,64.59
178.399,measure,4952.0,1712.0,8.4778,64.38
178.499,measure,4952.0,1712.0,8.4778,64.31
178.599,measure,4952.0,1712.0,8.4778,64.09
178.700,measure,4952.0,1704.0,8.4382,64.31
178.800,measure,4952.0,1704.0,8.4382,64.06
178.900,measure,4952.0,1704.0,8.4382,64.03
179.000,measure,4952.0,1720.0,8.5174,64.41
179.100,measure,4952.0,1728.0,8.5571,64.22
179.200,measure,4952.0,1728.0,8.5571,64.22
179.300,measure,4952.0,1728.0,8.5571,64.31
179.401,measure,4952.0,1728.0,8.5571,64.28
179.501,measure,4952.0,1728.0,8.5571,64.44
179.601,measure,4952.0,1728.0,8.5571,64.34
179.701,measure,4952.0,1736.0,8.5967,64.62
179.801,measure,4952.0,1728.0,8.5571,64.41
179.901,measure,4952.0,1728.0,8.5571,64.28
180.001,measure,4952.0,1720.0,8.5174,64.44
180.102,measure,4952.0,1712.0,8.4778,64.31
180.202,measure,4952.0,1712.0,8.4778,64.28
180.302,measure,4952.0,1720.0,8.5174,64.09
180.402,measure,4952.0,1712.0,8.4778,64.34
180.502,measure,4952.0,1712.0,8.4778,64.12
180.603,measure,4952.0,1712.0,8.4778,64.09
180.703,measure,4952.0,1720.0,8.5174,64.31
180.803,measure,4952.0,1728.0,8.5571,64.31
180.903,measure,4952.0,1728.0,8.5571,64.34
181.003,measure,4952.0,1736.0,8.5967,64.38
181.103,measure,4952.0,1728.0,8.5571,64.34
181.203,measure,4952.0,1728.0,8.5571,64.44
181.304,measure,4952.0,1728.0,8.5571,64.44
181.404,measure,4952.0,1720.0,8.5174,64.56
181.504,measure,4952.0,1720.0,8.5174,64.50
181.604,measure,4952.0,1712.0,8.4778,64.34
181.704,measure,4952.0,1712.0,8.4778,64.00
181.805,measure,4952.0,1712.0,8.4778,64.34
181.905,measure,4952.0,1712.0,8.4778,64.22
182.005,measure,4952.0,1720.0,8.5174,64.16
182.105,measure,4952.0,1728.0,8.5571,64.50
182.205,measure,4952.0,1736.0,8.5967,64.34
182.305,measure,4952.0,1744.0,8.6363,64.31
182.405,measure,4952.0,1736.0,8.5967,64.38
182.506,measure,4952.0,1736.0,8.5967,64.47
182.606,measure,4952.0,1736.0,8.5967,64.38
182.706,measure,4952.0,1728.0,8.5571,64.31
182.806,measure,4952.0,1720.0,8.5174,64.34
182.907,measure,4952.0,1712.0,8.4778,64.28
183.007,measure,4952.0,1720.0,8.5174,64.25
183.107,measure,4952.0,1720.0,8.5174,64.47
183.207,measure,4952.0,1720.0,8.5174,64.38
183.307,measure,4952.0,1720.0,8.5174,64.31
183.407,measure,4952.0,1728.0,8.5571,64.28
183.508,measure,4952.0,1728.0,8.5571,64.53
183.608,measure,4952.0,1728.0,8.5571,64.34
183.708,measure,4952.0,1728.0,8.5571,64.22
183.808,measure,4952.0,1736.0,8.5967,64.69
183.908,measure,4952.0,1728.0,8.5571,64.47
184.008,measure,4952.0,1728.0,8.5571,64.22
184.108,measure,4952.0,1720.0,8.5174,64.25
184.209,measure,4952.0,1712.0,8.4778,64.22
184.309,measure,4952.0,1712.0,8.4778,64.25
184.409,measure,4952.0,1704.0,8.4382,64.22
184.509,measure,4952.0,1696.0,8.3986,64.22
184.609,measure,4952.0,1712.0,8.4778,64.28
184.709,measure,4952.0,1712.0,8.4778,64.31
184.809,measure,4952.0,1712.0,8.4778,64.25
184.910,measure,4952.0,1712.0,8.4778,64.50
185.010,measure,4952.0,1712.0,8.4778,64.38
185.110,measure,4952.0,1720.0,8.5174,64.25
185.210,measure,4952.0,1728.0,8.5571,64.56
185.310,measure,4952.0,1736.0,8.5967,64.38
185.410,measure,4952.0,1736.0,8.5967,64.34
185.511,measure,4952.0,1728.0,8.5571,64.28
185.611,measure,4952.0,1720.0,8.5174,64.25
185.711,measure,4952.0,1712.0,8.4778,64.31
185.811,measure,4952.0,1712.0,8.4778,64.28
185.912,measure,4952.0,1704.0,8.4382,64.41
186.012,measure,4952.0,1704.0,8.4382,64.25
186.112,measure,4952.0,1704.0,8.4382,64.31
186.212,measure,4952.0,1696.0,8.3986,64.47
186.312,measure,4952.0,1696.0,8.3986,64.34
186.412,measure,4952.0,1704.0,8.4382,64.12
186.513,measure,4952.0,1704.0,8.4382,64.19
186.613,measure,4952.0,1704.0,8.4382,64.41
186.713,measure,4952.0,1720.0,8.5174,64.34
186.813,measure,4952.0,1728.0,8.5571,64.31
186.913,measure,4952.0,1736.0,8.5967,64.59
187.013,measure,4952.0,1728.0,8.5571,64.31
187.113,measure,4952.0,1728.0,8.5571,64.31
187.214,measure,4952.0,1728.0,8.5571,64.38
187.314,measure,4952.0,1728.0,8.5571,64.34
187.414,measure,4952.0,1720.0,8.5174,64.47
187.514,measure,4952.0,1712.0,8.4778,64.38
187.615,measure,4952.0,1712.0,8.4778,64.56
187.715,measure,4952.0,1712.0,8.4778,64.44
187.815,measure,4952.0,1704.0,8.4382,64.38
187.915,measure,4952.0,1704.0,8.4382,64.53
188.015,measure,4952.0,1704.0,8.4382,64.50
188.116,measure,4952.0,1704.0,8.4382,64.38
188.216,measure,4952.0,1696.0,8.3986,64.12
188.316,measure,4952.0,1696.0,8.3986,64.44
188.416,measure,4952.0,1704.0,8.4382,64.16
188.516,measure,4952.0,1704.0,8.4382,64.16
188.616,measure,4952.0,1704.0,8.4382,64.16
188.716,measure,4952.0,1704.0,8.4382,64.16
188.817,measure,4952.0,1720.0,8.5174,64.19
188.917,measure,4952.0,1712.0,8.4778,64.31
189.017,measure,4952.0,1712.0,8.4778,64.31
189.117,measure,4952.0,1720.0,8.5174,64.50
189.217,measure,4952.0,1720.0,8.5174,64.41
189.317,measure,4952.0,1720.0,8.5174,64.34
189.417,measure,4952.0,1720.0,8.5174,64.50
189.518,measure,4952.0,1720.0,8.5174,64.53
189.618,measure,4952.0,1728.0,8.5571,64.34
189.719,measure,4952.0,1720.0,8.5174,64.69
189.819,measure,4952.0,1720.0,8.5174,64.28
189.919,measure,4952.0,1712.0,8.4778,64.28
190.019,measure,4952.0,1712.0,8.4778,64.59
190.119,measure,4952.0,1712.0,8.4778,64.19
190.220,measure,4952.0,1704.0,8.4382,64.31
190.320,measure,4952.0,1704.0,8.4382,64.22
190.420,measure,4952.0,1704.0,8.4382,64.22
190.520,measure,4952.0,1696.0,8.3986,64.31
190.620,measure,4952.0,1696.0,8.3986,64.22
190.720,measure,4952.0,1696.0,8.3986,64.19
190.820,measure,4952.0,1696.0,8.3986,64.34
190.921,measure,4952.0,1696.0,8.3986,64.28
191.021,measure,4952.0,1696.0,8.3986,64.47
191.121,measure,4952.0,1696.0,8.3986,64.41
191.221,measure,4952.0,1704.0,8.4382,64.38
191.321,measure,4952.0,1704.0,8.4382,64.19
191.421,measure,4952.0,1704.0,8.4382,64.44
191.521,measure,4952.0,1704.0,8.4382,64.41
191.622,measure,4952.0,1704.0,8.4382,64.25
191.722,measure,4952.0,1704.0,8.4382,64.59
191.822,measure,4952.0,1704.0,8.4382,64.34
191.922,measure,4952.0,1712.0,8.4778,64.25
192.022,measure,4952.0,1712.0,8.4778,64.44
192.122,measure,4952.0,1712.0,8.4778,64.34
192.222,measure,4952.0,1720.0,8.5174,64.38
192.323,measure,4952.0,1720.0,8.5174,64.50
192.423,measure,4952.0,1720.0,8.5174,64.47
192.523,measure,4952.0,1720.0,8.5174,64.62
192.623,measure,4952.0,1720.0,8.5174,64.47
192.723,measure,4952.0,1712.0,8.4778,64.25
192.824,measure,4952.0,1712.0,8.4778,64.56
192.924,measure,4952.0,1712.0,8.4778,64.41
193.024,measure,4952.0,1704.0,8.4382,64.25
193.124,measure,4952.0,1704.0,8.4382,64.62
193.224,measure,4952.0,1704.0,8.4382,64.28
193.325,measure,4952.0,1704.0,8.4382,64.16
193.425,measure,4952.0,1696.0,8.3986,64.25
193.525,measure,4952.0,1696.0,8.3986,64.19
193.625,measure,4952.0,1696.0,8.3986,64.22
193.725,measure,4952.0,1696.0,8.3986,64.25
193.825,measure,4952.0,1688.0,8.3590,64.25
193.926,measure,4952.0,1688.0,8.3590,64.28
194.026,measure,4952.0,1688.0,8.3590,64.31
194.126,measure,4952.0,1688.0,8.3590,64.31
194.226,measure,4952.0,1696.0,8.3986,64.31
194.326,measure,4952.0,1712.0,8.4778,64.38
194.426,measure,4952.0,1712.0,8.4778,64.25
194.526,measure,4952.0,1712.0,8.4778,64.53
194.627,measure,4952.0,1712.0,8.4778,64.44
194.727,measure,4952.0,1720.0,8.5174,64.25
194.827,measure,4952.0,1720.0,8.5174,64.69
194.927,measure,4952.0,1720.0,8.5174,64.41
195.027,measure,4952.0,1728.0,8.5571,64.31
195.127,measure,4952.0,1728.0,8.5571,64.38
195.227,measure,4952.0,1728.0,8.5571,64.31
195.328,measure,4952.0,1728.0,8.5571,64.38
195.428,measure,4952.0,1728.0,8.5571,64.44
195.528,measure,4952.0,1720.0,8.5174,64.66
195.628,measure,4952.0,1720.0,8.5174,64.53
195.728,measure,4952.0,1720.0,8.5174,64.47
195.828,measure,4952.0,1720.0,8.5174,64.38
195.928,measure,4952.0,1712.0,8.4778,64.47
196.029,measure,4952.0,1712.0,8.4778,64.44
196.129,measure,4952.0,1704.0,8.4382,64.28
196.229,measure,4952.0,1704.0,8.4382,64.50
196.329,measure,4952.0,1704.0,8.4382,64.41
196.429,measure,4952.0,1704.0,8.4382,64.28
196.529,measure,4952.0,1720.0,8.5174,64.22
196.629,measure,4952.0,1720.0,8.5174,64.47
196.730,measure,4952.0,1736.0,8.5967,64.31
196.830,measure,4952.0,1736.0,8.5967,64.34
196.930,measure,4952.0,1728.0,8.5571,64.44
197.030,measure,4952.0,1728.0,8.5571,64.41
197.130,measure,4952.0,1736.0,8.5967,64.53
197.230,measure,4952.0,1728.0,8.5571,64.50
197.331,measure,4952.0,1728.0,8.5571,64.59
197.431,measure,4952.0,1728.0,8.5571,64.41
197.531,measure,4952.0,1720.0,8.5174,64.31
197.631,measure,4952.0,1712.0,8.4778,64.50
197.731,measure,4952.0,1712.0,8.4778,64.31
197.831,measure,4952.0,1712.0,8.4778,64.31
197.931,measure,4952.0,1728.0,8.5571,64.72
198.032,measure,4952.0,1728.0,8.5571,64.53
198.132,measure,4952.0,1728.0,8.5571,64.38
198.232,measure,4952.0,1728.0,8.5571,64.28
198.332,measure,4952.0,1728.0,8.5571,64.56
198.432,measure,4952.0,1728.0,8.5571,64.31
198.532,measure,4952.0,1728.0,8.5571,64.41
198.632,measure,4952.0,1728.0,8.5571,64.50
198.733,measure,4952.0,1736.0,8.5967,64.41
198.833,measure,4952.0,1728.0,8.5571,64.53
198.933,measure,4952.0,1728.0,8.5571,64.47
199.033,measure,4952.0,1720.0,8.5174,64.50
199.133,measure,4952.0,1720.0,8.5174,64.31
199.233,measure,4952.0,1712.0,8.4778,64.31
199.333,measure,4952.0,1704.0,8.4382,64.53
199.434,measure,4952.0,1720.0,8.5174,64.50
199.534,measure,4952.0,1720.0,8.5174,64.31
199.634,measure,4952.0,1720.0,8.5174,64.31
199.734,measure,4952.0,1720.0,8.5174,64.62
199.834,measure,4952.0,1720.0,8.5174,64.34
199.934,measure,4952.0,1720.0,8.5174,64.25
200.034,measure,4952.0,1720.0,8.5174,64.69
200.135,measure,4952.0,1728.0,8.5571,64.47
200.235,measure,4952.0,1728.0,8.5571,64.34
200.335,measure,4952.0,1728.0,8.5571,64.50
200.435,measure,4952.0,1728.0,8.5571,64.50
200.535,measure,4952.0,1728.0,8.5571,64.50
200.635,measure,4952.0,1720.0,8.5174,64.41
200.735,measure,4952.0,1720.0,8.5174,64.50
200.836,measure,4952.0,1720.0,8.5174,64.47
200.936,measure,4952.0,1712.0,8.4778,64.34
201.036,measure,4952.0,1704.0,8.4382,64.56
201.136,measure,4952.0,1712.0,8.4778,64.47
201.236,measure,4952.0,1728.0,8.5571,64.47
201.336,measure,4952.0,1728.0,8.5571,64.25
201.436,measure,4952.0,1728.0,8.5571,64.66
201.537,measure,4952.0,1728.0,8.5571,64.34
201.637,measure,4952.0,1728.0,8.5571,64.41
201.737,measure,4952.0,1736.0,8.5967,64.75
201.837,measure,4952.0,1736.0,8.5967,64.41
201.937,measure,4952.0,1736.0,8.5967,64.44
202.037,measure,4952.0,1736.0,8.5967,64.53
202.137,measure,4952.0,1728.0,8.5571,64.56
202.238,measure,4952.0,1728.0,8.5571,64.50
202.338,measure,4952.0,1720.0,8.5174,64.38
202.438,measure,4952.0,1720.0,8.5174,64.50
202.538,measure,4952.0,1712.0,8.4778,64.47
202.638,measure,4952.0,1704.0,8.4382,64.31
202.738,measure,4952.0,1712.0,8.4778,64.34
202.838,measure,4952.0,1712.0,8.4778,64.47
202.939,measure,4952.0,1712.0,8.4778,64.38
203.039,measure,4952.0,1712.0,8.4778,64.34
203.139,measure,4952.0,1712.0,8.4778,64.59
203.239,measure,4952.0,1720.0,8.5174,64.56
203.339,measure,4952.0,1720.0,8.5174,64.31
203.439,measure,4952.0,1720.0,8.5174,64.47
203.539,measure,4952.0,1720.0,8.5174,64.34
203.640,measure,4952.0,1728.0,8.5571,64.38
203.740,measure,4952.0,1728.0,8.5571,64.47
203.840,measure,4952.0,1728.0,8.5571,64.44
203.940,measure,4952.0,1728.0,8.5571,64.38
204.040,measure,4952.0,1728.0,8.5571,64.50
204.140,measure,4952.0,1728.0,8.5571,64.72
204.240,measure,4952.0,1720.0,8.5174,64.50
204.341,measure,4952.0,1720.0,8.5174,64.47
204.441,measure,4952.0,1712.0,8.4778,64.41
204.541,measure,4952.0,1712.0,8.4778,64.50
204.641,measure,4952.0,1704.0,8.4382,64.50
204.741,measure,4952.0,1704.0,8.4382,64.28
204.841,measure,4952.0,1704.0,8.4382,64.50
204.941,measure,4952.0,1704.0,8.4382,64.50
205.041,measure,4952.0,1712.0,8.4778,64.28
205.142,measure,4952.0,1712.0,8.4778,64.31
205.242,measure,4952.0,1712.0,8.4778,64.41
205.342,measure,4952.0,1712.0,8.4778,64.34
205.442,measure,4952.0,1720.0,8.5174,64.53
205.542,measure,4952.0,1720.0,8.5174,64.44
205.642,measure,4952.0,1728.0,8.5571,64.47
205.742,measure,4952.0,1728.0,8.5571,64.53
205.843,measure,4952.0,1736.0,8.5967,64.62
205.943,measure,4952.0,1736.0,8.5967,64.59
206.043,measure,4952.0,1728.0,8.5571,64.50
206.143,measure,4952.0,1720.0,8.5174,64.50
206.243,measure,4952.0,1720.0,8.5174,64.59
206.343,measure,4952.0,1720.0,8.5174,64.44
206.444,measure,4952.0,1720.0,8.5174,64.38
206.544,measure,4952.0,1720.0,8.5174,64.25
206.644,measure,4952.0,1736.0,8.5967,64.72
206.744,measure,4952.0,1728.0,8.5571,64.34
206.844,measure,4952.0,1744.0,8.6363,64.34
206.944,measure,4952.0,1744.0,8.6363,64.53
207.044,measure,4952.0,1744.0,8.6363,64.44
207.145,measure,4952.0,1736.0,8.5967,64.44
207.245,measure,4952.0,1736.0,8.5967,64.69
207.345,measure,4952.0,1728.0,8.5571,64.59
207.445,measure,4952.0,1728.0,8.5571,64.44
207.545,measure,4952.0,1720.0,8.5174,64.34
207.645,measure,4952.0,1712.0,8.4778,64.56
207.745,measure,4952.0,1712.0,8.4778,64.47
207.846,measure,4952.0,1712.0,8.4778,64.47
207.946,measure,4952.0,1712.0,8.4778,64.75
208.046,measure,4952.0,1712.0,8.4778,64.47
208.146,measure,4952.0,1712.0,8.4778,64.41
208.246,measure,4952.0,1720.0,8.5174,64.34
208.346,measure,4952.0,1736.0,8.5967,64.75
208.446,measure,4952.0,1736.0,8.5967,64.47
208.547,measure,4952.0,1736.0,8.5967,64.41
208.647,measure,4952.0,1736.0,8.5967,64.47
208.747,measure,4952.0,1736.0,8.5967,64.41
208.847,measure,4952.0,1728.0,8.5571,64.41
208.947,measure,4952.0,1720.0,8.5174,64.38
209.047,measure,4952.0,1712.0,8.4778,64.31
209.147,measure,4952.0,1728.0,8.5571,64.56
209.248,measure,4952.0,1728.0,8.5571,64.41
209.348,measure,4952.0,1728.0,8.5571,64.31
209.448,measure,4952.0,1728.0,8.5571,64.59
209.548,measure,4952.0,1728.0,8.5571,64.62
209.648,measure,4952.0,1728.0,8.5571,64.78
209.748,measure,4952.0,1728.0,8.5571,64.72
209.848,measure,4952.0,1736.0,8.5967,64.62
209.949,measure,4952.0,1728.0,8.5571,64.44
210.049,measure,4952.0,1736.0,8.5967,64.78
210.149,measure,4952.0,1736.0,8.5967,64.53
210.249,measure,4952.0,1728.0,8.5571,64.31
210.349,measure,4952.0,1720.0,8.5174,64.75
210.449,measure,4952.0,1712.0,8.4778,64.34
210.549,measure,4952.0,1712.0,8.4778,64.34
210.650,measure,4952.0,1712.0,8.4778,64.34
210.750,measure,4952.0,1712.0,8.4778,64.34
210.850,measure,4952.0,1712.0,8.4778,64.47
210.950,measure,4952.0,1712.0,8.4778,64.50
211.050,measure,4952.0,1712.0,8.4778,64.41
211.150,measure,4952.0,1712.0,8.4778,64.62
211.250,measure,4952.0,1712.0,8.4778,64.62
211.351,measure,4952.0,1720.0,8.5174,64.53
211.451,measure,4952.0,1736.0,8.5967,64.78
211.551,measure,4952.0,1728.0,8.5571,64.72
211.651,measure,4952.0,1728.0,8.5571,64.38
211.751,measure,4952.0,1728.0,8.5571,64.78
211.851,measure,4952.0,1720.0,8.5174,64.38
211.951,measure,4952.0,1712.0,8.4778,64.31
212.052,measure,4952.0,1720.0,8.5174,64.34
212.152,measure,4952.0,1720.0,8.5174,64.41
212.252,measure,4952.0,1720.0,8.5174,64.34
212.352,measure,4952.0,1720.0,8.5174,64.50
212.452,measure,4952.0,1712.0,8.4778,64.38
212.552,measure,4952.0,1720.0,8.5174,64.62
212.652,measure,4952.0,1720.0,8.5174,64.59
212.753,measure,4952.0,1720.0,8.5174,64.50
212.853,measure,4952.0,1720.0,8.5174,64.75
212.953,measure,4952.0,1728.0,8.5571,64.66
213.053,measure,4952.0,1728.0,8.5571,64.53
213.153,measure,4952.0,1728.0,8.5571,64.78
213.253,measure,4952.0,1728.0,8.5571,64.75
213.354,measure,4952.0,1728.0,8.5571,64.50
213.454,measure,4952.0,1720.0,8.5174,64.84
213.554,measure,4952.0,1720.0,8.5174,64.31
213.654,measure,4952.0,1712.0,8.4778,64.41
213.754,measure,4952.0,1712.0,8.4778,64.25
213.854,measure,4952.0,1704.0,8.4382,64.41
213.954,measure,4952.0,1712.0,8.4778,64.38
214.055,measure,4952.0,1720.0,8.5174,64.50
214.155,measure,4952.0,1720.0,8.5174,64.47
214.255,measure,4952.0,1720.0,8.5174,64.69
214.355,measure,4952.0,1720.0,8.5174,64.53
214.455,measure,4952.0,1720.0,8.5174,64.56
214.555,measure,4952.0,1736.0,8.5967,64.84
214.655,measure,4952.0,1736.0,8.5967,64.72
214.756,measure,4952.0,1736.0,8.5967,64.69
214.856,measure,4952.0,1728.0,8.5571,64.81
214.956,measure,4952.0,1720.0,8.5174,64.72
215.056,measure,4952.0,1720.0,8.5174,64.50
215.156,measure,4952.0,1720.0,8.5174,64.34
215.256,measure,4952.0,1712.0,8.4778,64.66
215.357,measure,4952.0,1728.0,8.5571,64.44
215.457,measure,4952.0,1720.0,8.5174,64.31
215.557,measure,4952.0,1720.0,8.5174,64.44
215.657,measure,4952.0,1720.0,8.5174,64.50
215.757,measure,4952.0,1720.0,8.5174,64.66
215.857,measure,4952.0,1728.0,8.5571,64.53
215.957,measure,4952.0,1728.0,8.5571,64.53
216.058,measure,4952.0,1728.0,8.5571,64.75
216.158,measure,4952.0,1728.0,8.5571,64.53
216.258,measure,4952.0,1728.0,8.5571,64.72
216.358,measure,4952.0,1728.0,8.5571,64.78
216.458,measure,4952.0,1728.0,8.5571,64.69
216.558,measure,4952.0,1728.0,8.5571,64.84
216.658,measure,4952.0,1728.0,8.5571,64.78
216.759,measure,4952.0,1720.0,8.5174,64.44
216.859,measure,4952.0,1720.0,8.5174,64.44
216.959,measure,4952.0,1712.0,8.4778,64.41
217.059,measure,4952.0,1712.0,8.4778,64.31
217.159,measure,4952.0,1704.0,8.4382,64.41
217.259,measure,4952.0,1704.0,8.4382,64.38
217.360,measure,4952.0,1704.0,8.4382,64.31
217.460,measure,4952.0,1712.0,8.4778,64.50
217.560,measure,4952.0,1720.0,8.5174,64.50
217.660,measure,4952.0,1720.0,8.5174,64.53
217.760,measure,4952.0,1720.0,8.5174,64.66
217.860,measure,4952.0,1720.0,8.5174,64.62
217.960,measure,4952.0,1720.0,8.5174,64.88
218.061,measure,4952.0,1728.0,8.5571,64.78
218.161,measure,4952.0,1736.0,8.5967,64.81
218.261,measure,4952.0,1736.0,8.5967,64.50
218.361,measure,4952.0,1728.0,8.5571,64.88
218.461,measure,4952.0,1720.0,8.5174,64.56
218.562,measure,4952.0,1712.0,8.4778,64.56
218.662,measure,4952.0,1712.0,8.4778,64.56
218.763,measure,4952.0,1712.0,8.4778,64.47
218.863,measure,4952.0,1712.0,8.4778,64.50
218.963,measure,4952.0,1704.0,8.4382,64.47
219.063,measure,4952.0,1704.0,8.4382,64.38
219.163,measure,4952.0,1696.0,8.3986,64.53
219.263,measure,4952.0,1712.0,8.4778,64.47
219.363,measure,4952.0,1712.0,8.4778,64.78
219.464,measure,4952.0,1720.0,8.5174,64.69
219.564,measure,4952.0,1720.0,8.5174,64.69
219.664,measure,4952.0,1720.0,8.5174,64.81
219.764,measure,4952.0,1728.0,8.5571,64.78
219.864,measure,4952.0,1728.0,8.5571,64.59
219.964,measure,4952.0,1728.0,8.5571,64.53
220.064,measure,4952.0,1728.0,8.5571,64.84
220.165,measure,4952.0,1728.0,8.5571,64.62
220.265,measure,4952.0,1728.0,8.5571,64.53
220.365,measure,4952.0,1728.0,8.5571,64.62
220.465,measure,4952.0,1720.0,8.5174,64.62
220.565,measure,4952.0,1720.0,8.5174,64.56
220.665,measure,4952.0,1712.0,8.4778,64.53
220.766,measure,4952.0,1712.0,8.4778,64.44
220.866,measure,4952.0,1704.0,8.4382,64.56
220.966,measure,4952.0,1704.0,8.4382,64.47
221.066,measure,4952.0,1696.0,8.3986,64.69
221.166,measure,4952.0,1696.0,8.3986,64.56
221.266,measure,4952.0,1696.0,8.3986,64.50
221.366,measure,4952.0,1712.0,8.4778,64.44
221.467,measure,4952.0,1712.0,8.4778,64.75
221.567,measure,4952.0,1712.0,8.4778,64.47
221.667,measure,4952.0,1736.0,8.5967,64.62
221.767,measure,4952.0,1728.0,8.5571,64.84
221.867,measure,4952.0,1744.0,8.6363,64.62
221.967,measure,4952.0,1736.0,8.5967,64.75
222.068,measure,4952.0,1728.0,8.5571,64.66
222.168,measure,4952.0,1728.0,8.5571,64.78
222.268,measure,4952.0,1720.0,8.5174,64.62
222.368,measure,4952.0,1720.0,8.5174,64.56
222.468,measure,4952.0,1712.0,8.4778,64.69
222.569,measure,4952.0,1704.0,8.4382,64.69
222.669,measure,4952.0,1704.0,8.4382,64.53
222.769,measure,4952.0,1704.0,8.4382,64.72
222.869,measure,4952.0,1704.0,8.4382,64.66
222.969,measure,4952.0,1712.0,8.4778,64.59
223.069,measure,4952.0,1720.0,8.5174,64.53
223.169,measure,4952.0,1728.0,8.5571,64.81
223.270,measure,4952.0,1736.0,8.5967,64.62
223.370,measure,4944.0,1744.0,8.6223,64.59
223.470,measure,4952.0,1736.0,8.5967,64.62
223.571,measure,4952.0,1728.0,8.5571,64.59
223.671,measure,4952.0,1720.0,8.5174,64.66
223.771,measure,4952.0,1720.0,8.5174,64.56
223.871,measure,4952.0,1712.0,8.4778,64.47
223.972,measure,4952.0,1712.0,8.4778,64.56
224.072,measure,4952.0,1704.0,8.4382,64.47
224.172,measure,4952.0,1704.0,8.4382,64.69
224.272,measure,4952.0,1704.0,8.4382,64.62
224.372,measure,4952.0,1720.0,8.5174,64.66
224.472,measure,4952.0,1728.0,8.5571,64.91
224.573,measure,4952.0,1736.0,8.5967,64.81
224.673,measure,4952.0,1736.0,8.5967,64.62
224.773,measure,4952.0,1736.0,8.5967,64.56
224.873,measure,4952.0,1736.0,8.5967,64.88
224.973,measure,4952.0,1736.0,8.5967,64.56
225.073,measure,4952.0,1728.0,8.5571,64.66
225.173,measure,4952.0,1720.0,8.5174,64.50
225.274,measure,4952.0,1720.0,8.5174,64.62
225.374,measure,4952.0,1712.0,8.4778,64.56
225.474,measure,4952.0,1720.0,8.5174,64.59
225.574,measure,4952.0,1720.0,8.5174,64.47
225.674,measure,4952.0,1712.0,8.4778,64.66
225.774,measure,4952.0,1712.0,8.4778,64.53
225.874,measure,4952.0,1712.0,8.4778,64.94
225.974,measure,4952.0,1712.0,8.4778,64.78
226.075,measure,4952.0,1720.0,8.5174,64.66
226.175,measure,4952.0,1720.0,8.5174,64.53
226.275,measure,4952.0,1728.0,8.5571,64.81
226.375,measure,4952.0,1728.0,8.5571,64.78
226.475,measure,4952.0,1728.0,8.5571,64.59
226.575,measure,4952.0,1728.0,8.5571,64.94
226.675,measure,4952.0,1736.0,8.5967,64.62
226.776,measure,4952.0,1728.0,8.5571,64.62
226.876,measure,4952.0,1720.0,8.5174,64.66
226.976,measure,4952.0,1720.0,8.5174,64.56
227.077,measure,4952.0,1720.0,8.5174,64.62
227.177,measure,4952.0,1712.0,8.4778,64.69
227.277,measure,4952.0,1712.0,8.4778,64.53
227.377,measure,4952.0,1712.0,8.4778,64.75
227.477,measure,4952.0,1704.0,8.4382,64.59
227.577,measure,4952.0,1712.0,8.4778,64.78
227.677,measure,4952.0,1712.0,8.4778,64.72
227.777,measure,4952.0,1712.0,8.4778,64.56
227.878,measure,4952.0,1712.0,8.4778,64.50
227.978,measure,4952.0,1720.0,8.5174,64.72
228.078,measure,4952.0,1736.0,8.5967,64.62
228.178,measure,4952.0,1744.0,8.6363,64.66
228.278,measure,4952.0,1744.0,8.6363,64.97
228.378,measure,4952.0,1744.0,8.6363,64.72
228.478,measure,4952.0,1736.0,8.5967,64.53
228.579,measure,4952.0,1728.0,8.5571,64.53
228.679,measure,4952.0,1720.0,8.5174,64.53
228.779,measure,4952.0,1720.0,8.5174,64.69
228.879,measure,4952.0,1712.0,8.4778,64.62
228.979,measure,4952.0,1704.0,8.4382,64.50
229.079,measure,4952.0,1712.0,8.4778,64.62
229.180,measure,4952.0,1712.0,8.4778,64.56
229.280,measure,4952.0,1712.0,8.4778,64.56
229.380,measure,4952.0,1720.0,8.5174,64.75
229.480,measure,4952.0,1712.0,8.4778,64.62
229.580,measure,4952.0,1712.0,8.4778,64.50
229.680,measure,4952.0,1720.0,8.5174,64.81
229.781,measure,4952.0,1720.0,8.5174,64.56
229.881,measure,4952.0,1728.0,8.5571,64.66
229.981,measure,4952.0,1728.0,8.5571,64.69
230.081,measure,4952.0,1728.0,8.5571,64.72
230.181,measure,4952.0,1728.0,8.5571,64.59
230.281,measure,4952.0,1728.0,8.5571,64.72
230.382,measure,4952.0,1728.0,8.5571,64.94
230.483,measure,4952.0,1720.0,8.5174,64.75
230.583,measure,4952.0,1720.0,8.5174,64.78
230.683,measure,4952.0,1712.0,8.4778,64.91
230.783,measure,4952.0,1712.0,8.4778,64.72
230.883,measure,4952.0,1712.0,8.4778,64.62
230.983,measure,4952.0,1704.0,8.4382,64.50
231.083,measure,4952.0,1704.0,8.4382,64.69
231.184,measure,4952.0,1720.0,8.5174,64.69
231.284,measure,4952.0,1720.0,8.5174,64.47
231.384,measure,4952.0,1720.0,8.5174,64.84
231.484,measure,4952.0,1728.0,8.5571,64.66
231.584,measure,4952.0,1720.0,8.5174,64.50
231.684,measure,4952.0,1728.0,8.5571,64.69
231.784,measure,4952.0,1728.0,8.5571,64.72
231.885,measure,4952.0,1728.0,8.5571,64.88
231.985,measure,4952.0,1736.0,8.5967,64.72
232.085,measure,4952.0,1736.0,8.5967,64.72
232.185,measure,4952.0,1736.0,8.5967,64.84
232.285,measure,4952.0,1728.0,8.5571,64.72
232.385,measure,4952.0,1728.0,8.5571,64.69
232.486,measure,4952.0,1720.0,8.5174,64.78
232.586,measure,4952.0,1712.0,8.4778,64.66
232.686,measure,4952.0,1712.0,8.4778,64.41
232.786,measure,4952.0,1704.0,8.4382,64.78
232.886,measure,4952.0,1704.0,8.4382,64.69
232.986,measure,4952.0,1712.0,8.4778,64.50
233.086,measure,4952.0,1720.0,8.5174,64.50
233.187,measure,4952.0,1728.0,8.5571,64.66
233.287,measure,4952.0,1736.0,8.5967,64.62
233.387,measure,4952.0,1736.0,8.5967,64.78
233.487,measure,4952.0,1728.0,8.5571,64.66
233.587,measure,4952.0,1736.0,8.5967,64.78
233.688,measure,4952.0,1728.0,8.5571,64.84
233.788,measure,4952.0,1728.0,8.5571,64.97
233.889,measure,4952.0,1720.0,8.5174,64.91
233.989,measure,4952.0,1720.0,8.5174,64.78
234.089,measure,4952.0,1720.0,8.5174,64.47
234.189,measure,4952.0,1712.0,8.4778,64.81
234.289,measure,4952.0,1712.0,8.4778,64.75
234.389,measure,4952.0,1704.0,8.4382,64.50
234.490,measure,4952.0,1712.0,8.4778,64.78
234.590,measure,4952.0,1712.0,8.4778,64.50
234.690,measure,4952.0,1712.0,8.4778,64.56
234.790,measure,4952.0,1712.0,8.4778,64.66
234.890,measure,4952.0,1712.0,8.4778,64.59
234.990,measure,4952.0,1712.0,8.4778,64.72
235.090,measure,4952.0,1712.0,8.4778,64.72
235.191,measure,4952.0,1736.0,8.5967,64.62
235.291,measure,4952.0,1736.0,8.5967,64.91
235.391,measure,4952.0,1736.0,8.5967,64.78
235.491,measure,4952.0,1736.0,8.5967,64.78
235.591,measure,4952.0,1736.0,8.5967,64.94
235.691,measure,4952.0,1728.0,8.5571,64.78
235.791,measure,4952.0,1720.0,8.5174,64.62
235.892,measure,4952.0,1720.0,8.5174,64.81
235.992,measure,4952.0,1712.0,8.4778,64.78
236.092,measure,4952.0,1720.0,8.5174,64.59
236.192,measure,4952.0,1720.0,8.5174,64.53
236.292,measure,4952.0,1720.0,8.5174,64.66
236.392,measure,4952.0,1728.0,8.5571,64.66
236.492,measure,4952.0,1744.0,8.6363,64.84
236.593,measure,4944.0,1744.0,8.6223,64.78
236.693,measure,4944.0,1744.0,8.6223,64.88
236.793,measure,4952.0,1736.0,8.5967,64.75
236.894,measure,4952.0,1728.0,8.5571,64.72
236.994,measure,4952.0,1720.0,8.5174,64.78
237.094,measure,4952.0,1720.0,8.5174,64.78
237.194,measure,4952.0,1712.0,8.4778,64.69
237.294,measure,4952.0,1712.0,8.4778,64.78
237.394,measure,4952.0,1704.0,8.4382,64.72
237.494,measure,4952.0,1712.0,8.4778,64.53
237.595,measure,4952.0,1712.0,8.4778,64.88
237.695,measure,4952.0,1712.0,8.4778,64.75
237.795,measure,4952.0,1712.0,8.4778,64.53
237.895,measure,4952.0,1712.0,8.4778,64.53
237.995,measure,4952.0,1712.0,8.4778,64.66
238.095,measure,4952.0,1720.0,8.5174,64.66
238.195,measure,4952.0,1720.0,8.5174,64.72
238.296,measure,4952.0,1728.0,8.5571,64.69
238.396,measure,4952.0,1728.0,8.5571,64.91
238.496,measure,4952.0,1728.0,8.5571,64.78
238.596,measure,4952.0,1728.0,8.5571,64.78
238.696,measure,4952.0,1728.0,8.5571,64.88
238.796,measure,4952.0,1728.0,8.5571,64.88
238.897,measure,4952.0,1720.0,8.5174,64.66
238.997,measure,4952.0,1720.0,8.5174,64.84
239.097,measure,4952.0,1712.0,8.4778,64.84
239.197,measure,4952.0,1712.0,8.4778,64.59
239.297,measure,4952.0,1704.0,8.4382,64.56
239.397,measure,4952.0,1704.0,8.4382,64.88
239.497,measure,4952.0,1704.0,8.4382,64.53
239.598,measure,4952.0,1696.0,8.3986,64.44
239.698,measure,4952.0,1696.0,8.3986,64.53
239.798,measure,4952.0,1704.0,8.4382,64.50
239.898,measure,4952.0,1704.0,8.4382,64.72
239.998,measure,4952.0,1704.0,8.4382,64.56
240.098,measure,4952.0,1704.0,8.4382,64.59
240.198,measure,4952.0,1720.0,8.5174,64.91
240.299,measure,4952.0,1720.0,8.5174,64.69
240.399,measure,4952.0,1728.0,8.5571,64.94
240.499,measure,4952.0,1728.0,8.5571,64.81
240.599,measure,4952.0,1744.0,8.6363,64.81
240.699,measure,4952.0,1736.0,8.5967,65.00
240.799,measure,4952.0,1736.0,8.5967,64.84
240.899,measure,4952.0,1728.0,8.5571,64.56
241.000,measure,4952.0,1720.0,8.5174,64.56
241.100,measure,4952.0,1712.0,8.4778,64.84
241.200,measure,4952.0,1712.0,8.4778,64.56
241.300,measure,4952.0,1704.0,8.4382,64.53
241.400,measure,4952.0,1704.0,8.4382,64.56
241.500,measure,4952.0,1704.0,8.4382,64.53
241.601,measure,4952.0,1712.0,8.4778,64.66
241.701,measure,4952.0,1712.0,8.4778,64.66
241.801,measure,4952.0,1728.0,8.5571,64.69
241.901,measure,4952.0,1736.0,8.5967,64.91
242.001,measure,4952.0,1744.0,8.6363,64.81
242.101,measure,4952.0,1744.0,8.6363,65.00
242.201,measure,4952.0,1744.0,8.6363,64.97
242.302,measure,4952.0,1736.0,8.5967,64.69
242.402,measure,4952.0,1736.0,8.5967,65.09
242.502,measure,4952.0,1728.0,8.5571,64.91
242.602,measure,4952.0,1720.0,8.5174,64.53
242.702,measure,4952.0,1712.0,8.4778,64.50
242.802,measure,4952.0,1712.0,8.4778,64.88
242.902,measure,4952.0,1704.0,8.4382,64.66
243.003,measure,4952.0,1704.0,8.4382,64.56
243.103,measure,4952.0,1704.0,8.4382,64.59
243.203,measure,4952.0,1704.0,8.4382,64.59
243.303,measure,4952.0,1704.0,8.4382,64.72
243.403,measure,4952.0,1712.0,8.4778,64.69
243.503,measure,4952.0,1712.0,8.4778,64.62
243.604,measure,4952.0,1712.0,8.4778,64.84
243.704,measure,4952.0,1712.0,8.4778,64.78
243.804,measure,4952.0,1712.0,8.4778,65.00
243.904,measure,4952.0,1712.0,8.4778,64.84
244.004,measure,4952.0,1720.0,8.5174,64.78
244.104,measure,4952.0,1720.0,8.5174,64.66
244.204,measure,4952.0,1720.0,8.5174,64.94
244.305,measure,4952.0,1720.0,8.5174,64.72
244.405,measure,4952.0,1728.0,8.5571,64.72
244.505,measure,4952.0,1728.0,8.5571,65.03
244.605,measure,4952.0,1720.0,8.5174,64.75
244.705,measure,4952.0,1720.0,8.5174,64.81
244.806,measure,4952.0,1712.0,8.4778,64.75
244.906,measure,4952.0,1712.0,8.4778,64.78
245.007,measure,4952.0,1712.0,8.4778,64.75
245.107,measure,4952.0,1704.0,8.4382,64.69
245.207,measure,4952.0,1712.0,8.4778,64.78
245.307,measure,4952.0,1712.0,8.4778,64.75
245.407,measure,4952.0,1712.0,8.4778,64.66
245.507,measure,4952.0,1712.0,8.4778,64.97
245.608,measure,4952.0,1712.0,8.4778,64.81
245.708,measure,4952.0,1712.0,8.4778,64.66
245.808,measure,4952.0,1720.0,8.5174,64.66
245.908,measure,4952.0,1712.0,8.4778,64.91
246.008,measure,4952.0,1728.0,8.5571,64.78
246.108,measure,4944.0,1736.0,8.5828,64.69
246.209,measure,4944.0,1736.0,8.5828,64.78
246.309,measure,4944.0,1728.0,8.5432,64.84
246.409,measure,4952.0,1728.0,8.5571,64.81
246.510,measure,4952.0,1720.0,8.5174,64.78
246.610,measure,4952.0,1720.0,8.5174,64.88
246.710,measure,4952.0,1712.0,8.4778,64.78
246.810,measure,4952.0,1712.0,8.4778,64.75
246.910,measure,4952.0,1704.0,8.4382,64.88
247.010,measure,4952.0,1704.0,8.4382,64.78
247.110,measure,4952.0,1696.0,8.3986,64.66
247.211,measure,4952.0,1696.0,8.3986,64.50
247.311,measure,4952.0,1696.0,8.3986,64.81
247.411,measure,4952.0,1704.0,8.4382,64.53
247.511,measure,4952.0,1704.0,8.4382,64.59
247.611,measure,4952.0,1720.0,8.5174,64.88
247.711,measure,4952.0,1720.0,8.5174,64.66
247.811,measure,4952.0,1720.0,8.5174,64.69
247.912,measure,4952.0,1720.0,8.5174,64.81
248.012,measure,4952.0,1728.0,8.5571,64.78
248.112,measure,4952.0,1728.0,8.5571,64.84
248.212,measure,4952.0,1728.0,8.5571,64.91
248.312,measure,4952.0,1728.0,8.5571,64.84
248.412,measure,4952.0,1728.0,8.5571,64.88
248.512,measure,4952.0,1720.0,8.5174,64.84
248.613,measure,4952.0,1720.0,8.5174,65.03
248.713,measure,4952.0,1720.0,8.5174,64.91
248.813,measure,4952.0,1712.0,8.4778,64.84
248.913,measure,4952.0,1712.0,8.4778,64.59
249.013,measure,4952.0,1712.0,8.4778,64.88
249.113,measure,4952.0,1704.0,8.4382,64.59
249.214,measure,4952.0,1704.0,8.4382,64.56
249.314,measure,4952.0,1704.0,8.4382,64.69
249.414,measure,4952.0,1712.0,8.4778,64.62
249.514,measure,4952.0,1712.0,8.4778,64.62
249.614,measure,4952.0,1712.0,8.4778,64.69
249.714,measure,4952.0,1712.0,8.4778,64.66
249.814,measure,4952.0,1712.0,8.4778,64.91
249.915,measure,4952.0,1712.0,8.4778,64.72
250.015,measure,4952.0,1720.0,8.5174,64.78
250.115,measure,4952.0,1720.0,8.5174,64.94
250.215,measure,4952.0,1728.0,8.5571,64.84
250.315,measure,4952.0,1728.0,8.5571,64.69
250.415,measure,4944.0,1736.0,8.5828,65.16
250.515,measure,4944.0,1728.0,8.5432,64.97
250.616,measure,4952.0,1728.0,8.5571,64.69
250.716,measure,4952.0,1720.0,8.5174,64.97
250.816,measure,4952.0,1720.0,8.5174,64.69
250.916,measure,4952.0,1712.0,8.4778,64.59
251.016,measure,4952.0,1704.0,8.4382,64.72
251.116,measure,4952.0,1704.0,8.4382,64.69
251.217,measure,4952.0,1704.0,8.4382,64.72
251.317,measure,4952.0,1696.0,8.3986,64.72
251.417,measure,4952.0,1696.0,8.3986,64.59
251.517,measure,4952.0,1704.0,8.4382,64.78
251.617,measure,4952.0,1720.0,8.5174,64.78
251.717,measure,4952.0,1712.0,8.4778,65.06
251.817,measure,4952.0,1720.0,8.5174,64.81
251.918,measure,4952.0,1720.0,8.5174,64.81
252.018,measure,4952.0,1720.0,8.5174,64.81
252.118,measure,4952.0,1720.0,8.5174,65.00
252.218,measure,4952.0,1728.0,8.5571,64.91
252.318,measure,4952.0,1728.0,8.5571,64.75
252.418,measure,4952.0,1728.0,8.5571,65.12
252.518,measure,4952.0,1728.0,8.5571,64.78
252.619,measure,4952.0,1728.0,8.5571,64.78
252.719,measure,4952.0,1728.0,8.5571,64.78
252.819,measure,4952.0,1720.0,8.5174,64.72
252.919,measure,4952.0,1712.0,8.4778,64.75
253.019,measure,4952.0,1712.0,8.4778,64.62
253.120,measure,4952.0,1712.0,8.4778,64.81
253.220,measure,4952.0,1704.0,8.4382,64.78
253.320,measure,4952.0,1704.0,8.4382,64.69
253.420,measure,4952.0,1704.0,8.4382,64.62
253.520,measure,4952.0,1704.0,8.4382,64.81
253.620,measure,4952.0,1704.0,8.4382,64.78
253.721,measure,4952.0,1712.0,8.4778,64.53
253.821,measure,4952.0,1728.0,8.5571,65.03
253.921,measure,4952.0,1720.0,8.5174,64.97
254.021,measure,4952.0,1728.0,8.5571,64.78
254.121,measure,4952.0,1728.0,8.5571,64.72
254.221,measure,4952.0,1728.0,8.5571,64.78
254.321,measure,4952.0,1736.0,8.5967,64.78
254.422,measure,4952.0,1728.0,8.5571,64.91
254.522,measure,4952.0,1720.0,8.5174,64.88
254.622,measure,4952.0,1720.0,8.5174,64.81
254.722,measure,4952.0,1720.0,8.5174,64.81
254.822,measure,4952.0,1712.0,8.4778,64.78
254.922,measure,4952.0,1704.0,8.4382,64.84
255.022,measure,4952.0,1704.0,8.4382,64.78
255.123,measure,4952.0,1704.0,8.4382,64.62
255.223,measure,4952.0,1704.0,8.4382,64.78
255.323,measure,4952.0,1704.0,8.4382,64.78
255.423,measure,4952.0,1712.0,8.4778,64.62
255.523,measure,4952.0,1712.0,8.4778,64.94
255.623,measure,4952.0,1720.0,8.5174,64.88
255.723,measure,4952.0,1736.0,8.5967,64.81
255.824,measure,4944.0,1744.0,8.6223,64.78
255.924,measure,4944.0,1744.0,8.6223,64.84
256.024,measure,4944.0,1736.0,8.5828,64.84
256.124,measure,4944.0,1728.0,8.5432,64.88
256.225,measure,4952.0,1720.0,8.5174,64.78
256.325,measure,4952.0,1720.0,8.5174,64.94
256.425,measure,4952.0,1712.0,8.4778,64.84
256.525,measure,4952.0,1712.0,8.4778,64.97
256.626,measure,4952.0,1704.0,8.4382,64.81
256.726,measure,4952.0,1704.0,8.4382,64.78
256.826,measure,4952.0,1704.0,8.4382,64.69
256.926,measure,4952.0,1696.0,8.3986,64.84
257.026,measure,4952.0,1696.0,8.3986,64.75
257.126,measure,4952.0,1696.0,8.3986,64.56
257.226,measure,4952.0,1704.0,8.4382,64.62
257.327,measure,4952.0,1704.0,8.4382,64.91
257.427,measure,4952.0,1704.0,8.4382,64.69
257.527,measure,4952.0,1712.0,8.4778,64.62
257.627,measure,4952.0,1712.0,8.4778,64.81
257.727,measure,4952.0,1712.0,8.4778,64.78
257.827,measure,4952.0,1720.0,8.5174,64.91
257.927,measure,4952.0,1720.0,8.5174,64.78
258.028,measure,4952.0,1720.0,8.5174,64.78
258.128,measure,4952.0,1736.0,8.5967,65.00
258.228,measure,4952.0,1736.0,8.5967,64.91
258.328,measure,4952.0,1728.0,8.5571,64.97
258.429,measure,4952.0,1720.0,8.5174,64.97
258.529,measure,4952.0,1720.0,8.5174,64.75
258.629,measure,4952.0,1712.0,8.4778,65.09
258.729,measure,4952.0,1712.0,8.4778,64.94
258.830,measure,4952.0,1712.0,8.4778,64.75
258.930,measure,4952.0,1704.0,8.4382,64.72
259.030,measure,4952.0,1704.0,8.4382,64.66
259.130,measure,4952.0,1704.0,8.4382,64.62
259.230,measure,4952.0,1712.0,8.4778,64.78
259.330,measure,4952.0,1712.0,8.4778,64.78
259.430,measure,4952.0,1720.0,8.5174,64.94
259.531,measure,4952.0,1728.0,8.5571,64.91
259.631,measure,4952.0,1728.0,8.5571,64.88
259.731,measure,4944.0,1744.0,8.6223,65.12
259.831,measure,4944.0,1744.0,8.6223,64.91
259.931,measure,4952.0,1736.0,8.5967,64.91
260.031,measure,4952.0,1728.0,8.5571,65.03
260.132,measure,4952.0,1728.0,8.5571,65.00
260.232,measure,4952.0,1728.0,8.5571,64.66
260.332,measure,4952.0,1720.0,8.5174,65.06
260.432,measure,4952.0,1712.0,8.4778,64.91
260.532,measure,4952.0,1712.0,8.4778,64.53
260.632,measure,4952.0,1704.0,8.4382,64.75
260.732,measure,4952.0,1704.0,8.4382,64.75
260.833,measure,4952.0,1712.0,8.4778,64.62
260.933,measure,4952.0,1712.0,8.4778,64.72
261.033,measure,4952.0,1720.0,8.5174,64.75
261.133,measure,4952.0,1728.0,8.5571,64.72
261.233,measure,4952.0,1728.0,8.5571,64.88
261.333,measure,4952.0,1728.0,8.5571,64.78
261.434,measure,4952.0,1728.0,8.5571,65.03
261.534,measure,4952.0,1728.0,8.5571,65.00
261.634,measure,4952.0,1744.0,8.6363,65.00
261.734,measure,4952.0,1736.0,8.5967,65.16
261.835,measure,4952.0,1728.0,8.5571,65.06
261.935,measure,4952.0,1728.0,8.5571,64.78
262.035,measure,4952.0,1728.0,8.5571,64.75
262.135,measure,4952.0,1720.0,8.5174,64.62
262.236,measure,4952.0,1720.0,8.5174,64.84
262.336,measure,4952.0,1720.0,8.5174,64.78
262.436,measure,4952.0,1720.0,8.5174,64.69
262.536,measure,4952.0,1728.0,8.5571,64.78
262.636,measure,4952.0,1736.0,8.5967,64.97
262.736,measure,4944.0,1744.0,8.6223,64.91
262.837,measure,4944.0,1744.0,8.6223,65.12
262.937,measure,4952.0,1744.0,8.6363,64.94
263.037,measure,4952.0,1736.0,8.5967,64.94
263.137,measure,4952.0,1736.0,8.5967,65.19
263.237,measure,4952.0,1728.0,8.5571,65.03
263.337,measure,4952.0,1720.0,8.5174,64.81
263.437,measure,4952.0,1720.0,8.5174,65.22
263.538,measure,4952.0,1712.0,8.4778,64.94
263.638,measure,4952.0,1712.0,8.4778,64.72
263.738,measure,4952.0,1704.0,8.4382,64.66
263.838,measure,4952.0,1712.0,8.4778,64.78
263.938,measure,4952.0,1720.0,8.5174,64.69
264.038,measure,4952.0,1720.0,8.5174,64.62
264.138,measure,4952.0,1720.0,8.5174,64.78
264.239,measure,4952.0,1720.0,8.5174,64.69
264.339,measure,4952.0,1712.0,8.4778,64.94
264.439,measure,4952.0,1720.0,8.5174,64.81
264.539,measure,4952.0,1720.0,8.5174,65.00
264.639,measure,4952.0,1720.0,8.5174,64.91
264.739,measure,4952.0,1728.0,8.5571,64.84
264.840,measure,4952.0,1728.0,8.5571,65.19
264.940,measure,4952.0,1728.0,8.5571,64.97
265.040,measure,4952.0,1728.0,8.5571,64.94
265.140,measure,4952.0,1728.0,8.5571,64.84
265.240,measure,4952.0,1728.0,8.5571,65.16
265.340,measure,4952.0,1720.0,8.5174,64.84
265.441,measure,4952.0,1720.0,8.5174,64.84
265.542,measure,4952.0,1720.0,8.5174,64.78
265.642,measure,4952.0,1712.0,8.4778,64.81
265.742,measure,4952.0,1712.0,8.4778,64.81
265.842,measure,4952.0,1712.0,8.4778,64.69
265.942,measure,4952.0,1712.0,8.4778,64.81
266.042,measure,4952.0,1712.0,8.4778,64.84
266.142,measure,4952.0,1712.0,8.4778,64.84
266.243,measure,4952.0,1712.0,8.4778,65.03
266.343,measure,4952.0,1712.0,8.4778,64.91
266.443,measure,4952.0,1712.0,8.4778,64.84
266.543,measure,4952.0,1712.0,8.4778,65.19
266.643,measure,4952.0,1712.0,8.4778,64.94
266.743,measure,4952.0,1720.0,8.5174,64.88
266.844,measure,4952.0,1736.0,8.5967,64.78
266.944,measure,4952.0,1736.0,8.5967,65.19
267.044,measure,4952.0,1736.0,8.5967,64.91
267.145,measure,4952.0,1728.0,8.5571,64.81
267.245,measure,4952.0,1720.0,8.5174,64.88
267.345,measure,4952.0,1720.0,8.5174,64.91
267.445,measure,4952.0,1712.0,8.4778,64.88
267.545,measure,4952.0,1712.0,8.4778,64.88
267.645,measure,4952.0,1704.0,8.4382,64.88
267.745,measure,4952.0,1712.0,8.4778,64.88
267.846,measure,4952.0,1712.0,8.4778,64.81
267.946,measure,4952.0,1712.0,8.4778,65.03
268.046,measure,4952.0,1712.0,8.4778,64.91
268.146,measure,4952.0,1720.0,8.5174,64.84
268.246,measure,4952.0,1728.0,8.5571,64.84
268.346,measure,4952.0,1728.0,8.5571,65.06
268.447,measure,4952.0,1728.0,8.5571,64.91
268.547,measure,4952.0,1728.0,8.5571,64.81
268.647,measure,4952.0,1728.0,8.5571,64.91
268.747,measure,4952.0,1728.0,8.5571,64.94
268.847,measure,4952.0,1728.0,8.5571,65.00
268.947,measure,4952.0,1728.0,8.5571,65.00
269.048,measure,4952.0,1728.0,8.5571,65.06
269.148,measure,4952.0,1720.0,8.5174,64.97
269.249,measure,4952.0,1720.0,8.5174,64.94
269.349,measure,4952.0,1720.0,8.5174,65.06
269.449,measure,4952.0,1712.0,8.4778,64.88
269.549,measure,4952.0,1712.0,8.4778,64.66
269.649,measure,4952.0,1720.0,8.5174,65.00
269.749,measure,4952.0,1728.0,8.5571,65.03
269.850,measure,4952.0,1728.0,8.5571,64.81
269.950,measure,4952.0,1728.0,8.5571,64.78
270.050,measure,4952.0,1736.0,8.5967,64.94
270.150,measure,4952.0,1744.0,8.6363,64.91
270.250,measure,4952.0,1736.0,8.5967,64.97
270.350,measure,4952.0,1736.0,8.5967,64.97
270.450,measure,4952.0,1728.0,8.5571,65.06
270.551,measure,4952.0,1728.0,8.5571,64.94
270.651,measure,4952.0,1720.0,8.5174,64.81
270.751,measure,4952.0,1720.0,8.5174,64.97
270.851,measure,4952.0,1712.0,8.4778,64.88
270.951,measure,4952.0,1712.0,8.4778,64.84
271.051,measure,4952.0,1704.0,8.4382,64.94
271.151,measure,4952.0,1704.0,8.4382,64.91
271.252,measure,4952.0,1704.0,8.4382,64.78
271.352,measure,4952.0,1704.0,8.4382,64.66
271.452,measure,4952.0,1712.0,8.4778,64.97
271.552,measure,4952.0,1712.0,8.4778,64.78
271.652,measure,4952.0,1712.0,8.4778,64.72
271.752,measure,4952.0,1712.0,8.4778,64.78
271.852,measure,4952.0,1720.0,8.5174,64.94
271.953,measure,4952.0,1720.0,8.5174,65.00
272.053,measure,4952.0,1720.0,8.5174,64.91
272.153,measure,4952.0,1728.0,8.5571,64.94
272.253,measure,4952.0,1728.0,8.5571,65.03
272.353,measure,4952.0,1728.0,8.5571,65.00
272.453,measure,4952.0,1728.0,8.5571,65.19
272.554,measure,4952.0,1720.0,8.5174,65.12
272.654,measure,4952.0,1720.0,8.5174,64.84
272.754,measure,4952.0,1712.0,8.4778,65.25
272.855,measure,4952.0,1712.0,8.4778,65.09
272.955,measure,4952.0,1712.0,8.4778,64.78
273.055,measure,4952.0,1712.0,8.4778,64.75
273.155,measure,4952.0,1704.0,8.4382,65.00
273.255,measure,4952.0,1704.0,8.4382,64.81
273.355,measure,4952.0,1704.0,8.4382,64.69
273.456,measure,4952.0,1704.0,8.4382,64.78
273.556,measure,4952.0,1704.0,8.4382,64.75
273.656,measure,4952.0,1704.0,8.4382,64.84
273.756,measure,4952.0,1712.0,8.4778,64.84
273.856,measure,4952.0,1712.0,8.4778,64.81
273.956,measure,4952.0,1712.0,8.4778,65.00
274.056,measure,4952.0,1712.0,8.4778,64.91
274.157,measure,4952.0,1712.0,8.4778,65.12
274.257,measure,4952.0,1720.0,8.5174,65.12
274.357,measure,4952.0,1720.0,8.5174,65.00
274.457,measure,4952.0,1720.0,8.5174,65.28
274.557,measure,4952.0,1728.0,8.5571,65.16
274.657,measure,4952.0,1728.0,8.5571,64.91
274.757,measure,4952.0,1728.0,8.5571,64.94
274.858,measure,4952.0,1728.0,8.5571,65.19
274.958,measure,4952.0,1728.0,8.5571,64.84
275.058,measure,4952.0,1720.0,8.5174,65.06
275.158,measure,4952.0,1720.0,8.5174,64.91
275.258,measure,4952.0,1720.0,8.5174,64.84
275.358,measure,4952.0,1712.0,8.4778,64.91
275.459,measure,4952.0,1712.0,8.4778,64.88
275.559,measure,4952.0,1712.0,8.4778,64.97
275.659,measure,4952.0,1712.0,8.4778,64.97
275.759,measure,4952.0,1712.0,8.4778,64.81
275.859,measure,4952.0,1712.0,8.4778,65.09
275.959,measure,4952.0,1712.0,8.4778,64.94
276.059,measure,4952.0,1712.0,8.4778,64.91
276.160,measure,4952.0,1712.0,8.4778,64.84
276.260,measure,4952.0,1720.0,8.5174,65.03
276.360,measure,4952.0,1720.0,8.5174,64.91
276.460,measure,4952.0,1720.0,8.5174,64.88
276.560,measure,4952.0,1720.0,8.5174,65.22
276.660,measure,4952.0,1728.0,8.5571,64.88
276.761,measure,4952.0,1728.0,8.5571,64.88
276.861,measure,4952.0,1728.0,8.5571,65.00
276.961,measure,4952.0,1728.0,8.5571,64.94
277.061,measure,4952.0,1728.0,8.5571,65.09
277.161,measure,4952.0,1728.0,8.5571,65.06
277.261,measure,4952.0,1728.0,8.5571,65.22
277.361,measure,4952.0,1720.0,8.5174,65.06
277.462,measure,4952.0,1720.0,8.5174,65.00
277.562,measure,4952.0,1712.0,8.4778,65.16
277.662,measure,4952.0,1712.0,8.4778,65.06
277.762,measure,4952.0,1712.0,8.4778,64.97
277.862,measure,4952.0,1704.0,8.4382,64.75
277.962,measure,4952.0,1704.0,8.4382,64.97
278.063,measure,4952.0,1704.0,8.4382,64.78
278.163,measure,4952.0,1696.0,8.3986,64.69
278.263,measure,4952.0,1696.0,8.3986,65.09
278.363,measure,4952.0,1712.0,8.4778,64.78
278.463,measure,4952.0,1712.0,8.4778,64.84
278.563,measure,4952.0,1712.0,8.4778,64.84
278.663,measure,4952.0,1720.0,8.5174,64.88
278.764,measure,4952.0,1720.0,8.5174,65.03
278.864,measure,4952.0,1720.0,8.5174,65.03
278.964,measure,4952.0,1728.0,8.5571,65.19
279.064,measure,4952.0,1728.0,8.5571,65.19
279.164,measure,4952.0,1728.0,8.5571,65.00
279.264,measure,4952.0,1728.0,8.5571,64.91
279.364,measure,4952.0,1728.0,8.5571,65.25
279.465,measure,4952.0,1728.0,8.5571,65.06
279.565,measure,4952.0,1728.0,8.5571,65.00
279.665,measure,4952.0,1720.0,8.5174,65.12
279.765,measure,4952.0,1720.0,8.5174,64.81
279.865,measure,4952.0,1712.0,8.4778,64.75
279.965,measure,4952.0,1712.0,8.4778,64.84
280.066,measure,4952.0,1704.0,8.4382,64.78
280.166,measure,4952.0,1704.0,8.4382,64.78
280.266,measure,4952.0,1696.0,8.3986,64.84
280.366,measure,4952.0,1696.0,8.3986,64.81
280.466,measure,4952.0,1704.0,8.4382,65.00
280.566,measure,4952.0,1704.0,8.4382,64.84
280.666,measure,4952.0,1704.0,8.4382,64.78
280.767,measure,4952.0,1704.0,8.4382,65.12
280.867,measure,4952.0,1720.0,8.5174,65.03
280.967,measure,4952.0,1720.0,8.5174,65.00
281.067,measure,4952.0,1736.0,8.5967,65.25
281.167,measure,4952.0,1736.0,8.5967,65.16
281.267,measure,4952.0,1736.0,8.5967,65.00
281.367,measure,4952.0,1728.0,8.5571,65.28
281.468,measure,4952.0,1728.0,8.5571,64.84
281.568,measure,4952.0,1720.0,8.5174,64.88
281.668,measure,4952.0,1720.0,8.5174,64.94
281.768,measure,4952.0,1720.0,8.5174,64.84
281.868,measure,4952.0,1712.0,8.4778,64.84
281.968,measure,4952.0,1704.0,8.4382,64.88
282.069,measure,4952.0,1704.0,8.4382,64.81
282.169,measure,4952.0,1712.0,8.4778,65.06
282.269,measure,4952.0,1712.0,8.4778,64.88
282.369,measure,4952.0,1712.0,8.4778,64.91
282.469,measure,4952.0,1712.0,8.4778,65.09
282.569,measure,4952.0,1712.0,8.4778,65.00
282.669,measure,4952.0,1712.0,8.4778,64.81
282.770,measure,4952.0,1728.0,8.5571,65.19
282.870,measure,4952.0,1728.0,8.5571,65.16
282.970,measure,4952.0,1744.0,8.6363,65.06
283.070,measure,4952.0,1736.0,8.5967,65.03
283.170,measure,4952.0,1736.0,8.5967,64.91
283.270,measure,4952.0,1728.0,8.5571,64.94
283.370,measure,4952.0,1728.0,8.5571,64.91
283.471,measure,4952.0,1720.0,8.5174,64.88
283.571,measure,4952.0,1712.0,8.4778,64.78
283.671,measure,4952.0,1712.0,8.4778,64.94
283.771,measure,4952.0,1720.0,8.5174,64.94
283.871,measure,4952.0,1720.0,8.5174,65.00
283.971,measure,4952.0,1736.0,8.5967,65.12
284.071,measure,4952.0,1736.0,8.5967,65.03
284.172,measure,4944.0,1752.0,8.6619,65.31
284.272,measure,4944.0,1744.0,8.6223,65.12
284.372,measure,4952.0,1744.0,8.6363,65.09
284.472,measure,4952.0,1736.0,8.5967,65.25
284.572,measure,4952.0,1728.0,8.5571,65.09
284.673,measure,4952.0,1720.0,8.5174,64.78
284.773,measure,4952.0,1720.0,8.5174,64.88
284.873,measure,4952.0,1712.0,8.4778,64.88
284.973,measure,4952.0,1712.0,8.4778,64.81
285.074,measure,4952.0,1704.0,8.4382,64.88
285.174,measure,4952.0,1704.0,8.4382,64.81
285.274,measure,4952.0,1704.0,8.4382,64.78
285.374,measure,4952.0,1712.0,8.4778,65.00
285.474,measure,4952.0,1712.0,8.4778,64.91
285.574,measure,4952.0,1728.0,8.5571,65.16
285.675,measure,4952.0,1728.0,8.5571,65.12
285.775,measure,4952.0,1744.0,8.6363,65.12
285.875,measure,4952.0,1736.0,8.5967,65.28
285.976,measure,4944.0,1736.0,8.5828,65.19
286.076,measure,4952.0,1728.0,8.5571,64.94
286.176,measure,4952.0,1720.0,8.5174,64.91
286.276,measure,4952.0,1720.0,8.5174,64.88
286.376,measure,4952.0,1712.0,8.4778,64.81
286.477,measure,4952.0,1712.0,8.4778,64.88
286.577,measure,4952.0,1712.0,8.4778,64.81
286.677,measure,4952.0,1712.0,8.4778,64.78
286.777,measure,4952.0,1712.0,8.4778,64.91
286.877,measure,4952.0,1712.0,8.4778,64.88
286.977,measure,4952.0,1712.0,8.4778,65.12
287.077,measure,4952.0,1712.0,8.4778,65.09
287.178,measure,4952.0,1712.0,8.4778,64.97
287.278,measure,4952.0,1712.0,8.4778,65.22
287.378,measure,4952.0,1712.0,8.4778,65.03
287.478,measure,4952.0,1720.0,8.5174,65.09
287.578,measure,4952.0,1720.0,8.5174,65.28
287.678,measure,4952.0,1728.0,8.5571,65.16
287.778,measure,4952.0,1728.0,8.5571,64.97
287.879,measure,4952.0,1728.0,8.5571,64.94
287.979,measure,4952.0,1728.0,8.5571,65.06
288.079,measure,4952.0,1728.0,8.5571,65.03
288.179,measure,4952.0,1720.0,8.5174,65.06
288.280,measure,4952.0,1720.0,8.5174,64.97
288.380,measure,4952.0,1712.0,8.4778,65.12
288.481,measure,4952.0,1712.0,8.4778,64.94
288.581,measure,4952.0,1712.0,8.4778,64.91
288.681,measure,4952.0,1704.0,8.4382,65.03
288.781,measure,4952.0,1704.0,8.4382,65.00
288.881,measure,4952.0,1704.0,8.4382,64.91
288.981,measure,4952.0,1704.0,8.4382,65.06
289.082,measure,4952.0,1712.0,8.4778,65.03
289.182,measure,4952.0,1712.0,8.4778,64.81
289.282,measure,4952.0,1712.0,8.4778,64.78
289.382,measure,4952.0,1712.0,8.4778,65.00
289.482,measure,4952.0,1712.0,8.4778,64.88
289.582,measure,4952.0,1720.0,8.5174,65.06
289.682,measure,4952.0,1720.0,8.5174,65.03
289.783,measure,4952.0,1720.0,8.5174,65.00
289.883,measure,4952.0,1728.0,8.5571,65.16
289.983,measure,4944.0,1736.0,8.5828,65.12
290.083,measure,4952.0,1736.0,8.5967,65.16
290.183,measure,4952.0,1728.0,8.5571,65.12
290.283,measure,4952.0,1720.0,8.5174,65.06
290.383,measure,4952.0,1720.0,8.5174,65.16
290.484,measure,4952.0,1712.0,8.4778,65.12
290.584,measure,4952.0,1712.0,8.4778,64.78
290.684,measure,4952.0,1712.0,8.4778,65.12
290.784,measure,4952.0,1704.0,8.4382,65.00
290.884,measure,4952.0,1704.0,8.4382,64.78
290.984,measure,4952.0,1704.0,8.4382,64.75
291.085,measure,4952.0,1720.0,8.5174,65.12
291.185,measure,4952.0,1720.0,8.5174,64.91
291.285,measure,4952.0,1712.0,8.4778,64.78
291.385,measure,4952.0,1720.0,8.5174,64.94
291.485,measure,4952.0,1720.0,8.5174,65.00
291.586,measure,4952.0,1720.0,8.5174,65.09
291.686,measure,4952.0,1720.0,8.5174,64.97
291.786,measure,4952.0,1720.0,8.5174,65.22
291.886,measure,4952.0,1728.0,8.5571,65.12
291.986,measure,4952.0,1728.0,8.5571,65.06
292.086,measure,4952.0,1728.0,8.5571,65.28
292.186,measure,4952.0,1728.0,8.5571,65.28
292.287,measure,4952.0,1728.0,8.5571,65.16
292.387,measure,4952.0,1720.0,8.5174,65.34
292.487,measure,4952.0,1720.0,8.5174,65.28
292.588,measure,4952.0,1720.0,8.5174,64.97
292.688,measure,4952.0,1712.0,8.4778,65.00
292.788,measure,4952.0,1712.0,8.4778,64.91
292.888,measure,4952.0,1712.0,8.4778,64.94
292.988,measure,4952.0,1712.0,8.4778,64.94
293.089,measure,4952.0,1704.0,8.4382,64.91
293.189,measure,4952.0,1704.0,8.4382,65.03
293.289,measure,4952.0,1704.0,8.4382,64.91
293.389,measure,4952.0,1704.0,8.4382,64.91
293.489,measure,4952.0,1696.0,8.3986,65.03
293.590,measure,4952.0,1704.0,8.4382,64.91
293.690,measure,4952.0,1704.0,8.4382,64.91
293.790,measure,4952.0,1704.0,8.4382,65.12
293.890,measure,4952.0,1704.0,8.4382,65.06
293.990,measure,4952.0,1712.0,8.4778,64.91
294.090,measure,4952.0,1712.0,8.4778,64.88
294.190,measure,4952.0,1712.0,8.4778,65.00
294.291,measure,4952.0,1728.0,8.5571,65.00
294.391,measure,4952.0,1736.0,8.5967,65.16
294.491,measure,4952.0,1744.0,8.6363,65.12
294.591,measure,4952.0,1736.0,8.5967,65.16
294.691,measure,4952.0,1728.0,8.5571,65.06
294.791,measure,4952.0,1728.0,8.5571,64.94
294.891,measure,4952.0,1720.0,8.5174,65.06
294.992,measure,4952.0,1712.0,8.4778,65.00
295.092,measure,4952.0,1712.0,8.4778,64.91
295.192,measure,4952.0,1712.0,8.4778,65.06
295.292,measure,4952.0,1712.0,8.4778,65.00
295.392,measure,4952.0,1712.0,8.4778,64.94
295.492,measure,4952.0,1712.0,8.4778,65.19
295.592,measure,4952.0,1728.0,8.5571,65.09
295.693,measure,4952.0,1728.0,8.5571,64.94
295.793,measure,4952.0,1720.0,8.5174,64.81
295.893,measure,4952.0,1720.0,8.5174,65.16
295.993,measure,4952.0,1720.0,8.5174,65.03
296.093,measure,4952.0,1720.0,8.5174,64.94
296.193,measure,4952.0,1728.0,8.5571,65.06
296.293,measure,4952.0,1728.0,8.5571,64.97
296.394,measure,4952.0,1728.0,8.5571,65.16
296.494,measure,4952.0,1736.0,8.5967,65.06
296.594,measure,4952.0,1736.0,8.5967,65.41
296.694,measure,4952.0,1728.0,8.5571,65.16
296.794,measure,4952.0,1728.0,8.5571,65.16
296.894,measure,4952.0,1720.0,8.5174,65.28
296.995,measure,4952.0,1720.0,8.5174,65.19
297.095,measure,4952.0,1720.0,8.5174,64.91
297.195,measure,4952.0,1712.0,8.4778,64.94
297.295,measure,4952.0,1712.0,8.4778,65.22
297.395,measure,4952.0,1712.0,8.4778,64.91
297.495,measure,4952.0,1712.0,8.4778,64.81
297.596,measure,4952.0,1720.0,8.5174,64.94
297.696,measure,4952.0,1720.0,8.5174,64.94
297.796,measure,4952.0,1712.0,8.4778,64.78
297.896,measure,4952.0,1712.0,8.4778,65.00
297.996,measure,4952.0,1712.0,8.4778,64.97
298.096,measure,4952.0,1712.0,8.4778,65.09
298.196,measure,4952.0,1712.0,8.4778,65.09
298.297,measure,4952.0,1712.0,8.4778,64.94
298.397,measure,4952.0,1736.0,8.5967,65.19
298.497,measure,4952.0,1736.0,8.5967,65.22
298.597,measure,4952.0,1736.0,8.5967,65.34
298.697,measure,4952.0,1728.0,8.5571,65.25
298.797,measure,4952.0,1728.0,8.5571,64.97
298.897,measure,4952.0,1728.0,8.5571,64.97
298.998,measure,4952.0,1720.0,8.5174,65.22
299.098,measure,4952.0,1712.0,8.4778,64.91
299.198,measure,4952.0,1704.0,8.4382,64.84
299.299,measure,4952.0,1704.0,8.4382,64.81
299.399,measure,4952.0,1704.0,8.4382,64.78
299.499,measure,4952.0,1704.0,8.4382,64.94
299.599,measure,4952.0,1704.0,8.4382,64.97
299.699,measure,4952.0,1704.0,8.4382,64.84
299.799,measure,4952.0,1712.0,8.4778,65.12
299.899,measure,4952.0,1712.0,8.4778,65.00
300.000,measure,4952.0,1712.0,8.4778,65.22
300.100,measure,4952.0,1720.0,8.5174,65.22
300.200,measure,4952.0,1720.0,8.5174,65.09
300.300,measure,4952.0,1728.0,8.5571,65.00
300.400,measure,4952.0,1728.0,8.5571,65.28
300.500,measure,4952.0,1736.0,8.5967,65.28
300.600,measure,4952.0,1728.0,8.5571,65.12
300.701,measure,4952.0,1720.0,8.5174,65.28
300.801,measure,4952.0,1720.0,8.5174,64.97
300.901,measure,4952.0,1720.0,8.5174,64.91
301.001,measure,4952.0,1712.0,8.4778,64.91
301.101,measure,4952.0,1704.0,8.4382,64.91
301.201,measure,4952.0,1712.0,8.4778,64.84
301.302,measure,4952.0,1720.0,8.5174,65.06
301.402,measure,4952.0,1728.0,8.5571,65.06
301.502,measure,4952.0,1736.0,8.5967,65.28
301.602,measure,4944.0,1744.0,8.6223,65.09
301.702,measure,4944.0,1736.0,8.5828,65.50
301.803,measure,4952.0,1744.0,8.6363,65.38
301.903,measure,4952.0,1736.0,8.5967,65.31
302.003,measure,4952.0,1728.0,8.5571,64.91
302.103,measure,4952.0,1728.0,8.5571,65.25
302.203,measure,4952.0,1720.0,8.5174,65.00
302.303,measure,4952.0,1720.0,8.5174,64.91
302.403,measure,4952.0,1720.0,8.5174,65.03
302.504,measure,4952.0,1712.0,8.4778,64.94
302.604,measure,4952.0,1712.0,8.4778,64.97
302.704,measure,4952.0,1712.0,8.4778,64.94
302.804,measure,4952.0,1720.0,8.5174,64.97
302.904,measure,4952.0,1720.0,8.5174,65.09
303.004,measure,4952.0,1720.0,8.5174,65.09
303.104,measure,4952.0,1728.0,8.5571,65.03
303.205,measure,4952.0,1728.0,8.5571,65.09
303.305,measure,4952.0,1728.0,8.5571,65.12
303.405,measure,4944.0,1728.0,8.5432,65.03
303.505,measure,4952.0,1728.0,8.5571,65.28
303.605,measure,4952.0,1736.0,8.5967,65.28
303.705,measure,4952.0,1736.0,8.5967,65.12
303.806,measure,4952.0,1728.0,8.5571,65.41
303.907,measure,4952.0,1720.0,8.5174,65.00
304.007,measure,4952.0,1720.0,8.5174,64.97
304.107,measure,4952.0,1720.0,8.5174,65.03
304.207,measure,4952.0,1712.0,8.4778,64.97
304.307,measure,4952.0,1712.0,8.4778,65.06
304.408,measure,4952.0,1712.0,8.4778,64.91
304.508,measure,4952.0,1712.0,8.4778,64.94
304.608,measure,4952.0,1720.0,8.5174,65.09
304.708,measure,4952.0,1720.0,8.5174,65.16
304.808,measure,4952.0,1720.0,8.5174,65.31
304.908,measure,4952.0,1720.0,8.5174,65.28
305.009,measure,4952.0,1720.0,8.5174,65.12
305.109,measure,4952.0,1728.0,8.5571,64.94
305.209,measure,4952.0,1728.0,8.5571,65.28
305.309,measure,4952.0,1728.0,8.5571,65.06
305.409,measure,4952.0,1728.0,8.5571,65.06
305.509,measure,4952.0,1736.0,8.5967,65.38
305.609,measure,4952.0,1728.0,8.5571,65.12
305.710,measure,4952.0,1720.0,8.5174,65.09
305.810,measure,4952.0,1720.0,8.5174,65.06
305.910,measure,4952.0,1720.0,8.5174,65.03
306.011,measure,4952.0,1712.0,8.4778,65.06
306.111,measure,4952.0,1712.0,8.4778,64.94
306.211,measure,4952.0,1704.0,8.4382,65.16
306.311,measure,4952.0,1704.0,8.4382,65.12
306.411,measure,4952.0,1704.0,8.4382,64.97
306.511,measure,4952.0,1704.0,8.4382,65.25
306.612,measure,4952.0,1704.0,8.4382,65.09
306.712,measure,4952.0,1704.0,8.4382,64.97
306.812,measure,4952.0,1712.0,8.4778,64.91
306.912,measure,4952.0,1712.0,8.4778,65.19
307.013,measure,4952.0,1712.0,8.4778,65.00
307.113,measure,4952.0,1712.0,8.4778,64.94
307.213,measure,4952.0,1720.0,8.5174,65.03
307.313,measure,4952.0,1720.0,8.5174,65.09
307.413,measure,4952.0,1720.0,8.5174,65.19
307.514,measure,4952.0,1728.0,8.5571,65.19
307.614,measure,4952.0,1728.0,8.5571,65.12
307.714,measure,4952.0,1728.0,8.5571,65.22
307.814,measure,4952.0,1728.0,8.5571,65.25
307.914,measure,4952.0,1728.0,8.5571,65.38
308.014,measure,4952.0,1728.0,8.5571,65.12
308.115,measure,4952.0,1720.0,8.5174,65.09
308.215,measure,4952.0,1712.0,8.4778,64.81
308.315,measure,4952.0,1712.0,8.4778,65.12
308.415,measure,4952.0,1704.0,8.4382,64.97
308.515,measure,4952.0,1712.0,8.4778,64.88
308.615,measure,4952.0,1712.0,8.4778,65.19
308.716,measure,4952.0,1712.0,8.4778,64.88
308.816,measure,4952.0,1712.0,8.4778,64.94
308.916,measure,4952.0,1712.0,8.4778,64.97
309.016,measure,4952.0,1712.0,8.4778,65.00
309.116,measure,4952.0,1712.0,8.4778,65.22
309.216,measure,4952.0,1712.0,8.4778,65.09
309.316,measure,4952.0,1720.0,8.5174,65.00
309.417,measure,4952.0,1728.0,8.5571,65.25
309.517,measure,4952.0,1728.0,8.5571,65.19
309.617,measure,4952.0,1728.0,8.5571,65.38
309.717,measure,4952.0,1736.0,8.5967,65.31
309.818,measure,4952.0,1728.0,8.5571,65.00
309.918,measure,4952.0,1720.0,8.5174,64.97
310.018,measure,4952.0,1720.0,8.5174,65.25
310.118,measure,4952.0,1720.0,8.5174,64.97
310.219,measure,4952.0,1712.0,8.4778,64.97
310.319,measure,4952.0,1704.0,8.4382,65.00
310.419,measure,4952.0,1704.0,8.4382,64.97
310.519,measure,4952.0,1720.0,8.5174,65.06
310.619,measure,4952.0,1720.0,8.5174,65.12
310.719,measure,4952.0,1728.0,8.5571,65.31
310.819,measure,4952.0,1728.0,8.5571,65.25
310.920,measure,4952.0,1744.0,8.6363,65.22
311.020,measure,4944.0,1744.0,8.6223,65.50
311.120,measure,4944.0,1736.0,8.5828,65.31
311.221,measure,4952.0,1736.0,8.5967,65.19
311.321,measure,4952.0,1728.0,8.5571,65.00
311.421,measure,4952.0,1720.0,8.5174,65.19
311.521,measure,4952.0,1720.0,8.5174,64.97
311.621,measure,4952.0,1720.0,8.5174,64.88
311.721,measure,4952.0,1720.0,8.5174,65.28
311.822,measure,4952.0,1720.0,8.5174,64.97
311.922,measure,4952.0,1736.0,8.5967,65.00
312.022,measure,4952.0,1736.0,8.5967,65.16
312.122,measure,4952.0,1736.0,8.5967,65.12
312.222,measure,4952.0,1736.0,8.5967,65.28
312.322,measure,4952.0,1736.0,8.5967,65.19
312.422,measure,4952.0,1736.0,8.5967,65.09
312.523,measure,4952.0,1736.0,8.5967,65.25
312.623,measure,4952.0,1728.0,8.5571,65.25
312.723,measure,4952.0,1720.0,8.5174,65.41
312.824,measure,4952.0,1720.0,8.5174,65.28
312.924,measure,4952.0,1712.0,8.4778,65.03
313.024,measure,4952.0,1720.0,8.5174,64.97
313.124,measure,4952.0,1712.0,8.4778,65.25
313.224,measure,4952.0,1720.0,8.5174,65.16
313.324,measure,4952.0,1720.0,8.5174,64.91
313.425,measure,4952.0,1720.0,8.5174,64.97
313.525,measure,4952.0,1720.0,8.5174,65.03
313.625,measure,4952.0,1712.0,8.4778,65.16
313.725,measure,4952.0,1720.0,8.5174,65.09
313.825,measure,4952.0,1720.0,8.5174,65.09
313.925,measure,4952.0,1720.0,8.5174,65.25
314.025,measure,4952.0,1720.0,8.5174,65.12
314.126,measure,4952.0,1728.0,8.5571,65.31
314.226,measure,4952.0,1744.0,8.6363,65.31
314.326,measure,4952.0,1744.0,8.6363,65.28
314.426,measure,4952.0,1736.0,8.5967,65.03
314.526,measure,4952.0,1728.0,8.5571,65.28
314.626,measure,4952.0,1728.0,8.5571,65.12
314.726,measure,4952.0,1720.0,8.5174,64.94
314.827,measure,4952.0,1712.0,8.4778,65.28
314.927,measure,4952.0,1720.0,8.5174,64.97
315.027,measure,4952.0,1720.0,8.5174,64.94
315.127,measure,4952.0,1720.0,8.5174,65.06
315.227,measure,4952.0,1728.0,8.5571,65.06
315.327,measure,4952.0,1736.0,8.5967,65.03
315.427,measure,4952.0,1728.0,8.5571,65.09
315.528,measure,4952.0,1728.0,8.5571,65.09
315.628,measure,4952.0,1736.0,8.5967,65.28
315.728,measure,4952.0,1728.0,8.5571,65.25
315.828,measure,4952.0,1736.0,8.5967,65.47
315.928,measure,4952.0,1728.0,8.5571,65.41
316.028,measure,4952.0,1728.0,8.5571,65.31
316.129,measure,4952.0,1720.0,8.5174,65.06
316.229,measure,4952.0,1720.0,8.5174,65.31
316.330,measure,4952.0,1712.0,8.4778,65.00
316.430,measure,4952.0,1712.0,8.4778,64.97
316.530,measure,4952.0,1712.0,8.4778,65.28
316.630,measure,4952.0,1712.0,8.4778,64.91
316.730,measure,4952.0,1704.0,8.4382,65.00
316.830,measure,4952.0,1712.0,8.4778,65.00
316.930,measure,4952.0,1712.0,8.4778,65.00
317.030,measure,4952.0,1712.0,8.4778,65.16
317.131,measure,4952.0,1720.0,8.5174,65.22
317.231,measure,4952.0,1728.0,8.5571,65.41
317.331,measure,4952.0,1736.0,8.5967,65.31
317.431,measure,4952.0,1728.0,8.5571,65.22
317.531,measure,4952.0,1744.0,8.6363,65.12
317.631,measure,4952.0,1736.0,8.5967,65.41
317.732,measure,4952.0,1728.0,8.5571,65.12
317.832,measure,4952.0,1728.0,8.5571,65.06
317.932,measure,4952.0,1720.0,8.5174,65.31
318.032,measure,4952.0,1712.0,8.4778,65.00
318.132,measure,4952.0,1712.0,8.4778,64.97
318.232,measure,4952.0,1712.0,8.4778,64.97
318.333,measure,4952.0,1712.0,8.4778,64.97
318.433,measure,4952.0,1704.0,8.4382,64.97
318.533,measure,4952.0,1704.0,8.4382,65.03
318.633,measure,4952.0,1704.0,8.4382,65.06
318.733,measure,4952.0,1712.0,8.4778,65.25
318.833,measure,4952.0,1712.0,8.4778,65.16
318.933,measure,4952.0,1712.0,8.4778,65.06
319.034,measure,4952.0,1712.0,8.4778,65.22
319.134,measure,4952.0,1712.0,8.4778,65.19
319.234,measure,4952.0,1728.0,8.5571,65.12
319.334,measure,4952.0,1736.0,8.5967,65.41
319.434,measure,4952.0,1736.0,8.5967,65.28
319.534,measure,4952.0,1736.0,8.5967,65.09
319.635,measure,4952.0,1728.0,8.5571,65.47
319.735,measure,4952.0,1728.0,8.5571,65.09
319.835,measure,4952.0,1720.0,8.5174,65.00
319.935,measure,4952.0,1712.0,8.4778,65.06
320.035,measure,4952.0,1712.0,8.4778,64.94
320.136,measure,4952.0,1704.0,8.4382,64.91
320.236,measure,4952.0,1704.0,8.4382,64.97
320.336,measure,4952.0,1704.0,8.4382,64.94
320.436,measure,4952.0,1712.0,8.4778,65.16
320.536,measure,4952.0,1712.0,8.4778,65.06
320.636,measure,4952.0,1712.0,8.4778,65.44
320.736,measure,4952.0,1720.0,8.5174,65.34
320.837,measure,4952.0,1728.0,8.5571,65.25
320.937,measure,4952.0,1736.0,8.5967,65.22
321.037,measure,4952.0,1744.0,8.6363,65.47
321.137,measure,4952.0,1736.0,8.5967,65.34
321.237,measure,4952.0,1736.0,8.5967,65.16
321.337,measure,4952.0,1728.0,8.5571,65.34
321.438,measure,4952.0,1720.0,8.5174,65.09
321.538,measure,4952.0,1720.0,8.5174,65.03
321.638,measure,4952.0,1712.0,8.4778,65.06
321.738,measure,4952.0,1712.0,8.4778,65.00
321.838,measure,4952.0,1704.0,8.4382,64.88
321.938,measure,4952.0,1704.0,8.4382,65.06
322.038,measure,4952.0,1704.0,8.4382,65.03
322.139,measure,4952.0,1712.0,8.4778,65.22
322.239,measure,4952.0,1712.0,8.4778,65.16
322.339,measure,4952.0,1712.0,8.4778,65.03
322.439,measure,4952.0,1720.0,8.5174,65.31
322.539,measure,4952.0,1720.0,8.5174,65.25
322.639,measure,4952.0,1728.0,8.5571,65.09
322.740,measure,4952.0,1744.0,8.6363,65.44
322.840,measure,4952.0,1736.0,8.5967,65.38
322.940,measure,4952.0,1736.0,8.5967,65.12
323.040,measure,4952.0,1736.0,8.5967,65.19
323.140,measure,4952.0,1728.0,8.5571,65.09
323.240,measure,4952.0,1728.0,8.5571,65.06
323.341,measure,4952.0,1720.0,8.5174,65.03
323.441,measure,4952.0,1712.0,8.4778,65.03
323.541,measure,4952.0,1712.0,8.4778,64.97
323.641,measure,4952.0,1712.0,8.4778,65.03
323.741,measure,4952.0,1712.0,8.4778,65.06
323.841,measure,4952.0,1728.0,8.5571,65.28
323.942,measure,4952.0,1720.0,8.5174,65.22
324.042,measure,4952.0,1720.0,8.5174,65.09
324.142,measure,4952.0,1720.0,8.5174,65.31
324.242,measure,4952.0,1720.0,8.5174,65.31
324.342,measure,4952.0,1728.0,8.5571,65.12
324.442,measure,4952.0,1728.0,8.5571,65.50
324.543,measure,4952.0,1728.0,8.5571,65.31
324.643,measure,4952.0,1728.0,8.5571,65.16
324.743,measure,4952.0,1728.0,8.5571,65.06
324.843,measure,4952.0,1728.0,8.5571,65.22
324.944,measure,4952.0,1720.0,8.5174,65.16
325.044,measure,4952.0,1720.0,8.5174,65.16
325.144,measure,4952.0,1712.0,8.4778,65.09
325.244,measure,4952.0,1712.0,8.4778,65.19
325.344,measure,4952.0,1704.0,8.4382,65.16
325.444,measure,4952.0,1704.0,8.4382,65.09
325.545,measure,4952.0,1704.0,8.4382,65.16
325.645,measure,4952.0,1696.0,8.3986,65.09
325.745,measure,4952.0,1696.0,8.3986,65.00
325.845,measure,4952.0,1704.0,8.4382,65.28
325.945,measure,4952.0,1704.0,8.4382,65.25
326.045,measure,4952.0,1712.0,8.4778,65.00
326.146,measure,4952.0,1720.0,8.5174,65.03
326.246,measure,4952.0,1720.0,8.5174,65.16
326.346,measure,4952.0,1720.0,8.5174,65.06
326.446,measure,4952.0,1728.0,8.5571,65.28
326.546,measure,4952.0,1728.0,8.5571,65.19
326.646,measure,4952.0,1728.0,8.5571,65.12
326.746,measure,4952.0,1728.0,8.5571,65.25
326.847,measure,4952.0,1728.0,8.5571,65.25
326.947,measure,4952.0,1720.0,8.5174,65.31
327.047,measure,4952.0,1720.0,8.5174,65.31
327.147,measure,4952.0,1712.0,8.4778,65.25
327.247,measure,4952.0,1712.0,8.4778,65.38
327.348,measure,4952.0,1712.0,8.4778,65.28
327.448,measure,4952.0,1704.0,8.4382,65.00
327.548,measure,4952.0,1704.0,8.4382,65.28
327.648,measure,4952.0,1704.0,8.4382,65.22
327.748,measure,4952.0,1696.0,8.3986,64.97
327.848,measure,4952.0,1704.0,8.4382,64.94
327.949,measure,4952.0,1704.0,8.4382,65.00
328.049,measure,4952.0,1712.0,8.4778,65.16
328.149,measure,4952.0,1712.0,8.4778,65.19
328.249,measure,4952.0,1712.0,8.4778,65.03
328.349,measure,4952.0,1712.0,8.4778,65.09
328.449,measure,4952.0,1712.0,8.4778,65.19
328.550,measure,4952.0,1712.0,8.4778,65.16
328.650,measure,4952.0,1736.0,8.5967,65.38
328.750,measure,4952.0,1736.0,8.5967,65.41
328.850,measure,4952.0,1736.0,8.5967,65.28
328.950,measure,4952.0,1728.0,8.5571,65.50
329.050,measure,4952.0,1728.0,8.5571,65.09
329.150,measure,4952.0,1720.0,8.5174,65.09
329.251,measure,4952.0,1720.0,8.5174,65.09
329.351,measure,4952.0,1712.0,8.4778,65.38
329.451,measure,4952.0,1712.0,8.4778,64.94
329.551,measure,4952.0,1704.0,8.4382,64.97
329.651,measure,4952.0,1720.0,8.5174,65.06
329.751,measure,4952.0,1712.0,8.4778,65.03
329.852,measure,4952.0,1720.0,8.5174,65.22
329.952,measure,4952.0,1712.0,8.4778,65.06
330.053,measure,4952.0,1720.0,8.5174,65.28
330.153,measure,4952.0,1720.0,8.5174,65.22
330.253,measure,4952.0,1728.0,8.5571,65.28
330.353,measure,4952.0,1736.0,8.5967,65.44
330.453,measure,4952.0,1744.0,8.6363,65.44
330.553,measure,4952.0,1736.0,8.5967,65.03
330.654,measure,4952.0,1728.0,8.5571,65.47
330.754,measure,4952.0,1728.0,8.5571,65.09
330.854,measure,4952.0,1720.0,8.5174,65.03
330.954,measure,4952.0,1712.0,8.4778,65.09
331.054,measure,4952.0,1712.0,8.4778,65.03
331.155,measure,4952.0,1712.0,8.4778,64.94
331.255,measure,4952.0,1712.0,8.4778,65.09
331.355,measure,4952.0,1712.0,8.4778,65.06
331.455,measure,4952.0,1712.0,8.4778,65.03
331.555,measure,4952.0,1720.0,8.5174,65.19
331.655,measure,4952.0,1736.0,8.5967,65.28
331.755,measure,4952.0,1736.0,8.5967,65.44
331.856,measure,4952.0,1744.0,8.6363,65.28
331.956,measure,4944.0,1744.0,8.6223,65.25
332.056,measure,4952.0,1736.0,8.5967,65.50
332.156,measure,4952.0,1728.0,8.5571,65.34
332.257,measure,4952.0,1728.0,8.5571,65.06
332.357,measure,4952.0,1720.0,8.5174,65.12
332.457,measure,4952.0,1720.0,8.5174,65.09
332.557,measure,4952.0,1712.0,8.4778,65.16
332.658,measure,4952.0,1712.0,8.4778,65.12
332.758,measure,4952.0,1704.0,8.4382,65.12
332.858,measure,4952.0,1704.0,8.4382,65.22
332.959,measure,4952.0,1696.0,8.3986,65.12
333.059,measure,4952.0,1704.0,8.4382,65.03
333.159,measure,4952.0,1704.0,8.4382,65.25
333.259,measure,4952.0,1720.0,8.5174,65.19
333.359,measure,4952.0,1720.0,8.5174,65.22
333.460,measure,4952.0,1728.0,8.5571,65.31
333.560,measure,4952.0,1720.0,8.5174,65.28
333.660,measure,4952.0,1728.0,8.5571,65.12
333.760,measure,4952.0,1728.0,8.5571,65.47
333.860,measure,4952.0,1744.0,8.6363,65.28
333.961,measure,4952.0,1736.0,8.5967,65.22
334.061,measure,4952.0,1728.0,8.5571,65.25
334.161,measure,4952.0,1728.0,8.5571,65.34
334.262,measure,4952.0,1720.0,8.5174,65.28
334.362,measure,4952.0,1720.0,8.5174,65.22
334.462,measure,4952.0,1712.0,8.4778,65.16
334.562,measure,4952.0,1712.0,8.4778,65.28
334.662,measure,4952.0,1712.0,8.4778,65.22
334.763,measure,4952.0,1704.0,8.4382,65.41
334.863,measure,4952.0,1704.0,8.4382,65.16
334.963,measure,4952.0,1704.0,8.4382,65.12
335.063,measure,4952.0,1696.0,8.3986,64.94
335.163,measure,4952.0,1704.0,8.4382,65.19
335.263,measure,4952.0,1704.0,8.4382,65.22
335.364,measure,4952.0,1704.0,8.4382,64.97
335.464,measure,4952.0,1704.0,8.4382,65.34
335.564,measure,4952.0,1712.0,8.4778,65.09
335.664,measure,4952.0,1712.0,8.4778,65.06
335.764,measure,4952.0,1712.0,8.4778,65.22
335.864,measure,4952.0,1712.0,8.4778,65.16
335.965,measure,4952.0,1720.0,8.5174,65.28
336.065,measure,4952.0,1720.0,8.5174,65.22
336.165,measure,4952.0,1736.0,8.5967,65.28
336.265,measure,4952.0,1736.0,8.5967,65.38
336.365,measure,4952.0,1736.0,8.5967,65.28
336.465,measure,4952.0,1728.0,8.5571,65.19
336.565,measure,4952.0,1728.0,8.5571,65.28
336.666,measure,4952.0,1720.0,8.5174,65.19
336.766,measure,4952.0,1712.0,8.4778,64.97
336.866,measure,4952.0,1704.0,8.4382,65.28
336.966,measure,4952.0,1704.0,8.4382,64.94
337.066,measure,4952.0,1712.0,8.4778,64.97
337.166,measure,4952.0,1720.0,8.5174,65.06
337.267,measure,4952.0,1720.0,8.5174,65.19
337.367,measure,4952.0,1728.0,8.5571,65.06
337.467,measure,4952.0,1736.0,8.5967,65.22
337.567,measure,4952.0,1744.0,8.6363,65.25
337.667,measure,4944.0,1744.0,8.6223,65.41
337.767,measure,4952.0,1736.0,8.5967,65.28
337.867,measure,4952.0,1736.0,8.5967,65.25
337.968,measure,4952.0,1728.0,8.5571,65.50
338.069,measure,4952.0,1720.0,8.5174,65.28
338.169,measure,4952.0,1720.0,8.5174,65.09
338.269,measure,4952.0,1712.0,8.4778,65.38
338.369,measure,4952.0,1712.0,8.4778,65.09
338.469,measure,4952.0,1704.0,8.4382,65.03
338.569,measure,4952.0,1704.0,8.4382,65.47
338.670,measure,4952.0,1704.0,8.4382,65.12
338.770,measure,4952.0,1696.0,8.3986,65.00
338.870,measure,4952.0,1696.0,8.3986,65.03
338.970,measure,4952.0,1696.0,8.3986,65.00
339.070,measure,4952.0,1712.0,8.4778,65.09
339.170,measure,4952.0,1712.0,8.4778,65.22
339.270,measure,4952.0,1712.0,8.4778,65.06
339.371,measure,4952.0,1728.0,8.5571,65.34
339.471,measure,4952.0,1728.0,8.5571,65.38
339.571,measure,4952.0,1728.0,8.5571,65.25
339.671,measure,4952.0,1736.0,8.5967,65.47
339.771,measure,4944.0,1744.0,8.6223,65.47
339.871,measure,4944.0,1736.0,8.5828,65.19
339.971,measure,4952.0,1728.0,8.5571,65.47
340.072,measure,4952.0,1728.0,8.5571,65.44
340.172,measure,4952.0,1728.0,8.5571,65.12
340.272,measure,4952.0,1720.0,8.5174,65.09
340.372,measure,4952.0,1712.0,8.4778,65.09
340.472,measure,4952.0,1720.0,8.5174,65.03
340.572,measure,4952.0,1720.0,8.5174,65.12
340.673,measure,4952.0,1720.0,8.5174,65.12
340.773,measure,4952.0,1720.0,8.5174,65.28
340.873,measure,4952.0,1712.0,8.4778,65.25
340.973,measure,4952.0,1720.0,8.5174,65.12
341.073,measure,4952.0,1720.0,8.5174,65.34
341.173,measure,4952.0,1720.0,8.5174,65.31
341.273,measure,4952.0,1736.0,8.5967,65.31
341.374,measure,4952.0,1736.0,8.5967,65.50
341.474,measure,4944.0,1736.0,8.5828,65.22
341.575,measure,4952.0,1728.0,8.5571,65.09
341.675,measure,4952.0,1728.0,8.5571,65.09
341.775,measure,4952.0,1728.0,8.5571,65.06
341.875,measure,4952.0,1720.0,8.5174,65.09
341.975,measure,4952.0,1712.0,8.4778,65.03
342.075,measure,4952.0,1712.0,8.4778,64.97
342.176,measure,4952.0,1704.0,8.4382,65.16
342.276,measure,4952.0,1712.0,8.4778,65.09
342.376,measure,4952.0,1712.0,8.4778,65.03
342.476,measure,4952.0,1712.0,8.4778,65.28
342.576,measure,4952.0,1728.0,8.5571,65.28
342.676,measure,4952.0,1728.0,8.5571,65.16
342.777,measure,4944.0,1752.0,8.6619,65.47
342.877,measure,4944.0,1744.0,8.6223,65.38
342.977,measure,4944.0,1744.0,8.6223,65.19
343.078,measure,4944.0,1736.0,8.5828,65.22
343.178,measure,4952.0,1728.0,8.5571,65.16
343.278,measure,4952.0,1720.0,8.5174,65.22
343.378,measure,4952.0,1720.0,8.5174,65.16
343.479,measure,4952.0,1712.0,8.4778,65.06
343.579,measure,4952.0,1704.0,8.4382,65.06
343.679,measure,4952.0,1704.0,8.4382,65.06
343.779,measure,4952.0,1712.0,8.4778,65.00
343.879,measure,4952.0,1712.0,8.4778,65.28
343.979,measure,4952.0,1712.0,8.4778,65.16
344.079,measure,4952.0,1712.0,8.4778,65.47
344.180,measure,4952.0,1712.0,8.4778,65.31
344.280,measure,4952.0,1712.0,8.4778,65.25
344.380,measure,4952.0,1720.0,8.5174,65.09
344.480,measure,4952.0,1720.0,8.5174,65.47
344.580,measure,4952.0,1720.0,8.5174,65.31
344.680,measure,4944.0,1736.0,8.5828,65.22
344.780,measure,4944.0,1736.0,8.5828,65.59
344.881,measure,4952.0,1728.0,8.5571,65.22
344.981,measure,4952.0,1728.0,8.5571,65.12
345.081,measure,4952.0,1720.0,8.5174,65.16
345.181,measure,4952.0,1720.0,8.5174,65.06
345.281,measure,4952.0,1712.0,8.4778,65.12
345.382,measure,4952.0,1712.0,8.4778,65.09
345.482,measure,4952.0,1704.0,8.4382,65.09
345.582,measure,4952.0,1704.0,8.4382,65.22
345.682,measure,4952.0,1704.0,8.4382,65.12
345.782,measure,4952.0,1704.0,8.4382,65.09
345.882,measure,4952.0,1712.0,8.4778,65.28
345.982,measure,4952.0,1712.0,8.4778,65.25
346.083,measure,4952.0,1712.0,8.4778,65.06
346.183,measure,4952.0,1712.0,8.4778,65.41
346.283,measure,4952.0,1720.0,8.5174,65.28
346.383,measure,4952.0,1720.0,8.5174,65.19
346.483,measure,4952.0,1720.0,8.5174,65.19
346.584,measure,4952.0,1728.0,8.5571,65.19
346.684,measure,4952.0,1736.0,8.5967,65.22
346.784,measure,4952.0,1736.0,8.5967,65.34
346.884,measure,4952.0,1736.0,8.5967,65.28
346.984,measure,4952.0,1736.0,8.5967,65.28
347.085,measure,4952.0,1728.0,8.5571,65.25
347.185,measure,4952.0,1720.0,8.5174,65.31
347.285,measure,4952.0,1720.0,8.5174,65.28
347.385,measure,4952.0,1720.0,8.5174,65.28
347.486,measure,4952.0,1720.0,8.5174,65.06
347.586,measure,4952.0,1720.0,8.5174,65.38
347.686,measure,4952.0,1736.0,8.5967,65.31
347.786,measure,4944.0,1728.0,8.5432,65.16
347.886,measure,4944.0,1736.0,8.5828,65.50
347.987,measure,4944.0,1736.0,8.5828,65.12
348.087,measure,4952.0,1736.0,8.5967,65.19
348.187,measure,4952.0,1736.0,8.5967,65.34
348.287,measure,4952.0,1736.0,8.5967,65.22
348.387,measure,4952.0,1728.0,8.5571,65.22
348.487,measure,4952.0,1728.0,8.5571,65.28
348.588,measure,4952.0,1720.0,8.5174,65.25
348.688,measure,4952.0,1720.0,8.5174,65.31
348.788,measure,4952.0,1720.0,8.5174,65.28
348.888,measure,4952.0,1712.0,8.4778,65.41
348.988,measure,4952.0,1720.0,8.5174,65.28
349.089,measure,4952.0,1720.0,8.5174,65.22
349.189,measure,4952.0,1720.0,8.5174,65.03
349.289,measure,4952.0,1720.0,8.5174,65.44
349.389,measure,4952.0,1720.0,8.5174,65.31
349.489,measure,4952.0,1720.0,8.5174,65.16
349.589,measure,4952.0,1720.0,8.5174,65.56
349.690,measure,4952.0,1720.0,8.5174,65.28
349.790,measure,4944.0,1736.0,8.5828,65.44
349.890,measure,4944.0,1736.0,8.5828,65.31
349.990,measure,4944.0,1736.0,8.5828,65.28
350.090,measure,4952.0,1736.0,8.5967,65.34
350.190,measure,4952.0,1728.0,8.5571,65.28
350.291,measure,4952.0,1728.0,8.5571,65.44
350.391,measure,4952.0,1720.0,8.5174,65.34
350.491,measure,4952.0,1720.0,8.5174,65.31
350.591,measure,4952.0,1712.0,8.4778,65.28
350.691,measure,4952.0,1712.0,8.4778,65.34
350.791,measure,4952.0,1704.0,8.4382,65.25
350.892,measure,4952.0,1704.0,8.4382,65.06
350.992,measure,4952.0,1704.0,8.4382,65.31
351.092,measure,4952.0,1704.0,8.4382,65.06
351.192,measure,4952.0,1704.0,8.4382,65.00
351.292,measure,4952.0,1704.0,8.4382,65.12
351.392,measure,4952.0,1712.0,8.4778,65.16
351.493,measure,4952.0,1712.0,8.4778,65.28
351.593,measure,4952.0,1712.0,8.4778,65.28
351.693,measure,4952.0,1720.0,8.5174,65.22
351.794,measure,4952.0,1720.0,8.5174,65.41
351.894,measure,4952.0,1728.0,8.5571,65.31
351.994,measure,4952.0,1728.0,8.5571,65.56
352.094,measure,4952.0,1736.0,8.5967,65.44
352.195,measure,4952.0,1728.0,8.5571,65.41
352.295,measure,4952.0,1728.0,8.5571,65.19
352.395,measure,4952.0,1728.0,8.5571,65.50
352.495,measure,4952.0,1728.0,8.5571,65.28
352.596,measure,4952.0,1720.0,8.5174,65.25
352.696,measure,4952.0,1720.0,8.5174,65.56
352.796,measure,4952.0,1720.0,8.5174,65.22
352.897,measure,4952.0,1712.0,8.4778,65.25
352.997,measure,4952.0,1704.0,8.4382,65.12
353.097,measure,4952.0,1704.0,8.4382,65.12
353.197,measure,4952.0,1712.0,8.4778,65.25
353.297,measure,4952.0,1712.0,8.4778,65.19
353.397,measure,4952.0,1712.0,8.4778,65.41
353.497,measure,4952.0,1712.0,8.4778,65.31
353.597,measure,4952.0,1712.0,8.4778,65.22
353.698,measure,4952.0,1720.0,8.5174,65.19
353.798,measure,4952.0,1728.0,8.5571,65.47
353.898,measure,4944.0,1728.0,8.5432,65.41
353.998,measure,4944.0,1736.0,8.5828,65.22
354.098,measure,4944.0,1744.0,8.6223,65.56
354.198,measure,4944.0,1736.0,8.5828,65.22
354.299,measure,4944.0,1728.0,8.5432,65.25
354.399,measure,4944.0,1728.0,8.5432,65.25
354.499,measure,4952.0,1720.0,8.5174,65.16
354.599,measure,4952.0,1720.0,8.5174,65.19
354.700,measure,4952.0,1720.0,8.5174,65.16
354.800,measure,4952.0,1720.0,8.5174,65.12
354.900,measure,4952.0,1720.0,8.5174,65.22
355.000,measure,4952.0,1720.0,8.5174,65.22
355.100,measure,4952.0,1720.0,8.5174,65.53
355.200,measure,4952.0,1720.0,8.5174,65.38
355.301,measure,4952.0,1720.0,8.5174,65.28
355.401,measure,4952.0,1720.0,8.5174,65.12
355.501,measure,4952.0,1728.0,8.5571,65.38
355.601,measure,4944.0,1728.0,8.5432,65.28
355.701,measure,4952.0,1728.0,8.5571,65.19
355.801,measure,4952.0,1728.0,8.5571,65.59
355.901,measure,4952.0,1728.0,8.5571,65.28
356.001,measure,4952.0,1728.0,8.5571,65.25
356.102,measure,4952.0,1728.0,8.5571,65.28
356.202,measure,4952.0,1720.0,8.5174,65.47
356.302,measure,4952.0,1720.0,8.5174,65.34
356.402,measure,4952.0,1720.0,8.5174,65.28
356.502,measure,4952.0,1720.0,8.5174,65.34
356.602,measure,4952.0,1712.0,8.4778,65.31
356.702,measure,4952.0,1712.0,8.4778,65.34
356.803,measure,4952.0,1704.0,8.4382,65.19
356.903,measure,4952.0,1704.0,8.4382,65.38
357.003,measure,4952.0,1704.0,8.4382,65.31
357.103,measure,4952.0,1704.0,8.4382,65.06
357.203,measure,4952.0,1696.0,8.3986,65.41
357.303,measure,4952.0,1712.0,8.4778,65.25
357.403,measure,4952.0,1712.0,8.4778,65.06
357.504,measure,4952.0,1720.0,8.5174,65.09
357.604,measure,4952.0,1720.0,8.5174,65.25
357.704,measure,4944.0,1736.0,8.5828,65.22
357.804,measure,4944.0,1736.0,8.5828,65.38
357.904,measure,4952.0,1736.0,8.5967,65.34
358.004,measure,4952.0,1736.0,8.5967,65.44
358.105,measure,4952.0,1736.0,8.5967,65.44
358.205,measure,4952.0,1736.0,8.5967,65.41
358.305,measure,4952.0,1728.0,8.5571,65.44
358.406,measure,4952.0,1720.0,8.5174,65.38
358.506,measure,4952.0,1720.0,8.5174,65.16
358.606,measure,4952.0,1720.0,8.5174,65.44
358.706,measure,4952.0,1712.0,8.4778,65.16
358.806,measure,4952.0,1712.0,8.4778,65.16
358.906,measure,4952.0,1712.0,8.4778,65.44
359.006,measure,4952.0,1704.0,8.4382,65.09
359.107,measure,4952.0,1704.0,8.4382,65.12
359.207,measure,4952.0,1704.0,8.4382,65.19
359.307,measure,4952.0,1704.0,8.4382,65.19
359.407,measure,4952.0,1720.0,8.5174,65.16
359.507,measure,4952.0,1720.0,8.5174,65.31
359.607,measure,4952.0,1728.0,8.5571,65.31
359.708,measure,4952.0,1728.0,8.5571,65.44
359.808,measure,4952.0,1744.0,8.6363,65.44
359.908,measure,4952.0,1744.0,8.6363,65.38
360.009,measure,4952.0,1736.0,8.5967,65.47
360.109,measure,4952.0,1736.0,8.5967,65.47
360.209,measure,4952.0,1728.0,8.5571,65.22
360.310,measure,4952.0,1720.0,8.5174,65.47
