t_rel_s,phase,mv,ma,watt,temp_max_c
0.000,warmup,4984.0,1048.0,5.2232,58.88
0.100,warmup,4984.0,1032.0,5.1435,58.81
0.201,warmup,4984.0,1008.0,5.0239,58.75
0.301,warmup,4984.0,984.0,4.9043,58.81
0.401,warmup,4984.0,976.0,4.8644,58.78
0.502,warmup,4984.0,976.0,4.8644,58.81
0.602,warmup,4984.0,968.0,4.8245,59.00
0.702,warmup,4984.0,968.0,4.8245,58.94
0.802,warmup,4984.0,968.0,4.8245,58.91
0.902,warmup,4984.0,968.0,4.8245,58.78
1.002,warmup,4992.0,960.0,4.7923,58.72
1.102,warmup,4992.0,960.0,4.7923,58.78
1.202,warmup,4992.0,960.0,4.7923,58.78
1.303,warmup,4992.0,960.0,4.7923,58.81
1.403,warmup,4992.0,960.0,4.7923,58.97
1.503,warmup,4992.0,960.0,4.7923,58.94
1.603,warmup,4992.0,960.0,4.7923,58.97
1.703,warmup,4992.0,952.0,4.7524,58.94
1.803,warmup,4992.0,952.0,4.7524,58.81
1.904,warmup,4992.0,952.0,4.7524,58.84
2.004,warmup,4992.0,952.0,4.7524,58.78
2.104,warmup,4992.0,960.0,4.7923,58.88
2.204,warmup,4992.0,952.0,4.7524,58.69
2.304,warmup,4992.0,952.0,4.7524,58.78
2.404,warmup,4992.0,952.0,4.7524,59.00
2.504,warmup,4992.0,960.0,4.7923,58.94
2.604,warmup,4992.0,960.0,4.7923,58.94
2.705,warmup,4992.0,960.0,4.7923,58.81
2.805,warmup,4992.0,960.0,4.7923,58.81
2.905,warmup,4992.0,960.0,4.7923,58.84
3.005,warmup,4992.0,960.0,4.7923,58.88
3.105,warmup,4992.0,960.0,4.7923,58.72
3.205,warmup,4992.0,960.0,4.7923,59.09
3.305,warmup,4992.0,960.0,4.7923,59.00
3.405,warmup,4992.0,960.0,4.7923,58.94
3.506,warmup,4992.0,960.0,4.7923,58.91
3.606,warmup,4992.0,960.0,4.7923,58.91
3.706,warmup,4992.0,960.0,4.7923,58.91
3.806,warmup,4992.0,960.0,4.7923,58.78
3.906,warmup,4992.0,960.0,4.7923,58.69
4.006,warmup,4992.0,960.0,4.7923,58.81
4.106,warmup,4992.0,960.0,4.7923,59.03
4.206,warmup,4992.0,960.0,4.7923,59.00
4.307,warmup,4992.0,960.0,4.7923,59.03
4.407,warmup,4992.0,960.0,4.7923,58.94
4.507,warmup,4992.0,960.0,4.7923,58.84
4.607,warmup,4992.0,960.0,4.7923,58.88
4.707,warmup,4992.0,960.0,4.7923,58.84
4.807,warmup,4992.0,960.0,4.7923,58.84
4.907,warmup,4992.0,960.0,4.7923,58.78
5.007,warmup,4984.0,960.0,4.7846,58.78
5.108,warmup,4984.0,960.0,4.7846,59.03
5.208,warmup,4984.0,960.0,4.7846,58.94
5.308,warmup,4984.0,960.0,4.7846,58.91
5.408,warmup,4984.0,968.0,4.8245,58.84
5.508,warmup,4984.0,968.0,4.8245,58.78
5.608,warmup,4984.0,968.0,4.8245,58.75
5.708,warmup,4984.0,968.0,4.8245,58.78
5.808,warmup,4984.0,968.0,4.8245,58.75
5.909,warmup,4984.0,968.0,4.8245,58.75
6.009,warmup,4984.0,968.0,4.8245,59.06
6.109,warmup,4984.0,968.0,4.8245,58.94
6.209,warmup,4984.0,968.0,4.8245,58.88
6.309,warmup,4984.0,968.0,4.8245,58.94
6.409,warmup,4984.0,976.0,4.8644,58.81
6.509,warmup,4984.0,976.0,4.8644,58.91
6.609,warmup,4984.0,976.0,4.8644,58.78
6.710,warmup,4984.0,976.0,4.8644,58.75
6.810,warmup,4984.0,968.0,4.8245,58.75
6.910,warmup,4984.0,968.0,4.8245,58.69
7.010,warmup,4984.0,968.0,4.8245,58.94
7.110,warmup,4984.0,968.0,4.8245,58.91
7.210,warmup,4984.0,968.0,4.8245,58.84
7.310,warmup,4984.0,968.0,4.8245,58.84
7.410,warmup,4984.0,968.0,4.8245,58.88
7.511,warmup,4984.0,968.0,4.8245,58.81
7.611,warmup,4984.0,968.0,4.8245,58.88
7.711,warmup,4984.0,968.0,4.8245,58.78
7.811,warmup,4984.0,968.0,4.8245,58.75
7.911,warmup,4984.0,968.0,4.8245,59.03
8.011,warmup,4984.0,968.0,4.8245,58.94
8.112,warmup,4984.0,968.0,4.8245,58.94
8.212,warmup,4984.0,968.0,4.8245,58.88
8.312,warmup,4984.0,968.0,4.8245,58.84
8.412,warmup,4984.0,968.0,4.8245,58.78
8.513,warmup,4984.0,968.0,4.8245,58.81
8.613,warmup,4984.0,968.0,4.8245,58.84
8.713,warmup,4984.0,968.0,4.8245,58.75
8.813,warmup,4984.0,968.0,4.8245,59.06
8.914,warmup,4984.0,968.0,4.8245,58.97
9.014,warmup,4984.0,968.0,4.8245,58.94
9.114,warmup,4984.0,968.0,4.8245,58.91
9.215,warmup,4984.0,968.0,4.8245,58.91
9.315,warmup,4984.0,968.0,4.8245,58.88
9.415,warmup,4984.0,968.0,4.8245,58.84
9.515,warmup,4984.0,968.0,4.8245,58.88
9.615,warmup,4984.0,968.0,4.8245,58.78
9.715,warmup,4984.0,968.0,4.8245,58.81
9.816,warmup,4984.0,976.0,4.8644,58.97
9.916,warmup,4984.0,976.0,4.8644,59.00
10.016,warmup,4984.0,976.0,4.8644,58.88
10.116,warmup,4984.0,976.0,4.8644,58.91
10.216,warmup,4984.0,984.0,4.9043,58.84
10.316,warmup,4984.0,984.0,4.9043,58.75
10.416,warmup,4984.0,984.0,4.9043,58.78
10.516,warmup,4984.0,984.0,4.9043,58.72
10.617,warmup,4984.0,984.0,4.9043,58.84
10.717,warmup,4984.0,984.0,4.9043,59.00
10.817,warmup,4984.0,984.0,4.9043,58.91
10.917,warmup,4984.0,976.0,4.8644,58.91
11.017,warmup,4984.0,976.0,4.8644,59.00
11.118,warmup,4984.0,976.0,4.8644,58.84
11.218,warmup,4984.0,976.0,4.8644,58.84
11.318,warmup,4984.0,968.0,4.8245,58.78
11.418,warmup,4984.0,968.0,4.8245,58.72
11.518,warmup,4984.0,968.0,4.8245,58.78
11.618,warmup,4984.0,968.0,4.8245,58.81
11.719,warmup,4984.0,968.0,4.8245,59.00
11.819,warmup,4992.0,968.0,4.8323,58.91
11.919,warmup,4984.0,968.0,4.8245,58.94
12.019,warmup,4992.0,968.0,4.8323,58.88
12.119,warmup,4992.0,968.0,4.8323,58.78
12.219,warmup,4984.0,968.0,4.8245,58.78
12.319,warmup,4984.0,968.0,4.8245,58.75
12.419,warmup,4984.0,968.0,4.8245,58.69
12.520,warmup,4984.0,968.0,4.8245,58.75
12.620,warmup,4984.0,968.0,4.8245,59.00
12.720,warmup,4984.0,968.0,4.8245,58.91
12.820,warmup,4984.0,968.0,4.8245,58.81
12.920,warmup,4984.0,968.0,4.8245,58.91
13.020,warmup,4984.0,968.0,4.8245,58.78
13.120,warmup,4984.0,968.0,4.8245,58.75
13.220,warmup,4984.0,968.0,4.8245,58.75
13.321,warmup,4992.0,968.0,4.8323,58.81
13.421,warmup,4984.0,968.0,4.8245,58.84
13.521,warmup,4992.0,968.0,4.8323,58.94
13.621,warmup,4984.0,968.0,4.8245,58.94
13.721,warmup,4984.0,968.0,4.8245,58.94
13.821,warmup,4984.0,968.0,4.8245,58.88
13.921,warmup,4992.0,968.0,4.8323,58.81
14.022,warmup,4992.0,968.0,4.8323,58.75
14.122,warmup,4992.0,968.0,4.8323,58.78
14.222,warmup,4992.0,968.0,4.8323,58.78
14.322,warmup,4992.0,968.0,4.8323,58.75
14.422,warmup,4992.0,968.0,4.8323,58.94
14.522,warmup,4992.0,968.0,4.8323,58.88
14.622,warmup,4984.0,968.0,4.8245,58.94
14.722,warmup,4992.0,968.0,4.8323,58.78
14.823,warmup,4984.0,968.0,4.8245,58.81
14.923,warmup,4984.0,968.0,4.8245,58.84
15.023,warmup,4984.0,968.0,4.8245,58.81
15.123,warmup,4992.0,968.0,4.8323,58.78
15.223,warmup,4984.0,968.0,4.8245,58.75
15.323,warmup,4984.0,968.0,4.8245,58.94
15.423,warmup,4984.0,968.0,4.8245,58.94
15.523,warmup,4984.0,968.0,4.8245,58.88
15.624,warmup,4984.0,968.0,4.8245,58.78
15.724,warmup,4984.0,968.0,4.8245,58.81
15.824,warmup,4984.0,968.0,4.8245,58.78
15.924,warmup,4984.0,968.0,4.8245,58.78
16.024,warmup,4992.0,960.0,4.7923,58.72
16.124,warmup,4992.0,960.0,4.7923,58.75
16.224,warmup,4992.0,960.0,4.7923,58.91
16.324,warmup,4992.0,960.0,4.7923,58.94
16.425,warmup,4992.0,968.0,4.8323,58.91
16.525,warmup,4992.0,960.0,4.7923,58.84
16.625,warmup,4984.0,968.0,4.8245,58.91
16.725,warmup,4984.0,968.0,4.8245,58.78
16.825,warmup,4984.0,968.0,4.8245,58.75
16.925,warmup,4984.0,968.0,4.8245,58.81
17.025,warmup,4984.0,968.0,4.8245,58.72
17.126,warmup,4984.0,960.0,4.7846,58.91
17.226,warmup,4984.0,960.0,4.7846,58.94
17.326,warmup,4992.0,960.0,4.7923,58.91
17.426,warmup,4992.0,960.0,4.7923,58.88
17.526,warmup,4984.0,968.0,4.8245,58.75
17.626,warmup,4984.0,968.0,4.8245,58.81
17.726,warmup,4992.0,968.0,4.8323,58.75
17.827,warmup,4992.0,960.0,4.7923,58.81
17.927,warmup,4992.0,960.0,4.7923,58.91
18.027,warmup,4992.0,960.0,4.7923,58.94
18.127,warmup,4992.0,960.0,4.7923,58.94
18.227,warmup,4992.0,960.0,4.7923,58.94
18.327,warmup,4992.0,960.0,4.7923,58.91
18.428,warmup,4992.0,960.0,4.7923,58.88
18.528,warmup,4992.0,960.0,4.7923,58.75
18.628,warmup,4992.0,960.0,4.7923,58.84
18.728,warmup,4984.0,960.0,4.7846,58.81
18.828,warmup,4984.0,960.0,4.7846,58.75
18.928,warmup,4992.0,960.0,4.7923,58.91
19.028,warmup,4992.0,960.0,4.7923,59.00
19.129,warmup,4992.0,960.0,4.7923,58.78
19.229,warmup,4992.0,960.0,4.7923,58.97
19.329,warmup,4984.0,960.0,4.7846,58.84
19.429,warmup,4984.0,960.0,4.7846,58.81
19.529,warmup,4992.0,960.0,4.7923,58.75
19.629,warmup,4992.0,960.0,4.7923,58.72
19.729,warmup,4992.0,960.0,4.7923,58.97
19.830,warmup,4992.0,960.0,4.7923,58.97
19.930,warmup,4992.0,960.0,4.7923,58.94
20.030,warmup,4992.0,960.0,4.7923,58.88
20.130,warmup,4992.0,960.0,4.7923,58.81
20.230,warmup,4992.0,960.0,4.7923,58.91
20.330,warmup,4992.0,960.0,4.7923,58.75
20.430,warmup,4992.0,960.0,4.7923,58.78
20.531,warmup,4992.0,960.0,4.7923,58.72
20.631,warmup,4992.0,960.0,4.7923,58.72
20.731,warmup,4992.0,960.0,4.7923,59.06
20.831,warmup,4992.0,960.0,4.7923,58.94
20.931,warmup,4992.0,960.0,4.7923,58.88
21.031,warmup,4992.0,960.0,4.7923,58.97
21.131,warmup,4992.0,960.0,4.7923,58.91
21.232,warmup,4992.0,960.0,4.7923,58.81
21.332,warmup,4992.0,960.0,4.7923,58.81
21.432,warmup,4992.0,960.0,4.7923,58.69
21.532,warmup,4992.0,960.0,4.7923,58.81
21.632,warmup,4992.0,960.0,4.7923,59.00
21.732,warmup,4984.0,960.0,4.7846,59.00
21.832,warmup,4992.0,960.0,4.7923,58.91
21.932,warmup,4984.0,960.0,4.7846,58.88
22.033,warmup,4992.0,960.0,4.7923,58.91
22.133,warmup,4992.0,960.0,4.7923,58.81
22.233,warmup,4992.0,960.0,4.7923,58.84
22.333,warmup,4992.0,960.0,4.7923,58.81
22.433,warmup,4992.0,968.0,4.8323,58.84
22.533,warmup,4984.0,968.0,4.8245,59.03
22.634,warmup,4992.0,968.0,4.8323,58.91
22.734,warmup,4992.0,968.0,4.8323,58.91
22.834,warmup,4992.0,968.0,4.8323,58.84
22.934,warmup,4992.0,968.0,4.8323,58.94
23.034,warmup,4992.0,968.0,4.8323,58.91
23.134,warmup,4992.0,968.0,4.8323,58.84
23.234,warmup,4992.0,968.0,4.8323,58.78
23.335,warmup,4992.0,968.0,4.8323,58.81
23.435,warmup,4992.0,968.0,4.8323,58.78
23.535,warmup,4992.0,968.0,4.8323,58.97
23.635,warmup,4992.0,968.0,4.8323,58.94
23.735,warmup,4992.0,960.0,4.7923,58.91
23.835,warmup,4992.0,968.0,4.8323,58.88
23.935,warmup,4992.0,968.0,4.8323,58.84
24.036,warmup,4992.0,968.0,4.8323,58.84
24.136,warmup,4992.0,968.0,4.8323,58.78
24.236,warmup,4992.0,960.0,4.7923,58.78
24.336,warmup,4992.0,960.0,4.7923,58.75
24.436,warmup,4984.0,968.0,4.8245,59.03
24.536,warmup,4984.0,968.0,4.8245,58.91
24.636,warmup,4992.0,968.0,4.8323,58.88
24.737,warmup,4984.0,968.0,4.8245,58.84
24.837,warmup,4984.0,968.0,4.8245,58.84
24.937,warmup,4984.0,968.0,4.8245,58.81
25.037,warmup,4984.0,968.0,4.8245,58.81
25.137,warmup,4992.0,968.0,4.8323,58.75
25.237,warmup,4992.0,968.0,4.8323,58.72
25.337,warmup,4992.0,960.0,4.7923,58.72
25.438,warmup,4992.0,960.0,4.7923,59.03
25.538,warmup,4992.0,968.0,4.8323,58.94
25.638,warmup,4992.0,968.0,4.8323,58.91
25.738,warmup,4992.0,968.0,4.8323,58.81
25.838,warmup,4984.0,968.0,4.8245,58.88
25.938,warmup,4984.0,968.0,4.8245,58.88
26.038,warmup,4984.0,968.0,4.8245,58.84
26.139,warmup,4984.0,968.0,4.8245,58.78
26.239,warmup,4984.0,968.0,4.8245,58.66
26.339,warmup,4984.0,968.0,4.8245,58.91
26.439,warmup,4984.0,968.0,4.8245,58.84
26.539,warmup,4984.0,968.0,4.8245,58.88
26.639,warmup,4984.0,968.0,4.8245,58.94
26.739,warmup,4984.0,976.0,4.8644,58.84
26.840,warmup,4984.0,976.0,4.8644,58.81
26.940,warmup,4984.0,976.0,4.8644,58.78
27.040,warmup,4984.0,976.0,4.8644,58.72
27.140,warmup,4984.0,976.0,4.8644,58.75
27.240,warmup,4984.0,976.0,4.8644,58.94
27.340,warmup,4984.0,976.0,4.8644,58.91
27.440,warmup,4984.0,976.0,4.8644,58.88
27.540,warmup,4984.0,976.0,4.8644,58.75
27.641,warmup,4984.0,976.0,4.8644,58.78
27.741,warmup,4984.0,968.0,4.8245,58.72
27.841,warmup,4984.0,968.0,4.8245,58.81
27.941,warmup,4984.0,968.0,4.8245,58.72
28.041,warmup,4984.0,968.0,4.8245,58.72
28.141,warmup,4984.0,968.0,4.8245,58.94
28.241,warmup,4992.0,968.0,4.8323,58.94
28.342,warmup,4992.0,968.0,4.8323,58.81
28.442,warmup,4984.0,968.0,4.8245,58.84
28.542,warmup,4984.0,968.0,4.8245,58.84
28.642,warmup,4984.0,968.0,4.8245,58.75
28.742,warmup,4984.0,968.0,4.8245,58.75
28.842,warmup,4984.0,968.0,4.8245,58.69
28.942,warmup,4984.0,968.0,4.8245,58.78
29.043,warmup,4984.0,968.0,4.8245,58.88
29.143,warmup,4984.0,968.0,4.8245,58.94
29.243,warmup,4984.0,960.0,4.7846,58.88
29.343,warmup,4984.0,960.0,4.7846,58.91
29.443,warmup,4984.0,960.0,4.7846,58.75
29.543,warmup,4984.0,968.0,4.8245,58.78
29.643,warmup,4984.0,968.0,4.8245,58.81
29.743,warmup,4984.0,968.0,4.8245,58.78
29.844,warmup,4984.0,968.0,4.8245,58.97
29.944,warmup,4984.0,968.0,4.8245,58.94
30.044,warmup,4984.0,968.0,4.8245,58.91
30.144,warmup,4984.0,968.0,4.8245,58.84
30.244,warmup,4984.0,968.0,4.8245,58.88
30.344,warmup,4984.0,968.0,4.8245,58.78
30.444,warmup,4992.0,968.0,4.8323,58.84
30.545,warmup,4992.0,960.0,4.7923,58.84
30.645,warmup,4984.0,968.0,4.8245,58.78
30.745,warmup,4984.0,968.0,4.8245,58.81
30.845,warmup,4984.0,968.0,4.8245,59.00
30.945,warmup,4992.0,968.0,4.8323,59.00
31.045,warmup,4992.0,968.0,4.8323,58.91
31.145,warmup,4984.0,968.0,4.8245,58.84
31.245,warmup,4984.0,968.0,4.8245,58.84
31.346,warmup,4992.0,968.0,4.8323,58.78
31.446,warmup,4992.0,960.0,4.7923,58.72
31.546,warmup,4992.0,960.0,4.7923,58.84
31.646,warmup,4992.0,968.0,4.8323,58.84
31.746,warmup,4984.0,968.0,4.8245,58.94
31.846,warmup,4992.0,968.0,4.8323,59.00
31.946,warmup,4984.0,968.0,4.8245,58.91
32.047,warmup,4984.0,968.0,4.8245,58.81
32.147,warmup,4984.0,968.0,4.8245,58.78
32.247,warmup,4984.0,968.0,4.8245,58.78
32.347,warmup,4992.0,968.0,4.8323,58.81
32.447,warmup,4992.0,968.0,4.8323,58.84
32.547,warmup,4992.0,968.0,4.8323,58.75
32.647,warmup,4984.0,968.0,4.8245,58.94
32.748,warmup,4992.0,968.0,4.8323,59.03
32.848,warmup,4984.0,960.0,4.7846,58.94
32.948,warmup,4984.0,960.0,4.7846,58.88
33.048,warmup,4992.0,960.0,4.7923,58.78
33.148,warmup,4992.0,960.0,4.7923,58.84
33.248,warmup,4992.0,960.0,4.7923,58.72
33.348,warmup,4984.0,960.0,4.7846,58.81
33.449,warmup,4992.0,960.0,4.7923,59.00
33.549,warmup,4984.0,960.0,4.7846,58.91
33.649,warmup,4984.0,960.0,4.7846,58.91
33.749,warmup,4984.0,960.0,4.7846,58.84
33.849,warmup,4992.0,960.0,4.7923,58.81
33.949,warmup,4992.0,960.0,4.7923,58.81
34.049,warmup,4992.0,960.0,4.7923,58.84
34.150,warmup,4992.0,960.0,4.7923,58.84
34.250,warmup,4992.0,960.0,4.7923,58.84
34.350,warmup,4992.0,960.0,4.7923,58.78
34.450,warmup,4992.0,960.0,4.7923,58.97
34.550,warmup,4992.0,960.0,4.7923,59.00
34.650,warmup,4992.0,960.0,4.7923,58.91
34.751,warmup,4992.0,960.0,4.7923,58.88
34.851,warmup,4992.0,960.0,4.7923,58.81
34.951,warmup,4992.0,960.0,4.7923,58.81
35.051,warmup,4992.0,960.0,4.7923,58.69
35.151,warmup,4992.0,960.0,4.7923,58.75
35.251,warmup,4992.0,960.0,4.7923,58.72
35.351,warmup,4992.0,960.0,4.7923,58.94
35.452,warmup,4984.0,960.0,4.7846,58.94
35.552,warmup,4984.0,960.0,4.7846,58.94
35.652,warmup,4992.0,960.0,4.7923,58.91
35.752,warmup,4984.0,960.0,4.7846,58.88
35.852,warmup,4992.0,960.0,4.7923,58.81
35.952,warmup,4992.0,960.0,4.7923,58.78
36.052,warmup,4984.0,960.0,4.7846,58.78
36.153,warmup,4992.0,960.0,4.7923,58.62
36.253,warmup,4992.0,960.0,4.7923,58.94
36.353,warmup,4992.0,960.0,4.7923,58.94
36.453,warmup,4992.0,960.0,4.7923,58.88
36.553,warmup,4992.0,960.0,4.7923,58.81
36.653,warmup,4992.0,960.0,4.7923,58.81
36.753,warmup,4984.0,960.0,4.7846,58.84
36.854,warmup,4992.0,960.0,4.7923,58.75
36.954,warmup,4992.0,960.0,4.7923,58.84
37.054,warmup,4992.0,960.0,4.7923,58.78
37.154,warmup,4992.0,960.0,4.7923,58.78
37.254,warmup,4992.0,960.0,4.7923,58.97
37.354,warmup,4992.0,960.0,4.7923,58.94
37.454,warmup,4992.0,960.0,4.7923,58.91
37.555,warmup,4992.0,960.0,4.7923,58.84
37.655,warmup,4992.0,960.0,4.7923,58.78
37.755,warmup,4992.0,960.0,4.7923,58.78
37.855,warmup,4984.0,960.0,4.7846,58.72
37.955,warmup,4992.0,960.0,4.7923,58.78
38.055,warmup,4992.0,960.0,4.7923,58.75
38.155,warmup,4992.0,960.0,4.7923,59.03
38.256,warmup,4992.0,960.0,4.7923,58.94
38.356,warmup,4992.0,960.0,4.7923,58.88
38.456,warmup,4992.0,960.0,4.7923,58.84
38.556,warmup,4992.0,960.0,4.7923,58.84
38.656,warmup,4992.0,960.0,4.7923,58.84
38.756,warmup,4992.0,960.0,4.7923,58.78
38.856,warmup,4992.0,960.0,4.7923,58.75
38.957,warmup,4992.0,960.0,4.7923,58.72
39.057,warmup,4992.0,968.0,4.8323,58.72
39.157,warmup,4992.0,968.0,4.8323,58.97
39.257,warmup,4992.0,968.0,4.8323,58.81
39.357,warmup,4992.0,968.0,4.8323,58.88
39.457,warmup,4984.0,968.0,4.8245,58.88
39.557,warmup,4984.0,960.0,4.7846,58.88
39.658,warmup,4992.0,960.0,4.7923,58.81
39.758,warmup,4992.0,960.0,4.7923,58.78
39.858,warmup,4992.0,968.0,4.8323,58.72
39.958,warmup,4984.0,968.0,4.8245,58.81
40.058,warmup,4992.0,968.0,4.8323,58.94
40.158,warmup,4984.0,968.0,4.8245,58.94
40.258,warmup,4992.0,960.0,4.7923,58.94
40.359,warmup,4992.0,960.0,4.7923,58.78
40.459,warmup,4992.0,960.0,4.7923,58.88
40.559,warmup,4992.0,960.0,4.7923,58.78
40.659,warmup,4992.0,960.0,4.7923,58.66
40.759,warmup,4992.0,960.0,4.7923,58.75
40.859,warmup,4984.0,960.0,4.7846,58.75
40.959,warmup,4992.0,960.0,4.7923,58.94
41.059,warmup,4992.0,960.0,4.7923,58.94
41.160,warmup,4992.0,960.0,4.7923,58.75
41.260,warmup,4992.0,960.0,4.7923,58.91
41.360,warmup,4984.0,960.0,4.7846,58.75
41.460,warmup,4992.0,960.0,4.7923,58.78
41.560,warmup,4992.0,960.0,4.7923,58.75
41.660,warmup,4992.0,960.0,4.7923,58.69
41.760,warmup,4992.0,960.0,4.7923,58.72
41.861,warmup,4992.0,960.0,4.7923,58.84
41.961,warmup,4984.0,968.0,4.8245,58.91
42.061,warmup,4984.0,968.0,4.8245,58.84
42.161,warmup,4984.0,968.0,4.8245,58.81
42.261,warmup,4984.0,968.0,4.8245,58.81
42.361,warmup,4984.0,968.0,4.8245,58.75
42.461,warmup,4984.0,968.0,4.8245,58.75
42.562,warmup,4984.0,968.0,4.8245,58.81
42.662,warmup,4984.0,968.0,4.8245,58.69
42.762,warmup,4984.0,968.0,4.8245,58.94
42.862,warmup,4984.0,968.0,4.8245,58.88
42.962,warmup,4984.0,968.0,4.8245,58.91
43.062,warmup,4984.0,968.0,4.8245,58.91
43.162,warmup,4984.0,968.0,4.8245,58.81
43.263,warmup,4984.0,968.0,4.8245,58.88
43.363,warmup,4984.0,968.0,4.8245,58.78
43.463,warmup,4984.0,976.0,4.8644,58.75
43.563,warmup,4984.0,976.0,4.8644,58.75
43.663,warmup,4984.0,976.0,4.8644,58.94
43.763,warmup,4984.0,976.0,4.8644,58.94
43.863,warmup,4984.0,976.0,4.8644,58.88
43.964,warmup,4984.0,976.0,4.8644,58.84
44.064,warmup,4984.0,976.0,4.8644,58.94
44.164,warmup,4984.0,976.0,4.8644,58.78
44.264,warmup,4984.0,968.0,4.8245,58.78
44.364,warmup,4984.0,968.0,4.8245,58.78
44.464,warmup,4984.0,968.0,4.8245,58.72
44.564,warmup,4984.0,968.0,4.8245,58.91
44.665,warmup,4992.0,968.0,4.8323,58.91
44.765,warmup,4992.0,968.0,4.8323,58.81
44.865,warmup,4992.0,960.0,4.7923,58.75
44.965,warmup,4992.0,960.0,4.7923,58.81
45.065,warmup,4992.0,960.0,4.7923,58.81
45.165,warmup,4992.0,960.0,4.7923,58.78
45.265,warmup,4992.0,960.0,4.7923,58.72
45.366,warmup,4992.0,960.0,4.7923,58.75
45.466,warmup,4992.0,960.0,4.7923,59.00
45.566,warmup,4992.0,960.0,4.7923,58.88
45.666,warmup,4992.0,960.0,4.7923,58.84
45.766,warmup,4992.0,960.0,4.7923,58.75
45.866,warmup,4992.0,960.0,4.7923,58.91
45.966,warmup,4992.0,960.0,4.7923,58.75
46.067,warmup,4992.0,960.0,4.7923,58.75
46.167,warmup,4992.0,960.0,4.7923,58.72
46.267,warmup,4992.0,960.0,4.7923,58.69
46.367,warmup,4992.0,960.0,4.7923,58.94
46.467,warmup,4992.0,960.0,4.7923,58.91
46.567,warmup,4992.0,960.0,4.7923,58.88
46.667,warmup,4992.0,960.0,4.7923,58.81
46.767,warmup,4992.0,960.0,4.7923,58.78
46.868,warmup,4992.0,960.0,4.7923,58.78
46.968,warmup,4992.0,960.0,4.7923,58.88
47.068,warmup,4992.0,960.0,4.7923,58.72
47.168,warmup,4992.0,960.0,4.7923,58.78
47.268,warmup,4992.0,960.0,4.7923,58.91
47.368,warmup,4992.0,960.0,4.7923,58.94
47.468,warmup,4992.0,960.0,4.7923,58.84
47.569,warmup,4992.0,960.0,4.7923,58.81
47.669,warmup,4992.0,960.0,4.7923,58.88
47.769,warmup,4992.0,960.0,4.7923,58.72
47.869,warmup,4992.0,960.0,4.7923,58.78
47.969,warmup,4992.0,960.0,4.7923,58.81
48.069,warmup,4992.0,960.0,4.7923,58.72
48.170,warmup,4992.0,960.0,4.7923,59.00
48.270,warmup,4992.0,960.0,4.7923,58.88
48.370,warmup,4992.0,960.0,4.7923,59.03
48.470,warmup,4992.0,960.0,4.7923,58.84
48.570,warmup,4992.0,960.0,4.7923,58.84
48.670,warmup,4992.0,960.0,4.7923,58.78
48.771,warmup,4992.0,960.0,4.7923,58.72
48.871,warmup,4992.0,960.0,4.7923,58.66
48.971,warmup,4992.0,960.0,4.7923,58.75
49.071,warmup,4992.0,960.0,4.7923,59.06
49.171,warmup,4992.0,960.0,4.7923,59.00
49.271,warmup,4992.0,960.0,4.7923,58.94
49.371,warmup,4992.0,960.0,4.7923,58.88
49.471,warmup,4992.0,960.0,4.7923,58.78
49.572,warmup,4992.0,960.0,4.7923,58.78
49.672,warmup,4992.0,960.0,4.7923,58.81
49.772,warmup,4992.0,960.0,4.7923,58.78
49.872,warmup,4992.0,960.0,4.7923,58.78
49.972,warmup,4992.0,960.0,4.7923,58.97
50.072,warmup,4992.0,960.0,4.7923,58.97
50.173,warmup,4992.0,960.0,4.7923,58.88
50.273,warmup,4992.0,960.0,4.7923,58.91
50.373,warmup,4992.0,960.0,4.7923,58.78
50.473,warmup,4992.0,960.0,4.7923,58.78
50.573,warmup,4992.0,960.0,4.7923,58.75
50.673,warmup,4992.0,960.0,4.7923,58.75
50.773,warmup,4992.0,960.0,4.7923,58.81
50.873,warmup,4992.0,960.0,4.7923,58.75
50.974,warmup,4992.0,960.0,4.7923,59.00
51.074,warmup,4992.0,960.0,4.7923,58.94
51.174,warmup,4992.0,960.0,4.7923,58.81
51.274,warmup,4992.0,960.0,4.7923,58.81
51.374,warmup,4992.0,960.0,4.7923,58.81
51.474,warmup,4992.0,960.0,4.7923,58.69
51.575,warmup,4992.0,960.0,4.7923,58.81
51.675,warmup,4992.0,960.0,4.7923,58.75
51.775,warmup,4992.0,960.0,4.7923,58.72
51.875,warmup,4992.0,960.0,4.7923,59.03
51.975,warmup,4992.0,960.0,4.7923,58.97
52.075,warmup,4992.0,960.0,4.7923,58.88
52.175,warmup,4992.0,960.0,4.7923,58.81
52.275,warmup,4984.0,960.0,4.7846,58.78
52.376,warmup,4984.0,960.0,4.7846,58.81
52.476,warmup,4992.0,960.0,4.7923,58.81
52.576,warmup,4984.0,960.0,4.7846,58.78
52.676,warmup,4992.0,960.0,4.7923,58.66
52.776,warmup,4992.0,960.0,4.7923,58.97
52.876,warmup,4984.0,960.0,4.7846,58.94
52.976,warmup,4984.0,960.0,4.7846,58.84
53.077,warmup,4992.0,960.0,4.7923,58.81
53.177,warmup,4992.0,960.0,4.7923,58.81
53.277,warmup,4992.0,960.0,4.7923,58.84
53.377,warmup,4992.0,960.0,4.7923,58.75
53.477,warmup,4992.0,960.0,4.7923,58.75
53.577,warmup,4984.0,960.0,4.7846,58.75
53.677,warmup,4992.0,960.0,4.7923,58.72
53.778,warmup,4992.0,960.0,4.7923,58.97
53.878,warmup,4992.0,960.0,4.7923,58.94
53.978,warmup,4992.0,960.0,4.7923,58.84
54.078,warmup,4992.0,960.0,4.7923,58.78
54.178,warmup,4992.0,960.0,4.7923,58.81
54.278,warmup,4992.0,960.0,4.7923,58.69
54.378,warmup,4992.0,960.0,4.7923,58.72
54.479,warmup,4992.0,960.0,4.7923,58.78
54.579,warmup,4992.0,960.0,4.7923,58.75
54.679,warmup,4992.0,960.0,4.7923,58.97
54.779,warmup,4992.0,960.0,4.7923,58.84
54.879,warmup,4992.0,960.0,4.7923,58.84
54.979,warmup,4992.0,960.0,4.7923,58.78
55.080,warmup,4992.0,960.0,4.7923,58.72
55.180,warmup,4984.0,960.0,4.7846,58.84
55.280,warmup,4984.0,960.0,4.7846,58.72
55.380,warmup,4992.0,960.0,4.7923,58.78
55.480,warmup,4992.0,960.0,4.7923,58.78
55.580,warmup,4984.0,960.0,4.7846,58.94
55.680,warmup,4984.0,960.0,4.7846,58.91
55.781,warmup,4984.0,960.0,4.7846,58.78
55.881,warmup,4984.0,960.0,4.7846,58.81
55.981,warmup,4984.0,960.0,4.7846,58.78
56.081,warmup,4984.0,960.0,4.7846,58.78
56.181,warmup,4984.0,968.0,4.8245,58.81
56.282,warmup,4984.0,968.0,4.8245,58.78
56.382,warmup,4992.0,968.0,4.8323,58.78
56.482,warmup,4992.0,968.0,4.8323,58.72
56.582,warmup,4984.0,968.0,4.8245,58.97
56.682,warmup,4992.0,968.0,4.8323,58.84
56.783,warmup,4992.0,960.0,4.7923,58.84
56.883,warmup,4984.0,960.0,4.7846,58.91
56.983,warmup,4992.0,960.0,4.7923,58.72
57.083,warmup,4992.0,960.0,4.7923,58.72
57.183,warmup,4992.0,960.0,4.7923,58.78
57.283,warmup,4992.0,960.0,4.7923,58.75
57.383,warmup,4992.0,960.0,4.7923,58.75
57.484,warmup,4992.0,960.0,4.7923,58.94
57.584,warmup,4992.0,960.0,4.7923,58.84
57.684,warmup,4992.0,960.0,4.7923,58.88
57.784,warmup,4992.0,960.0,4.7923,58.75
57.884,warmup,4992.0,960.0,4.7923,58.84
57.984,warmup,4992.0,960.0,4.7923,58.75
58.084,warmup,4992.0,960.0,4.7923,58.75
58.185,warmup,4992.0,960.0,4.7923,58.81
58.285,warmup,4992.0,960.0,4.7923,58.72
58.385,warmup,4992.0,960.0,4.7923,58.88
58.485,warmup,4992.0,960.0,4.7923,58.88
58.585,warmup,4992.0,960.0,4.7923,58.84
58.685,warmup,4992.0,960.0,4.7923,58.78
58.785,warmup,4984.0,960.0,4.7846,58.81
58.886,warmup,4992.0,960.0,4.7923,58.75
58.986,warmup,4992.0,960.0,4.7923,58.81
59.086,warmup,4984.0,960.0,4.7846,58.75
59.186,warmup,4984.0,960.0,4.7846,58.75
59.286,warmup,4984.0,968.0,4.8245,58.88
59.386,warmup,4984.0,968.0,4.8245,58.84
59.486,warmup,4984.0,968.0,4.8245,58.88
59.586,warmup,4984.0,968.0,4.8245,58.88
59.687,warmup,4984.0,968.0,4.8245,58.75
59.787,warmup,4984.0,968.0,4.8245,58.72
59.887,warmup,4984.0,968.0,4.8245,58.75
59.987,warmup,4984.0,976.0,4.8644,58.62
60.087,warmup,4984.0,976.0,4.8644,58.69
60.187,warmup,4984.0,976.0,4.8644,58.91
60.287,warmup,4984.0,976.0,4.8644,58.91
60.388,measure,4984.0,976.0,4.8644,58.81
60.488,measure,4984.0,968.0,4.8245,58.81
60.588,measure,4984.0,968.0,4.8245,58.78
60.688,measure,4984.0,968.0,4.8245,58.72
60.788,measure,4992.0,968.0,4.8323,58.78
60.888,measure,4992.0,968.0,4.8323,58.81
60.988,measure,4992.0,960.0,4.7923,58.72
61.089,measure,4992.0,960.0,4.7923,58.88
61.189,measure,4992.0,960.0,4.7923,58.94
61.289,measure,4992.0,960.0,4.7923,58.94
61.389,measure,4992.0,960.0,4.7923,58.88
61.489,measure,4992.0,960.0,4.7923,58.78
61.589,measure,4992.0,960.0,4.7923,58.78
61.689,measure,4992.0,960.0,4.7923,58.72
61.790,measure,4992.0,960.0,4.7923,58.78
61.890,measure,4992.0,960.0,4.7923,58.69
61.990,measure,4992.0,960.0,4.7923,58.94
62.090,measure,4992.0,960.0,4.7923,58.94
62.190,measure,4992.0,960.0,4.7923,58.91
62.290,measure,4992.0,960.0,4.7923,58.81
62.390,measure,4992.0,960.0,4.7923,58.78
62.491,measure,4992.0,960.0,4.7923,58.75
62.591,measure,4992.0,960.0,4.7923,58.75
62.691,measure,4992.0,960.0,4.7923,58.69
62.791,measure,4992.0,960.0,4.7923,58.75
62.891,measure,4992.0,960.0,4.7923,58.91
62.991,measure,4992.0,960.0,4.7923,58.88
63.091,measure,4992.0,960.0,4.7923,58.91
63.192,measure,4992.0,960.0,4.7923,58.81
63.292,measure,4992.0,960.0,4.7923,58.78
63.392,measure,4992.0,960.0,4.7923,58.69
63.492,measure,4992.0,960.0,4.7923,58.75
63.592,measure,4992.0,960.0,4.7923,58.81
63.692,measure,4992.0,960.0,4.7923,58.62
63.792,measure,4992.0,960.0,4.7923,58.94
63.893,measure,4992.0,960.0,4.7923,58.94
63.993,measure,4992.0,960.0,4.7923,58.94
64.093,measure,4992.0,960.0,4.7923,58.81
64.193,measure,4992.0,960.0,4.7923,58.84
64.293,measure,4992.0,960.0,4.7923,58.72
64.393,measure,4992.0,960.0,4.7923,58.69
64.493,measure,4992.0,960.0,4.7923,58.75
64.594,measure,4992.0,960.0,4.7923,58.75
64.694,measure,4992.0,960.0,4.7923,58.91
64.794,measure,4992.0,960.0,4.7923,58.88
64.894,measure,4992.0,960.0,4.7923,58.91
64.994,measure,4992.0,960.0,4.7923,58.88
65.094,measure,4992.0,960.0,4.7923,58.84
65.194,measure,4992.0,960.0,4.7923,58.75
65.295,measure,4992.0,960.0,4.7923,58.69
65.395,measure,4992.0,960.0,4.7923,58.69
65.495,measure,4992.0,960.0,4.7923,58.75
65.595,measure,4992.0,960.0,4.7923,58.94
65.696,measure,4992.0,960.0,4.7923,58.94
65.796,measure,4992.0,960.0,4.7923,58.84
65.896,measure,4992.0,960.0,4.7923,58.91
65.997,measure,4992.0,960.0,4.7923,58.88
66.097,measure,4992.0,960.0,4.7923,58.81
66.197,measure,4992.0,960.0,4.7923,58.75
66.297,measure,4992.0,960.0,4.7923,58.66
66.398,measure,4992.0,960.0,4.7923,58.72
66.498,measure,4992.0,960.0,4.7923,58.75
66.598,measure,4992.0,960.0,4.7923,58.66
66.698,measure,4992.0,960.0,4.7923,59.00
66.798,measure,4992.0,960.0,4.7923,58.88
66.898,measure,4992.0,960.0,4.7923,58.88
66.998,measure,4992.0,960.0,4.7923,58.81
67.098,measure,4992.0,960.0,4.7923,58.75
67.199,measure,4992.0,960.0,4.7923,58.75
67.299,measure,4992.0,960.0,4.7923,58.81
67.399,measure,4992.0,960.0,4.7923,58.66
67.499,measure,4992.0,960.0,4.7923,58.66
67.599,measure,4992.0,960.0,4.7923,58.97
67.699,measure,4992.0,960.0,4.7923,58.91
67.799,measure,4992.0,960.0,4.7923,58.81
67.900,measure,4992.0,960.0,4.7923,58.81
68.000,measure,4992.0,960.0,4.7923,58.88
68.100,measure,4992.0,960.0,4.7923,58.69
68.200,measure,4992.0,960.0,4.7923,58.78
68.300,measure,4992.0,960.0,4.7923,58.69
68.400,measure,4992.0,960.0,4.7923,58.75
68.500,measure,4992.0,960.0,4.7923,58.94
68.601,measure,4992.0,960.0,4.7923,58.94
68.701,measure,4992.0,960.0,4.7923,58.88
68.801,measure,4992.0,960.0,4.7923,58.78
68.901,measure,4992.0,960.0,4.7923,58.81
69.001,measure,4992.0,960.0,4.7923,58.72
69.101,measure,4992.0,960.0,4.7923,58.75
69.201,measure,4992.0,960.0,4.7923,58.72
69.301,measure,4992.0,960.0,4.7923,58.69
69.402,measure,4992.0,960.0,4.7923,58.94
69.502,measure,4992.0,960.0,4.7923,58.94
69.602,measure,4992.0,968.0,4.8323,58.88
69.702,measure,4992.0,968.0,4.8323,58.81
69.802,measure,4992.0,968.0,4.8323,58.84
69.902,measure,4992.0,968.0,4.8323,58.75
70.002,measure,4984.0,968.0,4.8245,58.75
70.103,measure,4984.0,968.0,4.8245,58.69
70.203,measure,4984.0,968.0,4.8245,58.75
70.303,measure,4984.0,968.0,4.8245,59.00
70.403,measure,4984.0,968.0,4.8245,58.97
70.503,measure,4984.0,976.0,4.8644,58.84
70.603,measure,4984.0,976.0,4.8644,58.78
70.703,measure,4984.0,976.0,4.8644,58.84
70.804,measure,4984.0,968.0,4.8245,58.69
70.904,measure,4984.0,968.0,4.8245,58.78
71.004,measure,4984.0,968.0,4.8245,58.66
71.104,measure,4984.0,968.0,4.8245,58.72
71.204,measure,4992.0,960.0,4.7923,58.97
71.304,measure,4992.0,960.0,4.7923,58.94
71.404,measure,4992.0,960.0,4.7923,58.97
71.504,measure,4992.0,960.0,4.7923,58.81
71.605,measure,4992.0,960.0,4.7923,58.84
71.705,measure,4992.0,960.0,4.7923,58.72
71.805,measure,4992.0,960.0,4.7923,58.75
71.905,measure,4992.0,960.0,4.7923,58.78
72.005,measure,4992.0,960.0,4.7923,58.72
72.105,measure,4992.0,960.0,4.7923,58.66
72.205,measure,4992.0,960.0,4.7923,58.94
72.305,measure,4992.0,960.0,4.7923,58.94
72.406,measure,4992.0,960.0,4.7923,58.88
72.506,measure,4992.0,960.0,4.7923,58.81
72.606,measure,4992.0,960.0,4.7923,58.78
72.706,measure,4992.0,960.0,4.7923,58.75
72.806,measure,4992.0,960.0,4.7923,58.75
72.907,measure,4992.0,960.0,4.7923,58.72
73.007,measure,4992.0,960.0,4.7923,58.72
73.107,measure,4992.0,960.0,4.7923,58.97
73.207,measure,4992.0,960.0,4.7923,58.84
73.307,measure,4992.0,960.0,4.7923,58.88
73.407,measure,4992.0,960.0,4.7923,58.72
73.507,measure,4992.0,960.0,4.7923,58.81
73.608,measure,4984.0,960.0,4.7846,58.72
73.708,measure,4992.0,960.0,4.7923,58.69
73.808,measure,4992.0,960.0,4.7923,58.75
73.908,measure,4992.0,960.0,4.7923,58.72
74.008,measure,4992.0,960.0,4.7923,58.66
74.108,measure,4992.0,960.0,4.7923,58.81
74.208,measure,4992.0,960.0,4.7923,58.88
74.308,measure,4992.0,960.0,4.7923,58.75
74.409,measure,4992.0,960.0,4.7923,58.78
74.509,measure,4992.0,960.0,4.7923,58.72
74.609,measure,4992.0,960.0,4.7923,58.72
74.709,measure,4992.0,960.0,4.7923,58.75
74.809,measure,4992.0,960.0,4.7923,58.66
74.909,measure,4992.0,960.0,4.7923,58.72
75.009,measure,4992.0,960.0,4.7923,58.88
75.110,measure,4992.0,960.0,4.7923,58.91
75.210,measure,4992.0,960.0,4.7923,58.84
75.310,measure,4992.0,968.0,4.8323,58.72
75.410,measure,4992.0,968.0,4.8323,58.72
75.510,measure,4992.0,968.0,4.8323,58.69
75.610,measure,4984.0,968.0,4.8245,58.72
75.710,measure,4984.0,968.0,4.8245,58.66
75.811,measure,4984.0,960.0,4.7846,58.72
75.911,measure,4992.0,960.0,4.7923,58.88
76.011,measure,4992.0,960.0,4.7923,58.84
76.111,measure,4992.0,960.0,4.7923,58.78
76.211,measure,4992.0,960.0,4.7923,58.75
76.311,measure,4992.0,960.0,4.7923,58.75
76.411,measure,4992.0,960.0,4.7923,58.69
76.512,measure,4992.0,960.0,4.7923,58.69
76.612,measure,4992.0,968.0,4.8323,58.62
76.712,measure,4992.0,968.0,4.8323,58.66
76.812,measure,4984.0,960.0,4.7846,58.84
76.912,measure,4984.0,960.0,4.7846,58.81
77.012,measure,4992.0,960.0,4.7923,58.75
77.112,measure,4992.0,960.0,4.7923,58.75
77.213,measure,4992.0,960.0,4.7923,58.78
77.313,measure,4992.0,960.0,4.7923,58.75
77.413,measure,4992.0,960.0,4.7923,58.75
77.513,measure,4992.0,960.0,4.7923,58.69
77.613,measure,4992.0,960.0,4.7923,58.69
77.713,measure,4992.0,960.0,4.7923,58.94
77.814,measure,4992.0,960.0,4.7923,58.88
77.914,measure,4992.0,960.0,4.7923,58.81
78.014,measure,4992.0,960.0,4.7923,58.81
78.114,measure,4992.0,960.0,4.7923,58.78
78.214,measure,4992.0,960.0,4.7923,58.75
78.314,measure,4992.0,960.0,4.7923,58.69
78.414,measure,4992.0,960.0,4.7923,58.78
78.515,measure,4992.0,960.0,4.7923,58.72
78.615,measure,4992.0,960.0,4.7923,58.69
78.715,measure,4992.0,960.0,4.7923,58.84
78.815,measure,4992.0,960.0,4.7923,58.78
78.915,measure,4992.0,960.0,4.7923,58.81
79.015,measure,4992.0,960.0,4.7923,58.75
79.115,measure,4992.0,960.0,4.7923,58.69
79.216,measure,4992.0,960.0,4.7923,58.69
79.316,measure,4992.0,960.0,4.7923,58.72
79.416,measure,4992.0,960.0,4.7923,58.69
79.516,measure,4992.0,960.0,4.7923,58.88
79.616,measure,4992.0,960.0,4.7923,58.88
79.716,measure,4992.0,960.0,4.7923,58.84
79.817,measure,4992.0,960.0,4.7923,58.78
79.917,measure,4992.0,960.0,4.7923,58.78
80.017,measure,4992.0,960.0,4.7923,58.72
80.117,measure,4992.0,960.0,4.7923,58.69
80.217,measure,4992.0,960.0,4.7923,58.69
80.317,measure,4992.0,960.0,4.7923,58.66
80.417,measure,4992.0,960.0,4.7923,58.88
80.518,measure,4992.0,960.0,4.7923,58.84
80.618,measure,4992.0,960.0,4.7923,58.84
80.718,measure,4992.0,960.0,4.7923,58.78
80.818,measure,4992.0,960.0,4.7923,58.78
80.918,measure,4992.0,960.0,4.7923,58.72
81.018,measure,4992.0,960.0,4.7923,58.78
81.118,measure,4992.0,960.0,4.7923,58.69
81.218,measure,4992.0,960.0,4.7923,58.69
81.319,measure,4992.0,960.0,4.7923,58.91
81.419,measure,4992.0,960.0,4.7923,58.94
81.519,measure,4992.0,960.0,4.7923,58.84
81.619,measure,4992.0,960.0,4.7923,58.75
81.719,measure,4992.0,960.0,4.7923,58.72
81.819,measure,4992.0,960.0,4.7923,58.78
81.919,measure,4992.0,960.0,4.7923,58.72
82.019,measure,4992.0,960.0,4.7923,58.66
82.120,measure,4992.0,960.0,4.7923,58.66
82.220,measure,4992.0,960.0,4.7923,58.91
82.320,measure,4992.0,960.0,4.7923,58.88
82.420,measure,4992.0,960.0,4.7923,58.75
82.520,measure,4992.0,960.0,4.7923,58.81
82.620,measure,4992.0,960.0,4.7923,58.84
82.720,measure,4992.0,960.0,4.7923,58.75
82.820,measure,4992.0,960.0,4.7923,58.75
82.921,measure,4992.0,960.0,4.7923,58.69
83.021,measure,4992.0,960.0,4.7923,58.72
83.121,measure,4992.0,960.0,4.7923,58.94
83.221,measure,4992.0,960.0,4.7923,58.94
83.321,measure,4992.0,960.0,4.7923,58.75
83.421,measure,4992.0,960.0,4.7923,58.78
83.521,measure,4992.0,960.0,4.7923,58.75
83.622,measure,4992.0,960.0,4.7923,58.69
83.722,measure,4992.0,960.0,4.7923,58.72
83.822,measure,4992.0,960.0,4.7923,58.75
83.922,measure,4992.0,960.0,4.7923,58.69
84.022,measure,4992.0,960.0,4.7923,58.94
84.122,measure,4992.0,960.0,4.7923,58.97
84.222,measure,4992.0,960.0,4.7923,58.88
84.322,measure,4992.0,960.0,4.7923,58.78
84.423,measure,4992.0,960.0,4.7923,58.75
84.523,measure,4992.0,960.0,4.7923,58.78
84.623,measure,4992.0,960.0,4.7923,58.75
84.723,measure,4992.0,960.0,4.7923,58.69
84.823,measure,4992.0,960.0,4.7923,58.72
84.923,measure,4984.0,960.0,4.7846,58.91
85.023,measure,4984.0,960.0,4.7846,58.94
85.124,measure,4992.0,960.0,4.7923,58.81
85.224,measure,4984.0,960.0,4.7846,58.75
85.324,measure,4992.0,960.0,4.7923,58.78
85.424,measure,4992.0,960.0,4.7923,58.81
85.524,measure,4992.0,960.0,4.7923,58.72
85.624,measure,4992.0,960.0,4.7923,58.78
85.724,measure,4992.0,960.0,4.7923,58.69
85.825,measure,4984.0,960.0,4.7846,58.66
85.925,measure,4984.0,960.0,4.7846,58.91
86.025,measure,4992.0,960.0,4.7923,58.75
86.125,measure,4992.0,960.0,4.7923,58.81
86.225,measure,4992.0,968.0,4.8323,58.78
86.325,measure,4992.0,968.0,4.8323,58.69
86.425,measure,4984.0,968.0,4.8245,58.75
86.525,measure,4984.0,968.0,4.8245,58.72
86.626,measure,4984.0,968.0,4.8245,58.72
86.726,measure,4984.0,968.0,4.8245,58.78
86.826,measure,4984.0,968.0,4.8245,59.00
86.926,measure,4984.0,976.0,4.8644,58.94
87.026,measure,4984.0,976.0,4.8644,58.88
87.126,measure,4984.0,976.0,4.8644,58.75
87.226,measure,4984.0,976.0,4.8644,58.69
87.327,measure,4984.0,976.0,4.8644,58.75
87.427,measure,4984.0,976.0,4.8644,58.75
87.527,measure,4984.0,968.0,4.8245,58.69
87.627,measure,4984.0,968.0,4.8245,58.66
87.727,measure,4984.0,968.0,4.8245,58.75
87.827,measure,4992.0,968.0,4.8323,58.84
87.927,measure,4992.0,968.0,4.8323,58.88
88.027,measure,4992.0,968.0,4.8323,58.78
88.128,measure,4992.0,960.0,4.7923,58.75
88.228,measure,4992.0,960.0,4.7923,58.75
88.328,measure,4992.0,960.0,4.7923,58.81
88.428,measure,4992.0,960.0,4.7923,58.72
88.528,measure,4992.0,960.0,4.7923,58.66
88.628,measure,4992.0,960.0,4.7923,58.66
88.728,measure,4992.0,960.0,4.7923,58.84
88.828,measure,4992.0,960.0,4.7923,58.94
88.929,measure,4992.0,960.0,4.7923,58.84
89.029,measure,4992.0,960.0,4.7923,58.81
89.129,measure,4992.0,960.0,4.7923,58.78
89.229,measure,4992.0,960.0,4.7923,58.75
89.329,measure,4992.0,960.0,4.7923,58.75
89.429,measure,4992.0,960.0,4.7923,58.72
89.529,measure,4992.0,960.0,4.7923,58.72
89.630,measure,4992.0,960.0,4.7923,58.91
89.730,measure,4992.0,960.0,4.7923,58.88
89.830,measure,4992.0,960.0,4.7923,58.78
89.930,measure,4992.0,960.0,4.7923,58.81
90.030,measure,4992.0,960.0,4.7923,58.78
90.130,measure,4992.0,960.0,4.7923,58.69
90.230,measure,4992.0,960.0,4.7923,58.78
90.331,measure,4992.0,960.0,4.7923,58.66
90.431,measure,4992.0,960.0,4.7923,58.88
90.531,measure,4992.0,960.0,4.7923,58.97
90.631,measure,4992.0,960.0,4.7923,58.84
90.731,measure,4992.0,960.0,4.7923,58.78
90.831,measure,4992.0,960.0,4.7923,58.72
90.931,measure,4992.0,960.0,4.7923,58.69
91.032,measure,4992.0,960.0,4.7923,58.78
91.132,measure,4992.0,960.0,4.7923,58.72
91.232,measure,4992.0,960.0,4.7923,58.69
91.332,measure,4992.0,960.0,4.7923,58.91
91.432,measure,4992.0,960.0,4.7923,58.94
91.532,measure,4992.0,960.0,4.7923,58.91
91.632,measure,4992.0,960.0,4.7923,58.75
91.733,measure,4992.0,960.0,4.7923,58.78
91.833,measure,4992.0,960.0,4.7923,58.78
91.933,measure,4992.0,960.0,4.7923,58.72
92.033,measure,4992.0,960.0,4.7923,58.78
92.133,measure,4992.0,960.0,4.7923,58.78
92.233,measure,4992.0,960.0,4.7923,58.66
92.333,measure,4992.0,960.0,4.7923,58.94
92.434,measure,4992.0,960.0,4.7923,58.84
92.534,measure,4992.0,960.0,4.7923,58.75
92.634,measure,4992.0,960.0,4.7923,58.78
92.734,measure,4992.0,960.0,4.7923,58.78
92.834,measure,4992.0,960.0,4.7923,58.75
92.934,measure,4992.0,960.0,4.7923,58.75
93.034,measure,4992.0,960.0,4.7923,58.62
93.135,measure,4992.0,960.0,4.7923,58.69
93.235,measure,4992.0,960.0,4.7923,58.94
93.335,measure,4992.0,960.0,4.7923,58.84
93.435,measure,4992.0,960.0,4.7923,58.75
93.535,measure,4992.0,960.0,4.7923,58.75
93.635,measure,4992.0,952.0,4.7524,58.75
93.735,measure,4992.0,952.0,4.7524,58.75
93.836,measure,4992.0,952.0,4.7524,58.72
93.936,measure,4992.0,952.0,4.7524,58.72
94.036,measure,4992.0,952.0,4.7524,58.94
94.136,measure,4992.0,952.0,4.7524,58.94
94.236,measure,4992.0,952.0,4.7524,58.94
94.336,measure,4992.0,952.0,4.7524,58.81
94.436,measure,4992.0,952.0,4.7524,58.75
94.536,measure,4992.0,952.0,4.7524,58.78
94.637,measure,4992.0,952.0,4.7524,58.75
94.737,measure,4992.0,952.0,4.7524,58.72
94.837,measure,4992.0,952.0,4.7524,58.66
94.937,measure,4992.0,952.0,4.7524,58.69
95.037,measure,4992.0,952.0,4.7524,58.91
95.137,measure,4992.0,952.0,4.7524,58.84
95.237,measure,4992.0,952.0,4.7524,58.78
95.338,measure,4992.0,952.0,4.7524,58.81
95.438,measure,4992.0,952.0,4.7524,58.75
95.538,measure,4992.0,952.0,4.7524,58.81
95.638,measure,4992.0,952.0,4.7524,58.75
95.738,measure,4992.0,952.0,4.7524,58.69
95.838,measure,4992.0,952.0,4.7524,58.66
95.938,measure,4992.0,952.0,4.7524,59.00
96.039,measure,4992.0,952.0,4.7524,58.91
96.139,measure,4992.0,952.0,4.7524,58.84
96.239,measure,4992.0,952.0,4.7524,58.94
96.339,measure,4992.0,952.0,4.7524,58.81
96.439,measure,4992.0,960.0,4.7923,58.81
96.539,measure,4992.0,960.0,4.7923,58.72
96.639,measure,4992.0,960.0,4.7923,58.78
96.740,measure,4992.0,960.0,4.7923,58.72
96.840,measure,4992.0,960.0,4.7923,58.91
96.940,measure,4992.0,960.0,4.7923,58.94
97.040,measure,4992.0,960.0,4.7923,58.88
97.140,measure,4992.0,960.0,4.7923,58.78
97.240,measure,4992.0,960.0,4.7923,58.75
97.340,measure,4992.0,960.0,4.7923,58.72
97.441,measure,4992.0,960.0,4.7923,58.75
97.541,measure,4992.0,960.0,4.7923,58.72
97.641,measure,4992.0,960.0,4.7923,58.72
97.741,measure,4992.0,960.0,4.7923,58.94
97.841,measure,4992.0,960.0,4.7923,58.94
97.941,measure,4992.0,960.0,4.7923,58.78
98.041,measure,4992.0,960.0,4.7923,58.84
98.142,measure,4992.0,960.0,4.7923,58.78
98.242,measure,4992.0,960.0,4.7923,58.75
98.342,measure,4992.0,960.0,4.7923,58.81
98.442,measure,4992.0,960.0,4.7923,58.69
98.542,measure,4992.0,960.0,4.7923,58.69
98.642,measure,4984.0,960.0,4.7846,58.94
98.742,measure,4992.0,960.0,4.7923,58.91
98.843,measure,4992.0,960.0,4.7923,58.81
98.943,measure,4992.0,960.0,4.7923,58.75
99.043,measure,4992.0,960.0,4.7923,58.72
99.143,measure,4992.0,960.0,4.7923,58.78
99.243,measure,4992.0,960.0,4.7923,58.75
99.343,measure,4984.0,960.0,4.7846,58.72
99.443,measure,4984.0,960.0,4.7846,58.72
99.543,measure,4992.0,960.0,4.7923,58.66
99.644,measure,4984.0,968.0,4.8245,58.94
99.744,measure,4984.0,960.0,4.7846,58.88
99.844,measure,4984.0,968.0,4.8245,58.81
99.944,measure,4984.0,960.0,4.7846,58.72
100.044,measure,4984.0,960.0,4.7846,58.78
100.144,measure,4992.0,960.0,4.7923,58.69
100.244,measure,4984.0,960.0,4.7846,58.75
100.345,measure,4984.0,960.0,4.7846,58.66
100.445,measure,4984.0,960.0,4.7846,58.62
100.545,measure,4992.0,960.0,4.7923,58.94
100.645,measure,4992.0,960.0,4.7923,58.84
100.745,measure,4992.0,960.0,4.7923,58.94
100.845,measure,4992.0,960.0,4.7923,58.72
100.945,measure,4992.0,960.0,4.7923,58.75
101.046,measure,4992.0,960.0,4.7923,58.72
101.146,measure,4992.0,960.0,4.7923,58.75
101.246,measure,4984.0,960.0,4.7846,58.69
101.346,measure,4992.0,960.0,4.7923,58.69
101.446,measure,4984.0,960.0,4.7846,58.69
101.546,measure,4984.0,960.0,4.7846,58.84
101.646,measure,4992.0,960.0,4.7923,58.78
101.746,measure,4992.0,960.0,4.7923,58.88
101.847,measure,4992.0,960.0,4.7923,58.75
101.947,measure,4992.0,960.0,4.7923,58.69
102.047,measure,4992.0,960.0,4.7923,58.75
102.147,measure,4992.0,960.0,4.7923,58.66
102.247,measure,4992.0,960.0,4.7923,58.69
102.347,measure,4984.0,960.0,4.7846,58.62
102.447,measure,4984.0,960.0,4.7846,58.84
102.547,measure,4984.0,968.0,4.8245,58.81
102.648,measure,4992.0,968.0,4.8323,58.66
102.748,measure,4984.0,968.0,4.8245,58.69
102.848,measure,4984.0,968.0,4.8245,58.75
102.948,measure,4984.0,968.0,4.8245,58.69
103.048,measure,4984.0,968.0,4.8245,58.78
103.148,measure,4984.0,968.0,4.8245,58.66
103.248,measure,4984.0,968.0,4.8245,58.84
103.349,measure,4984.0,976.0,4.8644,58.91
103.449,measure,4984.0,976.0,4.8644,58.84
103.549,measure,4984.0,976.0,4.8644,58.78
103.649,measure,4984.0,976.0,4.8644,58.72
103.749,measure,4984.0,976.0,4.8644,58.72
103.849,measure,4984.0,976.0,4.8644,58.72
103.949,measure,4984.0,976.0,4.8644,58.66
104.049,measure,4984.0,976.0,4.8644,58.66
104.150,measure,4984.0,976.0,4.8644,58.91
104.250,measure,4984.0,968.0,4.8245,58.91
104.350,measure,4984.0,968.0,4.8245,58.78
104.450,measure,4984.0,968.0,4.8245,58.75
104.550,measure,4984.0,968.0,4.8245,58.78
104.650,measure,4992.0,968.0,4.8323,58.78
104.750,measure,4992.0,968.0,4.8323,58.78
104.851,measure,4992.0,960.0,4.7923,58.69
104.951,measure,4992.0,960.0,4.7923,58.69
105.051,measure,4992.0,960.0,4.7923,58.97
105.151,measure,4992.0,960.0,4.7923,58.88
105.251,measure,4992.0,960.0,4.7923,58.94
105.351,measure,4992.0,960.0,4.7923,58.75
105.451,measure,4992.0,960.0,4.7923,58.69
105.551,measure,4984.0,960.0,4.7846,58.78
105.652,measure,4992.0,960.0,4.7923,58.78
105.752,measure,4984.0,960.0,4.7846,58.69
105.852,measure,4992.0,960.0,4.7923,58.69
105.952,measure,4992.0,960.0,4.7923,58.91
106.052,measure,4992.0,960.0,4.7923,58.97
106.152,measure,4992.0,960.0,4.7923,58.84
106.252,measure,4992.0,960.0,4.7923,58.78
106.352,measure,4992.0,960.0,4.7923,58.78
106.453,measure,4984.0,960.0,4.7846,58.72
106.553,measure,4984.0,968.0,4.8245,58.78
106.653,measure,4992.0,960.0,4.7923,58.75
106.753,measure,4992.0,960.0,4.7923,58.69
106.853,measure,4992.0,960.0,4.7923,58.94
106.953,measure,4992.0,960.0,4.7923,58.81
107.053,measure,4992.0,960.0,4.7923,58.94
107.154,measure,4992.0,960.0,4.7923,58.78
107.254,measure,4992.0,960.0,4.7923,58.78
107.354,measure,4992.0,960.0,4.7923,58.81
107.454,measure,4992.0,960.0,4.7923,58.78
107.554,measure,4992.0,960.0,4.7923,58.72
107.654,measure,4992.0,960.0,4.7923,58.66
107.754,measure,4992.0,960.0,4.7923,58.94
107.855,measure,4992.0,960.0,4.7923,58.94
107.955,measure,4992.0,960.0,4.7923,58.75
108.055,measure,4992.0,960.0,4.7923,58.84
108.155,measure,4992.0,960.0,4.7923,58.88
108.255,measure,4992.0,960.0,4.7923,58.78
108.355,measure,4992.0,960.0,4.7923,58.69
108.455,measure,4992.0,960.0,4.7923,58.75
108.555,measure,4992.0,960.0,4.7923,58.72
108.656,measure,4992.0,960.0,4.7923,58.97
108.756,measure,4992.0,960.0,4.7923,58.88
108.856,measure,4992.0,960.0,4.7923,58.78
108.956,measure,4992.0,960.0,4.7923,58.75
109.056,measure,4992.0,960.0,4.7923,58.75
109.156,measure,4992.0,960.0,4.7923,58.75
109.256,measure,4992.0,960.0,4.7923,58.75
109.356,measure,4992.0,960.0,4.7923,58.66
109.457,measure,4992.0,960.0,4.7923,58.69
109.557,measure,4992.0,960.0,4.7923,58.97
109.657,measure,4992.0,960.0,4.7923,58.91
109.757,measure,4992.0,960.0,4.7923,58.81
109.857,measure,4992.0,960.0,4.7923,58.81
109.957,measure,4992.0,960.0,4.7923,58.78
110.057,measure,4992.0,960.0,4.7923,58.88
110.157,measure,4992.0,960.0,4.7923,58.81
110.258,measure,4992.0,960.0,4.7923,58.78
110.358,measure,4992.0,960.0,4.7923,58.72
110.458,measure,4992.0,960.0,4.7923,58.97
110.558,measure,4992.0,960.0,4.7923,58.94
110.658,measure,4992.0,960.0,4.7923,58.94
110.758,measure,4992.0,960.0,4.7923,58.91
110.858,measure,4992.0,960.0,4.7923,58.81
110.959,measure,4992.0,960.0,4.7923,58.75
111.059,measure,4992.0,960.0,4.7923,58.78
111.159,measure,4992.0,960.0,4.7923,58.75
111.259,measure,4992.0,960.0,4.7923,58.75
111.359,measure,4992.0,960.0,4.7923,58.75
111.459,measure,4992.0,960.0,4.7923,58.94
111.559,measure,4992.0,960.0,4.7923,58.84
111.659,measure,4992.0,960.0,4.7923,58.88
111.760,measure,4992.0,960.0,4.7923,58.72
111.860,measure,4992.0,960.0,4.7923,58.78
111.960,measure,4992.0,960.0,4.7923,58.75
112.060,measure,4992.0,952.0,4.7524,58.75
112.160,measure,4992.0,960.0,4.7923,58.72
112.260,measure,4992.0,960.0,4.7923,58.69
112.360,measure,4992.0,952.0,4.7524,58.97
112.460,measure,4992.0,952.0,4.7524,58.88
112.561,measure,4992.0,960.0,4.7923,58.81
112.661,measure,4992.0,960.0,4.7923,58.78
112.761,measure,4992.0,952.0,4.7524,58.75
112.861,measure,4992.0,960.0,4.7923,58.75
112.961,measure,4992.0,952.0,4.7524,58.69
113.061,measure,4992.0,952.0,4.7524,58.72
113.161,measure,4992.0,952.0,4.7524,58.62
113.261,measure,4992.0,952.0,4.7524,58.69
113.362,measure,4992.0,952.0,4.7524,58.84
113.462,measure,4992.0,952.0,4.7524,58.75
113.562,measure,4992.0,960.0,4.7923,58.88
113.662,measure,4992.0,952.0,4.7524,58.78
113.762,measure,4992.0,952.0,4.7524,58.78
113.862,measure,4992.0,952.0,4.7524,58.72
113.962,measure,4992.0,952.0,4.7524,58.75
114.063,measure,4992.0,952.0,4.7524,58.66
114.163,measure,4992.0,952.0,4.7524,58.62
114.263,measure,4992.0,952.0,4.7524,58.84
114.363,measure,4992.0,952.0,4.7524,58.88
114.463,measure,4992.0,952.0,4.7524,58.88
114.563,measure,4992.0,960.0,4.7923,58.78
114.663,measure,4992.0,960.0,4.7923,58.84
114.763,measure,4992.0,960.0,4.7923,58.78
114.864,measure,4992.0,960.0,4.7923,58.66
114.964,measure,4992.0,960.0,4.7923,58.69
115.064,measure,4992.0,960.0,4.7923,58.66
115.164,measure,4992.0,952.0,4.7524,58.88
115.264,measure,4992.0,952.0,4.7524,58.81
115.364,measure,4992.0,960.0,4.7923,58.75
115.464,measure,4992.0,960.0,4.7923,58.72
115.565,measure,4992.0,960.0,4.7923,58.78
115.665,measure,4992.0,960.0,4.7923,58.72
115.765,measure,4992.0,960.0,4.7923,58.75
115.865,measure,4992.0,960.0,4.7923,58.75
115.965,measure,4992.0,960.0,4.7923,58.78
116.065,measure,4992.0,960.0,4.7923,58.84
116.165,measure,4992.0,960.0,4.7923,58.81
116.266,measure,4992.0,960.0,4.7923,58.84
116.366,measure,4992.0,960.0,4.7923,58.81
116.466,measure,4992.0,960.0,4.7923,58.72
116.566,measure,4992.0,960.0,4.7923,58.62
116.666,measure,4992.0,960.0,4.7923,58.72
116.766,measure,4992.0,960.0,4.7923,58.75
116.866,measure,4992.0,960.0,4.7923,58.72
116.967,measure,4992.0,960.0,4.7923,58.84
117.067,measure,4992.0,960.0,4.7923,58.94
117.167,measure,4992.0,960.0,4.7923,58.81
117.267,measure,4992.0,960.0,4.7923,58.81
117.367,measure,4992.0,960.0,4.7923,58.72
117.467,measure,4992.0,960.0,4.7923,58.75
117.567,measure,4992.0,960.0,4.7923,58.69
117.668,measure,4992.0,960.0,4.7923,58.66
117.768,measure,4992.0,960.0,4.7923,58.66
117.868,measure,4992.0,960.0,4.7923,58.94
117.968,measure,4992.0,960.0,4.7923,58.78
118.068,measure,4992.0,960.0,4.7923,58.91
118.168,measure,4992.0,960.0,4.7923,58.84
118.268,measure,4992.0,960.0,4.7923,58.75
118.369,measure,4992.0,960.0,4.7923,58.78
118.469,measure,4992.0,960.0,4.7923,58.75
118.569,measure,4992.0,960.0,4.7923,58.69
118.669,measure,4992.0,960.0,4.7923,58.69
118.769,measure,4992.0,960.0,4.7923,58.62
118.869,measure,4992.0,960.0,4.7923,58.84
118.969,measure,4992.0,960.0,4.7923,58.88
119.069,measure,4992.0,960.0,4.7923,58.88
119.170,measure,4992.0,960.0,4.7923,58.69
119.270,measure,4992.0,960.0,4.7923,58.75
119.370,measure,4992.0,960.0,4.7923,58.78
119.470,measure,4992.0,960.0,4.7923,58.66
119.570,measure,4992.0,960.0,4.7923,58.69
119.670,measure,4992.0,960.0,4.7923,58.91
119.770,measure,4992.0,968.0,4.8323,58.94
119.871,measure,4992.0,968.0,4.8323,58.78
119.971,measure,4992.0,968.0,4.8323,58.81
120.071,measure,4984.0,968.0,4.8245,58.88
120.171,measure,4984.0,968.0,4.8245,58.75
120.271,measure,4984.0,968.0,4.8245,58.69
120.371,measure,4984.0,968.0,4.8245,58.62
120.472,measure,4984.0,976.0,4.8644,58.62
120.572,measure,4984.0,976.0,4.8644,58.94
120.672,measure,4992.0,976.0,4.8722,58.94
120.772,measure,4984.0,976.0,4.8644,58.84
120.872,measure,4992.0,968.0,4.8323,58.84
120.972,measure,4992.0,968.0,4.8323,58.72
121.072,measure,4992.0,968.0,4.8323,58.72
121.172,measure,4992.0,968.0,4.8323,58.78
121.273,measure,4992.0,960.0,4.7923,58.75
121.373,measure,4992.0,960.0,4.7923,58.72
121.473,measure,4992.0,968.0,4.8323,58.66
121.573,measure,4992.0,960.0,4.7923,58.94
121.673,measure,4992.0,960.0,4.7923,58.88
121.773,measure,4992.0,960.0,4.7923,58.81
121.874,measure,4992.0,960.0,4.7923,58.75
121.974,measure,4992.0,960.0,4.7923,58.72
122.074,measure,4992.0,960.0,4.7923,58.69
122.174,measure,4992.0,960.0,4.7923,58.72
122.274,measure,4992.0,960.0,4.7923,58.69
122.374,measure,4992.0,960.0,4.7923,58.94
122.474,measure,4992.0,960.0,4.7923,58.94
122.574,measure,4992.0,960.0,4.7923,58.84
122.675,measure,4992.0,960.0,4.7923,58.75
122.775,measure,4992.0,968.0,4.8323,58.84
122.875,measure,4992.0,960.0,4.7923,58.69
122.975,measure,4992.0,960.0,4.7923,58.72
123.075,measure,4992.0,968.0,4.8323,58.72
123.175,measure,4992.0,968.0,4.8323,58.66
123.275,measure,4992.0,960.0,4.7923,58.94
123.375,measure,4992.0,960.0,4.7923,59.00
123.476,measure,4992.0,960.0,4.7923,58.78
123.576,measure,4992.0,960.0,4.7923,58.84
123.676,measure,4992.0,960.0,4.7923,58.78
123.776,measure,4992.0,968.0,4.8323,58.72
123.876,measure,4992.0,960.0,4.7923,58.72
123.976,measure,4992.0,960.0,4.7923,58.69
124.076,measure,4992.0,960.0,4.7923,58.75
124.177,measure,4992.0,960.0,4.7923,59.00
124.277,measure,4992.0,960.0,4.7923,58.97
124.377,measure,4992.0,960.0,4.7923,58.78
124.477,measure,4992.0,960.0,4.7923,58.78
124.577,measure,4992.0,960.0,4.7923,58.75
124.677,measure,4992.0,960.0,4.7923,58.69
124.777,measure,4992.0,960.0,4.7923,58.72
124.877,measure,4992.0,960.0,4.7923,58.75
124.978,measure,4992.0,960.0,4.7923,58.72
125.078,measure,4992.0,960.0,4.7923,58.78
125.178,measure,4992.0,968.0,4.8323,58.94
125.278,measure,4992.0,960.0,4.7923,58.84
125.378,measure,4992.0,960.0,4.7923,58.84
125.478,measure,4992.0,960.0,4.7923,58.81
125.578,measure,4992.0,960.0,4.7923,58.75
125.679,measure,4992.0,960.0,4.7923,58.69
125.779,measure,4992.0,960.0,4.7923,58.69
125.879,measure,4992.0,968.0,4.8323,58.72
125.979,measure,4992.0,960.0,4.7923,58.69
126.079,measure,4992.0,960.0,4.7923,58.94
126.179,measure,4992.0,960.0,4.7923,58.84
126.279,measure,4992.0,960.0,4.7923,58.84
126.379,measure,4992.0,960.0,4.7923,58.78
126.480,measure,4992.0,960.0,4.7923,58.81
126.580,measure,4992.0,960.0,4.7923,58.72
126.680,measure,4992.0,960.0,4.7923,58.69
126.780,measure,4992.0,960.0,4.7923,58.72
126.880,measure,4992.0,960.0,4.7923,58.75
126.980,measure,4992.0,960.0,4.7923,58.84
127.080,measure,4992.0,960.0,4.7923,58.84
127.181,measure,4992.0,960.0,4.7923,58.81
127.281,measure,4992.0,960.0,4.7923,58.81
127.381,measure,4992.0,960.0,4.7923,58.69
127.481,measure,4992.0,960.0,4.7923,58.75
127.581,measure,4992.0,960.0,4.7923,58.72
127.681,measure,4992.0,960.0,4.7923,58.72
127.781,measure,4992.0,960.0,4.7923,58.69
127.881,measure,4992.0,960.0,4.7923,58.94
127.982,measure,4992.0,960.0,4.7923,58.84
128.082,measure,4992.0,960.0,4.7923,58.84
128.182,measure,4992.0,960.0,4.7923,58.69
128.282,measure,4992.0,960.0,4.7923,58.72
128.382,measure,4992.0,960.0,4.7923,58.66
128.482,measure,4992.0,960.0,4.7923,58.69
128.582,measure,4992.0,960.0,4.7923,58.72
128.683,measure,4992.0,960.0,4.7923,58.66
128.783,measure,4992.0,960.0,4.7923,58.81
128.883,measure,4992.0,960.0,4.7923,58.88
128.983,measure,4992.0,960.0,4.7923,58.81
129.083,measure,4992.0,960.0,4.7923,58.75
129.183,measure,4992.0,960.0,4.7923,58.81
129.283,measure,4992.0,960.0,4.7923,58.75
129.383,measure,4992.0,960.0,4.7923,58.75
129.484,measure,4992.0,960.0,4.7923,58.59
129.584,measure,4992.0,960.0,4.7923,58.69
129.684,measure,4992.0,960.0,4.7923,58.88
129.784,measure,4992.0,960.0,4.7923,58.81
129.884,measure,4992.0,960.0,4.7923,58.88
129.984,measure,4992.0,960.0,4.7923,58.72
130.084,measure,4992.0,960.0,4.7923,58.78
130.185,measure,4992.0,960.0,4.7923,58.69
130.285,measure,4992.0,960.0,4.7923,58.69
130.385,measure,4992.0,960.0,4.7923,58.75
130.485,measure,4992.0,960.0,4.7923,58.72
130.585,measure,4992.0,960.0,4.7923,58.94
130.685,measure,4992.0,960.0,4.7923,58.81
130.785,measure,4992.0,960.0,4.7923,58.78
130.885,measure,4992.0,960.0,4.7923,58.84
130.986,measure,4992.0,960.0,4.7923,58.78
131.086,measure,4992.0,960.0,4.7923,58.78
131.186,measure,4992.0,960.0,4.7923,58.72
131.286,measure,4992.0,960.0,4.7923,58.66
131.386,measure,4992.0,960.0,4.7923,58.72
131.486,measure,4992.0,960.0,4.7923,58.84
131.586,measure,4992.0,960.0,4.7923,58.88
131.687,measure,4992.0,960.0,4.7923,58.91
131.787,measure,4992.0,960.0,4.7923,58.78
131.887,measure,4992.0,960.0,4.7923,58.72
131.987,measure,4992.0,960.0,4.7923,58.72
132.087,measure,4992.0,960.0,4.7923,58.78
132.187,measure,4992.0,960.0,4.7923,58.69
132.287,measure,4992.0,960.0,4.7923,58.78
132.387,measure,4992.0,960.0,4.7923,58.94
132.488,measure,4992.0,960.0,4.7923,58.88
132.588,measure,4992.0,960.0,4.7923,58.81
132.688,measure,4992.0,960.0,4.7923,58.75
132.788,measure,4992.0,960.0,4.7923,58.84
132.888,measure,4992.0,960.0,4.7923,58.78
132.988,measure,4992.0,960.0,4.7923,58.78
133.088,measure,4992.0,960.0,4.7923,58.62
133.189,measure,4992.0,960.0,4.7923,58.62
133.289,measure,4992.0,960.0,4.7923,58.91
133.389,measure,4992.0,960.0,4.7923,58.88
133.489,measure,4992.0,960.0,4.7923,58.88
133.589,measure,4992.0,960.0,4.7923,58.81
133.689,measure,4992.0,960.0,4.7923,58.75
133.789,measure,4992.0,960.0,4.7923,58.84
133.889,measure,4992.0,960.0,4.7923,58.72
133.990,measure,4992.0,960.0,4.7923,58.59
134.090,measure,4992.0,960.0,4.7923,58.66
134.190,measure,4992.0,960.0,4.7923,58.94
134.290,measure,4992.0,960.0,4.7923,58.91
134.390,measure,4992.0,960.0,4.7923,58.88
134.490,measure,4992.0,960.0,4.7923,58.84
134.590,measure,4992.0,960.0,4.7923,58.84
134.690,measure,4992.0,960.0,4.7923,58.78
134.791,measure,4992.0,960.0,4.7923,58.72
134.891,measure,4992.0,960.0,4.7923,58.75
134.991,measure,4992.0,960.0,4.7923,58.75
135.091,measure,4992.0,960.0,4.7923,59.03
135.191,measure,4992.0,960.0,4.7923,58.91
135.291,measure,4992.0,960.0,4.7923,58.84
135.391,measure,4992.0,960.0,4.7923,58.88
135.491,measure,4992.0,960.0,4.7923,58.81
135.592,measure,4992.0,960.0,4.7923,58.78
135.692,measure,4992.0,960.0,4.7923,58.75
135.792,measure,4992.0,960.0,4.7923,58.75
135.892,measure,4992.0,960.0,4.7923,58.66
135.992,measure,4992.0,960.0,4.7923,58.66
136.092,measure,4984.0,968.0,4.8245,58.91
136.192,measure,4992.0,968.0,4.8323,58.88
136.293,measure,4992.0,968.0,4.8323,58.88
136.393,measure,4992.0,968.0,4.8323,58.81
136.493,measure,4992.0,968.0,4.8323,58.78
136.593,measure,4984.0,976.0,4.8644,58.78
136.693,measure,4984.0,976.0,4.8644,58.72
136.793,measure,4984.0,976.0,4.8644,58.72
136.893,measure,4984.0,976.0,4.8644,58.75
136.993,measure,4984.0,976.0,4.8644,58.94
137.094,measure,4984.0,976.0,4.8644,58.84
137.194,measure,4984.0,976.0,4.8644,58.84
137.294,measure,4984.0,976.0,4.8644,58.84
137.394,measure,4984.0,976.0,4.8644,58.81
137.494,measure,4984.0,976.0,4.8644,58.72
137.594,measure,4984.0,976.0,4.8644,58.81
137.694,measure,4984.0,968.0,4.8245,58.75
137.795,measure,4984.0,968.0,4.8245,58.66
137.895,measure,4992.0,968.0,4.8323,59.00
137.995,measure,4992.0,968.0,4.8323,58.94
138.095,measure,4992.0,968.0,4.8323,58.84
138.195,measure,4992.0,960.0,4.7923,58.72
138.295,measure,4992.0,960.0,4.7923,58.72
138.395,measure,4992.0,960.0,4.7923,58.75
138.495,measure,4992.0,960.0,4.7923,58.72
138.596,measure,4992.0,960.0,4.7923,58.69
138.696,measure,4992.0,960.0,4.7923,58.69
138.796,measure,4992.0,960.0,4.7923,58.75
138.896,measure,4992.0,960.0,4.7923,58.94
138.996,measure,4992.0,960.0,4.7923,58.78
139.096,measure,4992.0,960.0,4.7923,58.84
139.197,measure,4992.0,960.0,4.7923,58.81
139.297,measure,4992.0,960.0,4.7923,58.78
139.397,measure,4992.0,960.0,4.7923,58.62
139.497,measure,4992.0,960.0,4.7923,58.72
139.597,measure,4992.0,960.0,4.7923,58.66
139.697,measure,4992.0,960.0,4.7923,58.66
139.797,measure,4992.0,960.0,4.7923,58.91
139.898,measure,4984.0,960.0,4.7846,58.84
139.998,measure,4992.0,960.0,4.7923,58.81
140.098,measure,4992.0,960.0,4.7923,58.84
140.198,measure,4984.0,960.0,4.7846,58.72
140.298,measure,4992.0,960.0,4.7923,58.72
140.398,measure,4992.0,960.0,4.7923,58.78
140.498,measure,4992.0,960.0,4.7923,58.72
140.599,measure,4992.0,960.0,4.7923,58.72
140.699,measure,4992.0,960.0,4.7923,58.84
140.799,measure,4992.0,960.0,4.7923,58.84
140.899,measure,4992.0,960.0,4.7923,58.81
140.999,measure,4992.0,960.0,4.7923,58.75
141.099,measure,4992.0,960.0,4.7923,58.81
141.199,measure,4992.0,960.0,4.7923,58.78
141.300,measure,4992.0,960.0,4.7923,58.72
141.400,measure,4992.0,960.0,4.7923,58.69
141.500,measure,4992.0,960.0,4.7923,58.72
141.600,measure,4992.0,960.0,4.7923,58.91
141.700,measure,4992.0,960.0,4.7923,58.84
141.800,measure,4992.0,960.0,4.7923,58.84
141.901,measure,4992.0,960.0,4.7923,58.78
142.001,measure,4992.0,960.0,4.7923,58.75
142.101,measure,4992.0,960.0,4.7923,58.75
142.201,measure,4992.0,960.0,4.7923,58.72
142.301,measure,4992.0,960.0,4.7923,58.66
142.401,measure,4992.0,960.0,4.7923,58.59
142.501,measure,4992.0,960.0,4.7923,58.84
142.602,measure,4992.0,960.0,4.7923,58.84
142.702,measure,4992.0,960.0,4.7923,58.91
142.802,measure,4992.0,960.0,4.7923,58.72
142.902,measure,4992.0,960.0,4.7923,58.81
143.002,measure,4992.0,960.0,4.7923,58.72
143.102,measure,4992.0,960.0,4.7923,58.69
143.202,measure,4992.0,960.0,4.7923,58.62
143.303,measure,4992.0,960.0,4.7923,58.66
143.403,measure,4992.0,960.0,4.7923,58.88
143.503,measure,4992.0,960.0,4.7923,58.94
143.603,measure,4992.0,960.0,4.7923,58.81
143.703,measure,4992.0,952.0,4.7524,58.84
143.803,measure,4992.0,952.0,4.7524,58.81
143.903,measure,4992.0,952.0,4.7524,58.78
144.004,measure,4992.0,952.0,4.7524,58.72
144.104,measure,4992.0,952.0,4.7524,58.72
144.204,measure,4992.0,952.0,4.7524,58.69
144.304,measure,4992.0,952.0,4.7524,58.88
144.404,measure,4992.0,952.0,4.7524,58.84
144.504,measure,4992.0,952.0,4.7524,58.88
144.604,measure,4992.0,960.0,4.7923,58.75
144.705,measure,4992.0,960.0,4.7923,58.78
144.805,measure,4992.0,960.0,4.7923,58.78
144.905,measure,4992.0,960.0,4.7923,58.75
145.005,measure,4992.0,960.0,4.7923,58.72
145.105,measure,4992.0,952.0,4.7524,58.72
145.205,measure,4992.0,952.0,4.7524,58.97
145.305,measure,4992.0,960.0,4.7923,58.94
145.405,measure,4992.0,960.0,4.7923,58.81
145.506,measure,4992.0,960.0,4.7923,58.91
145.606,measure,4992.0,960.0,4.7923,58.78
145.706,measure,4992.0,960.0,4.7923,58.75
145.806,measure,4992.0,960.0,4.7923,58.81
145.906,measure,4992.0,960.0,4.7923,58.75
146.006,measure,4992.0,960.0,4.7923,58.62
146.107,measure,4992.0,960.0,4.7923,58.88
146.207,measure,4992.0,960.0,4.7923,58.84
146.307,measure,4992.0,960.0,4.7923,58.81
146.407,measure,4992.0,960.0,4.7923,58.88
146.507,measure,4992.0,960.0,4.7923,58.78
146.607,measure,4992.0,960.0,4.7923,58.75
146.707,measure,4992.0,960.0,4.7923,58.75
146.808,measure,4992.0,960.0,4.7923,58.78
146.908,measure,4992.0,960.0,4.7923,58.66
147.008,measure,4992.0,960.0,4.7923,59.00
147.108,measure,4992.0,960.0,4.7923,58.91
147.208,measure,4992.0,960.0,4.7923,58.88
147.308,measure,4992.0,960.0,4.7923,58.81
147.408,measure,4992.0,960.0,4.7923,58.78
147.509,measure,4992.0,960.0,4.7923,58.75
147.609,measure,4992.0,960.0,4.7923,58.72
147.709,measure,4992.0,960.0,4.7923,58.69
147.809,measure,4992.0,960.0,4.7923,58.66
147.909,measure,4992.0,960.0,4.7923,58.94
148.009,measure,4992.0,960.0,4.7923,58.88
148.109,measure,4992.0,960.0,4.7923,58.84
148.210,measure,4992.0,960.0,4.7923,58.78
148.310,measure,4992.0,960.0,4.7923,58.75
148.410,measure,4992.0,960.0,4.7923,58.75
148.510,measure,4992.0,960.0,4.7923,58.66
148.610,measure,4992.0,960.0,4.7923,58.78
148.710,measure,4992.0,960.0,4.7923,58.66
148.810,measure,4992.0,960.0,4.7923,59.03
148.911,measure,4992.0,960.0,4.7923,58.94
149.011,measure,4992.0,960.0,4.7923,58.91
149.111,measure,4992.0,960.0,4.7923,58.88
149.211,measure,4992.0,968.0,4.8323,58.72
149.311,measure,4992.0,968.0,4.8323,58.66
149.411,measure,4984.0,968.0,4.8245,58.75
149.511,measure,4992.0,968.0,4.8323,58.72
149.612,measure,4992.0,968.0,4.8323,58.66
149.712,measure,4984.0,968.0,4.8245,58.69
149.812,measure,4984.0,968.0,4.8245,58.97
149.912,measure,4984.0,968.0,4.8245,58.91
150.012,measure,4984.0,968.0,4.8245,58.72
150.112,measure,4992.0,968.0,4.8323,58.81
150.212,measure,4992.0,968.0,4.8323,58.75
150.313,measure,4984.0,968.0,4.8245,58.75
150.413,measure,4984.0,968.0,4.8245,58.66
150.513,measure,4984.0,968.0,4.8245,58.72
150.613,measure,4992.0,968.0,4.8323,58.69
150.713,measure,4992.0,968.0,4.8323,58.91
150.813,measure,4992.0,960.0,4.7923,58.94
150.914,measure,4984.0,968.0,4.8245,58.81
151.014,measure,4984.0,968.0,4.8245,58.81
151.114,measure,4992.0,968.0,4.8323,58.75
151.214,measure,4992.0,960.0,4.7923,58.81
151.314,measure,4992.0,960.0,4.7923,58.69
151.414,measure,4992.0,968.0,4.8323,58.78
151.514,measure,4992.0,968.0,4.8323,58.69
151.615,measure,4992.0,968.0,4.8323,58.94
151.715,measure,4992.0,960.0,4.7923,58.97
151.815,measure,4992.0,960.0,4.7923,58.88
151.915,measure,4992.0,960.0,4.7923,58.81
152.015,measure,4992.0,960.0,4.7923,58.78
152.115,measure,4992.0,960.0,4.7923,58.81
152.215,measure,4984.0,960.0,4.7846,58.75
152.315,measure,4984.0,960.0,4.7846,58.75
152.416,measure,4984.0,960.0,4.7846,58.72
152.516,measure,4984.0,968.0,4.8245,58.75
152.616,measure,4984.0,968.0,4.8245,58.97
152.716,measure,4984.0,968.0,4.8245,58.84
152.816,measure,4984.0,968.0,4.8245,58.75
152.916,measure,4984.0,968.0,4.8245,58.75
153.017,measure,4984.0,968.0,4.8245,58.72
153.117,measure,4984.0,968.0,4.8245,58.72
153.217,measure,4984.0,968.0,4.8245,58.66
153.317,measure,4984.0,968.0,4.8245,58.66
153.417,measure,4984.0,976.0,4.8644,58.69
153.517,measure,4984.0,976.0,4.8644,59.00
153.617,measure,4984.0,976.0,4.8644,58.84
153.718,measure,4984.0,976.0,4.8644,58.78
153.818,measure,4984.0,976.0,4.8644,58.72
153.918,measure,4984.0,976.0,4.8644,58.69
154.018,measure,4984.0,976.0,4.8644,58.72
154.118,measure,4984.0,976.0,4.8644,58.62
154.218,measure,4984.0,976.0,4.8644,58.75
154.318,measure,4984.0,976.0,4.8644,58.66
154.419,measure,4984.0,968.0,4.8245,58.69
154.519,measure,4984.0,968.0,4.8245,58.84
154.619,measure,4984.0,968.0,4.8245,58.84
154.719,measure,4984.0,968.0,4.8245,58.72
154.819,measure,4984.0,968.0,4.8245,58.69
154.919,measure,4984.0,960.0,4.7846,58.69
155.019,measure,4992.0,960.0,4.7923,58.75
155.120,measure,4992.0,960.0,4.7923,58.69
155.220,measure,4992.0,960.0,4.7923,58.62
155.320,measure,4992.0,960.0,4.7923,58.66
155.420,measure,4992.0,960.0,4.7923,58.84
155.520,measure,4992.0,960.0,4.7923,58.84
155.620,measure,4992.0,960.0,4.7923,58.72
155.720,measure,4992.0,960.0,4.7923,58.72
155.821,measure,4992.0,960.0,4.7923,58.75
155.921,measure,4992.0,960.0,4.7923,58.69
156.021,measure,4992.0,960.0,4.7923,58.72
156.121,measure,4992.0,960.0,4.7923,58.69
156.221,measure,4984.0,960.0,4.7846,58.75
156.321,measure,4984.0,960.0,4.7846,58.81
156.421,measure,4992.0,960.0,4.7923,58.69
156.522,measure,4992.0,960.0,4.7923,58.84
156.622,measure,4984.0,960.0,4.7846,58.72
156.722,measure,4992.0,960.0,4.7923,58.75
156.822,measure,4992.0,960.0,4.7923,58.69
156.922,measure,4992.0,960.0,4.7923,58.72
157.022,measure,4992.0,960.0,4.7923,58.66
157.122,measure,4992.0,960.0,4.7923,58.62
157.223,measure,4992.0,960.0,4.7923,58.78
157.323,measure,4992.0,960.0,4.7923,58.81
157.423,measure,4992.0,960.0,4.7923,58.84
157.523,measure,4992.0,960.0,4.7923,58.78
157.623,measure,4992.0,960.0,4.7923,58.78
157.723,measure,4992.0,960.0,4.7923,58.78
157.823,measure,4992.0,960.0,4.7923,58.72
157.924,measure,4992.0,960.0,4.7923,58.66
158.024,measure,4992.0,960.0,4.7923,58.62
158.124,measure,4992.0,960.0,4.7923,58.88
158.224,measure,4992.0,960.0,4.7923,58.81
158.324,measure,4992.0,960.0,4.7923,58.72
158.424,measure,4992.0,960.0,4.7923,58.78
158.524,measure,4992.0,960.0,4.7923,58.78
158.625,measure,4992.0,960.0,4.7923,58.69
158.725,measure,4992.0,960.0,4.7923,58.69
158.825,measure,4992.0,960.0,4.7923,58.66
158.925,measure,4992.0,960.0,4.7923,58.69
159.025,measure,4992.0,960.0,4.7923,58.91
159.125,measure,4992.0,960.0,4.7923,58.91
159.225,measure,4992.0,960.0,4.7923,58.91
159.326,measure,4992.0,960.0,4.7923,58.81
159.426,measure,4992.0,960.0,4.7923,58.81
159.526,measure,4992.0,960.0,4.7923,58.66
159.626,measure,4992.0,960.0,4.7923,58.75
159.726,measure,4992.0,960.0,4.7923,58.72
159.826,measure,4992.0,960.0,4.7923,58.69
159.926,measure,4992.0,960.0,4.7923,58.91
160.027,measure,4992.0,960.0,4.7923,58.88
160.127,measure,4992.0,960.0,4.7923,58.84
160.227,measure,4992.0,960.0,4.7923,58.72
160.327,measure,4992.0,952.0,4.7524,58.75
160.427,measure,4992.0,952.0,4.7524,58.69
160.527,measure,4992.0,952.0,4.7524,58.72
160.627,measure,4992.0,960.0,4.7923,58.72
160.728,measure,4992.0,960.0,4.7923,58.69
160.828,measure,4992.0,960.0,4.7923,58.94
160.928,measure,4992.0,960.0,4.7923,58.84
161.028,measure,4992.0,960.0,4.7923,58.81
161.128,measure,4992.0,960.0,4.7923,58.78
161.228,measure,4992.0,960.0,4.7923,58.78
161.328,measure,4992.0,960.0,4.7923,58.75
161.429,measure,4992.0,960.0,4.7923,58.75
161.529,measure,4992.0,960.0,4.7923,58.69
161.629,measure,4992.0,960.0,4.7923,58.72
161.729,measure,4992.0,960.0,4.7923,58.84
161.829,measure,4992.0,960.0,4.7923,58.88
161.929,measure,4992.0,960.0,4.7923,58.78
162.029,measure,4992.0,960.0,4.7923,58.78
162.130,measure,4992.0,960.0,4.7923,58.78
162.230,measure,4992.0,960.0,4.7923,58.78
162.330,measure,4992.0,952.0,4.7524,58.75
162.430,measure,4992.0,952.0,4.7524,58.69
162.530,measure,4992.0,952.0,4.7524,58.66
162.630,measure,4992.0,952.0,4.7524,58.94
162.730,measure,4992.0,960.0,4.7923,58.91
162.831,measure,4992.0,960.0,4.7923,58.94
162.931,measure,4992.0,952.0,4.7524,58.75
163.031,measure,4992.0,952.0,4.7524,58.75
163.131,measure,4992.0,952.0,4.7524,58.69
163.231,measure,4992.0,952.0,4.7524,58.75
163.331,measure,4992.0,952.0,4.7524,58.69
163.432,measure,4992.0,952.0,4.7524,58.72
163.532,measure,4992.0,952.0,4.7524,58.97
163.632,measure,4992.0,952.0,4.7524,58.88
163.732,measure,4992.0,960.0,4.7923,58.84
163.832,measure,4992.0,960.0,4.7923,58.72
163.932,measure,4992.0,960.0,4.7923,58.72
164.032,measure,4992.0,960.0,4.7923,58.81
164.133,measure,4992.0,960.0,4.7923,58.72
164.233,measure,4992.0,960.0,4.7923,58.72
164.333,measure,4992.0,960.0,4.7923,58.62
164.433,measure,4992.0,960.0,4.7923,58.94
164.533,measure,4992.0,960.0,4.7923,58.91
164.633,measure,4992.0,960.0,4.7923,58.91
164.733,measure,4992.0,960.0,4.7923,58.78
164.834,measure,4992.0,960.0,4.7923,58.72
164.934,measure,4992.0,960.0,4.7923,58.75
165.034,measure,4992.0,960.0,4.7923,58.75
165.134,measure,4992.0,960.0,4.7923,58.78
165.234,measure,4992.0,960.0,4.7923,58.66
165.334,measure,4992.0,960.0,4.7923,58.91
165.434,measure,4992.0,960.0,4.7923,58.91
165.535,measure,4992.0,960.0,4.7923,58.91
165.635,measure,4992.0,960.0,4.7923,58.84
165.735,measure,4992.0,960.0,4.7923,58.78
165.835,measure,4992.0,960.0,4.7923,58.66
165.935,measure,4992.0,960.0,4.7923,58.72
166.035,measure,4992.0,960.0,4.7923,58.75
166.135,measure,4992.0,960.0,4.7923,58.66
166.235,measure,4992.0,960.0,4.7923,58.66
166.336,measure,4992.0,960.0,4.7923,58.91
166.436,measure,4992.0,960.0,4.7923,58.88
166.536,measure,4992.0,960.0,4.7923,58.78
166.636,measure,4992.0,960.0,4.7923,58.81
166.736,measure,4992.0,960.0,4.7923,58.75
166.836,measure,4992.0,960.0,4.7923,58.81
166.936,measure,4992.0,960.0,4.7923,58.75
167.037,measure,4992.0,960.0,4.7923,58.66
167.137,measure,4992.0,960.0,4.7923,58.69
167.237,measure,4992.0,960.0,4.7923,58.84
167.337,measure,4992.0,960.0,4.7923,58.94
167.437,measure,4992.0,960.0,4.7923,58.81
167.537,measure,4992.0,960.0,4.7923,58.81
167.638,measure,4992.0,960.0,4.7923,58.72
167.738,measure,4992.0,960.0,4.7923,58.81
167.838,measure,4992.0,960.0,4.7923,58.72
167.938,measure,4992.0,960.0,4.7923,58.66
168.038,measure,4992.0,960.0,4.7923,58.69
168.138,measure,4992.0,960.0,4.7923,58.97
168.238,measure,4992.0,960.0,4.7923,58.91
168.339,measure,4992.0,960.0,4.7923,58.91
168.439,measure,4992.0,960.0,4.7923,58.75
168.539,measure,4992.0,960.0,4.7923,58.75
168.639,measure,4992.0,960.0,4.7923,58.66
168.739,measure,4992.0,960.0,4.7923,58.72
168.839,measure,4992.0,960.0,4.7923,58.72
168.940,measure,4992.0,960.0,4.7923,58.72
169.040,measure,4992.0,960.0,4.7923,58.62
169.140,measure,4992.0,960.0,4.7923,58.91
169.240,measure,4992.0,960.0,4.7923,58.81
169.340,measure,4992.0,960.0,4.7923,58.78
169.440,measure,4992.0,960.0,4.7923,58.88
169.540,measure,4992.0,960.0,4.7923,58.72
169.641,measure,4992.0,968.0,4.8323,58.72
169.741,measure,4992.0,968.0,4.8323,58.66
169.841,measure,4992.0,968.0,4.8323,58.75
169.941,measure,4992.0,968.0,4.8323,58.69
170.041,measure,4984.0,968.0,4.8245,58.97
170.141,measure,4984.0,968.0,4.8245,58.81
170.241,measure,4984.0,976.0,4.8644,58.81
170.341,measure,4984.0,976.0,4.8644,58.72
170.442,measure,4984.0,976.0,4.8644,58.72
170.542,measure,4984.0,976.0,4.8644,58.72
170.642,measure,4984.0,976.0,4.8644,58.69
170.742,measure,4984.0,976.0,4.8644,58.72
170.842,measure,4984.0,976.0,4.8644,58.75
170.942,measure,4984.0,968.0,4.8245,58.72
171.042,measure,4992.0,968.0,4.8323,58.75
171.143,measure,4992.0,968.0,4.8323,58.78
171.243,measure,4992.0,968.0,4.8323,58.78
171.343,measure,4992.0,968.0,4.8323,58.78
171.443,measure,4992.0,968.0,4.8323,58.75
171.543,measure,4992.0,968.0,4.8323,58.72
171.643,measure,4992.0,968.0,4.8323,58.72
171.743,measure,4992.0,960.0,4.7923,58.66
171.844,measure,4992.0,960.0,4.7923,58.69
171.944,measure,4984.0,968.0,4.8245,58.81
172.044,measure,4992.0,968.0,4.8323,58.84
172.144,measure,4984.0,968.0,4.8245,58.72
172.244,measure,4984.0,960.0,4.7846,58.78
172.344,measure,4984.0,960.0,4.7846,58.78
172.444,measure,4984.0,960.0,4.7846,58.66
172.545,measure,4992.0,960.0,4.7923,58.69
172.645,measure,4992.0,960.0,4.7923,58.69
172.745,measure,4992.0,960.0,4.7923,58.59
172.845,measure,4984.0,968.0,4.8245,58.78
172.945,measure,4984.0,968.0,4.8245,58.78
173.045,measure,4984.0,968.0,4.8245,58.84
173.145,measure,4984.0,968.0,4.8245,58.75
173.246,measure,4984.0,968.0,4.8245,58.66
173.346,measure,4984.0,968.0,4.8245,58.62
173.446,measure,4992.0,968.0,4.8323,58.72
173.546,measure,4992.0,968.0,4.8323,58.69
173.646,measure,4992.0,968.0,4.8323,58.66
173.746,measure,4992.0,960.0,4.7923,58.81
173.846,measure,4992.0,960.0,4.7923,58.88
173.947,measure,4992.0,960.0,4.7923,58.72
174.047,measure,4984.0,960.0,4.7846,58.84
174.147,measure,4984.0,960.0,4.7846,58.75
174.247,measure,4984.0,960.0,4.7846,58.72
174.347,measure,4984.0,960.0,4.7846,58.66
174.447,measure,4992.0,960.0,4.7923,58.62
174.547,measure,4992.0,960.0,4.7923,58.72
174.648,measure,4992.0,960.0,4.7923,58.84
174.748,measure,4992.0,960.0,4.7923,58.78
174.848,measure,4992.0,960.0,4.7923,58.88
174.948,measure,4992.0,960.0,4.7923,58.75
175.048,measure,4992.0,960.0,4.7923,58.75
175.148,measure,4984.0,960.0,4.7846,58.78
175.248,measure,4984.0,960.0,4.7846,58.72
175.349,measure,4992.0,968.0,4.8323,58.72
175.449,measure,4984.0,968.0,4.8245,58.69
175.549,measure,4992.0,968.0,4.8323,58.81
175.649,measure,4992.0,960.0,4.7923,58.84
175.749,measure,4992.0,960.0,4.7923,58.84
175.849,measure,4992.0,960.0,4.7923,58.72
175.950,measure,4992.0,960.0,4.7923,58.72
176.050,measure,4992.0,960.0,4.7923,58.72
176.150,measure,4992.0,960.0,4.7923,58.59
176.250,measure,4992.0,960.0,4.7923,58.66
176.350,measure,4992.0,960.0,4.7923,58.69
176.450,measure,4992.0,960.0,4.7923,58.84
176.550,measure,4992.0,960.0,4.7923,58.84
176.651,measure,4992.0,960.0,4.7923,58.84
176.751,measure,4992.0,960.0,4.7923,58.66
176.851,measure,4992.0,960.0,4.7923,58.78
176.951,measure,4992.0,960.0,4.7923,58.66
177.051,measure,4992.0,960.0,4.7923,58.69
177.151,measure,4992.0,960.0,4.7923,58.69
177.251,measure,4992.0,960.0,4.7923,58.72
177.352,measure,4992.0,960.0,4.7923,58.94
177.452,measure,4992.0,960.0,4.7923,58.88
177.552,measure,4992.0,960.0,4.7923,58.75
177.652,measure,4992.0,960.0,4.7923,58.78
177.752,measure,4992.0,960.0,4.7923,58.75
177.852,measure,4992.0,960.0,4.7923,58.69
177.952,measure,4992.0,960.0,4.7923,58.72
178.053,measure,4992.0,960.0,4.7923,58.69
178.153,measure,4992.0,960.0,4.7923,58.62
178.253,measure,4992.0,960.0,4.7923,58.84
178.353,measure,4992.0,960.0,4.7923,58.84
178.453,measure,4992.0,960.0,4.7923,58.75
178.553,measure,4992.0,960.0,4.7923,58.75
178.653,measure,4992.0,960.0,4.7923,58.69
178.754,measure,4992.0,960.0,4.7923,58.69
178.854,measure,4992.0,960.0,4.7923,58.69
178.954,measure,4992.0,960.0,4.7923,58.69
179.054,measure,4992.0,960.0,4.7923,58.62
179.154,measure,4992.0,960.0,4.7923,58.84
179.254,measure,4992.0,960.0,4.7923,58.88
179.354,measure,4992.0,960.0,4.7923,58.84
179.455,measure,4992.0,960.0,4.7923,58.75
179.555,measure,4992.0,960.0,4.7923,58.72
179.655,measure,4992.0,960.0,4.7923,58.72
179.755,measure,4992.0,960.0,4.7923,58.69
179.855,measure,4992.0,960.0,4.7923,58.69
179.955,measure,4992.0,960.0,4.7923,58.66
180.056,measure,4992.0,960.0,4.7923,58.88
180.156,measure,4992.0,960.0,4.7923,58.81
180.256,measure,4992.0,960.0,4.7923,58.88
180.356,measure,4992.0,960.0,4.7923,58.75
180.456,measure,4992.0,960.0,4.7923,58.81
180.556,measure,4992.0,960.0,4.7923,58.66
180.656,measure,4992.0,960.0,4.7923,58.75
180.757,measure,4992.0,960.0,4.7923,58.59
180.857,measure,4992.0,960.0,4.7923,58.62
180.957,measure,4992.0,960.0,4.7923,58.91
181.057,measure,4992.0,960.0,4.7923,58.88
181.157,measure,4992.0,960.0,4.7923,58.78
181.257,measure,4992.0,960.0,4.7923,58.78
181.357,measure,4992.0,960.0,4.7923,58.78
181.458,measure,4992.0,960.0,4.7923,58.72
181.558,measure,4992.0,960.0,4.7923,58.75
181.658,measure,4992.0,960.0,4.7923,58.66
181.758,measure,4992.0,960.0,4.7923,58.62
181.858,measure,4992.0,960.0,4.7923,58.91
181.958,measure,4992.0,960.0,4.7923,58.88
182.058,measure,4992.0,960.0,4.7923,58.88
182.159,measure,4992.0,960.0,4.7923,58.72
182.259,measure,4992.0,960.0,4.7923,58.78
182.359,measure,4992.0,960.0,4.7923,58.62
182.459,measure,4992.0,960.0,4.7923,58.66
182.559,measure,4992.0,960.0,4.7923,58.62
182.659,measure,4992.0,960.0,4.7923,58.66
182.759,measure,4992.0,960.0,4.7923,58.69
182.860,measure,4992.0,960.0,4.7923,58.84
182.960,measure,4992.0,960.0,4.7923,58.91
183.060,measure,4992.0,960.0,4.7923,58.78
183.160,measure,4992.0,960.0,4.7923,58.75
183.260,measure,4992.0,960.0,4.7923,58.72
183.360,measure,4992.0,960.0,4.7923,58.72
183.460,measure,4992.0,960.0,4.7923,58.66
183.561,measure,4992.0,960.0,4.7923,58.69
183.661,measure,4992.0,960.0,4.7923,58.59
183.761,measure,4992.0,960.0,4.7923,58.91
183.861,measure,4992.0,960.0,4.7923,58.94
183.961,measure,4992.0,960.0,4.7923,58.94
184.061,measure,4992.0,960.0,4.7923,58.78
184.161,measure,4992.0,960.0,4.7923,58.69
184.262,measure,4992.0,960.0,4.7923,58.72
184.362,measure,4992.0,960.0,4.7923,58.69
184.462,measure,4992.0,960.0,4.7923,58.69
184.562,measure,4992.0,960.0,4.7923,58.66
184.662,measure,4992.0,960.0,4.7923,58.62
184.762,measure,4992.0,960.0,4.7923,58.88
184.862,measure,4992.0,960.0,4.7923,58.78
184.963,measure,4992.0,960.0,4.7923,58.75
185.063,measure,4992.0,960.0,4.7923,58.72
185.163,measure,4992.0,960.0,4.7923,58.75
185.263,measure,4992.0,960.0,4.7923,58.75
185.363,measure,4992.0,960.0,4.7923,58.69
185.463,measure,4992.0,960.0,4.7923,58.72
185.563,measure,4992.0,960.0,4.7923,58.69
185.663,measure,4992.0,960.0,4.7923,58.91
185.764,measure,4992.0,960.0,4.7923,58.81
185.864,measure,4992.0,960.0,4.7923,58.81
185.964,measure,4992.0,960.0,4.7923,58.69
186.064,measure,4992.0,960.0,4.7923,58.69
186.164,measure,4992.0,960.0,4.7923,58.72
186.264,measure,4984.0,968.0,4.8245,58.66
186.364,measure,4992.0,968.0,4.8323,58.69
186.464,measure,4984.0,968.0,4.8245,58.69
186.565,measure,4984.0,968.0,4.8245,58.84
186.665,measure,4984.0,968.0,4.8245,58.84
186.765,measure,4984.0,968.0,4.8245,58.78
186.865,measure,4984.0,968.0,4.8245,58.75
186.965,measure,4984.0,976.0,4.8644,58.75
187.065,measure,4984.0,976.0,4.8644,58.72
187.165,measure,4984.0,976.0,4.8644,58.69
187.266,measure,4984.0,976.0,4.8644,58.62
187.366,measure,4984.0,976.0,4.8644,58.59
187.466,measure,4984.0,976.0,4.8644,58.88
187.566,measure,4984.0,976.0,4.8644,58.75
187.666,measure,4984.0,968.0,4.8245,58.75
187.766,measure,4984.0,968.0,4.8245,58.72
187.866,measure,4992.0,968.0,4.8323,58.78
187.966,measure,4992.0,960.0,4.7923,58.69
188.067,measure,4992.0,960.0,4.7923,58.72
188.167,measure,4992.0,960.0,4.7923,58.66
188.267,measure,4992.0,960.0,4.7923,58.62
188.367,measure,4992.0,960.0,4.7923,58.81
188.467,measure,4992.0,960.0,4.7923,58.84
188.567,measure,4992.0,960.0,4.7923,58.81
188.667,measure,4992.0,960.0,4.7923,58.72
188.767,measure,4992.0,960.0,4.7923,58.69
188.868,measure,4992.0,960.0,4.7923,58.75
188.968,measure,4992.0,960.0,4.7923,58.75
189.068,measure,4992.0,960.0,4.7923,58.72
189.168,measure,4992.0,960.0,4.7923,58.75
189.268,measure,4992.0,960.0,4.7923,58.88
189.368,measure,4992.0,960.0,4.7923,58.81
189.468,measure,4992.0,960.0,4.7923,58.88
189.569,measure,4992.0,960.0,4.7923,58.78
189.669,measure,4992.0,960.0,4.7923,58.69
189.769,measure,4992.0,960.0,4.7923,58.75
189.869,measure,4992.0,960.0,4.7923,58.66
189.969,measure,4992.0,960.0,4.7923,58.66
190.069,measure,4992.0,960.0,4.7923,58.69
190.169,measure,4992.0,960.0,4.7923,58.88
190.270,measure,4992.0,960.0,4.7923,58.91
190.370,measure,4992.0,960.0,4.7923,58.84
190.470,measure,4992.0,960.0,4.7923,58.75
190.570,measure,4992.0,960.0,4.7923,58.69
190.670,measure,4992.0,960.0,4.7923,58.72
190.770,measure,4992.0,960.0,4.7923,58.75
190.871,measure,4992.0,960.0,4.7923,58.66
190.971,measure,4992.0,960.0,4.7923,58.62
191.071,measure,4992.0,960.0,4.7923,58.88
191.171,measure,4992.0,960.0,4.7923,58.84
191.271,measure,4992.0,960.0,4.7923,58.78
191.371,measure,4992.0,960.0,4.7923,58.78
191.471,measure,4992.0,960.0,4.7923,58.78
191.572,measure,4992.0,960.0,4.7923,58.69
191.672,measure,4992.0,960.0,4.7923,58.72
191.772,measure,4992.0,960.0,4.7923,58.69
191.872,measure,4992.0,960.0,4.7923,58.66
191.972,measure,4992.0,960.0,4.7923,58.88
192.072,measure,4992.0,960.0,4.7923,58.91
192.172,measure,4992.0,960.0,4.7923,58.88
192.272,measure,4992.0,960.0,4.7923,58.75
192.373,measure,4992.0,960.0,4.7923,58.72
192.473,measure,4992.0,968.0,4.8323,58.72
192.573,measure,4992.0,960.0,4.7923,58.78
192.673,measure,4992.0,960.0,4.7923,58.69
192.773,measure,4992.0,960.0,4.7923,58.66
192.873,measure,4992.0,960.0,4.7923,58.84
192.973,measure,4992.0,960.0,4.7923,58.81
193.074,measure,4992.0,960.0,4.7923,58.81
193.174,measure,4992.0,960.0,4.7923,58.69
193.274,measure,4992.0,960.0,4.7923,58.78
193.374,measure,4992.0,960.0,4.7923,58.69
193.474,measure,4992.0,960.0,4.7923,58.75
193.574,measure,4992.0,960.0,4.7923,58.72
193.674,measure,4992.0,960.0,4.7923,58.69
193.774,measure,4992.0,960.0,4.7923,58.94
193.875,measure,4992.0,960.0,4.7923,58.84
193.975,measure,4992.0,960.0,4.7923,58.75
194.075,measure,4992.0,960.0,4.7923,58.75
194.175,measure,4992.0,960.0,4.7923,58.75
194.275,measure,4992.0,960.0,4.7923,58.66
194.375,measure,4992.0,960.0,4.7923,58.75
194.475,measure,4992.0,960.0,4.7923,58.69
194.576,measure,4992.0,960.0,4.7923,58.66
194.676,measure,4992.0,960.0,4.7923,58.91
194.776,measure,4992.0,960.0,4.7923,58.88
194.876,measure,4992.0,960.0,4.7923,58.84
194.976,measure,4992.0,960.0,4.7923,58.75
195.076,measure,4992.0,960.0,4.7923,58.72
195.176,measure,4992.0,960.0,4.7923,58.72
195.276,measure,4992.0,960.0,4.7923,58.66
195.377,measure,4992.0,960.0,4.7923,58.62
195.477,measure,4992.0,960.0,4.7923,58.69
195.577,measure,4992.0,960.0,4.7923,58.97
195.677,measure,4992.0,960.0,4.7923,58.78
195.777,measure,4992.0,960.0,4.7923,58.91
195.878,measure,4992.0,960.0,4.7923,58.75
195.978,measure,4992.0,960.0,4.7923,58.72
196.078,measure,4992.0,960.0,4.7923,58.66
196.178,measure,4992.0,960.0,4.7923,58.59
196.278,measure,4992.0,960.0,4.7923,58.62
196.378,measure,4992.0,960.0,4.7923,58.62
196.478,measure,4992.0,960.0,4.7923,58.66
196.578,measure,4992.0,968.0,4.8323,58.91
196.679,measure,4992.0,968.0,4.8323,58.75
196.779,measure,4992.0,960.0,4.7923,58.84
196.879,measure,4992.0,960.0,4.7923,58.72
196.979,measure,4992.0,960.0,4.7923,58.75
197.079,measure,4992.0,960.0,4.7923,58.72
197.179,measure,4992.0,960.0,4.7923,58.62
197.279,measure,4992.0,960.0,4.7923,58.56
197.379,measure,4992.0,960.0,4.7923,58.69
197.480,measure,4992.0,960.0,4.7923,58.97
197.580,measure,4992.0,960.0,4.7923,58.91
197.680,measure,4992.0,960.0,4.7923,58.81
197.780,measure,4992.0,960.0,4.7923,58.81
197.880,measure,4992.0,960.0,4.7923,58.69
197.980,measure,4992.0,960.0,4.7923,58.66
198.080,measure,4992.0,960.0,4.7923,58.66
198.181,measure,4992.0,960.0,4.7923,58.62
198.281,measure,4992.0,960.0,4.7923,58.56
198.381,measure,4992.0,960.0,4.7923,58.59
198.481,measure,4992.0,960.0,4.7923,58.81
198.581,measure,4992.0,960.0,4.7923,58.88
198.681,measure,4992.0,960.0,4.7923,58.84
198.781,measure,4992.0,960.0,4.7923,58.69
198.881,measure,4992.0,960.0,4.7923,58.72
198.982,measure,4992.0,960.0,4.7923,58.66
199.082,measure,4992.0,960.0,4.7923,58.69
199.182,measure,4992.0,960.0,4.7923,58.66
199.282,measure,4992.0,960.0,4.7923,58.62
199.382,measure,4992.0,960.0,4.7923,58.78
199.482,measure,4992.0,960.0,4.7923,58.75
199.582,measure,4992.0,960.0,4.7923,58.78
199.683,measure,4992.0,960.0,4.7923,58.66
199.783,measure,4992.0,960.0,4.7923,58.75
199.883,measure,4992.0,960.0,4.7923,58.72
199.983,measure,4992.0,960.0,4.7923,58.66
200.083,measure,4992.0,960.0,4.7923,58.69
200.183,measure,4992.0,960.0,4.7923,58.62
200.283,measure,4992.0,960.0,4.7923,58.81
200.384,measure,4992.0,960.0,4.7923,58.75
200.484,measure,4992.0,960.0,4.7923,58.75
200.584,measure,4992.0,960.0,4.7923,58.78
200.684,measure,4992.0,960.0,4.7923,58.75
200.784,measure,4992.0,960.0,4.7923,58.66
200.884,measure,4992.0,960.0,4.7923,58.75
200.984,measure,4992.0,960.0,4.7923,58.69
201.084,measure,4992.0,960.0,4.7923,58.72
201.185,measure,4992.0,960.0,4.7923,58.81
201.285,measure,4992.0,960.0,4.7923,58.88
201.385,measure,4992.0,960.0,4.7923,58.75
201.485,measure,4992.0,960.0,4.7923,58.69
201.585,measure,4992.0,960.0,4.7923,58.78
201.685,measure,4992.0,960.0,4.7923,58.66
201.785,measure,4992.0,960.0,4.7923,58.66
201.886,measure,4992.0,960.0,4.7923,58.72
201.986,measure,4992.0,960.0,4.7923,58.59
202.086,measure,4992.0,960.0,4.7923,58.75
202.186,measure,4992.0,960.0,4.7923,58.81
202.286,measure,4992.0,960.0,4.7923,58.78
202.386,measure,4992.0,960.0,4.7923,58.62
202.486,measure,4992.0,960.0,4.7923,58.66
202.587,measure,4992.0,968.0,4.8323,58.75
202.687,measure,4984.0,968.0,4.8245,58.69
202.787,measure,4984.0,968.0,4.8245,58.66
202.887,measure,4984.0,968.0,4.8245,58.66
202.987,measure,4984.0,968.0,4.8245,58.88
203.087,measure,4984.0,968.0,4.8245,58.78
203.187,measure,4984.0,968.0,4.8245,58.75
203.288,measure,4984.0,968.0,4.8245,58.72
203.388,measure,4984.0,968.0,4.8245,58.69
203.488,measure,4984.0,976.0,4.8644,58.69
203.588,measure,4984.0,976.0,4.8644,58.66
203.688,measure,4984.0,976.0,4.8644,58.59
203.788,measure,4984.0,976.0,4.8644,58.66
203.888,measure,4984.0,976.0,4.8644,58.81
203.989,measure,4984.0,976.0,4.8644,58.84
204.089,measure,4984.0,976.0,4.8644,58.81
204.189,measure,4984.0,976.0,4.8644,58.78
204.289,measure,4984.0,968.0,4.8245,58.72
204.389,measure,4984.0,968.0,4.8245,58.66
204.489,measure,4992.0,968.0,4.8323,58.75
204.589,measure,4992.0,968.0,4.8323,58.66
204.690,measure,4992.0,968.0,4.8323,58.62
204.790,measure,4992.0,968.0,4.8323,58.88
204.890,measure,4992.0,968.0,4.8323,58.78
204.990,measure,4992.0,968.0,4.8323,58.78
205.090,measure,4992.0,960.0,4.7923,58.75
205.190,measure,4992.0,960.0,4.7923,58.72
205.290,measure,4992.0,960.0,4.7923,58.66
205.391,measure,4992.0,960.0,4.7923,58.69
205.491,measure,4992.0,960.0,4.7923,58.59
205.591,measure,4992.0,960.0,4.7923,58.59
205.691,measure,4992.0,960.0,4.7923,58.81
205.791,measure,4992.0,960.0,4.7923,58.84
205.891,measure,4992.0,960.0,4.7923,58.78
205.991,measure,4992.0,960.0,4.7923,58.69
206.091,measure,4992.0,960.0,4.7923,58.69
206.192,measure,4992.0,960.0,4.7923,58.72
206.292,measure,4992.0,960.0,4.7923,58.66
206.392,measure,4992.0,960.0,4.7923,58.66
206.492,measure,4992.0,960.0,4.7923,58.62
206.592,measure,4992.0,960.0,4.7923,58.88
206.692,measure,4992.0,960.0,4.7923,58.81
206.792,measure,4992.0,960.0,4.7923,58.78
206.893,measure,4992.0,960.0,4.7923,58.62
206.993,measure,4992.0,960.0,4.7923,58.72
207.093,measure,4992.0,960.0,4.7923,58.72
207.193,measure,4992.0,960.0,4.7923,58.62
207.293,measure,4992.0,960.0,4.7923,58.66
207.393,measure,4992.0,960.0,4.7923,58.69
207.493,measure,4992.0,960.0,4.7923,58.97
207.593,measure,4992.0,960.0,4.7923,58.81
207.694,measure,4992.0,960.0,4.7923,58.75
207.794,measure,4992.0,960.0,4.7923,58.72
207.894,measure,4992.0,960.0,4.7923,58.72
207.994,measure,4992.0,960.0,4.7923,58.66
208.094,measure,4992.0,960.0,4.7923,58.72
208.194,measure,4992.0,960.0,4.7923,58.62
208.294,measure,4992.0,960.0,4.7923,58.66
208.395,measure,4992.0,960.0,4.7923,58.88
208.495,measure,4992.0,960.0,4.7923,58.91
208.595,measure,4992.0,960.0,4.7923,58.88
208.695,measure,4992.0,960.0,4.7923,58.75
208.795,measure,4992.0,960.0,4.7923,58.75
208.895,measure,4992.0,960.0,4.7923,58.66
208.995,measure,4992.0,960.0,4.7923,58.69
209.095,measure,4992.0,960.0,4.7923,58.62
209.196,measure,4992.0,960.0,4.7923,58.66
209.296,measure,4992.0,960.0,4.7923,58.84
209.396,measure,4992.0,960.0,4.7923,58.88
209.496,measure,4992.0,960.0,4.7923,58.72
209.596,measure,4992.0,960.0,4.7923,58.69
209.696,measure,4992.0,960.0,4.7923,58.69
209.796,measure,4992.0,960.0,4.7923,58.69
209.896,measure,4992.0,960.0,4.7923,58.66
209.997,measure,4992.0,960.0,4.7923,58.69
210.097,measure,4992.0,960.0,4.7923,58.59
210.197,measure,4992.0,960.0,4.7923,58.56
210.297,measure,4992.0,960.0,4.7923,58.88
210.397,measure,4992.0,960.0,4.7923,58.78
210.497,measure,4992.0,960.0,4.7923,58.72
210.597,measure,4992.0,960.0,4.7923,58.78
210.698,measure,4992.0,960.0,4.7923,58.69
210.798,measure,4992.0,960.0,4.7923,58.69
210.898,measure,4992.0,960.0,4.7923,58.59
210.998,measure,4992.0,960.0,4.7923,58.66
211.098,measure,4992.0,960.0,4.7923,58.59
211.198,measure,4992.0,960.0,4.7923,58.91
211.298,measure,4992.0,960.0,4.7923,58.84
211.399,measure,4992.0,952.0,4.7524,58.78
211.499,measure,4992.0,952.0,4.7524,58.72
211.599,measure,4992.0,952.0,4.7524,58.69
211.699,measure,4992.0,952.0,4.7524,58.66
211.799,measure,4992.0,952.0,4.7524,58.72
211.899,measure,4992.0,952.0,4.7524,58.62
211.999,measure,4992.0,952.0,4.7524,58.66
212.100,measure,4992.0,952.0,4.7524,58.66
212.200,measure,4992.0,952.0,4.7524,58.81
212.300,measure,4992.0,952.0,4.7524,58.81
212.400,measure,4992.0,952.0,4.7524,58.69
212.500,measure,4992.0,952.0,4.7524,58.72
212.600,measure,4992.0,960.0,4.7923,58.69
212.700,measure,4992.0,952.0,4.7524,58.62
212.801,measure,4992.0,960.0,4.7923,58.72
212.901,measure,4992.0,960.0,4.7923,58.69
213.001,measure,4992.0,960.0,4.7923,58.66
213.101,measure,4992.0,960.0,4.7923,58.72
213.201,measure,4992.0,960.0,4.7923,58.81
213.301,measure,4992.0,960.0,4.7923,58.72
213.401,measure,4992.0,960.0,4.7923,58.78
213.502,measure,4992.0,960.0,4.7923,58.75
213.602,measure,4992.0,960.0,4.7923,58.72
213.702,measure,4992.0,960.0,4.7923,58.62
213.802,measure,4992.0,952.0,4.7524,58.62
213.902,measure,4992.0,960.0,4.7923,58.59
214.002,measure,4992.0,960.0,4.7923,58.84
214.102,measure,4992.0,960.0,4.7923,58.72
214.203,measure,4992.0,952.0,4.7524,58.75
214.303,measure,4992.0,960.0,4.7923,58.66
214.403,measure,4992.0,960.0,4.7923,58.69
214.503,measure,4992.0,952.0,4.7524,58.62
214.603,measure,4992.0,952.0,4.7524,58.66
214.703,measure,4992.0,952.0,4.7524,58.56
214.804,measure,4992.0,952.0,4.7524,58.62
214.904,measure,4992.0,960.0,4.7923,58.81
215.004,measure,4992.0,960.0,4.7923,58.75
215.104,measure,4992.0,960.0,4.7923,58.66
215.204,measure,4992.0,960.0,4.7923,58.72
215.304,measure,4992.0,960.0,4.7923,58.62
215.404,measure,4992.0,960.0,4.7923,58.66
215.504,measure,4992.0,960.0,4.7923,58.62
215.605,measure,4992.0,960.0,4.7923,58.69
215.705,measure,4992.0,960.0,4.7923,58.62
215.805,measure,4992.0,960.0,4.7923,58.72
215.905,measure,4992.0,960.0,4.7923,58.78
216.005,measure,4992.0,960.0,4.7923,58.62
216.105,measure,4992.0,960.0,4.7923,58.72
216.205,measure,4992.0,960.0,4.7923,58.66
216.306,measure,4992.0,960.0,4.7923,58.66
216.406,measure,4992.0,960.0,4.7923,58.66
216.506,measure,4992.0,960.0,4.7923,58.62
216.606,measure,4992.0,960.0,4.7923,58.62
216.706,measure,4992.0,960.0,4.7923,58.81
216.806,measure,4992.0,960.0,4.7923,58.81
216.906,measure,4992.0,960.0,4.7923,58.72
217.006,measure,4992.0,960.0,4.7923,58.69
217.107,measure,4992.0,960.0,4.7923,58.62
217.207,measure,4992.0,960.0,4.7923,58.66
217.307,measure,4992.0,960.0,4.7923,58.66
217.407,measure,4992.0,960.0,4.7923,58.66
217.507,measure,4992.0,960.0,4.7923,58.56
217.607,measure,4992.0,960.0,4.7923,58.78
217.707,measure,4992.0,960.0,4.7923,58.78
217.808,measure,4992.0,960.0,4.7923,58.69
217.908,measure,4992.0,960.0,4.7923,58.66
218.008,measure,4992.0,960.0,4.7923,58.72
218.108,measure,4992.0,960.0,4.7923,58.59
218.208,measure,4992.0,960.0,4.7923,58.66
218.308,measure,4992.0,960.0,4.7923,58.66
218.408,measure,4992.0,960.0,4.7923,58.59
218.509,measure,4992.0,960.0,4.7923,58.81
218.609,measure,4992.0,960.0,4.7923,58.88
218.709,measure,4992.0,960.0,4.7923,58.72
218.809,measure,4992.0,960.0,4.7923,58.62
218.909,measure,4992.0,960.0,4.7923,58.72
219.009,measure,4992.0,968.0,4.8323,58.72
219.109,measure,4992.0,968.0,4.8323,58.62
219.210,measure,4992.0,968.0,4.8323,58.59
219.310,measure,4992.0,968.0,4.8323,58.66
219.410,measure,4992.0,968.0,4.8323,58.91
219.510,measure,4992.0,968.0,4.8323,58.78
219.610,measure,4992.0,968.0,4.8323,58.78
219.710,measure,4992.0,968.0,4.8323,58.69
219.810,measure,4992.0,968.0,4.8323,58.72
219.910,measure,4992.0,968.0,4.8323,58.69
220.011,measure,4984.0,976.0,4.8644,58.62
220.111,measure,4984.0,976.0,4.8644,58.62
220.211,measure,4984.0,976.0,4.8644,58.66
220.311,measure,4984.0,976.0,4.8644,58.88
220.411,measure,4984.0,976.0,4.8644,58.78
220.511,measure,4984.0,976.0,4.8644,58.72
220.611,measure,4984.0,976.0,4.8644,58.72
220.712,measure,4984.0,976.0,4.8644,58.72
220.812,measure,4984.0,976.0,4.8644,58.72
220.912,measure,4984.0,976.0,4.8644,58.62
221.012,measure,4984.0,968.0,4.8245,58.62
221.112,measure,4984.0,968.0,4.8245,58.56
221.212,measure,4984.0,968.0,4.8245,58.84
221.312,measure,4984.0,968.0,4.8245,58.78
221.413,measure,4984.0,968.0,4.8245,58.72
221.513,measure,4992.0,968.0,4.8323,58.81
221.613,measure,4992.0,968.0,4.8323,58.69
221.713,measure,4992.0,968.0,4.8323,58.69
221.813,measure,4992.0,968.0,4.8323,58.59
221.913,measure,4992.0,968.0,4.8323,58.62
222.013,measure,4992.0,960.0,4.7923,58.59
222.114,measure,4992.0,968.0,4.8323,58.97
222.214,measure,4992.0,968.0,4.8323,58.81
222.314,measure,4992.0,960.0,4.7923,58.78
222.414,measure,4992.0,960.0,4.7923,58.75
222.514,measure,4992.0,960.0,4.7923,58.69
222.614,measure,4992.0,960.0,4.7923,58.69
222.714,measure,4992.0,960.0,4.7923,58.66
222.814,measure,4992.0,960.0,4.7923,58.62
222.915,measure,4992.0,968.0,4.8323,58.62
223.015,measure,4992.0,960.0,4.7923,58.88
223.115,measure,4992.0,968.0,4.8323,58.88
223.215,measure,4992.0,968.0,4.8323,58.81
223.315,measure,4992.0,968.0,4.8323,58.72
223.415,measure,4992.0,968.0,4.8323,58.72
223.515,measure,4992.0,968.0,4.8323,58.66
223.616,measure,4992.0,968.0,4.8323,58.69
223.716,measure,4992.0,968.0,4.8323,58.62
223.816,measure,4992.0,960.0,4.7923,58.56
223.916,measure,4992.0,960.0,4.7923,58.59
224.016,measure,4992.0,960.0,4.7923,58.88
224.116,measure,4992.0,960.0,4.7923,58.78
224.216,measure,4992.0,960.0,4.7923,58.66
224.316,measure,4992.0,960.0,4.7923,58.66
224.417,measure,4992.0,960.0,4.7923,58.62
224.517,measure,4992.0,960.0,4.7923,58.59
224.617,measure,4992.0,960.0,4.7923,58.69
224.717,measure,4992.0,960.0,4.7923,58.66
224.817,measure,4992.0,960.0,4.7923,58.66
224.917,measure,4992.0,960.0,4.7923,58.81
225.017,measure,4992.0,960.0,4.7923,58.84
225.118,measure,4992.0,960.0,4.7923,58.69
225.218,measure,4992.0,960.0,4.7923,58.72
225.318,measure,4992.0,960.0,4.7923,58.69
225.418,measure,4992.0,960.0,4.7923,58.69
225.518,measure,4992.0,960.0,4.7923,58.59
225.618,measure,4992.0,960.0,4.7923,58.59
225.718,measure,4992.0,960.0,4.7923,58.62
225.818,measure,4992.0,960.0,4.7923,58.91
225.919,measure,4992.0,960.0,4.7923,58.81
226.019,measure,4992.0,960.0,4.7923,58.72
226.119,measure,4992.0,960.0,4.7923,58.62
226.219,measure,4992.0,960.0,4.7923,58.56
226.319,measure,4992.0,960.0,4.7923,58.66
226.419,measure,4992.0,960.0,4.7923,58.56
226.519,measure,4992.0,960.0,4.7923,58.59
226.619,measure,4992.0,960.0,4.7923,58.59
226.720,measure,4992.0,960.0,4.7923,58.84
226.820,measure,4992.0,960.0,4.7923,58.84
226.920,measure,4992.0,960.0,4.7923,58.75
227.020,measure,4992.0,952.0,4.7524,58.69
227.120,measure,4992.0,952.0,4.7524,58.59
227.220,measure,4992.0,960.0,4.7923,58.72
227.320,measure,4992.0,960.0,4.7923,58.59
227.421,measure,4992.0,960.0,4.7923,58.62
227.521,measure,4992.0,960.0,4.7923,58.59
227.621,measure,4992.0,960.0,4.7923,58.75
227.721,measure,4992.0,960.0,4.7923,58.78
227.821,measure,4992.0,960.0,4.7923,58.81
227.921,measure,4992.0,960.0,4.7923,58.66
228.021,measure,4992.0,960.0,4.7923,58.69
228.121,measure,4992.0,960.0,4.7923,58.56
228.222,measure,4992.0,960.0,4.7923,58.62
228.322,measure,4992.0,960.0,4.7923,58.59
228.422,measure,4992.0,960.0,4.7923,58.66
228.522,measure,4992.0,960.0,4.7923,58.78
228.622,measure,4992.0,960.0,4.7923,58.78
228.722,measure,4992.0,960.0,4.7923,58.75
228.822,measure,4992.0,960.0,4.7923,58.72
228.923,measure,4992.0,960.0,4.7923,58.69
229.023,measure,4992.0,960.0,4.7923,58.66
229.123,measure,4992.0,960.0,4.7923,58.69
229.223,measure,4992.0,960.0,4.7923,58.59
229.323,measure,4992.0,960.0,4.7923,58.66
229.423,measure,4992.0,960.0,4.7923,58.59
229.523,measure,4992.0,960.0,4.7923,58.81
229.623,measure,4992.0,960.0,4.7923,58.78
229.724,measure,4992.0,960.0,4.7923,58.72
229.824,measure,4992.0,960.0,4.7923,58.66
229.924,measure,4992.0,960.0,4.7923,58.59
230.024,measure,4992.0,960.0,4.7923,58.62
230.124,measure,4992.0,952.0,4.7524,58.66
230.224,measure,4992.0,960.0,4.7923,58.66
230.324,measure,4992.0,960.0,4.7923,58.88
230.425,measure,4992.0,960.0,4.7923,58.81
230.525,measure,4992.0,960.0,4.7923,58.78
230.625,measure,4992.0,960.0,4.7923,58.69
230.725,measure,4992.0,960.0,4.7923,58.69
230.825,measure,4992.0,960.0,4.7923,58.72
230.925,measure,4992.0,960.0,4.7923,58.59
231.025,measure,4992.0,960.0,4.7923,58.66
231.125,measure,4992.0,960.0,4.7923,58.56
231.226,measure,4992.0,960.0,4.7923,58.78
231.326,measure,4992.0,960.0,4.7923,58.81
231.426,measure,4992.0,960.0,4.7923,58.78
231.526,measure,4992.0,960.0,4.7923,58.78
231.626,measure,4992.0,960.0,4.7923,58.75
231.726,measure,4992.0,960.0,4.7923,58.66
231.827,measure,4992.0,960.0,4.7923,58.62
231.927,measure,4992.0,960.0,4.7923,58.69
232.027,measure,4992.0,960.0,4.7923,58.56
232.127,measure,4992.0,960.0,4.7923,58.59
232.227,measure,4992.0,960.0,4.7923,58.88
232.327,measure,4992.0,960.0,4.7923,58.88
232.427,measure,4992.0,960.0,4.7923,58.69
232.528,measure,4992.0,960.0,4.7923,58.66
232.628,measure,4992.0,960.0,4.7923,58.72
232.728,measure,4992.0,960.0,4.7923,58.59
232.828,measure,4992.0,960.0,4.7923,58.66
232.928,measure,4992.0,960.0,4.7923,58.59
233.028,measure,4992.0,960.0,4.7923,58.84
233.128,measure,4992.0,960.0,4.7923,58.84
233.229,measure,4992.0,960.0,4.7923,58.81
233.329,measure,4992.0,960.0,4.7923,58.69
233.429,measure,4992.0,960.0,4.7923,58.72
233.529,measure,4992.0,960.0,4.7923,58.59
233.629,measure,4992.0,960.0,4.7923,58.66
233.729,measure,4992.0,960.0,4.7923,58.62
233.829,measure,4992.0,960.0,4.7923,58.66
233.930,measure,4992.0,960.0,4.7923,58.59
234.030,measure,4992.0,960.0,4.7923,58.88
234.130,measure,4992.0,960.0,4.7923,58.81
234.230,measure,4992.0,960.0,4.7923,58.75
234.330,measure,4992.0,960.0,4.7923,58.72
234.430,measure,4992.0,960.0,4.7923,58.69
234.530,measure,4992.0,960.0,4.7923,58.69
234.631,measure,4992.0,960.0,4.7923,58.62
234.731,measure,4992.0,960.0,4.7923,58.66
234.831,measure,4992.0,960.0,4.7923,58.84
234.931,measure,4992.0,960.0,4.7923,58.94
235.031,measure,4992.0,960.0,4.7923,58.75
235.131,measure,4992.0,960.0,4.7923,58.69
235.231,measure,4992.0,960.0,4.7923,58.69
235.332,measure,4992.0,960.0,4.7923,58.72
235.432,measure,4992.0,960.0,4.7923,58.66
235.532,measure,4992.0,960.0,4.7923,58.66
235.632,measure,4992.0,960.0,4.7923,58.62
235.732,measure,4992.0,960.0,4.7923,58.62
235.832,measure,4992.0,960.0,4.7923,58.88
235.932,measure,4992.0,960.0,4.7923,58.88
236.033,measure,4992.0,960.0,4.7923,58.66
236.133,measure,4992.0,960.0,4.7923,58.69
236.233,measure,4992.0,968.0,4.8323,58.66
236.333,measure,4992.0,960.0,4.7923,58.72
236.433,measure,4992.0,968.0,4.8323,58.62
236.533,measure,4992.0,968.0,4.8323,58.66
236.633,measure,4992.0,968.0,4.8323,58.56
236.734,measure,4992.0,968.0,4.8323,58.88
236.834,measure,4992.0,968.0,4.8323,58.81
236.934,measure,4984.0,968.0,4.8245,58.81
237.034,measure,4992.0,968.0,4.8323,58.75
237.134,measure,4992.0,976.0,4.8722,58.62
237.234,measure,4992.0,968.0,4.8323,58.66
237.334,measure,4984.0,976.0,4.8644,58.59
237.434,measure,4984.0,976.0,4.8644,58.59
237.535,measure,4992.0,968.0,4.8323,58.56
237.635,measure,4992.0,968.0,4.8323,58.69
237.735,measure,4992.0,968.0,4.8323,58.84
237.835,measure,4992.0,968.0,4.8323,58.69
237.935,measure,4992.0,960.0,4.7923,58.69
238.035,measure,4992.0,960.0,4.7923,58.66
238.135,measure,4992.0,960.0,4.7923,58.72
238.235,measure,4992.0,960.0,4.7923,58.59
238.336,measure,4992.0,960.0,4.7923,58.66
238.436,measure,4992.0,960.0,4.7923,58.56
238.536,measure,4992.0,960.0,4.7923,58.69
238.636,measure,4992.0,960.0,4.7923,58.75
238.736,measure,4992.0,960.0,4.7923,58.78
238.836,measure,4992.0,960.0,4.7923,58.84
238.936,measure,4992.0,960.0,4.7923,58.69
239.037,measure,4992.0,960.0,4.7923,58.69
239.137,measure,4992.0,960.0,4.7923,58.62
239.237,measure,4992.0,960.0,4.7923,58.62
239.337,measure,4992.0,960.0,4.7923,58.69
239.437,measure,4992.0,960.0,4.7923,58.53
239.537,measure,4992.0,960.0,4.7923,58.91
239.637,measure,4992.0,960.0,4.7923,58.72
239.738,measure,4992.0,960.0,4.7923,58.69
239.838,measure,4992.0,960.0,4.7923,58.69
239.938,measure,4992.0,960.0,4.7923,58.69
240.038,measure,4992.0,960.0,4.7923,58.62
240.138,measure,4992.0,960.0,4.7923,58.56
240.238,measure,4992.0,960.0,4.7923,58.69
240.338,measure,4992.0,960.0,4.7923,58.62
240.439,measure,4992.0,960.0,4.7923,58.84
240.539,measure,4992.0,960.0,4.7923,58.81
240.639,measure,4992.0,960.0,4.7923,58.72
240.739,measure,4992.0,960.0,4.7923,58.81
240.839,measure,4992.0,960.0,4.7923,58.69
240.939,measure,4992.0,960.0,4.7923,58.69
241.039,measure,4992.0,960.0,4.7923,58.66
241.140,measure,4992.0,960.0,4.7923,58.62
241.240,measure,4992.0,960.0,4.7923,58.59
241.340,measure,4992.0,960.0,4.7923,58.72
241.440,measure,4992.0,960.0,4.7923,58.78
241.540,measure,4992.0,960.0,4.7923,58.72
241.640,measure,4992.0,960.0,4.7923,58.69
241.740,measure,4992.0,960.0,4.7923,58.72
241.841,measure,4992.0,960.0,4.7923,58.66
241.941,measure,4992.0,960.0,4.7923,58.59
242.041,measure,4992.0,960.0,4.7923,58.56
242.141,measure,4992.0,960.0,4.7923,58.66
242.241,measure,4992.0,960.0,4.7923,58.84
242.341,measure,4992.0,960.0,4.7923,58.81
242.441,measure,4992.0,960.0,4.7923,58.75
242.541,measure,4992.0,960.0,4.7923,58.72
242.642,measure,4992.0,968.0,4.8323,58.59
242.742,measure,4992.0,960.0,4.7923,58.69
242.842,measure,4992.0,960.0,4.7923,58.62
242.942,measure,4992.0,960.0,4.7923,58.66
243.042,measure,4992.0,960.0,4.7923,58.62
243.143,measure,4992.0,960.0,4.7923,58.59
243.243,measure,4992.0,960.0,4.7923,58.78
243.343,measure,4992.0,960.0,4.7923,58.78
243.443,measure,4992.0,960.0,4.7923,58.72
243.543,measure,4992.0,960.0,4.7923,58.69
243.643,measure,4992.0,960.0,4.7923,58.69
243.744,measure,4992.0,960.0,4.7923,58.69
243.844,measure,4992.0,960.0,4.7923,58.69
243.944,measure,4992.0,960.0,4.7923,58.59
244.044,measure,4992.0,960.0,4.7923,58.62
244.144,measure,4992.0,960.0,4.7923,58.81
244.244,measure,4992.0,960.0,4.7923,58.78
244.345,measure,4992.0,960.0,4.7923,58.78
244.445,measure,4992.0,960.0,4.7923,58.69
244.545,measure,4992.0,960.0,4.7923,58.69
244.645,measure,4992.0,960.0,4.7923,58.59
244.745,measure,4992.0,960.0,4.7923,58.62
244.845,measure,4992.0,960.0,4.7923,58.62
244.945,measure,4992.0,960.0,4.7923,58.62
245.045,measure,4992.0,960.0,4.7923,58.75
245.146,measure,4992.0,960.0,4.7923,58.78
245.246,measure,4992.0,960.0,4.7923,58.84
245.346,measure,4992.0,960.0,4.7923,58.72
245.446,measure,4992.0,960.0,4.7923,58.62
245.546,measure,4992.0,960.0,4.7923,58.69
245.646,measure,4992.0,960.0,4.7923,58.62
245.746,measure,4992.0,960.0,4.7923,58.53
245.847,measure,4992.0,960.0,4.7923,58.56
245.947,measure,4992.0,960.0,4.7923,58.81
246.047,measure,4992.0,960.0,4.7923,58.75
246.147,measure,4992.0,960.0,4.7923,58.75
246.247,measure,4992.0,960.0,4.7923,58.75
246.347,measure,4992.0,960.0,4.7923,58.78
246.447,measure,4992.0,960.0,4.7923,58.72
246.548,measure,4992.0,960.0,4.7923,58.66
246.648,measure,4992.0,960.0,4.7923,58.59
246.748,measure,4992.0,960.0,4.7923,58.59
246.848,measure,4992.0,960.0,4.7923,58.84
246.948,measure,4992.0,960.0,4.7923,58.78
247.048,measure,4992.0,960.0,4.7923,58.75
247.148,measure,4992.0,960.0,4.7923,58.72
247.248,measure,4992.0,960.0,4.7923,58.75
247.349,measure,4992.0,960.0,4.7923,58.69
247.449,measure,4992.0,960.0,4.7923,58.69
247.549,measure,4992.0,960.0,4.7923,58.59
247.649,measure,4992.0,960.0,4.7923,58.69
247.749,measure,4992.0,960.0,4.7923,58.91
247.849,measure,4992.0,960.0,4.7923,58.81
247.949,measure,4992.0,960.0,4.7923,58.66
248.050,measure,4992.0,960.0,4.7923,58.62
248.150,measure,4992.0,960.0,4.7923,58.66
248.250,measure,4992.0,960.0,4.7923,58.53
248.350,measure,4992.0,960.0,4.7923,58.62
248.450,measure,4992.0,960.0,4.7923,58.62
248.550,measure,4992.0,960.0,4.7923,58.66
248.650,measure,4992.0,960.0,4.7923,58.88
248.750,measure,4992.0,960.0,4.7923,58.75
248.851,measure,4992.0,960.0,4.7923,58.72
248.951,measure,4992.0,960.0,4.7923,58.72
249.051,measure,4992.0,960.0,4.7923,58.69
249.151,measure,4992.0,960.0,4.7923,58.53
249.251,measure,4992.0,960.0,4.7923,58.66
249.351,measure,4992.0,960.0,4.7923,58.62
249.451,measure,4992.0,960.0,4.7923,58.62
249.552,measure,4992.0,960.0,4.7923,58.78
249.652,measure,4992.0,960.0,4.7923,58.78
249.752,measure,4992.0,960.0,4.7923,58.66
249.852,measure,4992.0,960.0,4.7923,58.72
249.952,measure,4992.0,960.0,4.7923,58.69
250.052,measure,4992.0,960.0,4.7923,58.59
250.153,measure,4992.0,960.0,4.7923,58.56
250.253,measure,4992.0,960.0,4.7923,58.59
250.353,measure,4992.0,960.0,4.7923,58.62
250.453,measure,4992.0,960.0,4.7923,58.56
250.554,measure,4992.0,960.0,4.7923,58.84
250.654,measure,4992.0,960.0,4.7923,58.81
250.754,measure,4992.0,960.0,4.7923,58.72
250.854,measure,4992.0,960.0,4.7923,58.69
250.954,measure,4992.0,960.0,4.7923,58.72
251.054,measure,4992.0,960.0,4.7923,58.72
251.154,measure,4992.0,960.0,4.7923,58.66
251.255,measure,4992.0,960.0,4.7923,58.59
251.355,measure,4992.0,960.0,4.7923,58.56
251.455,measure,4992.0,960.0,4.7923,58.84
251.555,measure,4992.0,960.0,4.7923,58.84
251.655,measure,4992.0,960.0,4.7923,58.78
251.755,measure,4992.0,960.0,4.7923,58.78
251.856,measure,4992.0,960.0,4.7923,58.72
251.956,measure,4992.0,960.0,4.7923,58.59
252.056,measure,4992.0,960.0,4.7923,58.62
252.156,measure,4992.0,960.0,4.7923,58.62
252.256,measure,4992.0,960.0,4.7923,58.69
252.356,measure,4992.0,960.0,4.7923,58.91
252.456,measure,4992.0,960.0,4.7923,58.91
252.557,measure,4992.0,960.0,4.7923,58.72
252.657,measure,4992.0,960.0,4.7923,58.75
252.757,measure,4992.0,960.0,4.7923,58.72
252.857,measure,4992.0,968.0,4.8323,58.72
252.957,measure,4992.0,968.0,4.8323,58.69
253.057,measure,4992.0,968.0,4.8323,58.62
253.158,measure,4992.0,968.0,4.8323,58.69
253.258,measure,4984.0,968.0,4.8245,58.84
253.358,measure,4984.0,968.0,4.8245,58.94
253.458,measure,4984.0,968.0,4.8245,58.75
253.558,measure,4984.0,976.0,4.8644,58.78
253.658,measure,4984.0,976.0,4.8644,58.69
253.758,measure,4984.0,976.0,4.8644,58.66
253.858,measure,4984.0,976.0,4.8644,58.69
253.959,measure,4984.0,976.0,4.8644,58.62
254.059,measure,4984.0,976.0,4.8644,58.66
254.159,measure,4984.0,976.0,4.8644,58.53
254.259,measure,4984.0,968.0,4.8245,58.81
254.359,measure,4984.0,968.0,4.8245,58.78
254.460,measure,4984.0,968.0,4.8245,58.72
254.560,measure,4984.0,968.0,4.8245,58.69
254.660,measure,4992.0,968.0,4.8323,58.72
254.760,measure,4992.0,960.0,4.7923,58.69
254.861,measure,4992.0,968.0,4.8323,58.62
254.961,measure,4992.0,960.0,4.7923,58.62
255.061,measure,4992.0,960.0,4.7923,58.59
255.161,measure,4992.0,960.0,4.7923,58.84
255.261,measure,4992.0,960.0,4.7923,58.75
255.361,measure,4992.0,960.0,4.7923,58.72
255.461,measure,4992.0,960.0,4.7923,58.72
255.561,measure,4992.0,960.0,4.7923,58.69
255.662,measure,4992.0,960.0,4.7923,58.66
255.762,measure,4992.0,960.0,4.7923,58.69
255.862,measure,4992.0,960.0,4.7923,58.59
255.962,measure,4992.0,960.0,4.7923,58.53
256.062,measure,4992.0,960.0,4.7923,58.66
256.162,measure,4992.0,960.0,4.7923,58.84
256.262,measure,4992.0,960.0,4.7923,58.72
256.363,measure,4992.0,960.0,4.7923,58.75
256.463,measure,4992.0,960.0,4.7923,58.72
256.563,measure,4984.0,968.0,4.8245,58.69
256.663,measure,4984.0,968.0,4.8245,58.69
256.764,measure,4992.0,968.0,4.8323,58.59
256.864,measure,4992.0,968.0,4.8323,58.62
256.964,measure,4992.0,968.0,4.8323,58.62
257.064,measure,4992.0,960.0,4.7923,58.81
257.164,measure,4992.0,960.0,4.7923,58.78
257.264,measure,4992.0,960.0,4.7923,58.75
257.364,measure,4992.0,960.0,4.7923,58.62
257.465,measure,4992.0,960.0,4.7923,58.69
257.565,measure,4992.0,960.0,4.7923,58.75
257.665,measure,4984.0,968.0,4.8245,58.62
257.765,measure,4992.0,960.0,4.7923,58.59
257.865,measure,4992.0,960.0,4.7923,58.62
257.965,measure,4992.0,960.0,4.7923,58.91
258.065,measure,4992.0,960.0,4.7923,58.69
258.166,measure,4992.0,960.0,4.7923,58.66
258.266,measure,4992.0,960.0,4.7923,58.62
258.366,measure,4992.0,960.0,4.7923,58.69
258.466,measure,4992.0,960.0,4.7923,58.62
258.566,measure,4992.0,960.0,4.7923,58.59
258.666,measure,4992.0,960.0,4.7923,58.66
258.766,measure,4992.0,960.0,4.7923,58.56
258.866,measure,4992.0,960.0,4.7923,58.62
258.967,measure,4992.0,960.0,4.7923,58.75
259.067,measure,4992.0,960.0,4.7923,58.75
259.167,measure,4992.0,960.0,4.7923,58.62
259.267,measure,4992.0,960.0,4.7923,58.59
259.367,measure,4992.0,960.0,4.7923,58.56
259.467,measure,4992.0,960.0,4.7923,58.62
259.567,measure,4992.0,960.0,4.7923,58.62
259.668,measure,4992.0,960.0,4.7923,58.59
259.768,measure,4992.0,960.0,4.7923,58.53
259.868,measure,4992.0,960.0,4.7923,58.78
259.968,measure,4992.0,960.0,4.7923,58.75
260.068,measure,4992.0,960.0,4.7923,58.72
260.168,measure,4992.0,960.0,4.7923,58.69
260.268,measure,4992.0,960.0,4.7923,58.66
260.369,measure,4992.0,960.0,4.7923,58.59
260.469,measure,4992.0,960.0,4.7923,58.59
260.569,measure,4992.0,960.0,4.7923,58.66
260.669,measure,4992.0,960.0,4.7923,58.50
260.769,measure,4992.0,952.0,4.7524,58.72
260.869,measure,4992.0,952.0,4.7524,58.69
260.970,measure,4992.0,952.0,4.7524,58.78
261.070,measure,4992.0,960.0,4.7923,58.66
261.170,measure,4992.0,960.0,4.7923,58.66
261.270,measure,4992.0,952.0,4.7524,58.59
261.370,measure,4992.0,952.0,4.7524,58.69
261.470,measure,4992.0,952.0,4.7524,58.59
261.570,measure,4992.0,952.0,4.7524,58.56
261.671,measure,4992.0,952.0,4.7524,58.81
261.771,measure,4992.0,952.0,4.7524,58.75
261.871,measure,4992.0,960.0,4.7923,58.75
261.971,measure,4992.0,960.0,4.7923,58.66
262.071,measure,4992.0,960.0,4.7923,58.66
262.171,measure,4992.0,952.0,4.7524,58.66
262.271,measure,4992.0,960.0,4.7923,58.59
262.372,measure,4992.0,952.0,4.7524,58.62
262.472,measure,4992.0,952.0,4.7524,58.53
262.572,measure,4992.0,952.0,4.7524,58.81
262.672,measure,4992.0,960.0,4.7923,58.69
262.772,measure,4992.0,960.0,4.7923,58.69
262.873,measure,4992.0,960.0,4.7923,58.69
262.973,measure,4992.0,960.0,4.7923,58.66
263.073,measure,4992.0,960.0,4.7923,58.62
263.173,measure,4992.0,960.0,4.7923,58.66
263.273,measure,4992.0,960.0,4.7923,58.56
263.374,measure,4992.0,960.0,4.7923,58.66
263.474,measure,4992.0,960.0,4.7923,58.59
263.574,measure,4992.0,960.0,4.7923,58.78
263.674,measure,4992.0,960.0,4.7923,58.78
263.774,measure,4992.0,960.0,4.7923,58.72
263.874,measure,4992.0,960.0,4.7923,58.66
263.974,measure,4992.0,960.0,4.7923,58.62
264.075,measure,4992.0,960.0,4.7923,58.66
264.175,measure,4992.0,960.0,4.7923,58.53
264.275,measure,4992.0,960.0,4.7923,58.53
264.375,measure,4992.0,960.0,4.7923,58.53
264.475,measure,4992.0,960.0,4.7923,58.78
264.575,measure,4992.0,960.0,4.7923,58.75
264.675,measure,4992.0,960.0,4.7923,58.72
264.776,measure,4992.0,960.0,4.7923,58.56
264.876,measure,4992.0,960.0,4.7923,58.66
264.976,measure,4992.0,960.0,4.7923,58.66
265.076,measure,4992.0,960.0,4.7923,58.62
265.176,measure,4992.0,960.0,4.7923,58.53
265.276,measure,4992.0,960.0,4.7923,58.56
265.376,measure,4992.0,960.0,4.7923,58.81
265.477,measure,4992.0,960.0,4.7923,58.78
265.577,measure,4992.0,960.0,4.7923,58.69
265.677,measure,4992.0,960.0,4.7923,58.75
265.777,measure,4992.0,968.0,4.8323,58.66
265.877,measure,4992.0,968.0,4.8323,58.59
265.977,measure,4992.0,968.0,4.8323,58.59
266.077,measure,4992.0,968.0,4.8323,58.59
266.178,measure,4992.0,968.0,4.8323,58.59
266.278,measure,4992.0,968.0,4.8323,58.78
266.378,measure,4992.0,968.0,4.8323,58.72
266.478,measure,4992.0,968.0,4.8323,58.75
266.578,measure,4992.0,968.0,4.8323,58.56
266.678,measure,4992.0,968.0,4.8323,58.66
266.778,measure,4992.0,968.0,4.8323,58.56
266.879,measure,4992.0,968.0,4.8323,58.56
266.979,measure,4992.0,960.0,4.7923,58.56
267.079,measure,4992.0,960.0,4.7923,58.59
267.179,measure,4992.0,968.0,4.8323,58.78
267.279,measure,4992.0,960.0,4.7923,58.72
267.379,measure,4992.0,960.0,4.7923,58.72
267.480,measure,4992.0,960.0,4.7923,58.66
267.580,measure,4992.0,960.0,4.7923,58.66
267.680,measure,4992.0,960.0,4.7923,58.59
267.780,measure,4992.0,960.0,4.7923,58.59
267.880,measure,4992.0,960.0,4.7923,58.59
267.980,measure,4992.0,960.0,4.7923,58.56
268.080,measure,4992.0,960.0,4.7923,58.84
268.181,measure,4992.0,960.0,4.7923,58.81
268.281,measure,4992.0,960.0,4.7923,58.59
268.381,measure,4992.0,960.0,4.7923,58.62
268.481,measure,4992.0,960.0,4.7923,58.56
268.581,measure,4992.0,960.0,4.7923,58.62
268.681,measure,4992.0,960.0,4.7923,58.66
268.781,measure,4992.0,960.0,4.7923,58.59
268.882,measure,4992.0,960.0,4.7923,58.59
268.982,measure,4992.0,960.0,4.7923,58.75
269.082,measure,4992.0,960.0,4.7923,58.78
269.182,measure,4992.0,968.0,4.8323,58.78
269.282,measure,4992.0,968.0,4.8323,58.66
269.382,measure,4992.0,968.0,4.8323,58.69
269.483,measure,4992.0,968.0,4.8323,58.62
269.583,measure,4992.0,968.0,4.8323,58.69
269.683,measure,4992.0,968.0,4.8323,58.56
269.783,measure,4992.0,968.0,4.8323,58.56
269.883,measure,4992.0,968.0,4.8323,58.84
269.983,measure,4984.0,976.0,4.8644,58.78
270.083,measure,4984.0,976.0,4.8644,58.81
270.184,measure,4984.0,976.0,4.8644,58.72
270.284,measure,4984.0,976.0,4.8644,58.62
270.384,measure,4984.0,976.0,4.8644,58.59
270.484,measure,4984.0,976.0,4.8644,58.62
270.584,measure,4984.0,976.0,4.8644,58.53
270.684,measure,4984.0,976.0,4.8644,58.62
270.785,measure,4984.0,976.0,4.8644,58.84
270.885,measure,4984.0,976.0,4.8644,58.84
270.985,measure,4984.0,976.0,4.8644,58.84
271.085,measure,4984.0,968.0,4.8245,58.72
271.185,measure,4992.0,968.0,4.8323,58.69
271.285,measure,4984.0,968.0,4.8245,58.75
271.385,measure,4992.0,968.0,4.8323,58.59
271.486,measure,4992.0,968.0,4.8323,58.66
271.586,measure,4992.0,968.0,4.8323,58.56
271.686,measure,4992.0,968.0,4.8323,58.81
271.786,measure,4992.0,960.0,4.7923,58.81
271.886,measure,4992.0,968.0,4.8323,58.75
271.986,measure,4992.0,960.0,4.7923,58.66
272.087,measure,4992.0,960.0,4.7923,58.69
272.187,measure,4992.0,960.0,4.7923,58.59
272.287,measure,4992.0,960.0,4.7923,58.62
272.387,measure,4984.0,960.0,4.7846,58.56
272.487,measure,4992.0,960.0,4.7923,58.59
272.587,measure,4992.0,960.0,4.7923,58.66
272.687,measure,4992.0,960.0,4.7923,58.75
272.788,measure,4992.0,960.0,4.7923,58.72
272.888,measure,4992.0,960.0,4.7923,58.72
272.988,measure,4992.0,960.0,4.7923,58.66
273.088,measure,4992.0,968.0,4.8323,58.56
273.188,measure,4992.0,960.0,4.7923,58.62
273.288,measure,4984.0,968.0,4.8245,58.66
273.388,measure,4992.0,968.0,4.8323,58.56
273.489,measure,4992.0,960.0,4.7923,58.47
273.589,measure,4992.0,960.0,4.7923,58.81
273.689,measure,4992.0,960.0,4.7923,58.84
273.789,measure,4992.0,960.0,4.7923,58.78
273.889,measure,4992.0,960.0,4.7923,58.72
273.989,measure,4992.0,960.0,4.7923,58.66
274.090,measure,4992.0,960.0,4.7923,58.62
274.190,measure,4992.0,960.0,4.7923,58.62
274.290,measure,4992.0,960.0,4.7923,58.66
274.390,measure,4992.0,960.0,4.7923,58.66
274.490,measure,4992.0,960.0,4.7923,58.56
274.590,measure,4992.0,960.0,4.7923,58.84
274.690,measure,4992.0,960.0,4.7923,58.75
274.790,measure,4992.0,960.0,4.7923,58.69
274.891,measure,4992.0,960.0,4.7923,58.66
274.991,measure,4992.0,960.0,4.7923,58.59
275.091,measure,4992.0,960.0,4.7923,58.59
275.191,measure,4992.0,960.0,4.7923,58.62
275.291,measure,4992.0,960.0,4.7923,58.53
275.391,measure,4992.0,968.0,4.8323,58.56
275.492,measure,4992.0,960.0,4.7923,58.84
275.592,measure,4992.0,960.0,4.7923,58.78
275.692,measure,4992.0,960.0,4.7923,58.69
275.792,measure,4992.0,960.0,4.7923,58.62
275.892,measure,4992.0,960.0,4.7923,58.59
275.992,measure,4992.0,960.0,4.7923,58.66
276.092,measure,4992.0,960.0,4.7923,58.72
276.193,measure,4992.0,960.0,4.7923,58.59
276.293,measure,4992.0,960.0,4.7923,58.56
276.393,measure,4992.0,960.0,4.7923,58.81
276.493,measure,4992.0,960.0,4.7923,58.69
276.593,measure,4992.0,960.0,4.7923,58.66
276.693,measure,4992.0,960.0,4.7923,58.69
276.793,measure,4992.0,960.0,4.7923,58.62
276.894,measure,4992.0,960.0,4.7923,58.66
276.994,measure,4992.0,960.0,4.7923,58.62
277.094,measure,4992.0,960.0,4.7923,58.62
277.194,measure,4992.0,960.0,4.7923,58.56
277.294,measure,4992.0,960.0,4.7923,58.50
277.394,measure,4992.0,960.0,4.7923,58.66
277.494,measure,4992.0,960.0,4.7923,58.72
277.595,measure,4992.0,960.0,4.7923,58.59
277.695,measure,4992.0,960.0,4.7923,58.59
277.795,measure,4992.0,960.0,4.7923,58.62
277.895,measure,4992.0,960.0,4.7923,58.50
277.995,measure,4992.0,960.0,4.7923,58.56
278.095,measure,4992.0,960.0,4.7923,58.62
278.195,measure,4992.0,960.0,4.7923,58.50
278.296,measure,4992.0,960.0,4.7923,58.88
278.396,measure,4992.0,960.0,4.7923,58.69
278.496,measure,4992.0,960.0,4.7923,58.75
278.596,measure,4992.0,960.0,4.7923,58.62
278.696,measure,4992.0,960.0,4.7923,58.56
278.796,measure,4992.0,960.0,4.7923,58.56
278.897,measure,4992.0,960.0,4.7923,58.66
278.997,measure,4992.0,960.0,4.7923,58.56
279.097,measure,4992.0,960.0,4.7923,58.59
279.197,measure,4992.0,952.0,4.7524,58.72
279.297,measure,4992.0,952.0,4.7524,58.75
279.397,measure,4992.0,952.0,4.7524,58.69
279.497,measure,4992.0,960.0,4.7923,58.62
279.598,measure,4992.0,960.0,4.7923,58.66
279.698,measure,4992.0,952.0,4.7524,58.62
279.798,measure,4992.0,952.0,4.7524,58.62
279.898,measure,4992.0,952.0,4.7524,58.50
279.998,measure,4992.0,952.0,4.7524,58.62
280.098,measure,4992.0,960.0,4.7923,58.78
280.198,measure,4992.0,960.0,4.7923,58.75
280.299,measure,4992.0,960.0,4.7923,58.78
280.399,measure,4992.0,960.0,4.7923,58.69
280.499,measure,4992.0,960.0,4.7923,58.66
280.599,measure,4992.0,960.0,4.7923,58.59
280.699,measure,4992.0,960.0,4.7923,58.62
280.799,measure,4992.0,960.0,4.7923,58.44
280.900,measure,4992.0,960.0,4.7923,58.56
281.000,measure,4992.0,960.0,4.7923,58.53
281.100,measure,4992.0,960.0,4.7923,58.81
281.200,measure,4992.0,952.0,4.7524,58.72
281.300,measure,4992.0,960.0,4.7923,58.66
281.400,measure,4992.0,960.0,4.7923,58.56
281.500,measure,4992.0,960.0,4.7923,58.62
281.601,measure,4992.0,960.0,4.7923,58.69
281.701,measure,4992.0,960.0,4.7923,58.56
281.801,measure,4992.0,960.0,4.7923,58.50
281.901,measure,4992.0,960.0,4.7923,58.72
282.002,measure,4992.0,960.0,4.7923,58.72
282.102,measure,4992.0,960.0,4.7923,58.72
282.203,measure,4992.0,960.0,4.7923,58.72
282.303,measure,4992.0,960.0,4.7923,58.62
282.403,measure,4992.0,960.0,4.7923,58.66
282.503,measure,4992.0,960.0,4.7923,58.62
282.603,measure,4992.0,960.0,4.7923,58.62
282.703,measure,4992.0,960.0,4.7923,58.50
282.804,measure,4992.0,960.0,4.7923,58.59
282.904,measure,4992.0,960.0,4.7923,58.81
283.004,measure,4992.0,960.0,4.7923,58.72
283.104,measure,4992.0,960.0,4.7923,58.69
283.204,measure,4992.0,960.0,4.7923,58.62
283.304,measure,4992.0,960.0,4.7923,58.69
283.404,measure,4992.0,960.0,4.7923,58.62
283.505,measure,4992.0,960.0,4.7923,58.62
283.605,measure,4992.0,960.0,4.7923,58.62
283.705,measure,4992.0,960.0,4.7923,58.56
283.805,measure,4992.0,960.0,4.7923,58.56
283.906,measure,4992.0,960.0,4.7923,58.75
284.006,measure,4992.0,960.0,4.7923,58.78
284.106,measure,4992.0,960.0,4.7923,58.66
284.206,measure,4992.0,960.0,4.7923,58.69
284.306,measure,4992.0,960.0,4.7923,58.66
284.406,measure,4992.0,960.0,4.7923,58.56
284.506,measure,4992.0,960.0,4.7923,58.72
284.606,measure,4992.0,960.0,4.7923,58.62
284.707,measure,4992.0,960.0,4.7923,58.56
284.807,measure,4992.0,960.0,4.7923,58.75
284.907,measure,4992.0,960.0,4.7923,58.72
285.007,measure,4992.0,960.0,4.7923,58.78
285.107,measure,4992.0,960.0,4.7923,58.69
285.207,measure,4992.0,960.0,4.7923,58.69
285.307,measure,4992.0,960.0,4.7923,58.62
285.408,measure,4992.0,960.0,4.7923,58.56
285.508,measure,4992.0,960.0,4.7923,58.59
285.608,measure,4992.0,960.0,4.7923,58.56
285.708,measure,4992.0,960.0,4.7923,58.69
285.808,measure,4992.0,968.0,4.8323,58.72
285.908,measure,4992.0,968.0,4.8323,58.62
286.008,measure,4992.0,968.0,4.8323,58.62
286.109,measure,4992.0,968.0,4.8323,58.59
286.209,measure,4992.0,968.0,4.8323,58.62
286.309,measure,4992.0,968.0,4.8323,58.59
286.409,measure,4984.0,968.0,4.8245,58.62
286.509,measure,4984.0,968.0,4.8245,58.56
286.609,measure,4984.0,968.0,4.8245,58.75
286.709,measure,4984.0,968.0,4.8245,58.72
286.809,measure,4984.0,976.0,4.8644,58.69
286.910,measure,4984.0,976.0,4.8644,58.66
287.010,measure,4984.0,976.0,4.8644,58.59
287.110,measure,4984.0,976.0,4.8644,58.59
287.210,measure,4984.0,976.0,4.8644,58.53
287.310,measure,4984.0,976.0,4.8644,58.59
287.410,measure,4984.0,976.0,4.8644,58.56
287.510,measure,4984.0,976.0,4.8644,58.72
287.610,measure,4984.0,976.0,4.8644,58.66
287.711,measure,4984.0,968.0,4.8245,58.69
287.811,measure,4984.0,968.0,4.8245,58.66
287.911,measure,4984.0,968.0,4.8245,58.69
288.012,measure,4984.0,968.0,4.8245,58.62
288.112,measure,4984.0,968.0,4.8245,58.59
288.212,measure,4992.0,968.0,4.8323,58.59
288.312,measure,4984.0,968.0,4.8245,58.62
288.413,measure,4984.0,968.0,4.8245,58.56
288.513,measure,4984.0,968.0,4.8245,58.72
288.613,measure,4992.0,968.0,4.8323,58.66
288.714,measure,4984.0,968.0,4.8245,58.66
288.814,measure,4984.0,968.0,4.8245,58.59
288.914,measure,4992.0,968.0,4.8323,58.59
289.014,measure,4992.0,968.0,4.8323,58.59
289.115,measure,4992.0,960.0,4.7923,58.59
289.215,measure,4984.0,960.0,4.7846,58.59
289.315,measure,4984.0,960.0,4.7846,58.53
289.416,measure,4984.0,960.0,4.7846,58.59
289.516,measure,4992.0,960.0,4.7923,58.78
289.616,measure,4992.0,960.0,4.7923,58.69
289.716,measure,4984.0,968.0,4.8245,58.59
289.816,measure,4992.0,968.0,4.8323,58.66
289.916,measure,4992.0,968.0,4.8323,58.59
290.017,measure,4992.0,960.0,4.7923,58.56
290.117,measure,4992.0,960.0,4.7923,58.59
290.217,measure,4992.0,960.0,4.7923,58.47
290.317,measure,4992.0,960.0,4.7923,58.56
290.417,measure,4992.0,960.0,4.7923,58.78
290.517,measure,4992.0,960.0,4.7923,58.72
290.617,measure,4992.0,960.0,4.7923,58.69
290.718,measure,4992.0,960.0,4.7923,58.69
290.818,measure,4992.0,960.0,4.7923,58.62
290.918,measure,4992.0,960.0,4.7923,58.62
291.018,measure,4992.0,960.0,4.7923,58.50
291.118,measure,4992.0,960.0,4.7923,58.59
291.218,measure,4992.0,960.0,4.7923,58.56
291.318,measure,4992.0,960.0,4.7923,58.75
291.418,measure,4992.0,960.0,4.7923,58.69
291.519,measure,4992.0,960.0,4.7923,58.66
291.619,measure,4992.0,960.0,4.7923,58.62
291.719,measure,4992.0,960.0,4.7923,58.56
291.819,measure,4992.0,960.0,4.7923,58.59
291.919,measure,4992.0,960.0,4.7923,58.53
292.019,measure,4992.0,960.0,4.7923,58.53
292.119,measure,4992.0,960.0,4.7923,58.47
292.220,measure,4992.0,960.0,4.7923,58.72
292.320,measure,4992.0,960.0,4.7923,58.69
292.420,measure,4992.0,960.0,4.7923,58.66
292.520,measure,4992.0,960.0,4.7923,58.69
292.620,measure,4992.0,960.0,4.7923,58.62
292.720,measure,4992.0,960.0,4.7923,58.59
292.820,measure,4992.0,960.0,4.7923,58.66
292.921,measure,4992.0,960.0,4.7923,58.59
293.021,measure,4992.0,960.0,4.7923,58.59
293.121,measure,4992.0,960.0,4.7923,58.62
293.221,measure,4992.0,960.0,4.7923,58.72
293.321,measure,4992.0,960.0,4.7923,58.62
293.421,measure,4992.0,960.0,4.7923,58.62
293.521,measure,4992.0,960.0,4.7923,58.59
293.621,measure,4992.0,960.0,4.7923,58.59
293.722,measure,4992.0,960.0,4.7923,58.56
293.822,measure,4992.0,960.0,4.7923,58.53
293.922,measure,4992.0,960.0,4.7923,58.56
294.022,measure,4992.0,960.0,4.7923,58.78
294.122,measure,4992.0,960.0,4.7923,58.72
294.222,measure,4992.0,960.0,4.7923,58.66
294.322,measure,4992.0,960.0,4.7923,58.69
294.423,measure,4992.0,960.0,4.7923,58.66
294.523,measure,4992.0,952.0,4.7524,58.59
294.623,measure,4992.0,960.0,4.7923,58.59
294.723,measure,4992.0,952.0,4.7524,58.59
294.823,measure,4992.0,960.0,4.7923,58.47
294.923,measure,4992.0,960.0,4.7923,58.78
295.023,measure,4992.0,960.0,4.7923,58.78
295.123,measure,4992.0,960.0,4.7923,58.69
295.224,measure,4992.0,960.0,4.7923,58.66
295.324,measure,4992.0,952.0,4.7524,58.66
295.424,measure,4992.0,952.0,4.7524,58.62
295.524,measure,4992.0,952.0,4.7524,58.59
295.624,measure,4992.0,960.0,4.7923,58.53
295.724,measure,4992.0,960.0,4.7923,58.62
295.824,measure,4992.0,960.0,4.7923,58.78
295.925,measure,4992.0,960.0,4.7923,58.72
296.025,measure,4992.0,960.0,4.7923,58.72
296.125,measure,4992.0,960.0,4.7923,58.59
296.225,measure,4992.0,960.0,4.7923,58.59
296.325,measure,4992.0,960.0,4.7923,58.56
296.425,measure,4992.0,960.0,4.7923,58.56
296.525,measure,4992.0,960.0,4.7923,58.56
296.626,measure,4992.0,960.0,4.7923,58.53
296.726,measure,4992.0,960.0,4.7923,58.78
296.826,measure,4992.0,960.0,4.7923,58.72
296.926,measure,4992.0,960.0,4.7923,58.75
297.026,measure,4992.0,960.0,4.7923,58.62
297.126,measure,4992.0,960.0,4.7923,58.62
297.226,measure,4992.0,960.0,4.7923,58.53
297.327,measure,4992.0,960.0,4.7923,58.59
297.427,measure,4992.0,960.0,4.7923,58.56
297.527,measure,4992.0,960.0,4.7923,58.53
297.627,measure,4992.0,960.0,4.7923,58.56
297.727,measure,4992.0,960.0,4.7923,58.81
297.827,measure,4992.0,960.0,4.7923,58.75
297.927,measure,4992.0,960.0,4.7923,58.59
298.028,measure,4992.0,960.0,4.7923,58.69
298.128,measure,4992.0,960.0,4.7923,58.66
298.228,measure,4992.0,960.0,4.7923,58.56
298.328,measure,4992.0,960.0,4.7923,58.53
298.428,measure,4992.0,960.0,4.7923,58.47
298.528,measure,4992.0,960.0,4.7923,58.53
298.628,measure,4992.0,960.0,4.7923,58.72
298.728,measure,4992.0,960.0,4.7923,58.69
298.829,measure,4992.0,960.0,4.7923,58.66
298.929,measure,4992.0,960.0,4.7923,58.69
299.029,measure,4992.0,960.0,4.7923,58.56
299.129,measure,4992.0,960.0,4.7923,58.66
299.229,measure,4992.0,960.0,4.7923,58.59
299.329,measure,4992.0,960.0,4.7923,58.59
299.429,measure,4992.0,960.0,4.7923,58.53
299.530,measure,4992.0,960.0,4.7923,58.78
299.630,measure,4992.0,960.0,4.7923,58.69
299.730,measure,4992.0,960.0,4.7923,58.66
299.830,measure,4992.0,960.0,4.7923,58.69
299.930,measure,4992.0,960.0,4.7923,58.59
300.030,measure,4992.0,960.0,4.7923,58.62
300.130,measure,4992.0,960.0,4.7923,58.50
300.230,measure,4992.0,960.0,4.7923,58.56
300.331,measure,4992.0,960.0,4.7923,58.53
300.431,measure,4992.0,960.0,4.7923,58.50
300.531,measure,4992.0,960.0,4.7923,58.75
300.631,measure,4992.0,960.0,4.7923,58.59
300.731,measure,4992.0,960.0,4.7923,58.69
300.831,measure,4992.0,960.0,4.7923,58.62
300.932,measure,4984.0,960.0,4.7846,58.62
301.032,measure,4992.0,960.0,4.7923,58.50
301.132,measure,4992.0,960.0,4.7923,58.59
301.232,measure,4992.0,960.0,4.7923,58.56
301.332,measure,4992.0,960.0,4.7923,58.47
301.432,measure,4992.0,960.0,4.7923,58.72
301.532,measure,4992.0,960.0,4.7923,58.69
301.632,measure,4992.0,960.0,4.7923,58.62
301.733,measure,4992.0,960.0,4.7923,58.59
301.833,measure,4992.0,960.0,4.7923,58.59
301.933,measure,4992.0,960.0,4.7923,58.53
302.033,measure,4992.0,960.0,4.7923,58.66
302.133,measure,4992.0,960.0,4.7923,58.56
302.233,measure,4992.0,960.0,4.7923,58.56
302.333,measure,4992.0,960.0,4.7923,58.81
302.434,measure,4992.0,960.0,4.7923,58.72
302.534,measure,4992.0,960.0,4.7923,58.72
302.634,measure,4992.0,960.0,4.7923,58.62
302.734,measure,4992.0,960.0,4.7923,58.62
302.834,measure,4992.0,960.0,4.7923,58.62
302.934,measure,4992.0,960.0,4.7923,58.47
303.034,measure,4984.0,968.0,4.8245,58.59
303.135,measure,4984.0,968.0,4.8245,58.50
303.235,measure,4984.0,968.0,4.8245,58.69
303.335,measure,4984.0,968.0,4.8245,58.72
303.435,measure,4984.0,968.0,4.8245,58.69
303.535,measure,4984.0,968.0,4.8245,58.62
303.635,measure,4984.0,968.0,4.8245,58.56
303.735,measure,4984.0,976.0,4.8644,58.53
303.835,measure,4984.0,968.0,4.8245,58.53
303.936,measure,4984.0,968.0,4.8245,58.56
304.036,measure,4984.0,976.0,4.8644,58.56
304.136,measure,4984.0,968.0,4.8245,58.69
304.236,measure,4984.0,968.0,4.8245,58.91
304.336,measure,4992.0,968.0,4.8323,58.66
304.436,measure,4992.0,968.0,4.8323,58.66
304.536,measure,4992.0,960.0,4.7923,58.66
304.637,measure,4992.0,960.0,4.7923,58.62
304.737,measure,4992.0,960.0,4.7923,58.59
304.837,measure,4992.0,960.0,4.7923,58.59
304.937,measure,4992.0,960.0,4.7923,58.59
305.037,measure,4992.0,960.0,4.7923,58.75
305.137,measure,4992.0,960.0,4.7923,58.78
305.237,measure,4992.0,960.0,4.7923,58.56
305.337,measure,4992.0,960.0,4.7923,58.56
305.438,measure,4992.0,960.0,4.7923,58.62
305.538,measure,4992.0,960.0,4.7923,58.59
305.638,measure,4992.0,960.0,4.7923,58.56
305.738,measure,4992.0,960.0,4.7923,58.59
305.838,measure,4992.0,960.0,4.7923,58.56
305.939,measure,4992.0,960.0,4.7923,58.75
306.039,measure,4992.0,960.0,4.7923,58.75
306.139,measure,4992.0,960.0,4.7923,58.72
306.239,measure,4992.0,960.0,4.7923,58.62
306.339,measure,4992.0,960.0,4.7923,58.69
306.439,measure,4992.0,960.0,4.7923,58.59
306.539,measure,4992.0,960.0,4.7923,58.59
306.639,measure,4992.0,960.0,4.7923,58.56
306.740,measure,4992.0,960.0,4.7923,58.59
306.840,measure,4992.0,960.0,4.7923,58.72
306.940,measure,4992.0,960.0,4.7923,58.62
307.040,measure,4992.0,960.0,4.7923,58.72
307.140,measure,4992.0,960.0,4.7923,58.59
307.240,measure,4992.0,960.0,4.7923,58.66
307.340,measure,4992.0,960.0,4.7923,58.59
307.441,measure,4992.0,960.0,4.7923,58.50
307.541,measure,4992.0,960.0,4.7923,58.53
307.641,measure,4992.0,960.0,4.7923,58.56
307.741,measure,4992.0,960.0,4.7923,58.69
307.841,measure,4992.0,960.0,4.7923,58.78
307.941,measure,4992.0,960.0,4.7923,58.78
308.042,measure,4992.0,960.0,4.7923,58.69
308.142,measure,4992.0,960.0,4.7923,58.62
308.242,measure,4992.0,960.0,4.7923,58.69
308.342,measure,4992.0,960.0,4.7923,58.62
308.442,measure,4992.0,960.0,4.7923,58.53
308.542,measure,4992.0,968.0,4.8323,58.44
308.643,measure,4992.0,960.0,4.7923,58.72
308.743,measure,4992.0,960.0,4.7923,58.81
308.843,measure,4992.0,960.0,4.7923,58.75
308.943,measure,4992.0,960.0,4.7923,58.66
309.043,measure,4992.0,960.0,4.7923,58.59
309.143,measure,4992.0,960.0,4.7923,58.50
309.243,measure,4992.0,960.0,4.7923,58.56
309.344,measure,4992.0,960.0,4.7923,58.56
309.444,measure,4992.0,960.0,4.7923,58.53
309.544,measure,4992.0,960.0,4.7923,58.81
309.644,measure,4992.0,960.0,4.7923,58.78
309.744,measure,4992.0,960.0,4.7923,58.69
309.844,measure,4992.0,960.0,4.7923,58.62
309.944,measure,4992.0,960.0,4.7923,58.66
310.045,measure,4992.0,960.0,4.7923,58.62
310.145,measure,4992.0,960.0,4.7923,58.62
310.245,measure,4992.0,960.0,4.7923,58.56
310.345,measure,4992.0,960.0,4.7923,58.56
310.445,measure,4992.0,960.0,4.7923,58.72
310.545,measure,4992.0,960.0,4.7923,58.75
310.645,measure,4992.0,960.0,4.7923,58.72
310.745,measure,4992.0,960.0,4.7923,58.66
310.846,measure,4992.0,960.0,4.7923,58.66
310.946,measure,4992.0,960.0,4.7923,58.56
311.046,measure,4992.0,960.0,4.7923,58.53
311.146,measure,4992.0,960.0,4.7923,58.66
311.246,measure,4992.0,960.0,4.7923,58.50
311.346,measure,4992.0,960.0,4.7923,58.59
311.446,measure,4992.0,960.0,4.7923,58.81
311.547,measure,4992.0,960.0,4.7923,58.66
311.647,measure,4992.0,960.0,4.7923,58.69
311.747,measure,4992.0,960.0,4.7923,58.62
311.847,measure,4992.0,960.0,4.7923,58.50
311.947,measure,4992.0,960.0,4.7923,58.59
312.047,measure,4992.0,960.0,4.7923,58.50
312.147,measure,4992.0,960.0,4.7923,58.53
312.248,measure,4992.0,960.0,4.7923,58.56
312.348,measure,4992.0,960.0,4.7923,58.78
312.448,measure,4992.0,960.0,4.7923,58.69
312.548,measure,4992.0,960.0,4.7923,58.66
312.648,measure,4992.0,960.0,4.7923,58.59
312.748,measure,4992.0,960.0,4.7923,58.56
312.848,measure,4992.0,960.0,4.7923,58.56
312.949,measure,4992.0,960.0,4.7923,58.56
313.049,measure,4992.0,960.0,4.7923,58.50
313.149,measure,4992.0,960.0,4.7923,58.53
313.249,measure,4992.0,960.0,4.7923,58.84
313.349,measure,4992.0,960.0,4.7923,58.78
313.449,measure,4992.0,960.0,4.7923,58.66
313.549,measure,4992.0,960.0,4.7923,58.62
313.649,measure,4992.0,960.0,4.7923,58.56
313.750,measure,4992.0,960.0,4.7923,58.53
313.850,measure,4992.0,960.0,4.7923,58.53
313.950,measure,4992.0,960.0,4.7923,58.53
314.050,measure,4992.0,960.0,4.7923,58.50
314.150,measure,4992.0,960.0,4.7923,58.56
314.250,measure,4992.0,960.0,4.7923,58.72
314.350,measure,4992.0,960.0,4.7923,58.62
314.451,measure,4992.0,960.0,4.7923,58.72
314.551,measure,4992.0,960.0,4.7923,58.56
314.651,measure,4992.0,960.0,4.7923,58.62
314.751,measure,4992.0,960.0,4.7923,58.50
314.851,measure,4992.0,960.0,4.7923,58.56
314.951,measure,4992.0,960.0,4.7923,58.53
315.051,measure,4992.0,960.0,4.7923,58.59
315.151,measure,4992.0,960.0,4.7923,58.78
315.252,measure,4992.0,960.0,4.7923,58.69
315.352,measure,4992.0,960.0,4.7923,58.69
315.452,measure,4992.0,960.0,4.7923,58.56
315.552,measure,4992.0,960.0,4.7923,58.50
315.652,measure,4992.0,960.0,4.7923,58.59
315.752,measure,4992.0,960.0,4.7923,58.47
315.852,measure,4992.0,960.0,4.7923,58.53
315.953,measure,4992.0,960.0,4.7923,58.50
316.053,measure,4992.0,960.0,4.7923,58.78
316.153,measure,4992.0,960.0,4.7923,58.66
316.253,measure,4992.0,960.0,4.7923,58.59
316.353,measure,4992.0,960.0,4.7923,58.56
316.453,measure,4992.0,960.0,4.7923,58.56
316.554,measure,4992.0,968.0,4.8323,58.59
316.654,measure,4992.0,968.0,4.8323,58.53
316.754,measure,4992.0,968.0,4.8323,58.50
316.854,measure,4992.0,968.0,4.8323,58.56
316.954,measure,4992.0,968.0,4.8323,58.47
317.054,measure,4992.0,960.0,4.7923,58.69
317.154,measure,4992.0,960.0,4.7923,58.66
317.255,measure,4992.0,960.0,4.7923,58.59
317.355,measure,4992.0,960.0,4.7923,58.59
317.455,measure,4992.0,960.0,4.7923,58.59
317.555,measure,4992.0,960.0,4.7923,58.56
317.655,measure,4992.0,960.0,4.7923,58.59
317.755,measure,4992.0,960.0,4.7923,58.47
317.855,measure,4992.0,960.0,4.7923,58.72
317.955,measure,4992.0,960.0,4.7923,58.69
318.056,measure,4992.0,960.0,4.7923,58.69
318.156,measure,4992.0,960.0,4.7923,58.69
318.256,measure,4992.0,960.0,4.7923,58.59
318.356,measure,4992.0,960.0,4.7923,58.59
318.456,measure,4992.0,960.0,4.7923,58.53
318.556,measure,4992.0,960.0,4.7923,58.50
318.656,measure,4992.0,960.0,4.7923,58.50
318.757,measure,4992.0,960.0,4.7923,58.72
318.857,measure,4992.0,960.0,4.7923,58.75
318.957,measure,4992.0,960.0,4.7923,58.69
319.057,measure,4992.0,960.0,4.7923,58.53
319.157,measure,4992.0,960.0,4.7923,58.56
319.257,measure,4992.0,960.0,4.7923,58.56
319.357,measure,4984.0,968.0,4.8245,58.53
319.457,measure,4984.0,968.0,4.8245,58.44
319.558,measure,4984.0,968.0,4.8245,58.50
319.658,measure,4992.0,968.0,4.8323,58.69
319.758,measure,4984.0,968.0,4.8245,58.75
319.858,measure,4984.0,968.0,4.8245,58.66
319.958,measure,4984.0,968.0,4.8245,58.59
320.058,measure,4984.0,968.0,4.8245,58.56
320.158,measure,4984.0,968.0,4.8245,58.53
320.258,measure,4984.0,976.0,4.8644,58.59
320.358,measure,4984.0,976.0,4.8644,58.50
320.459,measure,4984.0,976.0,4.8644,58.56
320.559,measure,4984.0,976.0,4.8644,58.75
320.659,measure,4984.0,976.0,4.8644,58.62
320.759,measure,4984.0,976.0,4.8644,58.69
320.859,measure,4984.0,968.0,4.8245,58.66
320.959,measure,4992.0,968.0,4.8323,58.59
321.059,measure,4992.0,968.0,4.8323,58.56
321.160,measure,4992.0,968.0,4.8323,58.59
321.260,measure,4992.0,968.0,4.8323,58.53
321.360,measure,4992.0,960.0,4.7923,58.53
321.460,measure,4992.0,960.0,4.7923,58.69
321.560,measure,4992.0,960.0,4.7923,58.69
321.660,measure,4992.0,960.0,4.7923,58.75
321.760,measure,4992.0,960.0,4.7923,58.59
321.860,measure,4992.0,960.0,4.7923,58.59
321.961,measure,4992.0,960.0,4.7923,58.66
322.061,measure,4992.0,960.0,4.7923,58.53
322.161,measure,4992.0,960.0,4.7923,58.56
322.261,measure,4992.0,960.0,4.7923,58.56
322.361,measure,4992.0,960.0,4.7923,58.72
322.461,measure,4992.0,960.0,4.7923,58.75
322.561,measure,4992.0,960.0,4.7923,58.59
322.662,measure,4992.0,960.0,4.7923,58.66
322.762,measure,4992.0,960.0,4.7923,58.56
322.862,measure,4992.0,960.0,4.7923,58.59
322.962,measure,4992.0,960.0,4.7923,58.56
323.062,measure,4992.0,960.0,4.7923,58.53
323.162,measure,4992.0,960.0,4.7923,58.59
323.262,measure,4992.0,960.0,4.7923,58.78
323.362,measure,4992.0,960.0,4.7923,58.66
323.463,measure,4992.0,960.0,4.7923,58.66
323.563,measure,4992.0,960.0,4.7923,58.56
323.663,measure,4992.0,960.0,4.7923,58.56
323.763,measure,4992.0,960.0,4.7923,58.66
323.863,measure,4992.0,960.0,4.7923,58.56
323.963,measure,4992.0,960.0,4.7923,58.56
324.063,measure,4992.0,960.0,4.7923,58.53
324.163,measure,4992.0,960.0,4.7923,58.78
324.264,measure,4992.0,960.0,4.7923,58.69
324.364,measure,4992.0,960.0,4.7923,58.69
324.464,measure,4992.0,960.0,4.7923,58.66
324.564,measure,4992.0,960.0,4.7923,58.62
324.664,measure,4992.0,960.0,4.7923,58.56
324.764,measure,4992.0,960.0,4.7923,58.59
324.864,measure,4992.0,960.0,4.7923,58.53
324.965,measure,4992.0,960.0,4.7923,58.59
325.065,measure,4992.0,960.0,4.7923,58.78
325.165,measure,4992.0,960.0,4.7923,58.72
325.265,measure,4992.0,960.0,4.7923,58.62
325.365,measure,4992.0,960.0,4.7923,58.66
325.465,measure,4992.0,960.0,4.7923,58.62
325.565,measure,4992.0,960.0,4.7923,58.56
325.666,measure,4992.0,960.0,4.7923,58.62
325.766,measure,4992.0,960.0,4.7923,58.47
325.866,measure,4992.0,960.0,4.7923,58.59
325.966,measure,4992.0,960.0,4.7923,58.50
326.066,measure,4992.0,960.0,4.7923,58.78
326.166,measure,4992.0,960.0,4.7923,58.69
326.266,measure,4992.0,960.0,4.7923,58.62
326.367,measure,4992.0,960.0,4.7923,58.56
326.467,measure,4992.0,960.0,4.7923,58.62
326.567,measure,4992.0,960.0,4.7923,58.59
326.667,measure,4992.0,960.0,4.7923,58.56
326.767,measure,4992.0,960.0,4.7923,58.53
326.867,measure,4992.0,960.0,4.7923,58.44
326.967,measure,4992.0,960.0,4.7923,58.78
327.068,measure,4992.0,960.0,4.7923,58.75
327.168,measure,4992.0,952.0,4.7524,58.69
327.268,measure,4992.0,952.0,4.7524,58.69
327.368,measure,4992.0,952.0,4.7524,58.59
327.468,measure,4992.0,952.0,4.7524,58.62
327.568,measure,4992.0,960.0,4.7923,58.62
327.668,measure,4992.0,960.0,4.7923,58.56
327.769,measure,4992.0,952.0,4.7524,58.50
327.869,measure,4992.0,952.0,4.7524,58.47
327.969,measure,4992.0,952.0,4.7524,58.75
328.069,measure,4992.0,952.0,4.7524,58.62
328.169,measure,4992.0,952.0,4.7524,58.62
328.269,measure,4992.0,952.0,4.7524,58.59
328.369,measure,4992.0,952.0,4.7524,58.62
328.469,measure,4992.0,952.0,4.7524,58.62
328.570,measure,4992.0,952.0,4.7524,58.56
328.670,measure,4992.0,952.0,4.7524,58.47
328.770,measure,4992.0,952.0,4.7524,58.53
328.870,measure,4992.0,952.0,4.7524,58.62
328.970,measure,4992.0,952.0,4.7524,58.69
329.070,measure,4992.0,952.0,4.7524,58.62
329.170,measure,4992.0,952.0,4.7524,58.56
329.271,measure,4992.0,952.0,4.7524,58.56
329.371,measure,4992.0,952.0,4.7524,58.50
329.471,measure,4992.0,952.0,4.7524,58.59
329.571,measure,4992.0,952.0,4.7524,58.47
329.671,measure,4992.0,952.0,4.7524,58.53
329.771,measure,4992.0,952.0,4.7524,58.62
329.871,measure,4992.0,952.0,4.7524,58.66
329.971,measure,4992.0,952.0,4.7524,58.53
330.072,measure,4992.0,952.0,4.7524,58.53
330.172,measure,4992.0,952.0,4.7524,58.59
330.272,measure,4992.0,952.0,4.7524,58.47
330.372,measure,4992.0,952.0,4.7524,58.56
330.472,measure,4992.0,952.0,4.7524,58.50
330.572,measure,4992.0,952.0,4.7524,58.44
330.673,measure,4992.0,960.0,4.7923,58.66
330.773,measure,4992.0,960.0,4.7923,58.72
330.873,measure,4992.0,952.0,4.7524,58.59
330.973,measure,4992.0,960.0,4.7923,58.66
331.073,measure,4992.0,960.0,4.7923,58.59
331.173,measure,4992.0,952.0,4.7524,58.53
331.273,measure,4992.0,960.0,4.7923,58.53
331.373,measure,4992.0,952.0,4.7524,58.56
331.474,measure,4992.0,952.0,4.7524,58.53
331.574,measure,4992.0,960.0,4.7923,58.78
331.674,measure,4992.0,960.0,4.7923,58.69
331.774,measure,4992.0,960.0,4.7923,58.66
331.874,measure,4992.0,960.0,4.7923,58.59
331.974,measure,4992.0,960.0,4.7923,58.53
332.074,measure,4992.0,960.0,4.7923,58.50
332.175,measure,4992.0,960.0,4.7923,58.56
332.275,measure,4992.0,960.0,4.7923,58.50
332.375,measure,4992.0,960.0,4.7923,58.50
332.475,measure,4992.0,960.0,4.7923,58.69
332.575,measure,4992.0,960.0,4.7923,58.69
332.675,measure,4992.0,960.0,4.7923,58.59
332.775,measure,4992.0,960.0,4.7923,58.59
332.875,measure,4992.0,960.0,4.7923,58.50
332.976,measure,4992.0,960.0,4.7923,58.50
333.076,measure,4992.0,960.0,4.7923,58.53
333.176,measure,4992.0,960.0,4.7923,58.53
333.276,measure,4992.0,960.0,4.7923,58.50
333.376,measure,4992.0,960.0,4.7923,58.72
333.476,measure,4992.0,960.0,4.7923,58.59
333.576,measure,4992.0,960.0,4.7923,58.59
333.676,measure,4992.0,960.0,4.7923,58.56
333.777,measure,4992.0,960.0,4.7923,58.59
333.877,measure,4992.0,960.0,4.7923,58.44
333.977,measure,4992.0,968.0,4.8323,58.59
334.077,measure,4992.0,960.0,4.7923,58.47
334.177,measure,4992.0,960.0,4.7923,58.53
334.277,measure,4992.0,960.0,4.7923,58.72
334.377,measure,4992.0,960.0,4.7923,58.75
334.478,measure,4992.0,960.0,4.7923,58.66
334.578,measure,4992.0,960.0,4.7923,58.59
334.678,measure,4992.0,960.0,4.7923,58.59
334.778,measure,4992.0,960.0,4.7923,58.56
334.878,measure,4992.0,960.0,4.7923,58.56
334.978,measure,4992.0,960.0,4.7923,58.47
335.078,measure,4992.0,960.0,4.7923,58.53
335.179,measure,4992.0,960.0,4.7923,58.69
335.279,measure,4992.0,960.0,4.7923,58.78
335.379,measure,4992.0,960.0,4.7923,58.62
335.479,measure,4992.0,960.0,4.7923,58.62
335.579,measure,4992.0,960.0,4.7923,58.56
335.679,measure,4992.0,960.0,4.7923,58.62
335.779,measure,4992.0,968.0,4.8323,58.53
335.880,measure,4992.0,968.0,4.8323,58.56
335.980,measure,4992.0,968.0,4.8323,58.53
336.080,measure,4992.0,968.0,4.8323,58.88
336.180,measure,4992.0,968.0,4.8323,58.72
336.280,measure,4984.0,968.0,4.8245,58.56
336.380,measure,4984.0,968.0,4.8245,58.59
336.480,measure,4984.0,968.0,4.8245,58.66
336.580,measure,4984.0,968.0,4.8245,58.56
336.681,measure,4984.0,968.0,4.8245,58.53
336.781,measure,4984.0,976.0,4.8644,58.53
336.881,measure,4984.0,976.0,4.8644,58.53
336.981,measure,4984.0,976.0,4.8644,58.72
337.081,measure,4984.0,976.0,4.8644,58.69
337.181,measure,4984.0,976.0,4.8644,58.66
337.281,measure,4984.0,976.0,4.8644,58.59
337.382,measure,4984.0,976.0,4.8644,58.59
337.482,measure,4984.0,976.0,4.8644,58.47
337.582,measure,4984.0,976.0,4.8644,58.56
337.682,measure,4984.0,968.0,4.8245,58.53
337.782,measure,4984.0,968.0,4.8245,58.47
337.882,measure,4992.0,968.0,4.8323,58.81
337.982,measure,4992.0,968.0,4.8323,58.75
338.083,measure,4992.0,968.0,4.8323,58.72
338.183,measure,4992.0,968.0,4.8323,58.59
338.283,measure,4992.0,968.0,4.8323,58.56
338.383,measure,4992.0,968.0,4.8323,58.50
338.483,measure,4992.0,968.0,4.8323,58.59
338.583,measure,4992.0,960.0,4.7923,58.62
338.683,measure,4992.0,960.0,4.7923,58.50
338.783,measure,4992.0,960.0,4.7923,58.78
338.884,measure,4992.0,960.0,4.7923,58.62
338.984,measure,4992.0,960.0,4.7923,58.75
339.084,measure,4992.0,960.0,4.7923,58.69
339.184,measure,4992.0,960.0,4.7923,58.62
339.284,measure,4992.0,960.0,4.7923,58.56
339.384,measure,4992.0,960.0,4.7923,58.62
339.484,measure,4992.0,960.0,4.7923,58.50
339.585,measure,4992.0,960.0,4.7923,58.56
339.685,measure,4992.0,960.0,4.7923,58.47
339.785,measure,4992.0,960.0,4.7923,58.72
339.885,measure,4992.0,960.0,4.7923,58.69
339.985,measure,4992.0,960.0,4.7923,58.56
340.085,measure,4992.0,960.0,4.7923,58.66
340.185,measure,4992.0,960.0,4.7923,58.56
340.286,measure,4992.0,960.0,4.7923,58.56
340.386,measure,4992.0,960.0,4.7923,58.53
340.486,measure,4992.0,960.0,4.7923,58.56
340.586,measure,4992.0,960.0,4.7923,58.47
340.686,measure,4992.0,960.0,4.7923,58.81
340.786,measure,4992.0,960.0,4.7923,58.69
340.886,measure,4992.0,960.0,4.7923,58.62
340.987,measure,4992.0,960.0,4.7923,58.56
341.087,measure,4992.0,960.0,4.7923,58.56
341.187,measure,4992.0,960.0,4.7923,58.56
341.287,measure,4992.0,960.0,4.7923,58.56
341.387,measure,4992.0,960.0,4.7923,58.62
341.487,measure,4992.0,960.0,4.7923,58.50
341.587,measure,4992.0,960.0,4.7923,58.50
341.687,measure,4992.0,960.0,4.7923,58.78
341.788,measure,4992.0,960.0,4.7923,58.66
341.888,measure,4992.0,960.0,4.7923,58.62
341.988,measure,4992.0,968.0,4.8323,58.56
342.088,measure,4992.0,968.0,4.8323,58.56
342.188,measure,4992.0,968.0,4.8323,58.47
342.288,measure,4992.0,968.0,4.8323,58.53
342.388,measure,4992.0,968.0,4.8323,58.44
342.489,measure,4992.0,968.0,4.8323,58.47
342.589,measure,4992.0,968.0,4.8323,58.72
342.689,measure,4992.0,960.0,4.7923,58.72
342.789,measure,4992.0,960.0,4.7923,58.69
342.889,measure,4992.0,960.0,4.7923,58.56
342.989,measure,4992.0,968.0,4.8323,58.59
343.089,measure,4992.0,960.0,4.7923,58.56
343.190,measure,4992.0,960.0,4.7923,58.59
343.290,measure,4992.0,960.0,4.7923,58.50
343.390,measure,4992.0,960.0,4.7923,58.50
343.490,measure,4992.0,960.0,4.7923,58.62
343.590,measure,4992.0,960.0,4.7923,58.69
343.690,measure,4992.0,960.0,4.7923,58.62
343.790,measure,4992.0,960.0,4.7923,58.56
343.891,measure,4992.0,960.0,4.7923,58.56
343.991,measure,4992.0,960.0,4.7923,58.53
344.091,measure,4992.0,960.0,4.7923,58.53
344.191,measure,4992.0,960.0,4.7923,58.50
344.291,measure,4992.0,960.0,4.7923,58.53
344.391,measure,4992.0,960.0,4.7923,58.75
344.491,measure,4992.0,952.0,4.7524,58.59
344.591,measure,4992.0,960.0,4.7923,58.69
344.692,measure,4992.0,960.0,4.7923,58.56
344.792,measure,4992.0,960.0,4.7923,58.59
344.892,measure,4992.0,960.0,4.7923,58.50
344.992,measure,4992.0,960.0,4.7923,58.50
345.092,measure,4992.0,960.0,4.7923,58.56
345.192,measure,4992.0,960.0,4.7923,58.62
345.292,measure,4992.0,960.0,4.7923,58.69
345.393,measure,4992.0,960.0,4.7923,58.62
345.493,measure,4992.0,960.0,4.7923,58.62
345.593,measure,4992.0,960.0,4.7923,58.66
345.693,measure,4992.0,960.0,4.7923,58.59
345.793,measure,4992.0,960.0,4.7923,58.53
345.893,measure,4992.0,952.0,4.7524,58.50
345.993,measure,4992.0,960.0,4.7923,58.50
346.094,measure,4992.0,960.0,4.7923,58.53
346.194,measure,4992.0,960.0,4.7923,58.62
346.294,measure,4992.0,960.0,4.7923,58.69
346.394,measure,4992.0,960.0,4.7923,58.56
346.494,measure,4992.0,952.0,4.7524,58.62
346.594,measure,4992.0,960.0,4.7923,58.56
346.694,measure,4992.0,960.0,4.7923,58.53
346.794,measure,4992.0,960.0,4.7923,58.53
346.895,measure,4992.0,960.0,4.7923,58.44
346.995,measure,4992.0,960.0,4.7923,58.50
347.095,measure,4992.0,960.0,4.7923,58.66
347.195,measure,4992.0,960.0,4.7923,58.62
347.295,measure,4992.0,960.0,4.7923,58.62
347.395,measure,4992.0,960.0,4.7923,58.56
347.495,measure,4992.0,960.0,4.7923,58.59
347.595,measure,4992.0,960.0,4.7923,58.50
347.696,measure,4992.0,960.0,4.7923,58.56
347.796,measure,4992.0,960.0,4.7923,58.50
347.896,measure,4992.0,960.0,4.7923,58.47
347.996,measure,4992.0,960.0,4.7923,58.75
348.096,measure,4992.0,960.0,4.7923,58.69
348.196,measure,4992.0,960.0,4.7923,58.62
348.296,measure,4992.0,960.0,4.7923,58.56
348.396,measure,4992.0,960.0,4.7923,58.53
348.497,measure,4992.0,960.0,4.7923,58.56
348.597,measure,4992.0,960.0,4.7923,58.59
348.697,measure,4992.0,960.0,4.7923,58.56
348.797,measure,4992.0,960.0,4.7923,58.72
348.897,measure,4992.0,960.0,4.7923,58.75
348.997,measure,4992.0,960.0,4.7923,58.75
349.097,measure,4992.0,960.0,4.7923,58.59
349.198,measure,4992.0,960.0,4.7923,58.59
349.298,measure,4992.0,960.0,4.7923,58.50
349.398,measure,4992.0,960.0,4.7923,58.53
349.498,measure,4992.0,960.0,4.7923,58.53
349.598,measure,4992.0,960.0,4.7923,58.50
349.698,measure,4992.0,960.0,4.7923,58.72
349.798,measure,4992.0,960.0,4.7923,58.84
349.898,measure,4992.0,960.0,4.7923,58.72
349.999,measure,4992.0,960.0,4.7923,58.62
350.099,measure,4992.0,960.0,4.7923,58.59
350.199,measure,4992.0,960.0,4.7923,58.53
350.299,measure,4992.0,960.0,4.7923,58.53
350.399,measure,4992.0,960.0,4.7923,58.53
350.499,measure,4992.0,960.0,4.7923,58.59
350.599,measure,4992.0,960.0,4.7923,58.56
350.700,measure,4992.0,960.0,4.7923,58.78
350.800,measure,4992.0,960.0,4.7923,58.72
350.900,measure,4992.0,960.0,4.7923,58.59
351.000,measure,4992.0,960.0,4.7923,58.69
351.100,measure,4992.0,960.0,4.7923,58.59
351.200,measure,4992.0,960.0,4.7923,58.66
351.300,measure,4992.0,960.0,4.7923,58.50
351.400,measure,4992.0,960.0,4.7923,58.47
351.501,measure,4992.0,960.0,4.7923,58.50
351.601,measure,4992.0,960.0,4.7923,58.75
351.701,measure,4992.0,960.0,4.7923,58.72
351.801,measure,4992.0,960.0,4.7923,58.62
351.901,measure,4992.0,960.0,4.7923,58.66
352.001,measure,4992.0,960.0,4.7923,58.56
352.101,measure,4992.0,960.0,4.7923,58.56
352.202,measure,4992.0,960.0,4.7923,58.53
352.302,measure,4992.0,960.0,4.7923,58.50
352.402,measure,4992.0,960.0,4.7923,58.50
352.502,measure,4992.0,960.0,4.7923,58.78
352.602,measure,4992.0,960.0,4.7923,58.72
352.702,measure,4992.0,960.0,4.7923,58.59
352.802,measure,4992.0,960.0,4.7923,58.62
352.903,measure,4992.0,960.0,4.7923,58.62
353.003,measure,4992.0,960.0,4.7923,58.59
353.103,measure,4992.0,960.0,4.7923,58.59
353.203,measure,4992.0,968.0,4.8323,58.53
353.303,measure,4992.0,968.0,4.8323,58.50
353.403,measure,4992.0,968.0,4.8323,58.53
353.503,measure,4992.0,968.0,4.8323,58.72
353.604,measure,4992.0,968.0,4.8323,58.62
353.704,measure,4992.0,968.0,4.8323,58.66
353.804,measure,4992.0,968.0,4.8323,58.56
353.904,measure,4992.0,976.0,4.8722,58.59
354.004,measure,4992.0,976.0,4.8722,58.47
354.104,measure,4992.0,968.0,4.8323,58.50
354.204,measure,4992.0,968.0,4.8323,58.44
354.304,measure,4992.0,968.0,4.8323,58.53
354.405,measure,4992.0,968.0,4.8323,58.62
354.505,measure,4992.0,960.0,4.7923,58.69
354.605,measure,4992.0,968.0,4.8323,58.59
354.705,measure,4992.0,960.0,4.7923,58.62
354.805,measure,4992.0,960.0,4.7923,58.53
354.905,measure,4992.0,960.0,4.7923,58.56
355.005,measure,4992.0,960.0,4.7923,58.50
355.106,measure,4992.0,960.0,4.7923,58.56
355.206,measure,4992.0,960.0,4.7923,58.50
355.306,measure,4992.0,960.0,4.7923,58.88
355.406,measure,4992.0,960.0,4.7923,58.62
355.506,measure,4992.0,960.0,4.7923,58.66
355.606,measure,4992.0,960.0,4.7923,58.72
355.706,measure,4992.0,960.0,4.7923,58.59
355.807,measure,4992.0,960.0,4.7923,58.59
355.907,measure,4992.0,960.0,4.7923,58.53
356.007,measure,4992.0,960.0,4.7923,58.59
356.107,measure,4992.0,960.0,4.7923,58.53
356.207,measure,4992.0,960.0,4.7923,58.53
356.307,measure,4992.0,960.0,4.7923,58.81
356.407,measure,4992.0,960.0,4.7923,58.69
356.508,measure,4992.0,968.0,4.8323,58.69
356.608,measure,4992.0,960.0,4.7923,58.59
356.708,measure,4992.0,960.0,4.7923,58.50
356.808,measure,4992.0,960.0,4.7923,58.59
356.908,measure,4992.0,960.0,4.7923,58.50
357.008,measure,4992.0,960.0,4.7923,58.50
357.108,measure,4992.0,960.0,4.7923,58.47
357.209,measure,4992.0,960.0,4.7923,58.72
357.309,measure,4992.0,960.0,4.7923,58.72
357.409,measure,4992.0,960.0,4.7923,58.59
357.509,measure,4992.0,960.0,4.7923,58.56
357.609,measure,4992.0,960.0,4.7923,58.53
357.709,measure,4992.0,960.0,4.7923,58.56
357.809,measure,4992.0,960.0,4.7923,58.56
357.910,measure,4992.0,960.0,4.7923,58.53
358.010,measure,4992.0,960.0,4.7923,58.75
358.110,measure,4992.0,960.0,4.7923,58.69
358.210,measure,4992.0,960.0,4.7923,58.69
358.310,measure,4992.0,968.0,4.8323,58.66
358.410,measure,4992.0,960.0,4.7923,58.62
358.510,measure,4992.0,960.0,4.7923,58.47
358.611,measure,4992.0,960.0,4.7923,58.50
358.711,measure,4992.0,968.0,4.8323,58.56
358.811,measure,4992.0,968.0,4.8323,58.47
358.911,measure,4992.0,968.0,4.8323,58.69
359.011,measure,4992.0,968.0,4.8323,58.69
359.111,measure,4992.0,960.0,4.7923,58.66
359.211,measure,4992.0,960.0,4.7923,58.59
359.311,measure,4992.0,960.0,4.7923,58.59
359.412,measure,4992.0,960.0,4.7923,58.56
359.512,measure,4992.0,960.0,4.7923,58.66
359.612,measure,4992.0,960.0,4.7923,58.50
359.712,measure,4992.0,960.0,4.7923,58.56
359.812,measure,4992.0,960.0,4.7923,58.72
359.912,measure,4992.0,960.0,4.7923,58.75
360.012,measure,4992.0,960.0,4.7923,58.72
360.113,measure,4992.0,960.0,4.7923,58.66
360.213,measure,4992.0,960.0,4.7923,58.53
360.313,measure,4992.0,960.0,4.7923,58.62
