t_rel_s,phase,mv,ma,watt,temp_max_c
0.000,warmup,4984.0,1000.0,4.9840,59.97
0.100,warmup,4984.0,1000.0,4.9840,59.91
0.200,warmup,4984.0,984.0,4.9043,59.94
0.300,warmup,4984.0,960.0,4.7846,59.84
0.401,warmup,4984.0,960.0,4.7846,59.88
0.501,warmup,4984.0,960.0,4.7846,59.81
0.601,warmup,4984.0,960.0,4.7846,59.84
0.701,warmup,4992.0,960.0,4.7923,60.06
0.801,warmup,4992.0,960.0,4.7923,60.00
0.901,warmup,4992.0,952.0,4.7524,59.91
1.001,warmup,4992.0,952.0,4.7524,59.94
1.101,warmup,4992.0,952.0,4.7524,59.84
1.202,warmup,4992.0,952.0,4.7524,59.81
1.302,warmup,4992.0,960.0,4.7923,59.84
1.402,warmup,4992.0,952.0,4.7524,59.88
1.502,warmup,4992.0,960.0,4.7923,59.91
1.602,warmup,4992.0,960.0,4.7923,60.00
1.702,warmup,4992.0,960.0,4.7923,59.94
1.802,warmup,4992.0,952.0,4.7524,59.94
1.903,warmup,4992.0,960.0,4.7923,59.88
2.003,warmup,4992.0,960.0,4.7923,59.91
2.103,warmup,4992.0,960.0,4.7923,59.91
2.203,warmup,4992.0,960.0,4.7923,59.91
2.303,warmup,4992.0,960.0,4.7923,59.84
2.404,warmup,4984.0,960.0,4.7846,59.81
2.504,warmup,4992.0,960.0,4.7923,59.81
2.604,warmup,4992.0,960.0,4.7923,59.94
2.704,warmup,4984.0,960.0,4.7846,59.97
2.804,warmup,4992.0,960.0,4.7923,59.91
2.904,warmup,4992.0,960.0,4.7923,59.88
3.004,warmup,4992.0,960.0,4.7923,59.91
3.104,warmup,4992.0,960.0,4.7923,59.91
3.205,warmup,4992.0,960.0,4.7923,59.84
3.305,warmup,4984.0,960.0,4.7846,59.84
3.405,warmup,4992.0,960.0,4.7923,59.75
3.505,warmup,4992.0,960.0,4.7923,60.00
3.605,warmup,4992.0,960.0,4.7923,59.97
3.705,warmup,4992.0,960.0,4.7923,59.91
3.806,warmup,4992.0,960.0,4.7923,59.91
3.906,warmup,4992.0,960.0,4.7923,59.91
4.006,warmup,4992.0,960.0,4.7923,59.84
4.106,warmup,4984.0,960.0,4.7846,59.84
4.206,warmup,4984.0,960.0,4.7846,59.75
4.306,warmup,4984.0,960.0,4.7846,59.84
4.406,warmup,4984.0,960.0,4.7846,59.81
4.507,warmup,4984.0,960.0,4.7846,59.97
4.607,warmup,4984.0,960.0,4.7846,59.91
4.707,warmup,4984.0,960.0,4.7846,59.84
4.807,warmup,4984.0,960.0,4.7846,59.91
4.907,warmup,4984.0,968.0,4.8245,59.84
5.007,warmup,4984.0,968.0,4.8245,59.81
5.107,warmup,4984.0,960.0,4.7846,59.75
5.207,warmup,4984.0,960.0,4.7846,59.84
5.308,warmup,4984.0,968.0,4.8245,59.94
5.408,warmup,4984.0,968.0,4.8245,59.97
5.508,warmup,4984.0,968.0,4.8245,59.91
5.608,warmup,4984.0,968.0,4.8245,59.88
5.708,warmup,4984.0,968.0,4.8245,59.81
5.808,warmup,4984.0,968.0,4.8245,59.81
5.909,warmup,4984.0,968.0,4.8245,59.78
6.009,warmup,4984.0,968.0,4.8245,59.75
6.109,warmup,4984.0,968.0,4.8245,59.69
6.209,warmup,4984.0,968.0,4.8245,59.88
6.309,warmup,4984.0,976.0,4.8644,59.91
6.409,warmup,4984.0,976.0,4.8644,59.88
6.509,warmup,4984.0,976.0,4.8644,59.78
6.610,warmup,4984.0,976.0,4.8644,59.78
6.710,warmup,4984.0,976.0,4.8644,59.84
6.810,warmup,4984.0,976.0,4.8644,59.75
6.910,warmup,4984.0,976.0,4.8644,59.78
7.010,warmup,4984.0,976.0,4.8644,59.78
7.110,warmup,4984.0,976.0,4.8644,59.94
7.210,warmup,4984.0,976.0,4.8644,59.91
7.310,warmup,4984.0,976.0,4.8644,59.91
7.411,warmup,4984.0,976.0,4.8644,59.84
7.511,warmup,4984.0,976.0,4.8644,59.78
7.611,warmup,4984.0,976.0,4.8644,59.81
7.711,warmup,4984.0,976.0,4.8644,59.84
7.811,warmup,4984.0,976.0,4.8644,59.81
7.911,warmup,4984.0,976.0,4.8644,59.97
8.011,warmup,4984.0,976.0,4.8644,59.94
8.112,warmup,4984.0,976.0,4.8644,59.94
8.212,warmup,4984.0,976.0,4.8644,59.81
8.312,warmup,4984.0,976.0,4.8644,59.91
8.412,warmup,4984.0,976.0,4.8644,59.81
8.512,warmup,4984.0,976.0,4.8644,59.72
8.612,warmup,4984.0,976.0,4.8644,59.84
8.712,warmup,4984.0,976.0,4.8644,59.78
8.813,warmup,4984.0,976.0,4.8644,59.72
8.913,warmup,4984.0,976.0,4.8644,59.97
9.013,warmup,4984.0,976.0,4.8644,59.97
9.113,warmup,4984.0,976.0,4.8644,60.03
9.213,warmup,4984.0,976.0,4.8644,59.84
9.313,warmup,4984.0,976.0,4.8644,59.84
9.413,warmup,4984.0,984.0,4.9043,59.78
9.513,warmup,4984.0,984.0,4.9043,59.81
9.614,warmup,4984.0,984.0,4.9043,59.72
9.714,warmup,4984.0,984.0,4.9043,59.94
9.814,warmup,4984.0,984.0,4.9043,59.97
9.914,warmup,4984.0,984.0,4.9043,60.00
10.014,warmup,4984.0,984.0,4.9043,59.88
10.114,warmup,4984.0,992.0,4.9441,59.91
10.214,warmup,4984.0,992.0,4.9441,59.84
10.315,warmup,4984.0,992.0,4.9441,59.84
10.415,warmup,4984.0,992.0,4.9441,59.88
10.515,warmup,4984.0,992.0,4.9441,59.75
10.615,warmup,4984.0,992.0,4.9441,59.84
10.715,warmup,4984.0,992.0,4.9441,60.03
10.815,warmup,4984.0,992.0,4.9441,60.03
10.915,warmup,4984.0,992.0,4.9441,59.91
11.015,warmup,4984.0,984.0,4.9043,59.88
11.116,warmup,4984.0,984.0,4.9043,59.84
11.216,warmup,4984.0,984.0,4.9043,59.81
11.316,warmup,4984.0,984.0,4.9043,59.72
11.416,warmup,4984.0,976.0,4.8644,59.72
11.516,warmup,4984.0,976.0,4.8644,59.78
11.616,warmup,4984.0,976.0,4.8644,60.03
11.716,warmup,4984.0,976.0,4.8644,59.97
11.816,warmup,4984.0,976.0,4.8644,59.88
11.917,warmup,4984.0,976.0,4.8644,59.91
12.017,warmup,4984.0,976.0,4.8644,59.84
12.117,warmup,4984.0,976.0,4.8644,59.81
12.217,warmup,4984.0,976.0,4.8644,59.72
12.317,warmup,4984.0,976.0,4.8644,59.72
12.417,warmup,4984.0,976.0,4.8644,59.75
12.517,warmup,4984.0,976.0,4.8644,60.03
12.618,warmup,4984.0,976.0,4.8644,60.00
12.718,warmup,4984.0,976.0,4.8644,59.91
12.818,warmup,4984.0,976.0,4.8644,59.88
12.918,warmup,4984.0,976.0,4.8644,59.78
13.018,warmup,4984.0,976.0,4.8644,59.81
13.118,warmup,4984.0,976.0,4.8644,59.81
13.218,warmup,4984.0,976.0,4.8644,59.78
13.318,warmup,4984.0,976.0,4.8644,59.72
13.419,warmup,4984.0,976.0,4.8644,59.69
13.519,warmup,4984.0,976.0,4.8644,60.03
13.619,warmup,4984.0,976.0,4.8644,59.94
13.719,warmup,4984.0,976.0,4.8644,59.78
13.819,warmup,4984.0,976.0,4.8644,59.75
13.919,warmup,4984.0,976.0,4.8644,59.81
14.019,warmup,4984.0,976.0,4.8644,59.78
14.119,warmup,4984.0,976.0,4.8644,59.84
14.220,warmup,4984.0,976.0,4.8644,59.84
14.320,warmup,4984.0,976.0,4.8644,59.69
14.420,warmup,4984.0,976.0,4.8644,59.97
14.520,warmup,4984.0,976.0,4.8644,59.91
14.620,warmup,4984.0,976.0,4.8644,59.88
14.720,warmup,4984.0,976.0,4.8644,59.78
14.820,warmup,4984.0,976.0,4.8644,59.78
14.921,warmup,4984.0,976.0,4.8644,59.81
15.021,warmup,4984.0,976.0,4.8644,59.75
15.121,warmup,4984.0,976.0,4.8644,59.78
15.221,warmup,4984.0,976.0,4.8644,59.66
15.321,warmup,4984.0,976.0,4.8644,59.72
15.421,warmup,4984.0,976.0,4.8644,59.94
15.521,warmup,4984.0,976.0,4.8644,59.84
15.622,warmup,4984.0,976.0,4.8644,59.88
15.722,warmup,4984.0,976.0,4.8644,59.72
15.822,warmup,4984.0,976.0,4.8644,59.88
15.922,warmup,4984.0,976.0,4.8644,59.78
16.022,warmup,4984.0,976.0,4.8644,59.81
16.122,warmup,4984.0,976.0,4.8644,59.72
16.222,warmup,4984.0,976.0,4.8644,59.69
16.323,warmup,4984.0,976.0,4.8644,59.88
16.423,warmup,4984.0,976.0,4.8644,59.84
16.523,warmup,4984.0,976.0,4.8644,59.88
16.623,warmup,4984.0,976.0,4.8644,59.72
16.723,warmup,4984.0,976.0,4.8644,59.91
16.823,warmup,4984.0,976.0,4.8644,59.72
16.923,warmup,4984.0,976.0,4.8644,59.72
17.024,warmup,4984.0,968.0,4.8245,59.72
17.124,warmup,4984.0,968.0,4.8245,59.75
17.224,warmup,4984.0,968.0,4.8245,59.84
17.324,warmup,4984.0,968.0,4.8245,59.84
17.424,warmup,4984.0,968.0,4.8245,59.84
17.524,warmup,4984.0,968.0,4.8245,59.75
17.624,warmup,4984.0,968.0,4.8245,59.88
17.725,warmup,4984.0,968.0,4.8245,59.72
17.825,warmup,4984.0,968.0,4.8245,59.81
17.925,warmup,4984.0,968.0,4.8245,59.75
18.025,warmup,4984.0,968.0,4.8245,59.69
18.125,warmup,4984.0,968.0,4.8245,59.91
18.225,warmup,4984.0,968.0,4.8245,59.88
18.325,warmup,4984.0,968.0,4.8245,59.88
18.426,warmup,4984.0,968.0,4.8245,59.78
18.526,warmup,4984.0,968.0,4.8245,59.81
18.626,warmup,4984.0,968.0,4.8245,59.75
18.726,warmup,4984.0,968.0,4.8245,59.78
18.826,warmup,4984.0,960.0,4.7846,59.72
18.926,warmup,4984.0,960.0,4.7846,59.59
19.026,warmup,4984.0,960.0,4.7846,59.91
19.127,warmup,4984.0,960.0,4.7846,59.78
19.227,warmup,4984.0,960.0,4.7846,59.84
19.327,warmup,4984.0,960.0,4.7846,59.72
19.427,warmup,4984.0,960.0,4.7846,59.81
19.527,warmup,4984.0,960.0,4.7846,59.78
19.627,warmup,4984.0,960.0,4.7846,59.78
19.727,warmup,4984.0,960.0,4.7846,59.69
19.828,warmup,4984.0,960.0,4.7846,59.66
19.928,warmup,4984.0,960.0,4.7846,59.91
20.028,warmup,4984.0,960.0,4.7846,59.84
20.128,warmup,4984.0,960.0,4.7846,59.84
20.228,warmup,4984.0,960.0,4.7846,59.78
20.328,warmup,4984.0,960.0,4.7846,59.81
20.428,warmup,4992.0,960.0,4.7923,59.69
20.529,warmup,4992.0,960.0,4.7923,59.75
20.629,warmup,4992.0,960.0,4.7923,59.75
20.729,warmup,4984.0,960.0,4.7846,59.72
20.829,warmup,4984.0,960.0,4.7846,59.91
20.929,warmup,4984.0,960.0,4.7846,59.91
21.029,warmup,4992.0,960.0,4.7923,59.88
21.129,warmup,4992.0,960.0,4.7923,59.75
21.230,warmup,4992.0,960.0,4.7923,59.69
21.330,warmup,4992.0,960.0,4.7923,59.72
21.430,warmup,4992.0,960.0,4.7923,59.75
21.530,warmup,4992.0,960.0,4.7923,59.72
21.630,warmup,4992.0,960.0,4.7923,59.94
21.730,warmup,4992.0,960.0,4.7923,59.91
21.830,warmup,4992.0,960.0,4.7923,59.91
21.931,warmup,4992.0,960.0,4.7923,59.84
22.031,warmup,4992.0,960.0,4.7923,59.78
22.131,warmup,4984.0,960.0,4.7846,59.72
22.231,warmup,4984.0,960.0,4.7846,59.75
22.331,warmup,4984.0,968.0,4.8245,59.75
22.431,warmup,4984.0,968.0,4.8245,59.78
22.531,warmup,4984.0,968.0,4.8245,59.91
22.632,warmup,4984.0,968.0,4.8245,59.88
22.732,warmup,4984.0,968.0,4.8245,59.94
22.832,warmup,4984.0,968.0,4.8245,59.84
22.932,warmup,4984.0,968.0,4.8245,59.81
23.032,warmup,4984.0,968.0,4.8245,59.69
23.132,warmup,4984.0,968.0,4.8245,59.78
23.232,warmup,4984.0,968.0,4.8245,59.75
23.332,warmup,4984.0,968.0,4.8245,59.66
23.433,warmup,4984.0,968.0,4.8245,59.94
23.533,warmup,4984.0,968.0,4.8245,59.91
23.633,warmup,4984.0,968.0,4.8245,59.88
23.733,warmup,4984.0,968.0,4.8245,59.75
23.833,warmup,4984.0,968.0,4.8245,59.75
23.933,warmup,4984.0,968.0,4.8245,59.72
24.033,warmup,4984.0,968.0,4.8245,59.75
24.134,warmup,4984.0,968.0,4.8245,59.69
24.234,warmup,4984.0,968.0,4.8245,59.69
24.334,warmup,4984.0,968.0,4.8245,59.75
24.434,warmup,4984.0,968.0,4.8245,59.84
24.534,warmup,4984.0,968.0,4.8245,59.91
24.634,warmup,4992.0,968.0,4.8323,59.75
24.735,warmup,4984.0,968.0,4.8245,59.81
24.835,warmup,4984.0,968.0,4.8245,59.78
24.935,warmup,4992.0,968.0,4.8323,59.75
25.036,warmup,4992.0,968.0,4.8323,59.75
25.136,warmup,4992.0,968.0,4.8323,59.72
25.236,warmup,4992.0,968.0,4.8323,59.69
25.337,warmup,4984.0,968.0,4.8245,59.69
25.437,warmup,4984.0,968.0,4.8245,59.91
25.537,warmup,4984.0,968.0,4.8245,59.84
25.637,warmup,4984.0,968.0,4.8245,59.81
25.737,warmup,4984.0,968.0,4.8245,59.78
25.837,warmup,4984.0,968.0,4.8245,59.72
25.937,warmup,4984.0,968.0,4.8245,59.72
26.038,warmup,4984.0,968.0,4.8245,59.75
26.138,warmup,4984.0,968.0,4.8245,59.66
26.238,warmup,4984.0,968.0,4.8245,59.62
26.338,warmup,4984.0,976.0,4.8644,59.84
26.438,warmup,4984.0,976.0,4.8644,59.84
26.538,warmup,4984.0,976.0,4.8644,59.78
26.638,warmup,4984.0,976.0,4.8644,59.75
26.738,warmup,4984.0,976.0,4.8644,59.75
26.839,warmup,4984.0,976.0,4.8644,59.62
26.939,warmup,4984.0,984.0,4.9043,59.66
27.039,warmup,4984.0,984.0,4.9043,59.72
27.139,warmup,4984.0,984.0,4.9043,59.72
27.239,warmup,4984.0,984.0,4.9043,59.88
27.339,warmup,4984.0,984.0,4.9043,59.81
27.439,warmup,4984.0,984.0,4.9043,59.81
27.540,warmup,4984.0,984.0,4.9043,59.81
27.640,warmup,4984.0,976.0,4.8644,59.72
27.740,warmup,4984.0,976.0,4.8644,59.75
27.840,warmup,4984.0,976.0,4.8644,59.69
27.940,warmup,4984.0,976.0,4.8644,59.75
28.040,warmup,4984.0,976.0,4.8644,59.66
28.140,warmup,4984.0,976.0,4.8644,59.91
28.241,warmup,4984.0,976.0,4.8644,59.88
28.341,warmup,4984.0,968.0,4.8245,59.81
28.441,warmup,4984.0,968.0,4.8245,59.84
28.541,warmup,4984.0,968.0,4.8245,59.81
28.641,warmup,4984.0,968.0,4.8245,59.72
28.741,warmup,4984.0,968.0,4.8245,59.69
28.841,warmup,4984.0,968.0,4.8245,59.66
28.941,warmup,4984.0,968.0,4.8245,59.62
29.042,warmup,4984.0,968.0,4.8245,59.62
29.142,warmup,4984.0,968.0,4.8245,59.91
29.242,warmup,4984.0,968.0,4.8245,59.81
29.342,warmup,4984.0,968.0,4.8245,59.75
29.442,warmup,4984.0,968.0,4.8245,59.75
29.542,warmup,4984.0,968.0,4.8245,59.69
29.643,warmup,4984.0,968.0,4.8245,59.75
29.743,warmup,4984.0,968.0,4.8245,59.72
29.843,warmup,4984.0,968.0,4.8245,59.69
29.943,warmup,4984.0,968.0,4.8245,59.59
30.043,warmup,4984.0,968.0,4.8245,59.91
30.143,warmup,4984.0,968.0,4.8245,59.91
30.243,warmup,4984.0,968.0,4.8245,59.78
30.343,warmup,4984.0,968.0,4.8245,59.75
30.444,warmup,4984.0,968.0,4.8245,59.75
30.544,warmup,4984.0,968.0,4.8245,59.66
30.644,warmup,4984.0,968.0,4.8245,59.59
30.744,warmup,4984.0,968.0,4.8245,59.66
30.844,warmup,4984.0,968.0,4.8245,59.56
30.944,warmup,4984.0,968.0,4.8245,59.88
31.044,warmup,4984.0,968.0,4.8245,59.88
31.145,warmup,4984.0,968.0,4.8245,59.72
31.245,warmup,4984.0,968.0,4.8245,59.78
31.345,warmup,4984.0,968.0,4.8245,59.66
31.445,warmup,4984.0,968.0,4.8245,59.72
31.545,warmup,4984.0,968.0,4.8245,59.62
31.645,warmup,4984.0,968.0,4.8245,59.72
31.745,warmup,4984.0,968.0,4.8245,59.59
31.846,warmup,4984.0,968.0,4.8245,59.59
31.946,warmup,4984.0,968.0,4.8245,59.72
32.046,warmup,4984.0,968.0,4.8245,59.75
32.146,warmup,4984.0,968.0,4.8245,59.66
32.246,warmup,4984.0,968.0,4.8245,59.69
32.346,warmup,4984.0,968.0,4.8245,59.66
32.446,warmup,4984.0,968.0,4.8245,59.59
32.547,warmup,4984.0,968.0,4.8245,59.66
32.647,warmup,4984.0,968.0,4.8245,59.69
32.747,warmup,4984.0,968.0,4.8245,59.66
32.847,warmup,4984.0,968.0,4.8245,59.78
32.947,warmup,4984.0,968.0,4.8245,59.78
33.047,warmup,4984.0,968.0,4.8245,59.75
33.147,warmup,4984.0,968.0,4.8245,59.66
33.247,warmup,4984.0,968.0,4.8245,59.72
33.348,warmup,4984.0,960.0,4.7846,59.66
33.448,warmup,4984.0,960.0,4.7846,59.62
33.548,warmup,4984.0,960.0,4.7846,59.59
33.648,warmup,4984.0,960.0,4.7846,59.56
33.748,warmup,4984.0,960.0,4.7846,59.78
33.848,warmup,4984.0,960.0,4.7846,59.81
33.948,warmup,4984.0,960.0,4.7846,59.81
34.049,warmup,4984.0,968.0,4.8245,59.66
34.149,warmup,4984.0,960.0,4.7846,59.59
34.249,warmup,4984.0,960.0,4.7846,59.59
34.349,warmup,4984.0,960.0,4.7846,59.56
34.449,warmup,4984.0,960.0,4.7846,59.62
34.549,warmup,4984.0,960.0,4.7846,59.62
34.649,warmup,4984.0,960.0,4.7846,59.78
34.750,warmup,4984.0,960.0,4.7846,59.72
34.850,warmup,4984.0,960.0,4.7846,59.69
34.950,warmup,4984.0,960.0,4.7846,59.69
35.050,warmup,4984.0,960.0,4.7846,59.62
35.150,warmup,4984.0,960.0,4.7846,59.62
35.250,warmup,4984.0,960.0,4.7846,59.62
35.350,warmup,4984.0,960.0,4.7846,59.62
35.450,warmup,4984.0,960.0,4.7846,59.81
35.551,warmup,4984.0,960.0,4.7846,59.78
35.651,warmup,4984.0,960.0,4.7846,59.78
35.751,warmup,4984.0,960.0,4.7846,59.72
35.851,warmup,4984.0,960.0,4.7846,59.72
35.951,warmup,4984.0,960.0,4.7846,59.69
36.051,warmup,4984.0,960.0,4.7846,59.56
36.151,warmup,4984.0,960.0,4.7846,59.56
36.252,warmup,4984.0,960.0,4.7846,59.50
36.352,warmup,4984.0,960.0,4.7846,59.81
36.452,warmup,4984.0,960.0,4.7846,59.81
36.552,warmup,4984.0,960.0,4.7846,59.78
36.652,warmup,4984.0,960.0,4.7846,59.66
36.752,warmup,4984.0,960.0,4.7846,59.69
36.852,warmup,4984.0,960.0,4.7846,59.59
36.953,warmup,4984.0,960.0,4.7846,59.56
37.053,warmup,4984.0,960.0,4.7846,59.59
37.153,warmup,4984.0,960.0,4.7846,59.62
37.253,warmup,4984.0,960.0,4.7846,59.91
37.353,warmup,4984.0,960.0,4.7846,59.78
37.453,warmup,4984.0,960.0,4.7846,59.78
37.553,warmup,4984.0,960.0,4.7846,59.69
37.653,warmup,4984.0,960.0,4.7846,59.69
37.754,warmup,4984.0,960.0,4.7846,59.59
37.854,warmup,4984.0,960.0,4.7846,59.66
37.954,warmup,4992.0,960.0,4.7923,59.53
38.054,warmup,4984.0,960.0,4.7846,59.69
38.154,warmup,4984.0,960.0,4.7846,59.56
38.254,warmup,4984.0,960.0,4.7846,59.78
38.354,warmup,4984.0,960.0,4.7846,59.78
38.455,warmup,4984.0,960.0,4.7846,59.69
38.555,warmup,4984.0,960.0,4.7846,59.69
38.655,warmup,4984.0,960.0,4.7846,59.69
38.755,warmup,4984.0,960.0,4.7846,59.59
38.855,warmup,4984.0,960.0,4.7846,59.62
38.955,warmup,4984.0,968.0,4.8245,59.66
39.055,warmup,4984.0,968.0,4.8245,59.84
39.155,warmup,4984.0,968.0,4.8245,59.78
39.256,warmup,4984.0,968.0,4.8245,59.75
39.356,warmup,4984.0,968.0,4.8245,59.75
39.456,warmup,4984.0,968.0,4.8245,59.62
39.556,warmup,4984.0,968.0,4.8245,59.59
39.656,warmup,4984.0,968.0,4.8245,59.66
39.756,warmup,4984.0,968.0,4.8245,59.62
39.856,warmup,4984.0,968.0,4.8245,59.62
39.957,warmup,4984.0,968.0,4.8245,59.81
40.057,warmup,4984.0,968.0,4.8245,59.88
40.157,warmup,4984.0,968.0,4.8245,59.72
40.257,warmup,4984.0,968.0,4.8245,59.66
40.357,warmup,4984.0,968.0,4.8245,59.66
40.457,warmup,4984.0,968.0,4.8245,59.62
40.557,warmup,4984.0,968.0,4.8245,59.62
40.657,warmup,4984.0,960.0,4.7846,59.59
40.758,warmup,4984.0,960.0,4.7846,59.59
40.858,warmup,4984.0,960.0,4.7846,59.69
40.958,warmup,4984.0,960.0,4.7846,59.84
41.058,warmup,4984.0,960.0,4.7846,59.78
41.158,warmup,4984.0,968.0,4.8245,59.69
41.258,warmup,4984.0,968.0,4.8245,59.69
41.358,warmup,4984.0,968.0,4.8245,59.66
41.459,warmup,4984.0,968.0,4.8245,59.62
41.559,warmup,4984.0,968.0,4.8245,59.62
41.659,warmup,4984.0,960.0,4.7846,59.62
41.759,warmup,4984.0,968.0,4.8245,59.56
41.859,warmup,4984.0,968.0,4.8245,59.88
41.959,warmup,4984.0,968.0,4.8245,59.69
42.059,warmup,4984.0,968.0,4.8245,59.66
42.160,warmup,4984.0,968.0,4.8245,59.59
42.260,warmup,4984.0,968.0,4.8245,59.59
42.360,warmup,4984.0,968.0,4.8245,59.62
42.460,warmup,4984.0,968.0,4.8245,59.59
42.560,warmup,4984.0,968.0,4.8245,59.56
42.660,warmup,4984.0,968.0,4.8245,59.62
42.760,warmup,4984.0,968.0,4.8245,59.75
42.861,warmup,4984.0,968.0,4.8245,59.78
42.961,warmup,4984.0,968.0,4.8245,59.69
43.061,warmup,4984.0,968.0,4.8245,59.69
43.161,warmup,4984.0,968.0,4.8245,59.59
43.261,warmup,4984.0,976.0,4.8644,59.59
43.361,warmup,4984.0,976.0,4.8644,59.62
43.461,warmup,4984.0,976.0,4.8644,59.62
43.561,warmup,4984.0,976.0,4.8644,59.56
43.662,warmup,4984.0,976.0,4.8644,59.53
43.762,warmup,4984.0,976.0,4.8644,59.75
43.862,warmup,4984.0,976.0,4.8644,59.66
43.962,warmup,4984.0,976.0,4.8644,59.66
44.062,warmup,4984.0,976.0,4.8644,59.66
44.162,warmup,4984.0,976.0,4.8644,59.62
44.262,warmup,4984.0,976.0,4.8644,59.59
44.363,warmup,4984.0,976.0,4.8644,59.53
44.463,warmup,4984.0,968.0,4.8245,59.59
44.563,warmup,4984.0,968.0,4.8245,59.50
44.663,warmup,4984.0,968.0,4.8245,59.78
44.763,warmup,4984.0,968.0,4.8245,59.66
44.863,warmup,4984.0,968.0,4.8245,59.62
44.963,warmup,4984.0,968.0,4.8245,59.56
45.063,warmup,4984.0,968.0,4.8245,59.62
45.164,warmup,4984.0,968.0,4.8245,59.53
45.264,warmup,4984.0,968.0,4.8245,59.56
45.364,warmup,4984.0,968.0,4.8245,59.50
45.464,warmup,4984.0,960.0,4.7846,59.56
45.564,warmup,4984.0,960.0,4.7846,59.59
45.664,warmup,4984.0,960.0,4.7846,59.62
45.764,warmup,4984.0,960.0,4.7846,59.62
45.865,warmup,4984.0,960.0,4.7846,59.62
45.965,warmup,4984.0,960.0,4.7846,59.62
46.065,warmup,4984.0,960.0,4.7846,59.69
46.165,warmup,4984.0,960.0,4.7846,59.62
46.265,warmup,4984.0,960.0,4.7846,59.53
46.365,warmup,4984.0,968.0,4.8245,59.53
46.465,warmup,4984.0,968.0,4.8245,59.69
46.565,warmup,4984.0,968.0,4.8245,59.69
46.666,warmup,4984.0,968.0,4.8245,59.72
46.766,warmup,4984.0,960.0,4.7846,59.62
46.866,warmup,4984.0,960.0,4.7846,59.50
46.966,warmup,4984.0,960.0,4.7846,59.53
47.066,warmup,4984.0,960.0,4.7846,59.53
47.166,warmup,4984.0,960.0,4.7846,59.50
47.266,warmup,4984.0,960.0,4.7846,59.50
47.367,warmup,4984.0,960.0,4.7846,59.53
47.467,warmup,4984.0,960.0,4.7846,59.69
47.567,warmup,4984.0,960.0,4.7846,59.69
47.667,warmup,4984.0,960.0,4.7846,59.56
47.767,warmup,4984.0,960.0,4.7846,59.62
47.867,warmup,4984.0,960.0,4.7846,59.53
47.967,warmup,4984.0,960.0,4.7846,59.59
48.067,warmup,4984.0,960.0,4.7846,59.53
48.168,warmup,4984.0,960.0,4.7846,59.53
48.268,warmup,4984.0,960.0,4.7846,59.66
48.368,warmup,4984.0,968.0,4.8245,59.72
48.468,warmup,4984.0,960.0,4.7846,59.75
48.568,warmup,4984.0,960.0,4.7846,59.62
48.668,warmup,4984.0,960.0,4.7846,59.59
48.768,warmup,4984.0,960.0,4.7846,59.56
48.869,warmup,4984.0,960.0,4.7846,59.53
48.969,warmup,4984.0,968.0,4.8245,59.53
49.069,warmup,4984.0,960.0,4.7846,59.53
49.169,warmup,4984.0,960.0,4.7846,59.69
49.269,warmup,4984.0,960.0,4.7846,59.66
49.369,warmup,4992.0,960.0,4.7923,59.66
49.469,warmup,4992.0,960.0,4.7923,59.62
49.569,warmup,4992.0,960.0,4.7923,59.62
49.670,warmup,4992.0,960.0,4.7923,59.56
49.770,warmup,4992.0,960.0,4.7923,59.53
49.870,warmup,4992.0,960.0,4.7923,59.56
49.970,warmup,4992.0,960.0,4.7923,59.47
50.070,warmup,4992.0,960.0,4.7923,59.81
50.170,warmup,4992.0,960.0,4.7923,59.72
50.271,warmup,4992.0,960.0,4.7923,59.53
50.371,warmup,4984.0,960.0,4.7846,59.66
50.471,warmup,4992.0,960.0,4.7923,59.59
50.571,warmup,4992.0,960.0,4.7923,59.50
50.671,warmup,4992.0,960.0,4.7923,59.50
50.771,warmup,4992.0,960.0,4.7923,59.59
50.871,warmup,4984.0,960.0,4.7846,59.50
50.971,warmup,4984.0,960.0,4.7846,59.78
51.072,warmup,4992.0,960.0,4.7923,59.72
51.172,warmup,4992.0,960.0,4.7923,59.59
51.272,warmup,4984.0,960.0,4.7846,59.62
51.372,warmup,4984.0,960.0,4.7846,59.66
51.472,warmup,4984.0,960.0,4.7846,59.53
51.572,warmup,4984.0,960.0,4.7846,59.53
51.672,warmup,4992.0,960.0,4.7923,59.53
51.773,warmup,4992.0,960.0,4.7923,59.50
51.873,warmup,4984.0,960.0,4.7846,59.66
51.973,warmup,4984.0,960.0,4.7846,59.75
52.073,warmup,4984.0,960.0,4.7846,59.66
52.173,warmup,4992.0,960.0,4.7923,59.56
52.273,warmup,4984.0,960.0,4.7846,59.56
52.373,warmup,4984.0,960.0,4.7846,59.53
52.473,warmup,4984.0,960.0,4.7846,59.56
52.574,warmup,4992.0,960.0,4.7923,59.47
52.674,warmup,4992.0,960.0,4.7923,59.50
52.774,warmup,4984.0,960.0,4.7846,59.81
52.874,warmup,4984.0,960.0,4.7846,59.75
52.974,warmup,4984.0,960.0,4.7846,59.59
53.074,warmup,4984.0,960.0,4.7846,59.59
53.174,warmup,4984.0,960.0,4.7846,59.59
53.274,warmup,4984.0,960.0,4.7846,59.56
53.375,warmup,4984.0,960.0,4.7846,59.53
53.475,warmup,4984.0,960.0,4.7846,59.56
53.575,warmup,4984.0,960.0,4.7846,59.56
53.675,warmup,4984.0,960.0,4.7846,59.75
53.775,warmup,4984.0,960.0,4.7846,59.78
53.875,warmup,4984.0,960.0,4.7846,59.62
53.975,warmup,4984.0,960.0,4.7846,59.62
54.076,warmup,4984.0,960.0,4.7846,59.59
54.176,warmup,4984.0,960.0,4.7846,59.47
54.276,warmup,4984.0,960.0,4.7846,59.56
54.376,warmup,4984.0,960.0,4.7846,59.53
54.476,warmup,4984.0,968.0,4.8245,59.59
54.576,warmup,4984.0,968.0,4.8245,59.50
54.676,warmup,4984.0,968.0,4.8245,59.75
54.777,warmup,4984.0,968.0,4.8245,59.59
54.877,warmup,4984.0,968.0,4.8245,59.62
54.977,warmup,4984.0,968.0,4.8245,59.59
55.077,warmup,4984.0,968.0,4.8245,59.62
55.177,warmup,4984.0,968.0,4.8245,59.56
55.277,warmup,4984.0,968.0,4.8245,59.50
55.377,warmup,4984.0,968.0,4.8245,59.53
55.477,warmup,4984.0,968.0,4.8245,59.50
55.578,warmup,4984.0,968.0,4.8245,59.78
55.678,warmup,4984.0,968.0,4.8245,59.62
55.778,warmup,4984.0,968.0,4.8245,59.62
55.878,warmup,4984.0,968.0,4.8245,59.56
55.978,warmup,4984.0,968.0,4.8245,59.53
56.078,warmup,4984.0,968.0,4.8245,59.59
56.179,warmup,4984.0,968.0,4.8245,59.53
56.279,warmup,4984.0,968.0,4.8245,59.53
56.379,warmup,4984.0,968.0,4.8245,59.50
56.479,warmup,4984.0,968.0,4.8245,59.78
56.579,warmup,4984.0,968.0,4.8245,59.59
56.679,warmup,4984.0,968.0,4.8245,59.62
56.779,warmup,4984.0,968.0,4.8245,59.50
56.879,warmup,4984.0,968.0,4.8245,59.56
56.980,warmup,4984.0,968.0,4.8245,59.50
57.080,warmup,4984.0,968.0,4.8245,59.50
57.180,warmup,4984.0,968.0,4.8245,59.50
57.280,warmup,4984.0,968.0,4.8245,59.56
57.380,warmup,4984.0,968.0,4.8245,59.53
57.480,warmup,4984.0,968.0,4.8245,59.59
57.580,warmup,4984.0,968.0,4.8245,59.66
57.681,warmup,4984.0,968.0,4.8245,59.59
57.781,warmup,4984.0,968.0,4.8245,59.56
57.881,warmup,4984.0,968.0,4.8245,59.53
57.981,warmup,4984.0,968.0,4.8245,59.59
58.081,warmup,4984.0,968.0,4.8245,59.53
58.181,warmup,4984.0,968.0,4.8245,59.53
58.281,warmup,4984.0,968.0,4.8245,59.47
58.382,warmup,4984.0,968.0,4.8245,59.75
58.482,warmup,4984.0,968.0,4.8245,59.56
58.582,warmup,4984.0,968.0,4.8245,59.59
58.682,warmup,4984.0,968.0,4.8245,59.53
58.782,warmup,4984.0,968.0,4.8245,59.50
58.882,warmup,4984.0,968.0,4.8245,59.56
58.982,warmup,4984.0,968.0,4.8245,59.56
59.082,warmup,4984.0,968.0,4.8245,59.47
59.183,warmup,4984.0,968.0,4.8245,59.44
59.283,warmup,4984.0,968.0,4.8245,59.44
59.383,warmup,4984.0,968.0,4.8245,59.69
59.483,warmup,4984.0,968.0,4.8245,59.59
59.583,warmup,4984.0,968.0,4.8245,59.59
59.683,warmup,4984.0,968.0,4.8245,59.56
59.784,warmup,4984.0,968.0,4.8245,59.56
59.884,warmup,4984.0,968.0,4.8245,59.47
59.984,warmup,4984.0,976.0,4.8644,59.50
60.084,warmup,4984.0,976.0,4.8644,59.44
60.184,warmup,4984.0,976.0,4.8644,59.59
60.284,warmup,4984.0,976.0,4.8644,59.66
60.384,measure,4984.0,976.0,4.8644,59.56
60.484,measure,4984.0,976.0,4.8644,59.56
60.585,measure,4984.0,968.0,4.8245,59.56
60.685,measure,4984.0,968.0,4.8245,59.50
60.785,measure,4984.0,968.0,4.8245,59.56
60.885,measure,4984.0,968.0,4.8245,59.59
60.985,measure,4984.0,968.0,4.8245,59.50
61.085,measure,4984.0,968.0,4.8245,59.62
61.185,measure,4984.0,968.0,4.8245,59.66
61.286,measure,4984.0,968.0,4.8245,59.62
61.386,measure,4984.0,960.0,4.7846,59.56
61.486,measure,4984.0,960.0,4.7846,59.56
61.586,measure,4984.0,960.0,4.7846,59.53
61.686,measure,4984.0,960.0,4.7846,59.50
61.786,measure,4984.0,960.0,4.7846,59.50
61.886,measure,4984.0,960.0,4.7846,59.47
61.987,measure,4984.0,960.0,4.7846,59.66
62.087,measure,4984.0,960.0,4.7846,59.59
62.187,measure,4984.0,960.0,4.7846,59.53
62.287,measure,4984.0,960.0,4.7846,59.62
62.387,measure,4984.0,960.0,4.7846,59.53
62.487,measure,4992.0,960.0,4.7923,59.44
62.587,measure,4992.0,960.0,4.7923,59.59
62.687,measure,4984.0,960.0,4.7846,59.50
62.788,measure,4992.0,960.0,4.7923,59.75
62.888,measure,4992.0,960.0,4.7923,59.66
62.988,measure,4992.0,960.0,4.7923,59.66
63.088,measure,4992.0,960.0,4.7923,59.62
63.188,measure,4992.0,960.0,4.7923,59.59
63.288,measure,4984.0,960.0,4.7846,59.53
63.388,measure,4984.0,960.0,4.7846,59.50
63.488,measure,4992.0,960.0,4.7923,59.50
63.589,measure,4984.0,960.0,4.7846,59.41
63.689,measure,4984.0,960.0,4.7846,59.44
63.789,measure,4984.0,960.0,4.7846,59.69
63.889,measure,4984.0,960.0,4.7846,59.78
63.989,measure,4984.0,960.0,4.7846,59.53
64.089,measure,4992.0,960.0,4.7923,59.59
64.189,measure,4992.0,960.0,4.7923,59.56
64.290,measure,4992.0,960.0,4.7923,59.50
64.390,measure,4992.0,960.0,4.7923,59.50
64.490,measure,4992.0,960.0,4.7923,59.53
64.590,measure,4992.0,960.0,4.7923,59.69
64.690,measure,4992.0,960.0,4.7923,59.66
64.790,measure,4984.0,960.0,4.7846,59.69
64.890,measure,4984.0,960.0,4.7846,59.50
64.990,measure,4984.0,960.0,4.7846,59.56
65.091,measure,4984.0,960.0,4.7846,59.56
65.191,measure,4984.0,960.0,4.7846,59.44
65.291,measure,4984.0,960.0,4.7846,59.47
65.391,measure,4984.0,960.0,4.7846,59.50
65.491,measure,4984.0,960.0,4.7846,59.66
65.591,measure,4984.0,960.0,4.7846,59.69
65.691,measure,4984.0,960.0,4.7846,59.66
65.791,measure,4984.0,960.0,4.7846,59.56
65.892,measure,4984.0,960.0,4.7846,59.50
65.992,measure,4984.0,960.0,4.7846,59.50
66.092,measure,4984.0,960.0,4.7846,59.50
66.192,measure,4984.0,960.0,4.7846,59.47
66.292,measure,4984.0,960.0,4.7846,59.50
66.392,measure,4984.0,960.0,4.7846,59.53
66.492,measure,4984.0,960.0,4.7846,59.72
66.593,measure,4984.0,960.0,4.7846,59.66
66.693,measure,4984.0,960.0,4.7846,59.56
66.793,measure,4984.0,968.0,4.8245,59.56
66.893,measure,4984.0,968.0,4.8245,59.56
66.993,measure,4984.0,960.0,4.7846,59.41
67.093,measure,4984.0,960.0,4.7846,59.50
67.193,measure,4984.0,960.0,4.7846,59.50
67.294,measure,4984.0,960.0,4.7846,59.50
67.394,measure,4984.0,960.0,4.7846,59.72
67.494,measure,4984.0,960.0,4.7846,59.62
67.594,measure,4984.0,960.0,4.7846,59.59
67.694,measure,4984.0,960.0,4.7846,59.56
67.794,measure,4984.0,960.0,4.7846,59.53
67.894,measure,4984.0,960.0,4.7846,59.50
67.994,measure,4984.0,960.0,4.7846,59.44
68.095,measure,4984.0,960.0,4.7846,59.56
68.195,measure,4984.0,960.0,4.7846,59.56
68.295,measure,4984.0,960.0,4.7846,59.47
68.395,measure,4984.0,960.0,4.7846,59.78
68.495,measure,4984.0,960.0,4.7846,59.62
68.595,measure,4984.0,960.0,4.7846,59.62
68.695,measure,4984.0,960.0,4.7846,59.50
68.795,measure,4984.0,960.0,4.7846,59.47
68.896,measure,4984.0,960.0,4.7846,59.53
68.996,measure,4984.0,960.0,4.7846,59.47
69.096,measure,4984.0,960.0,4.7846,59.50
69.196,measure,4984.0,960.0,4.7846,59.44
69.296,measure,4984.0,960.0,4.7846,59.56
69.396,measure,4984.0,960.0,4.7846,59.59
69.496,measure,4984.0,960.0,4.7846,59.59
69.597,measure,4984.0,960.0,4.7846,59.44
69.697,measure,4984.0,968.0,4.8245,59.50
69.797,measure,4984.0,968.0,4.8245,59.44
69.897,measure,4984.0,968.0,4.8245,59.47
69.997,measure,4984.0,968.0,4.8245,59.44
70.097,measure,4984.0,968.0,4.8245,59.50
70.197,measure,4984.0,976.0,4.8644,59.69
70.297,measure,4984.0,976.0,4.8644,59.62
70.398,measure,4984.0,976.0,4.8644,59.59
70.498,measure,4984.0,976.0,4.8644,59.44
70.598,measure,4984.0,976.0,4.8644,59.47
70.698,measure,4984.0,976.0,4.8644,59.47
70.798,measure,4984.0,976.0,4.8644,59.44
70.898,measure,4984.0,968.0,4.8245,59.41
70.998,measure,4984.0,968.0,4.8245,59.44
71.098,measure,4984.0,968.0,4.8245,59.56
71.199,measure,4984.0,968.0,4.8245,59.62
71.299,measure,4984.0,968.0,4.8245,59.47
71.399,measure,4984.0,960.0,4.7846,59.50
71.499,measure,4984.0,960.0,4.7846,59.50
71.599,measure,4984.0,960.0,4.7846,59.50
71.699,measure,4984.0,960.0,4.7846,59.44
71.799,measure,4984.0,960.0,4.7846,59.47
71.899,measure,4984.0,960.0,4.7846,59.41
72.000,measure,4984.0,960.0,4.7846,59.53
72.100,measure,4984.0,960.0,4.7846,59.56
72.200,measure,4984.0,960.0,4.7846,59.59
72.300,measure,4984.0,960.0,4.7846,59.50
72.400,measure,4984.0,960.0,4.7846,59.47
72.500,measure,4984.0,960.0,4.7846,59.53
72.600,measure,4984.0,960.0,4.7846,59.47
72.701,measure,4984.0,960.0,4.7846,59.44
72.801,measure,4984.0,960.0,4.7846,59.41
72.901,measure,4984.0,960.0,4.7846,59.56
73.001,measure,4984.0,960.0,4.7846,59.56
73.101,measure,4984.0,960.0,4.7846,59.56
73.201,measure,4984.0,960.0,4.7846,59.56
73.301,measure,4984.0,960.0,4.7846,59.50
73.401,measure,4984.0,960.0,4.7846,59.44
73.502,measure,4984.0,960.0,4.7846,59.50
73.602,measure,4984.0,960.0,4.7846,59.44
73.702,measure,4984.0,960.0,4.7846,59.44
73.802,measure,4984.0,960.0,4.7846,59.56
73.902,measure,4984.0,960.0,4.7846,59.59
74.002,measure,4984.0,960.0,4.7846,59.56
74.102,measure,4984.0,960.0,4.7846,59.50
74.202,measure,4992.0,960.0,4.7923,59.50
74.303,measure,4992.0,960.0,4.7923,59.47
74.403,measure,4984.0,960.0,4.7846,59.47
74.503,measure,4992.0,960.0,4.7923,59.44
74.603,measure,4992.0,960.0,4.7923,59.62
74.703,measure,4992.0,960.0,4.7923,59.62
74.803,measure,4992.0,960.0,4.7923,59.56
74.903,measure,4992.0,960.0,4.7923,59.53
75.003,measure,4984.0,960.0,4.7846,59.50
75.104,measure,4992.0,960.0,4.7923,59.53
75.204,measure,4992.0,960.0,4.7923,59.47
75.304,measure,4992.0,960.0,4.7923,59.47
75.404,measure,4992.0,960.0,4.7923,59.41
75.504,measure,4992.0,960.0,4.7923,59.44
75.604,measure,4984.0,960.0,4.7846,59.50
75.704,measure,4984.0,960.0,4.7846,59.66
75.805,measure,4992.0,960.0,4.7923,59.59
75.905,measure,4992.0,960.0,4.7923,59.50
76.005,measure,4984.0,960.0,4.7846,59.41
76.105,measure,4992.0,960.0,4.7923,59.47
76.205,measure,4992.0,960.0,4.7923,59.44
76.305,measure,4984.0,960.0,4.7846,59.41
76.405,measure,4984.0,960.0,4.7846,59.72
76.505,measure,4984.0,960.0,4.7846,59.59
76.606,measure,4992.0,960.0,4.7923,59.62
76.706,measure,4992.0,960.0,4.7923,59.50
76.806,measure,4992.0,960.0,4.7923,59.56
76.906,measure,4984.0,960.0,4.7846,59.53
77.006,measure,4984.0,960.0,4.7846,59.47
77.106,measure,4984.0,960.0,4.7846,59.44
77.206,measure,4984.0,960.0,4.7846,59.41
77.306,measure,4992.0,960.0,4.7923,59.44
77.407,measure,4984.0,968.0,4.8245,59.69
77.507,measure,4984.0,968.0,4.8245,59.56
77.607,measure,4984.0,960.0,4.7846,59.53
77.707,measure,4992.0,960.0,4.7923,59.47
77.807,measure,4984.0,960.0,4.7846,59.50
77.907,measure,4992.0,960.0,4.7923,59.50
78.007,measure,4984.0,960.0,4.7846,59.50
78.107,measure,4984.0,960.0,4.7846,59.41
78.208,measure,4984.0,960.0,4.7846,59.44
78.308,measure,4984.0,960.0,4.7846,59.69
78.408,measure,4984.0,960.0,4.7846,59.66
78.508,measure,4984.0,960.0,4.7846,59.59
78.608,measure,4984.0,960.0,4.7846,59.56
78.708,measure,4984.0,960.0,4.7846,59.47
78.808,measure,4984.0,960.0,4.7846,59.50
78.909,measure,4984.0,960.0,4.7846,59.50
79.009,measure,4984.0,960.0,4.7846,59.41
79.109,measure,4984.0,960.0,4.7846,59.41
79.209,measure,4984.0,960.0,4.7846,59.59
79.309,measure,4984.0,960.0,4.7846,59.62
79.409,measure,4984.0,960.0,4.7846,59.50
79.509,measure,4984.0,960.0,4.7846,59.53
79.609,measure,4984.0,960.0,4.7846,59.47
79.710,measure,4984.0,960.0,4.7846,59.47
79.810,measure,4984.0,960.0,4.7846,59.44
79.910,measure,4984.0,960.0,4.7846,59.44
80.010,measure,4984.0,960.0,4.7846,59.41
80.110,measure,4984.0,960.0,4.7846,59.44
80.210,measure,4984.0,960.0,4.7846,59.62
80.310,measure,4984.0,960.0,4.7846,59.56
80.411,measure,4984.0,960.0,4.7846,59.56
80.511,measure,4984.0,960.0,4.7846,59.47
80.611,measure,4984.0,960.0,4.7846,59.47
80.711,measure,4984.0,960.0,4.7846,59.41
80.811,measure,4984.0,960.0,4.7846,59.44
80.911,measure,4984.0,960.0,4.7846,59.38
81.011,measure,4984.0,960.0,4.7846,59.41
81.111,measure,4984.0,960.0,4.7846,59.56
81.212,measure,4984.0,960.0,4.7846,59.53
81.312,measure,4984.0,960.0,4.7846,59.53
81.412,measure,4984.0,960.0,4.7846,59.53
81.512,measure,4984.0,960.0,4.7846,59.53
81.612,measure,4984.0,960.0,4.7846,59.47
81.712,measure,4984.0,960.0,4.7846,59.41
81.812,measure,4984.0,960.0,4.7846,59.41
81.913,measure,4984.0,960.0,4.7846,59.41
82.013,measure,4984.0,960.0,4.7846,59.56
82.113,measure,4984.0,960.0,4.7846,59.53
82.213,measure,4984.0,968.0,4.8245,59.50
82.313,measure,4984.0,968.0,4.8245,59.47
82.413,measure,4984.0,968.0,4.8245,59.47
82.513,measure,4984.0,968.0,4.8245,59.41
82.613,measure,4984.0,968.0,4.8245,59.44
82.714,measure,4984.0,968.0,4.8245,59.41
82.814,measure,4984.0,968.0,4.8245,59.41
82.914,measure,4984.0,968.0,4.8245,59.62
83.014,measure,4984.0,968.0,4.8245,59.56
83.114,measure,4984.0,968.0,4.8245,59.50
83.214,measure,4984.0,968.0,4.8245,59.50
83.314,measure,4984.0,968.0,4.8245,59.50
83.414,measure,4984.0,968.0,4.8245,59.44
83.515,measure,4984.0,968.0,4.8245,59.47
83.615,measure,4984.0,968.0,4.8245,59.44
83.715,measure,4984.0,968.0,4.8245,59.41
83.815,measure,4984.0,968.0,4.8245,59.59
83.915,measure,4984.0,968.0,4.8245,59.50
84.015,measure,4984.0,968.0,4.8245,59.53
84.115,measure,4984.0,960.0,4.7846,59.47
84.215,measure,4984.0,968.0,4.8245,59.50
84.316,measure,4984.0,968.0,4.8245,59.41
84.416,measure,4984.0,968.0,4.8245,59.41
84.516,measure,4984.0,968.0,4.8245,59.41
84.616,measure,4984.0,960.0,4.7846,59.44
84.716,measure,4984.0,960.0,4.7846,59.59
84.816,measure,4984.0,960.0,4.7846,59.59
84.916,measure,4984.0,960.0,4.7846,59.59
85.017,measure,4984.0,960.0,4.7846,59.50
85.117,measure,4984.0,960.0,4.7846,59.47
85.217,measure,4984.0,968.0,4.8245,59.41
85.317,measure,4984.0,968.0,4.8245,59.47
85.417,measure,4984.0,968.0,4.8245,59.41
85.517,measure,4984.0,968.0,4.8245,59.41
85.617,measure,4984.0,968.0,4.8245,59.56
85.717,measure,4984.0,968.0,4.8245,59.56
85.818,measure,4984.0,968.0,4.8245,59.41
85.918,measure,4984.0,968.0,4.8245,59.47
86.018,measure,4984.0,968.0,4.8245,59.47
86.118,measure,4984.0,968.0,4.8245,59.47
86.218,measure,4984.0,968.0,4.8245,59.44
86.318,measure,4984.0,968.0,4.8245,59.34
86.418,measure,4984.0,968.0,4.8245,59.41
86.518,measure,4984.0,968.0,4.8245,59.56
86.619,measure,4984.0,976.0,4.8644,59.53
86.719,measure,4984.0,976.0,4.8644,59.50
86.819,measure,4984.0,976.0,4.8644,59.53
86.919,measure,4984.0,976.0,4.8644,59.41
87.019,measure,4984.0,976.0,4.8644,59.41
87.119,measure,4984.0,976.0,4.8644,59.41
87.219,measure,4984.0,976.0,4.8644,59.41
87.319,measure,4984.0,976.0,4.8644,59.56
87.420,measure,4984.0,976.0,4.8644,59.62
87.520,measure,4984.0,976.0,4.8644,59.56
87.620,measure,4984.0,976.0,4.8644,59.44
87.720,measure,4984.0,968.0,4.8245,59.50
87.820,measure,4984.0,968.0,4.8245,59.50
87.920,measure,4984.0,968.0,4.8245,59.44
88.020,measure,4984.0,968.0,4.8245,59.44
88.121,measure,4984.0,968.0,4.8245,59.44
88.221,measure,4984.0,968.0,4.8245,59.66
88.321,measure,4984.0,968.0,4.8245,59.59
88.421,measure,4984.0,968.0,4.8245,59.69
88.521,measure,4984.0,968.0,4.8245,59.47
88.621,measure,4984.0,960.0,4.7846,59.44
88.721,measure,4984.0,960.0,4.7846,59.50
88.822,measure,4984.0,960.0,4.7846,59.44
88.922,measure,4984.0,960.0,4.7846,59.47
89.022,measure,4984.0,960.0,4.7846,59.47
89.122,measure,4984.0,960.0,4.7846,59.41
89.222,measure,4984.0,960.0,4.7846,59.53
89.322,measure,4984.0,968.0,4.8245,59.47
89.422,measure,4984.0,968.0,4.8245,59.50
89.522,measure,4984.0,960.0,4.7846,59.50
89.623,measure,4984.0,960.0,4.7846,59.44
89.723,measure,4984.0,960.0,4.7846,59.44
89.823,measure,4984.0,960.0,4.7846,59.41
89.923,measure,4984.0,960.0,4.7846,59.47
90.023,measure,4984.0,960.0,4.7846,59.41
90.123,measure,4984.0,960.0,4.7846,59.59
90.223,measure,4984.0,960.0,4.7846,59.59
90.323,measure,4984.0,960.0,4.7846,59.50
90.424,measure,4984.0,960.0,4.7846,59.56
90.524,measure,4984.0,960.0,4.7846,59.44
90.624,measure,4992.0,960.0,4.7923,59.47
90.724,measure,4992.0,960.0,4.7923,59.47
90.824,measure,4992.0,960.0,4.7923,59.38
90.924,measure,4992.0,960.0,4.7923,59.41
91.024,measure,4992.0,960.0,4.7923,59.59
91.124,measure,4992.0,960.0,4.7923,59.62
91.225,measure,4992.0,960.0,4.7923,59.50
91.325,measure,4984.0,960.0,4.7846,59.50
91.425,measure,4984.0,960.0,4.7846,59.50
91.525,measure,4984.0,960.0,4.7846,59.50
91.625,measure,4984.0,960.0,4.7846,59.41
91.725,measure,4992.0,960.0,4.7923,59.44
91.825,measure,4984.0,960.0,4.7846,59.41
91.926,measure,4984.0,960.0,4.7846,59.41
92.026,measure,4984.0,960.0,4.7846,59.59
92.126,measure,4984.0,960.0,4.7846,59.50
92.226,measure,4984.0,960.0,4.7846,59.50
92.326,measure,4984.0,960.0,4.7846,59.41
92.426,measure,4984.0,960.0,4.7846,59.44
92.526,measure,4984.0,960.0,4.7846,59.47
92.626,measure,4992.0,960.0,4.7923,59.41
92.727,measure,4992.0,960.0,4.7923,59.41
92.827,measure,4992.0,960.0,4.7923,59.38
92.927,measure,4992.0,960.0,4.7923,59.53
93.027,measure,4992.0,960.0,4.7923,59.47
93.127,measure,4992.0,960.0,4.7923,59.53
93.227,measure,4992.0,960.0,4.7923,59.50
93.327,measure,4984.0,960.0,4.7846,59.41
93.428,measure,4984.0,960.0,4.7846,59.41
93.528,measure,4992.0,960.0,4.7923,59.41
93.628,measure,4992.0,960.0,4.7923,59.34
93.728,measure,4992.0,960.0,4.7923,59.41
93.828,measure,4992.0,960.0,4.7923,59.56
93.928,measure,4992.0,960.0,4.7923,59.50
94.028,measure,4992.0,960.0,4.7923,59.56
94.128,measure,4992.0,960.0,4.7923,59.50
94.229,measure,4992.0,960.0,4.7923,59.44
94.329,measure,4992.0,960.0,4.7923,59.41
94.429,measure,4984.0,968.0,4.8245,59.34
94.529,measure,4984.0,968.0,4.8245,59.41
94.629,measure,4984.0,968.0,4.8245,59.41
94.729,measure,4984.0,1008.0,5.0239,59.62
94.829,measure,4984.0,1032.0,5.1435,59.56
94.930,measure,4984.0,1064.0,5.3030,59.50
95.030,measure,4976.0,1088.0,5.4139,59.47
95.130,measure,4976.0,1104.0,5.4935,59.47
95.230,measure,4976.0,1080.0,5.3741,59.41
95.330,measure,4984.0,1056.0,5.2631,59.41
95.430,measure,4984.0,1032.0,5.1435,59.34
95.530,measure,4984.0,1016.0,5.0637,59.41
95.631,measure,4984.0,1008.0,5.0239,59.44
95.731,measure,4984.0,992.0,4.9441,59.56
95.831,measure,4984.0,984.0,4.9043,59.56
95.931,measure,4984.0,976.0,4.8644,59.44
96.031,measure,4984.0,976.0,4.8644,59.47
96.131,measure,4984.0,968.0,4.8245,59.44
96.231,measure,4984.0,968.0,4.8245,59.41
96.331,measure,4984.0,968.0,4.8245,59.41
96.432,measure,4984.0,968.0,4.8245,59.41
96.532,measure,4984.0,968.0,4.8245,59.56
96.632,measure,4984.0,960.0,4.7846,59.47
96.732,measure,4984.0,960.0,4.7846,59.53
96.832,measure,4984.0,960.0,4.7846,59.53
96.932,measure,4992.0,960.0,4.7923,59.44
97.032,measure,4992.0,960.0,4.7923,59.41
97.133,measure,4992.0,960.0,4.7923,59.41
97.233,measure,4992.0,960.0,4.7923,59.44
97.333,measure,4992.0,960.0,4.7923,59.41
97.433,measure,4992.0,960.0,4.7923,59.50
97.533,measure,4992.0,960.0,4.7923,59.47
97.633,measure,4992.0,960.0,4.7923,59.44
97.733,measure,4992.0,960.0,4.7923,59.47
97.834,measure,4992.0,960.0,4.7923,59.53
97.934,measure,4992.0,960.0,4.7923,59.44
98.034,measure,4992.0,960.0,4.7923,59.41
98.134,measure,4992.0,960.0,4.7923,59.38
98.234,measure,4992.0,960.0,4.7923,59.41
98.334,measure,4992.0,960.0,4.7923,59.56
98.434,measure,4992.0,960.0,4.7923,59.50
98.534,measure,4992.0,960.0,4.7923,59.41
98.635,measure,4992.0,960.0,4.7923,59.41
98.735,measure,4992.0,960.0,4.7923,59.41
98.835,measure,4992.0,960.0,4.7923,59.41
98.935,measure,4992.0,960.0,4.7923,59.41
99.035,measure,4992.0,960.0,4.7923,59.38
99.135,measure,4992.0,960.0,4.7923,59.41
99.235,measure,4992.0,960.0,4.7923,59.34
99.336,measure,4992.0,960.0,4.7923,59.50
99.436,measure,4984.0,960.0,4.7846,59.50
99.536,measure,4984.0,960.0,4.7846,59.41
99.636,measure,4984.0,960.0,4.7846,59.50
99.736,measure,4984.0,960.0,4.7846,59.41
99.836,measure,4984.0,960.0,4.7846,59.44
99.936,measure,4992.0,960.0,4.7923,59.41
100.036,measure,4992.0,960.0,4.7923,59.34
100.137,measure,4992.0,960.0,4.7923,59.38
100.237,measure,4992.0,960.0,4.7923,59.53
100.337,measure,4992.0,960.0,4.7923,59.47
100.437,measure,4992.0,960.0,4.7923,59.44
100.537,measure,4992.0,960.0,4.7923,59.47
100.637,measure,4992.0,960.0,4.7923,59.44
100.737,measure,4992.0,960.0,4.7923,59.41
100.837,measure,4992.0,960.0,4.7923,59.34
100.938,measure,4992.0,960.0,4.7923,59.38
101.038,measure,4992.0,960.0,4.7923,59.59
101.138,measure,4992.0,960.0,4.7923,59.53
101.238,measure,4992.0,960.0,4.7923,59.41
101.338,measure,4992.0,960.0,4.7923,59.47
101.438,measure,4992.0,960.0,4.7923,59.41
101.538,measure,4992.0,960.0,4.7923,59.44
101.639,measure,4992.0,960.0,4.7923,59.41
101.739,measure,4992.0,960.0,4.7923,59.41
101.839,measure,4992.0,960.0,4.7923,59.41
101.939,measure,4992.0,960.0,4.7923,59.56
102.039,measure,4992.0,960.0,4.7923,59.56
102.139,measure,4992.0,960.0,4.7923,59.59
102.239,measure,4992.0,960.0,4.7923,59.50
102.340,measure,4992.0,960.0,4.7923,59.44
102.440,measure,4992.0,960.0,4.7923,59.41
102.540,measure,4992.0,960.0,4.7923,59.44
102.640,measure,4984.0,968.0,4.8245,59.47
102.740,measure,4992.0,968.0,4.8323,59.41
102.840,measure,4984.0,968.0,4.8245,59.31
102.940,measure,4984.0,968.0,4.8245,59.59
103.040,measure,4984.0,968.0,4.8245,59.50
103.141,measure,4992.0,968.0,4.8323,59.47
103.241,measure,4984.0,968.0,4.8245,59.44
103.341,measure,4984.0,976.0,4.8644,59.47
103.441,measure,4984.0,984.0,4.9043,59.44
103.541,measure,4984.0,1000.0,4.9840,59.47
103.641,measure,4984.0,1048.0,5.2232,59.41
103.741,measure,4984.0,1088.0,5.4226,59.38
103.842,measure,4976.0,1112.0,5.5333,59.56
103.942,measure,4976.0,1136.0,5.6527,59.47
104.042,measure,4976.0,1152.0,5.7324,59.44
104.142,measure,4976.0,1168.0,5.8120,59.47
104.242,measure,4976.0,1176.0,5.8518,59.41
104.342,measure,4976.0,1176.0,5.8518,59.44
104.443,measure,4976.0,1176.0,5.8518,59.41
104.543,measure,4976.0,1136.0,5.6527,59.41
104.643,measure,4976.0,1096.0,5.4537,59.41
104.743,measure,4984.0,1072.0,5.3428,59.56
104.843,measure,4984.0,1048.0,5.2232,59.56
104.943,measure,4984.0,1032.0,5.1435,59.50
105.043,measure,4984.0,1016.0,5.0637,59.47
105.144,measure,4984.0,1008.0,5.0239,59.41
105.244,measure,4984.0,1000.0,4.9840,59.41
105.344,measure,4984.0,992.0,4.9441,59.41
105.444,measure,4984.0,992.0,4.9441,59.41
105.544,measure,4984.0,984.0,4.9043,59.38
105.644,measure,4984.0,984.0,4.9043,59.34
105.744,measure,4984.0,976.0,4.8644,59.59
105.845,measure,4984.0,976.0,4.8644,59.47
105.945,measure,4984.0,976.0,4.8644,59.41
106.045,measure,4984.0,968.0,4.8245,59.41
106.145,measure,4984.0,968.0,4.8245,59.41
106.245,measure,4984.0,968.0,4.8245,59.41
106.345,measure,4984.0,968.0,4.8245,59.38
106.445,measure,4984.0,968.0,4.8245,59.31
106.546,measure,4984.0,968.0,4.8245,59.38
106.646,measure,4984.0,968.0,4.8245,59.56
106.746,measure,4984.0,968.0,4.8245,59.53
106.846,measure,4984.0,968.0,4.8245,59.44
106.946,measure,4984.0,968.0,4.8245,59.41
107.046,measure,4984.0,968.0,4.8245,59.41
107.146,measure,4984.0,968.0,4.8245,59.31
107.247,measure,4984.0,968.0,4.8245,59.44
107.347,measure,4984.0,968.0,4.8245,59.38
107.447,measure,4984.0,968.0,4.8245,59.34
107.547,measure,4984.0,968.0,4.8245,59.41
107.647,measure,4984.0,968.0,4.8245,59.50
107.747,measure,4984.0,968.0,4.8245,59.47
107.847,measure,4984.0,968.0,4.8245,59.44
107.948,measure,4984.0,968.0,4.8245,59.44
108.048,measure,4984.0,968.0,4.8245,59.34
108.148,measure,4984.0,968.0,4.8245,59.34
108.248,measure,4984.0,968.0,4.8245,59.34
108.348,measure,4984.0,968.0,4.8245,59.38
108.448,measure,4984.0,968.0,4.8245,59.47
108.548,measure,4984.0,968.0,4.8245,59.53
108.649,measure,4984.0,968.0,4.8245,59.47
108.749,measure,4984.0,968.0,4.8245,59.41
108.849,measure,4984.0,968.0,4.8245,59.38
108.949,measure,4984.0,968.0,4.8245,59.44
109.049,measure,4984.0,968.0,4.8245,59.34
109.149,measure,4984.0,968.0,4.8245,59.41
109.249,measure,4984.0,968.0,4.8245,59.41
109.350,measure,4984.0,968.0,4.8245,59.50
109.450,measure,4984.0,968.0,4.8245,59.59
109.550,measure,4984.0,968.0,4.8245,59.53
109.650,measure,4984.0,960.0,4.7846,59.53
109.750,measure,4984.0,960.0,4.7846,59.41
109.850,measure,4984.0,960.0,4.7846,59.34
109.950,measure,4984.0,960.0,4.7846,59.41
110.051,measure,4984.0,960.0,4.7846,59.41
110.151,measure,4984.0,960.0,4.7846,59.41
110.251,measure,4984.0,960.0,4.7846,59.50
110.351,measure,4984.0,960.0,4.7846,59.53
110.451,measure,4984.0,960.0,4.7846,59.44
110.551,measure,4984.0,960.0,4.7846,59.44
110.651,measure,4984.0,960.0,4.7846,59.44
110.752,measure,4984.0,960.0,4.7846,59.34
110.852,measure,4984.0,960.0,4.7846,59.38
110.952,measure,4984.0,960.0,4.7846,59.31
111.052,measure,4984.0,960.0,4.7846,59.44
111.152,measure,4984.0,960.0,4.7846,59.50
111.252,measure,4984.0,960.0,4.7846,59.50
111.352,measure,4984.0,960.0,4.7846,59.53
111.453,measure,4984.0,960.0,4.7846,59.44
111.553,measure,4992.0,960.0,4.7923,59.41
111.653,measure,4984.0,960.0,4.7846,59.34
111.753,measure,4992.0,960.0,4.7923,59.38
111.853,measure,4984.0,960.0,4.7846,59.34
111.953,measure,4992.0,960.0,4.7923,59.25
112.053,measure,4992.0,960.0,4.7923,59.53
112.154,measure,4992.0,960.0,4.7923,59.56
112.254,measure,4984.0,960.0,4.7846,59.50
112.354,measure,4984.0,960.0,4.7846,59.41
112.454,measure,4992.0,960.0,4.7923,59.44
112.554,measure,4992.0,960.0,4.7923,59.41
112.654,measure,4992.0,960.0,4.7923,59.41
112.754,measure,4984.0,960.0,4.7846,59.38
112.855,measure,4992.0,960.0,4.7923,59.34
112.955,measure,4992.0,960.0,4.7923,59.53
113.055,measure,4992.0,960.0,4.7923,59.53
113.155,measure,4984.0,960.0,4.7846,59.50
113.255,measure,4984.0,960.0,4.7846,59.44
113.355,measure,4984.0,960.0,4.7846,59.41
113.455,measure,4992.0,960.0,4.7923,59.38
113.556,measure,4984.0,960.0,4.7846,59.41
113.656,measure,4984.0,960.0,4.7846,59.34
113.756,measure,4984.0,960.0,4.7846,59.41
113.856,measure,4984.0,960.0,4.7846,59.50
113.956,measure,4984.0,960.0,4.7846,59.44
114.056,measure,4984.0,960.0,4.7846,59.41
114.156,measure,4992.0,960.0,4.7923,59.41
114.256,measure,4984.0,960.0,4.7846,59.41
114.357,measure,4992.0,960.0,4.7923,59.38
114.457,measure,4984.0,960.0,4.7846,59.44
114.557,measure,4984.0,960.0,4.7846,59.34
114.657,measure,4992.0,960.0,4.7923,59.34
114.757,measure,4992.0,960.0,4.7923,59.50
114.857,measure,4984.0,960.0,4.7846,59.53
114.957,measure,4984.0,960.0,4.7846,59.41
115.057,measure,4984.0,960.0,4.7846,59.44
115.158,measure,4984.0,960.0,4.7846,59.41
115.258,measure,4984.0,960.0,4.7846,59.38
115.358,measure,4984.0,960.0,4.7846,59.38
115.458,measure,4984.0,960.0,4.7846,59.31
115.558,measure,4984.0,960.0,4.7846,59.38
115.658,measure,4984.0,960.0,4.7846,59.50
115.758,measure,4984.0,960.0,4.7846,59.53
115.859,measure,4984.0,960.0,4.7846,59.41
115.959,measure,4984.0,968.0,4.8245,59.44
116.059,measure,4984.0,960.0,4.7846,59.41
116.159,measure,4984.0,960.0,4.7846,59.41
116.259,measure,4984.0,960.0,4.7846,59.34
116.359,measure,4984.0,960.0,4.7846,59.41
116.459,measure,4984.0,960.0,4.7846,59.34
116.559,measure,4984.0,960.0,4.7846,59.41
116.660,measure,4984.0,960.0,4.7846,59.53
116.760,measure,4984.0,960.0,4.7846,59.41
116.860,measure,4984.0,960.0,4.7846,59.41
116.960,measure,4984.0,960.0,4.7846,59.41
117.060,measure,4984.0,960.0,4.7846,59.31
117.160,measure,4984.0,960.0,4.7846,59.38
117.260,measure,4984.0,960.0,4.7846,59.25
117.361,measure,4984.0,960.0,4.7846,59.34
117.461,measure,4984.0,960.0,4.7846,59.38
117.561,measure,4984.0,960.0,4.7846,59.53
117.661,measure,4984.0,960.0,4.7846,59.38
117.761,measure,4992.0,960.0,4.7923,59.38
117.861,measure,4992.0,960.0,4.7923,59.34
117.961,measure,4984.0,960.0,4.7846,59.41
118.061,measure,4984.0,960.0,4.7846,59.34
118.162,measure,4984.0,960.0,4.7846,59.34
118.262,measure,4984.0,960.0,4.7846,59.41
118.362,measure,4992.0,960.0,4.7923,59.31
118.462,measure,4992.0,960.0,4.7923,59.53
118.562,measure,4992.0,960.0,4.7923,59.38
118.662,measure,4984.0,960.0,4.7846,59.44
118.762,measure,4992.0,960.0,4.7923,59.41
118.863,measure,4984.0,960.0,4.7846,59.41
118.963,measure,4984.0,960.0,4.7846,59.34
119.063,measure,4984.0,968.0,4.8245,59.34
119.163,measure,4984.0,968.0,4.8245,59.34
119.263,measure,4984.0,968.0,4.8245,59.38
119.363,measure,4984.0,968.0,4.8245,59.31
119.463,measure,4984.0,968.0,4.8245,59.47
119.563,measure,4984.0,968.0,4.8245,59.41
119.664,measure,4984.0,968.0,4.8245,59.44
119.764,measure,4984.0,968.0,4.8245,59.31
119.864,measure,4984.0,968.0,4.8245,59.38
119.964,measure,4984.0,968.0,4.8245,59.28
120.064,measure,4984.0,976.0,4.8644,59.34
120.164,measure,4984.0,976.0,4.8644,59.31
120.264,measure,4984.0,976.0,4.8644,59.31
120.365,measure,4984.0,976.0,4.8644,59.56
120.465,measure,4984.0,976.0,4.8644,59.41
120.565,measure,4984.0,976.0,4.8644,59.41
120.665,measure,4984.0,976.0,4.8644,59.38
120.765,measure,4984.0,976.0,4.8644,59.41
120.865,measure,4984.0,976.0,4.8644,59.34
120.965,measure,4984.0,968.0,4.8245,59.38
121.065,measure,4984.0,968.0,4.8245,59.28
121.166,measure,4984.0,968.0,4.8245,59.31
121.266,measure,4984.0,968.0,4.8245,59.41
121.366,measure,4984.0,968.0,4.8245,59.47
121.466,measure,4984.0,968.0,4.8245,59.38
121.566,measure,4984.0,968.0,4.8245,59.38
121.666,measure,4984.0,968.0,4.8245,59.28
121.766,measure,4984.0,968.0,4.8245,59.38
121.867,measure,4984.0,960.0,4.7846,59.34
121.967,measure,4984.0,960.0,4.7846,59.34
122.067,measure,4984.0,960.0,4.7846,59.28
122.167,measure,4984.0,960.0,4.7846,59.44
122.267,measure,4984.0,960.0,4.7846,59.41
122.367,measure,4984.0,960.0,4.7846,59.38
122.467,measure,4984.0,960.0,4.7846,59.41
122.568,measure,4992.0,960.0,4.7923,59.31
122.668,measure,4992.0,960.0,4.7923,59.31
122.768,measure,4984.0,960.0,4.7846,59.34
122.868,measure,4984.0,960.0,4.7846,59.38
122.968,measure,4984.0,960.0,4.7846,59.50
123.068,measure,4984.0,960.0,4.7846,59.44
123.168,measure,4984.0,968.0,4.8245,59.44
123.268,measure,4984.0,968.0,4.8245,59.38
123.369,measure,4984.0,968.0,4.8245,59.38
123.469,measure,4984.0,960.0,4.7846,59.38
123.569,measure,4992.0,960.0,4.7923,59.31
123.669,measure,4992.0,960.0,4.7923,59.31
123.769,measure,4992.0,960.0,4.7923,59.34
123.869,measure,4992.0,960.0,4.7923,59.50
123.970,measure,4992.0,960.0,4.7923,59.41
124.070,measure,4992.0,960.0,4.7923,59.47
124.170,measure,4984.0,960.0,4.7846,59.41
124.271,measure,4984.0,960.0,4.7846,59.34
124.371,measure,4984.0,960.0,4.7846,59.38
124.471,measure,4992.0,960.0,4.7923,59.34
124.571,measure,4992.0,960.0,4.7923,59.34
124.671,measure,4992.0,960.0,4.7923,59.28
124.771,measure,4992.0,960.0,4.7923,59.34
124.871,measure,4992.0,960.0,4.7923,59.50
124.972,measure,4992.0,960.0,4.7923,59.41
125.072,measure,4992.0,960.0,4.7923,59.41
125.172,measure,4984.0,960.0,4.7846,59.41
125.272,measure,4984.0,960.0,4.7846,59.38
125.372,measure,4992.0,960.0,4.7923,59.31
125.472,measure,4992.0,960.0,4.7923,59.34
125.572,measure,4992.0,960.0,4.7923,59.28
125.672,measure,4992.0,960.0,4.7923,59.28
125.773,measure,4984.0,960.0,4.7846,59.47
125.873,measure,4984.0,960.0,4.7846,59.47
125.973,measure,4984.0,960.0,4.7846,59.41
126.073,measure,4992.0,960.0,4.7923,59.41
126.173,measure,4984.0,960.0,4.7846,59.41
126.273,measure,4984.0,960.0,4.7846,59.34
126.374,measure,4984.0,960.0,4.7846,59.34
126.474,measure,4992.0,960.0,4.7923,59.34
126.574,measure,4984.0,960.0,4.7846,59.28
126.674,measure,4984.0,960.0,4.7846,59.47
126.774,measure,4984.0,960.0,4.7846,59.50
126.874,measure,4984.0,960.0,4.7846,59.34
126.974,measure,4984.0,960.0,4.7846,59.34
127.075,measure,4984.0,960.0,4.7846,59.31
127.175,measure,4984.0,960.0,4.7846,59.38
127.275,measure,4984.0,960.0,4.7846,59.31
127.375,measure,4984.0,960.0,4.7846,59.28
127.475,measure,4984.0,960.0,4.7846,59.31
127.575,measure,4984.0,960.0,4.7846,59.47
127.675,measure,4984.0,960.0,4.7846,59.47
127.776,measure,4984.0,960.0,4.7846,59.44
127.876,measure,4984.0,960.0,4.7846,59.41
127.976,measure,4984.0,960.0,4.7846,59.31
128.076,measure,4984.0,960.0,4.7846,59.38
128.176,measure,4984.0,960.0,4.7846,59.34
128.276,measure,4984.0,960.0,4.7846,59.34
128.376,measure,4984.0,960.0,4.7846,59.28
128.477,measure,4984.0,960.0,4.7846,59.44
128.577,measure,4984.0,960.0,4.7846,59.50
128.677,measure,4984.0,960.0,4.7846,59.50
128.777,measure,4992.0,960.0,4.7923,59.41
128.877,measure,4984.0,960.0,4.7846,59.31
128.977,measure,4992.0,960.0,4.7923,59.38
129.077,measure,4992.0,960.0,4.7923,59.31
129.177,measure,4984.0,960.0,4.7846,59.28
129.278,measure,4984.0,960.0,4.7846,59.28
129.378,measure,4984.0,960.0,4.7846,59.47
129.478,measure,4984.0,960.0,4.7846,59.50
129.578,measure,4984.0,960.0,4.7846,59.44
129.678,measure,4984.0,960.0,4.7846,59.41
129.778,measure,4984.0,960.0,4.7846,59.31
129.878,measure,4984.0,960.0,4.7846,59.34
129.979,measure,4984.0,960.0,4.7846,59.38
130.079,measure,4992.0,960.0,4.7923,59.34
130.179,measure,4992.0,960.0,4.7923,59.25
130.279,measure,4984.0,960.0,4.7846,59.25
130.379,measure,4984.0,960.0,4.7846,59.41
130.479,measure,4992.0,960.0,4.7923,59.47
130.579,measure,4984.0,960.0,4.7846,59.41
130.679,measure,4984.0,960.0,4.7846,59.38
130.780,measure,4984.0,960.0,4.7846,59.28
130.880,measure,4984.0,960.0,4.7846,59.28
130.980,measure,4984.0,960.0,4.7846,59.25
131.080,measure,4984.0,960.0,4.7846,59.22
131.180,measure,4984.0,960.0,4.7846,59.28
131.280,measure,4984.0,960.0,4.7846,59.47
131.380,measure,4984.0,960.0,4.7846,59.44
131.481,measure,4984.0,960.0,4.7846,59.38
131.581,measure,4984.0,960.0,4.7846,59.41
131.681,measure,4984.0,960.0,4.7846,59.38
131.781,measure,4984.0,960.0,4.7846,59.38
131.881,measure,4984.0,960.0,4.7846,59.28
131.981,measure,4984.0,960.0,4.7846,59.28
132.081,measure,4984.0,960.0,4.7846,59.22
132.182,measure,4984.0,960.0,4.7846,59.44
132.282,measure,4984.0,960.0,4.7846,59.41
132.382,measure,4984.0,968.0,4.8245,59.38
132.482,measure,4984.0,968.0,4.8245,59.41
132.582,measure,4984.0,968.0,4.8245,59.34
132.682,measure,4984.0,968.0,4.8245,59.31
132.782,measure,4984.0,968.0,4.8245,59.38
132.882,measure,4984.0,968.0,4.8245,59.28
132.983,measure,4984.0,960.0,4.7846,59.22
133.083,measure,4984.0,968.0,4.8245,59.25
133.183,measure,4984.0,968.0,4.8245,59.47
133.283,measure,4984.0,968.0,4.8245,59.34
133.383,measure,4984.0,968.0,4.8245,59.41
133.483,measure,4984.0,968.0,4.8245,59.25
133.583,measure,4984.0,968.0,4.8245,59.31
133.684,measure,4984.0,968.0,4.8245,59.31
133.784,measure,4984.0,968.0,4.8245,59.31
133.884,measure,4984.0,968.0,4.8245,59.28
133.984,measure,4984.0,960.0,4.7846,59.28
134.084,measure,4984.0,960.0,4.7846,59.41
134.184,measure,4984.0,960.0,4.7846,59.34
134.284,measure,4984.0,960.0,4.7846,59.41
134.384,measure,4984.0,960.0,4.7846,59.41
134.485,measure,4984.0,960.0,4.7846,59.34
134.585,measure,4984.0,960.0,4.7846,59.31
134.685,measure,4984.0,960.0,4.7846,59.28
134.785,measure,4984.0,960.0,4.7846,59.28
134.885,measure,4984.0,960.0,4.7846,59.31
134.985,measure,4984.0,960.0,4.7846,59.41
135.085,measure,4984.0,960.0,4.7846,59.41
135.186,measure,4984.0,960.0,4.7846,59.41
135.286,measure,4984.0,960.0,4.7846,59.38
135.386,measure,4984.0,960.0,4.7846,59.38
135.486,measure,4984.0,960.0,4.7846,59.28
135.586,measure,4984.0,960.0,4.7846,59.31
135.686,measure,4984.0,968.0,4.8245,59.22
135.786,measure,4984.0,968.0,4.8245,59.22
135.887,measure,4984.0,968.0,4.8245,59.38
135.987,measure,4984.0,968.0,4.8245,59.38
136.087,measure,4984.0,968.0,4.8245,59.38
136.187,measure,4984.0,968.0,4.8245,59.34
136.287,measure,4984.0,968.0,4.8245,59.25
136.387,measure,4984.0,968.0,4.8245,59.25
136.487,measure,4984.0,968.0,4.8245,59.25
136.587,measure,4984.0,968.0,4.8245,59.28
136.688,measure,4984.0,976.0,4.8644,59.25
136.788,measure,4984.0,976.0,4.8644,59.50
136.888,measure,4984.0,976.0,4.8644,59.41
136.988,measure,4984.0,976.0,4.8644,59.41
137.088,measure,4984.0,976.0,4.8644,59.34
137.189,measure,4984.0,976.0,4.8644,59.28
137.289,measure,4984.0,976.0,4.8644,59.38
137.389,measure,4984.0,984.0,4.9043,59.31
137.489,measure,4984.0,984.0,4.9043,59.28
137.589,measure,4984.0,976.0,4.8644,59.22
137.689,measure,4984.0,976.0,4.8644,59.44
137.789,measure,4984.0,968.0,4.8245,59.41
137.889,measure,4984.0,968.0,4.8245,59.41
137.990,measure,4984.0,968.0,4.8245,59.34
138.090,measure,4984.0,968.0,4.8245,59.31
138.190,measure,4984.0,968.0,4.8245,59.31
138.290,measure,4984.0,968.0,4.8245,59.31
138.390,measure,4984.0,968.0,4.8245,59.25
138.490,measure,4984.0,968.0,4.8245,59.28
138.590,measure,4984.0,968.0,4.8245,59.41
138.691,measure,4984.0,968.0,4.8245,59.41
138.791,measure,4984.0,960.0,4.7846,59.34
138.891,measure,4984.0,960.0,4.7846,59.28
138.991,measure,4984.0,960.0,4.7846,59.38
139.091,measure,4984.0,960.0,4.7846,59.28
139.191,measure,4984.0,960.0,4.7846,59.34
139.291,measure,4984.0,960.0,4.7846,59.22
139.391,measure,4984.0,960.0,4.7846,59.28
139.492,measure,4984.0,960.0,4.7846,59.47
139.592,measure,4984.0,960.0,4.7846,59.41
139.692,measure,4984.0,960.0,4.7846,59.41
139.792,measure,4984.0,960.0,4.7846,59.34
139.892,measure,4984.0,960.0,4.7846,59.31
139.992,measure,4984.0,960.0,4.7846,59.38
140.092,measure,4984.0,960.0,4.7846,59.34
140.192,measure,4984.0,960.0,4.7846,59.25
140.293,measure,4984.0,960.0,4.7846,59.22
140.393,measure,4984.0,960.0,4.7846,59.41
140.493,measure,4984.0,960.0,4.7846,59.41
140.593,measure,4984.0,960.0,4.7846,59.41
140.693,measure,4984.0,960.0,4.7846,59.38
140.793,measure,4984.0,960.0,4.7846,59.31
140.893,measure,4984.0,960.0,4.7846,59.38
140.994,measure,4984.0,960.0,4.7846,59.28
141.094,measure,4984.0,960.0,4.7846,59.25
141.194,measure,4984.0,960.0,4.7846,59.22
141.294,measure,4984.0,960.0,4.7846,59.41
141.394,measure,4984.0,960.0,4.7846,59.41
141.494,measure,4984.0,960.0,4.7846,59.41
141.594,measure,4984.0,960.0,4.7846,59.34
141.694,measure,4984.0,960.0,4.7846,59.31
141.795,measure,4984.0,960.0,4.7846,59.31
141.895,measure,4984.0,960.0,4.7846,59.31
141.995,measure,4984.0,960.0,4.7846,59.28
142.095,measure,4992.0,960.0,4.7923,59.25
142.195,measure,4992.0,960.0,4.7923,59.41
142.295,measure,4992.0,960.0,4.7923,59.41
142.395,measure,4984.0,960.0,4.7846,59.31
142.495,measure,4984.0,960.0,4.7846,59.38
142.596,measure,4984.0,960.0,4.7846,59.41
142.696,measure,4984.0,960.0,4.7846,59.31
142.796,measure,4984.0,960.0,4.7846,59.31
142.896,measure,4992.0,960.0,4.7923,59.31
142.996,measure,4992.0,960.0,4.7923,59.25
143.096,measure,4992.0,960.0,4.7923,59.41
143.197,measure,4992.0,960.0,4.7923,59.47
143.297,measure,4992.0,960.0,4.7923,59.41
143.397,measure,4992.0,960.0,4.7923,59.41
143.497,measure,4992.0,960.0,4.7923,59.38
143.597,measure,4984.0,960.0,4.7846,59.28
143.697,measure,4984.0,960.0,4.7846,59.28
143.797,measure,4984.0,960.0,4.7846,59.25
143.898,measure,4984.0,960.0,4.7846,59.31
143.998,measure,4992.0,960.0,4.7923,59.44
144.098,measure,4992.0,960.0,4.7923,59.41
144.198,measure,4992.0,960.0,4.7923,59.41
144.298,measure,4992.0,960.0,4.7923,59.41
144.398,measure,4992.0,960.0,4.7923,59.25
144.498,measure,4992.0,960.0,4.7923,59.28
144.599,measure,4984.0,960.0,4.7846,59.25
144.699,measure,4992.0,960.0,4.7923,59.22
144.799,measure,4992.0,960.0,4.7923,59.25
144.899,measure,4992.0,960.0,4.7923,59.19
144.999,measure,4984.0,960.0,4.7846,59.41
145.099,measure,4984.0,960.0,4.7846,59.41
145.199,measure,4992.0,960.0,4.7923,59.34
145.300,measure,4984.0,968.0,4.8245,59.41
145.400,measure,4984.0,968.0,4.8245,59.22
145.500,measure,4984.0,960.0,4.7846,59.28
145.600,measure,4984.0,960.0,4.7846,59.28
145.700,measure,4984.0,960.0,4.7846,59.22
145.800,measure,4992.0,960.0,4.7923,59.19
145.900,measure,4992.0,960.0,4.7923,59.41
146.001,measure,4992.0,960.0,4.7923,59.38
146.101,measure,4992.0,960.0,4.7923,59.28
146.201,measure,4992.0,960.0,4.7923,59.34
146.301,measure,4992.0,960.0,4.7923,59.28
146.401,measure,4992.0,960.0,4.7923,59.22
146.501,measure,4992.0,960.0,4.7923,59.28
146.601,measure,4992.0,960.0,4.7923,59.19
146.702,measure,4992.0,960.0,4.7923,59.25
146.802,measure,4992.0,960.0,4.7923,59.25
146.902,measure,4992.0,960.0,4.7923,59.41
147.002,measure,4992.0,960.0,4.7923,59.34
147.102,measure,4992.0,960.0,4.7923,59.38
147.202,measure,4992.0,960.0,4.7923,59.34
147.302,measure,4992.0,960.0,4.7923,59.28
147.403,measure,4992.0,960.0,4.7923,59.22
147.503,measure,4992.0,960.0,4.7923,59.25
147.603,measure,4992.0,960.0,4.7923,59.19
147.703,measure,4992.0,960.0,4.7923,59.19
147.803,measure,4992.0,960.0,4.7923,59.38
147.903,measure,4992.0,960.0,4.7923,59.34
148.003,measure,4992.0,960.0,4.7923,59.28
148.104,measure,4992.0,960.0,4.7923,59.28
148.204,measure,4992.0,960.0,4.7923,59.31
148.304,measure,4992.0,960.0,4.7923,59.28
148.404,measure,4992.0,960.0,4.7923,59.19
148.504,measure,4992.0,960.0,4.7923,59.25
148.605,measure,4992.0,960.0,4.7923,59.25
148.705,measure,4992.0,960.0,4.7923,59.41
148.805,measure,4992.0,960.0,4.7923,59.34
148.905,measure,4992.0,960.0,4.7923,59.31
149.005,measure,4992.0,960.0,4.7923,59.22
149.105,measure,4984.0,960.0,4.7846,59.28
149.205,measure,4984.0,960.0,4.7846,59.25
149.305,measure,4984.0,960.0,4.7846,59.31
149.406,measure,4992.0,960.0,4.7923,59.25
149.506,measure,4992.0,960.0,4.7923,59.12
149.606,measure,4992.0,960.0,4.7923,59.38
149.706,measure,4984.0,960.0,4.7846,59.41
149.806,measure,4984.0,960.0,4.7846,59.31
149.906,measure,4984.0,960.0,4.7846,59.31
150.006,measure,4984.0,960.0,4.7846,59.34
150.107,measure,4992.0,960.0,4.7923,59.25
150.207,measure,4984.0,960.0,4.7846,59.25
150.307,measure,4992.0,960.0,4.7923,59.25
150.407,measure,4992.0,960.0,4.7923,59.31
150.507,measure,4992.0,960.0,4.7923,59.34
150.607,measure,4992.0,960.0,4.7923,59.41
150.707,measure,4984.0,960.0,4.7846,59.38
150.808,measure,4984.0,960.0,4.7846,59.31
150.908,measure,4984.0,968.0,4.8245,59.28
151.008,measure,4984.0,968.0,4.8245,59.28
151.108,measure,4984.0,968.0,4.8245,59.22
151.208,measure,4984.0,968.0,4.8245,59.22
151.308,measure,4984.0,968.0,4.8245,59.12
151.408,measure,4984.0,968.0,4.8245,59.41
151.509,measure,4984.0,968.0,4.8245,59.34
151.609,measure,4984.0,968.0,4.8245,59.41
151.709,measure,4984.0,960.0,4.7846,59.31
151.809,measure,4984.0,968.0,4.8245,59.25
151.909,measure,4992.0,960.0,4.7923,59.25
152.009,measure,4984.0,960.0,4.7846,59.25
152.109,measure,4984.0,960.0,4.7846,59.28
152.209,measure,4984.0,968.0,4.8245,59.22
152.310,measure,4984.0,968.0,4.8245,59.47
152.410,measure,4984.0,968.0,4.8245,59.41
152.510,measure,4984.0,968.0,4.8245,59.34
152.610,measure,4984.0,968.0,4.8245,59.34
152.710,measure,4984.0,968.0,4.8245,59.25
152.810,measure,4984.0,968.0,4.8245,59.25
152.910,measure,4984.0,968.0,4.8245,59.25
153.011,measure,4984.0,968.0,4.8245,59.09
153.111,measure,4984.0,968.0,4.8245,59.19
153.211,measure,4984.0,968.0,4.8245,59.41
153.311,measure,4984.0,976.0,4.8644,59.41
153.411,measure,4984.0,976.0,4.8644,59.34
153.511,measure,4984.0,976.0,4.8644,59.31
153.611,measure,4984.0,976.0,4.8644,59.31
153.712,measure,4984.0,976.0,4.8644,59.22
153.812,measure,4984.0,976.0,4.8644,59.31
153.912,measure,4984.0,976.0,4.8644,59.19
154.012,measure,4984.0,976.0,4.8644,59.25
154.112,measure,4984.0,976.0,4.8644,59.41
154.212,measure,4984.0,976.0,4.8644,59.41
154.312,measure,4984.0,976.0,4.8644,59.38
154.413,measure,4984.0,968.0,4.8245,59.31
154.513,measure,4984.0,968.0,4.8245,59.28
154.613,measure,4984.0,968.0,4.8245,59.28
154.713,measure,4984.0,968.0,4.8245,59.28
154.813,measure,4984.0,968.0,4.8245,59.16
154.913,measure,4984.0,968.0,4.8245,59.09
155.013,measure,4984.0,968.0,4.8245,59.41
155.114,measure,4984.0,968.0,4.8245,59.41
155.214,measure,4984.0,968.0,4.8245,59.31
155.314,measure,4984.0,968.0,4.8245,59.22
155.414,measure,4984.0,968.0,4.8245,59.28
155.514,measure,4984.0,968.0,4.8245,59.25
155.614,measure,4984.0,968.0,4.8245,59.22
155.714,measure,4984.0,968.0,4.8245,59.19
155.815,measure,4984.0,968.0,4.8245,59.09
155.915,measure,4984.0,968.0,4.8245,59.44
156.015,measure,4984.0,968.0,4.8245,59.41
156.115,measure,4984.0,968.0,4.8245,59.38
156.215,measure,4984.0,968.0,4.8245,59.34
156.315,measure,4984.0,968.0,4.8245,59.28
156.415,measure,4984.0,968.0,4.8245,59.22
156.516,measure,4984.0,968.0,4.8245,59.19
156.616,measure,4984.0,968.0,4.8245,59.19
156.716,measure,4984.0,968.0,4.8245,59.25
156.816,measure,4984.0,968.0,4.8245,59.41
156.916,measure,4984.0,968.0,4.8245,59.41
157.016,measure,4984.0,968.0,4.8245,59.38
157.116,measure,4984.0,968.0,4.8245,59.34
157.217,measure,4984.0,960.0,4.7846,59.34
157.317,measure,4984.0,960.0,4.7846,59.19
157.417,measure,4984.0,960.0,4.7846,59.22
157.517,measure,4984.0,960.0,4.7846,59.28
157.617,measure,4984.0,960.0,4.7846,59.19
157.717,measure,4984.0,960.0,4.7846,59.22
157.817,measure,4984.0,960.0,4.7846,59.38
157.918,measure,4984.0,960.0,4.7846,59.38
158.018,measure,4984.0,960.0,4.7846,59.28
158.118,measure,4984.0,960.0,4.7846,59.25
158.218,measure,4984.0,960.0,4.7846,59.25
158.318,measure,4984.0,960.0,4.7846,59.19
158.418,measure,4984.0,960.0,4.7846,59.22
158.518,measure,4984.0,960.0,4.7846,59.19
158.619,measure,4984.0,960.0,4.7846,59.16
158.719,measure,4984.0,960.0,4.7846,59.41
158.819,measure,4984.0,968.0,4.8245,59.41
158.919,measure,4984.0,968.0,4.8245,59.38
159.019,measure,4984.0,968.0,4.8245,59.28
159.119,measure,4984.0,960.0,4.7846,59.22
159.219,measure,4992.0,960.0,4.7923,59.22
159.320,measure,4984.0,960.0,4.7846,59.28
159.420,measure,4984.0,960.0,4.7846,59.19
159.520,measure,4992.0,960.0,4.7923,59.16
159.620,measure,4992.0,960.0,4.7923,59.44
159.720,measure,4984.0,960.0,4.7846,59.34
159.820,measure,4992.0,960.0,4.7923,59.31
159.920,measure,4992.0,960.0,4.7923,59.28
160.020,measure,4984.0,960.0,4.7846,59.25
160.121,measure,4984.0,960.0,4.7846,59.22
160.221,measure,4992.0,960.0,4.7923,59.19
160.321,measure,4992.0,960.0,4.7923,59.16
160.421,measure,4992.0,960.0,4.7923,59.25
160.521,measure,4992.0,960.0,4.7923,59.19
160.621,measure,4992.0,960.0,4.7923,59.38
160.721,measure,4992.0,960.0,4.7923,59.34
160.822,measure,4992.0,960.0,4.7923,59.41
160.922,measure,4992.0,960.0,4.7923,59.31
161.022,measure,4984.0,960.0,4.7846,59.19
161.122,measure,4992.0,960.0,4.7923,59.25
161.222,measure,4992.0,960.0,4.7923,59.22
161.322,measure,4992.0,960.0,4.7923,59.16
161.423,measure,4992.0,960.0,4.7923,59.16
161.523,measure,4992.0,960.0,4.7923,59.44
161.623,measure,4992.0,960.0,4.7923,59.31
161.723,measure,4992.0,960.0,4.7923,59.34
161.823,measure,4992.0,960.0,4.7923,59.25
161.923,measure,4992.0,960.0,4.7923,59.25
162.023,measure,4992.0,960.0,4.7923,59.22
162.124,measure,4992.0,960.0,4.7923,59.16
162.224,measure,4992.0,960.0,4.7923,59.12
162.324,measure,4992.0,960.0,4.7923,59.19
162.424,measure,4992.0,960.0,4.7923,59.41
162.524,measure,4992.0,960.0,4.7923,59.31
162.624,measure,4992.0,960.0,4.7923,59.19
162.724,measure,4992.0,960.0,4.7923,59.28
162.825,measure,4992.0,960.0,4.7923,59.22
162.925,measure,4992.0,960.0,4.7923,59.25
163.025,measure,4984.0,960.0,4.7846,59.19
163.125,measure,4992.0,960.0,4.7923,59.19
163.225,measure,4992.0,960.0,4.7923,59.09
163.325,measure,4984.0,960.0,4.7846,59.16
163.425,measure,4992.0,960.0,4.7923,59.34
163.526,measure,4992.0,960.0,4.7923,59.31
163.626,measure,4992.0,960.0,4.7923,59.25
163.726,measure,4992.0,960.0,4.7923,59.28
163.826,measure,4992.0,960.0,4.7923,59.31
163.926,measure,4992.0,960.0,4.7923,59.22
164.026,measure,4992.0,960.0,4.7923,59.19
164.126,measure,4992.0,960.0,4.7923,59.19
164.227,measure,4984.0,960.0,4.7846,59.16
164.327,measure,4992.0,960.0,4.7923,59.28
164.427,measure,4984.0,960.0,4.7846,59.31
164.527,measure,4992.0,960.0,4.7923,59.25
164.627,measure,4992.0,960.0,4.7923,59.19
164.727,measure,4984.0,960.0,4.7846,59.25
164.827,measure,4992.0,960.0,4.7923,59.25
164.928,measure,4992.0,960.0,4.7923,59.16
165.028,measure,4984.0,960.0,4.7846,59.19
165.128,measure,4992.0,960.0,4.7923,59.22
165.228,measure,4992.0,960.0,4.7923,59.28
165.328,measure,4992.0,960.0,4.7923,59.34
165.428,measure,4992.0,960.0,4.7923,59.28
165.528,measure,4984.0,960.0,4.7846,59.22
165.629,measure,4992.0,960.0,4.7923,59.25
165.729,measure,4992.0,960.0,4.7923,59.12
165.829,measure,4984.0,960.0,4.7846,59.19
165.929,measure,4984.0,960.0,4.7846,59.19
166.029,measure,4984.0,960.0,4.7846,59.16
166.129,measure,4984.0,960.0,4.7846,59.25
166.229,measure,4984.0,960.0,4.7846,59.31
166.330,measure,4984.0,960.0,4.7846,59.31
166.430,measure,4984.0,960.0,4.7846,59.25
166.530,measure,4984.0,960.0,4.7846,59.22
166.630,measure,4984.0,960.0,4.7846,59.16
166.730,measure,4984.0,960.0,4.7846,59.22
166.830,measure,4984.0,960.0,4.7846,59.28
166.930,measure,4984.0,960.0,4.7846,59.22
167.031,measure,4984.0,960.0,4.7846,59.31
167.131,measure,4984.0,960.0,4.7846,59.41
167.231,measure,4992.0,960.0,4.7923,59.25
167.331,measure,4992.0,960.0,4.7923,59.28
167.431,measure,4992.0,960.0,4.7923,59.31
167.531,measure,4992.0,960.0,4.7923,59.25
167.631,measure,4992.0,960.0,4.7923,59.16
167.732,measure,4992.0,960.0,4.7923,59.12
167.832,measure,4992.0,960.0,4.7923,59.12
167.932,measure,4984.0,960.0,4.7846,59.38
168.032,measure,4992.0,960.0,4.7923,59.34
168.132,measure,4992.0,960.0,4.7923,59.25
168.232,measure,4992.0,960.0,4.7923,59.25
168.332,measure,4992.0,960.0,4.7923,59.19
168.433,measure,4984.0,960.0,4.7846,59.22
168.533,measure,4984.0,960.0,4.7846,59.22
168.633,measure,4984.0,960.0,4.7846,59.25
168.733,measure,4984.0,960.0,4.7846,59.06
168.833,measure,4984.0,960.0,4.7846,59.31
168.933,measure,4984.0,960.0,4.7846,59.28
169.033,measure,4984.0,960.0,4.7846,59.22
169.133,measure,4984.0,960.0,4.7846,59.28
169.234,measure,4984.0,968.0,4.8245,59.25
169.334,measure,4984.0,968.0,4.8245,59.19
169.434,measure,4984.0,968.0,4.8245,59.09
169.534,measure,4984.0,968.0,4.8245,59.16
169.634,measure,4984.0,968.0,4.8245,59.12
169.734,measure,4984.0,968.0,4.8245,59.41
169.834,measure,4984.0,968.0,4.8245,59.28
169.935,measure,4984.0,968.0,4.8245,59.31
170.035,measure,4984.0,968.0,4.8245,59.25
170.135,measure,4984.0,968.0,4.8245,59.16
170.235,measure,4984.0,976.0,4.8644,59.22
170.335,measure,4984.0,976.0,4.8644,59.19
170.435,measure,4984.0,976.0,4.8644,59.09
170.535,measure,4984.0,976.0,4.8644,59.12
170.636,measure,4984.0,976.0,4.8644,59.38
170.736,measure,4984.0,976.0,4.8644,59.34
170.836,measure,4984.0,968.0,4.8245,59.25
170.936,measure,4984.0,968.0,4.8245,59.19
171.036,measure,4984.0,968.0,4.8245,59.22
171.136,measure,4984.0,968.0,4.8245,59.22
171.236,measure,4984.0,968.0,4.8245,59.25
171.337,measure,4984.0,968.0,4.8245,59.16
171.437,measure,4984.0,968.0,4.8245,59.16
171.537,measure,4984.0,960.0,4.7846,59.38
171.637,measure,4992.0,960.0,4.7923,59.34
171.737,measure,4992.0,960.0,4.7923,59.25
171.837,measure,4992.0,960.0,4.7923,59.22
171.937,measure,4992.0,960.0,4.7923,59.25
172.038,measure,4992.0,960.0,4.7923,59.16
172.138,measure,4992.0,960.0,4.7923,59.12
172.238,measure,4992.0,960.0,4.7923,59.19
172.338,measure,4992.0,960.0,4.7923,59.16
172.438,measure,4992.0,968.0,4.8323,59.38
172.538,measure,4984.0,960.0,4.7846,59.28
172.638,measure,4992.0,960.0,4.7923,59.31
172.739,measure,4992.0,968.0,4.8323,59.19
172.839,measure,4992.0,960.0,4.7923,59.22
172.939,measure,4992.0,960.0,4.7923,59.22
173.039,measure,4984.0,960.0,4.7846,59.22
173.139,measure,4984.0,960.0,4.7846,59.25
173.239,measure,4984.0,960.0,4.7846,59.16
173.339,measure,4984.0,968.0,4.8245,59.38
173.440,measure,4992.0,960.0,4.7923,59.31
173.540,measure,4984.0,960.0,4.7846,59.28
173.640,measure,4984.0,960.0,4.7846,59.28
173.740,measure,4992.0,960.0,4.7923,59.19
173.840,measure,4984.0,960.0,4.7846,59.25
173.940,measure,4984.0,960.0,4.7846,59.19
174.040,measure,4984.0,960.0,4.7846,59.12
174.141,measure,4992.0,960.0,4.7923,59.19
174.241,measure,4984.0,960.0,4.7846,59.12
174.341,measure,4984.0,968.0,4.8245,59.38
174.441,measure,4984.0,968.0,4.8245,59.34
174.541,measure,4984.0,968.0,4.8245,59.25
174.641,measure,4984.0,968.0,4.8245,59.28
174.741,measure,4984.0,968.0,4.8245,59.16
174.842,measure,4984.0,968.0,4.8245,59.22
174.942,measure,4984.0,968.0,4.8245,59.09
175.042,measure,4984.0,968.0,4.8245,59.16
175.142,measure,4984.0,968.0,4.8245,59.16
175.242,measure,4984.0,968.0,4.8245,59.41
175.342,measure,4984.0,968.0,4.8245,59.28
175.443,measure,4984.0,968.0,4.8245,59.22
175.543,measure,4984.0,968.0,4.8245,59.22
175.643,measure,4984.0,968.0,4.8245,59.25
175.743,measure,4984.0,968.0,4.8245,59.16
175.843,measure,4984.0,968.0,4.8245,59.12
175.943,measure,4984.0,960.0,4.7846,59.06
176.043,measure,4984.0,960.0,4.7846,59.19
176.144,measure,4984.0,960.0,4.7846,59.41
176.244,measure,4984.0,960.0,4.7846,59.34
176.344,measure,4984.0,960.0,4.7846,59.28
176.444,measure,4984.0,960.0,4.7846,59.25
176.544,measure,4992.0,960.0,4.7923,59.16
176.644,measure,4992.0,960.0,4.7923,59.22
176.744,measure,4984.0,960.0,4.7846,59.22
176.845,measure,4984.0,960.0,4.7846,59.12
176.945,measure,4992.0,960.0,4.7923,59.12
177.045,measure,4984.0,960.0,4.7846,59.16
177.145,measure,4984.0,960.0,4.7846,59.38
177.245,measure,4984.0,960.0,4.7846,59.28
177.345,measure,4984.0,960.0,4.7846,59.25
177.445,measure,4984.0,960.0,4.7846,59.25
177.546,measure,4984.0,960.0,4.7846,59.22
177.646,measure,4984.0,960.0,4.7846,59.22
177.746,measure,4984.0,960.0,4.7846,59.25
177.846,measure,4992.0,960.0,4.7923,59.16
177.946,measure,4992.0,960.0,4.7923,59.06
178.046,measure,4992.0,960.0,4.7923,59.25
178.146,measure,4992.0,960.0,4.7923,59.25
178.246,measure,4984.0,960.0,4.7846,59.25
178.347,measure,4984.0,960.0,4.7846,59.19
178.447,measure,4984.0,960.0,4.7846,59.22
178.547,measure,4984.0,960.0,4.7846,59.09
178.647,measure,4984.0,960.0,4.7846,59.16
178.747,measure,4984.0,960.0,4.7846,59.12
178.847,measure,4984.0,960.0,4.7846,59.03
178.947,measure,4984.0,960.0,4.7846,59.31
179.048,measure,4992.0,960.0,4.7923,59.31
179.148,measure,4984.0,960.0,4.7846,59.22
179.248,measure,4992.0,960.0,4.7923,59.19
179.348,measure,4992.0,960.0,4.7923,59.16
179.448,measure,4984.0,960.0,4.7846,59.16
179.548,measure,4984.0,960.0,4.7846,59.16
179.648,measure,4984.0,960.0,4.7846,59.09
179.748,measure,4992.0,960.0,4.7923,59.16
179.849,measure,4992.0,960.0,4.7923,59.22
179.949,measure,4992.0,960.0,4.7923,59.25
180.049,measure,4984.0,960.0,4.7846,59.31
180.149,measure,4992.0,960.0,4.7923,59.19
180.249,measure,4992.0,960.0,4.7923,59.16
180.349,measure,4992.0,960.0,4.7923,59.03
180.449,measure,4984.0,960.0,4.7846,59.19
180.550,measure,4992.0,960.0,4.7923,59.12
180.650,measure,4992.0,960.0,4.7923,59.00
180.750,measure,4992.0,960.0,4.7923,59.41
180.850,measure,4992.0,960.0,4.7923,59.31
180.950,measure,4992.0,960.0,4.7923,59.19
181.050,measure,4984.0,960.0,4.7846,59.19
181.150,measure,4984.0,960.0,4.7846,59.16
181.250,measure,4984.0,960.0,4.7846,59.16
181.351,measure,4984.0,960.0,4.7846,59.12
181.451,measure,4984.0,960.0,4.7846,59.16
181.551,measure,4992.0,960.0,4.7923,59.03
181.651,measure,4992.0,960.0,4.7923,59.28
181.751,measure,4992.0,960.0,4.7923,59.28
181.851,measure,4992.0,960.0,4.7923,59.22
181.951,measure,4984.0,960.0,4.7846,59.22
182.052,measure,4984.0,960.0,4.7846,59.16
182.152,measure,4984.0,960.0,4.7846,59.19
182.252,measure,4984.0,960.0,4.7846,59.16
182.352,measure,4984.0,960.0,4.7846,59.09
182.452,measure,4984.0,960.0,4.7846,59.12
182.552,measure,4984.0,968.0,4.8245,59.31
182.652,measure,4984.0,968.0,4.8245,59.28
182.752,measure,4984.0,968.0,4.8245,59.19
182.853,measure,4984.0,968.0,4.8245,59.16
182.953,measure,4984.0,960.0,4.7846,59.22
183.053,measure,4984.0,960.0,4.7846,59.16
183.153,measure,4984.0,960.0,4.7846,59.16
183.253,measure,4984.0,968.0,4.8245,59.16
183.353,measure,4984.0,968.0,4.8245,59.09
183.453,measure,4984.0,968.0,4.8245,59.41
183.554,measure,4984.0,968.0,4.8245,59.25
183.654,measure,4984.0,960.0,4.7846,59.25
183.754,measure,4984.0,960.0,4.7846,59.22
183.854,measure,4984.0,960.0,4.7846,59.16
183.954,measure,4992.0,960.0,4.7923,59.25
184.054,measure,4984.0,960.0,4.7846,59.09
184.154,measure,4992.0,960.0,4.7923,59.12
184.254,measure,4984.0,960.0,4.7846,59.34
184.355,measure,4992.0,960.0,4.7923,59.28
184.455,measure,4984.0,960.0,4.7846,59.38
184.555,measure,4984.0,960.0,4.7846,59.28
184.655,measure,4984.0,960.0,4.7846,59.19
184.755,measure,4992.0,960.0,4.7923,59.22
184.855,measure,4984.0,960.0,4.7846,59.25
184.955,measure,4992.0,960.0,4.7923,59.09
185.055,measure,4992.0,960.0,4.7923,59.16
185.156,measure,4984.0,960.0,4.7846,59.38
185.256,measure,4984.0,960.0,4.7846,59.31
185.356,measure,4984.0,960.0,4.7846,59.34
185.456,measure,4992.0,960.0,4.7923,59.22
185.556,measure,4984.0,968.0,4.8245,59.25
185.656,measure,4984.0,968.0,4.8245,59.12
185.756,measure,4984.0,968.0,4.8245,59.12
185.857,measure,4984.0,968.0,4.8245,59.12
185.957,measure,4984.0,968.0,4.8245,59.12
186.057,measure,4984.0,968.0,4.8245,59.06
186.157,measure,4984.0,968.0,4.8245,59.41
186.257,measure,4984.0,968.0,4.8245,59.41
186.357,measure,4984.0,968.0,4.8245,59.19
186.457,measure,4984.0,968.0,4.8245,59.16
186.557,measure,4984.0,968.0,4.8245,59.25
186.658,measure,4984.0,976.0,4.8644,59.06
186.758,measure,4984.0,976.0,4.8644,59.12
186.858,measure,4984.0,976.0,4.8644,59.16
186.958,measure,4984.0,976.0,4.8644,59.12
187.058,measure,4984.0,976.0,4.8644,59.31
187.158,measure,4984.0,976.0,4.8644,59.31
187.258,measure,4984.0,976.0,4.8644,59.22
187.358,measure,4984.0,976.0,4.8644,59.25
187.459,measure,4984.0,976.0,4.8644,59.16
187.559,measure,4984.0,976.0,4.8644,59.06
187.659,measure,4984.0,968.0,4.8245,59.19
187.759,measure,4984.0,968.0,4.8245,59.12
187.859,measure,4984.0,968.0,4.8245,59.16
187.959,measure,4984.0,968.0,4.8245,59.06
188.059,measure,4984.0,968.0,4.8245,59.25
188.159,measure,4984.0,968.0,4.8245,59.25
188.260,measure,4984.0,960.0,4.7846,59.22
188.360,measure,4984.0,960.0,4.7846,59.19
188.460,measure,4984.0,960.0,4.7846,59.19
188.560,measure,4984.0,960.0,4.7846,59.16
188.660,measure,4984.0,960.0,4.7846,59.16
188.760,measure,4984.0,960.0,4.7846,59.06
188.860,measure,4984.0,960.0,4.7846,59.09
188.961,measure,4992.0,960.0,4.7923,59.19
189.061,measure,4992.0,960.0,4.7923,59.25
189.161,measure,4984.0,960.0,4.7846,59.28
189.261,measure,4992.0,960.0,4.7923,59.16
189.361,measure,4984.0,960.0,4.7846,59.16
189.461,measure,4992.0,960.0,4.7923,59.12
189.561,measure,4984.0,960.0,4.7846,59.09
189.661,measure,4984.0,960.0,4.7846,59.06
189.762,measure,4992.0,960.0,4.7923,59.09
189.862,measure,4984.0,960.0,4.7846,59.22
189.962,measure,4984.0,960.0,4.7846,59.22
190.062,measure,4984.0,960.0,4.7846,59.22
190.162,measure,4992.0,960.0,4.7923,59.09
190.262,measure,4984.0,960.0,4.7846,59.19
190.362,measure,4992.0,960.0,4.7923,59.12
190.462,measure,4992.0,960.0,4.7923,59.12
190.563,measure,4992.0,960.0,4.7923,59.09
190.663,measure,4992.0,960.0,4.7923,59.09
190.763,measure,4992.0,960.0,4.7923,59.28
190.863,measure,4992.0,960.0,4.7923,59.25
190.963,measure,4992.0,960.0,4.7923,59.22
191.063,measure,4984.0,960.0,4.7846,59.19
191.163,measure,4984.0,960.0,4.7846,59.16
191.263,measure,4992.0,960.0,4.7923,59.19
191.364,measure,4992.0,960.0,4.7923,59.09
191.464,measure,4992.0,960.0,4.7923,59.12
191.564,measure,4992.0,960.0,4.7923,59.06
191.664,measure,4992.0,960.0,4.7923,59.25
191.764,measure,4984.0,960.0,4.7846,59.25
191.864,measure,4984.0,960.0,4.7846,59.28
191.964,measure,4992.0,960.0,4.7923,59.19
192.065,measure,4984.0,960.0,4.7846,59.22
192.165,measure,4984.0,960.0,4.7846,59.16
192.265,measure,4984.0,960.0,4.7846,59.09
192.365,measure,4984.0,960.0,4.7846,59.19
192.465,measure,4984.0,960.0,4.7846,59.06
192.565,measure,4992.0,960.0,4.7923,59.38
192.665,measure,4992.0,960.0,4.7923,59.25
192.766,measure,4992.0,960.0,4.7923,59.19
192.866,measure,4992.0,960.0,4.7923,59.12
192.966,measure,4992.0,960.0,4.7923,59.22
193.066,measure,4992.0,960.0,4.7923,59.19
193.166,measure,4992.0,960.0,4.7923,59.12
193.266,measure,4992.0,960.0,4.7923,59.09
193.366,measure,4992.0,960.0,4.7923,59.06
193.467,measure,4992.0,960.0,4.7923,59.34
193.567,measure,4992.0,960.0,4.7923,59.28
193.667,measure,4992.0,960.0,4.7923,59.28
193.767,measure,4992.0,960.0,4.7923,59.12
193.867,measure,4992.0,960.0,4.7923,59.19
193.967,measure,4992.0,960.0,4.7923,59.16
194.068,measure,4992.0,960.0,4.7923,59.19
194.168,measure,4992.0,960.0,4.7923,59.19
194.268,measure,4992.0,960.0,4.7923,59.09
194.368,measure,4992.0,960.0,4.7923,59.16
194.468,measure,4992.0,960.0,4.7923,59.22
194.568,measure,4992.0,952.0,4.7524,59.31
194.668,measure,4992.0,952.0,4.7524,59.25
194.769,measure,4984.0,960.0,4.7846,59.19
194.869,measure,4992.0,960.0,4.7923,59.19
194.969,measure,4992.0,960.0,4.7923,59.09
195.069,measure,4992.0,960.0,4.7923,59.03
195.169,measure,4992.0,960.0,4.7923,59.12
195.269,measure,4992.0,960.0,4.7923,59.34
195.369,measure,4992.0,960.0,4.7923,59.34
195.469,measure,4992.0,952.0,4.7524,59.31
195.570,measure,4992.0,952.0,4.7524,59.19
195.670,measure,4992.0,952.0,4.7524,59.22
195.770,measure,4992.0,952.0,4.7524,59.12
195.870,measure,4992.0,960.0,4.7923,59.12
195.970,measure,4992.0,960.0,4.7923,59.12
196.070,measure,4992.0,952.0,4.7524,59.06
196.170,measure,4992.0,960.0,4.7923,59.28
196.271,measure,4992.0,952.0,4.7524,59.28
196.371,measure,4992.0,952.0,4.7524,59.34
196.471,measure,4992.0,960.0,4.7923,59.16
196.571,measure,4992.0,952.0,4.7524,59.16
196.671,measure,4992.0,952.0,4.7524,59.12
196.771,measure,4992.0,960.0,4.7923,59.09
196.871,measure,4992.0,960.0,4.7923,59.12
196.972,measure,4992.0,952.0,4.7524,59.03
197.072,measure,4992.0,960.0,4.7923,59.28
197.172,measure,4992.0,960.0,4.7923,59.34
197.272,measure,4992.0,960.0,4.7923,59.16
197.372,measure,4984.0,968.0,4.8245,59.16
197.472,measure,4984.0,960.0,4.7846,59.22
197.572,measure,4984.0,960.0,4.7846,59.09
197.673,measure,4992.0,960.0,4.7923,59.16
197.773,measure,4992.0,960.0,4.7923,59.16
197.873,measure,4984.0,960.0,4.7846,59.09
197.973,measure,4992.0,960.0,4.7923,59.31
198.074,measure,4984.0,960.0,4.7846,59.31
198.174,measure,4984.0,960.0,4.7846,59.25
198.274,measure,4984.0,960.0,4.7846,59.16
198.374,measure,4984.0,960.0,4.7846,59.22
198.474,measure,4984.0,960.0,4.7846,59.19
198.574,measure,4984.0,960.0,4.7846,59.12
198.674,measure,4984.0,960.0,4.7846,59.16
198.774,measure,4984.0,960.0,4.7846,59.12
198.875,measure,4984.0,960.0,4.7846,59.06
198.975,measure,4984.0,960.0,4.7846,59.41
199.075,measure,4984.0,960.0,4.7846,59.31
199.175,measure,4984.0,960.0,4.7846,59.25
199.275,measure,4984.0,968.0,4.8245,59.19
199.375,measure,4984.0,968.0,4.8245,59.19
199.475,measure,4984.0,968.0,4.8245,59.09
199.576,measure,4984.0,968.0,4.8245,59.16
199.676,measure,4984.0,960.0,4.7846,59.12
199.776,measure,4984.0,960.0,4.7846,59.06
199.876,measure,4984.0,968.0,4.8245,59.38
199.976,measure,4984.0,968.0,4.8245,59.28
200.076,measure,4984.0,968.0,4.8245,59.16
200.176,measure,4984.0,968.0,4.8245,59.12
200.277,measure,4984.0,968.0,4.8245,59.16
200.377,measure,4984.0,968.0,4.8245,59.22
200.477,measure,4984.0,968.0,4.8245,59.09
200.577,measure,4984.0,960.0,4.7846,59.03
200.677,measure,4984.0,960.0,4.7846,59.09
200.777,measure,4984.0,960.0,4.7846,59.31
200.877,measure,4992.0,960.0,4.7923,59.28
200.978,measure,4984.0,960.0,4.7846,59.28
201.078,measure,4984.0,960.0,4.7846,59.19
201.178,measure,4984.0,960.0,4.7846,59.09
201.278,measure,4984.0,960.0,4.7846,59.06
201.378,measure,4984.0,960.0,4.7846,59.12
201.478,measure,4984.0,960.0,4.7846,59.09
201.578,measure,4984.0,960.0,4.7846,59.12
201.678,measure,4984.0,960.0,4.7846,59.28
201.779,measure,4984.0,960.0,4.7846,59.31
201.879,measure,4992.0,960.0,4.7923,59.22
201.979,measure,4984.0,960.0,4.7846,59.19
202.079,measure,4992.0,960.0,4.7923,59.09
202.179,measure,4992.0,960.0,4.7923,59.09
202.279,measure,4984.0,968.0,4.8245,59.09
202.379,measure,4984.0,968.0,4.8245,59.06
202.480,measure,4984.0,968.0,4.8245,59.09
202.580,measure,4984.0,968.0,4.8245,59.06
202.680,measure,4984.0,968.0,4.8245,59.28
202.780,measure,4984.0,968.0,4.8245,59.16
202.880,measure,4984.0,968.0,4.8245,59.25
202.980,measure,4984.0,968.0,4.8245,59.19
203.080,measure,4984.0,968.0,4.8245,59.09
203.180,measure,4984.0,968.0,4.8245,59.09
203.281,measure,4984.0,968.0,4.8245,59.03
203.381,measure,4984.0,976.0,4.8644,59.06
203.481,measure,4984.0,976.0,4.8644,59.06
203.581,measure,4984.0,976.0,4.8644,59.34
203.681,measure,4984.0,976.0,4.8644,59.09
203.781,measure,4984.0,976.0,4.8644,59.22
203.881,measure,4984.0,976.0,4.8644,59.12
203.982,measure,4984.0,976.0,4.8644,59.09
204.082,measure,4984.0,976.0,4.8644,59.12
204.182,measure,4984.0,976.0,4.8644,59.22
204.282,measure,4984.0,976.0,4.8644,59.12
204.382,measure,4984.0,968.0,4.8245,59.09
204.482,measure,4984.0,968.0,4.8245,59.25
204.582,measure,4984.0,968.0,4.8245,59.34
204.682,measure,4984.0,968.0,4.8245,59.22
204.783,measure,4984.0,968.0,4.8245,59.22
204.883,measure,4984.0,968.0,4.8245,59.12
204.983,measure,4984.0,968.0,4.8245,59.09
205.083,measure,4984.0,968.0,4.8245,59.06
205.183,measure,4984.0,968.0,4.8245,59.09
205.283,measure,4984.0,968.0,4.8245,59.03
205.383,measure,4984.0,968.0,4.8245,59.31
205.484,measure,4984.0,968.0,4.8245,59.31
205.584,measure,4984.0,960.0,4.7846,59.19
205.684,measure,4984.0,960.0,4.7846,59.19
205.784,measure,4984.0,960.0,4.7846,59.06
205.884,measure,4984.0,960.0,4.7846,59.03
205.984,measure,4984.0,960.0,4.7846,59.06
206.084,measure,4984.0,968.0,4.8245,59.16
206.185,measure,4984.0,968.0,4.8245,59.03
206.285,measure,4984.0,960.0,4.7846,59.22
206.385,measure,4984.0,968.0,4.8245,59.31
206.485,measure,4984.0,968.0,4.8245,59.19
206.585,measure,4984.0,968.0,4.8245,59.25
206.685,measure,4984.0,968.0,4.8245,59.09
206.786,measure,4984.0,968.0,4.8245,59.16
206.886,measure,4992.0,960.0,4.7923,59.06
206.986,measure,4984.0,960.0,4.7846,59.03
207.086,measure,4984.0,968.0,4.8245,59.09
207.186,measure,4984.0,960.0,4.7846,59.03
207.286,measure,4984.0,960.0,4.7846,59.25
207.386,measure,4984.0,960.0,4.7846,59.12
207.487,measure,4984.0,960.0,4.7846,59.12
207.587,measure,4984.0,960.0,4.7846,59.09
207.687,measure,4992.0,960.0,4.7923,59.09
207.787,measure,4992.0,960.0,4.7923,59.12
207.887,measure,4992.0,960.0,4.7923,59.12
207.987,measure,4992.0,960.0,4.7923,58.97
208.087,measure,4992.0,960.0,4.7923,59.31
208.188,measure,4984.0,960.0,4.7846,59.22
208.288,measure,4984.0,960.0,4.7846,59.22
208.388,measure,4984.0,960.0,4.7846,59.12
208.488,measure,4984.0,968.0,4.8245,59.19
208.588,measure,4984.0,968.0,4.8245,59.12
208.688,measure,4984.0,968.0,4.8245,59.09
208.788,measure,4984.0,968.0,4.8245,59.12
208.889,measure,4992.0,968.0,4.8323,59.06
208.989,measure,4992.0,960.0,4.7923,59.03
209.089,measure,4992.0,960.0,4.7923,59.22
209.189,measure,4992.0,960.0,4.7923,59.19
209.289,measure,4992.0,960.0,4.7923,59.19
209.389,measure,4992.0,960.0,4.7923,59.12
209.489,measure,4992.0,960.0,4.7923,59.12
209.590,measure,4992.0,960.0,4.7923,59.12
209.690,measure,4992.0,960.0,4.7923,59.12
209.790,measure,4992.0,960.0,4.7923,59.06
209.890,measure,4992.0,960.0,4.7923,59.28
209.990,measure,4992.0,960.0,4.7923,59.34
210.090,measure,4992.0,960.0,4.7923,59.19
210.190,measure,4992.0,960.0,4.7923,59.19
210.291,measure,4992.0,960.0,4.7923,59.12
210.391,measure,4992.0,960.0,4.7923,59.09
210.491,measure,4984.0,960.0,4.7846,59.12
210.591,measure,4992.0,960.0,4.7923,59.09
210.691,measure,4992.0,960.0,4.7923,58.97
210.791,measure,4992.0,960.0,4.7923,59.28
210.891,measure,4992.0,960.0,4.7923,59.25
210.992,measure,4992.0,960.0,4.7923,59.19
211.092,measure,4992.0,960.0,4.7923,59.19
211.192,measure,4992.0,960.0,4.7923,59.19
211.292,measure,4992.0,960.0,4.7923,59.09
211.392,measure,4992.0,960.0,4.7923,59.09
211.492,measure,4992.0,960.0,4.7923,59.09
211.592,measure,4992.0,960.0,4.7923,59.09
211.693,measure,4992.0,960.0,4.7923,59.06
211.793,measure,4992.0,960.0,4.7923,59.25
211.893,measure,4992.0,960.0,4.7923,59.25
211.993,measure,4992.0,960.0,4.7923,59.22
212.093,measure,4992.0,960.0,4.7923,59.19
212.193,measure,4992.0,960.0,4.7923,59.06
212.293,measure,4992.0,960.0,4.7923,59.09
212.393,measure,4992.0,960.0,4.7923,59.06
212.494,measure,4992.0,960.0,4.7923,59.03
212.594,measure,4992.0,960.0,4.7923,59.31
212.694,measure,4992.0,960.0,4.7923,59.31
212.794,measure,4992.0,960.0,4.7923,59.25
212.894,measure,4992.0,960.0,4.7923,59.19
212.994,measure,4992.0,952.0,4.7524,59.09
213.094,measure,4992.0,952.0,4.7524,59.16
213.195,measure,4984.0,960.0,4.7846,59.03
213.295,measure,4992.0,960.0,4.7923,59.09
213.395,measure,4992.0,960.0,4.7923,59.09
213.495,measure,4992.0,960.0,4.7923,59.09
213.595,measure,4992.0,960.0,4.7923,59.25
213.695,measure,4992.0,960.0,4.7923,59.16
213.795,measure,4992.0,960.0,4.7923,59.19
213.895,measure,4992.0,960.0,4.7923,59.19
213.996,measure,4992.0,960.0,4.7923,59.12
214.096,measure,4992.0,952.0,4.7524,59.12
214.196,measure,4992.0,960.0,4.7923,59.12
214.296,measure,4992.0,960.0,4.7923,59.06
214.396,measure,4992.0,960.0,4.7923,59.09
214.496,measure,4992.0,960.0,4.7923,59.31
214.596,measure,4992.0,960.0,4.7923,59.28
214.697,measure,4992.0,960.0,4.7923,59.16
214.797,measure,4992.0,960.0,4.7923,59.12
214.897,measure,4992.0,960.0,4.7923,59.12
214.997,measure,4992.0,960.0,4.7923,59.06
215.097,measure,4992.0,960.0,4.7923,59.00
215.197,measure,4992.0,960.0,4.7923,59.09
215.297,measure,4992.0,960.0,4.7923,59.06
215.397,measure,4992.0,960.0,4.7923,59.31
215.498,measure,4992.0,960.0,4.7923,59.22
215.598,measure,4992.0,960.0,4.7923,59.12
215.698,measure,4992.0,960.0,4.7923,59.16
215.798,measure,4992.0,960.0,4.7923,59.09
215.898,measure,4992.0,960.0,4.7923,59.06
215.998,measure,4992.0,960.0,4.7923,59.06
216.098,measure,4992.0,960.0,4.7923,59.03
216.199,measure,4992.0,960.0,4.7923,59.00
216.299,measure,4992.0,960.0,4.7923,59.00
216.399,measure,4992.0,960.0,4.7923,59.28
216.499,measure,4992.0,960.0,4.7923,59.19
216.599,measure,4992.0,960.0,4.7923,59.09
216.699,measure,4992.0,960.0,4.7923,59.16
216.799,measure,4992.0,960.0,4.7923,59.09
216.899,measure,4992.0,960.0,4.7923,58.97
217.000,measure,4992.0,960.0,4.7923,59.03
217.100,measure,4992.0,960.0,4.7923,59.09
217.200,measure,4992.0,960.0,4.7923,59.00
217.300,measure,4992.0,960.0,4.7923,59.19
217.400,measure,4992.0,960.0,4.7923,59.16
217.500,measure,4992.0,960.0,4.7923,59.19
217.600,measure,4992.0,960.0,4.7923,59.09
217.701,measure,4992.0,960.0,4.7923,59.09
217.801,measure,4992.0,960.0,4.7923,59.06
217.901,measure,4992.0,960.0,4.7923,59.00
218.001,measure,4992.0,960.0,4.7923,58.97
218.101,measure,4992.0,960.0,4.7923,59.03
218.201,measure,4992.0,960.0,4.7923,59.22
218.301,measure,4992.0,960.0,4.7923,59.12
218.401,measure,4992.0,960.0,4.7923,59.16
218.502,measure,4992.0,960.0,4.7923,59.00
218.602,measure,4992.0,960.0,4.7923,59.03
218.702,measure,4992.0,960.0,4.7923,59.06
218.802,measure,4992.0,960.0,4.7923,59.09
218.902,measure,4992.0,960.0,4.7923,59.06
219.002,measure,4992.0,960.0,4.7923,59.06
219.102,measure,4992.0,960.0,4.7923,59.28
219.203,measure,4992.0,960.0,4.7923,59.19
219.303,measure,4992.0,960.0,4.7923,59.16
219.403,measure,4984.0,960.0,4.7846,59.16
219.503,measure,4984.0,960.0,4.7846,59.09
219.603,measure,4992.0,960.0,4.7923,59.03
219.703,measure,4992.0,960.0,4.7923,59.06
219.803,measure,4992.0,960.0,4.7923,59.06
219.903,measure,4992.0,968.0,4.8323,59.09
220.004,measure,4984.0,968.0,4.8245,59.19
220.104,measure,4984.0,968.0,4.8245,59.16
220.204,measure,4984.0,968.0,4.8245,59.22
220.304,measure,4984.0,968.0,4.8245,59.12
220.404,measure,4984.0,976.0,4.8644,59.09
220.504,measure,4984.0,976.0,4.8644,59.03
220.604,measure,4984.0,976.0,4.8644,59.03
220.704,measure,4984.0,976.0,4.8644,59.00
220.805,measure,4984.0,976.0,4.8644,59.00
220.905,measure,4984.0,968.0,4.8245,59.22
221.005,measure,4984.0,968.0,4.8245,59.19
221.105,measure,4984.0,968.0,4.8245,59.16
221.205,measure,4984.0,968.0,4.8245,59.09
221.305,measure,4984.0,960.0,4.7846,59.09
221.405,measure,4984.0,968.0,4.8245,59.06
221.506,measure,4992.0,960.0,4.7923,59.06
221.606,measure,4992.0,960.0,4.7923,59.03
221.706,measure,4992.0,960.0,4.7923,59.00
221.806,measure,4992.0,960.0,4.7923,59.22
221.906,measure,4992.0,960.0,4.7923,59.19
222.006,measure,4992.0,960.0,4.7923,59.16
222.106,measure,4992.0,960.0,4.7923,59.12
222.206,measure,4992.0,960.0,4.7923,59.03
222.307,measure,4992.0,960.0,4.7923,59.12
222.407,measure,4992.0,960.0,4.7923,59.06
222.507,measure,4984.0,960.0,4.7846,59.00
222.607,measure,4984.0,960.0,4.7846,58.97
222.707,measure,4984.0,960.0,4.7846,59.25
222.807,measure,4984.0,960.0,4.7846,59.19
222.907,measure,4992.0,960.0,4.7923,59.09
223.008,measure,4992.0,960.0,4.7923,59.12
223.108,measure,4992.0,960.0,4.7923,59.16
223.208,measure,4992.0,960.0,4.7923,59.09
223.308,measure,4992.0,960.0,4.7923,59.03
223.408,measure,4984.0,968.0,4.8245,59.09
223.508,measure,4984.0,968.0,4.8245,59.06
223.608,measure,4984.0,968.0,4.8245,59.28
223.709,measure,4992.0,960.0,4.7923,59.22
223.809,measure,4992.0,960.0,4.7923,59.12
223.909,measure,4992.0,960.0,4.7923,59.12
224.009,measure,4992.0,960.0,4.7923,59.03
224.109,measure,4992.0,960.0,4.7923,59.06
224.209,measure,4992.0,960.0,4.7923,59.16
224.310,measure,4992.0,960.0,4.7923,59.03
224.410,measure,4984.0,976.0,4.8644,59.00
224.510,measure,4984.0,976.0,4.8644,58.97
224.610,measure,4984.0,976.0,4.8644,59.16
224.710,measure,4984.0,976.0,4.8644,59.22
224.811,measure,4984.0,968.0,4.8245,59.16
224.911,measure,4984.0,1008.0,5.0239,59.09
225.011,measure,4984.0,1048.0,5.2232,59.12
225.111,measure,4984.0,1072.0,5.3428,59.09
225.211,measure,4984.0,1064.0,5.3030,59.12
225.311,measure,4984.0,1072.0,5.3428,59.00
225.411,measure,4976.0,1096.0,5.4537,59.09
225.512,measure,4976.0,1120.0,5.5731,59.22
225.612,measure,4976.0,1128.0,5.6129,59.22
225.712,measure,4976.0,1128.0,5.6129,59.22
225.812,measure,4976.0,1096.0,5.4537,59.03
225.912,measure,4984.0,1064.0,5.3030,59.06
226.012,measure,4984.0,1040.0,5.1834,59.03
226.112,measure,4984.0,1024.0,5.1036,59.06
226.213,measure,4984.0,1016.0,5.0637,59.06
226.313,measure,4984.0,1048.0,5.2232,59.25
226.413,measure,4984.0,1072.0,5.3428,59.22
226.513,measure,4976.0,1104.0,5.4935,59.22
226.613,measure,4976.0,1112.0,5.5333,59.25
226.713,measure,4976.0,1112.0,5.5333,59.12
226.813,measure,4976.0,1080.0,5.3741,59.16
226.914,measure,4984.0,1056.0,5.2631,58.97
227.014,measure,4984.0,1040.0,5.1834,59.09
227.114,measure,4984.0,1024.0,5.1036,59.06
227.214,measure,4984.0,1008.0,5.0239,59.03
227.314,measure,4984.0,1000.0,4.9840,59.31
227.414,measure,4984.0,992.0,4.9441,59.25
227.514,measure,4984.0,984.0,4.9043,59.16
227.615,measure,4984.0,976.0,4.8644,59.16
227.715,measure,4984.0,976.0,4.8644,59.22
227.815,measure,4984.0,968.0,4.8245,59.09
227.915,measure,4984.0,968.0,4.8245,59.06
228.015,measure,4984.0,968.0,4.8245,58.94
228.115,measure,4984.0,968.0,4.8245,59.03
228.215,measure,4984.0,960.0,4.7846,59.31
228.316,measure,4984.0,960.0,4.7846,59.22
228.416,measure,4992.0,960.0,4.7923,59.22
228.516,measure,4992.0,960.0,4.7923,59.12
228.616,measure,4992.0,960.0,4.7923,59.16
228.716,measure,4984.0,960.0,4.7846,59.12
228.816,measure,4984.0,960.0,4.7846,59.12
228.916,measure,4984.0,960.0,4.7846,59.12
229.017,measure,4992.0,960.0,4.7923,59.03
229.117,measure,4992.0,960.0,4.7923,59.34
229.217,measure,4992.0,960.0,4.7923,59.25
229.317,measure,4992.0,960.0,4.7923,59.22
229.417,measure,4992.0,960.0,4.7923,59.16
229.517,measure,4992.0,960.0,4.7923,59.00
229.617,measure,4992.0,960.0,4.7923,59.12
229.718,measure,4984.0,960.0,4.7846,59.06
229.818,measure,4992.0,960.0,4.7923,59.00
229.918,measure,4992.0,960.0,4.7923,59.03
230.018,measure,4992.0,960.0,4.7923,58.97
230.118,measure,4992.0,960.0,4.7923,59.28
230.218,measure,4992.0,960.0,4.7923,59.09
230.318,measure,4992.0,960.0,4.7923,59.12
230.419,measure,4992.0,960.0,4.7923,59.00
230.519,measure,4992.0,960.0,4.7923,59.03
230.619,measure,4992.0,960.0,4.7923,59.03
230.719,measure,4992.0,960.0,4.7923,59.00
230.819,measure,4992.0,960.0,4.7923,59.03
230.919,measure,4992.0,960.0,4.7923,59.06
231.019,measure,4992.0,960.0,4.7923,59.25
231.119,measure,4992.0,960.0,4.7923,59.19
231.220,measure,4992.0,960.0,4.7923,59.19
231.320,measure,4992.0,960.0,4.7923,59.00
231.420,measure,4992.0,960.0,4.7923,59.19
231.520,measure,4992.0,960.0,4.7923,59.03
231.620,measure,4992.0,960.0,4.7923,58.97
231.720,measure,4992.0,960.0,4.7923,58.94
231.820,measure,4984.0,960.0,4.7846,59.09
231.921,measure,4992.0,960.0,4.7923,59.00
232.021,measure,4992.0,960.0,4.7923,59.16
232.121,measure,4984.0,960.0,4.7846,59.09
232.221,measure,4984.0,960.0,4.7846,59.16
232.321,measure,4984.0,960.0,4.7846,59.06
232.421,measure,4992.0,960.0,4.7923,59.09
232.521,measure,4984.0,960.0,4.7846,59.00
232.622,measure,4984.0,960.0,4.7846,59.03
232.722,measure,4984.0,968.0,4.8245,59.03
232.822,measure,4984.0,968.0,4.8245,58.97
232.922,measure,4992.0,960.0,4.7923,59.31
233.022,measure,4984.0,960.0,4.7846,59.19
233.122,measure,4984.0,960.0,4.7846,59.06
233.222,measure,4984.0,968.0,4.8245,59.06
233.323,measure,4984.0,968.0,4.8245,59.06
233.423,measure,4984.0,960.0,4.7846,59.06
233.523,measure,4984.0,960.0,4.7846,58.97
233.623,measure,4992.0,960.0,4.7923,59.00
233.723,measure,4992.0,960.0,4.7923,58.91
233.823,measure,4992.0,960.0,4.7923,59.19
233.924,measure,4984.0,960.0,4.7846,59.09
234.024,measure,4992.0,960.0,4.7923,59.03
234.124,measure,4984.0,960.0,4.7846,59.03
234.224,measure,4992.0,960.0,4.7923,59.12
234.324,measure,4992.0,960.0,4.7923,59.03
234.424,measure,4992.0,960.0,4.7923,59.00
234.524,measure,4992.0,960.0,4.7923,59.03
234.625,measure,4992.0,960.0,4.7923,59.09
234.725,measure,4984.0,960.0,4.7846,59.22
234.825,measure,4984.0,960.0,4.7846,59.19
234.925,measure,4984.0,960.0,4.7846,59.06
235.025,measure,4984.0,960.0,4.7846,59.06
235.125,measure,4992.0,960.0,4.7923,59.00
235.225,measure,4984.0,960.0,4.7846,59.06
235.326,measure,4984.0,960.0,4.7846,59.00
235.426,measure,4984.0,968.0,4.8245,59.03
235.526,measure,4984.0,968.0,4.8245,58.97
235.626,measure,4984.0,968.0,4.8245,59.22
235.726,measure,4984.0,968.0,4.8245,59.16
235.826,measure,4984.0,968.0,4.8245,59.22
235.926,measure,4984.0,968.0,4.8245,59.06
236.026,measure,4984.0,968.0,4.8245,59.06
236.127,measure,4984.0,968.0,4.8245,59.09
236.227,measure,4984.0,968.0,4.8245,58.94
236.327,measure,4984.0,968.0,4.8245,59.03
236.427,measure,4984.0,968.0,4.8245,59.09
236.527,measure,4984.0,968.0,4.8245,59.16
236.627,measure,4984.0,968.0,4.8245,59.19
236.727,measure,4984.0,968.0,4.8245,59.09
236.828,measure,4984.0,976.0,4.8644,59.09
236.928,measure,4984.0,976.0,4.8644,59.06
237.028,measure,4984.0,976.0,4.8644,59.03
237.128,measure,4984.0,976.0,4.8644,59.03
237.228,measure,4984.0,976.0,4.8644,59.00
237.328,measure,4984.0,976.0,4.8644,59.00
237.428,measure,4984.0,976.0,4.8644,59.16
237.528,measure,4984.0,976.0,4.8644,59.22
237.629,measure,4984.0,968.0,4.8245,59.12
237.729,measure,4984.0,968.0,4.8245,59.09
237.829,measure,4984.0,968.0,4.8245,59.06
237.929,measure,4984.0,968.0,4.8245,59.06
238.029,measure,4984.0,968.0,4.8245,59.00
238.129,measure,4992.0,960.0,4.7923,58.97
238.229,measure,4992.0,960.0,4.7923,58.97
238.330,measure,4992.0,960.0,4.7923,59.22
238.430,measure,4992.0,960.0,4.7923,59.16
238.530,measure,4992.0,960.0,4.7923,59.03
238.630,measure,4992.0,960.0,4.7923,59.12
238.730,measure,4992.0,960.0,4.7923,59.06
238.830,measure,4992.0,960.0,4.7923,59.03
238.930,measure,4992.0,960.0,4.7923,58.97
239.030,measure,4992.0,960.0,4.7923,59.00
239.131,measure,4992.0,960.0,4.7923,59.22
239.231,measure,4992.0,960.0,4.7923,59.22
239.331,measure,4992.0,960.0,4.7923,59.22
239.431,measure,4992.0,960.0,4.7923,59.09
239.531,measure,4992.0,960.0,4.7923,59.09
239.631,measure,4992.0,960.0,4.7923,59.03
239.731,measure,4992.0,960.0,4.7923,59.09
239.831,measure,4992.0,960.0,4.7923,58.97
239.932,measure,4992.0,960.0,4.7923,59.00
240.032,measure,4992.0,960.0,4.7923,59.28
240.132,measure,4992.0,960.0,4.7923,59.16
240.232,measure,4992.0,960.0,4.7923,59.25
240.332,measure,4992.0,960.0,4.7923,59.06
240.432,measure,4992.0,960.0,4.7923,59.00
240.532,measure,4984.0,960.0,4.7846,59.00
240.633,measure,4992.0,960.0,4.7923,59.09
240.733,measure,4992.0,960.0,4.7923,58.94
240.833,measure,4992.0,960.0,4.7923,58.97
240.933,measure,4992.0,960.0,4.7923,59.00
241.033,measure,4992.0,960.0,4.7923,59.28
241.133,measure,4992.0,960.0,4.7923,59.22
241.233,measure,4992.0,960.0,4.7923,59.12
241.333,measure,4992.0,960.0,4.7923,59.12
241.434,measure,4992.0,960.0,4.7923,59.09
241.534,measure,4992.0,960.0,4.7923,58.97
241.634,measure,4992.0,960.0,4.7923,59.03
241.734,measure,4992.0,960.0,4.7923,59.03
241.834,measure,4992.0,960.0,4.7923,58.94
241.934,measure,4992.0,960.0,4.7923,59.19
242.034,measure,4992.0,960.0,4.7923,59.22
242.135,measure,4992.0,960.0,4.7923,59.12
242.235,measure,4992.0,960.0,4.7923,59.16
242.335,measure,4992.0,960.0,4.7923,59.06
242.435,measure,4992.0,960.0,4.7923,59.09
242.535,measure,4992.0,960.0,4.7923,59.09
242.635,measure,4992.0,960.0,4.7923,59.00
242.735,measure,4992.0,960.0,4.7923,59.00
242.835,measure,4992.0,960.0,4.7923,59.25
242.936,measure,4992.0,960.0,4.7923,59.19
243.036,measure,4992.0,960.0,4.7923,59.19
243.136,measure,4992.0,960.0,4.7923,59.12
243.236,measure,4992.0,960.0,4.7923,59.06
243.336,measure,4992.0,960.0,4.7923,59.00
243.436,measure,4992.0,960.0,4.7923,59.06
243.536,measure,4992.0,960.0,4.7923,58.97
243.637,measure,4992.0,960.0,4.7923,59.00
243.737,measure,4992.0,960.0,4.7923,58.97
243.837,measure,4992.0,960.0,4.7923,59.06
243.937,measure,4992.0,960.0,4.7923,59.19
244.037,measure,4992.0,960.0,4.7923,59.16
244.137,measure,4992.0,960.0,4.7923,59.03
244.237,measure,4992.0,960.0,4.7923,59.03
244.338,measure,4992.0,960.0,4.7923,58.97
244.438,measure,4992.0,960.0,4.7923,59.00
244.538,measure,4992.0,960.0,4.7923,59.03
244.638,measure,4992.0,960.0,4.7923,58.94
244.738,measure,4992.0,960.0,4.7923,59.28
244.838,measure,4992.0,960.0,4.7923,59.19
244.939,measure,4992.0,960.0,4.7923,59.09
245.039,measure,4992.0,960.0,4.7923,59.06
245.139,measure,4992.0,960.0,4.7923,59.12
245.239,measure,4992.0,960.0,4.7923,59.06
245.339,measure,4992.0,960.0,4.7923,59.00
245.439,measure,4992.0,960.0,4.7923,59.00
245.539,measure,4992.0,960.0,4.7923,58.97
245.640,measure,4992.0,960.0,4.7923,59.00
245.740,measure,4992.0,960.0,4.7923,59.16
245.840,measure,4992.0,960.0,4.7923,59.06
245.940,measure,4992.0,960.0,4.7923,59.00
246.040,measure,4992.0,960.0,4.7923,59.06
246.140,measure,4992.0,960.0,4.7923,59.00
246.240,measure,4992.0,960.0,4.7923,58.97
246.341,measure,4992.0,960.0,4.7923,59.06
246.441,measure,4992.0,960.0,4.7923,59.00
246.541,measure,4992.0,960.0,4.7923,58.94
246.641,measure,4992.0,960.0,4.7923,59.09
246.741,measure,4992.0,960.0,4.7923,59.12
246.841,measure,4992.0,960.0,4.7923,59.06
246.941,measure,4992.0,960.0,4.7923,59.06
247.042,measure,4992.0,960.0,4.7923,58.94
247.142,measure,4992.0,960.0,4.7923,59.09
247.242,measure,4992.0,960.0,4.7923,58.94
247.342,measure,4992.0,960.0,4.7923,59.00
247.442,measure,4992.0,960.0,4.7923,59.12
247.542,measure,4984.0,960.0,4.7846,59.19
247.642,measure,4984.0,960.0,4.7846,59.16
247.742,measure,4992.0,960.0,4.7923,59.09
247.843,measure,4992.0,960.0,4.7923,59.03
247.943,measure,4984.0,960.0,4.7846,59.03
248.043,measure,4984.0,960.0,4.7846,59.00
248.143,measure,4984.0,960.0,4.7846,59.06
248.243,measure,4992.0,960.0,4.7923,59.00
248.343,measure,4984.0,960.0,4.7846,58.94
248.443,measure,4984.0,960.0,4.7846,59.03
248.544,measure,4984.0,960.0,4.7846,59.12
248.644,measure,4984.0,960.0,4.7846,59.12
248.744,measure,4992.0,960.0,4.7923,59.06
248.844,measure,4984.0,960.0,4.7846,59.00
248.944,measure,4984.0,960.0,4.7846,59.06
249.044,measure,4984.0,968.0,4.8245,59.00
249.144,measure,4984.0,968.0,4.8245,59.00
249.245,measure,4984.0,968.0,4.8245,58.91
249.345,measure,4984.0,968.0,4.8245,59.12
249.445,measure,4984.0,968.0,4.8245,59.09
249.545,measure,4984.0,968.0,4.8245,59.03
249.645,measure,4984.0,968.0,4.8245,59.03
249.745,measure,4992.0,968.0,4.8323,59.00
249.845,measure,4984.0,968.0,4.8245,58.97
249.946,measure,4984.0,968.0,4.8245,59.00
250.046,measure,4984.0,968.0,4.8245,59.03
250.146,measure,4984.0,968.0,4.8245,58.97
250.246,measure,4984.0,968.0,4.8245,59.22
250.346,measure,4984.0,968.0,4.8245,59.09
250.446,measure,4984.0,968.0,4.8245,59.16
250.546,measure,4984.0,968.0,4.8245,59.00
250.646,measure,4992.0,968.0,4.8323,59.09
250.747,measure,4984.0,968.0,4.8245,59.03
250.847,measure,4992.0,960.0,4.7923,59.00
250.947,measure,4984.0,960.0,4.7846,58.94
251.047,measure,4984.0,960.0,4.7846,59.19
251.147,measure,4984.0,968.0,4.8245,59.09
251.247,measure,4984.0,968.0,4.8245,59.19
251.347,measure,4984.0,968.0,4.8245,59.03
251.447,measure,4984.0,968.0,4.8245,59.06
251.548,measure,4984.0,968.0,4.8245,59.00
251.648,measure,4984.0,960.0,4.7846,59.06
251.748,measure,4984.0,960.0,4.7846,59.03
251.848,measure,4992.0,960.0,4.7923,59.03
251.948,measure,4992.0,960.0,4.7923,59.25
252.048,measure,4992.0,960.0,4.7923,59.22
252.148,measure,4984.0,968.0,4.8245,59.16
252.249,measure,4984.0,968.0,4.8245,59.06
252.349,measure,4984.0,968.0,4.8245,58.97
252.449,measure,4992.0,968.0,4.8323,59.00
252.549,measure,4992.0,960.0,4.7923,59.06
252.649,measure,4992.0,960.0,4.7923,59.06
252.749,measure,4992.0,960.0,4.7923,58.94
252.849,measure,4984.0,960.0,4.7846,59.19
252.949,measure,4984.0,968.0,4.8245,59.19
253.050,measure,4984.0,968.0,4.8245,59.16
253.150,measure,4984.0,968.0,4.8245,59.09
253.250,measure,4984.0,968.0,4.8245,59.06
253.350,measure,4984.0,968.0,4.8245,59.03
253.450,measure,4984.0,976.0,4.8644,59.00
253.550,measure,4984.0,976.0,4.8644,59.00
253.650,measure,4984.0,976.0,4.8644,59.03
253.751,measure,4984.0,976.0,4.8644,59.22
253.851,measure,4984.0,976.0,4.8644,59.12
253.951,measure,4984.0,976.0,4.8644,59.16
254.051,measure,4984.0,976.0,4.8644,59.03
254.151,measure,4984.0,976.0,4.8644,59.12
254.251,measure,4984.0,976.0,4.8644,59.06
254.351,measure,4984.0,968.0,4.8245,58.97
254.452,measure,4984.0,968.0,4.8245,59.00
254.552,measure,4984.0,968.0,4.8245,58.97
254.652,measure,4984.0,968.0,4.8245,59.38
254.752,measure,4984.0,968.0,4.8245,59.25
254.852,measure,4984.0,968.0,4.8245,59.22
254.952,measure,4984.0,968.0,4.8245,59.09
255.052,measure,4984.0,968.0,4.8245,59.06
255.152,measure,4992.0,968.0,4.8323,59.03
255.253,measure,4984.0,968.0,4.8245,59.00
255.353,measure,4984.0,968.0,4.8245,59.03
255.453,measure,4992.0,968.0,4.8323,58.97
255.553,measure,4992.0,960.0,4.7923,59.00
255.653,measure,4992.0,960.0,4.7923,59.19
255.753,measure,4992.0,960.0,4.7923,59.25
255.853,measure,4992.0,960.0,4.7923,59.06
255.954,measure,4992.0,960.0,4.7923,59.06
256.054,measure,4992.0,960.0,4.7923,58.94
256.154,measure,4984.0,960.0,4.7846,59.00
256.254,measure,4984.0,960.0,4.7846,59.00
256.354,measure,4984.0,960.0,4.7846,58.94
256.454,measure,4984.0,960.0,4.7846,58.94
256.554,measure,4992.0,960.0,4.7923,59.22
256.654,measure,4992.0,960.0,4.7923,59.06
256.755,measure,4992.0,960.0,4.7923,59.19
256.855,measure,4992.0,960.0,4.7923,59.09
256.955,measure,4992.0,960.0,4.7923,59.03
257.055,measure,4992.0,960.0,4.7923,59.00
257.155,measure,4992.0,960.0,4.7923,59.03
257.255,measure,4992.0,960.0,4.7923,58.94
257.355,measure,4984.0,968.0,4.8245,58.94
257.456,measure,4984.0,968.0,4.8245,58.91
257.556,measure,4984.0,968.0,4.8245,59.22
257.656,measure,4984.0,968.0,4.8245,59.22
257.756,measure,4992.0,960.0,4.7923,59.09
257.856,measure,4992.0,960.0,4.7923,58.97
257.956,measure,4992.0,960.0,4.7923,58.97
258.056,measure,4992.0,960.0,4.7923,58.94
258.156,measure,4992.0,960.0,4.7923,58.94
258.257,measure,4984.0,968.0,4.8245,58.94
258.357,measure,4984.0,968.0,4.8245,58.91
258.457,measure,4984.0,968.0,4.8245,59.09
258.557,measure,4984.0,968.0,4.8245,59.06
258.657,measure,4992.0,968.0,4.8323,59.09
258.757,measure,4992.0,960.0,4.7923,59.00
258.857,measure,4992.0,960.0,4.7923,59.03
258.958,measure,4992.0,960.0,4.7923,59.00
259.058,measure,4992.0,960.0,4.7923,58.94
259.158,measure,4992.0,960.0,4.7923,58.94
259.258,measure,4992.0,960.0,4.7923,58.97
259.358,measure,4992.0,960.0,4.7923,59.16
259.458,measure,4992.0,960.0,4.7923,59.09
259.558,measure,4992.0,960.0,4.7923,58.97
259.658,measure,4992.0,960.0,4.7923,59.06
259.759,measure,4992.0,960.0,4.7923,59.00
259.859,measure,4992.0,960.0,4.7923,58.94
259.959,measure,4992.0,960.0,4.7923,58.94
260.059,measure,4992.0,960.0,4.7923,58.97
260.159,measure,4992.0,960.0,4.7923,58.94
260.259,measure,4992.0,960.0,4.7923,59.12
260.359,measure,4992.0,960.0,4.7923,59.06
260.459,measure,4992.0,960.0,4.7923,59.03
260.560,measure,4992.0,960.0,4.7923,58.94
260.660,measure,4992.0,960.0,4.7923,58.97
260.760,measure,4992.0,960.0,4.7923,58.97
260.860,measure,4992.0,952.0,4.7524,58.94
260.960,measure,4992.0,960.0,4.7923,58.97
261.060,measure,4992.0,960.0,4.7923,58.91
261.160,measure,4992.0,960.0,4.7923,59.16
261.260,measure,4992.0,960.0,4.7923,59.09
261.361,measure,4992.0,960.0,4.7923,59.06
261.461,measure,4992.0,960.0,4.7923,59.09
261.561,measure,4992.0,960.0,4.7923,59.00
261.661,measure,4992.0,960.0,4.7923,59.03
261.761,measure,4992.0,952.0,4.7524,58.97
261.861,measure,4992.0,952.0,4.7524,58.94
261.961,measure,4992.0,952.0,4.7524,58.94
262.062,measure,4992.0,952.0,4.7524,59.09
262.162,measure,4992.0,952.0,4.7524,59.00
262.262,measure,4992.0,952.0,4.7524,59.03
262.362,measure,4992.0,960.0,4.7923,59.00
262.462,measure,4992.0,960.0,4.7923,59.00
262.562,measure,4992.0,960.0,4.7923,58.94
262.662,measure,4992.0,960.0,4.7923,58.97
262.762,measure,4992.0,960.0,4.7923,58.91
262.863,measure,4992.0,960.0,4.7923,59.28
262.963,measure,4992.0,960.0,4.7923,59.16
263.063,measure,4992.0,960.0,4.7923,59.16
263.163,measure,4992.0,952.0,4.7524,58.97
263.263,measure,4992.0,952.0,4.7524,59.09
263.363,measure,4992.0,960.0,4.7923,59.03
263.463,measure,4992.0,960.0,4.7923,59.00
263.563,measure,4992.0,960.0,4.7923,58.94
263.664,measure,4992.0,960.0,4.7923,58.97
263.764,measure,4992.0,960.0,4.7923,59.12
263.864,measure,4992.0,952.0,4.7524,59.16
263.964,measure,4992.0,952.0,4.7524,59.09
264.064,measure,4992.0,952.0,4.7524,59.12
264.164,measure,4992.0,952.0,4.7524,59.06
264.264,measure,4992.0,960.0,4.7923,58.97
264.364,measure,4992.0,960.0,4.7923,58.94
264.465,measure,4992.0,960.0,4.7923,59.00
264.565,measure,4992.0,960.0,4.7923,58.88
264.665,measure,4992.0,960.0,4.7923,59.22
264.765,measure,4992.0,960.0,4.7923,59.22
264.865,measure,4992.0,960.0,4.7923,59.09
264.965,measure,4992.0,960.0,4.7923,59.06
265.065,measure,4992.0,960.0,4.7923,58.97
265.166,measure,4992.0,960.0,4.7923,58.94
265.266,measure,4992.0,960.0,4.7923,58.94
265.366,measure,4992.0,960.0,4.7923,58.94
265.466,measure,4992.0,960.0,4.7923,58.94
265.566,measure,4992.0,960.0,4.7923,59.25
265.666,measure,4992.0,960.0,4.7923,59.22
265.766,measure,4992.0,960.0,4.7923,59.19
265.866,measure,4992.0,960.0,4.7923,59.12
265.967,measure,4992.0,960.0,4.7923,59.03
266.067,measure,4992.0,960.0,4.7923,59.00
266.167,measure,4992.0,960.0,4.7923,58.94
266.267,measure,4992.0,960.0,4.7923,58.97
266.367,measure,4992.0,960.0,4.7923,59.00
266.467,measure,4992.0,960.0,4.7923,58.91
266.567,measure,4992.0,960.0,4.7923,59.16
266.667,measure,4992.0,960.0,4.7923,59.00
266.768,measure,4992.0,960.0,4.7923,59.03
266.868,measure,4992.0,960.0,4.7923,59.00
266.968,measure,4992.0,960.0,4.7923,58.94
267.068,measure,4992.0,960.0,4.7923,58.97
267.168,measure,4992.0,960.0,4.7923,58.94
267.268,measure,4992.0,960.0,4.7923,58.94
267.368,measure,4992.0,960.0,4.7923,58.91
267.469,measure,4992.0,960.0,4.7923,59.22
267.569,measure,4992.0,960.0,4.7923,59.16
267.669,measure,4992.0,960.0,4.7923,59.09
267.769,measure,4992.0,960.0,4.7923,59.03
267.869,measure,4992.0,960.0,4.7923,58.97
267.969,measure,4992.0,960.0,4.7923,58.97
268.069,measure,4992.0,960.0,4.7923,58.94
268.170,measure,4992.0,960.0,4.7923,58.91
268.270,measure,4992.0,960.0,4.7923,58.94
268.370,measure,4992.0,960.0,4.7923,59.12
268.470,measure,4992.0,960.0,4.7923,59.12
268.570,measure,4992.0,960.0,4.7923,59.03
268.670,measure,4992.0,960.0,4.7923,59.06
268.770,measure,4992.0,960.0,4.7923,59.00
268.871,measure,4992.0,960.0,4.7923,58.94
268.971,measure,4992.0,960.0,4.7923,59.00
269.071,measure,4992.0,960.0,4.7923,58.94
269.171,measure,4992.0,960.0,4.7923,58.94
269.271,measure,4992.0,960.0,4.7923,58.91
269.371,measure,4984.0,960.0,4.7846,59.16
269.471,measure,4984.0,960.0,4.7846,59.09
269.572,measure,4984.0,968.0,4.8245,58.97
269.672,measure,4984.0,968.0,4.8245,58.97
269.772,measure,4992.0,968.0,4.8323,58.97
269.872,measure,4992.0,968.0,4.8323,58.97
269.972,measure,4992.0,968.0,4.8323,58.94
270.072,measure,4992.0,968.0,4.8323,58.94
270.172,measure,4984.0,968.0,4.8245,58.94
270.272,measure,4984.0,968.0,4.8245,59.19
270.373,measure,4984.0,976.0,4.8644,59.03
270.473,measure,4984.0,976.0,4.8644,59.06
270.573,measure,4984.0,976.0,4.8644,59.00
270.673,measure,4984.0,976.0,4.8644,59.03
270.773,measure,4984.0,976.0,4.8644,58.97
270.873,measure,4984.0,976.0,4.8644,58.94
270.973,measure,4984.0,968.0,4.8245,58.97
271.074,measure,4992.0,968.0,4.8323,58.94
271.174,measure,4984.0,968.0,4.8245,59.09
271.274,measure,4992.0,968.0,4.8323,59.09
271.374,measure,4992.0,968.0,4.8323,58.94
271.474,measure,4984.0,968.0,4.8245,59.09
271.574,measure,4984.0,968.0,4.8245,59.00
271.674,measure,4984.0,968.0,4.8245,58.94
271.774,measure,4992.0,968.0,4.8323,58.94
271.875,measure,4984.0,960.0,4.7846,58.97
271.975,measure,4984.0,968.0,4.8245,58.94
272.075,measure,4992.0,960.0,4.7923,59.09
272.175,measure,4992.0,960.0,4.7923,59.16
272.275,measure,4992.0,960.0,4.7923,59.09
272.375,measure,4992.0,960.0,4.7923,59.03
272.475,measure,4992.0,960.0,4.7923,58.97
272.576,measure,4984.0,960.0,4.7846,58.94
272.676,measure,4984.0,968.0,4.8245,58.94
272.776,measure,4984.0,968.0,4.8245,58.94
272.876,measure,4992.0,968.0,4.8323,58.94
272.976,measure,4984.0,968.0,4.8245,59.16
273.076,measure,4984.0,968.0,4.8245,59.09
273.176,measure,4984.0,968.0,4.8245,59.12
273.276,measure,4984.0,968.0,4.8245,58.97
273.377,measure,4984.0,968.0,4.8245,58.97
273.477,measure,4984.0,968.0,4.8245,59.03
273.577,measure,4992.0,968.0,4.8323,59.00
273.677,measure,4984.0,968.0,4.8245,58.94
273.777,measure,4984.0,968.0,4.8245,58.94
273.877,measure,4984.0,960.0,4.7846,59.09
273.977,measure,4992.0,960.0,4.7923,59.16
274.078,measure,4992.0,960.0,4.7923,58.97
274.178,measure,4984.0,960.0,4.7846,59.03
274.278,measure,4984.0,960.0,4.7846,59.03
274.378,measure,4984.0,960.0,4.7846,59.06
274.478,measure,4992.0,960.0,4.7923,58.91
274.578,measure,4984.0,960.0,4.7846,59.03
274.678,measure,4984.0,968.0,4.8245,58.94
274.779,measure,4984.0,968.0,4.8245,59.03
274.879,measure,4984.0,960.0,4.7846,59.16
274.979,measure,4984.0,960.0,4.7846,59.06
275.079,measure,4992.0,960.0,4.7923,59.00
275.179,measure,4992.0,960.0,4.7923,58.97
275.279,measure,4984.0,960.0,4.7846,58.94
275.379,measure,4984.0,960.0,4.7846,58.94
275.480,measure,4984.0,968.0,4.8245,58.97
275.580,measure,4984.0,968.0,4.8245,58.88
275.680,measure,4984.0,968.0,4.8245,59.19
275.780,measure,4984.0,968.0,4.8245,59.06
275.880,measure,4984.0,968.0,4.8245,59.12
275.980,measure,4992.0,960.0,4.7923,59.00
276.080,measure,4992.0,960.0,4.7923,59.00
276.181,measure,4992.0,960.0,4.7923,58.94
276.281,measure,4992.0,960.0,4.7923,58.91
276.381,measure,4992.0,960.0,4.7923,58.94
276.481,measure,4992.0,960.0,4.7923,58.94
276.581,measure,4992.0,960.0,4.7923,59.12
276.681,measure,4984.0,960.0,4.7846,59.16
276.781,measure,4984.0,960.0,4.7846,59.16
276.882,measure,4992.0,960.0,4.7923,59.00
276.982,measure,4992.0,960.0,4.7923,59.00
277.082,measure,4992.0,960.0,4.7923,59.00
277.182,measure,4992.0,960.0,4.7923,58.91
277.282,measure,4992.0,960.0,4.7923,58.94
277.382,measure,4992.0,960.0,4.7923,58.91
277.482,measure,4992.0,960.0,4.7923,59.22
277.583,measure,4992.0,960.0,4.7923,59.09
277.683,measure,4992.0,960.0,4.7923,59.12
277.783,measure,4992.0,960.0,4.7923,58.94
277.883,measure,4992.0,960.0,4.7923,59.00
277.983,measure,4992.0,960.0,4.7923,59.00
278.083,measure,4992.0,960.0,4.7923,58.97
278.184,measure,4992.0,960.0,4.7923,58.97
278.284,measure,4992.0,960.0,4.7923,58.94
278.384,measure,4992.0,960.0,4.7923,59.19
278.484,measure,4992.0,960.0,4.7923,59.12
278.584,measure,4992.0,960.0,4.7923,59.09
278.684,measure,4992.0,960.0,4.7923,58.97
278.784,measure,4992.0,960.0,4.7923,58.97
278.884,measure,4992.0,960.0,4.7923,58.94
278.985,measure,4992.0,960.0,4.7923,58.94
279.085,measure,4992.0,960.0,4.7923,58.94
279.185,measure,4992.0,960.0,4.7923,58.94
279.285,measure,4992.0,960.0,4.7923,59.22
279.385,measure,4992.0,960.0,4.7923,59.12
279.485,measure,4992.0,960.0,4.7923,59.06
279.585,measure,4992.0,960.0,4.7923,59.00
279.686,measure,4992.0,960.0,4.7923,59.00
279.786,measure,4992.0,960.0,4.7923,58.94
279.886,measure,4992.0,960.0,4.7923,58.91
279.986,measure,4992.0,960.0,4.7923,58.91
280.086,measure,4992.0,960.0,4.7923,59.00
280.186,measure,4992.0,960.0,4.7923,58.91
280.286,measure,4992.0,960.0,4.7923,59.19
280.387,measure,4992.0,960.0,4.7923,59.22
280.487,measure,4992.0,960.0,4.7923,59.06
280.587,measure,4992.0,960.0,4.7923,59.06
280.687,measure,4992.0,960.0,4.7923,59.03
280.787,measure,4992.0,960.0,4.7923,59.00
280.887,measure,4992.0,960.0,4.7923,58.88
280.987,measure,4992.0,960.0,4.7923,58.91
281.087,measure,4992.0,960.0,4.7923,58.88
281.188,measure,4992.0,960.0,4.7923,59.09
281.288,measure,4992.0,960.0,4.7923,59.12
281.388,measure,4992.0,960.0,4.7923,59.00
281.488,measure,4984.0,960.0,4.7846,58.94
281.588,measure,4984.0,960.0,4.7846,59.00
281.688,measure,4984.0,960.0,4.7846,58.97
281.788,measure,4984.0,960.0,4.7846,58.97
281.889,measure,4984.0,960.0,4.7846,58.88
281.989,measure,4992.0,960.0,4.7923,58.94
282.089,measure,4992.0,960.0,4.7923,59.25
282.189,measure,4984.0,960.0,4.7846,59.06
282.289,measure,4984.0,960.0,4.7846,59.00
282.389,measure,4992.0,960.0,4.7923,59.06
282.489,measure,4992.0,960.0,4.7923,59.00
282.590,measure,4992.0,960.0,4.7923,58.94
282.690,measure,4992.0,960.0,4.7923,58.94
282.790,measure,4992.0,960.0,4.7923,58.88
282.890,measure,4992.0,960.0,4.7923,58.88
282.990,measure,4984.0,960.0,4.7846,58.94
283.090,measure,4992.0,960.0,4.7923,59.22
283.190,measure,4984.0,960.0,4.7846,59.03
283.290,measure,4992.0,960.0,4.7923,59.00
283.391,measure,4992.0,960.0,4.7923,58.97
283.491,measure,4992.0,960.0,4.7923,59.00
283.591,measure,4992.0,960.0,4.7923,58.97
283.691,measure,4992.0,960.0,4.7923,58.94
283.791,measure,4992.0,960.0,4.7923,58.88
283.891,measure,4984.0,960.0,4.7846,58.91
283.991,measure,4992.0,960.0,4.7923,59.03
284.092,measure,4992.0,960.0,4.7923,59.09
284.192,measure,4992.0,960.0,4.7923,59.00
284.292,measure,4992.0,960.0,4.7923,58.94
284.392,measure,4992.0,960.0,4.7923,58.94
284.492,measure,4992.0,960.0,4.7923,58.94
284.592,measure,4992.0,960.0,4.7923,58.91
284.692,measure,4992.0,960.0,4.7923,58.94
284.792,measure,4992.0,960.0,4.7923,58.88
284.893,measure,4992.0,960.0,4.7923,59.06
284.993,measure,4992.0,960.0,4.7923,59.03
285.093,measure,4992.0,960.0,4.7923,58.97
285.193,measure,4992.0,960.0,4.7923,58.94
285.293,measure,4992.0,960.0,4.7923,59.00
285.393,measure,4984.0,960.0,4.7846,58.94
285.493,measure,4984.0,960.0,4.7846,58.94
285.594,measure,4992.0,960.0,4.7923,58.84
285.694,measure,4992.0,960.0,4.7923,58.91
285.794,measure,4992.0,960.0,4.7923,59.03
285.894,measure,4992.0,960.0,4.7923,59.06
285.994,measure,4992.0,960.0,4.7923,59.09
286.094,measure,4992.0,960.0,4.7923,58.91
286.194,measure,4984.0,968.0,4.8245,58.91
286.294,measure,4984.0,968.0,4.8245,58.97
286.395,measure,4984.0,968.0,4.8245,59.00
286.495,measure,4984.0,968.0,4.8245,58.84
286.595,measure,4984.0,968.0,4.8245,58.88
286.695,measure,4984.0,968.0,4.8245,59.06
286.795,measure,4984.0,968.0,4.8245,59.06
286.895,measure,4984.0,976.0,4.8644,58.97
286.995,measure,4984.0,976.0,4.8644,58.97
287.095,measure,4984.0,976.0,4.8644,59.00
287.196,measure,4984.0,976.0,4.8644,58.97
287.296,measure,4984.0,976.0,4.8644,59.00
287.396,measure,4984.0,976.0,4.8644,58.91
287.496,measure,4984.0,976.0,4.8644,58.88
287.596,measure,4984.0,968.0,4.8245,59.06
287.696,measure,4984.0,968.0,4.8245,59.06
287.796,measure,4984.0,968.0,4.8245,59.00
287.896,measure,4984.0,968.0,4.8245,58.94
287.997,measure,4984.0,968.0,4.8245,58.91
288.097,measure,4984.0,960.0,4.7846,58.94
288.197,measure,4984.0,960.0,4.7846,58.97
288.297,measure,4992.0,960.0,4.7923,58.94
288.397,measure,4984.0,960.0,4.7846,58.94
288.497,measure,4992.0,960.0,4.7923,59.06
288.597,measure,4992.0,960.0,4.7923,59.12
288.698,measure,4992.0,960.0,4.7923,59.00
288.798,measure,4992.0,960.0,4.7923,58.94
288.898,measure,4992.0,960.0,4.7923,58.94
288.998,measure,4992.0,960.0,4.7923,58.97
289.098,measure,4992.0,960.0,4.7923,58.94
289.198,measure,4992.0,960.0,4.7923,58.91
289.298,measure,4992.0,960.0,4.7923,58.91
289.398,measure,4984.0,960.0,4.7846,59.12
289.499,measure,4984.0,960.0,4.7846,59.06
289.599,measure,4984.0,960.0,4.7846,59.03
289.699,measure,4984.0,960.0,4.7846,59.00
289.799,measure,4984.0,960.0,4.7846,58.94
289.899,measure,4984.0,960.0,4.7846,58.97
289.999,measure,4984.0,960.0,4.7846,58.97
290.099,measure,4984.0,960.0,4.7846,58.94
290.199,measure,4984.0,960.0,4.7846,58.94
290.300,measure,4984.0,960.0,4.7846,59.06
290.400,measure,4984.0,960.0,4.7846,59.16
290.500,measure,4992.0,960.0,4.7923,59.09
290.600,measure,4992.0,960.0,4.7923,59.06
290.700,measure,4992.0,960.0,4.7923,58.94
290.800,measure,4992.0,960.0,4.7923,58.91
290.900,measure,4992.0,960.0,4.7923,58.91
291.001,measure,4992.0,960.0,4.7923,58.88
291.101,measure,4992.0,960.0,4.7923,58.88
291.201,measure,4992.0,960.0,4.7923,59.16
291.301,measure,4992.0,960.0,4.7923,59.03
291.401,measure,4992.0,960.0,4.7923,58.94
291.501,measure,4992.0,960.0,4.7923,59.00
291.601,measure,4992.0,960.0,4.7923,58.88
291.701,measure,4992.0,960.0,4.7923,58.94
291.802,measure,4992.0,960.0,4.7923,58.94
291.902,measure,4992.0,960.0,4.7923,58.97
292.002,measure,4992.0,960.0,4.7923,58.91
292.102,measure,4992.0,960.0,4.7923,59.06
292.202,measure,4992.0,960.0,4.7923,59.16
292.302,measure,4992.0,960.0,4.7923,58.94
292.402,measure,4992.0,960.0,4.7923,59.00
292.503,measure,4992.0,960.0,4.7923,58.97
292.603,measure,4992.0,960.0,4.7923,58.94
292.703,measure,4992.0,960.0,4.7923,58.84
292.803,measure,4992.0,960.0,4.7923,58.84
292.903,measure,4992.0,960.0,4.7923,58.88
293.003,measure,4992.0,960.0,4.7923,59.09
293.103,measure,4992.0,960.0,4.7923,59.12
293.203,measure,4992.0,960.0,4.7923,59.06
293.304,measure,4992.0,960.0,4.7923,59.00
293.404,measure,4992.0,960.0,4.7923,58.97
293.504,measure,4992.0,952.0,4.7524,58.94
293.604,measure,4992.0,952.0,4.7524,58.88
293.704,measure,4992.0,952.0,4.7524,58.94
293.804,measure,4992.0,952.0,4.7524,58.97
293.904,measure,4992.0,952.0,4.7524,58.88
294.005,measure,4992.0,952.0,4.7524,59.09
294.105,measure,4992.0,960.0,4.7923,58.97
294.205,measure,4992.0,960.0,4.7923,59.00
294.305,measure,4992.0,960.0,4.7923,58.91
294.405,measure,4992.0,960.0,4.7923,58.97
294.505,measure,4992.0,960.0,4.7923,58.94
294.606,measure,4992.0,960.0,4.7923,58.91
294.706,measure,4992.0,960.0,4.7923,58.88
294.806,measure,4992.0,960.0,4.7923,58.91
294.906,measure,4992.0,960.0,4.7923,59.12
295.006,measure,4992.0,960.0,4.7923,59.03
295.106,measure,4992.0,960.0,4.7923,58.94
295.206,measure,4992.0,960.0,4.7923,58.94
295.306,measure,4992.0,960.0,4.7923,58.97
295.407,measure,4992.0,960.0,4.7923,58.88
295.507,measure,4992.0,960.0,4.7923,58.94
295.607,measure,4992.0,960.0,4.7923,58.94
295.707,measure,4992.0,960.0,4.7923,58.94
295.807,measure,4992.0,960.0,4.7923,59.19
295.907,measure,4992.0,960.0,4.7923,59.06
296.007,measure,4992.0,960.0,4.7923,59.00
296.107,measure,4992.0,960.0,4.7923,58.94
296.208,measure,4992.0,960.0,4.7923,58.97
296.308,measure,4992.0,960.0,4.7923,58.91
296.408,measure,4992.0,960.0,4.7923,58.84
296.508,measure,4992.0,960.0,4.7923,58.94
296.608,measure,4992.0,960.0,4.7923,58.84
296.708,measure,4992.0,960.0,4.7923,59.03
296.808,measure,4992.0,960.0,4.7923,59.03
296.909,measure,4992.0,960.0,4.7923,58.97
297.009,measure,4992.0,960.0,4.7923,58.94
297.109,measure,4992.0,960.0,4.7923,58.94
297.209,measure,4992.0,960.0,4.7923,58.94
297.309,measure,4992.0,960.0,4.7923,58.91
297.409,measure,4984.0,960.0,4.7846,58.88
297.509,measure,4984.0,960.0,4.7846,58.91
297.609,measure,4984.0,960.0,4.7846,59.03
297.710,measure,4984.0,960.0,4.7846,58.94
297.810,measure,4992.0,960.0,4.7923,58.97
297.910,measure,4984.0,960.0,4.7846,58.91
298.010,measure,4992.0,960.0,4.7923,58.97
298.110,measure,4984.0,960.0,4.7846,58.88
298.210,measure,4984.0,960.0,4.7846,58.94
298.310,measure,4984.0,960.0,4.7846,58.94
298.410,measure,4984.0,960.0,4.7846,58.88
298.511,measure,4984.0,960.0,4.7846,59.03
298.611,measure,4984.0,960.0,4.7846,59.00
298.711,measure,4984.0,960.0,4.7846,59.00
298.811,measure,4984.0,960.0,4.7846,58.94
298.911,measure,4984.0,960.0,4.7846,58.94
299.011,measure,4984.0,960.0,4.7846,58.94
299.111,measure,4984.0,960.0,4.7846,58.88
299.211,measure,4984.0,968.0,4.8245,58.84
299.312,measure,4984.0,968.0,4.8245,58.91
299.412,measure,4984.0,968.0,4.8245,59.03
299.512,measure,4984.0,968.0,4.8245,59.06
299.612,measure,4992.0,960.0,4.7923,59.09
299.712,measure,4984.0,960.0,4.7846,58.97
299.812,measure,4984.0,960.0,4.7846,58.94
299.912,measure,4984.0,968.0,4.8245,58.94
300.012,measure,4984.0,960.0,4.7846,58.91
300.113,measure,4984.0,960.0,4.7846,58.81
300.213,measure,4992.0,960.0,4.7923,58.78
300.313,measure,4984.0,968.0,4.8245,59.09
300.413,measure,4984.0,968.0,4.8245,59.12
300.513,measure,4984.0,960.0,4.7846,59.03
300.613,measure,4984.0,960.0,4.7846,58.94
300.713,measure,4984.0,960.0,4.7846,58.94
300.814,measure,4984.0,960.0,4.7846,58.94
300.914,measure,4984.0,960.0,4.7846,58.94
301.014,measure,4984.0,960.0,4.7846,58.91
301.114,measure,4984.0,960.0,4.7846,58.88
301.214,measure,4984.0,960.0,4.7846,59.06
301.314,measure,4984.0,960.0,4.7846,59.09
301.414,measure,4984.0,960.0,4.7846,59.03
301.514,measure,4984.0,960.0,4.7846,58.97
301.615,measure,4984.0,960.0,4.7846,58.97
301.715,measure,4992.0,960.0,4.7923,58.91
301.815,measure,4984.0,960.0,4.7846,58.94
301.915,measure,4992.0,960.0,4.7923,58.81
302.015,measure,4984.0,960.0,4.7846,58.91
302.115,measure,4984.0,960.0,4.7846,59.12
302.215,measure,4984.0,960.0,4.7846,59.03
302.315,measure,4984.0,968.0,4.8245,58.97
302.416,measure,4984.0,968.0,4.8245,58.97
302.516,measure,4984.0,968.0,4.8245,58.97
302.616,measure,4984.0,968.0,4.8245,58.91
302.716,measure,4984.0,968.0,4.8245,58.84
302.816,measure,4984.0,968.0,4.8245,58.84
302.916,measure,4984.0,968.0,4.8245,58.88
303.016,measure,4984.0,968.0,4.8245,59.12
303.116,measure,4984.0,968.0,4.8245,59.09
303.217,measure,4984.0,968.0,4.8245,59.00
303.317,measure,4984.0,968.0,4.8245,59.03
303.417,measure,4984.0,976.0,4.8644,58.94
303.517,measure,4984.0,976.0,4.8644,58.91
303.617,measure,4984.0,976.0,4.8644,58.94
303.717,measure,4984.0,976.0,4.8644,58.94
303.817,measure,4984.0,976.0,4.8644,58.84
303.918,measure,4984.0,976.0,4.8644,59.06
304.018,measure,4984.0,976.0,4.8644,59.12
304.118,measure,4984.0,976.0,4.8644,58.97
304.218,measure,4984.0,976.0,4.8644,58.97
304.318,measure,4984.0,968.0,4.8245,58.97
304.418,measure,4984.0,968.0,4.8245,58.91
304.518,measure,4984.0,968.0,4.8245,58.91
304.618,measure,4984.0,968.0,4.8245,58.81
304.719,measure,4984.0,968.0,4.8245,58.91
304.819,measure,4984.0,968.0,4.8245,59.09
304.919,measure,4984.0,968.0,4.8245,59.09
305.019,measure,4992.0,960.0,4.7923,59.06
305.119,measure,4992.0,960.0,4.7923,58.97
305.219,measure,4992.0,960.0,4.7923,58.94
305.319,measure,4992.0,960.0,4.7923,58.94
305.419,measure,4984.0,960.0,4.7846,58.94
305.520,measure,4984.0,960.0,4.7846,58.94
305.620,measure,4992.0,960.0,4.7923,58.94
305.720,measure,4984.0,960.0,4.7846,58.84
305.820,measure,4992.0,960.0,4.7923,59.06
305.920,measure,4992.0,960.0,4.7923,58.97
306.020,measure,4984.0,960.0,4.7846,59.00
306.120,measure,4992.0,960.0,4.7923,59.00
306.220,measure,4992.0,960.0,4.7923,58.97
306.321,measure,4992.0,960.0,4.7923,58.94
306.421,measure,4984.0,960.0,4.7846,58.88
306.521,measure,4984.0,960.0,4.7846,58.88
306.621,measure,4992.0,960.0,4.7923,58.84
306.721,measure,4984.0,968.0,4.8245,59.12
306.821,measure,4992.0,960.0,4.7923,59.03
306.921,measure,4992.0,960.0,4.7923,59.06
307.021,measure,4992.0,960.0,4.7923,58.97
307.122,measure,4992.0,960.0,4.7923,58.97
307.222,measure,4992.0,960.0,4.7923,58.94
307.322,measure,4992.0,960.0,4.7923,58.91
307.422,measure,4992.0,960.0,4.7923,58.91
307.522,measure,4992.0,960.0,4.7923,58.81
307.622,measure,4992.0,960.0,4.7923,59.06
307.722,measure,4992.0,960.0,4.7923,58.97
307.823,measure,4992.0,960.0,4.7923,59.00
307.923,measure,4992.0,960.0,4.7923,58.94
308.023,measure,4992.0,960.0,4.7923,58.94
308.123,measure,4992.0,960.0,4.7923,58.81
308.223,measure,4992.0,960.0,4.7923,58.84
308.323,measure,4992.0,960.0,4.7923,58.88
308.423,measure,4992.0,960.0,4.7923,58.84
308.523,measure,4992.0,960.0,4.7923,59.00
308.624,measure,4992.0,960.0,4.7923,58.97
308.724,measure,4992.0,960.0,4.7923,58.97
308.824,measure,4992.0,960.0,4.7923,58.97
308.924,measure,4992.0,960.0,4.7923,58.84
309.024,measure,4992.0,960.0,4.7923,58.88
309.124,measure,4992.0,960.0,4.7923,58.84
309.224,measure,4992.0,960.0,4.7923,58.84
309.324,measure,4992.0,960.0,4.7923,58.91
309.425,measure,4992.0,960.0,4.7923,59.06
309.525,measure,4992.0,960.0,4.7923,59.00
309.625,measure,4992.0,960.0,4.7923,59.03
309.725,measure,4992.0,960.0,4.7923,58.94
309.825,measure,4992.0,960.0,4.7923,58.91
309.925,measure,4992.0,960.0,4.7923,58.94
310.025,measure,4992.0,960.0,4.7923,58.91
310.126,measure,4992.0,960.0,4.7923,58.94
310.226,measure,4992.0,960.0,4.7923,58.84
310.326,measure,4992.0,960.0,4.7923,59.09
310.426,measure,4992.0,960.0,4.7923,59.03
310.526,measure,4992.0,960.0,4.7923,59.00
310.626,measure,4992.0,960.0,4.7923,58.94
310.726,measure,4992.0,960.0,4.7923,58.94
310.826,measure,4992.0,960.0,4.7923,58.88
310.927,measure,4992.0,960.0,4.7923,58.91
311.027,measure,4992.0,960.0,4.7923,58.88
311.127,measure,4992.0,960.0,4.7923,58.88
311.227,measure,4992.0,960.0,4.7923,59.06
311.327,measure,4992.0,952.0,4.7524,59.03
311.427,measure,4992.0,952.0,4.7524,58.94
311.527,measure,4992.0,960.0,4.7923,59.00
311.627,measure,4992.0,952.0,4.7524,58.94
311.728,measure,4992.0,952.0,4.7524,58.84
311.828,measure,4992.0,960.0,4.7923,58.84
311.928,measure,4992.0,960.0,4.7923,58.91
312.028,measure,4992.0,960.0,4.7923,58.91
312.128,measure,4992.0,960.0,4.7923,59.06
312.228,measure,4992.0,960.0,4.7923,59.00
312.328,measure,4992.0,960.0,4.7923,59.00
312.429,measure,4992.0,952.0,4.7524,58.91
312.529,measure,4992.0,960.0,4.7923,58.91
312.629,measure,4992.0,960.0,4.7923,58.94
312.729,measure,4992.0,960.0,4.7923,58.91
312.829,measure,4992.0,960.0,4.7923,58.88
312.929,measure,4992.0,960.0,4.7923,58.84
313.029,measure,4992.0,960.0,4.7923,59.06
313.130,measure,4992.0,960.0,4.7923,59.00
313.230,measure,4992.0,960.0,4.7923,59.03
313.330,measure,4992.0,960.0,4.7923,58.94
313.430,measure,4992.0,960.0,4.7923,58.94
313.530,measure,4992.0,960.0,4.7923,58.84
313.630,measure,4992.0,960.0,4.7923,58.88
313.730,measure,4992.0,960.0,4.7923,58.84
313.831,measure,4992.0,960.0,4.7923,58.91
313.931,measure,4992.0,960.0,4.7923,59.09
314.031,measure,4992.0,960.0,4.7923,59.00
314.131,measure,4992.0,960.0,4.7923,58.97
314.231,measure,4992.0,960.0,4.7923,58.88
314.331,measure,4992.0,960.0,4.7923,58.94
314.431,measure,4992.0,960.0,4.7923,58.94
314.532,measure,4992.0,960.0,4.7923,58.88
314.632,measure,4992.0,960.0,4.7923,58.88
314.732,measure,4992.0,960.0,4.7923,58.81
314.832,measure,4992.0,960.0,4.7923,59.16
314.932,measure,4992.0,960.0,4.7923,59.06
315.032,measure,4992.0,960.0,4.7923,59.00
315.132,measure,4992.0,960.0,4.7923,58.94
315.233,measure,4992.0,960.0,4.7923,58.94
315.333,measure,4992.0,960.0,4.7923,58.88
315.433,measure,4992.0,960.0,4.7923,58.91
315.533,measure,4992.0,960.0,4.7923,58.88
315.633,measure,4984.0,960.0,4.7846,58.88
315.733,measure,4992.0,960.0,4.7923,59.03
315.833,measure,4992.0,960.0,4.7923,59.03
315.934,measure,4984.0,960.0,4.7846,59.06
316.034,measure,4984.0,960.0,4.7846,58.88
316.134,measure,4984.0,960.0,4.7846,58.94
316.234,measure,4992.0,960.0,4.7923,58.88
316.334,measure,4992.0,960.0,4.7923,58.84
316.434,measure,4992.0,960.0,4.7923,58.91
316.534,measure,4992.0,960.0,4.7923,58.88
316.635,measure,4992.0,960.0,4.7923,59.09
316.735,measure,4992.0,960.0,4.7923,59.09
316.835,measure,4992.0,960.0,4.7923,59.00
316.935,measure,4992.0,960.0,4.7923,59.00
317.035,measure,4992.0,960.0,4.7923,58.94
317.135,measure,4992.0,960.0,4.7923,58.81
317.235,measure,4992.0,960.0,4.7923,58.94
317.336,measure,4984.0,968.0,4.8245,58.91
317.436,measure,4984.0,968.0,4.8245,58.88
317.536,measure,4992.0,968.0,4.8323,58.84
317.636,measure,4992.0,960.0,4.7923,58.91
317.736,measure,4992.0,968.0,4.8323,59.09
317.836,measure,4992.0,960.0,4.7923,59.00
317.936,measure,4992.0,960.0,4.7923,58.94
318.037,measure,4992.0,960.0,4.7923,58.88
318.137,measure,4992.0,960.0,4.7923,58.91
318.237,measure,4992.0,960.0,4.7923,58.91
318.337,measure,4992.0,960.0,4.7923,58.88
318.437,measure,4992.0,960.0,4.7923,58.88
318.537,measure,4992.0,960.0,4.7923,59.12
318.638,measure,4992.0,960.0,4.7923,59.12
318.738,measure,4992.0,960.0,4.7923,59.00
318.838,measure,4992.0,960.0,4.7923,58.94
318.938,measure,4992.0,960.0,4.7923,58.91
319.038,measure,4992.0,960.0,4.7923,58.91
319.138,measure,4992.0,960.0,4.7923,58.78
319.238,measure,4992.0,960.0,4.7923,58.91
319.339,measure,4992.0,960.0,4.7923,58.81
319.439,measure,4992.0,968.0,4.8323,58.84
319.539,measure,4992.0,968.0,4.8323,58.97
319.639,measure,4992.0,968.0,4.8323,59.12
319.739,measure,4984.0,968.0,4.8245,58.94
319.839,measure,4992.0,968.0,4.8323,58.94
319.939,measure,4984.0,968.0,4.8245,58.81
320.040,measure,4984.0,968.0,4.8245,58.88
320.140,measure,4984.0,976.0,4.8644,58.91
320.240,measure,4984.0,976.0,4.8644,58.84
320.340,measure,4984.0,976.0,4.8644,58.88
320.440,measure,4984.0,976.0,4.8644,59.16
320.540,measure,4984.0,976.0,4.8644,58.94
320.640,measure,4984.0,976.0,4.8644,58.94
320.740,measure,4984.0,976.0,4.8644,58.94
320.841,measure,4984.0,976.0,4.8644,58.91
320.941,measure,4984.0,976.0,4.8644,58.84
321.041,measure,4984.0,968.0,4.8245,58.84
321.141,measure,4992.0,968.0,4.8323,58.81
321.241,measure,4984.0,968.0,4.8245,58.84
321.341,measure,4992.0,968.0,4.8323,59.06
321.441,measure,4992.0,968.0,4.8323,59.12
321.542,measure,4992.0,968.0,4.8323,59.00
321.642,measure,4984.0,968.0,4.8245,58.88
321.742,measure,4984.0,968.0,4.8245,58.88
321.842,measure,4984.0,968.0,4.8245,58.88
321.942,measure,4984.0,968.0,4.8245,58.94
322.042,measure,4992.0,968.0,4.8323,58.84
322.142,measure,4984.0,968.0,4.8245,58.84
322.243,measure,4992.0,968.0,4.8323,59.00
322.343,measure,4984.0,968.0,4.8245,58.94
322.443,measure,4984.0,968.0,4.8245,59.00
322.543,measure,4984.0,960.0,4.7846,58.91
322.643,measure,4984.0,960.0,4.7846,58.94
322.743,measure,4984.0,960.0,4.7846,58.81
322.843,measure,4984.0,968.0,4.8245,58.94
322.944,measure,4984.0,968.0,4.8245,58.91
323.044,measure,4984.0,968.0,4.8245,58.84
323.144,measure,4984.0,968.0,4.8245,58.94
323.244,measure,4984.0,968.0,4.8245,59.03
323.344,measure,4984.0,968.0,4.8245,59.00
323.444,measure,4984.0,968.0,4.8245,58.94
323.544,measure,4984.0,968.0,4.8245,58.91
323.645,measure,4984.0,968.0,4.8245,58.84
323.745,measure,4984.0,968.0,4.8245,58.91
323.845,measure,4984.0,968.0,4.8245,58.88
323.945,measure,4984.0,968.0,4.8245,58.88
324.045,measure,4992.0,960.0,4.7923,59.00
324.145,measure,4984.0,960.0,4.7846,58.97
324.245,measure,4984.0,960.0,4.7846,58.94
324.345,measure,4984.0,960.0,4.7846,58.91
324.446,measure,4984.0,960.0,4.7846,58.88
324.546,measure,4984.0,968.0,4.8245,58.94
324.646,measure,4984.0,968.0,4.8245,58.84
324.746,measure,4984.0,960.0,4.7846,58.91
324.846,measure,4984.0,968.0,4.8245,58.78
324.946,measure,4984.0,960.0,4.7846,59.03
325.046,measure,4984.0,960.0,4.7846,58.94
325.147,measure,4984.0,960.0,4.7846,58.94
325.247,measure,4992.0,968.0,4.8323,58.94
325.347,measure,4992.0,968.0,4.8323,58.91
325.447,measure,4984.0,968.0,4.8245,58.88
325.547,measure,4992.0,968.0,4.8323,58.84
325.647,measure,4992.0,968.0,4.8323,58.84
325.747,measure,4992.0,960.0,4.7923,58.84
325.848,measure,4992.0,960.0,4.7923,59.06
325.948,measure,4984.0,960.0,4.7846,58.94
326.048,measure,4992.0,960.0,4.7923,58.94
326.148,measure,4992.0,960.0,4.7923,58.91
326.248,measure,4992.0,960.0,4.7923,58.91
326.348,measure,4984.0,960.0,4.7846,58.78
326.448,measure,4992.0,960.0,4.7923,58.94
326.548,measure,4992.0,960.0,4.7923,58.75
326.649,measure,4992.0,960.0,4.7923,58.84
326.749,measure,4992.0,960.0,4.7923,59.03
326.849,measure,4992.0,960.0,4.7923,58.97
326.949,measure,4984.0,960.0,4.7846,59.09
327.049,measure,4984.0,960.0,4.7846,59.00
327.149,measure,4992.0,960.0,4.7923,58.94
327.249,measure,4992.0,960.0,4.7923,58.91
327.350,measure,4992.0,960.0,4.7923,58.81
327.450,measure,4984.0,960.0,4.7846,58.81
327.550,measure,4992.0,960.0,4.7923,58.78
327.650,measure,4992.0,960.0,4.7923,59.06
327.750,measure,4992.0,960.0,4.7923,59.03
327.850,measure,4992.0,960.0,4.7923,58.94
327.950,measure,4992.0,960.0,4.7923,58.97
328.051,measure,4992.0,960.0,4.7923,58.88
328.151,measure,4992.0,960.0,4.7923,58.81
328.251,measure,4992.0,960.0,4.7923,58.88
328.351,measure,4992.0,960.0,4.7923,58.84
328.451,measure,4992.0,960.0,4.7923,58.81
328.551,measure,4992.0,960.0,4.7923,59.12
328.651,measure,4992.0,960.0,4.7923,59.03
328.751,measure,4992.0,960.0,4.7923,58.94
328.852,measure,4992.0,960.0,4.7923,58.88
328.952,measure,4992.0,960.0,4.7923,58.94
329.052,measure,4992.0,960.0,4.7923,58.88
329.152,measure,4992.0,960.0,4.7923,58.88
329.252,measure,4992.0,960.0,4.7923,58.84
329.352,measure,4992.0,960.0,4.7923,58.84
329.452,measure,4992.0,960.0,4.7923,59.09
329.553,measure,4992.0,960.0,4.7923,59.03
329.653,measure,4992.0,960.0,4.7923,59.00
329.753,measure,4992.0,960.0,4.7923,58.94
329.853,measure,4992.0,960.0,4.7923,58.94
329.953,measure,4992.0,960.0,4.7923,58.88
330.053,measure,4992.0,960.0,4.7923,58.94
330.153,measure,4992.0,960.0,4.7923,58.91
330.253,measure,4992.0,960.0,4.7923,58.84
330.354,measure,4992.0,960.0,4.7923,59.00
330.454,measure,4992.0,960.0,4.7923,58.97
330.554,measure,4992.0,960.0,4.7923,59.03
330.654,measure,4992.0,960.0,4.7923,58.97
330.754,measure,4992.0,960.0,4.7923,58.94
330.854,measure,4992.0,960.0,4.7923,58.88
330.954,measure,4992.0,960.0,4.7923,58.91
331.055,measure,4992.0,960.0,4.7923,58.81
331.155,measure,4992.0,960.0,4.7923,58.88
331.255,measure,4992.0,960.0,4.7923,58.88
331.355,measure,4992.0,960.0,4.7923,59.03
331.455,measure,4992.0,960.0,4.7923,59.12
331.555,measure,4992.0,960.0,4.7923,58.94
331.655,measure,4992.0,960.0,4.7923,58.94
331.755,measure,4992.0,960.0,4.7923,58.84
331.856,measure,4992.0,960.0,4.7923,58.81
331.956,measure,4992.0,960.0,4.7923,58.81
332.056,measure,4992.0,960.0,4.7923,58.81
332.156,measure,4992.0,960.0,4.7923,58.75
332.256,measure,4992.0,960.0,4.7923,59.00
332.356,measure,4984.0,960.0,4.7846,59.06
332.456,measure,4992.0,960.0,4.7923,58.91
332.557,measure,4992.0,960.0,4.7923,58.94
332.657,measure,4984.0,960.0,4.7846,58.91
332.757,measure,4992.0,960.0,4.7923,58.81
332.857,measure,4992.0,960.0,4.7923,58.84
332.957,measure,4992.0,960.0,4.7923,58.81
333.057,measure,4992.0,960.0,4.7923,58.84
333.157,measure,4992.0,960.0,4.7923,58.81
333.257,measure,4992.0,960.0,4.7923,59.00
333.358,measure,4992.0,960.0,4.7923,58.94
333.458,measure,4984.0,960.0,4.7846,58.94
333.558,measure,4984.0,960.0,4.7846,58.88
333.658,measure,4984.0,960.0,4.7846,58.94
333.758,measure,4992.0,960.0,4.7923,58.81
333.858,measure,4984.0,960.0,4.7846,58.81
333.958,measure,4992.0,960.0,4.7923,58.81
334.059,measure,4984.0,960.0,4.7846,58.78
334.159,measure,4992.0,960.0,4.7923,58.91
334.259,measure,4992.0,960.0,4.7923,58.91
334.359,measure,4992.0,960.0,4.7923,58.94
334.459,measure,4992.0,960.0,4.7923,58.94
334.559,measure,4992.0,960.0,4.7923,58.88
334.659,measure,4992.0,960.0,4.7923,58.78
334.759,measure,4992.0,960.0,4.7923,58.81
334.860,measure,4992.0,960.0,4.7923,58.78
334.960,measure,4992.0,960.0,4.7923,58.75
335.060,measure,4984.0,960.0,4.7846,59.03
335.160,measure,4984.0,960.0,4.7846,58.94
335.260,measure,4992.0,960.0,4.7923,58.94
335.360,measure,4992.0,960.0,4.7923,58.88
335.460,measure,4992.0,960.0,4.7923,58.88
335.561,measure,4992.0,960.0,4.7923,58.81
335.661,measure,4992.0,960.0,4.7923,58.78
335.761,measure,4992.0,960.0,4.7923,58.88
335.861,measure,4992.0,960.0,4.7923,58.81
335.961,measure,4992.0,960.0,4.7923,59.03
336.061,measure,4992.0,960.0,4.7923,59.00
336.161,measure,4984.0,968.0,4.8245,58.97
336.262,measure,4984.0,968.0,4.8245,58.88
336.362,measure,4984.0,992.0,4.9441,58.88
336.462,measure,4984.0,1008.0,5.0239,58.91
336.562,measure,4984.0,1024.0,5.1036,58.88
336.662,measure,4984.0,1056.0,5.2631,58.81
336.762,measure,4984.0,1040.0,5.1834,58.88
336.862,measure,4984.0,1032.0,5.1435,59.03
336.963,measure,4984.0,1016.0,5.0637,59.00
337.063,measure,4984.0,1008.0,5.0239,58.88
337.163,measure,4984.0,1000.0,4.9840,58.88
337.263,measure,4984.0,1000.0,4.9840,58.94
337.363,measure,4984.0,992.0,4.9441,58.88
337.463,measure,4984.0,984.0,4.9043,58.84
337.563,measure,4984.0,984.0,4.9043,58.88
337.663,measure,4984.0,976.0,4.8644,58.78
337.764,measure,4984.0,976.0,4.8644,59.03
337.864,measure,4984.0,968.0,4.8245,58.97
337.964,measure,4984.0,968.0,4.8245,58.94
338.064,measure,4984.0,968.0,4.8245,58.88
338.164,measure,4984.0,968.0,4.8245,58.81
338.264,measure,4992.0,968.0,4.8323,58.88
338.364,measure,4992.0,968.0,4.8323,58.88
338.464,measure,4992.0,968.0,4.8323,58.78
338.565,measure,4992.0,960.0,4.7923,58.88
338.665,measure,4992.0,960.0,4.7923,59.03
338.765,measure,4992.0,960.0,4.7923,58.94
338.865,measure,4992.0,960.0,4.7923,58.88
338.965,measure,4992.0,960.0,4.7923,58.88
339.065,measure,4992.0,960.0,4.7923,58.81
339.165,measure,4992.0,960.0,4.7923,58.94
339.266,measure,4992.0,960.0,4.7923,58.84
339.366,measure,4992.0,960.0,4.7923,58.84
339.466,measure,4992.0,960.0,4.7923,58.84
339.566,measure,4992.0,960.0,4.7923,59.03
339.666,measure,4992.0,960.0,4.7923,59.00
339.766,measure,4992.0,960.0,4.7923,58.91
339.866,measure,4992.0,960.0,4.7923,58.91
339.966,measure,4992.0,960.0,4.7923,58.94
340.067,measure,4992.0,960.0,4.7923,58.91
340.167,measure,4992.0,960.0,4.7923,58.88
340.267,measure,4992.0,960.0,4.7923,58.78
340.367,measure,4992.0,960.0,4.7923,58.81
340.467,measure,4992.0,960.0,4.7923,59.00
340.567,measure,4992.0,960.0,4.7923,59.00
340.667,measure,4992.0,960.0,4.7923,58.94
340.767,measure,4992.0,960.0,4.7923,58.94
340.868,measure,4992.0,960.0,4.7923,58.94
340.968,measure,4992.0,960.0,4.7923,58.81
341.068,measure,4992.0,960.0,4.7923,58.94
341.168,measure,4992.0,960.0,4.7923,58.84
341.268,measure,4992.0,960.0,4.7923,58.84
341.368,measure,4992.0,960.0,4.7923,59.00
341.468,measure,4992.0,960.0,4.7923,59.00
341.569,measure,4992.0,960.0,4.7923,58.94
341.669,measure,4992.0,960.0,4.7923,58.97
341.769,measure,4992.0,960.0,4.7923,58.88
341.869,measure,4992.0,960.0,4.7923,58.91
341.969,measure,4992.0,960.0,4.7923,58.88
342.069,measure,4992.0,960.0,4.7923,58.88
342.169,measure,4992.0,960.0,4.7923,58.81
342.270,measure,4992.0,960.0,4.7923,59.06
342.370,measure,4992.0,960.0,4.7923,59.00
342.470,measure,4992.0,960.0,4.7923,58.91
342.570,measure,4992.0,960.0,4.7923,58.94
342.670,measure,4992.0,960.0,4.7923,58.91
342.771,measure,4992.0,960.0,4.7923,58.94
342.871,measure,4992.0,960.0,4.7923,58.88
342.971,measure,4992.0,960.0,4.7923,58.88
343.071,measure,4992.0,960.0,4.7923,58.78
343.171,measure,4992.0,960.0,4.7923,59.06
343.272,measure,4992.0,960.0,4.7923,59.03
343.372,measure,4992.0,960.0,4.7923,58.94
343.472,measure,4992.0,960.0,4.7923,58.91
343.572,measure,4992.0,960.0,4.7923,58.91
343.672,measure,4992.0,960.0,4.7923,58.91
343.772,measure,4992.0,960.0,4.7923,58.88
343.872,measure,4992.0,960.0,4.7923,58.78
343.973,measure,4992.0,960.0,4.7923,58.84
344.073,measure,4992.0,960.0,4.7923,59.03
344.173,measure,4992.0,960.0,4.7923,59.06
344.273,measure,4992.0,960.0,4.7923,59.00
344.373,measure,4992.0,960.0,4.7923,58.94
344.473,measure,4992.0,960.0,4.7923,58.81
344.573,measure,4992.0,960.0,4.7923,58.88
344.674,measure,4992.0,960.0,4.7923,58.94
344.774,measure,4992.0,960.0,4.7923,58.81
344.874,measure,4992.0,960.0,4.7923,58.88
344.974,measure,4992.0,960.0,4.7923,58.78
345.074,measure,4992.0,960.0,4.7923,59.06
345.174,measure,4992.0,960.0,4.7923,58.94
345.274,measure,4992.0,960.0,4.7923,58.94
345.374,measure,4992.0,960.0,4.7923,58.88
345.475,measure,4992.0,960.0,4.7923,58.88
345.575,measure,4992.0,960.0,4.7923,58.84
345.675,measure,4992.0,960.0,4.7923,58.84
345.775,measure,4992.0,960.0,4.7923,58.84
345.875,measure,4992.0,960.0,4.7923,58.75
345.975,measure,4992.0,960.0,4.7923,59.09
346.075,measure,4992.0,960.0,4.7923,59.03
346.176,measure,4992.0,960.0,4.7923,58.94
346.276,measure,4992.0,960.0,4.7923,58.88
346.376,measure,4984.0,968.0,4.8245,58.81
346.476,measure,4984.0,968.0,4.8245,58.88
346.576,measure,4984.0,968.0,4.8245,58.75
346.676,measure,4984.0,968.0,4.8245,58.81
346.776,measure,4984.0,960.0,4.7846,58.78
346.877,measure,4984.0,960.0,4.7846,58.78
346.977,measure,4984.0,960.0,4.7846,59.00
347.077,measure,4992.0,960.0,4.7923,58.94
347.177,measure,4992.0,960.0,4.7923,58.88
347.277,measure,4984.0,960.0,4.7846,58.88
347.377,measure,4984.0,960.0,4.7846,58.81
347.477,measure,4984.0,960.0,4.7846,58.81
347.578,measure,4984.0,960.0,4.7846,58.78
347.678,measure,4984.0,960.0,4.7846,58.78
347.778,measure,4984.0,960.0,4.7846,58.81
347.878,measure,4992.0,960.0,4.7923,59.03
347.978,measure,4992.0,960.0,4.7923,58.94
348.079,measure,4992.0,960.0,4.7923,58.88
348.179,measure,4992.0,960.0,4.7923,58.84
348.279,measure,4992.0,960.0,4.7923,58.88
348.379,measure,4992.0,960.0,4.7923,58.88
348.479,measure,4992.0,960.0,4.7923,58.84
348.579,measure,4992.0,960.0,4.7923,58.78
348.680,measure,4992.0,960.0,4.7923,58.78
348.780,measure,4992.0,960.0,4.7923,59.06
348.880,measure,4992.0,960.0,4.7923,58.94
348.980,measure,4984.0,960.0,4.7846,58.91
349.080,measure,4984.0,960.0,4.7846,58.91
349.180,measure,4984.0,960.0,4.7846,58.81
349.280,measure,4992.0,960.0,4.7923,58.88
349.380,measure,4992.0,960.0,4.7923,58.88
349.481,measure,4984.0,960.0,4.7846,58.88
349.581,measure,4992.0,960.0,4.7923,58.81
349.681,measure,4984.0,960.0,4.7846,58.75
349.781,measure,4984.0,960.0,4.7846,58.94
349.882,measure,4984.0,960.0,4.7846,58.91
349.982,measure,4992.0,960.0,4.7923,58.94
350.082,measure,4992.0,960.0,4.7923,58.91
350.182,measure,4992.0,960.0,4.7923,58.84
350.283,measure,4992.0,960.0,4.7923,58.75
350.383,measure,4992.0,960.0,4.7923,58.84
350.483,measure,4992.0,960.0,4.7923,58.72
350.583,measure,4992.0,960.0,4.7923,58.75
350.683,measure,4992.0,960.0,4.7923,59.03
350.783,measure,4992.0,960.0,4.7923,58.88
350.883,measure,4984.0,960.0,4.7846,58.94
350.984,measure,4992.0,960.0,4.7923,58.88
351.084,measure,4992.0,960.0,4.7923,58.88
351.184,measure,4992.0,960.0,4.7923,58.84
351.284,measure,4984.0,960.0,4.7846,58.84
351.384,measure,4992.0,960.0,4.7923,58.81
351.484,measure,4984.0,960.0,4.7846,58.75
351.584,measure,4992.0,960.0,4.7923,58.94
351.685,measure,4992.0,960.0,4.7923,58.94
351.785,measure,4984.0,960.0,4.7846,58.97
351.885,measure,4992.0,960.0,4.7923,58.88
351.985,measure,4992.0,960.0,4.7923,58.84
352.085,measure,4984.0,960.0,4.7846,58.81
352.185,measure,4984.0,960.0,4.7846,58.91
352.285,measure,4984.0,960.0,4.7846,58.81
352.385,measure,4984.0,960.0,4.7846,58.75
352.486,measure,4984.0,968.0,4.8245,58.97
352.586,measure,4992.0,968.0,4.8323,58.84
352.686,measure,4984.0,968.0,4.8245,58.91
352.786,measure,4984.0,968.0,4.8245,58.91
352.886,measure,4984.0,968.0,4.8245,58.81
352.986,measure,4984.0,968.0,4.8245,58.84
353.086,measure,4984.0,968.0,4.8245,58.81
353.187,measure,4984.0,968.0,4.8245,58.84
353.287,measure,4984.0,968.0,4.8245,58.78
353.387,measure,4984.0,968.0,4.8245,58.66
353.487,measure,4984.0,976.0,4.8644,58.97
353.587,measure,4984.0,976.0,4.8644,58.94
353.687,measure,4984.0,976.0,4.8644,58.91
353.787,measure,4984.0,976.0,4.8644,58.84
353.887,measure,4984.0,976.0,4.8644,58.81
353.988,measure,4984.0,976.0,4.8644,58.81
354.088,measure,4984.0,976.0,4.8644,58.81
354.188,measure,4984.0,968.0,4.8245,58.78
354.288,measure,4984.0,968.0,4.8245,58.84
354.388,measure,4984.0,968.0,4.8245,58.88
354.489,measure,4984.0,968.0,4.8245,58.97
354.589,measure,4984.0,968.0,4.8245,58.94
354.689,measure,4984.0,968.0,4.8245,58.84
354.789,measure,4984.0,960.0,4.7846,58.81
354.890,measure,4992.0,960.0,4.7923,58.84
354.990,measure,4992.0,960.0,4.7923,58.78
355.091,measure,4992.0,960.0,4.7923,58.81
355.191,measure,4992.0,960.0,4.7923,58.75
355.291,measure,4992.0,960.0,4.7923,58.75
355.391,measure,4992.0,960.0,4.7923,59.00
355.492,measure,4992.0,960.0,4.7923,58.94
355.592,measure,4992.0,960.0,4.7923,58.91
355.692,measure,4992.0,960.0,4.7923,58.81
355.792,measure,4992.0,960.0,4.7923,58.88
355.892,measure,4992.0,960.0,4.7923,58.84
355.992,measure,4992.0,960.0,4.7923,58.84
356.092,measure,4992.0,960.0,4.7923,58.75
356.193,measure,4992.0,960.0,4.7923,58.78
356.293,measure,4992.0,960.0,4.7923,58.97
356.393,measure,4992.0,960.0,4.7923,58.94
356.493,measure,4984.0,960.0,4.7846,58.94
356.593,measure,4984.0,968.0,4.8245,58.81
356.693,measure,4984.0,968.0,4.8245,58.88
356.793,measure,4984.0,968.0,4.8245,58.81
356.894,measure,4984.0,968.0,4.8245,58.81
356.994,measure,4992.0,960.0,4.7923,58.78
357.094,measure,4992.0,960.0,4.7923,58.78
357.195,measure,4992.0,960.0,4.7923,58.75
357.295,measure,4992.0,960.0,4.7923,59.00
357.395,measure,4992.0,960.0,4.7923,58.94
357.495,measure,4992.0,960.0,4.7923,58.94
357.596,measure,4992.0,960.0,4.7923,58.78
357.696,measure,4992.0,960.0,4.7923,58.81
357.796,measure,4992.0,960.0,4.7923,58.75
357.896,measure,4992.0,960.0,4.7923,58.72
357.996,measure,4992.0,960.0,4.7923,58.75
358.096,measure,4992.0,960.0,4.7923,58.75
358.196,measure,4992.0,960.0,4.7923,58.94
358.296,measure,4992.0,960.0,4.7923,58.94
358.397,measure,4992.0,960.0,4.7923,58.91
358.497,measure,4992.0,960.0,4.7923,58.81
358.597,measure,4992.0,960.0,4.7923,58.84
358.697,measure,4984.0,960.0,4.7846,58.81
358.797,measure,4984.0,960.0,4.7846,58.81
358.897,measure,4992.0,960.0,4.7923,58.81
358.997,measure,4992.0,960.0,4.7923,58.78
359.098,measure,4992.0,960.0,4.7923,58.94
359.198,measure,4992.0,960.0,4.7923,58.91
359.298,measure,4992.0,960.0,4.7923,58.94
359.398,measure,4992.0,960.0,4.7923,58.94
359.498,measure,4992.0,960.0,4.7923,58.78
359.598,measure,4992.0,960.0,4.7923,58.78
359.698,measure,4992.0,960.0,4.7923,58.81
359.798,measure,4992.0,960.0,4.7923,58.81
359.899,measure,4992.0,960.0,4.7923,58.72
359.999,measure,4992.0,960.0,4.7923,58.94
360.099,measure,4992.0,960.0,4.7923,58.88
360.199,measure,4992.0,960.0,4.7923,58.94
360.299,measure,4992.0,952.0,4.7524,58.91
