t_rel_s,phase,mv,ma,watt,temp_max_c
0.000,warmup,4984.0,1048.0,5.2232,58.53
0.100,warmup,4984.0,1032.0,5.1435,58.50
0.200,warmup,4984.0,1008.0,5.0239,58.72
0.301,warmup,4984.0,984.0,4.9043,58.66
0.401,warmup,4984.0,976.0,4.8644,58.69
0.501,warmup,4984.0,968.0,4.8245,58.56
0.601,warmup,4992.0,968.0,4.8323,58.59
0.701,warmup,4992.0,968.0,4.8323,58.62
0.801,warmup,4992.0,960.0,4.7923,58.56
0.901,warmup,4992.0,960.0,4.7923,58.53
1.002,warmup,4992.0,960.0,4.7923,58.53
1.102,warmup,4992.0,952.0,4.7524,58.50
1.202,warmup,4992.0,952.0,4.7524,58.75
1.302,warmup,4992.0,952.0,4.7524,58.62
1.402,warmup,4992.0,952.0,4.7524,58.56
1.502,warmup,4992.0,952.0,4.7524,58.59
1.602,warmup,4992.0,952.0,4.7524,58.62
1.702,warmup,4992.0,952.0,4.7524,58.47
1.803,warmup,4992.0,952.0,4.7524,58.53
1.903,warmup,4992.0,952.0,4.7524,58.53
2.003,warmup,4992.0,952.0,4.7524,58.78
2.103,warmup,4992.0,952.0,4.7524,58.62
2.203,warmup,4992.0,952.0,4.7524,58.69
2.303,warmup,4992.0,952.0,4.7524,58.59
2.403,warmup,4992.0,952.0,4.7524,58.62
2.504,warmup,4992.0,952.0,4.7524,58.53
2.604,warmup,4992.0,952.0,4.7524,58.53
2.704,warmup,4992.0,952.0,4.7524,58.56
2.804,warmup,4992.0,952.0,4.7524,58.56
2.904,warmup,4992.0,952.0,4.7524,58.78
3.004,warmup,4992.0,952.0,4.7524,58.69
3.104,warmup,4992.0,960.0,4.7923,58.66
3.204,warmup,4992.0,960.0,4.7923,58.59
3.305,warmup,4992.0,960.0,4.7923,58.53
3.405,warmup,4992.0,960.0,4.7923,58.59
3.505,warmup,4992.0,960.0,4.7923,58.50
3.605,warmup,4992.0,960.0,4.7923,58.53
3.705,warmup,4992.0,960.0,4.7923,58.56
3.805,warmup,4992.0,960.0,4.7923,58.47
3.905,warmup,4992.0,960.0,4.7923,58.72
4.006,warmup,4992.0,960.0,4.7923,58.62
4.106,warmup,4992.0,960.0,4.7923,58.59
4.206,warmup,4992.0,960.0,4.7923,58.66
4.306,warmup,4992.0,960.0,4.7923,58.53
4.406,warmup,4992.0,960.0,4.7923,58.59
4.506,warmup,4992.0,960.0,4.7923,58.56
4.606,warmup,4992.0,960.0,4.7923,58.59
4.707,warmup,4992.0,960.0,4.7923,58.78
4.807,warmup,4992.0,960.0,4.7923,58.69
4.907,warmup,4992.0,960.0,4.7923,58.66
5.007,warmup,4992.0,960.0,4.7923,58.56
5.107,warmup,4992.0,960.0,4.7923,58.62
5.207,warmup,4992.0,960.0,4.7923,58.56
5.308,warmup,4992.0,960.0,4.7923,58.56
5.408,warmup,4992.0,960.0,4.7923,58.56
5.508,warmup,4992.0,960.0,4.7923,58.53
5.609,warmup,4992.0,968.0,4.8323,58.47
5.709,warmup,4992.0,968.0,4.8323,58.72
5.809,warmup,4992.0,968.0,4.8323,58.72
5.909,warmup,4992.0,968.0,4.8323,58.66
6.009,warmup,4992.0,968.0,4.8323,58.56
6.109,warmup,4992.0,968.0,4.8323,58.62
6.210,warmup,4992.0,968.0,4.8323,58.56
6.310,warmup,4992.0,968.0,4.8323,58.53
6.410,warmup,4992.0,968.0,4.8323,58.56
6.510,warmup,4984.0,968.0,4.8245,58.53
6.610,warmup,4992.0,968.0,4.8323,58.75
6.710,warmup,4984.0,968.0,4.8245,58.69
6.810,warmup,4992.0,968.0,4.8323,58.66
6.911,warmup,4992.0,968.0,4.8323,58.66
7.011,warmup,4992.0,968.0,4.8323,58.62
7.111,warmup,4992.0,968.0,4.8323,58.62
7.211,warmup,4992.0,968.0,4.8323,58.47
7.311,warmup,4992.0,968.0,4.8323,58.50
7.411,warmup,4992.0,968.0,4.8323,58.53
7.511,warmup,4992.0,968.0,4.8323,58.72
7.612,warmup,4992.0,968.0,4.8323,58.75
7.712,warmup,4984.0,968.0,4.8245,58.59
7.812,warmup,4984.0,968.0,4.8245,58.59
7.912,warmup,4984.0,968.0,4.8245,58.59
8.012,warmup,4992.0,968.0,4.8323,58.56
8.112,warmup,4992.0,968.0,4.8323,58.53
8.212,warmup,4992.0,968.0,4.8323,58.50
8.312,warmup,4984.0,968.0,4.8245,58.44
8.413,warmup,4984.0,968.0,4.8245,58.75
8.513,warmup,4992.0,968.0,4.8323,58.69
8.613,warmup,4984.0,968.0,4.8245,58.62
8.713,warmup,4992.0,968.0,4.8323,58.75
8.813,warmup,4984.0,968.0,4.8245,58.66
8.913,warmup,4984.0,968.0,4.8245,58.53
9.013,warmup,4984.0,968.0,4.8245,58.59
9.113,warmup,4984.0,968.0,4.8245,58.53
9.214,warmup,4984.0,968.0,4.8245,58.53
9.314,warmup,4984.0,968.0,4.8245,58.78
9.414,warmup,4984.0,968.0,4.8245,58.75
9.514,warmup,4984.0,968.0,4.8245,58.53
9.614,warmup,4984.0,968.0,4.8245,58.66
9.714,warmup,4984.0,976.0,4.8644,58.66
9.814,warmup,4984.0,976.0,4.8644,58.53
9.915,warmup,4984.0,976.0,4.8644,58.53
10.015,warmup,4984.0,976.0,4.8644,58.53
10.115,warmup,4984.0,984.0,4.9043,58.53
10.215,warmup,4984.0,984.0,4.9043,58.53
10.315,warmup,4984.0,984.0,4.9043,58.75
10.415,warmup,4984.0,984.0,4.9043,58.72
10.515,warmup,4984.0,984.0,4.9043,58.62
10.615,warmup,4984.0,984.0,4.9043,58.59
10.716,warmup,4984.0,984.0,4.9043,58.56
10.816,warmup,4984.0,984.0,4.9043,58.53
10.916,warmup,4984.0,976.0,4.8644,58.53
11.016,warmup,4984.0,976.0,4.8644,58.56
11.116,warmup,4984.0,976.0,4.8644,58.53
11.216,warmup,4984.0,968.0,4.8245,58.78
11.316,warmup,4984.0,968.0,4.8245,58.66
11.416,warmup,4992.0,968.0,4.8323,58.66
11.517,warmup,4992.0,968.0,4.8323,58.59
11.617,warmup,4992.0,968.0,4.8323,58.59
11.717,warmup,4992.0,968.0,4.8323,58.50
11.817,warmup,4992.0,968.0,4.8323,58.50
11.917,warmup,4984.0,968.0,4.8245,58.53
12.017,warmup,4992.0,968.0,4.8323,58.53
12.117,warmup,4992.0,968.0,4.8323,58.75
12.217,warmup,4984.0,968.0,4.8245,58.62
12.318,warmup,4992.0,968.0,4.8323,58.66
12.418,warmup,4992.0,968.0,4.8323,58.62
12.518,warmup,4984.0,968.0,4.8245,58.59
12.618,warmup,4984.0,968.0,4.8245,58.59
12.718,warmup,4984.0,968.0,4.8245,58.50
12.818,warmup,4984.0,968.0,4.8245,58.53
12.918,warmup,4984.0,968.0,4.8245,58.44
13.019,warmup,4984.0,968.0,4.8245,58.69
13.119,warmup,4984.0,968.0,4.8245,58.59
13.219,warmup,4984.0,968.0,4.8245,58.59
13.319,warmup,4984.0,968.0,4.8245,58.66
13.419,warmup,4992.0,968.0,4.8323,58.53
13.519,warmup,4992.0,968.0,4.8323,58.56
13.619,warmup,4992.0,968.0,4.8323,58.56
13.720,warmup,4992.0,968.0,4.8323,58.50
13.820,warmup,4992.0,968.0,4.8323,58.53
13.920,warmup,4992.0,968.0,4.8323,58.53
14.020,warmup,4992.0,968.0,4.8323,58.66
14.120,warmup,4992.0,968.0,4.8323,58.72
14.220,warmup,4992.0,968.0,4.8323,58.62
14.321,warmup,4992.0,968.0,4.8323,58.59
14.421,warmup,4992.0,968.0,4.8323,58.59
14.521,warmup,4992.0,960.0,4.7923,58.53
14.621,warmup,4992.0,968.0,4.8323,58.56
14.721,warmup,4992.0,968.0,4.8323,58.53
14.821,warmup,4992.0,968.0,4.8323,58.50
14.921,warmup,4984.0,968.0,4.8245,58.59
15.022,warmup,4992.0,968.0,4.8323,58.69
15.122,warmup,4992.0,968.0,4.8323,58.53
15.222,warmup,4992.0,968.0,4.8323,58.50
15.322,warmup,4984.0,968.0,4.8245,58.50
15.422,warmup,4992.0,968.0,4.8323,58.50
15.522,warmup,4992.0,968.0,4.8323,58.50
15.622,warmup,4992.0,968.0,4.8323,58.50
15.723,warmup,4992.0,968.0,4.8323,58.50
15.823,warmup,4984.0,968.0,4.8245,58.72
15.923,warmup,4984.0,968.0,4.8245,58.69
16.023,warmup,4992.0,968.0,4.8323,58.53
16.123,warmup,4992.0,968.0,4.8323,58.56
16.223,warmup,4992.0,968.0,4.8323,58.53
16.323,warmup,4992.0,960.0,4.7923,58.53
16.423,warmup,4992.0,960.0,4.7923,58.56
16.524,warmup,4992.0,960.0,4.7923,58.56
16.624,warmup,4992.0,960.0,4.7923,58.50
16.724,warmup,4992.0,960.0,4.7923,58.66
16.824,warmup,4992.0,960.0,4.7923,58.62
16.924,warmup,4992.0,968.0,4.8323,58.59
17.024,warmup,4992.0,968.0,4.8323,58.53
17.125,warmup,4992.0,960.0,4.7923,58.47
17.225,warmup,4992.0,960.0,4.7923,58.59
17.325,warmup,4992.0,960.0,4.7923,58.44
17.425,warmup,4992.0,960.0,4.7923,58.44
17.525,warmup,4992.0,960.0,4.7923,58.53
17.625,warmup,4992.0,960.0,4.7923,58.69
17.725,warmup,4992.0,960.0,4.7923,58.66
17.826,warmup,4992.0,960.0,4.7923,58.56
17.926,warmup,4992.0,960.0,4.7923,58.66
18.026,warmup,4992.0,960.0,4.7923,58.66
18.126,warmup,4992.0,960.0,4.7923,58.56
18.226,warmup,4992.0,960.0,4.7923,58.50
18.326,warmup,4992.0,960.0,4.7923,58.53
18.426,warmup,4992.0,960.0,4.7923,58.47
18.526,warmup,4992.0,960.0,4.7923,58.69
18.627,warmup,4992.0,960.0,4.7923,58.78
18.727,warmup,4992.0,960.0,4.7923,58.72
18.827,warmup,4992.0,960.0,4.7923,58.56
18.927,warmup,4992.0,960.0,4.7923,58.53
19.027,warmup,4992.0,960.0,4.7923,58.53
19.127,warmup,4992.0,960.0,4.7923,58.59
19.227,warmup,4992.0,960.0,4.7923,58.47
19.327,warmup,4992.0,960.0,4.7923,58.47
19.428,warmup,4992.0,960.0,4.7923,58.72
19.528,warmup,4992.0,960.0,4.7923,58.69
19.628,warmup,4992.0,960.0,4.7923,58.66
19.728,warmup,4992.0,960.0,4.7923,58.59
19.828,warmup,4992.0,960.0,4.7923,58.59
19.928,warmup,4992.0,960.0,4.7923,58.50
20.028,warmup,4992.0,960.0,4.7923,58.62
20.129,warmup,4992.0,960.0,4.7923,58.53
20.229,warmup,4992.0,960.0,4.7923,58.72
20.329,warmup,4992.0,960.0,4.7923,58.56
20.429,warmup,4992.0,960.0,4.7923,58.66
20.529,warmup,4992.0,960.0,4.7923,58.66
20.629,warmup,4992.0,960.0,4.7923,58.59
20.729,warmup,4992.0,960.0,4.7923,58.59
20.830,warmup,4992.0,960.0,4.7923,58.56
20.930,warmup,4992.0,960.0,4.7923,58.53
21.030,warmup,4992.0,960.0,4.7923,58.50
21.130,warmup,4992.0,960.0,4.7923,58.56
21.230,warmup,4992.0,960.0,4.7923,58.78
21.330,warmup,4992.0,960.0,4.7923,58.69
21.430,warmup,4992.0,960.0,4.7923,58.66
21.530,warmup,4992.0,960.0,4.7923,58.59
21.631,warmup,4992.0,960.0,4.7923,58.59
21.731,warmup,4992.0,960.0,4.7923,58.59
21.831,warmup,4992.0,960.0,4.7923,58.56
21.931,warmup,4992.0,960.0,4.7923,58.53
22.031,warmup,4992.0,960.0,4.7923,58.53
22.131,warmup,4992.0,960.0,4.7923,58.81
22.231,warmup,4992.0,960.0,4.7923,58.69
22.332,warmup,4992.0,960.0,4.7923,58.72
22.432,warmup,4992.0,960.0,4.7923,58.59
22.532,warmup,4992.0,968.0,4.8323,58.50
22.632,warmup,4992.0,968.0,4.8323,58.59
22.732,warmup,4992.0,968.0,4.8323,58.53
22.832,warmup,4992.0,960.0,4.7923,58.53
22.932,warmup,4992.0,960.0,4.7923,58.56
23.033,warmup,4992.0,968.0,4.8323,58.69
23.133,warmup,4992.0,968.0,4.8323,58.69
23.233,warmup,4992.0,968.0,4.8323,58.62
23.333,warmup,4992.0,968.0,4.8323,58.59
23.433,warmup,4992.0,968.0,4.8323,58.59
23.533,warmup,4992.0,968.0,4.8323,58.59
23.633,warmup,4992.0,960.0,4.7923,58.56
23.734,warmup,4992.0,960.0,4.7923,58.47
23.834,warmup,4992.0,968.0,4.8323,58.53
23.934,warmup,4992.0,968.0,4.8323,58.81
24.034,warmup,4992.0,960.0,4.7923,58.75
24.134,warmup,4992.0,968.0,4.8323,58.66
24.234,warmup,4992.0,968.0,4.8323,58.62
24.334,warmup,4992.0,968.0,4.8323,58.62
24.435,warmup,4992.0,960.0,4.7923,58.47
24.535,warmup,4992.0,960.0,4.7923,58.56
24.635,warmup,4992.0,960.0,4.7923,58.53
24.735,warmup,4992.0,960.0,4.7923,58.50
24.835,warmup,4992.0,960.0,4.7923,58.56
24.935,warmup,4992.0,960.0,4.7923,58.81
25.035,warmup,4992.0,968.0,4.8323,58.78
25.135,warmup,4992.0,968.0,4.8323,58.69
25.236,warmup,4992.0,968.0,4.8323,58.59
25.336,warmup,4992.0,960.0,4.7923,58.56
25.436,warmup,4992.0,960.0,4.7923,58.53
25.536,warmup,4992.0,960.0,4.7923,58.59
25.636,warmup,4992.0,960.0,4.7923,58.56
25.736,warmup,4992.0,960.0,4.7923,58.53
25.836,warmup,4992.0,968.0,4.8323,58.75
25.937,warmup,4992.0,968.0,4.8323,58.66
26.037,warmup,4992.0,968.0,4.8323,58.59
26.137,warmup,4992.0,968.0,4.8323,58.66
26.237,warmup,4992.0,968.0,4.8323,58.50
26.337,warmup,4992.0,968.0,4.8323,58.47
26.437,warmup,4992.0,968.0,4.8323,58.53
26.537,warmup,4992.0,968.0,4.8323,58.50
26.637,warmup,4992.0,968.0,4.8323,58.53
26.738,warmup,4992.0,976.0,4.8722,58.72
26.838,warmup,4992.0,976.0,4.8722,58.62
26.938,warmup,4992.0,976.0,4.8722,58.59
27.038,warmup,4984.0,976.0,4.8644,58.62
27.138,warmup,4984.0,976.0,4.8644,58.56
27.238,warmup,4984.0,976.0,4.8644,58.62
27.338,warmup,4992.0,976.0,4.8722,58.56
27.438,warmup,4984.0,976.0,4.8644,58.50
27.539,warmup,4992.0,976.0,4.8722,58.50
27.639,warmup,4992.0,976.0,4.8722,58.62
27.739,warmup,4992.0,976.0,4.8722,58.72
27.839,warmup,4992.0,968.0,4.8323,58.66
27.939,warmup,4992.0,968.0,4.8323,58.62
28.039,warmup,4992.0,968.0,4.8323,58.50
28.139,warmup,4984.0,968.0,4.8245,58.50
28.240,warmup,4992.0,968.0,4.8323,58.53
28.340,warmup,4992.0,968.0,4.8323,58.53
28.440,warmup,4992.0,968.0,4.8323,58.56
28.540,warmup,4992.0,968.0,4.8323,58.72
28.640,warmup,4992.0,968.0,4.8323,58.81
28.740,warmup,4992.0,968.0,4.8323,58.66
28.840,warmup,4992.0,968.0,4.8323,58.53
28.940,warmup,4992.0,968.0,4.8323,58.53
29.041,warmup,4992.0,968.0,4.8323,58.62
29.141,warmup,4992.0,968.0,4.8323,58.56
29.241,warmup,4992.0,968.0,4.8323,58.50
29.341,warmup,4992.0,968.0,4.8323,58.44
29.441,warmup,4992.0,968.0,4.8323,58.69
29.541,warmup,4992.0,968.0,4.8323,58.72
29.641,warmup,4992.0,968.0,4.8323,58.66
29.741,warmup,4992.0,968.0,4.8323,58.53
29.842,warmup,4992.0,968.0,4.8323,58.59
29.942,warmup,4992.0,968.0,4.8323,58.53
30.042,warmup,4992.0,968.0,4.8323,58.50
30.142,warmup,4992.0,968.0,4.8323,58.47
30.242,warmup,4992.0,968.0,4.8323,58.56
30.342,warmup,4992.0,968.0,4.8323,58.75
30.442,warmup,4992.0,968.0,4.8323,58.62
30.542,warmup,4992.0,968.0,4.8323,58.66
30.643,warmup,4992.0,968.0,4.8323,58.59
30.743,warmup,4992.0,968.0,4.8323,58.66
30.843,warmup,4992.0,960.0,4.7923,58.53
30.943,warmup,4992.0,960.0,4.7923,58.53
31.043,warmup,4992.0,960.0,4.7923,58.53
31.143,warmup,4992.0,960.0,4.7923,58.47
31.243,warmup,4992.0,960.0,4.7923,58.75
31.344,warmup,4992.0,968.0,4.8323,58.69
31.444,warmup,4984.0,960.0,4.7846,58.66
31.544,warmup,4992.0,960.0,4.7923,58.62
31.644,warmup,4992.0,960.0,4.7923,58.59
31.744,warmup,4992.0,960.0,4.7923,58.53
31.844,warmup,4992.0,960.0,4.7923,58.59
31.944,warmup,4992.0,960.0,4.7923,58.53
32.044,warmup,4992.0,960.0,4.7923,58.56
32.145,warmup,4992.0,968.0,4.8323,58.72
32.245,warmup,4992.0,968.0,4.8323,58.69
32.345,warmup,4992.0,968.0,4.8323,58.72
32.445,warmup,4992.0,968.0,4.8323,58.59
32.545,warmup,4992.0,960.0,4.7923,58.62
32.645,warmup,4992.0,960.0,4.7923,58.53
32.745,warmup,4992.0,960.0,4.7923,58.56
32.845,warmup,4992.0,960.0,4.7923,58.53
32.946,warmup,4992.0,960.0,4.7923,58.53
33.046,warmup,4992.0,960.0,4.7923,58.75
33.146,warmup,4984.0,960.0,4.7846,58.78
33.246,warmup,4992.0,960.0,4.7923,58.66
33.346,warmup,4992.0,960.0,4.7923,58.56
33.446,warmup,4992.0,960.0,4.7923,58.66
33.546,warmup,4992.0,960.0,4.7923,58.53
33.647,warmup,4992.0,960.0,4.7923,58.62
33.747,warmup,4992.0,960.0,4.7923,58.56
33.847,warmup,4992.0,960.0,4.7923,58.56
33.947,warmup,4992.0,960.0,4.7923,58.75
34.047,warmup,4992.0,960.0,4.7923,58.72
34.147,warmup,4992.0,960.0,4.7923,58.59
34.247,warmup,4992.0,960.0,4.7923,58.56
34.348,warmup,4992.0,960.0,4.7923,58.62
34.448,warmup,4992.0,960.0,4.7923,58.62
34.548,warmup,4992.0,960.0,4.7923,58.56
34.648,warmup,4992.0,960.0,4.7923,58.53
34.748,warmup,4992.0,960.0,4.7923,58.53
34.848,warmup,4992.0,960.0,4.7923,58.78
34.948,warmup,4992.0,960.0,4.7923,58.66
35.048,warmup,4992.0,960.0,4.7923,58.69
35.149,warmup,4992.0,960.0,4.7923,58.56
35.249,warmup,4992.0,960.0,4.7923,58.66
35.349,warmup,4992.0,960.0,4.7923,58.66
35.449,warmup,4992.0,960.0,4.7923,58.59
35.549,warmup,4992.0,960.0,4.7923,58.53
35.649,warmup,4992.0,960.0,4.7923,58.50
35.749,warmup,4992.0,960.0,4.7923,58.53
35.849,warmup,4992.0,960.0,4.7923,58.75
35.950,warmup,4992.0,960.0,4.7923,58.62
36.050,warmup,4992.0,960.0,4.7923,58.69
36.150,warmup,4992.0,960.0,4.7923,58.59
36.250,warmup,4992.0,960.0,4.7923,58.56
36.350,warmup,4992.0,960.0,4.7923,58.50
36.450,warmup,4992.0,960.0,4.7923,58.47
36.550,warmup,4992.0,960.0,4.7923,58.56
36.650,warmup,4992.0,960.0,4.7923,58.47
36.751,warmup,4992.0,960.0,4.7923,58.75
36.851,warmup,4992.0,960.0,4.7923,58.59
36.951,warmup,4992.0,960.0,4.7923,58.69
37.051,warmup,4992.0,960.0,4.7923,58.59
37.151,warmup,4992.0,960.0,4.7923,58.56
37.251,warmup,4992.0,960.0,4.7923,58.53
37.351,warmup,4992.0,960.0,4.7923,58.56
37.452,warmup,4992.0,960.0,4.7923,58.53
37.552,warmup,4992.0,960.0,4.7923,58.53
37.652,warmup,4992.0,960.0,4.7923,58.81
37.752,warmup,4992.0,960.0,4.7923,58.66
37.852,warmup,4992.0,960.0,4.7923,58.69
37.952,warmup,4992.0,960.0,4.7923,58.66
38.052,warmup,4992.0,960.0,4.7923,58.50
38.152,warmup,4992.0,960.0,4.7923,58.53
38.253,warmup,4992.0,960.0,4.7923,58.47
38.353,warmup,4992.0,960.0,4.7923,58.50
38.453,warmup,4992.0,960.0,4.7923,58.53
38.553,warmup,4992.0,960.0,4.7923,58.47
38.653,warmup,4992.0,960.0,4.7923,58.62
38.753,warmup,4992.0,960.0,4.7923,58.66
38.853,warmup,4992.0,960.0,4.7923,58.53
38.954,warmup,4992.0,960.0,4.7923,58.56
39.054,warmup,4992.0,960.0,4.7923,58.59
39.154,warmup,4992.0,960.0,4.7923,58.50
39.254,warmup,4992.0,960.0,4.7923,58.50
39.354,warmup,4992.0,960.0,4.7923,58.44
39.454,warmup,4992.0,968.0,4.8323,58.53
39.554,warmup,4992.0,968.0,4.8323,58.69
39.654,warmup,4992.0,960.0,4.7923,58.69
39.755,warmup,4992.0,960.0,4.7923,58.59
39.855,warmup,4992.0,960.0,4.7923,58.59
39.955,warmup,4992.0,960.0,4.7923,58.53
40.055,warmup,4992.0,960.0,4.7923,58.50
40.155,warmup,4992.0,960.0,4.7923,58.50
40.255,warmup,4992.0,960.0,4.7923,58.50
40.355,warmup,4992.0,960.0,4.7923,58.66
40.455,warmup,4992.0,960.0,4.7923,58.72
40.556,warmup,4992.0,960.0,4.7923,58.69
40.656,warmup,4984.0,960.0,4.7846,58.69
40.756,warmup,4992.0,968.0,4.8323,58.62
40.856,warmup,4992.0,960.0,4.7923,58.56
40.956,warmup,4992.0,960.0,4.7923,58.53
41.056,warmup,4992.0,960.0,4.7923,58.47
41.156,warmup,4992.0,960.0,4.7923,58.53
41.257,warmup,4992.0,960.0,4.7923,58.72
41.357,warmup,4992.0,960.0,4.7923,58.66
41.457,warmup,4992.0,960.0,4.7923,58.62
41.557,warmup,4992.0,960.0,4.7923,58.62
41.657,warmup,4992.0,960.0,4.7923,58.56
41.757,warmup,4992.0,960.0,4.7923,58.56
41.857,warmup,4992.0,960.0,4.7923,58.56
41.958,warmup,4992.0,960.0,4.7923,58.56
42.058,warmup,4992.0,960.0,4.7923,58.50
42.158,warmup,4992.0,960.0,4.7923,58.72
42.258,warmup,4992.0,960.0,4.7923,58.69
42.358,warmup,4992.0,960.0,4.7923,58.59
42.458,warmup,4992.0,968.0,4.8323,58.59
42.558,warmup,4984.0,968.0,4.8245,58.59
42.658,warmup,4984.0,968.0,4.8245,58.50
42.759,warmup,4984.0,968.0,4.8245,58.56
42.859,warmup,4984.0,968.0,4.8245,58.53
42.959,warmup,4984.0,968.0,4.8245,58.50
43.059,warmup,4984.0,968.0,4.8245,58.72
43.159,warmup,4984.0,968.0,4.8245,58.62
43.259,warmup,4984.0,976.0,4.8644,58.66
43.359,warmup,4984.0,976.0,4.8644,58.59
43.460,warmup,4984.0,976.0,4.8644,58.59
43.560,warmup,4984.0,976.0,4.8644,58.53
43.660,warmup,4984.0,976.0,4.8644,58.56
43.760,warmup,4984.0,976.0,4.8644,58.53
43.860,warmup,4984.0,976.0,4.8644,58.50
43.960,warmup,4984.0,976.0,4.8644,58.78
44.060,warmup,4984.0,976.0,4.8644,58.72
44.161,warmup,4984.0,976.0,4.8644,58.72
44.261,warmup,4984.0,976.0,4.8644,58.59
44.361,warmup,4984.0,968.0,4.8245,58.59
44.461,warmup,4984.0,968.0,4.8245,58.50
44.561,warmup,4984.0,968.0,4.8245,58.53
44.661,warmup,4992.0,968.0,4.8323,58.50
44.761,warmup,4992.0,968.0,4.8323,58.50
44.862,warmup,4992.0,968.0,4.8323,58.72
44.962,warmup,4992.0,968.0,4.8323,58.72
45.062,warmup,4992.0,968.0,4.8323,58.66
45.162,warmup,4992.0,968.0,4.8323,58.66
45.262,warmup,4992.0,968.0,4.8323,58.56
45.362,warmup,4992.0,968.0,4.8323,58.56
45.462,warmup,4992.0,968.0,4.8323,58.59
45.563,warmup,4992.0,968.0,4.8323,58.56
45.663,warmup,4992.0,968.0,4.8323,58.53
45.763,warmup,4992.0,968.0,4.8323,58.78
45.863,warmup,4992.0,960.0,4.7923,58.72
45.963,warmup,4992.0,960.0,4.7923,58.66
46.063,warmup,4992.0,960.0,4.7923,58.59
46.163,warmup,4992.0,960.0,4.7923,58.62
46.263,warmup,4992.0,960.0,4.7923,58.62
46.364,warmup,4992.0,960.0,4.7923,58.56
46.464,warmup,4992.0,960.0,4.7923,58.53
46.564,warmup,4992.0,960.0,4.7923,58.53
46.664,warmup,4992.0,960.0,4.7923,58.81
46.764,warmup,4992.0,960.0,4.7923,58.72
46.864,warmup,4992.0,960.0,4.7923,58.69
46.964,warmup,4992.0,960.0,4.7923,58.66
47.065,warmup,4992.0,960.0,4.7923,58.59
47.165,warmup,4992.0,960.0,4.7923,58.62
47.265,warmup,4992.0,960.0,4.7923,58.53
47.365,warmup,4992.0,960.0,4.7923,58.56
47.465,warmup,4992.0,960.0,4.7923,58.44
47.565,warmup,4992.0,960.0,4.7923,58.50
47.665,warmup,4992.0,960.0,4.7923,58.75
47.765,warmup,4992.0,960.0,4.7923,58.75
47.866,warmup,4992.0,960.0,4.7923,58.62
47.966,warmup,4992.0,960.0,4.7923,58.62
48.066,warmup,4992.0,960.0,4.7923,58.62
48.166,warmup,4992.0,960.0,4.7923,58.59
48.266,warmup,4992.0,960.0,4.7923,58.47
48.366,warmup,4992.0,960.0,4.7923,58.50
48.466,warmup,4992.0,960.0,4.7923,58.53
48.566,warmup,4992.0,960.0,4.7923,58.72
48.667,warmup,4992.0,960.0,4.7923,58.72
48.767,warmup,4992.0,960.0,4.7923,58.69
48.867,warmup,4992.0,960.0,4.7923,58.59
48.967,warmup,4992.0,960.0,4.7923,58.59
49.067,warmup,4992.0,960.0,4.7923,58.44
49.167,warmup,4992.0,960.0,4.7923,58.50
49.267,warmup,4992.0,960.0,4.7923,58.53
49.368,warmup,4992.0,960.0,4.7923,58.53
49.468,warmup,4992.0,960.0,4.7923,58.53
49.568,warmup,4992.0,960.0,4.7923,58.66
49.668,warmup,4992.0,960.0,4.7923,58.62
49.768,warmup,4992.0,960.0,4.7923,58.62
49.868,warmup,4992.0,960.0,4.7923,58.62
49.968,warmup,4992.0,960.0,4.7923,58.59
50.068,warmup,4992.0,960.0,4.7923,58.50
50.169,warmup,4992.0,960.0,4.7923,58.50
50.269,warmup,4992.0,960.0,4.7923,58.50
50.369,warmup,4992.0,960.0,4.7923,58.47
50.469,warmup,4992.0,960.0,4.7923,58.84
50.569,warmup,4992.0,960.0,4.7923,58.62
50.669,warmup,4992.0,960.0,4.7923,58.69
50.770,warmup,4992.0,960.0,4.7923,58.66
50.870,warmup,4992.0,960.0,4.7923,58.53
50.970,warmup,4992.0,960.0,4.7923,58.47
51.070,warmup,4992.0,960.0,4.7923,58.47
51.170,warmup,4992.0,960.0,4.7923,58.56
51.270,warmup,4992.0,960.0,4.7923,58.53
51.371,warmup,4992.0,960.0,4.7923,58.66
51.471,warmup,4992.0,960.0,4.7923,58.69
51.571,warmup,4992.0,960.0,4.7923,58.66
51.672,warmup,4992.0,960.0,4.7923,58.62
51.772,warmup,4992.0,960.0,4.7923,58.53
51.872,warmup,4992.0,960.0,4.7923,58.62
51.972,warmup,4992.0,960.0,4.7923,58.53
52.072,warmup,4992.0,960.0,4.7923,58.47
52.172,warmup,4992.0,960.0,4.7923,58.44
52.273,warmup,4992.0,960.0,4.7923,58.47
52.373,warmup,4992.0,960.0,4.7923,58.62
52.473,warmup,4992.0,960.0,4.7923,58.66
52.573,warmup,4992.0,960.0,4.7923,58.53
52.673,warmup,4992.0,960.0,4.7923,58.50
52.773,warmup,4992.0,960.0,4.7923,58.53
52.873,warmup,4992.0,960.0,4.7923,58.53
52.973,warmup,4992.0,960.0,4.7923,58.56
53.074,warmup,4992.0,960.0,4.7923,58.50
53.174,warmup,4992.0,960.0,4.7923,58.50
53.274,warmup,4992.0,960.0,4.7923,58.69
53.374,warmup,4992.0,960.0,4.7923,58.59
53.474,warmup,4992.0,960.0,4.7923,58.62
53.574,warmup,4992.0,960.0,4.7923,58.59
53.674,warmup,4992.0,960.0,4.7923,58.53
53.775,warmup,4992.0,960.0,4.7923,58.56
53.875,warmup,4992.0,960.0,4.7923,58.53
53.975,warmup,4992.0,960.0,4.7923,58.53
54.075,warmup,4992.0,960.0,4.7923,58.47
54.175,warmup,4992.0,960.0,4.7923,58.59
54.275,warmup,4992.0,960.0,4.7923,58.59
54.375,warmup,4992.0,960.0,4.7923,58.59
54.476,warmup,4992.0,960.0,4.7923,58.59
54.576,warmup,4992.0,960.0,4.7923,58.62
54.676,warmup,4992.0,960.0,4.7923,58.50
54.776,warmup,4992.0,960.0,4.7923,58.50
54.876,warmup,4992.0,960.0,4.7923,58.47
54.976,warmup,4992.0,960.0,4.7923,58.56
55.076,warmup,4992.0,960.0,4.7923,58.62
55.177,warmup,4992.0,960.0,4.7923,58.66
55.277,warmup,4992.0,960.0,4.7923,58.56
55.377,warmup,4992.0,960.0,4.7923,58.59
55.477,warmup,4992.0,960.0,4.7923,58.59
55.577,warmup,4992.0,960.0,4.7923,58.66
55.678,warmup,4992.0,960.0,4.7923,58.53
55.778,warmup,4992.0,960.0,4.7923,58.50
55.878,warmup,4984.0,968.0,4.8245,58.44
55.979,warmup,4992.0,968.0,4.8323,58.47
56.079,warmup,4992.0,968.0,4.8323,58.78
56.179,warmup,4992.0,968.0,4.8323,58.69
56.279,warmup,4992.0,968.0,4.8323,58.62
56.379,warmup,4992.0,960.0,4.7923,58.50
56.479,warmup,4992.0,968.0,4.8323,58.59
56.580,warmup,4992.0,968.0,4.8323,58.53
56.680,warmup,4984.0,960.0,4.7846,58.59
56.780,warmup,4984.0,960.0,4.7846,58.53
56.880,warmup,4984.0,968.0,4.8245,58.50
56.980,warmup,4984.0,968.0,4.8245,58.62
57.080,warmup,4984.0,968.0,4.8245,58.62
57.180,warmup,4984.0,968.0,4.8245,58.69
57.281,warmup,4984.0,968.0,4.8245,58.62
57.381,warmup,4984.0,968.0,4.8245,58.53
57.481,warmup,4984.0,968.0,4.8245,58.59
57.581,warmup,4992.0,960.0,4.7923,58.53
57.681,warmup,4992.0,968.0,4.8323,58.53
57.781,warmup,4992.0,968.0,4.8323,58.53
57.881,warmup,4992.0,968.0,4.8323,58.69
57.982,warmup,4992.0,968.0,4.8323,58.69
58.082,warmup,4984.0,968.0,4.8245,58.59
58.182,warmup,4992.0,968.0,4.8323,58.62
58.282,warmup,4992.0,968.0,4.8323,58.56
58.382,warmup,4984.0,968.0,4.8245,58.56
58.482,warmup,4992.0,968.0,4.8323,58.53
58.582,warmup,4992.0,968.0,4.8323,58.56
58.683,warmup,4992.0,968.0,4.8323,58.50
58.783,warmup,4984.0,968.0,4.8245,58.66
58.883,warmup,4984.0,968.0,4.8245,58.66
58.983,warmup,4984.0,968.0,4.8245,58.62
59.083,warmup,4984.0,968.0,4.8245,58.59
59.183,warmup,4984.0,968.0,4.8245,58.56
59.284,warmup,4984.0,968.0,4.8245,58.53
59.384,warmup,4984.0,968.0,4.8245,58.53
59.484,warmup,4984.0,968.0,4.8245,58.47
59.584,warmup,4984.0,968.0,4.8245,58.56
59.684,warmup,4984.0,968.0,4.8245,58.53
59.784,warmup,4984.0,968.0,4.8245,58.72
59.884,warmup,4984.0,968.0,4.8245,58.62
59.985,warmup,4984.0,976.0,4.8644,58.56
60.085,warmup,4984.0,976.0,4.8644,58.62
60.185,warmup,4984.0,976.0,4.8644,58.56
60.285,warmup,4984.0,976.0,4.8644,58.56
60.385,measure,4984.0,976.0,4.8644,58.53
60.485,measure,4984.0,968.0,4.8245,58.50
60.585,measure,4984.0,968.0,4.8245,58.50
60.686,measure,4984.0,968.0,4.8245,58.69
60.786,measure,4984.0,968.0,4.8245,58.69
60.886,measure,4992.0,968.0,4.8323,58.53
60.986,measure,4992.0,968.0,4.8323,58.59
61.086,measure,4992.0,968.0,4.8323,58.50
61.186,measure,4992.0,960.0,4.7923,58.59
61.287,measure,4992.0,960.0,4.7923,58.50
61.387,measure,4992.0,960.0,4.7923,58.56
61.487,measure,4992.0,960.0,4.7923,58.56
61.587,measure,4992.0,960.0,4.7923,58.72
61.687,measure,4992.0,960.0,4.7923,58.59
61.787,measure,4992.0,960.0,4.7923,58.62
61.887,measure,4992.0,960.0,4.7923,58.59
61.988,measure,4992.0,960.0,4.7923,58.56
62.088,measure,4992.0,960.0,4.7923,58.56
62.188,measure,4992.0,960.0,4.7923,58.50
62.288,measure,4992.0,960.0,4.7923,58.50
62.388,measure,4992.0,960.0,4.7923,58.56
62.488,measure,4992.0,960.0,4.7923,58.69
62.588,measure,4992.0,960.0,4.7923,58.59
62.689,measure,4992.0,960.0,4.7923,58.66
62.789,measure,4992.0,960.0,4.7923,58.56
62.889,measure,4992.0,960.0,4.7923,58.59
62.989,measure,4992.0,960.0,4.7923,58.62
63.089,measure,4992.0,960.0,4.7923,58.56
63.189,measure,4992.0,960.0,4.7923,58.56
63.290,measure,4992.0,960.0,4.7923,58.50
63.390,measure,4992.0,960.0,4.7923,58.69
63.490,measure,4992.0,960.0,4.7923,58.75
63.590,measure,4992.0,960.0,4.7923,58.66
63.690,measure,4992.0,960.0,4.7923,58.62
63.790,measure,4992.0,960.0,4.7923,58.62
63.890,measure,4992.0,960.0,4.7923,58.59
63.991,measure,4992.0,960.0,4.7923,58.62
64.091,measure,4992.0,960.0,4.7923,58.44
64.191,measure,4992.0,960.0,4.7923,58.50
64.291,measure,4992.0,960.0,4.7923,58.69
64.391,measure,4992.0,960.0,4.7923,58.72
64.491,measure,4992.0,960.0,4.7923,58.62
64.591,measure,4992.0,960.0,4.7923,58.59
64.692,measure,4992.0,960.0,4.7923,58.62
64.792,measure,4992.0,960.0,4.7923,58.66
64.892,measure,4992.0,960.0,4.7923,58.59
64.992,measure,4992.0,960.0,4.7923,58.50
65.092,measure,4992.0,960.0,4.7923,58.53
65.192,measure,4992.0,960.0,4.7923,58.78
65.292,measure,4992.0,960.0,4.7923,58.66
65.393,measure,4992.0,960.0,4.7923,58.69
65.493,measure,4992.0,960.0,4.7923,58.56
65.593,measure,4992.0,960.0,4.7923,58.62
65.693,measure,4992.0,960.0,4.7923,58.56
65.793,measure,4992.0,960.0,4.7923,58.56
65.893,measure,4992.0,960.0,4.7923,58.56
65.993,measure,4992.0,960.0,4.7923,58.50
66.094,measure,4992.0,960.0,4.7923,58.75
66.194,measure,4992.0,968.0,4.8323,58.72
66.294,measure,4992.0,960.0,4.7923,58.56
66.394,measure,4992.0,960.0,4.7923,58.66
66.494,measure,4992.0,960.0,4.7923,58.66
66.594,measure,4992.0,968.0,4.8323,58.56
66.694,measure,4992.0,960.0,4.7923,58.56
66.795,measure,4992.0,960.0,4.7923,58.53
66.895,measure,4992.0,960.0,4.7923,58.56
66.995,measure,4992.0,960.0,4.7923,58.47
67.095,measure,4992.0,968.0,4.8323,58.72
67.195,measure,4992.0,968.0,4.8323,58.72
67.295,measure,4992.0,968.0,4.8323,58.69
67.396,measure,4992.0,960.0,4.7923,58.59
67.496,measure,4992.0,960.0,4.7923,58.59
67.596,measure,4992.0,960.0,4.7923,58.50
67.696,measure,4992.0,960.0,4.7923,58.50
67.796,measure,4992.0,960.0,4.7923,58.53
67.896,measure,4992.0,960.0,4.7923,58.44
67.996,measure,4992.0,960.0,4.7923,58.75
68.097,measure,4992.0,960.0,4.7923,58.72
68.197,measure,4992.0,960.0,4.7923,58.59
68.297,measure,4992.0,960.0,4.7923,58.62
68.397,measure,4992.0,960.0,4.7923,58.59
68.497,measure,4992.0,960.0,4.7923,58.53
68.597,measure,4992.0,960.0,4.7923,58.50
68.697,measure,4992.0,960.0,4.7923,58.50
68.798,measure,4992.0,960.0,4.7923,58.53
68.898,measure,4992.0,960.0,4.7923,58.78
68.998,measure,4992.0,960.0,4.7923,58.75
69.098,measure,4992.0,960.0,4.7923,58.62
69.198,measure,4992.0,960.0,4.7923,58.62
69.298,measure,4992.0,968.0,4.8323,58.53
69.398,measure,4992.0,968.0,4.8323,58.56
69.499,measure,4992.0,968.0,4.8323,58.53
69.599,measure,4992.0,968.0,4.8323,58.53
69.699,measure,4992.0,968.0,4.8323,58.47
69.799,measure,4992.0,968.0,4.8323,58.75
69.899,measure,4984.0,968.0,4.8245,58.72
69.999,measure,4984.0,968.0,4.8245,58.69
70.099,measure,4984.0,968.0,4.8245,58.56
70.200,measure,4984.0,976.0,4.8644,58.62
70.300,measure,4984.0,976.0,4.8644,58.59
70.400,measure,4984.0,976.0,4.8644,58.53
70.500,measure,4984.0,976.0,4.8644,58.66
70.600,measure,4984.0,976.0,4.8644,58.47
70.700,measure,4984.0,976.0,4.8644,58.47
70.800,measure,4984.0,976.0,4.8644,58.72
70.901,measure,4984.0,968.0,4.8245,58.66
71.001,measure,4984.0,968.0,4.8245,58.56
71.101,measure,4984.0,968.0,4.8245,58.59
71.201,measure,4984.0,968.0,4.8245,58.62
71.301,measure,4984.0,968.0,4.8245,58.50
71.401,measure,4984.0,960.0,4.7846,58.50
71.501,measure,4984.0,960.0,4.7846,58.53
71.602,measure,4992.0,960.0,4.7923,58.50
71.702,measure,4992.0,960.0,4.7923,58.81
71.802,measure,4992.0,960.0,4.7923,58.66
71.902,measure,4992.0,960.0,4.7923,58.59
72.002,measure,4992.0,960.0,4.7923,58.56
72.102,measure,4992.0,960.0,4.7923,58.56
72.202,measure,4992.0,960.0,4.7923,58.53
72.303,measure,4992.0,960.0,4.7923,58.59
72.403,measure,4992.0,960.0,4.7923,58.50
72.503,measure,4992.0,960.0,4.7923,58.53
72.603,measure,4992.0,960.0,4.7923,58.69
72.703,measure,4992.0,960.0,4.7923,58.62
72.803,measure,4992.0,960.0,4.7923,58.66
72.903,measure,4992.0,960.0,4.7923,58.62
73.004,measure,4992.0,960.0,4.7923,58.53
73.104,measure,4992.0,960.0,4.7923,58.50
73.204,measure,4992.0,960.0,4.7923,58.56
73.304,measure,4992.0,960.0,4.7923,58.56
73.404,measure,4992.0,960.0,4.7923,58.56
73.504,measure,4992.0,960.0,4.7923,58.69
73.604,measure,4992.0,960.0,4.7923,58.62
73.704,measure,4992.0,960.0,4.7923,58.62
73.805,measure,4992.0,960.0,4.7923,58.59
73.905,measure,4992.0,960.0,4.7923,58.56
74.005,measure,4992.0,960.0,4.7923,58.59
74.105,measure,4992.0,960.0,4.7923,58.56
74.205,measure,4992.0,960.0,4.7923,58.53
74.305,measure,4992.0,960.0,4.7923,58.50
74.405,measure,4992.0,960.0,4.7923,58.75
74.506,measure,4992.0,960.0,4.7923,58.72
74.606,measure,4992.0,960.0,4.7923,58.66
74.706,measure,4992.0,960.0,4.7923,58.66
74.806,measure,4992.0,960.0,4.7923,58.59
74.906,measure,4992.0,960.0,4.7923,58.53
75.007,measure,4992.0,960.0,4.7923,58.56
75.107,measure,4992.0,960.0,4.7923,58.56
75.207,measure,4992.0,960.0,4.7923,58.50
75.307,measure,4992.0,960.0,4.7923,58.50
75.407,measure,4992.0,960.0,4.7923,58.66
75.507,measure,4992.0,960.0,4.7923,58.69
75.607,measure,4992.0,960.0,4.7923,58.59
75.708,measure,4992.0,960.0,4.7923,58.53
75.808,measure,4984.0,968.0,4.8245,58.56
75.908,measure,4984.0,968.0,4.8245,58.56
76.008,measure,4992.0,968.0,4.8323,58.53
76.109,measure,4992.0,960.0,4.7923,58.50
76.209,measure,4992.0,960.0,4.7923,58.50
76.309,measure,4992.0,960.0,4.7923,58.66
76.409,measure,4992.0,960.0,4.7923,58.69
76.509,measure,4992.0,960.0,4.7923,58.66
76.609,measure,4992.0,960.0,4.7923,58.56
76.709,measure,4992.0,960.0,4.7923,58.59
76.810,measure,4992.0,960.0,4.7923,58.56
76.910,measure,4992.0,960.0,4.7923,58.53
77.010,measure,4992.0,960.0,4.7923,58.56
77.110,measure,4992.0,960.0,4.7923,58.47
77.210,measure,4992.0,960.0,4.7923,58.62
77.310,measure,4992.0,960.0,4.7923,58.72
77.410,measure,4992.0,960.0,4.7923,58.69
77.511,measure,4992.0,960.0,4.7923,58.59
77.611,measure,4992.0,960.0,4.7923,58.50
77.711,measure,4992.0,960.0,4.7923,58.59
77.811,measure,4992.0,960.0,4.7923,58.50
77.911,measure,4992.0,960.0,4.7923,58.59
78.011,measure,4992.0,960.0,4.7923,58.56
78.112,measure,4992.0,960.0,4.7923,58.69
78.212,measure,4992.0,960.0,4.7923,58.59
78.312,measure,4992.0,960.0,4.7923,58.69
78.412,measure,4992.0,960.0,4.7923,58.66
78.512,measure,4992.0,960.0,4.7923,58.59
78.612,measure,4992.0,960.0,4.7923,58.50
78.712,measure,4992.0,960.0,4.7923,58.56
78.812,measure,4992.0,960.0,4.7923,58.47
78.913,measure,4992.0,960.0,4.7923,58.56
79.013,measure,4992.0,960.0,4.7923,58.69
79.113,measure,4992.0,960.0,4.7923,58.66
79.213,measure,4992.0,960.0,4.7923,58.59
79.313,measure,4992.0,960.0,4.7923,58.62
79.413,measure,4992.0,960.0,4.7923,58.56
79.513,measure,4992.0,960.0,4.7923,58.47
79.614,measure,4992.0,960.0,4.7923,58.53
79.714,measure,4992.0,960.0,4.7923,58.50
79.814,measure,4992.0,960.0,4.7923,58.44
79.914,measure,4992.0,960.0,4.7923,58.78
80.014,measure,4992.0,960.0,4.7923,58.72
80.114,measure,4992.0,960.0,4.7923,58.59
80.214,measure,4992.0,960.0,4.7923,58.59
80.314,measure,4992.0,960.0,4.7923,58.50
80.415,measure,4992.0,960.0,4.7923,58.56
80.515,measure,4992.0,960.0,4.7923,58.53
80.615,measure,4992.0,960.0,4.7923,58.56
80.715,measure,4992.0,960.0,4.7923,58.50
80.815,measure,4992.0,960.0,4.7923,58.66
80.915,measure,4992.0,960.0,4.7923,58.69
81.015,measure,4992.0,960.0,4.7923,58.59
81.116,measure,4992.0,960.0,4.7923,58.66
81.216,measure,4992.0,960.0,4.7923,58.59
81.316,measure,4992.0,960.0,4.7923,58.50
81.416,measure,4992.0,960.0,4.7923,58.66
81.516,measure,4992.0,960.0,4.7923,58.56
81.616,measure,4992.0,960.0,4.7923,58.50
81.716,measure,4992.0,960.0,4.7923,58.72
81.817,measure,4992.0,960.0,4.7923,58.75
81.917,measure,4992.0,960.0,4.7923,58.66
82.017,measure,4992.0,960.0,4.7923,58.62
82.117,measure,4992.0,960.0,4.7923,58.62
82.217,measure,4992.0,960.0,4.7923,58.56
82.317,measure,4992.0,960.0,4.7923,58.53
82.417,measure,4992.0,960.0,4.7923,58.56
82.517,measure,4992.0,960.0,4.7923,58.53
82.618,measure,4992.0,960.0,4.7923,58.72
82.718,measure,4992.0,960.0,4.7923,58.75
82.818,measure,4992.0,960.0,4.7923,58.69
82.918,measure,4992.0,960.0,4.7923,58.66
83.018,measure,4992.0,960.0,4.7923,58.59
83.118,measure,4992.0,960.0,4.7923,58.50
83.218,measure,4992.0,968.0,4.8323,58.56
83.319,measure,4992.0,960.0,4.7923,58.56
83.419,measure,4992.0,960.0,4.7923,58.53
83.519,measure,4992.0,968.0,4.8323,58.78
83.619,measure,4992.0,960.0,4.7923,58.69
83.719,measure,4992.0,960.0,4.7923,58.66
83.819,measure,4992.0,960.0,4.7923,58.56
83.919,measure,4992.0,960.0,4.7923,58.53
84.020,measure,4992.0,960.0,4.7923,58.59
84.120,measure,4992.0,960.0,4.7923,58.53
84.220,measure,4992.0,960.0,4.7923,58.47
84.320,measure,4992.0,960.0,4.7923,58.53
84.420,measure,4992.0,960.0,4.7923,58.53
84.520,measure,4992.0,960.0,4.7923,58.75
84.620,measure,4992.0,960.0,4.7923,58.66
84.720,measure,4992.0,960.0,4.7923,58.59
84.821,measure,4992.0,960.0,4.7923,58.66
84.921,measure,4992.0,960.0,4.7923,58.56
85.021,measure,4992.0,960.0,4.7923,58.56
85.121,measure,4992.0,960.0,4.7923,58.50
85.221,measure,4992.0,960.0,4.7923,58.50
85.321,measure,4992.0,960.0,4.7923,58.47
85.421,measure,4992.0,960.0,4.7923,58.81
85.522,measure,4992.0,960.0,4.7923,58.62
85.622,measure,4984.0,960.0,4.7846,58.69
85.722,measure,4992.0,960.0,4.7923,58.59
85.822,measure,4992.0,960.0,4.7923,58.53
85.922,measure,4992.0,960.0,4.7923,58.59
86.022,measure,4992.0,960.0,4.7923,58.59
86.122,measure,4992.0,960.0,4.7923,58.53
86.222,measure,4984.0,968.0,4.8245,58.53
86.323,measure,4984.0,968.0,4.8245,58.84
86.423,measure,4984.0,968.0,4.8245,58.66
86.523,measure,4984.0,968.0,4.8245,58.62
86.623,measure,4984.0,968.0,4.8245,58.69
86.723,measure,4984.0,968.0,4.8245,58.53
86.823,measure,4984.0,976.0,4.8644,58.59
86.923,measure,4984.0,976.0,4.8644,58.50
87.024,measure,4984.0,976.0,4.8644,58.62
87.124,measure,4984.0,976.0,4.8644,58.50
87.224,measure,4984.0,976.0,4.8644,58.47
87.324,measure,4984.0,976.0,4.8644,58.66
87.424,measure,4984.0,976.0,4.8644,58.69
87.524,measure,4984.0,976.0,4.8644,58.66
87.625,measure,4984.0,968.0,4.8245,58.53
87.725,measure,4984.0,968.0,4.8245,58.59
87.825,measure,4984.0,968.0,4.8245,58.53
87.925,measure,4984.0,968.0,4.8245,58.50
88.025,measure,4984.0,968.0,4.8245,58.53
88.125,measure,4992.0,968.0,4.8323,58.53
88.225,measure,4992.0,968.0,4.8323,58.69
88.326,measure,4992.0,960.0,4.7923,58.62
88.426,measure,4992.0,960.0,4.7923,58.62
88.526,measure,4992.0,960.0,4.7923,58.56
88.626,measure,4992.0,960.0,4.7923,58.56
88.726,measure,4992.0,960.0,4.7923,58.53
88.826,measure,4992.0,960.0,4.7923,58.56
88.926,measure,4992.0,960.0,4.7923,58.50
89.027,measure,4992.0,960.0,4.7923,58.53
89.127,measure,4992.0,960.0,4.7923,58.62
89.227,measure,4992.0,960.0,4.7923,58.62
89.327,measure,4992.0,960.0,4.7923,58.69
89.427,measure,4992.0,960.0,4.7923,58.56
89.527,measure,4992.0,960.0,4.7923,58.59
89.627,measure,4992.0,960.0,4.7923,58.56
89.728,measure,4992.0,960.0,4.7923,58.56
89.828,measure,4992.0,968.0,4.8323,58.53
89.928,measure,4992.0,968.0,4.8323,58.44
90.028,measure,4992.0,960.0,4.7923,58.72
90.128,measure,4992.0,960.0,4.7923,58.66
90.228,measure,4992.0,960.0,4.7923,58.56
90.328,measure,4992.0,960.0,4.7923,58.59
90.428,measure,4992.0,960.0,4.7923,58.66
90.529,measure,4992.0,960.0,4.7923,58.47
90.629,measure,4992.0,960.0,4.7923,58.56
90.729,measure,4992.0,960.0,4.7923,58.53
90.829,measure,4992.0,960.0,4.7923,58.56
90.929,measure,4992.0,960.0,4.7923,58.75
91.029,measure,4992.0,960.0,4.7923,58.69
91.129,measure,4992.0,960.0,4.7923,58.56
91.229,measure,4992.0,960.0,4.7923,58.59
91.330,measure,4992.0,960.0,4.7923,58.59
91.430,measure,4992.0,960.0,4.7923,58.53
91.530,measure,4992.0,960.0,4.7923,58.53
91.630,measure,4992.0,960.0,4.7923,58.47
91.730,measure,4992.0,960.0,4.7923,58.50
91.830,measure,4992.0,960.0,4.7923,58.72
91.930,measure,4992.0,960.0,4.7923,58.69
92.030,measure,4992.0,960.0,4.7923,58.59
92.131,measure,4992.0,960.0,4.7923,58.66
92.231,measure,4992.0,960.0,4.7923,58.62
92.331,measure,4992.0,960.0,4.7923,58.59
92.431,measure,4992.0,960.0,4.7923,58.59
92.531,measure,4992.0,960.0,4.7923,58.44
92.631,measure,4992.0,960.0,4.7923,58.47
92.731,measure,4992.0,960.0,4.7923,58.69
92.832,measure,4992.0,960.0,4.7923,58.62
92.932,measure,4992.0,960.0,4.7923,58.59
93.032,measure,4992.0,960.0,4.7923,58.47
93.132,measure,4992.0,960.0,4.7923,58.50
93.232,measure,4992.0,960.0,4.7923,58.59
93.332,measure,4992.0,960.0,4.7923,58.56
93.432,measure,4992.0,960.0,4.7923,58.50
93.532,measure,4992.0,960.0,4.7923,58.56
93.632,measure,4992.0,952.0,4.7524,58.78
93.733,measure,4992.0,960.0,4.7923,58.72
93.833,measure,4992.0,960.0,4.7923,58.62
93.933,measure,4992.0,960.0,4.7923,58.62
94.033,measure,4992.0,960.0,4.7923,58.53
94.133,measure,4992.0,960.0,4.7923,58.59
94.233,measure,4992.0,960.0,4.7923,58.62
94.333,measure,4992.0,960.0,4.7923,58.59
94.434,measure,4992.0,952.0,4.7524,58.72
94.534,measure,4992.0,952.0,4.7524,58.66
94.634,measure,4992.0,952.0,4.7524,58.69
94.734,measure,4992.0,960.0,4.7923,58.69
94.834,measure,4992.0,960.0,4.7923,58.56
94.934,measure,4992.0,960.0,4.7923,58.56
95.034,measure,4992.0,952.0,4.7524,58.62
95.135,measure,4992.0,952.0,4.7524,58.56
95.235,measure,4992.0,960.0,4.7923,58.56
95.335,measure,4992.0,960.0,4.7923,58.56
95.435,measure,4992.0,960.0,4.7923,58.81
95.535,measure,4992.0,952.0,4.7524,58.72
95.635,measure,4992.0,952.0,4.7524,58.69
95.735,measure,4992.0,952.0,4.7524,58.59
95.835,measure,4992.0,960.0,4.7923,58.62
95.936,measure,4992.0,952.0,4.7524,58.53
96.036,measure,4992.0,952.0,4.7524,58.59
96.136,measure,4992.0,952.0,4.7524,58.59
96.236,measure,4992.0,952.0,4.7524,58.47
96.336,measure,4992.0,952.0,4.7524,58.78
96.436,measure,4992.0,952.0,4.7524,58.69
96.536,measure,4992.0,960.0,4.7923,58.56
96.637,measure,4992.0,960.0,4.7923,58.62
96.737,measure,4992.0,960.0,4.7923,58.56
96.837,measure,4992.0,960.0,4.7923,58.56
96.937,measure,4992.0,960.0,4.7923,58.53
97.037,measure,4992.0,960.0,4.7923,58.56
97.137,measure,4992.0,960.0,4.7923,58.53
97.237,measure,4992.0,960.0,4.7923,58.78
97.338,measure,4992.0,952.0,4.7524,58.75
97.438,measure,4992.0,960.0,4.7923,58.66
97.538,measure,4992.0,960.0,4.7923,58.62
97.638,measure,4992.0,952.0,4.7524,58.53
97.738,measure,4992.0,960.0,4.7923,58.56
97.838,measure,4992.0,960.0,4.7923,58.53
97.938,measure,4992.0,960.0,4.7923,58.50
98.039,measure,4992.0,952.0,4.7524,58.59
98.139,measure,4992.0,960.0,4.7923,58.53
98.239,measure,4992.0,960.0,4.7923,58.75
98.339,measure,4992.0,960.0,4.7923,58.69
98.439,measure,4992.0,960.0,4.7923,58.62
98.539,measure,4992.0,960.0,4.7923,58.50
98.639,measure,4992.0,960.0,4.7923,58.56
98.739,measure,4992.0,960.0,4.7923,58.62
98.840,measure,4992.0,960.0,4.7923,58.53
98.940,measure,4992.0,960.0,4.7923,58.56
99.040,measure,4992.0,960.0,4.7923,58.50
99.140,measure,4992.0,960.0,4.7923,58.78
99.240,measure,4992.0,960.0,4.7923,58.72
99.340,measure,4992.0,960.0,4.7923,58.66
99.440,measure,4992.0,960.0,4.7923,58.62
99.541,measure,4992.0,960.0,4.7923,58.56
99.641,measure,4992.0,960.0,4.7923,58.53
99.741,measure,4992.0,960.0,4.7923,58.56
99.841,measure,4992.0,960.0,4.7923,58.53
99.941,measure,4992.0,960.0,4.7923,58.53
100.041,measure,4992.0,960.0,4.7923,58.81
100.141,measure,4992.0,960.0,4.7923,58.59
100.242,measure,4992.0,960.0,4.7923,58.66
100.342,measure,4992.0,960.0,4.7923,58.56
100.442,measure,4992.0,960.0,4.7923,58.59
100.542,measure,4992.0,960.0,4.7923,58.59
100.642,measure,4992.0,960.0,4.7923,58.53
100.742,measure,4992.0,960.0,4.7923,58.56
100.842,measure,4992.0,960.0,4.7923,58.56
100.943,measure,4992.0,960.0,4.7923,58.47
101.043,measure,4992.0,960.0,4.7923,58.69
101.143,measure,4992.0,960.0,4.7923,58.62
101.243,measure,4992.0,960.0,4.7923,58.56
101.343,measure,4992.0,960.0,4.7923,58.56
101.443,measure,4992.0,960.0,4.7923,58.56
101.543,measure,4992.0,960.0,4.7923,58.56
101.644,measure,4992.0,960.0,4.7923,58.56
101.744,measure,4992.0,960.0,4.7923,58.50
101.844,measure,4992.0,960.0,4.7923,58.59
101.944,measure,4992.0,960.0,4.7923,58.56
102.044,measure,4992.0,960.0,4.7923,58.62
102.144,measure,4992.0,960.0,4.7923,58.59
102.245,measure,4992.0,960.0,4.7923,58.56
102.345,measure,4992.0,960.0,4.7923,58.56
102.445,measure,4992.0,960.0,4.7923,58.53
102.545,measure,4992.0,960.0,4.7923,58.56
102.645,measure,4992.0,968.0,4.8323,58.56
102.745,measure,4992.0,968.0,4.8323,58.50
102.845,measure,4992.0,968.0,4.8323,58.72
102.946,measure,4984.0,968.0,4.8245,58.66
103.046,measure,4984.0,968.0,4.8245,58.62
103.146,measure,4984.0,968.0,4.8245,58.59
103.246,measure,4984.0,968.0,4.8245,58.59
103.346,measure,4984.0,968.0,4.8245,58.53
103.446,measure,4984.0,976.0,4.8644,58.59
103.547,measure,4984.0,976.0,4.8644,58.47
103.647,measure,4984.0,976.0,4.8644,58.53
103.747,measure,4984.0,976.0,4.8644,58.62
103.847,measure,4984.0,976.0,4.8644,58.69
103.947,measure,4984.0,976.0,4.8644,58.62
104.047,measure,4984.0,976.0,4.8644,58.62
104.147,measure,4984.0,976.0,4.8644,58.66
104.248,measure,4984.0,976.0,4.8644,58.53
104.348,measure,4984.0,968.0,4.8245,58.50
104.448,measure,4984.0,968.0,4.8245,58.53
104.548,measure,4984.0,968.0,4.8245,58.47
104.648,measure,4992.0,968.0,4.8323,58.72
104.748,measure,4984.0,968.0,4.8245,58.69
104.848,measure,4984.0,968.0,4.8245,58.72
104.949,measure,4984.0,968.0,4.8245,58.66
105.049,measure,4992.0,968.0,4.8323,58.53
105.149,measure,4992.0,968.0,4.8323,58.56
105.249,measure,4992.0,960.0,4.7923,58.53
105.349,measure,4992.0,960.0,4.7923,58.56
105.450,measure,4992.0,960.0,4.7923,58.53
105.550,measure,4984.0,960.0,4.7846,58.69
105.650,measure,4992.0,960.0,4.7923,58.72
105.750,measure,4992.0,960.0,4.7923,58.59
105.850,measure,4992.0,960.0,4.7923,58.66
105.950,measure,4992.0,960.0,4.7923,58.59
106.051,measure,4984.0,968.0,4.8245,58.53
106.151,measure,4992.0,968.0,4.8323,58.56
106.251,measure,4992.0,968.0,4.8323,58.56
106.351,measure,4984.0,968.0,4.8245,58.50
106.451,measure,4984.0,968.0,4.8245,58.56
106.551,measure,4984.0,968.0,4.8245,58.72
106.651,measure,4992.0,968.0,4.8323,58.69
106.752,measure,4992.0,968.0,4.8323,58.69
106.852,measure,4992.0,968.0,4.8323,58.59
106.952,measure,4992.0,960.0,4.7923,58.62
107.052,measure,4984.0,968.0,4.8245,58.50
107.152,measure,4992.0,960.0,4.7923,58.56
107.252,measure,4992.0,960.0,4.7923,58.47
107.353,measure,4992.0,960.0,4.7923,58.50
107.453,measure,4992.0,960.0,4.7923,58.72
107.553,measure,4992.0,960.0,4.7923,58.75
107.653,measure,4992.0,960.0,4.7923,58.62
107.753,measure,4992.0,960.0,4.7923,58.62
107.853,measure,4992.0,960.0,4.7923,58.62
107.954,measure,4992.0,960.0,4.7923,58.59
108.054,measure,4992.0,960.0,4.7923,58.53
108.154,measure,4992.0,960.0,4.7923,58.47
108.254,measure,4992.0,960.0,4.7923,58.50
108.354,measure,4992.0,960.0,4.7923,58.66
108.454,measure,4992.0,960.0,4.7923,58.75
108.554,measure,4992.0,960.0,4.7923,58.66
108.655,measure,4992.0,960.0,4.7923,58.69
108.755,measure,4992.0,960.0,4.7923,58.56
108.855,measure,4992.0,960.0,4.7923,58.56
108.955,measure,4992.0,960.0,4.7923,58.56
109.055,measure,4992.0,960.0,4.7923,58.56
109.155,measure,4992.0,960.0,4.7923,58.53
109.255,measure,4992.0,960.0,4.7923,58.75
109.356,measure,4992.0,960.0,4.7923,58.75
109.456,measure,4992.0,960.0,4.7923,58.72
109.556,measure,4992.0,960.0,4.7923,58.59
109.656,measure,4992.0,960.0,4.7923,58.62
109.756,measure,4992.0,960.0,4.7923,58.59
109.856,measure,4992.0,960.0,4.7923,58.59
109.956,measure,4992.0,960.0,4.7923,58.56
110.056,measure,4992.0,960.0,4.7923,58.53
110.157,measure,4992.0,960.0,4.7923,58.75
110.257,measure,4992.0,960.0,4.7923,58.72
110.357,measure,4992.0,960.0,4.7923,58.62
110.457,measure,4992.0,960.0,4.7923,58.56
110.557,measure,4992.0,960.0,4.7923,58.66
110.657,measure,4992.0,960.0,4.7923,58.53
110.757,measure,4992.0,960.0,4.7923,58.59
110.858,measure,4992.0,960.0,4.7923,58.56
110.958,measure,4992.0,960.0,4.7923,58.50
111.058,measure,4992.0,960.0,4.7923,58.72
111.158,measure,4992.0,960.0,4.7923,58.66
111.258,measure,4992.0,960.0,4.7923,58.59
111.358,measure,4992.0,960.0,4.7923,58.53
111.458,measure,4992.0,960.0,4.7923,58.59
111.559,measure,4992.0,960.0,4.7923,58.56
111.659,measure,4992.0,960.0,4.7923,58.56
111.759,measure,4992.0,960.0,4.7923,58.56
111.859,measure,4992.0,960.0,4.7923,58.53
111.959,measure,4992.0,960.0,4.7923,58.84
112.059,measure,4992.0,952.0,4.7524,58.72
112.159,measure,4992.0,960.0,4.7923,58.59
112.259,measure,4992.0,960.0,4.7923,58.66
112.360,measure,4992.0,960.0,4.7923,58.62
112.460,measure,4992.0,960.0,4.7923,58.62
112.560,measure,4992.0,960.0,4.7923,58.59
112.660,measure,4992.0,960.0,4.7923,58.47
112.760,measure,4992.0,960.0,4.7923,58.56
112.860,measure,4992.0,960.0,4.7923,58.78
112.960,measure,4992.0,952.0,4.7524,58.75
113.061,measure,4992.0,952.0,4.7524,58.62
113.161,measure,4992.0,952.0,4.7524,58.66
113.261,measure,4992.0,960.0,4.7923,58.56
113.361,measure,4992.0,960.0,4.7923,58.62
113.461,measure,4992.0,960.0,4.7923,58.56
113.561,measure,4992.0,952.0,4.7524,58.53
113.661,measure,4992.0,952.0,4.7524,58.53
113.762,measure,4992.0,952.0,4.7524,58.78
113.862,measure,4992.0,960.0,4.7923,58.75
113.962,measure,4992.0,960.0,4.7923,58.72
114.062,measure,4992.0,960.0,4.7923,58.62
114.162,measure,4992.0,952.0,4.7524,58.56
114.262,measure,4992.0,960.0,4.7923,58.56
114.362,measure,4992.0,960.0,4.7923,58.59
114.463,measure,4992.0,960.0,4.7923,58.47
114.563,measure,4992.0,960.0,4.7923,58.59
114.663,measure,4992.0,960.0,4.7923,58.50
114.763,measure,4992.0,960.0,4.7923,58.69
114.863,measure,4992.0,960.0,4.7923,58.62
114.963,measure,4992.0,960.0,4.7923,58.69
115.063,measure,4992.0,960.0,4.7923,58.53
115.164,measure,4992.0,960.0,4.7923,58.53
115.264,measure,4992.0,960.0,4.7923,58.59
115.364,measure,4992.0,960.0,4.7923,58.56
115.464,measure,4992.0,960.0,4.7923,58.53
115.564,measure,4992.0,960.0,4.7923,58.56
115.664,measure,4992.0,960.0,4.7923,58.81
115.764,measure,4992.0,960.0,4.7923,58.69
115.865,measure,4992.0,960.0,4.7923,58.66
115.965,measure,4992.0,960.0,4.7923,58.62
116.065,measure,4992.0,960.0,4.7923,58.56
116.165,measure,4992.0,960.0,4.7923,58.59
116.265,measure,4992.0,960.0,4.7923,58.47
116.365,measure,4992.0,960.0,4.7923,58.53
116.465,measure,4992.0,960.0,4.7923,58.50
116.566,measure,4992.0,960.0,4.7923,58.56
116.666,measure,4992.0,960.0,4.7923,58.59
116.766,measure,4992.0,960.0,4.7923,58.66
116.866,measure,4992.0,960.0,4.7923,58.62
116.966,measure,4992.0,960.0,4.7923,58.53
117.066,measure,4992.0,960.0,4.7923,58.56
117.166,measure,4992.0,960.0,4.7923,58.53
117.267,measure,4992.0,960.0,4.7923,58.50
117.367,measure,4992.0,960.0,4.7923,58.53
117.467,measure,4992.0,960.0,4.7923,58.47
117.567,measure,4992.0,960.0,4.7923,58.69
117.667,measure,4992.0,960.0,4.7923,58.62
117.767,measure,4992.0,960.0,4.7923,58.62
117.867,measure,4992.0,960.0,4.7923,58.53
117.968,measure,4992.0,960.0,4.7923,58.62
118.068,measure,4992.0,960.0,4.7923,58.59
118.168,measure,4992.0,960.0,4.7923,58.53
118.268,measure,4992.0,960.0,4.7923,58.53
118.368,measure,4992.0,960.0,4.7923,58.56
118.468,measure,4992.0,960.0,4.7923,58.66
118.568,measure,4992.0,960.0,4.7923,58.72
118.669,measure,4992.0,960.0,4.7923,58.50
118.769,measure,4992.0,960.0,4.7923,58.59
118.869,measure,4992.0,960.0,4.7923,58.62
118.969,measure,4992.0,960.0,4.7923,58.59
119.069,measure,4992.0,960.0,4.7923,58.47
119.169,measure,4992.0,960.0,4.7923,58.47
119.269,measure,4992.0,960.0,4.7923,58.50
119.370,measure,4992.0,960.0,4.7923,58.69
119.470,measure,4992.0,960.0,4.7923,58.66
119.570,measure,4992.0,960.0,4.7923,58.66
119.670,measure,4992.0,960.0,4.7923,58.59
119.770,measure,4992.0,960.0,4.7923,58.56
119.870,measure,4992.0,968.0,4.8323,58.53
119.970,measure,4992.0,968.0,4.8323,58.62
120.070,measure,4984.0,968.0,4.8245,58.53
120.171,measure,4984.0,968.0,4.8245,58.56
120.271,measure,4984.0,968.0,4.8245,58.72
120.371,measure,4984.0,976.0,4.8644,58.69
120.471,measure,4984.0,976.0,4.8644,58.59
120.571,measure,4984.0,976.0,4.8644,58.66
120.671,measure,4984.0,976.0,4.8644,58.56
120.771,measure,4984.0,976.0,4.8644,58.59
120.872,measure,4984.0,968.0,4.8245,58.50
120.972,measure,4992.0,968.0,4.8323,58.62
121.072,measure,4992.0,968.0,4.8323,58.47
121.172,measure,4992.0,968.0,4.8323,58.62
121.273,measure,4992.0,968.0,4.8323,58.75
121.373,measure,4992.0,968.0,4.8323,58.69
121.473,measure,4992.0,960.0,4.7923,58.66
121.573,measure,4992.0,960.0,4.7923,58.59
121.674,measure,4992.0,960.0,4.7923,58.59
121.774,measure,4992.0,960.0,4.7923,58.56
121.874,measure,4992.0,960.0,4.7923,58.53
121.974,measure,4984.0,960.0,4.7846,58.59
122.074,measure,4984.0,960.0,4.7846,58.53
122.174,measure,4992.0,960.0,4.7923,58.69
122.274,measure,4992.0,960.0,4.7923,58.69
122.375,measure,4992.0,960.0,4.7923,58.62
122.475,measure,4992.0,960.0,4.7923,58.56
122.575,measure,4992.0,960.0,4.7923,58.53
122.675,measure,4984.0,960.0,4.7846,58.56
122.775,measure,4992.0,960.0,4.7923,58.53
122.875,measure,4992.0,960.0,4.7923,58.53
122.975,measure,4984.0,960.0,4.7846,58.53
123.076,measure,4984.0,968.0,4.8245,58.75
123.176,measure,4984.0,968.0,4.8245,58.66
123.276,measure,4984.0,968.0,4.8245,58.66
123.376,measure,4984.0,968.0,4.8245,58.59
123.476,measure,4984.0,968.0,4.8245,58.53
123.576,measure,4984.0,968.0,4.8245,58.56
123.676,measure,4984.0,960.0,4.7846,58.56
123.777,measure,4984.0,960.0,4.7846,58.50
123.877,measure,4984.0,960.0,4.7846,58.50
123.977,measure,4984.0,960.0,4.7846,58.72
124.077,measure,4984.0,960.0,4.7846,58.75
124.177,measure,4984.0,960.0,4.7846,58.59
124.277,measure,4984.0,960.0,4.7846,58.62
124.377,measure,4984.0,960.0,4.7846,58.59
124.477,measure,4984.0,960.0,4.7846,58.59
124.578,measure,4984.0,960.0,4.7846,58.50
124.678,measure,4984.0,960.0,4.7846,58.56
124.778,measure,4984.0,960.0,4.7846,58.44
124.878,measure,4984.0,960.0,4.7846,58.75
124.978,measure,4984.0,960.0,4.7846,58.69
125.078,measure,4984.0,960.0,4.7846,58.62
125.178,measure,4984.0,960.0,4.7846,58.66
125.279,measure,4984.0,960.0,4.7846,58.50
125.379,measure,4984.0,960.0,4.7846,58.59
125.479,measure,4984.0,968.0,4.8245,58.53
125.579,measure,4984.0,968.0,4.8245,58.56
125.679,measure,4992.0,968.0,4.8323,58.47
125.779,measure,4984.0,968.0,4.8245,58.78
125.879,measure,4984.0,968.0,4.8245,58.66
125.980,measure,4984.0,960.0,4.7846,58.62
126.080,measure,4992.0,960.0,4.7923,58.56
126.180,measure,4992.0,960.0,4.7923,58.59
126.280,measure,4992.0,960.0,4.7923,58.56
126.380,measure,4992.0,960.0,4.7923,58.56
126.480,measure,4992.0,960.0,4.7923,58.53
126.580,measure,4992.0,960.0,4.7923,58.47
126.681,measure,4992.0,960.0,4.7923,58.69
126.781,measure,4992.0,960.0,4.7923,58.72
126.881,measure,4992.0,960.0,4.7923,58.62
126.981,measure,4992.0,960.0,4.7923,58.59
127.081,measure,4992.0,960.0,4.7923,58.59
127.181,measure,4992.0,960.0,4.7923,58.59
127.281,measure,4992.0,960.0,4.7923,58.59
127.382,measure,4992.0,960.0,4.7923,58.56
127.482,measure,4992.0,960.0,4.7923,58.53
127.582,measure,4992.0,960.0,4.7923,58.62
127.682,measure,4992.0,960.0,4.7923,58.78
127.782,measure,4992.0,960.0,4.7923,58.72
127.882,measure,4992.0,960.0,4.7923,58.62
127.983,measure,4992.0,960.0,4.7923,58.62
128.083,measure,4992.0,960.0,4.7923,58.62
128.183,measure,4992.0,960.0,4.7923,58.53
128.283,measure,4992.0,960.0,4.7923,58.53
128.383,measure,4992.0,960.0,4.7923,58.50
128.483,measure,4992.0,960.0,4.7923,58.78
128.583,measure,4992.0,960.0,4.7923,58.72
128.684,measure,4992.0,960.0,4.7923,58.56
128.784,measure,4992.0,960.0,4.7923,58.62
128.884,measure,4992.0,960.0,4.7923,58.69
128.984,measure,4992.0,960.0,4.7923,58.59
129.084,measure,4992.0,960.0,4.7923,58.59
129.184,measure,4992.0,960.0,4.7923,58.50
129.284,measure,4992.0,960.0,4.7923,58.56
129.384,measure,4992.0,960.0,4.7923,58.81
129.485,measure,4992.0,960.0,4.7923,58.72
129.585,measure,4992.0,960.0,4.7923,58.59
129.685,measure,4992.0,960.0,4.7923,58.66
129.785,measure,4992.0,960.0,4.7923,58.59
129.885,measure,4992.0,960.0,4.7923,58.53
129.985,measure,4992.0,960.0,4.7923,58.56
130.085,measure,4992.0,960.0,4.7923,58.56
130.186,measure,4992.0,960.0,4.7923,58.47
130.286,measure,4992.0,960.0,4.7923,58.56
130.386,measure,4992.0,960.0,4.7923,58.81
130.486,measure,4992.0,960.0,4.7923,58.66
130.586,measure,4992.0,960.0,4.7923,58.56
130.686,measure,4992.0,960.0,4.7923,58.66
130.787,measure,4992.0,960.0,4.7923,58.62
130.887,measure,4992.0,960.0,4.7923,58.56
130.987,measure,4992.0,960.0,4.7923,58.50
131.087,measure,4992.0,960.0,4.7923,58.47
131.187,measure,4992.0,960.0,4.7923,58.53
131.287,measure,4992.0,960.0,4.7923,58.78
131.387,measure,4992.0,960.0,4.7923,58.62
131.488,measure,4992.0,960.0,4.7923,58.69
131.588,measure,4992.0,960.0,4.7923,58.62
131.688,measure,4992.0,960.0,4.7923,58.59
131.788,measure,4992.0,960.0,4.7923,58.59
131.888,measure,4992.0,960.0,4.7923,58.56
131.988,measure,4992.0,960.0,4.7923,58.47
132.088,measure,4992.0,960.0,4.7923,58.50
132.188,measure,4992.0,960.0,4.7923,58.78
132.289,measure,4992.0,960.0,4.7923,58.69
132.389,measure,4992.0,960.0,4.7923,58.62
132.489,measure,4992.0,960.0,4.7923,58.66
132.589,measure,4992.0,960.0,4.7923,58.53
132.689,measure,4992.0,960.0,4.7923,58.62
132.789,measure,4992.0,960.0,4.7923,58.56
132.889,measure,4992.0,960.0,4.7923,58.50
132.990,measure,4992.0,960.0,4.7923,58.53
133.090,measure,4992.0,960.0,4.7923,58.47
133.190,measure,4992.0,960.0,4.7923,58.62
133.290,measure,4992.0,960.0,4.7923,58.69
133.390,measure,4992.0,960.0,4.7923,58.59
133.490,measure,4992.0,960.0,4.7923,58.59
133.590,measure,4992.0,960.0,4.7923,58.53
133.691,measure,4992.0,960.0,4.7923,58.53
133.791,measure,4992.0,960.0,4.7923,58.47
133.891,measure,4992.0,960.0,4.7923,58.50
133.991,measure,4992.0,960.0,4.7923,58.47
134.091,measure,4992.0,960.0,4.7923,58.72
134.191,measure,4992.0,960.0,4.7923,58.59
134.291,measure,4992.0,960.0,4.7923,58.62
134.392,measure,4992.0,960.0,4.7923,58.59
134.492,measure,4992.0,960.0,4.7923,58.53
134.592,measure,4992.0,960.0,4.7923,58.47
134.692,measure,4992.0,960.0,4.7923,58.50
134.792,measure,4992.0,960.0,4.7923,58.50
134.892,measure,4992.0,960.0,4.7923,58.47
134.992,measure,4992.0,960.0,4.7923,58.66
135.092,measure,4992.0,960.0,4.7923,58.59
135.193,measure,4992.0,960.0,4.7923,58.59
135.293,measure,4992.0,960.0,4.7923,58.56
135.393,measure,4992.0,960.0,4.7923,58.62
135.493,measure,4992.0,960.0,4.7923,58.56
135.593,measure,4992.0,960.0,4.7923,58.56
135.693,measure,4992.0,960.0,4.7923,58.56
135.793,measure,4992.0,968.0,4.8323,58.44
135.894,measure,4992.0,968.0,4.8323,58.66
135.994,measure,4992.0,968.0,4.8323,58.66
136.094,measure,4992.0,968.0,4.8323,58.72
136.194,measure,4992.0,968.0,4.8323,58.62
136.294,measure,4992.0,968.0,4.8323,58.59
136.394,measure,4984.0,968.0,4.8245,58.56
136.494,measure,4984.0,968.0,4.8245,58.50
136.595,measure,4984.0,968.0,4.8245,58.50
136.695,measure,4984.0,968.0,4.8245,58.53
136.795,measure,4984.0,976.0,4.8644,58.66
136.895,measure,4984.0,976.0,4.8644,58.72
136.995,measure,4984.0,976.0,4.8644,58.69
137.095,measure,4984.0,976.0,4.8644,58.62
137.195,measure,4984.0,976.0,4.8644,58.59
137.296,measure,4984.0,976.0,4.8644,58.59
137.396,measure,4984.0,976.0,4.8644,58.56
137.496,measure,4984.0,976.0,4.8644,58.50
137.596,measure,4984.0,968.0,4.8245,58.50
137.696,measure,4984.0,968.0,4.8245,58.72
137.796,measure,4984.0,968.0,4.8245,58.75
137.896,measure,4984.0,968.0,4.8245,58.62
137.997,measure,4992.0,968.0,4.8323,58.66
138.097,measure,4992.0,968.0,4.8323,58.56
138.197,measure,4992.0,960.0,4.7923,58.59
138.297,measure,4992.0,960.0,4.7923,58.53
138.397,measure,4992.0,960.0,4.7923,58.53
138.497,measure,4992.0,960.0,4.7923,58.50
138.598,measure,4992.0,960.0,4.7923,58.47
138.698,measure,4992.0,960.0,4.7923,58.69
138.798,measure,4992.0,960.0,4.7923,58.69
138.898,measure,4992.0,960.0,4.7923,58.56
138.998,measure,4992.0,960.0,4.7923,58.56
139.098,measure,4992.0,960.0,4.7923,58.56
139.198,measure,4992.0,960.0,4.7923,58.53
139.299,measure,4992.0,960.0,4.7923,58.50
139.399,measure,4992.0,960.0,4.7923,58.50
139.499,measure,4992.0,960.0,4.7923,58.50
139.599,measure,4992.0,960.0,4.7923,58.69
139.699,measure,4992.0,960.0,4.7923,58.69
139.799,measure,4992.0,960.0,4.7923,58.59
139.899,measure,4992.0,960.0,4.7923,58.62
140.000,measure,4992.0,960.0,4.7923,58.59
140.100,measure,4992.0,960.0,4.7923,58.59
140.200,measure,4992.0,960.0,4.7923,58.53
140.300,measure,4992.0,960.0,4.7923,58.50
140.400,measure,4992.0,960.0,4.7923,58.78
140.500,measure,4992.0,960.0,4.7923,58.78
140.600,measure,4992.0,960.0,4.7923,58.66
140.701,measure,4992.0,960.0,4.7923,58.66
140.801,measure,4992.0,960.0,4.7923,58.56
140.901,measure,4992.0,960.0,4.7923,58.56
141.001,measure,4992.0,960.0,4.7923,58.56
141.101,measure,4992.0,960.0,4.7923,58.47
141.201,measure,4992.0,960.0,4.7923,58.47
141.302,measure,4992.0,960.0,4.7923,58.47
141.402,measure,4992.0,960.0,4.7923,58.69
141.502,measure,4992.0,960.0,4.7923,58.72
141.602,measure,4992.0,960.0,4.7923,58.59
141.702,measure,4992.0,960.0,4.7923,58.59
141.802,measure,4992.0,960.0,4.7923,58.59
141.902,measure,4992.0,960.0,4.7923,58.66
142.003,measure,4992.0,960.0,4.7923,58.56
142.103,measure,4992.0,960.0,4.7923,58.50
142.203,measure,4992.0,960.0,4.7923,58.75
142.303,measure,4992.0,960.0,4.7923,58.75
142.403,measure,4992.0,960.0,4.7923,58.75
142.503,measure,4992.0,960.0,4.7923,58.59
142.603,measure,4992.0,960.0,4.7923,58.62
142.703,measure,4992.0,960.0,4.7923,58.62
142.804,measure,4992.0,960.0,4.7923,58.47
142.904,measure,4992.0,960.0,4.7923,58.56
143.004,measure,4992.0,960.0,4.7923,58.47
143.104,measure,4992.0,960.0,4.7923,58.47
143.204,measure,4992.0,960.0,4.7923,58.66
143.304,measure,4992.0,960.0,4.7923,58.72
143.404,measure,4992.0,960.0,4.7923,58.69
143.505,measure,4992.0,960.0,4.7923,58.56
143.605,measure,4992.0,960.0,4.7923,58.59
143.705,measure,4992.0,960.0,4.7923,58.56
143.805,measure,4992.0,960.0,4.7923,58.56
143.905,measure,4992.0,960.0,4.7923,58.53
144.005,measure,4992.0,960.0,4.7923,58.78
144.105,measure,4992.0,960.0,4.7923,58.81
144.206,measure,4992.0,960.0,4.7923,58.66
144.306,measure,4992.0,960.0,4.7923,58.50
144.406,measure,4992.0,960.0,4.7923,58.62
144.506,measure,4992.0,960.0,4.7923,58.56
144.606,measure,4992.0,960.0,4.7923,58.56
144.706,measure,4992.0,960.0,4.7923,58.59
144.806,measure,4992.0,960.0,4.7923,58.56
144.907,measure,4992.0,960.0,4.7923,58.56
145.007,measure,4992.0,960.0,4.7923,58.78
145.107,measure,4992.0,960.0,4.7923,58.69
145.207,measure,4992.0,960.0,4.7923,58.59
145.307,measure,4992.0,960.0,4.7923,58.53
145.408,measure,4992.0,960.0,4.7923,58.59
145.508,measure,4992.0,960.0,4.7923,58.59
145.608,measure,4992.0,960.0,4.7923,58.59
145.708,measure,4992.0,960.0,4.7923,58.53
145.808,measure,4992.0,960.0,4.7923,58.47
145.908,measure,4992.0,960.0,4.7923,58.72
146.009,measure,4992.0,960.0,4.7923,58.72
146.109,measure,4992.0,960.0,4.7923,58.66
146.209,measure,4992.0,960.0,4.7923,58.66
146.309,measure,4992.0,960.0,4.7923,58.66
146.409,measure,4992.0,960.0,4.7923,58.56
146.509,measure,4992.0,960.0,4.7923,58.53
146.610,measure,4992.0,960.0,4.7923,58.50
146.710,measure,4992.0,960.0,4.7923,58.56
146.810,measure,4992.0,960.0,4.7923,58.50
146.910,measure,4992.0,960.0,4.7923,58.75
147.010,measure,4992.0,960.0,4.7923,58.78
147.110,measure,4992.0,960.0,4.7923,58.62
147.210,measure,4992.0,960.0,4.7923,58.56
147.311,measure,4992.0,960.0,4.7923,58.59
147.411,measure,4992.0,960.0,4.7923,58.50
147.511,measure,4992.0,960.0,4.7923,58.62
147.611,measure,4992.0,960.0,4.7923,58.47
147.711,measure,4992.0,960.0,4.7923,58.53
147.811,measure,4992.0,960.0,4.7923,58.69
147.912,measure,4992.0,960.0,4.7923,58.78
148.012,measure,4992.0,960.0,4.7923,58.59
148.112,measure,4992.0,960.0,4.7923,58.59
148.212,measure,4992.0,960.0,4.7923,58.59
148.312,measure,4992.0,960.0,4.7923,58.59
148.412,measure,4992.0,960.0,4.7923,58.53
148.512,measure,4992.0,960.0,4.7923,58.53
148.613,measure,4992.0,960.0,4.7923,58.56
148.713,measure,4992.0,960.0,4.7923,58.78
148.813,measure,4992.0,960.0,4.7923,58.69
148.913,measure,4992.0,960.0,4.7923,58.81
149.013,measure,4992.0,968.0,4.8323,58.56
149.113,measure,4992.0,968.0,4.8323,58.53
149.213,measure,4992.0,968.0,4.8323,58.50
149.314,measure,4992.0,968.0,4.8323,58.53
149.414,measure,4992.0,968.0,4.8323,58.59
149.514,measure,4992.0,968.0,4.8323,58.53
149.614,measure,4992.0,960.0,4.7923,58.47
149.714,measure,4992.0,960.0,4.7923,58.78
149.814,measure,4992.0,960.0,4.7923,58.66
149.914,measure,4992.0,960.0,4.7923,58.66
150.015,measure,4992.0,960.0,4.7923,58.62
150.115,measure,4992.0,968.0,4.8323,58.59
150.215,measure,4992.0,960.0,4.7923,58.56
150.315,measure,4992.0,960.0,4.7923,58.50
150.415,measure,4992.0,960.0,4.7923,58.53
150.515,measure,4992.0,960.0,4.7923,58.50
150.615,measure,4992.0,960.0,4.7923,58.75
150.716,measure,4992.0,960.0,4.7923,58.59
150.816,measure,4992.0,960.0,4.7923,58.59
150.916,measure,4992.0,960.0,4.7923,58.53
151.016,measure,4992.0,960.0,4.7923,58.56
151.116,measure,4992.0,960.0,4.7923,58.56
151.216,measure,4992.0,960.0,4.7923,58.50
151.316,measure,4992.0,960.0,4.7923,58.53
151.416,measure,4992.0,960.0,4.7923,58.47
151.517,measure,4992.0,960.0,4.7923,58.62
151.617,measure,4992.0,960.0,4.7923,58.72
151.717,measure,4992.0,960.0,4.7923,58.62
151.817,measure,4992.0,960.0,4.7923,58.62
151.917,measure,4992.0,960.0,4.7923,58.56
152.017,measure,4992.0,960.0,4.7923,58.53
152.117,measure,4992.0,960.0,4.7923,58.50
152.218,measure,4992.0,968.0,4.8323,58.56
152.318,measure,4992.0,968.0,4.8323,58.53
152.418,measure,4992.0,968.0,4.8323,58.50
152.518,measure,4992.0,968.0,4.8323,58.69
152.618,measure,4992.0,968.0,4.8323,58.62
152.718,measure,4992.0,968.0,4.8323,58.62
152.819,measure,4992.0,968.0,4.8323,58.53
152.919,measure,4992.0,968.0,4.8323,58.47
153.019,measure,4992.0,968.0,4.8323,58.53
153.119,measure,4984.0,968.0,4.8245,58.53
153.219,measure,4984.0,968.0,4.8245,58.53
153.319,measure,4984.0,968.0,4.8245,58.47
153.419,measure,4984.0,976.0,4.8644,58.66
153.520,measure,4984.0,976.0,4.8644,58.62
153.620,measure,4984.0,976.0,4.8644,58.62
153.720,measure,4984.0,976.0,4.8644,58.56
153.820,measure,4984.0,976.0,4.8644,58.53
153.920,measure,4984.0,976.0,4.8644,58.53
154.020,measure,4984.0,976.0,4.8644,58.53
154.120,measure,4984.0,976.0,4.8644,58.53
154.221,measure,4992.0,976.0,4.8722,58.56
154.321,measure,4992.0,968.0,4.8323,58.66
154.421,measure,4992.0,968.0,4.8323,58.62
154.521,measure,4992.0,968.0,4.8323,58.62
154.621,measure,4992.0,968.0,4.8323,58.62
154.721,measure,4992.0,968.0,4.8323,58.59
154.821,measure,4992.0,968.0,4.8323,58.53
154.922,measure,4992.0,968.0,4.8323,58.56
155.022,measure,4992.0,960.0,4.7923,58.47
155.122,measure,4992.0,960.0,4.7923,58.44
155.222,measure,4992.0,968.0,4.8323,58.72
155.322,measure,4992.0,968.0,4.8323,58.59
155.422,measure,4992.0,960.0,4.7923,58.59
155.522,measure,4992.0,960.0,4.7923,58.53
155.623,measure,4992.0,960.0,4.7923,58.59
155.723,measure,4992.0,960.0,4.7923,58.50
155.823,measure,4992.0,960.0,4.7923,58.56
155.923,measure,4992.0,968.0,4.8323,58.50
156.023,measure,4992.0,960.0,4.7923,58.59
156.123,measure,4992.0,960.0,4.7923,58.78
156.223,measure,4992.0,960.0,4.7923,58.69
156.324,measure,4992.0,960.0,4.7923,58.59
156.424,measure,4992.0,960.0,4.7923,58.59
156.524,measure,4992.0,960.0,4.7923,58.56
156.624,measure,4992.0,960.0,4.7923,58.53
156.724,measure,4992.0,960.0,4.7923,58.53
156.824,measure,4992.0,960.0,4.7923,58.56
156.924,measure,4992.0,960.0,4.7923,58.53
157.025,measure,4992.0,960.0,4.7923,58.72
157.125,measure,4992.0,960.0,4.7923,58.72
157.225,measure,4992.0,960.0,4.7923,58.59
157.325,measure,4992.0,960.0,4.7923,58.62
157.425,measure,4992.0,960.0,4.7923,58.59
157.525,measure,4992.0,960.0,4.7923,58.50
157.625,measure,4992.0,960.0,4.7923,58.62
157.726,measure,4992.0,960.0,4.7923,58.47
157.826,measure,4992.0,960.0,4.7923,58.50
157.926,measure,4992.0,960.0,4.7923,58.75
158.026,measure,4992.0,960.0,4.7923,58.78
158.126,measure,4992.0,960.0,4.7923,58.59
158.226,measure,4992.0,960.0,4.7923,58.59
158.326,measure,4992.0,960.0,4.7923,58.59
158.427,measure,4992.0,960.0,4.7923,58.53
158.527,measure,4992.0,960.0,4.7923,58.62
158.627,measure,4992.0,960.0,4.7923,58.59
158.727,measure,4992.0,960.0,4.7923,58.50
158.827,measure,4992.0,960.0,4.7923,58.69
158.927,measure,4992.0,960.0,4.7923,58.69
159.027,measure,4992.0,960.0,4.7923,58.56
159.128,measure,4992.0,960.0,4.7923,58.62
159.228,measure,4992.0,960.0,4.7923,58.56
159.328,measure,4992.0,960.0,4.7923,58.62
159.428,measure,4992.0,960.0,4.7923,58.53
159.528,measure,4992.0,960.0,4.7923,58.50
159.628,measure,4992.0,960.0,4.7923,58.47
159.728,measure,4992.0,960.0,4.7923,58.72
159.829,measure,4992.0,960.0,4.7923,58.75
159.929,measure,4992.0,960.0,4.7923,58.56
160.029,measure,4992.0,960.0,4.7923,58.59
160.129,measure,4992.0,960.0,4.7923,58.50
160.229,measure,4992.0,960.0,4.7923,58.47
160.329,measure,4992.0,960.0,4.7923,58.50
160.429,measure,4992.0,960.0,4.7923,58.56
160.530,measure,4992.0,960.0,4.7923,58.56
160.630,measure,4992.0,960.0,4.7923,58.56
160.730,measure,4992.0,960.0,4.7923,58.75
160.830,measure,4992.0,960.0,4.7923,58.75
160.930,measure,4992.0,960.0,4.7923,58.56
161.030,measure,4992.0,960.0,4.7923,58.56
161.130,measure,4992.0,960.0,4.7923,58.53
161.231,measure,4992.0,960.0,4.7923,58.56
161.331,measure,4992.0,960.0,4.7923,58.59
161.431,measure,4992.0,960.0,4.7923,58.56
161.531,measure,4992.0,960.0,4.7923,58.84
161.631,measure,4992.0,960.0,4.7923,58.78
161.731,measure,4992.0,960.0,4.7923,58.66
161.831,measure,4992.0,960.0,4.7923,58.69
161.932,measure,4992.0,960.0,4.7923,58.56
162.032,measure,4992.0,960.0,4.7923,58.50
162.132,measure,4992.0,960.0,4.7923,58.59
162.232,measure,4992.0,960.0,4.7923,58.47
162.332,measure,4992.0,960.0,4.7923,58.47
162.432,measure,4992.0,960.0,4.7923,58.50
162.532,measure,4992.0,960.0,4.7923,58.81
162.633,measure,4992.0,960.0,4.7923,58.69
162.733,measure,4992.0,960.0,4.7923,58.50
162.833,measure,4992.0,952.0,4.7524,58.56
162.933,measure,4992.0,952.0,4.7524,58.53
163.033,measure,4992.0,952.0,4.7524,58.53
163.133,measure,4992.0,952.0,4.7524,58.56
163.233,measure,4992.0,952.0,4.7524,58.50
163.334,measure,4992.0,952.0,4.7524,58.56
163.434,measure,4992.0,960.0,4.7923,58.69
163.534,measure,4992.0,960.0,4.7923,58.72
163.634,measure,4992.0,952.0,4.7524,58.62
163.734,measure,4992.0,960.0,4.7923,58.62
163.834,measure,4992.0,960.0,4.7923,58.62
163.934,measure,4992.0,960.0,4.7923,58.59
164.035,measure,4992.0,960.0,4.7923,58.56
164.135,measure,4992.0,952.0,4.7524,58.50
164.235,measure,4992.0,960.0,4.7923,58.47
164.335,measure,4992.0,952.0,4.7524,58.75
164.435,measure,4992.0,960.0,4.7923,58.81
164.535,measure,4992.0,960.0,4.7923,58.62
164.635,measure,4992.0,960.0,4.7923,58.66
164.736,measure,4992.0,960.0,4.7923,58.56
164.836,measure,4992.0,960.0,4.7923,58.59
164.936,measure,4992.0,960.0,4.7923,58.47
165.036,measure,4992.0,960.0,4.7923,58.47
165.136,measure,4992.0,960.0,4.7923,58.56
165.236,measure,4992.0,960.0,4.7923,58.44
165.336,measure,4992.0,960.0,4.7923,58.66
165.437,measure,4992.0,960.0,4.7923,58.59
165.537,measure,4992.0,960.0,4.7923,58.72
165.637,measure,4992.0,960.0,4.7923,58.59
165.737,measure,4992.0,960.0,4.7923,58.53
165.837,measure,4992.0,960.0,4.7923,58.53
165.937,measure,4992.0,960.0,4.7923,58.56
166.037,measure,4992.0,960.0,4.7923,58.47
166.138,measure,4992.0,960.0,4.7923,58.50
166.238,measure,4992.0,960.0,4.7923,58.72
166.338,measure,4992.0,960.0,4.7923,58.66
166.438,measure,4992.0,960.0,4.7923,58.59
166.538,measure,4992.0,960.0,4.7923,58.59
166.639,measure,4992.0,960.0,4.7923,58.56
166.739,measure,4992.0,960.0,4.7923,58.47
166.839,measure,4992.0,960.0,4.7923,58.50
166.939,measure,4992.0,960.0,4.7923,58.50
167.039,measure,4992.0,960.0,4.7923,58.53
167.139,measure,4992.0,960.0,4.7923,58.72
167.239,measure,4992.0,960.0,4.7923,58.62
167.340,measure,4992.0,960.0,4.7923,58.59
167.440,measure,4992.0,960.0,4.7923,58.62
167.540,measure,4992.0,960.0,4.7923,58.53
167.640,measure,4992.0,960.0,4.7923,58.53
167.740,measure,4992.0,960.0,4.7923,58.47
167.840,measure,4992.0,960.0,4.7923,58.47
167.940,measure,4992.0,960.0,4.7923,58.50
168.041,measure,4992.0,960.0,4.7923,58.53
168.141,measure,4992.0,960.0,4.7923,58.66
168.241,measure,4992.0,960.0,4.7923,58.56
168.341,measure,4992.0,960.0,4.7923,58.59
168.441,measure,4992.0,960.0,4.7923,58.50
168.541,measure,4992.0,960.0,4.7923,58.59
168.641,measure,4992.0,960.0,4.7923,58.53
168.742,measure,4992.0,960.0,4.7923,58.53
168.842,measure,4992.0,960.0,4.7923,58.50
168.942,measure,4992.0,960.0,4.7923,58.53
169.042,measure,4992.0,960.0,4.7923,58.59
169.142,measure,4992.0,968.0,4.8323,58.53
169.242,measure,4992.0,968.0,4.8323,58.62
169.342,measure,4992.0,968.0,4.8323,58.53
169.443,measure,4992.0,968.0,4.8323,58.47
169.543,measure,4992.0,968.0,4.8323,58.56
169.643,measure,4992.0,968.0,4.8323,58.53
169.743,measure,4992.0,968.0,4.8323,58.50
169.843,measure,4992.0,968.0,4.8323,58.53
169.943,measure,4992.0,968.0,4.8323,58.66
170.044,measure,4992.0,976.0,4.8722,58.59
170.144,measure,4984.0,976.0,4.8644,58.56
170.244,measure,4984.0,976.0,4.8644,58.56
170.344,measure,4984.0,976.0,4.8644,58.56
170.444,measure,4984.0,976.0,4.8644,58.50
170.544,measure,4984.0,976.0,4.8644,58.53
170.644,measure,4984.0,976.0,4.8644,58.56
170.745,measure,4984.0,976.0,4.8644,58.47
170.845,measure,4984.0,976.0,4.8644,58.72
170.945,measure,4992.0,976.0,4.8722,58.69
171.045,measure,4992.0,968.0,4.8323,58.59
171.145,measure,4992.0,968.0,4.8323,58.56
171.245,measure,4992.0,968.0,4.8323,58.56
171.345,measure,4992.0,968.0,4.8323,58.59
171.446,measure,4992.0,968.0,4.8323,58.53
171.546,measure,4992.0,968.0,4.8323,58.47
171.646,measure,4992.0,968.0,4.8323,58.47
171.746,measure,4992.0,968.0,4.8323,58.56
171.846,measure,4992.0,968.0,4.8323,58.62
171.946,measure,4992.0,968.0,4.8323,58.59
172.046,measure,4992.0,968.0,4.8323,58.56
172.147,measure,4992.0,968.0,4.8323,58.50
172.247,measure,4992.0,968.0,4.8323,58.47
172.347,measure,4992.0,968.0,4.8323,58.44
172.447,measure,4992.0,968.0,4.8323,58.50
172.547,measure,4992.0,968.0,4.8323,58.53
172.647,measure,4992.0,968.0,4.8323,58.66
172.747,measure,4992.0,968.0,4.8323,58.62
172.848,measure,4992.0,968.0,4.8323,58.62
172.948,measure,4992.0,968.0,4.8323,58.69
173.048,measure,4992.0,968.0,4.8323,58.59
173.148,measure,4992.0,968.0,4.8323,58.56
173.248,measure,4992.0,968.0,4.8323,58.56
173.348,measure,4992.0,960.0,4.7923,58.50
173.448,measure,4992.0,960.0,4.7923,58.47
173.549,measure,4992.0,960.0,4.7923,58.69
173.649,measure,4992.0,960.0,4.7923,58.66
173.749,measure,4992.0,960.0,4.7923,58.56
173.849,measure,4992.0,960.0,4.7923,58.59
173.949,measure,4992.0,960.0,4.7923,58.62
174.049,measure,4992.0,960.0,4.7923,58.53
174.149,measure,4992.0,960.0,4.7923,58.53
174.250,measure,4992.0,960.0,4.7923,58.50
174.350,measure,4992.0,960.0,4.7923,58.50
174.450,measure,4992.0,960.0,4.7923,58.69
174.550,measure,4992.0,960.0,4.7923,58.59
174.650,measure,4992.0,960.0,4.7923,58.69
174.751,measure,4992.0,960.0,4.7923,58.56
174.851,measure,4992.0,960.0,4.7923,58.62
174.951,measure,4992.0,960.0,4.7923,58.56
175.051,measure,4992.0,960.0,4.7923,58.47
175.151,measure,4992.0,968.0,4.8323,58.44
175.251,measure,4992.0,968.0,4.8323,58.44
175.351,measure,4992.0,968.0,4.8323,58.66
175.452,measure,4992.0,968.0,4.8323,58.69
175.552,measure,4992.0,968.0,4.8323,58.62
175.652,measure,4992.0,968.0,4.8323,58.53
175.752,measure,4992.0,968.0,4.8323,58.56
175.852,measure,4992.0,968.0,4.8323,58.50
175.952,measure,4992.0,960.0,4.7923,58.56
176.052,measure,4992.0,960.0,4.7923,58.47
176.153,measure,4992.0,960.0,4.7923,58.50
176.253,measure,4992.0,960.0,4.7923,58.72
176.353,measure,4992.0,960.0,4.7923,58.66
176.453,measure,4992.0,960.0,4.7923,58.69
176.553,measure,4992.0,960.0,4.7923,58.59
176.653,measure,4992.0,960.0,4.7923,58.56
176.754,measure,4992.0,960.0,4.7923,58.59
176.854,measure,4992.0,960.0,4.7923,58.56
176.954,measure,4992.0,960.0,4.7923,58.56
177.054,measure,4992.0,960.0,4.7923,58.53
177.154,measure,4992.0,960.0,4.7923,58.75
177.254,measure,4992.0,960.0,4.7923,58.66
177.354,measure,4992.0,960.0,4.7923,58.62
177.455,measure,4992.0,960.0,4.7923,58.59
177.555,measure,4992.0,960.0,4.7923,58.56
177.655,measure,4992.0,960.0,4.7923,58.56
177.755,measure,4984.0,984.0,4.9043,58.50
177.855,measure,4984.0,1016.0,5.0637,58.53
177.955,measure,4984.0,1048.0,5.2232,58.50
178.055,measure,4984.0,1056.0,5.2631,58.72
178.156,measure,4984.0,1072.0,5.3428,58.72
178.256,measure,4976.0,1080.0,5.3741,58.75
178.356,measure,4976.0,1088.0,5.4139,58.56
178.456,measure,4976.0,1096.0,5.4537,58.66
178.556,measure,4976.0,1104.0,5.4935,58.59
178.656,measure,4976.0,1112.0,5.5333,58.62
178.756,measure,4976.0,1112.0,5.5333,58.50
178.857,measure,4976.0,1112.0,5.5333,58.56
178.957,measure,4976.0,1096.0,5.4537,58.59
179.057,measure,4984.0,1064.0,5.3030,58.75
179.157,measure,4984.0,1040.0,5.1834,58.78
179.257,measure,4984.0,1024.0,5.1036,58.62
179.357,measure,4984.0,1008.0,5.0239,58.59
179.457,measure,4984.0,1000.0,4.9840,58.56
179.558,measure,4984.0,992.0,4.9441,58.59
179.658,measure,4984.0,984.0,4.9043,58.50
179.758,measure,4984.0,976.0,4.8644,58.53
179.858,measure,4984.0,976.0,4.8644,58.44
179.958,measure,4984.0,976.0,4.8644,58.78
180.058,measure,4984.0,968.0,4.8245,58.72
180.159,measure,4992.0,968.0,4.8323,58.59
180.259,measure,4992.0,968.0,4.8323,58.75
180.359,measure,4992.0,960.0,4.7923,58.62
180.459,measure,4992.0,960.0,4.7923,58.59
180.559,measure,4992.0,960.0,4.7923,58.53
180.659,measure,4992.0,960.0,4.7923,58.50
180.759,measure,4992.0,960.0,4.7923,58.50
180.860,measure,4992.0,960.0,4.7923,58.69
180.960,measure,4992.0,960.0,4.7923,58.75
181.060,measure,4992.0,960.0,4.7923,58.72
181.160,measure,4992.0,960.0,4.7923,58.62
181.260,measure,4992.0,960.0,4.7923,58.62
181.360,measure,4992.0,960.0,4.7923,58.59
181.460,measure,4992.0,960.0,4.7923,58.62
181.561,measure,4992.0,960.0,4.7923,58.56
181.661,measure,4992.0,960.0,4.7923,58.59
181.761,measure,4992.0,960.0,4.7923,58.50
181.861,measure,4992.0,960.0,4.7923,58.81
181.961,measure,4992.0,960.0,4.7923,58.62
182.061,measure,4992.0,960.0,4.7923,58.62
182.162,measure,4992.0,960.0,4.7923,58.59
182.262,measure,4992.0,960.0,4.7923,58.59
182.362,measure,4992.0,960.0,4.7923,58.53
182.462,measure,4992.0,960.0,4.7923,58.53
182.562,measure,4992.0,960.0,4.7923,58.56
182.662,measure,4992.0,960.0,4.7923,58.56
182.762,measure,4992.0,960.0,4.7923,58.75
182.863,measure,4992.0,968.0,4.8323,58.66
182.963,measure,4992.0,968.0,4.8323,58.66
183.063,measure,4992.0,968.0,4.8323,58.62
183.163,measure,4992.0,968.0,4.8323,58.56
183.263,measure,4992.0,968.0,4.8323,58.59
183.363,measure,4992.0,960.0,4.7923,58.53
183.463,measure,4992.0,960.0,4.7923,58.53
183.564,measure,4992.0,960.0,4.7923,58.56
183.664,measure,4992.0,960.0,4.7923,58.47
183.764,measure,4992.0,960.0,4.7923,58.69
183.864,measure,4992.0,960.0,4.7923,58.59
183.964,measure,4992.0,960.0,4.7923,58.75
184.064,measure,4992.0,960.0,4.7923,58.50
184.165,measure,4992.0,960.0,4.7923,58.56
184.265,measure,4992.0,960.0,4.7923,58.50
184.365,measure,4992.0,960.0,4.7923,58.56
184.465,measure,4992.0,960.0,4.7923,58.56
184.565,measure,4992.0,960.0,4.7923,58.53
184.665,measure,4992.0,960.0,4.7923,58.69
184.765,measure,4992.0,960.0,4.7923,58.59
184.866,measure,4992.0,960.0,4.7923,58.66
184.966,measure,4992.0,960.0,4.7923,58.59
185.066,measure,4992.0,960.0,4.7923,58.53
185.166,measure,4992.0,960.0,4.7923,58.53
185.266,measure,4992.0,960.0,4.7923,58.50
185.366,measure,4992.0,960.0,4.7923,58.56
185.466,measure,4992.0,960.0,4.7923,58.50
185.567,measure,4992.0,960.0,4.7923,58.66
185.667,measure,4992.0,960.0,4.7923,58.66
185.767,measure,4992.0,960.0,4.7923,58.66
185.867,measure,4992.0,960.0,4.7923,58.62
185.967,measure,4992.0,960.0,4.7923,58.59
186.067,measure,4992.0,960.0,4.7923,58.50
186.168,measure,4992.0,968.0,4.8323,58.53
186.268,measure,4992.0,968.0,4.8323,58.53
186.368,measure,4992.0,960.0,4.7923,58.47
186.468,measure,4992.0,960.0,4.7923,58.62
186.568,measure,4992.0,968.0,4.8323,58.66
186.668,measure,4992.0,968.0,4.8323,58.66
186.768,measure,4992.0,968.0,4.8323,58.53
186.869,measure,4992.0,968.0,4.8323,58.59
186.969,measure,4984.0,968.0,4.8245,58.59
187.069,measure,4984.0,968.0,4.8245,58.50
187.169,measure,4984.0,968.0,4.8245,58.50
187.269,measure,4984.0,968.0,4.8245,58.50
187.369,measure,4992.0,976.0,4.8722,58.47
187.469,measure,4992.0,968.0,4.8323,58.62
187.570,measure,4992.0,968.0,4.8323,58.69
187.670,measure,4992.0,968.0,4.8323,58.69
187.770,measure,4992.0,968.0,4.8323,58.59
187.870,measure,4992.0,968.0,4.8323,58.53
187.970,measure,4992.0,968.0,4.8323,58.53
188.070,measure,4992.0,968.0,4.8323,58.44
188.170,measure,4992.0,968.0,4.8323,58.50
188.271,measure,4992.0,968.0,4.8323,58.50
188.371,measure,4992.0,960.0,4.7923,58.66
188.471,measure,4992.0,960.0,4.7923,58.62
188.571,measure,4992.0,960.0,4.7923,58.53
188.671,measure,4992.0,960.0,4.7923,58.62
188.771,measure,4992.0,960.0,4.7923,58.53
188.872,measure,4992.0,960.0,4.7923,58.53
188.972,measure,4992.0,968.0,4.8323,58.50
189.072,measure,4992.0,968.0,4.8323,58.44
189.172,measure,4992.0,968.0,4.8323,58.56
189.272,measure,4992.0,960.0,4.7923,58.62
189.372,measure,4992.0,960.0,4.7923,58.75
189.472,measure,4992.0,960.0,4.7923,58.62
189.573,measure,4992.0,960.0,4.7923,58.62
189.673,measure,4992.0,960.0,4.7923,58.50
189.773,measure,4992.0,960.0,4.7923,58.56
189.873,measure,4992.0,960.0,4.7923,58.53
189.973,measure,4992.0,968.0,4.8323,58.50
190.073,measure,4992.0,968.0,4.8323,58.50
190.174,measure,4992.0,968.0,4.8323,58.72
190.274,measure,4992.0,968.0,4.8323,58.69
190.374,measure,4992.0,960.0,4.7923,58.59
190.474,measure,4992.0,960.0,4.7923,58.56
190.574,measure,4992.0,960.0,4.7923,58.50
190.674,measure,4992.0,960.0,4.7923,58.56
190.774,measure,4992.0,960.0,4.7923,58.56
190.875,measure,4992.0,960.0,4.7923,58.50
190.975,measure,4992.0,960.0,4.7923,58.53
191.075,measure,4992.0,960.0,4.7923,58.69
191.175,measure,4992.0,960.0,4.7923,58.69
191.275,measure,4992.0,960.0,4.7923,58.59
191.375,measure,4992.0,960.0,4.7923,58.59
191.475,measure,4992.0,960.0,4.7923,58.53
191.576,measure,4992.0,960.0,4.7923,58.53
191.676,measure,4992.0,960.0,4.7923,58.53
191.776,measure,4992.0,960.0,4.7923,58.53
191.876,measure,4992.0,960.0,4.7923,58.47
191.976,measure,4992.0,960.0,4.7923,58.66
192.076,measure,4992.0,968.0,4.8323,58.66
192.177,measure,4992.0,968.0,4.8323,58.62
192.277,measure,4992.0,968.0,4.8323,58.59
192.377,measure,4992.0,960.0,4.7923,58.59
192.477,measure,4992.0,960.0,4.7923,58.56
192.577,measure,4992.0,960.0,4.7923,58.53
192.677,measure,4992.0,960.0,4.7923,58.56
192.777,measure,4992.0,960.0,4.7923,58.47
192.878,measure,4992.0,960.0,4.7923,58.72
192.978,measure,4992.0,960.0,4.7923,58.69
193.078,measure,4992.0,960.0,4.7923,58.59
193.178,measure,4992.0,960.0,4.7923,58.66
193.278,measure,4992.0,960.0,4.7923,58.59
193.378,measure,4992.0,960.0,4.7923,58.62
193.478,measure,4992.0,960.0,4.7923,58.50
193.579,measure,4992.0,960.0,4.7923,58.50
193.679,measure,4992.0,960.0,4.7923,58.53
193.779,measure,4992.0,960.0,4.7923,58.72
193.879,measure,4992.0,960.0,4.7923,58.72
193.979,measure,4992.0,960.0,4.7923,58.66
194.079,measure,4992.0,960.0,4.7923,58.53
194.179,measure,4992.0,960.0,4.7923,58.59
194.280,measure,4992.0,960.0,4.7923,58.56
194.380,measure,4992.0,960.0,4.7923,58.50
194.480,measure,4992.0,960.0,4.7923,58.47
194.580,measure,4992.0,960.0,4.7923,58.53
194.680,measure,4992.0,960.0,4.7923,58.53
194.780,measure,4992.0,960.0,4.7923,58.75
194.881,measure,4992.0,960.0,4.7923,58.75
194.981,measure,4992.0,960.0,4.7923,58.59
195.081,measure,4992.0,960.0,4.7923,58.56
195.181,measure,4992.0,960.0,4.7923,58.53
195.281,measure,4992.0,960.0,4.7923,58.53
195.381,measure,4992.0,960.0,4.7923,58.56
195.481,measure,4992.0,960.0,4.7923,58.50
195.582,measure,4992.0,960.0,4.7923,58.72
195.682,measure,4992.0,960.0,4.7923,58.72
195.782,measure,4992.0,968.0,4.8323,58.62
195.882,measure,4992.0,960.0,4.7923,58.62
195.982,measure,4992.0,960.0,4.7923,58.69
196.082,measure,4992.0,960.0,4.7923,58.50
196.182,measure,4992.0,960.0,4.7923,58.56
196.283,measure,4992.0,960.0,4.7923,58.53
196.383,measure,4992.0,960.0,4.7923,58.56
196.483,measure,4992.0,960.0,4.7923,58.44
196.583,measure,4992.0,960.0,4.7923,58.78
196.683,measure,4992.0,960.0,4.7923,58.72
196.783,measure,4992.0,960.0,4.7923,58.66
196.883,measure,4992.0,960.0,4.7923,58.56
196.984,measure,4992.0,960.0,4.7923,58.56
197.084,measure,4992.0,960.0,4.7923,58.62
197.184,measure,4992.0,960.0,4.7923,58.62
197.284,measure,4992.0,960.0,4.7923,58.50
197.384,measure,4992.0,960.0,4.7923,58.53
197.484,measure,4992.0,960.0,4.7923,58.69
197.585,measure,4992.0,960.0,4.7923,58.72
197.685,measure,4992.0,960.0,4.7923,58.69
197.785,measure,4992.0,960.0,4.7923,58.59
197.885,measure,4992.0,960.0,4.7923,58.62
197.985,measure,4992.0,960.0,4.7923,58.59
198.085,measure,4992.0,960.0,4.7923,58.53
198.185,measure,4992.0,960.0,4.7923,58.44
198.286,measure,4992.0,960.0,4.7923,58.53
198.386,measure,4992.0,960.0,4.7923,58.72
198.486,measure,4992.0,960.0,4.7923,58.78
198.586,measure,4992.0,960.0,4.7923,58.69
198.686,measure,4992.0,960.0,4.7923,58.62
198.786,measure,4992.0,960.0,4.7923,58.62
198.887,measure,4992.0,960.0,4.7923,58.59
198.987,measure,4992.0,960.0,4.7923,58.53
199.087,measure,4992.0,960.0,4.7923,58.56
199.187,measure,4992.0,960.0,4.7923,58.53
199.287,measure,4992.0,960.0,4.7923,58.72
199.387,measure,4992.0,960.0,4.7923,58.72
199.487,measure,4992.0,960.0,4.7923,58.66
199.588,measure,4992.0,960.0,4.7923,58.62
199.688,measure,4992.0,960.0,4.7923,58.66
199.788,measure,4992.0,960.0,4.7923,58.56
199.888,measure,4992.0,960.0,4.7923,58.53
199.988,measure,4992.0,960.0,4.7923,58.50
200.088,measure,4992.0,960.0,4.7923,58.50
200.188,measure,4992.0,960.0,4.7923,58.56
200.289,measure,4992.0,960.0,4.7923,58.75
200.389,measure,4992.0,960.0,4.7923,58.72
200.489,measure,4992.0,960.0,4.7923,58.59
200.589,measure,4992.0,960.0,4.7923,58.62
200.689,measure,4992.0,960.0,4.7923,58.56
200.789,measure,4992.0,960.0,4.7923,58.59
200.890,measure,4992.0,960.0,4.7923,58.50
200.990,measure,4992.0,960.0,4.7923,58.50
201.090,measure,4992.0,960.0,4.7923,58.50
201.190,measure,4992.0,960.0,4.7923,58.72
201.290,measure,4992.0,960.0,4.7923,58.62
201.390,measure,4992.0,960.0,4.7923,58.62
201.490,measure,4992.0,960.0,4.7923,58.66
201.591,measure,4992.0,960.0,4.7923,58.53
201.691,measure,4992.0,960.0,4.7923,58.59
201.791,measure,4992.0,960.0,4.7923,58.44
201.891,measure,4992.0,960.0,4.7923,58.53
201.991,measure,4992.0,960.0,4.7923,58.53
202.091,measure,4992.0,960.0,4.7923,58.50
202.191,measure,4992.0,960.0,4.7923,58.62
202.292,measure,4992.0,960.0,4.7923,58.62
202.392,measure,4992.0,960.0,4.7923,58.62
202.492,measure,4992.0,968.0,4.8323,58.53
202.592,measure,4992.0,968.0,4.8323,58.59
202.692,measure,4992.0,968.0,4.8323,58.50
202.792,measure,4992.0,968.0,4.8323,58.50
202.892,measure,4992.0,968.0,4.8323,58.53
202.993,measure,4992.0,968.0,4.8323,58.53
203.093,measure,4992.0,968.0,4.8323,58.66
203.193,measure,4992.0,968.0,4.8323,58.69
203.293,measure,4992.0,968.0,4.8323,58.62
203.393,measure,4992.0,968.0,4.8323,58.66
203.493,measure,4992.0,976.0,4.8722,58.56
203.594,measure,4992.0,976.0,4.8722,58.59
203.694,measure,4984.0,976.0,4.8644,58.50
203.794,measure,4984.0,976.0,4.8644,58.50
203.894,measure,4984.0,976.0,4.8644,58.53
203.994,measure,4984.0,976.0,4.8644,58.62
204.094,measure,4984.0,976.0,4.8644,58.69
204.194,measure,4984.0,976.0,4.8644,58.66
204.295,measure,4992.0,976.0,4.8722,58.62
204.395,measure,4992.0,968.0,4.8323,58.59
204.495,measure,4992.0,968.0,4.8323,58.50
204.595,measure,4992.0,968.0,4.8323,58.50
204.695,measure,4992.0,968.0,4.8323,58.50
204.795,measure,4992.0,968.0,4.8323,58.56
204.895,measure,4992.0,968.0,4.8323,58.66
204.996,measure,4992.0,960.0,4.7923,58.66
205.096,measure,4992.0,960.0,4.7923,58.59
205.196,measure,4992.0,960.0,4.7923,58.62
205.296,measure,4992.0,960.0,4.7923,58.66
205.396,measure,4992.0,960.0,4.7923,58.59
205.496,measure,4992.0,960.0,4.7923,58.56
205.597,measure,4992.0,960.0,4.7923,58.59
205.697,measure,4992.0,960.0,4.7923,58.56
205.797,measure,4992.0,960.0,4.7923,58.75
205.897,measure,4992.0,960.0,4.7923,58.69
205.997,measure,4992.0,960.0,4.7923,58.62
206.097,measure,4992.0,960.0,4.7923,58.53
206.197,measure,4992.0,960.0,4.7923,58.56
206.298,measure,4992.0,960.0,4.7923,58.56
206.398,measure,4992.0,960.0,4.7923,58.56
206.498,measure,4992.0,960.0,4.7923,58.53
206.598,measure,4992.0,960.0,4.7923,58.50
206.698,measure,4992.0,960.0,4.7923,58.69
206.798,measure,4992.0,960.0,4.7923,58.66
206.898,measure,4992.0,960.0,4.7923,58.69
206.999,measure,4992.0,960.0,4.7923,58.66
207.099,measure,4992.0,960.0,4.7923,58.59
207.199,measure,4992.0,960.0,4.7923,58.53
207.299,measure,4992.0,960.0,4.7923,58.53
207.399,measure,4992.0,960.0,4.7923,58.53
207.499,measure,4992.0,960.0,4.7923,58.47
207.600,measure,4992.0,960.0,4.7923,58.69
207.700,measure,4992.0,960.0,4.7923,58.81
207.800,measure,4992.0,960.0,4.7923,58.69
207.900,measure,4992.0,960.0,4.7923,58.62
208.000,measure,4992.0,960.0,4.7923,58.66
208.100,measure,4992.0,960.0,4.7923,58.66
208.200,measure,4992.0,960.0,4.7923,58.56
208.301,measure,4992.0,960.0,4.7923,58.56
208.401,measure,4992.0,960.0,4.7923,58.44
208.501,measure,4992.0,960.0,4.7923,58.47
208.601,measure,4992.0,960.0,4.7923,58.69
208.701,measure,4992.0,960.0,4.7923,58.72
208.801,measure,4992.0,960.0,4.7923,58.56
208.901,measure,4992.0,960.0,4.7923,58.62
209.002,measure,4992.0,960.0,4.7923,58.53
209.102,measure,4992.0,960.0,4.7923,58.56
209.202,measure,4992.0,960.0,4.7923,58.56
209.302,measure,4992.0,960.0,4.7923,58.56
209.402,measure,4992.0,960.0,4.7923,58.56
209.503,measure,4992.0,960.0,4.7923,58.66
209.603,measure,4992.0,960.0,4.7923,58.72
209.703,measure,4992.0,960.0,4.7923,58.66
209.803,measure,4992.0,960.0,4.7923,58.69
209.903,measure,4992.0,960.0,4.7923,58.56
210.004,measure,4992.0,960.0,4.7923,58.59
210.104,measure,4992.0,960.0,4.7923,58.47
210.204,measure,4992.0,960.0,4.7923,58.53
210.305,measure,4992.0,960.0,4.7923,58.59
210.405,measure,4992.0,960.0,4.7923,58.50
210.505,measure,4992.0,960.0,4.7923,58.72
210.605,measure,4992.0,960.0,4.7923,58.66
210.705,measure,4992.0,960.0,4.7923,58.69
210.806,measure,4992.0,960.0,4.7923,58.66
210.906,measure,4992.0,960.0,4.7923,58.59
211.006,measure,4992.0,960.0,4.7923,58.53
211.106,measure,4992.0,960.0,4.7923,58.59
211.207,measure,4992.0,960.0,4.7923,58.47
211.307,measure,4992.0,960.0,4.7923,58.53
211.407,measure,4992.0,960.0,4.7923,58.53
211.507,measure,4992.0,960.0,4.7923,58.66
211.607,measure,4992.0,960.0,4.7923,58.66
211.708,measure,4992.0,960.0,4.7923,58.62
211.808,measure,4992.0,960.0,4.7923,58.56
211.908,measure,4992.0,960.0,4.7923,58.53
212.008,measure,4992.0,960.0,4.7923,58.56
212.108,measure,4992.0,960.0,4.7923,58.44
212.208,measure,4992.0,960.0,4.7923,58.50
212.308,measure,4992.0,960.0,4.7923,58.53
212.409,measure,4992.0,960.0,4.7923,58.78
212.509,measure,4992.0,960.0,4.7923,58.62
212.609,measure,4992.0,960.0,4.7923,58.62
212.709,measure,4992.0,960.0,4.7923,58.59
212.809,measure,4992.0,960.0,4.7923,58.56
212.909,measure,4992.0,960.0,4.7923,58.59
213.010,measure,4992.0,960.0,4.7923,58.53
213.110,measure,4992.0,960.0,4.7923,58.53
213.210,measure,4992.0,960.0,4.7923,58.50
213.310,measure,4992.0,960.0,4.7923,58.69
213.410,measure,4992.0,960.0,4.7923,58.69
213.510,measure,4992.0,960.0,4.7923,58.62
213.610,measure,4992.0,960.0,4.7923,58.59
213.711,measure,4992.0,960.0,4.7923,58.47
213.811,measure,4992.0,960.0,4.7923,58.47
213.911,measure,4992.0,960.0,4.7923,58.59
214.011,measure,4992.0,960.0,4.7923,58.44
214.111,measure,4992.0,960.0,4.7923,58.50
214.211,measure,4992.0,960.0,4.7923,58.72
214.311,measure,4992.0,960.0,4.7923,58.66
214.412,measure,4992.0,960.0,4.7923,58.69
214.512,measure,4992.0,960.0,4.7923,58.66
214.612,measure,4992.0,960.0,4.7923,58.59
214.712,measure,4992.0,960.0,4.7923,58.59
214.812,measure,4992.0,960.0,4.7923,58.53
214.912,measure,4992.0,960.0,4.7923,58.56
215.012,measure,4992.0,960.0,4.7923,58.47
215.113,measure,4992.0,960.0,4.7923,58.75
215.213,measure,4992.0,960.0,4.7923,58.72
215.313,measure,4992.0,960.0,4.7923,58.62
215.413,measure,4992.0,960.0,4.7923,58.62
215.513,measure,4992.0,960.0,4.7923,58.66
215.613,measure,4992.0,960.0,4.7923,58.53
215.713,measure,4992.0,960.0,4.7923,58.53
215.814,measure,4992.0,968.0,4.8323,58.47
215.914,measure,4992.0,968.0,4.8323,58.56
216.014,measure,4992.0,968.0,4.8323,58.75
216.114,measure,4992.0,968.0,4.8323,58.72
216.214,measure,4992.0,960.0,4.7923,58.59
216.314,measure,4992.0,960.0,4.7923,58.56
216.414,measure,4992.0,960.0,4.7923,58.66
216.515,measure,4992.0,960.0,4.7923,58.56
216.615,measure,4992.0,968.0,4.8323,58.56
216.715,measure,4992.0,968.0,4.8323,58.56
216.815,measure,4992.0,968.0,4.8323,58.56
216.915,measure,4992.0,968.0,4.8323,58.75
217.015,measure,4992.0,960.0,4.7923,58.72
217.115,measure,4992.0,960.0,4.7923,58.66
217.215,measure,4992.0,960.0,4.7923,58.66
217.316,measure,4992.0,960.0,4.7923,58.62
217.416,measure,4992.0,960.0,4.7923,58.56
217.516,measure,4992.0,960.0,4.7923,58.62
217.616,measure,4992.0,960.0,4.7923,58.53
217.716,measure,4992.0,960.0,4.7923,58.50
217.816,measure,4992.0,960.0,4.7923,58.75
217.916,measure,4992.0,960.0,4.7923,58.69
218.017,measure,4992.0,960.0,4.7923,58.59
218.117,measure,4992.0,960.0,4.7923,58.59
218.217,measure,4992.0,960.0,4.7923,58.62
218.317,measure,4992.0,960.0,4.7923,58.56
218.417,measure,4992.0,960.0,4.7923,58.62
218.517,measure,4992.0,960.0,4.7923,58.56
218.617,measure,4992.0,960.0,4.7923,58.53
218.717,measure,4992.0,960.0,4.7923,58.72
218.818,measure,4992.0,960.0,4.7923,58.66
218.918,measure,4992.0,968.0,4.8323,58.69
219.018,measure,4992.0,968.0,4.8323,58.59
219.118,measure,4992.0,968.0,4.8323,58.53
219.218,measure,4992.0,968.0,4.8323,58.56
219.318,measure,4992.0,968.0,4.8323,58.53
219.418,measure,4992.0,968.0,4.8323,58.56
219.519,measure,4992.0,968.0,4.8323,58.53
219.619,measure,4992.0,968.0,4.8323,58.72
219.719,measure,4992.0,968.0,4.8323,58.78
219.819,measure,4992.0,968.0,4.8323,58.66
219.919,measure,4984.0,968.0,4.8245,58.62
220.019,measure,4984.0,968.0,4.8245,58.62
220.119,measure,4984.0,976.0,4.8644,58.62
220.220,measure,4984.0,976.0,4.8644,58.59
220.320,measure,4984.0,976.0,4.8644,58.50
220.420,measure,4984.0,976.0,4.8644,58.59
220.520,measure,4984.0,976.0,4.8644,58.81
220.620,measure,4984.0,976.0,4.8644,58.75
220.720,measure,4984.0,976.0,4.8644,58.66
220.820,measure,4984.0,976.0,4.8644,58.66
220.921,measure,4984.0,976.0,4.8644,58.69
221.021,measure,4992.0,968.0,4.8323,58.53
221.121,measure,4992.0,968.0,4.8323,58.56
221.221,measure,4992.0,968.0,4.8323,58.53
221.321,measure,4992.0,968.0,4.8323,58.53
221.421,measure,4992.0,960.0,4.7923,58.50
221.521,measure,4992.0,960.0,4.7923,58.81
221.622,measure,4992.0,960.0,4.7923,58.66
221.722,measure,4992.0,960.0,4.7923,58.69
221.822,measure,4992.0,960.0,4.7923,58.59
221.922,measure,4992.0,960.0,4.7923,58.59
222.022,measure,4992.0,960.0,4.7923,58.56
222.122,measure,4992.0,960.0,4.7923,58.56
222.222,measure,4992.0,960.0,4.7923,58.53
222.322,measure,4992.0,960.0,4.7923,58.56
222.423,measure,4992.0,960.0,4.7923,58.78
222.523,measure,4992.0,960.0,4.7923,58.75
222.623,measure,4992.0,960.0,4.7923,58.72
222.723,measure,4992.0,960.0,4.7923,58.62
222.823,measure,4992.0,960.0,4.7923,58.50
222.923,measure,4992.0,960.0,4.7923,58.59
223.023,measure,4992.0,960.0,4.7923,58.47
223.124,measure,4992.0,960.0,4.7923,58.56
223.224,measure,4992.0,960.0,4.7923,58.50
223.324,measure,4992.0,960.0,4.7923,58.47
223.424,measure,4992.0,960.0,4.7923,58.62
223.524,measure,4992.0,960.0,4.7923,58.66
223.624,measure,4992.0,960.0,4.7923,58.56
223.724,measure,4992.0,960.0,4.7923,58.53
223.824,measure,4992.0,960.0,4.7923,58.62
223.925,measure,4992.0,960.0,4.7923,58.56
224.025,measure,4992.0,960.0,4.7923,58.59
224.125,measure,4992.0,960.0,4.7923,58.56
224.225,measure,4992.0,960.0,4.7923,58.53
224.325,measure,4992.0,960.0,4.7923,58.78
224.425,measure,4992.0,960.0,4.7923,58.62
224.525,measure,4992.0,960.0,4.7923,58.50
224.626,measure,4992.0,960.0,4.7923,58.59
224.726,measure,4992.0,960.0,4.7923,58.66
224.826,measure,4992.0,960.0,4.7923,58.62
224.926,measure,4992.0,960.0,4.7923,58.50
225.026,measure,4992.0,960.0,4.7923,58.47
225.126,measure,4992.0,960.0,4.7923,58.53
225.226,measure,4992.0,960.0,4.7923,58.66
225.327,measure,4992.0,960.0,4.7923,58.66
225.427,measure,4992.0,960.0,4.7923,58.66
225.527,measure,4992.0,960.0,4.7923,58.69
225.627,measure,4992.0,960.0,4.7923,58.53
225.727,measure,4992.0,960.0,4.7923,58.59
225.827,measure,4992.0,960.0,4.7923,58.56
225.927,measure,4992.0,960.0,4.7923,58.53
226.027,measure,4992.0,960.0,4.7923,58.75
226.128,measure,4992.0,960.0,4.7923,58.66
226.228,measure,4992.0,960.0,4.7923,58.72
226.328,measure,4992.0,960.0,4.7923,58.59
226.428,measure,4992.0,960.0,4.7923,58.53
226.528,measure,4992.0,960.0,4.7923,58.59
226.628,measure,4992.0,960.0,4.7923,58.50
226.728,measure,4992.0,960.0,4.7923,58.47
226.829,measure,4992.0,960.0,4.7923,58.50
226.929,measure,4992.0,960.0,4.7923,58.53
227.029,measure,4992.0,960.0,4.7923,58.72
227.129,measure,4992.0,952.0,4.7524,58.69
227.229,measure,4992.0,952.0,4.7524,58.53
227.329,measure,4992.0,952.0,4.7524,58.62
227.429,measure,4992.0,952.0,4.7524,58.59
227.529,measure,4992.0,952.0,4.7524,58.53
227.630,measure,4992.0,952.0,4.7524,58.59
227.730,measure,4992.0,952.0,4.7524,58.50
227.830,measure,4992.0,960.0,4.7923,58.72
227.930,measure,4992.0,960.0,4.7923,58.72
228.030,measure,4992.0,960.0,4.7923,58.62
228.130,measure,4992.0,960.0,4.7923,58.62
228.230,measure,4992.0,960.0,4.7923,58.62
228.331,measure,4992.0,960.0,4.7923,58.66
228.431,measure,4992.0,960.0,4.7923,58.53
228.531,measure,4992.0,952.0,4.7524,58.56
228.631,measure,4992.0,952.0,4.7524,58.50
228.731,measure,4992.0,952.0,4.7524,58.50
228.831,measure,4992.0,952.0,4.7524,58.72
228.932,measure,4992.0,960.0,4.7923,58.66
229.032,measure,4992.0,952.0,4.7524,58.72
229.132,measure,4992.0,952.0,4.7524,58.59
229.232,measure,4992.0,952.0,4.7524,58.56
229.332,measure,4992.0,952.0,4.7524,58.53
229.432,measure,4992.0,952.0,4.7524,58.56
229.532,measure,4992.0,952.0,4.7524,58.56
229.632,measure,4992.0,952.0,4.7524,58.78
229.733,measure,4992.0,952.0,4.7524,58.84
229.833,measure,4992.0,952.0,4.7524,58.69
229.933,measure,4992.0,952.0,4.7524,58.62
230.033,measure,4992.0,952.0,4.7524,58.62
230.133,measure,4992.0,952.0,4.7524,58.59
230.233,measure,4992.0,952.0,4.7524,58.53
230.333,measure,4992.0,952.0,4.7524,58.56
230.434,measure,4992.0,952.0,4.7524,58.62
230.534,measure,4992.0,952.0,4.7524,58.56
230.634,measure,4992.0,952.0,4.7524,58.72
230.734,measure,4992.0,952.0,4.7524,58.75
230.834,measure,4992.0,952.0,4.7524,58.75
230.934,measure,4992.0,960.0,4.7923,58.62
231.034,measure,4992.0,952.0,4.7524,58.62
231.135,measure,4992.0,952.0,4.7524,58.59
231.235,measure,4992.0,952.0,4.7524,58.56
231.335,measure,4992.0,952.0,4.7524,58.47
231.435,measure,4992.0,952.0,4.7524,58.78
231.535,measure,4992.0,952.0,4.7524,58.69
231.635,measure,4992.0,952.0,4.7524,58.78
231.735,measure,4992.0,952.0,4.7524,58.69
231.835,measure,4992.0,960.0,4.7923,58.72
231.936,measure,4992.0,960.0,4.7923,58.50
232.036,measure,4992.0,960.0,4.7923,58.59
232.136,measure,4992.0,960.0,4.7923,58.59
232.236,measure,4992.0,960.0,4.7923,58.56
232.336,measure,4992.0,960.0,4.7923,58.47
232.436,measure,4992.0,960.0,4.7923,58.69
232.536,measure,4992.0,960.0,4.7923,58.78
232.637,measure,4992.0,960.0,4.7923,58.66
232.737,measure,4992.0,960.0,4.7923,58.53
232.837,measure,4992.0,960.0,4.7923,58.62
232.937,measure,4992.0,960.0,4.7923,58.56
233.037,measure,4992.0,960.0,4.7923,58.53
233.137,measure,4992.0,960.0,4.7923,58.56
233.237,measure,4992.0,960.0,4.7923,58.53
233.338,measure,4992.0,960.0,4.7923,58.69
233.438,measure,4992.0,960.0,4.7923,58.75
233.538,measure,4992.0,960.0,4.7923,58.66
233.638,measure,4992.0,960.0,4.7923,58.59
233.738,measure,4992.0,960.0,4.7923,58.66
233.838,measure,4992.0,960.0,4.7923,58.62
233.938,measure,4992.0,960.0,4.7923,58.59
234.039,measure,4992.0,960.0,4.7923,58.59
234.139,measure,4992.0,960.0,4.7923,58.56
234.239,measure,4992.0,960.0,4.7923,58.75
234.339,measure,4992.0,960.0,4.7923,58.75
234.439,measure,4992.0,960.0,4.7923,58.75
234.539,measure,4992.0,960.0,4.7923,58.56
234.639,measure,4992.0,960.0,4.7923,58.66
234.739,measure,4992.0,960.0,4.7923,58.56
234.840,measure,4992.0,960.0,4.7923,58.56
234.940,measure,4992.0,960.0,4.7923,58.53
235.040,measure,4992.0,960.0,4.7923,58.56
235.140,measure,4992.0,960.0,4.7923,58.53
235.240,measure,4992.0,960.0,4.7923,58.84
235.340,measure,4992.0,960.0,4.7923,58.66
235.440,measure,4992.0,960.0,4.7923,58.59
235.541,measure,4992.0,960.0,4.7923,58.59
235.641,measure,4992.0,960.0,4.7923,58.62
235.741,measure,4992.0,960.0,4.7923,58.62
235.841,measure,4992.0,960.0,4.7923,58.53
235.941,measure,4992.0,960.0,4.7923,58.56
236.041,measure,4992.0,960.0,4.7923,58.50
236.141,measure,4992.0,968.0,4.8323,58.78
236.242,measure,4992.0,968.0,4.8323,58.69
236.342,measure,4992.0,968.0,4.8323,58.66
236.442,measure,4992.0,968.0,4.8323,58.62
236.542,measure,4992.0,968.0,4.8323,58.59
236.642,measure,4992.0,968.0,4.8323,58.56
236.742,measure,4992.0,968.0,4.8323,58.53
236.842,measure,4992.0,976.0,4.8722,58.56
236.943,measure,4992.0,976.0,4.8722,58.53
237.043,measure,4992.0,976.0,4.8722,58.53
237.143,measure,4992.0,976.0,4.8722,58.66
237.243,measure,4992.0,976.0,4.8722,58.62
237.343,measure,4984.0,976.0,4.8644,58.62
237.443,measure,4992.0,976.0,4.8722,58.62
237.543,measure,4992.0,976.0,4.8722,58.59
237.643,measure,4992.0,968.0,4.8323,58.59
237.744,measure,4992.0,968.0,4.8323,58.56
237.844,measure,4992.0,968.0,4.8323,58.62
237.944,measure,4992.0,968.0,4.8323,58.75
238.044,measure,4992.0,968.0,4.8323,58.69
238.144,measure,4992.0,968.0,4.8323,58.69
238.244,measure,4992.0,968.0,4.8323,58.59
238.344,measure,4992.0,968.0,4.8323,58.59
238.445,measure,4992.0,968.0,4.8323,58.56
238.545,measure,4992.0,968.0,4.8323,58.56
238.645,measure,4992.0,960.0,4.7923,58.59
238.745,measure,4992.0,960.0,4.7923,58.53
238.845,measure,4992.0,960.0,4.7923,58.72
238.945,measure,4992.0,960.0,4.7923,58.75
239.045,measure,4992.0,960.0,4.7923,58.66
239.146,measure,4992.0,960.0,4.7923,58.59
239.246,measure,4992.0,968.0,4.8323,58.59
239.346,measure,4992.0,960.0,4.7923,58.56
239.446,measure,4992.0,960.0,4.7923,58.53
239.546,measure,4992.0,968.0,4.8323,58.59
239.646,measure,4992.0,968.0,4.8323,58.50
239.746,measure,4992.0,968.0,4.8323,58.56
239.847,measure,4992.0,968.0,4.8323,58.72
239.947,measure,4992.0,968.0,4.8323,58.66
240.047,measure,4992.0,968.0,4.8323,58.66
240.147,measure,4992.0,968.0,4.8323,58.56
240.247,measure,4992.0,968.0,4.8323,58.62
240.347,measure,4992.0,968.0,4.8323,58.53
240.447,measure,4992.0,968.0,4.8323,58.59
240.548,measure,4992.0,968.0,4.8323,58.53
240.648,measure,4992.0,960.0,4.7923,58.56
240.748,measure,4992.0,960.0,4.7923,58.75
240.848,measure,4992.0,968.0,4.8323,58.62
240.948,measure,4992.0,968.0,4.8323,58.72
241.048,measure,4992.0,960.0,4.7923,58.75
241.148,measure,4992.0,960.0,4.7923,58.59
241.249,measure,4992.0,968.0,4.8323,58.53
241.349,measure,4992.0,960.0,4.7923,58.56
241.449,measure,4992.0,960.0,4.7923,58.56
241.549,measure,4992.0,960.0,4.7923,58.56
241.649,measure,4992.0,960.0,4.7923,58.69
241.749,measure,4992.0,960.0,4.7923,58.72
241.850,measure,4992.0,968.0,4.8323,58.69
241.950,measure,4992.0,968.0,4.8323,58.59
242.050,measure,4992.0,968.0,4.8323,58.62
242.150,measure,4992.0,968.0,4.8323,58.56
242.250,measure,4992.0,968.0,4.8323,58.56
242.350,measure,4992.0,968.0,4.8323,58.47
242.450,measure,4992.0,968.0,4.8323,58.50
242.551,measure,4992.0,968.0,4.8323,58.75
242.651,measure,4992.0,960.0,4.7923,58.72
242.751,measure,4992.0,960.0,4.7923,58.66
242.851,measure,4992.0,960.0,4.7923,58.59
242.951,measure,4992.0,960.0,4.7923,58.59
243.051,measure,4992.0,960.0,4.7923,58.59
243.152,measure,4992.0,960.0,4.7923,58.56
243.252,measure,4992.0,960.0,4.7923,58.53
243.352,measure,4992.0,960.0,4.7923,58.50
243.452,measure,4992.0,960.0,4.7923,58.66
243.552,measure,4992.0,960.0,4.7923,58.72
243.652,measure,4992.0,960.0,4.7923,58.62
243.752,measure,4992.0,960.0,4.7923,58.66
243.853,measure,4992.0,960.0,4.7923,58.69
243.953,measure,4992.0,960.0,4.7923,58.53
244.053,measure,4992.0,960.0,4.7923,58.56
244.153,measure,4992.0,960.0,4.7923,58.56
244.253,measure,4992.0,960.0,4.7923,58.53
244.353,measure,4992.0,960.0,4.7923,58.75
244.454,measure,4992.0,960.0,4.7923,58.75
244.554,measure,4992.0,960.0,4.7923,58.69
244.654,measure,4992.0,960.0,4.7923,58.62
244.754,measure,4992.0,960.0,4.7923,58.56
244.854,measure,4992.0,960.0,4.7923,58.59
244.954,measure,4992.0,960.0,4.7923,58.62
245.054,measure,4992.0,960.0,4.7923,58.56
245.155,measure,4992.0,960.0,4.7923,58.53
245.255,measure,4992.0,960.0,4.7923,58.69
245.355,measure,4992.0,960.0,4.7923,58.75
245.455,measure,4992.0,960.0,4.7923,58.66
245.555,measure,4992.0,960.0,4.7923,58.69
245.655,measure,4992.0,960.0,4.7923,58.62
245.755,measure,4992.0,960.0,4.7923,58.66
245.855,measure,4992.0,960.0,4.7923,58.53
245.956,measure,4992.0,960.0,4.7923,58.59
246.056,measure,4992.0,960.0,4.7923,58.59
246.156,measure,4992.0,960.0,4.7923,58.81
246.256,measure,4992.0,960.0,4.7923,58.75
246.356,measure,4992.0,960.0,4.7923,58.72
246.456,measure,4992.0,960.0,4.7923,58.66
246.556,measure,4992.0,960.0,4.7923,58.66
246.657,measure,4992.0,960.0,4.7923,58.59
246.757,measure,4992.0,960.0,4.7923,58.56
246.857,measure,4992.0,960.0,4.7923,58.53
246.957,measure,4992.0,960.0,4.7923,58.50
247.057,measure,4992.0,960.0,4.7923,58.81
247.157,measure,4992.0,960.0,4.7923,58.78
247.257,measure,4992.0,960.0,4.7923,58.72
247.358,measure,4992.0,960.0,4.7923,58.66
247.458,measure,4992.0,960.0,4.7923,58.59
247.558,measure,4992.0,960.0,4.7923,58.62
247.658,measure,4992.0,960.0,4.7923,58.62
247.758,measure,4992.0,960.0,4.7923,58.53
247.858,measure,4992.0,960.0,4.7923,58.56
247.958,measure,4992.0,960.0,4.7923,58.78
248.058,measure,4992.0,960.0,4.7923,58.72
248.159,measure,4992.0,960.0,4.7923,58.62
248.259,measure,4992.0,960.0,4.7923,58.59
248.359,measure,4992.0,960.0,4.7923,58.66
248.459,measure,4992.0,960.0,4.7923,58.66
248.559,measure,4992.0,960.0,4.7923,58.62
248.659,measure,4992.0,960.0,4.7923,58.50
248.759,measure,4992.0,960.0,4.7923,58.53
248.860,measure,4992.0,960.0,4.7923,58.62
248.960,measure,4992.0,960.0,4.7923,58.81
249.060,measure,4992.0,960.0,4.7923,58.69
249.160,measure,4992.0,960.0,4.7923,58.62
249.260,measure,4992.0,960.0,4.7923,58.62
249.360,measure,4992.0,960.0,4.7923,58.59
249.461,measure,4992.0,960.0,4.7923,58.56
249.561,measure,4992.0,960.0,4.7923,58.59
249.661,measure,4992.0,960.0,4.7923,58.59
249.761,measure,4992.0,960.0,4.7923,58.50
249.861,measure,4992.0,960.0,4.7923,58.72
249.961,measure,4992.0,960.0,4.7923,58.72
250.061,measure,4992.0,960.0,4.7923,58.66
250.162,measure,4992.0,960.0,4.7923,58.66
250.262,measure,4992.0,960.0,4.7923,58.59
250.362,measure,4992.0,960.0,4.7923,58.62
250.462,measure,4992.0,960.0,4.7923,58.56
250.562,measure,4992.0,960.0,4.7923,58.53
250.662,measure,4992.0,960.0,4.7923,58.56
250.762,measure,4992.0,960.0,4.7923,58.53
250.863,measure,4992.0,960.0,4.7923,58.72
250.963,measure,4992.0,960.0,4.7923,58.66
251.063,measure,4992.0,960.0,4.7923,58.62
251.163,measure,4992.0,960.0,4.7923,58.62
251.263,measure,4992.0,960.0,4.7923,58.59
251.363,measure,4992.0,960.0,4.7923,58.50
251.463,measure,4992.0,960.0,4.7923,58.53
251.564,measure,4992.0,960.0,4.7923,58.59
251.664,measure,4992.0,960.0,4.7923,58.53
251.764,measure,4992.0,960.0,4.7923,58.75
251.864,measure,4992.0,960.0,4.7923,58.72
251.964,measure,4992.0,960.0,4.7923,58.72
252.064,measure,4992.0,960.0,4.7923,58.66
252.165,measure,4992.0,960.0,4.7923,58.56
252.265,measure,4992.0,960.0,4.7923,58.59
252.365,measure,4992.0,960.0,4.7923,58.56
252.465,measure,4992.0,960.0,4.7923,58.62
252.565,measure,4992.0,960.0,4.7923,58.56
252.665,measure,4992.0,960.0,4.7923,58.78
252.765,measure,4992.0,960.0,4.7923,58.66
252.866,measure,4992.0,968.0,4.8323,58.69
252.966,measure,4992.0,960.0,4.7923,58.59
253.066,measure,4992.0,968.0,4.8323,58.56
253.166,measure,4992.0,968.0,4.8323,58.59
253.266,measure,4992.0,968.0,4.8323,58.53
253.366,measure,4992.0,968.0,4.8323,58.56
253.466,measure,4992.0,968.0,4.8323,58.56
253.567,measure,4992.0,968.0,4.8323,58.53
253.667,measure,4984.0,968.0,4.8245,58.69
253.767,measure,4984.0,976.0,4.8644,58.66
253.867,measure,4992.0,976.0,4.8722,58.56
253.967,measure,4984.0,976.0,4.8644,58.59
254.067,measure,4984.0,968.0,4.8245,58.62
254.167,measure,4992.0,968.0,4.8323,58.50
254.268,measure,4992.0,968.0,4.8323,58.59
254.368,measure,4992.0,968.0,4.8323,58.53
254.468,measure,4992.0,968.0,4.8323,58.66
254.568,measure,4992.0,968.0,4.8323,58.75
254.668,measure,4992.0,960.0,4.7923,58.69
254.768,measure,4992.0,960.0,4.7923,58.66
254.868,measure,4992.0,960.0,4.7923,58.56
254.969,measure,4992.0,960.0,4.7923,58.62
255.069,measure,4992.0,960.0,4.7923,58.66
255.169,measure,4992.0,960.0,4.7923,58.56
255.269,measure,4992.0,960.0,4.7923,58.59
255.369,measure,4992.0,960.0,4.7923,58.56
255.469,measure,4992.0,960.0,4.7923,58.72
255.569,measure,4992.0,960.0,4.7923,58.72
255.670,measure,4992.0,960.0,4.7923,58.66
255.770,measure,4992.0,968.0,4.8323,58.62
255.870,measure,4992.0,968.0,4.8323,58.62
255.970,measure,4992.0,960.0,4.7923,58.62
256.070,measure,4992.0,960.0,4.7923,58.56
256.170,measure,4992.0,960.0,4.7923,58.59
256.270,measure,4992.0,960.0,4.7923,58.53
256.371,measure,4992.0,960.0,4.7923,58.72
256.471,measure,4992.0,960.0,4.7923,58.72
256.571,measure,4992.0,960.0,4.7923,58.66
256.671,measure,4992.0,960.0,4.7923,58.62
256.771,measure,4992.0,960.0,4.7923,58.59
256.871,measure,4992.0,960.0,4.7923,58.62
256.972,measure,4992.0,960.0,4.7923,58.56
257.072,measure,4992.0,968.0,4.8323,58.56
257.172,measure,4992.0,960.0,4.7923,58.56
257.272,measure,4992.0,960.0,4.7923,58.78
257.372,measure,4992.0,960.0,4.7923,58.69
257.472,measure,4992.0,960.0,4.7923,58.62
257.572,measure,4992.0,960.0,4.7923,58.62
257.673,measure,4992.0,960.0,4.7923,58.62
257.773,measure,4992.0,960.0,4.7923,58.59
257.873,measure,4992.0,960.0,4.7923,58.56
257.973,measure,4992.0,960.0,4.7923,58.56
258.073,measure,4992.0,960.0,4.7923,58.56
258.173,measure,4992.0,960.0,4.7923,58.72
258.273,measure,4992.0,960.0,4.7923,58.69
258.374,measure,4992.0,960.0,4.7923,58.69
258.474,measure,4992.0,960.0,4.7923,58.62
258.574,measure,4992.0,960.0,4.7923,58.66
258.674,measure,4992.0,968.0,4.8323,58.53
258.774,measure,4992.0,960.0,4.7923,58.59
258.874,measure,4992.0,960.0,4.7923,58.62
258.974,measure,4992.0,960.0,4.7923,58.59
259.075,measure,4992.0,960.0,4.7923,58.69
259.175,measure,4992.0,960.0,4.7923,58.72
259.275,measure,4992.0,960.0,4.7923,58.66
259.375,measure,4992.0,960.0,4.7923,58.66
259.475,measure,4992.0,960.0,4.7923,58.62
259.575,measure,4992.0,960.0,4.7923,58.59
259.675,measure,4992.0,960.0,4.7923,58.50
259.776,measure,4992.0,960.0,4.7923,58.59
259.876,measure,4992.0,960.0,4.7923,58.50
259.976,measure,4992.0,960.0,4.7923,58.78
260.076,measure,4992.0,960.0,4.7923,58.75
260.176,measure,4992.0,960.0,4.7923,58.72
260.276,measure,4992.0,960.0,4.7923,58.66
260.377,measure,4992.0,960.0,4.7923,58.72
260.477,measure,4992.0,960.0,4.7923,58.50
260.577,measure,4992.0,960.0,4.7923,58.62
260.677,measure,4992.0,960.0,4.7923,58.56
260.777,measure,4992.0,960.0,4.7923,58.59
260.877,measure,4992.0,960.0,4.7923,58.84
260.977,measure,4992.0,960.0,4.7923,58.78
261.078,measure,4992.0,960.0,4.7923,58.75
261.178,measure,4992.0,960.0,4.7923,58.66
261.278,measure,4992.0,960.0,4.7923,58.59
261.378,measure,4992.0,960.0,4.7923,58.56
261.478,measure,4992.0,960.0,4.7923,58.53
261.578,measure,4992.0,960.0,4.7923,58.47
261.678,measure,4992.0,960.0,4.7923,58.53
261.779,measure,4992.0,960.0,4.7923,58.78
261.879,measure,4992.0,960.0,4.7923,58.78
261.979,measure,4992.0,960.0,4.7923,58.69
262.079,measure,4992.0,960.0,4.7923,58.62
262.179,measure,4992.0,960.0,4.7923,58.69
262.279,measure,4992.0,960.0,4.7923,58.59
262.379,measure,4992.0,960.0,4.7923,58.59
262.480,measure,4992.0,960.0,4.7923,58.56
262.580,measure,4992.0,960.0,4.7923,58.53
262.680,measure,4992.0,960.0,4.7923,58.84
262.780,measure,4992.0,960.0,4.7923,58.78
262.880,measure,4992.0,960.0,4.7923,58.75
262.980,measure,4992.0,960.0,4.7923,58.72
263.080,measure,4992.0,960.0,4.7923,58.62
263.181,measure,4992.0,960.0,4.7923,58.56
263.281,measure,4992.0,960.0,4.7923,58.50
263.381,measure,4992.0,960.0,4.7923,58.47
263.481,measure,4992.0,960.0,4.7923,58.56
263.581,measure,4992.0,960.0,4.7923,58.88
263.681,measure,4992.0,960.0,4.7923,58.78
263.781,measure,4992.0,960.0,4.7923,58.78
263.882,measure,4992.0,960.0,4.7923,58.59
263.982,measure,4992.0,960.0,4.7923,58.66
264.082,measure,4992.0,960.0,4.7923,58.59
264.182,measure,4992.0,960.0,4.7923,58.56
264.282,measure,4992.0,960.0,4.7923,58.50
264.382,measure,4992.0,960.0,4.7923,58.56
264.483,measure,4992.0,960.0,4.7923,58.53
264.583,measure,4992.0,960.0,4.7923,58.72
264.683,measure,4992.0,960.0,4.7923,58.75
264.784,measure,4992.0,960.0,4.7923,58.56
264.884,measure,4992.0,960.0,4.7923,58.62
264.984,measure,4992.0,960.0,4.7923,58.69
265.084,measure,4992.0,960.0,4.7923,58.62
265.184,measure,4992.0,960.0,4.7923,58.56
265.284,measure,4992.0,960.0,4.7923,58.53
265.384,measure,4992.0,960.0,4.7923,58.59
265.484,measure,4992.0,960.0,4.7923,58.78
265.585,measure,4992.0,960.0,4.7923,58.81
265.685,measure,4992.0,960.0,4.7923,58.72
265.785,measure,4992.0,968.0,4.8323,58.69
265.885,measure,4992.0,968.0,4.8323,58.69
265.985,measure,4992.0,968.0,4.8323,58.62
266.085,measure,4992.0,968.0,4.8323,58.62
266.185,measure,4992.0,960.0,4.7923,58.53
266.286,measure,4992.0,960.0,4.7923,58.59
266.386,measure,4992.0,960.0,4.7923,58.78
266.486,measure,4992.0,960.0,4.7923,58.81
266.586,measure,4992.0,960.0,4.7923,58.69
266.686,measure,4992.0,960.0,4.7923,58.59
266.786,measure,4992.0,960.0,4.7923,58.69
266.886,measure,4992.0,960.0,4.7923,58.62
266.987,measure,4992.0,960.0,4.7923,58.59
267.087,measure,4992.0,960.0,4.7923,58.56
267.187,measure,4992.0,960.0,4.7923,58.53
267.287,measure,4992.0,960.0,4.7923,58.53
267.387,measure,4992.0,960.0,4.7923,58.78
267.487,measure,4992.0,960.0,4.7923,58.78
267.588,measure,4992.0,960.0,4.7923,58.66
267.688,measure,4992.0,960.0,4.7923,58.66
267.788,measure,4992.0,960.0,4.7923,58.47
267.888,measure,4992.0,960.0,4.7923,58.66
267.988,measure,4992.0,960.0,4.7923,58.59
268.088,measure,4992.0,960.0,4.7923,58.59
268.188,measure,4992.0,960.0,4.7923,58.53
268.288,measure,4992.0,960.0,4.7923,58.78
268.389,measure,4992.0,960.0,4.7923,58.78
268.489,measure,4992.0,960.0,4.7923,58.59
268.589,measure,4992.0,960.0,4.7923,58.66
268.689,measure,4992.0,960.0,4.7923,58.56
268.789,measure,4992.0,960.0,4.7923,58.62
268.889,measure,4992.0,960.0,4.7923,58.53
268.989,measure,4992.0,960.0,4.7923,58.59
269.090,measure,4992.0,960.0,4.7923,58.50
269.190,measure,4992.0,960.0,4.7923,58.53
269.290,measure,4992.0,960.0,4.7923,58.75
269.390,measure,4992.0,960.0,4.7923,58.72
269.490,measure,4992.0,960.0,4.7923,58.66
269.590,measure,4992.0,968.0,4.8323,58.66
269.690,measure,4992.0,968.0,4.8323,58.59
269.791,measure,4992.0,968.0,4.8323,58.56
269.891,measure,4984.0,968.0,4.8245,58.59
269.991,measure,4984.0,968.0,4.8245,58.53
270.091,measure,4984.0,968.0,4.8245,58.53
270.191,measure,4984.0,976.0,4.8644,58.81
270.291,measure,4984.0,976.0,4.8644,58.72
270.391,measure,4984.0,976.0,4.8644,58.75
270.492,measure,4984.0,976.0,4.8644,58.66
270.592,measure,4984.0,976.0,4.8644,58.59
270.692,measure,4984.0,976.0,4.8644,58.53
270.792,measure,4984.0,976.0,4.8644,58.56
270.892,measure,4984.0,976.0,4.8644,58.62
270.992,measure,4992.0,968.0,4.8323,58.56
271.092,measure,4992.0,968.0,4.8323,58.69
271.193,measure,4992.0,968.0,4.8323,58.62
271.293,measure,4992.0,968.0,4.8323,58.69
271.393,measure,4992.0,960.0,4.7923,58.56
271.493,measure,4992.0,960.0,4.7923,58.62
271.593,measure,4992.0,960.0,4.7923,58.59
271.693,measure,4992.0,960.0,4.7923,58.53
271.793,measure,4992.0,960.0,4.7923,58.59
271.893,measure,4992.0,960.0,4.7923,58.56
271.994,measure,4992.0,960.0,4.7923,58.62
272.094,measure,4992.0,960.0,4.7923,58.72
272.194,measure,4992.0,960.0,4.7923,58.59
272.294,measure,4992.0,960.0,4.7923,58.56
272.394,measure,4992.0,960.0,4.7923,58.62
272.494,measure,4992.0,960.0,4.7923,58.62
272.594,measure,4992.0,960.0,4.7923,58.62
272.694,measure,4992.0,960.0,4.7923,58.53
272.795,measure,4992.0,960.0,4.7923,58.50
272.895,measure,4992.0,960.0,4.7923,58.78
272.995,measure,4992.0,960.0,4.7923,58.66
273.095,measure,4992.0,960.0,4.7923,58.59
273.195,measure,4992.0,960.0,4.7923,58.66
273.295,measure,4992.0,960.0,4.7923,58.62
273.395,measure,4992.0,960.0,4.7923,58.59
273.496,measure,4992.0,960.0,4.7923,58.53
273.596,measure,4992.0,960.0,4.7923,58.50
273.696,measure,4992.0,960.0,4.7923,58.56
273.796,measure,4992.0,960.0,4.7923,58.78
273.896,measure,4992.0,960.0,4.7923,58.72
273.996,measure,4992.0,960.0,4.7923,58.72
274.096,measure,4992.0,960.0,4.7923,58.62
274.196,measure,4992.0,960.0,4.7923,58.62
274.297,measure,4992.0,960.0,4.7923,58.59
274.397,measure,4992.0,960.0,4.7923,58.59
274.497,measure,4992.0,960.0,4.7923,58.47
274.597,measure,4992.0,960.0,4.7923,58.59
274.697,measure,4992.0,960.0,4.7923,58.75
274.797,measure,4992.0,960.0,4.7923,58.78
274.897,measure,4992.0,960.0,4.7923,58.69
274.998,measure,4992.0,960.0,4.7923,58.56
275.098,measure,4992.0,960.0,4.7923,58.59
275.198,measure,4992.0,960.0,4.7923,58.56
275.298,measure,4992.0,960.0,4.7923,58.56
275.398,measure,4992.0,960.0,4.7923,58.53
275.498,measure,4992.0,960.0,4.7923,58.56
275.598,measure,4992.0,960.0,4.7923,58.72
275.698,measure,4992.0,960.0,4.7923,58.81
275.799,measure,4992.0,960.0,4.7923,58.72
275.899,measure,4992.0,960.0,4.7923,58.72
275.999,measure,4992.0,960.0,4.7923,58.72
276.099,measure,4992.0,960.0,4.7923,58.62
276.199,measure,4992.0,960.0,4.7923,58.56
276.299,measure,4992.0,960.0,4.7923,58.56
276.399,measure,4992.0,960.0,4.7923,58.56
276.500,measure,4992.0,952.0,4.7524,58.78
276.600,measure,4992.0,952.0,4.7524,58.84
276.700,measure,4992.0,952.0,4.7524,58.66
276.800,measure,4992.0,960.0,4.7923,58.62
276.900,measure,4992.0,952.0,4.7524,58.66
277.000,measure,4992.0,952.0,4.7524,58.66
277.100,measure,4992.0,952.0,4.7524,58.59
277.200,measure,4992.0,952.0,4.7524,58.50
277.301,measure,4992.0,952.0,4.7524,58.50
277.401,measure,4992.0,952.0,4.7524,58.88
277.501,measure,4992.0,952.0,4.7524,58.72
277.601,measure,4992.0,952.0,4.7524,58.69
277.701,measure,4992.0,952.0,4.7524,58.69
277.801,measure,4992.0,952.0,4.7524,58.69
277.901,measure,4992.0,952.0,4.7524,58.62
278.001,measure,4992.0,952.0,4.7524,58.62
278.102,measure,4992.0,952.0,4.7524,58.56
278.202,measure,4992.0,952.0,4.7524,58.56
278.302,measure,4992.0,952.0,4.7524,58.75
278.402,measure,4992.0,952.0,4.7524,58.75
278.502,measure,4992.0,952.0,4.7524,58.69
278.602,measure,4992.0,952.0,4.7524,58.69
278.702,measure,4992.0,952.0,4.7524,58.59
278.803,measure,4992.0,952.0,4.7524,58.62
278.903,measure,4992.0,952.0,4.7524,58.59
279.003,measure,4992.0,952.0,4.7524,58.56
279.103,measure,4992.0,960.0,4.7923,58.50
279.203,measure,4992.0,960.0,4.7923,58.84
279.303,measure,4992.0,960.0,4.7923,58.78
279.403,measure,4992.0,952.0,4.7524,58.81
279.503,measure,4992.0,952.0,4.7524,58.69
279.604,measure,4992.0,952.0,4.7524,58.66
279.704,measure,4992.0,952.0,4.7524,58.59
279.804,measure,4992.0,952.0,4.7524,58.53
279.904,measure,4992.0,952.0,4.7524,58.59
280.004,measure,4992.0,952.0,4.7524,58.56
280.104,measure,4992.0,952.0,4.7524,58.81
280.204,measure,4992.0,952.0,4.7524,58.75
280.304,measure,4992.0,952.0,4.7524,58.72
280.405,measure,4992.0,952.0,4.7524,58.69
280.505,measure,4992.0,952.0,4.7524,58.66
280.605,measure,4992.0,952.0,4.7524,58.62
280.705,measure,4992.0,952.0,4.7524,58.59
280.805,measure,4992.0,952.0,4.7524,58.56
280.905,measure,4992.0,952.0,4.7524,58.62
281.006,measure,4992.0,952.0,4.7524,58.53
281.106,measure,4992.0,960.0,4.7923,58.75
281.206,measure,4992.0,952.0,4.7524,58.66
281.306,measure,4992.0,960.0,4.7923,58.62
281.406,measure,4992.0,960.0,4.7923,58.62
281.506,measure,4992.0,960.0,4.7923,58.69
281.606,measure,4992.0,960.0,4.7923,58.69
281.707,measure,4992.0,960.0,4.7923,58.69
281.807,measure,4992.0,960.0,4.7923,58.50
281.907,measure,4992.0,960.0,4.7923,58.56
282.007,measure,4992.0,960.0,4.7923,58.78
282.107,measure,4992.0,960.0,4.7923,58.69
282.207,measure,4992.0,960.0,4.7923,58.62
282.307,measure,4992.0,960.0,4.7923,58.69
282.408,measure,4992.0,960.0,4.7923,58.62
282.508,measure,4992.0,960.0,4.7923,58.62
282.608,measure,4992.0,960.0,4.7923,58.59
282.708,measure,4992.0,960.0,4.7923,58.59
282.808,measure,4992.0,960.0,4.7923,58.53
282.908,measure,4992.0,960.0,4.7923,58.81
283.008,measure,4992.0,960.0,4.7923,58.72
283.108,measure,4992.0,960.0,4.7923,58.66
283.209,measure,4992.0,960.0,4.7923,58.62
283.309,measure,4992.0,968.0,4.8323,58.59
283.409,measure,4992.0,960.0,4.7923,58.56
283.509,measure,4992.0,960.0,4.7923,58.56
283.609,measure,4992.0,960.0,4.7923,58.62
283.709,measure,4992.0,960.0,4.7923,58.56
283.809,measure,4992.0,960.0,4.7923,58.50
283.910,measure,4992.0,960.0,4.7923,58.72
284.010,measure,4992.0,960.0,4.7923,58.78
284.110,measure,4992.0,960.0,4.7923,58.72
284.210,measure,4992.0,960.0,4.7923,58.62
284.310,measure,4992.0,960.0,4.7923,58.59
284.410,measure,4992.0,960.0,4.7923,58.66
284.510,measure,4992.0,960.0,4.7923,58.62
284.611,measure,4992.0,960.0,4.7923,58.56
284.711,measure,4992.0,960.0,4.7923,58.50
284.811,measure,4992.0,960.0,4.7923,58.75
284.911,measure,4992.0,960.0,4.7923,58.72
285.011,measure,4992.0,960.0,4.7923,58.66
285.111,measure,4992.0,960.0,4.7923,58.66
285.211,measure,4992.0,968.0,4.8323,58.56
285.312,measure,4992.0,960.0,4.7923,58.59
285.412,measure,4992.0,960.0,4.7923,58.53
285.512,measure,4992.0,968.0,4.8323,58.53
285.612,measure,4992.0,960.0,4.7923,58.56
285.712,measure,4992.0,968.0,4.8323,58.75
285.812,measure,4992.0,968.0,4.8323,58.72
285.912,measure,4992.0,968.0,4.8323,58.66
286.012,measure,4992.0,968.0,4.8323,58.62
286.113,measure,4992.0,968.0,4.8323,58.56
286.213,measure,4992.0,968.0,4.8323,58.59
286.313,measure,4992.0,968.0,4.8323,58.59
286.413,measure,4984.0,968.0,4.8245,58.53
286.513,measure,4984.0,968.0,4.8245,58.78
286.613,measure,4984.0,976.0,4.8644,58.72
286.713,measure,4984.0,976.0,4.8644,58.78
286.814,measure,4984.0,976.0,4.8644,58.59
286.914,measure,4984.0,976.0,4.8644,58.62
287.014,measure,4984.0,976.0,4.8644,58.53
287.114,measure,4984.0,976.0,4.8644,58.62
287.214,measure,4984.0,976.0,4.8644,58.56
287.314,measure,4984.0,976.0,4.8644,58.56
287.414,measure,4984.0,976.0,4.8644,58.78
287.514,measure,4984.0,976.0,4.8644,58.75
287.615,measure,4984.0,976.0,4.8644,58.69
287.715,measure,4984.0,968.0,4.8245,58.66
287.815,measure,4984.0,968.0,4.8245,58.59
287.915,measure,4992.0,968.0,4.8323,58.59
288.015,measure,4992.0,968.0,4.8323,58.53
288.115,measure,4992.0,968.0,4.8323,58.59
288.215,measure,4992.0,960.0,4.7923,58.59
288.315,measure,4992.0,968.0,4.8323,58.69
288.416,measure,4992.0,968.0,4.8323,58.78
288.516,measure,4992.0,960.0,4.7923,58.75
288.616,measure,4992.0,960.0,4.7923,58.66
288.716,measure,4992.0,960.0,4.7923,58.66
288.816,measure,4992.0,960.0,4.7923,58.59
288.916,measure,4992.0,960.0,4.7923,58.59
289.016,measure,4992.0,960.0,4.7923,58.59
289.117,measure,4992.0,960.0,4.7923,58.50
289.217,measure,4992.0,960.0,4.7923,58.78
289.317,measure,4992.0,960.0,4.7923,58.81
289.417,measure,4992.0,960.0,4.7923,58.75
289.517,measure,4992.0,960.0,4.7923,58.66
289.617,measure,4992.0,960.0,4.7923,58.72
289.717,measure,4992.0,960.0,4.7923,58.66
289.817,measure,4984.0,968.0,4.8245,58.62
289.918,measure,4984.0,968.0,4.8245,58.62
290.018,measure,4984.0,968.0,4.8245,58.59
290.118,measure,4992.0,968.0,4.8323,58.84
290.218,measure,4992.0,960.0,4.7923,58.75
290.318,measure,4992.0,960.0,4.7923,58.72
290.418,measure,4992.0,960.0,4.7923,58.69
290.518,measure,4992.0,960.0,4.7923,58.66
290.619,measure,4992.0,960.0,4.7923,58.59
290.719,measure,4992.0,960.0,4.7923,58.66
290.819,measure,4992.0,960.0,4.7923,58.53
290.919,measure,4992.0,960.0,4.7923,58.50
291.019,measure,4992.0,960.0,4.7923,58.78
291.119,measure,4984.0,960.0,4.7846,58.72
291.219,measure,4992.0,960.0,4.7923,58.72
291.320,measure,4992.0,960.0,4.7923,58.66
291.420,measure,4992.0,960.0,4.7923,58.62
291.520,measure,4992.0,960.0,4.7923,58.66
291.620,measure,4992.0,960.0,4.7923,58.50
291.720,measure,4992.0,960.0,4.7923,58.59
291.820,measure,4992.0,960.0,4.7923,58.56
291.920,measure,4992.0,960.0,4.7923,58.78
292.020,measure,4992.0,960.0,4.7923,58.81
292.121,measure,4992.0,960.0,4.7923,58.78
292.221,measure,4992.0,960.0,4.7923,58.72
292.321,measure,4992.0,960.0,4.7923,58.66
292.421,measure,4992.0,960.0,4.7923,58.50
292.521,measure,4992.0,960.0,4.7923,58.56
292.621,measure,4992.0,960.0,4.7923,58.62
292.721,measure,4992.0,960.0,4.7923,58.59
292.821,measure,4992.0,960.0,4.7923,58.62
292.922,measure,4992.0,960.0,4.7923,58.75
293.022,measure,4992.0,960.0,4.7923,58.78
293.122,measure,4992.0,960.0,4.7923,58.66
293.222,measure,4992.0,960.0,4.7923,58.66
293.322,measure,4992.0,960.0,4.7923,58.59
293.422,measure,4992.0,960.0,4.7923,58.66
293.522,measure,4992.0,960.0,4.7923,58.56
293.623,measure,4992.0,960.0,4.7923,58.56
293.723,measure,4992.0,960.0,4.7923,58.50
293.823,measure,4992.0,960.0,4.7923,58.75
293.923,measure,4992.0,960.0,4.7923,58.69
294.023,measure,4992.0,960.0,4.7923,58.66
294.123,measure,4992.0,960.0,4.7923,58.66
294.223,measure,4992.0,960.0,4.7923,58.59
294.323,measure,4992.0,960.0,4.7923,58.56
294.424,measure,4992.0,960.0,4.7923,58.56
294.524,measure,4992.0,960.0,4.7923,58.59
294.624,measure,4992.0,960.0,4.7923,58.53
294.724,measure,4992.0,960.0,4.7923,58.56
294.824,measure,4992.0,960.0,4.7923,58.72
294.924,measure,4992.0,960.0,4.7923,58.78
295.024,measure,4992.0,960.0,4.7923,58.62
295.124,measure,4992.0,960.0,4.7923,58.69
295.225,measure,4992.0,952.0,4.7524,58.59
295.325,measure,4992.0,952.0,4.7524,58.56
295.425,measure,4992.0,952.0,4.7524,58.50
295.525,measure,4992.0,952.0,4.7524,58.50
295.625,measure,4992.0,952.0,4.7524,58.50
295.725,measure,4992.0,960.0,4.7923,58.69
295.825,measure,4992.0,952.0,4.7524,58.72
295.926,measure,4992.0,960.0,4.7923,58.72
296.026,measure,4992.0,960.0,4.7923,58.69
296.126,measure,4992.0,960.0,4.7923,58.62
296.226,measure,4992.0,952.0,4.7524,58.53
296.326,measure,4992.0,952.0,4.7524,58.53
296.426,measure,4992.0,952.0,4.7524,58.50
296.526,measure,4992.0,960.0,4.7923,58.56
296.626,measure,4992.0,960.0,4.7923,58.69
296.727,measure,4992.0,960.0,4.7923,58.72
296.827,measure,4992.0,960.0,4.7923,58.56
296.927,measure,4992.0,960.0,4.7923,58.69
297.027,measure,4992.0,960.0,4.7923,58.66
297.127,measure,4992.0,960.0,4.7923,58.53
297.227,measure,4992.0,952.0,4.7524,58.50
297.327,measure,4992.0,952.0,4.7524,58.53
297.428,measure,4992.0,952.0,4.7524,58.56
297.528,measure,4992.0,960.0,4.7923,58.75
297.628,measure,4992.0,960.0,4.7923,58.59
297.728,measure,4992.0,960.0,4.7923,58.66
297.828,measure,4992.0,960.0,4.7923,58.66
297.928,measure,4992.0,960.0,4.7923,58.59
298.028,measure,4992.0,952.0,4.7524,58.59
298.128,measure,4992.0,960.0,4.7923,58.69
298.229,measure,4992.0,960.0,4.7923,58.56
298.329,measure,4992.0,960.0,4.7923,58.62
298.429,measure,4992.0,960.0,4.7923,58.84
298.529,measure,4992.0,960.0,4.7923,58.72
298.629,measure,4992.0,960.0,4.7923,58.62
298.729,measure,4992.0,960.0,4.7923,58.59
298.829,measure,4992.0,960.0,4.7923,58.69
298.930,measure,4992.0,960.0,4.7923,58.56
299.030,measure,4992.0,960.0,4.7923,58.59
299.130,measure,4992.0,960.0,4.7923,58.53
299.230,measure,4992.0,960.0,4.7923,58.53
299.330,measure,4992.0,960.0,4.7923,58.78
299.430,measure,4992.0,960.0,4.7923,58.75
299.530,measure,4992.0,960.0,4.7923,58.59
299.630,measure,4992.0,960.0,4.7923,58.66
299.731,measure,4992.0,960.0,4.7923,58.59
299.831,measure,4992.0,960.0,4.7923,58.59
299.931,measure,4992.0,960.0,4.7923,58.66
300.031,measure,4992.0,960.0,4.7923,58.56
300.131,measure,4992.0,960.0,4.7923,58.59
300.231,measure,4992.0,960.0,4.7923,58.78
300.331,measure,4992.0,960.0,4.7923,58.81
300.432,measure,4992.0,960.0,4.7923,58.66
300.532,measure,4992.0,960.0,4.7923,58.66
300.632,measure,4992.0,960.0,4.7923,58.56
300.732,measure,4992.0,960.0,4.7923,58.59
300.832,measure,4992.0,960.0,4.7923,58.59
300.932,measure,4992.0,960.0,4.7923,58.59
301.032,measure,4992.0,960.0,4.7923,58.72
301.132,measure,4992.0,960.0,4.7923,58.81
301.233,measure,4992.0,960.0,4.7923,58.69
301.333,measure,4992.0,960.0,4.7923,58.66
301.433,measure,4992.0,960.0,4.7923,58.59
301.533,measure,4992.0,960.0,4.7923,58.66
301.633,measure,4992.0,960.0,4.7923,58.53
301.733,measure,4992.0,960.0,4.7923,58.56
301.833,measure,4992.0,960.0,4.7923,58.59
301.934,measure,4992.0,960.0,4.7923,58.62
302.034,measure,4992.0,960.0,4.7923,58.84
302.134,measure,4992.0,960.0,4.7923,58.75
302.234,measure,4992.0,960.0,4.7923,58.69
302.334,measure,4992.0,960.0,4.7923,58.72
302.434,measure,4992.0,960.0,4.7923,58.66
302.534,measure,4992.0,960.0,4.7923,58.56
302.634,measure,4992.0,960.0,4.7923,58.66
302.735,measure,4992.0,960.0,4.7923,58.59
302.835,measure,4992.0,960.0,4.7923,58.88
302.935,measure,4992.0,968.0,4.8323,58.81
303.035,measure,4992.0,968.0,4.8323,58.72
303.135,measure,4992.0,968.0,4.8323,58.69
303.235,measure,4992.0,968.0,4.8323,58.69
303.335,measure,4992.0,968.0,4.8323,58.59
303.436,measure,4992.0,968.0,4.8323,58.56
303.536,measure,4984.0,976.0,4.8644,58.56
303.636,measure,4984.0,976.0,4.8644,58.59
303.736,measure,4984.0,976.0,4.8644,58.59
303.836,measure,4984.0,976.0,4.8644,58.81
303.936,measure,4984.0,976.0,4.8644,58.78
304.036,measure,4984.0,976.0,4.8644,58.69
304.136,measure,4984.0,976.0,4.8644,58.66
304.237,measure,4984.0,968.0,4.8245,58.62
304.337,measure,4984.0,968.0,4.8245,58.69
304.437,measure,4992.0,968.0,4.8323,58.62
304.537,measure,4992.0,968.0,4.8323,58.56
304.637,measure,4992.0,968.0,4.8323,58.59
304.737,measure,4992.0,968.0,4.8323,58.84
304.837,measure,4992.0,960.0,4.7923,58.78
304.938,measure,4992.0,960.0,4.7923,58.78
305.038,measure,4992.0,960.0,4.7923,58.69
305.138,measure,4992.0,960.0,4.7923,58.66
305.238,measure,4992.0,960.0,4.7923,58.62
305.338,measure,4992.0,960.0,4.7923,58.62
305.438,measure,4992.0,960.0,4.7923,58.56
305.538,measure,4992.0,960.0,4.7923,58.59
305.639,measure,4992.0,960.0,4.7923,58.84
305.739,measure,4992.0,960.0,4.7923,58.81
305.839,measure,4992.0,960.0,4.7923,58.94
305.939,measure,4992.0,960.0,4.7923,58.69
306.039,measure,4992.0,960.0,4.7923,58.62
306.139,measure,4992.0,960.0,4.7923,58.62
306.240,measure,4992.0,960.0,4.7923,58.56
306.340,measure,4992.0,960.0,4.7923,58.59
306.440,measure,4992.0,960.0,4.7923,58.56
306.540,measure,4992.0,960.0,4.7923,58.59
306.640,measure,4992.0,960.0,4.7923,58.81
306.740,measure,4992.0,968.0,4.8323,58.75
306.840,measure,4992.0,968.0,4.8323,58.66
306.941,measure,4992.0,968.0,4.8323,58.69
307.041,measure,4992.0,960.0,4.7923,58.69
307.141,measure,4992.0,960.0,4.7923,58.59
307.241,measure,4992.0,960.0,4.7923,58.66
307.341,measure,4992.0,960.0,4.7923,58.66
307.441,measure,4992.0,960.0,4.7923,58.62
307.541,measure,4992.0,960.0,4.7923,58.81
307.641,measure,4992.0,960.0,4.7923,58.72
307.742,measure,4992.0,960.0,4.7923,58.75
307.842,measure,4992.0,960.0,4.7923,58.72
307.942,measure,4992.0,960.0,4.7923,58.69
308.042,measure,4992.0,960.0,4.7923,58.59
308.142,measure,4992.0,960.0,4.7923,58.66
308.242,measure,4992.0,960.0,4.7923,58.62
308.342,measure,4992.0,960.0,4.7923,58.62
308.442,measure,4992.0,960.0,4.7923,58.50
308.543,measure,4992.0,960.0,4.7923,58.72
308.643,measure,4992.0,960.0,4.7923,58.69
308.743,measure,4992.0,960.0,4.7923,58.69
308.843,measure,4992.0,968.0,4.8323,58.62
308.943,measure,4992.0,968.0,4.8323,58.62
309.043,measure,4992.0,968.0,4.8323,58.62
309.143,measure,4992.0,968.0,4.8323,58.62
309.244,measure,4992.0,960.0,4.7923,58.56
309.344,measure,4992.0,960.0,4.7923,58.53
309.444,measure,4992.0,960.0,4.7923,58.69
309.544,measure,4992.0,960.0,4.7923,58.78
309.644,measure,4992.0,960.0,4.7923,58.78
309.744,measure,4992.0,960.0,4.7923,58.66
309.844,measure,4992.0,960.0,4.7923,58.62
309.944,measure,4992.0,960.0,4.7923,58.66
310.045,measure,4992.0,960.0,4.7923,58.56
310.145,measure,4992.0,960.0,4.7923,58.53
310.245,measure,4992.0,960.0,4.7923,58.75
310.345,measure,4992.0,960.0,4.7923,58.81
310.445,measure,4992.0,960.0,4.7923,58.75
310.545,measure,4992.0,960.0,4.7923,58.69
310.645,measure,4992.0,960.0,4.7923,58.66
310.745,measure,4992.0,960.0,4.7923,58.66
310.846,measure,4992.0,960.0,4.7923,58.66
310.946,measure,4992.0,960.0,4.7923,58.62
311.046,measure,4992.0,960.0,4.7923,58.56
311.146,measure,4992.0,960.0,4.7923,58.81
311.246,measure,4992.0,960.0,4.7923,58.75
311.346,measure,4992.0,960.0,4.7923,58.78
311.446,measure,4992.0,960.0,4.7923,58.62
311.546,measure,4992.0,960.0,4.7923,58.69
311.647,measure,4992.0,960.0,4.7923,58.66
311.747,measure,4992.0,960.0,4.7923,58.66
311.847,measure,4992.0,960.0,4.7923,58.62
311.947,measure,4992.0,960.0,4.7923,58.69
312.047,measure,4992.0,960.0,4.7923,58.75
312.147,measure,4992.0,960.0,4.7923,58.78
312.247,measure,4992.0,960.0,4.7923,58.72
312.348,measure,4992.0,960.0,4.7923,58.72
312.448,measure,4992.0,960.0,4.7923,58.69
312.548,measure,4992.0,960.0,4.7923,58.69
312.648,measure,4992.0,960.0,4.7923,58.62
312.748,measure,4992.0,960.0,4.7923,58.59
312.848,measure,4992.0,960.0,4.7923,58.56
312.948,measure,4992.0,960.0,4.7923,58.75
313.048,measure,4992.0,960.0,4.7923,58.78
313.149,measure,4992.0,960.0,4.7923,58.72
313.249,measure,4992.0,960.0,4.7923,58.72
313.349,measure,4992.0,960.0,4.7923,58.62
313.449,measure,4992.0,960.0,4.7923,58.62
313.549,measure,4992.0,960.0,4.7923,58.62
313.649,measure,4992.0,960.0,4.7923,58.59
313.749,measure,4992.0,960.0,4.7923,58.59
313.849,measure,4992.0,960.0,4.7923,58.81
313.950,measure,4992.0,960.0,4.7923,58.78
314.050,measure,4992.0,960.0,4.7923,58.75
314.150,measure,4992.0,960.0,4.7923,58.66
314.250,measure,4992.0,960.0,4.7923,58.66
314.350,measure,4992.0,960.0,4.7923,58.69
314.450,measure,4992.0,960.0,4.7923,58.62
314.550,measure,4992.0,960.0,4.7923,58.59
314.650,measure,4992.0,960.0,4.7923,58.59
314.751,measure,4992.0,960.0,4.7923,58.78
314.851,measure,4992.0,960.0,4.7923,58.88
314.951,measure,4992.0,960.0,4.7923,58.75
315.051,measure,4992.0,960.0,4.7923,58.78
315.151,measure,4992.0,960.0,4.7923,58.62
315.251,measure,4992.0,960.0,4.7923,58.62
315.351,measure,4992.0,960.0,4.7923,58.66
315.451,measure,4992.0,960.0,4.7923,58.62
315.552,measure,4992.0,960.0,4.7923,58.59
315.652,measure,4992.0,960.0,4.7923,58.56
315.752,measure,4992.0,968.0,4.8323,58.81
315.852,measure,4992.0,968.0,4.8323,58.81
315.952,measure,4992.0,968.0,4.8323,58.66
316.052,measure,4992.0,968.0,4.8323,58.66
316.152,measure,4992.0,968.0,4.8323,58.62
316.253,measure,4992.0,968.0,4.8323,58.66
316.353,measure,4992.0,960.0,4.7923,58.62
316.453,measure,4992.0,960.0,4.7923,58.59
316.553,measure,4992.0,960.0,4.7923,58.84
316.653,measure,4992.0,960.0,4.7923,58.84
316.753,measure,4992.0,960.0,4.7923,58.81
316.853,measure,4992.0,960.0,4.7923,58.75
316.953,measure,4992.0,960.0,4.7923,58.75
317.054,measure,4992.0,960.0,4.7923,58.62
317.154,measure,4992.0,960.0,4.7923,58.62
317.254,measure,4992.0,960.0,4.7923,58.59
317.354,measure,4992.0,960.0,4.7923,58.62
317.454,measure,4992.0,960.0,4.7923,58.56
317.554,measure,4992.0,960.0,4.7923,58.81
317.654,measure,4992.0,960.0,4.7923,58.78
317.755,measure,4992.0,960.0,4.7923,58.66
317.855,measure,4992.0,960.0,4.7923,58.69
317.955,measure,4992.0,960.0,4.7923,58.62
318.055,measure,4992.0,960.0,4.7923,58.66
318.155,measure,4992.0,960.0,4.7923,58.62
318.255,measure,4992.0,960.0,4.7923,58.59
318.355,measure,4992.0,960.0,4.7923,58.66
318.455,measure,4992.0,960.0,4.7923,58.81
318.556,measure,4992.0,960.0,4.7923,58.84
318.656,measure,4992.0,960.0,4.7923,58.72
318.756,measure,4992.0,960.0,4.7923,58.69
318.856,measure,4992.0,960.0,4.7923,58.59
318.956,measure,4992.0,960.0,4.7923,58.66
319.056,measure,4992.0,968.0,4.8323,58.59
319.156,measure,4992.0,968.0,4.8323,58.62
319.256,measure,4992.0,968.0,4.8323,58.62
319.357,measure,4992.0,968.0,4.8323,58.88
319.457,measure,4992.0,968.0,4.8323,58.81
319.557,measure,4992.0,968.0,4.8323,58.75
319.657,measure,4992.0,968.0,4.8323,58.72
319.757,measure,4992.0,968.0,4.8323,58.69
319.857,measure,4992.0,968.0,4.8323,58.75
319.957,measure,4992.0,968.0,4.8323,58.62
320.057,measure,4984.0,976.0,4.8644,58.59
320.158,measure,4984.0,976.0,4.8644,58.59
320.258,measure,4984.0,976.0,4.8644,58.81
320.358,measure,4984.0,976.0,4.8644,58.78
320.458,measure,4984.0,976.0,4.8644,58.72
320.558,measure,4984.0,976.0,4.8644,58.66
320.658,measure,4984.0,976.0,4.8644,58.66
320.758,measure,4984.0,976.0,4.8644,58.69
320.859,measure,4984.0,976.0,4.8644,58.62
320.959,measure,4984.0,968.0,4.8245,58.69
321.059,measure,4984.0,968.0,4.8245,58.56
321.159,measure,4984.0,968.0,4.8245,58.66
321.259,measure,4992.0,968.0,4.8323,58.75
321.359,measure,4992.0,968.0,4.8323,58.78
321.459,measure,4992.0,968.0,4.8323,58.66
321.559,measure,4992.0,960.0,4.7923,58.62
321.660,measure,4992.0,960.0,4.7923,58.62
321.760,measure,4992.0,960.0,4.7923,58.69
321.860,measure,4992.0,960.0,4.7923,58.59
321.960,measure,4992.0,960.0,4.7923,58.56
322.060,measure,4992.0,960.0,4.7923,58.62
322.160,measure,4992.0,960.0,4.7923,58.78
322.260,measure,4992.0,960.0,4.7923,58.78
322.360,measure,4992.0,960.0,4.7923,58.69
322.461,measure,4992.0,960.0,4.7923,58.66
322.561,measure,4992.0,960.0,4.7923,58.69
322.661,measure,4992.0,960.0,4.7923,58.66
322.761,measure,4992.0,960.0,4.7923,58.62
322.861,measure,4992.0,960.0,4.7923,58.62
322.961,measure,4992.0,960.0,4.7923,58.81
323.061,measure,4992.0,960.0,4.7923,58.78
323.161,measure,4992.0,960.0,4.7923,58.75
323.262,measure,4992.0,960.0,4.7923,58.69
323.362,measure,4992.0,960.0,4.7923,58.78
323.462,measure,4992.0,960.0,4.7923,58.66
323.562,measure,4992.0,960.0,4.7923,58.66
323.662,measure,4992.0,960.0,4.7923,58.62
323.762,measure,4992.0,960.0,4.7923,58.59
323.862,measure,4992.0,960.0,4.7923,58.84
323.963,measure,4992.0,960.0,4.7923,58.84
324.063,measure,4992.0,960.0,4.7923,58.69
324.163,measure,4992.0,960.0,4.7923,58.69
324.263,measure,4992.0,960.0,4.7923,58.59
324.363,measure,4992.0,960.0,4.7923,58.59
324.463,measure,4992.0,960.0,4.7923,58.62
324.563,measure,4992.0,960.0,4.7923,58.62
324.663,measure,4992.0,960.0,4.7923,58.59
324.764,measure,4992.0,960.0,4.7923,58.81
324.864,measure,4992.0,960.0,4.7923,58.75
324.964,measure,4992.0,960.0,4.7923,58.81
325.064,measure,4992.0,960.0,4.7923,58.66
325.164,measure,4992.0,960.0,4.7923,58.62
325.264,measure,4992.0,960.0,4.7923,58.59
325.364,measure,4992.0,960.0,4.7923,58.66
325.464,measure,4992.0,960.0,4.7923,58.66
325.565,measure,4992.0,960.0,4.7923,58.59
325.665,measure,4992.0,960.0,4.7923,58.81
325.765,measure,4992.0,960.0,4.7923,58.72
325.865,measure,4992.0,960.0,4.7923,58.78
325.965,measure,4992.0,960.0,4.7923,58.72
326.065,measure,4992.0,960.0,4.7923,58.59
326.165,measure,4992.0,960.0,4.7923,58.56
326.265,measure,4992.0,960.0,4.7923,58.59
326.366,measure,4992.0,960.0,4.7923,58.59
326.466,measure,4992.0,960.0,4.7923,58.62
326.566,measure,4992.0,960.0,4.7923,58.94
326.666,measure,4992.0,960.0,4.7923,58.81
326.766,measure,4992.0,960.0,4.7923,58.75
326.866,measure,4992.0,960.0,4.7923,58.62
326.966,measure,4992.0,960.0,4.7923,58.72
327.066,measure,4992.0,952.0,4.7524,58.62
327.167,measure,4992.0,952.0,4.7524,58.62
327.267,measure,4992.0,960.0,4.7923,58.62
327.367,measure,4992.0,960.0,4.7923,58.62
327.467,measure,4992.0,960.0,4.7923,58.81
327.567,measure,4992.0,952.0,4.7524,58.81
327.667,measure,4992.0,952.0,4.7524,58.78
327.767,measure,4992.0,952.0,4.7524,58.69
327.867,measure,4992.0,952.0,4.7524,58.72
327.968,measure,4992.0,952.0,4.7524,58.62
328.068,measure,4992.0,952.0,4.7524,58.66
328.168,measure,4992.0,952.0,4.7524,58.59
328.268,measure,4992.0,952.0,4.7524,58.69
328.368,measure,4992.0,952.0,4.7524,58.81
328.468,measure,4992.0,952.0,4.7524,58.84
328.568,measure,4992.0,952.0,4.7524,58.66
328.669,measure,4992.0,952.0,4.7524,58.81
328.769,measure,4992.0,952.0,4.7524,58.66
328.869,measure,4992.0,960.0,4.7923,58.59
328.969,measure,4992.0,960.0,4.7923,58.69
329.069,measure,4992.0,960.0,4.7923,58.62
329.169,measure,4992.0,952.0,4.7524,58.62
329.269,measure,4992.0,960.0,4.7923,58.62
329.370,measure,4992.0,960.0,4.7923,58.88
329.470,measure,4992.0,952.0,4.7524,58.72
329.570,measure,4992.0,952.0,4.7524,58.72
329.670,measure,4992.0,960.0,4.7923,58.72
329.770,measure,4992.0,960.0,4.7923,58.69
329.870,measure,4992.0,960.0,4.7923,58.59
329.970,measure,4992.0,960.0,4.7923,58.62
330.070,measure,4992.0,960.0,4.7923,58.66
330.171,measure,4992.0,960.0,4.7923,58.62
330.271,measure,4992.0,960.0,4.7923,58.88
330.371,measure,4992.0,960.0,4.7923,58.78
330.471,measure,4992.0,960.0,4.7923,58.66
330.571,measure,4992.0,960.0,4.7923,58.69
330.671,measure,4992.0,960.0,4.7923,58.69
330.771,measure,4992.0,960.0,4.7923,58.62
330.872,measure,4992.0,960.0,4.7923,58.66
330.972,measure,4992.0,960.0,4.7923,58.59
331.072,measure,4992.0,960.0,4.7923,58.59
331.172,measure,4992.0,960.0,4.7923,58.84
331.272,measure,4992.0,960.0,4.7923,58.78
331.372,measure,4992.0,960.0,4.7923,58.72
331.472,measure,4992.0,960.0,4.7923,58.72
331.573,measure,4992.0,960.0,4.7923,58.62
331.673,measure,4992.0,960.0,4.7923,58.69
331.773,measure,4992.0,960.0,4.7923,58.69
331.873,measure,4992.0,960.0,4.7923,58.59
331.973,measure,4992.0,960.0,4.7923,58.59
332.073,measure,4992.0,960.0,4.7923,58.56
332.173,measure,4992.0,960.0,4.7923,58.72
332.274,measure,4992.0,960.0,4.7923,58.75
332.374,measure,4992.0,960.0,4.7923,58.78
332.474,measure,4992.0,960.0,4.7923,58.66
332.574,measure,4992.0,960.0,4.7923,58.72
332.674,measure,4992.0,960.0,4.7923,58.66
332.774,measure,4992.0,960.0,4.7923,58.69
332.874,measure,4992.0,960.0,4.7923,58.59
332.975,measure,4992.0,960.0,4.7923,58.62
333.075,measure,4992.0,960.0,4.7923,58.75
333.175,measure,4992.0,960.0,4.7923,58.72
333.275,measure,4992.0,960.0,4.7923,58.72
333.375,measure,4992.0,968.0,4.8323,58.69
333.475,measure,4992.0,968.0,4.8323,58.66
333.575,measure,4992.0,968.0,4.8323,58.66
333.676,measure,4992.0,960.0,4.7923,58.59
333.776,measure,4992.0,960.0,4.7923,58.66
333.876,measure,4992.0,960.0,4.7923,58.59
333.976,measure,4992.0,960.0,4.7923,58.81
334.076,measure,4992.0,968.0,4.8323,58.78
334.176,measure,4992.0,960.0,4.7923,58.72
334.276,measure,4992.0,960.0,4.7923,58.69
334.377,measure,4992.0,968.0,4.8323,58.72
334.477,measure,4992.0,960.0,4.7923,58.66
334.577,measure,4992.0,960.0,4.7923,58.59
334.677,measure,4992.0,960.0,4.7923,58.62
334.777,measure,4992.0,960.0,4.7923,58.62
334.877,measure,4992.0,960.0,4.7923,58.78
334.977,measure,4992.0,960.0,4.7923,58.69
335.077,measure,4992.0,960.0,4.7923,58.66
335.178,measure,4992.0,960.0,4.7923,58.69
335.278,measure,4992.0,960.0,4.7923,58.72
335.378,measure,4992.0,960.0,4.7923,58.59
335.478,measure,4992.0,960.0,4.7923,58.66
335.578,measure,4992.0,968.0,4.8323,58.50
335.678,measure,4992.0,968.0,4.8323,58.56
335.778,measure,4992.0,968.0,4.8323,58.72
335.879,measure,4992.0,968.0,4.8323,58.75
335.979,measure,4992.0,968.0,4.8323,58.75
336.079,measure,4992.0,968.0,4.8323,58.69
336.179,measure,4992.0,968.0,4.8323,58.66
336.279,measure,4992.0,968.0,4.8323,58.66
336.379,measure,4992.0,968.0,4.8323,58.62
336.479,measure,4992.0,968.0,4.8323,58.62
336.580,measure,4992.0,968.0,4.8323,58.62
336.680,measure,4984.0,976.0,4.8644,58.75
336.780,measure,4984.0,976.0,4.8644,58.72
336.880,measure,4984.0,976.0,4.8644,58.69
336.980,measure,4984.0,976.0,4.8644,58.69
337.080,measure,4984.0,976.0,4.8644,58.62
337.180,measure,4984.0,976.0,4.8644,58.56
337.280,measure,4984.0,976.0,4.8644,58.66
337.381,measure,4984.0,976.0,4.8644,58.50
337.481,measure,4984.0,976.0,4.8644,58.59
337.581,measure,4992.0,976.0,4.8722,58.81
337.681,measure,4992.0,968.0,4.8323,58.81
337.781,measure,4992.0,968.0,4.8323,58.78
337.881,measure,4992.0,968.0,4.8323,58.69
337.981,measure,4992.0,968.0,4.8323,58.69
338.082,measure,4992.0,968.0,4.8323,58.62
338.182,measure,4992.0,968.0,4.8323,58.59
338.282,measure,4992.0,960.0,4.7923,58.59
338.382,measure,4992.0,960.0,4.7923,58.56
338.482,measure,4992.0,968.0,4.8323,58.72
338.582,measure,4992.0,960.0,4.7923,58.75
338.682,measure,4992.0,960.0,4.7923,58.66
338.782,measure,4992.0,960.0,4.7923,58.78
338.883,measure,4992.0,960.0,4.7923,58.69
338.983,measure,4992.0,960.0,4.7923,58.62
339.083,measure,4992.0,960.0,4.7923,58.72
339.183,measure,4992.0,960.0,4.7923,58.62
339.283,measure,4992.0,960.0,4.7923,58.81
339.383,measure,4992.0,960.0,4.7923,58.84
339.483,measure,4992.0,960.0,4.7923,58.78
339.584,measure,4992.0,960.0,4.7923,58.72
339.684,measure,4992.0,960.0,4.7923,58.69
339.784,measure,4992.0,960.0,4.7923,58.72
339.884,measure,4992.0,960.0,4.7923,58.69
339.984,measure,4992.0,960.0,4.7923,58.59
340.084,measure,4992.0,960.0,4.7923,58.62
340.184,measure,4992.0,960.0,4.7923,58.66
340.284,measure,4992.0,960.0,4.7923,58.78
340.385,measure,4992.0,960.0,4.7923,58.84
340.485,measure,4992.0,960.0,4.7923,58.72
340.585,measure,4992.0,960.0,4.7923,58.69
340.685,measure,4992.0,960.0,4.7923,58.69
340.785,measure,4992.0,960.0,4.7923,58.59
340.885,measure,4992.0,960.0,4.7923,58.66
340.985,measure,4992.0,960.0,4.7923,58.62
341.085,measure,4992.0,960.0,4.7923,58.66
341.186,measure,4992.0,960.0,4.7923,58.94
341.286,measure,4992.0,960.0,4.7923,58.75
341.386,measure,4992.0,960.0,4.7923,58.81
341.486,measure,4992.0,960.0,4.7923,58.75
341.586,measure,4992.0,960.0,4.7923,58.59
341.686,measure,4992.0,960.0,4.7923,58.69
341.786,measure,4992.0,960.0,4.7923,58.59
341.886,measure,4992.0,960.0,4.7923,58.62
341.987,measure,4992.0,960.0,4.7923,58.59
342.087,measure,4992.0,960.0,4.7923,58.88
342.187,measure,4992.0,960.0,4.7923,58.84
342.287,measure,4992.0,960.0,4.7923,58.72
342.387,measure,4992.0,960.0,4.7923,58.75
342.487,measure,4992.0,960.0,4.7923,58.62
342.587,measure,4992.0,960.0,4.7923,58.66
342.687,measure,4992.0,960.0,4.7923,58.62
342.788,measure,4992.0,960.0,4.7923,58.66
342.888,measure,4992.0,960.0,4.7923,58.66
342.988,measure,4992.0,960.0,4.7923,58.56
343.088,measure,4992.0,960.0,4.7923,58.91
343.188,measure,4992.0,960.0,4.7923,58.72
343.288,measure,4992.0,960.0,4.7923,58.69
343.388,measure,4992.0,960.0,4.7923,58.62
343.488,measure,4992.0,960.0,4.7923,58.69
343.589,measure,4992.0,960.0,4.7923,58.62
343.689,measure,4992.0,960.0,4.7923,58.62
343.789,measure,4992.0,960.0,4.7923,58.66
343.889,measure,4992.0,960.0,4.7923,58.56
343.989,measure,4992.0,960.0,4.7923,58.88
344.089,measure,4992.0,960.0,4.7923,58.75
344.189,measure,4992.0,952.0,4.7524,58.84
344.290,measure,4992.0,960.0,4.7923,58.72
344.390,measure,4992.0,952.0,4.7524,58.72
344.490,measure,4992.0,952.0,4.7524,58.69
344.590,measure,4992.0,960.0,4.7923,58.59
344.690,measure,4992.0,960.0,4.7923,58.59
344.790,measure,4992.0,960.0,4.7923,58.62
344.891,measure,4992.0,960.0,4.7923,58.91
344.991,measure,4992.0,960.0,4.7923,58.75
345.091,measure,4992.0,960.0,4.7923,58.78
345.191,measure,4992.0,960.0,4.7923,58.75
345.291,measure,4992.0,960.0,4.7923,58.69
345.391,measure,4992.0,960.0,4.7923,58.66
345.491,measure,4992.0,960.0,4.7923,58.66
345.592,measure,4992.0,960.0,4.7923,58.62
345.692,measure,4992.0,960.0,4.7923,58.56
345.792,measure,4992.0,960.0,4.7923,58.81
345.892,measure,4992.0,960.0,4.7923,58.84
345.992,measure,4992.0,960.0,4.7923,58.75
346.092,measure,4992.0,960.0,4.7923,58.72
346.192,measure,4992.0,952.0,4.7524,58.66
346.292,measure,4992.0,952.0,4.7524,58.69
346.393,measure,4992.0,952.0,4.7524,58.62
346.493,measure,4992.0,952.0,4.7524,58.56
346.593,measure,4992.0,952.0,4.7524,58.66
346.693,measure,4992.0,960.0,4.7923,58.59
346.793,measure,4992.0,960.0,4.7923,58.72
346.893,measure,4992.0,960.0,4.7923,58.75
346.993,measure,4992.0,960.0,4.7923,58.69
347.094,measure,4992.0,960.0,4.7923,58.66
347.194,measure,4992.0,960.0,4.7923,58.66
347.294,measure,4992.0,960.0,4.7923,58.69
347.394,measure,4992.0,960.0,4.7923,58.59
347.494,measure,4992.0,960.0,4.7923,58.59
347.594,measure,4992.0,960.0,4.7923,58.75
347.694,measure,4992.0,960.0,4.7923,58.78
347.795,measure,4992.0,960.0,4.7923,58.72
347.895,measure,4992.0,960.0,4.7923,58.72
347.995,measure,4992.0,960.0,4.7923,58.62
348.095,measure,4992.0,960.0,4.7923,58.66
348.195,measure,4992.0,960.0,4.7923,58.69
348.295,measure,4992.0,960.0,4.7923,58.66
348.395,measure,4992.0,960.0,4.7923,58.66
348.496,measure,4992.0,960.0,4.7923,58.81
348.596,measure,4992.0,960.0,4.7923,58.78
348.696,measure,4992.0,960.0,4.7923,58.78
348.796,measure,4992.0,960.0,4.7923,58.78
348.896,measure,4992.0,960.0,4.7923,58.75
348.996,measure,4992.0,960.0,4.7923,58.59
349.096,measure,4992.0,960.0,4.7923,58.56
349.196,measure,4992.0,960.0,4.7923,58.72
349.297,measure,4992.0,960.0,4.7923,58.62
349.397,measure,4992.0,960.0,4.7923,58.81
349.497,measure,4992.0,960.0,4.7923,58.78
349.597,measure,4992.0,960.0,4.7923,58.81
349.697,measure,4992.0,960.0,4.7923,58.78
349.797,measure,4992.0,960.0,4.7923,58.75
349.897,measure,4992.0,960.0,4.7923,58.66
349.998,measure,4992.0,960.0,4.7923,58.69
350.098,measure,4992.0,960.0,4.7923,58.69
350.198,measure,4992.0,960.0,4.7923,58.56
350.298,measure,4992.0,960.0,4.7923,58.88
350.398,measure,4992.0,960.0,4.7923,58.75
350.498,measure,4992.0,960.0,4.7923,58.81
350.598,measure,4992.0,960.0,4.7923,58.75
350.699,measure,4992.0,960.0,4.7923,58.72
350.799,measure,4992.0,960.0,4.7923,58.62
350.899,measure,4992.0,960.0,4.7923,58.56
350.999,measure,4992.0,960.0,4.7923,58.62
351.099,measure,4992.0,960.0,4.7923,58.59
351.199,measure,4992.0,960.0,4.7923,58.84
351.299,measure,4992.0,960.0,4.7923,58.84
351.399,measure,4992.0,960.0,4.7923,58.75
351.500,measure,4992.0,960.0,4.7923,58.69
351.600,measure,4992.0,960.0,4.7923,58.75
351.700,measure,4992.0,960.0,4.7923,58.56
351.800,measure,4992.0,960.0,4.7923,58.69
351.900,measure,4992.0,960.0,4.7923,58.66
352.000,measure,4992.0,960.0,4.7923,58.62
352.100,measure,4992.0,960.0,4.7923,58.84
352.201,measure,4992.0,960.0,4.7923,58.81
352.301,measure,4992.0,960.0,4.7923,58.75
352.401,measure,4992.0,960.0,4.7923,58.75
352.501,measure,4992.0,960.0,4.7923,58.72
352.601,measure,4992.0,960.0,4.7923,58.66
352.701,measure,4992.0,960.0,4.7923,58.69
352.801,measure,4992.0,960.0,4.7923,58.59
352.902,measure,4992.0,968.0,4.8323,58.62
353.002,measure,4992.0,968.0,4.8323,58.94
353.102,measure,4992.0,968.0,4.8323,58.78
353.202,measure,4992.0,968.0,4.8323,58.81
353.302,measure,4992.0,968.0,4.8323,58.75
353.402,measure,4992.0,968.0,4.8323,58.78
353.502,measure,4992.0,968.0,4.8323,58.72
353.603,measure,4984.0,976.0,4.8644,58.69
353.703,measure,4992.0,976.0,4.8722,58.66
353.803,measure,4984.0,976.0,4.8644,58.69
353.903,measure,4992.0,976.0,4.8722,58.84
354.003,measure,4992.0,976.0,4.8722,58.84
354.103,measure,4992.0,976.0,4.8722,58.78
354.203,measure,4992.0,968.0,4.8323,58.72
354.304,measure,4992.0,968.0,4.8323,58.69
354.404,measure,4992.0,968.0,4.8323,58.66
354.504,measure,4992.0,968.0,4.8323,58.69
354.604,measure,4992.0,960.0,4.7923,58.66
354.704,measure,4992.0,960.0,4.7923,58.62
354.804,measure,4992.0,960.0,4.7923,58.66
354.904,measure,4992.0,968.0,4.8323,58.91
355.005,measure,4992.0,960.0,4.7923,58.78
355.105,measure,4992.0,960.0,4.7923,58.78
355.205,measure,4992.0,960.0,4.7923,58.69
355.305,measure,4992.0,960.0,4.7923,58.59
355.405,measure,4992.0,960.0,4.7923,58.66
355.505,measure,4992.0,960.0,4.7923,58.66
355.605,measure,4992.0,960.0,4.7923,58.59
355.706,measure,4992.0,960.0,4.7923,58.62
355.806,measure,4992.0,960.0,4.7923,58.88
355.906,measure,4992.0,960.0,4.7923,58.88
356.006,measure,4992.0,960.0,4.7923,58.72
356.106,measure,4992.0,960.0,4.7923,58.75
356.206,measure,4992.0,960.0,4.7923,58.72
356.306,measure,4992.0,960.0,4.7923,58.59
356.407,measure,4992.0,968.0,4.8323,58.62
356.507,measure,4992.0,968.0,4.8323,58.59
356.607,measure,4992.0,968.0,4.8323,58.69
356.707,measure,4992.0,968.0,4.8323,58.62
356.807,measure,4992.0,968.0,4.8323,58.81
356.907,measure,4992.0,968.0,4.8323,58.88
357.007,measure,4992.0,968.0,4.8323,58.84
357.108,measure,4992.0,968.0,4.8323,58.62
357.208,measure,4992.0,968.0,4.8323,58.66
357.308,measure,4992.0,968.0,4.8323,58.56
357.408,measure,4992.0,968.0,4.8323,58.62
357.508,measure,4992.0,960.0,4.7923,58.69
357.608,measure,4992.0,960.0,4.7923,58.62
357.708,measure,4992.0,960.0,4.7923,58.88
357.808,measure,4992.0,960.0,4.7923,58.78
357.909,measure,4992.0,960.0,4.7923,58.78
358.009,measure,4992.0,960.0,4.7923,58.78
358.109,measure,4992.0,960.0,4.7923,58.69
358.209,measure,4992.0,960.0,4.7923,58.69
358.309,measure,4992.0,960.0,4.7923,58.50
358.409,measure,4992.0,960.0,4.7923,58.59
358.509,measure,4992.0,960.0,4.7923,58.62
358.610,measure,4992.0,960.0,4.7923,58.94
358.710,measure,4992.0,968.0,4.8323,58.78
358.810,measure,4992.0,968.0,4.8323,58.75
358.910,measure,4992.0,968.0,4.8323,58.66
359.010,measure,4992.0,968.0,4.8323,58.59
359.110,measure,4992.0,968.0,4.8323,58.72
359.210,measure,4992.0,968.0,4.8323,58.59
359.311,measure,4992.0,960.0,4.7923,58.66
359.411,measure,4992.0,960.0,4.7923,58.56
359.511,measure,4992.0,960.0,4.7923,58.78
359.611,measure,4992.0,960.0,4.7923,58.75
359.711,measure,4992.0,960.0,4.7923,58.72
359.811,measure,4992.0,960.0,4.7923,58.69
359.911,measure,4992.0,960.0,4.7923,58.59
360.012,measure,4992.0,960.0,4.7923,58.66
360.112,measure,4992.0,960.0,4.7923,58.69
360.212,measure,4992.0,960.0,4.7923,58.66
360.312,measure,4992.0,960.0,4.7923,58.59
